"Ticket";"Symbol";"Type";"Open price";"Close price";"Open time";"Close time";"Size";"Profit/Loss";"Stop Loss price level";"Profit Target price level";"Balance";"Slippage ($)";"Sample type";"Close type";"Time in trade";"Comm/Swap"
"1";"USTEC_ICM_UTC2";"Buy";"4251.6";"4232.6";"2015.01.02 17:30:00";"2015.01.02 22:55:00";"30.0";"-570.00";"4169.10010";"4334.10010";"49430.00";"0.00";"IST";"End Of Friday (Time)";"5h 25m";"-0.00"
"2";"USTEC_ICM_UTC2";"Buy";"4191.9";"4109.4";"2015.01.05 17:30:00";"2015.01.06 19:03:00";"30.0";"-2658.12";"4109.39990";"4274.39990";"46771.88";"0.00";"IST";"SL";"1d 1h 33m";"-183.12"
"3";"USTEC_ICM_UTC2";"Buy";"4114.8";"4197.3";"2015.01.06 19:45:00";"2015.01.08 03:48:00";"30.0";"2108.76";"4032.30005";"4197.29980";"48880.64";"0.00";"IST";"PT";"1d 8h 3m";"-366.24"
"4";"USTEC_ICM_UTC2";"Buy";"4238.0";"4216.9";"2015.01.08 18:15:00";"2015.01.09 22:55:00";"30.0";"-816.12";"4155.50000";"4320.50000";"48064.52";"0.00";"IST";"End Of Friday (Time)";"1d 4h 40m";"-183.12"
"5";"USTEC_ICM_UTC2";"Buy";"4194.0";"4111.5";"2015.01.12 16:45:00";"2015.01.14 15:36:00";"30.0";"-2841.24";"4111.50000";"4276.50000";"45223.28";"0.00";"IST";"SL";"1d 22h 51m";"-366.24"
"6";"USTEC_ICM_UTC2";"Buy";"4145.9";"4063.4";"2015.01.14 16:45:00";"2015.01.16 02:15:00";"30.0";"-2841.24";"4063.39990";"4228.39990";"42382.04";"0.00";"IST";"SL";"1d 9h 30m";"-366.24"
"7";"USTEC_ICM_UTC2";"Buy";"4079.0";"4141.0";"2015.01.16 17:15:00";"2015.01.16 22:55:00";"30.0";"1860.00";"3996.50000";"4161.50000";"44242.04";"0.00";"IST";"End Of Friday (Time)";"5h 40m";"-0.00"
"8";"USTEC_ICM_UTC2";"Buy";"4125.7";"4208.2";"2015.01.20 18:45:00";"2015.01.21 18:01:00";"30.0";"2291.88";"4043.19995";"4208.20020";"46533.92";"0.00";"IST";"PT";"23h 16m";"-183.12"
"9";"USTEC_ICM_UTC2";"Buy";"4207.9";"4290.4";"2015.01.21 18:15:00";"2015.01.23 20:43:00";"30.0";"2108.76";"4125.39990";"4290.39990";"48642.68";"0.00";"IST";"PT";"2d 2h 28m";"-366.24"
"10";"USTEC_ICM_UTC2";"Buy";"4289.9";"4273.9";"2015.01.23 20:45:00";"2015.01.23 22:55:00";"30.0";"-480.00";"4207.39990";"4372.39990";"48162.68";"0.00";"IST";"End Of Friday (Time)";"2h 10m";"-0.00"
"11";"USTEC_ICM_UTC2";"Buy";"4266.7";"4184.2";"2015.01.26 18:30:00";"2015.01.27 16:52:00";"30.0";"-2658.12";"4184.20020";"4349.20020";"45504.56";"0.00";"IST";"SL";"22h 22m";"-183.12"
"12";"USTEC_ICM_UTC2";"Buy";"4185.1";"4102.6";"2015.01.27 17:00:00";"2015.01.29 16:51:00";"30.0";"-2841.24";"4102.60010";"4267.60010";"42663.32";"0.00";"IST";"SL";"1d 23h 51m";"-366.24"
"13";"USTEC_ICM_UTC2";"Buy";"4123.7";"4211.0";"2015.01.29 17:00:00";"2015.01.30 01:00:00";"30.0";"2435.01";"4041.19995";"4206.20020";"45098.33";"0.00";"IST";"PT";"8h 0m";"-183.12"
"14";"USTEC_ICM_UTC2";"Buy";"4182.9";"4149.5";"2015.01.30 17:15:00";"2015.01.30 22:55:00";"30.0";"-1002.00";"4100.39990";"4265.39990";"44096.33";"0.00";"IST";"End Of Friday (Time)";"5h 40m";"-0.00"
"15";"USTEC_ICM_UTC2";"Buy";"4106.8";"4189.3";"2015.02.02 17:15:00";"2015.02.02 23:01:00";"30.0";"2475.00";"4024.30005";"4189.29980";"46571.33";"0.00";"IST";"PT";"5h 46m";"-0.00"
"16";"USTEC_ICM_UTC2";"Buy";"4189.5";"4224.7";"2015.02.03 18:15:00";"2015.02.06 22:55:00";"30.0";"506.64";"4107.00000";"4272.00000";"47077.97";"0.00";"IST";"End Of Friday (Time)";"3d 4h 40m";"-549.36"
"17";"USTEC_ICM_UTC2";"Buy";"4216.7";"4299.2";"2015.02.09 18:15:00";"2015.02.11 17:40:00";"30.0";"2108.76";"4134.20020";"4299.20020";"49186.73";"0.00";"IST";"PT";"1d 23h 25m";"-366.24"
"18";"USTEC_ICM_UTC2";"Buy";"4299.0";"4381.5";"2015.02.11 18:00:00";"2015.02.13 22:53:00";"30.0";"2108.76";"4216.50000";"4381.50000";"51295.49";"0.00";"IST";"PT";"2d 4h 53m";"-366.24"
"19";"USTEC_ICM_UTC2";"Buy";"4382.9";"4437.8";"2015.02.16 17:00:00";"2015.02.20 22:55:00";"30.0";"914.52";"4300.39990";"4465.39990";"52210.01";"0.00";"IST";"End Of Friday (Time)";"4d 5h 55m";"-732.48"
"20";"USTEC_ICM_UTC2";"Buy";"4439.8";"4437.8";"2015.02.23 18:15:00";"2015.02.27 22:55:00";"30.0";"-792.48";"4357.29980";"4522.29980";"51417.53";"0.00";"IST";"End Of Friday (Time)";"4d 4h 40m";"-732.48"
"21";"USTEC_ICM_UTC2";"Buy";"4469.7";"4395.5";"2015.03.02 18:15:00";"2015.03.06 22:55:00";"30.0";"-2958.48";"4387.20020";"4552.20020";"48459.05";"0.00";"IST";"End Of Friday (Time)";"4d 4h 40m";"-732.48"
"22";"USTEC_ICM_UTC2";"Buy";"4408.9";"4326.4";"2015.03.09 17:30:00";"2015.03.11 15:38:00";"30.0";"-2841.24";"4326.39990";"4491.39990";"45617.81";"0.00";"IST";"SL";"1d 22h 8m";"-366.24"
"23";"USTEC_ICM_UTC2";"Buy";"4332.6";"4312.7";"2015.03.11 17:30:00";"2015.03.13 22:55:00";"30.0";"-963.24";"4250.10010";"4415.10010";"44654.57";"0.00";"IST";"End Of Friday (Time)";"2d 5h 25m";"-366.24"
"24";"USTEC_ICM_UTC2";"Buy";"4350.0";"4432.5";"2015.03.16 16:45:00";"2015.03.18 21:12:00";"30.0";"2108.76";"4267.50000";"4432.50000";"46763.33";"0.00";"IST";"PT";"2d 4h 27m";"-366.24"
"25";"USTEC_ICM_UTC2";"Buy";"4431.1";"4454.6";"2015.03.18 21:30:00";"2015.03.20 22:55:00";"30.0";"338.76";"4348.60010";"4513.60010";"47102.09";"0.00";"IST";"End Of Friday (Time)";"2d 1h 25m";"-366.24"
"26";"USTEC_ICM_UTC2";"Buy";"4458.1";"4375.6";"2015.03.23 17:00:00";"2015.03.25 17:39:00";"30.0";"-2841.24";"4375.60010";"4540.60010";"44260.85";"0.00";"IST";"SL";"2d 0h 39m";"-366.24"
"27";"USTEC_ICM_UTC2";"Buy";"4372.5";"4290.0";"2015.03.25 17:45:00";"2015.03.26 11:00:00";"30.0";"-2658.12";"4290.00000";"4455.00000";"41602.73";"0.00";"IST";"SL";"17h 15m";"-183.12"
"28";"USTEC_ICM_UTC2";"Buy";"4296.1";"4332.9";"2015.03.26 16:30:00";"2015.03.27 22:55:00";"30.0";"920.88";"4213.60010";"4378.60010";"42523.61";"0.00";"IST";"End Of Friday (Time)";"1d 6h 25m";"-183.12"
"29";"USTEC_ICM_UTC2";"Buy";"4373.0";"4290.5";"2015.03.30 18:15:00";"2015.04.01 03:55:00";"30.0";"-2841.24";"4290.50000";"4455.50000";"39682.37";"0.00";"IST";"SL";"1d 9h 40m";"-366.24"
"30";"USTEC_ICM_UTC2";"Buy";"4304.3";"4386.8";"2015.04.01 18:45:00";"2015.04.09 00:14:00";"30.0";"1010.04";"4221.79980";"4386.79980";"40692.41";"0.00";"IST";"PT";"7d 5h 29m";"-1464.96"
"31";"USTEC_ICM_UTC2";"Buy";"4370.6";"4419.7";"2015.04.09 18:15:00";"2015.04.10 22:55:00";"30.0";"1289.88";"4288.10010";"4453.10010";"41982.29";"0.00";"IST";"End Of Friday (Time)";"1d 4h 40m";"-183.12"
"32";"USTEC_ICM_UTC2";"Buy";"4444.0";"4361.5";"2015.04.13 18:15:00";"2015.04.17 16:45:00";"30.0";"-3207.48";"4361.50000";"4526.50000";"38774.81";"0.00";"IST";"SL";"3d 22h 30m";"-732.48"
"33";"USTEC_ICM_UTC2";"Buy";"4356.1";"4350.7";"2015.04.17 18:30:00";"2015.04.17 22:55:00";"30.0";"-162.00";"4273.60010";"4438.60010";"38612.81";"0.00";"IST";"End Of Friday (Time)";"4h 25m";"-0.00"
"34";"USTEC_ICM_UTC2";"Buy";"4413.3";"4495.8";"2015.04.20 18:15:00";"2015.04.23 22:16:00";"30.0";"1925.64";"4330.79980";"4495.79980";"40538.45";"0.00";"IST";"PT";"3d 4h 1m";"-549.36"
"35";"USTEC_ICM_UTC2";"Buy";"4536.0";"4537.0";"2015.04.24 18:30:00";"2015.04.24 22:55:00";"30.0";"30.00";"4453.50000";"4618.50000";"40568.45";"0.00";"IST";"End Of Friday (Time)";"4h 25m";"-0.00"
"36";"USTEC_ICM_UTC2";"Buy";"4553.0";"4470.5";"2015.04.27 18:30:00";"2015.04.29 19:28:00";"30.0";"-2841.24";"4470.50000";"4635.50000";"37727.21";"0.00";"IST";"SL";"2d 0h 58m";"-366.24"
"37";"USTEC_ICM_UTC2";"Buy";"4471.8";"4475.5";"2015.04.29 19:30:00";"2015.05.01 22:55:00";"30.0";"-255.24";"4389.29980";"4554.29980";"37471.97";"0.00";"IST";"End Of Friday (Time)";"2d 3h 25m";"-366.24"
"38";"USTEC_ICM_UTC2";"Buy";"4495.9";"4413.4";"2015.05.04 18:15:00";"2015.05.05 20:20:00";"30.0";"-2658.12";"4413.39990";"4578.39990";"34813.85";"0.00";"IST";"SL";"1d 2h 5m";"-183.12"
"39";"USTEC_ICM_UTC2";"Buy";"4415.5";"4461.2";"2015.05.05 22:15:00";"2015.05.08 22:55:00";"30.0";"821.64";"4333.00000";"4498.00000";"35635.49";"0.00";"IST";"End Of Friday (Time)";"3d 0h 40m";"-549.36"
"40";"USTEC_ICM_UTC2";"Buy";"4456.5";"4490.9";"2015.05.11 20:30:00";"2015.05.15 22:55:00";"30.0";"299.52";"4374.00000";"4539.00000";"35935.01";"0.00";"IST";"End Of Friday (Time)";"4d 2h 25m";"-732.48"
"41";"USTEC_ICM_UTC2";"Buy";"4501.9";"4530.0";"2015.05.18 18:30:00";"2015.05.22 22:55:00";"30.0";"110.52";"4419.39990";"4584.39990";"36045.53";"0.00";"IST";"End Of Friday (Time)";"4d 4h 25m";"-732.48"
"42";"USTEC_ICM_UTC2";"Buy";"4479.9";"4511.9";"2015.05.26 17:45:00";"2015.05.29 22:55:00";"30.0";"410.64";"4397.39990";"4562.39990";"36456.17";"0.00";"IST";"End Of Friday (Time)";"3d 5h 10m";"-549.36"
"43";"USTEC_ICM_UTC2";"Buy";"4513.4";"4477.9";"2015.06.01 18:45:00";"2015.06.05 22:55:00";"30.0";"-1797.48";"4430.89990";"4595.89990";"34658.69";"0.00";"IST";"End Of Friday (Time)";"4d 4h 10m";"-732.48"
"44";"USTEC_ICM_UTC2";"Buy";"4453.8";"4455.0";"2015.06.08 18:30:00";"2015.06.12 22:55:00";"30.0";"-696.48";"4371.29980";"4536.29980";"33962.21";"0.00";"IST";"End Of Friday (Time)";"4d 4h 25m";"-732.48"
"45";"USTEC_ICM_UTC2";"Buy";"4417.0";"4499.5";"2015.06.15 18:30:00";"2015.06.18 16:45:00";"30.0";"1925.64";"4334.50000";"4499.50000";"35887.85";"0.00";"IST";"PT";"2d 22h 15m";"-549.36"
"46";"USTEC_ICM_UTC2";"Buy";"4528.0";"4517.5";"2015.06.18 18:00:00";"2015.06.19 22:55:00";"30.0";"-498.12";"4445.50000";"4610.50000";"35389.73";"0.00";"IST";"End Of Friday (Time)";"1d 4h 55m";"-183.12"
"47";"USTEC_ICM_UTC2";"Buy";"4557.0";"4474.5";"2015.06.22 18:30:00";"2015.06.26 19:55:00";"30.0";"-3207.48";"4474.50000";"4639.50000";"32182.25";"0.00";"IST";"SL";"4d 1h 25m";"-732.48"
"48";"USTEC_ICM_UTC2";"Buy";"4476.9";"4483.9";"2015.06.26 21:45:00";"2015.06.26 22:55:00";"30.0";"210.00";"4394.39990";"4559.39990";"32392.25";"0.00";"IST";"End Of Friday (Time)";"1h 10m";"-0.00"
"49";"USTEC_ICM_UTC2";"Buy";"4425.9";"4343.4";"2015.06.29 18:15:00";"2015.07.07 18:34:00";"30.0";"-3939.96";"4343.39990";"4508.39990";"28452.29";"0.00";"IST";"SL";"8d 0h 19m";"-1464.96"
"50";"USTEC_ICM_UTC2";"Buy";"4363.0";"4427.5";"2015.07.07 18:45:00";"2015.07.10 22:55:00";"30.0";"1385.64";"4280.50000";"4445.50000";"29837.93";"0.00";"IST";"End Of Friday (Time)";"3d 4h 10m";"-549.36"
"51";"USTEC_ICM_UTC2";"Buy";"4478.0";"4560.5";"2015.07.13 18:15:00";"2015.07.16 11:34:00";"30.0";"1925.64";"4395.50000";"4560.50000";"31763.57";"0.00";"IST";"PT";"2d 17h 19m";"-549.36"
"52";"USTEC_ICM_UTC2";"Buy";"4576.5";"4657.9";"2015.07.16 18:30:00";"2015.07.17 22:55:00";"30.0";"2258.88";"4494.00000";"4659.00000";"34022.45";"0.00";"IST";"End Of Friday (Time)";"1d 4h 25m";"-183.12"
"53";"USTEC_ICM_UTC2";"Buy";"4676.9";"4594.4";"2015.07.20 18:30:00";"2015.07.23 22:11:00";"30.0";"-3024.36";"4594.39990";"4759.39990";"30998.09";"0.00";"IST";"SL";"3d 3h 41m";"-549.36"
"54";"USTEC_ICM_UTC2";"Buy";"4594.5";"4562.0";"2015.07.23 22:15:00";"2015.07.24 22:55:00";"30.0";"-1158.12";"4512.00000";"4677.00000";"29839.97";"0.00";"IST";"End Of Friday (Time)";"1d 0h 40m";"-183.12"
"55";"USTEC_ICM_UTC2";"Buy";"4532.5";"4615.0";"2015.07.27 18:30:00";"2015.07.31 15:58:00";"30.0";"1742.52";"4450.00000";"4615.00000";"31582.49";"0.00";"IST";"PT";"3d 21h 28m";"-732.48"
"56";"USTEC_ICM_UTC2";"Buy";"4601.0";"4590.5";"2015.07.31 17:15:00";"2015.07.31 22:55:00";"30.0";"-315.00";"4518.50000";"4683.50000";"31267.49";"0.00";"IST";"End Of Friday (Time)";"5h 40m";"-0.00"
"57";"USTEC_ICM_UTC2";"Buy";"4599.0";"4516.5";"2015.08.03 18:30:00";"2015.08.06 18:36:00";"30.0";"-3024.36";"4516.50000";"4681.50000";"28243.13";"0.00";"IST";"SL";"3d 0h 6m";"-549.36"
"58";"USTEC_ICM_UTC2";"Buy";"4524.5";"4517.3";"2015.08.06 18:45:00";"2015.08.07 22:55:00";"30.0";"-399.12";"4442.00000";"4607.00000";"27844.01";"0.00";"IST";"End Of Friday (Time)";"1d 4h 10m";"-183.12"
"59";"USTEC_ICM_UTC2";"Buy";"4564.9";"4482.4";"2015.08.10 18:15:00";"2015.08.12 09:18:00";"30.0";"-2841.24";"4482.39990";"4647.39990";"25002.77";"0.00";"IST";"SL";"1d 15h 3m";"-366.24"
"60";"USTEC_ICM_UTC2";"Buy";"4471.4";"4553.9";"2015.08.12 18:30:00";"2015.08.13 09:03:00";"30.0";"2291.88";"4388.89990";"4553.89990";"27294.65";"0.00";"IST";"PT";"14h 33m";"-183.12"
"61";"USTEC_ICM_UTC2";"Buy";"4528.0";"4530.9";"2015.08.13 18:15:00";"2015.08.14 22:55:00";"30.0";"-96.12";"4445.50000";"4610.50000";"27198.53";"0.00";"IST";"End Of Friday (Time)";"1d 4h 40m";"-183.12"
"62";"USTEC_ICM_UTC2";"Buy";"4547.3";"4464.8";"2015.08.17 18:30:00";"2015.08.20 12:29:00";"30.0";"-3024.36";"4464.79980";"4629.79980";"24174.17";"0.00";"IST";"SL";"2d 17h 59m";"-549.36"
"63";"USTEC_ICM_UTC2";"Buy";"4447.9";"4339.0";"2015.08.20 17:15:00";"2015.08.21 09:00:00";"30.0";"-3450.48";"4365.39990";"4530.39990";"20723.69";"0.00";"IST";"SL";"15h 45m";"-183.12"
"64";"USTEC_ICM_UTC2";"Buy";"4283.0";"4210.9";"2015.08.21 18:15:00";"2015.08.21 22:55:00";"30.0";"-2163.00";"4200.50000";"4365.50000";"18560.69";"0.00";"IST";"End Of Friday (Time)";"4h 40m";"-0.00"
"65";"USTEC_ICM_UTC2";"Buy";"4107.5";"4190.0";"2015.08.24 18:00:00";"2015.08.24 19:12:00";"30.0";"2475.00";"4025.00000";"4190.00000";"21035.69";"0.00";"IST";"PT";"1h 12m";"-0.00"
"66";"USTEC_ICM_UTC2";"Buy";"4177.6";"4095.1";"2015.08.25 17:15:00";"2015.08.25 22:32:00";"30.0";"-2475.00";"4095.10010";"4260.10010";"18560.69";"0.00";"IST";"SL";"5h 17m";"-0.00"
"67";"USTEC_ICM_UTC2";"Buy";"4095.8";"4178.3";"2015.08.26 18:30:00";"2015.08.26 22:09:00";"30.0";"2475.00";"4013.30005";"4178.29980";"21035.69";"0.00";"IST";"PT";"3h 39m";"-0.00"
"68";"USTEC_ICM_UTC2";"Buy";"4311.0";"4321.0";"2015.08.27 18:15:00";"2015.08.28 22:55:00";"30.0";"116.88";"4228.50000";"4393.50000";"21152.57";"0.00";"IST";"End Of Friday (Time)";"1d 4h 40m";"-183.12"
"69";"USTEC_ICM_UTC2";"Buy";"4218.5";"4136.0";"2015.09.01 17:30:00";"2015.09.01 22:40:00";"30.0";"-2475.00";"4136.00000";"4301.00000";"18677.57";"0.00";"IST";"SL";"5h 10m";"-0.00"
"70";"USTEC_ICM_UTC2";"Buy";"4198.0";"4280.5";"2015.09.02 18:30:00";"2015.09.03 10:29:00";"30.0";"2291.88";"4115.50000";"4280.50000";"20969.45";"0.00";"IST";"PT";"15h 59m";"-183.12"
"71";"USTEC_ICM_UTC2";"Buy";"4293.0";"4195.2";"2015.09.03 18:15:00";"2015.09.04 09:00:00";"30.0";"-3117.27";"4210.50000";"4375.50000";"17852.18";"0.00";"IST";"SL";"14h 45m";"-183.12"
"72";"USTEC_ICM_UTC2";"Buy";"4188.5";"4196.0";"2015.09.04 18:15:00";"2015.09.04 22:55:00";"30.0";"225.00";"4106.00000";"4271.00000";"18077.18";"0.00";"IST";"End Of Friday (Time)";"4h 40m";"-0.00"
"73";"USTEC_ICM_UTC2";"Buy";"4260.6";"4346.4";"2015.09.08 18:15:00";"2015.09.09 09:00:00";"30.0";"2391.69";"4178.10010";"4343.10010";"20468.87";"0.00";"IST";"PT";"14h 45m";"-183.12"
"74";"USTEC_ICM_UTC2";"Buy";"4306.9";"4313.9";"2015.09.09 18:45:00";"2015.09.11 22:55:00";"30.0";"-156.24";"4224.39990";"4389.39990";"20312.63";"0.00";"IST";"End Of Friday (Time)";"2d 4h 10m";"-366.24"
"75";"USTEC_ICM_UTC2";"Buy";"4345.5";"4428.0";"2015.09.15 19:00:00";"2015.09.17 21:44:00";"30.0";"2108.76";"4263.00000";"4428.00000";"22421.39";"0.00";"IST";"PT";"2d 2h 44m";"-366.24"
"76";"USTEC_ICM_UTC2";"Buy";"4403.2";"4320.7";"2015.09.17 22:45:00";"2015.09.18 16:10:00";"30.0";"-2658.12";"4320.70020";"4485.70020";"19763.27";"0.00";"IST";"SL";"17h 25m";"-183.12"
"77";"USTEC_ICM_UTC2";"Buy";"4356.3";"4325.2";"2015.09.18 17:30:00";"2015.09.18 22:55:00";"30.0";"-933.00";"4273.79980";"4438.79980";"18830.27";"0.00";"IST";"End Of Friday (Time)";"5h 25m";"-0.00"
"78";"USTEC_ICM_UTC2";"Buy";"4368.0";"4285.5";"2015.09.21 18:15:00";"2015.09.22 11:51:00";"30.0";"-2658.12";"4285.50000";"4450.50000";"16172.15";"0.00";"IST";"SL";"17h 36m";"-183.12"
"79";"USTEC_ICM_UTC2";"Buy";"4254.0";"4225.1";"2015.09.22 18:15:00";"2015.09.25 22:55:00";"30.0";"-1416.36";"4171.50000";"4336.50000";"14755.79";"0.00";"IST";"End Of Friday (Time)";"3d 4h 40m";"-549.36"
"80";"USTEC_ICM_UTC2";"Buy";"4158.3";"4075.8";"2015.09.28 17:15:00";"2015.09.29 22:01:00";"30.0";"-2658.12";"4075.80005";"4240.79980";"12097.67";"0.00";"IST";"SL";"1d 4h 46m";"-183.12"
"81";"USTEC_ICM_UTC2";"Buy";"4166.1";"4248.6";"2015.09.30 18:15:00";"2015.10.02 22:18:00";"30.0";"2108.76";"4083.60010";"4248.60010";"14206.43";"0.00";"IST";"PT";"2d 4h 3m";"-366.24"
"82";"USTEC_ICM_UTC2";"Buy";"4258.0";"4263.1";"2015.10.02 22:45:00";"2015.10.02 22:55:00";"30.0";"153.00";"4175.50000";"4340.50000";"14359.43";"0.00";"IST";"End Of Friday (Time)";"10m 0s";"-0.00"
"83";"USTEC_ICM_UTC2";"Buy";"4300.5";"4366.8";"2015.10.05 18:45:00";"2015.10.09 22:55:00";"30.0";"1256.52";"4218.00000";"4383.00000";"15615.95";"0.00";"IST";"End Of Friday (Time)";"4d 4h 10m";"-732.48"
"84";"USTEC_ICM_UTC2";"Buy";"4387.3";"4434.3";"2015.10.12 18:45:00";"2015.10.16 22:55:00";"30.0";"677.52";"4304.79980";"4469.79980";"16293.47";"0.00";"IST";"End Of Friday (Time)";"4d 4h 10m";"-732.48"
"85";"USTEC_ICM_UTC2";"Buy";"4453.4";"4582.1";"2015.10.19 18:30:00";"2015.10.23 09:00:00";"30.0";"3129.24";"4370.89990";"4535.89990";"19422.71";"0.00";"IST";"PT";"3d 14h 30m";"-732.48"
"86";"USTEC_ICM_UTC2";"Buy";"4612.0";"4627.9";"2015.10.23 18:30:00";"2015.10.23 22:55:00";"30.0";"477.00";"4529.50000";"4694.50000";"19899.71";"0.00";"IST";"End Of Friday (Time)";"4h 25m";"-0.00"
"87";"USTEC_ICM_UTC2";"Buy";"4626.0";"4708.5";"2015.10.26 17:45:00";"2015.11.03 18:35:00";"30.0";"1010.04";"4543.50000";"4708.50000";"20909.75";"0.00";"IST";"PT";"8d 0h 50m";"-1464.96"
"88";"USTEC_ICM_UTC2";"Buy";"4713.6";"4701.5";"2015.11.03 18:45:00";"2015.11.06 22:55:00";"30.0";"-912.36";"4631.10010";"4796.10010";"19997.39";"0.00";"IST";"End Of Friday (Time)";"3d 4h 10m";"-549.36"
"89";"USTEC_ICM_UTC2";"Buy";"4632.3";"4549.8";"2015.11.09 18:30:00";"2015.11.13 17:06:00";"30.0";"-3207.48";"4549.79980";"4714.79980";"16789.91";"0.00";"IST";"SL";"3d 22h 36m";"-732.48"
"90";"USTEC_ICM_UTC2";"Buy";"4542.6";"4506.7";"2015.11.13 17:15:00";"2015.11.13 22:55:00";"30.0";"-1077.00";"4460.10010";"4625.10010";"15712.91";"0.00";"IST";"End Of Friday (Time)";"5h 40m";"-0.00"
"91";"USTEC_ICM_UTC2";"Buy";"4501.2";"4583.7";"2015.11.16 18:00:00";"2015.11.17 13:07:00";"30.0";"2291.88";"4418.70020";"4583.70020";"18004.79";"0.00";"IST";"PT";"19h 7m";"-183.12"
"92";"USTEC_ICM_UTC2";"Buy";"4582.0";"4664.5";"2015.11.17 18:15:00";"2015.11.19 09:58:00";"30.0";"2108.76";"4499.50000";"4664.50000";"20113.55";"0.00";"IST";"PT";"1d 15h 43m";"-366.24"
"93";"USTEC_ICM_UTC2";"Buy";"4664.8";"4682.7";"2015.11.19 19:15:00";"2015.11.20 22:55:00";"30.0";"353.88";"4582.29980";"4747.29980";"20467.43";"0.00";"IST";"End Of Friday (Time)";"1d 3h 40m";"-183.12"
"94";"USTEC_ICM_UTC2";"Buy";"4698.1";"4615.6";"2015.11.23 18:15:00";"2015.12.03 20:03:00";"30.0";"-4306.20";"4615.60010";"4780.60010";"16161.23";"0.00";"IST";"SL";"10d 1h 48m";"-1831.20"
"95";"USTEC_ICM_UTC2";"Buy";"4631.5";"4714.0";"2015.12.03 20:30:00";"2015.12.04 21:37:00";"30.0";"2291.88";"4549.00000";"4714.00000";"18453.11";"0.00";"IST";"PT";"1d 1h 7m";"-183.12"
"96";"USTEC_ICM_UTC2";"Buy";"4688.9";"4606.4";"2015.12.07 18:45:00";"2015.12.09 19:39:00";"30.0";"-2841.24";"4606.39990";"4771.39990";"15611.87";"0.00";"IST";"SL";"2d 0h 54m";"-366.24"
"97";"USTEC_ICM_UTC2";"Buy";"4601.9";"4536.0";"2015.12.09 20:30:00";"2015.12.11 22:55:00";"30.0";"-2343.24";"4519.39990";"4684.39990";"13268.63";"0.00";"IST";"End Of Friday (Time)";"2d 2h 25m";"-366.24"
"98";"USTEC_ICM_UTC2";"Buy";"4497.8";"4580.3";"2015.12.14 18:30:00";"2015.12.15 10:11:00";"30.0";"2291.88";"4415.29980";"4580.29980";"15560.51";"0.00";"IST";"PT";"15h 41m";"-183.12"
"99";"USTEC_ICM_UTC2";"Buy";"4629.9";"4547.4";"2015.12.15 17:15:00";"2015.12.18 17:41:00";"30.0";"-3024.36";"4547.39990";"4712.39990";"12536.15";"0.00";"IST";"SL";"3d 0h 26m";"-549.36"
"100";"USTEC_ICM_UTC2";"Buy";"4548.3";"4523.6";"2015.12.18 17:45:00";"2015.12.18 22:55:00";"30.0";"-741.00";"4465.79980";"4630.79980";"11795.15";"0.00";"IST";"End Of Friday (Time)";"5h 10m";"-0.00"
"101";"USTEC_ICM_UTC2";"Buy";"4630.9";"4547.9";"2015.12.24 18:15:00";"2016.01.04 09:00:00";"30.0";"-4503.63";"4548.39990";"4713.39990";"7291.52";"0.00";"IST";"SL";"10d 14h 45m";"-2014.32"
"102";"USTEC_ICM_UTC2";"Buy";"4453.7";"4371.2";"2016.01.04 18:30:00";"2016.01.07 09:40:00";"30.0";"-3024.36";"4371.20020";"4536.20020";"4267.16";"0.00";"IST";"SL";"2d 15h 10m";"-549.36"
"103";"USTEC_ICM_UTC2";"Buy";"4360.0";"4277.5";"2016.01.07 17:15:00";"2016.01.08 22:46:00";"30.0";"-2658.12";"4277.50000";"4442.50000";"1609.04";"0.00";"IST";"SL";"1d 5h 31m";"-183.12"
"104";"USTEC_ICM_UTC2";"Buy";"4267.9";"4350.4";"2016.01.11 18:45:00";"2016.01.12 16:45:00";"30.0";"2291.88";"4185.39990";"4350.39990";"3900.92";"0.00";"IST";"PT";"22h 0m";"-183.12"
"105";"USTEC_ICM_UTC2";"Buy";"4309.0";"4226.5";"2016.01.12 18:15:00";"2016.01.13 20:59:00";"30.0";"-2658.12";"4226.50000";"4391.50000";"1242.80";"0.00";"IST";"SL";"1d 2h 44m";"-183.12"
"106";"USTEC_ICM_UTC2";"Buy";"4220.8";"4138.3";"2016.01.13 21:30:00";"2016.01.14 16:59:00";"30.0";"-2658.12";"4138.29980";"4303.29980";"-1415.32";"0.00";"IST";"SL";"19h 29m";"-183.12"
"107";"USTEC_ICM_UTC2";"Buy";"4225.9";"4143.4";"2016.01.14 18:45:00";"2016.01.15 15:48:00";"30.0";"-2658.12";"4143.39990";"4308.39990";"-4073.44";"0.00";"IST";"SL";"21h 3m";"-183.12"
"108";"USTEC_ICM_UTC2";"Buy";"4136.9";"4141.0";"2016.01.15 18:00:00";"2016.01.15 22:55:00";"30.0";"123.00";"4054.39990";"4219.39990";"-3950.44";"0.00";"IST";"End Of Friday (Time)";"4h 55m";"-0.00"
"109";"USTEC_ICM_UTC2";"Buy";"4164.9";"4074.4";"2016.01.19 18:30:00";"2016.01.20 09:00:00";"30.0";"-2899.59";"4082.39990";"4247.39990";"-6850.03";"0.00";"IST";"SL";"14h 30m";"-183.12"
"110";"USTEC_ICM_UTC2";"Buy";"4036.5";"4119.0";"2016.01.20 18:45:00";"2016.01.20 22:06:00";"30.0";"2475.00";"3954.00000";"4119.00000";"-4375.03";"0.00";"IST";"PT";"3h 21m";"-0.00"
"111";"USTEC_ICM_UTC2";"Buy";"4157.8";"4240.3";"2016.01.21 18:00:00";"2016.01.22 17:00:00";"30.0";"2291.88";"4075.30005";"4240.29980";"-2083.15";"0.00";"IST";"PT";"23h 0m";"-183.12"
"112";"USTEC_ICM_UTC2";"Buy";"4243.8";"4258.3";"2016.01.22 20:00:00";"2016.01.22 22:55:00";"30.0";"435.00";"4161.29980";"4326.29980";"-1648.15";"0.00";"IST";"End Of Friday (Time)";"2h 55m";"-0.00"
"113";"USTEC_ICM_UTC2";"Buy";"4243.0";"4160.5";"2016.01.25 19:00:00";"2016.01.26 09:57:00";"30.0";"-2658.12";"4160.50000";"4325.50000";"-4306.27";"0.00";"IST";"SL";"14h 57m";"-183.12"
"114";"USTEC_ICM_UTC2";"Buy";"4186.3";"4268.8";"2016.01.27 18:30:00";"2016.01.29 22:50:00";"30.0";"2108.76";"4103.79980";"4268.79980";"-2197.51";"0.00";"IST";"PT";"2d 4h 20m";"-366.24"
"115";"USTEC_ICM_UTC2";"Buy";"4274.0";"4191.5";"2016.02.01 18:45:00";"2016.02.02 21:24:00";"30.0";"-2658.12";"4191.50000";"4356.50000";"-4855.63";"0.00";"IST";"SL";"1d 2h 39m";"-183.12"
"116";"USTEC_ICM_UTC2";"Buy";"4185.8";"4103.3";"2016.02.02 22:00:00";"2016.02.03 20:58:00";"30.0";"-2658.12";"4103.29980";"4268.29980";"-7513.75";"0.00";"IST";"SL";"22h 58m";"-183.12"
"117";"USTEC_ICM_UTC2";"Buy";"4163.5";"4081.0";"2016.02.03 21:30:00";"2016.02.05 17:28:00";"30.0";"-2841.24";"4081.00000";"4246.00000";"-10354.99";"0.00";"IST";"SL";"1d 19h 58m";"-366.24"
"118";"USTEC_ICM_UTC2";"Buy";"4080.4";"4007.7";"2016.02.05 17:30:00";"2016.02.05 22:55:00";"30.0";"-2181.00";"3997.89990";"4162.89990";"-12535.99";"0.00";"IST";"End Of Friday (Time)";"5h 25m";"-0.00"
"119";"USTEC_ICM_UTC2";"Buy";"3907.5";"3990.0";"2016.02.08 18:15:00";"2016.02.09 16:54:00";"30.0";"2291.88";"3825.00000";"3990.00000";"-10244.11";"0.00";"IST";"PT";"22h 39m";"-183.12"
"120";"USTEC_ICM_UTC2";"Buy";"3961.7";"4044.2";"2016.02.09 18:15:00";"2016.02.10 17:33:00";"30.0";"2291.88";"3879.19995";"4044.19995";"-7952.23";"0.00";"IST";"PT";"23h 18m";"-183.12"
"121";"USTEC_ICM_UTC2";"Buy";"4002.9";"3920.4";"2016.02.10 18:30:00";"2016.02.11 10:20:00";"30.0";"-2658.12";"3920.39990";"4085.39990";"-10610.35";"0.00";"IST";"SL";"15h 50m";"-183.12"
"122";"USTEC_ICM_UTC2";"Buy";"3910.2";"3992.7";"2016.02.11 18:15:00";"2016.02.12 10:13:00";"30.0";"2291.88";"3827.69995";"3992.69995";"-8318.47";"0.00";"IST";"PT";"15h 58m";"-183.12"
"123";"USTEC_ICM_UTC2";"Buy";"4012.6";"4016.7";"2016.02.12 19:45:00";"2016.02.12 22:55:00";"30.0";"123.00";"3930.10010";"4095.10010";"-8195.47";"0.00";"IST";"End Of Friday (Time)";"3h 10m";"-0.00"
"124";"USTEC_ICM_UTC2";"Buy";"4053.5";"4136.0";"2016.02.16 18:15:00";"2016.02.17 14:47:00";"30.0";"2291.88";"3971.00000";"4136.00000";"-5903.59";"0.00";"IST";"PT";"20h 32m";"-183.12"
"125";"USTEC_ICM_UTC2";"Buy";"4172.3";"4165.4";"2016.02.17 18:30:00";"2016.02.19 22:55:00";"30.0";"-573.24";"4089.80005";"4254.79980";"-6476.83";"0.00";"IST";"End Of Friday (Time)";"2d 4h 25m";"-366.24"
"126";"USTEC_ICM_UTC2";"Buy";"4219.4";"4136.9";"2016.02.22 18:15:00";"2016.02.24 11:21:00";"30.0";"-2841.24";"4136.89990";"4301.89990";"-9318.07";"0.00";"IST";"SL";"1d 17h 6m";"-366.24"
"127";"USTEC_ICM_UTC2";"Buy";"4126.5";"4209.0";"2016.02.24 18:45:00";"2016.02.25 10:02:00";"30.0";"2291.88";"4044.00000";"4209.00000";"-7026.19";"0.00";"IST";"PT";"15h 17m";"-183.12"
"128";"USTEC_ICM_UTC2";"Buy";"4198.1";"4280.6";"2016.02.25 18:30:00";"2016.02.26 10:40:00";"30.0";"2291.88";"4115.60010";"4280.60010";"-4734.31";"0.00";"IST";"PT";"16h 10m";"-183.12"
"129";"USTEC_ICM_UTC2";"Buy";"4243.6";"4239.1";"2016.02.26 18:30:00";"2016.02.26 22:55:00";"30.0";"-135.00";"4161.10010";"4326.10010";"-4869.31";"0.00";"IST";"End Of Friday (Time)";"4h 25m";"-0.00"
"130";"USTEC_ICM_UTC2";"Buy";"4248.5";"4331.0";"2016.02.29 18:15:00";"2016.03.01 22:59:00";"30.0";"2291.88";"4166.00000";"4331.00000";"-2577.43";"0.00";"IST";"PT";"1d 4h 44m";"-183.12"
"131";"USTEC_ICM_UTC2";"Buy";"4322.9";"4326.8";"2016.03.02 18:15:00";"2016.03.04 22:55:00";"30.0";"-249.24";"4240.39990";"4405.39990";"-2826.67";"0.00";"IST";"End Of Friday (Time)";"2d 4h 40m";"-366.24"
"132";"USTEC_ICM_UTC2";"Buy";"4311.0";"4357.7";"2016.03.07 18:15:00";"2016.03.11 22:55:00";"30.0";"668.52";"4228.50000";"4393.50000";"-2158.15";"0.00";"IST";"End Of Friday (Time)";"4d 4h 40m";"-732.48"
"133";"USTEC_ICM_UTC2";"Buy";"4368.5";"4451.0";"2016.03.14 18:15:00";"2016.03.29 20:21:00";"30.0";"-271.80";"4286.00000";"4451.00000";"-2429.95";"0.00";"IST";"PT";"15d 2h 6m";"-2746.80"
"134";"USTEC_ICM_UTC2";"Buy";"4452.7";"4526.5";"2016.03.29 21:00:00";"2016.04.01 22:55:00";"30.0";"1664.64";"4370.20020";"4535.20020";"-765.31";"0.00";"IST";"End Of Friday (Time)";"3d 1h 55m";"-549.36"
"135";"USTEC_ICM_UTC2";"Buy";"4506.7";"4469.5";"2016.04.04 18:15:00";"2016.04.08 22:55:00";"30.0";"-1848.48";"4424.20020";"4589.20020";"-2613.79";"0.00";"IST";"End Of Friday (Time)";"4d 4h 40m";"-732.48"
"136";"USTEC_ICM_UTC2";"Buy";"4498.3";"4542.9";"2016.04.11 18:30:00";"2016.04.15 22:55:00";"30.0";"605.52";"4415.79980";"4580.79980";"-2008.27";"0.00";"IST";"End Of Friday (Time)";"4d 4h 25m";"-732.48"
"137";"USTEC_ICM_UTC2";"Buy";"4561.6";"4479.1";"2016.04.18 18:15:00";"2016.04.22 16:30:00";"30.0";"-3207.48";"4479.10010";"4644.10010";"-5215.75";"0.00";"IST";"SL";"3d 22h 15m";"-732.48"
"138";"USTEC_ICM_UTC2";"Buy";"4446.0";"4473.7";"2016.04.22 18:00:00";"2016.04.22 22:55:00";"30.0";"831.00";"4363.50000";"4528.50000";"-4384.75";"0.00";"IST";"End Of Friday (Time)";"4h 55m";"-0.00"
"139";"USTEC_ICM_UTC2";"Buy";"4457.9";"4375.4";"2016.04.25 18:15:00";"2016.04.28 22:15:00";"30.0";"-3024.36";"4375.39990";"4540.39990";"-7409.11";"0.00";"IST";"SL";"3d 4h 0m";"-549.36"
"140";"USTEC_ICM_UTC2";"Buy";"4369.3";"4340.2";"2016.04.28 22:45:00";"2016.04.29 22:55:00";"30.0";"-1056.12";"4286.79980";"4451.79980";"-8465.23";"0.00";"IST";"End Of Friday (Time)";"1d 0h 10m";"-183.12"
"141";"USTEC_ICM_UTC2";"Buy";"4344.8";"4325.8";"2016.05.02 18:45:00";"2016.05.06 22:55:00";"30.0";"-1302.48";"4262.29980";"4427.29980";"-9767.71";"0.00";"IST";"End Of Friday (Time)";"4d 4h 10m";"-732.48"
"142";"USTEC_ICM_UTC2";"Buy";"4336.9";"4325.4";"2016.05.09 18:15:00";"2016.05.13 22:55:00";"30.0";"-1077.48";"4254.39990";"4419.39990";"-10845.19";"0.00";"IST";"End Of Friday (Time)";"4d 4h 40m";"-732.48"
"143";"USTEC_ICM_UTC2";"Buy";"4364.1";"4361.8";"2016.05.16 18:15:00";"2016.05.20 22:55:00";"30.0";"-801.48";"4281.60010";"4446.60010";"-11646.67";"0.00";"IST";"End Of Friday (Time)";"4d 4h 40m";"-732.48"
"144";"USTEC_ICM_UTC2";"Buy";"4377.3";"4459.8";"2016.05.23 18:15:00";"2016.05.25 09:21:00";"30.0";"2108.76";"4294.79980";"4459.79980";"-9537.91";"0.00";"IST";"PT";"1d 15h 6m";"-366.24"
"145";"USTEC_ICM_UTC2";"Buy";"4469.9";"4509.4";"2016.05.25 18:15:00";"2016.05.27 22:55:00";"30.0";"818.76";"4387.39990";"4552.39990";"-8719.15";"0.00";"IST";"End Of Friday (Time)";"2d 4h 40m";"-366.24"
"146";"USTEC_ICM_UTC2";"Buy";"4515.8";"4512.5";"2016.05.31 18:30:00";"2016.06.03 22:55:00";"30.0";"-648.36";"4433.29980";"4598.29980";"-9367.51";"0.00";"IST";"End Of Friday (Time)";"3d 4h 25m";"-549.36"
"147";"USTEC_ICM_UTC2";"Buy";"4530.1";"4447.6";"2016.06.06 18:15:00";"2016.06.10 22:10:00";"30.0";"-3207.48";"4447.60010";"4612.60010";"-12574.99";"0.00";"IST";"SL";"4d 3h 55m";"-732.48"
"148";"USTEC_ICM_UTC2";"Buy";"4454.6";"4458.3";"2016.06.10 22:45:00";"2016.06.10 22:55:00";"30.0";"111.00";"4372.10010";"4537.10010";"-12463.99";"0.00";"IST";"End Of Friday (Time)";"10m 0s";"-0.00"
"149";"USTEC_ICM_UTC2";"Buy";"4450.8";"4368.3";"2016.06.13 18:00:00";"2016.06.16 17:22:00";"30.0";"-3024.36";"4368.29980";"4533.29980";"-15488.35";"0.00";"IST";"SL";"2d 23h 22m";"-549.36"
"150";"USTEC_ICM_UTC2";"Buy";"4375.6";"4371.9";"2016.06.16 18:45:00";"2016.06.17 22:55:00";"30.0";"-294.12";"4293.10010";"4458.10010";"-15782.47";"0.00";"IST";"End Of Friday (Time)";"1d 4h 10m";"-183.12"
"151";"USTEC_ICM_UTC2";"Buy";"4443.9";"4254.8";"2016.06.20 18:15:00";"2016.06.24 09:00:00";"30.0";"-6406.35";"4361.39990";"4526.39990";"-22188.82";"0.00";"IST";"SL";"3d 14h 45m";"-732.48"
"152";"USTEC_ICM_UTC2";"Buy";"4354.5";"4307.6";"2016.06.24 16:45:00";"2016.06.24 22:55:00";"30.0";"-1407.00";"4272.00000";"4437.00000";"-23595.82";"0.00";"IST";"End Of Friday (Time)";"6h 10m";"-0.00"
"153";"USTEC_ICM_UTC2";"Buy";"4198.0";"4280.5";"2016.06.27 18:30:00";"2016.06.28 21:55:00";"30.0";"2291.88";"4115.50000";"4280.50000";"-21303.94";"0.00";"IST";"PT";"1d 3h 25m";"-183.12"
"154";"USTEC_ICM_UTC2";"Buy";"4346.7";"4429.2";"2016.06.29 18:15:00";"2016.07.01 16:37:00";"30.0";"2108.76";"4264.20020";"4429.20020";"-19195.18";"0.00";"IST";"PT";"1d 22h 22m";"-366.24"
"155";"USTEC_ICM_UTC2";"Buy";"4448.8";"4439.8";"2016.07.01 18:15:00";"2016.07.01 22:55:00";"30.0";"-270.00";"4366.29980";"4531.29980";"-19465.18";"0.00";"IST";"End Of Friday (Time)";"4h 40m";"-0.00"
"156";"USTEC_ICM_UTC2";"Buy";"4403.9";"4486.4";"2016.07.05 18:30:00";"2016.07.08 15:30:00";"30.0";"1925.64";"4321.39990";"4486.39990";"-17539.54";"0.00";"IST";"PT";"2d 21h 0m";"-549.36"
"157";"USTEC_ICM_UTC2";"Buy";"4514.2";"4527.2";"2016.07.08 18:00:00";"2016.07.08 22:55:00";"30.0";"390.00";"4431.70020";"4596.70020";"-17149.54";"0.00";"IST";"End Of Friday (Time)";"4h 55m";"-0.00"
"158";"USTEC_ICM_UTC2";"Buy";"4580.0";"4587.5";"2016.07.12 18:15:00";"2016.07.15 22:55:00";"30.0";"-324.36";"4497.50000";"4662.50000";"-17473.90";"0.00";"IST";"End Of Friday (Time)";"3d 4h 40m";"-549.36"
"159";"USTEC_ICM_UTC2";"Buy";"4624.7";"4663.1";"2016.07.18 18:30:00";"2016.07.22 22:55:00";"30.0";"419.52";"4542.20020";"4707.20020";"-17054.38";"0.00";"IST";"End Of Friday (Time)";"4d 4h 25m";"-732.48"
"160";"USTEC_ICM_UTC2";"Buy";"4658.5";"4741.0";"2016.07.25 18:15:00";"2016.07.29 18:38:00";"30.0";"1742.52";"4576.00000";"4741.00000";"-15311.86";"0.00";"IST";"PT";"4d 0h 23m";"-732.48"
"161";"USTEC_ICM_UTC2";"Buy";"4741.7";"4735.0";"2016.07.29 18:45:00";"2016.07.29 22:55:00";"30.0";"-201.00";"4659.20020";"4824.20020";"-15512.86";"0.00";"IST";"End Of Friday (Time)";"4h 10m";"-0.00"
"162";"USTEC_ICM_UTC2";"Buy";"4765.2";"4789.5";"2016.08.01 18:30:00";"2016.08.05 22:55:00";"30.0";"-3.48";"4682.70020";"4847.70020";"-15516.34";"0.00";"IST";"End Of Friday (Time)";"4d 4h 25m";"-732.48"
"163";"USTEC_ICM_UTC2";"Buy";"4780.0";"4804.8";"2016.08.08 18:45:00";"2016.08.12 22:55:00";"30.0";"11.52";"4697.50000";"4862.50000";"-15504.82";"0.00";"IST";"End Of Friday (Time)";"4d 4h 10m";"-732.48"
"164";"USTEC_ICM_UTC2";"Buy";"4834.4";"4805.5";"2016.08.15 18:15:00";"2016.08.19 22:55:00";"30.0";"-1599.48";"4751.89990";"4916.89990";"-17104.30";"0.00";"IST";"End Of Friday (Time)";"4d 4h 40m";"-732.48"
"165";"USTEC_ICM_UTC2";"Buy";"4794.4";"4780.7";"2016.08.22 18:30:00";"2016.08.26 22:55:00";"30.0";"-1143.48";"4711.89990";"4876.89990";"-18247.78";"0.00";"IST";"End Of Friday (Time)";"4d 4h 25m";"-732.48"
"166";"USTEC_ICM_UTC2";"Buy";"4792.6";"4796.7";"2016.08.29 18:15:00";"2016.09.02 22:55:00";"30.0";"-609.48";"4710.10010";"4875.10010";"-18857.26";"0.00";"IST";"End Of Friday (Time)";"4d 4h 40m";"-732.48"
"167";"USTEC_ICM_UTC2";"Buy";"4821.6";"4739.1";"2016.09.06 19:15:00";"2016.09.09 18:44:00";"30.0";"-3024.36";"4739.10010";"4904.10010";"-21881.62";"0.00";"IST";"SL";"2d 23h 29m";"-549.36"
"168";"USTEC_ICM_UTC2";"Buy";"4734.6";"4692.6";"2016.09.09 19:00:00";"2016.09.09 22:55:00";"30.0";"-1260.00";"4652.10010";"4817.10010";"-23141.62";"0.00";"IST";"End Of Friday (Time)";"3h 55m";"-0.00"
"169";"USTEC_ICM_UTC2";"Buy";"4656.9";"4739.4";"2016.09.12 16:30:00";"2016.09.12 19:54:00";"30.0";"2475.00";"4574.39990";"4739.39990";"-20666.62";"0.00";"IST";"PT";"3h 24m";"-0.00"
"170";"USTEC_ICM_UTC2";"Buy";"4714.2";"4796.7";"2016.09.13 18:15:00";"2016.09.15 18:00:00";"30.0";"2108.76";"4631.70020";"4796.70020";"-18557.86";"0.00";"IST";"PT";"1d 23h 45m";"-366.24"
"171";"USTEC_ICM_UTC2";"Buy";"4797.4";"4817.8";"2016.09.15 18:15:00";"2016.09.16 22:55:00";"30.0";"428.88";"4714.89990";"4879.89990";"-18128.98";"0.00";"IST";"End Of Friday (Time)";"1d 4h 40m";"-183.12"
"172";"USTEC_ICM_UTC2";"Buy";"4822.4";"4864.7";"2016.09.19 18:15:00";"2016.09.23 22:55:00";"30.0";"536.52";"4739.89990";"4904.89990";"-17592.46";"0.00";"IST";"End Of Friday (Time)";"4d 4h 40m";"-732.48"
"173";"USTEC_ICM_UTC2";"Buy";"4820.4";"4885.2";"2016.09.26 18:30:00";"2016.09.30 22:55:00";"30.0";"1211.52";"4737.89990";"4902.89990";"-16380.94";"0.00";"IST";"End Of Friday (Time)";"4d 4h 25m";"-732.48"
"174";"USTEC_ICM_UTC2";"Buy";"4860.2";"4867.2";"2016.10.03 18:45:00";"2016.10.07 22:55:00";"30.0";"-522.48";"4777.70020";"4942.70020";"-16903.42";"0.00";"IST";"End Of Friday (Time)";"4d 4h 10m";"-732.48"
"175";"USTEC_ICM_UTC2";"Buy";"4903.5";"4821.0";"2016.10.10 18:15:00";"2016.10.11 20:44:00";"30.0";"-2658.12";"4821.00000";"4986.00000";"-19561.54";"0.00";"IST";"SL";"1d 2h 29m";"-183.12"
"176";"USTEC_ICM_UTC2";"Buy";"4815.0";"4811.0";"2016.10.11 21:00:00";"2016.10.14 22:55:00";"30.0";"-669.36";"4732.50000";"4897.50000";"-20230.90";"0.00";"IST";"End Of Friday (Time)";"3d 1h 55m";"-549.36"
"177";"USTEC_ICM_UTC2";"Buy";"4807.5";"4851.5";"2016.10.17 18:45:00";"2016.10.21 22:55:00";"30.0";"587.52";"4725.00000";"4890.00000";"-19643.38";"0.00";"IST";"End Of Friday (Time)";"4d 4h 10m";"-732.48"
"178";"USTEC_ICM_UTC2";"Buy";"4897.2";"4814.7";"2016.10.24 19:30:00";"2016.10.28 09:31:00";"30.0";"-3207.48";"4814.70020";"4979.70020";"-22850.86";"0.00";"IST";"SL";"3d 14h 1m";"-732.48"
"179";"USTEC_ICM_UTC2";"Buy";"4841.1";"4802.8";"2016.10.28 18:15:00";"2016.10.28 22:55:00";"30.0";"-1149.00";"4758.60010";"4923.60010";"-23999.86";"0.00";"IST";"End Of Friday (Time)";"4h 40m";"-0.00"
"180";"USTEC_ICM_UTC2";"Buy";"4819.7";"4737.2";"2016.10.31 17:30:00";"2016.11.01 20:09:00";"30.0";"-2658.12";"4737.20020";"4902.20020";"-26657.98";"0.00";"IST";"SL";"1d 2h 39m";"-183.12"
"181";"USTEC_ICM_UTC2";"Buy";"4735.2";"4817.7";"2016.11.01 20:15:00";"2016.11.08 19:19:00";"30.0";"1193.16";"4652.70020";"4817.70020";"-25464.82";"0.00";"IST";"PT";"6d 23h 4m";"-1281.84"
"182";"USTEC_ICM_UTC2";"Buy";"4817.8";"4594.8";"2016.11.08 19:30:00";"2016.11.09 09:00:00";"30.0";"-6873.09";"4735.29980";"4900.29980";"-32337.91";"0.00";"IST";"SL";"13h 30m";"-183.12"
"183";"USTEC_ICM_UTC2";"Buy";"4770.7";"4854.5";"2016.11.09 17:15:00";"2016.11.10 09:00:00";"30.0";"2330.04";"4688.20020";"4853.20020";"-30007.87";"0.00";"IST";"PT";"15h 45m";"-183.12"
"184";"USTEC_ICM_UTC2";"Buy";"4724.4";"4754.0";"2016.11.10 18:15:00";"2016.11.11 22:55:00";"30.0";"704.88";"4641.89990";"4806.89990";"-29302.99";"0.00";"IST";"End Of Friday (Time)";"1d 4h 40m";"-183.12"
"185";"USTEC_ICM_UTC2";"Buy";"4699.7";"4782.2";"2016.11.14 18:45:00";"2016.11.16 17:34:00";"30.0";"2108.76";"4617.20020";"4782.20020";"-27194.23";"0.00";"IST";"PT";"1d 22h 49m";"-366.24"
"186";"USTEC_ICM_UTC2";"Buy";"4780.4";"4809.5";"2016.11.16 18:15:00";"2016.11.18 22:55:00";"30.0";"506.76";"4697.89990";"4862.89990";"-26687.47";"0.00";"IST";"End Of Friday (Time)";"2d 4h 40m";"-366.24"
"187";"USTEC_ICM_UTC2";"Buy";"4844.5";"4762.0";"2016.11.21 18:15:00";"2016.12.01 17:34:00";"30.0";"-4306.20";"4762.00000";"4927.00000";"-30993.67";"0.00";"IST";"SL";"9d 23h 19m";"-1831.20"
"188";"USTEC_ICM_UTC2";"Buy";"4756.4";"4736.6";"2016.12.01 18:30:00";"2016.12.02 22:55:00";"30.0";"-777.12";"4673.89990";"4838.89990";"-31770.79";"0.00";"IST";"End Of Friday (Time)";"1d 4h 25m";"-183.12"
"189";"USTEC_ICM_UTC2";"Buy";"4783.8";"4866.3";"2016.12.05 18:30:00";"2016.12.08 18:08:00";"30.0";"1925.64";"4701.29980";"4866.29980";"-29845.15";"0.00";"IST";"PT";"2d 23h 38m";"-549.36"
"190";"USTEC_ICM_UTC2";"Buy";"4865.7";"4891.8";"2016.12.08 18:15:00";"2016.12.09 22:55:00";"30.0";"599.88";"4783.20020";"4948.20020";"-29245.27";"0.00";"IST";"End Of Friday (Time)";"1d 4h 40m";"-183.12"
"191";"USTEC_ICM_UTC2";"Buy";"4868.5";"4951.0";"2016.12.12 18:30:00";"2016.12.13 18:25:00";"30.0";"2291.88";"4786.00000";"4951.00000";"-26953.39";"0.00";"IST";"PT";"23h 55m";"-183.12"
"192";"USTEC_ICM_UTC2";"Buy";"4947.1";"4915.4";"2016.12.13 21:45:00";"2016.12.16 22:55:00";"30.0";"-1500.36";"4864.60010";"5029.60010";"-28453.75";"0.00";"IST";"End Of Friday (Time)";"3d 1h 10m";"-549.36"
"193";"USTEC_ICM_UTC2";"Buy";"4959.1";"4937.4";"2016.12.19 18:15:00";"2016.12.23 22:55:00";"30.0";"-1383.48";"4876.60010";"5041.60010";"-29837.23";"0.00";"IST";"End Of Friday (Time)";"4d 4h 40m";"-732.48"
"194";"USTEC_ICM_UTC2";"Buy";"4980.6";"4898.1";"2016.12.27 18:15:00";"2016.12.30 16:56:00";"30.0";"-3024.36";"4898.10010";"5063.10010";"-32861.59";"0.00";"IST";"SL";"2d 22h 41m";"-549.36"
"195";"USTEC_ICM_UTC2";"Buy";"4883.3";"4853.4";"2016.12.30 18:45:00";"2016.12.30 22:55:00";"30.0";"-897.00";"4800.79980";"4965.79980";"-33758.59";"0.00";"IST";"End Of Friday (Time)";"4h 10m";"-0.00"
"196";"USTEC_ICM_UTC2";"Buy";"4900.9";"4983.4";"2017.01.03 18:15:00";"2017.01.06 17:05:00";"30.0";"1925.64";"4818.39990";"4983.39990";"-31832.95";"0.00";"IST";"PT";"2d 22h 50m";"-549.36"
"197";"USTEC_ICM_UTC2";"Buy";"4994.9";"5012.3";"2017.01.06 18:15:00";"2017.01.06 22:55:00";"30.0";"522.00";"4912.39990";"5077.39990";"-31310.95";"0.00";"IST";"End Of Friday (Time)";"4h 40m";"-0.00"
"198";"USTEC_ICM_UTC2";"Buy";"5021.9";"5057.8";"2017.01.09 18:15:00";"2017.01.13 22:55:00";"30.0";"344.52";"4939.39990";"5104.39990";"-30966.43";"0.00";"IST";"End Of Friday (Time)";"4d 4h 40m";"-732.48"
"199";"USTEC_ICM_UTC2";"Buy";"5047.7";"5057.9";"2017.01.17 18:30:00";"2017.01.20 22:55:00";"30.0";"-243.36";"4965.20020";"5130.20020";"-31209.79";"0.00";"IST";"End Of Friday (Time)";"3d 4h 25m";"-549.36"
"200";"USTEC_ICM_UTC2";"Buy";"5043.6";"5126.1";"2017.01.23 18:15:00";"2017.01.25 14:53:00";"30.0";"2108.76";"4961.10010";"5126.10010";"-29101.03";"0.00";"IST";"PT";"1d 20h 38m";"-366.24"
"201";"USTEC_ICM_UTC2";"Buy";"5141.0";"5163.8";"2017.01.25 18:00:00";"2017.01.27 22:55:00";"30.0";"317.76";"5058.50000";"5223.50000";"-28783.27";"0.00";"IST";"End Of Friday (Time)";"2d 4h 55m";"-366.24"
"202";"USTEC_ICM_UTC2";"Buy";"5111.8";"5160.6";"2017.01.30 18:30:00";"2017.02.03 22:55:00";"30.0";"731.52";"5029.29980";"5194.29980";"-28051.75";"0.00";"IST";"End Of Friday (Time)";"4d 4h 25m";"-732.48"
"203";"USTEC_ICM_UTC2";"Buy";"5161.3";"5226.6";"2017.02.06 18:15:00";"2017.02.10 22:55:00";"30.0";"1226.52";"5078.79980";"5243.79980";"-26825.23";"0.00";"IST";"End Of Friday (Time)";"4d 4h 40m";"-732.48"
"204";"USTEC_ICM_UTC2";"Buy";"5247.5";"5318.6";"2017.02.13 18:15:00";"2017.02.17 22:55:00";"30.0";"1400.52";"5165.00000";"5330.00000";"-25424.71";"0.00";"IST";"End Of Friday (Time)";"4d 4h 40m";"-732.48"
"205";"USTEC_ICM_UTC2";"Buy";"5334.7";"5339.0";"2017.02.20 18:00:00";"2017.02.24 22:55:00";"30.0";"-603.48";"5252.20020";"5417.20020";"-26028.19";"0.00";"IST";"End Of Friday (Time)";"4d 4h 55m";"-732.48"
"206";"USTEC_ICM_UTC2";"Buy";"5337.6";"5371.3";"2017.02.27 18:30:00";"2017.03.03 22:55:00";"30.0";"278.52";"5255.10010";"5420.10010";"-25749.67";"0.00";"IST";"End Of Friday (Time)";"4d 4h 25m";"-732.48"
"207";"USTEC_ICM_UTC2";"Buy";"5345.7";"5384.3";"2017.03.06 18:30:00";"2017.03.10 22:55:00";"30.0";"425.52";"5263.20020";"5428.20020";"-25324.15";"0.00";"IST";"End Of Friday (Time)";"4d 4h 25m";"-732.48"
"208";"USTEC_ICM_UTC2";"Buy";"5389.1";"5442.1";"2017.03.13 17:15:00";"2017.03.31 22:55:00";"30.0";"-1706.16";"5306.60010";"5471.60010";"-27030.31";"0.00";"IST";"End Of Friday (Time)";"18d 5h 40m";"-3296.16"
"209";"USTEC_ICM_UTC2";"Buy";"5416.2";"5420.4";"2017.04.03 18:15:00";"2017.04.07 22:55:00";"30.0";"-606.48";"5333.70020";"5498.70020";"-27636.79";"0.00";"IST";"End Of Friday (Time)";"4d 4h 40m";"-732.48"
"210";"USTEC_ICM_UTC2";"Buy";"5432.9";"5441.6";"2017.04.10 18:15:00";"2017.04.21 22:55:00";"30.0";"-1753.32";"5350.39990";"5515.39990";"-29390.11";"0.00";"IST";"End Of Friday (Time)";"11d 4h 40m";"-2014.32"
"211";"USTEC_ICM_UTC2";"Buy";"5500.8";"5589.0";"2017.04.24 18:15:00";"2017.04.28 09:00:00";"30.0";"1912.59";"5418.29980";"5583.29980";"-27477.52";"0.00";"IST";"PT";"3d 14h 45m";"-732.48"
"212";"USTEC_ICM_UTC2";"Buy";"5586.6";"5583.6";"2017.04.28 18:00:00";"2017.04.28 22:55:00";"30.0";"-90.00";"5504.10010";"5669.10010";"-27567.52";"0.00";"IST";"End Of Friday (Time)";"4h 55m";"-0.00"
"213";"USTEC_ICM_UTC2";"Buy";"5619.6";"5642.8";"2017.05.01 18:15:00";"2017.05.05 22:55:00";"30.0";"-36.48";"5537.10010";"5702.10010";"-27604.00";"0.00";"IST";"End Of Friday (Time)";"4d 4h 40m";"-732.48"
"214";"USTEC_ICM_UTC2";"Buy";"5643.7";"5682.1";"2017.05.08 19:15:00";"2017.05.12 22:55:00";"30.0";"419.52";"5561.20020";"5726.20020";"-27184.48";"0.00";"IST";"End Of Friday (Time)";"4d 3h 40m";"-732.48"
"215";"USTEC_ICM_UTC2";"Buy";"5702.9";"5620.4";"2017.05.15 18:15:00";"2017.05.17 18:03:00";"30.0";"-2841.24";"5620.39990";"5785.39990";"-30025.72";"0.00";"IST";"SL";"1d 23h 48m";"-366.24"
"216";"USTEC_ICM_UTC2";"Buy";"5634.1";"5551.6";"2017.05.17 18:15:00";"2017.05.18 12:53:00";"30.0";"-2658.12";"5551.60010";"5716.60010";"-32683.84";"0.00";"IST";"SL";"18h 38m";"-183.12"
"217";"USTEC_ICM_UTC2";"Buy";"5626.9";"5650.2";"2017.05.18 17:15:00";"2017.05.19 22:55:00";"30.0";"515.88";"5544.39990";"5709.39990";"-32167.96";"0.00";"IST";"End Of Friday (Time)";"1d 5h 40m";"-183.12"
"218";"USTEC_ICM_UTC2";"Buy";"5692.6";"5775.1";"2017.05.22 20:30:00";"2017.05.25 18:18:00";"30.0";"1925.64";"5610.10010";"5775.10010";"-30242.32";"0.00";"IST";"PT";"2d 21h 48m";"-549.36"
"219";"USTEC_ICM_UTC2";"Buy";"5775.2";"5786.3";"2017.05.25 18:30:00";"2017.05.26 22:55:00";"30.0";"149.88";"5692.70020";"5857.70020";"-30092.44";"0.00";"IST";"End Of Friday (Time)";"1d 4h 25m";"-183.12"
"220";"USTEC_ICM_UTC2";"Buy";"5795.3";"5877.8";"2017.05.30 19:15:00";"2017.06.02 22:24:00";"30.0";"1925.64";"5712.79980";"5877.79980";"-28166.80";"0.00";"IST";"PT";"3d 3h 9m";"-549.36"
"221";"USTEC_ICM_UTC2";"Buy";"5875.0";"5792.5";"2017.06.05 18:30:00";"2017.06.09 20:14:00";"30.0";"-3207.48";"5792.50000";"5957.50000";"-31374.28";"0.00";"IST";"SL";"4d 1h 44m";"-732.48"
"222";"USTEC_ICM_UTC2";"Buy";"5794.4";"5711.9";"2017.06.09 20:15:00";"2017.06.09 21:46:00";"30.0";"-2475.00";"5711.89990";"5876.89990";"-33849.28";"0.00";"IST";"SL";"1h 31m";"-0.00"
"223";"USTEC_ICM_UTC2";"Buy";"5689.7";"5772.2";"2017.06.12 16:30:00";"2017.06.14 15:43:00";"30.0";"2108.76";"5607.20020";"5772.20020";"-31740.52";"0.00";"IST";"PT";"1d 23h 13m";"-366.24"
"224";"USTEC_ICM_UTC2";"Buy";"5755.4";"5672.9";"2017.06.14 17:15:00";"2017.06.15 10:26:00";"30.0";"-2658.12";"5672.89990";"5837.89990";"-34398.64";"0.00";"IST";"SL";"17h 11m";"-183.12"
"225";"USTEC_ICM_UTC2";"Buy";"5652.1";"5678.8";"2017.06.15 17:15:00";"2017.06.16 22:55:00";"30.0";"617.88";"5569.60010";"5734.60010";"-33780.76";"0.00";"IST";"End Of Friday (Time)";"1d 5h 40m";"-183.12"
"226";"USTEC_ICM_UTC2";"Buy";"5757.7";"5802.2";"2017.06.19 18:45:00";"2017.06.23 22:55:00";"30.0";"602.52";"5675.20020";"5840.20020";"-33178.24";"0.00";"IST";"End Of Friday (Time)";"4d 4h 10m";"-732.48"
"227";"USTEC_ICM_UTC2";"Buy";"5783.1";"5700.6";"2017.06.26 18:15:00";"2017.06.27 20:38:00";"30.0";"-2658.12";"5700.60010";"5865.60010";"-35836.36";"0.00";"IST";"SL";"1d 2h 23m";"-183.12"
"228";"USTEC_ICM_UTC2";"Buy";"5701.9";"5619.4";"2017.06.27 21:30:00";"2017.06.29 20:10:00";"30.0";"-2841.24";"5619.39990";"5784.39990";"-38677.60";"0.00";"IST";"SL";"1d 22h 40m";"-366.24"
"229";"USTEC_ICM_UTC2";"Buy";"5620.9";"5660.1";"2017.06.29 20:15:00";"2017.06.30 22:55:00";"30.0";"992.88";"5538.39990";"5703.39990";"-37684.72";"0.00";"IST";"End Of Friday (Time)";"1d 2h 40m";"-183.12"
"230";"USTEC_ICM_UTC2";"Buy";"5623.9";"5658.4";"2017.07.03 18:30:00";"2017.07.07 22:55:00";"30.0";"302.52";"5541.39990";"5706.39990";"-37382.20";"0.00";"IST";"End Of Friday (Time)";"4d 4h 25m";"-732.48"
"231";"USTEC_ICM_UTC2";"Buy";"5682.9";"5765.4";"2017.07.10 18:15:00";"2017.07.12 17:27:00";"30.0";"2108.76";"5600.39990";"5765.39990";"-35273.44";"0.00";"IST";"PT";"1d 23h 12m";"-366.24"
"232";"USTEC_ICM_UTC2";"Buy";"5764.9";"5837.9";"2017.07.12 19:00:00";"2017.07.14 22:55:00";"30.0";"1823.76";"5682.39990";"5847.39990";"-33449.68";"0.00";"IST";"End Of Friday (Time)";"2d 3h 55m";"-366.24"
"233";"USTEC_ICM_UTC2";"Buy";"5838.1";"5920.6";"2017.07.17 18:15:00";"2017.07.19 20:11:00";"30.0";"2108.76";"5755.60010";"5920.60010";"-31340.92";"0.00";"IST";"PT";"2d 1h 56m";"-366.24"
"234";"USTEC_ICM_UTC2";"Buy";"5903.1";"5915.5";"2017.07.20 17:45:00";"2017.07.21 22:55:00";"30.0";"188.88";"5820.60010";"5985.60010";"-31152.04";"0.00";"IST";"End Of Friday (Time)";"1d 5h 10m";"-183.12"
"235";"USTEC_ICM_UTC2";"Buy";"5919.5";"5908.5";"2017.07.25 18:00:00";"2017.07.28 22:55:00";"30.0";"-879.36";"5837.00000";"6002.00000";"-32031.40";"0.00";"IST";"End Of Friday (Time)";"3d 4h 55m";"-549.36"
"236";"USTEC_ICM_UTC2";"Buy";"5883.1";"5893.5";"2017.07.31 18:15:00";"2017.08.04 22:55:00";"30.0";"-420.48";"5800.60010";"5965.60010";"-32451.88";"0.00";"IST";"End Of Friday (Time)";"4d 4h 40m";"-732.48"
"237";"USTEC_ICM_UTC2";"Buy";"5926.2";"5843.7";"2017.08.07 18:30:00";"2017.08.10 17:03:00";"30.0";"-3024.36";"5843.70020";"6008.70020";"-35476.24";"0.00";"IST";"SL";"2d 22h 33m";"-549.36"
"238";"USTEC_ICM_UTC2";"Buy";"5842.4";"5759.9";"2017.08.10 18:30:00";"2017.08.11 11:30:00";"30.0";"-2658.12";"5759.89990";"5924.89990";"-38134.36";"0.00";"IST";"SL";"17h 0m";"-183.12"
"239";"USTEC_ICM_UTC2";"Buy";"5807.0";"5830.1";"2017.08.11 17:00:00";"2017.08.11 22:55:00";"30.0";"693.00";"5724.50000";"5889.50000";"-37441.36";"0.00";"IST";"End Of Friday (Time)";"5h 55m";"-0.00"
"240";"USTEC_ICM_UTC2";"Buy";"5899.5";"5817.0";"2017.08.14 18:00:00";"2017.08.17 20:15:00";"30.0";"-3024.36";"5817.00000";"5982.00000";"-40465.72";"0.00";"IST";"SL";"3d 2h 15m";"-549.36"
"241";"USTEC_ICM_UTC2";"Buy";"5833.4";"5793.9";"2017.08.17 21:00:00";"2017.08.18 22:55:00";"30.0";"-1368.12";"5750.89990";"5915.89990";"-41833.84";"0.00";"IST";"End Of Friday (Time)";"1d 1h 55m";"-183.12"
"242";"USTEC_ICM_UTC2";"Buy";"5770.9";"5853.4";"2017.08.21 18:15:00";"2017.08.22 17:54:00";"30.0";"2291.88";"5688.39990";"5853.39990";"-39541.96";"0.00";"IST";"PT";"23h 39m";"-183.12"
"243";"USTEC_ICM_UTC2";"Buy";"5857.0";"5826.6";"2017.08.22 18:15:00";"2017.08.25 22:55:00";"30.0";"-1461.36";"5774.50000";"5939.50000";"-41003.32";"0.00";"IST";"End Of Friday (Time)";"3d 4h 40m";"-549.36"
"244";"USTEC_ICM_UTC2";"Buy";"5846.1";"5928.6";"2017.08.28 18:45:00";"2017.08.30 20:28:00";"30.0";"2108.76";"5763.60010";"5928.60010";"-38894.56";"0.00";"IST";"PT";"2d 1h 43m";"-366.24"
"245";"USTEC_ICM_UTC2";"Buy";"5969.2";"5990.4";"2017.08.31 18:15:00";"2017.09.01 22:55:00";"30.0";"452.88";"5886.70020";"6051.70020";"-38441.68";"0.00";"IST";"End Of Friday (Time)";"1d 4h 40m";"-183.12"
"246";"USTEC_ICM_UTC2";"Buy";"5945.1";"5910.5";"2017.09.05 18:30:00";"2017.09.08 22:55:00";"30.0";"-1587.36";"5862.60010";"6027.60010";"-40029.04";"0.00";"IST";"End Of Friday (Time)";"3d 4h 25m";"-549.36"
"247";"USTEC_ICM_UTC2";"Buy";"5968.7";"5987.0";"2017.09.11 18:15:00";"2017.09.15 22:55:00";"30.0";"-183.48";"5886.20020";"6051.20020";"-40212.52";"0.00";"IST";"End Of Friday (Time)";"4d 4h 40m";"-732.48"
"248";"USTEC_ICM_UTC2";"Buy";"6008.8";"5926.3";"2017.09.18 18:15:00";"2017.09.20 21:36:00";"30.0";"-2841.24";"5926.29980";"6091.29980";"-43053.76";"0.00";"IST";"SL";"2d 3h 21m";"-366.24"
"249";"USTEC_ICM_UTC2";"Buy";"5944.2";"5934.2";"2017.09.21 18:30:00";"2017.09.22 22:55:00";"30.0";"-483.12";"5861.70020";"6026.70020";"-43536.88";"0.00";"IST";"End Of Friday (Time)";"1d 4h 25m";"-183.12"
"250";"USTEC_ICM_UTC2";"Buy";"5869.9";"5952.4";"2017.09.25 18:30:00";"2017.09.27 22:09:00";"30.0";"2108.76";"5787.39990";"5952.39990";"-41428.12";"0.00";"IST";"PT";"2d 3h 39m";"-366.24"
"251";"USTEC_ICM_UTC2";"Buy";"5954.0";"5977.9";"2017.09.27 22:30:00";"2017.09.29 22:55:00";"30.0";"350.76";"5871.50000";"6036.50000";"-41077.36";"0.00";"IST";"End Of Friday (Time)";"2d 0h 25m";"-366.24"
"252";"USTEC_ICM_UTC2";"Buy";"5997.4";"6062.3";"2017.10.02 18:15:00";"2017.10.06 22:55:00";"30.0";"1214.52";"5914.89990";"6079.89990";"-39862.84";"0.00";"IST";"End Of Friday (Time)";"4d 4h 40m";"-732.48"
"253";"USTEC_ICM_UTC2";"Buy";"6070.4";"6091.6";"2017.10.09 18:30:00";"2017.10.13 22:55:00";"30.0";"-96.48";"5987.89990";"6152.89990";"-39959.32";"0.00";"IST";"End Of Friday (Time)";"4d 4h 25m";"-732.48"
"254";"USTEC_ICM_UTC2";"Buy";"6106.5";"6100.8";"2017.10.16 18:15:00";"2017.10.20 22:55:00";"30.0";"-903.48";"6024.00000";"6189.00000";"-40862.80";"0.00";"IST";"End Of Friday (Time)";"4d 4h 40m";"-732.48"
"255";"USTEC_ICM_UTC2";"Buy";"6094.0";"6011.5";"2017.10.23 18:30:00";"2017.10.25 19:29:00";"30.0";"-2841.24";"6011.50000";"6176.50000";"-43704.04";"0.00";"IST";"SL";"2d 0h 59m";"-366.24"
"256";"USTEC_ICM_UTC2";"Buy";"6013.0";"6097.8";"2017.10.25 19:30:00";"2017.10.27 09:05:00";"30.0";"2176.83";"5930.50000";"6095.50000";"-41527.21";"0.00";"IST";"PT";"1d 13h 35m";"-366.24"
"257";"USTEC_ICM_UTC2";"Buy";"6175.4";"6216.9";"2017.10.27 18:15:00";"2017.10.27 22:55:00";"30.0";"1245.00";"6092.89990";"6257.89990";"-40282.21";"0.00";"IST";"End Of Friday (Time)";"4h 40m";"-0.00"
"258";"USTEC_ICM_UTC2";"Buy";"6234.9";"6327.9";"2017.10.30 17:15:00";"2017.11.07 09:05:00";"30.0";"1324.11";"6152.39990";"6317.39990";"-38958.10";"0.00";"IST";"PT";"7d 15h 50m";"-1464.96"
"259";"USTEC_ICM_UTC2";"Buy";"6315.9";"6309.6";"2017.11.07 18:15:00";"2017.11.10 22:55:00";"30.0";"-738.36";"6233.39990";"6398.39990";"-39696.46";"0.00";"IST";"End Of Friday (Time)";"3d 4h 40m";"-549.36"
"260";"USTEC_ICM_UTC2";"Buy";"6314.0";"6231.5";"2017.11.13 18:15:00";"2017.11.15 16:39:00";"30.0";"-2841.24";"6231.50000";"6396.50000";"-42537.70";"0.00";"IST";"SL";"1d 22h 24m";"-366.24"
"261";"USTEC_ICM_UTC2";"Buy";"6254.1";"6336.6";"2017.11.15 17:30:00";"2017.11.16 19:03:00";"30.0";"2291.88";"6171.60010";"6336.60010";"-40245.82";"0.00";"IST";"PT";"1d 1h 33m";"-183.12"
"262";"USTEC_ICM_UTC2";"Buy";"6332.1";"6315.6";"2017.11.17 18:30:00";"2017.11.17 22:55:00";"30.0";"-495.00";"6249.60010";"6414.60010";"-40740.82";"0.00";"IST";"End Of Friday (Time)";"4h 25m";"-0.00"
"263";"USTEC_ICM_UTC2";"Buy";"6313.7";"6396.2";"2017.11.20 19:00:00";"2017.11.24 15:24:00";"30.0";"1742.52";"6231.20020";"6396.20020";"-38998.30";"0.00";"IST";"PT";"3d 20h 24m";"-732.48"
"264";"USTEC_ICM_UTC2";"Buy";"6406.1";"6323.6";"2017.11.24 18:15:00";"2017.11.29 17:23:00";"30.0";"-3390.60";"6323.60010";"6488.60010";"-42388.90";"0.00";"IST";"SL";"4d 23h 8m";"-915.60"
"265";"USTEC_ICM_UTC2";"Buy";"6301.6";"6337.8";"2017.11.29 18:45:00";"2017.12.01 22:55:00";"30.0";"719.76";"6219.10010";"6384.10010";"-41669.14";"0.00";"IST";"End Of Friday (Time)";"2d 4h 10m";"-366.24"
"266";"USTEC_ICM_UTC2";"Buy";"6296.9";"6339.2";"2017.12.04 19:00:00";"2017.12.08 22:55:00";"30.0";"536.52";"6214.39990";"6379.39990";"-41132.62";"0.00";"IST";"End Of Friday (Time)";"4d 3h 55m";"-732.48"
"267";"USTEC_ICM_UTC2";"Buy";"6362.7";"6445.2";"2017.12.11 18:15:00";"2017.12.15 18:59:00";"30.0";"1742.52";"6280.20020";"6445.20020";"-39390.10";"0.00";"IST";"PT";"4d 0h 44m";"-732.48"
"268";"USTEC_ICM_UTC2";"Buy";"6507.3";"6467.4";"2017.12.18 18:15:00";"2017.12.22 22:55:00";"30.0";"-1929.48";"6424.79980";"6589.79980";"-41319.58";"0.00";"IST";"End Of Friday (Time)";"4d 4h 40m";"-732.48"
"269";"USTEC_ICM_UTC2";"Buy";"6426.1";"6399.3";"2017.12.26 18:00:00";"2017.12.29 22:55:00";"30.0";"-1353.36";"6343.60010";"6508.60010";"-42672.94";"0.00";"IST";"End Of Friday (Time)";"3d 4h 55m";"-549.36"
"270";"USTEC_ICM_UTC2";"Buy";"6487.4";"6569.9";"2018.01.02 17:45:00";"2018.01.03 19:33:00";"30.0";"2291.88";"6404.89990";"6569.89990";"-40381.06";"0.00";"IST";"PT";"1d 1h 48m";"-183.12"
"271";"USTEC_ICM_UTC2";"Buy";"6565.4";"6647.9";"2018.01.03 21:00:00";"2018.01.05 22:48:00";"30.0";"2108.76";"6482.89990";"6647.89990";"-38272.30";"0.00";"IST";"PT";"2d 1h 48m";"-366.24"
"272";"USTEC_ICM_UTC2";"Buy";"6676.3";"6758.8";"2018.01.08 18:15:00";"2018.01.12 21:18:00";"30.0";"1742.52";"6593.79980";"6758.79980";"-36529.78";"0.00";"IST";"PT";"4d 3h 3m";"-732.48"
"273";"USTEC_ICM_UTC2";"Buy";"6805.1";"6722.6";"2018.01.16 18:00:00";"2018.01.16 21:46:00";"30.0";"-2475.00";"6722.60010";"6887.60010";"-39004.78";"0.00";"IST";"SL";"3h 46m";"-0.00"
"274";"USTEC_ICM_UTC2";"Buy";"6776.9";"6831.0";"2018.01.17 18:30:00";"2018.01.19 22:55:00";"30.0";"1256.76";"6694.39990";"6859.39990";"-37748.02";"0.00";"IST";"End Of Friday (Time)";"2d 4h 25m";"-366.24"
"275";"USTEC_ICM_UTC2";"Buy";"6872.0";"6954.5";"2018.01.22 18:15:00";"2018.01.23 17:13:00";"30.0";"2291.88";"6789.50000";"6954.50000";"-35456.14";"0.00";"IST";"PT";"22h 58m";"-183.12"
"276";"USTEC_ICM_UTC2";"Buy";"6962.9";"6880.4";"2018.01.23 18:00:00";"2018.01.24 20:18:00";"30.0";"-2658.12";"6880.39990";"7045.39990";"-38114.26";"0.00";"IST";"SL";"1d 2h 18m";"-183.12"
"277";"USTEC_ICM_UTC2";"Buy";"6904.6";"6987.1";"2018.01.24 20:30:00";"2018.01.26 21:02:00";"30.0";"2108.76";"6822.10010";"6987.10010";"-36005.50";"0.00";"IST";"PT";"2d 0h 32m";"-366.24"
"278";"USTEC_ICM_UTC2";"Buy";"6984.1";"6901.6";"2018.01.29 18:00:00";"2018.01.30 16:30:00";"30.0";"-2658.12";"6901.60010";"7066.60010";"-38663.62";"0.00";"IST";"SL";"22h 30m";"-183.12"
"279";"USTEC_ICM_UTC2";"Buy";"6920.2";"6837.7";"2018.01.30 17:45:00";"2018.02.02 13:43:00";"30.0";"-3024.36";"6837.70020";"7002.70020";"-41687.98";"0.00";"IST";"SL";"2d 19h 58m";"-549.36"
"280";"USTEC_ICM_UTC2";"Buy";"6829.2";"6746.7";"2018.02.02 17:15:00";"2018.02.05 09:23:00";"30.0";"-3024.36";"6746.70020";"6911.70020";"-44712.34";"0.00";"IST";"SL";"2d 16h 8m";"-549.36"
"281";"USTEC_ICM_UTC2";"Buy";"6740.3";"6657.8";"2018.02.05 17:00:00";"2018.02.05 21:48:00";"30.0";"-2475.00";"6657.79980";"6822.79980";"-47187.34";"0.00";"IST";"SL";"4h 48m";"-0.00"
"282";"USTEC_ICM_UTC2";"Buy";"6525.1";"6442.6";"2018.02.06 17:15:00";"2018.02.06 17:35:00";"30.0";"-2475.00";"6442.60010";"6607.60010";"-49662.34";"0.00";"IST";"SL";"20m 0s";"-0.00"
"283";"USTEC_ICM_UTC2";"Buy";"6698.9";"6616.4";"2018.02.07 18:30:00";"2018.02.07 20:06:00";"30.0";"-2475.00";"6616.39990";"6781.39990";"-52137.34";"0.00";"IST";"SL";"1h 36m";"-0.00"
"284";"USTEC_ICM_UTC2";"Buy";"6468.8";"6386.3";"2018.02.08 18:30:00";"2018.02.08 22:37:00";"30.0";"-2475.00";"6386.29980";"6551.29980";"-54612.34";"0.00";"IST";"SL";"4h 7m";"-0.00"
"285";"USTEC_ICM_UTC2";"Buy";"6382.7";"6300.2";"2018.02.09 17:30:00";"2018.02.09 17:47:00";"30.0";"-2475.00";"6300.20020";"6465.20020";"-57087.34";"0.00";"IST";"SL";"17m 0s";"-0.00"
"286";"USTEC_ICM_UTC2";"Buy";"6473.2";"6555.7";"2018.02.12 18:00:00";"2018.02.12 22:13:00";"30.0";"2475.00";"6390.70020";"6555.70020";"-54612.34";"0.00";"IST";"PT";"4h 13m";"-0.00"
"287";"USTEC_ICM_UTC2";"Buy";"6602.1";"6684.6";"2018.02.14 17:30:00";"2018.02.14 22:47:00";"30.0";"2475.00";"6519.60010";"6684.60010";"-52137.34";"0.00";"IST";"PT";"5h 17m";"-0.00"
"288";"USTEC_ICM_UTC2";"Buy";"6730.7";"6826.4";"2018.02.15 18:30:00";"2018.02.16 09:05:00";"30.0";"2686.68";"6648.20020";"6813.20020";"-49450.66";"0.00";"IST";"PT";"14h 35m";"-183.12"
"289";"USTEC_ICM_UTC2";"Buy";"6809.6";"6785.2";"2018.02.16 18:00:00";"2018.02.16 22:55:00";"30.0";"-732.00";"6727.10010";"6892.10010";"-50182.66";"0.00";"IST";"End Of Friday (Time)";"4h 55m";"-0.00"
"290";"USTEC_ICM_UTC2";"Buy";"6804.4";"6721.9";"2018.02.20 18:15:00";"2018.02.22 09:10:00";"30.0";"-2841.24";"6721.89990";"6886.89990";"-53023.90";"0.00";"IST";"SL";"1d 14h 55m";"-366.24"
"291";"USTEC_ICM_UTC2";"Buy";"6818.5";"6888.3";"2018.02.22 18:15:00";"2018.02.23 22:55:00";"30.0";"1910.88";"6736.00000";"6901.00000";"-51113.02";"0.00";"IST";"End Of Friday (Time)";"1d 4h 40m";"-183.12"
"292";"USTEC_ICM_UTC2";"Buy";"6936.9";"6854.4";"2018.02.27 18:45:00";"2018.03.01 11:43:00";"30.0";"-2841.24";"6854.39990";"7019.39990";"-53954.26";"0.00";"IST";"SL";"1d 16h 58m";"-366.24"
"293";"USTEC_ICM_UTC2";"Buy";"6833.9";"6751.4";"2018.03.01 17:15:00";"2018.03.01 20:44:00";"30.0";"-2475.00";"6751.39990";"6916.39990";"-56429.26";"0.00";"IST";"SL";"3h 29m";"-0.00"
"294";"USTEC_ICM_UTC2";"Buy";"6683.8";"6766.3";"2018.03.02 17:30:00";"2018.03.02 19:48:00";"30.0";"2475.00";"6601.29980";"6766.29980";"-53954.26";"0.00";"IST";"PT";"2h 18m";"-0.00"
"295";"USTEC_ICM_UTC2";"Buy";"6826.6";"6909.1";"2018.03.05 18:15:00";"2018.03.06 13:08:00";"30.0";"2291.88";"6744.10010";"6909.10010";"-51662.38";"0.00";"IST";"PT";"18h 53m";"-183.12"
"296";"USTEC_ICM_UTC2";"Buy";"6878.7";"6961.2";"2018.03.06 18:30:00";"2018.03.08 14:24:00";"30.0";"2108.76";"6796.20020";"6961.20020";"-49553.62";"0.00";"IST";"PT";"1d 19h 54m";"-366.24"
"297";"USTEC_ICM_UTC2";"Buy";"6966.3";"7048.8";"2018.03.08 18:15:00";"2018.03.09 17:38:00";"30.0";"2291.88";"6883.79980";"7048.79980";"-47261.74";"0.00";"IST";"PT";"23h 23m";"-183.12"
"298";"USTEC_ICM_UTC2";"Buy";"7054.6";"7091.0";"2018.03.09 18:30:00";"2018.03.09 22:55:00";"30.0";"1092.00";"6972.10010";"7137.10010";"-46169.74";"0.00";"IST";"End Of Friday (Time)";"4h 25m";"-0.00"
"299";"USTEC_ICM_UTC2";"Buy";"7142.0";"7059.5";"2018.03.12 18:45:00";"2018.03.13 18:07:00";"30.0";"-2658.12";"7059.50000";"7224.50000";"-48827.86";"0.00";"IST";"SL";"23h 22m";"-183.12"
"300";"USTEC_ICM_UTC2";"Buy";"7083.6";"6964.4";"2018.03.13 18:45:00";"2018.03.19 08:05:00";"30.0";"-4675.95";"7001.10010";"7166.10010";"-53503.81";"0.00";"IST";"SL";"5d 13h 20m";"-1098.72"
"301";"USTEC_ICM_UTC2";"Buy";"6876.5";"6794.0";"2018.03.19 17:30:00";"2018.03.22 11:15:00";"30.0";"-3024.36";"6794.00000";"6959.00000";"-56528.17";"0.00";"IST";"SL";"2d 17h 45m";"-549.36"
"302";"USTEC_ICM_UTC2";"Buy";"6746.5";"6611.1";"2018.03.22 17:15:00";"2018.03.23 08:05:00";"30.0";"-4246.35";"6664.00000";"6829.00000";"-60774.52";"0.00";"IST";"SL";"14h 50m";"-183.12"
"303";"USTEC_ICM_UTC2";"Buy";"6699.5";"6617.0";"2018.03.23 17:00:00";"2018.03.23 17:59:00";"30.0";"-2475.00";"6617.00000";"6782.00000";"-63249.52";"0.00";"IST";"SL";"59m 0s";"-0.00"
"304";"USTEC_ICM_UTC2";"Buy";"6567.0";"6649.5";"2018.03.26 18:15:00";"2018.03.26 20:15:00";"30.0";"2475.00";"6484.50000";"6649.50000";"-60774.52";"0.00";"IST";"PT";"2h 0m";"-0.00"
"305";"USTEC_ICM_UTC2";"Buy";"6742.4";"6659.9";"2018.03.27 18:30:00";"2018.03.27 20:53:00";"30.0";"-2475.00";"6659.89990";"6824.89990";"-63249.52";"0.00";"IST";"SL";"2h 23m";"-0.00"
"306";"USTEC_ICM_UTC2";"Buy";"6450.9";"6533.4";"2018.03.28 17:45:00";"2018.03.28 19:14:00";"30.0";"2475.00";"6368.39990";"6533.39990";"-60774.52";"0.00";"IST";"PT";"1h 29m";"-0.00"
"307";"USTEC_ICM_UTC2";"Buy";"6534.1";"6616.6";"2018.03.29 18:45:00";"2018.03.29 21:35:00";"30.0";"2475.00";"6451.60010";"6616.60010";"-58299.52";"0.00";"IST";"PT";"2h 50m";"-0.00"
"308";"USTEC_ICM_UTC2";"Buy";"6384.8";"6467.3";"2018.04.02 19:00:00";"2018.04.03 18:08:00";"30.0";"2291.88";"6302.29980";"6467.29980";"-56007.64";"0.00";"IST";"PT";"23h 8m";"-183.12"
"309";"USTEC_ICM_UTC2";"Buy";"6377.7";"6460.2";"2018.04.03 19:30:00";"2018.04.03 22:03:00";"30.0";"2475.00";"6295.20020";"6460.20020";"-53532.64";"0.00";"IST";"PT";"2h 33m";"-0.00"
"310";"USTEC_ICM_UTC2";"Buy";"6398.5";"6481.0";"2018.04.04 18:15:00";"2018.04.04 19:12:00";"30.0";"2475.00";"6316.00000";"6481.00000";"-51057.64";"0.00";"IST";"PT";"57m 0s";"-0.00"
"311";"USTEC_ICM_UTC2";"Buy";"6619.0";"6510.8";"2018.04.05 18:30:00";"2018.04.06 09:05:00";"30.0";"-3430.02";"6536.50000";"6701.50000";"-54487.66";"0.00";"IST";"SL";"14h 35m";"-183.12"
"312";"USTEC_ICM_UTC2";"Buy";"6524.9";"6442.4";"2018.04.06 18:15:00";"2018.04.06 21:25:00";"30.0";"-2475.00";"6442.39990";"6607.39990";"-56962.66";"0.00";"IST";"SL";"3h 10m";"-0.00"
"313";"USTEC_ICM_UTC2";"Buy";"6548.8";"6466.3";"2018.04.09 18:15:00";"2018.04.09 22:58:00";"30.0";"-2475.00";"6466.29980";"6631.29980";"-59437.66";"0.00";"IST";"SL";"4h 43m";"-0.00"
"314";"USTEC_ICM_UTC2";"Buy";"6583.1";"6665.6";"2018.04.10 18:30:00";"2018.04.12 17:00:00";"30.0";"2108.76";"6500.60010";"6665.60010";"-57328.90";"0.00";"IST";"PT";"1d 22h 30m";"-366.24"
"315";"USTEC_ICM_UTC2";"Buy";"6665.9";"6632.4";"2018.04.12 18:15:00";"2018.04.13 22:55:00";"30.0";"-1188.12";"6583.39990";"6748.39990";"-58517.02";"0.00";"IST";"End Of Friday (Time)";"1d 4h 40m";"-183.12"
"316";"USTEC_ICM_UTC2";"Buy";"6654.2";"6736.7";"2018.04.16 18:30:00";"2018.04.17 13:13:00";"30.0";"2291.88";"6571.70020";"6736.70020";"-56225.14";"0.00";"IST";"PT";"18h 43m";"-183.12"
"317";"USTEC_ICM_UTC2";"Buy";"6815.5";"6733.0";"2018.04.17 19:30:00";"2018.04.20 10:42:00";"30.0";"-3024.36";"6733.00000";"6898.00000";"-59249.50";"0.00";"IST";"SL";"2d 15h 12m";"-549.36"
"318";"USTEC_ICM_UTC2";"Buy";"6714.5";"6662.9";"2018.04.20 17:15:00";"2018.04.20 22:55:00";"30.0";"-1548.00";"6632.00000";"6797.00000";"-60797.50";"0.00";"IST";"End Of Friday (Time)";"5h 40m";"-0.00"
"319";"USTEC_ICM_UTC2";"Buy";"6720.1";"6637.6";"2018.04.23 18:30:00";"2018.04.23 21:08:00";"30.0";"-2475.00";"6637.60010";"6802.60010";"-63272.50";"0.00";"IST";"SL";"2h 38m";"-0.00"
"320";"USTEC_ICM_UTC2";"Buy";"6580.3";"6497.8";"2018.04.24 18:15:00";"2018.04.24 20:52:00";"30.0";"-2475.00";"6497.79980";"6662.79980";"-65747.50";"0.00";"IST";"SL";"2h 37m";"-0.00"
"321";"USTEC_ICM_UTC2";"Buy";"6535.2";"6617.7";"2018.04.25 18:30:00";"2018.04.26 17:06:00";"30.0";"2291.88";"6452.70020";"6617.70020";"-63455.62";"0.00";"IST";"PT";"22h 36m";"-183.12"
"322";"USTEC_ICM_UTC2";"Buy";"6631.6";"6714.1";"2018.04.26 17:30:00";"2018.04.26 23:04:00";"30.0";"2475.00";"6549.10010";"6714.10010";"-60980.62";"0.00";"IST";"PT";"5h 34m";"-0.00"
"323";"USTEC_ICM_UTC2";"Buy";"6651.9";"6659.7";"2018.04.27 18:45:00";"2018.04.27 22:55:00";"30.0";"234.00";"6569.39990";"6734.39990";"-60746.62";"0.00";"IST";"End Of Friday (Time)";"4h 10m";"-0.00"
"324";"USTEC_ICM_UTC2";"Buy";"6690.9";"6608.4";"2018.04.30 18:15:00";"2018.04.30 19:08:00";"30.0";"-2475.00";"6608.39990";"6773.39990";"-63221.62";"0.00";"IST";"SL";"53m 0s";"-0.00"
"325";"USTEC_ICM_UTC2";"Buy";"6612.4";"6710.0";"2018.05.01 18:30:00";"2018.05.02 01:00:00";"30.0";"2743.95";"6529.89990";"6694.89990";"-60477.67";"0.00";"IST";"PT";"6h 30m";"-183.12"
"326";"USTEC_ICM_UTC2";"Buy";"6685.6";"6603.1";"2018.05.02 18:30:00";"2018.05.03 14:55:00";"30.0";"-2658.12";"6603.10010";"6768.10010";"-63135.79";"0.00";"IST";"SL";"20h 25m";"-183.12"
"327";"USTEC_ICM_UTC2";"Buy";"6607.6";"6690.1";"2018.05.03 17:15:00";"2018.05.04 17:25:00";"30.0";"2291.88";"6525.10010";"6690.10010";"-60843.91";"0.00";"IST";"PT";"1d 0h 10m";"-183.12"
"328";"USTEC_ICM_UTC2";"Buy";"6699.8";"6782.3";"2018.05.04 17:30:00";"2018.05.04 21:42:00";"30.0";"2475.00";"6617.29980";"6782.29980";"-58368.91";"0.00";"IST";"PT";"4h 12m";"-0.00"
"329";"USTEC_ICM_UTC2";"Buy";"6841.4";"6923.9";"2018.05.07 19:00:00";"2018.05.10 16:43:00";"30.0";"1925.64";"6758.89990";"6923.89990";"-56443.27";"0.00";"IST";"PT";"2d 21h 43m";"-549.36"
"330";"USTEC_ICM_UTC2";"Buy";"6923.6";"6944.8";"2018.05.10 17:15:00";"2018.05.11 22:55:00";"30.0";"452.88";"6841.10010";"7006.10010";"-55990.39";"0.00";"IST";"End Of Friday (Time)";"1d 5h 40m";"-183.12"
"331";"USTEC_ICM_UTC2";"Buy";"6997.3";"6914.8";"2018.05.14 18:15:00";"2018.05.15 15:48:00";"30.0";"-2658.12";"6914.79980";"7079.79980";"-58648.51";"0.00";"IST";"SL";"21h 33m";"-183.12"
"332";"USTEC_ICM_UTC2";"Buy";"6859.5";"6942.0";"2018.05.15 17:00:00";"2018.05.16 19:31:00";"30.0";"2291.88";"6777.00000";"6942.00000";"-56356.63";"0.00";"IST";"PT";"1d 2h 31m";"-183.12"
"333";"USTEC_ICM_UTC2";"Buy";"6932.2";"6869.6";"2018.05.16 20:30:00";"2018.05.18 22:55:00";"30.0";"-2244.24";"6849.70020";"7014.70020";"-58600.88";"0.00";"IST";"End Of Friday (Time)";"2d 2h 25m";"-366.24"
"334";"USTEC_ICM_UTC2";"Buy";"6915.4";"6832.9";"2018.05.21 18:15:00";"2018.05.23 11:22:00";"30.0";"-2841.24";"6832.89990";"6997.89990";"-61442.11";"0.00";"IST";"SL";"1d 17h 7m";"-366.24"
"335";"USTEC_ICM_UTC2";"Buy";"6863.2";"6945.7";"2018.05.23 18:00:00";"2018.05.23 22:50:00";"30.0";"2475.00";"6780.70020";"6945.70020";"-58967.11";"0.00";"IST";"PT";"4h 50m";"-0.00"
"336";"USTEC_ICM_UTC2";"Buy";"6886.3";"6968.8";"2018.05.24 18:00:00";"2018.05.25 04:33:00";"30.0";"2291.88";"6803.79980";"6968.79980";"-56675.23";"0.00";"IST";"PT";"10h 33m";"-183.12"
"337";"USTEC_ICM_UTC2";"Buy";"6951.8";"6960.3";"2018.05.25 16:30:00";"2018.05.25 22:55:00";"30.0";"255.00";"6869.29980";"7034.29980";"-56420.23";"0.00";"IST";"End Of Friday (Time)";"6h 25m";"-0.00"
"338";"USTEC_ICM_UTC2";"Buy";"6955.2";"7037.7";"2018.05.29 17:00:00";"2018.06.01 17:20:00";"30.0";"1925.64";"6872.70020";"7037.70020";"-54494.59";"0.00";"IST";"PT";"3d 0h 20m";"-549.36"
"339";"USTEC_ICM_UTC2";"Buy";"7062.3";"7078.0";"2018.06.01 18:15:00";"2018.06.01 22:55:00";"30.0";"471.00";"6979.79980";"7144.79980";"-54023.59";"0.00";"IST";"End Of Friday (Time)";"4h 40m";"-0.00"
"340";"USTEC_ICM_UTC2";"Buy";"7114.2";"7196.7";"2018.06.04 18:15:00";"2018.06.06 07:30:00";"30.0";"2108.76";"7031.70020";"7196.70020";"-51914.83";"0.00";"IST";"PT";"1d 13h 15m";"-366.24"
"341";"USTEC_ICM_UTC2";"Buy";"7171.3";"7088.8";"2018.06.06 18:15:00";"2018.06.08 11:08:00";"30.0";"-2841.24";"7088.79980";"7253.79980";"-54756.07";"0.00";"IST";"SL";"1d 16h 53m";"-366.24"
"342";"USTEC_ICM_UTC2";"Buy";"7133.2";"7155.5";"2018.06.08 17:00:00";"2018.06.08 22:55:00";"30.0";"669.00";"7050.70020";"7215.70020";"-54087.07";"0.00";"IST";"End Of Friday (Time)";"5h 55m";"-0.00"
"343";"USTEC_ICM_UTC2";"Buy";"7162.2";"7244.7";"2018.06.11 18:15:00";"2018.06.13 17:36:00";"30.0";"2108.76";"7079.70020";"7244.70020";"-51978.31";"0.00";"IST";"PT";"1d 23h 21m";"-366.24"
"344";"USTEC_ICM_UTC2";"Buy";"7247.4";"7252.0";"2018.06.13 18:15:00";"2018.06.15 22:55:00";"30.0";"-228.24";"7164.89990";"7329.89990";"-52206.55";"0.00";"IST";"End Of Friday (Time)";"2d 4h 40m";"-366.24"
"345";"USTEC_ICM_UTC2";"Buy";"7248.8";"7166.3";"2018.06.18 18:30:00";"2018.06.19 05:14:00";"30.0";"-2658.12";"7166.29980";"7331.29980";"-54864.67";"0.00";"IST";"SL";"10h 44m";"-183.12"
"346";"USTEC_ICM_UTC2";"Buy";"7156.5";"7239.0";"2018.06.19 16:30:00";"2018.06.20 08:10:00";"30.0";"2291.88";"7074.00000";"7239.00000";"-52572.79";"0.00";"IST";"PT";"15h 40m";"-183.12"
"347";"USTEC_ICM_UTC2";"Buy";"7278.1";"7195.6";"2018.06.20 18:15:00";"2018.06.22 16:46:00";"30.0";"-2841.24";"7195.60010";"7360.60010";"-55414.04";"0.00";"IST";"SL";"1d 22h 31m";"-366.24"
"348";"USTEC_ICM_UTC2";"Buy";"7204.9";"7207.5";"2018.06.22 18:30:00";"2018.06.22 22:55:00";"30.0";"78.00";"7122.39990";"7287.39990";"-55336.04";"0.00";"IST";"End Of Friday (Time)";"4h 25m";"-0.00"
"349";"USTEC_ICM_UTC2";"Buy";"7034.0";"7116.5";"2018.06.25 18:30:00";"2018.06.27 16:53:00";"30.0";"2108.76";"6951.50000";"7116.50000";"-53227.27";"0.00";"IST";"PT";"1d 22h 23m";"-366.24"
"350";"USTEC_ICM_UTC2";"Buy";"7121.9";"7039.4";"2018.06.27 17:45:00";"2018.06.27 20:09:00";"30.0";"-2475.00";"7039.39990";"7204.39990";"-55702.27";"0.00";"IST";"SL";"2h 24m";"-0.00"
"351";"USTEC_ICM_UTC2";"Buy";"6993.0";"7075.5";"2018.06.28 18:15:00";"2018.06.29 07:32:00";"30.0";"2291.88";"6910.50000";"7075.50000";"-53410.39";"0.00";"IST";"PT";"13h 17m";"-183.12"
"352";"USTEC_ICM_UTC2";"Buy";"7091.6";"7053.5";"2018.06.29 18:15:00";"2018.06.29 22:55:00";"30.0";"-1143.00";"7009.10010";"7174.10010";"-54553.39";"0.00";"IST";"End Of Friday (Time)";"4h 40m";"-0.00"
"353";"USTEC_ICM_UTC2";"Buy";"7035.3";"7117.8";"2018.07.02 18:15:00";"2018.07.03 10:09:00";"30.0";"2291.88";"6952.79980";"7117.79980";"-52261.52";"0.00";"IST";"PT";"15h 54m";"-183.12"
"354";"USTEC_ICM_UTC2";"Buy";"7081.7";"6996.9";"2018.07.03 18:30:00";"2018.07.04 01:02:00";"30.0";"-2728.32";"6999.20020";"7164.20020";"-54989.83";"0.00";"IST";"SL";"6h 32m";"-183.12"
"355";"USTEC_ICM_UTC2";"Buy";"7031.0";"7113.5";"2018.07.05 18:00:00";"2018.07.06 07:12:00";"30.0";"2291.88";"6948.50000";"7113.50000";"-52697.95";"0.00";"IST";"PT";"13h 12m";"-183.12"
"356";"USTEC_ICM_UTC2";"Buy";"7144.4";"7202.9";"2018.07.06 17:15:00";"2018.07.06 22:55:00";"30.0";"1755.00";"7061.89990";"7226.89990";"-50942.95";"0.00";"IST";"End Of Friday (Time)";"5h 40m";"-0.00"
"357";"USTEC_ICM_UTC2";"Buy";"7245.4";"7327.9";"2018.07.09 18:15:00";"2018.07.12 17:36:00";"30.0";"1925.64";"7162.89990";"7327.89990";"-49017.31";"0.00";"IST";"PT";"2d 23h 21m";"-549.36"
"358";"USTEC_ICM_UTC2";"Buy";"7331.1";"7378.1";"2018.07.12 18:15:00";"2018.07.13 22:55:00";"30.0";"1226.88";"7248.60010";"7413.60010";"-47790.43";"0.00";"IST";"End Of Friday (Time)";"1d 4h 40m";"-183.12"
"359";"USTEC_ICM_UTC2";"Buy";"7368.1";"7285.6";"2018.07.16 18:19:00";"2018.07.17 09:02:00";"30.0";"-2658.12";"7285.60010";"7450.60010";"-50448.55";"0.00";"IST";"SL";"14h 43m";"-183.12"
"360";"USTEC_ICM_UTC2";"Buy";"7355.5";"7345.9";"2018.07.17 18:00:00";"2018.07.20 22:55:00";"30.0";"-837.36";"7273.00000";"7438.00000";"-51285.91";"0.00";"IST";"End Of Friday (Time)";"3d 4h 55m";"-549.36"
"361";"USTEC_ICM_UTC2";"Buy";"7344.4";"7426.9";"2018.07.23 18:30:00";"2018.07.24 04:43:00";"30.0";"2291.88";"7261.89990";"7426.89990";"-48994.04";"0.00";"IST";"PT";"10h 13m";"-183.12"
"362";"USTEC_ICM_UTC2";"Buy";"7466.5";"7384.0";"2018.07.24 16:45:00";"2018.07.24 20:23:00";"30.0";"-2475.00";"7384.00000";"7549.00000";"-51469.04";"0.00";"IST";"SL";"3h 38m";"-0.00"
"363";"USTEC_ICM_UTC2";"Buy";"7422.9";"7505.4";"2018.07.25 18:15:00";"2018.07.25 22:50:00";"30.0";"2475.00";"7340.39990";"7505.39990";"-48994.04";"0.00";"IST";"PT";"4h 35m";"-0.00"
"364";"USTEC_ICM_UTC2";"Buy";"7417.0";"7334.5";"2018.07.26 18:00:00";"2018.07.27 19:03:00";"30.0";"-2658.12";"7334.50000";"7499.50000";"-51652.15";"0.00";"IST";"SL";"1d 1h 3m";"-183.12"
"365";"USTEC_ICM_UTC2";"Buy";"7341.9";"7259.4";"2018.07.27 19:15:00";"2018.07.27 20:01:00";"30.0";"-2475.00";"7259.39990";"7424.39990";"-54127.15";"0.00";"IST";"SL";"46m 0s";"-0.00"
"366";"USTEC_ICM_UTC2";"Buy";"7217.5";"7300.0";"2018.07.30 16:45:00";"2018.08.02 17:38:00";"30.0";"1925.64";"7135.00000";"7300.00000";"-52201.52";"0.00";"IST";"PT";"3d 0h 53m";"-549.36"
"367";"USTEC_ICM_UTC2";"Buy";"7290.8";"7373.3";"2018.08.02 18:15:00";"2018.08.02 20:35:00";"30.0";"2475.00";"7208.29980";"7373.29980";"-49726.52";"0.00";"IST";"PT";"2h 20m";"-0.00"
"368";"USTEC_ICM_UTC2";"Buy";"7381.4";"7391.5";"2018.08.03 17:15:00";"2018.08.03 22:55:00";"30.0";"303.00";"7298.89990";"7463.89990";"-49423.52";"0.00";"IST";"End Of Friday (Time)";"5h 40m";"-0.00"
"369";"USTEC_ICM_UTC2";"Buy";"7403.0";"7485.5";"2018.08.06 18:30:00";"2018.08.08 17:56:00";"30.0";"2108.76";"7320.50000";"7485.50000";"-47314.75";"0.00";"IST";"PT";"1d 23h 26m";"-366.24"
"370";"USTEC_ICM_UTC2";"Buy";"7484.0";"7401.5";"2018.08.08 18:00:00";"2018.08.10 20:47:00";"30.0";"-2841.24";"7401.50000";"7566.50000";"-50155.99";"0.00";"IST";"SL";"2d 2h 47m";"-366.24"
"371";"USTEC_ICM_UTC2";"Buy";"7406.3";"7408.6";"2018.08.10 22:45:00";"2018.08.10 22:55:00";"30.0";"69.00";"7323.79980";"7488.79980";"-50086.99";"0.00";"IST";"End Of Friday (Time)";"10m 0s";"-0.00"
"372";"USTEC_ICM_UTC2";"Buy";"7421.0";"7338.5";"2018.08.13 16:30:00";"2018.08.15 17:04:00";"30.0";"-2841.24";"7338.50000";"7503.50000";"-52928.23";"0.00";"IST";"SL";"2d 0h 34m";"-366.24"
"373";"USTEC_ICM_UTC2";"Buy";"7335.0";"7417.5";"2018.08.15 18:15:00";"2018.08.16 13:51:00";"30.0";"2291.88";"7252.50000";"7417.50000";"-50636.36";"0.00";"IST";"PT";"19h 36m";"-183.12"
"374";"USTEC_ICM_UTC2";"Buy";"7406.4";"7323.9";"2018.08.16 19:45:00";"2018.08.17 17:12:00";"30.0";"-2658.12";"7323.89990";"7488.89990";"-53294.47";"0.00";"IST";"SL";"21h 27m";"-183.12"
"375";"USTEC_ICM_UTC2";"Buy";"7331.5";"7381.5";"2018.08.17 18:15:00";"2018.08.17 22:55:00";"30.0";"1500.00";"7249.00000";"7414.00000";"-51794.47";"0.00";"IST";"End Of Friday (Time)";"4h 40m";"-0.00"
"376";"USTEC_ICM_UTC2";"Buy";"7361.8";"7444.3";"2018.08.20 18:45:00";"2018.08.23 16:45:00";"30.0";"1925.64";"7279.29980";"7444.29980";"-49868.84";"0.00";"IST";"PT";"2d 22h 0m";"-549.36"
"377";"USTEC_ICM_UTC2";"Buy";"7433.9";"7487.2";"2018.08.23 18:15:00";"2018.08.24 22:55:00";"30.0";"1415.88";"7351.39990";"7516.39990";"-48452.95";"0.00";"IST";"End Of Friday (Time)";"1d 4h 40m";"-183.12"
"378";"USTEC_ICM_UTC2";"Buy";"7550.3";"7632.8";"2018.08.27 18:30:00";"2018.08.29 17:48:00";"30.0";"2108.76";"7467.79980";"7632.79980";"-46344.20";"0.00";"IST";"PT";"1d 23h 18m";"-366.24"
"379";"USTEC_ICM_UTC2";"Buy";"7633.2";"7656.4";"2018.08.29 18:15:00";"2018.08.31 22:55:00";"30.0";"329.76";"7550.70020";"7715.70020";"-46014.43";"0.00";"IST";"End Of Friday (Time)";"2d 4h 40m";"-366.24"
"380";"USTEC_ICM_UTC2";"Buy";"7639.1";"7556.6";"2018.09.04 18:00:00";"2018.09.05 16:59:00";"30.0";"-2658.12";"7556.60010";"7721.60010";"-48672.55";"0.00";"IST";"SL";"22h 59m";"-183.12"
"381";"USTEC_ICM_UTC2";"Buy";"7528.7";"7446.2";"2018.09.05 17:30:00";"2018.09.06 17:38:00";"30.0";"-2658.12";"7446.20020";"7611.20020";"-51330.68";"0.00";"IST";"SL";"1d 0h 8m";"-183.12"
"382";"USTEC_ICM_UTC2";"Buy";"7438.1";"7426.2";"2018.09.06 18:30:00";"2018.09.07 22:55:00";"30.0";"-540.12";"7355.60010";"7520.60010";"-51870.79";"0.00";"IST";"End Of Friday (Time)";"1d 4h 25m";"-183.12"
"383";"USTEC_ICM_UTC2";"Buy";"7452.7";"7535.2";"2018.09.10 18:30:00";"2018.09.12 11:50:00";"30.0";"2108.76";"7370.20020";"7535.20020";"-49762.04";"0.00";"IST";"PT";"1d 17h 20m";"-366.24"
"384";"USTEC_ICM_UTC2";"Buy";"7471.5";"7554.0";"2018.09.12 18:15:00";"2018.09.13 16:37:00";"30.0";"2291.88";"7389.00000";"7554.00000";"-47470.16";"0.00";"IST";"PT";"22h 22m";"-183.12"
"385";"USTEC_ICM_UTC2";"Buy";"7562.9";"7549.9";"2018.09.13 17:15:00";"2018.09.14 22:55:00";"30.0";"-573.12";"7480.39990";"7645.39990";"-48043.27";"0.00";"IST";"End Of Friday (Time)";"1d 5h 40m";"-183.12"
"386";"USTEC_ICM_UTC2";"Buy";"7470.3";"7552.8";"2018.09.17 18:30:00";"2018.09.20 16:43:00";"30.0";"1925.64";"7387.79980";"7552.79980";"-46117.63";"0.00";"IST";"PT";"2d 22h 13m";"-549.36"
"387";"USTEC_ICM_UTC2";"Buy";"7552.1";"7533.3";"2018.09.20 16:45:00";"2018.09.21 22:55:00";"30.0";"-747.12";"7469.60010";"7634.60010";"-46864.75";"0.00";"IST";"End Of Friday (Time)";"1d 6h 10m";"-183.12"
"388";"USTEC_ICM_UTC2";"Buy";"7502.6";"7585.1";"2018.09.24 18:15:00";"2018.09.26 05:23:00";"30.0";"2108.76";"7420.10010";"7585.10010";"-44756.00";"0.00";"IST";"PT";"1d 11h 8m";"-366.24"
"389";"USTEC_ICM_UTC2";"Buy";"7602.3";"7621.6";"2018.09.26 18:15:00";"2018.09.28 22:55:00";"30.0";"212.76";"7519.79980";"7684.79980";"-44543.23";"0.00";"IST";"End Of Friday (Time)";"2d 4h 40m";"-366.24"
"390";"USTEC_ICM_UTC2";"Buy";"7691.6";"7609.1";"2018.10.01 18:15:00";"2018.10.02 11:49:00";"30.0";"-2658.12";"7609.10010";"7774.10010";"-47201.36";"0.00";"IST";"SL";"17h 34m";"-183.12"
"391";"USTEC_ICM_UTC2";"Buy";"7669.9";"7587.4";"2018.10.02 18:30:00";"2018.10.04 09:02:00";"30.0";"-2841.24";"7587.39990";"7752.39990";"-50042.59";"0.00";"IST";"SL";"1d 14h 32m";"-366.24"
"392";"USTEC_ICM_UTC2";"Buy";"7601.4";"7518.9";"2018.10.04 16:30:00";"2018.10.04 17:25:00";"30.0";"-2475.00";"7518.89990";"7683.89990";"-52517.59";"0.00";"IST";"SL";"55m 0s";"-0.00"
"393";"USTEC_ICM_UTC2";"Buy";"7457.8";"7375.3";"2018.10.05 17:00:00";"2018.10.05 18:47:00";"30.0";"-2475.00";"7375.29980";"7540.29980";"-54992.59";"0.00";"IST";"SL";"1h 47m";"-0.00"
"394";"USTEC_ICM_UTC2";"Buy";"7381.6";"7299.1";"2018.10.08 18:00:00";"2018.10.08 18:40:00";"30.0";"-2475.00";"7299.10010";"7464.10010";"-57467.59";"0.00";"IST";"SL";"40m 0s";"-0.00"
"395";"USTEC_ICM_UTC2";"Buy";"7381.9";"7299.4";"2018.10.09 16:45:00";"2018.10.10 16:36:00";"30.0";"-2658.12";"7299.39990";"7464.39990";"-60125.71";"0.00";"IST";"SL";"23h 51m";"-183.12"
"396";"USTEC_ICM_UTC2";"Buy";"7235.2";"7152.7";"2018.10.10 17:00:00";"2018.10.10 21:44:00";"30.0";"-2475.00";"7152.70020";"7317.70020";"-62600.71";"0.00";"IST";"SL";"4h 44m";"-0.00"
"397";"USTEC_ICM_UTC2";"Buy";"7018.1";"7100.6";"2018.10.11 16:30:00";"2018.10.11 16:54:00";"30.0";"2475.00";"6935.60010";"7100.60010";"-60125.71";"0.00";"IST";"PT";"24m 0s";"-0.00"
"398";"USTEC_ICM_UTC2";"Buy";"7119.6";"7037.1";"2018.10.12 18:30:00";"2018.10.12 19:41:00";"30.0";"-2475.00";"7037.10010";"7202.10010";"-62600.71";"0.00";"IST";"SL";"1h 11m";"-0.00"
"399";"USTEC_ICM_UTC2";"Buy";"7137.3";"7054.8";"2018.10.15 18:30:00";"2018.10.15 23:08:00";"30.0";"-2475.00";"7054.79980";"7219.79980";"-65075.71";"0.00";"IST";"SL";"4h 38m";"-0.00"
"400";"USTEC_ICM_UTC2";"Buy";"7193.9";"7276.4";"2018.10.16 18:15:00";"2018.10.16 22:41:00";"30.0";"2475.00";"7111.39990";"7276.39990";"-62600.71";"0.00";"IST";"PT";"4h 26m";"-0.00"
"401";"USTEC_ICM_UTC2";"Buy";"7227.2";"7144.7";"2018.10.17 18:00:00";"2018.10.18 18:35:00";"30.0";"-2658.12";"7144.70020";"7309.70020";"-65258.84";"0.00";"IST";"SL";"1d 0h 35m";"-183.12"
"402";"USTEC_ICM_UTC2";"Buy";"7142.5";"7225.0";"2018.10.18 18:45:00";"2018.10.19 17:04:00";"30.0";"2291.88";"7060.00000";"7225.00000";"-62966.95";"0.00";"IST";"PT";"22h 19m";"-183.12"
"403";"USTEC_ICM_UTC2";"Buy";"7200.0";"7117.5";"2018.10.19 18:15:00";"2018.10.19 19:24:00";"30.0";"-2475.00";"7117.50000";"7282.50000";"-65441.95";"0.00";"IST";"SL";"1h 9m";"-0.00"
"404";"USTEC_ICM_UTC2";"Buy";"7153.1";"7070.6";"2018.10.22 18:45:00";"2018.10.23 06:30:00";"30.0";"-2658.12";"7070.60010";"7235.60010";"-68100.08";"0.00";"IST";"SL";"11h 45m";"-183.12"
"405";"USTEC_ICM_UTC2";"Buy";"7011.1";"7093.6";"2018.10.23 16:30:00";"2018.10.23 21:16:00";"30.0";"2475.00";"6928.60010";"7093.60010";"-65625.08";"0.00";"IST";"PT";"4h 46m";"-0.00"
"406";"USTEC_ICM_UTC2";"Buy";"6984.5";"6902.0";"2018.10.24 18:30:00";"2018.10.24 22:02:00";"30.0";"-2475.00";"6902.00000";"7067.00000";"-68100.08";"0.00";"IST";"SL";"3h 32m";"-0.00"
"407";"USTEC_ICM_UTC2";"Buy";"6896.7";"6979.2";"2018.10.25 16:30:00";"2018.10.25 17:04:00";"30.0";"2475.00";"6814.20020";"6979.20020";"-65625.08";"0.00";"IST";"PT";"34m 0s";"-0.00"
"408";"USTEC_ICM_UTC2";"Buy";"6797.9";"6880.4";"2018.10.26 17:15:00";"2018.10.26 19:05:00";"30.0";"2475.00";"6715.39990";"6880.39990";"-63150.07";"0.00";"IST";"PT";"1h 50m";"-0.00"
"409";"USTEC_ICM_UTC2";"Buy";"6881.2";"6798.7";"2018.10.29 17:30:00";"2018.10.29 18:22:00";"30.0";"-2475.00";"6798.70020";"6963.70020";"-65625.08";"0.00";"IST";"SL";"52m 0s";"-0.00"
"410";"USTEC_ICM_UTC2";"Buy";"6712.0";"6794.5";"2018.10.30 17:00:00";"2018.10.30 17:49:00";"30.0";"2475.00";"6629.50000";"6794.50000";"-63150.07";"0.00";"IST";"PT";"49m 0s";"-0.00"
"411";"USTEC_ICM_UTC2";"Buy";"6953.5";"7036.0";"2018.10.31 17:15:00";"2018.11.01 17:30:00";"30.0";"2291.88";"6871.00000";"7036.00000";"-60858.20";"0.00";"IST";"PT";"1d 0h 15m";"-183.12"
"412";"USTEC_ICM_UTC2";"Buy";"7033.0";"7115.5";"2018.11.01 17:45:00";"2018.11.02 08:20:00";"30.0";"2291.88";"6950.50000";"7115.50000";"-58566.32";"0.00";"IST";"PT";"14h 35m";"-183.12"
"413";"USTEC_ICM_UTC2";"Buy";"6978.0";"6895.5";"2018.11.02 16:30:00";"2018.11.05 16:44:00";"30.0";"-3024.36";"6895.50000";"7060.50000";"-61590.68";"0.00";"IST";"SL";"3d 0h 14m";"-549.36"
"414";"USTEC_ICM_UTC2";"Buy";"6885.4";"6967.9";"2018.11.05 18:30:00";"2018.11.06 16:33:00";"30.0";"2291.88";"6802.89990";"6967.89990";"-59298.80";"0.00";"IST";"PT";"22h 3m";"-183.12"
"415";"USTEC_ICM_UTC2";"Buy";"6986.3";"7068.8";"2018.11.06 18:15:00";"2018.11.07 04:10:00";"30.0";"2291.88";"6903.79980";"7068.79980";"-57006.91";"0.00";"IST";"PT";"9h 55m";"-183.12"
"416";"USTEC_ICM_UTC2";"Buy";"7143.7";"7061.2";"2018.11.07 18:00:00";"2018.11.09 16:42:00";"30.0";"-2841.24";"7061.20020";"7226.20020";"-59848.16";"0.00";"IST";"SL";"1d 22h 42m";"-366.24"
"417";"USTEC_ICM_UTC2";"Buy";"7043.0";"7049.6";"2018.11.09 18:30:00";"2018.11.09 22:55:00";"30.0";"198.00";"6960.50000";"7125.50000";"-59650.16";"0.00";"IST";"End Of Friday (Time)";"4h 25m";"-0.00"
"418";"USTEC_ICM_UTC2";"Buy";"6826.0";"6908.5";"2018.11.12 18:30:00";"2018.11.13 16:39:00";"30.0";"2291.88";"6743.50000";"6908.50000";"-57358.28";"0.00";"IST";"PT";"22h 9m";"-183.12"
"419";"USTEC_ICM_UTC2";"Buy";"6934.8";"6852.3";"2018.11.13 18:15:00";"2018.11.13 20:14:00";"30.0";"-2475.00";"6852.29980";"7017.29980";"-59833.28";"0.00";"IST";"SL";"1h 59m";"-0.00"
"420";"USTEC_ICM_UTC2";"Buy";"6811.8";"6729.3";"2018.11.14 19:00:00";"2018.11.15 16:12:00";"30.0";"-2658.12";"6729.29980";"6894.29980";"-62491.39";"0.00";"IST";"SL";"21h 12m";"-183.12"
"421";"USTEC_ICM_UTC2";"Buy";"6753.6";"6836.1";"2018.11.15 18:00:00";"2018.11.15 20:24:00";"30.0";"2475.00";"6671.10010";"6836.10010";"-60016.39";"0.00";"IST";"PT";"2h 24m";"-0.00"
"422";"USTEC_ICM_UTC2";"Buy";"6825.3";"6874.8";"2018.11.16 16:30:00";"2018.11.16 22:55:00";"30.0";"1485.00";"6742.79980";"6907.79980";"-58531.39";"0.00";"IST";"End Of Friday (Time)";"6h 25m";"-0.00"
"423";"USTEC_ICM_UTC2";"Buy";"6709.2";"6626.7";"2018.11.19 18:45:00";"2018.11.19 22:52:00";"30.0";"-2475.00";"6626.70020";"6791.70020";"-61006.39";"0.00";"IST";"SL";"4h 7m";"-0.00"
"424";"USTEC_ICM_UTC2";"Buy";"6573.5";"6491.0";"2018.11.20 17:45:00";"2018.11.20 22:06:00";"30.0";"-2475.00";"6491.00000";"6656.00000";"-63481.39";"0.00";"IST";"SL";"4h 21m";"-0.00"
"425";"USTEC_ICM_UTC2";"Buy";"6614.3";"6531.8";"2018.11.21 19:00:00";"2018.11.22 11:11:00";"30.0";"-2658.12";"6531.79980";"6696.79980";"-66139.52";"0.00";"IST";"SL";"16h 11m";"-183.12"
"426";"USTEC_ICM_UTC2";"Buy";"6562.5";"6645.0";"2018.11.23 18:15:00";"2018.11.26 11:29:00";"30.0";"1925.64";"6480.00000";"6645.00000";"-64213.88";"0.00";"IST";"PT";"2d 17h 14m";"-549.36"
"427";"USTEC_ICM_UTC2";"Buy";"6648.4";"6730.9";"2018.11.26 18:15:00";"2018.11.28 08:12:00";"30.0";"2108.76";"6565.89990";"6730.89990";"-62105.12";"0.00";"IST";"PT";"1d 13h 57m";"-366.24"
"428";"USTEC_ICM_UTC2";"Buy";"6722.0";"6804.5";"2018.11.28 18:30:00";"2018.11.28 19:05:00";"30.0";"2475.00";"6639.50000";"6804.50000";"-59630.12";"0.00";"IST";"PT";"35m 0s";"-0.00"
"429";"USTEC_ICM_UTC2";"Buy";"6857.7";"6940.2";"2018.11.29 18:15:00";"2018.11.30 22:30:00";"30.0";"2291.88";"6775.20020";"6940.20020";"-57338.23";"0.00";"IST";"PT";"1d 4h 15m";"-183.12"
"430";"USTEC_ICM_UTC2";"Buy";"7039.0";"6956.5";"2018.12.03 18:45:00";"2018.12.04 19:07:00";"30.0";"-2658.12";"6956.50000";"7121.50000";"-59996.36";"0.00";"IST";"SL";"1d 0h 22m";"-183.12"
"431";"USTEC_ICM_UTC2";"Buy";"6883.1";"6800.6";"2018.12.04 20:00:00";"2018.12.04 22:33:00";"30.0";"-2475.00";"6800.60010";"6965.60010";"-62471.36";"0.00";"IST";"SL";"2h 33m";"-0.00"
"432";"USTEC_ICM_UTC2";"Buy";"6670.1";"6752.6";"2018.12.06 18:00:00";"2018.12.06 19:24:00";"30.0";"2475.00";"6587.60010";"6752.60010";"-59996.36";"0.00";"IST";"PT";"1h 24m";"-0.00"
"433";"USTEC_ICM_UTC2";"Buy";"6779.4";"6696.9";"2018.12.07 17:15:00";"2018.12.07 18:15:00";"30.0";"-2475.00";"6696.89990";"6861.89990";"-62471.36";"0.00";"IST";"SL";"1h 0m";"-0.00"
"434";"USTEC_ICM_UTC2";"Buy";"6563.5";"6646.0";"2018.12.10 18:15:00";"2018.12.10 19:49:00";"30.0";"2475.00";"6481.00000";"6646.00000";"-59996.36";"0.00";"IST";"PT";"1h 34m";"-0.00"
"435";"USTEC_ICM_UTC2";"Buy";"6768.6";"6686.1";"2018.12.11 17:00:00";"2018.12.11 20:40:00";"30.0";"-2475.00";"6686.10010";"6851.10010";"-62471.36";"0.00";"IST";"SL";"3h 40m";"-0.00"
"436";"USTEC_ICM_UTC2";"Buy";"6849.0";"6766.5";"2018.12.12 18:30:00";"2018.12.12 22:59:00";"30.0";"-2475.00";"6766.50000";"6931.50000";"-64946.36";"0.00";"IST";"SL";"4h 29m";"-0.00"
"437";"USTEC_ICM_UTC2";"Buy";"6790.2";"6707.7";"2018.12.13 18:45:00";"2018.12.14 03:03:00";"30.0";"-2658.12";"6707.70020";"6872.70020";"-67604.48";"0.00";"IST";"SL";"8h 18m";"-183.12"
"438";"USTEC_ICM_UTC2";"Buy";"6680.3";"6597.8";"2018.12.14 18:30:00";"2018.12.14 21:51:00";"30.0";"-2475.00";"6597.79980";"6762.79980";"-70079.48";"0.00";"IST";"SL";"3h 21m";"-0.00"
"439";"USTEC_ICM_UTC2";"Buy";"6598.1";"6515.6";"2018.12.17 18:30:00";"2018.12.17 20:20:00";"30.0";"-2475.00";"6515.60010";"6680.60010";"-72554.48";"0.00";"IST";"SL";"1h 50m";"-0.00"
"440";"USTEC_ICM_UTC2";"Buy";"6512.8";"6430.3";"2018.12.18 18:15:00";"2018.12.19 21:12:00";"30.0";"-2658.12";"6430.29980";"6595.29980";"-75212.59";"0.00";"IST";"SL";"1d 2h 57m";"-183.12"
"441";"USTEC_ICM_UTC2";"Buy";"6376.6";"6294.1";"2018.12.19 22:00:00";"2018.12.19 22:05:00";"30.0";"-2475.00";"6294.10010";"6459.10010";"-77687.59";"0.00";"IST";"SL";"5m 0s";"-0.00"
"442";"USTEC_ICM_UTC2";"Buy";"6356.3";"6273.8";"2018.12.20 17:45:00";"2018.12.20 18:21:00";"30.0";"-2475.00";"6273.79980";"6438.79980";"-80162.59";"0.00";"IST";"SL";"36m 0s";"-0.00"
"443";"USTEC_ICM_UTC2";"Buy";"6185.3";"6102.8";"2018.12.21 18:15:00";"2018.12.21 19:26:00";"30.0";"-2475.00";"6102.79980";"6267.79980";"-82637.59";"0.00";"IST";"SL";"1h 11m";"-0.00"
"444";"USTEC_ICM_UTC2";"Buy";"6002.1";"5919.6";"2018.12.24 16:30:00";"2018.12.24 19:56:00";"30.0";"-2475.00";"5919.60010";"6084.60010";"-85112.59";"0.00";"IST";"SL";"3h 26m";"-0.00"
"445";"USTEC_ICM_UTC2";"Buy";"5925.4";"6007.9";"2018.12.26 18:00:00";"2018.12.26 18:39:00";"30.0";"2475.00";"5842.89990";"6007.89990";"-82637.59";"0.00";"IST";"PT";"39m 0s";"-0.00"
"446";"USTEC_ICM_UTC2";"Buy";"6111.8";"6194.3";"2018.12.27 19:15:00";"2018.12.27 22:24:00";"30.0";"2475.00";"6029.29980";"6194.29980";"-80162.59";"0.00";"IST";"PT";"3h 9m";"-0.00"
"447";"USTEC_ICM_UTC2";"Buy";"6288.0";"6370.5";"2018.12.28 18:30:00";"2018.12.28 21:44:00";"30.0";"2475.00";"6205.50000";"6370.50000";"-77687.59";"0.00";"IST";"PT";"3h 14m";"-0.00"
"448";"USTEC_ICM_UTC2";"Buy";"6291.4";"6208.9";"2018.12.31 18:15:00";"2019.01.02 10:16:00";"30.0";"-2841.24";"6208.89990";"6373.89990";"-80528.84";"0.00";"IST";"SL";"1d 16h 1m";"-366.24"
"449";"USTEC_ICM_UTC2";"Buy";"6341.7";"6221.8";"2019.01.02 18:15:00";"2019.01.03 01:00:00";"30.0";"-3781.02";"6259.20020";"6424.20020";"-84309.86";"0.00";"IST";"SL";"6h 45m";"-183.12"
"450";"USTEC_ICM_UTC2";"Buy";"6201.9";"6284.4";"2019.01.03 18:00:00";"2019.01.04 16:45:00";"30.0";"2291.88";"6119.39990";"6284.39990";"-82017.98";"0.00";"IST";"PT";"22h 45m";"-183.12"
"451";"USTEC_ICM_UTC2";"Buy";"6373.6";"6407.0";"2019.01.04 18:00:00";"2019.01.04 22:55:00";"30.0";"1002.00";"6291.10010";"6456.10010";"-81015.98";"0.00";"IST";"End Of Friday (Time)";"4h 55m";"-0.00"
"452";"USTEC_ICM_UTC2";"Buy";"6506.8";"6589.3";"2019.01.07 19:00:00";"2019.01.09 04:38:00";"30.0";"2108.76";"6424.29980";"6589.29980";"-78907.22";"0.00";"IST";"PT";"1d 9h 38m";"-366.24"
"453";"USTEC_ICM_UTC2";"Buy";"6587.5";"6601.4";"2019.01.09 18:15:00";"2019.01.11 22:55:00";"30.0";"50.76";"6505.00000";"6670.00000";"-78856.45";"0.00";"IST";"End Of Friday (Time)";"2d 4h 40m";"-366.24"
"454";"USTEC_ICM_UTC2";"Buy";"6564.4";"6646.9";"2019.01.14 18:45:00";"2019.01.15 17:00:00";"30.0";"2291.88";"6481.89990";"6646.89990";"-76564.58";"0.00";"IST";"PT";"22h 15m";"-183.12"
"455";"USTEC_ICM_UTC2";"Buy";"6633.6";"6716.1";"2019.01.15 18:15:00";"2019.01.16 16:46:00";"30.0";"2291.88";"6551.10010";"6716.10010";"-74272.70";"0.00";"IST";"PT";"22h 31m";"-183.12"
"456";"USTEC_ICM_UTC2";"Buy";"6690.9";"6608.4";"2019.01.16 18:15:00";"2019.01.17 09:43:00";"30.0";"-2658.12";"6608.39990";"6773.39990";"-76930.82";"0.00";"IST";"SL";"15h 28m";"-183.12"
"457";"USTEC_ICM_UTC2";"Buy";"6678.9";"6761.4";"2019.01.17 18:15:00";"2019.01.18 16:28:00";"30.0";"2291.88";"6596.39990";"6761.39990";"-74638.94";"0.00";"IST";"PT";"22h 13m";"-183.12"
"458";"USTEC_ICM_UTC2";"Buy";"6785.9";"6768.6";"2019.01.18 18:00:00";"2019.01.18 22:55:00";"30.0";"-519.00";"6703.39990";"6868.39990";"-75157.94";"0.00";"IST";"End Of Friday (Time)";"4h 55m";"-0.00"
"459";"USTEC_ICM_UTC2";"Buy";"6704.1";"6621.6";"2019.01.22 18:00:00";"2019.01.22 21:44:00";"30.0";"-2475.00";"6621.60010";"6786.60010";"-77632.94";"0.00";"IST";"SL";"3h 44m";"-0.00"
"460";"USTEC_ICM_UTC2";"Buy";"6657.4";"6739.9";"2019.01.23 18:15:00";"2019.01.25 13:17:00";"30.0";"2108.76";"6574.89990";"6739.89990";"-75524.18";"0.00";"IST";"PT";"1d 19h 2m";"-366.24"
"461";"USTEC_ICM_UTC2";"Buy";"6774.1";"6778.4";"2019.01.25 18:30:00";"2019.01.25 22:55:00";"30.0";"129.00";"6691.60010";"6856.60010";"-75395.18";"0.00";"IST";"End Of Friday (Time)";"4h 25m";"-0.00"
"462";"USTEC_ICM_UTC2";"Buy";"6667.1";"6749.6";"2019.01.28 18:00:00";"2019.01.30 19:22:00";"30.0";"2108.76";"6584.60010";"6749.60010";"-73286.41";"0.00";"IST";"PT";"2d 1h 22m";"-366.24"
"463";"USTEC_ICM_UTC2";"Buy";"6796.3";"6878.8";"2019.01.30 22:45:00";"2019.01.31 17:14:00";"30.0";"2291.88";"6713.79980";"6878.79980";"-70994.54";"0.00";"IST";"PT";"18h 29m";"-183.12"
"464";"USTEC_ICM_UTC2";"Buy";"6901.0";"6870.9";"2019.01.31 18:15:00";"2019.02.01 22:55:00";"30.0";"-1086.12";"6818.50000";"6983.50000";"-72080.66";"0.00";"IST";"End Of Friday (Time)";"1d 4h 40m";"-183.12"
"465";"USTEC_ICM_UTC2";"Buy";"6938.3";"7020.8";"2019.02.04 18:30:00";"2019.02.05 17:43:00";"30.0";"2291.88";"6855.79980";"7020.79980";"-69788.77";"0.00";"IST";"PT";"23h 13m";"-183.12"
"466";"USTEC_ICM_UTC2";"Buy";"7010.2";"6927.7";"2019.02.05 18:15:00";"2019.02.07 16:30:00";"30.0";"-2841.24";"6927.70020";"7092.70020";"-72630.02";"0.00";"IST";"SL";"1d 22h 15m";"-366.24"
"467";"USTEC_ICM_UTC2";"Buy";"6895.1";"6893.8";"2019.02.07 18:30:00";"2019.02.08 22:55:00";"30.0";"-222.12";"6812.60010";"6977.60010";"-72852.14";"0.00";"IST";"End Of Friday (Time)";"1d 4h 25m";"-183.12"
"468";"USTEC_ICM_UTC2";"Buy";"6917.6";"7000.1";"2019.02.11 18:30:00";"2019.02.12 17:57:00";"30.0";"2291.88";"6835.10010";"7000.10010";"-70560.26";"0.00";"IST";"PT";"23h 27m";"-183.12"
"469";"USTEC_ICM_UTC2";"Buy";"7004.7";"7087.2";"2019.02.12 18:00:00";"2019.02.15 16:28:00";"30.0";"1925.64";"6922.20020";"7087.20020";"-68634.62";"0.00";"IST";"PT";"2d 22h 28m";"-549.36"
"470";"USTEC_ICM_UTC2";"Buy";"7042.5";"7044.3";"2019.02.15 18:00:00";"2019.02.15 22:55:00";"30.0";"54.00";"6960.00000";"7125.00000";"-68580.62";"0.00";"IST";"End Of Friday (Time)";"4h 55m";"-0.00"
"471";"USTEC_ICM_UTC2";"Buy";"7069.8";"7076.1";"2019.02.19 18:15:00";"2019.02.22 22:55:00";"30.0";"-360.36";"6987.29980";"7152.29980";"-68940.98";"0.00";"IST";"End Of Friday (Time)";"3d 4h 40m";"-549.36"
"472";"USTEC_ICM_UTC2";"Buy";"7158.7";"7076.2";"2019.02.25 18:15:00";"2019.02.26 04:27:00";"30.0";"-2658.12";"7076.20020";"7241.20020";"-71599.09";"0.00";"IST";"SL";"10h 12m";"-183.12"
"473";"USTEC_ICM_UTC2";"Buy";"7126.6";"7044.1";"2019.02.26 18:15:00";"2019.02.27 17:28:00";"30.0";"-2658.12";"7044.10010";"7209.10010";"-74257.22";"0.00";"IST";"SL";"23h 13m";"-183.12"
"474";"USTEC_ICM_UTC2";"Buy";"7071.4";"7153.9";"2019.02.27 17:45:00";"2019.03.01 16:30:00";"30.0";"2108.76";"6988.89990";"7153.89990";"-72148.46";"0.00";"IST";"PT";"1d 22h 45m";"-366.24"
"475";"USTEC_ICM_UTC2";"Buy";"7131.1";"7149.2";"2019.03.01 18:00:00";"2019.03.01 22:55:00";"30.0";"543.00";"7048.60010";"7213.60010";"-71605.46";"0.00";"IST";"End Of Friday (Time)";"4h 55m";"-0.00"
"476";"USTEC_ICM_UTC2";"Buy";"7155.7";"7073.2";"2019.03.04 18:15:00";"2019.03.04 19:19:00";"30.0";"-2475.00";"7073.20020";"7238.20020";"-74080.46";"0.00";"IST";"SL";"1h 4m";"-0.00"
"477";"USTEC_ICM_UTC2";"Buy";"7171.7";"7089.2";"2019.03.05 18:45:00";"2019.03.07 02:19:00";"30.0";"-2841.24";"7089.20020";"7254.20020";"-76921.70";"0.00";"IST";"SL";"1d 7h 34m";"-366.24"
"478";"USTEC_ICM_UTC2";"Buy";"7094.7";"7012.2";"2019.03.07 16:30:00";"2019.03.07 21:48:00";"30.0";"-2475.00";"7012.20020";"7177.20020";"-79396.70";"0.00";"IST";"SL";"5h 18m";"-0.00"
"479";"USTEC_ICM_UTC2";"Buy";"6972.3";"7010.4";"2019.03.08 17:30:00";"2019.03.08 22:55:00";"30.0";"1143.00";"6889.79980";"7054.79980";"-78253.70";"0.00";"IST";"End Of Friday (Time)";"5h 25m";"-0.00"
"480";"USTEC_ICM_UTC2";"Buy";"7131.2";"7213.7";"2019.03.11 17:15:00";"2019.03.12 17:57:00";"30.0";"2291.88";"7048.70020";"7213.70020";"-75961.82";"0.00";"IST";"PT";"1d 0h 42m";"-183.12"
"481";"USTEC_ICM_UTC2";"Buy";"7217.1";"7299.6";"2019.03.12 18:00:00";"2019.03.15 15:55:00";"30.0";"1925.64";"7134.60010";"7299.60010";"-74036.18";"0.00";"IST";"PT";"2d 21h 55m";"-549.36"
"482";"USTEC_ICM_UTC2";"Buy";"7295.0";"7377.5";"2019.03.15 17:00:00";"2019.03.19 17:57:00";"30.0";"1742.52";"7212.50000";"7377.50000";"-72293.66";"0.00";"IST";"PT";"4d 0h 57m";"-732.48"
"483";"USTEC_ICM_UTC2";"Buy";"7387.2";"7469.7";"2019.03.19 18:15:00";"2019.03.21 19:52:00";"30.0";"2108.76";"7304.70020";"7469.70020";"-70184.90";"0.00";"IST";"PT";"2d 1h 37m";"-366.24"
"484";"USTEC_ICM_UTC2";"Buy";"7495.6";"7413.1";"2019.03.21 20:45:00";"2019.03.22 15:55:00";"30.0";"-2658.12";"7413.10010";"7578.10010";"-72843.02";"0.00";"IST";"SL";"19h 10m";"-183.12"
"485";"USTEC_ICM_UTC2";"Buy";"7413.9";"7331.4";"2019.03.22 17:15:00";"2019.03.22 21:55:00";"30.0";"-2475.00";"7331.39990";"7496.39990";"-75318.02";"0.00";"IST";"SL";"4h 40m";"-0.00"
"486";"USTEC_ICM_UTC2";"Buy";"7316.8";"7399.3";"2019.03.25 17:15:00";"2019.03.26 15:54:00";"30.0";"2291.88";"7234.29980";"7399.29980";"-73026.14";"0.00";"IST";"PT";"22h 39m";"-183.12"
"487";"USTEC_ICM_UTC2";"Buy";"7399.6";"7317.1";"2019.03.26 17:00:00";"2019.03.26 21:30:00";"30.0";"-2475.00";"7317.10010";"7482.10010";"-75501.14";"0.00";"IST";"SL";"4h 30m";"-0.00"
"488";"USTEC_ICM_UTC2";"Buy";"7251.8";"7334.3";"2019.03.27 17:45:00";"2019.03.28 16:03:00";"30.0";"2291.88";"7169.29980";"7334.29980";"-73209.26";"0.00";"IST";"PT";"22h 18m";"-183.12"
"489";"USTEC_ICM_UTC2";"Buy";"7316.0";"7406.1";"2019.03.28 17:00:00";"2019.04.01 01:00:00";"30.0";"1969.32";"7233.50000";"7398.50000";"-71239.94";"0.00";"IST";"PT";"3d 8h 0m";"-732.48"
"490";"USTEC_ICM_UTC2";"Buy";"7452.1";"7534.6";"2019.04.01 19:00:00";"2019.04.03 04:45:00";"30.0";"2108.76";"7369.60010";"7534.60010";"-69131.18";"0.00";"IST";"PT";"1d 9h 45m";"-366.24"
"491";"USTEC_ICM_UTC2";"Buy";"7542.3";"7573.3";"2019.04.03 16:45:00";"2019.04.05 22:55:00";"30.0";"563.76";"7459.79980";"7624.79980";"-68567.41";"0.00";"IST";"End Of Friday (Time)";"2d 6h 10m";"-366.24"
"492";"USTEC_ICM_UTC2";"Buy";"7556.3";"7638.8";"2019.04.08 17:30:00";"2019.04.12 15:15:00";"30.0";"1742.52";"7473.79980";"7638.79980";"-66824.90";"0.00";"IST";"PT";"3d 21h 45m";"-732.48"
"493";"USTEC_ICM_UTC2";"Buy";"7622.0";"7620.0";"2019.04.12 16:45:00";"2019.04.12 22:55:00";"30.0";"-60.00";"7539.50000";"7704.50000";"-66884.90";"0.00";"IST";"End Of Friday (Time)";"6h 10m";"-0.00"
"494";"USTEC_ICM_UTC2";"Buy";"7602.2";"7684.7";"2019.04.15 18:15:00";"2019.04.17 15:03:00";"30.0";"2108.76";"7519.70020";"7684.70020";"-64776.14";"0.00";"IST";"PT";"1d 20h 48m";"-366.24"
"495";"USTEC_ICM_UTC2";"Buy";"7695.9";"7778.4";"2019.04.17 16:45:00";"2019.04.23 18:21:00";"30.0";"1376.28";"7613.39990";"7778.39990";"-63399.86";"0.00";"IST";"PT";"6d 1h 36m";"-1098.72"
"496";"USTEC_ICM_UTC2";"Buy";"7805.2";"7812.9";"2019.04.23 19:45:00";"2019.04.26 22:55:00";"30.0";"-318.36";"7722.70020";"7887.70020";"-63718.22";"0.00";"IST";"End Of Friday (Time)";"3d 3h 10m";"-549.36"
"497";"USTEC_ICM_UTC2";"Buy";"7833.4";"7750.9";"2019.04.29 18:15:00";"2019.04.30 18:00:00";"30.0";"-2658.12";"7750.89990";"7915.89990";"-66376.34";"0.00";"IST";"SL";"23h 45m";"-183.12"
"498";"USTEC_ICM_UTC2";"Buy";"7728.7";"7831.0";"2019.04.30 18:15:00";"2019.05.01 01:00:00";"30.0";"2884.95";"7646.20020";"7811.20020";"-63491.39";"0.00";"IST";"PT";"6h 45m";"-183.12"
"499";"USTEC_ICM_UTC2";"Buy";"7829.0";"7746.5";"2019.05.01 18:00:00";"2019.05.01 23:00:00";"30.0";"-2475.00";"7746.50000";"7911.50000";"-65966.39";"0.00";"IST";"SL";"5h 0m";"-0.00"
"500";"USTEC_ICM_UTC2";"Buy";"7767.9";"7685.4";"2019.05.02 17:00:00";"2019.05.02 18:46:00";"30.0";"-2475.00";"7685.39990";"7850.39990";"-68441.39";"0.00";"IST";"SL";"1h 46m";"-0.00"
"501";"USTEC_ICM_UTC2";"Buy";"7793.6";"7845.1";"2019.05.03 17:15:00";"2019.05.03 22:55:00";"30.0";"1545.00";"7711.10010";"7876.10010";"-66896.39";"0.00";"IST";"End Of Friday (Time)";"5h 40m";"-0.00"
"502";"USTEC_ICM_UTC2";"Buy";"7737.3";"7654.8";"2019.05.06 17:00:00";"2019.05.07 17:43:00";"30.0";"-2658.12";"7654.79980";"7819.79980";"-69554.51";"0.00";"IST";"SL";"1d 0h 43m";"-183.12"
"503";"USTEC_ICM_UTC2";"Buy";"7652.2";"7569.7";"2019.05.07 18:00:00";"2019.05.09 09:50:00";"30.0";"-2841.24";"7569.70020";"7734.70020";"-72395.75";"0.00";"IST";"SL";"1d 15h 50m";"-366.24"
"504";"USTEC_ICM_UTC2";"Buy";"7486.6";"7569.1";"2019.05.09 18:30:00";"2019.05.09 19:35:00";"30.0";"2475.00";"7404.10010";"7569.10010";"-69920.75";"0.00";"IST";"PT";"1h 5m";"-0.00"
"505";"USTEC_ICM_UTC2";"Buy";"7448.1";"7530.6";"2019.05.10 19:00:00";"2019.05.10 20:18:00";"30.0";"2475.00";"7365.60010";"7530.60010";"-67445.75";"0.00";"IST";"PT";"1h 18m";"-0.00"
"506";"USTEC_ICM_UTC2";"Buy";"7359.0";"7441.5";"2019.05.13 18:15:00";"2019.05.14 19:05:00";"30.0";"2291.88";"7276.50000";"7441.50000";"-65153.87";"0.00";"IST";"PT";"1d 0h 50m";"-183.12"
"507";"USTEC_ICM_UTC2";"Buy";"7427.4";"7344.9";"2019.05.14 20:00:00";"2019.05.15 16:16:00";"30.0";"-2658.12";"7344.89990";"7509.89990";"-67811.98";"0.00";"IST";"SL";"20h 16m";"-183.12"
"508";"USTEC_ICM_UTC2";"Buy";"7467.5";"7550.0";"2019.05.15 18:00:00";"2019.05.16 16:50:00";"30.0";"2291.88";"7385.00000";"7550.00000";"-65520.11";"0.00";"IST";"PT";"22h 50m";"-183.12"
"509";"USTEC_ICM_UTC2";"Buy";"7601.7";"7519.2";"2019.05.16 18:15:00";"2019.05.17 14:51:00";"30.0";"-2658.12";"7519.20020";"7684.20020";"-68178.23";"0.00";"IST";"SL";"20h 36m";"-183.12"
"510";"USTEC_ICM_UTC2";"Buy";"7532.4";"7504.6";"2019.05.17 17:00:00";"2019.05.17 22:55:00";"30.0";"-834.00";"7449.89990";"7614.89990";"-69012.23";"0.00";"IST";"End Of Friday (Time)";"5h 55m";"-0.00"
"511";"USTEC_ICM_UTC2";"Buy";"7364.0";"7446.5";"2019.05.20 16:45:00";"2019.05.21 13:24:00";"30.0";"2291.88";"7281.50000";"7446.50000";"-66720.35";"0.00";"IST";"PT";"20h 39m";"-183.12"
"512";"USTEC_ICM_UTC2";"Buy";"7455.2";"7372.7";"2019.05.21 18:15:00";"2019.05.23 04:33:00";"30.0";"-2841.24";"7372.70020";"7537.70020";"-69561.59";"0.00";"IST";"SL";"1d 10h 18m";"-366.24"
"513";"USTEC_ICM_UTC2";"Buy";"7313.3";"7300.3";"2019.05.23 17:00:00";"2019.05.24 22:55:00";"30.0";"-573.12";"7230.79980";"7395.79980";"-70134.71";"0.00";"IST";"End Of Friday (Time)";"1d 5h 55m";"-183.12"
"514";"USTEC_ICM_UTC2";"Buy";"7341.4";"7258.9";"2019.05.28 18:15:00";"2019.05.29 03:12:00";"30.0";"-2658.12";"7258.89990";"7423.89990";"-72792.83";"0.00";"IST";"SL";"8h 57m";"-183.12"
"515";"USTEC_ICM_UTC2";"Buy";"7188.4";"7134.0";"2019.05.29 18:45:00";"2019.05.31 22:55:00";"30.0";"-1998.24";"7105.89990";"7270.89990";"-74791.07";"0.00";"IST";"End Of Friday (Time)";"2d 4h 10m";"-366.24"
"516";"USTEC_ICM_UTC2";"Buy";"7075.5";"6993.0";"2019.06.03 18:45:00";"2019.06.03 19:29:00";"30.0";"-2475.00";"6993.00000";"7158.00000";"-77266.07";"0.00";"IST";"SL";"44m 0s";"-0.00"
"517";"USTEC_ICM_UTC2";"Buy";"7036.9";"7119.4";"2019.06.04 17:00:00";"2019.06.04 18:23:00";"30.0";"2475.00";"6954.39990";"7119.39990";"-74791.07";"0.00";"IST";"PT";"1h 23m";"-0.00"
"518";"USTEC_ICM_UTC2";"Buy";"7167.6";"7250.1";"2019.06.05 17:45:00";"2019.06.06 10:48:00";"30.0";"2291.88";"7085.10010";"7250.10010";"-72499.19";"0.00";"IST";"PT";"17h 3m";"-183.12"
"519";"USTEC_ICM_UTC2";"Buy";"7204.4";"7286.9";"2019.06.06 17:30:00";"2019.06.06 22:33:00";"30.0";"2475.00";"7121.89990";"7286.89990";"-70024.19";"0.00";"IST";"PT";"5h 3m";"-0.00"
"520";"USTEC_ICM_UTC2";"Buy";"7392.1";"7412.9";"2019.06.07 17:30:00";"2019.06.07 22:55:00";"30.0";"624.00";"7309.60010";"7474.60010";"-69400.19";"0.00";"IST";"End Of Friday (Time)";"5h 25m";"-0.00"
"521";"USTEC_ICM_UTC2";"Buy";"7552.9";"7470.4";"2019.06.10 18:15:00";"2019.06.12 09:59:00";"30.0";"-2841.24";"7470.39990";"7635.39990";"-72241.43";"0.00";"IST";"SL";"1d 15h 44m";"-366.24"
"522";"USTEC_ICM_UTC2";"Buy";"7462.1";"7489.0";"2019.06.12 19:15:00";"2019.06.14 22:55:00";"30.0";"440.76";"7379.60010";"7544.60010";"-71800.67";"0.00";"IST";"End Of Friday (Time)";"2d 3h 40m";"-366.24"
"523";"USTEC_ICM_UTC2";"Buy";"7539.8";"7622.3";"2019.06.17 18:15:00";"2019.06.18 16:39:00";"30.0";"2291.88";"7457.29980";"7622.29980";"-69508.79";"0.00";"IST";"PT";"22h 24m";"-183.12"
"524";"USTEC_ICM_UTC2";"Buy";"7679.6";"7762.1";"2019.06.18 18:15:00";"2019.06.20 11:45:00";"30.0";"2108.76";"7597.10010";"7762.10010";"-67400.03";"0.00";"IST";"PT";"1d 17h 30m";"-366.24"
"525";"USTEC_ICM_UTC2";"Buy";"7717.1";"7731.3";"2019.06.20 18:30:00";"2019.06.21 22:55:00";"30.0";"242.88";"7634.60010";"7799.60010";"-67157.15";"0.00";"IST";"End Of Friday (Time)";"1d 4h 25m";"-183.12"
"526";"USTEC_ICM_UTC2";"Buy";"7741.1";"7658.6";"2019.06.24 18:15:00";"2019.06.25 17:50:00";"30.0";"-2658.12";"7658.60010";"7823.60010";"-69815.27";"0.00";"IST";"SL";"23h 35m";"-183.12"
"527";"USTEC_ICM_UTC2";"Buy";"7661.9";"7649.8";"2019.06.25 18:30:00";"2019.06.28 22:55:00";"30.0";"-912.36";"7579.39990";"7744.39990";"-70727.63";"0.00";"IST";"End Of Friday (Time)";"3d 4h 25m";"-549.36"
"528";"USTEC_ICM_UTC2";"Buy";"7778.7";"7861.2";"2019.07.01 19:15:00";"2019.07.03 20:00:00";"30.0";"2108.76";"7696.20020";"7861.20020";"-68618.87";"0.00";"IST";"PT";"2d 0h 45m";"-366.24"
"529";"USTEC_ICM_UTC2";"Buy";"7783.4";"7834.8";"2019.07.05 17:00:00";"2019.07.05 22:55:00";"30.0";"1542.00";"7700.89990";"7865.89990";"-67076.87";"0.00";"IST";"End Of Friday (Time)";"5h 55m";"-0.00"
"530";"USTEC_ICM_UTC2";"Buy";"7776.0";"7858.5";"2019.07.08 18:30:00";"2019.07.10 15:34:00";"30.0";"2108.76";"7693.50000";"7858.50000";"-64968.11";"0.00";"IST";"PT";"1d 21h 4m";"-366.24"
"531";"USTEC_ICM_UTC2";"Buy";"7922.4";"7938.2";"2019.07.10 17:00:00";"2019.07.12 22:55:00";"30.0";"107.76";"7839.89990";"8004.89990";"-64860.35";"0.00";"IST";"End Of Friday (Time)";"2d 5h 55m";"-366.24"
"532";"USTEC_ICM_UTC2";"Buy";"7952.3";"7869.8";"2019.07.15 18:45:00";"2019.07.17 23:07:00";"30.0";"-2841.24";"7869.79980";"8034.79980";"-67701.59";"0.00";"IST";"SL";"2d 4h 22m";"-366.24"
"533";"USTEC_ICM_UTC2";"Buy";"7860.0";"7942.5";"2019.07.18 18:00:00";"2019.07.19 01:03:00";"30.0";"2291.88";"7777.50000";"7942.50000";"-65409.71";"0.00";"IST";"PT";"7h 3m";"-183.12"
"534";"USTEC_ICM_UTC2";"Buy";"7931.8";"7849.3";"2019.07.19 17:00:00";"2019.07.19 22:18:00";"30.0";"-2475.00";"7849.29980";"8014.29980";"-67884.71";"0.00";"IST";"SL";"5h 18m";"-0.00"
"535";"USTEC_ICM_UTC2";"Buy";"7880.5";"7963.0";"2019.07.22 18:00:00";"2019.07.23 23:09:00";"30.0";"2291.88";"7798.00000";"7963.00000";"-65592.83";"0.00";"IST";"PT";"1d 5h 9m";"-183.12"
"536";"USTEC_ICM_UTC2";"Buy";"7964.0";"8022.1";"2019.07.24 18:15:00";"2019.07.26 22:55:00";"30.0";"1376.76";"7881.50000";"8046.50000";"-64216.07";"0.00";"IST";"End Of Friday (Time)";"2d 4h 40m";"-366.24"
"537";"USTEC_ICM_UTC2";"Buy";"7971.6";"7889.1";"2019.07.29 18:30:00";"2019.07.31 21:43:00";"30.0";"-2841.24";"7889.10010";"8054.10010";"-67057.31";"0.00";"IST";"SL";"2d 3h 13m";"-366.24"
"538";"USTEC_ICM_UTC2";"Buy";"7896.0";"7813.5";"2019.07.31 22:30:00";"2019.08.01 01:01:00";"30.0";"-2658.12";"7813.50000";"7978.50000";"-69715.43";"0.00";"IST";"SL";"2h 31m";"-183.12"
"539";"USTEC_ICM_UTC2";"Buy";"7985.3";"7902.8";"2019.08.01 18:00:00";"2019.08.01 20:34:00";"30.0";"-2475.00";"7902.79980";"8067.79980";"-72190.43";"0.00";"IST";"SL";"2h 34m";"-0.00"
"540";"USTEC_ICM_UTC2";"Buy";"7692.1";"7679.5";"2019.08.02 17:30:00";"2019.08.02 22:55:00";"30.0";"-378.00";"7609.60010";"7774.60010";"-72568.43";"0.00";"IST";"End Of Friday (Time)";"5h 25m";"-0.00"
"541";"USTEC_ICM_UTC2";"Buy";"7475.1";"7392.6";"2019.08.05 18:30:00";"2019.08.05 21:25:00";"30.0";"-2475.00";"7392.60010";"7557.60010";"-75043.43";"0.00";"IST";"SL";"2h 55m";"-0.00"
"542";"USTEC_ICM_UTC2";"Buy";"7453.8";"7536.3";"2019.08.06 18:15:00";"2019.08.06 21:32:00";"30.0";"2475.00";"7371.29980";"7536.29980";"-72568.43";"0.00";"IST";"PT";"3h 17m";"-0.00"
"543";"USTEC_ICM_UTC2";"Buy";"7427.8";"7510.3";"2019.08.07 17:00:00";"2019.08.07 17:50:00";"30.0";"2475.00";"7345.29980";"7510.29980";"-70093.43";"0.00";"IST";"PT";"50m 0s";"-0.00"
"544";"USTEC_ICM_UTC2";"Buy";"7597.4";"7679.9";"2019.08.09 19:00:00";"2019.08.09 20:31:00";"30.0";"2475.00";"7514.89990";"7679.89990";"-67618.43";"0.00";"IST";"PT";"1h 31m";"-0.00"
"545";"USTEC_ICM_UTC2";"Buy";"7612.1";"7529.6";"2019.08.12 17:30:00";"2019.08.12 21:59:00";"30.0";"-2475.00";"7529.60010";"7694.60010";"-70093.43";"0.00";"IST";"SL";"4h 29m";"-0.00"
"546";"USTEC_ICM_UTC2";"Buy";"7755.9";"7673.4";"2019.08.13 17:00:00";"2019.08.14 13:02:00";"30.0";"-2658.12";"7673.39990";"7838.39990";"-72751.55";"0.00";"IST";"SL";"20h 2m";"-183.12"
"547";"USTEC_ICM_UTC2";"Buy";"7596.4";"7513.9";"2019.08.14 16:30:00";"2019.08.14 18:46:00";"30.0";"-2475.00";"7513.89990";"7678.89990";"-75226.55";"0.00";"IST";"SL";"2h 16m";"-0.00"
"548";"USTEC_ICM_UTC2";"Buy";"7506.2";"7588.7";"2019.08.15 17:15:00";"2019.08.16 12:07:00";"30.0";"2291.88";"7423.70020";"7588.70020";"-72934.67";"0.00";"IST";"PT";"18h 52m";"-183.12"
"549";"USTEC_ICM_UTC2";"Buy";"7619.1";"7609.9";"2019.08.16 18:00:00";"2019.08.16 22:55:00";"30.0";"-276.00";"7536.60010";"7701.60010";"-73210.67";"0.00";"IST";"End Of Friday (Time)";"4h 55m";"-0.00"
"550";"USTEC_ICM_UTC2";"Buy";"7722.9";"7640.4";"2019.08.19 18:15:00";"2019.08.23 15:25:00";"30.0";"-3207.48";"7640.39990";"7805.39990";"-76418.15";"0.00";"IST";"SL";"3d 21h 10m";"-732.48"
"551";"USTEC_ICM_UTC2";"Buy";"7648.5";"7566.0";"2019.08.23 17:00:00";"2019.08.23 18:09:00";"30.0";"-2475.00";"7566.00000";"7731.00000";"-78893.15";"0.00";"IST";"SL";"1h 9m";"-0.00"
"552";"USTEC_ICM_UTC2";"Buy";"7542.6";"7625.1";"2019.08.26 17:00:00";"2019.08.27 15:27:00";"30.0";"2291.88";"7460.10010";"7625.10010";"-76601.27";"0.00";"IST";"PT";"22h 27m";"-183.12"
"553";"USTEC_ICM_UTC2";"Buy";"7563.7";"7646.2";"2019.08.27 18:30:00";"2019.08.29 10:14:00";"30.0";"2108.76";"7481.20020";"7646.20020";"-74492.51";"0.00";"IST";"PT";"1d 15h 44m";"-366.24"
"554";"USTEC_ICM_UTC2";"Buy";"7699.3";"7675.8";"2019.08.29 18:15:00";"2019.08.30 22:55:00";"30.0";"-888.12";"7616.79980";"7781.79980";"-75380.63";"0.00";"IST";"End Of Friday (Time)";"1d 4h 40m";"-183.12"
"555";"USTEC_ICM_UTC2";"Buy";"7660.8";"7578.3";"2019.09.02 18:45:00";"2019.09.02 18:50:00";"30.0";"-2475.00";"7578.29980";"7743.29980";"-77855.63";"0.00";"IST";"SL";"5m 0s";"-0.00"
"556";"USTEC_ICM_UTC2";"Buy";"7647.2";"7729.7";"2019.09.03 17:00:00";"2019.09.05 03:05:00";"30.0";"2108.76";"7564.70020";"7729.70020";"-75746.87";"0.00";"IST";"PT";"1d 10h 5m";"-366.24"
"557";"USTEC_ICM_UTC2";"Buy";"7858.1";"7852.9";"2019.09.05 18:15:00";"2019.09.06 22:55:00";"30.0";"-339.12";"7775.60010";"7940.60010";"-76085.99";"0.00";"IST";"End Of Friday (Time)";"1d 4h 40m";"-183.12"
"558";"USTEC_ICM_UTC2";"Buy";"7861.0";"7778.5";"2019.09.09 18:45:00";"2019.09.10 11:16:00";"30.0";"-2658.12";"7778.50000";"7943.50000";"-78744.11";"0.00";"IST";"SL";"16h 31m";"-183.12"
"559";"USTEC_ICM_UTC2";"Buy";"7779.5";"7862.0";"2019.09.10 17:30:00";"2019.09.11 17:14:00";"30.0";"2291.88";"7697.00000";"7862.00000";"-76452.23";"0.00";"IST";"PT";"23h 44m";"-183.12"
"560";"USTEC_ICM_UTC2";"Buy";"7858.2";"7940.7";"2019.09.11 18:15:00";"2019.09.12 02:25:00";"30.0";"2291.88";"7775.70020";"7940.70020";"-74160.35";"0.00";"IST";"PT";"8h 10m";"-183.12"
"561";"USTEC_ICM_UTC2";"Buy";"7931.5";"7895.0";"2019.09.12 16:30:00";"2019.09.13 22:55:00";"30.0";"-1278.12";"7849.00000";"8014.00000";"-75438.47";"0.00";"IST";"End Of Friday (Time)";"1d 6h 25m";"-183.12"
"562";"USTEC_ICM_UTC2";"Buy";"7845.6";"7928.1";"2019.09.16 18:00:00";"2019.09.19 16:36:00";"30.0";"1925.64";"7763.10010";"7928.10010";"-73512.83";"0.00";"IST";"PT";"2d 22h 36m";"-549.36"
"563";"USTEC_ICM_UTC2";"Buy";"7930.3";"7847.8";"2019.09.19 17:00:00";"2019.09.20 20:13:00";"30.0";"-2658.12";"7847.79980";"8012.79980";"-76170.95";"0.00";"IST";"SL";"1d 3h 13m";"-183.12"
"564";"USTEC_ICM_UTC2";"Buy";"7839.8";"7829.9";"2019.09.20 22:00:00";"2019.09.20 22:55:00";"30.0";"-297.00";"7757.29980";"7922.29980";"-76467.95";"0.00";"IST";"End Of Friday (Time)";"55m 0s";"-0.00"
"565";"USTEC_ICM_UTC2";"Buy";"7814.5";"7732.0";"2019.09.23 17:30:00";"2019.09.24 19:23:00";"30.0";"-2658.12";"7732.00000";"7897.00000";"-79126.07";"0.00";"IST";"SL";"1d 1h 53m";"-183.12"
"566";"USTEC_ICM_UTC2";"Buy";"7728.6";"7646.1";"2019.09.24 19:30:00";"2019.09.25 17:01:00";"30.0";"-2658.12";"7646.10010";"7811.10010";"-81784.19";"0.00";"IST";"SL";"21h 31m";"-183.12"
"567";"USTEC_ICM_UTC2";"Buy";"7734.8";"7817.3";"2019.09.25 18:45:00";"2019.09.25 22:47:00";"30.0";"2475.00";"7652.29980";"7817.29980";"-79309.19";"0.00";"IST";"PT";"4h 2m";"-0.00"
"568";"USTEC_ICM_UTC2";"Buy";"7763.9";"7681.4";"2019.09.26 17:30:00";"2019.09.27 19:58:00";"30.0";"-2658.12";"7681.39990";"7846.39990";"-81967.31";"0.00";"IST";"SL";"1d 2h 28m";"-183.12"
"569";"USTEC_ICM_UTC2";"Buy";"7680.9";"7677.7";"2019.09.27 20:30:00";"2019.09.27 22:55:00";"30.0";"-96.00";"7598.39990";"7763.39990";"-82063.31";"0.00";"IST";"End Of Friday (Time)";"2h 25m";"-0.00"
"570";"USTEC_ICM_UTC2";"Buy";"7738.3";"7820.8";"2019.09.30 18:30:00";"2019.10.01 16:48:00";"30.0";"2291.88";"7655.79980";"7820.79980";"-79771.43";"0.00";"IST";"PT";"22h 18m";"-183.12"
"571";"USTEC_ICM_UTC2";"Buy";"7716.1";"7633.6";"2019.10.01 19:00:00";"2019.10.02 11:43:00";"30.0";"-2658.12";"7633.60010";"7798.60010";"-82429.55";"0.00";"IST";"SL";"16h 43m";"-183.12"
"572";"USTEC_ICM_UTC2";"Buy";"7557.1";"7474.6";"2019.10.02 18:00:00";"2019.10.03 17:06:00";"30.0";"-2658.12";"7474.60010";"7639.60010";"-85087.67";"0.00";"IST";"SL";"23h 6m";"-183.12"
"573";"USTEC_ICM_UTC2";"Buy";"7573.6";"7656.1";"2019.10.03 19:00:00";"2019.10.04 08:10:00";"30.0";"2291.88";"7491.10010";"7656.10010";"-82795.79";"0.00";"IST";"PT";"13h 10m";"-183.12"
"574";"USTEC_ICM_UTC2";"Buy";"7703.0";"7754.1";"2019.10.04 17:15:00";"2019.10.04 22:55:00";"30.0";"1533.00";"7620.50000";"7785.50000";"-81262.79";"0.00";"IST";"End Of Friday (Time)";"5h 40m";"-0.00"
"575";"USTEC_ICM_UTC2";"Buy";"7760.0";"7677.5";"2019.10.07 18:30:00";"2019.10.08 13:20:00";"30.0";"-2658.12";"7677.50000";"7842.50000";"-83920.91";"0.00";"IST";"SL";"18h 50m";"-183.12"
"576";"USTEC_ICM_UTC2";"Buy";"7633.2";"7715.7";"2019.10.08 17:00:00";"2019.10.09 22:02:00";"30.0";"2291.88";"7550.70020";"7715.70020";"-81629.03";"0.00";"IST";"PT";"1d 5h 2m";"-183.12"
"577";"USTEC_ICM_UTC2";"Buy";"7764.1";"7846.6";"2019.10.10 18:00:00";"2019.10.11 14:26:00";"30.0";"2291.88";"7681.60010";"7846.60010";"-79337.15";"0.00";"IST";"PT";"20h 26m";"-183.12"
"578";"USTEC_ICM_UTC2";"Buy";"7880.5";"7853.3";"2019.10.11 18:15:00";"2019.10.11 22:55:00";"30.0";"-816.00";"7798.00000";"7963.00000";"-80153.15";"0.00";"IST";"End Of Friday (Time)";"4h 40m";"-0.00"
"579";"USTEC_ICM_UTC2";"Buy";"7865.2";"7947.7";"2019.10.14 18:00:00";"2019.10.15 20:21:00";"30.0";"2291.88";"7782.70020";"7947.70020";"-77861.27";"0.00";"IST";"PT";"1d 2h 21m";"-183.12"
"580";"USTEC_ICM_UTC2";"Buy";"7910.1";"7827.6";"2019.10.16 17:00:00";"2019.10.18 19:20:00";"30.0";"-2841.24";"7827.60010";"7992.60010";"-80702.51";"0.00";"IST";"SL";"2d 2h 20m";"-366.24"
"581";"USTEC_ICM_UTC2";"Buy";"7835.7";"7886.0";"2019.10.18 19:30:00";"2019.10.18 22:55:00";"30.0";"1509.00";"7753.20020";"7918.20020";"-79193.51";"0.00";"IST";"End Of Friday (Time)";"3h 25m";"-0.00"
"582";"USTEC_ICM_UTC2";"Buy";"7902.4";"7819.9";"2019.10.21 17:15:00";"2019.10.23 03:02:00";"30.0";"-2841.24";"7819.89990";"7984.89990";"-82034.75";"0.00";"IST";"SL";"1d 9h 47m";"-366.24"
"583";"USTEC_ICM_UTC2";"Buy";"7873.4";"7955.9";"2019.10.23 16:45:00";"2019.10.24 18:29:00";"30.0";"2291.88";"7790.89990";"7955.89990";"-79742.88";"0.00";"IST";"PT";"1d 1h 44m";"-183.12"
"584";"USTEC_ICM_UTC2";"Buy";"7964.0";"8022.3";"2019.10.24 18:45:00";"2019.10.25 22:55:00";"30.0";"1565.88";"7881.50000";"8046.50000";"-78176.99";"0.00";"IST";"End Of Friday (Time)";"1d 4h 10m";"-183.12"
"585";"USTEC_ICM_UTC2";"Buy";"8095.5";"8013.0";"2019.10.28 16:30:00";"2019.10.30 16:04:00";"30.0";"-2841.24";"8013.00000";"8178.00000";"-81018.23";"0.00";"IST";"SL";"1d 23h 34m";"-366.24"
"586";"USTEC_ICM_UTC2";"Buy";"8045.7";"8128.2";"2019.10.30 17:30:00";"2019.10.31 10:16:00";"30.0";"2291.88";"7963.20020";"8128.20020";"-78726.35";"0.00";"IST";"PT";"16h 46m";"-183.12"
"587";"USTEC_ICM_UTC2";"Buy";"8076.0";"8158.5";"2019.10.31 17:00:00";"2019.11.01 21:59:00";"30.0";"2291.88";"7993.50000";"8158.50000";"-76434.47";"0.00";"IST";"PT";"1d 4h 59m";"-183.12"
"588";"USTEC_ICM_UTC2";"Buy";"8216.1";"8248.4";"2019.11.04 17:00:00";"2019.11.08 22:55:00";"30.0";"236.55";"8133.60010";"8298.59961";"-76197.92";"0.00";"IST";"End Of Friday (Time)";"4d 5h 55m";"-732.48"
"589";"USTEC_ICM_UTC2";"Buy";"8227.9";"8310.4";"2019.11.11 18:30:00";"2019.11.15 16:28:00";"30.0";"1742.52";"8145.39990";"8310.40039";"-74455.40";"0.00";"IST";"PT";"3d 21h 58m";"-732.48"
"590";"USTEC_ICM_UTC2";"Buy";"8305.2";"8307.9";"2019.11.15 18:00:00";"2019.11.15 22:55:00";"30.0";"81.00";"8222.70020";"8387.70020";"-74374.40";"0.00";"IST";"End Of Friday (Time)";"4h 55m";"-0.00"
"591";"USTEC_ICM_UTC2";"Buy";"8291.6";"8264.7";"2019.11.18 17:15:00";"2019.11.22 22:55:00";"30.0";"-1539.45";"8209.09961";"8374.09961";"-75913.85";"0.00";"IST";"End Of Friday (Time)";"4d 5h 40m";"-732.48"
"592";"USTEC_ICM_UTC2";"Buy";"8361.5";"8444.0";"2019.11.25 18:15:00";"2019.11.27 22:59:00";"30.0";"2108.76";"8279.00000";"8444.00000";"-73805.09";"0.00";"IST";"PT";"2d 4h 44m";"-366.24"
"593";"USTEC_ICM_UTC2";"Buy";"8433.8";"8351.3";"2019.11.29 17:15:00";"2019.12.02 16:50:00";"30.0";"-3024.36";"8351.29980";"8516.29980";"-76829.45";"0.00";"IST";"SL";"2d 23h 35m";"-549.36"
"594";"USTEC_ICM_UTC2";"Buy";"8307.6";"8225.1";"2019.12.02 17:30:00";"2019.12.03 15:32:00";"30.0";"-2658.12";"8225.09961";"8390.09961";"-79487.57";"0.00";"IST";"SL";"22h 2m";"-183.12"
"595";"USTEC_ICM_UTC2";"Buy";"8207.6";"8290.1";"2019.12.03 16:30:00";"2019.12.04 11:08:00";"30.0";"2291.88";"8125.10010";"8290.09961";"-77195.70";"0.00";"IST";"PT";"18h 38m";"-183.12"
"596";"USTEC_ICM_UTC2";"Buy";"8299.7";"8382.2";"2019.12.04 17:30:00";"2019.12.06 16:45:00";"30.0";"2108.76";"8217.20020";"8382.20020";"-75086.93";"0.00";"IST";"PT";"1d 23h 15m";"-366.24"
"597";"USTEC_ICM_UTC2";"Buy";"8383.5";"8396.3";"2019.12.06 17:15:00";"2019.12.06 22:55:00";"30.0";"384.00";"8301.00000";"8466.00000";"-74702.93";"0.00";"IST";"End Of Friday (Time)";"5h 40m";"-0.00"
"598";"USTEC_ICM_UTC2";"Buy";"8399.1";"8316.6";"2019.12.09 18:15:00";"2019.12.10 10:55:00";"30.0";"-2658.12";"8316.59961";"8481.59961";"-77361.05";"0.00";"IST";"SL";"16h 40m";"-183.12"
"599";"USTEC_ICM_UTC2";"Buy";"8352.4";"8434.9";"2019.12.10 16:45:00";"2019.12.12 16:38:00";"30.0";"2108.76";"8269.90039";"8434.90039";"-75252.29";"0.00";"IST";"PT";"1d 23h 53m";"-366.24"
"600";"USTEC_ICM_UTC2";"Buy";"8459.8";"8486.2";"2019.12.12 17:00:00";"2019.12.13 22:55:00";"30.0";"608.88";"8377.29980";"8542.29980";"-74643.41";"0.00";"IST";"End Of Friday (Time)";"1d 5h 55m";"-183.12"
"601";"USTEC_ICM_UTC2";"Buy";"8582.0";"8664.5";"2019.12.16 18:15:00";"2019.12.20 15:49:00";"30.0";"1742.52";"8499.50000";"8664.50000";"-72900.89";"0.00";"IST";"PT";"3d 21h 34m";"-732.48"
"602";"USTEC_ICM_UTC2";"Buy";"8676.0";"8679.3";"2019.12.20 16:30:00";"2019.12.20 22:55:00";"30.0";"99.00";"8593.50000";"8758.50000";"-72801.89";"0.00";"IST";"End Of Friday (Time)";"6h 25m";"-0.00"
"603";"USTEC_ICM_UTC2";"Buy";"8704.4";"8786.9";"2019.12.23 18:00:00";"2019.12.27 02:31:00";"30.0";"1742.52";"8621.90039";"8786.90039";"-71059.38";"0.00";"IST";"PT";"3d 8h 31m";"-732.48"
"604";"USTEC_ICM_UTC2";"Buy";"8792.8";"8762.6";"2019.12.27 16:45:00";"2019.12.27 22:55:00";"30.0";"-906.00";"8710.29980";"8875.29980";"-71965.38";"0.00";"IST";"End Of Friday (Time)";"6h 10m";"-0.00"
"605";"USTEC_ICM_UTC2";"Buy";"8678.4";"8760.9";"2019.12.30 17:15:00";"2020.01.02 03:00:00";"30.0";"1925.64";"8595.90039";"8760.90039";"-70039.73";"0.00";"IST";"PT";"2d 9h 45m";"-549.36"
"606";"USTEC_ICM_UTC2";"Buy";"8806.9";"8724.4";"2020.01.02 18:00:00";"2020.01.03 12:56:00";"30.0";"-2658.12";"8724.40039";"8889.40039";"-72697.85";"0.00";"IST";"SL";"18h 56m";"-183.12"
"607";"USTEC_ICM_UTC2";"Buy";"8820.4";"8802.9";"2020.01.03 16:45:00";"2020.01.03 22:55:00";"30.0";"-525.00";"8737.90039";"8902.90039";"-73222.85";"0.00";"IST";"End Of Friday (Time)";"6h 10m";"-0.00"
"608";"USTEC_ICM_UTC2";"Buy";"8809.4";"8726.9";"2020.01.06 17:45:00";"2020.01.08 01:40:00";"30.0";"-2841.24";"8726.90039";"8891.90039";"-76064.09";"0.00";"IST";"SL";"1d 7h 55m";"-366.24"
"609";"USTEC_ICM_UTC2";"Buy";"8865.8";"8948.3";"2020.01.08 18:15:00";"2020.01.08 22:22:00";"30.0";"2475.00";"8783.29980";"8948.29980";"-73589.09";"0.00";"IST";"PT";"4h 7m";"-0.00"
"610";"USTEC_ICM_UTC2";"Buy";"8994.4";"8966.9";"2020.01.09 18:00:00";"2020.01.10 22:55:00";"30.0";"-1008.12";"8911.90039";"9076.90039";"-74597.21";"0.00";"IST";"End Of Friday (Time)";"1d 4h 55m";"-183.12"
"611";"USTEC_ICM_UTC2";"Buy";"9021.2";"9103.7";"2020.01.13 18:15:00";"2020.01.16 22:35:00";"30.0";"1925.64";"8938.70020";"9103.70020";"-72671.57";"0.00";"IST";"PT";"3d 4h 20m";"-549.36"
"612";"USTEC_ICM_UTC2";"Buy";"9138.9";"9171.5";"2020.01.17 17:15:00";"2020.01.17 22:55:00";"30.0";"978.00";"9056.40039";"9221.40039";"-71693.57";"0.00";"IST";"End Of Friday (Time)";"5h 40m";"-0.00"
"613";"USTEC_ICM_UTC2";"Buy";"9157.2";"9239.7";"2020.01.21 18:00:00";"2020.01.22 17:42:00";"30.0";"2291.88";"9074.70020";"9239.70020";"-69401.70";"0.00";"IST";"PT";"23h 42m";"-183.12"
"614";"USTEC_ICM_UTC2";"Buy";"9208.9";"9126.4";"2020.01.22 18:15:00";"2020.01.24 20:52:00";"30.0";"-2841.24";"9126.40039";"9291.40039";"-72242.93";"0.00";"IST";"SL";"2d 2h 37m";"-366.24"
"615";"USTEC_ICM_UTC2";"Buy";"9142.1";"9146.0";"2020.01.24 21:00:00";"2020.01.24 22:55:00";"30.0";"117.00";"9059.59961";"9224.59961";"-72125.93";"0.00";"IST";"End Of Friday (Time)";"1h 55m";"-0.00"
"616";"USTEC_ICM_UTC2";"Buy";"8975.3";"9057.8";"2020.01.27 17:00:00";"2020.01.28 17:40:00";"30.0";"2291.88";"8892.79980";"9057.79980";"-69834.05";"0.00";"IST";"PT";"1d 0h 40m";"-183.12"
"617";"USTEC_ICM_UTC2";"Buy";"9076.7";"9159.2";"2020.01.28 18:30:00";"2020.01.30 23:01:00";"30.0";"2108.76";"8994.20020";"9159.20020";"-67725.29";"0.00";"IST";"PT";"2d 4h 31m";"-366.24"
"618";"USTEC_ICM_UTC2";"Buy";"9057.2";"8974.7";"2020.01.31 17:45:00";"2020.01.31 22:37:00";"30.0";"-2475.00";"8974.70020";"9139.70020";"-70200.29";"0.00";"IST";"SL";"4h 52m";"-0.00"
"619";"USTEC_ICM_UTC2";"Buy";"9126.3";"9208.8";"2020.02.03 18:15:00";"2020.02.04 10:23:00";"30.0";"2291.88";"9043.79980";"9208.79980";"-67908.41";"0.00";"IST";"PT";"16h 8m";"-183.12"
"620";"USTEC_ICM_UTC2";"Buy";"9289.8";"9372.3";"2020.02.04 18:15:00";"2020.02.05 10:34:00";"30.0";"2291.88";"9207.29980";"9372.29980";"-65616.53";"0.00";"IST";"PT";"16h 19m";"-183.12"
"621";"USTEC_ICM_UTC2";"Buy";"9373.0";"9457.8";"2020.02.05 16:45:00";"2020.02.07 01:00:00";"30.0";"2177.76";"9290.50000";"9455.50000";"-63438.77";"0.00";"IST";"PT";"1d 8h 15m";"-366.24"
"622";"USTEC_ICM_UTC2";"Buy";"9390.9";"9394.0";"2020.02.07 17:00:00";"2020.02.07 22:55:00";"30.0";"93.00";"9308.40039";"9473.40039";"-63345.77";"0.00";"IST";"End Of Friday (Time)";"5h 55m";"-0.00"
"623";"USTEC_ICM_UTC2";"Buy";"9449.9";"9532.4";"2020.02.10 18:15:00";"2020.02.11 02:39:00";"30.0";"2291.88";"9367.40039";"9532.40039";"-61053.89";"0.00";"IST";"PT";"8h 24m";"-183.12"
"624";"USTEC_ICM_UTC2";"Buy";"9528.5";"9611.0";"2020.02.11 21:30:00";"2020.02.12 22:53:00";"30.0";"2291.88";"9446.00000";"9611.00000";"-58762.01";"0.00";"IST";"PT";"1d 1h 23m";"-183.12"
"625";"USTEC_ICM_UTC2";"Buy";"9600.3";"9618.1";"2020.02.13 18:15:00";"2020.02.14 22:55:00";"30.0";"350.88";"9517.79980";"9682.79980";"-58411.13";"0.00";"IST";"End Of Friday (Time)";"1d 4h 40m";"-183.12"
"626";"USTEC_ICM_UTC2";"Buy";"9604.4";"9686.9";"2020.02.18 17:45:00";"2020.02.19 16:32:00";"30.0";"2291.88";"9521.90039";"9686.90039";"-56119.25";"0.00";"IST";"PT";"22h 47m";"-183.12"
"627";"USTEC_ICM_UTC2";"Buy";"9724.8";"9642.3";"2020.02.19 18:30:00";"2020.02.20 18:16:00";"30.0";"-2658.12";"9642.29980";"9807.29980";"-58777.37";"0.00";"IST";"SL";"23h 46m";"-183.12"
"628";"USTEC_ICM_UTC2";"Buy";"9596.3";"9513.8";"2020.02.20 18:30:00";"2020.02.20 18:32:00";"30.0";"-2475.00";"9513.79980";"9678.79980";"-61252.37";"0.00";"IST";"SL";"2m 0s";"-0.00"
"629";"USTEC_ICM_UTC2";"Buy";"9477.6";"9452.1";"2020.02.21 17:45:00";"2020.02.21 22:55:00";"30.0";"-765.00";"9395.09961";"9560.09961";"-62017.37";"0.00";"IST";"End Of Friday (Time)";"5h 10m";"-0.00"
"630";"USTEC_ICM_UTC2";"Buy";"9170.7";"9088.2";"2020.02.24 16:45:00";"2020.02.24 18:46:00";"30.0";"-2475.00";"9088.20020";"9253.20020";"-64492.37";"0.00";"IST";"SL";"2h 1m";"-0.00"
"631";"USTEC_ICM_UTC2";"Buy";"9046.0";"8963.5";"2020.02.25 17:30:00";"2020.02.25 18:16:00";"30.0";"-2475.00";"8963.50000";"9128.50000";"-66967.38";"0.00";"IST";"SL";"46m 0s";"-0.00"
"632";"USTEC_ICM_UTC2";"Buy";"8884.0";"8966.5";"2020.02.26 16:30:00";"2020.02.26 16:40:00";"30.0";"2475.00";"8801.50000";"8966.50000";"-64492.37";"0.00";"IST";"PT";"10m 0s";"-0.00"
"633";"USTEC_ICM_UTC2";"Buy";"8697.1";"8614.6";"2020.02.27 18:15:00";"2020.02.27 18:45:00";"30.0";"-2475.00";"8614.59961";"8779.59961";"-66967.38";"0.00";"IST";"SL";"30m 0s";"-0.00"
"634";"USTEC_ICM_UTC2";"Buy";"8232.0";"8149.5";"2020.02.28 16:45:00";"2020.02.28 17:02:00";"30.0";"-2475.00";"8149.50000";"8314.50000";"-69442.38";"0.00";"IST";"SL";"17m 0s";"-0.00"
"635";"USTEC_ICM_UTC2";"Buy";"8682.3";"8599.8";"2020.03.02 18:45:00";"2020.03.02 21:40:00";"30.0";"-2475.00";"8599.79980";"8764.79980";"-71917.38";"0.00";"IST";"SL";"2h 55m";"-0.00"
"636";"USTEC_ICM_UTC2";"Buy";"8780.1";"8862.6";"2020.03.03 17:00:00";"2020.03.03 17:00:00";"30.0";"2475.00";"8697.59961";"8862.59961";"-69442.38";"0.00";"IST";"PT";"0s";"-0.00"
"637";"USTEC_ICM_UTC2";"Buy";"8730.9";"8813.4";"2020.03.04 18:45:00";"2020.03.04 19:59:00";"30.0";"2475.00";"8648.40039";"8813.40039";"-66967.38";"0.00";"IST";"PT";"1h 14m";"-0.00"
"638";"USTEC_ICM_UTC2";"Buy";"8797.1";"8714.6";"2020.03.05 18:00:00";"2020.03.05 19:41:00";"30.0";"-2475.00";"8714.59961";"8879.59961";"-69442.38";"0.00";"IST";"SL";"1h 41m";"-0.00"
"639";"USTEC_ICM_UTC2";"Buy";"8442.2";"8524.7";"2020.03.06 17:15:00";"2020.03.06 17:30:00";"30.0";"2475.00";"8359.70020";"8524.70020";"-66967.38";"0.00";"IST";"PT";"15m 0s";"-0.00"
"640";"USTEC_ICM_UTC2";"Buy";"8097.0";"8179.5";"2020.03.09 17:15:00";"2020.03.09 17:37:00";"30.0";"2475.00";"8014.50000";"8179.50000";"-64492.37";"0.00";"IST";"PT";"22m 0s";"-0.00"
"641";"USTEC_ICM_UTC2";"Buy";"7988.3";"8070.8";"2020.03.10 17:30:00";"2020.03.10 18:02:00";"30.0";"2475.00";"7905.79980";"8070.79980";"-62017.37";"0.00";"IST";"PT";"32m 0s";"-0.00"
"642";"USTEC_ICM_UTC2";"Buy";"8120.9";"8038.4";"2020.03.11 17:00:00";"2020.03.11 19:01:00";"30.0";"-2475.00";"8038.39990";"8203.40039";"-64492.37";"0.00";"IST";"SL";"2h 1m";"-0.00"
"643";"USTEC_ICM_UTC2";"Buy";"7470.5";"7388.0";"2020.03.12 17:30:00";"2020.03.12 17:51:00";"30.0";"-2475.00";"7388.00000";"7553.00000";"-66967.38";"0.00";"IST";"SL";"21m 0s";"-0.00"
"644";"USTEC_ICM_UTC2";"Buy";"7329.8";"7412.3";"2020.03.13 17:45:00";"2020.03.13 17:56:00";"30.0";"2475.00";"7247.29980";"7412.29980";"-64492.37";"0.00";"IST";"PT";"11m 0s";"-0.00"
"645";"USTEC_ICM_UTC2";"Buy";"7268.5";"7351.0";"2020.03.16 16:30:00";"2020.03.16 16:33:00";"30.0";"2475.00";"7186.00000";"7351.00000";"-62017.37";"0.00";"IST";"PT";"3m 0s";"-0.00"
"646";"USTEC_ICM_UTC2";"Buy";"7335.4";"7417.9";"2020.03.17 17:30:00";"2020.03.17 17:51:00";"30.0";"2475.00";"7252.89990";"7417.89990";"-59542.37";"0.00";"IST";"PT";"21m 0s";"-0.00"
"647";"USTEC_ICM_UTC2";"Buy";"7127.8";"7210.3";"2020.03.18 17:15:00";"2020.03.18 17:55:00";"30.0";"2475.00";"7045.29980";"7210.29980";"-57067.37";"0.00";"IST";"PT";"40m 0s";"-0.00"
"648";"USTEC_ICM_UTC2";"Buy";"7444.1";"7361.6";"2020.03.19 17:30:00";"2020.03.19 17:58:00";"30.0";"-2475.00";"7361.60010";"7526.60010";"-59542.37";"0.00";"IST";"SL";"28m 0s";"-0.00"
"649";"USTEC_ICM_UTC2";"Buy";"7273.2";"7190.7";"2020.03.20 20:00:00";"2020.03.20 20:25:00";"30.0";"-2475.00";"7190.70020";"7355.70020";"-62017.37";"0.00";"IST";"SL";"25m 0s";"-0.00"
"650";"USTEC_ICM_UTC2";"Buy";"6831.7";"6914.2";"2020.03.23 17:30:00";"2020.03.23 18:18:00";"30.0";"2475.00";"6749.20020";"6914.20020";"-59542.37";"0.00";"IST";"PT";"48m 0s";"-0.00"
"651";"USTEC_ICM_UTC2";"Buy";"7544.6";"7627.1";"2020.03.24 22:00:00";"2020.03.25 00:30:00";"30.0";"2291.88";"7462.10010";"7627.10010";"-57250.49";"0.00";"IST";"PT";"2h 30m";"-183.12"
"652";"USTEC_ICM_UTC2";"Buy";"7565.0";"7647.5";"2020.03.25 18:15:00";"2020.03.25 18:45:00";"30.0";"2475.00";"7482.50000";"7647.50000";"-54775.49";"0.00";"IST";"PT";"30m 0s";"-0.00"
"653";"USTEC_ICM_UTC2";"Buy";"7674.0";"7756.5";"2020.03.26 16:30:00";"2020.03.26 17:32:00";"30.0";"2475.00";"7591.50000";"7756.50000";"-52300.49";"0.00";"IST";"PT";"1h 2m";"-0.00"
"654";"USTEC_ICM_UTC2";"Buy";"7669.4";"7751.9";"2020.03.27 18:45:00";"2020.03.27 20:59:00";"30.0";"2475.00";"7586.89990";"7751.89990";"-49825.49";"0.00";"IST";"PT";"2h 14m";"-0.00"
"655";"USTEC_ICM_UTC2";"Buy";"7840.1";"7922.6";"2020.03.30 18:30:00";"2020.03.31 04:02:00";"30.0";"2291.88";"7757.60010";"7922.60010";"-47533.61";"0.00";"IST";"PT";"9h 32m";"-183.12"
"656";"USTEC_ICM_UTC2";"Buy";"7972.4";"7889.9";"2020.03.31 18:45:00";"2020.03.31 19:26:00";"30.0";"-2475.00";"7889.89990";"8054.89990";"-50008.61";"0.00";"IST";"SL";"41m 0s";"-0.00"
"657";"USTEC_ICM_UTC2";"Buy";"7690.1";"7607.6";"2020.04.01 18:15:00";"2020.04.01 18:46:00";"30.0";"-2475.00";"7607.60010";"7772.60010";"-52483.61";"0.00";"IST";"SL";"31m 0s";"-0.00"
"658";"USTEC_ICM_UTC2";"Buy";"7539.2";"7621.7";"2020.04.02 17:30:00";"2020.04.02 17:36:00";"30.0";"2475.00";"7456.70020";"7621.70020";"-50008.61";"0.00";"IST";"PT";"6m 0s";"-0.00"
"659";"USTEC_ICM_UTC2";"Buy";"7608.0";"7525.5";"2020.04.03 16:30:00";"2020.04.03 18:46:00";"30.0";"-2475.00";"7525.50000";"7690.50000";"-52483.61";"0.00";"IST";"SL";"2h 16m";"-0.00"
"660";"USTEC_ICM_UTC2";"Buy";"8167.8";"8250.3";"2020.04.07 18:30:00";"2020.04.07 19:16:00";"30.0";"2475.00";"8085.29980";"8250.29980";"-50008.61";"0.00";"IST";"PT";"46m 0s";"-0.00"
"661";"USTEC_ICM_UTC2";"Buy";"8126.7";"8209.2";"2020.04.08 16:30:00";"2020.04.08 21:32:00";"30.0";"2475.00";"8044.20020";"8209.20020";"-47533.61";"0.00";"IST";"PT";"5h 2m";"-0.00"
"662";"USTEC_ICM_UTC2";"Buy";"8320.0";"8237.5";"2020.04.09 17:00:00";"2020.04.09 17:09:00";"30.0";"-2475.00";"8237.50000";"8402.50000";"-50008.61";"0.00";"IST";"SL";"9m 0s";"-0.00"
"663";"USTEC_ICM_UTC2";"Buy";"8173.5";"8256.0";"2020.04.13 18:15:00";"2020.04.13 19:17:00";"30.0";"2475.00";"8091.00000";"8256.00000";"-47533.61";"0.00";"IST";"PT";"1h 2m";"-0.00"
"664";"USTEC_ICM_UTC2";"Buy";"8571.2";"8653.7";"2020.04.14 18:15:00";"2020.04.14 19:21:00";"30.0";"2475.00";"8488.70020";"8653.70020";"-45058.61";"0.00";"IST";"PT";"1h 6m";"-0.00"
"665";"USTEC_ICM_UTC2";"Buy";"8583.8";"8666.3";"2020.04.15 18:00:00";"2020.04.15 22:01:00";"30.0";"2475.00";"8501.29980";"8666.29980";"-42583.61";"0.00";"IST";"PT";"4h 1m";"-0.00"
"666";"USTEC_ICM_UTC2";"Buy";"8655.1";"8737.6";"2020.04.16 17:00:00";"2020.04.16 18:08:00";"30.0";"2475.00";"8572.59961";"8737.59961";"-40108.61";"0.00";"IST";"PT";"1h 8m";"-0.00"
"667";"USTEC_ICM_UTC2";"Buy";"8738.0";"8820.5";"2020.04.17 18:30:00";"2020.04.17 22:50:00";"30.0";"2475.00";"8655.50000";"8820.50000";"-37633.61";"0.00";"IST";"PT";"4h 20m";"-0.00"
"668";"USTEC_ICM_UTC2";"Buy";"8830.0";"8747.5";"2020.04.20 18:00:00";"2020.04.20 21:59:00";"30.0";"-2475.00";"8747.50000";"8912.50000";"-40108.61";"0.00";"IST";"SL";"3h 59m";"-0.00"
"669";"USTEC_ICM_UTC2";"Buy";"8380.2";"8462.7";"2020.04.21 18:30:00";"2020.04.21 20:29:00";"30.0";"2475.00";"8297.70020";"8462.70020";"-37633.61";"0.00";"IST";"PT";"1h 59m";"-0.00"
"670";"USTEC_ICM_UTC2";"Buy";"8601.3";"8683.8";"2020.04.22 18:30:00";"2020.04.22 21:41:00";"30.0";"2475.00";"8518.79980";"8683.79980";"-35158.61";"0.00";"IST";"PT";"3h 11m";"-0.00"
"671";"USTEC_ICM_UTC2";"Buy";"8763.5";"8681.0";"2020.04.23 18:15:00";"2020.04.23 19:45:00";"30.0";"-2475.00";"8681.00000";"8846.00000";"-37633.61";"0.00";"IST";"SL";"1h 30m";"-0.00"
"672";"USTEC_ICM_UTC2";"Buy";"8649.5";"8732.0";"2020.04.24 18:45:00";"2020.04.24 21:00:00";"30.0";"2475.00";"8567.00000";"8732.00000";"-35158.61";"0.00";"IST";"PT";"2h 15m";"-0.00"
"673";"USTEC_ICM_UTC2";"Buy";"8851.6";"8934.1";"2020.04.27 19:45:00";"2020.04.28 12:27:00";"30.0";"2291.88";"8769.09961";"8934.09961";"-32866.73";"0.00";"IST";"PT";"16h 42m";"-183.12"
"674";"USTEC_ICM_UTC2";"Buy";"8748.4";"8830.9";"2020.04.28 18:30:00";"2020.04.29 04:22:00";"30.0";"2291.88";"8665.90039";"8830.90039";"-30574.85";"0.00";"IST";"PT";"9h 52m";"-183.12"
"675";"USTEC_ICM_UTC2";"Buy";"8907.2";"8989.7";"2020.04.29 17:00:00";"2020.04.29 21:58:00";"30.0";"2475.00";"8824.70020";"8989.70020";"-28099.85";"0.00";"IST";"PT";"4h 58m";"-0.00"
"676";"USTEC_ICM_UTC2";"Buy";"9008.8";"8926.3";"2020.04.30 17:00:00";"2020.04.30 19:02:00";"30.0";"-2475.00";"8926.29980";"9091.29980";"-30574.85";"0.00";"IST";"SL";"2h 2m";"-0.00"
"677";"USTEC_ICM_UTC2";"Buy";"8840.7";"8758.2";"2020.05.01 17:45:00";"2020.05.01 18:48:00";"30.0";"-2475.00";"8758.20020";"8923.20020";"-33049.85";"0.00";"IST";"SL";"1h 3m";"-0.00"
"678";"USTEC_ICM_UTC2";"Buy";"8769.4";"8851.9";"2020.05.04 18:15:00";"2020.05.05 03:04:00";"30.0";"2291.88";"8686.90039";"8851.90039";"-30757.97";"0.00";"IST";"PT";"8h 49m";"-183.12"
"679";"USTEC_ICM_UTC2";"Buy";"8970.9";"8888.4";"2020.05.05 18:15:00";"2020.05.06 04:19:00";"30.0";"-2658.12";"8888.40039";"9053.40039";"-33416.09";"0.00";"IST";"SL";"10h 4m";"-183.12"
"680";"USTEC_ICM_UTC2";"Buy";"9033.8";"8951.3";"2020.05.06 18:15:00";"2020.05.07 01:25:00";"30.0";"-2658.12";"8951.29980";"9116.29980";"-36074.21";"0.00";"IST";"SL";"7h 10m";"-183.12"
"681";"USTEC_ICM_UTC2";"Buy";"9084.5";"9167.0";"2020.05.07 18:15:00";"2020.05.08 03:00:00";"30.0";"2291.88";"9002.00000";"9167.00000";"-33782.33";"0.00";"IST";"PT";"8h 45m";"-183.12"
"682";"USTEC_ICM_UTC2";"Buy";"9186.6";"9221.3";"2020.05.08 18:15:00";"2020.05.08 22:55:00";"30.0";"1041.00";"9104.09961";"9269.09961";"-32741.33";"0.00";"IST";"End Of Friday (Time)";"4h 40m";"-0.00"
"683";"USTEC_ICM_UTC2";"Buy";"9164.6";"9247.1";"2020.05.11 16:30:00";"2020.05.11 17:06:00";"30.0";"2475.00";"9082.09961";"9247.09961";"-30266.33";"0.00";"IST";"PT";"36m 0s";"-0.00"
"684";"USTEC_ICM_UTC2";"Buy";"9319.3";"9236.8";"2020.05.12 18:00:00";"2020.05.12 22:19:00";"30.0";"-2475.00";"9236.79980";"9401.79980";"-32741.33";"0.00";"IST";"SL";"4h 19m";"-0.00"
"685";"USTEC_ICM_UTC2";"Buy";"9124.3";"9041.8";"2020.05.13 18:00:00";"2020.05.13 18:43:00";"30.0";"-2475.00";"9041.79980";"9206.79980";"-35216.33";"0.00";"IST";"SL";"43m 0s";"-0.00"
"686";"USTEC_ICM_UTC2";"Buy";"8941.6";"8859.1";"2020.05.14 16:30:00";"2020.05.14 17:29:00";"30.0";"-2475.00";"8859.09961";"9024.09961";"-37691.33";"0.00";"IST";"SL";"59m 0s";"-0.00"
"687";"USTEC_ICM_UTC2";"Buy";"8972.1";"9054.6";"2020.05.15 16:30:00";"2020.05.15 17:11:00";"30.0";"2475.00";"8889.59961";"9054.59961";"-35216.33";"0.00";"IST";"PT";"41m 0s";"-0.00"
"688";"USTEC_ICM_UTC2";"Buy";"9334.5";"9417.0";"2020.05.18 18:15:00";"2020.05.19 09:58:00";"30.0";"2291.88";"9252.00000";"9417.00000";"-32924.45";"0.00";"IST";"PT";"15h 43m";"-183.12"
"689";"USTEC_ICM_UTC2";"Buy";"9396.0";"9313.5";"2020.05.19 18:15:00";"2020.05.19 22:53:00";"30.0";"-2475.00";"9313.50000";"9478.50000";"-35399.45";"0.00";"IST";"SL";"4h 38m";"-0.00"
"690";"USTEC_ICM_UTC2";"Buy";"9478.7";"9396.2";"2020.05.20 18:15:00";"2020.05.21 17:39:00";"30.0";"-2658.12";"9396.20020";"9561.20020";"-38057.57";"0.00";"IST";"SL";"23h 24m";"-183.12"
"691";"USTEC_ICM_UTC2";"Buy";"9401.1";"9318.6";"2020.05.21 18:15:00";"2020.05.22 05:54:00";"30.0";"-2658.12";"9318.59961";"9483.59961";"-40715.70";"0.00";"IST";"SL";"11h 39m";"-183.12"
"692";"USTEC_ICM_UTC2";"Buy";"9354.8";"9406.7";"2020.05.22 18:30:00";"2020.05.22 22:55:00";"30.0";"1557.00";"9272.29980";"9437.29980";"-39158.70";"0.00";"IST";"End Of Friday (Time)";"4h 25m";"-0.00"
"693";"USTEC_ICM_UTC2";"Buy";"9430.9";"9348.4";"2020.05.26 18:45:00";"2020.05.27 16:35:00";"30.0";"-2658.12";"9348.40039";"9513.40039";"-41816.81";"0.00";"IST";"SL";"21h 50m";"-183.12"
"694";"USTEC_ICM_UTC2";"Buy";"9228.1";"9310.6";"2020.05.27 17:45:00";"2020.05.27 19:08:00";"30.0";"2475.00";"9145.59961";"9310.59961";"-39341.81";"0.00";"IST";"PT";"1h 23m";"-0.00"
"695";"USTEC_ICM_UTC2";"Buy";"9434.7";"9517.2";"2020.05.28 17:00:00";"2020.05.28 18:59:00";"30.0";"2475.00";"9352.20020";"9517.20020";"-36866.81";"0.00";"IST";"PT";"1h 59m";"-0.00"
"696";"USTEC_ICM_UTC2";"Buy";"9445.7";"9528.2";"2020.05.29 16:30:00";"2020.05.29 22:04:00";"30.0";"2475.00";"9363.20020";"9528.20020";"-34391.81";"0.00";"IST";"PT";"5h 34m";"-0.00"
"697";"USTEC_ICM_UTC2";"Buy";"9533.7";"9616.2";"2020.06.02 18:30:00";"2020.06.02 21:03:00";"30.0";"2475.00";"9451.20020";"9616.20020";"-31916.81";"0.00";"IST";"PT";"2h 33m";"-0.00"
"698";"USTEC_ICM_UTC2";"Buy";"9682.2";"9599.7";"2020.06.03 18:00:00";"2020.06.04 21:59:00";"30.0";"-2658.12";"9599.70020";"9764.70020";"-34574.93";"0.00";"IST";"SL";"1d 3h 59m";"-183.12"
"699";"USTEC_ICM_UTC2";"Buy";"9765.0";"9811.6";"2020.06.05 17:15:00";"2020.06.05 22:55:00";"30.0";"1398.00";"9682.50000";"9847.50000";"-33176.93";"0.00";"IST";"End Of Friday (Time)";"5h 40m";"-0.00"
"700";"USTEC_ICM_UTC2";"Buy";"9813.9";"9896.4";"2020.06.08 19:00:00";"2020.06.08 22:50:00";"30.0";"2475.00";"9731.40039";"9896.40039";"-30701.93";"0.00";"IST";"PT";"3h 50m";"-0.00"
"701";"USTEC_ICM_UTC2";"Buy";"9954.6";"10037.1";"2020.06.09 18:15:00";"2020.06.10 15:06:00";"30.0";"2291.88";"9872.09961";"10037.09961";"-28410.05";"0.00";"IST";"PT";"20h 51m";"-183.12"
"702";"USTEC_ICM_UTC2";"Buy";"10040.3";"10122.8";"2020.06.10 16:30:00";"2020.06.10 21:15:00";"30.0";"2475.00";"9957.79980";"10122.79980";"-25935.05";"0.00";"IST";"PT";"4h 45m";"-0.00"
"703";"USTEC_ICM_UTC2";"Buy";"9900.9";"9818.4";"2020.06.11 18:30:00";"2020.06.11 19:15:00";"30.0";"-2475.00";"9818.40039";"9983.40039";"-28410.05";"0.00";"IST";"SL";"45m 0s";"-0.00"
"704";"USTEC_ICM_UTC2";"Buy";"9631.2";"9713.7";"2020.06.12 18:15:00";"2020.06.12 18:57:00";"30.0";"2475.00";"9548.70020";"9713.70020";"-25935.05";"0.00";"IST";"PT";"42m 0s";"-0.00"
"705";"USTEC_ICM_UTC2";"Buy";"9632.4";"9714.9";"2020.06.15 18:15:00";"2020.06.15 21:00:00";"30.0";"2475.00";"9549.90039";"9714.90039";"-23460.05";"0.00";"IST";"PT";"2h 45m";"-0.00"
"706";"USTEC_ICM_UTC2";"Buy";"9899.2";"9981.7";"2020.06.16 18:15:00";"2020.06.17 02:22:00";"30.0";"2291.88";"9816.70020";"9981.70020";"-21168.17";"0.00";"IST";"PT";"8h 7m";"-183.12"
"707";"USTEC_ICM_UTC2";"Buy";"10005.4";"9922.9";"2020.06.17 18:15:00";"2020.06.18 04:22:00";"30.0";"-2658.12";"9922.90039";"10087.90039";"-23826.29";"0.00";"IST";"SL";"10h 7m";"-183.12"
"708";"USTEC_ICM_UTC2";"Buy";"9972.3";"10054.8";"2020.06.18 19:15:00";"2020.06.19 09:22:00";"30.0";"2291.88";"9889.79980";"10054.79980";"-21534.41";"0.00";"IST";"PT";"14h 7m";"-183.12"
"709";"USTEC_ICM_UTC2";"Buy";"10088.3";"10005.8";"2020.06.19 18:00:00";"2020.06.19 19:14:00";"30.0";"-2475.00";"10005.79980";"10170.79980";"-24009.41";"0.00";"IST";"SL";"1h 14m";"-0.00"
"710";"USTEC_ICM_UTC2";"Buy";"10053.1";"10135.6";"2020.06.22 18:15:00";"2020.06.22 23:08:00";"30.0";"2475.00";"9970.59961";"10135.59961";"-21534.41";"0.00";"IST";"PT";"4h 53m";"-0.00"
"711";"USTEC_ICM_UTC2";"Buy";"10245.9";"10163.4";"2020.06.23 18:15:00";"2020.06.24 11:08:00";"30.0";"-2658.12";"10163.40039";"10328.40039";"-24192.54";"0.00";"IST";"SL";"16h 53m";"-183.12"
"712";"USTEC_ICM_UTC2";"Buy";"10021.9";"9939.4";"2020.06.24 18:15:00";"2020.06.24 18:49:00";"30.0";"-2475.00";"9939.40039";"10104.40039";"-26667.54";"0.00";"IST";"SL";"34m 0s";"-0.00"
"713";"USTEC_ICM_UTC2";"Buy";"10005.5";"10088.0";"2020.06.25 18:30:00";"2020.06.25 22:33:00";"30.0";"2475.00";"9923.00000";"10088.00000";"-24192.54";"0.00";"IST";"PT";"4h 3m";"-0.00"
"714";"USTEC_ICM_UTC2";"Buy";"9946.6";"9864.1";"2020.06.26 18:30:00";"2020.06.26 22:35:00";"30.0";"-2475.00";"9864.09961";"10029.09961";"-26667.54";"0.00";"IST";"SL";"4h 5m";"-0.00"
"715";"USTEC_ICM_UTC2";"Buy";"9902.9";"9985.4";"2020.06.29 18:30:00";"2020.06.29 23:02:00";"30.0";"2475.00";"9820.40039";"9985.40039";"-24192.54";"0.00";"IST";"PT";"4h 32m";"-0.00"
"716";"USTEC_ICM_UTC2";"Buy";"10082.0";"10164.5";"2020.06.30 18:15:00";"2020.06.30 22:51:00";"30.0";"2475.00";"9999.50000";"10164.50000";"-21717.54";"0.00";"IST";"PT";"4h 36m";"-0.00"
"717";"USTEC_ICM_UTC2";"Buy";"10247.7";"10330.2";"2020.07.01 18:15:00";"2020.07.02 09:53:00";"30.0";"2291.88";"10165.20020";"10330.20020";"-19425.65";"0.00";"IST";"PT";"15h 38m";"-183.12"
"718";"USTEC_ICM_UTC2";"Buy";"10408.4";"10325.9";"2020.07.02 17:15:00";"2020.07.03 17:34:00";"30.0";"-2658.12";"10325.90039";"10490.90039";"-22083.78";"0.00";"IST";"SL";"1d 0h 19m";"-183.12"
"719";"USTEC_ICM_UTC2";"Buy";"10605.2";"10687.7";"2020.07.06 18:15:00";"2020.07.07 18:09:00";"30.0";"2291.88";"10522.70020";"10687.70020";"-19791.89";"0.00";"IST";"PT";"23h 54m";"-183.12"
"720";"USTEC_ICM_UTC2";"Buy";"10692.3";"10609.8";"2020.07.07 18:15:00";"2020.07.07 20:11:00";"30.0";"-2475.00";"10609.79980";"10774.79980";"-22266.89";"0.00";"IST";"SL";"1h 56m";"-0.00"
"721";"USTEC_ICM_UTC2";"Buy";"10642.7";"10560.2";"2020.07.08 17:15:00";"2020.07.08 18:19:00";"30.0";"-2475.00";"10560.20020";"10725.20020";"-24741.89";"0.00";"IST";"SL";"1h 4m";"-0.00"
"722";"USTEC_ICM_UTC2";"Buy";"10618.6";"10701.1";"2020.07.09 18:30:00";"2020.07.09 19:50:00";"30.0";"2475.00";"10536.09961";"10701.09961";"-22266.89";"0.00";"IST";"PT";"1h 20m";"-0.00"
"723";"USTEC_ICM_UTC2";"Buy";"10760.8";"10831.4";"2020.07.10 18:45:00";"2020.07.10 22:55:00";"30.0";"2118.03";"10678.29980";"10843.29980";"-20148.87";"0.00";"IST";"End Of Friday (Time)";"4h 10m";"-0.00"
"724";"USTEC_ICM_UTC2";"Buy";"11052.3";"10969.8";"2020.07.13 18:15:00";"2020.07.13 20:48:00";"30.0";"-2475.00";"10969.79980";"11134.79980";"-22623.87";"0.00";"IST";"SL";"2h 33m";"-0.00"
"725";"USTEC_ICM_UTC2";"Buy";"10537.2";"10619.7";"2020.07.14 17:45:00";"2020.07.14 19:22:00";"30.0";"2475.00";"10454.70020";"10619.70020";"-20148.87";"0.00";"IST";"PT";"1h 37m";"-0.00"
"726";"USTEC_ICM_UTC2";"Buy";"10776.7";"10694.2";"2020.07.15 16:45:00";"2020.07.15 18:03:00";"30.0";"-2475.00";"10694.20020";"10859.20020";"-22623.87";"0.00";"IST";"SL";"1h 18m";"-0.00"
"727";"USTEC_ICM_UTC2";"Buy";"10558.8";"10641.3";"2020.07.16 17:30:00";"2020.07.16 22:29:00";"30.0";"2475.00";"10476.29980";"10641.29980";"-20148.87";"0.00";"IST";"PT";"4h 59m";"-0.00"
"728";"USTEC_ICM_UTC2";"Buy";"10629.8";"10637.3";"2020.07.17 18:30:00";"2020.07.17 22:55:00";"30.0";"225.00";"10547.29980";"10712.29980";"-19923.87";"0.00";"IST";"End Of Friday (Time)";"4h 25m";"-0.00"
"729";"USTEC_ICM_UTC2";"Buy";"10801.8";"10884.3";"2020.07.20 18:30:00";"2020.07.20 21:25:00";"30.0";"2475.00";"10719.29980";"10884.29980";"-17448.87";"0.00";"IST";"PT";"2h 55m";"-0.00"
"730";"USTEC_ICM_UTC2";"Buy";"10912.8";"10830.3";"2020.07.21 18:00:00";"2020.07.21 22:35:00";"30.0";"-2475.00";"10830.29980";"10995.29980";"-19923.87";"0.00";"IST";"SL";"4h 35m";"-0.00"
"731";"USTEC_ICM_UTC2";"Buy";"10778.2";"10860.7";"2020.07.22 18:15:00";"2020.07.22 19:11:00";"30.0";"2475.00";"10695.70020";"10860.70020";"-17448.87";"0.00";"IST";"PT";"56m 0s";"-0.00"
"732";"USTEC_ICM_UTC2";"Buy";"10825.8";"10743.3";"2020.07.23 18:00:00";"2020.07.23 19:10:00";"30.0";"-2475.00";"10743.29980";"10908.29980";"-19923.87";"0.00";"IST";"SL";"1h 10m";"-0.00"
"733";"USTEC_ICM_UTC2";"Buy";"10426.8";"10344.3";"2020.07.24 16:30:00";"2020.07.24 16:38:00";"30.0";"-2475.00";"10344.29980";"10509.29980";"-22398.87";"0.00";"IST";"SL";"8m 0s";"-0.00"
"734";"USTEC_ICM_UTC2";"Buy";"10578.6";"10661.1";"2020.07.27 18:15:00";"2020.07.27 21:35:00";"30.0";"2475.00";"10496.09961";"10661.09961";"-19923.87";"0.00";"IST";"PT";"3h 20m";"-0.00"
"735";"USTEC_ICM_UTC2";"Buy";"10649.2";"10566.7";"2020.07.28 18:45:00";"2020.07.28 22:15:00";"30.0";"-2475.00";"10566.70020";"10731.70020";"-22398.87";"0.00";"IST";"SL";"3h 30m";"-0.00"
"736";"USTEC_ICM_UTC2";"Buy";"10652.8";"10570.3";"2020.07.29 18:30:00";"2020.07.30 10:32:00";"30.0";"-2658.12";"10570.29980";"10735.29980";"-25056.98";"0.00";"IST";"SL";"16h 2m";"-183.12"
"737";"USTEC_ICM_UTC2";"Buy";"10600.8";"10683.3";"2020.07.30 18:15:00";"2020.07.30 19:01:00";"30.0";"2475.00";"10518.29980";"10683.29980";"-22581.98";"0.00";"IST";"PT";"46m 0s";"-0.00"
"738";"USTEC_ICM_UTC2";"Buy";"10825.6";"10743.1";"2020.07.31 18:30:00";"2020.07.31 19:34:00";"30.0";"-2475.00";"10743.09961";"10908.09961";"-25056.98";"0.00";"IST";"SL";"1h 4m";"-0.00"
"739";"USTEC_ICM_UTC2";"Buy";"11049.3";"11131.8";"2020.08.03 18:15:00";"2020.08.05 09:45:00";"30.0";"2108.76";"10966.79980";"11131.79980";"-22948.22";"0.00";"IST";"PT";"1d 15h 30m";"-366.24"
"740";"USTEC_ICM_UTC2";"Buy";"11124.1";"11206.6";"2020.08.05 17:00:00";"2020.08.06 20:51:00";"30.0";"2291.88";"11041.59961";"11206.59961";"-20656.35";"0.00";"IST";"PT";"1d 3h 51m";"-183.12"
"741";"USTEC_ICM_UTC2";"Buy";"11268.2";"11185.7";"2020.08.06 22:30:00";"2020.08.07 18:59:00";"30.0";"-2658.12";"11185.70020";"11350.70020";"-23314.46";"0.00";"IST";"SL";"20h 29m";"-183.12"
"742";"USTEC_ICM_UTC2";"Buy";"11198.9";"11116.4";"2020.08.07 19:15:00";"2020.08.07 20:09:00";"30.0";"-2475.00";"11116.40039";"11281.40039";"-25789.46";"0.00";"IST";"SL";"54m 0s";"-0.00"
"743";"USTEC_ICM_UTC2";"Buy";"11000.9";"11083.4";"2020.08.10 18:15:00";"2020.08.10 19:50:00";"30.0";"2475.00";"10918.40039";"11083.40039";"-23314.46";"0.00";"IST";"PT";"1h 35m";"-0.00"
"744";"USTEC_ICM_UTC2";"Buy";"11035.9";"10953.4";"2020.08.11 16:30:00";"2020.08.11 17:08:00";"30.0";"-2475.00";"10953.40039";"11118.40039";"-25789.46";"0.00";"IST";"SL";"38m 0s";"-0.00"
"745";"USTEC_ICM_UTC2";"Buy";"11117.0";"11199.5";"2020.08.12 18:00:00";"2020.08.13 15:41:00";"30.0";"2291.88";"11034.50000";"11199.50000";"-23497.59";"0.00";"IST";"PT";"21h 41m";"-183.12"
"746";"USTEC_ICM_UTC2";"Buy";"11258.6";"11176.1";"2020.08.13 18:15:00";"2020.08.13 21:16:00";"30.0";"-2475.00";"11176.09961";"11341.09961";"-25972.59";"0.00";"IST";"SL";"3h 1m";"-0.00"
"747";"USTEC_ICM_UTC2";"Buy";"11140.0";"11166.2";"2020.08.14 18:15:00";"2020.08.14 22:55:00";"30.0";"786.00";"11057.50000";"11222.50000";"-25186.59";"0.00";"IST";"End Of Friday (Time)";"4h 40m";"-0.00"
"748";"USTEC_ICM_UTC2";"Buy";"11268.2";"11350.7";"2020.08.17 18:15:00";"2020.08.18 15:30:00";"30.0";"2291.88";"11185.70020";"11350.70020";"-22894.71";"0.00";"IST";"PT";"21h 15m";"-183.12"
"749";"USTEC_ICM_UTC2";"Buy";"11351.4";"11433.9";"2020.08.18 18:15:00";"2020.08.19 18:59:00";"30.0";"2291.88";"11268.90039";"11433.90039";"-20602.83";"0.00";"IST";"PT";"1d 0h 44m";"-183.12"
"750";"USTEC_ICM_UTC2";"Buy";"11434.4";"11351.9";"2020.08.19 19:00:00";"2020.08.19 21:20:00";"30.0";"-2475.00";"11351.90039";"11516.90039";"-23077.83";"0.00";"IST";"SL";"2h 20m";"-0.00"
"751";"USTEC_ICM_UTC2";"Buy";"11376.6";"11459.1";"2020.08.20 18:15:00";"2020.08.20 21:47:00";"30.0";"2475.00";"11294.09961";"11459.09961";"-20602.83";"0.00";"IST";"PT";"3h 32m";"-0.00"
"752";"USTEC_ICM_UTC2";"Buy";"11489.2";"11571.7";"2020.08.21 16:45:00";"2020.08.21 22:01:00";"30.0";"2475.00";"11406.70020";"11571.70020";"-18127.83";"0.00";"IST";"PT";"5h 16m";"-0.00"
"753";"USTEC_ICM_UTC2";"Buy";"11590.1";"11672.6";"2020.08.24 18:15:00";"2020.08.25 04:33:00";"30.0";"2291.88";"11507.59961";"11672.59961";"-15835.95";"0.00";"IST";"PT";"10h 18m";"-183.12"
"754";"USTEC_ICM_UTC2";"Buy";"11623.6";"11706.1";"2020.08.25 16:45:00";"2020.08.25 22:08:00";"30.0";"2475.00";"11541.09961";"11706.09961";"-13360.95";"0.00";"IST";"PT";"5h 23m";"-0.00"
"755";"USTEC_ICM_UTC2";"Buy";"11790.7";"11873.2";"2020.08.26 17:00:00";"2020.08.26 18:35:00";"30.0";"2475.00";"11708.20020";"11873.20020";"-10885.95";"0.00";"IST";"PT";"1h 35m";"-0.00"
"756";"USTEC_ICM_UTC2";"Buy";"12009.6";"11927.1";"2020.08.27 18:00:00";"2020.08.27 19:38:00";"30.0";"-2475.00";"11927.09961";"12092.09961";"-13360.95";"0.00";"IST";"SL";"1h 38m";"-0.00"
"757";"USTEC_ICM_UTC2";"Buy";"11997.2";"11988.1";"2020.08.28 19:00:00";"2020.08.28 22:55:00";"30.0";"-273.03";"11914.70020";"12079.70020";"-13633.98";"0.00";"IST";"End Of Friday (Time)";"3h 55m";"-0.00"
"758";"USTEC_ICM_UTC2";"Buy";"12089.5";"12172.0";"2020.08.31 18:00:00";"2020.09.01 05:04:00";"30.0";"2291.88";"12007.00000";"12172.00000";"-11342.10";"0.00";"IST";"PT";"11h 4m";"-183.12"
"759";"USTEC_ICM_UTC2";"Buy";"12238.1";"12321.0";"2020.09.01 17:45:00";"2020.09.02 01:00:00";"30.0";"2303.88";"12155.59961";"12320.59961";"-9038.22";"0.00";"IST";"PT";"7h 15m";"-183.12"
"760";"USTEC_ICM_UTC2";"Buy";"12217.7";"12300.2";"2020.09.02 18:45:00";"2020.09.02 19:15:00";"30.0";"2475.00";"12135.20020";"12300.20020";"-6563.22";"0.00";"IST";"PT";"30m 0s";"-0.00"
"761";"USTEC_ICM_UTC2";"Buy";"11984.6";"11902.1";"2020.09.03 18:00:00";"2020.09.03 18:06:00";"30.0";"-2475.00";"11902.09961";"12067.09961";"-9038.22";"0.00";"IST";"SL";"6m 0s";"-0.00"
"762";"USTEC_ICM_UTC2";"Buy";"11698.1";"11615.6";"2020.09.04 16:45:00";"2020.09.04 16:47:00";"30.0";"-2475.00";"11615.59961";"11780.59961";"-11513.22";"0.00";"IST";"SL";"2m 0s";"-0.00"
"763";"USTEC_ICM_UTC2";"Buy";"11159.3";"11241.8";"2020.09.08 16:30:00";"2020.09.08 16:36:00";"30.0";"2475.00";"11076.79980";"11241.79980";"-9038.22";"0.00";"IST";"PT";"6m 0s";"-0.00"
"764";"USTEC_ICM_UTC2";"Buy";"11369.5";"11452.0";"2020.09.09 18:45:00";"2020.09.09 20:00:00";"30.0";"2475.00";"11287.00000";"11452.00000";"-6563.22";"0.00";"IST";"PT";"1h 15m";"-0.00"
"765";"USTEC_ICM_UTC2";"Buy";"11519.6";"11437.1";"2020.09.10 16:30:00";"2020.09.10 17:57:00";"30.0";"-2475.00";"11437.09961";"11602.09961";"-9038.22";"0.00";"IST";"SL";"1h 27m";"-0.00"
"766";"USTEC_ICM_UTC2";"Buy";"11156.3";"11073.8";"2020.09.11 18:45:00";"2020.09.11 19:37:00";"30.0";"-2475.00";"11073.79980";"11238.79980";"-11513.22";"0.00";"IST";"SL";"52m 0s";"-0.00"
"767";"USTEC_ICM_UTC2";"Buy";"11314.2";"11231.7";"2020.09.14 18:15:00";"2020.09.14 20:16:00";"30.0";"-2475.00";"11231.70020";"11396.70020";"-13988.22";"0.00";"IST";"SL";"2h 1m";"-0.00"
"768";"USTEC_ICM_UTC2";"Buy";"11453.1";"11370.6";"2020.09.15 18:15:00";"2020.09.15 22:37:00";"30.0";"-2475.00";"11370.59961";"11535.59961";"-16463.22";"0.00";"IST";"SL";"4h 22m";"-0.00"
"769";"USTEC_ICM_UTC2";"Buy";"11430.8";"11348.3";"2020.09.16 18:30:00";"2020.09.16 20:11:00";"30.0";"-2475.00";"11348.29980";"11513.29980";"-18938.22";"0.00";"IST";"SL";"1h 41m";"-0.00"
"770";"USTEC_ICM_UTC2";"Buy";"10962.2";"11044.7";"2020.09.17 16:30:00";"2020.09.17 16:50:00";"30.0";"2475.00";"10879.70020";"11044.70020";"-16463.22";"0.00";"IST";"PT";"20m 0s";"-0.00"
"771";"USTEC_ICM_UTC2";"Buy";"10967.9";"10885.4";"2020.09.18 18:30:00";"2020.09.18 19:32:00";"30.0";"-2475.00";"10885.40039";"11050.40039";"-18938.22";"0.00";"IST";"SL";"1h 2m";"-0.00"
"772";"USTEC_ICM_UTC2";"Buy";"10779.6";"10697.1";"2020.09.21 16:30:00";"2020.09.21 17:37:00";"30.0";"-2475.00";"10697.09961";"10862.09961";"-21413.22";"0.00";"IST";"SL";"1h 7m";"-0.00"
"773";"USTEC_ICM_UTC2";"Buy";"11005.8";"11088.3";"2020.09.22 18:30:00";"2020.09.22 20:25:00";"30.0";"2475.00";"10923.29980";"11088.29980";"-18938.22";"0.00";"IST";"PT";"1h 55m";"-0.00"
"774";"USTEC_ICM_UTC2";"Buy";"11054.9";"10972.4";"2020.09.23 18:45:00";"2020.09.23 21:00:00";"30.0";"-2475.00";"10972.40039";"11137.40039";"-21413.22";"0.00";"IST";"SL";"2h 15m";"-0.00"
"775";"USTEC_ICM_UTC2";"Buy";"10911.7";"10994.2";"2020.09.24 18:00:00";"2020.09.24 19:05:00";"30.0";"2475.00";"10829.20020";"10994.20020";"-18938.22";"0.00";"IST";"PT";"1h 5m";"-0.00"
"776";"USTEC_ICM_UTC2";"Buy";"11031.8";"11114.3";"2020.09.25 18:30:00";"2020.09.25 21:50:00";"30.0";"2475.00";"10949.29980";"11114.29980";"-16463.22";"0.00";"IST";"PT";"3h 20m";"-0.00"
"777";"USTEC_ICM_UTC2";"Buy";"11306.6";"11389.1";"2020.09.28 18:30:00";"2020.09.28 23:02:00";"30.0";"2475.00";"11224.09961";"11389.09961";"-13988.22";"0.00";"IST";"PT";"4h 32m";"-0.00"
"778";"USTEC_ICM_UTC2";"Buy";"11338.8";"11421.3";"2020.09.29 18:15:00";"2020.09.30 05:16:00";"30.0";"2291.88";"11256.29980";"11421.29980";"-11696.34";"0.00";"IST";"PT";"11h 1m";"-183.12"
"779";"USTEC_ICM_UTC2";"Buy";"11344.6";"11427.1";"2020.09.30 16:45:00";"2020.09.30 16:58:00";"30.0";"2475.00";"11262.09961";"11427.09961";"-9221.34";"0.00";"IST";"PT";"13m 0s";"-0.00"
"780";"USTEC_ICM_UTC2";"Buy";"11522.3";"11604.8";"2020.10.01 17:15:00";"2020.10.01 22:04:00";"30.0";"2475.00";"11439.79980";"11604.79980";"-6746.34";"0.00";"IST";"PT";"4h 49m";"-0.00"
"781";"USTEC_ICM_UTC2";"Buy";"11325.1";"11407.6";"2020.10.02 16:30:00";"2020.10.02 16:38:00";"30.0";"2475.00";"11242.59961";"11407.59961";"-4271.34";"0.00";"IST";"PT";"8m 0s";"-0.00"
"782";"USTEC_ICM_UTC2";"Buy";"11442.2";"11524.7";"2020.10.06 18:15:00";"2020.10.06 21:44:00";"30.0";"2475.00";"11359.70020";"11524.70020";"-1796.34";"0.00";"IST";"PT";"3h 29m";"-0.00"
"783";"USTEC_ICM_UTC2";"Buy";"11436.2";"11518.7";"2020.10.07 18:15:00";"2020.10.07 22:11:00";"30.0";"2475.00";"11353.70020";"11518.70020";"678.66";"0.00";"IST";"PT";"3h 56m";"-0.00"
"784";"USTEC_ICM_UTC2";"Buy";"11542.6";"11625.1";"2020.10.08 18:30:00";"2020.10.09 15:50:00";"30.0";"2291.88";"11460.09961";"11625.09961";"2970.54";"0.00";"IST";"PT";"21h 20m";"-183.12"
"785";"USTEC_ICM_UTC2";"Buy";"11675.7";"11713.5";"2020.10.09 18:15:00";"2020.10.09 22:55:00";"30.0";"1134.00";"11593.20020";"11758.20020";"4104.54";"0.00";"IST";"End Of Friday (Time)";"4h 40m";"-0.00"
"786";"USTEC_ICM_UTC2";"Buy";"11900.4";"11982.9";"2020.10.12 17:00:00";"2020.10.12 17:57:00";"30.0";"2475.00";"11817.90039";"11982.90039";"6579.54";"0.00";"IST";"PT";"57m 0s";"-0.00"
"787";"USTEC_ICM_UTC2";"Buy";"12101.7";"12184.2";"2020.10.13 17:00:00";"2020.10.13 18:32:00";"30.0";"2475.00";"12019.20020";"12184.20020";"9054.54";"0.00";"IST";"PT";"1h 32m";"-0.00"
"788";"USTEC_ICM_UTC2";"Buy";"12100.0";"12017.5";"2020.10.14 18:15:00";"2020.10.14 18:47:00";"30.0";"-2475.00";"12017.50000";"12182.50000";"6579.54";"0.00";"IST";"SL";"32m 0s";"-0.00"
"789";"USTEC_ICM_UTC2";"Buy";"11882.3";"11799.8";"2020.10.15 17:00:00";"2020.10.15 17:29:00";"30.0";"-2475.00";"11799.79980";"11964.79980";"4104.54";"0.00";"IST";"SL";"29m 0s";"-0.00"
"790";"USTEC_ICM_UTC2";"Buy";"11918.2";"11857.2";"2020.10.16 18:30:00";"2020.10.16 22:55:00";"30.0";"-1830.00";"11835.70020";"12000.70020";"2274.54";"0.00";"IST";"End Of Friday (Time)";"4h 25m";"-0.00"
"791";"USTEC_ICM_UTC2";"Buy";"11838.7";"11756.2";"2020.10.19 18:15:00";"2020.10.19 20:47:00";"30.0";"-2475.00";"11756.20020";"11921.20020";"-200.46";"0.00";"IST";"SL";"2h 32m";"-0.00"
"792";"USTEC_ICM_UTC2";"Buy";"11657.8";"11740.3";"2020.10.20 18:15:00";"2020.10.20 19:34:00";"30.0";"2475.00";"11575.29980";"11740.29980";"2274.54";"0.00";"IST";"PT";"1h 19m";"-0.00"
"793";"USTEC_ICM_UTC2";"Buy";"11677.5";"11760.0";"2020.10.21 18:15:00";"2020.10.21 21:56:00";"30.0";"2475.00";"11595.00000";"11760.00000";"4749.54";"0.00";"IST";"PT";"3h 41m";"-0.00"
"794";"USTEC_ICM_UTC2";"Buy";"11615.0";"11697.5";"2020.10.22 18:15:00";"2020.10.23 15:17:00";"30.0";"2291.88";"11532.50000";"11697.50000";"7041.42";"0.00";"IST";"PT";"21h 2m";"-183.12"
"795";"USTEC_ICM_UTC2";"Buy";"11608.5";"11683.9";"2020.10.23 18:30:00";"2020.10.23 22:55:00";"30.0";"2262.00";"11526.00000";"11691.00000";"9303.42";"0.00";"IST";"End Of Friday (Time)";"4h 25m";"-0.00"
"796";"USTEC_ICM_UTC2";"Buy";"11529.9";"11447.4";"2020.10.26 17:15:00";"2020.10.26 18:45:00";"30.0";"-2475.00";"11447.40039";"11612.40039";"6828.42";"0.00";"IST";"SL";"1h 30m";"-0.00"
"797";"USTEC_ICM_UTC2";"Buy";"11549.4";"11631.9";"2020.10.27 16:45:00";"2020.10.27 21:41:00";"30.0";"2475.00";"11466.90039";"11631.90039";"9303.42";"0.00";"IST";"PT";"4h 56m";"-0.00"
"798";"USTEC_ICM_UTC2";"Buy";"11247.0";"11164.5";"2020.10.28 17:45:00";"2020.10.28 21:55:00";"30.0";"-2475.00";"11164.50000";"11329.50000";"6828.42";"0.00";"IST";"SL";"4h 10m";"-0.00"
"799";"USTEC_ICM_UTC2";"Buy";"11336.3";"11418.8";"2020.10.29 17:30:00";"2020.10.29 20:13:00";"30.0";"2475.00";"11253.79980";"11418.79980";"9303.42";"0.00";"IST";"PT";"2h 43m";"-0.00"
"800";"USTEC_ICM_UTC2";"Buy";"11022.0";"11104.5";"2020.10.30 17:30:00";"2020.10.30 18:26:00";"30.0";"2475.00";"10939.50000";"11104.50000";"11778.42";"0.00";"IST";"PT";"56m 0s";"-0.00"
"801";"USTEC_ICM_UTC2";"Buy";"11121.8";"11039.3";"2020.11.02 18:15:00";"2020.11.02 19:41:00";"30.0";"-2475.00";"11039.29980";"11204.29980";"9303.42";"0.00";"IST";"SL";"1h 26m";"-0.00"
"802";"USTEC_ICM_UTC2";"Buy";"11324.1";"11241.6";"2020.11.03 18:30:00";"2020.11.03 20:56:00";"30.0";"-2475.00";"11241.59961";"11406.59961";"6828.42";"0.00";"IST";"SL";"2h 26m";"-0.00"
"803";"USTEC_ICM_UTC2";"Buy";"11738.3";"11820.8";"2020.11.04 17:45:00";"2020.11.04 19:01:00";"30.0";"2475.00";"11655.79980";"11820.79980";"9303.42";"0.00";"IST";"PT";"1h 16m";"-0.00"
"804";"USTEC_ICM_UTC2";"Buy";"12053.7";"11971.2";"2020.11.05 18:15:00";"2020.11.06 05:58:00";"30.0";"-2658.12";"11971.20020";"12136.20020";"6645.30";"0.00";"IST";"SL";"11h 43m";"-183.12"
"805";"USTEC_ICM_UTC2";"Buy";"12038.3";"12103.3";"2020.11.06 18:30:00";"2020.11.06 22:55:00";"30.0";"1950.00";"11955.79980";"12120.79980";"8595.30";"0.00";"IST";"End Of Friday (Time)";"4h 25m";"-0.00"
"806";"USTEC_ICM_UTC2";"Buy";"12194.7";"12112.2";"2020.11.09 16:30:00";"2020.11.09 16:34:00";"30.0";"-2475.00";"12112.20020";"12277.20020";"6120.30";"0.00";"IST";"SL";"4m 0s";"-0.00"
"807";"USTEC_ICM_UTC2";"Buy";"11712.4";"11629.9";"2020.11.10 18:45:00";"2020.11.10 20:24:00";"30.0";"-2475.00";"11629.90039";"11794.90039";"3645.30";"0.00";"IST";"SL";"1h 39m";"-0.00"
"808";"USTEC_ICM_UTC2";"Buy";"11825.0";"11907.5";"2020.11.11 18:15:00";"2020.11.11 23:03:00";"30.0";"2475.00";"11742.50000";"11907.50000";"6120.30";"0.00";"IST";"PT";"4h 48m";"-0.00"
"809";"USTEC_ICM_UTC2";"Buy";"11920.0";"11837.5";"2020.11.12 18:15:00";"2020.11.12 19:46:00";"30.0";"-2475.00";"11837.50000";"12002.50000";"3645.30";"0.00";"IST";"SL";"1h 31m";"-0.00"
"810";"USTEC_ICM_UTC2";"Buy";"11844.7";"11927.2";"2020.11.13 18:15:00";"2020.11.13 22:31:00";"30.0";"2475.00";"11762.20020";"11927.20020";"6120.30";"0.00";"IST";"PT";"4h 16m";"-0.00"
"811";"USTEC_ICM_UTC2";"Buy";"11918.3";"12000.8";"2020.11.16 16:30:00";"2020.11.16 17:23:00";"30.0";"2475.00";"11835.79980";"12000.79980";"8595.30";"0.00";"IST";"PT";"53m 0s";"-0.00"
"812";"USTEC_ICM_UTC2";"Buy";"12040.0";"11957.5";"2020.11.17 20:15:00";"2020.11.18 02:09:00";"30.0";"-2658.12";"11957.50000";"12122.50000";"5937.18";"0.00";"IST";"SL";"5h 54m";"-183.12"
"813";"USTEC_ICM_UTC2";"Buy";"11985.3";"11902.8";"2020.11.18 18:15:00";"2020.11.18 22:59:00";"30.0";"-2475.00";"11902.79980";"12067.79980";"3462.18";"0.00";"IST";"SL";"4h 44m";"-0.00"
"814";"USTEC_ICM_UTC2";"Buy";"11926.7";"12009.2";"2020.11.19 18:15:00";"2020.11.20 06:46:00";"30.0";"2291.88";"11844.20020";"12009.20020";"5754.06";"0.00";"IST";"PT";"12h 31m";"-183.12"
"815";"USTEC_ICM_UTC2";"Buy";"12003.8";"11921.3";"2020.11.20 18:30:00";"2020.11.20 22:54:00";"30.0";"-2475.00";"11921.29980";"12086.29980";"3279.06";"0.00";"IST";"SL";"4h 24m";"-0.00"
"816";"USTEC_ICM_UTC2";"Buy";"11819.2";"11901.7";"2020.11.23 18:15:00";"2020.11.23 20:06:00";"30.0";"2475.00";"11736.70020";"11901.70020";"5754.06";"0.00";"IST";"PT";"1h 51m";"-0.00"
"817";"USTEC_ICM_UTC2";"Buy";"12020.1";"12102.6";"2020.11.24 18:30:00";"2020.11.25 01:05:00";"30.0";"2291.88";"11937.59961";"12102.59961";"8045.94";"0.00";"IST";"PT";"6h 35m";"-183.12"
"818";"USTEC_ICM_UTC2";"Buy";"12125.9";"12208.4";"2020.11.25 17:00:00";"2020.11.26 04:34:00";"30.0";"2291.88";"12043.40039";"12208.40039";"10337.82";"0.00";"IST";"PT";"11h 34m";"-183.12"
"819";"USTEC_ICM_UTC2";"Buy";"12292.1";"12209.6";"2020.11.27 18:15:00";"2020.11.30 08:16:00";"30.0";"-3024.36";"12209.59961";"12374.59961";"7313.46";"0.00";"IST";"SL";"2d 14h 1m";"-549.36"
"820";"USTEC_ICM_UTC2";"Buy";"12254.5";"12172.0";"2020.11.30 17:00:00";"2020.11.30 17:37:00";"30.0";"-2475.00";"12172.00000";"12337.00000";"4838.46";"0.00";"IST";"SL";"37m 0s";"-0.00"
"821";"USTEC_ICM_UTC2";"Buy";"12430.8";"12348.3";"2020.12.01 18:30:00";"2020.12.02 16:35:00";"30.0";"-2658.12";"12348.29980";"12513.29980";"2180.34";"0.00";"IST";"SL";"22h 5m";"-183.12"
"822";"USTEC_ICM_UTC2";"Buy";"12438.5";"12521.0";"2020.12.02 18:30:00";"2020.12.03 17:08:00";"30.0";"2291.88";"12356.00000";"12521.00000";"4472.22";"0.00";"IST";"PT";"22h 38m";"-183.12"
"823";"USTEC_ICM_UTC2";"Buy";"12464.1";"12516.1";"2020.12.03 18:15:00";"2020.12.04 22:55:00";"30.0";"1376.88";"12381.59961";"12546.59961";"5849.10";"0.00";"IST";"End Of Friday (Time)";"1d 4h 40m";"-183.12"
"824";"USTEC_ICM_UTC2";"Buy";"12606.5";"12524.0";"2020.12.07 18:15:00";"2020.12.08 16:49:00";"30.0";"-2658.12";"12524.00000";"12689.00000";"3190.98";"0.00";"IST";"SL";"22h 34m";"-183.12"
"825";"USTEC_ICM_UTC2";"Buy";"12563.3";"12645.8";"2020.12.08 18:45:00";"2020.12.08 21:26:00";"30.0";"2475.00";"12480.79980";"12645.79980";"5665.98";"0.00";"IST";"PT";"2h 41m";"-0.00"
"826";"USTEC_ICM_UTC2";"Buy";"12602.0";"12519.5";"2020.12.09 18:30:00";"2020.12.09 19:37:00";"30.0";"-2475.00";"12519.50000";"12684.50000";"3190.98";"0.00";"IST";"SL";"1h 7m";"-0.00"
"827";"USTEC_ICM_UTC2";"Buy";"12312.6";"12395.1";"2020.12.10 16:45:00";"2020.12.10 17:08:00";"30.0";"2475.00";"12230.09961";"12395.09961";"5665.98";"0.00";"IST";"PT";"23m 0s";"-0.00"
"828";"USTEC_ICM_UTC2";"Buy";"12285.7";"12368.2";"2020.12.11 18:30:00";"2020.12.11 22:16:00";"30.0";"2475.00";"12203.20020";"12368.20020";"8140.98";"0.00";"IST";"PT";"3h 46m";"-0.00"
"829";"USTEC_ICM_UTC2";"Buy";"12519.3";"12436.8";"2020.12.14 17:00:00";"2020.12.15 04:22:00";"30.0";"-2658.12";"12436.79980";"12601.79980";"5482.86";"0.00";"IST";"SL";"11h 22m";"-183.12"
"830";"USTEC_ICM_UTC2";"Buy";"12487.3";"12569.8";"2020.12.15 18:30:00";"2020.12.15 21:47:00";"30.0";"2475.00";"12404.79980";"12569.79980";"7957.86";"0.00";"IST";"PT";"3h 17m";"-0.00"
"831";"USTEC_ICM_UTC2";"Buy";"12581.7";"12664.2";"2020.12.16 16:45:00";"2020.12.16 21:37:00";"30.0";"2475.00";"12499.20020";"12664.20020";"10432.86";"0.00";"IST";"PT";"4h 52m";"-0.00"
"832";"USTEC_ICM_UTC2";"Buy";"12711.8";"12629.3";"2020.12.17 19:00:00";"2020.12.18 22:25:00";"30.0";"-2658.12";"12629.29980";"12794.29980";"7774.74";"0.00";"IST";"SL";"1d 3h 25m";"-183.12"
"833";"USTEC_ICM_UTC2";"Buy";"12637.5";"12688.8";"2020.12.18 22:45:00";"2020.12.18 22:55:00";"30.0";"1539.00";"12555.00000";"12720.00000";"9313.74";"0.00";"IST";"End Of Friday (Time)";"10m 0s";"-0.00"
"834";"USTEC_ICM_UTC2";"Buy";"12582.0";"12499.5";"2020.12.21 17:00:00";"2020.12.21 17:14:00";"30.0";"-2475.00";"12499.50000";"12664.50000";"6838.74";"0.00";"IST";"SL";"14m 0s";"-0.00"
"835";"USTEC_ICM_UTC2";"Buy";"12692.9";"12610.4";"2020.12.22 18:15:00";"2020.12.22 18:43:00";"30.0";"-2475.00";"12610.40039";"12775.40039";"4363.74";"0.00";"IST";"SL";"28m 0s";"-0.00"
"836";"USTEC_ICM_UTC2";"Buy";"12681.5";"12764.0";"2020.12.23 18:30:00";"2020.12.28 03:38:00";"30.0";"1559.40";"12599.00000";"12764.00000";"5923.14";"0.00";"IST";"PT";"4d 9h 8m";"-915.60"
"837";"USTEC_ICM_UTC2";"Buy";"12825.8";"12908.3";"2020.12.28 18:30:00";"2020.12.29 16:33:00";"30.0";"2291.88";"12743.29980";"12908.29980";"8215.02";"0.00";"IST";"PT";"22h 3m";"-183.12"
"838";"USTEC_ICM_UTC2";"Buy";"12871.9";"12954.4";"2020.12.29 18:15:00";"2021.01.04 10:06:00";"30.0";"1376.28";"12789.40039";"12954.40039";"9591.30";"0.00";"IST";"PT";"5d 15h 51m";"-1098.72"
"839";"USTEC_ICM_UTC2";"Buy";"12728.0";"12645.5";"2021.01.04 18:30:00";"2021.01.04 18:59:00";"30.0";"-2475.00";"12645.50000";"12810.50000";"7116.30";"0.00";"IST";"SL";"29m 0s";"-0.00"
"840";"USTEC_ICM_UTC2";"Buy";"12770.8";"12688.3";"2021.01.05 17:15:00";"2021.01.06 03:27:00";"30.0";"-2658.12";"12688.29980";"12853.29980";"4458.18";"0.00";"IST";"SL";"10h 12m";"-183.12"
"841";"USTEC_ICM_UTC2";"Buy";"12622.5";"12705.0";"2021.01.06 16:45:00";"2021.01.06 17:23:00";"30.0";"2475.00";"12540.00000";"12705.00000";"6933.18";"0.00";"IST";"PT";"38m 0s";"-0.00"
"842";"USTEC_ICM_UTC2";"Buy";"12888.1";"12970.6";"2021.01.07 18:15:00";"2021.01.08 03:30:00";"30.0";"2291.88";"12805.59961";"12970.59961";"9225.06";"0.00";"IST";"PT";"9h 15m";"-183.12"
"843";"USTEC_ICM_UTC2";"Buy";"13042.0";"12959.5";"2021.01.08 18:00:00";"2021.01.08 20:37:00";"30.0";"-2475.00";"12959.50000";"13124.50000";"6750.06";"0.00";"IST";"SL";"2h 37m";"-0.00"
"844";"USTEC_ICM_UTC2";"Buy";"12999.5";"12917.0";"2021.01.11 17:30:00";"2021.01.11 22:14:00";"30.0";"-2475.00";"12917.00000";"13082.00000";"4275.06";"0.00";"IST";"SL";"4h 44m";"-0.00"
"845";"USTEC_ICM_UTC2";"Buy";"12891.3";"12808.8";"2021.01.12 17:15:00";"2021.01.12 19:10:00";"30.0";"-2475.00";"12808.79980";"12973.79980";"1800.06";"0.00";"IST";"SL";"1h 55m";"-0.00"
"846";"USTEC_ICM_UTC2";"Buy";"12981.5";"12899.0";"2021.01.13 18:30:00";"2021.01.14 22:20:00";"30.0";"-2658.12";"12899.00000";"13064.00000";"-858.06";"0.00";"IST";"SL";"1d 3h 50m";"-183.12"
"847";"USTEC_ICM_UTC2";"Buy";"12946.6";"12864.1";"2021.01.14 22:45:00";"2021.01.15 07:18:00";"30.0";"-2658.12";"12864.09961";"13029.09961";"-3516.18";"0.00";"IST";"SL";"8h 33m";"-183.12"
"848";"USTEC_ICM_UTC2";"Buy";"12813.1";"12808.9";"2021.01.15 18:00:00";"2021.01.15 22:55:00";"30.0";"-125.97";"12730.59961";"12895.59961";"-3642.15";"0.00";"IST";"End Of Friday (Time)";"4h 55m";"-0.00"
"849";"USTEC_ICM_UTC2";"Buy";"12816.6";"12899.1";"2021.01.18 18:15:00";"2021.01.19 04:24:00";"30.0";"2291.88";"12734.09961";"12899.09961";"-1350.27";"0.00";"IST";"PT";"10h 9m";"-183.12"
"850";"USTEC_ICM_UTC2";"Buy";"12872.0";"12954.5";"2021.01.19 18:15:00";"2021.01.19 19:45:00";"30.0";"2475.00";"12789.50000";"12954.50000";"1124.73";"0.00";"IST";"PT";"1h 30m";"-0.00"
"851";"USTEC_ICM_UTC2";"Buy";"13236.4";"13318.9";"2021.01.20 18:15:00";"2021.01.20 21:43:00";"30.0";"2475.00";"13153.90039";"13318.90039";"3599.73";"0.00";"IST";"PT";"3h 28m";"-0.00"
"852";"USTEC_ICM_UTC2";"Buy";"13383.2";"13388.4";"2021.01.21 18:30:00";"2021.01.22 22:55:00";"30.0";"-27.12";"13300.70020";"13465.70020";"3572.61";"0.00";"IST";"End Of Friday (Time)";"1d 4h 25m";"-183.12"
"853";"USTEC_ICM_UTC2";"Buy";"13335.7";"13418.2";"2021.01.25 18:15:00";"2021.01.25 19:00:00";"30.0";"2475.00";"13253.20020";"13418.20020";"6047.61";"0.00";"IST";"PT";"45m 0s";"-0.00"
"854";"USTEC_ICM_UTC2";"Buy";"13493.7";"13576.2";"2021.01.26 18:30:00";"2021.01.26 23:03:00";"30.0";"2475.00";"13411.20020";"13576.20020";"8522.61";"0.00";"IST";"PT";"4h 33m";"-0.00"
"855";"USTEC_ICM_UTC2";"Buy";"13401.4";"13318.9";"2021.01.27 16:30:00";"2021.01.27 16:32:00";"30.0";"-2475.00";"13318.90039";"13483.90039";"6047.61";"0.00";"IST";"SL";"2m 0s";"-0.00"
"856";"USTEC_ICM_UTC2";"Buy";"13201.1";"13283.6";"2021.01.28 17:00:00";"2021.01.28 17:18:00";"30.0";"2475.00";"13118.59961";"13283.59961";"8522.61";"0.00";"IST";"PT";"18m 0s";"-0.00"
"857";"USTEC_ICM_UTC2";"Buy";"13113.2";"13030.7";"2021.01.29 17:15:00";"2021.01.29 18:14:00";"30.0";"-2475.00";"13030.70020";"13195.70020";"6047.61";"0.00";"IST";"SL";"59m 0s";"-0.00"
"858";"USTEC_ICM_UTC2";"Buy";"13110.5";"13193.0";"2021.02.01 18:15:00";"2021.02.01 18:40:00";"30.0";"2475.00";"13028.00000";"13193.00000";"8522.61";"0.00";"IST";"PT";"25m 0s";"-0.00"
"859";"USTEC_ICM_UTC2";"Buy";"13433.8";"13516.3";"2021.02.02 18:15:00";"2021.02.03 02:38:00";"30.0";"2291.88";"13351.29980";"13516.29980";"10814.49";"0.00";"IST";"PT";"8h 23m";"-183.12"
"860";"USTEC_ICM_UTC2";"Buy";"13442.2";"13359.7";"2021.02.03 18:30:00";"2021.02.04 07:09:00";"30.0";"-2658.12";"13359.70020";"13524.70020";"8156.37";"0.00";"IST";"SL";"12h 39m";"-183.12"
"861";"USTEC_ICM_UTC2";"Buy";"13456.1";"13538.6";"2021.02.04 18:30:00";"2021.02.04 22:54:00";"30.0";"2475.00";"13373.59961";"13538.59961";"10631.37";"0.00";"IST";"PT";"4h 24m";"-0.00"
"862";"USTEC_ICM_UTC2";"Buy";"13558.0";"13640.5";"2021.02.05 17:15:00";"2021.02.05 20:16:00";"30.0";"2475.00";"13475.50000";"13640.50000";"13106.37";"0.00";"IST";"PT";"3h 1m";"-0.00"
"863";"USTEC_ICM_UTC2";"Buy";"13646.9";"13729.4";"2021.02.08 18:30:00";"2021.02.09 17:13:00";"30.0";"2291.88";"13564.40039";"13729.40039";"15398.25";"0.00";"IST";"PT";"22h 43m";"-183.12"
"864";"USTEC_ICM_UTC2";"Buy";"13695.4";"13612.9";"2021.02.09 18:15:00";"2021.02.10 17:22:00";"30.0";"-2658.12";"13612.90039";"13777.90039";"12740.13";"0.00";"IST";"SL";"23h 7m";"-183.12"
"865";"USTEC_ICM_UTC2";"Buy";"13603.9";"13686.4";"2021.02.10 18:30:00";"2021.02.10 21:33:00";"30.0";"2475.00";"13521.40039";"13686.40039";"15215.13";"0.00";"IST";"PT";"3h 3m";"-0.00"
"866";"USTEC_ICM_UTC2";"Buy";"13745.3";"13662.8";"2021.02.11 18:45:00";"2021.02.11 19:27:00";"30.0";"-2475.00";"13662.79980";"13827.79980";"12740.13";"0.00";"IST";"SL";"42m 0s";"-0.00"
"867";"USTEC_ICM_UTC2";"Buy";"13741.9";"13803.6";"2021.02.12 18:15:00";"2021.02.12 22:55:00";"30.0";"1850.97";"13659.40039";"13824.40039";"14591.10";"0.00";"IST";"End Of Friday (Time)";"4h 40m";"-0.00"
"868";"USTEC_ICM_UTC2";"Buy";"13870.6";"13788.1";"2021.02.16 17:30:00";"2021.02.16 18:27:00";"30.0";"-2475.00";"13788.09961";"13953.09961";"12116.10";"0.00";"IST";"SL";"57m 0s";"-0.00"
"869";"USTEC_ICM_UTC2";"Buy";"13629.8";"13712.3";"2021.02.17 17:15:00";"2021.02.17 22:50:00";"30.0";"2475.00";"13547.29980";"13712.29980";"14591.10";"0.00";"IST";"PT";"5h 35m";"-0.00"
"870";"USTEC_ICM_UTC2";"Buy";"13501.0";"13583.5";"2021.02.18 17:30:00";"2021.02.18 20:17:00";"30.0";"2475.00";"13418.50000";"13583.50000";"17066.10";"0.00";"IST";"PT";"2h 47m";"-0.00"
"871";"USTEC_ICM_UTC2";"Buy";"13697.3";"13614.8";"2021.02.19 18:30:00";"2021.02.19 19:24:00";"30.0";"-2475.00";"13614.79980";"13779.79980";"14591.10";"0.00";"IST";"SL";"54m 0s";"-0.00"
"872";"USTEC_ICM_UTC2";"Buy";"13395.2";"13312.7";"2021.02.22 16:30:00";"2021.02.22 17:53:00";"30.0";"-2475.00";"13312.70020";"13477.70020";"12116.10";"0.00";"IST";"SL";"1h 23m";"-0.00"
"873";"USTEC_ICM_UTC2";"Buy";"12890.7";"12973.2";"2021.02.23 17:00:00";"2021.02.23 17:12:00";"30.0";"2475.00";"12808.20020";"12973.20020";"14591.10";"0.00";"IST";"PT";"12m 0s";"-0.00"
"874";"USTEC_ICM_UTC2";"Buy";"13078.9";"13161.4";"2021.02.24 17:45:00";"2021.02.24 18:15:00";"30.0";"2475.00";"12996.40039";"13161.40039";"17066.10";"0.00";"IST";"PT";"30m 0s";"-0.00"
"875";"USTEC_ICM_UTC2";"Buy";"13149.1";"13066.6";"2021.02.25 18:15:00";"2021.02.25 18:37:00";"30.0";"-2475.00";"13066.59961";"13231.59961";"14591.10";"0.00";"IST";"SL";"22m 0s";"-0.00"
"876";"USTEC_ICM_UTC2";"Buy";"12884.5";"12802.0";"2021.02.26 17:00:00";"2021.02.26 17:28:00";"30.0";"-2475.00";"12802.00000";"12967.00000";"12116.10";"0.00";"IST";"SL";"28m 0s";"-0.00"
"877";"USTEC_ICM_UTC2";"Buy";"13188.2";"13270.7";"2021.03.01 18:30:00";"2021.03.01 21:43:00";"30.0";"2475.00";"13105.70020";"13270.70020";"14591.10";"0.00";"IST";"PT";"3h 13m";"-0.00"
"878";"USTEC_ICM_UTC2";"Buy";"13125.8";"13208.3";"2021.03.02 18:45:00";"2021.03.02 20:30:00";"30.0";"2475.00";"13043.29980";"13208.29980";"17066.10";"0.00";"IST";"PT";"1h 45m";"-0.00"
"879";"USTEC_ICM_UTC2";"Buy";"12855.0";"12937.5";"2021.03.03 17:30:00";"2021.03.03 18:01:00";"30.0";"2475.00";"12772.50000";"12937.50000";"19541.10";"0.00";"IST";"PT";"31m 0s";"-0.00"
"880";"USTEC_ICM_UTC2";"Buy";"12596.4";"12678.9";"2021.03.04 17:00:00";"2021.03.04 17:38:00";"30.0";"2475.00";"12513.90039";"12678.90039";"22016.10";"0.00";"IST";"PT";"38m 0s";"-0.00"
"881";"USTEC_ICM_UTC2";"Buy";"12428.5";"12346.0";"2021.03.05 17:00:00";"2021.03.05 17:30:00";"30.0";"-2475.00";"12346.00000";"12511.00000";"19541.10";"0.00";"IST";"SL";"30m 0s";"-0.00"
"882";"USTEC_ICM_UTC2";"Buy";"12680.7";"12598.2";"2021.03.08 16:45:00";"2021.03.08 16:50:00";"30.0";"-2475.00";"12598.20020";"12763.20020";"17066.10";"0.00";"IST";"SL";"5m 0s";"-0.00"
"883";"USTEC_ICM_UTC2";"Buy";"12745.2";"12827.7";"2021.03.09 18:30:00";"2021.03.09 20:08:00";"30.0";"2475.00";"12662.70020";"12827.70020";"19541.10";"0.00";"IST";"PT";"1h 38m";"-0.00"
"884";"USTEC_ICM_UTC2";"Buy";"12889.0";"12806.5";"2021.03.10 17:15:00";"2021.03.10 17:29:00";"30.0";"-2475.00";"12806.50000";"12971.50000";"17066.10";"0.00";"IST";"SL";"14m 0s";"-0.00"
"885";"USTEC_ICM_UTC2";"Buy";"13000.4";"13082.9";"2021.03.11 17:45:00";"2021.03.11 18:42:00";"30.0";"2475.00";"12917.90039";"13082.90039";"19541.10";"0.00";"IST";"PT";"57m 0s";"-0.00"
"886";"USTEC_ICM_UTC2";"Buy";"12793.7";"12876.2";"2021.03.12 18:00:00";"2021.03.12 18:52:00";"30.0";"2475.00";"12711.20020";"12876.20020";"22016.10";"0.00";"IST";"PT";"52m 0s";"-0.00"
"887";"USTEC_ICM_UTC2";"Buy";"12917.3";"12999.8";"2021.03.15 17:30:00";"2021.03.15 20:15:00";"30.0";"2475.00";"12834.79980";"12999.79980";"24491.10";"0.00";"IST";"PT";"2h 45m";"-0.00"
"888";"USTEC_ICM_UTC2";"Buy";"13276.3";"13193.8";"2021.03.16 17:15:00";"2021.03.16 18:26:00";"30.0";"-2475.00";"13193.79980";"13358.79980";"22016.10";"0.00";"IST";"SL";"1h 11m";"-0.00"
"889";"USTEC_ICM_UTC2";"Buy";"13017.7";"13100.2";"2021.03.17 17:30:00";"2021.03.17 20:01:00";"30.0";"2475.00";"12935.20020";"13100.20020";"24491.10";"0.00";"IST";"PT";"2h 31m";"-0.00"
"890";"USTEC_ICM_UTC2";"Buy";"12977.2";"12894.7";"2021.03.18 17:00:00";"2021.03.18 20:33:00";"30.0";"-2475.00";"12894.70020";"13059.70020";"22016.10";"0.00";"IST";"SL";"3h 33m";"-0.00"
"891";"USTEC_ICM_UTC2";"Buy";"12851.3";"12933.8";"2021.03.19 17:00:00";"2021.03.22 06:15:00";"30.0";"1925.64";"12768.79980";"12933.79980";"23941.74";"0.00";"IST";"PT";"2d 13h 15m";"-549.36"
"892";"USTEC_ICM_UTC2";"Buy";"13081.8";"13164.3";"2021.03.22 17:15:00";"2021.03.22 18:44:00";"30.0";"2475.00";"12999.29980";"13164.29980";"26416.74";"0.00";"IST";"PT";"1h 29m";"-0.00"
"893";"USTEC_ICM_UTC2";"Buy";"13163.3";"13080.8";"2021.03.23 17:30:00";"2021.03.23 20:06:00";"30.0";"-2475.00";"13080.79980";"13245.79980";"23941.74";"0.00";"IST";"SL";"2h 36m";"-0.00"
"894";"USTEC_ICM_UTC2";"Buy";"13012.5";"12930.0";"2021.03.24 17:45:00";"2021.03.24 19:01:00";"30.0";"-2475.00";"12930.00000";"13095.00000";"21466.74";"0.00";"IST";"SL";"1h 16m";"-0.00"
"895";"USTEC_ICM_UTC2";"Buy";"12756.5";"12674.0";"2021.03.25 16:30:00";"2021.03.25 16:51:00";"30.0";"-2475.00";"12674.00000";"12839.00000";"18991.74";"0.00";"IST";"SL";"21m 0s";"-0.00"
"896";"USTEC_ICM_UTC2";"Buy";"12803.4";"12720.9";"2021.03.26 17:15:00";"2021.03.26 20:48:00";"30.0";"-2475.00";"12720.90039";"12885.90039";"16516.74";"0.00";"IST";"SL";"3h 33m";"-0.00"
"897";"USTEC_ICM_UTC2";"Buy";"12879.9";"12962.4";"2021.03.29 18:00:00";"2021.03.29 19:54:00";"30.0";"2475.00";"12797.40039";"12962.40039";"18991.74";"0.00";"IST";"PT";"1h 54m";"-0.00"
"898";"USTEC_ICM_UTC2";"Buy";"12893.1";"12975.6";"2021.03.30 18:30:00";"2021.03.31 13:42:00";"30.0";"2291.88";"12810.59961";"12975.59961";"21283.62";"0.00";"IST";"PT";"19h 12m";"-183.12"
"899";"USTEC_ICM_UTC2";"Buy";"13119.1";"13201.6";"2021.03.31 18:15:00";"2021.04.01 10:28:00";"30.0";"2291.88";"13036.59961";"13201.59961";"23575.50";"0.00";"IST";"PT";"16h 13m";"-183.12"
"900";"USTEC_ICM_UTC2";"Buy";"13316.8";"13399.3";"2021.04.01 18:00:00";"2021.04.02 15:30:00";"30.0";"2291.88";"13234.29980";"13399.29980";"25867.38";"0.00";"IST";"PT";"21h 30m";"-183.12"
"901";"USTEC_ICM_UTC2";"Buy";"13534.2";"13616.7";"2021.04.05 18:15:00";"2021.04.05 21:00:00";"30.0";"2475.00";"13451.70020";"13616.70020";"28342.38";"0.00";"IST";"PT";"2h 45m";"-0.00"
"902";"USTEC_ICM_UTC2";"Buy";"13577.2";"13659.7";"2021.04.06 16:30:00";"2021.04.06 18:59:00";"30.0";"2475.00";"13494.70020";"13659.70020";"30817.38";"0.00";"IST";"PT";"2h 29m";"-0.00"
"903";"USTEC_ICM_UTC2";"Buy";"13610.9";"13693.4";"2021.04.07 18:00:00";"2021.04.08 05:40:00";"30.0";"2291.88";"13528.40039";"13693.40039";"33109.26";"0.00";"IST";"PT";"11h 40m";"-183.12"
"904";"USTEC_ICM_UTC2";"Buy";"13712.7";"13796.8";"2021.04.08 17:15:00";"2021.04.09 01:00:00";"30.0";"2339.79";"13630.20020";"13795.20020";"35449.05";"0.00";"IST";"PT";"7h 45m";"-183.12"
"905";"USTEC_ICM_UTC2";"Buy";"13742.8";"13825.3";"2021.04.09 17:15:00";"2021.04.09 22:37:00";"30.0";"2475.00";"13660.29980";"13825.29980";"37924.05";"0.00";"IST";"PT";"5h 22m";"-0.00"
"906";"USTEC_ICM_UTC2";"Buy";"13794.9";"13877.4";"2021.04.12 18:15:00";"2021.04.13 15:39:00";"30.0";"2291.88";"13712.40039";"13877.40039";"40215.93";"0.00";"IST";"PT";"21h 24m";"-183.12"
"907";"USTEC_ICM_UTC2";"Buy";"13919.6";"14002.1";"2021.04.13 18:15:00";"2021.04.13 22:28:00";"30.0";"2475.00";"13837.09961";"14002.09961";"42690.93";"0.00";"IST";"PT";"4h 13m";"-0.00"
"908";"USTEC_ICM_UTC2";"Buy";"13927.5";"13845.0";"2021.04.14 18:00:00";"2021.04.14 20:59:00";"30.0";"-2475.00";"13845.00000";"14010.00000";"40215.93";"0.00";"IST";"SL";"2h 59m";"-0.00"
"909";"USTEC_ICM_UTC2";"Buy";"14006.4";"14039.1";"2021.04.15 18:15:00";"2021.04.16 22:55:00";"30.0";"797.85";"13923.90039";"14088.90039";"41013.78";"0.00";"IST";"End Of Friday (Time)";"1d 4h 40m";"-183.12"
"910";"USTEC_ICM_UTC2";"Buy";"14003.0";"13920.5";"2021.04.19 17:00:00";"2021.04.19 17:08:00";"30.0";"-2475.00";"13920.50000";"14085.50000";"38538.78";"0.00";"IST";"SL";"8m 0s";"-0.00"
"911";"USTEC_ICM_UTC2";"Buy";"13811.9";"13729.4";"2021.04.20 18:15:00";"2021.04.20 18:35:00";"30.0";"-2475.00";"13729.40039";"13894.40039";"36063.78";"0.00";"IST";"SL";"20m 0s";"-0.00"
"912";"USTEC_ICM_UTC2";"Buy";"13796.2";"13878.7";"2021.04.21 18:00:00";"2021.04.21 18:55:00";"30.0";"2475.00";"13713.70020";"13878.70020";"38538.78";"0.00";"IST";"PT";"55m 0s";"-0.00"
"913";"USTEC_ICM_UTC2";"Buy";"13917.2";"13834.7";"2021.04.22 18:30:00";"2021.04.22 20:17:00";"30.0";"-2475.00";"13834.70020";"13999.70020";"36063.78";"0.00";"IST";"SL";"1h 47m";"-0.00"
"914";"USTEC_ICM_UTC2";"Buy";"13887.5";"13970.0";"2021.04.23 18:15:00";"2021.04.23 20:37:00";"30.0";"2475.00";"13805.00000";"13970.00000";"38538.78";"0.00";"IST";"PT";"2h 22m";"-0.00"
"915";"USTEC_ICM_UTC2";"Buy";"13990.9";"13908.4";"2021.04.26 18:45:00";"2021.04.28 16:35:00";"30.0";"-2841.24";"13908.40039";"14073.40039";"35697.54";"0.00";"IST";"SL";"1d 21h 50m";"-366.24"
"916";"USTEC_ICM_UTC2";"Buy";"13936.4";"14018.9";"2021.04.28 18:00:00";"2021.04.29 04:15:00";"30.0";"2291.88";"13853.90039";"14018.90039";"37989.42";"0.00";"IST";"PT";"10h 15m";"-183.12"
"917";"USTEC_ICM_UTC2";"Buy";"13960.8";"13878.3";"2021.04.29 17:15:00";"2021.04.29 18:56:00";"30.0";"-2475.00";"13878.29980";"14043.29980";"35514.42";"0.00";"IST";"SL";"1h 41m";"-0.00"
"918";"USTEC_ICM_UTC2";"Buy";"13959.1";"13876.6";"2021.04.30 17:30:00";"2021.04.30 18:20:00";"30.0";"-2475.00";"13876.59961";"14041.59961";"33039.42";"0.00";"IST";"SL";"50m 0s";"-0.00"
"919";"USTEC_ICM_UTC2";"Buy";"13793.0";"13710.5";"2021.05.03 18:30:00";"2021.05.04 14:39:00";"30.0";"-2658.12";"13710.50000";"13875.50000";"30381.30";"0.00";"IST";"SL";"20h 9m";"-183.12"
"920";"USTEC_ICM_UTC2";"Buy";"13693.0";"13610.5";"2021.05.04 16:30:00";"2021.05.04 16:44:00";"30.0";"-2475.00";"13610.50000";"13775.50000";"27906.30";"0.00";"IST";"SL";"14m 0s";"-0.00"
"921";"USTEC_ICM_UTC2";"Buy";"13656.7";"13574.2";"2021.05.05 16:45:00";"2021.05.05 17:04:00";"30.0";"-2475.00";"13574.20020";"13739.20020";"25431.30";"0.00";"IST";"SL";"19m 0s";"-0.00"
"922";"USTEC_ICM_UTC2";"Buy";"13484.2";"13401.7";"2021.05.06 16:45:00";"2021.05.06 17:21:00";"30.0";"-2475.00";"13401.70020";"13566.70020";"22956.30";"0.00";"IST";"SL";"36m 0s";"-0.00"
"923";"USTEC_ICM_UTC2";"Buy";"13733.9";"13816.4";"2021.05.07 17:00:00";"2021.05.07 17:20:00";"30.0";"2475.00";"13651.40039";"13816.40039";"25431.30";"0.00";"IST";"PT";"20m 0s";"-0.00"
"924";"USTEC_ICM_UTC2";"Buy";"13502.0";"13419.5";"2021.05.10 18:30:00";"2021.05.10 21:15:00";"30.0";"-2475.00";"13419.50000";"13584.50000";"22956.30";"0.00";"IST";"SL";"2h 45m";"-0.00"
"925";"USTEC_ICM_UTC2";"Buy";"13224.2";"13141.7";"2021.05.11 16:45:00";"2021.05.11 17:38:00";"30.0";"-2475.00";"13141.70020";"13306.70020";"20481.30";"0.00";"IST";"SL";"53m 0s";"-0.00"
"926";"USTEC_ICM_UTC2";"Buy";"13076.8";"12994.3";"2021.05.12 17:45:00";"2021.05.12 19:15:00";"30.0";"-2475.00";"12994.29980";"13159.29980";"18006.30";"0.00";"IST";"SL";"1h 30m";"-0.00"
"927";"USTEC_ICM_UTC2";"Buy";"13198.9";"13116.4";"2021.05.13 17:15:00";"2021.05.13 18:25:00";"30.0";"-2475.00";"13116.40039";"13281.40039";"15531.30";"0.00";"IST";"SL";"1h 10m";"-0.00"
"928";"USTEC_ICM_UTC2";"Buy";"13337.9";"13420.4";"2021.05.14 18:30:00";"2021.05.14 21:51:00";"30.0";"2475.00";"13255.40039";"13420.40039";"18006.30";"0.00";"IST";"PT";"3h 21m";"-0.00"
"929";"USTEC_ICM_UTC2";"Buy";"13247.7";"13330.2";"2021.05.17 19:00:00";"2021.05.18 02:43:00";"30.0";"2291.88";"13165.20020";"13330.20020";"20298.18";"0.00";"IST";"PT";"7h 43m";"-183.12"
"930";"USTEC_ICM_UTC2";"Buy";"13389.8";"13307.3";"2021.05.18 18:15:00";"2021.05.18 21:33:00";"30.0";"-2475.00";"13307.29980";"13472.29980";"17823.18";"0.00";"IST";"SL";"3h 18m";"-0.00"
"931";"USTEC_ICM_UTC2";"Buy";"13083.3";"13165.8";"2021.05.19 17:45:00";"2021.05.19 19:16:00";"30.0";"2475.00";"13000.79980";"13165.79980";"20298.18";"0.00";"IST";"PT";"1h 31m";"-0.00"
"932";"USTEC_ICM_UTC2";"Buy";"13437.2";"13519.7";"2021.05.20 18:15:00";"2021.05.20 22:24:00";"30.0";"2475.00";"13354.70020";"13519.70020";"22773.18";"0.00";"IST";"PT";"4h 9m";"-0.00"
"933";"USTEC_ICM_UTC2";"Buy";"13469.2";"13409.7";"2021.05.21 17:45:00";"2021.05.21 22:55:00";"30.0";"-1785.00";"13386.70020";"13551.70020";"20988.18";"0.00";"IST";"End Of Friday (Time)";"5h 10m";"-0.00"
"934";"USTEC_ICM_UTC2";"Buy";"13627.0";"13709.5";"2021.05.25 18:45:00";"2021.05.26 03:06:00";"30.0";"2291.88";"13544.50000";"13709.50000";"23280.06";"0.00";"IST";"PT";"8h 21m";"-183.12"
"935";"USTEC_ICM_UTC2";"Buy";"13713.9";"13631.4";"2021.05.26 18:15:00";"2021.05.27 10:35:00";"30.0";"-2658.12";"13631.40039";"13796.40039";"20621.94";"0.00";"IST";"SL";"16h 20m";"-183.12"
"936";"USTEC_ICM_UTC2";"Buy";"13688.2";"13698.7";"2021.05.27 16:30:00";"2021.05.28 22:55:00";"30.0";"131.88";"13605.70020";"13770.70020";"20753.82";"0.00";"IST";"End Of Friday (Time)";"1d 6h 25m";"-183.12"
"937";"USTEC_ICM_UTC2";"Buy";"13664.4";"13581.9";"2021.06.01 19:00:00";"2021.06.03 13:57:00";"30.0";"-2841.24";"13581.90039";"13746.90039";"17912.58";"0.00";"IST";"SL";"1d 18h 57m";"-366.24"
"938";"USTEC_ICM_UTC2";"Buy";"13559.2";"13476.7";"2021.06.03 16:30:00";"2021.06.03 16:49:00";"30.0";"-2475.00";"13476.70020";"13641.70020";"15437.58";"0.00";"IST";"SL";"19m 0s";"-0.00"
"939";"USTEC_ICM_UTC2";"Buy";"13612.3";"13694.8";"2021.06.04 16:30:00";"2021.06.04 16:46:00";"30.0";"2475.00";"13529.79980";"13694.79980";"17912.58";"0.00";"IST";"PT";"16m 0s";"-0.00"
"940";"USTEC_ICM_UTC2";"Buy";"13747.2";"13829.7";"2021.06.07 18:15:00";"2021.06.08 02:23:00";"30.0";"2291.88";"13664.70020";"13829.70020";"20204.46";"0.00";"IST";"PT";"8h 8m";"-183.12"
"941";"USTEC_ICM_UTC2";"Buy";"13842.8";"13760.3";"2021.06.08 17:00:00";"2021.06.08 18:20:00";"30.0";"-2475.00";"13760.29980";"13925.29980";"17729.46";"0.00";"IST";"SL";"1h 20m";"-0.00"
"942";"USTEC_ICM_UTC2";"Buy";"13847.3";"13764.8";"2021.06.09 18:15:00";"2021.06.10 11:29:00";"30.0";"-2658.12";"13764.79980";"13929.79980";"15071.34";"0.00";"IST";"SL";"17h 14m";"-183.12"
"943";"USTEC_ICM_UTC2";"Buy";"13831.2";"13913.7";"2021.06.10 16:30:00";"2021.06.10 16:39:00";"30.0";"2475.00";"13748.70020";"13913.70020";"17546.34";"0.00";"IST";"PT";"9m 0s";"-0.00"
"944";"USTEC_ICM_UTC2";"Buy";"13959.8";"13986.3";"2021.06.11 18:15:00";"2021.06.11 22:55:00";"30.0";"795.00";"13877.29980";"14042.29980";"18341.34";"0.00";"IST";"End Of Friday (Time)";"4h 40m";"-0.00"
"945";"USTEC_ICM_UTC2";"Buy";"14038.6";"14121.1";"2021.06.14 18:30:00";"2021.06.14 22:59:00";"30.0";"2475.00";"13956.09961";"14121.09961";"20816.34";"0.00";"IST";"PT";"4h 29m";"-0.00"
"946";"USTEC_ICM_UTC2";"Buy";"14066.1";"13983.6";"2021.06.15 17:45:00";"2021.06.16 19:25:00";"30.0";"-2658.12";"13983.59961";"14148.59961";"18158.22";"0.00";"IST";"SL";"1d 1h 40m";"-183.12"
"947";"USTEC_ICM_UTC2";"Buy";"14022.0";"13939.5";"2021.06.16 20:30:00";"2021.06.16 21:00:00";"30.0";"-2475.00";"13939.50000";"14104.50000";"15683.22";"0.00";"IST";"SL";"30m 0s";"-0.00"
"948";"USTEC_ICM_UTC2";"Buy";"13997.2";"14079.7";"2021.06.17 16:45:00";"2021.06.17 17:21:00";"30.0";"2475.00";"13914.70020";"14079.70020";"18158.22";"0.00";"IST";"PT";"36m 0s";"-0.00"
"949";"USTEC_ICM_UTC2";"Buy";"14087.9";"14087.8";"2021.06.18 16:30:00";"2021.06.18 22:55:00";"30.0";"-3.03";"14005.40039";"14170.40039";"18155.19";"0.00";"IST";"End Of Friday (Time)";"6h 25m";"-0.00"
"950";"USTEC_ICM_UTC2";"Buy";"14115.6";"14198.1";"2021.06.21 18:30:00";"2021.06.22 18:09:00";"30.0";"2291.88";"14033.09961";"14198.09961";"20447.07";"0.00";"IST";"PT";"23h 39m";"-183.12"
"951";"USTEC_ICM_UTC2";"Buy";"14205.6";"14288.1";"2021.06.22 18:15:00";"2021.06.22 22:28:00";"30.0";"2475.00";"14123.09961";"14288.09961";"22922.07";"0.00";"IST";"PT";"4h 13m";"-0.00"
"952";"USTEC_ICM_UTC2";"Buy";"14280.5";"14363.0";"2021.06.23 18:15:00";"2021.06.24 12:11:00";"30.0";"2291.88";"14198.00000";"14363.00000";"25213.95";"0.00";"IST";"PT";"17h 56m";"-183.12"
"953";"USTEC_ICM_UTC2";"Buy";"14402.4";"14334.9";"2021.06.24 18:15:00";"2021.06.25 22:55:00";"30.0";"-2208.12";"14319.90039";"14484.90039";"23005.83";"0.00";"IST";"End Of Friday (Time)";"1d 4h 40m";"-183.12"
"954";"USTEC_ICM_UTC2";"Buy";"14475.1";"14557.6";"2021.06.28 18:15:00";"2021.06.29 19:27:00";"30.0";"2291.88";"14392.59961";"14557.59961";"25297.71";"0.00";"IST";"PT";"1d 1h 12m";"-183.12"
"955";"USTEC_ICM_UTC2";"Buy";"14562.0";"14644.5";"2021.06.29 21:00:00";"2021.07.02 15:35:00";"30.0";"1925.64";"14479.50000";"14644.50000";"27223.35";"0.00";"IST";"PT";"2d 18h 35m";"-549.36"
"956";"USTEC_ICM_UTC2";"Buy";"14646.7";"14729.2";"2021.07.02 18:15:00";"2021.07.02 22:50:00";"30.0";"2475.00";"14564.20020";"14729.20020";"29698.35";"0.00";"IST";"PT";"4h 35m";"-0.00"
"957";"USTEC_ICM_UTC2";"Buy";"14742.0";"14659.5";"2021.07.06 18:00:00";"2021.07.06 19:17:00";"30.0";"-2475.00";"14659.50000";"14824.50000";"27223.35";"0.00";"IST";"SL";"1h 17m";"-0.00"
"958";"USTEC_ICM_UTC2";"Buy";"14861.2";"14778.7";"2021.07.07 16:45:00";"2021.07.07 17:39:00";"30.0";"-2475.00";"14778.70020";"14943.70020";"24748.35";"0.00";"IST";"SL";"54m 0s";"-0.00"
"959";"USTEC_ICM_UTC2";"Buy";"14602.0";"14684.5";"2021.07.08 16:45:00";"2021.07.08 18:50:00";"30.0";"2475.00";"14519.50000";"14684.50000";"27223.35";"0.00";"IST";"PT";"2h 5m";"-0.00"
"960";"USTEC_ICM_UTC2";"Buy";"14786.7";"14830.8";"2021.07.09 18:15:00";"2021.07.09 22:55:00";"30.0";"1323.00";"14704.20020";"14869.20020";"28546.35";"0.00";"IST";"End Of Friday (Time)";"4h 40m";"-0.00"
"961";"USTEC_ICM_UTC2";"Buy";"14845.9";"14928.4";"2021.07.12 18:45:00";"2021.07.13 12:58:00";"30.0";"2291.88";"14763.40039";"14928.40039";"30838.23";"0.00";"IST";"PT";"18h 13m";"-183.12"
"962";"USTEC_ICM_UTC2";"Buy";"14957.6";"14875.1";"2021.07.13 17:45:00";"2021.07.13 20:41:00";"30.0";"-2475.00";"14875.09961";"15040.09961";"28363.23";"0.00";"IST";"SL";"2h 56m";"-0.00"
"963";"USTEC_ICM_UTC2";"Buy";"14913.8";"14831.3";"2021.07.14 18:45:00";"2021.07.15 16:35:00";"30.0";"-2658.12";"14831.29980";"14996.29980";"25705.11";"0.00";"IST";"SL";"21h 50m";"-183.12"
"964";"USTEC_ICM_UTC2";"Buy";"14901.7";"14819.2";"2021.07.15 17:00:00";"2021.07.15 17:28:00";"30.0";"-2475.00";"14819.20020";"14984.20020";"23230.11";"0.00";"IST";"SL";"28m 0s";"-0.00"
"965";"USTEC_ICM_UTC2";"Buy";"14726.4";"14678.6";"2021.07.16 18:15:00";"2021.07.16 22:55:00";"30.0";"-1434.03";"14643.90039";"14808.90039";"21796.08";"0.00";"IST";"End Of Friday (Time)";"4h 40m";"-0.00"
"966";"USTEC_ICM_UTC2";"Buy";"14534.9";"14617.4";"2021.07.19 16:30:00";"2021.07.20 04:15:00";"30.0";"2291.88";"14452.40039";"14617.40039";"24087.96";"0.00";"IST";"PT";"11h 45m";"-183.12"
"967";"USTEC_ICM_UTC2";"Buy";"14662.8";"14745.3";"2021.07.20 18:00:00";"2021.07.20 19:49:00";"30.0";"2475.00";"14580.29980";"14745.29980";"26562.96";"0.00";"IST";"PT";"1h 49m";"-0.00"
"968";"USTEC_ICM_UTC2";"Buy";"14788.4";"14870.9";"2021.07.21 18:15:00";"2021.07.22 09:40:00";"30.0";"2291.88";"14705.90039";"14870.90039";"28854.84";"0.00";"IST";"PT";"15h 25m";"-183.12"
"969";"USTEC_ICM_UTC2";"Buy";"14905.1";"14988.4";"2021.07.22 18:15:00";"2021.07.23 01:00:00";"30.0";"2314.98";"14822.59961";"14987.59961";"31169.82";"0.00";"IST";"PT";"6h 45m";"-183.12"
"970";"USTEC_ICM_UTC2";"Buy";"15068.5";"15113.8";"2021.07.23 18:30:00";"2021.07.23 22:55:00";"30.0";"1359.00";"14986.00000";"15151.00000";"32528.82";"0.00";"IST";"End Of Friday (Time)";"4h 25m";"-0.00"
"971";"USTEC_ICM_UTC2";"Buy";"15111.3";"15028.8";"2021.07.26 18:15:00";"2021.07.27 17:05:00";"30.0";"-2658.12";"15028.79980";"15193.79980";"29870.70";"0.00";"IST";"SL";"22h 50m";"-183.12"
"972";"USTEC_ICM_UTC2";"Buy";"14883.1";"14800.6";"2021.07.27 18:30:00";"2021.07.27 20:18:00";"30.0";"-2475.00";"14800.59961";"14965.59961";"27395.70";"0.00";"IST";"SL";"1h 48m";"-0.00"
"973";"USTEC_ICM_UTC2";"Buy";"15027.3";"14944.8";"2021.07.28 18:30:00";"2021.07.28 21:00:00";"30.0";"-2475.00";"14944.79980";"15109.79980";"24920.70";"0.00";"IST";"SL";"2h 30m";"-0.00"
"974";"USTEC_ICM_UTC2";"Buy";"15079.8";"14997.3";"2021.07.29 18:15:00";"2021.07.29 23:01:00";"30.0";"-2475.00";"14997.29980";"15162.29980";"22445.70";"0.00";"IST";"SL";"4h 46m";"-0.00"
"975";"USTEC_ICM_UTC2";"Buy";"14878.7";"14961.2";"2021.07.30 16:30:00";"2021.07.30 16:59:00";"30.0";"2475.00";"14796.20020";"14961.20020";"24920.70";"0.00";"IST";"PT";"29m 0s";"-0.00"
"976";"USTEC_ICM_UTC2";"Buy";"15055.9";"14973.4";"2021.08.02 18:30:00";"2021.08.02 22:25:00";"30.0";"-2475.00";"14973.40039";"15138.40039";"22445.70";"0.00";"IST";"SL";"3h 55m";"-0.00"
"977";"USTEC_ICM_UTC2";"Buy";"14981.6";"15064.1";"2021.08.03 18:45:00";"2021.08.04 08:28:00";"30.0";"2291.88";"14899.09961";"15064.09961";"24737.58";"0.00";"IST";"PT";"13h 43m";"-183.12"
"978";"USTEC_ICM_UTC2";"Buy";"15045.6";"15128.1";"2021.08.04 18:00:00";"2021.08.05 16:47:00";"30.0";"2291.88";"14963.09961";"15128.09961";"27029.46";"0.00";"IST";"PT";"22h 47m";"-183.12"
"979";"USTEC_ICM_UTC2";"Buy";"15170.6";"15088.1";"2021.08.05 18:15:00";"2021.08.06 17:55:00";"30.0";"-2658.12";"15088.09961";"15253.09961";"24371.34";"0.00";"IST";"SL";"23h 40m";"-183.12"
"980";"USTEC_ICM_UTC2";"Buy";"15085.2";"15103.0";"2021.08.06 18:15:00";"2021.08.06 22:55:00";"30.0";"534.00";"15002.70020";"15167.70020";"24905.34";"0.00";"IST";"End Of Friday (Time)";"4h 40m";"-0.00"
"981";"USTEC_ICM_UTC2";"Buy";"15119.9";"15037.4";"2021.08.09 18:00:00";"2021.08.10 17:41:00";"30.0";"-2658.12";"15037.40039";"15202.40039";"22247.22";"0.00";"IST";"SL";"23h 41m";"-183.12"
"982";"USTEC_ICM_UTC2";"Buy";"15045.6";"15128.1";"2021.08.10 18:30:00";"2021.08.11 16:34:00";"30.0";"2291.88";"14963.09961";"15128.09961";"24539.10";"0.00";"IST";"PT";"22h 4m";"-183.12"
"983";"USTEC_ICM_UTC2";"Buy";"15053.5";"14971.0";"2021.08.11 17:15:00";"2021.08.12 16:36:00";"30.0";"-2658.12";"14971.00000";"15136.00000";"21880.98";"0.00";"IST";"SL";"23h 21m";"-183.12"
"984";"USTEC_ICM_UTC2";"Buy";"15026.8";"15109.3";"2021.08.12 17:30:00";"2021.08.13 16:46:00";"30.0";"2291.88";"14944.29980";"15109.29980";"24172.86";"0.00";"IST";"PT";"23h 16m";"-183.12"
"985";"USTEC_ICM_UTC2";"Buy";"15121.7";"15124.6";"2021.08.13 18:30:00";"2021.08.13 22:55:00";"30.0";"86.97";"15039.20020";"15204.20020";"24259.83";"0.00";"IST";"End Of Friday (Time)";"4h 25m";"-0.00"
"986";"USTEC_ICM_UTC2";"Buy";"14960.8";"15043.3";"2021.08.16 18:15:00";"2021.08.16 20:23:00";"30.0";"2475.00";"14878.29980";"15043.29980";"26734.83";"0.00";"IST";"PT";"2h 8m";"-0.00"
"987";"USTEC_ICM_UTC2";"Buy";"15060.9";"14978.4";"2021.08.17 17:45:00";"2021.08.17 18:42:00";"30.0";"-2475.00";"14978.40039";"15143.40039";"24259.83";"0.00";"IST";"SL";"57m 0s";"-0.00"
"988";"USTEC_ICM_UTC2";"Buy";"14996.3";"14913.8";"2021.08.18 16:45:00";"2021.08.18 22:46:00";"30.0";"-2475.00";"14913.79980";"15078.79980";"21784.83";"0.00";"IST";"SL";"6h 1m";"-0.00"
"989";"USTEC_ICM_UTC2";"Buy";"14804.6";"14887.1";"2021.08.19 16:45:00";"2021.08.19 17:56:00";"30.0";"2475.00";"14722.09961";"14887.09961";"24259.83";"0.00";"IST";"PT";"1h 11m";"-0.00"
"990";"USTEC_ICM_UTC2";"Buy";"15043.1";"15092.3";"2021.08.20 17:00:00";"2021.08.20 22:55:00";"30.0";"1476.00";"14960.59961";"15125.59961";"25735.83";"0.00";"IST";"End Of Friday (Time)";"5h 55m";"-0.00"
"991";"USTEC_ICM_UTC2";"Buy";"15274.7";"15357.2";"2021.08.23 18:15:00";"2021.08.24 09:35:00";"30.0";"2291.88";"15192.20020";"15357.20020";"28027.71";"0.00";"IST";"PT";"15h 20m";"-183.12"
"992";"USTEC_ICM_UTC2";"Buy";"15349.8";"15267.3";"2021.08.24 18:45:00";"2021.08.26 18:01:00";"30.0";"-2841.24";"15267.29980";"15432.29980";"25186.47";"0.00";"IST";"SL";"1d 23h 16m";"-366.24"
"993";"USTEC_ICM_UTC2";"Buy";"15313.7";"15396.2";"2021.08.26 18:15:00";"2021.08.27 17:13:00";"30.0";"2291.88";"15231.20020";"15396.20020";"27478.35";"0.00";"IST";"PT";"22h 58m";"-183.12"
"994";"USTEC_ICM_UTC2";"Buy";"15401.9";"15432.1";"2021.08.27 18:15:00";"2021.08.27 22:55:00";"30.0";"905.97";"15319.40039";"15484.40039";"28384.32";"0.00";"IST";"End Of Friday (Time)";"4h 40m";"-0.00"
"995";"USTEC_ICM_UTC2";"Buy";"15587.0";"15669.5";"2021.08.30 18:00:00";"2021.08.31 09:13:00";"30.0";"2291.88";"15504.50000";"15669.50000";"30676.20";"0.00";"IST";"PT";"15h 13m";"-183.12"
"996";"USTEC_ICM_UTC2";"Buy";"15561.1";"15643.6";"2021.08.31 17:45:00";"2021.09.01 09:59:00";"30.0";"2291.88";"15478.59961";"15643.59961";"32968.08";"0.00";"IST";"PT";"16h 14m";"-183.12"
"997";"USTEC_ICM_UTC2";"Buy";"15679.1";"15596.6";"2021.09.01 18:15:00";"2021.09.02 20:24:00";"30.0";"-2658.12";"15596.59961";"15761.59961";"30309.96";"0.00";"IST";"SL";"1d 2h 9m";"-183.12"
"998";"USTEC_ICM_UTC2";"Buy";"15592.1";"15674.6";"2021.09.02 20:45:00";"2021.09.03 15:30:00";"30.0";"2291.88";"15509.59961";"15674.59961";"32601.84";"0.00";"IST";"PT";"18h 45m";"-183.12"
"999";"USTEC_ICM_UTC2";"Buy";"15626.1";"15643.1";"2021.09.03 17:30:00";"2021.09.03 22:55:00";"30.0";"510.00";"15543.59961";"15708.59961";"33111.84";"0.00";"IST";"End Of Friday (Time)";"5h 25m";"-0.00"
"1000";"USTEC_ICM_UTC2";"Buy";"15674.9";"15592.4";"2021.09.07 18:00:00";"2021.09.08 17:33:00";"30.0";"-2658.12";"15592.40039";"15757.40039";"30453.72";"0.00";"IST";"SL";"23h 33m";"-183.12"
"1001";"USTEC_ICM_UTC2";"Buy";"15583.8";"15666.3";"2021.09.08 18:30:00";"2021.09.09 16:41:00";"30.0";"2291.88";"15501.29980";"15666.29980";"32745.60";"0.00";"IST";"PT";"22h 11m";"-183.12"
"1002";"USTEC_ICM_UTC2";"Buy";"15647.8";"15565.3";"2021.09.09 18:15:00";"2021.09.09 20:26:00";"30.0";"-2475.00";"15565.29980";"15730.29980";"30270.60";"0.00";"IST";"SL";"2h 11m";"-0.00"
"1003";"USTEC_ICM_UTC2";"Buy";"15596.5";"15514.0";"2021.09.10 18:00:00";"2021.09.10 22:12:00";"30.0";"-2475.00";"15514.00000";"15679.00000";"27795.60";"0.00";"IST";"SL";"4h 12m";"-0.00"
"1004";"USTEC_ICM_UTC2";"Buy";"15426.5";"15509.0";"2021.09.13 18:00:00";"2021.09.14 16:30:00";"30.0";"2291.88";"15344.00000";"15509.00000";"30087.48";"0.00";"IST";"PT";"22h 30m";"-183.12"
"1005";"USTEC_ICM_UTC2";"Buy";"15475.2";"15392.7";"2021.09.14 16:45:00";"2021.09.14 17:56:00";"30.0";"-2475.00";"15392.70020";"15557.70020";"27612.48";"0.00";"IST";"SL";"1h 11m";"-0.00"
"1006";"USTEC_ICM_UTC2";"Buy";"15358.0";"15440.5";"2021.09.15 18:30:00";"2021.09.15 19:55:00";"30.0";"2475.00";"15275.50000";"15440.50000";"30087.48";"0.00";"IST";"PT";"1h 25m";"-0.00"
"1007";"USTEC_ICM_UTC2";"Buy";"15417.1";"15499.6";"2021.09.16 17:00:00";"2021.09.16 21:54:00";"30.0";"2475.00";"15334.59961";"15499.59961";"32562.48";"0.00";"IST";"PT";"4h 54m";"-0.00"
"1008";"USTEC_ICM_UTC2";"Buy";"15433.3";"15350.8";"2021.09.17 16:45:00";"2021.09.17 17:47:00";"30.0";"-2475.00";"15350.79980";"15515.79980";"30087.48";"0.00";"IST";"SL";"1h 2m";"-0.00"
"1009";"USTEC_ICM_UTC2";"Buy";"15087.8";"15005.3";"2021.09.20 16:30:00";"2021.09.20 17:47:00";"30.0";"-2475.00";"15005.29980";"15170.29980";"27612.48";"0.00";"IST";"SL";"1h 17m";"-0.00"
"1010";"USTEC_ICM_UTC2";"Buy";"15013.2";"15095.7";"2021.09.21 18:00:00";"2021.09.21 18:32:00";"30.0";"2475.00";"14930.70020";"15095.70020";"30087.48";"0.00";"IST";"PT";"32m 0s";"-0.00"
"1011";"USTEC_ICM_UTC2";"Buy";"15150.5";"15233.0";"2021.09.22 18:30:00";"2021.09.22 21:15:00";"30.0";"2475.00";"15068.00000";"15233.00000";"32562.48";"0.00";"IST";"PT";"2h 45m";"-0.00"
"1012";"USTEC_ICM_UTC2";"Buy";"15337.1";"15254.6";"2021.09.23 18:00:00";"2021.09.24 10:02:00";"30.0";"-2658.12";"15254.59961";"15419.59961";"29904.36";"0.00";"IST";"SL";"16h 2m";"-183.12"
"1013";"USTEC_ICM_UTC2";"Buy";"15255.8";"15338.3";"2021.09.24 18:15:00";"2021.09.24 22:44:00";"30.0";"2475.00";"15173.29980";"15338.29980";"32379.36";"0.00";"IST";"PT";"4h 29m";"-0.00"
"1014";"USTEC_ICM_UTC2";"Buy";"15158.8";"15241.3";"2021.09.27 17:15:00";"2021.09.27 22:14:00";"30.0";"2475.00";"15076.29980";"15241.29980";"34854.36";"0.00";"IST";"PT";"4h 59m";"-0.00"
"1015";"USTEC_ICM_UTC2";"Buy";"15013.1";"14930.6";"2021.09.28 16:30:00";"2021.09.28 16:45:00";"30.0";"-2475.00";"14930.59961";"15095.59961";"32379.36";"0.00";"IST";"SL";"15m 0s";"-0.00"
"1016";"USTEC_ICM_UTC2";"Buy";"14819.0";"14736.5";"2021.09.29 18:30:00";"2021.09.29 20:31:00";"30.0";"-2475.00";"14736.50000";"14901.50000";"29904.36";"0.00";"IST";"SL";"2h 1m";"-0.00"
"1017";"USTEC_ICM_UTC2";"Buy";"14798.1";"14715.6";"2021.09.30 18:00:00";"2021.09.30 19:09:00";"30.0";"-2475.00";"14715.59961";"14880.59961";"27429.36";"0.00";"IST";"SL";"1h 9m";"-0.00"
"1018";"USTEC_ICM_UTC2";"Buy";"14642.6";"14560.1";"2021.10.01 17:00:00";"2021.10.01 17:23:00";"30.0";"-2475.00";"14560.09961";"14725.09961";"24954.36";"0.00";"IST";"SL";"23m 0s";"-0.00"
"1019";"USTEC_ICM_UTC2";"Buy";"14462.0";"14544.5";"2021.10.04 18:30:00";"2021.10.05 10:15:00";"30.0";"2291.88";"14379.50000";"14544.50000";"27246.24";"0.00";"IST";"PT";"15h 45m";"-183.12"
"1020";"USTEC_ICM_UTC2";"Buy";"14720.6";"14638.1";"2021.10.05 18:15:00";"2021.10.06 04:01:00";"30.0";"-2658.12";"14638.09961";"14803.09961";"24588.12";"0.00";"IST";"SL";"9h 46m";"-183.12"
"1021";"USTEC_ICM_UTC2";"Buy";"14654.2";"14736.7";"2021.10.06 18:15:00";"2021.10.06 21:11:00";"30.0";"2475.00";"14571.70020";"14736.70020";"27063.12";"0.00";"IST";"PT";"2h 56m";"-0.00"
"1022";"USTEC_ICM_UTC2";"Buy";"14992.2";"14909.7";"2021.10.07 18:00:00";"2021.10.07 22:44:00";"30.0";"-2475.00";"14909.70020";"15074.70020";"24588.12";"0.00";"IST";"SL";"4h 44m";"-0.00"
"1023";"USTEC_ICM_UTC2";"Buy";"14859.7";"14819.1";"2021.10.08 17:00:00";"2021.10.08 22:55:00";"30.0";"-1218.03";"14777.20020";"14942.20020";"23370.09";"0.00";"IST";"End Of Friday (Time)";"5h 55m";"-0.00"
"1024";"USTEC_ICM_UTC2";"Buy";"14887.6";"14805.1";"2021.10.11 18:15:00";"2021.10.11 20:22:00";"30.0";"-2475.00";"14805.09961";"14970.09961";"20895.09";"0.00";"IST";"SL";"2h 7m";"-0.00"
"1025";"USTEC_ICM_UTC2";"Buy";"14675.0";"14757.5";"2021.10.12 17:00:00";"2021.10.13 16:26:00";"30.0";"2291.88";"14592.50000";"14757.50000";"23186.97";"0.00";"IST";"PT";"23h 26m";"-183.12"
"1026";"USTEC_ICM_UTC2";"Buy";"14694.5";"14777.0";"2021.10.13 17:30:00";"2021.10.13 20:33:00";"30.0";"2475.00";"14612.00000";"14777.00000";"25661.97";"0.00";"IST";"PT";"3h 3m";"-0.00"
"1027";"USTEC_ICM_UTC2";"Buy";"14994.1";"15076.6";"2021.10.14 18:15:00";"2021.10.15 01:14:00";"30.0";"2291.88";"14911.59961";"15076.59961";"27953.85";"0.00";"IST";"PT";"6h 59m";"-183.12"
"1028";"USTEC_ICM_UTC2";"Buy";"15075.9";"15136.3";"2021.10.15 17:15:00";"2021.10.15 22:55:00";"30.0";"1811.97";"14993.40039";"15158.40039";"29765.82";"0.00";"IST";"End Of Friday (Time)";"5h 40m";"-0.00"
"1029";"USTEC_ICM_UTC2";"Buy";"15125.9";"15208.4";"2021.10.18 16:45:00";"2021.10.18 18:07:00";"30.0";"2475.00";"15043.40039";"15208.40039";"32240.82";"0.00";"IST";"PT";"1h 22m";"-0.00"
"1030";"USTEC_ICM_UTC2";"Buy";"15385.0";"15467.5";"2021.10.19 18:15:00";"2021.10.21 22:03:00";"30.0";"2108.76";"15302.50000";"15467.50000";"34349.57";"0.00";"IST";"PT";"2d 3h 48m";"-366.24"
"1031";"USTEC_ICM_UTC2";"Buy";"15403.5";"15321.0";"2021.10.22 18:15:00";"2021.10.22 18:36:00";"30.0";"-2475.00";"15321.00000";"15486.00000";"31874.58";"0.00";"IST";"SL";"21m 0s";"-0.00"
"1032";"USTEC_ICM_UTC2";"Buy";"15407.1";"15489.6";"2021.10.25 17:15:00";"2021.10.25 19:35:00";"30.0";"2475.00";"15324.59961";"15489.59961";"34349.57";"0.00";"IST";"PT";"2h 20m";"-0.00"
"1033";"USTEC_ICM_UTC2";"Buy";"15660.8";"15578.3";"2021.10.26 18:15:00";"2021.10.26 19:05:00";"30.0";"-2475.00";"15578.29980";"15743.29980";"31874.58";"0.00";"IST";"SL";"50m 0s";"-0.00"
"1034";"USTEC_ICM_UTC2";"Buy";"15636.8";"15719.3";"2021.10.27 16:45:00";"2021.10.27 20:25:00";"30.0";"2475.00";"15554.29980";"15719.29980";"34349.57";"0.00";"IST";"PT";"3h 40m";"-0.00"
"1035";"USTEC_ICM_UTC2";"Buy";"15676.6";"15759.1";"2021.10.28 17:00:00";"2021.10.28 17:47:00";"30.0";"2475.00";"15594.09961";"15759.09961";"36824.57";"0.00";"IST";"PT";"47m 0s";"-0.00"
"1036";"USTEC_ICM_UTC2";"Buy";"15697.2";"15779.7";"2021.10.29 17:45:00";"2021.10.29 19:20:00";"30.0";"2475.00";"15614.70020";"15779.70020";"39299.57";"0.00";"IST";"PT";"1h 35m";"-0.00"
"1037";"USTEC_ICM_UTC2";"Buy";"15855.5";"15938.0";"2021.11.01 17:30:00";"2021.11.02 15:38:00";"30.0";"2291.88";"15773.00000";"15938.00000";"41591.46";"0.00";"IST";"PT";"22h 8m";"-183.12"
"1038";"USTEC_ICM_UTC2";"Buy";"15950.7";"16033.2";"2021.11.02 17:15:00";"2021.11.03 20:01:00";"30.0";"2291.88";"15868.20020";"16033.20020";"43883.34";"0.00";"IST";"PT";"1d 2h 46m";"-183.12"
"1039";"USTEC_ICM_UTC2";"Buy";"16132.6";"16215.1";"2021.11.03 21:45:00";"2021.11.04 10:19:00";"30.0";"2291.88";"16050.09961";"16215.09961";"46175.21";"0.00";"IST";"PT";"12h 34m";"-183.12"
"1040";"USTEC_ICM_UTC2";"Buy";"16310.2";"16392.7";"2021.11.04 17:15:00";"2021.11.05 11:39:00";"30.0";"2291.85";"16227.70020";"16392.69922";"48467.07";"0.00";"IST";"PT";"18h 24m";"-183.12"
"1041";"USTEC_ICM_UTC2";"Buy";"16429.3";"16346.8";"2021.11.05 16:30:00";"2021.11.05 19:23:00";"30.0";"-2475.03";"16346.79980";"16511.80078";"45992.04";"0.00";"IST";"SL";"2h 53m";"-0.00"
"1042";"USTEC_ICM_UTC2";"Buy";"16325.2";"16242.7";"2021.11.08 17:45:00";"2021.11.09 16:58:00";"30.0";"-2658.12";"16242.70020";"16407.69922";"43333.91";"0.00";"IST";"SL";"23h 13m";"-183.12"
"1043";"USTEC_ICM_UTC2";"Buy";"16282.8";"16200.3";"2021.11.09 18:45:00";"2021.11.09 19:04:00";"30.0";"-2475.00";"16200.29980";"16365.29980";"40858.91";"0.00";"IST";"SL";"19m 0s";"-0.00"
"1044";"USTEC_ICM_UTC2";"Buy";"16187.2";"16104.7";"2021.11.10 17:30:00";"2021.11.10 19:44:00";"30.0";"-2475.00";"16104.70020";"16269.70020";"38383.91";"0.00";"IST";"SL";"2h 14m";"-0.00"
"1045";"USTEC_ICM_UTC2";"Buy";"16081.2";"16163.7";"2021.11.11 18:30:00";"2021.11.12 18:16:00";"30.0";"2291.88";"15998.70020";"16163.70020";"40675.80";"0.00";"IST";"PT";"23h 46m";"-183.12"
"1046";"USTEC_ICM_UTC2";"Buy";"16190.6";"16193.3";"2021.11.12 18:30:00";"2021.11.12 22:55:00";"30.0";"81.00";"16108.09961";"16273.09961";"40756.80";"0.00";"IST";"End Of Friday (Time)";"4h 25m";"-0.00"
"1047";"USTEC_ICM_UTC2";"Buy";"16224.1";"16141.6";"2021.11.15 16:45:00";"2021.11.15 18:42:00";"30.0";"-2475.00";"16141.59961";"16306.59961";"38281.80";"0.00";"IST";"SL";"1h 57m";"-0.00"
"1048";"USTEC_ICM_UTC2";"Buy";"16286.9";"16369.4";"2021.11.16 18:15:00";"2021.11.17 18:42:00";"30.0";"2291.88";"16204.40039";"16369.40039";"40573.68";"0.00";"IST";"PT";"1d 0h 27m";"-183.12"
"1049";"USTEC_ICM_UTC2";"Buy";"16373.3";"16290.8";"2021.11.17 18:45:00";"2021.11.17 20:11:00";"30.0";"-2475.00";"16290.79980";"16455.80078";"38098.68";"0.00";"IST";"SL";"1h 26m";"-0.00"
"1050";"USTEC_ICM_UTC2";"Buy";"16389.9";"16472.4";"2021.11.18 18:30:00";"2021.11.18 18:45:00";"30.0";"2475.00";"16307.40039";"16472.40039";"40573.68";"0.00";"IST";"PT";"15m 0s";"-0.00"
"1051";"USTEC_ICM_UTC2";"Buy";"16589.0";"16570.2";"2021.11.19 18:15:00";"2021.11.19 22:55:00";"30.0";"-564.03";"16506.50000";"16671.50000";"40009.64";"0.00";"IST";"End Of Friday (Time)";"4h 40m";"-0.00"
"1052";"USTEC_ICM_UTC2";"Buy";"16655.2";"16572.7";"2021.11.22 18:15:00";"2021.11.22 18:48:00";"30.0";"-2475.00";"16572.69922";"16737.69922";"37534.64";"0.00";"IST";"SL";"33m 0s";"-0.00"
"1053";"USTEC_ICM_UTC2";"Buy";"16355.2";"16272.7";"2021.11.23 16:45:00";"2021.11.23 17:13:00";"30.0";"-2475.00";"16272.70020";"16437.69922";"35059.64";"0.00";"IST";"SL";"28m 0s";"-0.00"
"1054";"USTEC_ICM_UTC2";"Buy";"16232.4";"16314.9";"2021.11.24 17:45:00";"2021.11.24 18:22:00";"30.0";"2475.00";"16149.90039";"16314.90039";"37534.64";"0.00";"IST";"PT";"37m 0s";"-0.00"
"1055";"USTEC_ICM_UTC2";"Buy";"16207.9";"16125.4";"2021.11.26 16:45:00";"2021.11.26 17:18:00";"30.0";"-2475.00";"16125.40039";"16290.40039";"35059.64";"0.00";"IST";"SL";"33m 0s";"-0.00"
"1056";"USTEC_ICM_UTC2";"Buy";"16291.4";"16373.9";"2021.11.29 18:15:00";"2021.11.29 19:05:00";"30.0";"2475.00";"16208.90039";"16373.90039";"37534.64";"0.00";"IST";"PT";"50m 0s";"-0.00"
"1057";"USTEC_ICM_UTC2";"Buy";"16417.2";"16334.7";"2021.11.30 17:30:00";"2021.11.30 17:38:00";"30.0";"-2474.97";"16334.70020";"16499.69922";"35059.68";"0.00";"IST";"SL";"8m 0s";"-0.00"
"1058";"USTEC_ICM_UTC2";"Buy";"16409.7";"16327.2";"2021.12.01 18:30:00";"2021.12.01 18:58:00";"30.0";"-2474.97";"16327.20020";"16492.19922";"32584.71";"0.00";"IST";"SL";"28m 0s";"-0.00"
"1059";"USTEC_ICM_UTC2";"Buy";"15823.6";"15906.1";"2021.12.02 16:30:00";"2021.12.02 16:36:00";"30.0";"2475.00";"15741.09961";"15906.09961";"35059.71";"0.00";"IST";"PT";"6m 0s";"-0.00"
"1060";"USTEC_ICM_UTC2";"Buy";"15767.9";"15685.4";"2021.12.03 17:15:00";"2021.12.03 17:44:00";"30.0";"-2475.00";"15685.40039";"15850.40039";"32584.71";"0.00";"IST";"SL";"29m 0s";"-0.00"
"1061";"USTEC_ICM_UTC2";"Buy";"15705.3";"15787.8";"2021.12.06 18:30:00";"2021.12.06 19:22:00";"30.0";"2475.00";"15622.79980";"15787.79980";"35059.71";"0.00";"IST";"PT";"52m 0s";"-0.00"
"1062";"USTEC_ICM_UTC2";"Buy";"16277.9";"16366.2";"2021.12.07 18:15:00";"2021.12.08 01:00:00";"30.0";"2466.66";"16195.40039";"16360.40039";"37526.37";"0.00";"IST";"PT";"6h 45m";"-183.12"
"1063";"USTEC_ICM_UTC2";"Buy";"16308.4";"16390.9";"2021.12.08 18:45:00";"2021.12.08 22:53:00";"30.0";"2475.00";"16225.90039";"16390.90039";"40001.37";"0.00";"IST";"PT";"4h 8m";"-0.00"
"1064";"USTEC_ICM_UTC2";"Buy";"16305.3";"16222.8";"2021.12.09 18:15:00";"2021.12.09 20:48:00";"30.0";"-2475.00";"16222.79980";"16387.80078";"37526.37";"0.00";"IST";"SL";"2h 33m";"-0.00"
"1065";"USTEC_ICM_UTC2";"Buy";"16261.8";"16179.3";"2021.12.10 17:15:00";"2021.12.10 17:46:00";"30.0";"-2475.00";"16179.29980";"16344.29980";"35051.37";"0.00";"IST";"SL";"31m 0s";"-0.00"
"1066";"USTEC_ICM_UTC2";"Buy";"16180.9";"16098.4";"2021.12.13 18:15:00";"2021.12.13 22:54:00";"30.0";"-2475.00";"16098.40039";"16263.40039";"32576.37";"0.00";"IST";"SL";"4h 39m";"-0.00"
"1067";"USTEC_ICM_UTC2";"Buy";"15919.6";"15837.1";"2021.12.14 17:30:00";"2021.12.14 17:48:00";"30.0";"-2475.00";"15837.09961";"16002.09961";"30101.37";"0.00";"IST";"SL";"18m 0s";"-0.00"
"1068";"USTEC_ICM_UTC2";"Buy";"15781.2";"15863.7";"2021.12.15 18:45:00";"2021.12.15 21:03:00";"30.0";"2475.00";"15698.70020";"15863.70020";"32576.37";"0.00";"IST";"PT";"2h 18m";"-0.00"
"1069";"USTEC_ICM_UTC2";"Buy";"16120.6";"16038.1";"2021.12.16 17:45:00";"2021.12.16 18:04:00";"30.0";"-2475.00";"16038.09961";"16203.09961";"30101.37";"0.00";"IST";"SL";"19m 0s";"-0.00"
"1070";"USTEC_ICM_UTC2";"Buy";"15716.0";"15798.5";"2021.12.17 16:30:00";"2021.12.17 16:49:00";"30.0";"2475.00";"15633.50000";"15798.50000";"32576.37";"0.00";"IST";"PT";"19m 0s";"-0.00"
"1071";"USTEC_ICM_UTC2";"Buy";"15535.1";"15617.6";"2021.12.20 18:15:00";"2021.12.20 21:16:00";"30.0";"2475.00";"15452.59961";"15617.59961";"35051.37";"0.00";"IST";"PT";"3h 1m";"-0.00"
"1072";"USTEC_ICM_UTC2";"Buy";"15800.0";"15882.5";"2021.12.21 18:45:00";"2021.12.21 20:20:00";"30.0";"2475.00";"15717.50000";"15882.50000";"37526.37";"0.00";"IST";"PT";"1h 35m";"-0.00"
"1073";"USTEC_ICM_UTC2";"Buy";"16125.7";"16208.2";"2021.12.22 18:15:00";"2021.12.23 12:52:00";"30.0";"2291.88";"16043.20020";"16208.20020";"39818.25";"0.00";"IST";"PT";"18h 37m";"-183.12"
"1074";"USTEC_ICM_UTC2";"Buy";"16310.6";"16393.1";"2021.12.23 18:15:00";"2021.12.27 16:31:00";"30.0";"1742.52";"16228.09961";"16393.09961";"41560.77";"0.00";"IST";"PT";"3d 22h 16m";"-732.48"
"1075";"USTEC_ICM_UTC2";"Buy";"16536.4";"16618.9";"2021.12.27 18:15:00";"2021.12.28 11:04:00";"30.0";"2291.88";"16453.90039";"16618.90039";"43852.64";"0.00";"IST";"PT";"16h 49m";"-183.12"
"1076";"USTEC_ICM_UTC2";"Buy";"16550.9";"16468.4";"2021.12.28 18:00:00";"2021.12.28 21:02:00";"30.0";"-2475.00";"16468.40039";"16633.40039";"41377.64";"0.00";"IST";"SL";"3h 2m";"-0.00"
"1077";"USTEC_ICM_UTC2";"Buy";"16459.5";"16542.0";"2021.12.29 17:45:00";"2021.12.30 14:43:00";"30.0";"2291.88";"16377.00000";"16542.00000";"43669.53";"0.00";"IST";"PT";"20h 58m";"-183.12"
"1078";"USTEC_ICM_UTC2";"Buy";"16542.3";"16459.8";"2021.12.30 18:15:00";"2021.12.30 22:45:00";"30.0";"-2475.00";"16459.80078";"16624.80078";"41194.53";"0.00";"IST";"SL";"4h 30m";"-0.00"
"1079";"USTEC_ICM_UTC2";"Buy";"16375.3";"16323.3";"2021.12.31 18:15:00";"2021.12.31 22:55:00";"30.0";"-1560.00";"16292.79980";"16457.80078";"39634.53";"0.00";"IST";"End Of Friday (Time)";"4h 40m";"-0.00"
"1080";"USTEC_ICM_UTC2";"Buy";"16412.6";"16495.1";"2022.01.03 17:45:00";"2022.01.03 21:44:00";"30.0";"2475.00";"16330.09961";"16495.09961";"42109.53";"0.00";"IST";"PT";"3h 59m";"-0.00"
"1081";"USTEC_ICM_UTC2";"Buy";"16211.6";"16294.1";"2022.01.04 19:00:00";"2022.01.04 22:20:00";"30.0";"2475.00";"16129.09961";"16294.09961";"44584.53";"0.00";"IST";"PT";"3h 20m";"-0.00"
"1082";"USTEC_ICM_UTC2";"Buy";"16204.8";"16122.3";"2022.01.05 17:30:00";"2022.01.05 19:31:00";"30.0";"-2475.00";"16122.29980";"16287.29980";"42109.53";"0.00";"IST";"SL";"2h 1m";"-0.00"
"1083";"USTEC_ICM_UTC2";"Buy";"15791.4";"15873.9";"2022.01.06 17:45:00";"2022.01.06 17:58:00";"30.0";"2475.00";"15708.90039";"15873.90039";"44584.53";"0.00";"IST";"PT";"13m 0s";"-0.00"
"1084";"USTEC_ICM_UTC2";"Buy";"15666.4";"15583.9";"2022.01.07 17:30:00";"2022.01.07 17:47:00";"30.0";"-2475.00";"15583.90039";"15748.90039";"42109.53";"0.00";"IST";"SL";"17m 0s";"-0.00"
"1085";"USTEC_ICM_UTC2";"Buy";"15389.5";"15307.0";"2022.01.10 16:30:00";"2022.01.10 16:43:00";"30.0";"-2475.00";"15307.00000";"15472.00000";"39634.53";"0.00";"IST";"SL";"13m 0s";"-0.00"
"1086";"USTEC_ICM_UTC2";"Buy";"15579.8";"15662.3";"2022.01.11 18:00:00";"2022.01.11 18:06:00";"30.0";"2475.00";"15497.29980";"15662.29980";"42109.53";"0.00";"IST";"PT";"6m 0s";"-0.00"
"1087";"USTEC_ICM_UTC2";"Buy";"16013.3";"15930.8";"2022.01.12 17:15:00";"2022.01.12 17:32:00";"30.0";"-2475.00";"15930.79980";"16095.79980";"39634.53";"0.00";"IST";"SL";"17m 0s";"-0.00"
"1088";"USTEC_ICM_UTC2";"Buy";"15876.7";"15794.2";"2022.01.13 17:15:00";"2022.01.13 17:50:00";"30.0";"-2475.00";"15794.20020";"15959.20020";"37159.53";"0.00";"IST";"SL";"35m 0s";"-0.00"
"1089";"USTEC_ICM_UTC2";"Buy";"15536.2";"15453.7";"2022.01.14 16:45:00";"2022.01.14 18:08:00";"30.0";"-2475.00";"15453.70020";"15618.70020";"34684.53";"0.00";"IST";"SL";"1h 23m";"-0.00"
"1090";"USTEC_ICM_UTC2";"Buy";"15598.8";"15516.3";"2022.01.17 18:30:00";"2022.01.18 05:37:00";"30.0";"-2658.12";"15516.29980";"15681.29980";"32026.41";"0.00";"IST";"SL";"11h 7m";"-183.12"
"1091";"USTEC_ICM_UTC2";"Buy";"15314.8";"15232.3";"2022.01.18 18:15:00";"2022.01.18 22:17:00";"30.0";"-2475.00";"15232.29980";"15397.29980";"29551.41";"0.00";"IST";"SL";"4h 2m";"-0.00"
"1092";"USTEC_ICM_UTC2";"Buy";"15279.8";"15362.3";"2022.01.19 16:30:00";"2022.01.19 16:46:00";"30.0";"2475.00";"15197.29980";"15362.29980";"32026.41";"0.00";"IST";"PT";"16m 0s";"-0.00"
"1093";"USTEC_ICM_UTC2";"Buy";"15309.5";"15227.0";"2022.01.20 18:15:00";"2022.01.20 20:03:00";"30.0";"-2475.00";"15227.00000";"15392.00000";"29551.41";"0.00";"IST";"SL";"1h 48m";"-0.00"
"1094";"USTEC_ICM_UTC2";"Buy";"14662.5";"14580.0";"2022.01.21 17:00:00";"2022.01.21 17:20:00";"30.0";"-2475.00";"14580.00000";"14745.00000";"27076.41";"0.00";"IST";"SL";"20m 0s";"-0.00"
"1095";"USTEC_ICM_UTC2";"Buy";"14148.5";"14066.0";"2022.01.24 16:45:00";"2022.01.24 16:51:00";"30.0";"-2475.00";"14066.00000";"14231.00000";"24601.41";"0.00";"IST";"SL";"6m 0s";"-0.00"
"1096";"USTEC_ICM_UTC2";"Buy";"14072.9";"14155.4";"2022.01.25 18:45:00";"2022.01.25 19:26:00";"30.0";"2475.00";"13990.40039";"14155.40039";"27076.41";"0.00";"IST";"PT";"41m 0s";"-0.00"
"1097";"USTEC_ICM_UTC2";"Buy";"14449.2";"14531.7";"2022.01.26 18:30:00";"2022.01.26 19:38:00";"30.0";"2475.00";"14366.70020";"14531.70020";"29551.41";"0.00";"IST";"PT";"1h 8m";"-0.00"
"1098";"USTEC_ICM_UTC2";"Buy";"14336.7";"14254.2";"2022.01.27 18:45:00";"2022.01.27 19:08:00";"30.0";"-2475.00";"14254.20020";"14419.20020";"27076.41";"0.00";"IST";"SL";"23m 0s";"-0.00"
"1099";"USTEC_ICM_UTC2";"Buy";"13914.3";"13996.8";"2022.01.28 17:00:00";"2022.01.28 17:16:00";"30.0";"2475.00";"13831.79980";"13996.79980";"29551.41";"0.00";"IST";"PT";"16m 0s";"-0.00"
"1100";"USTEC_ICM_UTC2";"Buy";"14712.2";"14794.7";"2022.01.31 18:15:00";"2022.01.31 18:56:00";"30.0";"2475.00";"14629.70020";"14794.70020";"32026.41";"0.00";"IST";"PT";"41m 0s";"-0.00"
"1101";"USTEC_ICM_UTC2";"Buy";"14911.4";"14993.9";"2022.02.01 18:30:00";"2022.02.01 22:45:00";"30.0";"2475.00";"14828.90039";"14993.90039";"34501.41";"0.00";"IST";"PT";"4h 15m";"-0.00"
"1102";"USTEC_ICM_UTC2";"Buy";"15018.8";"15101.3";"2022.02.02 18:30:00";"2022.02.02 19:45:00";"30.0";"2475.00";"14936.29980";"15101.29980";"36976.41";"0.00";"IST";"PT";"1h 15m";"-0.00"
"1103";"USTEC_ICM_UTC2";"Buy";"14818.9";"14736.4";"2022.02.03 18:15:00";"2022.02.03 18:29:00";"30.0";"-2475.00";"14736.40039";"14901.40039";"34501.41";"0.00";"IST";"SL";"14m 0s";"-0.00"
"1104";"USTEC_ICM_UTC2";"Buy";"14573.5";"14491.0";"2022.02.04 17:30:00";"2022.02.04 18:10:00";"30.0";"-2475.00";"14491.00000";"14656.00000";"32026.41";"0.00";"IST";"SL";"40m 0s";"-0.00"
"1105";"USTEC_ICM_UTC2";"Buy";"14702.8";"14620.3";"2022.02.07 18:15:00";"2022.02.07 18:38:00";"30.0";"-2475.00";"14620.29980";"14785.29980";"29551.41";"0.00";"IST";"SL";"23m 0s";"-0.00"
"1106";"USTEC_ICM_UTC2";"Buy";"14678.6";"14761.1";"2022.02.08 18:15:00";"2022.02.08 19:38:00";"30.0";"2475.00";"14596.09961";"14761.09961";"32026.41";"0.00";"IST";"PT";"1h 23m";"-0.00"
"1107";"USTEC_ICM_UTC2";"Buy";"14939.1";"15021.6";"2022.02.09 18:15:00";"2022.02.09 21:08:00";"30.0";"2475.00";"14856.59961";"15021.59961";"34501.41";"0.00";"IST";"PT";"2h 53m";"-0.00"
"1108";"USTEC_ICM_UTC2";"Buy";"14960.9";"14878.4";"2022.02.10 17:30:00";"2022.02.10 18:33:00";"30.0";"-2475.00";"14878.40039";"15043.40039";"32026.41";"0.00";"IST";"SL";"1h 3m";"-0.00"
"1109";"USTEC_ICM_UTC2";"Buy";"14554.5";"14472.0";"2022.02.11 18:45:00";"2022.02.11 20:30:00";"30.0";"-2475.00";"14472.00000";"14637.00000";"29551.41";"0.00";"IST";"SL";"1h 45m";"-0.00"
"1110";"USTEC_ICM_UTC2";"Buy";"14283.9";"14366.4";"2022.02.14 17:30:00";"2022.02.14 18:27:00";"30.0";"2475.00";"14201.40039";"14366.40039";"32026.41";"0.00";"IST";"PT";"57m 0s";"-0.00"
"1111";"USTEC_ICM_UTC2";"Buy";"14489.9";"14572.4";"2022.02.15 17:15:00";"2022.02.15 21:44:00";"30.0";"2475.00";"14407.40039";"14572.40039";"34501.41";"0.00";"IST";"PT";"4h 29m";"-0.00"
"1112";"USTEC_ICM_UTC2";"Buy";"14427.1";"14509.6";"2022.02.16 17:15:00";"2022.02.16 21:00:00";"30.0";"2475.00";"14344.59961";"14509.59961";"36976.41";"0.00";"IST";"PT";"3h 45m";"-0.00"
"1113";"USTEC_ICM_UTC2";"Buy";"14393.9";"14311.4";"2022.02.17 18:15:00";"2022.02.17 20:21:00";"30.0";"-2475.00";"14311.40039";"14476.40039";"34501.41";"0.00";"IST";"SL";"2h 6m";"-0.00"
"1114";"USTEC_ICM_UTC2";"Buy";"14153.0";"14070.5";"2022.02.18 17:15:00";"2022.02.18 17:31:00";"30.0";"-2475.00";"14070.50000";"14235.50000";"32026.41";"0.00";"IST";"SL";"16m 0s";"-0.00"
"1115";"USTEC_ICM_UTC2";"Buy";"13870.6";"13788.1";"2022.02.21 16:30:00";"2022.02.21 18:29:00";"30.0";"-2475.00";"13788.09961";"13953.09961";"29551.41";"0.00";"IST";"SL";"1h 59m";"-0.00"
"1116";"USTEC_ICM_UTC2";"Buy";"13925.2";"13842.7";"2022.02.22 18:15:00";"2022.02.22 18:55:00";"30.0";"-2475.00";"13842.70020";"14007.70020";"27076.41";"0.00";"IST";"SL";"40m 0s";"-0.00"
"1117";"USTEC_ICM_UTC2";"Buy";"13767.3";"13849.8";"2022.02.23 18:45:00";"2022.02.23 19:19:00";"30.0";"2475.00";"13684.79980";"13849.79980";"29551.41";"0.00";"IST";"PT";"34m 0s";"-0.00"
"1118";"USTEC_ICM_UTC2";"Buy";"13385.5";"13468.0";"2022.02.24 17:15:00";"2022.02.24 17:20:00";"30.0";"2475.00";"13303.00000";"13468.00000";"32026.41";"0.00";"IST";"PT";"5m 0s";"-0.00"
"1119";"USTEC_ICM_UTC2";"Buy";"14129.0";"14046.5";"2022.02.25 18:30:00";"2022.02.25 20:11:00";"30.0";"-2475.00";"14046.50000";"14211.50000";"29551.41";"0.00";"IST";"SL";"1h 41m";"-0.00"
"1120";"USTEC_ICM_UTC2";"Buy";"14272.6";"14190.1";"2022.02.28 18:30:00";"2022.02.28 19:09:00";"30.0";"-2475.00";"14190.09961";"14355.09961";"27076.41";"0.00";"IST";"SL";"39m 0s";"-0.00"
"1121";"USTEC_ICM_UTC2";"Buy";"14207.1";"14124.6";"2022.03.01 18:15:00";"2022.03.01 18:30:00";"30.0";"-2475.00";"14124.59961";"14289.59961";"24601.41";"0.00";"IST";"SL";"15m 0s";"-0.00"
"1122";"USTEC_ICM_UTC2";"Buy";"14179.6";"14262.1";"2022.03.02 18:15:00";"2022.03.02 20:11:00";"30.0";"2475.00";"14097.09961";"14262.09961";"27076.41";"0.00";"IST";"PT";"1h 56m";"-0.00"
"1123";"USTEC_ICM_UTC2";"Buy";"14152.9";"14070.4";"2022.03.03 17:30:00";"2022.03.03 17:54:00";"30.0";"-2475.00";"14070.40039";"14235.40039";"24601.41";"0.00";"IST";"SL";"24m 0s";"-0.00"
"1124";"USTEC_ICM_UTC2";"Buy";"13785.1";"13867.6";"2022.03.04 18:00:00";"2022.03.04 19:16:00";"30.0";"2475.00";"13702.59961";"13867.59961";"27076.41";"0.00";"IST";"PT";"1h 16m";"-0.00"
"1125";"USTEC_ICM_UTC2";"Buy";"13583.0";"13500.5";"2022.03.07 18:45:00";"2022.03.07 19:37:00";"30.0";"-2475.00";"13500.50000";"13665.50000";"24601.41";"0.00";"IST";"SL";"52m 0s";"-0.00"
"1126";"USTEC_ICM_UTC2";"Buy";"13263.9";"13181.4";"2022.03.08 18:15:00";"2022.03.08 18:26:00";"30.0";"-2475.00";"13181.40039";"13346.40039";"22126.41";"0.00";"IST";"SL";"11m 0s";"-0.00"
"1127";"USTEC_ICM_UTC2";"Buy";"13596.6";"13679.1";"2022.03.09 18:30:00";"2022.03.09 19:00:00";"30.0";"2475.00";"13514.09961";"13679.09961";"24601.41";"0.00";"IST";"PT";"30m 0s";"-0.00"
"1128";"USTEC_ICM_UTC2";"Buy";"13554.5";"13472.0";"2022.03.10 17:15:00";"2022.03.10 17:34:00";"30.0";"-2475.00";"13472.00000";"13637.00000";"22126.41";"0.00";"IST";"SL";"19m 0s";"-0.00"
"1129";"USTEC_ICM_UTC2";"Buy";"13477.6";"13395.1";"2022.03.11 18:30:00";"2022.03.11 22:12:00";"30.0";"-2475.00";"13395.09961";"13560.09961";"19651.41";"0.00";"IST";"SL";"3h 42m";"-0.00"
"1130";"USTEC_ICM_UTC2";"Buy";"13298.3";"13215.8";"2022.03.14 17:15:00";"2022.03.14 17:42:00";"30.0";"-2475.00";"13215.79980";"13380.79980";"17176.41";"0.00";"IST";"SL";"27m 0s";"-0.00"
"1131";"USTEC_ICM_UTC2";"Buy";"13358.4";"13275.9";"2022.03.15 17:30:00";"2022.03.15 20:19:00";"30.0";"-2475.00";"13275.90039";"13440.90039";"14701.41";"0.00";"IST";"SL";"2h 49m";"-0.00"
"1132";"USTEC_ICM_UTC2";"Buy";"13835.1";"13752.6";"2022.03.16 17:00:00";"2022.03.16 18:46:00";"30.0";"-2475.00";"13752.59961";"13917.59961";"12226.41";"0.00";"IST";"SL";"1h 46m";"-0.00"
"1133";"USTEC_ICM_UTC2";"Buy";"13872.9";"13955.4";"2022.03.17 17:15:00";"2022.03.17 17:40:00";"30.0";"2475.00";"13790.40039";"13955.40039";"14701.41";"0.00";"IST";"PT";"25m 0s";"-0.00"
"1134";"USTEC_ICM_UTC2";"Buy";"14216.6";"14299.1";"2022.03.18 17:00:00";"2022.03.18 18:35:00";"30.0";"2475.00";"14134.09961";"14299.09961";"17176.41";"0.00";"IST";"PT";"1h 35m";"-0.00"
"1135";"USTEC_ICM_UTC2";"Buy";"14369.4";"14451.9";"2022.03.21 17:15:00";"2022.03.21 17:58:00";"30.0";"2475.00";"14286.90039";"14451.90039";"19651.41";"0.00";"IST";"PT";"43m 0s";"-0.00"
"1136";"USTEC_ICM_UTC2";"Buy";"14656.7";"14574.2";"2022.03.22 17:15:00";"2022.03.22 18:31:00";"30.0";"-2475.00";"14574.20020";"14739.20020";"17176.41";"0.00";"IST";"SL";"1h 16m";"-0.00"
"1137";"USTEC_ICM_UTC2";"Buy";"14592.8";"14675.3";"2022.03.23 17:00:00";"2022.03.23 18:02:00";"30.0";"2475.00";"14510.29980";"14675.29980";"19651.41";"0.00";"IST";"PT";"1h 2m";"-0.00"
"1138";"USTEC_ICM_UTC2";"Buy";"14568.5";"14651.0";"2022.03.24 17:15:00";"2022.03.24 17:40:00";"30.0";"2475.00";"14486.00000";"14651.00000";"22126.41";"0.00";"IST";"PT";"25m 0s";"-0.00"
"1139";"USTEC_ICM_UTC2";"Buy";"14641.9";"14724.4";"2022.03.25 17:15:00";"2022.03.25 20:03:00";"30.0";"2475.00";"14559.40039";"14724.40039";"24601.41";"0.00";"IST";"PT";"2h 48m";"-0.00"
"1140";"USTEC_ICM_UTC2";"Buy";"14848.6";"14766.1";"2022.03.28 18:15:00";"2022.03.28 18:35:00";"30.0";"-2475.00";"14766.09961";"14931.09961";"22126.41";"0.00";"IST";"SL";"20m 0s";"-0.00"
"1141";"USTEC_ICM_UTC2";"Buy";"15152.4";"15069.9";"2022.03.29 17:00:00";"2022.03.29 17:12:00";"30.0";"-2475.00";"15069.90039";"15234.90039";"19651.41";"0.00";"IST";"SL";"12m 0s";"-0.00"
"1142";"USTEC_ICM_UTC2";"Buy";"15120.0";"15037.5";"2022.03.30 18:15:00";"2022.03.30 22:18:00";"30.0";"-2475.00";"15037.50000";"15202.50000";"17176.41";"0.00";"IST";"SL";"4h 3m";"-0.00"
"1143";"USTEC_ICM_UTC2";"Buy";"15030.8";"14948.3";"2022.03.31 18:30:00";"2022.03.31 22:35:00";"30.0";"-2475.00";"14948.29980";"15113.29980";"14701.41";"0.00";"IST";"SL";"4h 5m";"-0.00"
"1144";"USTEC_ICM_UTC2";"Buy";"14774.6";"14840.9";"2022.04.01 18:45:00";"2022.04.01 22:55:00";"30.0";"1989.03";"14692.09961";"14857.09961";"16690.44";"0.00";"IST";"End Of Friday (Time)";"4h 10m";"-0.00"
"1145";"USTEC_ICM_UTC2";"Buy";"14892.6";"14975.1";"2022.04.04 16:30:00";"2022.04.04 16:40:00";"30.0";"2475.00";"14810.09961";"14975.09961";"19165.44";"0.00";"IST";"PT";"10m 0s";"-0.00"
"1146";"USTEC_ICM_UTC2";"Buy";"14931.7";"14849.2";"2022.04.05 18:30:00";"2022.04.05 19:27:00";"30.0";"-2475.00";"14849.20020";"15014.20020";"16690.44";"0.00";"IST";"SL";"57m 0s";"-0.00"
"1147";"USTEC_ICM_UTC2";"Buy";"14476.6";"14559.1";"2022.04.06 18:30:00";"2022.04.06 21:00:00";"30.0";"2475.00";"14394.09961";"14559.09961";"19165.44";"0.00";"IST";"PT";"2h 30m";"-0.00"
"1148";"USTEC_ICM_UTC2";"Buy";"14446.3";"14363.8";"2022.04.07 17:45:00";"2022.04.07 18:52:00";"30.0";"-2475.00";"14363.79980";"14528.79980";"16690.44";"0.00";"IST";"SL";"1h 7m";"-0.00"
"1149";"USTEC_ICM_UTC2";"Buy";"14427.6";"14345.1";"2022.04.08 18:30:00";"2022.04.08 21:28:00";"30.0";"-2475.00";"14345.09961";"14510.09961";"14215.44";"0.00";"IST";"SL";"2h 58m";"-0.00"
"1150";"USTEC_ICM_UTC2";"Buy";"14046.6";"13964.1";"2022.04.11 18:15:00";"2022.04.12 03:45:00";"30.0";"-2658.12";"13964.09961";"14129.09961";"11557.32";"0.00";"IST";"SL";"9h 30m";"-183.12"
"1151";"USTEC_ICM_UTC2";"Buy";"14245.0";"14162.5";"2022.04.12 17:15:00";"2022.04.12 17:37:00";"30.0";"-2475.00";"14162.50000";"14327.50000";"9082.32";"0.00";"IST";"SL";"22m 0s";"-0.00"
"1152";"USTEC_ICM_UTC2";"Buy";"14011.4";"14093.9";"2022.04.13 17:00:00";"2022.04.13 17:30:00";"30.0";"2475.00";"13928.90039";"14093.90039";"11557.32";"0.00";"IST";"PT";"30m 0s";"-0.00"
"1153";"USTEC_ICM_UTC2";"Buy";"14040.7";"13958.2";"2022.04.14 18:00:00";"2022.04.14 19:47:00";"30.0";"-2475.00";"13958.20020";"14123.20020";"9082.32";"0.00";"IST";"SL";"1h 47m";"-0.00"
"1154";"USTEC_ICM_UTC2";"Buy";"13867.5";"13950.0";"2022.04.18 17:00:00";"2022.04.18 17:13:00";"30.0";"2475.00";"13785.00000";"13950.00000";"11557.32";"0.00";"IST";"PT";"13m 0s";"-0.00"
"1155";"USTEC_ICM_UTC2";"Buy";"13874.5";"13957.0";"2022.04.19 16:30:00";"2022.04.19 16:52:00";"30.0";"2475.00";"13792.00000";"13957.00000";"14032.32";"0.00";"IST";"PT";"22m 0s";"-0.00"
"1156";"USTEC_ICM_UTC2";"Buy";"14106.2";"14023.7";"2022.04.20 17:30:00";"2022.04.20 18:25:00";"30.0";"-2475.00";"14023.70020";"14188.70020";"11557.32";"0.00";"IST";"SL";"55m 0s";"-0.00"
"1157";"USTEC_ICM_UTC2";"Buy";"14101.6";"14019.1";"2022.04.21 18:15:00";"2022.04.21 18:42:00";"30.0";"-2475.00";"14019.09961";"14184.09961";"9082.32";"0.00";"IST";"SL";"27m 0s";"-0.00"
"1158";"USTEC_ICM_UTC2";"Buy";"13665.7";"13748.2";"2022.04.22 17:00:00";"2022.04.22 17:08:00";"30.0";"2475.00";"13583.20020";"13748.20020";"11557.32";"0.00";"IST";"PT";"8m 0s";"-0.00"
"1159";"USTEC_ICM_UTC2";"Buy";"13247.6";"13330.1";"2022.04.25 17:00:00";"2022.04.25 17:10:00";"30.0";"2475.00";"13165.09961";"13330.09961";"14032.32";"0.00";"IST";"PT";"10m 0s";"-0.00"
"1160";"USTEC_ICM_UTC2";"Buy";"13146.4";"13228.9";"2022.04.26 18:30:00";"2022.04.26 19:58:00";"30.0";"2475.00";"13063.90039";"13228.90039";"16507.31";"0.00";"IST";"PT";"1h 28m";"-0.00"
"1161";"USTEC_ICM_UTC2";"Buy";"13023.4";"13105.9";"2022.04.27 16:30:00";"2022.04.27 16:34:00";"30.0";"2475.00";"12940.90039";"13105.90039";"18982.31";"0.00";"IST";"PT";"4m 0s";"-0.00"
"1162";"USTEC_ICM_UTC2";"Buy";"13104.6";"13187.1";"2022.04.28 17:15:00";"2022.04.28 18:08:00";"30.0";"2475.00";"13022.09961";"13187.09961";"21457.31";"0.00";"IST";"PT";"53m 0s";"-0.00"
"1163";"USTEC_ICM_UTC2";"Buy";"13423.7";"13341.2";"2022.04.29 17:00:00";"2022.04.29 17:07:00";"30.0";"-2475.00";"13341.20020";"13506.20020";"18982.31";"0.00";"IST";"SL";"7m 0s";"-0.00"
"1164";"USTEC_ICM_UTC2";"Buy";"12937.5";"12855.0";"2022.05.02 18:15:00";"2022.05.02 18:17:00";"30.0";"-2475.00";"12855.00000";"13020.00000";"16507.31";"0.00";"IST";"SL";"2m 0s";"-0.00"
"1165";"USTEC_ICM_UTC2";"Buy";"13113.8";"13031.3";"2022.05.03 18:30:00";"2022.05.03 19:08:00";"30.0";"-2475.00";"13031.29980";"13196.29980";"14032.32";"0.00";"IST";"SL";"38m 0s";"-0.00"
"1166";"USTEC_ICM_UTC2";"Buy";"12962.5";"13045.0";"2022.05.04 19:00:00";"2022.05.04 19:26:00";"30.0";"2475.00";"12880.00000";"13045.00000";"16507.31";"0.00";"IST";"PT";"26m 0s";"-0.00"
"1167";"USTEC_ICM_UTC2";"Buy";"12987.0";"12904.5";"2022.05.05 18:00:00";"2022.05.05 18:07:00";"30.0";"-2475.00";"12904.50000";"13069.50000";"14032.32";"0.00";"IST";"SL";"7m 0s";"-0.00"
"1168";"USTEC_ICM_UTC2";"Buy";"12887.2";"12804.7";"2022.05.06 18:30:00";"2022.05.06 18:33:00";"30.0";"-2475.00";"12804.70020";"12969.70020";"11557.32";"0.00";"IST";"SL";"3m 0s";"-0.00"
"1169";"USTEC_ICM_UTC2";"Buy";"12449.9";"12532.4";"2022.05.09 16:30:00";"2022.05.09 16:38:00";"30.0";"2475.00";"12367.40039";"12532.40039";"14032.32";"0.00";"IST";"PT";"8m 0s";"-0.00"
"1170";"USTEC_ICM_UTC2";"Buy";"12431.5";"12349.0";"2022.05.10 17:30:00";"2022.05.10 17:40:00";"30.0";"-2475.00";"12349.00000";"12514.00000";"11557.32";"0.00";"IST";"SL";"10m 0s";"-0.00"
"1171";"USTEC_ICM_UTC2";"Buy";"12377.6";"12295.1";"2022.05.11 17:30:00";"2022.05.11 17:52:00";"30.0";"-2475.00";"12295.09961";"12460.09961";"9082.32";"0.00";"IST";"SL";"22m 0s";"-0.00"
"1172";"USTEC_ICM_UTC2";"Buy";"12064.1";"11981.6";"2022.05.12 18:15:00";"2022.05.12 18:33:00";"30.0";"-2475.00";"11981.59961";"12146.59961";"6607.32";"0.00";"IST";"SL";"18m 0s";"-0.00"
"1173";"USTEC_ICM_UTC2";"Buy";"12323.8";"12406.3";"2022.05.13 18:15:00";"2022.05.13 19:09:00";"30.0";"2475.00";"12241.29980";"12406.29980";"9082.32";"0.00";"IST";"PT";"54m 0s";"-0.00"
"1174";"USTEC_ICM_UTC2";"Buy";"12226.9";"12309.4";"2022.05.16 18:15:00";"2022.05.16 18:52:00";"30.0";"2475.00";"12144.40039";"12309.40039";"11557.32";"0.00";"IST";"PT";"37m 0s";"-0.00"
"1175";"USTEC_ICM_UTC2";"Buy";"12389.2";"12471.7";"2022.05.17 18:15:00";"2022.05.17 18:34:00";"30.0";"2475.00";"12306.70020";"12471.70020";"14032.32";"0.00";"IST";"PT";"19m 0s";"-0.00"
"1176";"USTEC_ICM_UTC2";"Buy";"12180.3";"12097.8";"2022.05.18 18:45:00";"2022.05.18 19:06:00";"30.0";"-2475.00";"12097.79980";"12262.79980";"11557.32";"0.00";"IST";"SL";"21m 0s";"-0.00"
"1177";"USTEC_ICM_UTC2";"Buy";"11922.5";"12005.0";"2022.05.19 17:15:00";"2022.05.19 17:21:00";"30.0";"2475.00";"11840.00000";"12005.00000";"14032.32";"0.00";"IST";"PT";"6m 0s";"-0.00"
"1178";"USTEC_ICM_UTC2";"Buy";"11765.1";"11682.6";"2022.05.20 18:15:00";"2022.05.20 19:08:00";"30.0";"-2475.00";"11682.59961";"11847.59961";"11557.32";"0.00";"IST";"SL";"53m 0s";"-0.00"
"1179";"USTEC_ICM_UTC2";"Buy";"11949.7";"12032.2";"2022.05.23 18:15:00";"2022.05.23 19:07:00";"30.0";"2475.00";"11867.20020";"12032.20020";"14032.32";"0.00";"IST";"PT";"52m 0s";"-0.00"
"1180";"USTEC_ICM_UTC2";"Buy";"11663.9";"11746.4";"2022.05.24 18:45:00";"2022.05.24 19:10:00";"30.0";"2475.00";"11581.40039";"11746.40039";"16507.31";"0.00";"IST";"PT";"25m 0s";"-0.00"
"1181";"USTEC_ICM_UTC2";"Buy";"11886.1";"11803.6";"2022.05.25 18:15:00";"2022.05.25 19:22:00";"30.0";"-2475.00";"11803.59961";"11968.59961";"14032.32";"0.00";"IST";"SL";"1h 7m";"-0.00"
"1182";"USTEC_ICM_UTC2";"Buy";"12223.5";"12306.0";"2022.05.26 18:15:00";"2022.05.26 19:54:00";"30.0";"2475.00";"12141.00000";"12306.00000";"16507.31";"0.00";"IST";"PT";"1h 39m";"-0.00"
"1183";"USTEC_ICM_UTC2";"Buy";"12551.2";"12633.7";"2022.05.27 17:15:00";"2022.05.27 22:06:00";"30.0";"2475.00";"12468.70020";"12633.70020";"18982.31";"0.00";"IST";"PT";"4h 51m";"-0.00"
"1184";"USTEC_ICM_UTC2";"Buy";"12551.2";"12633.7";"2022.05.31 17:00:00";"2022.05.31 17:43:00";"30.0";"2475.00";"12468.70020";"12633.70020";"21457.31";"0.00";"IST";"PT";"43m 0s";"-0.00"
"1185";"USTEC_ICM_UTC2";"Buy";"12628.2";"12545.7";"2022.06.01 17:45:00";"2022.06.01 18:22:00";"30.0";"-2475.00";"12545.70020";"12710.70020";"18982.31";"0.00";"IST";"SL";"37m 0s";"-0.00"
"1186";"USTEC_ICM_UTC2";"Buy";"12525.2";"12607.7";"2022.06.02 17:30:00";"2022.06.02 18:00:00";"30.0";"2475.00";"12442.70020";"12607.70020";"21457.31";"0.00";"IST";"PT";"30m 0s";"-0.00"
"1187";"USTEC_ICM_UTC2";"Buy";"12637.8";"12555.3";"2022.06.03 17:30:00";"2022.06.03 18:00:00";"30.0";"-2475.00";"12555.29980";"12720.29980";"18982.31";"0.00";"IST";"SL";"30m 0s";"-0.00"
"1188";"USTEC_ICM_UTC2";"Buy";"12656.9";"12574.4";"2022.06.06 18:30:00";"2022.06.06 19:09:00";"30.0";"-2475.00";"12574.40039";"12739.40039";"16507.31";"0.00";"IST";"SL";"39m 0s";"-0.00"
"1189";"USTEC_ICM_UTC2";"Buy";"12658.8";"12576.3";"2022.06.07 18:15:00";"2022.06.07 18:47:00";"30.0";"-2475.00";"12576.29980";"12741.29980";"14032.32";"0.00";"IST";"SL";"32m 0s";"-0.00"
"1190";"USTEC_ICM_UTC2";"Buy";"12740.3";"12657.8";"2022.06.08 18:15:00";"2022.06.08 19:32:00";"30.0";"-2475.00";"12657.79980";"12822.79980";"11557.32";"0.00";"IST";"SL";"1h 17m";"-0.00"
"1191";"USTEC_ICM_UTC2";"Buy";"12635.8";"12553.3";"2022.06.09 17:00:00";"2022.06.09 17:11:00";"30.0";"-2475.00";"12553.29980";"12718.29980";"9082.32";"0.00";"IST";"SL";"11m 0s";"-0.00"
"1192";"USTEC_ICM_UTC2";"Buy";"11865.4";"11947.9";"2022.06.10 17:30:00";"2022.06.10 22:01:00";"30.0";"2475.00";"11782.90039";"11947.90039";"11557.32";"0.00";"IST";"PT";"4h 31m";"-0.00"
"1193";"USTEC_ICM_UTC2";"Buy";"11349.9";"11432.4";"2022.06.13 18:15:00";"2022.06.13 18:40:00";"30.0";"2475.00";"11267.40039";"11432.40039";"14032.32";"0.00";"IST";"PT";"25m 0s";"-0.00"
"1194";"USTEC_ICM_UTC2";"Buy";"11300.9";"11383.4";"2022.06.14 17:15:00";"2022.06.14 20:17:00";"30.0";"2475.00";"11218.40039";"11383.40039";"16507.31";"0.00";"IST";"PT";"3h 2m";"-0.00"
"1195";"USTEC_ICM_UTC2";"Buy";"11511.6";"11594.1";"2022.06.15 17:15:00";"2022.06.15 21:00:00";"30.0";"2475.00";"11429.09961";"11594.09961";"18982.31";"0.00";"IST";"PT";"3h 45m";"-0.00"
"1196";"USTEC_ICM_UTC2";"Buy";"11295.4";"11212.9";"2022.06.16 16:30:00";"2022.06.16 17:00:00";"30.0";"-2475.00";"11212.90039";"11377.90039";"16507.31";"0.00";"IST";"SL";"30m 0s";"-0.00"
"1197";"USTEC_ICM_UTC2";"Buy";"11137.1";"11219.6";"2022.06.17 18:00:00";"2022.06.17 18:07:00";"30.0";"2475.00";"11054.59961";"11219.59961";"18982.31";"0.00";"IST";"PT";"7m 0s";"-0.00"
"1198";"USTEC_ICM_UTC2";"Buy";"11627.3";"11544.8";"2022.06.21 18:15:00";"2022.06.21 21:14:00";"30.0";"-2475.00";"11544.79980";"11709.79980";"16507.31";"0.00";"IST";"SL";"2h 59m";"-0.00"
"1199";"USTEC_ICM_UTC2";"Buy";"11670.7";"11588.2";"2022.06.22 17:30:00";"2022.06.22 18:46:00";"30.0";"-2475.00";"11588.20020";"11753.20020";"14032.32";"0.00";"IST";"SL";"1h 16m";"-0.00"
"1200";"USTEC_ICM_UTC2";"Buy";"11589.6";"11672.1";"2022.06.23 17:15:00";"2022.06.23 17:40:00";"30.0";"2475.00";"11507.09961";"11672.09961";"16507.31";"0.00";"IST";"PT";"25m 0s";"-0.00"
"1201";"USTEC_ICM_UTC2";"Buy";"11966.8";"12049.3";"2022.06.24 18:15:00";"2022.06.24 22:50:00";"30.0";"2475.00";"11884.29980";"12049.29980";"18982.31";"0.00";"IST";"PT";"4h 35m";"-0.00"
"1202";"USTEC_ICM_UTC2";"Buy";"12102.7";"12020.2";"2022.06.27 18:30:00";"2022.06.27 19:26:00";"30.0";"-2475.00";"12020.20020";"12185.20020";"16507.31";"0.00";"IST";"SL";"56m 0s";"-0.00"
"1203";"USTEC_ICM_UTC2";"Buy";"11923.2";"11840.7";"2022.06.28 18:15:00";"2022.06.28 18:27:00";"30.0";"-2475.00";"11840.70020";"12005.70020";"14032.32";"0.00";"IST";"SL";"12m 0s";"-0.00"
"1204";"USTEC_ICM_UTC2";"Buy";"11634.4";"11551.9";"2022.06.29 16:30:00";"2022.06.29 16:34:00";"30.0";"-2475.00";"11551.90039";"11716.90039";"11557.32";"0.00";"IST";"SL";"4m 0s";"-0.00"
"1205";"USTEC_ICM_UTC2";"Buy";"11373.1";"11455.6";"2022.06.30 17:15:00";"2022.06.30 17:58:00";"30.0";"2475.00";"11290.59961";"11455.59961";"14032.32";"0.00";"IST";"PT";"43m 0s";"-0.00"
"1206";"USTEC_ICM_UTC2";"Buy";"11456.6";"11539.1";"2022.07.01 18:30:00";"2022.07.01 21:39:00";"30.0";"2475.00";"11374.09961";"11539.09961";"16507.31";"0.00";"IST";"PT";"3h 9m";"-0.00"
"1207";"USTEC_ICM_UTC2";"Buy";"11375.2";"11457.7";"2022.07.05 16:45:00";"2022.07.05 17:13:00";"30.0";"2475.00";"11292.70020";"11457.70020";"18982.31";"0.00";"IST";"PT";"28m 0s";"-0.00"
"1208";"USTEC_ICM_UTC2";"Buy";"11764.8";"11847.3";"2022.07.06 18:30:00";"2022.07.06 21:05:00";"30.0";"2475.00";"11682.29980";"11847.29980";"21457.31";"0.00";"IST";"PT";"2h 35m";"-0.00"
"1209";"USTEC_ICM_UTC2";"Buy";"12029.3";"12111.8";"2022.07.07 18:15:00";"2022.07.07 21:27:00";"30.0";"2475.00";"11946.79980";"12111.79980";"23932.31";"0.00";"IST";"PT";"3h 12m";"-0.00"
"1210";"USTEC_ICM_UTC2";"Buy";"12087.9";"12170.4";"2022.07.08 17:30:00";"2022.07.08 18:25:00";"30.0";"2475.00";"12005.40039";"12170.40039";"26407.31";"0.00";"IST";"PT";"55m 0s";"-0.00"
"1211";"USTEC_ICM_UTC2";"Buy";"11912.2";"11829.7";"2022.07.11 18:30:00";"2022.07.12 03:49:00";"30.0";"-2658.12";"11829.70020";"11994.70020";"23749.20";"0.00";"IST";"SL";"9h 19m";"-183.12"
"1212";"USTEC_ICM_UTC2";"Buy";"11832.0";"11749.5";"2022.07.12 17:00:00";"2022.07.12 22:04:00";"30.0";"-2475.00";"11749.50000";"11914.50000";"21274.20";"0.00";"IST";"SL";"5h 4m";"-0.00"
"1213";"USTEC_ICM_UTC2";"Buy";"11647.9";"11730.4";"2022.07.13 17:00:00";"2022.07.13 17:42:00";"30.0";"2475.00";"11565.40039";"11730.40039";"23749.20";"0.00";"IST";"PT";"42m 0s";"-0.00"
"1214";"USTEC_ICM_UTC2";"Buy";"11627.6";"11710.1";"2022.07.14 18:30:00";"2022.07.14 20:50:00";"30.0";"2475.00";"11545.09961";"11710.09961";"26224.20";"0.00";"IST";"PT";"2h 20m";"-0.00"
"1215";"USTEC_ICM_UTC2";"Buy";"11870.7";"11953.2";"2022.07.15 17:00:00";"2022.07.15 17:00:00";"30.0";"2475.00";"11788.20020";"11953.20020";"28699.20";"0.00";"IST";"PT";"0s";"-0.00"
"1216";"USTEC_ICM_UTC2";"Buy";"12105.1";"12022.6";"2022.07.18 18:15:00";"2022.07.18 20:42:00";"30.0";"-2475.00";"12022.59961";"12187.59961";"26224.20";"0.00";"IST";"SL";"2h 27m";"-0.00"
"1217";"USTEC_ICM_UTC2";"Buy";"12019.3";"12101.8";"2022.07.19 17:15:00";"2022.07.19 17:50:00";"30.0";"2475.00";"11936.79980";"12101.79980";"28699.20";"0.00";"IST";"PT";"35m 0s";"-0.00"
"1218";"USTEC_ICM_UTC2";"Buy";"12300.8";"12383.3";"2022.07.20 16:45:00";"2022.07.20 17:33:00";"30.0";"2475.00";"12218.29980";"12383.29980";"31174.20";"0.00";"IST";"PT";"48m 0s";"-0.00"
"1219";"USTEC_ICM_UTC2";"Buy";"12390.7";"12473.2";"2022.07.21 17:15:00";"2022.07.21 18:04:00";"30.0";"2475.00";"12308.20020";"12473.20020";"33649.20";"0.00";"IST";"PT";"49m 0s";"-0.00"
"1220";"USTEC_ICM_UTC2";"Buy";"12530.8";"12448.3";"2022.07.22 18:15:00";"2022.07.22 18:31:00";"30.0";"-2475.00";"12448.29980";"12613.29980";"31174.20";"0.00";"IST";"SL";"16m 0s";"-0.00"
"1221";"USTEC_ICM_UTC2";"Buy";"12289.3";"12371.8";"2022.07.25 18:15:00";"2022.07.25 19:46:00";"30.0";"2475.00";"12206.79980";"12371.79980";"33649.20";"0.00";"IST";"PT";"1h 31m";"-0.00"
"1222";"USTEC_ICM_UTC2";"Buy";"12122.0";"12204.5";"2022.07.26 18:30:00";"2022.07.27 01:04:00";"30.0";"2291.88";"12039.50000";"12204.50000";"35941.07";"0.00";"IST";"PT";"6h 34m";"-183.12"
"1223";"USTEC_ICM_UTC2";"Buy";"12408.0";"12490.5";"2022.07.27 18:15:00";"2022.07.27 21:36:00";"30.0";"2475.00";"12325.50000";"12490.50000";"38416.07";"0.00";"IST";"PT";"3h 21m";"-0.00"
"1224";"USTEC_ICM_UTC2";"Buy";"12470.1";"12552.6";"2022.07.28 17:15:00";"2022.07.28 17:59:00";"30.0";"2475.00";"12387.59961";"12552.59961";"40891.07";"0.00";"IST";"PT";"44m 0s";"-0.00"
"1225";"USTEC_ICM_UTC2";"Buy";"12895.5";"12813.0";"2022.07.29 17:30:00";"2022.07.29 18:11:00";"30.0";"-2475.00";"12813.00000";"12978.00000";"38416.07";"0.00";"IST";"SL";"41m 0s";"-0.00"
"1226";"USTEC_ICM_UTC2";"Buy";"13037.8";"12955.3";"2022.08.01 17:15:00";"2022.08.01 17:27:00";"30.0";"-2475.00";"12955.29980";"13120.29980";"35941.07";"0.00";"IST";"SL";"12m 0s";"-0.00"
"1227";"USTEC_ICM_UTC2";"Buy";"12919.4";"13001.9";"2022.08.02 18:15:00";"2022.08.02 19:13:00";"30.0";"2475.00";"12836.90039";"13001.90039";"38416.07";"0.00";"IST";"PT";"58m 0s";"-0.00"
"1228";"USTEC_ICM_UTC2";"Buy";"13156.5";"13239.0";"2022.08.03 18:15:00";"2022.08.03 19:47:00";"30.0";"2475.00";"13074.00000";"13239.00000";"40891.07";"0.00";"IST";"PT";"1h 32m";"-0.00"
"1229";"USTEC_ICM_UTC2";"Buy";"13257.9";"13175.4";"2022.08.04 17:15:00";"2022.08.04 17:35:00";"30.0";"-2475.00";"13175.40039";"13340.40039";"38416.07";"0.00";"IST";"SL";"20m 0s";"-0.00"
"1230";"USTEC_ICM_UTC2";"Buy";"13162.4";"13244.9";"2022.08.05 17:00:00";"2022.08.05 17:13:00";"30.0";"2475.00";"13079.90039";"13244.90039";"40891.07";"0.00";"IST";"PT";"13m 0s";"-0.00"
"1231";"USTEC_ICM_UTC2";"Buy";"13338.9";"13256.4";"2022.08.08 17:30:00";"2022.08.08 18:37:00";"30.0";"-2475.00";"13256.40039";"13421.40039";"38416.07";"0.00";"IST";"SL";"1h 7m";"-0.00"
"1232";"USTEC_ICM_UTC2";"Buy";"13012.1";"13094.6";"2022.08.09 18:45:00";"2022.08.10 15:27:00";"30.0";"2291.88";"12929.59961";"13094.59961";"40707.95";"0.00";"IST";"PT";"20h 42m";"-183.12"
"1233";"USTEC_ICM_UTC2";"Buy";"13261.8";"13344.3";"2022.08.10 17:15:00";"2022.08.10 18:04:00";"30.0";"2475.00";"13179.29980";"13344.29980";"43182.95";"0.00";"IST";"PT";"49m 0s";"-0.00"
"1234";"USTEC_ICM_UTC2";"Buy";"13396.8";"13314.3";"2022.08.11 18:30:00";"2022.08.11 21:32:00";"30.0";"-2475.00";"13314.29980";"13479.29980";"40707.95";"0.00";"IST";"SL";"3h 2m";"-0.00"
"1235";"USTEC_ICM_UTC2";"Buy";"13433.2";"13515.7";"2022.08.12 18:15:00";"2022.08.12 21:46:00";"30.0";"2475.00";"13350.70020";"13515.70020";"43182.95";"0.00";"IST";"PT";"3h 31m";"-0.00"
"1236";"USTEC_ICM_UTC2";"Buy";"13597.4";"13679.9";"2022.08.15 17:00:00";"2022.08.15 22:20:00";"30.0";"2475.00";"13514.90039";"13679.90039";"45657.95";"0.00";"IST";"PT";"5h 20m";"-0.00"
"1237";"USTEC_ICM_UTC2";"Buy";"13611.6";"13694.1";"2022.08.16 18:30:00";"2022.08.16 21:02:00";"30.0";"2475.00";"13529.09961";"13694.09961";"48132.95";"0.00";"IST";"PT";"2h 32m";"-0.00"
"1238";"USTEC_ICM_UTC2";"Buy";"13451.2";"13533.7";"2022.08.17 17:45:00";"2022.08.17 21:03:00";"30.0";"2475.00";"13368.70020";"13533.70020";"50607.95";"0.00";"IST";"PT";"3h 18m";"-0.00"
"1239";"USTEC_ICM_UTC2";"Buy";"13490.8";"13408.3";"2022.08.18 18:00:00";"2022.08.19 09:56:00";"30.0";"-2658.12";"13408.29980";"13573.29980";"47949.84";"0.00";"IST";"SL";"15h 56m";"-183.12"
"1240";"USTEC_ICM_UTC2";"Buy";"13282.6";"13248.2";"2022.08.19 17:45:00";"2022.08.19 22:55:00";"30.0";"-1031.97";"13200.09961";"13365.09961";"46917.86";"0.00";"IST";"End Of Friday (Time)";"5h 10m";"-0.00"
"1241";"USTEC_ICM_UTC2";"Buy";"12973.6";"12891.1";"2022.08.22 19:00:00";"2022.08.22 21:36:00";"30.0";"-2475.00";"12891.09961";"13056.09961";"44442.86";"0.00";"IST";"SL";"2h 36m";"-0.00"
"1242";"USTEC_ICM_UTC2";"Buy";"12893.2";"12810.7";"2022.08.23 18:30:00";"2022.08.24 10:33:00";"30.0";"-2658.12";"12810.70020";"12975.70020";"41784.75";"0.00";"IST";"SL";"16h 3m";"-183.12"
"1243";"USTEC_ICM_UTC2";"Buy";"12954.8";"13037.3";"2022.08.24 18:15:00";"2022.08.25 09:16:00";"30.0";"2291.88";"12872.29980";"13037.29980";"44076.63";"0.00";"IST";"PT";"15h 1m";"-183.12"
"1244";"USTEC_ICM_UTC2";"Buy";"13013.0";"13095.5";"2022.08.25 18:30:00";"2022.08.25 22:42:00";"30.0";"2475.00";"12930.50000";"13095.50000";"46551.63";"0.00";"IST";"PT";"4h 12m";"-0.00"
"1245";"USTEC_ICM_UTC2";"Buy";"13124.9";"13042.4";"2022.08.26 17:15:00";"2022.08.26 17:22:00";"30.0";"-2475.00";"13042.40039";"13207.40039";"44076.63";"0.00";"IST";"SL";"7m 0s";"-0.00"
"1246";"USTEC_ICM_UTC2";"Buy";"12522.3";"12439.8";"2022.08.29 17:00:00";"2022.08.29 18:12:00";"30.0";"-2475.00";"12439.79980";"12604.79980";"41601.63";"0.00";"IST";"SL";"1h 12m";"-0.00"
"1247";"USTEC_ICM_UTC2";"Buy";"12336.5";"12254.0";"2022.08.30 18:30:00";"2022.08.30 20:23:00";"30.0";"-2475.00";"12254.00000";"12419.00000";"39126.63";"0.00";"IST";"SL";"1h 53m";"-0.00"
"1248";"USTEC_ICM_UTC2";"Buy";"12447.3";"12364.8";"2022.08.31 17:00:00";"2022.08.31 17:33:00";"30.0";"-2475.00";"12364.79980";"12529.79980";"36651.63";"0.00";"IST";"SL";"33m 0s";"-0.00"
"1249";"USTEC_ICM_UTC2";"Buy";"12077.0";"12159.5";"2022.09.01 18:15:00";"2022.09.01 21:26:00";"30.0";"2475.00";"11994.50000";"12159.50000";"39126.63";"0.00";"IST";"PT";"3h 11m";"-0.00"
"1250";"USTEC_ICM_UTC2";"Buy";"12299.3";"12381.8";"2022.09.02 17:00:00";"2022.09.02 17:26:00";"30.0";"2475.00";"12216.79980";"12381.79980";"41601.63";"0.00";"IST";"PT";"26m 0s";"-0.00"
"1251";"USTEC_ICM_UTC2";"Buy";"12063.0";"11980.5";"2022.09.06 18:30:00";"2022.09.06 20:12:00";"30.0";"-2475.00";"11980.50000";"12145.50000";"39126.63";"0.00";"IST";"SL";"1h 42m";"-0.00"
"1252";"USTEC_ICM_UTC2";"Buy";"12134.0";"12216.5";"2022.09.07 18:15:00";"2022.09.07 21:01:00";"30.0";"2475.00";"12051.50000";"12216.50000";"41601.63";"0.00";"IST";"PT";"2h 46m";"-0.00"
"1253";"USTEC_ICM_UTC2";"Buy";"12241.4";"12323.9";"2022.09.08 17:00:00";"2022.09.08 17:56:00";"30.0";"2475.00";"12158.90039";"12323.90039";"44076.63";"0.00";"IST";"PT";"56m 0s";"-0.00"
"1254";"USTEC_ICM_UTC2";"Buy";"12517.1";"12599.6";"2022.09.09 17:15:00";"2022.09.09 20:38:00";"30.0";"2475.00";"12434.59961";"12599.59961";"46551.63";"0.00";"IST";"PT";"3h 23m";"-0.00"
"1255";"USTEC_ICM_UTC2";"Buy";"12695.3";"12777.8";"2022.09.12 18:15:00";"2022.09.13 09:02:00";"30.0";"2291.88";"12612.79980";"12777.79980";"48843.50";"0.00";"IST";"PT";"14h 47m";"-183.12"
"1256";"USTEC_ICM_UTC2";"Buy";"12306.3";"12223.8";"2022.09.13 17:00:00";"2022.09.13 17:49:00";"30.0";"-2475.00";"12223.79980";"12388.79980";"46368.50";"0.00";"IST";"SL";"49m 0s";"-0.00"
"1257";"USTEC_ICM_UTC2";"Buy";"12101.9";"12019.4";"2022.09.14 16:45:00";"2022.09.14 17:30:00";"30.0";"-2475.00";"12019.40039";"12184.40039";"43893.50";"0.00";"IST";"SL";"45m 0s";"-0.00"
"1258";"USTEC_ICM_UTC2";"Buy";"12123.4";"12040.9";"2022.09.15 17:00:00";"2022.09.15 17:28:00";"30.0";"-2475.00";"12040.90039";"12205.90039";"41418.50";"0.00";"IST";"SL";"28m 0s";"-0.00"
"1259";"USTEC_ICM_UTC2";"Buy";"11745.0";"11827.5";"2022.09.16 18:00:00";"2022.09.16 21:54:00";"30.0";"2475.00";"11662.50000";"11827.50000";"43893.50";"0.00";"IST";"PT";"3h 54m";"-0.00"
"1260";"USTEC_ICM_UTC2";"Buy";"11876.1";"11793.6";"2022.09.19 18:15:00";"2022.09.19 19:06:00";"30.0";"-2475.00";"11793.59961";"11958.59961";"41418.50";"0.00";"IST";"SL";"51m 0s";"-0.00"
"1261";"USTEC_ICM_UTC2";"Buy";"11905.5";"11823.0";"2022.09.20 18:30:00";"2022.09.20 20:29:00";"30.0";"-2475.00";"11823.00000";"11988.00000";"38943.50";"0.00";"IST";"SL";"1h 59m";"-0.00"
"1262";"USTEC_ICM_UTC2";"Buy";"11894.3";"11976.8";"2022.09.21 18:30:00";"2022.09.21 20:59:00";"30.0";"2475.00";"11811.79980";"11976.79980";"41418.50";"0.00";"IST";"PT";"2h 29m";"-0.00"
"1263";"USTEC_ICM_UTC2";"Buy";"11571.7";"11489.2";"2022.09.22 16:30:00";"2022.09.22 17:54:00";"30.0";"-2475.00";"11489.20020";"11654.20020";"38943.50";"0.00";"IST";"SL";"1h 24m";"-0.00"
"1264";"USTEC_ICM_UTC2";"Buy";"11297.3";"11214.8";"2022.09.23 18:45:00";"2022.09.23 21:12:00";"30.0";"-2475.00";"11214.79980";"11379.79980";"36468.50";"0.00";"IST";"SL";"2h 27m";"-0.00"
"1265";"USTEC_ICM_UTC2";"Buy";"11460.8";"11378.3";"2022.09.26 17:30:00";"2022.09.26 17:48:00";"30.0";"-2475.00";"11378.29980";"11543.29980";"33993.50";"0.00";"IST";"SL";"18m 0s";"-0.00"
"1266";"USTEC_ICM_UTC2";"Buy";"11426.1";"11343.6";"2022.09.27 18:00:00";"2022.09.27 18:25:00";"30.0";"-2475.00";"11343.59961";"11508.59961";"31518.50";"0.00";"IST";"SL";"25m 0s";"-0.00"
"1267";"USTEC_ICM_UTC2";"Buy";"11279.0";"11361.5";"2022.09.28 16:45:00";"2022.09.28 17:45:00";"30.0";"2475.00";"11196.50000";"11361.50000";"33993.50";"0.00";"IST";"PT";"1h 0m";"-0.00"
"1268";"USTEC_ICM_UTC2";"Buy";"11193.7";"11111.2";"2022.09.29 17:00:00";"2022.09.29 17:14:00";"30.0";"-2475.00";"11111.20020";"11276.20020";"31518.50";"0.00";"IST";"SL";"14m 0s";"-0.00"
"1269";"USTEC_ICM_UTC2";"Buy";"11176.8";"11259.3";"2022.09.30 17:00:00";"2022.09.30 18:04:00";"30.0";"2475.00";"11094.29980";"11259.29980";"33993.50";"0.00";"IST";"PT";"1h 4m";"-0.00"
"1270";"USTEC_ICM_UTC2";"Buy";"11169.2";"11251.7";"2022.10.03 18:30:00";"2022.10.03 21:21:00";"30.0";"2475.00";"11086.70020";"11251.70020";"36468.50";"0.00";"IST";"PT";"2h 51m";"-0.00"
"1271";"USTEC_ICM_UTC2";"Buy";"11591.1";"11508.6";"2022.10.04 18:15:00";"2022.10.04 20:06:00";"30.0";"-2475.00";"11508.59961";"11673.59961";"33993.50";"0.00";"IST";"SL";"1h 51m";"-0.00"
"1272";"USTEC_ICM_UTC2";"Buy";"11355.1";"11437.6";"2022.10.05 18:15:00";"2022.10.05 19:08:00";"30.0";"2475.00";"11272.59961";"11437.59961";"36468.50";"0.00";"IST";"PT";"53m 0s";"-0.00"
"1273";"USTEC_ICM_UTC2";"Buy";"11487.5";"11570.0";"2022.10.06 17:15:00";"2022.10.06 17:58:00";"30.0";"2475.00";"11405.00000";"11570.00000";"38943.50";"0.00";"IST";"PT";"43m 0s";"-0.00"
"1274";"USTEC_ICM_UTC2";"Buy";"11168.6";"11086.1";"2022.10.07 17:00:00";"2022.10.07 19:30:00";"30.0";"-2475.00";"11086.09961";"11251.09961";"36468.50";"0.00";"IST";"SL";"2h 30m";"-0.00"
"1275";"USTEC_ICM_UTC2";"Buy";"10940.6";"10858.1";"2022.10.10 17:15:00";"2022.10.10 19:50:00";"30.0";"-2475.00";"10858.09961";"11023.09961";"33993.50";"0.00";"IST";"SL";"2h 35m";"-0.00"
"1276";"USTEC_ICM_UTC2";"Buy";"10824.0";"10741.5";"2022.10.11 16:45:00";"2022.10.11 17:03:00";"30.0";"-2475.00";"10741.50000";"10906.50000";"31518.50";"0.00";"IST";"SL";"18m 0s";"-0.00"
"1277";"USTEC_ICM_UTC2";"Buy";"10829.3";"10911.8";"2022.10.12 18:15:00";"2022.10.13 15:29:00";"30.0";"2291.88";"10746.79980";"10911.79980";"33810.38";"0.00";"IST";"PT";"21h 14m";"-183.12"
"1278";"USTEC_ICM_UTC2";"Buy";"10559.4";"10641.9";"2022.10.13 17:30:00";"2022.10.13 17:56:00";"30.0";"2475.00";"10476.90039";"10641.90039";"36285.38";"0.00";"IST";"PT";"26m 0s";"-0.00"
"1279";"USTEC_ICM_UTC2";"Buy";"11049.1";"10966.6";"2022.10.14 16:45:00";"2022.10.14 17:00:00";"30.0";"-2475.00";"10966.59961";"11131.59961";"33810.38";"0.00";"IST";"SL";"15m 0s";"-0.00"
"1280";"USTEC_ICM_UTC2";"Buy";"10995.1";"11077.6";"2022.10.17 18:15:00";"2022.10.17 18:53:00";"30.0";"2475.00";"10912.59961";"11077.59961";"36285.38";"0.00";"IST";"PT";"38m 0s";"-0.00"
"1281";"USTEC_ICM_UTC2";"Buy";"11150.0";"11067.5";"2022.10.18 20:15:00";"2022.10.18 21:44:00";"30.0";"-2475.00";"11067.50000";"11232.50000";"33810.38";"0.00";"IST";"SL";"1h 29m";"-0.00"
"1282";"USTEC_ICM_UTC2";"Buy";"11162.8";"11080.3";"2022.10.19 18:15:00";"2022.10.19 19:42:00";"30.0";"-2475.00";"11080.29980";"11245.29980";"31335.38";"0.00";"IST";"SL";"1h 27m";"-0.00"
"1283";"USTEC_ICM_UTC2";"Buy";"11154.6";"11237.1";"2022.10.20 17:00:00";"2022.10.20 17:09:00";"30.0";"2475.00";"11072.09961";"11237.09961";"33810.38";"0.00";"IST";"PT";"9m 0s";"-0.00"
"1284";"USTEC_ICM_UTC2";"Buy";"11063.1";"11145.6";"2022.10.21 17:30:00";"2022.10.21 18:47:00";"30.0";"2475.00";"10980.59961";"11145.59961";"36285.38";"0.00";"IST";"PT";"1h 17m";"-0.00"
"1285";"USTEC_ICM_UTC2";"Buy";"11312.3";"11394.8";"2022.10.24 18:15:00";"2022.10.24 19:18:00";"30.0";"2475.00";"11229.79980";"11394.79980";"38760.38";"0.00";"IST";"PT";"1h 3m";"-0.00"
"1286";"USTEC_ICM_UTC2";"Buy";"11608.2";"11468.8";"2022.10.25 18:15:00";"2022.10.26 01:00:00";"30.0";"-4364.94";"11525.70020";"11690.70020";"34395.45";"0.00";"IST";"SL";"6h 45m";"-183.12"
"1287";"USTEC_ICM_UTC2";"Buy";"11635.2";"11552.7";"2022.10.26 18:15:00";"2022.10.26 19:49:00";"30.0";"-2475.00";"11552.70020";"11717.70020";"31920.45";"0.00";"IST";"SL";"1h 34m";"-0.00"
"1288";"USTEC_ICM_UTC2";"Buy";"11246.6";"11329.1";"2022.10.27 17:00:00";"2022.10.27 17:12:00";"30.0";"2475.00";"11164.09961";"11329.09961";"34395.45";"0.00";"IST";"PT";"12m 0s";"-0.00"
"1289";"USTEC_ICM_UTC2";"Buy";"11256.7";"11339.2";"2022.10.28 17:15:00";"2022.10.28 17:26:00";"30.0";"2475.00";"11174.20020";"11339.20020";"36870.45";"0.00";"IST";"PT";"11m 0s";"-0.00"
"1290";"USTEC_ICM_UTC2";"Buy";"11441.8";"11524.3";"2022.10.31 17:45:00";"2022.11.01 10:12:00";"30.0";"2291.88";"11359.29980";"11524.29980";"39162.32";"0.00";"IST";"PT";"16h 27m";"-183.12"
"1291";"USTEC_ICM_UTC2";"Buy";"11323.6";"11241.1";"2022.11.01 18:00:00";"2022.11.02 15:32:00";"30.0";"-2658.12";"11241.09961";"11406.09961";"36504.20";"0.00";"IST";"SL";"21h 32m";"-183.12"
"1292";"USTEC_ICM_UTC2";"Buy";"11130.7";"11048.2";"2022.11.02 21:15:00";"2022.11.02 21:20:00";"30.0";"-2475.00";"11048.20020";"11213.20020";"34029.20";"0.00";"IST";"SL";"5m 0s";"-0.00"
"1293";"USTEC_ICM_UTC2";"Buy";"10749.1";"10666.6";"2022.11.03 17:45:00";"2022.11.04 00:03:00";"30.0";"-2658.12";"10666.59961";"10831.59961";"31371.08";"0.00";"IST";"SL";"6h 18m";"-183.12"
"1294";"USTEC_ICM_UTC2";"Buy";"10885.7";"10803.2";"2022.11.04 16:30:00";"2022.11.04 17:12:00";"30.0";"-2475.00";"10803.20020";"10968.20020";"28896.08";"0.00";"IST";"SL";"42m 0s";"-0.00"
"1295";"USTEC_ICM_UTC2";"Buy";"10855.9";"10938.4";"2022.11.07 16:45:00";"2022.11.07 21:15:00";"30.0";"2475.00";"10773.40039";"10938.40039";"31371.08";"0.00";"IST";"PT";"4h 30m";"-0.00"
"1296";"USTEC_ICM_UTC2";"Buy";"11150.9";"11068.4";"2022.11.08 18:30:00";"2022.11.08 20:27:00";"30.0";"-2475.00";"11068.40039";"11233.40039";"28896.08";"0.00";"IST";"SL";"1h 57m";"-0.00"
"1297";"USTEC_ICM_UTC2";"Buy";"10990.6";"10908.1";"2022.11.09 17:15:00";"2022.11.09 17:56:00";"30.0";"-2475.00";"10908.09961";"11073.09961";"26421.08";"0.00";"IST";"SL";"41m 0s";"-0.00"
"1298";"USTEC_ICM_UTC2";"Buy";"11390.0";"11472.5";"2022.11.10 17:15:00";"2022.11.10 20:57:00";"30.0";"2475.00";"11307.50000";"11472.50000";"28896.08";"0.00";"IST";"PT";"3h 42m";"-0.00"
"1299";"USTEC_ICM_UTC2";"Buy";"11669.9";"11752.4";"2022.11.11 18:15:00";"2022.11.11 20:08:00";"30.0";"2475.00";"11587.40039";"11752.40039";"31371.08";"0.00";"IST";"PT";"1h 53m";"-0.00"
"1300";"USTEC_ICM_UTC2";"Buy";"11711.3";"11793.8";"2022.11.14 18:30:00";"2022.11.14 19:03:00";"30.0";"2475.00";"11628.79980";"11793.79980";"33846.09";"0.00";"IST";"PT";"33m 0s";"-0.00"
"1301";"USTEC_ICM_UTC2";"Buy";"11980.7";"11898.2";"2022.11.15 16:45:00";"2022.11.15 20:18:00";"30.0";"-2475.00";"11898.20020";"12063.20020";"31371.08";"0.00";"IST";"SL";"3h 33m";"-0.00"
"1302";"USTEC_ICM_UTC2";"Buy";"11721.0";"11638.5";"2022.11.16 17:15:00";"2022.11.17 12:52:00";"30.0";"-2658.12";"11638.50000";"11803.50000";"28712.96";"0.00";"IST";"SL";"19h 37m";"-183.12"
"1303";"USTEC_ICM_UTC2";"Buy";"11569.7";"11652.2";"2022.11.17 18:00:00";"2022.11.17 18:55:00";"30.0";"2475.00";"11487.20020";"11652.20020";"31187.96";"0.00";"IST";"PT";"55m 0s";"-0.00"
"1304";"USTEC_ICM_UTC2";"Buy";"11668.1";"11585.6";"2022.11.18 18:30:00";"2022.11.18 19:19:00";"30.0";"-2475.00";"11585.59961";"11750.59961";"28712.96";"0.00";"IST";"SL";"49m 0s";"-0.00"
"1305";"USTEC_ICM_UTC2";"Buy";"11580.5";"11498.0";"2022.11.21 18:15:00";"2022.11.22 10:42:00";"30.0";"-2658.12";"11498.00000";"11663.00000";"26054.84";"0.00";"IST";"SL";"16h 27m";"-183.12"
"1306";"USTEC_ICM_UTC2";"Buy";"11616.0";"11698.5";"2022.11.22 18:30:00";"2022.11.22 22:23:00";"30.0";"2475.00";"11533.50000";"11698.50000";"28529.84";"0.00";"IST";"PT";"3h 53m";"-0.00"
"1307";"USTEC_ICM_UTC2";"Buy";"11828.2";"11745.7";"2022.11.23 17:15:00";"2022.11.23 18:56:00";"30.0";"-2475.00";"11745.70020";"11910.70020";"26054.84";"0.00";"IST";"SL";"1h 41m";"-0.00"
"1308";"USTEC_ICM_UTC2";"Buy";"11786.1";"11703.6";"2022.11.25 17:45:00";"2022.11.28 01:00:00";"30.0";"-3024.36";"11703.59961";"11868.59961";"23030.48";"0.00";"IST";"SL";"2d 7h 15m";"-549.36"
"1309";"USTEC_ICM_UTC2";"Buy";"11677.7";"11595.2";"2022.11.28 18:15:00";"2022.11.28 21:08:00";"30.0";"-2475.00";"11595.20020";"11760.20020";"20555.48";"0.00";"IST";"SL";"2h 53m";"-0.00"
"1310";"USTEC_ICM_UTC2";"Buy";"11599.9";"11517.4";"2022.11.29 16:30:00";"2022.11.29 18:04:00";"30.0";"-2475.00";"11517.40039";"11682.40039";"18080.48";"0.00";"IST";"SL";"1h 34m";"-0.00"
"1311";"USTEC_ICM_UTC2";"Buy";"11545.4";"11627.9";"2022.11.30 17:00:00";"2022.11.30 20:30:00";"30.0";"2475.00";"11462.90039";"11627.90039";"20555.48";"0.00";"IST";"PT";"3h 30m";"-0.00"
"1312";"USTEC_ICM_UTC2";"Buy";"11980.8";"12063.3";"2022.12.01 17:15:00";"2022.12.01 21:51:00";"30.0";"2475.00";"11898.29980";"12063.29980";"23030.48";"0.00";"IST";"PT";"4h 36m";"-0.00"
"1313";"USTEC_ICM_UTC2";"Buy";"11891.3";"11973.8";"2022.12.02 17:30:00";"2022.12.02 21:57:00";"30.0";"2475.00";"11808.79980";"11973.79980";"25505.48";"0.00";"IST";"PT";"4h 27m";"-0.00"
"1314";"USTEC_ICM_UTC2";"Buy";"11914.8";"11832.3";"2022.12.05 18:15:00";"2022.12.05 18:56:00";"30.0";"-2475.00";"11832.29980";"11997.29980";"23030.48";"0.00";"IST";"SL";"41m 0s";"-0.00"
"1315";"USTEC_ICM_UTC2";"Buy";"11619.4";"11536.9";"2022.12.06 18:30:00";"2022.12.06 20:32:00";"30.0";"-2475.00";"11536.90039";"11701.90039";"20555.48";"0.00";"IST";"SL";"2h 2m";"-0.00"
"1316";"USTEC_ICM_UTC2";"Buy";"11458.3";"11540.8";"2022.12.07 17:00:00";"2022.12.07 17:51:00";"30.0";"2475.00";"11375.79980";"11540.79980";"23030.48";"0.00";"IST";"PT";"51m 0s";"-0.00"
"1317";"USTEC_ICM_UTC2";"Buy";"11615.0";"11697.5";"2022.12.08 18:30:00";"2022.12.09 09:27:00";"30.0";"2291.88";"11532.50000";"11697.50000";"25322.36";"0.00";"IST";"PT";"14h 57m";"-183.12"
"1318";"USTEC_ICM_UTC2";"Buy";"11621.1";"11703.6";"2022.12.09 17:30:00";"2022.12.09 18:03:00";"30.0";"2475.00";"11538.59961";"11703.59961";"27797.36";"0.00";"IST";"PT";"33m 0s";"-0.00"
"1319";"USTEC_ICM_UTC2";"Buy";"11577.3";"11659.8";"2022.12.12 18:30:00";"2022.12.12 22:08:00";"30.0";"2475.00";"11494.79980";"11659.79980";"30272.36";"0.00";"IST";"PT";"3h 38m";"-0.00"
"1320";"USTEC_ICM_UTC2";"Buy";"12132.9";"12050.4";"2022.12.13 17:00:00";"2022.12.13 17:07:00";"30.0";"-2475.00";"12050.40039";"12215.40039";"27797.36";"0.00";"IST";"SL";"7m 0s";"-0.00"
"1321";"USTEC_ICM_UTC2";"Buy";"11906.2";"11823.7";"2022.12.14 18:15:00";"2022.12.14 21:00:00";"30.0";"-2475.00";"11823.70020";"11988.70020";"25322.36";"0.00";"IST";"SL";"2h 45m";"-0.00"
"1322";"USTEC_ICM_UTC2";"Buy";"11419.9";"11337.4";"2022.12.15 17:15:00";"2022.12.15 19:57:00";"30.0";"-2475.00";"11337.40039";"11502.40039";"22847.36";"0.00";"IST";"SL";"2h 42m";"-0.00"
"1323";"USTEC_ICM_UTC2";"Buy";"11252.4";"11169.9";"2022.12.16 18:00:00";"2022.12.16 21:34:00";"30.0";"-2475.00";"11169.90039";"11334.90039";"20372.36";"0.00";"IST";"SL";"3h 34m";"-0.00"
"1324";"USTEC_ICM_UTC2";"Buy";"11095.4";"11012.9";"2022.12.19 18:45:00";"2022.12.20 05:11:00";"30.0";"-2658.12";"11012.90039";"11177.90039";"17714.24";"0.00";"IST";"SL";"10h 26m";"-183.12"
"1325";"USTEC_ICM_UTC2";"Buy";"11012.5";"11095.0";"2022.12.20 18:30:00";"2022.12.20 19:06:00";"30.0";"2475.00";"10930.00000";"11095.00000";"20189.24";"0.00";"IST";"PT";"36m 0s";"-0.00"
"1326";"USTEC_ICM_UTC2";"Buy";"11263.1";"11180.6";"2022.12.21 18:15:00";"2022.12.22 14:38:00";"30.0";"-2658.12";"11180.59961";"11345.59961";"17531.12";"0.00";"IST";"SL";"20h 23m";"-183.12"
"1327";"USTEC_ICM_UTC2";"Buy";"10911.8";"10829.3";"2022.12.22 18:30:00";"2022.12.22 19:29:00";"30.0";"-2475.00";"10829.29980";"10994.29980";"15056.12";"0.00";"IST";"SL";"59m 0s";"-0.00"
"1328";"USTEC_ICM_UTC2";"Buy";"10880.3";"10962.8";"2022.12.23 17:15:00";"2022.12.23 17:30:00";"30.0";"2475.00";"10797.79980";"10962.79980";"17531.12";"0.00";"IST";"PT";"15m 0s";"-0.00"
"1329";"USTEC_ICM_UTC2";"Buy";"10880.0";"10797.5";"2022.12.27 18:00:00";"2022.12.28 16:30:00";"30.0";"-2658.12";"10797.50000";"10962.50000";"14873.00";"0.00";"IST";"SL";"22h 30m";"-183.12"
"1330";"USTEC_ICM_UTC2";"Buy";"10724.0";"10806.5";"2022.12.28 18:15:00";"2022.12.29 15:45:00";"30.0";"2291.88";"10641.50000";"10806.50000";"17164.88";"0.00";"IST";"PT";"21h 30m";"-183.12"
"1331";"USTEC_ICM_UTC2";"Buy";"10897.0";"10979.5";"2022.12.29 17:15:00";"2022.12.29 18:54:00";"30.0";"2475.00";"10814.50000";"10979.50000";"19639.88";"0.00";"IST";"PT";"1h 39m";"-0.00"
"1332";"USTEC_ICM_UTC2";"Buy";"10833.6";"10916.1";"2022.12.30 18:15:00";"2022.12.30 22:50:00";"30.0";"2475.00";"10751.09961";"10916.09961";"22114.88";"0.00";"IST";"PT";"4h 35m";"-0.00"
"1333";"USTEC_ICM_UTC2";"Buy";"10909.6";"10827.1";"2023.01.03 17:00:00";"2023.01.03 18:10:00";"30.0";"-2475.00";"10827.09961";"10992.09961";"19639.88";"0.00";"IST";"SL";"1h 10m";"-0.00"
"1334";"USTEC_ICM_UTC2";"Buy";"10950.2";"10867.7";"2023.01.04 16:30:00";"2023.01.04 17:00:00";"30.0";"-2475.00";"10867.70020";"11032.70020";"17164.88";"0.00";"IST";"SL";"30m 0s";"-0.00"
"1335";"USTEC_ICM_UTC2";"Buy";"10767.6";"10685.1";"2023.01.05 18:00:00";"2023.01.06 15:19:00";"30.0";"-2658.12";"10685.09961";"10850.09961";"14506.76";"0.00";"IST";"SL";"21h 19m";"-183.12"
"1336";"USTEC_ICM_UTC2";"Buy";"10818.7";"10901.2";"2023.01.06 17:15:00";"2023.01.06 17:51:00";"30.0";"2475.00";"10736.20020";"10901.20020";"16981.76";"0.00";"IST";"PT";"36m 0s";"-0.00"
"1337";"USTEC_ICM_UTC2";"Buy";"11258.1";"11175.6";"2023.01.09 18:00:00";"2023.01.09 21:56:00";"30.0";"-2475.00";"11175.59961";"11340.59961";"14506.76";"0.00";"IST";"SL";"3h 56m";"-0.00"
"1338";"USTEC_ICM_UTC2";"Buy";"11065.7";"11148.2";"2023.01.10 16:30:00";"2023.01.10 16:34:00";"30.0";"2475.00";"10983.20020";"11148.20020";"16981.76";"0.00";"IST";"PT";"4m 0s";"-0.00"
"1339";"USTEC_ICM_UTC2";"Buy";"11248.0";"11330.5";"2023.01.11 18:00:00";"2023.01.11 19:17:00";"30.0";"2475.00";"11165.50000";"11330.50000";"19456.76";"0.00";"IST";"PT";"1h 17m";"-0.00"
"1340";"USTEC_ICM_UTC2";"Buy";"11407.6";"11325.1";"2023.01.12 17:15:00";"2023.01.12 18:01:00";"30.0";"-2475.00";"11325.09961";"11490.09961";"16981.76";"0.00";"IST";"SL";"46m 0s";"-0.00"
"1341";"USTEC_ICM_UTC2";"Buy";"11352.8";"11435.3";"2023.01.13 16:30:00";"2023.01.13 17:06:00";"30.0";"2475.00";"11270.29980";"11435.29980";"19456.76";"0.00";"IST";"PT";"36m 0s";"-0.00"
"1342";"USTEC_ICM_UTC2";"Buy";"11513.3";"11595.8";"2023.01.17 16:45:00";"2023.01.17 17:03:00";"30.0";"2475.00";"11430.79980";"11595.79980";"21931.76";"0.00";"IST";"PT";"18m 0s";"-0.00"
"1343";"USTEC_ICM_UTC2";"Buy";"11650.8";"11568.3";"2023.01.18 17:30:00";"2023.01.18 17:43:00";"30.0";"-2475.00";"11568.29980";"11733.29980";"19456.76";"0.00";"IST";"SL";"13m 0s";"-0.00"
"1344";"USTEC_ICM_UTC2";"Buy";"11332.1";"11249.6";"2023.01.19 17:00:00";"2023.01.19 18:43:00";"30.0";"-2475.00";"11249.59961";"11414.59961";"16981.76";"0.00";"IST";"SL";"1h 43m";"-0.00"
"1345";"USTEC_ICM_UTC2";"Buy";"11452.3";"11534.8";"2023.01.20 18:15:00";"2023.01.20 20:50:00";"30.0";"2475.00";"11369.79980";"11534.79980";"19456.76";"0.00";"IST";"PT";"2h 35m";"-0.00"
"1346";"USTEC_ICM_UTC2";"Buy";"11809.8";"11892.3";"2023.01.23 18:00:00";"2023.01.23 18:20:00";"30.0";"2475.00";"11727.29980";"11892.29980";"21931.76";"0.00";"IST";"PT";"20m 0s";"-0.00"
"1347";"USTEC_ICM_UTC2";"Buy";"11852.3";"11934.8";"2023.01.24 18:15:00";"2023.01.24 23:02:00";"30.0";"2475.00";"11769.79980";"11934.79980";"24406.76";"0.00";"IST";"PT";"4h 47m";"-0.00"
"1348";"USTEC_ICM_UTC2";"Buy";"11590.2";"11672.7";"2023.01.25 17:30:00";"2023.01.25 18:19:00";"30.0";"2475.00";"11507.70020";"11672.70020";"26881.76";"0.00";"IST";"PT";"49m 0s";"-0.00"
"1349";"USTEC_ICM_UTC2";"Buy";"11958.8";"11876.3";"2023.01.26 16:30:00";"2023.01.26 17:54:00";"30.0";"-2475.00";"11876.29980";"12041.29980";"24406.76";"0.00";"IST";"SL";"1h 24m";"-0.00"
"1350";"USTEC_ICM_UTC2";"Buy";"12070.5";"12153.0";"2023.01.27 17:00:00";"2023.01.27 18:56:00";"30.0";"2475.00";"11988.00000";"12153.00000";"26881.76";"0.00";"IST";"PT";"1h 56m";"-0.00"
"1351";"USTEC_ICM_UTC2";"Buy";"11988.9";"11906.4";"2023.01.30 18:15:00";"2023.01.31 05:26:00";"30.0";"-2658.12";"11906.40039";"12071.40039";"24223.64";"0.00";"IST";"SL";"11h 11m";"-183.12"
"1352";"USTEC_ICM_UTC2";"Buy";"11980.1";"12062.6";"2023.01.31 17:15:00";"2023.01.31 21:51:00";"30.0";"2475.00";"11897.59961";"12062.59961";"26698.64";"0.00";"IST";"PT";"4h 36m";"-0.00"
"1353";"USTEC_ICM_UTC2";"Buy";"12079.9";"12162.4";"2023.02.01 18:30:00";"2023.02.01 21:38:00";"30.0";"2475.00";"11997.40039";"12162.40039";"29173.64";"0.00";"IST";"PT";"3h 8m";"-0.00"
"1354";"USTEC_ICM_UTC2";"Buy";"12683.8";"12766.3";"2023.02.02 17:30:00";"2023.02.02 17:52:00";"30.0";"2475.00";"12601.29980";"12766.29980";"31648.64";"0.00";"IST";"PT";"22m 0s";"-0.00"
"1355";"USTEC_ICM_UTC2";"Buy";"12520.8";"12603.3";"2023.02.03 16:30:00";"2023.02.03 16:39:00";"30.0";"2475.00";"12438.29980";"12603.29980";"34123.64";"0.00";"IST";"PT";"9m 0s";"-0.00"
"1356";"USTEC_ICM_UTC2";"Buy";"12500.1";"12582.6";"2023.02.06 18:15:00";"2023.02.07 19:45:00";"30.0";"2291.88";"12417.59961";"12582.59961";"36415.52";"0.00";"IST";"PT";"1d 1h 30m";"-183.12"
"1357";"USTEC_ICM_UTC2";"Buy";"12577.1";"12659.6";"2023.02.07 21:15:00";"2023.02.07 21:53:00";"30.0";"2475.00";"12494.59961";"12659.59961";"38890.52";"0.00";"IST";"PT";"38m 0s";"-0.00"
"1358";"USTEC_ICM_UTC2";"Buy";"12527.5";"12610.0";"2023.02.08 18:15:00";"2023.02.09 10:22:00";"30.0";"2291.88";"12445.00000";"12610.00000";"41182.40";"0.00";"IST";"PT";"16h 7m";"-183.12"
"1359";"USTEC_ICM_UTC2";"Buy";"12611.4";"12528.9";"2023.02.09 18:00:00";"2023.02.09 18:24:00";"30.0";"-2475.00";"12528.90039";"12693.90039";"38707.40";"0.00";"IST";"SL";"24m 0s";"-0.00"
"1360";"USTEC_ICM_UTC2";"Buy";"12288.3";"12205.8";"2023.02.10 18:30:00";"2023.02.10 19:15:00";"30.0";"-2475.00";"12205.79980";"12370.79980";"36232.40";"0.00";"IST";"SL";"45m 0s";"-0.00"
"1361";"USTEC_ICM_UTC2";"Buy";"12484.7";"12567.2";"2023.02.13 18:15:00";"2023.02.14 15:29:00";"30.0";"2291.88";"12402.20020";"12567.20020";"38524.28";"0.00";"IST";"PT";"21h 14m";"-183.12"
"1362";"USTEC_ICM_UTC2";"Buy";"12550.8";"12468.3";"2023.02.14 17:30:00";"2023.02.14 17:37:00";"30.0";"-2475.00";"12468.29980";"12633.29980";"36049.28";"0.00";"IST";"SL";"7m 0s";"-0.00"
"1363";"USTEC_ICM_UTC2";"Buy";"12519.9";"12602.4";"2023.02.15 17:15:00";"2023.02.15 18:42:00";"30.0";"2475.00";"12437.40039";"12602.40039";"38524.28";"0.00";"IST";"PT";"1h 27m";"-0.00"
"1364";"USTEC_ICM_UTC2";"Buy";"12611.4";"12528.9";"2023.02.16 18:00:00";"2023.02.16 22:16:00";"30.0";"-2475.00";"12528.90039";"12693.90039";"36049.28";"0.00";"IST";"SL";"4h 16m";"-0.00"
"1365";"USTEC_ICM_UTC2";"Buy";"12260.9";"12343.4";"2023.02.17 18:30:00";"2023.02.17 21:51:00";"30.0";"2475.00";"12178.40039";"12343.40039";"38524.28";"0.00";"IST";"PT";"3h 21m";"-0.00"
"1366";"USTEC_ICM_UTC2";"Buy";"12195.9";"12113.4";"2023.02.21 17:00:00";"2023.02.21 18:56:00";"30.0";"-2475.00";"12113.40039";"12278.40039";"36049.28";"0.00";"IST";"SL";"1h 56m";"-0.00"
"1367";"USTEC_ICM_UTC2";"Buy";"12057.5";"12140.0";"2023.02.22 18:15:00";"2023.02.22 21:00:00";"30.0";"2475.00";"11975.00000";"12140.00000";"38524.28";"0.00";"IST";"PT";"2h 45m";"-0.00"
"1368";"USTEC_ICM_UTC2";"Buy";"12162.5";"12080.0";"2023.02.23 17:30:00";"2023.02.23 17:56:00";"30.0";"-2475.00";"12080.00000";"12245.00000";"36049.28";"0.00";"IST";"SL";"26m 0s";"-0.00"
"1369";"USTEC_ICM_UTC2";"Buy";"11935.6";"11951.8";"2023.02.24 17:30:00";"2023.02.24 22:55:00";"30.0";"486.00";"11853.09961";"12018.09961";"36535.28";"0.00";"IST";"End Of Friday (Time)";"5h 25m";"-0.00"
"1370";"USTEC_ICM_UTC2";"Buy";"12122.3";"12039.8";"2023.02.27 17:00:00";"2023.02.27 18:33:00";"30.0";"-2475.00";"12039.79980";"12204.79980";"34060.28";"0.00";"IST";"SL";"1h 33m";"-0.00"
"1371";"USTEC_ICM_UTC2";"Buy";"12069.3";"11986.8";"2023.02.28 17:15:00";"2023.03.01 02:05:00";"30.0";"-2658.12";"11986.79980";"12151.79980";"31402.16";"0.00";"IST";"SL";"8h 50m";"-183.12"
"1372";"USTEC_ICM_UTC2";"Buy";"11949.3";"11866.8";"2023.03.01 17:30:00";"2023.03.02 03:40:00";"30.0";"-2658.12";"11866.79980";"12031.79980";"28744.04";"0.00";"IST";"SL";"10h 10m";"-183.12"
"1373";"USTEC_ICM_UTC2";"Buy";"11887.8";"11970.3";"2023.03.02 18:15:00";"2023.03.02 20:58:00";"30.0";"2475.00";"11805.29980";"11970.29980";"31219.04";"0.00";"IST";"PT";"2h 43m";"-0.00"
"1374";"USTEC_ICM_UTC2";"Buy";"12171.2";"12253.7";"2023.03.03 17:00:00";"2023.03.03 20:09:00";"30.0";"2475.00";"12088.70020";"12253.70020";"33694.04";"0.00";"IST";"PT";"3h 9m";"-0.00"
"1375";"USTEC_ICM_UTC2";"Buy";"12459.2";"12376.7";"2023.03.06 18:15:00";"2023.03.06 19:47:00";"30.0";"-2475.00";"12376.70020";"12541.70020";"31219.04";"0.00";"IST";"SL";"1h 32m";"-0.00"
"1376";"USTEC_ICM_UTC2";"Buy";"12209.2";"12291.7";"2023.03.07 18:15:00";"2023.03.07 19:27:00";"30.0";"2475.00";"12126.70020";"12291.70020";"33694.04";"0.00";"IST";"PT";"1h 12m";"-0.00"
"1377";"USTEC_ICM_UTC2";"Buy";"12143.4";"12225.9";"2023.03.08 16:45:00";"2023.03.08 18:48:00";"30.0";"2475.00";"12060.90039";"12225.90039";"36169.04";"0.00";"IST";"PT";"2h 3m";"-0.00"
"1378";"USTEC_ICM_UTC2";"Buy";"12307.4";"12224.9";"2023.03.09 17:15:00";"2023.03.09 19:45:00";"30.0";"-2475.00";"12224.90039";"12389.90039";"33694.04";"0.00";"IST";"SL";"2h 30m";"-0.00"
"1379";"USTEC_ICM_UTC2";"Buy";"11890.6";"11973.1";"2023.03.10 16:45:00";"2023.03.10 17:09:00";"30.0";"2475.00";"11808.09961";"11973.09961";"36169.04";"0.00";"IST";"PT";"24m 0s";"-0.00"
"1380";"USTEC_ICM_UTC2";"Buy";"11853.4";"11935.9";"2023.03.13 16:30:00";"2023.03.13 16:56:00";"30.0";"2475.00";"11770.90039";"11935.90039";"38644.04";"0.00";"IST";"PT";"26m 0s";"-0.00"
"1381";"USTEC_ICM_UTC2";"Buy";"12188.2";"12105.7";"2023.03.14 17:15:00";"2023.03.14 19:16:00";"30.0";"-2475.00";"12105.70020";"12270.70020";"36169.04";"0.00";"IST";"SL";"2h 1m";"-0.00"
"1382";"USTEC_ICM_UTC2";"Buy";"12079.5";"12162.0";"2023.03.15 16:30:00";"2023.03.15 17:46:00";"30.0";"2475.00";"11997.00000";"12162.00000";"38644.04";"0.00";"IST";"PT";"1h 16m";"-0.00"
"1383";"USTEC_ICM_UTC2";"Buy";"12414.6";"12497.1";"2023.03.16 17:15:00";"2023.03.16 17:42:00";"30.0";"2475.00";"12332.09961";"12497.09961";"41119.04";"0.00";"IST";"PT";"27m 0s";"-0.00"
"1384";"USTEC_ICM_UTC2";"Buy";"12553.9";"12471.4";"2023.03.17 16:30:00";"2023.03.17 17:23:00";"30.0";"-2475.00";"12471.40039";"12636.40039";"38644.04";"0.00";"IST";"SL";"53m 0s";"-0.00"
"1385";"USTEC_ICM_UTC2";"Buy";"12566.4";"12483.9";"2023.03.20 17:30:00";"2023.03.20 18:08:00";"30.0";"-2475.00";"12483.90039";"12648.90039";"36169.04";"0.00";"IST";"SL";"38m 0s";"-0.00"
"1386";"USTEC_ICM_UTC2";"Buy";"12627.1";"12709.6";"2023.03.21 17:30:00";"2023.03.21 20:56:00";"30.0";"2475.00";"12544.59961";"12709.59961";"38644.04";"0.00";"IST";"PT";"3h 26m";"-0.00"
"1387";"USTEC_ICM_UTC2";"Buy";"12787.8";"12870.3";"2023.03.22 17:30:00";"2023.03.22 20:05:00";"30.0";"2475.00";"12705.29980";"12870.29980";"41119.04";"0.00";"IST";"PT";"2h 35m";"-0.00"
"1388";"USTEC_ICM_UTC2";"Buy";"12868.4";"12785.9";"2023.03.23 17:00:00";"2023.03.23 19:16:00";"30.0";"-2475.00";"12785.90039";"12950.90039";"38644.04";"0.00";"IST";"SL";"2h 16m";"-0.00"
"1389";"USTEC_ICM_UTC2";"Buy";"12628.1";"12710.6";"2023.03.24 17:30:00";"2023.03.24 17:56:00";"30.0";"2475.00";"12545.59961";"12710.59961";"41119.04";"0.00";"IST";"PT";"26m 0s";"-0.00"
"1390";"USTEC_ICM_UTC2";"Buy";"12725.6";"12643.1";"2023.03.27 18:15:00";"2023.03.27 19:08:00";"30.0";"-2475.00";"12643.09961";"12808.09961";"38644.04";"0.00";"IST";"SL";"53m 0s";"-0.00"
"1391";"USTEC_ICM_UTC2";"Buy";"12585.4";"12667.9";"2023.03.28 18:30:00";"2023.03.29 04:26:00";"30.0";"2291.88";"12502.90039";"12667.90039";"40935.92";"0.00";"IST";"PT";"9h 56m";"-183.12"
"1392";"USTEC_ICM_UTC2";"Buy";"12772.2";"12854.7";"2023.03.29 17:30:00";"2023.03.29 22:18:00";"30.0";"2475.00";"12689.70020";"12854.70020";"43410.92";"0.00";"IST";"PT";"4h 48m";"-0.00"
"1393";"USTEC_ICM_UTC2";"Buy";"12963.3";"13045.8";"2023.03.30 18:00:00";"2023.03.31 17:34:00";"30.0";"2291.88";"12880.79980";"13045.79980";"45702.80";"0.00";"IST";"PT";"23h 34m";"-183.12"
"1394";"USTEC_ICM_UTC2";"Buy";"13056.1";"13138.6";"2023.03.31 18:15:00";"2023.03.31 22:01:00";"30.0";"2475.00";"12973.59961";"13138.59961";"48177.80";"0.00";"IST";"PT";"3h 46m";"-0.00"
"1395";"USTEC_ICM_UTC2";"Buy";"13046.3";"13128.8";"2023.04.03 18:15:00";"2023.04.03 22:28:00";"30.0";"2475.00";"12963.79980";"13128.79980";"50652.80";"0.00";"IST";"PT";"4h 13m";"-0.00"
"1396";"USTEC_ICM_UTC2";"Buy";"13116.2";"13033.7";"2023.04.04 18:30:00";"2023.04.05 16:35:00";"30.0";"-2658.12";"13033.70020";"13198.70020";"47994.68";"0.00";"IST";"SL";"22h 5m";"-183.12"
"1397";"USTEC_ICM_UTC2";"Buy";"13019.3";"12936.8";"2023.04.05 17:00:00";"2023.04.05 17:44:00";"30.0";"-2475.00";"12936.79980";"13101.79980";"45519.68";"0.00";"IST";"SL";"44m 0s";"-0.00"
"1398";"USTEC_ICM_UTC2";"Buy";"12935.3";"13017.8";"2023.04.06 17:15:00";"2023.04.06 19:00:00";"30.0";"2475.00";"12852.79980";"13017.79980";"47994.68";"0.00";"IST";"PT";"1h 45m";"-0.00"
"1399";"USTEC_ICM_UTC2";"Buy";"12931.0";"13013.5";"2023.04.10 16:30:00";"2023.04.10 20:02:00";"30.0";"2475.00";"12848.50000";"13013.50000";"50469.68";"0.00";"IST";"PT";"3h 32m";"-0.00"
"1400";"USTEC_ICM_UTC2";"Buy";"12977.3";"13059.8";"2023.04.11 17:15:00";"2023.04.12 15:30:00";"30.0";"2291.88";"12894.79980";"13059.79980";"52761.56";"0.00";"IST";"PT";"22h 15m";"-183.12"
"1401";"USTEC_ICM_UTC2";"Buy";"12999.4";"12916.9";"2023.04.12 17:15:00";"2023.04.12 17:55:00";"30.0";"-2475.00";"12916.90039";"13081.90039";"50286.56";"0.00";"IST";"SL";"40m 0s";"-0.00"
"1402";"USTEC_ICM_UTC2";"Buy";"12964.2";"13046.7";"2023.04.13 17:00:00";"2023.04.13 19:06:00";"30.0";"2475.00";"12881.70020";"13046.70020";"52761.56";"0.00";"IST";"PT";"2h 6m";"-0.00"
"1403";"USTEC_ICM_UTC2";"Buy";"13041.7";"12959.2";"2023.04.14 17:30:00";"2023.04.14 19:47:00";"30.0";"-2475.00";"12959.20020";"13124.20020";"50286.56";"0.00";"IST";"SL";"2h 17m";"-0.00"
"1404";"USTEC_ICM_UTC2";"Buy";"13035.6";"13118.1";"2023.04.17 18:15:00";"2023.04.18 11:06:00";"30.0";"2291.88";"12953.09961";"13118.09961";"52578.44";"0.00";"IST";"PT";"16h 51m";"-183.12"
"1405";"USTEC_ICM_UTC2";"Buy";"13085.9";"13003.4";"2023.04.18 18:15:00";"2023.04.19 11:13:00";"30.0";"-2658.12";"13003.40039";"13168.40039";"49920.32";"0.00";"IST";"SL";"16h 58m";"-183.12"
"1406";"USTEC_ICM_UTC2";"Buy";"13064.1";"12981.6";"2023.04.19 18:15:00";"2023.04.20 10:36:00";"30.0";"-2658.12";"12981.59961";"13146.59961";"47262.20";"0.00";"IST";"SL";"16h 21m";"-183.12"
"1407";"USTEC_ICM_UTC2";"Buy";"13022.2";"13104.7";"2023.04.20 17:00:00";"2023.04.20 20:14:00";"30.0";"2475.00";"12939.70020";"13104.70020";"49737.20";"0.00";"IST";"PT";"3h 14m";"-0.00"
"1408";"USTEC_ICM_UTC2";"Buy";"12993.1";"12995.1";"2023.04.21 18:45:00";"2023.04.21 22:55:00";"30.0";"60.00";"12910.59961";"13075.59961";"49797.20";"0.00";"IST";"End Of Friday (Time)";"4h 10m";"-0.00"
"1409";"USTEC_ICM_UTC2";"Buy";"12921.3";"12838.8";"2023.04.24 18:15:00";"2023.04.25 18:52:00";"30.0";"-2658.12";"12838.79980";"13003.79980";"47139.08";"0.00";"IST";"SL";"1d 0h 37m";"-183.12"
"1410";"USTEC_ICM_UTC2";"Buy";"12838.6";"12756.1";"2023.04.25 19:00:00";"2023.04.25 21:18:00";"30.0";"-2475.00";"12756.09961";"12921.09961";"44664.08";"0.00";"IST";"SL";"2h 18m";"-0.00"
"1411";"USTEC_ICM_UTC2";"Buy";"12829.6";"12912.1";"2023.04.26 16:45:00";"2023.04.26 18:21:00";"30.0";"2475.00";"12747.09961";"12912.09961";"47139.08";"0.00";"IST";"PT";"1h 36m";"-0.00"
"1412";"USTEC_ICM_UTC2";"Buy";"13000.6";"13083.1";"2023.04.27 17:30:00";"2023.04.27 19:17:00";"30.0";"2475.00";"12918.09961";"13083.09961";"49614.08";"0.00";"IST";"PT";"1h 47m";"-0.00"
"1413";"USTEC_ICM_UTC2";"Buy";"13189.4";"13106.9";"2023.04.28 17:15:00";"2023.04.28 18:01:00";"30.0";"-2475.00";"13106.90039";"13271.90039";"47139.08";"0.00";"IST";"SL";"46m 0s";"-0.00"
"1414";"USTEC_ICM_UTC2";"Buy";"13223.7";"13141.2";"2023.05.01 18:15:00";"2023.05.02 17:22:00";"30.0";"-2658.12";"13141.20020";"13306.20020";"44480.96";"0.00";"IST";"SL";"23h 7m";"-183.12"
"1415";"USTEC_ICM_UTC2";"Buy";"13062.3";"13144.8";"2023.05.02 18:30:00";"2023.05.02 20:52:00";"30.0";"2475.00";"12979.79980";"13144.79980";"46955.96";"0.00";"IST";"PT";"2h 22m";"-0.00"
"1416";"USTEC_ICM_UTC2";"Buy";"13162.7";"13080.2";"2023.05.03 17:00:00";"2023.05.03 22:13:00";"30.0";"-2475.00";"13080.20020";"13245.20020";"44480.96";"0.00";"IST";"SL";"5h 13m";"-0.00"
"1417";"USTEC_ICM_UTC2";"Buy";"12977.6";"13060.1";"2023.05.04 17:00:00";"2023.05.04 20:34:00";"30.0";"2475.00";"12895.09961";"13060.09961";"46955.96";"0.00";"IST";"PT";"3h 34m";"-0.00"
"1418";"USTEC_ICM_UTC2";"Buy";"13125.1";"13207.6";"2023.05.05 17:00:00";"2023.05.05 17:40:00";"30.0";"2475.00";"13042.59961";"13207.59961";"49430.96";"0.00";"IST";"PT";"40m 0s";"-0.00"
"1419";"USTEC_ICM_UTC2";"Buy";"13244.9";"13162.4";"2023.05.08 18:45:00";"2023.05.10 10:58:00";"30.0";"-2841.24";"13162.40039";"13327.40039";"46589.72";"0.00";"IST";"SL";"1d 16h 13m";"-366.24"
"1420";"USTEC_ICM_UTC2";"Buy";"13359.4";"13276.9";"2023.05.10 17:15:00";"2023.05.10 17:44:00";"30.0";"-2475.00";"13276.90039";"13441.90039";"44114.72";"0.00";"IST";"SL";"29m 0s";"-0.00"
"1421";"USTEC_ICM_UTC2";"Buy";"13345.3";"13427.8";"2023.05.11 16:45:00";"2023.05.12 04:16:00";"30.0";"2291.88";"13262.79980";"13427.79980";"46406.60";"0.00";"IST";"PT";"11h 31m";"-183.12"
"1422";"USTEC_ICM_UTC2";"Buy";"13347.4";"13264.9";"2023.05.12 19:00:00";"2023.05.12 19:48:00";"30.0";"-2475.00";"13264.90039";"13429.90039";"43931.60";"0.00";"IST";"SL";"48m 0s";"-0.00"
"1423";"USTEC_ICM_UTC2";"Buy";"13360.9";"13443.4";"2023.05.15 18:15:00";"2023.05.16 16:43:00";"30.0";"2291.88";"13278.40039";"13443.40039";"46223.48";"0.00";"IST";"PT";"22h 28m";"-183.12"
"1424";"USTEC_ICM_UTC2";"Buy";"13465.4";"13547.9";"2023.05.16 18:00:00";"2023.05.17 19:54:00";"30.0";"2291.88";"13382.90039";"13547.90039";"48515.36";"0.00";"IST";"PT";"1d 1h 54m";"-183.12"
"1425";"USTEC_ICM_UTC2";"Buy";"13565.8";"13648.3";"2023.05.17 20:15:00";"2023.05.18 16:39:00";"30.0";"2291.88";"13483.29980";"13648.29980";"50807.24";"0.00";"IST";"PT";"20h 24m";"-183.12"
"1426";"USTEC_ICM_UTC2";"Buy";"13760.2";"13842.7";"2023.05.18 18:15:00";"2023.05.18 22:51:00";"30.0";"2475.00";"13677.70020";"13842.70020";"53282.24";"0.00";"IST";"PT";"4h 36m";"-0.00"
"1427";"USTEC_ICM_UTC2";"Buy";"13823.6";"13809.6";"2023.05.19 18:15:00";"2023.05.19 22:55:00";"30.0";"-420.00";"13741.09961";"13906.09961";"52862.24";"0.00";"IST";"End Of Friday (Time)";"4h 40m";"-0.00"
"1428";"USTEC_ICM_UTC2";"Buy";"13853.6";"13771.1";"2023.05.22 18:15:00";"2023.05.23 16:30:00";"30.0";"-2658.12";"13771.09961";"13936.09961";"50204.12";"0.00";"IST";"SL";"22h 15m";"-183.12"
"1429";"USTEC_ICM_UTC2";"Buy";"13810.3";"13727.8";"2023.05.23 17:45:00";"2023.05.23 19:47:00";"30.0";"-2475.00";"13727.79980";"13892.79980";"47729.12";"0.00";"IST";"SL";"2h 2m";"-0.00"
"1430";"USTEC_ICM_UTC2";"Buy";"13534.1";"13616.6";"2023.05.24 18:00:00";"2023.05.24 22:20:00";"30.0";"2475.00";"13451.59961";"13616.59961";"50204.12";"0.00";"IST";"PT";"4h 20m";"-0.00"
"1431";"USTEC_ICM_UTC2";"Buy";"13924.8";"14007.3";"2023.05.25 18:30:00";"2023.05.26 16:36:00";"30.0";"2291.88";"13842.29980";"14007.29980";"52496.00";"0.00";"IST";"PT";"22h 6m";"-183.12"
"1432";"USTEC_ICM_UTC2";"Buy";"14164.6";"14247.1";"2023.05.26 17:30:00";"2023.05.26 18:44:00";"30.0";"2475.00";"14082.09961";"14247.09961";"54971.00";"0.00";"IST";"PT";"1h 14m";"-0.00"
"1433";"USTEC_ICM_UTC2";"Buy";"14432.6";"14350.1";"2023.05.30 18:15:00";"2023.05.30 20:28:00";"30.0";"-2475.00";"14350.09961";"14515.09961";"52496.00";"0.00";"IST";"SL";"2h 13m";"-0.00"
"1434";"USTEC_ICM_UTC2";"Buy";"14257.6";"14340.1";"2023.05.31 17:45:00";"2023.06.01 17:46:00";"30.0";"2291.88";"14175.09961";"14340.09961";"54787.88";"0.00";"IST";"PT";"1d 0h 1m";"-183.12"
"1435";"USTEC_ICM_UTC2";"Buy";"14351.6";"14434.1";"2023.06.01 18:30:00";"2023.06.01 20:08:00";"30.0";"2475.00";"14269.09961";"14434.09961";"57262.88";"0.00";"IST";"PT";"1h 38m";"-0.00"
"1436";"USTEC_ICM_UTC2";"Buy";"14495.3";"14555.2";"2023.06.02 17:30:00";"2023.06.02 22:55:00";"30.0";"1797.00";"14412.79980";"14577.79980";"59059.88";"0.00";"IST";"End Of Friday (Time)";"5h 25m";"-0.00"
"1437";"USTEC_ICM_UTC2";"Buy";"14628.6";"14546.1";"2023.06.05 18:15:00";"2023.06.05 21:32:00";"30.0";"-2475.00";"14546.09961";"14711.09961";"56584.88";"0.00";"IST";"SL";"3h 17m";"-0.00"
"1438";"USTEC_ICM_UTC2";"Buy";"14534.8";"14617.3";"2023.06.06 18:30:00";"2023.06.07 16:32:00";"30.0";"2291.88";"14452.29980";"14617.29980";"58876.76";"0.00";"IST";"PT";"22h 2m";"-183.12"
"1439";"USTEC_ICM_UTC2";"Buy";"14456.9";"14374.4";"2023.06.07 18:15:00";"2023.06.07 19:22:00";"30.0";"-2475.00";"14374.40039";"14539.40039";"56401.76";"0.00";"IST";"SL";"1h 7m";"-0.00"
"1440";"USTEC_ICM_UTC2";"Buy";"14354.3";"14436.8";"2023.06.08 17:00:00";"2023.06.08 17:57:00";"30.0";"2475.00";"14271.79980";"14436.79980";"58876.76";"0.00";"IST";"PT";"57m 0s";"-0.00"
"1441";"USTEC_ICM_UTC2";"Buy";"14602.3";"14519.8";"2023.06.09 16:45:00";"2023.06.09 18:31:00";"30.0";"-2475.00";"14519.79980";"14684.79980";"56401.76";"0.00";"IST";"SL";"1h 46m";"-0.00"
"1442";"USTEC_ICM_UTC2";"Buy";"14609.4";"14691.9";"2023.06.12 18:15:00";"2023.06.12 20:49:00";"30.0";"2475.00";"14526.90039";"14691.90039";"58876.76";"0.00";"IST";"PT";"2h 34m";"-0.00"
"1443";"USTEC_ICM_UTC2";"Buy";"14828.2";"14910.7";"2023.06.13 17:00:00";"2023.06.13 18:23:00";"30.0";"2475.00";"14745.70020";"14910.70020";"61351.76";"0.00";"IST";"PT";"1h 23m";"-0.00"
"1444";"USTEC_ICM_UTC2";"Buy";"14984.8";"14902.3";"2023.06.14 18:15:00";"2023.06.14 21:00:00";"30.0";"-2475.00";"14902.29980";"15067.29980";"58876.76";"0.00";"IST";"SL";"2h 45m";"-0.00"
"1445";"USTEC_ICM_UTC2";"Buy";"15079.7";"15162.2";"2023.06.15 17:30:00";"2023.06.15 20:55:00";"30.0";"2475.00";"14997.20020";"15162.20020";"61351.76";"0.00";"IST";"PT";"3h 25m";"-0.00"
"1446";"USTEC_ICM_UTC2";"Buy";"15191.1";"15108.6";"2023.06.16 18:00:00";"2023.06.16 22:12:00";"30.0";"-2475.00";"15108.59961";"15273.59961";"58876.76";"0.00";"IST";"SL";"4h 12m";"-0.00"
"1447";"USTEC_ICM_UTC2";"Buy";"15093.1";"15010.6";"2023.06.20 16:45:00";"2023.06.20 17:15:00";"30.0";"-2475.00";"15010.59961";"15175.59961";"56401.76";"0.00";"IST";"SL";"30m 0s";"-0.00"
"1448";"USTEC_ICM_UTC2";"Buy";"14878.7";"14961.2";"2023.06.21 18:00:00";"2023.06.21 21:30:00";"30.0";"2475.00";"14796.20020";"14961.20020";"58876.76";"0.00";"IST";"PT";"3h 30m";"-0.00"
"1449";"USTEC_ICM_UTC2";"Buy";"14955.8";"15038.3";"2023.06.22 18:15:00";"2023.06.22 22:54:00";"30.0";"2475.00";"14873.29980";"15038.29980";"61351.76";"0.00";"IST";"PT";"4h 39m";"-0.00"
"1450";"USTEC_ICM_UTC2";"Buy";"14877.3";"14959.8";"2023.06.23 17:30:00";"2023.06.23 20:01:00";"30.0";"2475.00";"14794.79980";"14959.79980";"63826.76";"0.00";"IST";"PT";"2h 31m";"-0.00"
"1451";"USTEC_ICM_UTC2";"Buy";"14855.6";"14773.1";"2023.06.26 18:15:00";"2023.06.26 19:08:00";"30.0";"-2475.00";"14773.09961";"14938.09961";"61351.76";"0.00";"IST";"SL";"53m 0s";"-0.00"
"1452";"USTEC_ICM_UTC2";"Buy";"14753.4";"14835.9";"2023.06.27 18:15:00";"2023.06.27 18:44:00";"30.0";"2475.00";"14670.90039";"14835.90039";"63826.76";"0.00";"IST";"PT";"29m 0s";"-0.00"
"1453";"USTEC_ICM_UTC2";"Buy";"14987.6";"14905.1";"2023.06.28 18:15:00";"2023.06.28 19:54:00";"30.0";"-2475.00";"14905.09961";"15070.09961";"61351.76";"0.00";"IST";"SL";"1h 39m";"-0.00"
"1454";"USTEC_ICM_UTC2";"Buy";"14921.4";"15003.9";"2023.06.29 16:45:00";"2023.06.30 11:44:00";"30.0";"2291.88";"14838.90039";"15003.90039";"63643.64";"0.00";"IST";"PT";"18h 59m";"-183.12"
"1455";"USTEC_ICM_UTC2";"Buy";"15178.2";"15205.8";"2023.06.30 17:15:00";"2023.06.30 22:55:00";"30.0";"828.00";"15095.70020";"15260.70020";"64471.64";"0.00";"IST";"End Of Friday (Time)";"5h 40m";"-0.00"
"1456";"USTEC_ICM_UTC2";"Buy";"15170.2";"15252.7";"2023.07.03 18:15:00";"2023.07.05 17:16:00";"30.0";"2108.76";"15087.70020";"15252.70020";"66580.40";"0.00";"IST";"PT";"1d 23h 1m";"-366.24"
"1457";"USTEC_ICM_UTC2";"Buy";"15236.5";"15154.0";"2023.07.05 18:15:00";"2023.07.06 06:34:00";"30.0";"-2658.12";"15154.00000";"15319.00000";"63922.28";"0.00";"IST";"SL";"12h 19m";"-183.12"
"1458";"USTEC_ICM_UTC2";"Buy";"15023.1";"15105.6";"2023.07.06 17:30:00";"2023.07.06 21:49:00";"30.0";"2475.00";"14940.59961";"15105.59961";"66397.28";"0.00";"IST";"PT";"4h 19m";"-0.00"
"1459";"USTEC_ICM_UTC2";"Buy";"15129.1";"15046.6";"2023.07.07 17:00:00";"2023.07.07 17:34:00";"30.0";"-2475.00";"15046.59961";"15211.59961";"63922.28";"0.00";"IST";"SL";"34m 0s";"-0.00"
"1460";"USTEC_ICM_UTC2";"Buy";"15027.0";"14944.5";"2023.07.10 16:30:00";"2023.07.10 16:56:00";"30.0";"-2475.00";"14944.50000";"15109.50000";"61447.28";"0.00";"IST";"SL";"26m 0s";"-0.00"
"1461";"USTEC_ICM_UTC2";"Buy";"15042.1";"15124.6";"2023.07.11 18:30:00";"2023.07.11 22:49:00";"30.0";"2475.00";"14959.59961";"15124.59961";"63922.28";"0.00";"IST";"PT";"4h 19m";"-0.00"
"1462";"USTEC_ICM_UTC2";"Buy";"15345.3";"15262.8";"2023.07.12 17:15:00";"2023.07.12 18:40:00";"30.0";"-2475.00";"15262.79980";"15427.79980";"61447.28";"0.00";"IST";"SL";"1h 25m";"-0.00"
"1463";"USTEC_ICM_UTC2";"Buy";"15473.6";"15556.1";"2023.07.13 18:00:00";"2023.07.13 22:03:00";"30.0";"2475.00";"15391.09961";"15556.09961";"63922.28";"0.00";"IST";"PT";"4h 3m";"-0.00"
"1464";"USTEC_ICM_UTC2";"Buy";"15653.7";"15571.2";"2023.07.14 18:00:00";"2023.07.14 21:37:00";"30.0";"-2475.00";"15571.20020";"15736.20020";"61447.28";"0.00";"IST";"SL";"3h 37m";"-0.00"
"1465";"USTEC_ICM_UTC2";"Buy";"15618.5";"15701.0";"2023.07.17 17:15:00";"2023.07.17 21:24:00";"30.0";"2475.00";"15536.00000";"15701.00000";"63922.28";"0.00";"IST";"PT";"4h 9m";"-0.00"
"1466";"USTEC_ICM_UTC2";"Buy";"15659.2";"15741.7";"2023.07.18 18:00:00";"2023.07.18 18:49:00";"30.0";"2475.00";"15576.70020";"15741.70020";"66397.28";"0.00";"IST";"PT";"49m 0s";"-0.00"
"1467";"USTEC_ICM_UTC2";"Buy";"15897.8";"15815.3";"2023.07.19 19:00:00";"2023.07.19 20:06:00";"30.0";"-2475.00";"15815.29980";"15980.29980";"63922.28";"0.00";"IST";"SL";"1h 6m";"-0.00"
"1468";"USTEC_ICM_UTC2";"Buy";"15632.2";"15549.7";"2023.07.20 17:30:00";"2023.07.20 21:01:00";"30.0";"-2475.00";"15549.70020";"15714.70020";"61447.28";"0.00";"IST";"SL";"3h 31m";"-0.00"
"1469";"USTEC_ICM_UTC2";"Buy";"15466.7";"15430.0";"2023.07.21 18:45:00";"2023.07.21 22:55:00";"30.0";"-1101.00";"15384.20020";"15549.20020";"60346.28";"0.00";"IST";"End Of Friday (Time)";"4h 10m";"-0.00"
"1470";"USTEC_ICM_UTC2";"Buy";"15468.2";"15550.7";"2023.07.24 18:15:00";"2023.07.25 16:57:00";"30.0";"2291.88";"15385.70020";"15550.70020";"62638.16";"0.00";"IST";"PT";"22h 42m";"-183.12"
"1471";"USTEC_ICM_UTC2";"Buy";"15502.9";"15585.4";"2023.07.25 18:00:00";"2023.07.25 19:57:00";"30.0";"2475.00";"15420.40039";"15585.40039";"65113.16";"0.00";"IST";"PT";"1h 57m";"-0.00"
"1472";"USTEC_ICM_UTC2";"Buy";"15443.2";"15525.7";"2023.07.26 18:30:00";"2023.07.26 21:39:00";"30.0";"2475.00";"15360.70020";"15525.70020";"67588.16";"0.00";"IST";"PT";"3h 9m";"-0.00"
"1473";"USTEC_ICM_UTC2";"Buy";"15668.0";"15750.5";"2023.07.27 18:00:00";"2023.07.27 19:32:00";"30.0";"2475.00";"15585.50000";"15750.50000";"70063.16";"0.00";"IST";"PT";"1h 32m";"-0.00"
"1474";"USTEC_ICM_UTC2";"Buy";"15691.2";"15773.7";"2023.07.28 17:00:00";"2023.07.28 18:41:00";"30.0";"2475.00";"15608.70020";"15773.70020";"72538.16";"0.00";"IST";"PT";"1h 41m";"-0.00"
"1475";"USTEC_ICM_UTC2";"Buy";"15773.4";"15690.9";"2023.07.31 18:15:00";"2023.08.01 12:34:00";"30.0";"-2658.12";"15690.90039";"15855.90039";"69880.04";"0.00";"IST";"SL";"18h 19m";"-183.12"
"1476";"USTEC_ICM_UTC2";"Buy";"15725.2";"15613.8";"2023.08.01 19:00:00";"2023.08.02 01:00:00";"30.0";"-3524.88";"15642.70020";"15807.70020";"66355.16";"0.00";"IST";"SL";"6h 0m";"-183.12"
"1477";"USTEC_ICM_UTC2";"Buy";"15450.7";"15368.2";"2023.08.02 17:30:00";"2023.08.02 18:55:00";"30.0";"-2475.00";"15368.20020";"15533.20020";"63880.16";"0.00";"IST";"SL";"1h 25m";"-0.00"
"1478";"USTEC_ICM_UTC2";"Buy";"15335.9";"15418.4";"2023.08.03 17:15:00";"2023.08.03 19:43:00";"30.0";"2475.00";"15253.40039";"15418.40039";"66355.16";"0.00";"IST";"PT";"2h 28m";"-0.00"
"1479";"USTEC_ICM_UTC2";"Buy";"15367.1";"15449.6";"2023.08.04 17:00:00";"2023.08.04 18:02:00";"30.0";"2475.00";"15284.59961";"15449.59961";"68830.16";"0.00";"IST";"PT";"1h 2m";"-0.00"
"1480";"USTEC_ICM_UTC2";"Buy";"15280.0";"15362.5";"2023.08.07 18:30:00";"2023.08.07 20:49:00";"30.0";"2475.00";"15197.50000";"15362.50000";"71305.16";"0.00";"IST";"PT";"2h 19m";"-0.00"
"1481";"USTEC_ICM_UTC2";"Buy";"15219.9";"15302.4";"2023.08.08 17:00:00";"2023.08.09 03:32:00";"30.0";"2291.88";"15137.40039";"15302.40039";"73597.04";"0.00";"IST";"PT";"10h 32m";"-183.12"
"1482";"USTEC_ICM_UTC2";"Buy";"15097.3";"15179.8";"2023.08.09 18:30:00";"2023.08.09 20:30:00";"30.0";"2475.00";"15014.79980";"15179.79980";"76072.04";"0.00";"IST";"PT";"2h 0m";"-0.00"
"1483";"USTEC_ICM_UTC2";"Buy";"15249.8";"15332.3";"2023.08.10 16:45:00";"2023.08.10 16:58:00";"30.0";"2475.00";"15167.29980";"15332.29980";"78547.04";"0.00";"IST";"PT";"13m 0s";"-0.00"
"1484";"USTEC_ICM_UTC2";"Buy";"15068.7";"14986.2";"2023.08.11 17:45:00";"2023.08.11 18:33:00";"30.0";"-2475.00";"14986.20020";"15151.20020";"76072.04";"0.00";"IST";"SL";"48m 0s";"-0.00"
"1485";"USTEC_ICM_UTC2";"Buy";"15094.5";"15177.0";"2023.08.14 17:15:00";"2023.08.14 17:55:00";"30.0";"2475.00";"15012.00000";"15177.00000";"78547.04";"0.00";"IST";"PT";"40m 0s";"-0.00"
"1486";"USTEC_ICM_UTC2";"Buy";"15131.9";"15049.4";"2023.08.15 19:00:00";"2023.08.15 22:26:00";"30.0";"-2475.00";"15049.40039";"15214.40039";"76072.04";"0.00";"IST";"SL";"3h 26m";"-0.00"
"1487";"USTEC_ICM_UTC2";"Buy";"15043.6";"14961.1";"2023.08.16 18:15:00";"2023.08.16 19:10:00";"30.0";"-2475.00";"14961.09961";"15126.09961";"73597.04";"0.00";"IST";"SL";"55m 0s";"-0.00"
"1488";"USTEC_ICM_UTC2";"Buy";"14810.0";"14892.5";"2023.08.17 18:30:00";"2023.08.17 19:59:00";"30.0";"2475.00";"14727.50000";"14892.50000";"76072.04";"0.00";"IST";"PT";"1h 29m";"-0.00"
"1489";"USTEC_ICM_UTC2";"Buy";"14604.9";"14687.4";"2023.08.18 16:45:00";"2023.08.18 19:04:00";"30.0";"2475.00";"14522.40039";"14687.40039";"78547.04";"0.00";"IST";"PT";"2h 19m";"-0.00"
"1490";"USTEC_ICM_UTC2";"Buy";"14761.9";"14844.4";"2023.08.21 18:15:00";"2023.08.21 19:58:00";"30.0";"2475.00";"14679.40039";"14844.40039";"81022.04";"0.00";"IST";"PT";"1h 43m";"-0.00"
"1491";"USTEC_ICM_UTC2";"Buy";"14949.3";"15031.8";"2023.08.22 18:45:00";"2023.08.23 16:56:00";"30.0";"2291.88";"14866.79980";"15031.79980";"83313.92";"0.00";"IST";"PT";"22h 11m";"-183.12"
"1492";"USTEC_ICM_UTC2";"Buy";"15072.9";"15155.4";"2023.08.23 17:15:00";"2023.08.23 20:16:00";"30.0";"2475.00";"14990.40039";"15155.40039";"85788.92";"0.00";"IST";"PT";"3h 1m";"-0.00"
"1493";"USTEC_ICM_UTC2";"Buy";"15095.6";"15013.1";"2023.08.24 17:15:00";"2023.08.24 17:30:00";"30.0";"-2475.00";"15013.09961";"15178.09961";"83313.92";"0.00";"IST";"SL";"15m 0s";"-0.00"
"1494";"USTEC_ICM_UTC2";"Buy";"14776.9";"14859.4";"2023.08.25 18:15:00";"2023.08.25 20:15:00";"30.0";"2475.00";"14694.40039";"14859.40039";"85788.92";"0.00";"IST";"PT";"2h 0m";"-0.00"
"1495";"USTEC_ICM_UTC2";"Buy";"14963.7";"15046.2";"2023.08.28 18:45:00";"2023.08.28 20:03:00";"30.0";"2475.00";"14881.20020";"15046.20020";"88263.92";"0.00";"IST";"PT";"1h 18m";"-0.00"
"1496";"USTEC_ICM_UTC2";"Buy";"15297.2";"15379.7";"2023.08.29 18:15:00";"2023.08.29 22:19:00";"30.0";"2475.00";"15214.70020";"15379.70020";"90738.92";"0.00";"IST";"PT";"4h 4m";"-0.00"
"1497";"USTEC_ICM_UTC2";"Buy";"15370.9";"15453.4";"2023.08.30 16:45:00";"2023.08.30 17:11:00";"30.0";"2475.00";"15288.40039";"15453.40039";"93213.92";"0.00";"IST";"PT";"26m 0s";"-0.00"
"1498";"USTEC_ICM_UTC2";"Buy";"15549.8";"15467.3";"2023.08.31 18:15:00";"2023.08.31 19:49:00";"30.0";"-2475.00";"15467.29980";"15632.29980";"90738.92";"0.00";"IST";"SL";"1h 34m";"-0.00"
"1499";"USTEC_ICM_UTC2";"Buy";"15551.4";"15468.9";"2023.09.01 17:15:00";"2023.09.01 17:56:00";"30.0";"-2475.00";"15468.90039";"15633.90039";"88263.92";"0.00";"IST";"SL";"41m 0s";"-0.00"
"1500";"USTEC_ICM_UTC2";"Buy";"15446.1";"15528.6";"2023.09.05 17:15:00";"2023.09.05 18:04:00";"30.0";"2475.00";"15363.59961";"15528.59961";"90738.92";"0.00";"IST";"PT";"49m 0s";"-0.00"
"1501";"USTEC_ICM_UTC2";"Buy";"15368.8";"15286.3";"2023.09.06 17:15:00";"2023.09.07 11:10:00";"30.0";"-2658.12";"15286.29980";"15451.29980";"88080.80";"0.00";"IST";"SL";"17h 55m";"-183.12"
"1502";"USTEC_ICM_UTC2";"Buy";"15196.1";"15278.6";"2023.09.07 17:30:00";"2023.09.07 21:56:00";"30.0";"2475.00";"15113.59961";"15278.59961";"90555.80";"0.00";"IST";"PT";"4h 26m";"-0.00"
"1503";"USTEC_ICM_UTC2";"Buy";"15257.4";"15339.9";"2023.09.08 16:30:00";"2023.09.08 16:37:00";"30.0";"2475.00";"15174.90039";"15339.90039";"93030.80";"0.00";"IST";"PT";"7m 0s";"-0.00"
"1504";"USTEC_ICM_UTC2";"Buy";"15384.1";"15466.6";"2023.09.11 18:30:00";"2023.09.11 21:31:00";"30.0";"2475.00";"15301.59961";"15466.59961";"95505.80";"0.00";"IST";"PT";"3h 1m";"-0.00"
"1505";"USTEC_ICM_UTC2";"Buy";"15438.6";"15356.1";"2023.09.12 17:15:00";"2023.09.12 17:42:00";"30.0";"-2475.00";"15356.09961";"15521.09961";"93030.80";"0.00";"IST";"SL";"27m 0s";"-0.00"
"1506";"USTEC_ICM_UTC2";"Buy";"15321.1";"15403.6";"2023.09.13 17:30:00";"2023.09.13 19:55:00";"30.0";"2475.00";"15238.59961";"15403.59961";"95505.80";"0.00";"IST";"PT";"2h 25m";"-0.00"
"1507";"USTEC_ICM_UTC2";"Buy";"15382.2";"15464.7";"2023.09.14 17:00:00";"2023.09.14 17:51:00";"30.0";"2475.00";"15299.70020";"15464.70020";"97980.80";"0.00";"IST";"PT";"51m 0s";"-0.00"
"1508";"USTEC_ICM_UTC2";"Buy";"15236.1";"15197.6";"2023.09.15 18:00:00";"2023.09.15 22:55:00";"30.0";"-1155.00";"15153.59961";"15318.59961";"96825.80";"0.00";"IST";"End Of Friday (Time)";"4h 55m";"-0.00"
"1509";"USTEC_ICM_UTC2";"Buy";"15215.7";"15133.2";"2023.09.18 18:15:00";"2023.09.19 16:50:00";"30.0";"-2658.12";"15133.20020";"15298.20020";"94167.68";"0.00";"IST";"SL";"22h 35m";"-183.12"
"1510";"USTEC_ICM_UTC2";"Buy";"15082.2";"15164.7";"2023.09.19 17:45:00";"2023.09.19 20:45:00";"30.0";"2475.00";"14999.70020";"15164.70020";"96642.68";"0.00";"IST";"PT";"3h 0m";"-0.00"
"1511";"USTEC_ICM_UTC2";"Buy";"15150.5";"15068.0";"2023.09.20 18:30:00";"2023.09.20 22:14:00";"30.0";"-2475.00";"15068.00000";"15233.00000";"94167.68";"0.00";"IST";"SL";"3h 44m";"-0.00"
"1512";"USTEC_ICM_UTC2";"Buy";"14798.8";"14716.3";"2023.09.21 17:30:00";"2023.09.21 22:32:00";"30.0";"-2475.00";"14716.29980";"14881.29980";"91692.68";"0.00";"IST";"SL";"5h 2m";"-0.00"
"1513";"USTEC_ICM_UTC2";"Buy";"14738.9";"14821.4";"2023.09.22 16:45:00";"2023.09.22 17:34:00";"30.0";"2475.00";"14656.40039";"14821.40039";"94167.68";"0.00";"IST";"PT";"49m 0s";"-0.00"
"1514";"USTEC_ICM_UTC2";"Buy";"14710.4";"14627.9";"2023.09.25 17:00:00";"2023.09.26 16:50:00";"30.0";"-2658.12";"14627.90039";"14792.90039";"91509.56";"0.00";"IST";"SL";"23h 50m";"-183.12"
"1515";"USTEC_ICM_UTC2";"Buy";"14583.1";"14500.6";"2023.09.26 18:15:00";"2023.09.27 19:04:00";"30.0";"-2658.12";"14500.59961";"14665.59961";"88851.44";"0.00";"IST";"SL";"1d 0h 49m";"-183.12"
"1516";"USTEC_ICM_UTC2";"Buy";"14496.8";"14579.3";"2023.09.27 19:15:00";"2023.09.27 21:42:00";"30.0";"2475.00";"14414.29980";"14579.29980";"91326.44";"0.00";"IST";"PT";"2h 27m";"-0.00"
"1517";"USTEC_ICM_UTC2";"Buy";"14513.1";"14595.6";"2023.09.28 16:45:00";"2023.09.28 17:00:00";"30.0";"2475.00";"14430.59961";"14595.59961";"93801.44";"0.00";"IST";"PT";"15m 0s";"-0.00"
"1518";"USTEC_ICM_UTC2";"Buy";"14800.0";"14717.5";"2023.09.29 18:30:00";"2023.09.29 20:01:00";"30.0";"-2475.00";"14717.50000";"14882.50000";"91326.44";"0.00";"IST";"SL";"1h 31m";"-0.00"
"1519";"USTEC_ICM_UTC2";"Buy";"14784.7";"14867.2";"2023.10.02 18:00:00";"2023.10.02 18:21:00";"30.0";"2475.00";"14702.20020";"14867.20020";"93801.44";"0.00";"IST";"PT";"21m 0s";"-0.00"
"1520";"USTEC_ICM_UTC2";"Buy";"14726.6";"14809.1";"2023.10.03 16:30:00";"2023.10.03 16:54:00";"30.0";"2475.00";"14644.09961";"14809.09961";"96276.44";"0.00";"IST";"PT";"24m 0s";"-0.00"
"1521";"USTEC_ICM_UTC2";"Buy";"14654.5";"14737.0";"2023.10.04 17:00:00";"2023.10.04 18:57:00";"30.0";"2475.00";"14572.00000";"14737.00000";"98751.44";"0.00";"IST";"PT";"1h 57m";"-0.00"
"1522";"USTEC_ICM_UTC2";"Buy";"14598.2";"14680.7";"2023.10.05 18:00:00";"2023.10.05 19:27:00";"30.0";"2475.00";"14515.70020";"14680.70020";"101226.44";"0.00";"IST";"PT";"1h 27m";"-0.00"
"1523";"USTEC_ICM_UTC2";"Buy";"14707.4";"14789.9";"2023.10.06 17:30:00";"2023.10.06 18:08:00";"30.0";"2475.00";"14624.90039";"14789.90039";"103701.44";"0.00";"IST";"PT";"38m 0s";"-0.00"
"1524";"USTEC_ICM_UTC2";"Buy";"14897.5";"14980.0";"2023.10.09 17:30:00";"2023.10.09 20:32:00";"30.0";"2475.00";"14815.00000";"14980.00000";"106176.44";"0.00";"IST";"PT";"3h 2m";"-0.00"
"1525";"USTEC_ICM_UTC2";"Buy";"15212.9";"15130.4";"2023.10.10 18:30:00";"2023.10.10 20:12:00";"30.0";"-2475.00";"15130.40039";"15295.40039";"103701.44";"0.00";"IST";"SL";"1h 42m";"-0.00"
"1526";"USTEC_ICM_UTC2";"Buy";"15181.8";"15264.3";"2023.10.11 17:30:00";"2023.10.11 23:01:00";"30.0";"2475.00";"15099.29980";"15264.29980";"106176.44";"0.00";"IST";"PT";"5h 31m";"-0.00"
"1527";"USTEC_ICM_UTC2";"Buy";"15289.0";"15206.5";"2023.10.12 17:30:00";"2023.10.12 20:14:00";"30.0";"-2475.00";"15206.50000";"15371.50000";"103701.44";"0.00";"IST";"SL";"2h 44m";"-0.00"
"1528";"USTEC_ICM_UTC2";"Buy";"15218.3";"15135.8";"2023.10.13 17:00:00";"2023.10.13 17:40:00";"30.0";"-2475.00";"15135.79980";"15300.79980";"101226.44";"0.00";"IST";"SL";"40m 0s";"-0.00"
"1529";"USTEC_ICM_UTC2";"Buy";"15133.1";"15050.6";"2023.10.16 17:15:00";"2023.10.17 15:50:00";"30.0";"-2658.12";"15050.59961";"15215.59961";"98568.32";"0.00";"IST";"SL";"22h 35m";"-183.12"
"1530";"USTEC_ICM_UTC2";"Buy";"15082.5";"15165.0";"2023.10.17 18:00:00";"2023.10.17 19:02:00";"30.0";"2475.00";"15000.00000";"15165.00000";"101043.32";"0.00";"IST";"PT";"1h 2m";"-0.00"
"1531";"USTEC_ICM_UTC2";"Buy";"15011.9";"14929.4";"2023.10.18 17:45:00";"2023.10.18 21:51:00";"30.0";"-2475.00";"14929.40039";"15094.40039";"98568.32";"0.00";"IST";"SL";"4h 6m";"-0.00"
"1532";"USTEC_ICM_UTC2";"Buy";"14947.9";"14865.4";"2023.10.19 17:00:00";"2023.10.19 18:18:00";"30.0";"-2475.00";"14865.40039";"15030.40039";"96093.32";"0.00";"IST";"SL";"1h 18m";"-0.00"
"1533";"USTEC_ICM_UTC2";"Buy";"14757.2";"14674.7";"2023.10.20 16:30:00";"2023.10.20 17:23:00";"30.0";"-2475.00";"14674.70020";"14839.70020";"93618.32";"0.00";"IST";"SL";"53m 0s";"-0.00"
"1534";"USTEC_ICM_UTC2";"Buy";"14642.3";"14724.8";"2023.10.23 18:30:00";"2023.10.23 19:57:00";"30.0";"2475.00";"14559.79980";"14724.79980";"96093.32";"0.00";"IST";"PT";"1h 27m";"-0.00"
"1535";"USTEC_ICM_UTC2";"Buy";"14743.4";"14660.9";"2023.10.24 18:15:00";"2023.10.24 19:24:00";"30.0";"-2475.00";"14660.90039";"14825.90039";"93618.32";"0.00";"IST";"SL";"1h 9m";"-0.00"
"1536";"USTEC_ICM_UTC2";"Buy";"14544.1";"14461.6";"2023.10.25 18:30:00";"2023.10.25 19:41:00";"30.0";"-2475.00";"14461.59961";"14626.59961";"91143.32";"0.00";"IST";"SL";"1h 11m";"-0.00"
"1537";"USTEC_ICM_UTC2";"Buy";"14245.6";"14163.1";"2023.10.26 17:00:00";"2023.10.26 18:41:00";"30.0";"-2475.00";"14163.09961";"14328.09961";"88668.32";"0.00";"IST";"SL";"1h 41m";"-0.00"
"1538";"USTEC_ICM_UTC2";"Buy";"14221.8";"14304.3";"2023.10.27 16:30:00";"2023.10.27 18:15:00";"30.0";"2475.00";"14139.29980";"14304.29980";"91143.32";"0.00";"IST";"PT";"1h 45m";"-0.00"
"1539";"USTEC_ICM_UTC2";"Buy";"14279.1";"14361.6";"2023.10.30 17:15:00";"2023.10.30 20:47:00";"30.0";"2475.00";"14196.59961";"14361.59961";"93618.32";"0.00";"IST";"PT";"3h 32m";"-0.00"
"1540";"USTEC_ICM_UTC2";"Buy";"14327.1";"14409.6";"2023.10.31 16:45:00";"2023.10.31 21:00:00";"30.0";"2475.00";"14244.59961";"14409.59961";"96093.32";"0.00";"IST";"PT";"4h 15m";"-0.00"
"1541";"USTEC_ICM_UTC2";"Buy";"14529.3";"14611.8";"2023.11.01 17:15:00";"2023.11.01 21:01:00";"30.0";"2475.00";"14446.79980";"14611.79980";"98568.32";"0.00";"IST";"PT";"3h 46m";"-0.00"
"1542";"USTEC_ICM_UTC2";"Buy";"14868.8";"14951.3";"2023.11.02 17:15:00";"2023.11.03 14:30:00";"30.0";"2291.88";"14786.29980";"14951.29980";"100860.20";"0.00";"IST";"PT";"21h 15m";"-183.12"
"1543";"USTEC_ICM_UTC2";"Buy";"15027.6";"15110.1";"2023.11.03 17:15:00";"2023.11.03 18:28:00";"30.0";"2475.00";"14945.09961";"15110.09961";"103335.20";"0.00";"IST";"PT";"1h 13m";"-0.00"
"1544";"USTEC_ICM_UTC2";"Buy";"15156.1";"15073.6";"2023.11.06 18:15:00";"2023.11.06 20:20:00";"30.0";"-2475.00";"15073.59961";"15238.59961";"100860.20";"0.00";"IST";"SL";"2h 5m";"-0.00"
"1545";"USTEC_ICM_UTC2";"Buy";"15313.0";"15230.5";"2023.11.07 18:00:00";"2023.11.08 19:07:00";"30.0";"-2658.12";"15230.50000";"15395.50000";"98202.08";"0.00";"IST";"SL";"1d 1h 7m";"-183.12"
"1546";"USTEC_ICM_UTC2";"Buy";"15235.6";"15318.1";"2023.11.08 19:15:00";"2023.11.08 22:43:00";"30.0";"2475.00";"15153.09961";"15318.09961";"100677.08";"0.00";"IST";"PT";"3h 28m";"-0.00"
"1547";"USTEC_ICM_UTC2";"Buy";"15340.8";"15258.3";"2023.11.09 18:30:00";"2023.11.09 20:03:00";"30.0";"-2475.00";"15258.29980";"15423.29980";"98202.08";"0.00";"IST";"SL";"1h 33m";"-0.00"
"1548";"USTEC_ICM_UTC2";"Buy";"15282.7";"15365.2";"2023.11.10 17:15:00";"2023.11.10 18:12:00";"30.0";"2475.00";"15200.20020";"15365.20020";"100677.08";"0.00";"IST";"PT";"57m 0s";"-0.00"
"1549";"USTEC_ICM_UTC2";"Buy";"15503.7";"15586.2";"2023.11.13 18:30:00";"2023.11.14 15:30:00";"30.0";"2291.88";"15421.20020";"15586.20020";"102968.96";"0.00";"IST";"PT";"21h 0m";"-183.12"
"1550";"USTEC_ICM_UTC2";"Buy";"15801.7";"15884.2";"2023.11.14 17:15:00";"2023.11.15 10:50:00";"30.0";"2291.88";"15719.20020";"15884.20020";"105260.84";"0.00";"IST";"PT";"17h 35m";"-183.12"
"1551";"USTEC_ICM_UTC2";"Buy";"15868.7";"15786.2";"2023.11.15 17:30:00";"2023.11.15 20:08:00";"30.0";"-2475.00";"15786.20020";"15951.20020";"102785.84";"0.00";"IST";"SL";"2h 38m";"-0.00"
"1552";"USTEC_ICM_UTC2";"Buy";"15783.9";"15866.4";"2023.11.16 18:15:00";"2023.11.17 21:05:00";"30.0";"2291.88";"15701.40039";"15866.40039";"105077.72";"0.00";"IST";"PT";"1d 2h 50m";"-183.12"
"1553";"USTEC_ICM_UTC2";"Buy";"15868.1";"15832.6";"2023.11.17 21:15:00";"2023.11.17 22:55:00";"30.0";"-1065.00";"15785.59961";"15950.59961";"104012.72";"0.00";"IST";"End Of Friday (Time)";"1h 40m";"-0.00"
"1554";"USTEC_ICM_UTC2";"Buy";"15937.7";"16020.2";"2023.11.20 17:00:00";"2023.11.20 21:28:00";"30.0";"2475.00";"15855.20020";"16020.20020";"106487.72";"0.00";"IST";"PT";"4h 28m";"-0.00"
"1555";"USTEC_ICM_UTC2";"Buy";"15886.0";"15968.5";"2023.11.21 18:45:00";"2023.11.22 12:55:00";"30.0";"2291.88";"15803.50000";"15968.50000";"108779.60";"0.00";"IST";"PT";"18h 10m";"-183.12"
"1556";"USTEC_ICM_UTC2";"Buy";"16015.2";"15932.7";"2023.11.22 17:00:00";"2023.11.27 02:07:00";"30.0";"-3390.60";"15932.70020";"16097.70020";"105389.00";"0.00";"IST";"SL";"4d 9h 7m";"-915.60"
"1557";"USTEC_ICM_UTC2";"Buy";"16000.7";"15918.2";"2023.11.27 18:00:00";"2023.11.28 10:24:00";"30.0";"-2658.12";"15918.20020";"16083.20020";"102730.88";"0.00";"IST";"SL";"16h 24m";"-183.12"
"1558";"USTEC_ICM_UTC2";"Buy";"15980.3";"16062.8";"2023.11.28 18:15:00";"2023.11.29 11:24:00";"30.0";"2291.88";"15897.79980";"16062.79980";"105022.76";"0.00";"IST";"PT";"17h 9m";"-183.12"
"1559";"USTEC_ICM_UTC2";"Buy";"16065.1";"15982.6";"2023.11.29 17:45:00";"2023.11.29 22:26:00";"30.0";"-2475.00";"15982.59961";"16147.59961";"102547.76";"0.00";"IST";"SL";"4h 41m";"-0.00"
"1560";"USTEC_ICM_UTC2";"Buy";"15876.3";"15958.8";"2023.11.30 17:45:00";"2023.12.01 11:23:00";"30.0";"2291.88";"15793.79980";"15958.79980";"104839.64";"0.00";"IST";"PT";"17h 38m";"-183.12"
"1561";"USTEC_ICM_UTC2";"Buy";"15899.8";"15982.3";"2023.12.01 16:45:00";"2023.12.01 18:53:00";"30.0";"2475.00";"15817.29980";"15982.29980";"107314.64";"0.00";"IST";"PT";"2h 8m";"-0.00"
"1562";"USTEC_ICM_UTC2";"Buy";"15722.7";"15805.2";"2023.12.04 17:30:00";"2023.12.04 19:15:00";"30.0";"2475.00";"15640.20020";"15805.20020";"109789.64";"0.00";"IST";"PT";"1h 45m";"-0.00"
"1563";"USTEC_ICM_UTC2";"Buy";"15814.4";"15896.9";"2023.12.05 16:45:00";"2023.12.05 17:04:00";"30.0";"2475.00";"15731.90039";"15896.90039";"112264.64";"0.00";"IST";"PT";"19m 0s";"-0.00"
"1564";"USTEC_ICM_UTC2";"Buy";"15933.5";"15851.0";"2023.12.06 17:15:00";"2023.12.06 17:26:00";"30.0";"-2475.00";"15851.00000";"16016.00000";"109789.64";"0.00";"IST";"SL";"11m 0s";"-0.00"
"1565";"USTEC_ICM_UTC2";"Buy";"15940.3";"16022.8";"2023.12.07 17:15:00";"2023.12.07 19:19:00";"30.0";"2475.00";"15857.79980";"16022.79980";"112264.64";"0.00";"IST";"PT";"2h 4m";"-0.00"
"1566";"USTEC_ICM_UTC2";"Buy";"15976.2";"16058.7";"2023.12.08 17:00:00";"2023.12.08 17:08:00";"30.0";"2475.00";"15893.70020";"16058.70020";"114739.64";"0.00";"IST";"PT";"8m 0s";"-0.00"
"1567";"USTEC_ICM_UTC2";"Buy";"16123.8";"16206.3";"2023.12.11 18:15:00";"2023.12.11 20:04:00";"30.0";"2475.00";"16041.29980";"16206.29980";"117214.64";"0.00";"IST";"PT";"1h 49m";"-0.00"
"1568";"USTEC_ICM_UTC2";"Buy";"16242.9";"16325.4";"2023.12.12 17:00:00";"2023.12.12 21:57:00";"30.0";"2475.00";"16160.40039";"16325.40039";"119689.64";"0.00";"IST";"PT";"4h 57m";"-0.00"
"1569";"USTEC_ICM_UTC2";"Buy";"16401.8";"16484.3";"2023.12.13 17:15:00";"2023.12.13 21:20:00";"30.0";"2475.00";"16319.29980";"16484.30078";"122164.64";"0.00";"IST";"PT";"4h 5m";"-0.00"
"1570";"USTEC_ICM_UTC2";"Buy";"16630.8";"16548.3";"2023.12.14 17:00:00";"2023.12.14 18:13:00";"30.0";"-2475.00";"16548.30078";"16713.30078";"119689.64";"0.00";"IST";"SL";"1h 13m";"-0.00"
"1571";"USTEC_ICM_UTC2";"Buy";"16649.7";"16567.2";"2023.12.15 17:30:00";"2023.12.15 20:41:00";"30.0";"-2475.00";"16567.19922";"16732.19922";"117214.64";"0.00";"IST";"SL";"3h 11m";"-0.00"
"1572";"USTEC_ICM_UTC2";"Buy";"16691.2";"16773.7";"2023.12.18 17:30:00";"2023.12.19 14:18:00";"30.0";"2291.88";"16608.69922";"16773.69922";"119506.52";"0.00";"IST";"PT";"20h 48m";"-183.12"
"1573";"USTEC_ICM_UTC2";"Buy";"16799.9";"16717.4";"2023.12.19 18:15:00";"2023.12.20 21:48:00";"30.0";"-2658.12";"16717.40039";"16882.40039";"116848.40";"0.00";"IST";"SL";"1d 3h 33m";"-183.12"
"1574";"USTEC_ICM_UTC2";"Buy";"16611.9";"16694.4";"2023.12.20 22:45:00";"2023.12.21 15:32:00";"30.0";"2291.88";"16529.40039";"16694.40039";"119140.28";"0.00";"IST";"PT";"16h 47m";"-183.12"
"1575";"USTEC_ICM_UTC2";"Buy";"16687.2";"16769.7";"2023.12.21 17:15:00";"2023.12.22 15:30:00";"30.0";"2291.88";"16604.69922";"16769.69922";"121432.16";"0.00";"IST";"PT";"22h 15m";"-183.12"
"1576";"USTEC_ICM_UTC2";"Buy";"16827.8";"16745.3";"2023.12.22 17:15:00";"2023.12.22 21:17:00";"30.0";"-2475.00";"16745.30078";"16910.30078";"118957.16";"0.00";"IST";"SL";"4h 2m";"-0.00"
"1577";"USTEC_ICM_UTC2";"Buy";"16852.8";"16935.3";"2023.12.26 18:15:00";"2023.12.28 02:48:00";"30.0";"2108.76";"16770.30078";"16935.30078";"121065.91";"0.00";"IST";"PT";"1d 8h 33m";"-366.24"
"1578";"USTEC_ICM_UTC2";"Buy";"16924.6";"16842.1";"2023.12.28 18:30:00";"2023.12.29 17:46:00";"30.0";"-2658.12";"16842.09961";"17007.09961";"118407.80";"0.00";"IST";"SL";"23h 16m";"-183.12"
"1579";"USTEC_ICM_UTC2";"Buy";"16788.8";"16810.5";"2023.12.29 18:15:00";"2023.12.29 22:55:00";"30.0";"650.97";"16706.30078";"16871.30078";"119058.77";"0.00";"IST";"End Of Friday (Time)";"4h 40m";"-0.00"
"1580";"USTEC_ICM_UTC2";"Buy";"16569.2";"16486.7";"2024.01.02 17:15:00";"2024.01.02 21:55:00";"30.0";"-2475.00";"16486.69922";"16651.69922";"116583.77";"0.00";"IST";"SL";"4h 40m";"-0.00"
"1581";"USTEC_ICM_UTC2";"Buy";"16458.8";"16376.3";"2024.01.03 16:45:00";"2024.01.03 17:39:00";"30.0";"-2475.03";"16376.29980";"16541.30078";"114108.73";"0.00";"IST";"SL";"54m 0s";"-0.00"
"1582";"USTEC_ICM_UTC2";"Buy";"16298.6";"16381.1";"2024.01.04 17:00:00";"2024.01.04 18:05:00";"30.0";"2475.00";"16216.09961";"16381.09961";"116583.73";"0.00";"IST";"PT";"1h 5m";"-0.00"
"1583";"USTEC_ICM_UTC2";"Buy";"16305.5";"16388.0";"2024.01.05 16:45:00";"2024.01.05 17:06:00";"30.0";"2475.00";"16223.00000";"16388.00000";"119058.73";"0.00";"IST";"PT";"21m 0s";"-0.00"
"1584";"USTEC_ICM_UTC2";"Buy";"16353.7";"16436.2";"2024.01.08 16:30:00";"2024.01.08 16:47:00";"30.0";"2474.97";"16271.20020";"16436.19922";"121533.71";"0.00";"IST";"PT";"17m 0s";"-0.00"
"1585";"USTEC_ICM_UTC2";"Buy";"16611.8";"16694.3";"2024.01.09 18:15:00";"2024.01.09 19:54:00";"30.0";"2475.00";"16529.30078";"16694.30078";"124008.71";"0.00";"IST";"PT";"1h 39m";"-0.00"
"1586";"USTEC_ICM_UTC2";"Buy";"16717.4";"16799.9";"2024.01.10 18:15:00";"2024.01.10 21:13:00";"30.0";"2475.00";"16634.90039";"16799.90039";"126483.71";"0.00";"IST";"PT";"2h 58m";"-0.00"
"1587";"USTEC_ICM_UTC2";"Buy";"16818.4";"16735.9";"2024.01.11 17:00:00";"2024.01.11 17:05:00";"30.0";"-2475.00";"16735.90039";"16900.90039";"124008.71";"0.00";"IST";"SL";"5m 0s";"-0.00"
"1588";"USTEC_ICM_UTC2";"Buy";"16825.6";"16833.9";"2024.01.12 17:15:00";"2024.01.12 22:55:00";"30.0";"249.03";"16743.09961";"16908.09961";"124257.73";"0.00";"IST";"End Of Friday (Time)";"5h 40m";"-0.00"
"1589";"USTEC_ICM_UTC2";"Buy";"16807.5";"16890.0";"2024.01.16 17:15:00";"2024.01.16 17:47:00";"30.0";"2475.00";"16725.00000";"16890.00000";"126732.73";"0.00";"IST";"PT";"32m 0s";"-0.00"
"1590";"USTEC_ICM_UTC2";"Buy";"16621.0";"16703.5";"2024.01.17 17:30:00";"2024.01.17 18:35:00";"30.0";"2475.00";"16538.50000";"16703.50000";"129207.73";"0.00";"IST";"PT";"1h 5m";"-0.00"
"1591";"USTEC_ICM_UTC2";"Buy";"16908.3";"16825.8";"2024.01.18 17:30:00";"2024.01.18 20:18:00";"30.0";"-2475.00";"16825.80078";"16990.80078";"126732.73";"0.00";"IST";"SL";"2h 48m";"-0.00"
"1592";"USTEC_ICM_UTC2";"Buy";"17101.0";"17183.5";"2024.01.19 17:45:00";"2024.01.19 19:38:00";"30.0";"2475.00";"17018.50000";"17183.50000";"129207.73";"0.00";"IST";"PT";"1h 53m";"-0.00"
"1593";"USTEC_ICM_UTC2";"Buy";"17364.6";"17447.1";"2024.01.22 18:30:00";"2024.01.24 01:06:00";"30.0";"2108.76";"17282.09961";"17447.09961";"131316.50";"0.00";"IST";"PT";"1d 6h 36m";"-366.24"
"1594";"USTEC_ICM_UTC2";"Buy";"17613.6";"17531.1";"2024.01.24 18:00:00";"2024.01.24 21:21:00";"30.0";"-2475.00";"17531.09961";"17696.09961";"128841.50";"0.00";"IST";"SL";"3h 21m";"-0.00"
"1595";"USTEC_ICM_UTC2";"Buy";"17586.8";"17504.3";"2024.01.25 17:15:00";"2024.01.25 20:17:00";"30.0";"-2475.00";"17504.30078";"17669.30078";"126366.50";"0.00";"IST";"SL";"3h 2m";"-0.00"
"1596";"USTEC_ICM_UTC2";"Buy";"17443.1";"17412.8";"2024.01.26 16:45:00";"2024.01.26 22:55:00";"30.0";"-908.97";"17360.59961";"17525.59961";"125457.52";"0.00";"IST";"End Of Friday (Time)";"6h 10m";"-0.00"
"1597";"USTEC_ICM_UTC2";"Buy";"17435.3";"17517.8";"2024.01.29 18:15:00";"2024.01.29 21:36:00";"30.0";"2475.00";"17352.80078";"17517.80078";"127932.52";"0.00";"IST";"PT";"3h 21m";"-0.00"
"1598";"USTEC_ICM_UTC2";"Buy";"17531.9";"17449.4";"2024.01.30 18:00:00";"2024.01.30 20:02:00";"30.0";"-2475.00";"17449.40039";"17614.40039";"125457.52";"0.00";"IST";"SL";"2h 2m";"-0.00"
"1599";"USTEC_ICM_UTC2";"Buy";"17197.3";"17279.8";"2024.01.31 17:45:00";"2024.01.31 20:05:00";"30.0";"2475.00";"17114.80078";"17279.80078";"127932.52";"0.00";"IST";"PT";"2h 20m";"-0.00"
"1600";"USTEC_ICM_UTC2";"Buy";"17208.8";"17291.3";"2024.02.01 17:00:00";"2024.02.01 19:09:00";"30.0";"2475.00";"17126.30078";"17291.30078";"130407.52";"0.00";"IST";"PT";"2h 9m";"-0.00"
"1601";"USTEC_ICM_UTC2";"Buy";"17563.3";"17645.8";"2024.02.02 17:45:00";"2024.02.02 19:28:00";"30.0";"2475.00";"17480.80078";"17645.80078";"132882.53";"0.00";"IST";"PT";"1h 43m";"-0.00"
"1602";"USTEC_ICM_UTC2";"Buy";"17571.4";"17653.9";"2024.02.05 19:00:00";"2024.02.05 21:42:00";"30.0";"2475.00";"17488.90039";"17653.90039";"135357.53";"0.00";"IST";"PT";"2h 42m";"-0.00"
"1603";"USTEC_ICM_UTC2";"Buy";"17540.8";"17623.3";"2024.02.06 18:45:00";"2024.02.07 03:22:00";"30.0";"2291.88";"17458.30078";"17623.30078";"137649.41";"0.00";"IST";"PT";"8h 37m";"-183.12"
"1604";"USTEC_ICM_UTC2";"Buy";"17764.3";"17846.8";"2024.02.07 17:45:00";"2024.02.09 14:01:00";"30.0";"2108.76";"17681.80078";"17846.80078";"139758.17";"0.00";"IST";"PT";"1d 20h 16m";"-366.24"
"1605";"USTEC_ICM_UTC2";"Buy";"17857.2";"17939.7";"2024.02.09 17:15:00";"2024.02.09 19:52:00";"30.0";"2475.00";"17774.69922";"17939.69922";"142233.17";"0.00";"IST";"PT";"2h 37m";"-0.00"
"1606";"USTEC_ICM_UTC2";"Buy";"17993.4";"17910.9";"2024.02.12 18:15:00";"2024.02.12 21:15:00";"30.0";"-2475.00";"17910.90039";"18075.90039";"139758.17";"0.00";"IST";"SL";"3h 0m";"-0.00"
"1607";"USTEC_ICM_UTC2";"Buy";"17550.8";"17633.3";"2024.02.13 16:30:00";"2024.02.13 17:24:00";"30.0";"2475.00";"17468.30078";"17633.30078";"142233.17";"0.00";"IST";"PT";"54m 0s";"-0.00"
"1608";"USTEC_ICM_UTC2";"Buy";"17699.6";"17782.1";"2024.02.14 16:45:00";"2024.02.14 22:40:00";"30.0";"2475.00";"17617.09961";"17782.09961";"144708.17";"0.00";"IST";"PT";"5h 55m";"-0.00"
"1609";"USTEC_ICM_UTC2";"Buy";"17792.4";"17874.9";"2024.02.15 17:15:00";"2024.02.15 23:04:00";"30.0";"2475.00";"17709.90039";"17874.90039";"147183.17";"0.00";"IST";"PT";"5h 49m";"-0.00"
"1610";"USTEC_ICM_UTC2";"Buy";"17704.4";"17786.9";"2024.02.16 17:30:00";"2024.02.16 18:12:00";"30.0";"2475.00";"17621.90039";"17786.90039";"149658.17";"0.00";"IST";"PT";"42m 0s";"-0.00"
"1611";"USTEC_ICM_UTC2";"Buy";"17523.4";"17440.9";"2024.02.20 16:45:00";"2024.02.20 17:30:00";"30.0";"-2475.00";"17440.90039";"17605.90039";"147183.17";"0.00";"IST";"SL";"45m 0s";"-0.00"
"1612";"USTEC_ICM_UTC2";"Buy";"17431.3";"17348.8";"2024.02.21 18:30:00";"2024.02.21 21:25:00";"30.0";"-2475.00";"17348.80078";"17513.80078";"144708.17";"0.00";"IST";"SL";"2h 55m";"-0.00"
"1613";"USTEC_ICM_UTC2";"Buy";"17863.2";"17945.7";"2024.02.22 18:00:00";"2024.02.22 19:50:00";"30.0";"2475.00";"17780.69922";"17945.69922";"147183.17";"0.00";"IST";"PT";"1h 50m";"-0.00"
"1614";"USTEC_ICM_UTC2";"Buy";"17918.2";"18000.7";"2024.02.23 18:15:00";"2024.02.23 19:05:00";"30.0";"2475.00";"17835.69922";"18000.69922";"149658.17";"0.00";"IST";"PT";"50m 0s";"-0.00"
"1615";"USTEC_ICM_UTC2";"Buy";"17945.8";"17863.3";"2024.02.26 16:45:00";"2024.02.28 11:41:00";"30.0";"-2841.24";"17863.30078";"18028.30078";"146816.92";"0.00";"IST";"SL";"1d 18h 56m";"-366.24"
"1616";"USTEC_ICM_UTC2";"Buy";"17853.3";"17935.8";"2024.02.28 17:00:00";"2024.02.29 15:35:00";"30.0";"2291.88";"17770.80078";"17935.80078";"149108.81";"0.00";"IST";"PT";"22h 35m";"-183.12"
"1617";"USTEC_ICM_UTC2";"Buy";"17948.5";"17866.0";"2024.02.29 17:15:00";"2024.02.29 18:40:00";"30.0";"-2475.00";"17866.00000";"18031.00000";"146633.81";"0.00";"IST";"SL";"1h 25m";"-0.00"
"1618";"USTEC_ICM_UTC2";"Buy";"18181.4";"18263.9";"2024.03.01 18:15:00";"2024.03.01 20:07:00";"30.0";"2475.00";"18098.90039";"18263.90039";"149108.81";"0.00";"IST";"PT";"1h 52m";"-0.00"
"1619";"USTEC_ICM_UTC2";"Buy";"18288.2";"18205.7";"2024.03.04 18:00:00";"2024.03.04 23:10:00";"30.0";"-2475.00";"18205.69922";"18370.69922";"146633.81";"0.00";"IST";"SL";"5h 10m";"-0.00"
"1620";"USTEC_ICM_UTC2";"Buy";"18035.3";"17952.8";"2024.03.05 16:45:00";"2024.03.05 17:18:00";"30.0";"-2475.00";"17952.80078";"18117.80078";"144158.81";"0.00";"IST";"SL";"33m 0s";"-0.00"
"1621";"USTEC_ICM_UTC2";"Buy";"18052.1";"18134.6";"2024.03.06 18:00:00";"2024.03.06 19:12:00";"30.0";"2475.00";"17969.59961";"18134.59961";"146633.81";"0.00";"IST";"PT";"1h 12m";"-0.00"
"1622";"USTEC_ICM_UTC2";"Buy";"18171.6";"18254.1";"2024.03.07 17:00:00";"2024.03.07 17:46:00";"30.0";"2475.00";"18089.09961";"18254.09961";"149108.81";"0.00";"IST";"PT";"46m 0s";"-0.00"
"1623";"USTEC_ICM_UTC2";"Buy";"18292.5";"18375.0";"2024.03.08 16:45:00";"2024.03.08 17:01:00";"30.0";"2475.00";"18210.00000";"18375.00000";"151583.81";"0.00";"IST";"PT";"16m 0s";"-0.00"
"1624";"USTEC_ICM_UTC2";"Buy";"17913.7";"17996.2";"2024.03.11 16:30:00";"2024.03.11 16:55:00";"30.0";"2475.00";"17831.19922";"17996.19922";"154058.81";"0.00";"IST";"PT";"25m 0s";"-0.00"
"1625";"USTEC_ICM_UTC2";"Buy";"18159.8";"18077.3";"2024.03.12 17:00:00";"2024.03.12 18:45:00";"30.0";"-2475.00";"18077.30078";"18242.30078";"151583.81";"0.00";"IST";"SL";"1h 45m";"-0.00"
"1626";"USTEC_ICM_UTC2";"Buy";"18067.5";"18150.0";"2024.03.13 17:30:00";"2024.03.14 10:04:00";"30.0";"2291.88";"17985.00000";"18150.00000";"153875.69";"0.00";"IST";"PT";"16h 34m";"-183.12"
"1627";"USTEC_ICM_UTC2";"Buy";"18041.3";"17958.8";"2024.03.14 16:45:00";"2024.03.14 21:08:00";"30.0";"-2475.00";"17958.80078";"18123.80078";"151400.69";"0.00";"IST";"SL";"4h 23m";"-0.00"
"1628";"USTEC_ICM_UTC2";"Buy";"17859.3";"17776.8";"2024.03.15 16:30:00";"2024.03.15 18:17:00";"30.0";"-2475.00";"17776.80078";"17941.80078";"148925.69";"0.00";"IST";"SL";"1h 47m";"-0.00"
"1629";"USTEC_ICM_UTC2";"Buy";"18077.9";"17995.4";"2024.03.18 17:15:00";"2024.03.18 18:58:00";"30.0";"-2475.00";"17995.40039";"18160.40039";"146450.69";"0.00";"IST";"SL";"1h 43m";"-0.00"
"1630";"USTEC_ICM_UTC2";"Buy";"17826.8";"17909.3";"2024.03.19 16:30:00";"2024.03.19 17:34:00";"30.0";"2475.00";"17744.30078";"17909.30078";"148925.69";"0.00";"IST";"PT";"1h 4m";"-0.00"
"1631";"USTEC_ICM_UTC2";"Buy";"18020.2";"18102.7";"2024.03.20 17:00:00";"2024.03.20 20:01:00";"30.0";"2475.00";"17937.69922";"18102.69922";"151400.69";"0.00";"IST";"PT";"3h 1m";"-0.00"
"1632";"USTEC_ICM_UTC2";"Buy";"18401.5";"18319.0";"2024.03.21 17:00:00";"2024.03.21 20:43:00";"30.0";"-2475.00";"18319.00000";"18484.00000";"148925.69";"0.00";"IST";"SL";"3h 43m";"-0.00"
"1633";"USTEC_ICM_UTC2";"Buy";"18320.6";"18238.1";"2024.03.22 17:30:00";"2024.03.25 13:06:00";"30.0";"-3024.36";"18238.09961";"18403.09961";"145901.33";"0.00";"IST";"SL";"2d 19h 36m";"-549.36"
"1634";"USTEC_ICM_UTC2";"Buy";"18299.5";"18382.0";"2024.03.25 17:30:00";"2024.03.26 11:36:00";"30.0";"2291.88";"18217.00000";"18382.00000";"148193.20";"0.00";"IST";"PT";"18h 6m";"-183.12"
"1635";"USTEC_ICM_UTC2";"Buy";"18343.7";"18261.2";"2024.03.26 17:15:00";"2024.03.26 21:33:00";"30.0";"-2475.00";"18261.19922";"18426.19922";"145718.20";"0.00";"IST";"SL";"4h 18m";"-0.00"
"1636";"USTEC_ICM_UTC2";"Buy";"18203.7";"18286.2";"2024.03.27 17:45:00";"2024.03.27 21:59:00";"30.0";"2475.00";"18121.19922";"18286.19922";"148193.20";"0.00";"IST";"PT";"4h 14m";"-0.00"
"1637";"USTEC_ICM_UTC2";"Buy";"18283.6";"18366.1";"2024.03.28 17:30:00";"2024.04.01 01:10:00";"30.0";"1742.52";"18201.09961";"18366.09961";"149935.73";"0.00";"IST";"PT";"3d 7h 40m";"-732.48"
"1638";"USTEC_ICM_UTC2";"Buy";"18270.8";"18188.3";"2024.04.01 18:00:00";"2024.04.02 15:15:00";"30.0";"-2658.12";"18188.30078";"18353.30078";"147277.61";"0.00";"IST";"SL";"21h 15m";"-183.12"
"1639";"USTEC_ICM_UTC2";"Buy";"18035.0";"18117.5";"2024.04.02 17:30:00";"2024.04.02 22:35:00";"30.0";"2475.00";"17952.50000";"18117.50000";"149752.61";"0.00";"IST";"PT";"5h 5m";"-0.00"
"1640";"USTEC_ICM_UTC2";"Buy";"18036.4";"18118.9";"2024.04.03 16:30:00";"2024.04.03 17:00:00";"30.0";"2475.00";"17953.90039";"18118.90039";"152227.61";"0.00";"IST";"PT";"30m 0s";"-0.00"
"1641";"USTEC_ICM_UTC2";"Buy";"18314.6";"18232.1";"2024.04.04 17:15:00";"2024.04.04 21:10:00";"30.0";"-2475.00";"18232.09961";"18397.09961";"149752.61";"0.00";"IST";"SL";"3h 55m";"-0.00"
"1642";"USTEC_ICM_UTC2";"Buy";"18048.6";"18131.1";"2024.04.05 17:15:00";"2024.04.05 18:43:00";"30.0";"2475.00";"17966.09961";"18131.09961";"152227.61";"0.00";"IST";"PT";"1h 28m";"-0.00"
"1643";"USTEC_ICM_UTC2";"Buy";"18133.0";"18050.5";"2024.04.08 16:30:00";"2024.04.08 16:39:00";"30.0";"-2475.00";"18050.50000";"18215.50000";"149752.61";"0.00";"IST";"SL";"9m 0s";"-0.00"
"1644";"USTEC_ICM_UTC2";"Buy";"18026.7";"18109.2";"2024.04.09 18:00:00";"2024.04.09 19:26:00";"30.0";"2475.00";"17944.19922";"18109.19922";"152227.61";"0.00";"IST";"PT";"1h 26m";"-0.00"
"1645";"USTEC_ICM_UTC2";"Buy";"18008.3";"17925.8";"2024.04.10 16:45:00";"2024.04.10 16:47:00";"30.0";"-2475.00";"17925.80078";"18090.80078";"149752.61";"0.00";"IST";"SL";"2m 0s";"-0.00"
"1646";"USTEC_ICM_UTC2";"Buy";"18086.9";"18004.4";"2024.04.11 17:00:00";"2024.04.11 17:15:00";"30.0";"-2475.00";"18004.40039";"18169.40039";"147277.61";"0.00";"IST";"SL";"15m 0s";"-0.00"
"1647";"USTEC_ICM_UTC2";"Buy";"18103.2";"18020.7";"2024.04.12 17:30:00";"2024.04.12 19:31:00";"30.0";"-2475.00";"18020.69922";"18185.69922";"144802.61";"0.00";"IST";"SL";"2h 1m";"-0.00"
"1648";"USTEC_ICM_UTC2";"Buy";"18024.0";"17941.5";"2024.04.15 18:30:00";"2024.04.15 19:30:00";"30.0";"-2475.00";"17941.50000";"18106.50000";"142327.61";"0.00";"IST";"SL";"1h 0m";"-0.00"
"1649";"USTEC_ICM_UTC2";"Buy";"17697.5";"17780.0";"2024.04.16 16:30:00";"2024.04.16 21:08:00";"30.0";"2475.00";"17615.00000";"17780.00000";"144802.61";"0.00";"IST";"PT";"4h 38m";"-0.00"
"1650";"USTEC_ICM_UTC2";"Buy";"17688.6";"17606.1";"2024.04.17 17:30:00";"2024.04.17 17:54:00";"30.0";"-2475.00";"17606.09961";"17771.09961";"142327.61";"0.00";"IST";"SL";"24m 0s";"-0.00"
"1651";"USTEC_ICM_UTC2";"Buy";"17495.4";"17577.9";"2024.04.18 17:15:00";"2024.04.18 17:56:00";"30.0";"2475.00";"17412.90039";"17577.90039";"144802.61";"0.00";"IST";"PT";"41m 0s";"-0.00"
"1652";"USTEC_ICM_UTC2";"Buy";"17243.0";"17160.5";"2024.04.19 18:00:00";"2024.04.19 18:55:00";"30.0";"-2475.00";"17160.50000";"17325.50000";"142327.61";"0.00";"IST";"SL";"55m 0s";"-0.00"
"1653";"USTEC_ICM_UTC2";"Buy";"17021.0";"17103.5";"2024.04.22 18:15:00";"2024.04.22 18:55:00";"30.0";"2475.00";"16938.50000";"17103.50000";"144802.61";"0.00";"IST";"PT";"40m 0s";"-0.00"
"1654";"USTEC_ICM_UTC2";"Buy";"17372.6";"17455.1";"2024.04.23 17:15:00";"2024.04.23 17:32:00";"30.0";"2475.00";"17290.09961";"17455.09961";"147277.61";"0.00";"IST";"PT";"17m 0s";"-0.00"
"1655";"USTEC_ICM_UTC2";"Buy";"17556.9";"17474.4";"2024.04.24 18:00:00";"2024.04.24 18:45:00";"30.0";"-2475.00";"17474.40039";"17639.40039";"144802.61";"0.00";"IST";"SL";"45m 0s";"-0.00"
"1656";"USTEC_ICM_UTC2";"Buy";"17306.4";"17223.9";"2024.04.25 17:30:00";"2024.04.25 17:52:00";"30.0";"-2475.00";"17223.90039";"17388.90039";"142327.61";"0.00";"IST";"SL";"22m 0s";"-0.00"
"1657";"USTEC_ICM_UTC2";"Buy";"17701.8";"17727.4";"2024.04.26 17:15:00";"2024.04.26 22:55:00";"30.0";"768.00";"17619.30078";"17784.30078";"143095.61";"0.00";"IST";"End Of Friday (Time)";"5h 40m";"-0.00"
"1658";"USTEC_ICM_UTC2";"Buy";"17753.2";"17670.7";"2024.04.29 18:30:00";"2024.04.29 22:06:00";"30.0";"-2475.00";"17670.69922";"17835.69922";"140620.61";"0.00";"IST";"SL";"3h 36m";"-0.00"
"1659";"USTEC_ICM_UTC2";"Buy";"17703.4";"17620.9";"2024.04.30 17:30:00";"2024.04.30 18:32:00";"30.0";"-2475.00";"17620.90039";"17785.90039";"138145.61";"0.00";"IST";"SL";"1h 2m";"-0.00"
"1660";"USTEC_ICM_UTC2";"Buy";"17374.2";"17291.7";"2024.05.01 16:45:00";"2024.05.01 19:00:00";"30.0";"-2475.00";"17291.69922";"17456.69922";"135670.61";"0.00";"IST";"SL";"2h 15m";"-0.00"
"1661";"USTEC_ICM_UTC2";"Buy";"17341.8";"17424.3";"2024.05.02 17:15:00";"2024.05.02 17:59:00";"30.0";"2475.00";"17259.30078";"17424.30078";"138145.61";"0.00";"IST";"PT";"44m 0s";"-0.00"
"1662";"USTEC_ICM_UTC2";"Buy";"17878.6";"17894.8";"2024.05.03 19:00:00";"2024.05.03 22:55:00";"30.0";"486.03";"17796.09961";"17961.09961";"138631.64";"0.00";"IST";"End Of Friday (Time)";"3h 55m";"-0.00"
"1663";"USTEC_ICM_UTC2";"Buy";"17992.4";"18074.9";"2024.05.06 18:00:00";"2024.05.06 22:55:00";"30.0";"2475.00";"17909.90039";"18074.90039";"141106.64";"0.00";"IST";"PT";"4h 55m";"-0.00"
"1664";"USTEC_ICM_UTC2";"Buy";"18145.4";"18062.9";"2024.05.07 18:45:00";"2024.05.07 21:34:00";"30.0";"-2475.00";"18062.90039";"18227.90039";"138631.64";"0.00";"IST";"SL";"2h 49m";"-0.00"
"1665";"USTEC_ICM_UTC2";"Buy";"18063.7";"18146.2";"2024.05.08 17:00:00";"2024.05.10 09:54:00";"30.0";"2108.76";"17981.19922";"18146.19922";"140740.39";"0.00";"IST";"PT";"1d 16h 54m";"-366.24"
"1666";"USTEC_ICM_UTC2";"Buy";"18232.7";"18150.2";"2024.05.10 17:00:00";"2024.05.10 17:20:00";"30.0";"-2475.00";"18150.19922";"18315.19922";"138265.39";"0.00";"IST";"SL";"20m 0s";"-0.00"
"1667";"USTEC_ICM_UTC2";"Buy";"18198.9";"18116.4";"2024.05.13 18:00:00";"2024.05.14 15:30:00";"30.0";"-2658.12";"18116.40039";"18281.40039";"135607.28";"0.00";"IST";"SL";"21h 30m";"-183.12"
"1668";"USTEC_ICM_UTC2";"Buy";"18271.3";"18353.8";"2024.05.14 17:30:00";"2024.05.15 15:30:00";"30.0";"2291.88";"18188.80078";"18353.80078";"137899.16";"0.00";"IST";"PT";"22h 0m";"-183.12"
"1669";"USTEC_ICM_UTC2";"Buy";"18388.3";"18470.8";"2024.05.15 17:00:00";"2024.05.15 17:41:00";"30.0";"2475.00";"18305.80078";"18470.80078";"140374.16";"0.00";"IST";"PT";"41m 0s";"-0.00"
"1670";"USTEC_ICM_UTC2";"Buy";"18649.0";"18566.5";"2024.05.16 18:15:00";"2024.05.16 22:39:00";"30.0";"-2475.00";"18566.50000";"18731.50000";"137899.16";"0.00";"IST";"SL";"4h 24m";"-0.00"
"1671";"USTEC_ICM_UTC2";"Buy";"18567.4";"18484.9";"2024.05.17 18:15:00";"2024.05.17 21:13:00";"30.0";"-2475.00";"18484.90039";"18649.90039";"135424.16";"0.00";"IST";"SL";"2h 58m";"-0.00"
"1672";"USTEC_ICM_UTC2";"Buy";"18658.0";"18740.5";"2024.05.20 18:00:00";"2024.05.22 16:33:00";"30.0";"2108.76";"18575.50000";"18740.50000";"137532.92";"0.00";"IST";"PT";"1d 22h 33m";"-366.24"
"1673";"USTEC_ICM_UTC2";"Buy";"18739.2";"18656.7";"2024.05.22 18:00:00";"2024.05.22 21:00:00";"30.0";"-2475.00";"18656.69922";"18821.69922";"135057.92";"0.00";"IST";"SL";"3h 0m";"-0.00"
"1674";"USTEC_ICM_UTC2";"Buy";"18778.2";"18695.7";"2024.05.23 17:00:00";"2024.05.23 20:43:00";"30.0";"-2475.00";"18695.69922";"18860.69922";"132582.92";"0.00";"IST";"SL";"3h 43m";"-0.00"
"1675";"USTEC_ICM_UTC2";"Buy";"18692.4";"18774.9";"2024.05.24 16:30:00";"2024.05.24 17:50:00";"30.0";"2475.00";"18609.90039";"18774.90039";"135057.92";"0.00";"IST";"PT";"1h 20m";"-0.00"
"1676";"USTEC_ICM_UTC2";"Buy";"18848.0";"18765.5";"2024.05.27 18:15:00";"2024.05.28 21:36:00";"30.0";"-2658.12";"18765.50000";"18930.50000";"132399.80";"0.00";"IST";"SL";"1d 3h 21m";"-183.12"
"1677";"USTEC_ICM_UTC2";"Buy";"18799.2";"18881.7";"2024.05.28 22:00:00";"2024.05.28 23:00:00";"30.0";"2475.00";"18716.69922";"18881.69922";"134874.80";"0.00";"IST";"PT";"1h 0m";"-0.00"
"1678";"USTEC_ICM_UTC2";"Buy";"18804.3";"18721.8";"2024.05.29 18:00:00";"2024.05.29 22:54:00";"30.0";"-2475.00";"18721.80078";"18886.80078";"132399.80";"0.00";"IST";"SL";"4h 54m";"-0.00"
"1679";"USTEC_ICM_UTC2";"Buy";"18644.3";"18561.8";"2024.05.30 17:15:00";"2024.05.30 18:05:00";"30.0";"-2475.00";"18561.80078";"18726.80078";"129924.80";"0.00";"IST";"SL";"50m 0s";"-0.00"
"1680";"USTEC_ICM_UTC2";"Buy";"18436.0";"18353.5";"2024.05.31 17:15:00";"2024.05.31 17:30:00";"30.0";"-2475.00";"18353.50000";"18518.50000";"127449.80";"0.00";"IST";"SL";"15m 0s";"-0.00"
"1681";"USTEC_ICM_UTC2";"Buy";"18603.8";"18521.3";"2024.06.03 17:45:00";"2024.06.03 18:04:00";"30.0";"-2475.00";"18521.30078";"18686.30078";"124974.80";"0.00";"IST";"SL";"19m 0s";"-0.00"
"1682";"USTEC_ICM_UTC2";"Buy";"18537.7";"18620.2";"2024.06.04 19:00:00";"2024.06.04 21:15:00";"30.0";"2475.00";"18455.19922";"18620.19922";"127449.80";"0.00";"IST";"PT";"2h 15m";"-0.00"
"1683";"USTEC_ICM_UTC2";"Buy";"18916.3";"18998.8";"2024.06.05 18:30:00";"2024.06.05 22:13:00";"30.0";"2475.00";"18833.80078";"18998.80078";"129924.80";"0.00";"IST";"PT";"3h 43m";"-0.00"
"1684";"USTEC_ICM_UTC2";"Buy";"19057.3";"18974.8";"2024.06.06 16:45:00";"2024.06.06 21:10:00";"30.0";"-2475.00";"18974.80078";"19139.80078";"127449.80";"0.00";"IST";"SL";"4h 25m";"-0.00"
"1685";"USTEC_ICM_UTC2";"Buy";"19003.8";"19086.3";"2024.06.07 17:30:00";"2024.06.07 19:30:00";"30.0";"2475.00";"18921.30078";"19086.30078";"129924.80";"0.00";"IST";"PT";"2h 0m";"-0.00"
"1686";"USTEC_ICM_UTC2";"Buy";"19030.7";"19113.2";"2024.06.10 18:00:00";"2024.06.11 20:38:00";"30.0";"2291.88";"18948.19922";"19113.19922";"132216.67";"0.00";"IST";"PT";"1d 2h 38m";"-183.12"
"1687";"USTEC_ICM_UTC2";"Buy";"19113.6";"19196.1";"2024.06.11 20:45:00";"2024.06.11 21:33:00";"30.0";"2475.00";"19031.09961";"19196.09961";"134691.67";"0.00";"IST";"PT";"48m 0s";"-0.00"
"1688";"USTEC_ICM_UTC2";"Buy";"19461.1";"19543.6";"2024.06.12 17:00:00";"2024.06.12 22:19:00";"30.0";"2475.00";"19378.59961";"19543.59961";"137166.67";"0.00";"IST";"PT";"5h 19m";"-0.00"
"1689";"USTEC_ICM_UTC2";"Buy";"19544.5";"19627.0";"2024.06.13 18:15:00";"2024.06.14 09:22:00";"30.0";"2291.88";"19462.00000";"19627.00000";"139458.56";"0.00";"IST";"PT";"15h 7m";"-183.12"
"1690";"USTEC_ICM_UTC2";"Buy";"19618.8";"19633.7";"2024.06.14 17:00:00";"2024.06.14 22:55:00";"30.0";"446.94";"19536.30078";"19701.30078";"139905.50";"0.00";"IST";"End Of Friday (Time)";"5h 55m";"-0.00"
"1691";"USTEC_ICM_UTC2";"Buy";"19732.2";"19814.7";"2024.06.17 18:30:00";"2024.06.17 19:45:00";"30.0";"2475.00";"19649.69922";"19814.69922";"142380.50";"0.00";"IST";"PT";"1h 15m";"-0.00"
"1692";"USTEC_ICM_UTC2";"Buy";"19848.8";"19931.3";"2024.06.18 18:15:00";"2024.06.18 20:45:00";"30.0";"2475.00";"19766.30078";"19931.30078";"144855.50";"0.00";"IST";"PT";"2h 30m";"-0.00"
"1693";"USTEC_ICM_UTC2";"Buy";"19975.4";"19892.9";"2024.06.20 16:45:00";"2024.06.20 17:11:00";"30.0";"-2475.00";"19892.90039";"20057.90039";"142380.50";"0.00";"IST";"SL";"26m 0s";"-0.00"
"1694";"USTEC_ICM_UTC2";"Buy";"19718.6";"19801.1";"2024.06.21 16:45:00";"2024.06.21 19:05:00";"30.0";"2475.00";"19636.09961";"19801.09961";"144855.50";"0.00";"IST";"PT";"2h 20m";"-0.00"
"1695";"USTEC_ICM_UTC2";"Buy";"19673.0";"19590.5";"2024.06.24 17:00:00";"2024.06.24 17:43:00";"30.0";"-2475.00";"19590.50000";"19755.50000";"142380.50";"0.00";"IST";"SL";"43m 0s";"-0.00"
"1696";"USTEC_ICM_UTC2";"Buy";"19665.6";"19583.1";"2024.06.25 18:30:00";"2024.06.25 20:04:00";"30.0";"-2475.00";"19583.09961";"19748.09961";"139905.50";"0.00";"IST";"SL";"1h 34m";"-0.00"
"1697";"USTEC_ICM_UTC2";"Buy";"19700.2";"19617.7";"2024.06.26 17:30:00";"2024.06.27 03:46:00";"30.0";"-2658.12";"19617.69922";"19782.69922";"137247.38";"0.00";"IST";"SL";"10h 16m";"-183.12"
"1698";"USTEC_ICM_UTC2";"Buy";"19852.8";"19770.3";"2024.06.27 17:15:00";"2024.06.27 17:47:00";"30.0";"-2475.00";"19770.30078";"19935.30078";"134772.38";"0.00";"IST";"SL";"32m 0s";"-0.00"
"1699";"USTEC_ICM_UTC2";"Buy";"19946.7";"19864.2";"2024.06.28 17:45:00";"2024.06.28 18:01:00";"30.0";"-2475.00";"19864.19922";"20029.19922";"132297.38";"0.00";"IST";"SL";"16m 0s";"-0.00"
"1700";"USTEC_ICM_UTC2";"Buy";"19689.1";"19771.6";"2024.07.01 18:45:00";"2024.07.01 19:14:00";"30.0";"2475.00";"19606.59961";"19771.59961";"134772.38";"0.00";"IST";"PT";"29m 0s";"-0.00"
"1701";"USTEC_ICM_UTC2";"Buy";"19875.3";"19957.8";"2024.07.02 18:15:00";"2024.07.02 20:54:00";"30.0";"2475.00";"19792.80078";"19957.80078";"137247.38";"0.00";"IST";"PT";"2h 39m";"-0.00"
"1702";"USTEC_ICM_UTC2";"Buy";"20105.6";"20188.1";"2024.07.03 18:15:00";"2024.07.03 19:29:00";"30.0";"2475.00";"20023.09961";"20188.09961";"139722.38";"0.00";"IST";"PT";"1h 14m";"-0.00"
"1703";"USTEC_ICM_UTC2";"Buy";"20239.5";"20322.0";"2024.07.05 16:45:00";"2024.07.05 17:49:00";"30.0";"2475.00";"20157.00000";"20322.00000";"142197.38";"0.00";"IST";"PT";"1h 4m";"-0.00"
"1704";"USTEC_ICM_UTC2";"Buy";"20436.2";"20518.7";"2024.07.08 18:30:00";"2024.07.09 03:00:00";"30.0";"2291.88";"20353.69922";"20518.69922";"144489.25";"0.00";"IST";"PT";"8h 30m";"-183.12"
"1705";"USTEC_ICM_UTC2";"Buy";"20476.1";"20393.6";"2024.07.09 18:15:00";"2024.07.09 20:24:00";"30.0";"-2475.00";"20393.59961";"20558.59961";"142014.25";"0.00";"IST";"SL";"2h 9m";"-0.00"
"1706";"USTEC_ICM_UTC2";"Buy";"20529.9";"20612.4";"2024.07.10 18:30:00";"2024.07.10 19:44:00";"30.0";"2475.00";"20447.40039";"20612.40039";"144489.25";"0.00";"IST";"PT";"1h 14m";"-0.00"
"1707";"USTEC_ICM_UTC2";"Buy";"20645.6";"20563.1";"2024.07.11 17:00:00";"2024.07.11 17:12:00";"30.0";"-2475.00";"20563.09961";"20728.09961";"142014.25";"0.00";"IST";"SL";"12m 0s";"-0.00"
"1708";"USTEC_ICM_UTC2";"Buy";"20360.0";"20442.5";"2024.07.12 17:15:00";"2024.07.12 17:49:00";"30.0";"2475.00";"20277.50000";"20442.50000";"144489.25";"0.00";"IST";"PT";"34m 0s";"-0.00"
"1709";"USTEC_ICM_UTC2";"Buy";"20526.3";"20443.8";"2024.07.15 18:30:00";"2024.07.15 19:09:00";"30.0";"-2475.00";"20443.80078";"20608.80078";"142014.25";"0.00";"IST";"SL";"39m 0s";"-0.00"
"1710";"USTEC_ICM_UTC2";"Buy";"20298.5";"20381.0";"2024.07.16 17:15:00";"2024.07.16 18:08:00";"30.0";"2475.00";"20216.00000";"20381.00000";"144489.25";"0.00";"IST";"PT";"53m 0s";"-0.00"
"1711";"USTEC_ICM_UTC2";"Buy";"19933.4";"19850.9";"2024.07.17 18:30:00";"2024.07.17 19:13:00";"30.0";"-2475.00";"19850.90039";"20015.90039";"142014.25";"0.00";"IST";"SL";"43m 0s";"-0.00"
"1712";"USTEC_ICM_UTC2";"Buy";"19631.3";"19713.8";"2024.07.18 18:30:00";"2024.07.18 19:59:00";"30.0";"2475.00";"19548.80078";"19713.80078";"144489.25";"0.00";"IST";"PT";"1h 29m";"-0.00"
"1713";"USTEC_ICM_UTC2";"Buy";"19611.4";"19528.9";"2024.07.19 18:15:00";"2024.07.19 18:39:00";"30.0";"-2475.00";"19528.90039";"19693.90039";"142014.25";"0.00";"IST";"SL";"24m 0s";"-0.00"
"1714";"USTEC_ICM_UTC2";"Buy";"19682.4";"19764.9";"2024.07.22 19:00:00";"2024.07.22 19:51:00";"30.0";"2475.00";"19599.90039";"19764.90039";"144489.25";"0.00";"IST";"PT";"51m 0s";"-0.00"
"1715";"USTEC_ICM_UTC2";"Buy";"19878.3";"19795.8";"2024.07.23 18:15:00";"2024.07.23 19:23:00";"30.0";"-2475.00";"19795.80078";"19960.80078";"142014.25";"0.00";"IST";"SL";"1h 8m";"-0.00"
"1716";"USTEC_ICM_UTC2";"Buy";"19232.8";"19150.3";"2024.07.24 18:30:00";"2024.07.24 19:42:00";"30.0";"-2475.00";"19150.30078";"19315.30078";"139539.25";"0.00";"IST";"SL";"1h 12m";"-0.00"
"1717";"USTEC_ICM_UTC2";"Buy";"18766.8";"18849.3";"2024.07.25 17:15:00";"2024.07.25 17:19:00";"30.0";"2475.00";"18684.30078";"18849.30078";"142014.25";"0.00";"IST";"PT";"4m 0s";"-0.00"
"1718";"USTEC_ICM_UTC2";"Buy";"19012.5";"19095.0";"2024.07.26 18:45:00";"2024.07.26 19:28:00";"30.0";"2475.00";"18930.00000";"19095.00000";"144489.25";"0.00";"IST";"PT";"43m 0s";"-0.00"
"1719";"USTEC_ICM_UTC2";"Buy";"19209.5";"19127.0";"2024.07.29 17:00:00";"2024.07.29 17:12:00";"30.0";"-2475.00";"19127.00000";"19292.00000";"142014.25";"0.00";"IST";"SL";"12m 0s";"-0.00"
"1720";"USTEC_ICM_UTC2";"Buy";"18801.6";"18719.1";"2024.07.30 18:45:00";"2024.07.30 19:53:00";"30.0";"-2475.00";"18719.09961";"18884.09961";"139539.25";"0.00";"IST";"SL";"1h 8m";"-0.00"
"1721";"USTEC_ICM_UTC2";"Buy";"19247.9";"19330.4";"2024.07.31 17:00:00";"2024.07.31 17:32:00";"30.0";"2475.00";"19165.40039";"19330.40039";"142014.25";"0.00";"IST";"PT";"32m 0s";"-0.00"
"1722";"USTEC_ICM_UTC2";"Buy";"19203.5";"19121.0";"2024.08.01 18:00:00";"2024.08.01 18:08:00";"30.0";"-2475.00";"19121.00000";"19286.00000";"139539.25";"0.00";"IST";"SL";"8m 0s";"-0.00"
"1723";"USTEC_ICM_UTC2";"Buy";"18366.2";"18283.7";"2024.08.02 17:30:00";"2024.08.02 18:00:00";"30.0";"-2475.00";"18283.69922";"18448.69922";"137064.25";"0.00";"IST";"SL";"30m 0s";"-0.00"
"1724";"USTEC_ICM_UTC2";"Buy";"17662.1";"17744.6";"2024.08.05 16:45:00";"2024.08.05 16:45:00";"30.0";"2475.00";"17579.59961";"17744.59961";"139539.25";"0.00";"IST";"PT";"0s";"-0.00"
"1725";"USTEC_ICM_UTC2";"Buy";"18071.7";"18154.2";"2024.08.06 18:30:00";"2024.08.06 18:37:00";"30.0";"2475.00";"17989.19922";"18154.19922";"142014.25";"0.00";"IST";"PT";"7m 0s";"-0.00"
"1726";"USTEC_ICM_UTC2";"Buy";"18387.0";"18304.5";"2024.08.07 18:15:00";"2024.08.07 18:44:00";"30.0";"-2475.00";"18304.50000";"18469.50000";"139539.25";"0.00";"IST";"SL";"29m 0s";"-0.00"
"1727";"USTEC_ICM_UTC2";"Buy";"18197.5";"18280.0";"2024.08.08 17:15:00";"2024.08.08 17:29:00";"30.0";"2475.00";"18115.00000";"18280.00000";"142014.25";"0.00";"IST";"PT";"14m 0s";"-0.00"
"1728";"USTEC_ICM_UTC2";"Buy";"18417.3";"18499.8";"2024.08.09 18:45:00";"2024.08.09 20:15:00";"30.0";"2475.00";"18334.80078";"18499.80078";"144489.25";"0.00";"IST";"PT";"1h 30m";"-0.00"
"1729";"USTEC_ICM_UTC2";"Buy";"18530.5";"18613.0";"2024.08.12 18:30:00";"2024.08.12 18:59:00";"30.0";"2475.00";"18448.00000";"18613.00000";"146964.25";"0.00";"IST";"PT";"29m 0s";"-0.00"
"1730";"USTEC_ICM_UTC2";"Buy";"18861.0";"18943.5";"2024.08.13 18:15:00";"2024.08.13 19:47:00";"30.0";"2475.00";"18778.50000";"18943.50000";"149439.25";"0.00";"IST";"PT";"1h 32m";"-0.00"
"1731";"USTEC_ICM_UTC2";"Buy";"18894.7";"18977.2";"2024.08.14 17:15:00";"2024.08.14 17:59:00";"30.0";"2475.00";"18812.19922";"18977.19922";"151914.25";"0.00";"IST";"PT";"44m 0s";"-0.00"
"1732";"USTEC_ICM_UTC2";"Buy";"19345.3";"19427.8";"2024.08.15 17:15:00";"2024.08.15 18:42:00";"30.0";"2475.00";"19262.80078";"19427.80078";"154389.25";"0.00";"IST";"PT";"1h 27m";"-0.00"
"1733";"USTEC_ICM_UTC2";"Buy";"19403.6";"19486.1";"2024.08.16 17:00:00";"2024.08.16 17:16:00";"30.0";"2475.00";"19321.09961";"19486.09961";"156864.25";"0.00";"IST";"PT";"16m 0s";"-0.00"
"1734";"USTEC_ICM_UTC2";"Buy";"19562.3";"19644.8";"2024.08.19 18:15:00";"2024.08.19 21:28:00";"30.0";"2475.00";"19479.80078";"19644.80078";"159339.25";"0.00";"IST";"PT";"3h 13m";"-0.00"
"1735";"USTEC_ICM_UTC2";"Buy";"19703.0";"19785.5";"2024.08.20 18:15:00";"2024.08.21 16:55:00";"30.0";"2291.88";"19620.50000";"19785.50000";"161631.14";"0.00";"IST";"PT";"22h 40m";"-183.12"
"1736";"USTEC_ICM_UTC2";"Buy";"19799.7";"19717.2";"2024.08.21 18:15:00";"2024.08.21 19:02:00";"30.0";"-2475.00";"19717.19922";"19882.19922";"159156.14";"0.00";"IST";"SL";"47m 0s";"-0.00"
"1737";"USTEC_ICM_UTC2";"Buy";"19825.0";"19742.5";"2024.08.22 17:15:00";"2024.08.22 18:20:00";"30.0";"-2475.00";"19742.50000";"19907.50000";"156681.14";"0.00";"IST";"SL";"1h 5m";"-0.00"
"1738";"USTEC_ICM_UTC2";"Buy";"19691.9";"19609.4";"2024.08.23 18:30:00";"2024.08.23 19:00:00";"30.0";"-2475.00";"19609.40039";"19774.40039";"154206.14";"0.00";"IST";"SL";"30m 0s";"-0.00"
"1739";"USTEC_ICM_UTC2";"Buy";"19483.6";"19566.1";"2024.08.26 19:00:00";"2024.08.26 19:45:00";"30.0";"2475.00";"19401.09961";"19566.09961";"156681.14";"0.00";"IST";"PT";"45m 0s";"-0.00"
"1740";"USTEC_ICM_UTC2";"Buy";"19501.5";"19584.0";"2024.08.27 17:15:00";"2024.08.27 17:33:00";"30.0";"2475.00";"19419.00000";"19584.00000";"159156.14";"0.00";"IST";"PT";"18m 0s";"-0.00"
"1741";"USTEC_ICM_UTC2";"Buy";"19389.1";"19306.6";"2024.08.28 18:00:00";"2024.08.28 18:12:00";"30.0";"-2475.00";"19306.59961";"19471.59961";"156681.14";"0.00";"IST";"SL";"12m 0s";"-0.00"
"1742";"USTEC_ICM_UTC2";"Buy";"19537.3";"19619.8";"2024.08.29 17:30:00";"2024.08.29 17:50:00";"30.0";"2475.00";"19454.80078";"19619.80078";"159156.14";"0.00";"IST";"PT";"20m 0s";"-0.00"
"1743";"USTEC_ICM_UTC2";"Buy";"19416.4";"19333.9";"2024.08.30 18:30:00";"2024.08.30 19:32:00";"30.0";"-2475.00";"19333.90039";"19498.90039";"156681.14";"0.00";"IST";"SL";"1h 2m";"-0.00"
"1744";"USTEC_ICM_UTC2";"Buy";"19247.2";"19164.7";"2024.09.03 17:15:00";"2024.09.03 17:46:00";"30.0";"-2475.00";"19164.69922";"19329.69922";"154206.14";"0.00";"IST";"SL";"31m 0s";"-0.00"
"1745";"USTEC_ICM_UTC2";"Buy";"19013.4";"18930.9";"2024.09.04 18:15:00";"2024.09.04 21:35:00";"30.0";"-2475.00";"18930.90039";"19095.90039";"151731.14";"0.00";"IST";"SL";"3h 20m";"-0.00"
"1746";"USTEC_ICM_UTC2";"Buy";"18951.0";"19033.5";"2024.09.05 16:45:00";"2024.09.05 17:00:00";"30.0";"2475.00";"18868.50000";"19033.50000";"154206.14";"0.00";"IST";"PT";"15m 0s";"-0.00"
"1747";"USTEC_ICM_UTC2";"Buy";"18706.7";"18624.2";"2024.09.06 17:15:00";"2024.09.06 17:25:00";"30.0";"-2475.00";"18624.19922";"18789.19922";"151731.14";"0.00";"IST";"SL";"10m 0s";"-0.00"
"1748";"USTEC_ICM_UTC2";"Buy";"18484.8";"18567.3";"2024.09.09 18:00:00";"2024.09.09 18:41:00";"30.0";"2475.00";"18402.30078";"18567.30078";"154206.14";"0.00";"IST";"PT";"41m 0s";"-0.00"
"1749";"USTEC_ICM_UTC2";"Buy";"18715.1";"18632.6";"2024.09.10 18:15:00";"2024.09.10 18:51:00";"30.0";"-2475.00";"18632.59961";"18797.59961";"151731.14";"0.00";"IST";"SL";"36m 0s";"-0.00"
"1750";"USTEC_ICM_UTC2";"Buy";"18632.1";"18549.6";"2024.09.11 17:30:00";"2024.09.11 17:46:00";"30.0";"-2475.00";"18549.59961";"18714.59961";"149256.14";"0.00";"IST";"SL";"16m 0s";"-0.00"
"1751";"USTEC_ICM_UTC2";"Buy";"19354.7";"19272.2";"2024.09.12 18:15:00";"2024.09.12 18:26:00";"30.0";"-2475.00";"19272.19922";"19437.19922";"146781.14";"0.00";"IST";"SL";"11m 0s";"-0.00"
"1752";"USTEC_ICM_UTC2";"Buy";"19505.1";"19525.4";"2024.09.13 18:15:00";"2024.09.13 22:55:00";"30.0";"609.03";"19422.59961";"19587.59961";"147390.17";"0.00";"IST";"End Of Friday (Time)";"4h 40m";"-0.00"
"1753";"USTEC_ICM_UTC2";"Buy";"19368.1";"19450.6";"2024.09.16 18:30:00";"2024.09.17 09:32:00";"30.0";"2291.88";"19285.59961";"19450.59961";"149682.05";"0.00";"IST";"PT";"15h 2m";"-183.12"
"1754";"USTEC_ICM_UTC2";"Buy";"19512.4";"19429.9";"2024.09.17 18:45:00";"2024.09.17 19:22:00";"30.0";"-2475.00";"19429.90039";"19594.90039";"147207.05";"0.00";"IST";"SL";"37m 0s";"-0.00"
"1755";"USTEC_ICM_UTC2";"Buy";"19461.3";"19378.8";"2024.09.18 17:00:00";"2024.09.18 18:41:00";"30.0";"-2475.00";"19378.80078";"19543.80078";"144732.05";"0.00";"IST";"SL";"1h 41m";"-0.00"
"1756";"USTEC_ICM_UTC2";"Buy";"19883.8";"19801.3";"2024.09.19 18:45:00";"2024.09.20 01:38:00";"30.0";"-2658.12";"19801.30078";"19966.30078";"142073.92";"0.00";"IST";"SL";"6h 53m";"-183.12"
"1757";"USTEC_ICM_UTC2";"Buy";"19660.3";"19742.8";"2024.09.20 18:15:00";"2024.09.20 18:42:00";"30.0";"2475.00";"19577.80078";"19742.80078";"144548.92";"0.00";"IST";"PT";"27m 0s";"-0.00"
"1758";"USTEC_ICM_UTC2";"Buy";"19844.8";"19927.3";"2024.09.23 18:15:00";"2024.09.24 10:58:00";"30.0";"2291.88";"19762.30078";"19927.30078";"146840.81";"0.00";"IST";"PT";"16h 43m";"-183.12"
"1759";"USTEC_ICM_UTC2";"Buy";"19968.0";"19885.5";"2024.09.24 19:00:00";"2024.09.24 21:30:00";"30.0";"-2475.00";"19885.50000";"20050.50000";"144365.81";"0.00";"IST";"SL";"2h 30m";"-0.00"
"1760";"USTEC_ICM_UTC2";"Buy";"19996.8";"19914.3";"2024.09.25 18:15:00";"2024.09.25 20:00:00";"30.0";"-2475.00";"19914.30078";"20079.30078";"141890.81";"0.00";"IST";"SL";"1h 45m";"-0.00"
"1761";"USTEC_ICM_UTC2";"Buy";"20205.8";"20123.3";"2024.09.26 17:00:00";"2024.09.26 17:28:00";"30.0";"-2475.00";"20123.30078";"20288.30078";"139415.81";"0.00";"IST";"SL";"28m 0s";"-0.00"
"1762";"USTEC_ICM_UTC2";"Buy";"20048.3";"19965.8";"2024.09.27 18:30:00";"2024.09.27 21:31:00";"30.0";"-2475.00";"19965.80078";"20130.80078";"136940.81";"0.00";"IST";"SL";"3h 1m";"-0.00"
"1763";"USTEC_ICM_UTC2";"Buy";"19988.9";"19906.4";"2024.09.30 18:15:00";"2024.09.30 21:19:00";"30.0";"-2475.00";"19906.40039";"20071.40039";"134465.81";"0.00";"IST";"SL";"3h 4m";"-0.00"
"1764";"USTEC_ICM_UTC2";"Buy";"19696.2";"19778.7";"2024.10.01 18:30:00";"2024.10.01 19:10:00";"30.0";"2475.00";"19613.69922";"19778.69922";"136940.81";"0.00";"IST";"PT";"40m 0s";"-0.00"
"1765";"USTEC_ICM_UTC2";"Buy";"19710.5";"19793.0";"2024.10.02 17:00:00";"2024.10.02 17:19:00";"30.0";"2475.00";"19628.00000";"19793.00000";"139415.81";"0.00";"IST";"PT";"19m 0s";"-0.00"
"1766";"USTEC_ICM_UTC2";"Buy";"19769.5";"19852.0";"2024.10.03 18:15:00";"2024.10.03 18:52:00";"30.0";"2475.00";"19687.00000";"19852.00000";"141890.81";"0.00";"IST";"PT";"37m 0s";"-0.00"
"1767";"USTEC_ICM_UTC2";"Buy";"19870.0";"19952.5";"2024.10.04 17:15:00";"2024.10.04 18:01:00";"30.0";"2475.00";"19787.50000";"19952.50000";"144365.81";"0.00";"IST";"PT";"46m 0s";"-0.00"
"1768";"USTEC_ICM_UTC2";"Buy";"19969.5";"19887.0";"2024.10.07 18:30:00";"2024.10.07 21:30:00";"30.0";"-2475.00";"19887.00000";"20052.00000";"141890.81";"0.00";"IST";"SL";"3h 0m";"-0.00"
"1769";"USTEC_ICM_UTC2";"Buy";"20041.3";"20123.8";"2024.10.08 18:30:00";"2024.10.08 22:39:00";"30.0";"2475.00";"19958.80078";"20123.80078";"144365.81";"0.00";"IST";"PT";"4h 9m";"-0.00"
"1770";"USTEC_ICM_UTC2";"Buy";"20195.1";"20277.6";"2024.10.09 18:30:00";"2024.10.09 22:34:00";"30.0";"2475.00";"20112.59961";"20277.59961";"146840.81";"0.00";"IST";"PT";"4h 4m";"-0.00"
"1771";"USTEC_ICM_UTC2";"Buy";"20217.5";"20300.0";"2024.10.10 17:30:00";"2024.10.10 19:07:00";"30.0";"2475.00";"20135.00000";"20300.00000";"149315.81";"0.00";"IST";"PT";"1h 37m";"-0.00"
"1772";"USTEC_ICM_UTC2";"Buy";"20260.9";"20289.9";"2024.10.11 18:15:00";"2024.10.11 22:55:00";"30.0";"870.00";"20178.40039";"20343.40039";"150185.81";"0.00";"IST";"End Of Friday (Time)";"4h 40m";"-0.00"
"1773";"USTEC_ICM_UTC2";"Buy";"20397.8";"20480.3";"2024.10.14 18:15:00";"2024.10.14 22:48:00";"30.0";"2475.00";"20315.30078";"20480.30078";"152660.81";"0.00";"IST";"PT";"4h 33m";"-0.00"
"1774";"USTEC_ICM_UTC2";"Buy";"20340.0";"20257.5";"2024.10.15 17:30:00";"2024.10.15 17:34:00";"30.0";"-2475.00";"20257.50000";"20422.50000";"150185.81";"0.00";"IST";"SL";"4m 0s";"-0.00"
"1775";"USTEC_ICM_UTC2";"Buy";"20087.0";"20169.5";"2024.10.16 17:45:00";"2024.10.16 20:00:00";"30.0";"2475.00";"20004.50000";"20169.50000";"152660.81";"0.00";"IST";"PT";"2h 15m";"-0.00"
"1776";"USTEC_ICM_UTC2";"Buy";"20271.5";"20354.0";"2024.10.17 17:30:00";"2024.10.17 19:02:00";"30.0";"2475.00";"20189.00000";"20354.00000";"155135.81";"0.00";"IST";"PT";"1h 32m";"-0.00"
"1777";"USTEC_ICM_UTC2";"Buy";"20332.9";"20316.6";"2024.10.18 18:15:00";"2024.10.18 22:55:00";"30.0";"-489.03";"20250.40039";"20415.40039";"154646.78";"0.00";"IST";"End Of Friday (Time)";"4h 40m";"-0.00"
"1778";"USTEC_ICM_UTC2";"Buy";"20227.6";"20310.1";"2024.10.21 18:15:00";"2024.10.21 19:55:00";"30.0";"2475.00";"20145.09961";"20310.09961";"157121.78";"0.00";"IST";"PT";"1h 40m";"-0.00"
"1779";"USTEC_ICM_UTC2";"Buy";"20286.3";"20368.8";"2024.10.22 16:45:00";"2024.10.22 20:35:00";"30.0";"2475.00";"20203.80078";"20368.80078";"159596.78";"0.00";"IST";"PT";"3h 50m";"-0.00"
"1780";"USTEC_ICM_UTC2";"Buy";"20281.0";"20198.5";"2024.10.23 17:00:00";"2024.10.23 17:07:00";"30.0";"-2475.00";"20198.50000";"20363.50000";"157121.78";"0.00";"IST";"SL";"7m 0s";"-0.00"
"1781";"USTEC_ICM_UTC2";"Buy";"20203.6";"20121.1";"2024.10.24 17:15:00";"2024.10.24 18:48:00";"30.0";"-2475.00";"20121.09961";"20286.09961";"154646.78";"0.00";"IST";"SL";"1h 33m";"-0.00"
"1782";"USTEC_ICM_UTC2";"Buy";"20512.8";"20430.3";"2024.10.25 18:15:00";"2024.10.25 20:21:00";"30.0";"-2475.00";"20430.30078";"20595.30078";"152171.78";"0.00";"IST";"SL";"2h 6m";"-0.00"
"1783";"USTEC_ICM_UTC2";"Buy";"20418.0";"20335.5";"2024.10.28 17:30:00";"2024.10.29 02:08:00";"30.0";"-2658.12";"20335.50000";"20500.50000";"149513.66";"0.00";"IST";"SL";"8h 38m";"-183.12"
"1784";"USTEC_ICM_UTC2";"Buy";"20456.3";"20538.8";"2024.10.29 17:30:00";"2024.10.29 19:03:00";"30.0";"2475.00";"20373.80078";"20538.80078";"151988.66";"0.00";"IST";"PT";"1h 33m";"-0.00"
"1785";"USTEC_ICM_UTC2";"Buy";"20512.3";"20429.8";"2024.10.30 17:00:00";"2024.10.30 19:40:00";"30.0";"-2475.00";"20429.80078";"20594.80078";"149513.66";"0.00";"IST";"SL";"2h 40m";"-0.00"
"1786";"USTEC_ICM_UTC2";"Buy";"19938.8";"20021.3";"2024.10.31 17:45:00";"2024.11.01 15:42:00";"30.0";"2291.88";"19856.30078";"20021.30078";"151805.53";"0.00";"IST";"PT";"21h 57m";"-183.12"
"1787";"USTEC_ICM_UTC2";"Buy";"20144.0";"20061.5";"2024.11.01 17:15:00";"2024.11.01 19:08:00";"30.0";"-2475.00";"20061.50000";"20226.50000";"149330.53";"0.00";"IST";"SL";"1h 53m";"-0.00"
"1788";"USTEC_ICM_UTC2";"Buy";"20002.2";"19919.7";"2024.11.04 16:30:00";"2024.11.04 16:36:00";"30.0";"-2475.00";"19919.69922";"20084.69922";"146855.53";"0.00";"IST";"SL";"6m 0s";"-0.00"
"1789";"USTEC_ICM_UTC2";"Buy";"20173.9";"20256.4";"2024.11.05 18:15:00";"2024.11.05 23:06:00";"30.0";"2475.00";"20091.40039";"20256.40039";"149330.53";"0.00";"IST";"PT";"4h 51m";"-0.00"
"1790";"USTEC_ICM_UTC2";"Buy";"20604.7";"20687.2";"2024.11.06 18:00:00";"2024.11.06 18:56:00";"30.0";"2475.00";"20522.19922";"20687.19922";"151805.53";"0.00";"IST";"PT";"56m 0s";"-0.00"
"1791";"USTEC_ICM_UTC2";"Buy";"21026.9";"21109.4";"2024.11.07 18:15:00";"2024.11.07 21:59:00";"30.0";"2475.00";"20944.40039";"21109.40039";"154280.53";"0.00";"IST";"PT";"3h 44m";"-0.00"
"1792";"USTEC_ICM_UTC2";"Buy";"21102.2";"21118.3";"2024.11.08 18:30:00";"2024.11.08 22:55:00";"30.0";"483.06";"21019.69922";"21184.69922";"154763.59";"0.00";"IST";"End Of Friday (Time)";"4h 25m";"-0.00"
"1793";"USTEC_ICM_UTC2";"Buy";"21102.2";"21019.7";"2024.11.11 18:30:00";"2024.11.11 20:01:00";"30.0";"-2475.00";"21019.69922";"21184.69922";"152288.59";"0.00";"IST";"SL";"1h 31m";"-0.00"
"1794";"USTEC_ICM_UTC2";"Buy";"21064.2";"20981.7";"2024.11.12 18:15:00";"2024.11.12 19:56:00";"30.0";"-2475.00";"20981.69922";"21146.69922";"149813.59";"0.00";"IST";"SL";"1h 41m";"-0.00"
"1795";"USTEC_ICM_UTC2";"Buy";"20986.1";"21068.6";"2024.11.13 17:15:00";"2024.11.13 19:07:00";"30.0";"2475.00";"20903.59961";"21068.59961";"152288.59";"0.00";"IST";"PT";"1h 52m";"-0.00"
"1796";"USTEC_ICM_UTC2";"Buy";"21020.8";"20938.3";"2024.11.14 17:45:00";"2024.11.14 19:31:00";"30.0";"-2475.00";"20938.30078";"21103.30078";"149813.59";"0.00";"IST";"SL";"1h 46m";"-0.00"
"1797";"USTEC_ICM_UTC2";"Buy";"20484.9";"20402.4";"2024.11.15 17:45:00";"2024.11.15 18:57:00";"30.0";"-2475.00";"20402.40039";"20567.40039";"147338.59";"0.00";"IST";"SL";"1h 12m";"-0.00"
"1798";"USTEC_ICM_UTC2";"Buy";"20437.5";"20520.0";"2024.11.18 17:00:00";"2024.11.18 17:16:00";"30.0";"2475.00";"20355.00000";"20520.00000";"149813.59";"0.00";"IST";"PT";"16m 0s";"-0.00"
"1799";"USTEC_ICM_UTC2";"Buy";"20535.8";"20618.3";"2024.11.19 17:45:00";"2024.11.19 19:38:00";"30.0";"2475.00";"20453.30078";"20618.30078";"152288.59";"0.00";"IST";"PT";"1h 53m";"-0.00"
"1800";"USTEC_ICM_UTC2";"Buy";"20546.1";"20628.6";"2024.11.20 18:00:00";"2024.11.20 22:33:00";"30.0";"2475.00";"20463.59961";"20628.59961";"154763.59";"0.00";"IST";"PT";"4h 33m";"-0.00"
"1801";"USTEC_ICM_UTC2";"Buy";"20587.6";"20505.1";"2024.11.21 17:00:00";"2024.11.21 17:06:00";"30.0";"-2475.00";"20505.09961";"20670.09961";"152288.59";"0.00";"IST";"SL";"6m 0s";"-0.00"
"1802";"USTEC_ICM_UTC2";"Buy";"20721.1";"20776.3";"2024.11.22 18:15:00";"2024.11.22 22:55:00";"30.0";"1656.03";"20638.59961";"20803.59961";"153944.63";"0.00";"IST";"End Of Friday (Time)";"4h 40m";"-0.00"
"1803";"USTEC_ICM_UTC2";"Buy";"20817.0";"20734.5";"2024.11.25 17:15:00";"2024.11.25 19:44:00";"30.0";"-2475.00";"20734.50000";"20899.50000";"151469.63";"0.00";"IST";"SL";"2h 29m";"-0.00"
"1804";"USTEC_ICM_UTC2";"Buy";"20914.0";"20831.5";"2024.11.26 17:45:00";"2024.11.26 21:24:00";"30.0";"-2475.00";"20831.50000";"20996.50000";"148994.63";"0.00";"IST";"SL";"3h 39m";"-0.00"
"1805";"USTEC_ICM_UTC2";"Buy";"20659.1";"20741.6";"2024.11.27 18:30:00";"2024.11.27 20:53:00";"30.0";"2475.00";"20576.59961";"20741.59961";"151469.63";"0.00";"IST";"PT";"2h 23m";"-0.00"
"1806";"USTEC_ICM_UTC2";"Buy";"20908.0";"20990.5";"2024.11.29 17:45:00";"2024.12.02 16:30:00";"30.0";"1925.64";"20825.50000";"20990.50000";"153395.27";"0.00";"IST";"PT";"2d 22h 45m";"-549.36"
"1807";"USTEC_ICM_UTC2";"Buy";"21057.9";"21140.4";"2024.12.02 16:45:00";"2024.12.02 17:36:00";"30.0";"2475.00";"20975.40039";"21140.40039";"155870.27";"0.00";"IST";"PT";"51m 0s";"-0.00"
"1808";"USTEC_ICM_UTC2";"Buy";"21154.1";"21236.6";"2024.12.03 18:00:00";"2024.12.03 23:05:00";"30.0";"2475.00";"21071.59961";"21236.59961";"158345.27";"0.00";"IST";"PT";"5h 5m";"-0.00"
"1809";"USTEC_ICM_UTC2";"Buy";"21392.5";"21475.0";"2024.12.04 17:15:00";"2024.12.04 22:36:00";"30.0";"2475.00";"21310.00000";"21475.00000";"160820.27";"0.00";"IST";"PT";"5h 21m";"-0.00"
"1810";"USTEC_ICM_UTC2";"Buy";"21469.9";"21387.4";"2024.12.05 18:45:00";"2024.12.06 01:05:00";"30.0";"-2658.12";"21387.40039";"21552.40039";"158162.14";"0.00";"IST";"SL";"6h 20m";"-183.12"
"1811";"USTEC_ICM_UTC2";"Buy";"21581.5";"21608.2";"2024.12.06 17:15:00";"2024.12.06 22:55:00";"30.0";"800.97";"21499.00000";"21664.00000";"158963.11";"0.00";"IST";"End Of Friday (Time)";"5h 40m";"-0.00"
"1812";"USTEC_ICM_UTC2";"Buy";"21469.2";"21551.7";"2024.12.09 18:00:00";"2024.12.10 16:46:00";"30.0";"2291.88";"21386.69922";"21551.69922";"161255.00";"0.00";"IST";"PT";"22h 46m";"-183.12"
"1813";"USTEC_ICM_UTC2";"Buy";"21526.9";"21444.4";"2024.12.10 17:45:00";"2024.12.10 18:08:00";"30.0";"-2475.00";"21444.40039";"21609.40039";"158780.00";"0.00";"IST";"SL";"23m 0s";"-0.00"
"1814";"USTEC_ICM_UTC2";"Buy";"21597.3";"21679.8";"2024.12.11 16:45:00";"2024.12.11 17:07:00";"30.0";"2475.00";"21514.80078";"21679.80078";"161255.00";"0.00";"IST";"PT";"22m 0s";"-0.00"
"1815";"USTEC_ICM_UTC2";"Buy";"21674.2";"21591.7";"2024.12.12 17:30:00";"2024.12.12 23:04:00";"30.0";"-2475.00";"21591.69922";"21756.69922";"158780.00";"0.00";"IST";"SL";"5h 34m";"-0.00"
"1816";"USTEC_ICM_UTC2";"Buy";"21665.1";"21747.6";"2024.12.13 18:00:00";"2024.12.13 20:49:00";"30.0";"2475.00";"21582.59961";"21747.59961";"161255.00";"0.00";"IST";"PT";"2h 49m";"-0.00"
"1817";"USTEC_ICM_UTC2";"Buy";"21897.4";"21979.9";"2024.12.16 16:45:00";"2024.12.16 17:30:00";"30.0";"2475.00";"21814.90039";"21979.90039";"163730.00";"0.00";"IST";"PT";"45m 0s";"-0.00"
"1818";"USTEC_ICM_UTC2";"Buy";"21957.8";"22040.3";"2024.12.17 17:15:00";"2024.12.17 18:34:00";"30.0";"2475.00";"21875.30078";"22040.30078";"166205.00";"0.00";"IST";"PT";"1h 19m";"-0.00"
"1819";"USTEC_ICM_UTC2";"Buy";"22019.1";"21936.6";"2024.12.18 17:45:00";"2024.12.18 21:00:00";"30.0";"-2475.00";"21936.59961";"22101.59961";"163730.00";"0.00";"IST";"SL";"3h 15m";"-0.00"
"1820";"USTEC_ICM_UTC2";"Buy";"21215.7";"21298.2";"2024.12.19 17:30:00";"2024.12.19 17:51:00";"30.0";"2475.00";"21133.19922";"21298.19922";"166205.00";"0.00";"IST";"PT";"21m 0s";"-0.00"
"1821";"USTEC_ICM_UTC2";"Buy";"21079.3";"21161.8";"2024.12.20 17:15:00";"2024.12.20 17:27:00";"30.0";"2475.00";"20996.80078";"21161.80078";"168680.00";"0.00";"IST";"PT";"12m 0s";"-0.00"
"1822";"USTEC_ICM_UTC2";"Buy";"21290.0";"21372.5";"2024.12.23 17:45:00";"2024.12.23 18:19:00";"30.0";"2475.00";"21207.50000";"21372.50000";"171155.00";"0.00";"IST";"PT";"34m 0s";"-0.00"
"1823";"USTEC_ICM_UTC2";"Buy";"21723.5";"21811.3";"2024.12.24 18:15:00";"2024.12.26 01:01:00";"30.0";"2266.74";"21641.00000";"21806.00000";"173421.73";"0.00";"IST";"PT";"1d 6h 46m";"-366.24"
"1824";"USTEC_ICM_UTC2";"Buy";"21779.6";"21697.1";"2024.12.26 18:15:00";"2024.12.27 08:09:00";"30.0";"-2658.12";"21697.09961";"21862.09961";"170763.61";"0.00";"IST";"SL";"13h 54m";"-183.12"
"1825";"USTEC_ICM_UTC2";"Buy";"21434.8";"21352.3";"2024.12.27 18:30:00";"2024.12.27 18:50:00";"30.0";"-2475.00";"21352.30078";"21517.30078";"168288.61";"0.00";"IST";"SL";"20m 0s";"-0.00"
"1826";"USTEC_ICM_UTC2";"Buy";"21189.2";"21106.7";"2024.12.30 16:30:00";"2024.12.30 16:42:00";"30.0";"-2475.00";"21106.69922";"21271.69922";"165813.61";"0.00";"IST";"SL";"12m 0s";"-0.00"
"1827";"USTEC_ICM_UTC2";"Buy";"21097.3";"21014.8";"2024.12.31 18:30:00";"2024.12.31 19:39:00";"30.0";"-2475.00";"21014.80078";"21179.80078";"163338.61";"0.00";"IST";"SL";"1h 9m";"-0.00"
"1828";"USTEC_ICM_UTC2";"Buy";"21222.4";"21139.9";"2025.01.02 17:15:00";"2025.01.02 17:20:00";"30.0";"-2475.00";"21139.90039";"21304.90039";"160863.61";"0.00";"IST";"SL";"5m 0s";"-0.00"
"1829";"USTEC_ICM_UTC2";"Buy";"21179.2";"21261.7";"2025.01.03 18:00:00";"2025.01.03 18:36:00";"30.0";"2475.00";"21096.69922";"21261.69922";"163338.61";"0.00";"IST";"PT";"36m 0s";"-0.00"
"1830";"USTEC_ICM_UTC2";"Buy";"21688.3";"21605.8";"2025.01.06 18:15:00";"2025.01.06 19:40:00";"30.0";"-2475.00";"21605.80078";"21770.80078";"160863.61";"0.00";"IST";"SL";"1h 25m";"-0.00"
"1831";"USTEC_ICM_UTC2";"Buy";"21253.1";"21170.6";"2025.01.07 19:00:00";"2025.01.07 22:20:00";"30.0";"-2475.00";"21170.59961";"21335.59961";"158388.61";"0.00";"IST";"SL";"3h 20m";"-0.00"
"1832";"USTEC_ICM_UTC2";"Buy";"21171.3";"21088.8";"2025.01.08 16:30:00";"2025.01.08 17:13:00";"30.0";"-2475.00";"21088.80078";"21253.80078";"155913.61";"0.00";"IST";"SL";"43m 0s";"-0.00"
"1833";"USTEC_ICM_UTC2";"Buy";"20857.8";"20940.3";"2025.01.10 17:30:00";"2025.01.10 17:47:00";"30.0";"2475.00";"20775.30078";"20940.30078";"158388.61";"0.00";"IST";"PT";"17m 0s";"-0.00"
"1834";"USTEC_ICM_UTC2";"Buy";"20633.3";"20715.8";"2025.01.13 18:00:00";"2025.01.13 19:58:00";"30.0";"2475.00";"20550.80078";"20715.80078";"160863.61";"0.00";"IST";"PT";"1h 58m";"-0.00"
"1835";"USTEC_ICM_UTC2";"Buy";"20820.4";"20902.9";"2025.01.14 17:00:00";"2025.01.14 17:08:00";"30.0";"2475.00";"20737.90039";"20902.90039";"163338.61";"0.00";"IST";"PT";"8m 0s";"-0.00"
"1836";"USTEC_ICM_UTC2";"Buy";"21196.0";"21113.5";"2025.01.15 17:15:00";"2025.01.15 18:32:00";"30.0";"-2475.00";"21113.50000";"21278.50000";"160863.61";"0.00";"IST";"SL";"1h 17m";"-0.00"
"1837";"USTEC_ICM_UTC2";"Buy";"21185.8";"21103.3";"2025.01.16 18:45:00";"2025.01.16 20:48:00";"30.0";"-2475.00";"21103.30078";"21268.30078";"158388.61";"0.00";"IST";"SL";"2h 3m";"-0.00"
"1838";"USTEC_ICM_UTC2";"Buy";"21365.2";"21447.7";"2025.01.17 16:45:00";"2025.01.17 18:08:00";"30.0";"2475.00";"21282.69922";"21447.69922";"160863.61";"0.00";"IST";"PT";"1h 23m";"-0.00"
"1839";"USTEC_ICM_UTC2";"Buy";"21571.0";"21488.5";"2025.01.20 17:15:00";"2025.01.20 19:26:00";"30.0";"-2475.00";"21488.50000";"21653.50000";"158388.61";"0.00";"IST";"SL";"2h 11m";"-0.00"
"1840";"USTEC_ICM_UTC2";"Buy";"21483.0";"21565.5";"2025.01.21 18:30:00";"2025.01.21 19:42:00";"30.0";"2475.00";"21400.50000";"21565.50000";"160863.61";"0.00";"IST";"PT";"1h 12m";"-0.00"
"1841";"USTEC_ICM_UTC2";"Buy";"21856.0";"21938.5";"2025.01.22 18:15:00";"2025.01.22 19:06:00";"30.0";"2475.00";"21773.50000";"21938.50000";"163338.61";"0.00";"IST";"PT";"51m 0s";"-0.00"
"1842";"USTEC_ICM_UTC2";"Buy";"21795.8";"21878.3";"2025.01.23 18:15:00";"2025.01.23 22:55:00";"30.0";"2475.00";"21713.30078";"21878.30078";"165813.61";"0.00";"IST";"PT";"4h 40m";"-0.00"
"1843";"USTEC_ICM_UTC2";"Buy";"21839.7";"21757.2";"2025.01.24 19:45:00";"2025.01.24 20:56:00";"30.0";"-2475.00";"21757.19922";"21922.19922";"163338.61";"0.00";"IST";"SL";"1h 11m";"-0.00"
"1844";"USTEC_ICM_UTC2";"Buy";"21142.4";"21224.9";"2025.01.27 16:45:00";"2025.01.27 17:28:00";"30.0";"2475.00";"21059.90039";"21224.90039";"165813.61";"0.00";"IST";"PT";"43m 0s";"-0.00"
"1845";"USTEC_ICM_UTC2";"Buy";"21160.0";"21242.5";"2025.01.28 17:00:00";"2025.01.28 17:13:00";"30.0";"2475.00";"21077.50000";"21242.50000";"168288.61";"0.00";"IST";"PT";"13m 0s";"-0.00"
"1846";"USTEC_ICM_UTC2";"Buy";"21368.8";"21286.3";"2025.01.29 18:30:00";"2025.01.29 20:03:00";"30.0";"-2475.00";"21286.30078";"21451.30078";"165813.61";"0.00";"IST";"SL";"1h 33m";"-0.00"
"1847";"USTEC_ICM_UTC2";"Buy";"21412.2";"21329.7";"2025.01.30 17:30:00";"2025.01.30 18:01:00";"30.0";"-2475.00";"21329.69922";"21494.69922";"163338.61";"0.00";"IST";"SL";"31m 0s";"-0.00"
"1848";"USTEC_ICM_UTC2";"Buy";"21780.7";"21698.2";"2025.01.31 17:30:00";"2025.01.31 20:26:00";"30.0";"-2475.00";"21698.19922";"21863.19922";"160863.61";"0.00";"IST";"SL";"2h 56m";"-0.00"
"1849";"USTEC_ICM_UTC2";"Buy";"21328.2";"21245.7";"2025.02.03 17:45:00";"2025.02.03 18:05:00";"30.0";"-2475.00";"21245.69922";"21410.69922";"158388.61";"0.00";"IST";"SL";"20m 0s";"-0.00"
"1850";"USTEC_ICM_UTC2";"Buy";"21550.2";"21467.7";"2025.02.04 18:15:00";"2025.02.04 19:21:00";"30.0";"-2475.00";"21467.69922";"21632.69922";"155913.61";"0.00";"IST";"SL";"1h 6m";"-0.00"
"1851";"USTEC_ICM_UTC2";"Buy";"21462.0";"21544.5";"2025.02.05 17:00:00";"2025.02.05 18:38:00";"30.0";"2475.00";"21379.50000";"21544.50000";"158388.61";"0.00";"IST";"PT";"1h 38m";"-0.00"
"1852";"USTEC_ICM_UTC2";"Buy";"21705.6";"21623.1";"2025.02.06 18:15:00";"2025.02.06 21:33:00";"30.0";"-2475.00";"21623.09961";"21788.09961";"155913.61";"0.00";"IST";"SL";"3h 18m";"-0.00"
"1853";"USTEC_ICM_UTC2";"Buy";"21809.0";"21726.5";"2025.02.07 17:00:00";"2025.02.07 17:00:00";"30.0";"-2475.00";"21726.50000";"21891.50000";"153438.61";"0.00";"IST";"SL";"0s";"-0.00"
"1854";"USTEC_ICM_UTC2";"Buy";"21775.2";"21692.7";"2025.02.10 18:15:00";"2025.02.11 01:25:00";"30.0";"-2658.12";"21692.69922";"21857.69922";"150780.50";"0.00";"IST";"SL";"7h 10m";"-183.12"
"1855";"USTEC_ICM_UTC2";"Buy";"21748.3";"21665.8";"2025.02.11 18:15:00";"2025.02.11 19:03:00";"30.0";"-2475.00";"21665.80078";"21830.80078";"148305.50";"0.00";"IST";"SL";"48m 0s";"-0.00"
"1856";"USTEC_ICM_UTC2";"Buy";"21611.2";"21693.7";"2025.02.12 17:30:00";"2025.02.12 18:58:00";"30.0";"2475.00";"21528.69922";"21693.69922";"150780.50";"0.00";"IST";"PT";"1h 28m";"-0.00"
"1857";"USTEC_ICM_UTC2";"Buy";"21833.8";"21916.3";"2025.02.13 17:00:00";"2025.02.13 17:36:00";"30.0";"2475.00";"21751.30078";"21916.30078";"153255.50";"0.00";"IST";"PT";"36m 0s";"-0.00"
"1858";"USTEC_ICM_UTC2";"Buy";"22061.6";"22134.3";"2025.02.14 18:30:00";"2025.02.14 22:55:00";"30.0";"2181.03";"21979.09961";"22144.09961";"155436.53";"0.00";"IST";"End Of Friday (Time)";"4h 25m";"-0.00"
"1859";"USTEC_ICM_UTC2";"Buy";"22128.4";"22045.9";"2025.02.18 18:30:00";"2025.02.18 21:07:00";"30.0";"-2475.00";"22045.90039";"22210.90039";"152961.53";"0.00";"IST";"SL";"2h 37m";"-0.00"
"1860";"USTEC_ICM_UTC2";"Buy";"22107.6";"22190.1";"2025.02.19 16:45:00";"2025.02.19 21:14:00";"30.0";"2475.00";"22025.09961";"22190.09961";"155436.53";"0.00";"IST";"PT";"4h 29m";"-0.00"
"1861";"USTEC_ICM_UTC2";"Buy";"21980.5";"22063.0";"2025.02.20 18:45:00";"2025.02.20 22:50:00";"30.0";"2475.00";"21898.00000";"22063.00000";"157911.53";"0.00";"IST";"PT";"4h 5m";"-0.00"
"1862";"USTEC_ICM_UTC2";"Buy";"21925.9";"21843.4";"2025.02.21 18:30:00";"2025.02.21 19:19:00";"30.0";"-2475.00";"21843.40039";"22008.40039";"155436.53";"0.00";"IST";"SL";"49m 0s";"-0.00"
"1863";"USTEC_ICM_UTC2";"Buy";"21540.0";"21457.5";"2025.02.24 18:45:00";"2025.02.24 22:29:00";"30.0";"-2475.00";"21457.50000";"21622.50000";"152961.53";"0.00";"IST";"SL";"3h 44m";"-0.00"
"1864";"USTEC_ICM_UTC2";"Buy";"21043.2";"20960.7";"2025.02.25 18:00:00";"2025.02.25 18:30:00";"30.0";"-2475.00";"20960.69922";"21125.69922";"150486.53";"0.00";"IST";"SL";"30m 0s";"-0.00"
"1865";"USTEC_ICM_UTC2";"Buy";"21295.8";"21213.3";"2025.02.26 18:00:00";"2025.02.26 19:52:00";"30.0";"-2475.00";"21213.30078";"21378.30078";"148011.53";"0.00";"IST";"SL";"1h 52m";"-0.00"
"1866";"USTEC_ICM_UTC2";"Buy";"21011.4";"21093.9";"2025.02.27 17:15:00";"2025.02.27 17:23:00";"30.0";"2475.00";"20928.90039";"21093.90039";"150486.53";"0.00";"IST";"PT";"8m 0s";"-0.00"
"1867";"USTEC_ICM_UTC2";"Buy";"20646.0";"20728.5";"2025.02.28 17:15:00";"2025.02.28 17:31:00";"30.0";"2475.00";"20563.50000";"20728.50000";"152961.53";"0.00";"IST";"PT";"16m 0s";"-0.00"
"1868";"USTEC_ICM_UTC2";"Buy";"20797.7";"20880.2";"2025.03.03 18:45:00";"2025.03.03 18:50:00";"30.0";"2475.00";"20715.19922";"20880.19922";"155436.53";"0.00";"IST";"PT";"5m 0s";"-0.00"
"1869";"USTEC_ICM_UTC2";"Buy";"20190.7";"20108.2";"2025.03.04 17:00:00";"2025.03.04 17:16:00";"30.0";"-2475.00";"20108.19922";"20273.19922";"152961.53";"0.00";"IST";"SL";"16m 0s";"-0.00"
"1870";"USTEC_ICM_UTC2";"Buy";"20199.8";"20282.3";"2025.03.05 18:45:00";"2025.03.05 18:57:00";"30.0";"2475.00";"20117.30078";"20282.30078";"155436.53";"0.00";"IST";"PT";"12m 0s";"-0.00"
"1871";"USTEC_ICM_UTC2";"Buy";"20460.4";"20377.9";"2025.03.06 17:45:00";"2025.03.06 17:54:00";"30.0";"-2475.00";"20377.90039";"20542.90039";"152961.53";"0.00";"IST";"SL";"9m 0s";"-0.00"
"1872";"USTEC_ICM_UTC2";"Buy";"20084.1";"20001.6";"2025.03.07 17:15:00";"2025.03.07 17:30:00";"30.0";"-2475.00";"20001.59961";"20166.59961";"150486.53";"0.00";"IST";"SL";"15m 0s";"-0.00"
"1873";"USTEC_ICM_UTC2";"Buy";"19576.2";"19658.7";"2025.03.10 17:15:00";"2025.03.10 17:36:00";"30.0";"2475.00";"19493.69922";"19658.69922";"152961.53";"0.00";"IST";"PT";"21m 0s";"-0.00"
"1874";"USTEC_ICM_UTC2";"Buy";"19434.7";"19352.2";"2025.03.11 17:15:00";"2025.03.11 18:07:00";"30.0";"-2475.00";"19352.19922";"19517.19922";"150486.53";"0.00";"IST";"SL";"52m 0s";"-0.00"
"1875";"USTEC_ICM_UTC2";"Buy";"19611.0";"19528.5";"2025.03.12 16:30:00";"2025.03.12 16:32:00";"30.0";"-2475.00";"19528.50000";"19693.50000";"148011.53";"0.00";"IST";"SL";"2m 0s";"-0.00"
"1876";"USTEC_ICM_UTC2";"Buy";"19339.3";"19256.8";"2025.03.13 17:45:00";"2025.03.13 18:47:00";"30.0";"-2475.00";"19256.80078";"19421.80078";"145536.53";"0.00";"IST";"SL";"1h 2m";"-0.00"
"1877";"USTEC_ICM_UTC2";"Buy";"19600.5";"19683.0";"2025.03.14 17:15:00";"2025.03.14 17:45:00";"30.0";"2475.00";"19518.00000";"19683.00000";"148011.53";"0.00";"IST";"PT";"30m 0s";"-0.00"
"1878";"USTEC_ICM_UTC2";"Buy";"19686.4";"19768.9";"2025.03.17 17:15:00";"2025.03.17 19:35:00";"30.0";"2475.00";"19603.90039";"19768.90039";"150486.53";"0.00";"IST";"PT";"2h 20m";"-0.00"
"1879";"USTEC_ICM_UTC2";"Buy";"19468.0";"19550.5";"2025.03.18 17:00:00";"2025.03.18 20:50:00";"30.0";"2475.00";"19385.50000";"19550.50000";"152961.53";"0.00";"IST";"PT";"3h 50m";"-0.00"
"1880";"USTEC_ICM_UTC2";"Buy";"19583.7";"19666.2";"2025.03.19 17:00:00";"2025.03.19 17:26:00";"30.0";"2475.00";"19501.19922";"19666.19922";"155436.53";"0.00";"IST";"PT";"26m 0s";"-0.00"
"1881";"USTEC_ICM_UTC2";"Buy";"19837.4";"19754.9";"2025.03.20 17:15:00";"2025.03.20 17:37:00";"30.0";"-2475.00";"19754.90039";"19919.90039";"152961.53";"0.00";"IST";"SL";"22m 0s";"-0.00"
"1882";"USTEC_ICM_UTC2";"Buy";"19596.3";"19513.8";"2025.03.21 17:00:00";"2025.03.21 17:24:00";"30.0";"-2475.00";"19513.80078";"19678.80078";"150486.53";"0.00";"IST";"SL";"24m 0s";"-0.00"
"1883";"USTEC_ICM_UTC2";"Buy";"20156.3";"20238.8";"2025.03.24 17:15:00";"2025.03.25 14:33:00";"30.0";"2291.88";"20073.80078";"20238.80078";"152778.41";"0.00";"IST";"PT";"21h 18m";"-183.12"
"1884";"USTEC_ICM_UTC2";"Buy";"20281.9";"20199.4";"2025.03.25 16:45:00";"2025.03.26 15:49:00";"30.0";"-2658.12";"20199.40039";"20364.40039";"150120.28";"0.00";"IST";"SL";"23h 4m";"-183.12"
"1885";"USTEC_ICM_UTC2";"Buy";"20112.5";"20030.0";"2025.03.26 17:15:00";"2025.03.26 17:52:00";"30.0";"-2475.00";"20030.00000";"20195.00000";"147645.28";"0.00";"IST";"SL";"37m 0s";"-0.00"
"1886";"USTEC_ICM_UTC2";"Buy";"19938.8";"19856.3";"2025.03.27 17:30:00";"2025.03.27 17:47:00";"30.0";"-2475.00";"19856.30078";"20021.30078";"145170.28";"0.00";"IST";"SL";"17m 0s";"-0.00"
"1887";"USTEC_ICM_UTC2";"Buy";"19454.3";"19371.8";"2025.03.28 16:30:00";"2025.03.28 17:03:00";"30.0";"-2475.00";"19371.80078";"19536.80078";"142695.28";"0.00";"IST";"SL";"33m 0s";"-0.00"
"1888";"USTEC_ICM_UTC2";"Buy";"18911.2";"18993.7";"2025.03.31 17:00:00";"2025.03.31 18:00:00";"30.0";"2475.00";"18828.69922";"18993.69922";"145170.28";"0.00";"IST";"PT";"1h 0m";"-0.00"
"1889";"USTEC_ICM_UTC2";"Buy";"19221.3";"19138.8";"2025.04.01 16:45:00";"2025.04.01 17:11:00";"30.0";"-2475.00";"19138.80078";"19303.80078";"142695.28";"0.00";"IST";"SL";"26m 0s";"-0.00"
"1890";"USTEC_ICM_UTC2";"Buy";"19413.6";"19496.1";"2025.04.02 18:15:00";"2025.04.02 18:23:00";"30.0";"2475.00";"19331.09961";"19496.09961";"145170.28";"0.00";"IST";"PT";"8m 0s";"-0.00"
"1891";"USTEC_ICM_UTC2";"Buy";"18815.8";"18733.3";"2025.04.03 16:45:00";"2025.04.03 17:07:00";"30.0";"-2475.00";"18733.30078";"18898.30078";"142695.28";"0.00";"IST";"SL";"22m 0s";"-0.00"
"1892";"USTEC_ICM_UTC2";"Buy";"17993.7";"18076.2";"2025.04.04 16:30:00";"2025.04.04 16:31:00";"30.0";"2475.00";"17911.19922";"18076.19922";"145170.28";"0.00";"IST";"PT";"1m 0s";"-0.00"
"1893";"USTEC_ICM_UTC2";"Buy";"16616.7";"16699.2";"2025.04.07 16:45:00";"2025.04.07 16:46:00";"30.0";"2475.00";"16534.19922";"16699.19922";"147645.28";"0.00";"IST";"PT";"1m 0s";"-0.00"
"1894";"USTEC_ICM_UTC2";"Buy";"17851.2";"17933.7";"2025.04.08 18:30:00";"2025.04.08 18:37:00";"30.0";"2475.00";"17768.69922";"17933.69922";"150120.28";"0.00";"IST";"PT";"7m 0s";"-0.00"
"1895";"USTEC_ICM_UTC2";"Buy";"17234.9";"17317.4";"2025.04.09 17:15:00";"2025.04.09 17:19:00";"30.0";"2475.00";"17152.40039";"17317.40039";"152595.28";"0.00";"IST";"PT";"4m 0s";"-0.00"
"1896";"USTEC_ICM_UTC2";"Buy";"18258.9";"18176.4";"2025.04.10 18:45:00";"2025.04.10 18:52:00";"30.0";"-2475.00";"18176.40039";"18341.40039";"150120.28";"0.00";"IST";"SL";"7m 0s";"-0.00"
"1897";"USTEC_ICM_UTC2";"Buy";"18229.1";"18311.6";"2025.04.11 18:15:00";"2025.04.11 18:33:00";"30.0";"2475.00";"18146.59961";"18311.59961";"152595.28";"0.00";"IST";"PT";"18m 0s";"-0.00"
"1898";"USTEC_ICM_UTC2";"Buy";"18808.9";"18726.4";"2025.04.14 18:30:00";"2025.04.14 18:46:00";"30.0";"-2475.00";"18726.40039";"18891.40039";"150120.28";"0.00";"IST";"SL";"16m 0s";"-0.00"
"1899";"USTEC_ICM_UTC2";"Buy";"18918.4";"18835.9";"2025.04.15 19:15:00";"2025.04.15 19:55:00";"30.0";"-2475.00";"18835.90039";"19000.90039";"147645.28";"0.00";"IST";"SL";"40m 0s";"-0.00"
"1900";"USTEC_ICM_UTC2";"Buy";"18505.6";"18588.1";"2025.04.16 18:15:00";"2025.04.16 18:25:00";"30.0";"2475.00";"18423.09961";"18588.09961";"150120.28";"0.00";"IST";"PT";"10m 0s";"-0.00"
"1901";"USTEC_ICM_UTC2";"Buy";"18216.6";"18299.1";"2025.04.17 18:30:00";"2025.04.17 19:08:00";"30.0";"2475.00";"18134.09961";"18299.09961";"152595.28";"0.00";"IST";"PT";"38m 0s";"-0.00"
"1902";"USTEC_ICM_UTC2";"Buy";"17707.2";"17624.7";"2025.04.21 18:45:00";"2025.04.21 20:10:00";"30.0";"-2475.00";"17624.69922";"17789.69922";"150120.28";"0.00";"IST";"SL";"1h 25m";"-0.00"
"1903";"USTEC_ICM_UTC2";"Buy";"18258.5";"18176.0";"2025.04.22 18:15:00";"2025.04.22 18:44:00";"30.0";"-2475.00";"18176.00000";"18341.00000";"147645.28";"0.00";"IST";"SL";"29m 0s";"-0.00"
"1904";"USTEC_ICM_UTC2";"Buy";"18950.6";"18868.1";"2025.04.23 18:00:00";"2025.04.23 18:23:00";"30.0";"-2475.00";"18868.09961";"19033.09961";"145170.28";"0.00";"IST";"SL";"23m 0s";"-0.00"
"1905";"USTEC_ICM_UTC2";"Buy";"19084.1";"19166.6";"2025.04.24 18:15:00";"2025.04.24 19:58:00";"30.0";"2475.00";"19001.59961";"19166.59961";"147645.28";"0.00";"IST";"PT";"1h 43m";"-0.00"
"1906";"USTEC_ICM_UTC2";"Buy";"19217.1";"19299.6";"2025.04.25 18:45:00";"2025.04.25 19:22:00";"30.0";"2475.00";"19134.59961";"19299.59961";"150120.28";"0.00";"IST";"PT";"37m 0s";"-0.00"
"1907";"USTEC_ICM_UTC2";"Buy";"19338.1";"19255.6";"2025.04.28 18:15:00";"2025.04.28 18:22:00";"30.0";"-2475.00";"19255.59961";"19420.59961";"147645.28";"0.00";"IST";"SL";"7m 0s";"-0.00"
"1908";"USTEC_ICM_UTC2";"Buy";"19471.5";"19389.0";"2025.04.29 17:15:00";"2025.04.29 17:25:00";"30.0";"-2475.00";"19389.00000";"19554.00000";"145170.28";"0.00";"IST";"SL";"10m 0s";"-0.00"
"1909";"USTEC_ICM_UTC2";"Buy";"19077.3";"19159.8";"2025.04.30 16:45:00";"2025.04.30 17:15:00";"30.0";"2475.00";"18994.80078";"19159.80078";"147645.28";"0.00";"IST";"PT";"30m 0s";"-0.00"
"1910";"USTEC_ICM_UTC2";"Buy";"19935.2";"19852.7";"2025.05.01 18:45:00";"2025.05.01 18:56:00";"30.0";"-2475.00";"19852.69922";"20017.69922";"145170.28";"0.00";"IST";"SL";"11m 0s";"-0.00"
"1911";"USTEC_ICM_UTC2";"Buy";"20058.2";"20140.7";"2025.05.02 17:15:00";"2025.05.02 19:01:00";"30.0";"2475.00";"19975.69922";"20140.69922";"147645.28";"0.00";"IST";"PT";"1h 46m";"-0.00"
"1912";"USTEC_ICM_UTC2";"Buy";"20008.2";"20090.7";"2025.05.05 18:15:00";"2025.05.05 21:34:00";"30.0";"2475.00";"19925.69922";"20090.69922";"150120.28";"0.00";"IST";"PT";"3h 19m";"-0.00"
"1913";"USTEC_ICM_UTC2";"Buy";"19812.0";"19894.5";"2025.05.06 17:30:00";"2025.05.06 19:13:00";"30.0";"2475.00";"19729.50000";"19894.50000";"152595.28";"0.00";"IST";"PT";"1h 43m";"-0.00"
"1914";"USTEC_ICM_UTC2";"Buy";"19717.7";"19800.2";"2025.05.07 18:15:00";"2025.05.07 19:53:00";"30.0";"2475.00";"19635.19922";"19800.19922";"155070.28";"0.00";"IST";"PT";"1h 38m";"-0.00"
"1915";"USTEC_ICM_UTC2";"Buy";"20210.6";"20128.1";"2025.05.08 18:45:00";"2025.05.08 22:50:00";"30.0";"-2475.00";"20128.09961";"20293.09961";"152595.28";"0.00";"IST";"SL";"4h 5m";"-0.00"
"1916";"USTEC_ICM_UTC2";"Buy";"20057.8";"20087.3";"2025.05.09 18:30:00";"2025.05.09 22:55:00";"30.0";"885.00";"19975.30078";"20140.30078";"153480.28";"0.00";"IST";"End Of Friday (Time)";"4h 25m";"-0.00"
"1917";"USTEC_ICM_UTC2";"Buy";"20702.6";"20785.1";"2025.05.12 18:30:00";"2025.05.12 19:47:00";"30.0";"2475.00";"20620.09961";"20785.09961";"155955.28";"0.00";"IST";"PT";"1h 17m";"-0.00"
"1918";"USTEC_ICM_UTC2";"Buy";"21167.0";"21249.5";"2025.05.13 18:15:00";"2025.05.13 19:47:00";"30.0";"2475.00";"21084.50000";"21249.50000";"158430.28";"0.00";"IST";"PT";"1h 32m";"-0.00"
"1919";"USTEC_ICM_UTC2";"Buy";"21268.9";"21186.4";"2025.05.14 18:15:00";"2025.05.15 10:55:00";"30.0";"-2658.12";"21186.40039";"21351.40039";"155772.17";"0.00";"IST";"SL";"16h 40m";"-183.12"
"1920";"USTEC_ICM_UTC2";"Buy";"21221.3";"21303.8";"2025.05.15 17:15:00";"2025.05.15 18:16:00";"30.0";"2475.00";"21138.80078";"21303.80078";"158247.17";"0.00";"IST";"PT";"1h 1m";"-0.00"
"1921";"USTEC_ICM_UTC2";"Buy";"21246.3";"21328.8";"2025.05.16 17:45:00";"2025.05.16 18:30:00";"30.0";"2475.00";"21163.80078";"21328.80078";"160722.17";"0.00";"IST";"PT";"45m 0s";"-0.00"
"1922";"USTEC_ICM_UTC2";"Buy";"21124.3";"21206.8";"2025.05.19 16:30:00";"2025.05.19 16:36:00";"30.0";"2475.00";"21041.80078";"21206.80078";"163197.17";"0.00";"IST";"PT";"6m 0s";"-0.00"
"1923";"USTEC_ICM_UTC2";"Buy";"21342.4";"21259.9";"2025.05.20 18:15:00";"2025.05.20 22:00:00";"30.0";"-2475.00";"21259.90039";"21424.90039";"160722.17";"0.00";"IST";"SL";"3h 45m";"-0.00"
"1924";"USTEC_ICM_UTC2";"Buy";"21303.2";"21385.7";"2025.05.21 17:00:00";"2025.05.21 17:59:00";"30.0";"2475.00";"21220.69922";"21385.69922";"163197.17";"0.00";"IST";"PT";"59m 0s";"-0.00"
"1925";"USTEC_ICM_UTC2";"Buy";"21202.0";"21119.5";"2025.05.22 17:15:00";"2025.05.22 17:55:00";"30.0";"-2475.00";"21119.50000";"21284.50000";"160722.17";"0.00";"IST";"SL";"40m 0s";"-0.00"
"1926";"USTEC_ICM_UTC2";"Buy";"20786.6";"20869.1";"2025.05.23 16:30:00";"2025.05.23 16:35:00";"30.0";"2475.00";"20704.09961";"20869.09961";"163197.17";"0.00";"IST";"PT";"5m 0s";"-0.00"
"1927";"USTEC_ICM_UTC2";"Buy";"21240.6";"21323.1";"2025.05.27 17:00:00";"2025.05.27 17:26:00";"30.0";"2475.00";"21158.09961";"21323.09961";"165672.17";"0.00";"IST";"PT";"26m 0s";"-0.00"
"1928";"USTEC_ICM_UTC2";"Buy";"21417.6";"21335.1";"2025.05.28 17:15:00";"2025.05.28 22:50:00";"30.0";"-2475.00";"21335.09961";"21500.09961";"163197.17";"0.00";"IST";"SL";"5h 35m";"-0.00"
"1929";"USTEC_ICM_UTC2";"Buy";"21474.4";"21391.9";"2025.05.29 16:45:00";"2025.05.29 17:06:00";"30.0";"-2475.00";"21391.90039";"21556.90039";"160722.17";"0.00";"IST";"SL";"21m 0s";"-0.00"
"1930";"USTEC_ICM_UTC2";"Buy";"21209.6";"21292.1";"2025.05.30 17:00:00";"2025.05.30 17:05:00";"30.0";"2475.00";"21127.09961";"21292.09961";"163197.17";"0.00";"IST";"PT";"5m 0s";"-0.00"
"1931";"USTEC_ICM_UTC2";"Buy";"21355.8";"21438.3";"2025.06.02 18:15:00";"2025.06.02 21:15:00";"30.0";"2475.00";"21273.30078";"21438.30078";"165672.17";"0.00";"IST";"PT";"3h 0m";"-0.00"
"1932";"USTEC_ICM_UTC2";"Buy";"21624.3";"21706.8";"2025.06.03 18:15:00";"2025.06.03 20:17:00";"30.0";"2475.00";"21541.80078";"21706.80078";"168147.17";"0.00";"IST";"PT";"2h 2m";"-0.00"
"1933";"USTEC_ICM_UTC2";"Buy";"21724.0";"21806.5";"2025.06.04 18:00:00";"2025.06.05 15:49:00";"30.0";"2291.88";"21641.50000";"21806.50000";"170439.05";"0.00";"IST";"PT";"21h 49m";"-183.12"
"1934";"USTEC_ICM_UTC2";"Buy";"21688.8";"21771.3";"2025.06.05 17:15:00";"2025.06.05 17:38:00";"30.0";"2475.00";"21606.30078";"21771.30078";"172914.05";"0.00";"IST";"PT";"23m 0s";"-0.00"
"1935";"USTEC_ICM_UTC2";"Buy";"21805.5";"21723.0";"2025.06.06 17:15:00";"2025.06.06 18:20:00";"30.0";"-2475.00";"21723.00000";"21888.00000";"170439.05";"0.00";"IST";"SL";"1h 5m";"-0.00"
"1936";"USTEC_ICM_UTC2";"Buy";"21824.7";"21907.2";"2025.06.09 18:15:00";"2025.06.10 04:26:00";"30.0";"2291.88";"21742.19922";"21907.19922";"172730.92";"0.00";"IST";"PT";"10h 11m";"-183.12"
"1937";"USTEC_ICM_UTC2";"Buy";"21846.2";"21763.7";"2025.06.10 18:15:00";"2025.06.10 18:32:00";"30.0";"-2475.00";"21763.69922";"21928.69922";"170255.92";"0.00";"IST";"SL";"17m 0s";"-0.00"
"1938";"USTEC_ICM_UTC2";"Buy";"21951.0";"22033.5";"2025.06.11 16:45:00";"2025.06.11 17:52:00";"30.0";"2475.00";"21868.50000";"22033.50000";"172730.92";"0.00";"IST";"PT";"1h 7m";"-0.00"
"1939";"USTEC_ICM_UTC2";"Buy";"21926.8";"21844.3";"2025.06.12 18:15:00";"2025.06.13 02:41:00";"30.0";"-2658.12";"21844.30078";"22009.30078";"170072.80";"0.00";"IST";"SL";"8h 26m";"-183.12"
"1940";"USTEC_ICM_UTC2";"Buy";"21714.7";"21632.2";"2025.06.13 17:00:00";"2025.06.13 17:21:00";"30.0";"-2475.00";"21632.19922";"21797.19922";"167597.80";"0.00";"IST";"SL";"21m 0s";"-0.00"
"1941";"USTEC_ICM_UTC2";"Buy";"21962.4";"21879.9";"2025.06.16 18:15:00";"2025.06.17 01:36:00";"30.0";"-2658.12";"21879.90039";"22044.90039";"164939.69";"0.00";"IST";"SL";"7h 21m";"-183.12"
"1942";"USTEC_ICM_UTC2";"Buy";"21856.9";"21774.4";"2025.06.17 18:30:00";"2025.06.17 20:30:00";"30.0";"-2475.00";"21774.40039";"21939.40039";"162464.69";"0.00";"IST";"SL";"2h 0m";"-0.00"
"1943";"USTEC_ICM_UTC2";"Buy";"21819.6";"21737.1";"2025.06.18 18:30:00";"2025.06.18 20:31:00";"30.0";"-2475.00";"21737.09961";"21902.09961";"159989.69";"0.00";"IST";"SL";"2h 1m";"-0.00"
"1944";"USTEC_ICM_UTC2";"Buy";"21508.0";"21602.3";"2025.06.19 19:30:00";"2025.06.20 01:05:00";"30.0";"2644.86";"21425.50000";"21590.50000";"162634.55";"0.00";"IST";"PT";"5h 35m";"-183.12"
"1945";"USTEC_ICM_UTC2";"Buy";"21599.7";"21682.2";"2025.06.20 18:00:00";"2025.06.20 18:36:00";"30.0";"2475.00";"21517.19922";"21682.19922";"165109.55";"0.00";"IST";"PT";"36m 0s";"-0.00"
"1946";"USTEC_ICM_UTC2";"Buy";"21783.0";"21700.5";"2025.06.23 18:15:00";"2025.06.23 19:02:00";"30.0";"-2475.00";"21700.50000";"21865.50000";"162634.55";"0.00";"IST";"SL";"47m 0s";"-0.00"
"1947";"USTEC_ICM_UTC2";"Buy";"22133.2";"22215.7";"2025.06.24 18:15:00";"2025.06.24 22:03:00";"30.0";"2475.00";"22050.69922";"22215.69922";"165109.55";"0.00";"IST";"PT";"3h 48m";"-0.00"
"1948";"USTEC_ICM_UTC2";"Buy";"22236.1";"22318.6";"2025.06.25 18:15:00";"2025.06.26 09:53:00";"30.0";"2291.88";"22153.59961";"22318.59961";"167401.42";"0.00";"IST";"PT";"15h 38m";"-183.12"
"1949";"USTEC_ICM_UTC2";"Buy";"22349.2";"22431.7";"2025.06.26 17:30:00";"2025.06.26 21:05:00";"30.0";"2475.00";"22266.69922";"22431.69922";"169876.42";"0.00";"IST";"PT";"3h 35m";"-0.00"
"1950";"USTEC_ICM_UTC2";"Buy";"22548.5";"22466.0";"2025.06.27 17:00:00";"2025.06.27 21:19:00";"30.0";"-2475.00";"22466.00000";"22631.00000";"167401.42";"0.00";"IST";"SL";"4h 19m";"-0.00"
"1951";"USTEC_ICM_UTC2";"Buy";"22599.7";"22682.2";"2025.06.30 18:30:00";"2025.06.30 22:48:00";"30.0";"2475.00";"22517.19922";"22682.19922";"169876.42";"0.00";"IST";"PT";"4h 18m";"-0.00"
"1952";"USTEC_ICM_UTC2";"Buy";"22599.8";"22517.3";"2025.07.01 17:00:00";"2025.07.01 17:37:00";"30.0";"-2475.00";"22517.30078";"22682.30078";"167401.42";"0.00";"IST";"SL";"37m 0s";"-0.00"
"1953";"USTEC_ICM_UTC2";"Buy";"22483.0";"22565.5";"2025.07.02 16:45:00";"2025.07.02 17:25:00";"30.0";"2475.00";"22400.50000";"22565.50000";"169876.42";"0.00";"IST";"PT";"40m 0s";"-0.00"
"1954";"USTEC_ICM_UTC2";"Buy";"22841.9";"22759.4";"2025.07.03 17:15:00";"2025.07.04 10:19:00";"30.0";"-2658.12";"22759.40039";"22924.40039";"167218.30";"0.00";"IST";"SL";"17h 4m";"-183.12"
"1955";"USTEC_ICM_UTC2";"Buy";"22734.3";"22816.8";"2025.07.04 18:15:00";"2025.07.07 01:07:00";"30.0";"1925.64";"22651.80078";"22816.80078";"169143.94";"0.00";"IST";"PT";"2d 6h 52m";"-549.36"
"1956";"USTEC_ICM_UTC2";"Buy";"22752.9";"22670.4";"2025.07.07 16:45:00";"2025.07.07 19:21:00";"30.0";"-2475.00";"22670.40039";"22835.40039";"166668.94";"0.00";"IST";"SL";"2h 36m";"-0.00"
"1957";"USTEC_ICM_UTC2";"Buy";"22688.1";"22770.6";"2025.07.08 18:45:00";"2025.07.09 16:25:00";"30.0";"2291.88";"22605.59961";"22770.59961";"168960.83";"0.00";"IST";"PT";"21h 40m";"-183.12"
"1958";"USTEC_ICM_UTC2";"Buy";"22785.1";"22867.6";"2025.07.09 17:45:00";"2025.07.09 23:00:00";"30.0";"2475.00";"22702.59961";"22867.59961";"171435.83";"0.00";"IST";"PT";"5h 15m";"-0.00"
"1959";"USTEC_ICM_UTC2";"Buy";"22775.6";"22858.1";"2025.07.10 18:00:00";"2025.07.10 21:19:00";"30.0";"2475.00";"22693.09961";"22858.09961";"173910.83";"0.00";"IST";"PT";"3h 19m";"-0.00"
"1960";"USTEC_ICM_UTC2";"Buy";"22806.2";"22790.5";"2025.07.11 17:45:00";"2025.07.11 22:55:00";"30.0";"-470.97";"22723.69922";"22888.69922";"173439.86";"0.00";"IST";"End Of Friday (Time)";"5h 10m";"-0.00"
"1961";"USTEC_ICM_UTC2";"Buy";"22811.3";"22893.8";"2025.07.14 18:00:00";"2025.07.15 04:44:00";"30.0";"2291.88";"22728.80078";"22893.80078";"175731.73";"0.00";"IST";"PT";"10h 44m";"-183.12"
"1962";"USTEC_ICM_UTC2";"Buy";"23013.4";"22930.9";"2025.07.15 17:15:00";"2025.07.15 17:54:00";"30.0";"-2475.00";"22930.90039";"23095.90039";"173256.73";"0.00";"IST";"SL";"39m 0s";"-0.00"
"1963";"USTEC_ICM_UTC2";"Buy";"22767.3";"22849.8";"2025.07.16 18:45:00";"2025.07.16 18:56:00";"30.0";"2475.00";"22684.80078";"22849.80078";"175731.73";"0.00";"IST";"PT";"11m 0s";"-0.00"
"1964";"USTEC_ICM_UTC2";"Buy";"22984.8";"23067.3";"2025.07.17 17:15:00";"2025.07.17 18:06:00";"30.0";"2475.00";"22902.30078";"23067.30078";"178206.73";"0.00";"IST";"PT";"51m 0s";"-0.00"
"1965";"USTEC_ICM_UTC2";"Buy";"23046.0";"23058.5";"2025.07.18 18:00:00";"2025.07.18 22:55:00";"30.0";"375.00";"22963.50000";"23128.50000";"178581.73";"0.00";"IST";"End Of Friday (Time)";"4h 55m";"-0.00"
"1966";"USTEC_ICM_UTC2";"Buy";"23236.6";"23154.1";"2025.07.21 18:00:00";"2025.07.22 07:15:00";"30.0";"-2658.12";"23154.09961";"23319.09961";"175923.61";"0.00";"IST";"SL";"13h 15m";"-183.12"
"1967";"USTEC_ICM_UTC2";"Buy";"23060.4";"23142.9";"2025.07.22 18:45:00";"2025.07.23 21:14:00";"30.0";"2291.88";"22977.90039";"23142.90039";"178215.50";"0.00";"IST";"PT";"1d 2h 29m";"-183.12"
"1968";"USTEC_ICM_UTC2";"Buy";"23150.2";"23232.7";"2025.07.23 22:00:00";"2025.07.23 23:13:00";"30.0";"2475.00";"23067.69922";"23232.69922";"180690.50";"0.00";"IST";"PT";"1h 13m";"-0.00"
"1969";"USTEC_ICM_UTC2";"Buy";"23223.9";"23306.4";"2025.07.24 18:00:00";"2025.07.25 19:23:00";"30.0";"2291.88";"23141.40039";"23306.40039";"182982.38";"0.00";"IST";"PT";"1d 1h 23m";"-183.12"
"1970";"USTEC_ICM_UTC2";"Buy";"23305.8";"23277.3";"2025.07.25 20:00:00";"2025.07.25 22:55:00";"30.0";"-855.00";"23223.30078";"23388.30078";"182127.38";"0.00";"IST";"End Of Friday (Time)";"2h 55m";"-0.00"
"1971";"USTEC_ICM_UTC2";"Buy";"23379.9";"23297.4";"2025.07.28 17:00:00";"2025.07.28 18:20:00";"30.0";"-2475.00";"23297.40039";"23462.40039";"179652.38";"0.00";"IST";"SL";"1h 20m";"-0.00"
"1972";"USTEC_ICM_UTC2";"Buy";"23387.6";"23305.1";"2025.07.29 18:00:00";"2025.07.29 18:42:00";"30.0";"-2475.00";"23305.09961";"23470.09961";"177177.38";"0.00";"IST";"SL";"42m 0s";"-0.00"
"1973";"USTEC_ICM_UTC2";"Buy";"23346.9";"23429.4";"2025.07.30 17:00:00";"2025.07.30 21:31:00";"30.0";"2475.00";"23264.40039";"23429.40039";"179652.38";"0.00";"IST";"PT";"4h 31m";"-0.00"
"1974";"USTEC_ICM_UTC2";"Buy";"23401.7";"23319.2";"2025.07.31 18:30:00";"2025.07.31 20:27:00";"30.0";"-2475.00";"23319.19922";"23484.19922";"177177.38";"0.00";"IST";"SL";"1h 57m";"-0.00"
"1975";"USTEC_ICM_UTC2";"Buy";"22786.1";"22868.6";"2025.08.01 17:15:00";"2025.08.01 17:30:00";"30.0";"2475.00";"22703.59961";"22868.59961";"179652.38";"0.00";"IST";"PT";"15m 0s";"-0.00"
"1976";"USTEC_ICM_UTC2";"Buy";"23094.1";"23176.6";"2025.08.04 18:15:00";"2025.08.04 22:17:00";"30.0";"2475.00";"23011.59961";"23176.59961";"182127.38";"0.00";"IST";"PT";"4h 2m";"-0.00"
"1977";"USTEC_ICM_UTC2";"Buy";"23241.7";"23159.2";"2025.08.05 16:45:00";"2025.08.05 17:26:00";"30.0";"-2475.00";"23159.19922";"23324.19922";"179652.38";"0.00";"IST";"SL";"41m 0s";"-0.00"
"1978";"USTEC_ICM_UTC2";"Buy";"23090.4";"23172.9";"2025.08.06 17:00:00";"2025.08.06 17:06:00";"30.0";"2475.00";"23007.90039";"23172.90039";"182127.38";"0.00";"IST";"PT";"6m 0s";"-0.00"
"1979";"USTEC_ICM_UTC2";"Buy";"23403.8";"23321.3";"2025.08.07 18:30:00";"2025.08.07 19:41:00";"30.0";"-2475.00";"23321.30078";"23486.30078";"179652.38";"0.00";"IST";"SL";"1h 11m";"-0.00"
"1980";"USTEC_ICM_UTC2";"Buy";"23576.2";"23605.2";"2025.08.08 18:15:00";"2025.08.08 22:55:00";"30.0";"870.00";"23493.69922";"23658.69922";"180522.38";"0.00";"IST";"End Of Friday (Time)";"4h 40m";"-0.00"
"1981";"USTEC_ICM_UTC2";"Buy";"23644.0";"23561.5";"2025.08.11 18:15:00";"2025.08.11 21:44:00";"30.0";"-2475.00";"23561.50000";"23726.50000";"178047.38";"0.00";"IST";"SL";"3h 29m";"-0.00"
"1982";"USTEC_ICM_UTC2";"Buy";"23575.8";"23658.3";"2025.08.12 17:15:00";"2025.08.12 18:03:00";"30.0";"2475.00";"23493.30078";"23658.30078";"180522.38";"0.00";"IST";"PT";"48m 0s";"-0.00"
"1983";"USTEC_ICM_UTC2";"Buy";"23831.6";"23749.1";"2025.08.13 19:15:00";"2025.08.14 15:33:00";"30.0";"-2658.12";"23749.09961";"23914.09961";"177864.25";"0.00";"IST";"SL";"20h 18m";"-183.12"
"1984";"USTEC_ICM_UTC2";"Buy";"23856.5";"23774.0";"2025.08.14 17:30:00";"2025.08.14 18:26:00";"30.0";"-2475.00";"23774.00000";"23939.00000";"175389.25";"0.00";"IST";"SL";"56m 0s";"-0.00"
"1985";"USTEC_ICM_UTC2";"Buy";"23712.9";"23716.2";"2025.08.15 18:00:00";"2025.08.15 22:55:00";"30.0";"98.97";"23630.40039";"23795.40039";"175488.22";"0.00";"IST";"End Of Friday (Time)";"4h 55m";"-0.00"
"1986";"USTEC_ICM_UTC2";"Buy";"23673.0";"23590.5";"2025.08.18 18:15:00";"2025.08.19 16:34:00";"30.0";"-2658.12";"23590.50000";"23755.50000";"172830.11";"0.00";"IST";"SL";"22h 19m";"-183.12"
"1987";"USTEC_ICM_UTC2";"Buy";"23459.0";"23376.5";"2025.08.19 18:00:00";"2025.08.19 20:05:00";"30.0";"-2475.00";"23376.50000";"23541.50000";"170355.11";"0.00";"IST";"SL";"2h 5m";"-0.00"
"1988";"USTEC_ICM_UTC2";"Buy";"22981.2";"23063.7";"2025.08.20 18:00:00";"2025.08.20 18:15:00";"30.0";"2475.00";"22898.69922";"23063.69922";"172830.11";"0.00";"IST";"PT";"15m 0s";"-0.00"
"1989";"USTEC_ICM_UTC2";"Buy";"23200.7";"23118.2";"2025.08.21 17:45:00";"2025.08.21 18:56:00";"30.0";"-2475.00";"23118.19922";"23283.19922";"170355.11";"0.00";"IST";"SL";"1h 11m";"-0.00"
"1990";"USTEC_ICM_UTC2";"Buy";"23476.3";"23558.8";"2025.08.22 18:15:00";"2025.08.22 19:14:00";"30.0";"2475.00";"23393.80078";"23558.80078";"172830.11";"0.00";"IST";"PT";"59m 0s";"-0.00"
"1991";"USTEC_ICM_UTC2";"Buy";"23530.9";"23448.4";"2025.08.25 18:30:00";"2025.08.25 22:57:00";"30.0";"-2475.00";"23448.40039";"23613.40039";"170355.11";"0.00";"IST";"SL";"4h 27m";"-0.00"
"1992";"USTEC_ICM_UTC2";"Buy";"23465.2";"23547.7";"2025.08.26 18:15:00";"2025.08.27 01:04:00";"30.0";"2293.17";"23382.69922";"23547.69922";"172648.27";"0.00";"IST";"PT";"6h 49m";"-183.12"
"1993";"USTEC_ICM_UTC2";"Buy";"23540.0";"23449.6";"2025.08.27 17:45:00";"2025.08.28 01:05:00";"30.0";"-2893.83";"23457.50000";"23622.50000";"169754.44";"0.00";"IST";"SL";"7h 20m";"-183.12"
"1994";"USTEC_ICM_UTC2";"Buy";"23667.3";"23584.8";"2025.08.28 18:15:00";"2025.08.29 11:54:00";"30.0";"-2658.12";"23584.80078";"23749.80078";"167096.33";"0.00";"IST";"SL";"17h 39m";"-183.12"
"1995";"USTEC_ICM_UTC2";"Buy";"23408.5";"23380.8";"2025.08.29 18:45:00";"2025.08.29 22:55:00";"30.0";"-830.97";"23326.00000";"23491.00000";"166265.36";"0.00";"IST";"End Of Friday (Time)";"4h 10m";"-0.00"
"1996";"USTEC_ICM_UTC2";"Buy";"23056.3";"23138.8";"2025.09.02 16:30:00";"2025.09.02 16:46:00";"30.0";"2475.00";"22973.80078";"23138.80078";"168740.36";"0.00";"IST";"PT";"16m 0s";"-0.00"
"1997";"USTEC_ICM_UTC2";"Buy";"23464.1";"23381.6";"2025.09.03 17:45:00";"2025.09.03 18:29:00";"30.0";"-2475.00";"23381.59961";"23546.59961";"166265.36";"0.00";"IST";"SL";"44m 0s";"-0.00"
"1998";"USTEC_ICM_UTC2";"Buy";"23464.1";"23546.6";"2025.09.04 18:15:00";"2025.09.04 20:51:00";"30.0";"2475.00";"23381.59961";"23546.59961";"168740.36";"0.00";"IST";"PT";"2h 36m";"-0.00"
"1999";"USTEC_ICM_UTC2";"Buy";"23720.2";"23637.7";"2025.09.05 17:15:00";"2025.09.05 17:23:00";"30.0";"-2475.00";"23637.69922";"23802.69922";"166265.36";"0.00";"IST";"SL";"8m 0s";"-0.00"
"2000";"USTEC_ICM_UTC2";"Buy";"23837.2";"23754.7";"2025.09.08 18:15:00";"2025.09.08 19:37:00";"30.0";"-2475.00";"23754.69922";"23919.69922";"163790.36";"0.00";"IST";"SL";"1h 22m";"-0.00"
"2001";"USTEC_ICM_UTC2";"Buy";"23753.2";"23835.7";"2025.09.09 18:00:00";"2025.09.09 22:51:00";"30.0";"2475.00";"23670.69922";"23835.69922";"166265.36";"0.00";"IST";"PT";"4h 51m";"-0.00"
"2002";"USTEC_ICM_UTC2";"Buy";"23913.4";"23830.9";"2025.09.10 18:30:00";"2025.09.10 21:19:00";"30.0";"-2475.00";"23830.90039";"23995.90039";"163790.36";"0.00";"IST";"SL";"2h 49m";"-0.00"
"2003";"USTEC_ICM_UTC2";"Buy";"23954.5";"24037.0";"2025.09.11 17:00:00";"2025.09.12 16:30:00";"30.0";"2291.88";"23872.00000";"24037.00000";"166082.23";"0.00";"IST";"PT";"23h 30m";"-183.12"
"2004";"USTEC_ICM_UTC2";"Buy";"24068.4";"24107.4";"2025.09.12 18:30:00";"2025.09.12 22:55:00";"30.0";"1170.00";"23985.90039";"24150.90039";"167252.23";"0.00";"IST";"End Of Friday (Time)";"4h 25m";"-0.00"
"2005";"USTEC_ICM_UTC2";"Buy";"24237.1";"24319.6";"2025.09.15 18:15:00";"2025.09.16 05:31:00";"30.0";"2291.88";"24154.59961";"24319.59961";"169544.11";"0.00";"IST";"PT";"11h 16m";"-183.12"
"2006";"USTEC_ICM_UTC2";"Buy";"24258.0";"24175.5";"2025.09.16 18:45:00";"2025.09.17 17:43:00";"30.0";"-2658.12";"24175.50000";"24340.50000";"166886.00";"0.00";"IST";"SL";"22h 58m";"-183.12"
"2007";"USTEC_ICM_UTC2";"Buy";"24163.1";"24245.6";"2025.09.17 18:30:00";"2025.09.17 21:00:00";"30.0";"2475.00";"24080.59961";"24245.59961";"169361.00";"0.00";"IST";"PT";"2h 30m";"-0.00"
"2008";"USTEC_ICM_UTC2";"Buy";"24429.1";"24511.6";"2025.09.18 16:30:00";"2025.09.18 17:10:00";"30.0";"2475.00";"24346.59961";"24511.59961";"171836.00";"0.00";"IST";"PT";"40m 0s";"-0.00"
"2009";"USTEC_ICM_UTC2";"Buy";"24510.6";"24593.1";"2025.09.19 17:45:00";"2025.09.19 22:27:00";"30.0";"2475.00";"24428.09961";"24593.09961";"174311.00";"0.00";"IST";"PT";"4h 42m";"-0.00"
"2010";"USTEC_ICM_UTC2";"Buy";"24665.6";"24748.1";"2025.09.22 18:15:00";"2025.09.22 20:44:00";"30.0";"2475.00";"24583.09961";"24748.09961";"176786.00";"0.00";"IST";"PT";"2h 29m";"-0.00"
"2011";"USTEC_ICM_UTC2";"Buy";"24716.6";"24634.1";"2025.09.23 18:30:00";"2025.09.23 20:27:00";"30.0";"-2475.00";"24634.09961";"24799.09961";"174311.00";"0.00";"IST";"SL";"1h 57m";"-0.00"
"2012";"USTEC_ICM_UTC2";"Buy";"24554.5";"24472.0";"2025.09.24 18:30:00";"2025.09.24 18:52:00";"30.0";"-2475.00";"24472.00000";"24637.00000";"171836.00";"0.00";"IST";"SL";"22m 0s";"-0.00"
"2013";"USTEC_ICM_UTC2";"Buy";"24341.3";"24258.8";"2025.09.25 16:30:00";"2025.09.25 16:36:00";"30.0";"-2475.00";"24258.80078";"24423.80078";"169361.00";"0.00";"IST";"SL";"6m 0s";"-0.00"
"2014";"USTEC_ICM_UTC2";"Buy";"24381.0";"24298.5";"2025.09.26 17:15:00";"2025.09.26 17:27:00";"30.0";"-2475.00";"24298.50000";"24463.50000";"166886.00";"0.00";"IST";"SL";"12m 0s";"-0.00"
"2015";"USTEC_ICM_UTC2";"Buy";"24667.2";"24584.7";"2025.09.29 18:15:00";"2025.09.29 20:03:00";"30.0";"-2475.00";"24584.69922";"24749.69922";"164411.00";"0.00";"IST";"SL";"1h 48m";"-0.00"
"2016";"USTEC_ICM_UTC2";"Buy";"24562.0";"24644.5";"2025.09.30 17:00:00";"2025.09.30 18:09:00";"30.0";"2475.00";"24479.50000";"24644.50000";"166886.00";"0.00";"IST";"PT";"1h 9m";"-0.00"
"2017";"USTEC_ICM_UTC2";"Buy";"24682.6";"24765.1";"2025.10.01 18:15:00";"2025.10.01 20:26:00";"30.0";"2475.00";"24600.09961";"24765.09961";"169361.00";"0.00";"IST";"PT";"2h 11m";"-0.00"
"2018";"USTEC_ICM_UTC2";"Buy";"24828.2";"24910.7";"2025.10.02 18:30:00";"2025.10.02 22:28:00";"30.0";"2475.00";"24745.69922";"24910.69922";"171836.00";"0.00";"IST";"PT";"3h 58m";"-0.00"
"2019";"USTEC_ICM_UTC2";"Buy";"24936.1";"24853.6";"2025.10.03 19:00:00";"2025.10.03 20:03:00";"30.0";"-2475.00";"24853.59961";"25018.59961";"169361.00";"0.00";"IST";"SL";"1h 3m";"-0.00"
"2020";"USTEC_ICM_UTC2";"Buy";"25010.4";"24927.9";"2025.10.06 16:30:00";"2025.10.06 16:43:00";"30.0";"-2475.00";"24927.90039";"25092.90039";"166886.00";"0.00";"IST";"SL";"13m 0s";"-0.00"
"2021";"USTEC_ICM_UTC2";"Buy";"25034.3";"24951.8";"2025.10.07 17:15:00";"2025.10.07 18:03:00";"30.0";"-2475.00";"24951.80078";"25116.80078";"164411.00";"0.00";"IST";"SL";"48m 0s";"-0.00"
"2022";"USTEC_ICM_UTC2";"Buy";"24993.1";"25075.6";"2025.10.08 17:45:00";"2025.10.08 20:48:00";"30.0";"2475.00";"24910.59961";"25075.59961";"166886.00";"0.00";"IST";"PT";"3h 3m";"-0.00"
"2023";"USTEC_ICM_UTC2";"Buy";"25053.1";"24970.6";"2025.10.09 18:00:00";"2025.10.09 20:30:00";"30.0";"-2475.00";"24970.59961";"25135.59961";"164411.00";"0.00";"IST";"SL";"2h 30m";"-0.00"
"2024";"USTEC_ICM_UTC2";"Buy";"24875.0";"24792.5";"2025.10.10 18:15:00";"2025.10.10 18:18:00";"30.0";"-2475.00";"24792.50000";"24957.50000";"161936.00";"0.00";"IST";"SL";"3m 0s";"-0.00"
"2025";"USTEC_ICM_UTC2";"Buy";"24637.4";"24719.9";"2025.10.13 16:45:00";"2025.10.13 17:00:00";"30.0";"2475.00";"24554.90039";"24719.90039";"164411.00";"0.00";"IST";"PT";"15m 0s";"-0.00"
"2026";"USTEC_ICM_UTC2";"Buy";"24528.4";"24610.9";"2025.10.14 18:30:00";"2025.10.14 18:45:00";"30.0";"2475.00";"24445.90039";"24610.90039";"166886.00";"0.00";"IST";"PT";"15m 0s";"-0.00"
"2027";"USTEC_ICM_UTC2";"Buy";"24874.4";"24791.9";"2025.10.15 18:30:00";"2025.10.15 18:37:00";"30.0";"-2475.00";"24791.90039";"24956.90039";"164411.00";"0.00";"IST";"SL";"7m 0s";"-0.00"
"2028";"USTEC_ICM_UTC2";"Buy";"24946.8";"24864.3";"2025.10.16 18:15:00";"2025.10.16 18:27:00";"30.0";"-2475.00";"24864.30078";"25029.30078";"161936.00";"0.00";"IST";"SL";"12m 0s";"-0.00"
"2029";"USTEC_ICM_UTC2";"Buy";"24570.5";"24653.0";"2025.10.17 18:30:00";"2025.10.17 18:48:00";"30.0";"2475.00";"24488.00000";"24653.00000";"164411.00";"0.00";"IST";"PT";"18m 0s";"-0.00"
"2030";"USTEC_ICM_UTC2";"Buy";"25127.8";"25045.3";"2025.10.20 18:15:00";"2025.10.21 17:28:00";"30.0";"-2658.12";"25045.30078";"25210.30078";"161752.88";"0.00";"IST";"SL";"23h 13m";"-183.12"
"2031";"USTEC_ICM_UTC2";"Buy";"25118.6";"25036.1";"2025.10.21 18:45:00";"2025.10.22 16:33:00";"30.0";"-2658.12";"25036.09961";"25201.09961";"159094.75";"0.00";"IST";"SL";"21h 48m";"-183.12"
"2032";"USTEC_ICM_UTC2";"Buy";"24867.5";"24950.0";"2025.10.22 18:30:00";"2025.10.22 18:50:00";"30.0";"2475.00";"24785.00000";"24950.00000";"161569.75";"0.00";"IST";"PT";"20m 0s";"-0.00"
"2033";"USTEC_ICM_UTC2";"Buy";"24994.4";"25076.9";"2025.10.23 17:30:00";"2025.10.23 19:53:00";"30.0";"2475.00";"24911.90039";"25076.90039";"164044.75";"0.00";"IST";"PT";"2h 23m";"-0.00"
"2034";"USTEC_ICM_UTC2";"Buy";"25390.3";"25307.8";"2025.10.24 17:15:00";"2025.10.24 17:56:00";"30.0";"-2475.00";"25307.80078";"25472.80078";"161569.75";"0.00";"IST";"SL";"41m 0s";"-0.00"
"2035";"USTEC_ICM_UTC2";"Buy";"25748.4";"25830.9";"2025.10.27 17:15:00";"2025.10.27 21:54:00";"30.0";"2475.00";"25665.90039";"25830.90039";"164044.75";"0.00";"IST";"PT";"4h 39m";"-0.00"
"2036";"USTEC_ICM_UTC2";"Buy";"25881.7";"25964.2";"2025.10.28 16:45:00";"2025.10.28 18:30:00";"30.0";"2475.00";"25799.19922";"25964.19922";"166519.75";"0.00";"IST";"PT";"1h 45m";"-0.00"
"2037";"USTEC_ICM_UTC2";"Buy";"26113.4";"26030.9";"2025.10.29 17:15:00";"2025.10.29 20:35:00";"30.0";"-2475.00";"26030.90039";"26195.90039";"164044.75";"0.00";"IST";"SL";"3h 20m";"-0.00"
"2038";"USTEC_ICM_UTC2";"Buy";"25879.5";"25797.0";"2025.10.30 16:30:00";"2025.10.30 21:16:00";"30.0";"-2475.00";"25797.00000";"25962.00000";"161569.75";"0.00";"IST";"SL";"4h 46m";"-0.00"
"2039";"USTEC_ICM_UTC2";"Buy";"25999.6";"25917.1";"2025.10.31 17:30:00";"2025.10.31 17:56:00";"30.0";"-2475.00";"25917.09961";"26082.09961";"159094.75";"0.00";"IST";"SL";"26m 0s";"-0.00"
"2040";"USTEC_ICM_UTC2";"Buy";"25947.9";"26030.4";"2025.11.03 18:45:00";"2025.11.03 20:37:00";"30.0";"2475.00";"25865.40039";"26030.40039";"161569.75";"0.00";"IST";"PT";"1h 52m";"-0.00"
"2041";"USTEC_ICM_UTC2";"Buy";"25735.9";"25653.4";"2025.11.04 17:30:00";"2025.11.04 17:56:00";"30.0";"-2475.00";"25653.40039";"25818.40039";"159094.75";"0.00";"IST";"SL";"26m 0s";"-0.00"
"2042";"USTEC_ICM_UTC2";"Buy";"25562.4";"25644.9";"2025.11.05 17:00:00";"2025.11.05 18:46:00";"30.0";"2475.00";"25479.90039";"25644.90039";"161569.75";"0.00";"IST";"PT";"1h 46m";"-0.00"
"2043";"USTEC_ICM_UTC2";"Buy";"25183.8";"25101.3";"2025.11.06 18:00:00";"2025.11.06 18:56:00";"30.0";"-2475.00";"25101.30078";"25266.30078";"159094.75";"0.00";"IST";"SL";"56m 0s";"-0.00"
"2044";"USTEC_ICM_UTC2";"Buy";"25000.6";"24918.1";"2025.11.07 16:30:00";"2025.11.07 16:36:00";"30.0";"-2475.00";"24918.09961";"25083.09961";"156619.75";"0.00";"IST";"SL";"6m 0s";"-0.00"
"2045";"USTEC_ICM_UTC2";"Buy";"25410.2";"25492.7";"2025.11.10 18:15:00";"2025.11.10 19:40:00";"30.0";"2475.00";"25327.69922";"25492.69922";"159094.75";"0.00";"IST";"PT";"1h 25m";"-0.00"
"2046";"USTEC_ICM_UTC2";"Buy";"25409.2";"25491.7";"2025.11.11 18:30:00";"2025.11.11 19:49:00";"30.0";"2475.00";"25326.69922";"25491.69922";"161569.75";"0.00";"IST";"PT";"1h 19m";"-0.00"
"2047";"USTEC_ICM_UTC2";"Buy";"25476.4";"25393.9";"2025.11.12 18:30:00";"2025.11.12 18:49:00";"30.0";"-2475.00";"25393.90039";"25558.90039";"159094.75";"0.00";"IST";"SL";"19m 0s";"-0.00"
"2048";"USTEC_ICM_UTC2";"Buy";"25285.6";"25203.1";"2025.11.13 17:30:00";"2025.11.13 17:37:00";"30.0";"-2475.00";"25203.09961";"25368.09961";"156619.75";"0.00";"IST";"SL";"7m 0s";"-0.00"
"2049";"USTEC_ICM_UTC2";"Buy";"24629.5";"24547.0";"2025.11.14 16:30:00";"2025.11.14 16:33:00";"30.0";"-2475.00";"24547.00000";"24712.00000";"154144.75";"0.00";"IST";"SL";"3m 0s";"-0.00"
"2050";"USTEC_ICM_UTC2";"Buy";"25051.0";"24968.5";"2025.11.17 17:30:00";"2025.11.17 18:01:00";"30.0";"-2475.00";"24968.50000";"25133.50000";"151669.75";"0.00";"IST";"SL";"31m 0s";"-0.00"
"2051";"USTEC_ICM_UTC2";"Buy";"24571.2";"24488.7";"2025.11.18 16:45:00";"2025.11.18 16:54:00";"30.0";"-2475.00";"24488.69922";"24653.69922";"149194.75";"0.00";"IST";"SL";"9m 0s";"-0.00"
"2052";"USTEC_ICM_UTC2";"Buy";"24635.8";"24553.3";"2025.11.19 18:15:00";"2025.11.19 19:04:00";"30.0";"-2475.00";"24553.30078";"24718.30078";"146719.75";"0.00";"IST";"SL";"49m 0s";"-0.00"
"2053";"USTEC_ICM_UTC2";"Buy";"25102.0";"25184.5";"2025.11.20 17:15:00";"2025.11.20 17:31:00";"30.0";"2475.00";"25019.50000";"25184.50000";"149194.75";"0.00";"IST";"PT";"16m 0s";"-0.00"
"2054";"USTEC_ICM_UTC2";"Buy";"24102.5";"24185.0";"2025.11.21 18:30:00";"2025.11.21 18:48:00";"30.0";"2475.00";"24020.00000";"24185.00000";"151669.75";"0.00";"IST";"PT";"18m 0s";"-0.00"
"2055";"USTEC_ICM_UTC2";"Buy";"24794.4";"24876.9";"2025.11.24 18:15:00";"2025.11.24 20:13:00";"30.0";"2475.00";"24711.90039";"24876.90039";"154144.75";"0.00";"IST";"PT";"1h 58m";"-0.00"
"2056";"USTEC_ICM_UTC2";"Buy";"24786.4";"24868.9";"2025.11.25 18:30:00";"2025.11.25 19:05:00";"30.0";"2475.00";"24703.90039";"24868.90039";"156619.75";"0.00";"IST";"PT";"35m 0s";"-0.00"
"2057";"USTEC_ICM_UTC2";"Buy";"25229.8";"25312.3";"2025.11.26 18:15:00";"2025.11.28 15:31:00";"30.0";"2108.76";"25147.30078";"25312.30078";"158728.52";"0.00";"IST";"PT";"1d 21h 16m";"-366.24"
"2058";"USTEC_ICM_UTC2";"Buy";"25373.5";"25472.5";"2025.11.28 18:15:00";"2025.12.01 01:00:00";"30.0";"2420.40";"25291.00000";"25456.00000";"161148.91";"0.00";"IST";"PT";"2d 6h 45m";"-549.36"
"2059";"USTEC_ICM_UTC2";"Buy";"25284.6";"25367.1";"2025.12.01 17:45:00";"2025.12.01 17:58:00";"30.0";"2475.00";"25202.09961";"25367.09961";"163623.91";"0.00";"IST";"PT";"13m 0s";"-0.00"
"2060";"USTEC_ICM_UTC2";"Buy";"25493.1";"25410.6";"2025.12.02 18:15:00";"2025.12.02 18:24:00";"30.0";"-2475.00";"25410.59961";"25575.59961";"161148.91";"0.00";"IST";"SL";"9m 0s";"-0.00"
"2061";"USTEC_ICM_UTC2";"Buy";"25518.6";"25601.1";"2025.12.03 18:00:00";"2025.12.03 20:41:00";"30.0";"2475.00";"25436.09961";"25601.09961";"163623.91";"0.00";"IST";"PT";"2h 41m";"-0.00"
"2062";"USTEC_ICM_UTC2";"Buy";"25587.2";"25504.7";"2025.12.04 17:45:00";"2025.12.04 18:03:00";"30.0";"-2475.00";"25504.69922";"25669.69922";"161148.91";"0.00";"IST";"SL";"18m 0s";"-0.00"
"2063";"USTEC_ICM_UTC2";"Buy";"25797.5";"25715.0";"2025.12.05 17:30:00";"2025.12.05 17:55:00";"30.0";"-2475.00";"25715.00000";"25880.00000";"158673.91";"0.00";"IST";"SL";"25m 0s";"-0.00"
"2064";"USTEC_ICM_UTC2";"Buy";"25603.2";"25685.7";"2025.12.08 18:15:00";"2025.12.09 01:03:00";"30.0";"2291.88";"25520.69922";"25685.69922";"160965.80";"0.00";"IST";"PT";"6h 48m";"-183.12"
"2065";"USTEC_ICM_UTC2";"Buy";"25651.6";"25569.1";"2025.12.09 18:00:00";"2025.12.10 16:35:00";"30.0";"-2658.12";"25569.09961";"25734.09961";"158307.67";"0.00";"IST";"SL";"22h 35m";"-183.12"
"2066";"USTEC_ICM_UTC2";"Buy";"25600.4";"25517.9";"2025.12.10 17:00:00";"2025.12.10 18:00:00";"30.0";"-2475.00";"25517.90039";"25682.90039";"155832.67";"0.00";"IST";"SL";"1h 0m";"-0.00"
"2067";"USTEC_ICM_UTC2";"Buy";"25517.0";"25434.5";"2025.12.11 17:45:00";"2025.12.11 17:51:00";"30.0";"-2475.00";"25434.50000";"25599.50000";"153357.67";"0.00";"IST";"SL";"6m 0s";"-0.00"
"2068";"USTEC_ICM_UTC2";"Buy";"25536.6";"25454.1";"2025.12.12 16:30:00";"2025.12.12 17:07:00";"30.0";"-2475.00";"25454.09961";"25619.09961";"150882.67";"0.00";"IST";"SL";"37m 0s";"-0.00"
"2069";"USTEC_ICM_UTC2";"Buy";"25119.4";"25036.9";"2025.12.15 18:45:00";"2025.12.16 01:49:00";"30.0";"-2658.12";"25036.90039";"25201.90039";"148224.55";"0.00";"IST";"SL";"7h 4m";"-183.12"
"2070";"USTEC_ICM_UTC2";"Buy";"25127.3";"25044.8";"2025.12.16 17:00:00";"2025.12.16 17:10:00";"30.0";"-2475.00";"25044.80078";"25209.80078";"145749.55";"0.00";"IST";"SL";"10m 0s";"-0.00"
"2071";"USTEC_ICM_UTC2";"Buy";"25071.9";"24989.4";"2025.12.17 17:30:00";"2025.12.17 17:35:00";"30.0";"-2475.00";"24989.40039";"25154.40039";"143274.55";"0.00";"IST";"SL";"5m 0s";"-0.00"
"2072";"USTEC_ICM_UTC2";"Buy";"24955.0";"25037.5";"2025.12.18 17:15:00";"2025.12.18 17:24:00";"30.0";"2475.00";"24872.50000";"25037.50000";"145749.55";"0.00";"IST";"PT";"9m 0s";"-0.00"
"2073";"USTEC_ICM_UTC2";"Buy";"25269.3";"25351.8";"2025.12.19 17:45:00";"2025.12.19 19:56:00";"30.0";"2475.00";"25186.80078";"25351.80078";"148224.55";"0.00";"IST";"PT";"2h 11m";"-0.00"
"2074";"USTEC_ICM_UTC2";"Buy";"25478.5";"25396.0";"2025.12.22 18:30:00";"2025.12.23 15:39:00";"30.0";"-2658.12";"25396.00000";"25561.00000";"145566.44";"0.00";"IST";"SL";"21h 9m";"-183.12"
"2075";"USTEC_ICM_UTC2";"Buy";"25504.1";"25586.6";"2025.12.23 18:15:00";"2025.12.23 22:58:00";"30.0";"2475.00";"25421.59961";"25586.59961";"148041.44";"0.00";"IST";"PT";"4h 43m";"-0.00"
"2076";"USTEC_ICM_UTC2";"Buy";"25626.9";"25709.4";"2025.12.24 18:15:00";"2025.12.26 16:41:00";"30.0";"2108.76";"25544.40039";"25709.40039";"150150.19";"0.00";"IST";"PT";"1d 22h 26m";"-366.24"
"2077";"USTEC_ICM_UTC2";"Buy";"25624.1";"25641.9";"2025.12.26 17:15:00";"2025.12.26 22:55:00";"30.0";"534.03";"25541.59961";"25706.59961";"150684.22";"0.00";"IST";"End Of Friday (Time)";"5h 40m";"-0.00"
"2078";"USTEC_ICM_UTC2";"Buy";"25492.6";"25575.1";"2025.12.29 16:30:00";"2025.12.29 16:36:00";"30.0";"2475.00";"25410.09961";"25575.09961";"153159.22";"0.00";"IST";"PT";"6m 0s";"-0.00"
"2079";"USTEC_ICM_UTC2";"Buy";"25546.1";"25463.6";"2025.12.30 18:15:00";"2025.12.30 22:59:00";"30.0";"-2475.00";"25463.59961";"25628.59961";"150684.22";"0.00";"IST";"SL";"4h 44m";"-0.00"
"2080";"USTEC_ICM_UTC2";"Buy";"25399.6";"25317.1";"2025.12.31 17:00:00";"2025.12.31 22:00:00";"30.0";"-2475.00";"25317.09961";"25482.09961";"148209.22";"0.00";"IST";"SL";"5h 0m";"-0.00"
"2081";"USTEC_ICM_UTC2";"Buy";"25296.8";"25379.3";"2026.01.02 17:30:00";"2026.01.02 17:40:00";"30.0";"2475.00";"25214.30078";"25379.30078";"150684.22";"0.00";"IST";"PT";"10m 0s";"-0.00"
"2082";"USTEC_ICM_UTC2";"Buy";"25489.3";"25406.8";"2026.01.05 17:30:00";"2026.01.05 20:08:00";"30.0";"-2475.00";"25406.80078";"25571.80078";"148209.22";"0.00";"IST";"SL";"2h 38m";"-0.00"
"2083";"USTEC_ICM_UTC2";"Buy";"25505.4";"25587.9";"2026.01.06 18:00:00";"2026.01.06 19:38:00";"30.0";"2475.00";"25422.90039";"25587.90039";"150684.22";"0.00";"IST";"PT";"1h 38m";"-0.00"
"2084";"USTEC_ICM_UTC2";"Buy";"25728.2";"25810.7";"2026.01.07 18:00:00";"2026.01.07 19:44:00";"30.0";"2475.00";"25645.69922";"25810.69922";"153159.22";"0.00";"IST";"PT";"1h 44m";"-0.00"
"2085";"USTEC_ICM_UTC2";"Buy";"25447.6";"25530.1";"2026.01.08 16:45:00";"2026.01.08 17:24:00";"30.0";"2475.00";"25365.09961";"25530.09961";"155634.22";"0.00";"IST";"PT";"39m 0s";"-0.00"
"2086";"USTEC_ICM_UTC2";"Buy";"25719.8";"25802.3";"2026.01.09 18:15:00";"2026.01.09 22:21:00";"30.0";"2475.00";"25637.30078";"25802.30078";"158109.22";"0.00";"IST";"PT";"4h 6m";"-0.00"
"2087";"USTEC_ICM_UTC2";"Buy";"25750.2";"25832.7";"2026.01.12 18:00:00";"2026.01.12 21:27:00";"30.0";"2475.00";"25667.69922";"25832.69922";"160584.22";"0.00";"IST";"PT";"3h 27m";"-0.00"
"2088";"USTEC_ICM_UTC2";"Buy";"25749.8";"25667.3";"2026.01.13 17:15:00";"2026.01.13 17:24:00";"30.0";"-2475.00";"25667.30078";"25832.30078";"158109.22";"0.00";"IST";"SL";"9m 0s";"-0.00"
"2089";"USTEC_ICM_UTC2";"Buy";"25423.0";"25505.5";"2026.01.14 17:00:00";"2026.01.14 17:14:00";"30.0";"2475.00";"25340.50000";"25505.50000";"160584.22";"0.00";"IST";"PT";"14m 0s";"-0.00"
"2090";"USTEC_ICM_UTC2";"Buy";"25721.1";"25638.6";"2026.01.15 18:00:00";"2026.01.15 21:26:00";"30.0";"-2475.00";"25638.59961";"25803.59961";"158109.22";"0.00";"IST";"SL";"3h 26m";"-0.00"
"2091";"USTEC_ICM_UTC2";"Buy";"25527.2";"25552.0";"2026.01.16 18:00:00";"2026.01.16 22:55:00";"30.0";"744.03";"25444.69922";"25609.69922";"158853.25";"0.00";"IST";"End Of Friday (Time)";"4h 55m";"-0.00"
"2092";"USTEC_ICM_UTC2";"Buy";"25253.0";"25170.5";"2026.01.19 19:45:00";"2026.01.20 08:18:00";"30.0";"-2658.12";"25170.50000";"25335.50000";"156195.13";"0.00";"IST";"SL";"12h 33m";"-183.12"
"2093";"USTEC_ICM_UTC2";"Buy";"25178.2";"25260.7";"2026.01.20 17:00:00";"2026.01.20 17:42:00";"30.0";"2475.00";"25095.69922";"25260.69922";"158670.13";"0.00";"IST";"PT";"42m 0s";"-0.00"
"2094";"USTEC_ICM_UTC2";"Buy";"25054.2";"25136.7";"2026.01.21 16:30:00";"2026.01.21 16:52:00";"30.0";"2475.00";"24971.69922";"25136.69922";"161145.13";"0.00";"IST";"PT";"22m 0s";"-0.00"
"2095";"USTEC_ICM_UTC2";"Buy";"25538.9";"25456.4";"2026.01.22 18:45:00";"2026.01.22 22:31:00";"30.0";"-2475.00";"25456.40039";"25621.40039";"158670.13";"0.00";"IST";"SL";"3h 46m";"-0.00"
"2096";"USTEC_ICM_UTC2";"Buy";"25691.8";"25609.3";"2026.01.23 18:00:00";"2026.01.23 19:42:00";"30.0";"-2475.00";"25609.30078";"25774.30078";"156195.13";"0.00";"IST";"SL";"1h 42m";"-0.00"
"2097";"USTEC_ICM_UTC2";"Buy";"25753.9";"25836.4";"2026.01.26 18:15:00";"2026.01.27 04:56:00";"30.0";"2291.88";"25671.40039";"25836.40039";"158487.02";"0.00";"IST";"PT";"10h 41m";"-183.12"
"2098";"USTEC_ICM_UTC2";"Buy";"25958.9";"26041.4";"2026.01.27 18:30:00";"2026.01.28 02:28:00";"30.0";"2291.88";"25876.40039";"26041.40039";"160778.89";"0.00";"IST";"PT";"7h 58m";"-183.12"
"2099";"USTEC_ICM_UTC2";"Buy";"26055.4";"25972.9";"2026.01.28 18:15:00";"2026.01.28 18:54:00";"30.0";"-2475.00";"25972.90039";"26137.90039";"158303.89";"0.00";"IST";"SL";"39m 0s";"-0.00"
"2100";"USTEC_ICM_UTC2";"Buy";"25564.0";"25646.5";"2026.01.29 18:30:00";"2026.01.29 19:12:00";"30.0";"2475.00";"25481.50000";"25646.50000";"160778.89";"0.00";"IST";"PT";"42m 0s";"-0.00"
"2101";"USTEC_ICM_UTC2";"Buy";"25716.3";"25798.8";"2026.01.30 16:30:00";"2026.01.30 16:39:00";"30.0";"2475.00";"25633.80078";"25798.80078";"163253.89";"0.00";"IST";"PT";"9m 0s";"-0.00"
"2102";"USTEC_ICM_UTC2";"Buy";"25740.5";"25823.0";"2026.02.02 18:15:00";"2026.02.02 19:56:00";"30.0";"2475.00";"25658.00000";"25823.00000";"165728.89";"0.00";"IST";"PT";"1h 41m";"-0.00"
"2103";"USTEC_ICM_UTC2";"Buy";"25398.2";"25315.7";"2026.02.03 18:45:00";"2026.02.03 19:12:00";"30.0";"-2475.00";"25315.69922";"25480.69922";"163253.89";"0.00";"IST";"SL";"27m 0s";"-0.00"
"2104";"USTEC_ICM_UTC2";"Buy";"25047.5";"24965.0";"2026.02.04 18:00:00";"2026.02.04 18:05:00";"30.0";"-2475.00";"24965.00000";"25130.00000";"160778.89";"0.00";"IST";"SL";"5m 0s";"-0.00"
"2105";"USTEC_ICM_UTC2";"Buy";"24672.1";"24589.6";"2026.02.05 16:30:00";"2026.02.05 16:31:00";"30.0";"-2475.00";"24589.59961";"24754.59961";"158303.89";"0.00";"IST";"SL";"1m 0s";"-0.00"
"2106";"USTEC_ICM_UTC2";"Buy";"24770.5";"24688.0";"2026.02.06 17:00:00";"2026.02.06 17:06:00";"30.0";"-2475.00";"24688.00000";"24853.00000";"155828.89";"0.00";"IST";"SL";"6m 0s";"-0.00"
"2107";"USTEC_ICM_UTC2";"Buy";"25246.1";"25328.6";"2026.02.09 18:15:00";"2026.02.09 19:13:00";"30.0";"2475.00";"25163.59961";"25328.59961";"158303.89";"0.00";"IST";"PT";"58m 0s";"-0.00"
"2108";"USTEC_ICM_UTC2";"Buy";"25265.4";"25182.9";"2026.02.10 18:30:00";"2026.02.10 22:06:00";"30.0";"-2475.00";"25182.90039";"25347.90039";"155828.89";"0.00";"IST";"SL";"3h 36m";"-0.00"
"2109";"USTEC_ICM_UTC2";"Buy";"25106.6";"25024.1";"2026.02.11 17:15:00";"2026.02.11 17:20:00";"30.0";"-2475.00";"25024.09961";"25189.09961";"153353.89";"0.00";"IST";"SL";"5m 0s";"-0.00"
"2110";"USTEC_ICM_UTC2";"Buy";"24798.9";"24716.4";"2026.02.12 18:45:00";"2026.02.12 22:31:00";"30.0";"-2475.00";"24716.40039";"24881.40039";"150878.89";"0.00";"IST";"SL";"3h 46m";"-0.00"
"2111";"USTEC_ICM_UTC2";"Buy";"24626.2";"24708.7";"2026.02.13 17:00:00";"2026.02.13 17:08:00";"30.0";"2475.00";"24543.69922";"24708.69922";"153353.89";"0.00";"IST";"PT";"8m 0s";"-0.00"
"2112";"USTEC_ICM_UTC2";"Buy";"24683.1";"24765.6";"2026.02.16 18:15:00";"2026.02.17 01:51:00";"30.0";"2291.88";"24600.59961";"24765.59961";"155645.77";"0.00";"IST";"PT";"7h 36m";"-183.12"
"2113";"USTEC_ICM_UTC2";"Buy";"24667.7";"24585.2";"2026.02.17 18:45:00";"2026.02.17 19:44:00";"30.0";"-2475.00";"24585.19922";"24750.19922";"153170.77";"0.00";"IST";"SL";"59m 0s";"-0.00"
"2114";"USTEC_ICM_UTC2";"Buy";"25031.7";"24949.2";"2026.02.18 18:15:00";"2026.02.18 20:43:00";"30.0";"-2475.00";"24949.19922";"25114.19922";"150695.77";"0.00";"IST";"SL";"2h 28m";"-0.00"
"2115";"USTEC_ICM_UTC2";"Buy";"24814.0";"24731.5";"2026.02.19 17:00:00";"2026.02.19 19:48:00";"30.0";"-2475.00";"24731.50000";"24896.50000";"148220.77";"0.00";"IST";"SL";"2h 48m";"-0.00"
"2116";"USTEC_ICM_UTC2";"Buy";"24836.5";"24919.0";"2026.02.20 17:00:00";"2026.02.20 17:01:00";"30.0";"2475.00";"24754.00000";"24919.00000";"150695.77";"0.00";"IST";"PT";"1m 0s";"-0.00"
"2117";"USTEC_ICM_UTC2";"Buy";"24690.5";"24773.0";"2026.02.23 18:00:00";"2026.02.24 03:23:00";"30.0";"2291.88";"24608.00000";"24773.00000";"152987.66";"0.00";"IST";"PT";"9h 23m";"-183.12"
"2118";"USTEC_ICM_UTC2";"Buy";"24977.4";"25059.9";"2026.02.24 18:15:00";"2026.02.25 03:47:00";"30.0";"2291.88";"24894.90039";"25059.90039";"155279.53";"0.00";"IST";"PT";"9h 32m";"-183.12"
"2119";"USTEC_ICM_UTC2";"Buy";"25248.3";"25330.8";"2026.02.25 18:15:00";"2026.02.25 22:41:00";"30.0";"2475.00";"25165.80078";"25330.80078";"157754.53";"0.00";"IST";"PT";"4h 26m";"-0.00"
"2120";"USTEC_ICM_UTC2";"Buy";"25014.9";"24932.4";"2026.02.26 18:30:00";"2026.02.26 18:46:00";"30.0";"-2475.00";"24932.40039";"25097.40039";"155279.53";"0.00";"IST";"SL";"16m 0s";"-0.00"
"2121";"USTEC_ICM_UTC2";"Buy";"24772.1";"24854.6";"2026.02.27 16:30:00";"2026.02.27 16:33:00";"30.0";"2475.00";"24689.59961";"24854.59961";"157754.53";"0.00";"IST";"PT";"3m 0s";"-0.00"
"2122";"USTEC_ICM_UTC2";"Buy";"24809.1";"24891.6";"2026.03.02 17:00:00";"2026.03.02 17:11:00";"30.0";"2475.00";"24726.59961";"24891.59961";"160229.53";"0.00";"IST";"PT";"11m 0s";"-0.00"
"2123";"USTEC_ICM_UTC2";"Buy";"24378.3";"24460.8";"2026.03.03 17:45:00";"2026.03.03 18:04:00";"30.0";"2475.00";"24295.80078";"24460.80078";"162704.53";"0.00";"IST";"PT";"19m 0s";"-0.00"
"2124";"USTEC_ICM_UTC2";"Buy";"24815.6";"24898.1";"2026.03.04 16:45:00";"2026.03.04 16:53:00";"30.0";"2475.00";"24733.09961";"24898.09961";"165179.53";"0.00";"IST";"PT";"8m 0s";"-0.00"
"2125";"USTEC_ICM_UTC2";"Buy";"25145.2";"25062.7";"2026.03.05 17:15:00";"2026.03.05 17:20:00";"30.0";"-2475.00";"25062.69922";"25227.69922";"162704.53";"0.00";"IST";"SL";"5m 0s";"-0.00"
"2126";"USTEC_ICM_UTC2";"Buy";"24811.5";"24729.0";"2026.03.06 17:45:00";"2026.03.06 17:52:00";"30.0";"-2475.00";"24729.00000";"24894.00000";"160229.53";"0.00";"IST";"SL";"7m 0s";"-0.00"
"2127";"USTEC_ICM_UTC2";"Buy";"24581.3";"24663.8";"2026.03.09 17:45:00";"2026.03.09 18:26:00";"30.0";"2475.00";"24498.80078";"24663.80078";"162704.53";"0.00";"IST";"PT";"41m 0s";"-0.00"
"2128";"USTEC_ICM_UTC2";"Buy";"25097.6";"25180.1";"2026.03.10 17:15:00";"2026.03.10 19:27:00";"30.0";"2475.00";"25015.09961";"25180.09961";"165179.53";"0.00";"IST";"PT";"2h 12m";"-0.00"
"2129";"USTEC_ICM_UTC2";"Buy";"25012.9";"24930.4";"2026.03.11 16:45:00";"2026.03.11 17:13:00";"30.0";"-2475.00";"24930.40039";"25095.40039";"162704.53";"0.00";"IST";"SL";"28m 0s";"-0.00"
"2130";"USTEC_ICM_UTC2";"Buy";"24571.1";"24653.6";"2026.03.12 17:15:00";"2026.03.12 17:39:00";"30.0";"2475.00";"24488.59961";"24653.59961";"165179.53";"0.00";"IST";"PT";"24m 0s";"-0.00"
"2131";"USTEC_ICM_UTC2";"Buy";"24546.3";"24463.8";"2026.03.13 17:15:00";"2026.03.13 17:24:00";"30.0";"-2475.00";"24463.80078";"24628.80078";"162704.53";"0.00";"IST";"SL";"9m 0s";"-0.00"
"2132";"USTEC_ICM_UTC2";"Buy";"24686.6";"24604.1";"2026.03.16 17:15:00";"2026.03.16 18:25:00";"30.0";"-2475.00";"24604.09961";"24769.09961";"160229.53";"0.00";"IST";"SL";"1h 10m";"-0.00"
"2133";"USTEC_ICM_UTC2";"Buy";"24794.8";"24877.3";"2026.03.17 17:15:00";"2026.03.18 04:00:00";"30.0";"2291.88";"24712.30078";"24877.30078";"162521.41";"0.00";"IST";"PT";"10h 45m";"-183.12"
"2134";"USTEC_ICM_UTC2";"Buy";"24596.8";"24679.3";"2026.03.18 16:30:00";"2026.03.18 17:00:00";"30.0";"2475.00";"24514.30078";"24679.30078";"164996.41";"0.00";"IST";"PT";"30m 0s";"-0.00"
"2135";"USTEC_ICM_UTC2";"Buy";"24271.7";"24354.2";"2026.03.19 17:00:00";"2026.03.19 17:06:00";"30.0";"2475.00";"24189.19922";"24354.19922";"167471.41";"0.00";"IST";"PT";"6m 0s";"-0.00"
"2136";"USTEC_ICM_UTC2";"Buy";"24057.9";"24140.4";"2026.03.20 16:30:00";"2026.03.20 18:04:00";"30.0";"2475.00";"23975.40039";"24140.40039";"169946.41";"0.00";"IST";"PT";"1h 34m";"-0.00"
"2137";"USTEC_ICM_UTC2";"Buy";"24441.6";"24359.1";"2026.03.23 17:15:00";"2026.03.23 17:36:00";"30.0";"-2475.00";"24359.09961";"24524.09961";"167471.41";"0.00";"IST";"SL";"21m 0s";"-0.00"
"2138";"USTEC_ICM_UTC2";"Buy";"24131.0";"24048.5";"2026.03.24 17:30:00";"2026.03.24 18:38:00";"30.0";"-2475.00";"24048.50000";"24213.50000";"164996.41";"0.00";"IST";"SL";"1h 8m";"-0.00"
"2139";"USTEC_ICM_UTC2";"Buy";"24269.5";"24187.0";"2026.03.25 16:30:00";"2026.03.25 17:12:00";"30.0";"-2475.00";"24187.00000";"24352.00000";"162521.41";"0.00";"IST";"SL";"42m 0s";"-0.00"
"2140";"USTEC_ICM_UTC2";"Buy";"23881.4";"23798.9";"2026.03.26 17:30:00";"2026.03.26 18:30:00";"30.0";"-2475.00";"23798.90039";"23963.90039";"160046.41";"0.00";"IST";"SL";"1h 0m";"-0.00"
"2141";"USTEC_ICM_UTC2";"Buy";"23322.1";"23404.6";"2026.03.27 17:00:00";"2026.03.27 17:31:00";"30.0";"2475.00";"23239.59961";"23404.59961";"162521.41";"0.00";"IST";"PT";"31m 0s";"-0.00"
"2142";"USTEC_ICM_UTC2";"Buy";"23217.8";"23135.3";"2026.03.30 18:45:00";"2026.03.30 19:07:00";"30.0";"-2475.00";"23135.30078";"23300.30078";"160046.41";"0.00";"IST";"SL";"22m 0s";"-0.00"
"2143";"USTEC_ICM_UTC2";"Buy";"23361.0";"23278.5";"2026.03.31 18:15:00";"2026.03.31 18:32:00";"30.0";"-2475.00";"23278.50000";"23443.50000";"157571.41";"0.00";"IST";"SL";"17m 0s";"-0.00"
"2144";"USTEC_ICM_UTC2";"Buy";"23984.5";"24067.0";"2026.04.01 17:15:00";"2026.04.01 17:53:00";"30.0";"2475.00";"23902.00000";"24067.00000";"160046.41";"0.00";"IST";"PT";"38m 0s";"-0.00"
"2145";"USTEC_ICM_UTC2";"Buy";"24002.2";"23919.7";"2026.04.02 18:00:00";"2026.04.02 18:51:00";"30.0";"-2475.00";"23919.69922";"24084.69922";"157571.41";"0.00";"IST";"SL";"51m 0s";"-0.00"
"2146";"USTEC_ICM_UTC2";"Buy";"24135.0";"24052.5";"2026.04.06 18:15:00";"2026.04.06 20:13:00";"30.0";"-2475.00";"24052.50000";"24217.50000";"155096.41";"0.00";"IST";"SL";"1h 58m";"-0.00"
"2147";"USTEC_ICM_UTC2";"Buy";"23952.6";"23870.1";"2026.04.07 17:00:00";"2026.04.07 17:06:00";"30.0";"-2475.00";"23870.09961";"24035.09961";"152621.41";"0.00";"IST";"SL";"6m 0s";"-0.00"
"2148";"USTEC_ICM_UTC2";"Buy";"24921.2";"24838.7";"2026.04.08 19:30:00";"2026.04.08 21:44:00";"30.0";"-2475.00";"24838.69922";"25003.69922";"150146.41";"0.00";"IST";"SL";"2h 14m";"-0.00"
"2149";"USTEC_ICM_UTC2";"Buy";"24869.4";"24951.9";"2026.04.09 18:00:00";"2026.04.09 18:33:00";"30.0";"2475.00";"24786.90039";"24951.90039";"152621.41";"0.00";"IST";"PT";"33m 0s";"-0.00"
"2150";"USTEC_ICM_UTC2";"Buy";"25100.7";"25103.8";"2026.04.10 19:00:00";"2026.04.10 22:55:00";"30.0";"93.06";"25018.19922";"25183.19922";"152714.47";"0.00";"IST";"End Of Friday (Time)";"3h 55m";"-0.00"
"2151";"USTEC_ICM_UTC2";"Buy";"25149.8";"25232.3";"2026.04.13 18:30:00";"2026.04.13 19:33:00";"30.0";"2475.00";"25067.30078";"25232.30078";"155189.47";"0.00";"IST";"PT";"1h 3m";"-0.00"
"2152";"USTEC_ICM_UTC2";"Buy";"25560.9";"25643.4";"2026.04.14 17:00:00";"2026.04.14 17:30:00";"30.0";"2475.00";"25478.40039";"25643.40039";"157664.47";"0.00";"IST";"PT";"30m 0s";"-0.00"
"2153";"USTEC_ICM_UTC2";"Buy";"25861.1";"25943.6";"2026.04.15 16:30:00";"2026.04.15 17:17:00";"30.0";"2475.00";"25778.59961";"25943.59961";"160139.47";"0.00";"IST";"PT";"47m 0s";"-0.00"
"2154";"USTEC_ICM_UTC2";"Buy";"26244.6";"26327.1";"2026.04.16 18:00:00";"2026.04.16 18:15:00";"30.0";"2475.00";"26162.09961";"26327.09961";"162614.47";"0.00";"IST";"PT";"15m 0s";"-0.00"
"2155";"USTEC_ICM_UTC2";"Buy";"26553.5";"26636.0";"2026.04.17 16:45:00";"2026.04.17 17:33:00";"30.0";"2475.00";"26471.00000";"26636.00000";"165089.47";"0.00";"IST";"PT";"48m 0s";"-0.00"
"2156";"USTEC_ICM_UTC2";"Buy";"26573.1";"26490.6";"2026.04.20 17:30:00";"2026.04.20 17:56:00";"30.0";"-2475.00";"26490.59961";"26655.59961";"162614.47";"0.00";"IST";"SL";"26m 0s";"-0.00"
"2157";"USTEC_ICM_UTC2";"Buy";"26685.1";"26602.6";"2026.04.21 17:00:00";"2026.04.21 17:58:00";"30.0";"-2475.00";"26602.59961";"26767.59961";"160139.47";"0.00";"IST";"SL";"58m 0s";"-0.00"
"2158";"USTEC_ICM_UTC2";"Buy";"26822.1";"26904.6";"2026.04.22 18:00:00";"2026.04.22 22:46:00";"30.0";"2475.00";"26739.59961";"26904.59961";"162614.47";"0.00";"IST";"PT";"4h 46m";"-0.00"
"2159";"USTEC_ICM_UTC2";"Buy";"26868.3";"26950.8";"2026.04.23 16:30:00";"2026.04.23 16:48:00";"30.0";"2475.00";"26785.80078";"26950.80078";"165089.47";"0.00";"IST";"PT";"18m 0s";"-0.00"
"2160";"USTEC_ICM_UTC2";"Buy";"27053.0";"27135.5";"2026.04.24 17:00:00";"2026.04.24 17:46:00";"30.0";"2475.00";"26970.50000";"27135.50000";"167564.47";"0.00";"IST";"PT";"46m 0s";"-0.00"
"2161";"USTEC_ICM_UTC2";"Buy";"27207.7";"27290.2";"2026.04.27 18:30:00";"2026.04.27 20:32:00";"30.0";"2475.00";"27125.19922";"27290.19922";"170039.47";"0.00";"IST";"PT";"2h 2m";"-0.00"
"2162";"USTEC_ICM_UTC2";"Buy";"26969.4";"27051.9";"2026.04.28 16:32:00";"2026.04.28 16:41:00";"30.0";"2475.00";"26886.90039";"27051.90039";"172514.47";"0.00";"IST";"PT";"9m 0s";"-0.00"
"2163";"USTEC_ICM_UTC2";"Buy";"27143.0";"27060.5";"2026.04.29 18:30:00";"2026.04.29 19:30:00";"30.0";"-2475.00";"27060.50000";"27225.50000";"170039.47";"0.00";"IST";"SL";"1h 0m";"-0.00"
"2164";"USTEC_ICM_UTC2";"Buy";"27213.7";"27131.2";"2026.04.30 16:45:00";"2026.04.30 16:52:00";"30.0";"-2475.00";"27131.19922";"27296.19922";"167564.47";"0.00";"IST";"SL";"7m 0s";"-0.00"
