"Ticket";"Symbol";"Type";"Open price";"Close price";"Open time";"Close time";"Size";"Profit/Loss";"Stop Loss price level";"Profit Target price level";"Balance";"Slippage ($)";"Sample type";"Close type";"Time in trade";"Comm/Swap"
"1";"USTEC_ICM_UTC2";"Buy";"4258.6";"4232.6";"2015.01.02 16:30:00";"2015.01.02 22:55:00";"30.0";"-780.00";"4176.10010";"4341.10010";"49220.00";"0.00";"IST";"End Of Friday (Time)";"6h 25m";"-0.00"
"2";"USTEC_ICM_UTC2";"Buy";"4183.5";"4101.0";"2015.01.05 18:00:00";"2015.01.06 19:08:00";"30.0";"-2658.12";"4101.00000";"4266.00000";"46561.88";"0.00";"IST";"SL";"1d 1h 8m";"-183.12"
"3";"USTEC_ICM_UTC2";"Buy";"4114.7";"4197.2";"2015.01.06 19:15:00";"2015.01.08 03:48:00";"30.0";"2108.76";"4032.19995";"4197.20020";"48670.64";"0.00";"IST";"PT";"1d 8h 33m";"-366.24"
"4";"USTEC_ICM_UTC2";"Buy";"4232.9";"4216.9";"2015.01.08 18:30:00";"2015.01.09 22:55:00";"30.0";"-663.12";"4150.39990";"4315.39990";"48007.52";"0.00";"IST";"End Of Friday (Time)";"1d 4h 25m";"-183.12"
"5";"USTEC_ICM_UTC2";"Buy";"4188.9";"4106.4";"2015.01.12 18:00:00";"2015.01.15 11:51:00";"30.0";"-3024.36";"4106.39990";"4271.39990";"44983.16";"0.00";"IST";"SL";"2d 17h 51m";"-549.36"
"6";"USTEC_ICM_UTC2";"Buy";"4163.4";"4080.9";"2015.01.15 16:30:00";"2015.01.16 00:04:00";"30.0";"-2658.12";"4080.89990";"4245.89990";"42325.04";"0.00";"IST";"SL";"7h 34m";"-183.12"
"7";"USTEC_ICM_UTC2";"Buy";"4107.9";"4141.0";"2015.01.16 18:15:00";"2015.01.16 22:55:00";"30.0";"993.00";"4025.39990";"4190.39990";"43318.04";"0.00";"IST";"End Of Friday (Time)";"4h 40m";"-0.00"
"8";"USTEC_ICM_UTC2";"Buy";"4129.9";"4212.4";"2015.01.20 17:45:00";"2015.01.22 15:40:00";"30.0";"2108.76";"4047.39990";"4212.39990";"45426.80";"0.00";"IST";"PT";"1d 21h 55m";"-366.24"
"9";"USTEC_ICM_UTC2";"Buy";"4209.0";"4291.5";"2015.01.22 16:30:00";"2015.01.23 20:43:00";"30.0";"2291.88";"4126.50000";"4291.50000";"47718.68";"0.00";"IST";"PT";"1d 4h 13m";"-183.12"
"10";"USTEC_ICM_UTC2";"Buy";"4289.9";"4273.9";"2015.01.23 20:45:00";"2015.01.23 22:55:00";"30.0";"-480.00";"4207.39990";"4372.39990";"47238.68";"0.00";"IST";"End Of Friday (Time)";"2h 10m";"-0.00"
"11";"USTEC_ICM_UTC2";"Buy";"4273.5";"4191.0";"2015.01.26 18:00:00";"2015.01.27 16:33:00";"30.0";"-2658.12";"4191.00000";"4356.00000";"44580.56";"0.00";"IST";"SL";"22h 33m";"-183.12"
"12";"USTEC_ICM_UTC2";"Buy";"4190.8";"4108.3";"2015.01.27 16:45:00";"2015.01.29 16:47:00";"30.0";"-2841.24";"4108.29980";"4273.29980";"41739.32";"0.00";"IST";"SL";"2d 0h 2m";"-366.24"
"13";"USTEC_ICM_UTC2";"Buy";"4119.4";"4201.9";"2015.01.29 18:00:00";"2015.01.29 23:52:00";"30.0";"2475.00";"4036.89990";"4201.89990";"44214.32";"0.00";"IST";"PT";"5h 52m";"-0.00"
"14";"USTEC_ICM_UTC2";"Buy";"4182.9";"4149.5";"2015.01.30 17:15:00";"2015.01.30 22:55:00";"30.0";"-1002.00";"4100.39990";"4265.39990";"43212.32";"0.00";"IST";"End Of Friday (Time)";"5h 40m";"-0.00"
"15";"USTEC_ICM_UTC2";"Buy";"4125.1";"4207.6";"2015.02.02 18:00:00";"2015.02.03 13:34:00";"30.0";"2291.88";"4042.60010";"4207.60010";"45504.20";"0.00";"IST";"PT";"19h 34m";"-183.12"
"16";"USTEC_ICM_UTC2";"Buy";"4189.5";"4224.7";"2015.02.03 18:15:00";"2015.02.06 22:55:00";"30.0";"506.64";"4107.00000";"4272.00000";"46010.84";"0.00";"IST";"End Of Friday (Time)";"3d 4h 40m";"-549.36"
"17";"USTEC_ICM_UTC2";"Buy";"4207.1";"4289.6";"2015.02.09 18:00:00";"2015.02.11 16:36:00";"30.0";"2108.76";"4124.60010";"4289.60010";"48119.60";"0.00";"IST";"PT";"1d 22h 36m";"-366.24"
"18";"USTEC_ICM_UTC2";"Buy";"4299.0";"4381.5";"2015.02.11 18:00:00";"2015.02.13 22:53:00";"30.0";"2108.76";"4216.50000";"4381.50000";"50228.36";"0.00";"IST";"PT";"2d 4h 53m";"-366.24"
"19";"USTEC_ICM_UTC2";"Buy";"4382.9";"4437.8";"2015.02.16 16:30:00";"2015.02.20 22:55:00";"30.0";"914.52";"4300.39990";"4465.39990";"51142.88";"0.00";"IST";"End Of Friday (Time)";"4d 6h 25m";"-732.48"
"20";"USTEC_ICM_UTC2";"Buy";"4439.8";"4437.8";"2015.02.23 18:15:00";"2015.02.27 22:55:00";"30.0";"-792.48";"4357.29980";"4522.29980";"50350.40";"0.00";"IST";"End Of Friday (Time)";"4d 4h 40m";"-732.48"
"21";"USTEC_ICM_UTC2";"Buy";"4469.7";"4395.5";"2015.03.02 18:15:00";"2015.03.06 22:55:00";"30.0";"-2958.48";"4387.20020";"4552.20020";"47391.92";"0.00";"IST";"End Of Friday (Time)";"4d 4h 40m";"-732.48"
"22";"USTEC_ICM_UTC2";"Buy";"4403.2";"4320.7";"2015.03.09 17:15:00";"2015.03.11 16:35:00";"30.0";"-2841.24";"4320.70020";"4485.70020";"44550.68";"0.00";"IST";"SL";"1d 23h 20m";"-366.24"
"23";"USTEC_ICM_UTC2";"Buy";"4327.2";"4312.7";"2015.03.11 17:15:00";"2015.03.13 22:55:00";"30.0";"-801.24";"4244.70020";"4409.70020";"43749.44";"0.00";"IST";"End Of Friday (Time)";"2d 5h 40m";"-366.24"
"24";"USTEC_ICM_UTC2";"Buy";"4357.4";"4439.9";"2015.03.16 17:15:00";"2015.03.18 21:15:00";"30.0";"2108.76";"4274.89990";"4439.89990";"45858.20";"0.00";"IST";"PT";"2d 4h 0m";"-366.24"
"25";"USTEC_ICM_UTC2";"Buy";"4431.1";"4454.6";"2015.03.18 21:30:00";"2015.03.20 22:55:00";"30.0";"338.76";"4348.60010";"4513.60010";"46196.96";"0.00";"IST";"End Of Friday (Time)";"2d 1h 25m";"-366.24"
"26";"USTEC_ICM_UTC2";"Buy";"4458.1";"4375.6";"2015.03.23 17:00:00";"2015.03.25 17:39:00";"30.0";"-2841.24";"4375.60010";"4540.60010";"43355.72";"0.00";"IST";"SL";"2d 0h 39m";"-366.24"
"27";"USTEC_ICM_UTC2";"Buy";"4372.5";"4290.0";"2015.03.25 17:45:00";"2015.03.26 11:00:00";"30.0";"-2658.12";"4290.00000";"4455.00000";"40697.60";"0.00";"IST";"SL";"17h 15m";"-183.12"
"28";"USTEC_ICM_UTC2";"Buy";"4296.1";"4332.9";"2015.03.26 16:30:00";"2015.03.27 22:55:00";"30.0";"920.88";"4213.60010";"4378.60010";"41618.48";"0.00";"IST";"End Of Friday (Time)";"1d 6h 25m";"-183.12"
"29";"USTEC_ICM_UTC2";"Buy";"4372.0";"4289.5";"2015.03.30 18:30:00";"2015.04.01 03:56:00";"30.0";"-2841.24";"4289.50000";"4454.50000";"38777.24";"0.00";"IST";"SL";"1d 9h 26m";"-366.24"
"30";"USTEC_ICM_UTC2";"Buy";"4305.0";"4387.5";"2015.04.01 18:00:00";"2015.04.09 16:32:00";"30.0";"1010.04";"4222.50000";"4387.50000";"39787.28";"0.00";"IST";"PT";"7d 22h 32m";"-1464.96"
"31";"USTEC_ICM_UTC2";"Buy";"4374.6";"4419.7";"2015.04.09 18:00:00";"2015.04.10 22:55:00";"30.0";"1169.88";"4292.10010";"4457.10010";"40957.16";"0.00";"IST";"End Of Friday (Time)";"1d 4h 55m";"-183.12"
"32";"USTEC_ICM_UTC2";"Buy";"4440.4";"4357.9";"2015.04.13 18:00:00";"2015.04.17 17:03:00";"30.0";"-3207.48";"4357.89990";"4522.89990";"37749.68";"0.00";"IST";"SL";"3d 23h 3m";"-732.48"
"33";"USTEC_ICM_UTC2";"Buy";"4356.6";"4350.7";"2015.04.17 17:15:00";"2015.04.17 22:55:00";"30.0";"-177.00";"4274.10010";"4439.10010";"37572.68";"0.00";"IST";"End Of Friday (Time)";"5h 40m";"-0.00"
"34";"USTEC_ICM_UTC2";"Buy";"4412.1";"4494.6";"2015.04.20 18:45:00";"2015.04.23 22:15:00";"30.0";"1925.64";"4329.60010";"4494.60010";"39498.32";"0.00";"IST";"PT";"3d 3h 30m";"-549.36"
"35";"USTEC_ICM_UTC2";"Buy";"4489.8";"4537.0";"2015.04.23 22:30:00";"2015.04.24 22:55:00";"30.0";"1232.88";"4407.29980";"4572.29980";"40731.20";"0.00";"IST";"End Of Friday (Time)";"1d 0h 25m";"-183.12"
"36";"USTEC_ICM_UTC2";"Buy";"4534.0";"4451.5";"2015.04.27 20:15:00";"2015.04.30 17:01:00";"30.0";"-3024.36";"4451.50000";"4616.50000";"37706.84";"0.00";"IST";"SL";"2d 20h 46m";"-549.36"
"37";"USTEC_ICM_UTC2";"Buy";"4461.0";"4475.5";"2015.04.30 18:15:00";"2015.05.01 22:55:00";"30.0";"251.88";"4378.50000";"4543.50000";"37958.72";"0.00";"IST";"End Of Friday (Time)";"1d 4h 40m";"-183.12"
"38";"USTEC_ICM_UTC2";"Buy";"4492.7";"4410.2";"2015.05.04 21:30:00";"2015.05.05 21:43:00";"30.0";"-2658.12";"4410.20020";"4575.20020";"35300.60";"0.00";"IST";"SL";"1d 0h 13m";"-183.12"
"39";"USTEC_ICM_UTC2";"Buy";"4410.5";"4461.2";"2015.05.05 21:45:00";"2015.05.08 22:55:00";"30.0";"971.64";"4328.00000";"4493.00000";"36272.24";"0.00";"IST";"End Of Friday (Time)";"3d 1h 10m";"-549.36"
"40";"USTEC_ICM_UTC2";"Buy";"4451.4";"4490.9";"2015.05.11 19:30:00";"2015.05.15 22:55:00";"30.0";"452.52";"4368.89990";"4533.89990";"36724.76";"0.00";"IST";"End Of Friday (Time)";"4d 3h 25m";"-732.48"
"41";"USTEC_ICM_UTC2";"Buy";"4501.9";"4530.0";"2015.05.18 18:30:00";"2015.05.22 22:55:00";"30.0";"110.52";"4419.39990";"4584.39990";"36835.28";"0.00";"IST";"End Of Friday (Time)";"4d 4h 25m";"-732.48"
"42";"USTEC_ICM_UTC2";"Buy";"4518.9";"4511.9";"2015.05.26 16:30:00";"2015.05.29 22:55:00";"30.0";"-759.36";"4436.39990";"4601.39990";"36075.92";"0.00";"IST";"End Of Friday (Time)";"3d 6h 25m";"-549.36"
"43";"USTEC_ICM_UTC2";"Buy";"4534.0";"4451.5";"2015.06.01 16:30:00";"2015.06.05 16:41:00";"30.0";"-3207.48";"4451.50000";"4616.50000";"32868.44";"0.00";"IST";"SL";"4d 0h 11m";"-732.48"
"44";"USTEC_ICM_UTC2";"Buy";"4481.0";"4477.9";"2015.06.05 18:00:00";"2015.06.05 22:55:00";"30.0";"-93.00";"4398.50000";"4563.50000";"32775.44";"0.00";"IST";"End Of Friday (Time)";"4h 55m";"-0.00"
"45";"USTEC_ICM_UTC2";"Buy";"4416.9";"4499.4";"2015.06.09 18:00:00";"2015.06.11 16:27:00";"30.0";"2108.76";"4334.39990";"4499.39990";"34884.20";"0.00";"IST";"PT";"1d 22h 27m";"-366.24"
"46";"USTEC_ICM_UTC2";"Buy";"4493.0";"4455.0";"2015.06.11 19:00:00";"2015.06.12 22:55:00";"30.0";"-1323.12";"4410.50000";"4575.50000";"33561.08";"0.00";"IST";"End Of Friday (Time)";"1d 3h 55m";"-183.12"
"47";"USTEC_ICM_UTC2";"Buy";"4426.0";"4508.5";"2015.06.15 18:15:00";"2015.06.18 16:47:00";"30.0";"1925.64";"4343.50000";"4508.50000";"35486.72";"0.00";"IST";"PT";"2d 22h 32m";"-549.36"
"48";"USTEC_ICM_UTC2";"Buy";"4507.9";"4517.5";"2015.06.18 17:00:00";"2015.06.19 22:55:00";"30.0";"104.88";"4425.39990";"4590.39990";"35591.60";"0.00";"IST";"End Of Friday (Time)";"1d 5h 55m";"-183.12"
"49";"USTEC_ICM_UTC2";"Buy";"4557.0";"4474.5";"2015.06.22 18:30:00";"2015.06.26 19:55:00";"30.0";"-3207.48";"4474.50000";"4639.50000";"32384.12";"0.00";"IST";"SL";"4d 1h 25m";"-732.48"
"50";"USTEC_ICM_UTC2";"Buy";"4472.0";"4483.9";"2015.06.26 20:00:00";"2015.06.26 22:55:00";"30.0";"357.00";"4389.50000";"4554.50000";"32741.12";"0.00";"IST";"End Of Friday (Time)";"2h 55m";"-0.00"
"51";"USTEC_ICM_UTC2";"Buy";"4425.9";"4343.4";"2015.06.29 18:15:00";"2015.07.07 18:34:00";"30.0";"-3939.96";"4343.39990";"4508.39990";"28801.16";"0.00";"IST";"SL";"8d 0h 19m";"-1464.96"
"52";"USTEC_ICM_UTC2";"Buy";"4363.0";"4427.5";"2015.07.07 18:45:00";"2015.07.10 22:55:00";"30.0";"1385.64";"4280.50000";"4445.50000";"30186.80";"0.00";"IST";"End Of Friday (Time)";"3d 4h 10m";"-549.36"
"53";"USTEC_ICM_UTC2";"Buy";"4540.0";"4622.5";"2015.07.15 20:15:00";"2015.07.17 09:44:00";"30.0";"2108.76";"4457.50000";"4622.50000";"32295.56";"0.00";"IST";"PT";"1d 13h 29m";"-366.24"
"54";"USTEC_ICM_UTC2";"Buy";"4640.0";"4657.9";"2015.07.17 18:00:00";"2015.07.17 22:55:00";"30.0";"537.00";"4557.50000";"4722.50000";"32832.56";"0.00";"IST";"End Of Friday (Time)";"4h 55m";"-0.00"
"55";"USTEC_ICM_UTC2";"Buy";"4675.9";"4593.4";"2015.07.20 18:45:00";"2015.07.23 22:12:00";"30.0";"-3024.36";"4593.39990";"4758.39990";"29808.20";"0.00";"IST";"SL";"3d 3h 27m";"-549.36"
"56";"USTEC_ICM_UTC2";"Buy";"4594.5";"4562.0";"2015.07.23 22:15:00";"2015.07.24 22:55:00";"30.0";"-1158.12";"4512.00000";"4677.00000";"28650.08";"0.00";"IST";"End Of Friday (Time)";"1d 0h 40m";"-183.12"
"57";"USTEC_ICM_UTC2";"Buy";"4537.0";"4590.5";"2015.07.27 18:15:00";"2015.07.31 22:55:00";"30.0";"872.52";"4454.50000";"4619.50000";"29522.60";"0.00";"IST";"End Of Friday (Time)";"4d 4h 40m";"-732.48"
"58";"USTEC_ICM_UTC2";"Buy";"4602.0";"4519.5";"2015.08.03 18:45:00";"2015.08.06 18:35:00";"30.0";"-3024.36";"4519.50000";"4684.50000";"26498.24";"0.00";"IST";"SL";"2d 23h 50m";"-549.36"
"59";"USTEC_ICM_UTC2";"Buy";"4524.5";"4517.3";"2015.08.06 18:45:00";"2015.08.07 22:55:00";"30.0";"-399.12";"4442.00000";"4607.00000";"26099.12";"0.00";"IST";"End Of Friday (Time)";"1d 4h 10m";"-183.12"
"60";"USTEC_ICM_UTC2";"Buy";"4541.0";"4458.5";"2015.08.11 18:00:00";"2015.08.12 11:58:00";"30.0";"-2658.12";"4458.50000";"4623.50000";"23441.00";"0.00";"IST";"SL";"17h 58m";"-183.12"
"61";"USTEC_ICM_UTC2";"Buy";"4457.2";"4549.0";"2015.08.12 18:15:00";"2015.08.13 09:00:00";"30.0";"2570.94";"4374.70020";"4539.70020";"26011.94";"0.00";"IST";"PT";"14h 45m";"-183.12"
"62";"USTEC_ICM_UTC2";"Buy";"4545.5";"4530.9";"2015.08.13 19:15:00";"2015.08.14 22:55:00";"30.0";"-621.12";"4463.00000";"4628.00000";"25390.82";"0.00";"IST";"End Of Friday (Time)";"1d 3h 40m";"-183.12"
"63";"USTEC_ICM_UTC2";"Buy";"4547.9";"4465.4";"2015.08.17 18:45:00";"2015.08.20 12:29:00";"30.0";"-3024.36";"4465.39990";"4630.39990";"22366.46";"0.00";"IST";"SL";"2d 17h 44m";"-549.36"
"64";"USTEC_ICM_UTC2";"Buy";"4437.3";"4339.0";"2015.08.20 18:00:00";"2015.08.21 09:00:00";"30.0";"-3132.48";"4354.79980";"4519.79980";"19233.98";"0.00";"IST";"SL";"15h 0m";"-183.12"
"65";"USTEC_ICM_UTC2";"Buy";"4306.8";"4224.3";"2015.08.21 18:00:00";"2015.08.21 22:11:00";"30.0";"-2475.00";"4224.29980";"4389.29980";"16758.98";"0.00";"IST";"SL";"4h 11m";"-0.00"
"66";"USTEC_ICM_UTC2";"Buy";"3997.5";"4080.0";"2015.08.24 16:30:00";"2015.08.24 17:21:00";"30.0";"2475.00";"3915.00000";"4080.00000";"19233.98";"0.00";"IST";"PT";"51m 0s";"-0.00"
"67";"USTEC_ICM_UTC2";"Buy";"4178.3";"4095.8";"2015.08.25 16:30:00";"2015.08.25 22:32:00";"30.0";"-2475.00";"4095.80005";"4260.79980";"16758.98";"0.00";"IST";"SL";"6h 2m";"-0.00"
"68";"USTEC_ICM_UTC2";"Buy";"4154.1";"4236.6";"2015.08.26 22:00:00";"2015.08.27 09:40:00";"30.0";"2291.88";"4071.60010";"4236.60010";"19050.86";"0.00";"IST";"PT";"11h 40m";"-183.12"
"69";"USTEC_ICM_UTC2";"Buy";"4212.1";"4129.6";"2015.09.01 18:00:00";"2015.09.01 22:42:00";"30.0";"-2475.00";"4129.60010";"4294.60010";"16575.86";"0.00";"IST";"SL";"4h 42m";"-0.00"
"70";"USTEC_ICM_UTC2";"Buy";"4251.0";"4168.5";"2015.09.03 22:00:00";"2015.09.04 15:52:00";"30.0";"-2658.12";"4168.50000";"4333.50000";"13917.74";"0.00";"IST";"SL";"17h 52m";"-183.12"
"71";"USTEC_ICM_UTC2";"Buy";"4203.5";"4196.0";"2015.09.04 17:30:00";"2015.09.04 22:55:00";"30.0";"-225.00";"4121.00000";"4286.00000";"13692.74";"0.00";"IST";"End Of Friday (Time)";"5h 25m";"-0.00"
"72";"USTEC_ICM_UTC2";"Buy";"4257.4";"4346.4";"2015.09.08 19:00:00";"2015.09.09 09:00:00";"30.0";"2487.69";"4174.89990";"4339.89990";"16180.43";"0.00";"IST";"PT";"14h 0m";"-183.12"
"73";"USTEC_ICM_UTC2";"Buy";"4321.0";"4238.5";"2015.09.09 20:00:00";"2015.09.10 15:33:00";"30.0";"-2658.12";"4238.50000";"4403.50000";"13522.31";"0.00";"IST";"SL";"19h 33m";"-183.12"
"74";"USTEC_ICM_UTC2";"Buy";"4250.0";"4313.9";"2015.09.10 16:30:00";"2015.09.11 22:55:00";"30.0";"1733.88";"4167.50000";"4332.50000";"15256.19";"0.00";"IST";"End Of Friday (Time)";"1d 6h 25m";"-183.12"
"75";"USTEC_ICM_UTC2";"Buy";"4380.0";"4325.2";"2015.09.16 19:45:00";"2015.09.18 22:55:00";"30.0";"-2010.24";"4297.50000";"4462.50000";"13245.95";"0.00";"IST";"End Of Friday (Time)";"2d 3h 10m";"-366.24"
"76";"USTEC_ICM_UTC2";"Buy";"4316.3";"4233.8";"2015.09.21 21:15:00";"2015.09.22 20:29:00";"30.0";"-2658.12";"4233.79980";"4398.79980";"10587.83";"0.00";"IST";"SL";"23h 14m";"-183.12"
"77";"USTEC_ICM_UTC2";"Buy";"4234.9";"4317.4";"2015.09.22 20:30:00";"2015.09.25 11:55:00";"30.0";"1925.64";"4152.39990";"4317.39990";"12513.47";"0.00";"IST";"PT";"2d 15h 25m";"-549.36"
"78";"USTEC_ICM_UTC2";"Buy";"4231.0";"4225.1";"2015.09.25 22:45:00";"2015.09.25 22:55:00";"30.0";"-177.00";"4148.50000";"4313.50000";"12336.47";"0.00";"IST";"End Of Friday (Time)";"10m 0s";"-0.00"
"79";"USTEC_ICM_UTC2";"Buy";"4164.3";"4081.8";"2015.09.28 18:15:00";"2015.09.29 09:31:00";"30.0";"-2658.12";"4081.80005";"4246.79980";"9678.35";"0.00";"IST";"SL";"15h 16m";"-183.12"
"80";"USTEC_ICM_UTC2";"Buy";"4120.4";"4219.0";"2015.09.29 18:45:00";"2015.10.01 09:00:00";"30.0";"2590.35";"4037.89990";"4202.89990";"12268.70";"0.00";"IST";"PT";"1d 14h 15m";"-366.24"
"81";"USTEC_ICM_UTC2";"Buy";"4158.9";"4241.4";"2015.10.01 18:45:00";"2015.10.02 22:15:00";"30.0";"2291.88";"4076.39990";"4241.39990";"14560.58";"0.00";"IST";"PT";"1d 3h 30m";"-183.12"
"82";"USTEC_ICM_UTC2";"Buy";"4258.9";"4263.1";"2015.10.02 22:30:00";"2015.10.02 22:55:00";"30.0";"126.00";"4176.39990";"4341.39990";"14686.58";"0.00";"IST";"End Of Friday (Time)";"25m 0s";"-0.00"
"83";"USTEC_ICM_UTC2";"Buy";"4283.0";"4365.5";"2015.10.06 19:45:00";"2015.10.09 09:07:00";"30.0";"1925.64";"4200.50000";"4365.50000";"16612.22";"0.00";"IST";"PT";"2d 13h 22m";"-549.36"
"84";"USTEC_ICM_UTC2";"Buy";"4354.1";"4366.8";"2015.10.09 19:45:00";"2015.10.09 22:55:00";"30.0";"381.00";"4271.60010";"4436.60010";"16993.22";"0.00";"IST";"End Of Friday (Time)";"3h 10m";"-0.00"
"85";"USTEC_ICM_UTC2";"Buy";"4387.0";"4434.3";"2015.10.13 18:45:00";"2015.10.16 22:55:00";"30.0";"869.64";"4304.50000";"4469.50000";"17862.86";"0.00";"IST";"End Of Friday (Time)";"3d 4h 10m";"-549.36"
"86";"USTEC_ICM_UTC2";"Buy";"4462.6";"4582.1";"2015.10.19 19:00:00";"2015.10.23 09:00:00";"30.0";"2853.24";"4380.10010";"4545.10010";"20716.10";"0.00";"IST";"PT";"3d 14h 0m";"-732.48"
"87";"USTEC_ICM_UTC2";"Buy";"4623.4";"4627.9";"2015.10.23 16:30:00";"2015.10.23 22:55:00";"30.0";"135.00";"4540.89990";"4705.89990";"20851.10";"0.00";"IST";"End Of Friday (Time)";"6h 25m";"-0.00"
"88";"USTEC_ICM_UTC2";"Buy";"4630.0";"4712.5";"2015.10.27 19:00:00";"2015.11.03 18:38:00";"30.0";"1193.16";"4547.50000";"4712.50000";"22044.26";"0.00";"IST";"PT";"6d 23h 38m";"-1281.84"
"89";"USTEC_ICM_UTC2";"Buy";"4715.8";"4701.5";"2015.11.03 19:30:00";"2015.11.06 22:55:00";"30.0";"-978.36";"4633.29980";"4798.29980";"21065.90";"0.00";"IST";"End Of Friday (Time)";"3d 3h 25m";"-549.36"
"90";"USTEC_ICM_UTC2";"Buy";"4641.3";"4558.8";"2015.11.09 19:30:00";"2015.11.13 16:47:00";"30.0";"-3207.48";"4558.79980";"4723.79980";"17858.42";"0.00";"IST";"SL";"3d 21h 17m";"-732.48"
"91";"USTEC_ICM_UTC2";"Buy";"4530.0";"4506.7";"2015.11.13 18:45:00";"2015.11.13 22:55:00";"30.0";"-699.00";"4447.50000";"4612.50000";"17159.42";"0.00";"IST";"End Of Friday (Time)";"4h 10m";"-0.00"
"92";"USTEC_ICM_UTC2";"Buy";"4493.6";"4576.1";"2015.11.16 18:30:00";"2015.11.17 11:34:00";"30.0";"2291.88";"4411.10010";"4576.10010";"19451.30";"0.00";"IST";"PT";"17h 4m";"-183.12"
"93";"USTEC_ICM_UTC2";"Buy";"4571.0";"4653.5";"2015.11.17 21:30:00";"2015.11.18 22:53:00";"30.0";"2291.88";"4488.50000";"4653.50000";"21743.18";"0.00";"IST";"PT";"1d 1h 23m";"-183.12"
"94";"USTEC_ICM_UTC2";"Buy";"4662.2";"4682.7";"2015.11.19 21:15:00";"2015.11.20 22:55:00";"30.0";"431.88";"4579.70020";"4744.70020";"22175.06";"0.00";"IST";"End Of Friday (Time)";"1d 1h 40m";"-183.12"
"95";"USTEC_ICM_UTC2";"Buy";"4693.9";"4611.4";"2015.11.23 18:45:00";"2015.12.03 20:49:00";"30.0";"-4306.20";"4611.39990";"4776.39990";"17868.86";"0.00";"IST";"SL";"10d 2h 4m";"-1831.20"
"96";"USTEC_ICM_UTC2";"Buy";"4606.3";"4688.8";"2015.12.03 21:00:00";"2015.12.04 19:34:00";"30.0";"2291.88";"4523.79980";"4688.79980";"20160.74";"0.00";"IST";"PT";"22h 34m";"-183.12"
"97";"USTEC_ICM_UTC2";"Buy";"4698.4";"4714.8";"2015.12.04 19:45:00";"2015.12.04 22:55:00";"30.0";"492.00";"4615.89990";"4780.89990";"20652.74";"0.00";"IST";"End Of Friday (Time)";"3h 10m";"-0.00"
"98";"USTEC_ICM_UTC2";"Buy";"4679.7";"4597.2";"2015.12.07 19:45:00";"2015.12.09 19:43:00";"30.0";"-2841.24";"4597.20020";"4762.20020";"17811.50";"0.00";"IST";"SL";"1d 23h 58m";"-366.24"
"99";"USTEC_ICM_UTC2";"Buy";"4607.0";"4536.0";"2015.12.09 19:45:00";"2015.12.11 22:55:00";"30.0";"-2496.24";"4524.50000";"4689.50000";"15315.26";"0.00";"IST";"End Of Friday (Time)";"2d 3h 10m";"-366.24"
"100";"USTEC_ICM_UTC2";"Buy";"4522.8";"4605.3";"2015.12.14 18:00:00";"2015.12.15 15:54:00";"30.0";"2291.88";"4440.29980";"4605.29980";"17607.14";"0.00";"IST";"PT";"21h 54m";"-183.12"
"101";"USTEC_ICM_UTC2";"Buy";"4661.9";"4566.9";"2015.12.16 22:30:00";"2015.12.18 09:00:00";"30.0";"-3216.06";"4579.39990";"4744.39990";"14391.08";"0.00";"IST";"SL";"1d 10h 30m";"-366.24"
"102";"USTEC_ICM_UTC2";"Buy";"4566.1";"4523.6";"2015.12.18 18:30:00";"2015.12.18 22:55:00";"30.0";"-1275.00";"4483.60010";"4648.60010";"13116.08";"0.00";"IST";"End Of Friday (Time)";"4h 25m";"-0.00"
"103";"USTEC_ICM_UTC2";"Buy";"4578.9";"4661.4";"2015.12.22 20:00:00";"2015.12.29 16:50:00";"30.0";"1193.16";"4496.39990";"4661.39990";"14309.24";"0.00";"IST";"PT";"6d 20h 50m";"-1281.84"
"104";"USTEC_ICM_UTC2";"Buy";"4681.9";"4547.9";"2015.12.29 19:00:00";"2016.01.04 09:00:00";"30.0";"-5118.03";"4599.39990";"4764.39990";"9191.21";"0.00";"IST";"SL";"5d 14h 0m";"-1098.72"
"105";"USTEC_ICM_UTC2";"Buy";"4490.3";"4407.8";"2016.01.04 16:30:00";"2016.01.06 13:02:00";"30.0";"-2841.24";"4407.79980";"4572.79980";"6349.97";"0.00";"IST";"SL";"1d 20h 32m";"-366.24"
"106";"USTEC_ICM_UTC2";"Buy";"4455.0";"4372.5";"2016.01.06 19:00:00";"2016.01.07 09:40:00";"30.0";"-2658.12";"4372.50000";"4537.50000";"3691.85";"0.00";"IST";"SL";"14h 40m";"-183.12"
"107";"USTEC_ICM_UTC2";"Buy";"4349.0";"4267.8";"2016.01.07 16:30:00";"2016.01.08 22:55:00";"30.0";"-2619.12";"4266.50000";"4431.50000";"1072.73";"0.00";"IST";"End Of Friday (Time)";"1d 6h 25m";"-183.12"
"108";"USTEC_ICM_UTC2";"Buy";"4231.0";"4313.5";"2016.01.11 20:45:00";"2016.01.12 12:58:00";"30.0";"2291.88";"4148.50000";"4313.50000";"3364.61";"0.00";"IST";"PT";"16h 13m";"-183.12"
"109";"USTEC_ICM_UTC2";"Buy";"4291.0";"4208.5";"2016.01.12 21:30:00";"2016.01.13 21:18:00";"30.0";"-2658.12";"4208.50000";"4373.50000";"706.49";"0.00";"IST";"SL";"23h 48m";"-183.12"
"110";"USTEC_ICM_UTC2";"Buy";"4207.0";"4289.5";"2016.01.13 22:00:00";"2016.01.14 21:43:00";"30.0";"2291.88";"4124.50000";"4289.50000";"2998.37";"0.00";"IST";"PT";"23h 43m";"-183.12"
"111";"USTEC_ICM_UTC2";"Buy";"4285.9";"4203.4";"2016.01.14 21:45:00";"2016.01.15 10:58:00";"30.0";"-2658.12";"4203.39990";"4368.39990";"340.25";"0.00";"IST";"SL";"13h 13m";"-183.12"
"112";"USTEC_ICM_UTC2";"Buy";"4136.0";"4141.0";"2016.01.15 18:15:00";"2016.01.15 22:55:00";"30.0";"150.00";"4053.50000";"4218.50000";"490.25";"0.00";"IST";"End Of Friday (Time)";"4h 40m";"-0.00"
"113";"USTEC_ICM_UTC2";"Buy";"4146.0";"4063.5";"2016.01.19 19:45:00";"2016.01.20 10:24:00";"30.0";"-2658.12";"4063.50000";"4228.50000";"-2167.87";"0.00";"IST";"SL";"14h 39m";"-183.12"
"114";"USTEC_ICM_UTC2";"Buy";"4029.3";"4111.8";"2016.01.20 19:00:00";"2016.01.20 21:58:00";"30.0";"2475.00";"3946.80005";"4111.79980";"307.13";"0.00";"IST";"PT";"2h 58m";"-0.00"
"115";"USTEC_ICM_UTC2";"Buy";"4157.8";"4240.3";"2016.01.21 18:00:00";"2016.01.22 17:00:00";"30.0";"2291.88";"4075.30005";"4240.29980";"2599.01";"0.00";"IST";"PT";"23h 0m";"-183.12"
"116";"USTEC_ICM_UTC2";"Buy";"4226.9";"4144.4";"2016.01.26 18:30:00";"2016.01.27 21:56:00";"30.0";"-2658.12";"4144.39990";"4309.39990";"-59.11";"0.00";"IST";"SL";"1d 3h 26m";"-183.12"
"117";"USTEC_ICM_UTC2";"Buy";"4145.2";"4227.7";"2016.01.27 22:00:00";"2016.01.29 17:06:00";"30.0";"2108.76";"4062.69995";"4227.70020";"2049.65";"0.00";"IST";"PT";"1d 19h 6m";"-366.24"
"118";"USTEC_ICM_UTC2";"Buy";"4272.0";"4189.5";"2016.02.01 20:30:00";"2016.02.02 21:28:00";"30.0";"-2658.12";"4189.50000";"4354.50000";"-608.47";"0.00";"IST";"SL";"1d 0h 58m";"-183.12"
"119";"USTEC_ICM_UTC2";"Buy";"4190.8";"4108.3";"2016.02.02 21:30:00";"2016.02.03 17:34:00";"30.0";"-2658.12";"4108.29980";"4273.29980";"-3266.59";"0.00";"IST";"SL";"20h 4m";"-183.12"
"120";"USTEC_ICM_UTC2";"Buy";"4127.8";"4045.3";"2016.02.03 18:15:00";"2016.02.05 18:22:00";"30.0";"-2841.24";"4045.30005";"4210.29980";"-6107.83";"0.00";"IST";"SL";"2d 0h 7m";"-366.24"
"121";"USTEC_ICM_UTC2";"Buy";"4045.5";"4007.7";"2016.02.05 18:45:00";"2016.02.05 22:55:00";"30.0";"-1134.00";"3963.00000";"4128.00000";"-7241.83";"0.00";"IST";"End Of Friday (Time)";"4h 10m";"-0.00"
"122";"USTEC_ICM_UTC2";"Buy";"3907.5";"3990.0";"2016.02.08 18:15:00";"2016.02.09 16:54:00";"30.0";"2291.88";"3825.00000";"3990.00000";"-4949.95";"0.00";"IST";"PT";"22h 39m";"-183.12"
"123";"USTEC_ICM_UTC2";"Buy";"3973.6";"3891.1";"2016.02.09 18:30:00";"2016.02.11 10:40:00";"30.0";"-2841.24";"3891.10010";"4056.10010";"-7791.19";"0.00";"IST";"SL";"1d 16h 10m";"-366.24"
"124";"USTEC_ICM_UTC2";"Buy";"3910.2";"3992.7";"2016.02.11 18:15:00";"2016.02.12 10:13:00";"30.0";"2291.88";"3827.69995";"3992.69995";"-5499.31";"0.00";"IST";"PT";"15h 58m";"-183.12"
"125";"USTEC_ICM_UTC2";"Buy";"4060.6";"4143.1";"2016.02.16 18:30:00";"2016.02.17 16:00:00";"30.0";"2291.88";"3978.10010";"4143.10010";"-3207.43";"0.00";"IST";"PT";"21h 30m";"-183.12"
"126";"USTEC_ICM_UTC2";"Buy";"4188.3";"4165.4";"2016.02.17 19:30:00";"2016.02.19 22:55:00";"30.0";"-1053.24";"4105.79980";"4270.79980";"-4260.67";"0.00";"IST";"End Of Friday (Time)";"2d 3h 25m";"-366.24"
"127";"USTEC_ICM_UTC2";"Buy";"4174.3";"4091.8";"2016.02.23 18:30:00";"2016.02.24 16:53:00";"30.0";"-2658.12";"4091.80005";"4256.79980";"-6918.79";"0.00";"IST";"SL";"22h 23m";"-183.12"
"128";"USTEC_ICM_UTC2";"Buy";"4104.1";"4186.6";"2016.02.24 18:15:00";"2016.02.24 22:08:00";"30.0";"2475.00";"4021.60010";"4186.60010";"-4443.79";"0.00";"IST";"PT";"3h 53m";"-0.00"
"129";"USTEC_ICM_UTC2";"Buy";"4198.1";"4280.6";"2016.02.25 18:30:00";"2016.02.26 10:40:00";"30.0";"2291.88";"4115.60010";"4280.60010";"-2151.91";"0.00";"IST";"PT";"16h 10m";"-183.12"
"130";"USTEC_ICM_UTC2";"Buy";"4237.8";"4239.1";"2016.02.26 20:30:00";"2016.02.26 22:55:00";"30.0";"39.00";"4155.29980";"4320.29980";"-2112.91";"0.00";"IST";"End Of Friday (Time)";"2h 25m";"-0.00"
"131";"USTEC_ICM_UTC2";"Buy";"4242.9";"4325.4";"2016.02.29 17:00:00";"2016.03.01 22:00:00";"30.0";"2291.88";"4160.39990";"4325.39990";"178.97";"0.00";"IST";"PT";"1d 5h 0m";"-183.12"
"132";"USTEC_ICM_UTC2";"Buy";"4311.6";"4326.8";"2016.03.02 19:45:00";"2016.03.04 22:55:00";"30.0";"89.76";"4229.10010";"4394.10010";"268.73";"0.00";"IST";"End Of Friday (Time)";"2d 3h 10m";"-366.24"
"133";"USTEC_ICM_UTC2";"Buy";"4320.8";"4238.3";"2016.03.07 19:00:00";"2016.03.10 19:45:00";"30.0";"-3024.36";"4238.29980";"4403.29980";"-2755.63";"0.00";"IST";"SL";"3d 0h 45m";"-549.36"
"134";"USTEC_ICM_UTC2";"Buy";"4247.0";"4329.5";"2016.03.10 20:00:00";"2016.03.11 09:16:00";"30.0";"2291.88";"4164.50000";"4329.50000";"-463.75";"0.00";"IST";"PT";"13h 16m";"-183.12"
"135";"USTEC_ICM_UTC2";"Buy";"4361.7";"4444.2";"2016.03.15 18:30:00";"2016.03.22 18:55:00";"30.0";"1193.16";"4279.20020";"4444.20020";"729.41";"0.00";"IST";"PT";"7d 0h 25m";"-1281.84"
"136";"USTEC_ICM_UTC2";"Buy";"4445.1";"4527.6";"2016.03.22 19:00:00";"2016.04.01 22:34:00";"30.0";"643.80";"4362.60010";"4527.60010";"1373.21";"0.00";"IST";"PT";"10d 3h 34m";"-1831.20"
"137";"USTEC_ICM_UTC2";"Buy";"4529.7";"4526.5";"2016.04.01 22:45:00";"2016.04.01 22:55:00";"30.0";"-96.00";"4447.20020";"4612.20020";"1277.21";"0.00";"IST";"End Of Friday (Time)";"10m 0s";"-0.00"
"138";"USTEC_ICM_UTC2";"Buy";"4523.0";"4469.5";"2016.04.04 20:15:00";"2016.04.08 22:55:00";"30.0";"-2337.48";"4440.50000";"4605.50000";"-1060.27";"0.00";"IST";"End Of Friday (Time)";"4d 2h 40m";"-732.48"
"139";"USTEC_ICM_UTC2";"Buy";"4492.7";"4542.9";"2016.04.11 19:15:00";"2016.04.15 22:55:00";"30.0";"773.52";"4410.20020";"4575.20020";"-286.75";"0.00";"IST";"End Of Friday (Time)";"4d 3h 40m";"-732.48"
"140";"USTEC_ICM_UTC2";"Buy";"4561.6";"4479.1";"2016.04.18 18:15:00";"2016.04.22 16:30:00";"30.0";"-3207.48";"4479.10010";"4644.10010";"-3494.23";"0.00";"IST";"SL";"3d 22h 15m";"-732.48"
"141";"USTEC_ICM_UTC2";"Buy";"4445.3";"4473.7";"2016.04.22 18:30:00";"2016.04.22 22:55:00";"30.0";"852.00";"4362.79980";"4527.79980";"-2642.23";"0.00";"IST";"End Of Friday (Time)";"4h 25m";"-0.00"
"142";"USTEC_ICM_UTC2";"Buy";"4457.7";"4375.2";"2016.04.25 19:00:00";"2016.04.28 22:15:00";"30.0";"-3024.36";"4375.20020";"4540.20020";"-5666.59";"0.00";"IST";"SL";"3d 3h 15m";"-549.36"
"143";"USTEC_ICM_UTC2";"Buy";"4369.3";"4340.2";"2016.04.28 22:45:00";"2016.04.29 22:55:00";"30.0";"-1056.12";"4286.79980";"4451.79980";"-6722.71";"0.00";"IST";"End Of Friday (Time)";"1d 0h 10m";"-183.12"
"144";"USTEC_ICM_UTC2";"Buy";"4362.7";"4280.2";"2016.05.02 20:30:00";"2016.05.06 15:45:00";"30.0";"-3207.48";"4280.20020";"4445.20020";"-9930.19";"0.00";"IST";"SL";"3d 19h 15m";"-732.48"
"145";"USTEC_ICM_UTC2";"Buy";"4286.7";"4325.8";"2016.05.06 18:00:00";"2016.05.06 22:55:00";"30.0";"1173.00";"4204.20020";"4369.20020";"-8757.19";"0.00";"IST";"End Of Friday (Time)";"4h 55m";"-0.00"
"146";"USTEC_ICM_UTC2";"Buy";"4350.5";"4325.4";"2016.05.09 19:30:00";"2016.05.13 22:55:00";"30.0";"-1485.48";"4268.00000";"4433.00000";"-10242.67";"0.00";"IST";"End Of Friday (Time)";"4d 3h 25m";"-732.48"
"147";"USTEC_ICM_UTC2";"Buy";"4357.6";"4361.8";"2016.05.17 18:30:00";"2016.05.20 22:55:00";"30.0";"-423.36";"4275.10010";"4440.10010";"-10666.03";"0.00";"IST";"End Of Friday (Time)";"3d 4h 25m";"-549.36"
"148";"USTEC_ICM_UTC2";"Buy";"4367.1";"4449.6";"2016.05.23 19:00:00";"2016.05.24 22:26:00";"30.0";"2291.88";"4284.60010";"4449.60010";"-8374.15";"0.00";"IST";"PT";"1d 3h 26m";"-183.12"
"149";"USTEC_ICM_UTC2";"Buy";"4474.9";"4509.4";"2016.05.25 19:15:00";"2016.05.27 22:55:00";"30.0";"668.76";"4392.39990";"4557.39990";"-7705.39";"0.00";"IST";"End Of Friday (Time)";"2d 3h 40m";"-366.24"
"150";"USTEC_ICM_UTC2";"Buy";"4515.8";"4512.5";"2016.05.31 18:30:00";"2016.06.03 22:55:00";"30.0";"-648.36";"4433.29980";"4598.29980";"-8353.75";"0.00";"IST";"End Of Friday (Time)";"3d 4h 25m";"-549.36"
"151";"USTEC_ICM_UTC2";"Buy";"4533.6";"4451.1";"2016.06.06 21:15:00";"2016.06.10 21:16:00";"30.0";"-3207.48";"4451.10010";"4616.10010";"-11561.23";"0.00";"IST";"SL";"4d 0h 1m";"-732.48"
"152";"USTEC_ICM_UTC2";"Buy";"4452.6";"4458.3";"2016.06.10 21:30:00";"2016.06.10 22:55:00";"30.0";"171.00";"4370.10010";"4535.10010";"-11390.23";"0.00";"IST";"End Of Friday (Time)";"1h 25m";"-0.00"
"153";"USTEC_ICM_UTC2";"Buy";"4450.7";"4368.2";"2016.06.13 18:15:00";"2016.06.16 17:22:00";"30.0";"-3024.36";"4368.20020";"4533.20020";"-14414.59";"0.00";"IST";"SL";"2d 23h 7m";"-549.36"
"154";"USTEC_ICM_UTC2";"Buy";"4405.3";"4371.9";"2016.06.16 19:45:00";"2016.06.17 22:55:00";"30.0";"-1185.12";"4322.79980";"4487.79980";"-15599.71";"0.00";"IST";"End Of Friday (Time)";"1d 3h 10m";"-183.12"
"155";"USTEC_ICM_UTC2";"Buy";"4406.3";"4254.8";"2016.06.21 18:45:00";"2016.06.24 09:00:00";"30.0";"-5095.23";"4323.79980";"4488.79980";"-20694.94";"0.00";"IST";"SL";"2d 14h 15m";"-549.36"
"156";"USTEC_ICM_UTC2";"Buy";"4304.8";"4307.6";"2016.06.24 16:30:00";"2016.06.24 22:55:00";"30.0";"84.00";"4222.29980";"4387.29980";"-20610.94";"0.00";"IST";"End Of Friday (Time)";"6h 25m";"-0.00"
"157";"USTEC_ICM_UTC2";"Buy";"4201.0";"4283.5";"2016.06.27 19:45:00";"2016.06.28 21:56:00";"30.0";"2291.88";"4118.50000";"4283.50000";"-18319.06";"0.00";"IST";"PT";"1d 2h 11m";"-183.12"
"158";"USTEC_ICM_UTC2";"Buy";"4395.1";"4439.8";"2016.06.30 19:00:00";"2016.07.01 22:55:00";"30.0";"1157.88";"4312.60010";"4477.60010";"-17161.18";"0.00";"IST";"End Of Friday (Time)";"1d 3h 55m";"-183.12"
"159";"USTEC_ICM_UTC2";"Buy";"4403.9";"4486.4";"2016.07.05 18:30:00";"2016.07.08 15:30:00";"30.0";"1925.64";"4321.39990";"4486.39990";"-15235.54";"0.00";"IST";"PT";"2d 21h 0m";"-549.36"
"160";"USTEC_ICM_UTC2";"Buy";"4514.2";"4527.2";"2016.07.08 18:00:00";"2016.07.08 22:55:00";"30.0";"390.00";"4431.70020";"4596.70020";"-14845.54";"0.00";"IST";"End Of Friday (Time)";"4h 55m";"-0.00"
"161";"USTEC_ICM_UTC2";"Buy";"4573.1";"4587.5";"2016.07.13 19:00:00";"2016.07.15 22:55:00";"30.0";"65.76";"4490.60010";"4655.60010";"-14779.78";"0.00";"IST";"End Of Friday (Time)";"2d 3h 55m";"-366.24"
"162";"USTEC_ICM_UTC2";"Buy";"4603.2";"4663.1";"2016.07.19 19:00:00";"2016.07.22 22:55:00";"30.0";"1247.64";"4520.70020";"4685.70020";"-13532.14";"0.00";"IST";"End Of Friday (Time)";"3d 3h 55m";"-549.36"
"163";"USTEC_ICM_UTC2";"Buy";"4655.5";"4738.0";"2016.07.25 18:45:00";"2016.07.29 18:12:00";"30.0";"1742.52";"4573.00000";"4738.00000";"-11789.62";"0.00";"IST";"PT";"3d 23h 27m";"-732.48"
"164";"USTEC_ICM_UTC2";"Buy";"4741.7";"4735.0";"2016.07.29 18:45:00";"2016.07.29 22:55:00";"30.0";"-201.00";"4659.20020";"4824.20020";"-11990.62";"0.00";"IST";"End Of Friday (Time)";"4h 10m";"-0.00"
"165";"USTEC_ICM_UTC2";"Buy";"4744.8";"4789.5";"2016.08.01 19:30:00";"2016.08.05 22:55:00";"30.0";"608.52";"4662.29980";"4827.29980";"-11382.10";"0.00";"IST";"End Of Friday (Time)";"4d 3h 25m";"-732.48"
"166";"USTEC_ICM_UTC2";"Buy";"4778.3";"4804.8";"2016.08.08 19:30:00";"2016.08.12 22:55:00";"30.0";"62.52";"4695.79980";"4860.79980";"-11319.58";"0.00";"IST";"End Of Friday (Time)";"4d 3h 25m";"-732.48"
"167";"USTEC_ICM_UTC2";"Buy";"4804.6";"4805.5";"2016.08.16 18:00:00";"2016.08.19 22:55:00";"30.0";"-522.36";"4722.10010";"4887.10010";"-11841.94";"0.00";"IST";"End Of Friday (Time)";"3d 4h 55m";"-549.36"
"168";"USTEC_ICM_UTC2";"Buy";"4794.0";"4780.7";"2016.08.22 18:45:00";"2016.08.26 22:55:00";"30.0";"-1131.48";"4711.50000";"4876.50000";"-12973.42";"0.00";"IST";"End Of Friday (Time)";"4d 4h 10m";"-732.48"
"169";"USTEC_ICM_UTC2";"Buy";"4772.2";"4796.7";"2016.08.30 19:00:00";"2016.09.02 22:55:00";"30.0";"185.64";"4689.70020";"4854.70020";"-12787.78";"0.00";"IST";"End Of Friday (Time)";"3d 3h 55m";"-549.36"
"170";"USTEC_ICM_UTC2";"Buy";"4811.9";"4729.4";"2016.09.06 18:45:00";"2016.09.09 19:08:00";"30.0";"-3024.36";"4729.39990";"4894.39990";"-15812.14";"0.00";"IST";"SL";"3d 0h 23m";"-549.36"
"171";"USTEC_ICM_UTC2";"Buy";"4728.5";"4692.6";"2016.09.09 19:15:00";"2016.09.09 22:55:00";"30.0";"-1077.00";"4646.00000";"4811.00000";"-16889.14";"0.00";"IST";"End Of Friday (Time)";"3h 40m";"-0.00"
"172";"USTEC_ICM_UTC2";"Buy";"4656.9";"4739.4";"2016.09.12 16:30:00";"2016.09.12 19:54:00";"30.0";"2475.00";"4574.39990";"4739.39990";"-14414.14";"0.00";"IST";"PT";"3h 24m";"-0.00"
"173";"USTEC_ICM_UTC2";"Buy";"4725.2";"4807.7";"2016.09.13 19:15:00";"2016.09.15 19:24:00";"30.0";"2108.76";"4642.70020";"4807.70020";"-12305.38";"0.00";"IST";"PT";"2d 0h 9m";"-366.24"
"174";"USTEC_ICM_UTC2";"Buy";"4805.1";"4817.8";"2016.09.15 19:30:00";"2016.09.16 22:55:00";"30.0";"197.88";"4722.60010";"4887.60010";"-12107.50";"0.00";"IST";"End Of Friday (Time)";"1d 3h 25m";"-183.12"
"175";"USTEC_ICM_UTC2";"Buy";"4807.4";"4889.9";"2016.09.19 21:30:00";"2016.09.22 17:33:00";"30.0";"1925.64";"4724.89990";"4889.89990";"-10181.86";"0.00";"IST";"PT";"2d 20h 3m";"-549.36"
"176";"USTEC_ICM_UTC2";"Buy";"4865.7";"4864.7";"2016.09.23 22:15:00";"2016.09.23 22:55:00";"30.0";"-30.00";"4783.20020";"4948.20020";"-10211.86";"0.00";"IST";"End Of Friday (Time)";"40m 0s";"-0.00"
"177";"USTEC_ICM_UTC2";"Buy";"4820.4";"4885.2";"2016.09.26 18:30:00";"2016.09.30 22:55:00";"30.0";"1211.52";"4737.89990";"4902.89990";"-9000.34";"0.00";"IST";"End Of Friday (Time)";"4d 4h 25m";"-732.48"
"178";"USTEC_ICM_UTC2";"Buy";"4854.4";"4867.2";"2016.10.03 20:15:00";"2016.10.07 22:55:00";"30.0";"-348.48";"4771.89990";"4936.89990";"-9348.82";"0.00";"IST";"End Of Friday (Time)";"4d 2h 40m";"-732.48"
"179";"USTEC_ICM_UTC2";"Buy";"4844.4";"4761.9";"2016.10.11 18:15:00";"2016.10.13 16:54:00";"30.0";"-2841.24";"4761.89990";"4926.89990";"-12190.06";"0.00";"IST";"SL";"1d 22h 39m";"-366.24"
"180";"USTEC_ICM_UTC2";"Buy";"4788.3";"4811.0";"2016.10.13 19:00:00";"2016.10.14 22:55:00";"30.0";"497.88";"4705.79980";"4870.79980";"-11692.18";"0.00";"IST";"End Of Friday (Time)";"1d 3h 55m";"-183.12"
"181";"USTEC_ICM_UTC2";"Buy";"4807.5";"4851.5";"2016.10.17 18:45:00";"2016.10.21 22:55:00";"30.0";"587.52";"4725.00000";"4890.00000";"-11104.66";"0.00";"IST";"End Of Friday (Time)";"4d 4h 10m";"-732.48"
"182";"USTEC_ICM_UTC2";"Buy";"4895.2";"4812.7";"2016.10.25 19:00:00";"2016.10.28 10:00:00";"30.0";"-3024.36";"4812.70020";"4977.70020";"-14129.02";"0.00";"IST";"SL";"2d 15h 0m";"-549.36"
"183";"USTEC_ICM_UTC2";"Buy";"4843.4";"4802.8";"2016.10.28 18:00:00";"2016.10.28 22:55:00";"30.0";"-1218.00";"4760.89990";"4925.89990";"-15347.02";"0.00";"IST";"End Of Friday (Time)";"4h 55m";"-0.00"
"184";"USTEC_ICM_UTC2";"Buy";"4764.6";"4682.1";"2016.11.01 19:15:00";"2016.11.03 20:46:00";"30.0";"-2841.24";"4682.10010";"4847.10010";"-18188.26";"0.00";"IST";"SL";"2d 1h 31m";"-366.24"
"185";"USTEC_ICM_UTC2";"Buy";"4689.6";"4772.1";"2016.11.03 21:00:00";"2016.11.07 18:43:00";"30.0";"1742.52";"4607.10010";"4772.10010";"-16445.74";"0.00";"IST";"PT";"3d 21h 43m";"-732.48"
"186";"USTEC_ICM_UTC2";"Buy";"4817.8";"4594.8";"2016.11.08 19:30:00";"2016.11.09 09:00:00";"30.0";"-6873.09";"4735.29980";"4900.29980";"-23318.83";"0.00";"IST";"SL";"13h 30m";"-183.12"
"187";"USTEC_ICM_UTC2";"Buy";"4746.2";"4828.7";"2016.11.09 16:30:00";"2016.11.09 18:52:00";"30.0";"2475.00";"4663.70020";"4828.70020";"-20843.83";"0.00";"IST";"PT";"2h 22m";"-0.00"
"188";"USTEC_ICM_UTC2";"Buy";"4718.4";"4754.0";"2016.11.10 19:00:00";"2016.11.11 22:55:00";"30.0";"884.88";"4635.89990";"4800.89990";"-19958.95";"0.00";"IST";"End Of Friday (Time)";"1d 3h 55m";"-183.12"
"189";"USTEC_ICM_UTC2";"Buy";"4698.0";"4780.5";"2016.11.14 19:15:00";"2016.11.16 17:24:00";"30.0";"2108.76";"4615.50000";"4780.50000";"-17850.19";"0.00";"IST";"PT";"1d 22h 9m";"-366.24"
"190";"USTEC_ICM_UTC2";"Buy";"4785.0";"4809.5";"2016.11.16 18:45:00";"2016.11.18 22:55:00";"30.0";"368.76";"4702.50000";"4867.50000";"-17481.43";"0.00";"IST";"End Of Friday (Time)";"2d 4h 10m";"-366.24"
"191";"USTEC_ICM_UTC2";"Buy";"4849.0";"4766.5";"2016.11.21 18:45:00";"2016.12.01 17:30:00";"30.0";"-4306.20";"4766.50000";"4931.50000";"-21787.63";"0.00";"IST";"SL";"9d 22h 45m";"-1831.20"
"192";"USTEC_ICM_UTC2";"Buy";"4748.0";"4736.6";"2016.12.01 18:15:00";"2016.12.02 22:55:00";"30.0";"-525.12";"4665.50000";"4830.50000";"-22312.75";"0.00";"IST";"End Of Friday (Time)";"1d 4h 40m";"-183.12"
"193";"USTEC_ICM_UTC2";"Buy";"4783.8";"4866.3";"2016.12.05 18:30:00";"2016.12.08 18:08:00";"30.0";"1925.64";"4701.29980";"4866.29980";"-20387.11";"0.00";"IST";"PT";"2d 23h 38m";"-549.36"
"194";"USTEC_ICM_UTC2";"Buy";"4865.7";"4891.8";"2016.12.08 18:15:00";"2016.12.09 22:55:00";"30.0";"599.88";"4783.20020";"4948.20020";"-19787.23";"0.00";"IST";"End Of Friday (Time)";"1d 4h 40m";"-183.12"
"195";"USTEC_ICM_UTC2";"Buy";"4862.6";"4945.1";"2016.12.12 19:45:00";"2016.12.13 17:26:00";"30.0";"2291.88";"4780.10010";"4945.10010";"-17495.35";"0.00";"IST";"PT";"21h 41m";"-183.12"
"196";"USTEC_ICM_UTC2";"Buy";"4946.1";"4915.4";"2016.12.13 18:00:00";"2016.12.16 22:55:00";"30.0";"-1470.36";"4863.60010";"5028.60010";"-18965.71";"0.00";"IST";"End Of Friday (Time)";"3d 4h 55m";"-549.36"
"197";"USTEC_ICM_UTC2";"Buy";"4954.6";"4937.4";"2016.12.19 19:45:00";"2016.12.23 22:55:00";"30.0";"-1248.48";"4872.10010";"5037.10010";"-20214.19";"0.00";"IST";"End Of Friday (Time)";"4d 3h 10m";"-732.48"
"198";"USTEC_ICM_UTC2";"Buy";"4980.6";"4898.1";"2016.12.27 18:15:00";"2016.12.30 16:56:00";"30.0";"-3024.36";"4898.10010";"5063.10010";"-23238.55";"0.00";"IST";"SL";"2d 22h 41m";"-549.36"
"199";"USTEC_ICM_UTC2";"Buy";"4876.2";"4853.4";"2016.12.30 18:15:00";"2016.12.30 22:55:00";"30.0";"-684.00";"4793.70020";"4958.70020";"-23922.55";"0.00";"IST";"End Of Friday (Time)";"4h 40m";"-0.00"
"200";"USTEC_ICM_UTC2";"Buy";"4893.6";"4976.1";"2017.01.03 18:30:00";"2017.01.06 16:58:00";"30.0";"1925.64";"4811.10010";"4976.10010";"-21996.91";"0.00";"IST";"PT";"2d 22h 28m";"-549.36"
"201";"USTEC_ICM_UTC2";"Buy";"4996.2";"5012.3";"2017.01.06 18:30:00";"2017.01.06 22:55:00";"30.0";"483.00";"4913.70020";"5078.70020";"-21513.91";"0.00";"IST";"End Of Friday (Time)";"4h 25m";"-0.00"
"202";"USTEC_ICM_UTC2";"Buy";"5023.4";"5057.8";"2017.01.09 19:00:00";"2017.01.13 22:55:00";"30.0";"299.52";"4940.89990";"5105.89990";"-21214.39";"0.00";"IST";"End Of Friday (Time)";"4d 3h 55m";"-732.48"
"203";"USTEC_ICM_UTC2";"Buy";"5044.2";"5057.9";"2017.01.17 16:30:00";"2017.01.20 22:55:00";"30.0";"-138.36";"4961.70020";"5126.70020";"-21352.75";"0.00";"IST";"End Of Friday (Time)";"3d 6h 25m";"-549.36"
"204";"USTEC_ICM_UTC2";"Buy";"5048.2";"5130.7";"2017.01.23 18:30:00";"2017.01.25 16:26:00";"30.0";"2108.76";"4965.70020";"5130.70020";"-19243.99";"0.00";"IST";"PT";"1d 21h 56m";"-366.24"
"205";"USTEC_ICM_UTC2";"Buy";"5147.6";"5163.8";"2017.01.25 21:15:00";"2017.01.27 22:55:00";"30.0";"119.76";"5065.10010";"5230.10010";"-19124.23";"0.00";"IST";"End Of Friday (Time)";"2d 1h 40m";"-366.24"
"206";"USTEC_ICM_UTC2";"Buy";"5105.2";"5160.6";"2017.01.30 18:00:00";"2017.02.03 22:55:00";"30.0";"929.52";"5022.70020";"5187.70020";"-18194.71";"0.00";"IST";"End Of Friday (Time)";"4d 4h 55m";"-732.48"
"207";"USTEC_ICM_UTC2";"Buy";"5160.4";"5226.6";"2017.02.06 19:45:00";"2017.02.10 22:55:00";"30.0";"1253.52";"5077.89990";"5242.89990";"-16941.19";"0.00";"IST";"End Of Friday (Time)";"4d 3h 10m";"-732.48"
"208";"USTEC_ICM_UTC2";"Buy";"5256.7";"5318.6";"2017.02.13 19:45:00";"2017.02.17 22:55:00";"30.0";"1124.52";"5174.20020";"5339.20020";"-15816.67";"0.00";"IST";"End Of Friday (Time)";"4d 3h 10m";"-732.48"
"209";"USTEC_ICM_UTC2";"Buy";"5338.4";"5339.0";"2017.02.21 18:30:00";"2017.02.24 22:55:00";"30.0";"-531.36";"5255.89990";"5420.89990";"-16348.03";"0.00";"IST";"End Of Friday (Time)";"3d 4h 25m";"-549.36"
"210";"USTEC_ICM_UTC2";"Buy";"5336.9";"5371.3";"2017.02.27 18:45:00";"2017.03.03 22:55:00";"30.0";"299.52";"5254.39990";"5419.39990";"-16048.51";"0.00";"IST";"End Of Friday (Time)";"4d 4h 10m";"-732.48"
"211";"USTEC_ICM_UTC2";"Buy";"5342.8";"5384.3";"2017.03.06 18:45:00";"2017.03.10 22:55:00";"30.0";"512.52";"5260.29980";"5425.29980";"-15535.99";"0.00";"IST";"End Of Friday (Time)";"4d 4h 10m";"-732.48"
"212";"USTEC_ICM_UTC2";"Buy";"5372.9";"5442.1";"2017.03.14 17:45:00";"2017.03.31 22:55:00";"30.0";"-1037.04";"5290.39990";"5455.39990";"-16573.03";"0.00";"IST";"End Of Friday (Time)";"17d 5h 10m";"-3113.04"
"213";"USTEC_ICM_UTC2";"Buy";"5424.4";"5420.4";"2017.04.03 18:30:00";"2017.04.07 22:55:00";"30.0";"-852.48";"5341.89990";"5506.89990";"-17425.51";"0.00";"IST";"End Of Friday (Time)";"4d 4h 25m";"-732.48"
"214";"USTEC_ICM_UTC2";"Buy";"5431.7";"5441.6";"2017.04.10 20:30:00";"2017.04.21 22:55:00";"30.0";"-1717.32";"5349.20020";"5514.20020";"-19142.83";"0.00";"IST";"End Of Friday (Time)";"11d 2h 25m";"-2014.32"
"215";"USTEC_ICM_UTC2";"Buy";"5548.5";"5583.6";"2017.04.26 18:45:00";"2017.04.28 22:55:00";"30.0";"686.76";"5466.00000";"5631.00000";"-18456.07";"0.00";"IST";"End Of Friday (Time)";"2d 4h 10m";"-366.24"
"216";"USTEC_ICM_UTC2";"Buy";"5634.4";"5642.8";"2017.05.01 21:00:00";"2017.05.05 22:55:00";"30.0";"-480.48";"5551.89990";"5716.89990";"-18936.55";"0.00";"IST";"End Of Friday (Time)";"4d 1h 55m";"-732.48"
"217";"USTEC_ICM_UTC2";"Buy";"5637.3";"5682.1";"2017.05.08 18:30:00";"2017.05.12 22:55:00";"30.0";"611.52";"5554.79980";"5719.79980";"-18325.03";"0.00";"IST";"End Of Friday (Time)";"4d 4h 25m";"-732.48"
"218";"USTEC_ICM_UTC2";"Buy";"5696.6";"5614.1";"2017.05.15 18:45:00";"2017.05.17 21:16:00";"30.0";"-2841.24";"5614.10010";"5779.10010";"-21166.27";"0.00";"IST";"SL";"2d 2h 31m";"-366.24"
"219";"USTEC_ICM_UTC2";"Buy";"5609.6";"5650.2";"2017.05.17 21:30:00";"2017.05.19 22:55:00";"30.0";"851.76";"5527.10010";"5692.10010";"-20314.51";"0.00";"IST";"End Of Friday (Time)";"2d 1h 25m";"-366.24"
"220";"USTEC_ICM_UTC2";"Buy";"5695.1";"5777.6";"2017.05.23 20:45:00";"2017.05.25 19:21:00";"30.0";"2108.76";"5612.60010";"5777.60010";"-18205.75";"0.00";"IST";"PT";"1d 22h 36m";"-366.24"
"221";"USTEC_ICM_UTC2";"Buy";"5778.2";"5786.3";"2017.05.25 19:30:00";"2017.05.26 22:55:00";"30.0";"59.88";"5695.70020";"5860.70020";"-18145.87";"0.00";"IST";"End Of Friday (Time)";"1d 3h 25m";"-183.12"
"222";"USTEC_ICM_UTC2";"Buy";"5784.1";"5866.6";"2017.05.30 16:30:00";"2017.06.02 20:25:00";"30.0";"1925.64";"5701.60010";"5866.60010";"-16220.23";"0.00";"IST";"PT";"3d 3h 55m";"-549.36"
"223";"USTEC_ICM_UTC2";"Buy";"5869.6";"5878.1";"2017.06.02 20:30:00";"2017.06.02 22:55:00";"30.0";"255.00";"5787.10010";"5952.10010";"-15965.23";"0.00";"IST";"End Of Friday (Time)";"2h 25m";"-0.00"
"224";"USTEC_ICM_UTC2";"Buy";"5879.8";"5797.3";"2017.06.05 19:30:00";"2017.06.09 20:12:00";"30.0";"-3207.48";"5797.29980";"5962.29980";"-19172.71";"0.00";"IST";"SL";"4d 0h 42m";"-732.48"
"225";"USTEC_ICM_UTC2";"Buy";"5794.4";"5711.9";"2017.06.09 20:15:00";"2017.06.09 21:46:00";"30.0";"-2475.00";"5711.89990";"5876.89990";"-21647.71";"0.00";"IST";"SL";"1h 31m";"-0.00"
"226";"USTEC_ICM_UTC2";"Buy";"5689.7";"5772.2";"2017.06.12 16:30:00";"2017.06.14 15:43:00";"30.0";"2108.76";"5607.20020";"5772.20020";"-19538.95";"0.00";"IST";"PT";"1d 23h 13m";"-366.24"
"227";"USTEC_ICM_UTC2";"Buy";"5761.9";"5679.4";"2017.06.14 19:15:00";"2017.06.14 22:14:00";"30.0";"-2475.00";"5679.39990";"5844.39990";"-22013.95";"0.00";"IST";"SL";"2h 59m";"-0.00"
"228";"USTEC_ICM_UTC2";"Buy";"5673.9";"5678.8";"2017.06.15 18:45:00";"2017.06.16 22:55:00";"30.0";"-36.12";"5591.39990";"5756.39990";"-22050.07";"0.00";"IST";"End Of Friday (Time)";"1d 4h 10m";"-183.12"
"229";"USTEC_ICM_UTC2";"Buy";"5757.7";"5802.2";"2017.06.19 18:45:00";"2017.06.23 22:55:00";"30.0";"602.52";"5675.20020";"5840.20020";"-21447.55";"0.00";"IST";"End Of Friday (Time)";"4d 4h 10m";"-732.48"
"230";"USTEC_ICM_UTC2";"Buy";"5784.8";"5702.3";"2017.06.26 18:45:00";"2017.06.27 20:38:00";"30.0";"-2658.12";"5702.29980";"5867.29980";"-24105.67";"0.00";"IST";"SL";"1d 1h 53m";"-183.12"
"231";"USTEC_ICM_UTC2";"Buy";"5697.0";"5614.5";"2017.06.27 20:45:00";"2017.06.29 20:21:00";"30.0";"-2841.24";"5614.50000";"5779.50000";"-26946.91";"0.00";"IST";"SL";"1d 23h 36m";"-366.24"
"232";"USTEC_ICM_UTC2";"Buy";"5601.6";"5660.1";"2017.06.29 20:30:00";"2017.06.30 22:55:00";"30.0";"1571.88";"5519.10010";"5684.10010";"-25375.03";"0.00";"IST";"End Of Friday (Time)";"1d 2h 25m";"-183.12"
"233";"USTEC_ICM_UTC2";"Buy";"5636.2";"5658.4";"2017.07.05 18:15:00";"2017.07.07 22:55:00";"30.0";"299.76";"5553.70020";"5718.70020";"-25075.27";"0.00";"IST";"End Of Friday (Time)";"2d 4h 40m";"-366.24"
"234";"USTEC_ICM_UTC2";"Buy";"5679.7";"5762.2";"2017.07.10 18:30:00";"2017.07.12 16:09:00";"30.0";"2108.76";"5597.20020";"5762.20020";"-22966.51";"0.00";"IST";"PT";"1d 21h 39m";"-366.24"
"235";"USTEC_ICM_UTC2";"Buy";"5760.5";"5843.0";"2017.07.12 18:15:00";"2017.07.14 22:37:00";"30.0";"2108.76";"5678.00000";"5843.00000";"-20857.75";"0.00";"IST";"PT";"2d 4h 22m";"-366.24"
"236";"USTEC_ICM_UTC2";"Buy";"5841.5";"5837.9";"2017.07.14 22:45:00";"2017.07.14 22:55:00";"30.0";"-108.00";"5759.00000";"5924.00000";"-20965.75";"0.00";"IST";"End Of Friday (Time)";"10m 0s";"-0.00"
"237";"USTEC_ICM_UTC2";"Buy";"5843.0";"5925.5";"2017.07.17 19:15:00";"2017.07.20 15:15:00";"30.0";"1925.64";"5760.50000";"5925.50000";"-19040.11";"0.00";"IST";"PT";"2d 20h 0m";"-549.36"
"238";"USTEC_ICM_UTC2";"Buy";"5915.7";"5915.5";"2017.07.20 18:30:00";"2017.07.21 22:55:00";"30.0";"-189.12";"5833.20020";"5998.20020";"-19229.23";"0.00";"IST";"End Of Friday (Time)";"1d 4h 25m";"-183.12"
"239";"USTEC_ICM_UTC2";"Buy";"5919.5";"5908.5";"2017.07.25 18:00:00";"2017.07.28 22:55:00";"30.0";"-879.36";"5837.00000";"6002.00000";"-20108.59";"0.00";"IST";"End Of Friday (Time)";"3d 4h 55m";"-549.36"
"240";"USTEC_ICM_UTC2";"Buy";"5891.7";"5893.5";"2017.07.31 19:00:00";"2017.08.04 22:55:00";"30.0";"-678.48";"5809.20020";"5974.20020";"-20787.07";"0.00";"IST";"End Of Friday (Time)";"4d 3h 55m";"-732.48"
"241";"USTEC_ICM_UTC2";"Buy";"5965.4";"5882.9";"2017.08.08 19:00:00";"2017.08.09 11:34:00";"30.0";"-2658.12";"5882.89990";"6047.89990";"-23445.19";"0.00";"IST";"SL";"16h 34m";"-183.12"
"242";"USTEC_ICM_UTC2";"Buy";"5875.7";"5793.2";"2017.08.09 16:30:00";"2017.08.10 22:32:00";"30.0";"-2658.12";"5793.20020";"5958.20020";"-26103.31";"0.00";"IST";"SL";"1d 6h 2m";"-183.12"
"243";"USTEC_ICM_UTC2";"Buy";"5790.9";"5830.1";"2017.08.10 22:45:00";"2017.08.11 22:55:00";"30.0";"992.88";"5708.39990";"5873.39990";"-25110.43";"0.00";"IST";"End Of Friday (Time)";"1d 0h 10m";"-183.12"
"244";"USTEC_ICM_UTC2";"Buy";"5898.0";"5815.5";"2017.08.15 19:00:00";"2017.08.17 21:18:00";"30.0";"-2841.24";"5815.50000";"5980.50000";"-27951.67";"0.00";"IST";"SL";"2d 2h 18m";"-366.24"
"245";"USTEC_ICM_UTC2";"Buy";"5826.6";"5793.9";"2017.08.17 21:30:00";"2017.08.18 22:55:00";"30.0";"-1164.12";"5744.10010";"5909.10010";"-29115.79";"0.00";"IST";"End Of Friday (Time)";"1d 1h 25m";"-183.12"
"246";"USTEC_ICM_UTC2";"Buy";"5782.4";"5864.9";"2017.08.21 19:00:00";"2017.08.22 18:39:00";"30.0";"2291.88";"5699.89990";"5864.89990";"-26823.91";"0.00";"IST";"PT";"23h 39m";"-183.12"
"247";"USTEC_ICM_UTC2";"Buy";"5857.1";"5826.6";"2017.08.23 19:00:00";"2017.08.25 22:55:00";"30.0";"-1281.24";"5774.60010";"5939.60010";"-28105.15";"0.00";"IST";"End Of Friday (Time)";"2d 3h 55m";"-366.24"
"248";"USTEC_ICM_UTC2";"Buy";"5846.6";"5929.1";"2017.08.28 19:15:00";"2017.08.30 20:37:00";"30.0";"2108.76";"5764.10010";"5929.10010";"-25996.39";"0.00";"IST";"PT";"2d 1h 22m";"-366.24"
"249";"USTEC_ICM_UTC2";"Buy";"5938.9";"5990.4";"2017.08.30 21:30:00";"2017.09.01 22:55:00";"30.0";"1178.76";"5856.39990";"6021.39990";"-24817.63";"0.00";"IST";"End Of Friday (Time)";"2d 1h 25m";"-366.24"
"250";"USTEC_ICM_UTC2";"Buy";"5960.3";"5910.5";"2017.09.05 18:00:00";"2017.09.08 22:55:00";"30.0";"-2043.36";"5877.79980";"6042.79980";"-26860.99";"0.00";"IST";"End Of Friday (Time)";"3d 4h 55m";"-549.36"
"251";"USTEC_ICM_UTC2";"Buy";"5979.6";"5987.0";"2017.09.12 18:45:00";"2017.09.15 22:55:00";"30.0";"-327.36";"5897.10010";"6062.10010";"-27188.35";"0.00";"IST";"End Of Friday (Time)";"3d 4h 10m";"-549.36"
"252";"USTEC_ICM_UTC2";"Buy";"6006.8";"5924.3";"2017.09.18 19:00:00";"2017.09.21 17:22:00";"30.0";"-3024.36";"5924.29980";"6089.29980";"-30212.71";"0.00";"IST";"SL";"2d 22h 22m";"-549.36"
"253";"USTEC_ICM_UTC2";"Buy";"5944.2";"5934.2";"2017.09.21 18:30:00";"2017.09.22 22:55:00";"30.0";"-483.12";"5861.70020";"6026.70020";"-30695.83";"0.00";"IST";"End Of Friday (Time)";"1d 4h 25m";"-183.12"
"254";"USTEC_ICM_UTC2";"Buy";"5860.9";"5943.4";"2017.09.25 18:15:00";"2017.09.27 21:15:00";"30.0";"2108.76";"5778.39990";"5943.39990";"-28587.07";"0.00";"IST";"PT";"2d 3h 0m";"-366.24"
"255";"USTEC_ICM_UTC2";"Buy";"5943.2";"5977.9";"2017.09.27 21:30:00";"2017.09.29 22:55:00";"30.0";"674.76";"5860.70020";"6025.70020";"-27912.31";"0.00";"IST";"End Of Friday (Time)";"2d 1h 25m";"-366.24"
"256";"USTEC_ICM_UTC2";"Buy";"5973.8";"6056.3";"2017.10.02 19:45:00";"2017.10.05 22:01:00";"30.0";"1925.64";"5891.29980";"6056.29980";"-25986.67";"0.00";"IST";"PT";"3d 2h 16m";"-549.36"
"257";"USTEC_ICM_UTC2";"Buy";"6055.6";"6062.3";"2017.10.05 22:15:00";"2017.10.06 22:55:00";"30.0";"17.88";"5973.10010";"6138.10010";"-25968.79";"0.00";"IST";"End Of Friday (Time)";"1d 0h 40m";"-183.12"
"258";"USTEC_ICM_UTC2";"Buy";"6055.2";"6091.6";"2017.10.10 18:45:00";"2017.10.13 22:55:00";"30.0";"542.64";"5972.70020";"6137.70020";"-25426.15";"0.00";"IST";"End Of Friday (Time)";"3d 4h 10m";"-549.36"
"259";"USTEC_ICM_UTC2";"Buy";"6102.2";"6100.8";"2017.10.16 19:45:00";"2017.10.20 22:55:00";"30.0";"-774.48";"6019.70020";"6184.70020";"-26200.63";"0.00";"IST";"End Of Friday (Time)";"4d 3h 10m";"-732.48"
"260";"USTEC_ICM_UTC2";"Buy";"6095.6";"6013.1";"2017.10.23 19:15:00";"2017.10.25 19:24:00";"30.0";"-2841.24";"6013.10010";"6178.10010";"-29041.87";"0.00";"IST";"SL";"2d 0h 9m";"-366.24"
"261";"USTEC_ICM_UTC2";"Buy";"6013.0";"6097.8";"2017.10.25 19:30:00";"2017.10.27 09:05:00";"30.0";"2176.83";"5930.50000";"6095.50000";"-26865.04";"0.00";"IST";"PT";"1d 13h 35m";"-366.24"
"262";"USTEC_ICM_UTC2";"Buy";"6185.9";"6216.9";"2017.10.27 18:30:00";"2017.10.27 22:55:00";"30.0";"930.00";"6103.39990";"6268.39990";"-25935.04";"0.00";"IST";"End Of Friday (Time)";"4h 25m";"-0.00"
"263";"USTEC_ICM_UTC2";"Buy";"6220.0";"6302.5";"2017.10.30 18:45:00";"2017.11.06 16:35:00";"30.0";"1193.16";"6137.50000";"6302.50000";"-24741.88";"0.00";"IST";"PT";"6d 21h 50m";"-1281.84"
"264";"USTEC_ICM_UTC2";"Buy";"6309.5";"6309.6";"2017.11.06 20:15:00";"2017.11.10 22:55:00";"30.0";"-729.48";"6227.00000";"6392.00000";"-25471.36";"0.00";"IST";"End Of Friday (Time)";"4d 2h 40m";"-732.48"
"265";"USTEC_ICM_UTC2";"Buy";"6316.6";"6234.1";"2017.11.13 19:00:00";"2017.11.15 16:39:00";"30.0";"-2841.24";"6234.10010";"6399.10010";"-28312.60";"0.00";"IST";"SL";"1d 21h 39m";"-366.24"
"266";"USTEC_ICM_UTC2";"Buy";"6269.7";"6352.2";"2017.11.15 18:00:00";"2017.11.16 21:08:00";"30.0";"2291.88";"6187.20020";"6352.20020";"-26020.72";"0.00";"IST";"PT";"1d 3h 8m";"-183.12"
"267";"USTEC_ICM_UTC2";"Buy";"6332.7";"6315.6";"2017.11.17 19:30:00";"2017.11.17 22:55:00";"30.0";"-513.00";"6250.20020";"6415.20020";"-26533.72";"0.00";"IST";"End Of Friday (Time)";"3h 25m";"-0.00"
"268";"USTEC_ICM_UTC2";"Buy";"6313.0";"6395.5";"2017.11.20 19:15:00";"2017.11.24 15:24:00";"30.0";"1742.52";"6230.50000";"6395.50000";"-24791.20";"0.00";"IST";"PT";"3d 20h 9m";"-732.48"
"269";"USTEC_ICM_UTC2";"Buy";"6406.0";"6323.5";"2017.11.24 18:30:00";"2017.11.29 17:24:00";"30.0";"-3390.60";"6323.50000";"6488.50000";"-28181.80";"0.00";"IST";"SL";"4d 22h 54m";"-915.60"
"270";"USTEC_ICM_UTC2";"Buy";"6317.9";"6337.8";"2017.11.29 18:00:00";"2017.12.01 22:55:00";"30.0";"230.76";"6235.39990";"6400.39990";"-27951.04";"0.00";"IST";"End Of Friday (Time)";"2d 4h 55m";"-366.24"
"271";"USTEC_ICM_UTC2";"Buy";"6309.5";"6339.2";"2017.12.04 19:15:00";"2017.12.08 22:55:00";"30.0";"158.52";"6227.00000";"6392.00000";"-27792.52";"0.00";"IST";"End Of Friday (Time)";"4d 3h 40m";"-732.48"
"272";"USTEC_ICM_UTC2";"Buy";"6391.2";"6458.9";"2017.12.12 19:30:00";"2017.12.15 22:55:00";"30.0";"1481.64";"6308.70020";"6473.70020";"-26310.88";"0.00";"IST";"End Of Friday (Time)";"3d 3h 25m";"-549.36"
"273";"USTEC_ICM_UTC2";"Buy";"6486.4";"6467.4";"2017.12.19 18:30:00";"2017.12.22 22:55:00";"30.0";"-1119.36";"6403.89990";"6568.89990";"-27430.24";"0.00";"IST";"End Of Friday (Time)";"3d 4h 25m";"-549.36"
"274";"USTEC_ICM_UTC2";"Buy";"6426.1";"6399.3";"2017.12.26 18:00:00";"2017.12.29 22:55:00";"30.0";"-1353.36";"6343.60010";"6508.60010";"-28783.60";"0.00";"IST";"End Of Friday (Time)";"3d 4h 55m";"-549.36"
"275";"USTEC_ICM_UTC2";"Buy";"6432.9";"6515.4";"2018.01.02 16:30:00";"2018.01.03 09:05:00";"30.0";"2291.88";"6350.39990";"6515.39990";"-26491.72";"0.00";"IST";"PT";"16h 35m";"-183.12"
"276";"USTEC_ICM_UTC2";"Buy";"6567.9";"6650.4";"2018.01.03 18:30:00";"2018.01.05 22:48:00";"30.0";"2108.76";"6485.39990";"6650.39990";"-24382.96";"0.00";"IST";"PT";"2d 4h 18m";"-366.24"
"277";"USTEC_ICM_UTC2";"Buy";"6675.8";"6758.3";"2018.01.08 18:30:00";"2018.01.12 20:02:00";"30.0";"1742.52";"6593.29980";"6758.29980";"-22640.44";"0.00";"IST";"PT";"4d 1h 32m";"-732.48"
"278";"USTEC_ICM_UTC2";"Buy";"6755.4";"6760.7";"2018.01.12 20:15:00";"2018.01.12 22:55:00";"30.0";"159.00";"6672.89990";"6837.89990";"-22481.44";"0.00";"IST";"End Of Friday (Time)";"2h 40m";"-0.00"
"279";"USTEC_ICM_UTC2";"Buy";"6805.1";"6722.6";"2018.01.16 18:00:00";"2018.01.16 21:46:00";"30.0";"-2475.00";"6722.60010";"6887.60010";"-24956.44";"0.00";"IST";"SL";"3h 46m";"-0.00"
"280";"USTEC_ICM_UTC2";"Buy";"6771.6";"6831.0";"2018.01.17 18:45:00";"2018.01.19 22:55:00";"30.0";"1415.76";"6689.10010";"6854.10010";"-23540.68";"0.00";"IST";"End Of Friday (Time)";"2d 4h 10m";"-366.24"
"281";"USTEC_ICM_UTC2";"Buy";"6887.5";"6970.0";"2018.01.22 20:00:00";"2018.01.24 12:37:00";"30.0";"2108.76";"6805.00000";"6970.00000";"-21431.92";"0.00";"IST";"PT";"1d 16h 37m";"-366.24"
"282";"USTEC_ICM_UTC2";"Buy";"6939.0";"7014.2";"2018.01.24 18:30:00";"2018.01.26 22:55:00";"30.0";"1889.76";"6856.50000";"7021.50000";"-19542.16";"0.00";"IST";"End Of Friday (Time)";"2d 4h 25m";"-366.24"
"283";"USTEC_ICM_UTC2";"Buy";"6998.5";"6916.0";"2018.01.29 18:45:00";"2018.01.30 16:28:00";"30.0";"-2658.12";"6916.00000";"7081.00000";"-22200.28";"0.00";"IST";"SL";"21h 43m";"-183.12"
"284";"USTEC_ICM_UTC2";"Buy";"6939.7";"6857.2";"2018.01.30 18:00:00";"2018.02.02 11:55:00";"30.0";"-3024.36";"6857.20020";"7022.20020";"-25224.64";"0.00";"IST";"SL";"2d 17h 55m";"-549.36"
"285";"USTEC_ICM_UTC2";"Buy";"6861.9";"6779.4";"2018.02.02 16:30:00";"2018.02.02 21:58:00";"30.0";"-2475.00";"6779.39990";"6944.39990";"-27699.64";"0.00";"IST";"SL";"5h 28m";"-0.00"
"286";"USTEC_ICM_UTC2";"Buy";"6773.8";"6691.3";"2018.02.05 18:15:00";"2018.02.05 20:19:00";"30.0";"-2475.00";"6691.29980";"6856.29980";"-30174.64";"0.00";"IST";"SL";"2h 4m";"-0.00"
"287";"USTEC_ICM_UTC2";"Buy";"6404.1";"6486.6";"2018.02.06 16:30:00";"2018.02.06 16:36:00";"30.0";"2475.00";"6321.60010";"6486.60010";"-27699.64";"0.00";"IST";"PT";"6m 0s";"-0.00"
"288";"USTEC_ICM_UTC2";"Buy";"6435.9";"6353.4";"2018.02.08 20:15:00";"2018.02.08 22:51:00";"30.0";"-2475.00";"6353.39990";"6518.39990";"-30174.64";"0.00";"IST";"SL";"2h 36m";"-0.00"
"289";"USTEC_ICM_UTC2";"Buy";"6282.3";"6199.8";"2018.02.09 19:00:00";"2018.02.09 19:43:00";"30.0";"-2475.00";"6199.79980";"6364.79980";"-32649.64";"0.00";"IST";"SL";"43m 0s";"-0.00"
"290";"USTEC_ICM_UTC2";"Buy";"6603.5";"6716.9";"2018.02.14 18:00:00";"2018.02.15 09:05:00";"30.0";"3217.65";"6521.00000";"6686.00000";"-29431.99";"0.00";"IST";"PT";"15h 5m";"-183.12"
"291";"USTEC_ICM_UTC2";"Buy";"6738.2";"6826.4";"2018.02.15 19:30:00";"2018.02.16 09:05:00";"30.0";"2461.68";"6655.70020";"6820.70020";"-26970.31";"0.00";"IST";"PT";"13h 35m";"-183.12"
"292";"USTEC_ICM_UTC2";"Buy";"6832.3";"6785.2";"2018.02.16 19:30:00";"2018.02.16 22:55:00";"30.0";"-1413.00";"6749.79980";"6914.79980";"-28383.31";"0.00";"IST";"End Of Friday (Time)";"3h 25m";"-0.00"
"293";"USTEC_ICM_UTC2";"Buy";"6825.1";"6724.6";"2018.02.20 18:30:00";"2018.02.22 09:05:00";"30.0";"-3382.47";"6742.60010";"6907.60010";"-31765.78";"0.00";"IST";"SL";"1d 14h 35m";"-366.24"
"294";"USTEC_ICM_UTC2";"Buy";"6818.6";"6888.3";"2018.02.22 18:45:00";"2018.02.23 22:55:00";"30.0";"1907.88";"6736.10010";"6901.10010";"-29857.90";"0.00";"IST";"End Of Friday (Time)";"1d 4h 10m";"-183.12"
"295";"USTEC_ICM_UTC2";"Buy";"6943.7";"6861.2";"2018.02.27 18:30:00";"2018.02.28 22:51:00";"30.0";"-2658.12";"6861.20020";"7026.20020";"-32516.02";"0.00";"IST";"SL";"1d 4h 21m";"-183.12"
"296";"USTEC_ICM_UTC2";"Buy";"6832.5";"6750.0";"2018.03.01 18:00:00";"2018.03.01 20:44:00";"30.0";"-2475.00";"6750.00000";"6915.00000";"-34991.02";"0.00";"IST";"SL";"2h 44m";"-0.00"
"297";"USTEC_ICM_UTC2";"Buy";"6756.3";"6811.9";"2018.03.02 19:00:00";"2018.03.02 22:55:00";"30.0";"1668.00";"6673.79980";"6838.79980";"-33323.02";"0.00";"IST";"End Of Friday (Time)";"3h 55m";"-0.00"
"298";"USTEC_ICM_UTC2";"Buy";"6912.8";"6830.3";"2018.03.06 20:45:00";"2018.03.07 09:05:00";"30.0";"-2658.12";"6830.29980";"6995.29980";"-35981.14";"0.00";"IST";"SL";"12h 20m";"-183.12"
"299";"USTEC_ICM_UTC2";"Buy";"6867.6";"6950.1";"2018.03.07 19:00:00";"2018.03.08 13:28:00";"30.0";"2291.88";"6785.10010";"6950.10010";"-33689.26";"0.00";"IST";"PT";"18h 28m";"-183.12"
"300";"USTEC_ICM_UTC2";"Buy";"6953.8";"7036.3";"2018.03.08 21:45:00";"2018.03.09 17:15:00";"30.0";"2291.88";"6871.29980";"7036.29980";"-31397.38";"0.00";"IST";"PT";"19h 30m";"-183.12"
"301";"USTEC_ICM_UTC2";"Buy";"7144.9";"7062.4";"2018.03.12 19:00:00";"2018.03.13 18:07:00";"30.0";"-2658.12";"7062.39990";"7227.39990";"-34055.50";"0.00";"IST";"SL";"23h 7m";"-183.12"
"302";"USTEC_ICM_UTC2";"Buy";"7065.0";"6964.4";"2018.03.13 18:15:00";"2018.03.19 08:05:00";"30.0";"-4117.95";"6982.50000";"7147.50000";"-38173.45";"0.00";"IST";"SL";"5d 13h 50m";"-1098.72"
"303";"USTEC_ICM_UTC2";"Buy";"6887.4";"6804.9";"2018.03.19 17:00:00";"2018.03.19 20:40:00";"30.0";"-2475.00";"6804.89990";"6969.89990";"-40648.45";"0.00";"IST";"SL";"3h 40m";"-0.00"
"304";"USTEC_ICM_UTC2";"Buy";"6885.6";"6803.1";"2018.03.20 18:30:00";"2018.03.22 09:57:00";"30.0";"-2841.24";"6803.10010";"6968.10010";"-43489.69";"0.00";"IST";"SL";"1d 15h 27m";"-366.24"
"305";"USTEC_ICM_UTC2";"Buy";"6786.3";"6703.8";"2018.03.22 16:30:00";"2018.03.22 17:42:00";"30.0";"-2475.00";"6703.79980";"6868.79980";"-45964.69";"0.00";"IST";"SL";"1h 12m";"-0.00"
"306";"USTEC_ICM_UTC2";"Buy";"6675.0";"6592.5";"2018.03.23 17:15:00";"2018.03.23 20:57:00";"30.0";"-2475.00";"6592.50000";"6757.50000";"-48439.69";"0.00";"IST";"SL";"3h 42m";"-0.00"
"307";"USTEC_ICM_UTC2";"Buy";"6647.5";"6730.0";"2018.03.26 20:30:00";"2018.03.26 22:39:00";"30.0";"2475.00";"6565.00000";"6730.00000";"-45964.69";"0.00";"IST";"PT";"2h 9m";"-0.00"
"308";"USTEC_ICM_UTC2";"Buy";"6709.7";"6627.2";"2018.03.27 20:30:00";"2018.03.27 21:30:00";"30.0";"-2475.00";"6627.20020";"6792.20020";"-48439.69";"0.00";"IST";"SL";"1h 0m";"-0.00"
"309";"USTEC_ICM_UTC2";"Buy";"6459.3";"6541.8";"2018.03.28 18:00:00";"2018.03.28 19:18:00";"30.0";"2475.00";"6376.79980";"6541.79980";"-45964.69";"0.00";"IST";"PT";"1h 18m";"-0.00"
"310";"USTEC_ICM_UTC2";"Buy";"6634.1";"6542.3";"2018.03.29 22:15:00";"2018.04.02 09:05:00";"30.0";"-3487.38";"6551.60010";"6716.60010";"-49452.07";"0.00";"IST";"SL";"3d 10h 50m";"-732.48"
"311";"USTEC_ICM_UTC2";"Buy";"6409.0";"6326.5";"2018.04.02 20:00:00";"2018.04.02 21:02:00";"30.0";"-2475.00";"6326.50000";"6491.50000";"-51927.07";"0.00";"IST";"SL";"1h 2m";"-0.00"
"312";"USTEC_ICM_UTC2";"Buy";"6377.7";"6460.2";"2018.04.03 19:30:00";"2018.04.03 22:03:00";"30.0";"2475.00";"6295.20020";"6460.20020";"-49452.07";"0.00";"IST";"PT";"2h 33m";"-0.00"
"313";"USTEC_ICM_UTC2";"Buy";"6455.0";"6537.5";"2018.04.04 19:00:00";"2018.04.04 22:24:00";"30.0";"2475.00";"6372.50000";"6537.50000";"-46977.07";"0.00";"IST";"PT";"3h 24m";"-0.00"
"314";"USTEC_ICM_UTC2";"Buy";"6524.9";"6442.4";"2018.04.06 18:15:00";"2018.04.06 21:25:00";"30.0";"-2475.00";"6442.39990";"6607.39990";"-49452.07";"0.00";"IST";"SL";"3h 10m";"-0.00"
"315";"USTEC_ICM_UTC2";"Buy";"6600.8";"6683.3";"2018.04.10 21:00:00";"2018.04.12 22:39:00";"30.0";"2108.76";"6518.29980";"6683.29980";"-47343.31";"0.00";"IST";"PT";"2d 1h 39m";"-366.24"
"316";"USTEC_ICM_UTC2";"Buy";"6673.9";"6632.4";"2018.04.12 22:45:00";"2018.04.13 22:55:00";"30.0";"-1428.12";"6591.39990";"6756.39990";"-48771.43";"0.00";"IST";"End Of Friday (Time)";"1d 0h 10m";"-183.12"
"317";"USTEC_ICM_UTC2";"Buy";"6654.2";"6736.7";"2018.04.16 18:30:00";"2018.04.17 13:13:00";"30.0";"2291.88";"6571.70020";"6736.70020";"-46479.55";"0.00";"IST";"PT";"18h 43m";"-183.12"
"318";"USTEC_ICM_UTC2";"Buy";"6799.1";"6716.6";"2018.04.17 19:00:00";"2018.04.20 16:53:00";"30.0";"-3024.36";"6716.60010";"6881.60010";"-49503.91";"0.00";"IST";"SL";"2d 21h 53m";"-549.36"
"319";"USTEC_ICM_UTC2";"Buy";"6714.5";"6662.9";"2018.04.20 17:15:00";"2018.04.20 22:55:00";"30.0";"-1548.00";"6632.00000";"6797.00000";"-51051.91";"0.00";"IST";"End Of Friday (Time)";"5h 40m";"-0.00"
"320";"USTEC_ICM_UTC2";"Buy";"6720.1";"6637.6";"2018.04.23 18:30:00";"2018.04.23 21:08:00";"30.0";"-2475.00";"6637.60010";"6802.60010";"-53526.91";"0.00";"IST";"SL";"2h 38m";"-0.00"
"321";"USTEC_ICM_UTC2";"Buy";"6580.3";"6497.8";"2018.04.24 18:15:00";"2018.04.24 20:52:00";"30.0";"-2475.00";"6497.79980";"6662.79980";"-56001.91";"0.00";"IST";"SL";"2h 37m";"-0.00"
"322";"USTEC_ICM_UTC2";"Buy";"6506.5";"6589.0";"2018.04.25 18:00:00";"2018.04.26 01:00:00";"30.0";"2291.88";"6424.00000";"6589.00000";"-53710.03";"0.00";"IST";"PT";"7h 0m";"-183.12"
"323";"USTEC_ICM_UTC2";"Buy";"6631.9";"6714.4";"2018.04.26 18:30:00";"2018.04.26 23:04:00";"30.0";"2475.00";"6549.39990";"6714.39990";"-51235.03";"0.00";"IST";"PT";"4h 34m";"-0.00"
"324";"USTEC_ICM_UTC2";"Buy";"6658.7";"6659.7";"2018.04.27 18:15:00";"2018.04.27 22:55:00";"30.0";"30.00";"6576.20020";"6741.20020";"-51205.03";"0.00";"IST";"End Of Friday (Time)";"4h 40m";"-0.00"
"325";"USTEC_ICM_UTC2";"Buy";"6648.4";"6565.9";"2018.04.30 18:45:00";"2018.05.03 17:36:00";"30.0";"-3024.36";"6565.89990";"6730.89990";"-54229.39";"0.00";"IST";"SL";"2d 22h 51m";"-549.36"
"326";"USTEC_ICM_UTC2";"Buy";"6548.8";"6631.3";"2018.05.03 18:00:00";"2018.05.03 19:52:00";"30.0";"2475.00";"6466.29980";"6631.29980";"-51754.39";"0.00";"IST";"PT";"1h 52m";"-0.00"
"327";"USTEC_ICM_UTC2";"Buy";"6727.1";"6761.4";"2018.05.04 18:00:00";"2018.05.04 22:55:00";"30.0";"1029.00";"6644.60010";"6809.60010";"-50725.39";"0.00";"IST";"End Of Friday (Time)";"4h 55m";"-0.00"
"328";"USTEC_ICM_UTC2";"Buy";"6832.4";"6914.9";"2018.05.07 18:45:00";"2018.05.10 15:51:00";"30.0";"1925.64";"6749.89990";"6914.89990";"-48799.75";"0.00";"IST";"PT";"2d 21h 6m";"-549.36"
"329";"USTEC_ICM_UTC2";"Buy";"6942.1";"6944.8";"2018.05.10 18:15:00";"2018.05.11 22:55:00";"30.0";"-102.12";"6859.60010";"7024.60010";"-48901.87";"0.00";"IST";"End Of Friday (Time)";"1d 4h 40m";"-183.12"
"330";"USTEC_ICM_UTC2";"Buy";"6992.0";"6909.5";"2018.05.14 18:30:00";"2018.05.15 15:50:00";"30.0";"-2658.12";"6909.50000";"7074.50000";"-51559.99";"0.00";"IST";"SL";"21h 20m";"-183.12"
"331";"USTEC_ICM_UTC2";"Buy";"6859.5";"6942.0";"2018.05.15 17:00:00";"2018.05.16 19:31:00";"30.0";"2291.88";"6777.00000";"6942.00000";"-49268.11";"0.00";"IST";"PT";"1d 2h 31m";"-183.12"
"332";"USTEC_ICM_UTC2";"Buy";"6940.4";"6857.9";"2018.05.16 19:45:00";"2018.05.18 17:35:00";"30.0";"-2841.24";"6857.89990";"7022.89990";"-52109.35";"0.00";"IST";"SL";"1d 21h 50m";"-366.24"
"333";"USTEC_ICM_UTC2";"Buy";"6868.4";"6869.6";"2018.05.18 17:45:00";"2018.05.18 22:55:00";"30.0";"36.00";"6785.89990";"6950.89990";"-52073.35";"0.00";"IST";"End Of Friday (Time)";"5h 10m";"-0.00"
"334";"USTEC_ICM_UTC2";"Buy";"6915.4";"6832.9";"2018.05.21 18:15:00";"2018.05.23 11:22:00";"30.0";"-2841.24";"6832.89990";"6997.89990";"-54914.59";"0.00";"IST";"SL";"1d 17h 7m";"-366.24"
"335";"USTEC_ICM_UTC2";"Buy";"6842.0";"6924.5";"2018.05.23 16:30:00";"2018.05.23 21:09:00";"30.0";"2475.00";"6759.50000";"6924.50000";"-52439.59";"0.00";"IST";"PT";"4h 39m";"-0.00"
"336";"USTEC_ICM_UTC2";"Buy";"6886.3";"6968.8";"2018.05.24 18:00:00";"2018.05.25 04:33:00";"30.0";"2291.88";"6803.79980";"6968.79980";"-50147.71";"0.00";"IST";"PT";"10h 33m";"-183.12"
"337";"USTEC_ICM_UTC2";"Buy";"6977.0";"6960.3";"2018.05.25 17:45:00";"2018.05.25 22:55:00";"30.0";"-501.00";"6894.50000";"7059.50000";"-50648.71";"0.00";"IST";"End Of Friday (Time)";"5h 10m";"-0.00"
"338";"USTEC_ICM_UTC2";"Buy";"6924.6";"7007.1";"2018.05.29 16:30:00";"2018.05.31 18:40:00";"30.0";"2108.76";"6842.10010";"7007.10010";"-48539.95";"0.00";"IST";"PT";"2d 2h 10m";"-366.24"
"339";"USTEC_ICM_UTC2";"Buy";"7016.5";"7078.0";"2018.05.31 18:45:00";"2018.06.01 22:55:00";"30.0";"1661.88";"6934.00000";"7099.00000";"-46878.07";"0.00";"IST";"End Of Friday (Time)";"1d 4h 10m";"-183.12"
"340";"USTEC_ICM_UTC2";"Buy";"7114.2";"7196.7";"2018.06.04 18:15:00";"2018.06.06 07:30:00";"30.0";"2108.76";"7031.70020";"7196.70020";"-44769.31";"0.00";"IST";"PT";"1d 13h 15m";"-366.24"
"341";"USTEC_ICM_UTC2";"Buy";"7171.3";"7088.8";"2018.06.06 18:15:00";"2018.06.08 11:08:00";"30.0";"-2841.24";"7088.79980";"7253.79980";"-47610.55";"0.00";"IST";"SL";"1d 16h 53m";"-366.24"
"342";"USTEC_ICM_UTC2";"Buy";"7113.1";"7155.5";"2018.06.08 16:30:00";"2018.06.08 22:55:00";"30.0";"1272.00";"7030.60010";"7195.60010";"-46338.55";"0.00";"IST";"End Of Friday (Time)";"6h 25m";"-0.00"
"343";"USTEC_ICM_UTC2";"Buy";"7177.1";"7259.6";"2018.06.11 19:00:00";"2018.06.13 18:37:00";"30.0";"2108.76";"7094.60010";"7259.60010";"-44229.79";"0.00";"IST";"PT";"1d 23h 37m";"-366.24"
"344";"USTEC_ICM_UTC2";"Buy";"7258.9";"7176.4";"2018.06.13 18:45:00";"2018.06.14 09:51:00";"30.0";"-2658.12";"7176.39990";"7341.39990";"-46887.91";"0.00";"IST";"SL";"15h 6m";"-183.12"
"345";"USTEC_ICM_UTC2";"Buy";"7236.1";"7252.0";"2018.06.14 16:30:00";"2018.06.15 22:55:00";"30.0";"293.88";"7153.60010";"7318.60010";"-46594.04";"0.00";"IST";"End Of Friday (Time)";"1d 6h 25m";"-183.12"
"346";"USTEC_ICM_UTC2";"Buy";"7254.8";"7172.3";"2018.06.18 18:15:00";"2018.06.19 05:11:00";"30.0";"-2658.12";"7172.29980";"7337.29980";"-49252.15";"0.00";"IST";"SL";"10h 56m";"-183.12"
"347";"USTEC_ICM_UTC2";"Buy";"7156.5";"7239.0";"2018.06.19 16:30:00";"2018.06.20 08:10:00";"30.0";"2291.88";"7074.00000";"7239.00000";"-46960.27";"0.00";"IST";"PT";"15h 40m";"-183.12"
"348";"USTEC_ICM_UTC2";"Buy";"7293.3";"7210.8";"2018.06.20 19:00:00";"2018.06.21 17:22:00";"30.0";"-2658.12";"7210.79980";"7375.79980";"-49618.39";"0.00";"IST";"SL";"22h 22m";"-183.12"
"349";"USTEC_ICM_UTC2";"Buy";"7231.4";"7207.5";"2018.06.21 17:30:00";"2018.06.22 22:55:00";"30.0";"-900.12";"7148.89990";"7313.89990";"-50518.52";"0.00";"IST";"End Of Friday (Time)";"1d 5h 25m";"-183.12"
"350";"USTEC_ICM_UTC2";"Buy";"7060.8";"6978.3";"2018.06.25 18:00:00";"2018.06.25 21:52:00";"30.0";"-2475.00";"6978.29980";"7143.29980";"-52993.52";"0.00";"IST";"SL";"3h 52m";"-0.00"
"351";"USTEC_ICM_UTC2";"Buy";"7069.4";"6986.9";"2018.06.26 18:15:00";"2018.06.27 22:14:00";"30.0";"-2658.12";"6986.89990";"7151.89990";"-55651.63";"0.00";"IST";"SL";"1d 3h 59m";"-183.12"
"352";"USTEC_ICM_UTC2";"Buy";"6987.8";"7070.3";"2018.06.27 22:15:00";"2018.06.29 05:56:00";"30.0";"2108.76";"6905.29980";"7070.29980";"-53542.88";"0.00";"IST";"PT";"1d 7h 41m";"-366.24"
"353";"USTEC_ICM_UTC2";"Buy";"7080.4";"7053.5";"2018.06.29 18:45:00";"2018.06.29 22:55:00";"30.0";"-807.00";"6997.89990";"7162.89990";"-54349.88";"0.00";"IST";"End Of Friday (Time)";"4h 10m";"-0.00"
"354";"USTEC_ICM_UTC2";"Buy";"7035.3";"7117.8";"2018.07.02 18:15:00";"2018.07.03 10:09:00";"30.0";"2291.88";"6952.79980";"7117.79980";"-52057.99";"0.00";"IST";"PT";"15h 54m";"-183.12"
"355";"USTEC_ICM_UTC2";"Buy";"7071.7";"7154.2";"2018.07.03 19:00:00";"2018.07.06 17:41:00";"30.0";"1925.64";"6989.20020";"7154.20020";"-50132.36";"0.00";"IST";"PT";"2d 22h 41m";"-549.36"
"356";"USTEC_ICM_UTC2";"Buy";"7153.2";"7202.9";"2018.07.06 17:45:00";"2018.07.06 22:55:00";"30.0";"1491.00";"7070.70020";"7235.70020";"-48641.36";"0.00";"IST";"End Of Friday (Time)";"5h 10m";"-0.00"
"357";"USTEC_ICM_UTC2";"Buy";"7245.6";"7328.1";"2018.07.09 18:30:00";"2018.07.12 17:36:00";"30.0";"1925.64";"7163.10010";"7328.10010";"-46715.71";"0.00";"IST";"PT";"2d 23h 6m";"-549.36"
"358";"USTEC_ICM_UTC2";"Buy";"7330.6";"7378.1";"2018.07.12 18:45:00";"2018.07.13 22:55:00";"30.0";"1241.88";"7248.10010";"7413.10010";"-45473.83";"0.00";"IST";"End Of Friday (Time)";"1d 4h 10m";"-183.12"
"359";"USTEC_ICM_UTC2";"Buy";"7368.1";"7285.6";"2018.07.16 18:19:00";"2018.07.17 09:02:00";"30.0";"-2658.12";"7285.60010";"7450.60010";"-48131.95";"0.00";"IST";"SL";"14h 43m";"-183.12"
"360";"USTEC_ICM_UTC2";"Buy";"7355.5";"7345.9";"2018.07.17 18:00:00";"2018.07.20 22:55:00";"30.0";"-837.36";"7273.00000";"7438.00000";"-48969.31";"0.00";"IST";"End Of Friday (Time)";"3d 4h 55m";"-549.36"
"361";"USTEC_ICM_UTC2";"Buy";"7343.1";"7425.6";"2018.07.23 18:00:00";"2018.07.24 02:52:00";"30.0";"2291.88";"7260.60010";"7425.60010";"-46677.43";"0.00";"IST";"PT";"8h 52m";"-183.12"
"362";"USTEC_ICM_UTC2";"Buy";"7452.5";"7370.0";"2018.07.24 18:00:00";"2018.07.26 23:01:00";"30.0";"-2841.24";"7370.00000";"7535.00000";"-49518.68";"0.00";"IST";"SL";"2d 5h 1m";"-366.24"
"363";"USTEC_ICM_UTC2";"Buy";"7370.4";"7287.9";"2018.07.27 18:00:00";"2018.07.27 19:50:00";"30.0";"-2475.00";"7287.89990";"7452.89990";"-51993.68";"0.00";"IST";"SL";"1h 50m";"-0.00"
"364";"USTEC_ICM_UTC2";"Buy";"7211.0";"7293.5";"2018.07.30 18:00:00";"2018.08.02 17:38:00";"30.0";"1925.64";"7128.50000";"7293.50000";"-50068.04";"0.00";"IST";"PT";"2d 23h 38m";"-549.36"
"365";"USTEC_ICM_UTC2";"Buy";"7286.4";"7368.9";"2018.08.02 18:00:00";"2018.08.02 20:33:00";"30.0";"2475.00";"7203.89990";"7368.89990";"-47593.04";"0.00";"IST";"PT";"2h 33m";"-0.00"
"366";"USTEC_ICM_UTC2";"Buy";"7393.2";"7391.5";"2018.08.03 17:30:00";"2018.08.03 22:55:00";"30.0";"-51.00";"7310.70020";"7475.70020";"-47644.04";"0.00";"IST";"End Of Friday (Time)";"5h 25m";"-0.00"
"367";"USTEC_ICM_UTC2";"Buy";"7400.9";"7483.4";"2018.08.06 18:15:00";"2018.08.08 17:55:00";"30.0";"2108.76";"7318.39990";"7483.39990";"-45535.27";"0.00";"IST";"PT";"1d 23h 40m";"-366.24"
"368";"USTEC_ICM_UTC2";"Buy";"7484.0";"7401.5";"2018.08.08 18:00:00";"2018.08.10 20:47:00";"30.0";"-2841.24";"7401.50000";"7566.50000";"-48376.52";"0.00";"IST";"SL";"2d 2h 47m";"-366.24"
"369";"USTEC_ICM_UTC2";"Buy";"7396.3";"7408.6";"2018.08.10 21:00:00";"2018.08.10 22:55:00";"30.0";"369.00";"7313.79980";"7478.79980";"-48007.52";"0.00";"IST";"End Of Friday (Time)";"1h 55m";"-0.00"
"370";"USTEC_ICM_UTC2";"Buy";"7421.0";"7338.5";"2018.08.13 16:30:00";"2018.08.15 17:04:00";"30.0";"-2841.24";"7338.50000";"7503.50000";"-50848.75";"0.00";"IST";"SL";"2d 0h 34m";"-366.24"
"371";"USTEC_ICM_UTC2";"Buy";"7341.9";"7381.5";"2018.08.15 17:15:00";"2018.08.17 22:55:00";"30.0";"821.76";"7259.39990";"7424.39990";"-50026.99";"0.00";"IST";"End Of Friday (Time)";"2d 5h 40m";"-366.24"
"372";"USTEC_ICM_UTC2";"Buy";"7347.6";"7430.1";"2018.08.20 18:15:00";"2018.08.21 19:01:00";"30.0";"2291.88";"7265.10010";"7430.10010";"-47735.11";"0.00";"IST";"PT";"1d 0h 46m";"-183.12"
"373";"USTEC_ICM_UTC2";"Buy";"7431.4";"7348.9";"2018.08.21 19:15:00";"2018.08.22 02:04:00";"30.0";"-2658.12";"7348.89990";"7513.89990";"-50393.23";"0.00";"IST";"SL";"6h 49m";"-183.12"
"374";"USTEC_ICM_UTC2";"Buy";"7418.2";"7487.2";"2018.08.22 18:00:00";"2018.08.24 22:55:00";"30.0";"1703.76";"7335.70020";"7500.70020";"-48689.47";"0.00";"IST";"End Of Friday (Time)";"2d 4h 55m";"-366.24"
"375";"USTEC_ICM_UTC2";"Buy";"7558.9";"7641.4";"2018.08.27 18:15:00";"2018.08.29 18:28:00";"30.0";"2108.76";"7476.39990";"7641.39990";"-46580.71";"0.00";"IST";"PT";"2d 0h 13m";"-366.24"
"376";"USTEC_ICM_UTC2";"Buy";"7646.0";"7656.4";"2018.08.29 18:30:00";"2018.08.31 22:55:00";"30.0";"-54.24";"7563.50000";"7728.50000";"-46634.95";"0.00";"IST";"End Of Friday (Time)";"2d 4h 25m";"-366.24"
"377";"USTEC_ICM_UTC2";"Buy";"7630.8";"7548.3";"2018.09.04 16:30:00";"2018.09.05 17:01:00";"30.0";"-2658.12";"7548.29980";"7713.29980";"-49293.07";"0.00";"IST";"SL";"1d 0h 31m";"-183.12"
"378";"USTEC_ICM_UTC2";"Buy";"7528.2";"7445.7";"2018.09.05 18:00:00";"2018.09.06 17:38:00";"30.0";"-2658.12";"7445.70020";"7610.70020";"-51951.20";"0.00";"IST";"SL";"23h 38m";"-183.12"
"379";"USTEC_ICM_UTC2";"Buy";"7439.4";"7426.2";"2018.09.06 18:00:00";"2018.09.07 22:55:00";"30.0";"-579.12";"7356.89990";"7521.89990";"-52530.31";"0.00";"IST";"End Of Friday (Time)";"1d 4h 55m";"-183.12"
"380";"USTEC_ICM_UTC2";"Buy";"7452.7";"7535.2";"2018.09.10 18:30:00";"2018.09.12 11:50:00";"30.0";"2108.76";"7370.20020";"7535.20020";"-50421.55";"0.00";"IST";"PT";"1d 17h 20m";"-366.24"
"381";"USTEC_ICM_UTC2";"Buy";"7433.6";"7516.1";"2018.09.12 18:00:00";"2018.09.13 15:30:00";"30.0";"2291.88";"7351.10010";"7516.10010";"-48129.68";"0.00";"IST";"PT";"21h 30m";"-183.12"
"382";"USTEC_ICM_UTC2";"Buy";"7546.3";"7549.9";"2018.09.13 18:00:00";"2018.09.14 22:55:00";"30.0";"-75.12";"7463.79980";"7628.79980";"-48204.79";"0.00";"IST";"End Of Friday (Time)";"1d 4h 55m";"-183.12"
"383";"USTEC_ICM_UTC2";"Buy";"7461.2";"7543.7";"2018.09.17 18:00:00";"2018.09.20 15:46:00";"30.0";"1925.64";"7378.70020";"7543.70020";"-46279.16";"0.00";"IST";"PT";"2d 21h 46m";"-549.36"
"384";"USTEC_ICM_UTC2";"Buy";"7557.6";"7533.3";"2018.09.20 18:00:00";"2018.09.21 22:55:00";"30.0";"-912.12";"7475.10010";"7640.10010";"-47191.27";"0.00";"IST";"End Of Friday (Time)";"1d 4h 55m";"-183.12"
"385";"USTEC_ICM_UTC2";"Buy";"7505.3";"7587.8";"2018.09.24 18:00:00";"2018.09.26 05:37:00";"30.0";"2108.76";"7422.79980";"7587.79980";"-45082.52";"0.00";"IST";"PT";"1d 11h 37m";"-366.24"
"386";"USTEC_ICM_UTC2";"Buy";"7596.7";"7621.6";"2018.09.26 18:00:00";"2018.09.28 22:55:00";"30.0";"380.76";"7514.20020";"7679.20020";"-44701.75";"0.00";"IST";"End Of Friday (Time)";"2d 4h 55m";"-366.24"
"387";"USTEC_ICM_UTC2";"Buy";"7691.0";"7608.5";"2018.10.01 18:30:00";"2018.10.02 11:49:00";"30.0";"-2658.12";"7608.50000";"7773.50000";"-47359.88";"0.00";"IST";"SL";"17h 19m";"-183.12"
"388";"USTEC_ICM_UTC2";"Buy";"7636.0";"7553.5";"2018.10.02 16:30:00";"2018.10.04 16:41:00";"30.0";"-2841.24";"7553.50000";"7718.50000";"-50201.11";"0.00";"IST";"SL";"2d 0h 11m";"-366.24"
"389";"USTEC_ICM_UTC2";"Buy";"7547.5";"7465.0";"2018.10.04 17:15:00";"2018.10.04 19:25:00";"30.0";"-2475.00";"7465.00000";"7630.00000";"-52676.11";"0.00";"IST";"SL";"2h 10m";"-0.00"
"390";"USTEC_ICM_UTC2";"Buy";"7457.8";"7375.3";"2018.10.05 17:00:00";"2018.10.05 18:47:00";"30.0";"-2475.00";"7375.29980";"7540.29980";"-55151.11";"0.00";"IST";"SL";"1h 47m";"-0.00"
"391";"USTEC_ICM_UTC2";"Buy";"7342.5";"7425.0";"2018.10.08 18:30:00";"2018.10.09 17:32:00";"30.0";"2291.88";"7260.00000";"7425.00000";"-52859.23";"0.00";"IST";"PT";"23h 2m";"-183.12"
"392";"USTEC_ICM_UTC2";"Buy";"7405.5";"7323.0";"2018.10.09 18:00:00";"2018.10.10 15:34:00";"30.0";"-2658.12";"7323.00000";"7488.00000";"-55517.36";"0.00";"IST";"SL";"21h 34m";"-183.12"
"393";"USTEC_ICM_UTC2";"Buy";"7236.4";"7153.9";"2018.10.10 18:00:00";"2018.10.10 21:44:00";"30.0";"-2475.00";"7153.89990";"7318.89990";"-57992.36";"0.00";"IST";"SL";"3h 44m";"-0.00"
"394";"USTEC_ICM_UTC2";"Buy";"7018.1";"7100.6";"2018.10.11 16:30:00";"2018.10.11 16:54:00";"30.0";"2475.00";"6935.60010";"7100.60010";"-55517.36";"0.00";"IST";"PT";"24m 0s";"-0.00"
"395";"USTEC_ICM_UTC2";"Buy";"7068.2";"7150.7";"2018.10.12 20:00:00";"2018.10.12 22:44:00";"30.0";"2475.00";"6985.70020";"7150.70020";"-53042.36";"0.00";"IST";"PT";"2h 44m";"-0.00"
"396";"USTEC_ICM_UTC2";"Buy";"7124.7";"7207.2";"2018.10.15 18:45:00";"2018.10.16 18:25:00";"30.0";"2291.88";"7042.20020";"7207.20020";"-50750.48";"0.00";"IST";"PT";"23h 40m";"-183.12"
"397";"USTEC_ICM_UTC2";"Buy";"7214.0";"7296.5";"2018.10.16 19:15:00";"2018.10.16 23:02:00";"30.0";"2475.00";"7131.50000";"7296.50000";"-48275.48";"0.00";"IST";"PT";"3h 47m";"-0.00"
"398";"USTEC_ICM_UTC2";"Buy";"7227.2";"7144.7";"2018.10.17 18:00:00";"2018.10.18 18:35:00";"30.0";"-2658.12";"7144.70020";"7309.70020";"-50933.59";"0.00";"IST";"SL";"1d 0h 35m";"-183.12"
"399";"USTEC_ICM_UTC2";"Buy";"7142.5";"7225.0";"2018.10.18 18:45:00";"2018.10.19 17:04:00";"30.0";"2291.88";"7060.00000";"7225.00000";"-48641.71";"0.00";"IST";"PT";"22h 19m";"-183.12"
"400";"USTEC_ICM_UTC2";"Buy";"7202.6";"7120.1";"2018.10.19 18:00:00";"2018.10.19 19:21:00";"30.0";"-2475.00";"7120.10010";"7285.10010";"-51116.71";"0.00";"IST";"SL";"1h 21m";"-0.00"
"401";"USTEC_ICM_UTC2";"Buy";"7165.9";"7083.4";"2018.10.22 18:15:00";"2018.10.23 05:40:00";"30.0";"-2658.12";"7083.39990";"7248.39990";"-53774.84";"0.00";"IST";"SL";"11h 25m";"-183.12"
"402";"USTEC_ICM_UTC2";"Buy";"7008.7";"7091.2";"2018.10.23 16:45:00";"2018.10.23 21:16:00";"30.0";"2475.00";"6926.20020";"7091.20020";"-51299.84";"0.00";"IST";"PT";"4h 31m";"-0.00"
"403";"USTEC_ICM_UTC2";"Buy";"6984.5";"6902.0";"2018.10.24 18:30:00";"2018.10.24 22:02:00";"30.0";"-2475.00";"6902.00000";"7067.00000";"-53774.84";"0.00";"IST";"SL";"3h 32m";"-0.00"
"404";"USTEC_ICM_UTC2";"Buy";"6957.2";"7039.7";"2018.10.25 18:15:00";"2018.10.25 21:34:00";"30.0";"2475.00";"6874.70020";"7039.70020";"-51299.84";"0.00";"IST";"PT";"3h 19m";"-0.00"
"405";"USTEC_ICM_UTC2";"Buy";"6782.0";"6864.5";"2018.10.26 16:30:00";"2018.10.26 16:45:00";"30.0";"2475.00";"6699.50000";"6864.50000";"-48824.84";"0.00";"IST";"PT";"15m 0s";"-0.00"
"406";"USTEC_ICM_UTC2";"Buy";"6825.8";"6743.3";"2018.10.29 18:45:00";"2018.10.29 20:33:00";"30.0";"-2475.00";"6743.29980";"6908.29980";"-51299.84";"0.00";"IST";"SL";"1h 48m";"-0.00"
"407";"USTEC_ICM_UTC2";"Buy";"6712.0";"6794.5";"2018.10.30 17:00:00";"2018.10.30 17:49:00";"30.0";"2475.00";"6629.50000";"6794.50000";"-48824.84";"0.00";"IST";"PT";"49m 0s";"-0.00"
"408";"USTEC_ICM_UTC2";"Buy";"6963.2";"7045.7";"2018.10.31 18:30:00";"2018.11.01 19:14:00";"30.0";"2291.88";"6880.70020";"7045.70020";"-46532.96";"0.00";"IST";"PT";"1d 0h 44m";"-183.12"
"409";"USTEC_ICM_UTC2";"Buy";"7047.4";"6964.9";"2018.11.01 19:15:00";"2018.11.02 00:00:00";"30.0";"-2658.12";"6964.89990";"7129.89990";"-49191.07";"0.00";"IST";"SL";"4h 45m";"-183.12"
"410";"USTEC_ICM_UTC2";"Buy";"6978.0";"6895.5";"2018.11.02 16:30:00";"2018.11.05 16:44:00";"30.0";"-3024.36";"6895.50000";"7060.50000";"-52215.43";"0.00";"IST";"SL";"3d 0h 14m";"-549.36"
"411";"USTEC_ICM_UTC2";"Buy";"6885.4";"6967.9";"2018.11.05 18:30:00";"2018.11.06 16:33:00";"30.0";"2291.88";"6802.89990";"6967.89990";"-49923.55";"0.00";"IST";"PT";"22h 3m";"-183.12"
"412";"USTEC_ICM_UTC2";"Buy";"6974.3";"7056.8";"2018.11.06 18:00:00";"2018.11.07 04:07:00";"30.0";"2291.88";"6891.79980";"7056.79980";"-47631.68";"0.00";"IST";"PT";"10h 7m";"-183.12"
"413";"USTEC_ICM_UTC2";"Buy";"7138.4";"7055.9";"2018.11.07 18:30:00";"2018.11.09 17:09:00";"30.0";"-2841.24";"7055.89990";"7220.89990";"-50472.91";"0.00";"IST";"SL";"1d 22h 39m";"-366.24"
"414";"USTEC_ICM_UTC2";"Buy";"7049.4";"7049.6";"2018.11.09 18:00:00";"2018.11.09 22:55:00";"30.0";"6.00";"6966.89990";"7131.89990";"-50466.91";"0.00";"IST";"End Of Friday (Time)";"4h 55m";"-0.00"
"415";"USTEC_ICM_UTC2";"Buy";"6867.6";"6950.1";"2018.11.12 18:00:00";"2018.11.13 18:19:00";"30.0";"2291.88";"6785.10010";"6950.10010";"-48175.04";"0.00";"IST";"PT";"1d 0h 19m";"-183.12"
"416";"USTEC_ICM_UTC2";"Buy";"6922.0";"6839.5";"2018.11.13 18:30:00";"2018.11.13 21:16:00";"30.0";"-2475.00";"6839.50000";"7004.50000";"-50650.04";"0.00";"IST";"SL";"2h 46m";"-0.00"
"417";"USTEC_ICM_UTC2";"Buy";"6879.7";"6797.2";"2018.11.14 17:00:00";"2018.11.14 18:07:00";"30.0";"-2475.00";"6797.20020";"6962.20020";"-53125.04";"0.00";"IST";"SL";"1h 7m";"-0.00"
"418";"USTEC_ICM_UTC2";"Buy";"6728.2";"6810.7";"2018.11.15 17:45:00";"2018.11.15 18:37:00";"30.0";"2475.00";"6645.70020";"6810.70020";"-50650.04";"0.00";"IST";"PT";"52m 0s";"-0.00"
"419";"USTEC_ICM_UTC2";"Buy";"6849.1";"6874.8";"2018.11.16 18:15:00";"2018.11.16 22:55:00";"30.0";"771.00";"6766.60010";"6931.60010";"-49879.04";"0.00";"IST";"End Of Friday (Time)";"4h 40m";"-0.00"
"420";"USTEC_ICM_UTC2";"Buy";"6733.2";"6650.7";"2018.11.19 18:15:00";"2018.11.19 20:15:00";"30.0";"-2475.00";"6650.70020";"6815.70020";"-52354.04";"0.00";"IST";"SL";"2h 0m";"-0.00"
"421";"USTEC_ICM_UTC2";"Buy";"6489.6";"6572.1";"2018.11.20 16:30:00";"2018.11.20 17:41:00";"30.0";"2475.00";"6407.10010";"6572.10010";"-49879.04";"0.00";"IST";"PT";"1h 11m";"-0.00"
"422";"USTEC_ICM_UTC2";"Buy";"6633.7";"6551.2";"2018.11.21 18:15:00";"2018.11.22 10:32:00";"30.0";"-2658.12";"6551.20020";"6716.20020";"-52537.16";"0.00";"IST";"SL";"16h 17m";"-183.12"
"423";"USTEC_ICM_UTC2";"Buy";"6521.4";"6603.9";"2018.11.23 16:30:00";"2018.11.26 10:01:00";"30.0";"1925.64";"6438.89990";"6603.89990";"-50611.52";"0.00";"IST";"PT";"2d 17h 31m";"-549.36"
"424";"USTEC_ICM_UTC2";"Buy";"6648.4";"6730.9";"2018.11.26 18:15:00";"2018.11.28 08:12:00";"30.0";"2108.76";"6565.89990";"6730.89990";"-48502.76";"0.00";"IST";"PT";"1d 13h 57m";"-366.24"
"425";"USTEC_ICM_UTC2";"Buy";"6738.4";"6820.9";"2018.11.28 19:00:00";"2018.11.28 19:09:00";"30.0";"2475.00";"6655.89990";"6820.89990";"-46027.76";"0.00";"IST";"PT";"9m 0s";"-0.00"
"426";"USTEC_ICM_UTC2";"Buy";"6846.1";"6928.6";"2018.11.29 18:00:00";"2018.11.29 21:51:00";"30.0";"2475.00";"6763.60010";"6928.60010";"-43552.76";"0.00";"IST";"PT";"3h 51m";"-0.00"
"427";"USTEC_ICM_UTC2";"Buy";"6909.0";"6925.4";"2018.11.30 18:00:00";"2018.11.30 22:55:00";"30.0";"492.00";"6826.50000";"6991.50000";"-43060.76";"0.00";"IST";"End Of Friday (Time)";"4h 55m";"-0.00"
"428";"USTEC_ICM_UTC2";"Buy";"7048.2";"6965.7";"2018.12.03 18:15:00";"2018.12.04 19:05:00";"30.0";"-2658.12";"6965.70020";"7130.70020";"-45718.88";"0.00";"IST";"SL";"1d 0h 50m";"-183.12"
"429";"USTEC_ICM_UTC2";"Buy";"6931.0";"6848.5";"2018.12.04 19:15:00";"2018.12.04 20:28:00";"30.0";"-2475.00";"6848.50000";"7013.50000";"-48193.88";"0.00";"IST";"SL";"1h 13m";"-0.00"
"430";"USTEC_ICM_UTC2";"Buy";"6656.8";"6739.3";"2018.12.06 16:30:00";"2018.12.06 19:15:00";"30.0";"2475.00";"6574.29980";"6739.29980";"-45718.88";"0.00";"IST";"PT";"2h 45m";"-0.00"
"431";"USTEC_ICM_UTC2";"Buy";"6699.5";"6617.0";"2018.12.07 18:15:00";"2018.12.07 21:55:00";"30.0";"-2475.00";"6617.00000";"6782.00000";"-48193.88";"0.00";"IST";"SL";"3h 40m";"-0.00"
"432";"USTEC_ICM_UTC2";"Buy";"6563.5";"6646.0";"2018.12.10 18:15:00";"2018.12.10 19:49:00";"30.0";"2475.00";"6481.00000";"6646.00000";"-45718.88";"0.00";"IST";"PT";"1h 34m";"-0.00"
"433";"USTEC_ICM_UTC2";"Buy";"6730.3";"6647.8";"2018.12.11 18:45:00";"2018.12.11 21:16:00";"30.0";"-2475.00";"6647.79980";"6812.79980";"-48193.88";"0.00";"IST";"SL";"2h 31m";"-0.00"
"434";"USTEC_ICM_UTC2";"Buy";"6857.6";"6775.1";"2018.12.12 19:00:00";"2018.12.12 22:55:00";"30.0";"-2475.00";"6775.10010";"6940.10010";"-50668.88";"0.00";"IST";"SL";"3h 55m";"-0.00"
"435";"USTEC_ICM_UTC2";"Buy";"6771.1";"6688.6";"2018.12.13 18:00:00";"2018.12.14 03:31:00";"30.0";"-2658.12";"6688.60010";"6853.60010";"-53327.00";"0.00";"IST";"SL";"9h 31m";"-183.12"
"436";"USTEC_ICM_UTC2";"Buy";"6678.5";"6596.0";"2018.12.14 18:45:00";"2018.12.14 21:53:00";"30.0";"-2475.00";"6596.00000";"6761.00000";"-55802.00";"0.00";"IST";"SL";"3h 8m";"-0.00"
"437";"USTEC_ICM_UTC2";"Buy";"6580.7";"6498.2";"2018.12.17 18:00:00";"2018.12.17 20:34:00";"30.0";"-2475.00";"6498.20020";"6663.20020";"-58277.00";"0.00";"IST";"SL";"2h 34m";"-0.00"
"438";"USTEC_ICM_UTC2";"Buy";"6496.7";"6414.2";"2018.12.18 18:45:00";"2018.12.19 21:52:00";"30.0";"-2658.12";"6414.20020";"6579.20020";"-60935.12";"0.00";"IST";"SL";"1d 3h 7m";"-183.12"
"439";"USTEC_ICM_UTC2";"Buy";"6376.6";"6294.1";"2018.12.19 22:00:00";"2018.12.19 22:05:00";"30.0";"-2475.00";"6294.10010";"6459.10010";"-63410.12";"0.00";"IST";"SL";"5m 0s";"-0.00"
"440";"USTEC_ICM_UTC2";"Buy";"6298.0";"6215.5";"2018.12.20 18:15:00";"2018.12.20 18:49:00";"30.0";"-2475.00";"6215.50000";"6380.50000";"-65885.12";"0.00";"IST";"SL";"34m 0s";"-0.00"
"441";"USTEC_ICM_UTC2";"Buy";"6217.5";"6135.0";"2018.12.21 18:30:00";"2018.12.21 19:06:00";"30.0";"-2475.00";"6135.00000";"6300.00000";"-68360.12";"0.00";"IST";"SL";"36m 0s";"-0.00"
"442";"USTEC_ICM_UTC2";"Buy";"6039.3";"5956.8";"2018.12.24 18:00:00";"2018.12.24 18:49:00";"30.0";"-2475.00";"5956.79980";"6121.79980";"-70835.12";"0.00";"IST";"SL";"49m 0s";"-0.00"
"443";"USTEC_ICM_UTC2";"Buy";"5959.4";"6041.9";"2018.12.26 18:15:00";"2018.12.26 18:57:00";"30.0";"2475.00";"5876.89990";"6041.89990";"-68360.12";"0.00";"IST";"PT";"42m 0s";"-0.00"
"444";"USTEC_ICM_UTC2";"Buy";"6119.6";"6202.1";"2018.12.27 18:00:00";"2018.12.27 22:26:00";"30.0";"2475.00";"6037.10010";"6202.10010";"-65885.12";"0.00";"IST";"PT";"4h 26m";"-0.00"
"445";"USTEC_ICM_UTC2";"Buy";"6288.0";"6370.5";"2018.12.28 18:30:00";"2018.12.28 21:44:00";"30.0";"2475.00";"6205.50000";"6370.50000";"-63410.12";"0.00";"IST";"PT";"3h 14m";"-0.00"
"446";"USTEC_ICM_UTC2";"Buy";"6334.3";"6251.8";"2018.12.31 19:45:00";"2019.01.02 06:03:00";"30.0";"-2841.24";"6251.79980";"6416.79980";"-66251.36";"0.00";"IST";"SL";"1d 10h 18m";"-366.24"
"447";"USTEC_ICM_UTC2";"Buy";"6196.3";"6278.8";"2019.01.02 16:30:00";"2019.01.02 17:09:00";"30.0";"2475.00";"6113.79980";"6278.79980";"-63776.36";"0.00";"IST";"PT";"39m 0s";"-0.00"
"448";"USTEC_ICM_UTC2";"Buy";"6219.8";"6137.3";"2019.01.03 18:15:00";"2019.01.04 02:16:00";"30.0";"-2658.12";"6137.29980";"6302.29980";"-66434.48";"0.00";"IST";"SL";"8h 1m";"-183.12"
"449";"USTEC_ICM_UTC2";"Buy";"6385.4";"6407.0";"2019.01.04 18:15:00";"2019.01.04 22:55:00";"30.0";"648.00";"6302.89990";"6467.89990";"-65786.48";"0.00";"IST";"End Of Friday (Time)";"4h 40m";"-0.00"
"450";"USTEC_ICM_UTC2";"Buy";"6456.3";"6538.8";"2019.01.07 18:30:00";"2019.01.08 13:52:00";"30.0";"2291.88";"6373.79980";"6538.79980";"-63494.60";"0.00";"IST";"PT";"19h 22m";"-183.12"
"451";"USTEC_ICM_UTC2";"Buy";"6493.9";"6576.4";"2019.01.08 18:15:00";"2019.01.09 03:19:00";"30.0";"2291.88";"6411.39990";"6576.39990";"-61202.71";"0.00";"IST";"PT";"9h 4m";"-183.12"
"452";"USTEC_ICM_UTC2";"Buy";"6587.5";"6601.4";"2019.01.09 18:15:00";"2019.01.11 22:55:00";"30.0";"50.76";"6505.00000";"6670.00000";"-61151.96";"0.00";"IST";"End Of Friday (Time)";"2d 4h 40m";"-366.24"
"453";"USTEC_ICM_UTC2";"Buy";"6560.5";"6643.0";"2019.01.14 18:00:00";"2019.01.15 17:00:00";"30.0";"2291.88";"6478.00000";"6643.00000";"-58860.08";"0.00";"IST";"PT";"23h 0m";"-183.12"
"454";"USTEC_ICM_UTC2";"Buy";"6642.1";"6724.6";"2019.01.15 17:15:00";"2019.01.17 21:45:00";"30.0";"2108.76";"6559.60010";"6724.60010";"-56751.32";"0.00";"IST";"PT";"2d 4h 30m";"-366.24"
"455";"USTEC_ICM_UTC2";"Buy";"6707.6";"6790.1";"2019.01.17 22:00:00";"2019.01.18 18:02:00";"30.0";"2291.88";"6625.10010";"6790.10010";"-54459.44";"0.00";"IST";"PT";"20h 2m";"-183.12"
"456";"USTEC_ICM_UTC2";"Buy";"6793.9";"6768.6";"2019.01.18 18:15:00";"2019.01.18 22:55:00";"30.0";"-759.00";"6711.39990";"6876.39990";"-55218.44";"0.00";"IST";"End Of Friday (Time)";"4h 40m";"-0.00"
"457";"USTEC_ICM_UTC2";"Buy";"6704.1";"6621.6";"2019.01.22 18:00:00";"2019.01.22 21:44:00";"30.0";"-2475.00";"6621.60010";"6786.60010";"-57693.44";"0.00";"IST";"SL";"3h 44m";"-0.00"
"458";"USTEC_ICM_UTC2";"Buy";"6657.4";"6739.9";"2019.01.23 18:15:00";"2019.01.25 13:17:00";"30.0";"2108.76";"6574.89990";"6739.89990";"-55584.68";"0.00";"IST";"PT";"1d 19h 2m";"-366.24"
"459";"USTEC_ICM_UTC2";"Buy";"6779.4";"6778.4";"2019.01.25 18:15:00";"2019.01.25 22:55:00";"30.0";"-30.00";"6696.89990";"6861.89990";"-55614.68";"0.00";"IST";"End Of Friday (Time)";"4h 40m";"-0.00"
"460";"USTEC_ICM_UTC2";"Buy";"6684.4";"6766.9";"2019.01.28 17:30:00";"2019.01.30 21:00:00";"30.0";"2108.76";"6601.89990";"6766.89990";"-53505.92";"0.00";"IST";"PT";"2d 3h 30m";"-366.24"
"461";"USTEC_ICM_UTC2";"Buy";"6793.6";"6876.1";"2019.01.30 21:15:00";"2019.01.31 17:03:00";"30.0";"2291.88";"6711.10010";"6876.10010";"-51214.04";"0.00";"IST";"PT";"19h 48m";"-183.12"
"462";"USTEC_ICM_UTC2";"Buy";"6901.0";"6870.9";"2019.01.31 18:15:00";"2019.02.01 22:55:00";"30.0";"-1086.12";"6818.50000";"6983.50000";"-52300.16";"0.00";"IST";"End Of Friday (Time)";"1d 4h 40m";"-183.12"
"463";"USTEC_ICM_UTC2";"Buy";"6938.3";"7020.8";"2019.02.04 18:30:00";"2019.02.05 17:43:00";"30.0";"2291.88";"6855.79980";"7020.79980";"-50008.28";"0.00";"IST";"PT";"23h 13m";"-183.12"
"464";"USTEC_ICM_UTC2";"Buy";"7022.3";"6939.8";"2019.02.05 18:00:00";"2019.02.07 15:14:00";"30.0";"-2841.24";"6939.79980";"7104.79980";"-52849.52";"0.00";"IST";"SL";"1d 21h 14m";"-366.24"
"465";"USTEC_ICM_UTC2";"Buy";"6937.2";"6854.7";"2019.02.07 16:30:00";"2019.02.07 19:03:00";"30.0";"-2475.00";"6854.70020";"7019.70020";"-55324.52";"0.00";"IST";"SL";"2h 33m";"-0.00"
"466";"USTEC_ICM_UTC2";"Buy";"6859.4";"6893.8";"2019.02.08 18:00:00";"2019.02.08 22:55:00";"30.0";"1032.00";"6776.89990";"6941.89990";"-54292.52";"0.00";"IST";"End Of Friday (Time)";"4h 55m";"-0.00"
"467";"USTEC_ICM_UTC2";"Buy";"6922.9";"7005.4";"2019.02.11 18:00:00";"2019.02.12 18:00:00";"30.0";"2291.88";"6840.39990";"7005.39990";"-52000.64";"0.00";"IST";"PT";"1d 0h 0m";"-183.12"
"468";"USTEC_ICM_UTC2";"Buy";"7004.4";"7086.9";"2019.02.12 18:45:00";"2019.02.15 16:28:00";"30.0";"1925.64";"6921.89990";"7086.89990";"-50075.00";"0.00";"IST";"PT";"2d 21h 43m";"-549.36"
"469";"USTEC_ICM_UTC2";"Buy";"7041.8";"7044.3";"2019.02.15 17:00:00";"2019.02.15 22:55:00";"30.0";"75.00";"6959.29980";"7124.29980";"-50000.00";"0.00";"IST";"End Of Friday (Time)";"5h 55m";"-0.00"
"470";"USTEC_ICM_UTC2";"Buy";"7030.2";"7076.1";"2019.02.19 16:30:00";"2019.02.22 22:55:00";"30.0";"827.64";"6947.70020";"7112.70020";"-49172.36";"0.00";"IST";"End Of Friday (Time)";"3d 6h 25m";"-549.36"
"471";"USTEC_ICM_UTC2";"Buy";"7151.2";"7068.7";"2019.02.25 18:30:00";"2019.02.26 06:18:00";"30.0";"-2658.12";"7068.70020";"7233.70020";"-51830.48";"0.00";"IST";"SL";"11h 48m";"-183.12"
"472";"USTEC_ICM_UTC2";"Buy";"7101.8";"7149.2";"2019.02.26 18:00:00";"2019.03.01 22:55:00";"30.0";"872.64";"7019.29980";"7184.29980";"-50957.84";"0.00";"IST";"End Of Friday (Time)";"3d 4h 55m";"-549.36"
"473";"USTEC_ICM_UTC2";"Buy";"7155.7";"7073.2";"2019.03.04 18:15:00";"2019.03.04 19:19:00";"30.0";"-2475.00";"7073.20020";"7238.20020";"-53432.84";"0.00";"IST";"SL";"1h 4m";"-0.00"
"474";"USTEC_ICM_UTC2";"Buy";"7159.8";"7077.3";"2019.03.05 18:15:00";"2019.03.07 09:32:00";"30.0";"-2841.24";"7077.29980";"7242.29980";"-56274.08";"0.00";"IST";"SL";"1d 15h 17m";"-366.24"
"475";"USTEC_ICM_UTC2";"Buy";"7040.4";"6957.9";"2019.03.07 17:30:00";"2019.03.08 15:31:00";"30.0";"-2658.12";"6957.89990";"7122.89990";"-58932.20";"0.00";"IST";"SL";"22h 1m";"-183.12"
"476";"USTEC_ICM_UTC2";"Buy";"6961.4";"7010.4";"2019.03.08 17:00:00";"2019.03.08 22:55:00";"30.0";"1470.00";"6878.89990";"7043.89990";"-57462.20";"0.00";"IST";"End Of Friday (Time)";"5h 55m";"-0.00"
"477";"USTEC_ICM_UTC2";"Buy";"7119.0";"7201.5";"2019.03.11 17:00:00";"2019.03.12 16:42:00";"30.0";"2291.88";"7036.50000";"7201.50000";"-55170.32";"0.00";"IST";"PT";"23h 42m";"-183.12"
"478";"USTEC_ICM_UTC2";"Buy";"7200.9";"7283.4";"2019.03.12 16:45:00";"2019.03.13 19:59:00";"30.0";"2291.88";"7118.39990";"7283.39990";"-52878.44";"0.00";"IST";"PT";"1d 3h 14m";"-183.12"
"479";"USTEC_ICM_UTC2";"Buy";"7284.4";"7366.9";"2019.03.13 20:00:00";"2019.03.19 15:31:00";"30.0";"1376.28";"7201.89990";"7366.89990";"-51502.16";"0.00";"IST";"PT";"5d 19h 31m";"-1098.72"
"480";"USTEC_ICM_UTC2";"Buy";"7345.6";"7428.1";"2019.03.19 17:00:00";"2019.03.21 16:39:00";"30.0";"2108.76";"7263.10010";"7428.10010";"-49393.40";"0.00";"IST";"PT";"1d 23h 39m";"-366.24"
"481";"USTEC_ICM_UTC2";"Buy";"7428.8";"7511.3";"2019.03.21 16:45:00";"2019.03.22 02:16:00";"30.0";"2291.88";"7346.29980";"7511.29980";"-47101.52";"0.00";"IST";"PT";"9h 31m";"-183.12"
"482";"USTEC_ICM_UTC2";"Buy";"7438.4";"7355.9";"2019.03.22 16:30:00";"2019.03.22 17:59:00";"30.0";"-2475.00";"7355.89990";"7520.89990";"-49576.52";"0.00";"IST";"SL";"1h 29m";"-0.00"
"483";"USTEC_ICM_UTC2";"Buy";"7313.3";"7395.8";"2019.03.25 17:00:00";"2019.03.26 15:45:00";"30.0";"2291.88";"7230.79980";"7395.79980";"-47284.64";"0.00";"IST";"PT";"22h 45m";"-183.12"
"484";"USTEC_ICM_UTC2";"Buy";"7381.8";"7299.3";"2019.03.26 17:30:00";"2019.03.27 17:16:00";"30.0";"-2658.12";"7299.29980";"7464.29980";"-49942.76";"0.00";"IST";"SL";"23h 46m";"-183.12"
"485";"USTEC_ICM_UTC2";"Buy";"7281.8";"7364.3";"2019.03.27 17:30:00";"2019.03.29 14:55:00";"30.0";"2108.76";"7199.29980";"7364.29980";"-47834.00";"0.00";"IST";"PT";"1d 21h 25m";"-366.24"
"486";"USTEC_ICM_UTC2";"Buy";"7370.9";"7453.4";"2019.03.29 17:45:00";"2019.04.01 05:25:00";"30.0";"1925.64";"7288.39990";"7453.39990";"-45908.36";"0.00";"IST";"PT";"2d 11h 40m";"-549.36"
"487";"USTEC_ICM_UTC2";"Buy";"7457.4";"7539.9";"2019.04.01 18:15:00";"2019.04.03 04:48:00";"30.0";"2108.76";"7374.89990";"7539.89990";"-43799.60";"0.00";"IST";"PT";"1d 10h 33m";"-366.24"
"488";"USTEC_ICM_UTC2";"Buy";"7580.3";"7497.8";"2019.04.03 18:15:00";"2019.04.04 19:46:00";"30.0";"-2658.12";"7497.79980";"7662.79980";"-46457.72";"0.00";"IST";"SL";"1d 1h 31m";"-183.12"
"489";"USTEC_ICM_UTC2";"Buy";"7514.9";"7573.3";"2019.04.04 20:00:00";"2019.04.05 22:55:00";"30.0";"1568.88";"7432.39990";"7597.39990";"-44888.84";"0.00";"IST";"End Of Friday (Time)";"1d 2h 55m";"-183.12"
"490";"USTEC_ICM_UTC2";"Buy";"7566.3";"7620.0";"2019.04.08 18:00:00";"2019.04.12 22:55:00";"30.0";"878.52";"7483.79980";"7648.79980";"-44010.32";"0.00";"IST";"End Of Friday (Time)";"4d 4h 55m";"-732.48"
"491";"USTEC_ICM_UTC2";"Buy";"7602.2";"7684.7";"2019.04.15 18:15:00";"2019.04.17 15:03:00";"30.0";"2108.76";"7519.70020";"7684.70020";"-41901.56";"0.00";"IST";"PT";"1d 20h 48m";"-366.24"
"492";"USTEC_ICM_UTC2";"Buy";"7683.2";"7765.7";"2019.04.17 18:15:00";"2019.04.23 17:02:00";"30.0";"1376.28";"7600.70020";"7765.70020";"-40525.28";"0.00";"IST";"PT";"5d 22h 47m";"-1098.72"
"493";"USTEC_ICM_UTC2";"Buy";"7772.7";"7855.2";"2019.04.23 17:45:00";"2019.04.25 08:17:00";"30.0";"2108.76";"7690.20020";"7855.20020";"-38416.52";"0.00";"IST";"PT";"1d 14h 32m";"-366.24"
"494";"USTEC_ICM_UTC2";"Buy";"7815.6";"7812.9";"2019.04.25 18:00:00";"2019.04.26 22:55:00";"30.0";"-264.12";"7733.10010";"7898.10010";"-38680.64";"0.00";"IST";"End Of Friday (Time)";"1d 4h 55m";"-183.12"
"495";"USTEC_ICM_UTC2";"Buy";"7833.4";"7750.9";"2019.04.29 18:15:00";"2019.04.30 18:00:00";"30.0";"-2658.12";"7750.89990";"7915.89990";"-41338.76";"0.00";"IST";"SL";"23h 45m";"-183.12"
"496";"USTEC_ICM_UTC2";"Buy";"7728.7";"7831.0";"2019.04.30 18:15:00";"2019.05.01 01:00:00";"30.0";"2884.95";"7646.20020";"7811.20020";"-38453.81";"0.00";"IST";"PT";"6h 45m";"-183.12"
"497";"USTEC_ICM_UTC2";"Buy";"7834.3";"7751.8";"2019.05.01 18:30:00";"2019.05.01 22:59:00";"30.0";"-2475.00";"7751.79980";"7916.79980";"-40928.81";"0.00";"IST";"SL";"4h 29m";"-0.00"
"498";"USTEC_ICM_UTC2";"Buy";"7754.6";"7672.1";"2019.05.02 18:00:00";"2019.05.02 18:56:00";"30.0";"-2475.00";"7672.10010";"7837.10010";"-43403.81";"0.00";"IST";"SL";"56m 0s";"-0.00"
"499";"USTEC_ICM_UTC2";"Buy";"7825.8";"7845.1";"2019.05.03 18:15:00";"2019.05.03 22:55:00";"30.0";"579.00";"7743.29980";"7908.29980";"-42824.81";"0.00";"IST";"End Of Friday (Time)";"4h 40m";"-0.00"
"500";"USTEC_ICM_UTC2";"Buy";"7763.5";"7681.0";"2019.05.06 18:00:00";"2019.05.07 17:02:00";"30.0";"-2658.12";"7681.00000";"7846.00000";"-45482.93";"0.00";"IST";"SL";"23h 2m";"-183.12"
"501";"USTEC_ICM_UTC2";"Buy";"7652.2";"7569.7";"2019.05.07 18:00:00";"2019.05.09 09:50:00";"30.0";"-2841.24";"7569.70020";"7734.70020";"-48324.17";"0.00";"IST";"SL";"1d 15h 50m";"-366.24"
"502";"USTEC_ICM_UTC2";"Buy";"7505.0";"7587.5";"2019.05.09 18:15:00";"2019.05.09 19:38:00";"30.0";"2475.00";"7422.50000";"7587.50000";"-45849.17";"0.00";"IST";"PT";"1h 23m";"-0.00"
"503";"USTEC_ICM_UTC2";"Buy";"7448.1";"7530.6";"2019.05.10 19:00:00";"2019.05.10 20:18:00";"30.0";"2475.00";"7365.60010";"7530.60010";"-43374.17";"0.00";"IST";"PT";"1h 18m";"-0.00"
"504";"USTEC_ICM_UTC2";"Buy";"7359.0";"7441.5";"2019.05.13 18:15:00";"2019.05.14 19:05:00";"30.0";"2291.88";"7276.50000";"7441.50000";"-41082.29";"0.00";"IST";"PT";"1d 0h 50m";"-183.12"
"505";"USTEC_ICM_UTC2";"Buy";"7431.8";"7349.3";"2019.05.14 19:15:00";"2019.05.15 15:44:00";"30.0";"-2658.12";"7349.29980";"7514.29980";"-43740.41";"0.00";"IST";"SL";"20h 29m";"-183.12"
"506";"USTEC_ICM_UTC2";"Buy";"7467.5";"7550.0";"2019.05.15 18:00:00";"2019.05.16 16:50:00";"30.0";"2291.88";"7385.00000";"7550.00000";"-41448.53";"0.00";"IST";"PT";"22h 50m";"-183.12"
"507";"USTEC_ICM_UTC2";"Buy";"7565.2";"7504.6";"2019.05.16 17:15:00";"2019.05.17 22:55:00";"30.0";"-2001.12";"7482.70020";"7647.70020";"-43449.65";"0.00";"IST";"End Of Friday (Time)";"1d 5h 40m";"-183.12"
"508";"USTEC_ICM_UTC2";"Buy";"7397.2";"7314.7";"2019.05.20 16:30:00";"2019.05.23 12:40:00";"30.0";"-3024.36";"7314.70020";"7479.70020";"-46474.01";"0.00";"IST";"SL";"2d 20h 10m";"-549.36"
"509";"USTEC_ICM_UTC2";"Buy";"7335.2";"7300.3";"2019.05.23 16:30:00";"2019.05.24 22:55:00";"30.0";"-1230.12";"7252.70020";"7417.70020";"-47704.13";"0.00";"IST";"End Of Friday (Time)";"1d 6h 25m";"-183.12"
"510";"USTEC_ICM_UTC2";"Buy";"7320.2";"7237.7";"2019.05.28 16:30:00";"2019.05.29 04:41:00";"30.0";"-2658.12";"7237.70020";"7402.70020";"-50362.25";"0.00";"IST";"SL";"12h 11m";"-183.12"
"511";"USTEC_ICM_UTC2";"Buy";"7220.2";"7137.7";"2019.05.29 18:00:00";"2019.05.31 12:33:00";"30.0";"-2841.24";"7137.70020";"7302.70020";"-53203.49";"0.00";"IST";"SL";"1d 18h 33m";"-366.24"
"512";"USTEC_ICM_UTC2";"Buy";"7171.1";"7134.0";"2019.05.31 18:00:00";"2019.05.31 22:55:00";"30.0";"-1113.00";"7088.60010";"7253.60010";"-54316.49";"0.00";"IST";"End Of Friday (Time)";"4h 55m";"-0.00"
"513";"USTEC_ICM_UTC2";"Buy";"7073.4";"6990.9";"2019.06.03 18:15:00";"2019.06.03 19:34:00";"30.0";"-2475.00";"6990.89990";"7155.89990";"-56791.49";"0.00";"IST";"SL";"1h 19m";"-0.00"
"514";"USTEC_ICM_UTC2";"Buy";"7107.3";"7189.8";"2019.06.04 18:15:00";"2019.06.05 01:00:00";"30.0";"2291.88";"7024.79980";"7189.79980";"-54499.61";"0.00";"IST";"PT";"6h 45m";"-183.12"
"515";"USTEC_ICM_UTC2";"Buy";"7167.6";"7250.1";"2019.06.05 17:45:00";"2019.06.06 10:48:00";"30.0";"2291.88";"7085.10010";"7250.10010";"-52207.73";"0.00";"IST";"PT";"17h 3m";"-183.12"
"516";"USTEC_ICM_UTC2";"Buy";"7233.4";"7315.9";"2019.06.06 18:15:00";"2019.06.07 15:50:00";"30.0";"2291.88";"7150.89990";"7315.89990";"-49915.85";"0.00";"IST";"PT";"21h 35m";"-183.12"
"517";"USTEC_ICM_UTC2";"Buy";"7392.1";"7412.9";"2019.06.07 17:30:00";"2019.06.07 22:55:00";"30.0";"624.00";"7309.60010";"7474.60010";"-49291.85";"0.00";"IST";"End Of Friday (Time)";"5h 25m";"-0.00"
"518";"USTEC_ICM_UTC2";"Buy";"7536.9";"7454.4";"2019.06.10 18:00:00";"2019.06.13 05:05:00";"30.0";"-3024.36";"7454.39990";"7619.39990";"-52316.21";"0.00";"IST";"SL";"2d 11h 5m";"-549.36"
"519";"USTEC_ICM_UTC2";"Buy";"7500.9";"7489.0";"2019.06.13 18:00:00";"2019.06.14 22:55:00";"30.0";"-540.12";"7418.39990";"7583.39990";"-52856.33";"0.00";"IST";"End Of Friday (Time)";"1d 4h 55m";"-183.12"
"520";"USTEC_ICM_UTC2";"Buy";"7542.9";"7625.4";"2019.06.17 18:00:00";"2019.06.18 16:40:00";"30.0";"2291.88";"7460.39990";"7625.39990";"-50564.45";"0.00";"IST";"PT";"22h 40m";"-183.12"
"521";"USTEC_ICM_UTC2";"Buy";"7650.8";"7733.3";"2019.06.18 16:45:00";"2019.06.20 06:48:00";"30.0";"2108.76";"7568.29980";"7733.29980";"-48455.69";"0.00";"IST";"PT";"1d 14h 3m";"-366.24"
"522";"USTEC_ICM_UTC2";"Buy";"7727.1";"7731.3";"2019.06.20 18:00:00";"2019.06.21 22:55:00";"30.0";"-57.12";"7644.60010";"7809.60010";"-48512.81";"0.00";"IST";"End Of Friday (Time)";"1d 4h 55m";"-183.12"
"523";"USTEC_ICM_UTC2";"Buy";"7740.1";"7657.6";"2019.06.24 18:30:00";"2019.06.25 17:52:00";"30.0";"-2658.12";"7657.60010";"7822.60010";"-51170.93";"0.00";"IST";"SL";"23h 22m";"-183.12"
"524";"USTEC_ICM_UTC2";"Buy";"7660.1";"7649.8";"2019.06.25 18:00:00";"2019.06.28 22:55:00";"30.0";"-858.36";"7577.60010";"7742.60010";"-52029.29";"0.00";"IST";"End Of Friday (Time)";"3d 4h 55m";"-549.36"
"525";"USTEC_ICM_UTC2";"Buy";"7769.6";"7852.1";"2019.07.01 18:30:00";"2019.07.03 19:41:00";"30.0";"2108.76";"7687.10010";"7852.10010";"-49920.53";"0.00";"IST";"PT";"2d 1h 11m";"-366.24"
"526";"USTEC_ICM_UTC2";"Buy";"7848.1";"7834.8";"2019.07.03 19:45:00";"2019.07.05 22:55:00";"30.0";"-765.24";"7765.60010";"7930.60010";"-50685.77";"0.00";"IST";"End Of Friday (Time)";"2d 3h 10m";"-366.24"
"527";"USTEC_ICM_UTC2";"Buy";"7775.0";"7857.5";"2019.07.08 18:00:00";"2019.07.10 15:34:00";"30.0";"2108.76";"7692.50000";"7857.50000";"-48577.01";"0.00";"IST";"PT";"1d 21h 34m";"-366.24"
"528";"USTEC_ICM_UTC2";"Buy";"7872.5";"7938.2";"2019.07.10 16:30:00";"2019.07.12 22:55:00";"30.0";"1604.76";"7790.00000";"7955.00000";"-46972.25";"0.00";"IST";"End Of Friday (Time)";"2d 6h 25m";"-366.24"
"529";"USTEC_ICM_UTC2";"Buy";"7950.4";"7867.9";"2019.07.15 18:15:00";"2019.07.17 23:07:00";"30.0";"-2841.24";"7867.89990";"8032.89990";"-49813.49";"0.00";"IST";"SL";"2d 4h 52m";"-366.24"
"530";"USTEC_ICM_UTC2";"Buy";"7860.0";"7942.5";"2019.07.18 18:00:00";"2019.07.19 01:03:00";"30.0";"2291.88";"7777.50000";"7942.50000";"-47521.61";"0.00";"IST";"PT";"7h 3m";"-183.12"
"531";"USTEC_ICM_UTC2";"Buy";"7911.8";"7846.7";"2019.07.19 18:00:00";"2019.07.19 22:55:00";"30.0";"-1953.00";"7829.29980";"7994.29980";"-49474.61";"0.00";"IST";"End Of Friday (Time)";"4h 55m";"-0.00"
"532";"USTEC_ICM_UTC2";"Buy";"7880.5";"7963.0";"2019.07.22 18:00:00";"2019.07.23 23:09:00";"30.0";"2291.88";"7798.00000";"7963.00000";"-47182.73";"0.00";"IST";"PT";"1d 5h 9m";"-183.12"
"533";"USTEC_ICM_UTC2";"Buy";"7960.0";"8022.1";"2019.07.24 17:15:00";"2019.07.26 22:55:00";"30.0";"1496.76";"7877.50000";"8042.50000";"-45685.97";"0.00";"IST";"End Of Friday (Time)";"2d 5h 40m";"-366.24"
"534";"USTEC_ICM_UTC2";"Buy";"7960.1";"7877.6";"2019.07.29 18:00:00";"2019.07.31 21:45:00";"30.0";"-2841.24";"7877.60010";"8042.60010";"-48527.21";"0.00";"IST";"SL";"2d 3h 45m";"-366.24"
"535";"USTEC_ICM_UTC2";"Buy";"7854.6";"7937.1";"2019.07.31 22:00:00";"2019.08.01 17:18:00";"30.0";"2291.88";"7772.10010";"7937.10010";"-46235.33";"0.00";"IST";"PT";"19h 18m";"-183.12"
"536";"USTEC_ICM_UTC2";"Buy";"7985.3";"7902.8";"2019.08.01 18:00:00";"2019.08.01 20:34:00";"30.0";"-2475.00";"7902.79980";"8067.79980";"-48710.33";"0.00";"IST";"SL";"2h 34m";"-0.00"
"537";"USTEC_ICM_UTC2";"Buy";"7692.1";"7679.5";"2019.08.02 17:30:00";"2019.08.02 22:55:00";"30.0";"-378.00";"7609.60010";"7774.60010";"-49088.33";"0.00";"IST";"End Of Friday (Time)";"5h 25m";"-0.00"
"538";"USTEC_ICM_UTC2";"Buy";"7476.2";"7393.7";"2019.08.05 18:00:00";"2019.08.05 21:25:00";"30.0";"-2475.00";"7393.70020";"7558.70020";"-51563.33";"0.00";"IST";"SL";"3h 25m";"-0.00"
"539";"USTEC_ICM_UTC2";"Buy";"7472.2";"7554.7";"2019.08.06 19:00:00";"2019.08.07 12:42:00";"30.0";"2291.88";"7389.70020";"7554.70020";"-49271.45";"0.00";"IST";"PT";"17h 42m";"-183.12"
"540";"USTEC_ICM_UTC2";"Buy";"7461.9";"7544.4";"2019.08.07 17:15:00";"2019.08.07 21:44:00";"30.0";"2475.00";"7379.39990";"7544.39990";"-46796.45";"0.00";"IST";"PT";"4h 29m";"-0.00"
"541";"USTEC_ICM_UTC2";"Buy";"7695.1";"7612.6";"2019.08.08 20:00:00";"2019.08.09 18:26:00";"30.0";"-2658.12";"7612.60010";"7777.60010";"-49454.57";"0.00";"IST";"SL";"22h 26m";"-183.12"
"542";"USTEC_ICM_UTC2";"Buy";"7598.0";"7680.5";"2019.08.09 18:30:00";"2019.08.09 20:31:00";"30.0";"2475.00";"7515.50000";"7680.50000";"-46979.57";"0.00";"IST";"PT";"2h 1m";"-0.00"
"543";"USTEC_ICM_UTC2";"Buy";"7603.4";"7520.9";"2019.08.12 16:30:00";"2019.08.13 12:23:00";"30.0";"-2658.12";"7520.89990";"7685.89990";"-49637.69";"0.00";"IST";"SL";"19h 53m";"-183.12"
"544";"USTEC_ICM_UTC2";"Buy";"7558.5";"7641.0";"2019.08.13 16:30:00";"2019.08.13 16:45:00";"30.0";"2475.00";"7476.00000";"7641.00000";"-47162.69";"0.00";"IST";"PT";"15m 0s";"-0.00"
"545";"USTEC_ICM_UTC2";"Buy";"7596.4";"7513.9";"2019.08.14 16:30:00";"2019.08.14 18:46:00";"30.0";"-2475.00";"7513.89990";"7678.89990";"-49637.69";"0.00";"IST";"SL";"2h 16m";"-0.00"
"546";"USTEC_ICM_UTC2";"Buy";"7505.4";"7587.9";"2019.08.15 16:30:00";"2019.08.16 12:07:00";"30.0";"2291.88";"7422.89990";"7587.89990";"-47345.81";"0.00";"IST";"PT";"19h 37m";"-183.12"
"547";"USTEC_ICM_UTC2";"Buy";"7599.0";"7609.9";"2019.08.16 19:00:00";"2019.08.16 22:55:00";"30.0";"327.00";"7516.50000";"7681.50000";"-47018.81";"0.00";"IST";"End Of Friday (Time)";"3h 55m";"-0.00"
"548";"USTEC_ICM_UTC2";"Buy";"7717.0";"7634.5";"2019.08.19 18:00:00";"2019.08.23 15:26:00";"30.0";"-3207.48";"7634.50000";"7799.50000";"-50226.29";"0.00";"IST";"SL";"3d 21h 26m";"-732.48"
"549";"USTEC_ICM_UTC2";"Buy";"7655.9";"7573.4";"2019.08.23 16:30:00";"2019.08.23 18:09:00";"30.0";"-2475.00";"7573.39990";"7738.39990";"-52701.29";"0.00";"IST";"SL";"1h 39m";"-0.00"
"550";"USTEC_ICM_UTC2";"Buy";"7550.0";"7632.5";"2019.08.26 16:30:00";"2019.08.27 16:06:00";"30.0";"2291.88";"7467.50000";"7632.50000";"-50409.41";"0.00";"IST";"PT";"23h 36m";"-183.12"
"551";"USTEC_ICM_UTC2";"Buy";"7580.9";"7498.4";"2019.08.27 18:45:00";"2019.08.28 16:39:00";"30.0";"-2658.12";"7498.39990";"7663.39990";"-53067.53";"0.00";"IST";"SL";"21h 54m";"-183.12"
"552";"USTEC_ICM_UTC2";"Buy";"7526.0";"7608.5";"2019.08.28 16:45:00";"2019.08.29 10:13:00";"30.0";"2291.88";"7443.50000";"7608.50000";"-50775.65";"0.00";"IST";"PT";"17h 28m";"-183.12"
"553";"USTEC_ICM_UTC2";"Buy";"7678.3";"7760.8";"2019.08.29 16:30:00";"2019.08.30 12:58:00";"30.0";"2291.88";"7595.79980";"7760.79980";"-48483.77";"0.00";"IST";"PT";"20h 28m";"-183.12"
"554";"USTEC_ICM_UTC2";"Buy";"7656.0";"7675.8";"2019.08.30 18:30:00";"2019.08.30 22:55:00";"30.0";"594.00";"7573.50000";"7738.50000";"-47889.77";"0.00";"IST";"End Of Friday (Time)";"4h 25m";"-0.00"
"555";"USTEC_ICM_UTC2";"Buy";"7632.7";"7715.2";"2019.09.03 16:30:00";"2019.09.04 10:34:00";"30.0";"2291.88";"7550.20020";"7715.20020";"-45597.89";"0.00";"IST";"PT";"18h 4m";"-183.12"
"556";"USTEC_ICM_UTC2";"Buy";"7857.6";"7852.9";"2019.09.05 18:30:00";"2019.09.06 22:55:00";"30.0";"-324.12";"7775.10010";"7940.10010";"-45922.01";"0.00";"IST";"End Of Friday (Time)";"1d 4h 25m";"-183.12"
"557";"USTEC_ICM_UTC2";"Buy";"7861.0";"7778.5";"2019.09.09 18:45:00";"2019.09.10 11:16:00";"30.0";"-2658.12";"7778.50000";"7943.50000";"-48580.13";"0.00";"IST";"SL";"16h 31m";"-183.12"
"558";"USTEC_ICM_UTC2";"Buy";"7792.9";"7875.4";"2019.09.10 16:30:00";"2019.09.11 18:54:00";"30.0";"2291.88";"7710.39990";"7875.39990";"-46288.25";"0.00";"IST";"PT";"1d 2h 24m";"-183.12"
"559";"USTEC_ICM_UTC2";"Buy";"7875.8";"7958.3";"2019.09.11 19:00:00";"2019.09.12 17:10:00";"30.0";"2291.88";"7793.29980";"7958.29980";"-43996.37";"0.00";"IST";"PT";"22h 10m";"-183.12"
"560";"USTEC_ICM_UTC2";"Buy";"7949.6";"7895.0";"2019.09.12 17:15:00";"2019.09.13 22:55:00";"30.0";"-1821.12";"7867.10010";"8032.10010";"-45817.49";"0.00";"IST";"End Of Friday (Time)";"1d 5h 40m";"-183.12"
"561";"USTEC_ICM_UTC2";"Buy";"7845.6";"7928.1";"2019.09.16 18:00:00";"2019.09.19 16:36:00";"30.0";"1925.64";"7763.10010";"7928.10010";"-43891.85";"0.00";"IST";"PT";"2d 22h 36m";"-549.36"
"562";"USTEC_ICM_UTC2";"Buy";"7938.5";"7856.0";"2019.09.19 17:15:00";"2019.09.20 19:37:00";"30.0";"-2658.12";"7856.00000";"8021.00000";"-46549.97";"0.00";"IST";"SL";"1d 2h 22m";"-183.12"
"563";"USTEC_ICM_UTC2";"Buy";"7864.1";"7829.9";"2019.09.20 19:45:00";"2019.09.20 22:55:00";"30.0";"-1026.00";"7781.60010";"7946.60010";"-47575.97";"0.00";"IST";"End Of Friday (Time)";"3h 10m";"-0.00"
"564";"USTEC_ICM_UTC2";"Buy";"7799.9";"7717.4";"2019.09.23 18:00:00";"2019.09.24 19:23:00";"30.0";"-2658.12";"7717.39990";"7882.39990";"-50234.09";"0.00";"IST";"SL";"1d 1h 23m";"-183.12"
"565";"USTEC_ICM_UTC2";"Buy";"7728.6";"7646.1";"2019.09.24 19:30:00";"2019.09.25 17:01:00";"30.0";"-2658.12";"7646.10010";"7811.10010";"-52892.21";"0.00";"IST";"SL";"21h 31m";"-183.12"
"566";"USTEC_ICM_UTC2";"Buy";"7743.4";"7660.9";"2019.09.25 18:15:00";"2019.09.27 21:11:00";"30.0";"-2841.24";"7660.89990";"7825.89990";"-55733.45";"0.00";"IST";"SL";"2d 2h 56m";"-366.24"
"567";"USTEC_ICM_UTC2";"Buy";"7665.7";"7677.7";"2019.09.27 21:15:00";"2019.09.27 22:55:00";"30.0";"360.00";"7583.20020";"7748.20020";"-55373.45";"0.00";"IST";"End Of Friday (Time)";"1h 40m";"-0.00"
"568";"USTEC_ICM_UTC2";"Buy";"7738.3";"7820.8";"2019.09.30 18:30:00";"2019.10.01 16:48:00";"30.0";"2291.88";"7655.79980";"7820.79980";"-53081.57";"0.00";"IST";"PT";"22h 18m";"-183.12"
"569";"USTEC_ICM_UTC2";"Buy";"7729.4";"7646.9";"2019.10.01 18:00:00";"2019.10.02 10:22:00";"30.0";"-2658.12";"7646.89990";"7811.89990";"-55739.69";"0.00";"IST";"SL";"16h 22m";"-183.12"
"570";"USTEC_ICM_UTC2";"Buy";"7635.2";"7552.7";"2019.10.02 16:30:00";"2019.10.02 17:41:00";"30.0";"-2475.00";"7552.70020";"7717.70020";"-58214.69";"0.00";"IST";"SL";"1h 11m";"-0.00"
"571";"USTEC_ICM_UTC2";"Buy";"7539.3";"7621.8";"2019.10.03 18:00:00";"2019.10.03 19:48:00";"30.0";"2475.00";"7456.79980";"7621.79980";"-55739.69";"0.00";"IST";"PT";"1h 48m";"-0.00"
"572";"USTEC_ICM_UTC2";"Buy";"7705.3";"7754.1";"2019.10.04 17:00:00";"2019.10.04 22:55:00";"30.0";"1464.00";"7622.79980";"7787.79980";"-54275.69";"0.00";"IST";"End Of Friday (Time)";"5h 55m";"-0.00"
"573";"USTEC_ICM_UTC2";"Buy";"7760.0";"7677.5";"2019.10.07 18:30:00";"2019.10.08 13:20:00";"30.0";"-2658.12";"7677.50000";"7842.50000";"-56933.81";"0.00";"IST";"SL";"18h 50m";"-183.12"
"574";"USTEC_ICM_UTC2";"Buy";"7672.7";"7590.2";"2019.10.08 16:30:00";"2019.10.10 01:27:00";"30.0";"-2841.24";"7590.20020";"7755.20020";"-59775.05";"0.00";"IST";"SL";"1d 8h 57m";"-366.24"
"575";"USTEC_ICM_UTC2";"Buy";"7754.1";"7836.6";"2019.10.10 19:15:00";"2019.10.11 12:04:00";"30.0";"2291.88";"7671.60010";"7836.60010";"-57483.17";"0.00";"IST";"PT";"16h 49m";"-183.12"
"576";"USTEC_ICM_UTC2";"Buy";"7864.8";"7853.3";"2019.10.11 20:15:00";"2019.10.11 22:55:00";"30.0";"-345.00";"7782.29980";"7947.29980";"-57828.17";"0.00";"IST";"End Of Friday (Time)";"2h 40m";"-0.00"
"577";"USTEC_ICM_UTC2";"Buy";"7865.2";"7947.7";"2019.10.14 18:00:00";"2019.10.15 20:21:00";"30.0";"2291.88";"7782.70020";"7947.70020";"-55536.29";"0.00";"IST";"PT";"1d 2h 21m";"-183.12"
"578";"USTEC_ICM_UTC2";"Buy";"7944.9";"7862.4";"2019.10.15 20:30:00";"2019.10.18 18:57:00";"30.0";"-3024.36";"7862.39990";"8027.39990";"-58560.65";"0.00";"IST";"SL";"2d 22h 27m";"-549.36"
"579";"USTEC_ICM_UTC2";"Buy";"7857.9";"7886.0";"2019.10.18 19:00:00";"2019.10.18 22:55:00";"30.0";"843.00";"7775.39990";"7940.39990";"-57717.65";"0.00";"IST";"End Of Friday (Time)";"3h 55m";"-0.00"
"580";"USTEC_ICM_UTC2";"Buy";"7927.3";"7844.8";"2019.10.21 18:15:00";"2019.10.22 23:02:00";"30.0";"-2658.12";"7844.79980";"8009.79980";"-60375.77";"0.00";"IST";"SL";"1d 4h 47m";"-183.12"
"581";"USTEC_ICM_UTC2";"Buy";"7853.9";"7936.4";"2019.10.23 16:30:00";"2019.10.24 14:22:00";"30.0";"2291.88";"7771.39990";"7936.39990";"-58083.89";"0.00";"IST";"PT";"21h 52m";"-183.12"
"582";"USTEC_ICM_UTC2";"Buy";"7946.8";"8029.3";"2019.10.24 18:15:00";"2019.10.25 18:25:00";"30.0";"2291.88";"7864.29980";"8029.29980";"-55792.01";"0.00";"IST";"PT";"1d 0h 10m";"-183.12"
"583";"USTEC_ICM_UTC2";"Buy";"8026.7";"8022.3";"2019.10.25 18:30:00";"2019.10.25 22:55:00";"30.0";"-132.00";"7944.20020";"8109.20020";"-55924.01";"0.00";"IST";"End Of Friday (Time)";"4h 25m";"-0.00"
"584";"USTEC_ICM_UTC2";"Buy";"8093.7";"8176.2";"2019.10.28 17:00:00";"2019.11.04 03:36:00";"30.0";"1193.16";"8011.20020";"8176.20020";"-54730.85";"0.00";"IST";"PT";"6d 10h 36m";"-1281.84"
"585";"USTEC_ICM_UTC2";"Buy";"8205.4";"8248.4";"2019.11.04 18:00:00";"2019.11.08 22:55:00";"30.0";"557.52";"8122.89990";"8287.90039";"-54173.33";"0.00";"IST";"End Of Friday (Time)";"4d 4h 55m";"-732.48"
"586";"USTEC_ICM_UTC2";"Buy";"8232.1";"8314.6";"2019.11.11 18:15:00";"2019.11.15 18:05:00";"30.0";"1742.52";"8149.60010";"8314.59961";"-52430.81";"0.00";"IST";"PT";"3d 23h 50m";"-732.48"
"587";"USTEC_ICM_UTC2";"Buy";"8312.4";"8307.9";"2019.11.15 18:15:00";"2019.11.15 22:55:00";"30.0";"-135.00";"8229.90039";"8394.90039";"-52565.81";"0.00";"IST";"End Of Friday (Time)";"4h 40m";"-0.00"
"588";"USTEC_ICM_UTC2";"Buy";"8275.4";"8357.9";"2019.11.18 16:45:00";"2019.11.19 11:44:00";"30.0";"2291.88";"8192.90039";"8357.90039";"-50273.93";"0.00";"IST";"PT";"18h 59m";"-183.12"
"589";"USTEC_ICM_UTC2";"Buy";"8333.8";"8251.3";"2019.11.19 18:30:00";"2019.11.20 19:58:00";"30.0";"-2658.12";"8251.29980";"8416.29980";"-52932.05";"0.00";"IST";"SL";"1d 1h 28m";"-183.12"
"590";"USTEC_ICM_UTC2";"Buy";"8271.3";"8264.7";"2019.11.20 20:00:00";"2019.11.22 22:55:00";"30.0";"-564.24";"8188.79980";"8353.79980";"-53496.29";"0.00";"IST";"End Of Friday (Time)";"2d 2h 55m";"-366.24"
"591";"USTEC_ICM_UTC2";"Buy";"8361.5";"8444.0";"2019.11.25 18:15:00";"2019.11.27 22:59:00";"30.0";"2108.76";"8279.00000";"8444.00000";"-51387.53";"0.00";"IST";"PT";"2d 4h 44m";"-366.24"
"592";"USTEC_ICM_UTC2";"Buy";"8424.4";"8341.9";"2019.11.29 16:30:00";"2019.12.02 16:58:00";"30.0";"-3024.36";"8341.90039";"8506.90039";"-54411.89";"0.00";"IST";"SL";"3d 0h 28m";"-549.36"
"593";"USTEC_ICM_UTC2";"Buy";"8338.7";"8256.2";"2019.12.02 17:00:00";"2019.12.03 14:49:00";"30.0";"-2658.12";"8256.20020";"8421.20020";"-57070.01";"0.00";"IST";"SL";"21h 49m";"-183.12"
"594";"USTEC_ICM_UTC2";"Buy";"8207.6";"8290.1";"2019.12.03 16:30:00";"2019.12.04 11:08:00";"30.0";"2291.88";"8125.10010";"8290.09961";"-54778.13";"0.00";"IST";"PT";"18h 38m";"-183.12"
"595";"USTEC_ICM_UTC2";"Buy";"8298.9";"8381.4";"2019.12.04 16:45:00";"2019.12.06 16:45:00";"30.0";"2108.76";"8216.40039";"8381.40039";"-52669.37";"0.00";"IST";"PT";"2d 0h 0m";"-366.24"
"596";"USTEC_ICM_UTC2";"Buy";"8383.9";"8396.3";"2019.12.06 17:00:00";"2019.12.06 22:55:00";"30.0";"371.97";"8301.40039";"8466.40039";"-52297.40";"0.00";"IST";"End Of Friday (Time)";"5h 55m";"-0.00"
"597";"USTEC_ICM_UTC2";"Buy";"8411.6";"8329.1";"2019.12.09 18:00:00";"2019.12.10 10:52:00";"30.0";"-2658.12";"8329.09961";"8494.09961";"-54955.52";"0.00";"IST";"SL";"16h 52m";"-183.12"
"598";"USTEC_ICM_UTC2";"Buy";"8364.1";"8446.6";"2019.12.10 16:30:00";"2019.12.12 16:39:00";"30.0";"2108.76";"8281.59961";"8446.59961";"-52846.76";"0.00";"IST";"PT";"2d 0h 9m";"-366.24"
"599";"USTEC_ICM_UTC2";"Buy";"8445.2";"8486.2";"2019.12.12 16:45:00";"2019.12.13 22:55:00";"30.0";"1046.88";"8362.70020";"8527.70020";"-51799.88";"0.00";"IST";"End Of Friday (Time)";"1d 6h 10m";"-183.12"
"600";"USTEC_ICM_UTC2";"Buy";"8584.9";"8667.4";"2019.12.17 16:30:00";"2019.12.20 16:15:00";"30.0";"1925.64";"8502.40039";"8667.40039";"-49874.24";"0.00";"IST";"PT";"2d 23h 45m";"-549.36"
"601";"USTEC_ICM_UTC2";"Buy";"8657.5";"8679.3";"2019.12.20 17:00:00";"2019.12.20 22:55:00";"30.0";"654.00";"8575.00000";"8740.00000";"-49220.24";"0.00";"IST";"End Of Friday (Time)";"5h 55m";"-0.00"
"602";"USTEC_ICM_UTC2";"Buy";"8697.0";"8779.5";"2019.12.23 17:15:00";"2019.12.27 01:17:00";"30.0";"1742.52";"8614.50000";"8779.50000";"-47477.72";"0.00";"IST";"PT";"3d 8h 2m";"-732.48"
"603";"USTEC_ICM_UTC2";"Buy";"8806.4";"8762.6";"2019.12.27 16:30:00";"2019.12.27 22:55:00";"30.0";"-1314.03";"8723.90039";"8888.90039";"-48791.75";"0.00";"IST";"End Of Friday (Time)";"6h 25m";"-0.00"
"604";"USTEC_ICM_UTC2";"Buy";"8700.9";"8783.4";"2019.12.30 17:45:00";"2020.01.02 10:52:00";"30.0";"1925.64";"8618.40039";"8783.40039";"-46866.11";"0.00";"IST";"PT";"2d 17h 7m";"-549.36"
"605";"USTEC_ICM_UTC2";"Buy";"8806.9";"8724.4";"2020.01.02 18:00:00";"2020.01.03 12:56:00";"30.0";"-2658.12";"8724.40039";"8889.40039";"-49524.23";"0.00";"IST";"SL";"18h 56m";"-183.12"
"606";"USTEC_ICM_UTC2";"Buy";"8753.1";"8835.6";"2020.01.03 16:30:00";"2020.01.03 19:06:00";"30.0";"2475.00";"8670.59961";"8835.59961";"-47049.23";"0.00";"IST";"PT";"2h 36m";"-0.00"
"607";"USTEC_ICM_UTC2";"Buy";"8808.6";"8726.1";"2020.01.06 18:00:00";"2020.01.08 01:40:00";"30.0";"-2841.24";"8726.09961";"8891.09961";"-49890.47";"0.00";"IST";"SL";"1d 7h 40m";"-366.24"
"608";"USTEC_ICM_UTC2";"Buy";"8917.9";"9000.4";"2020.01.08 19:45:00";"2020.01.09 16:38:00";"30.0";"2291.88";"8835.40039";"9000.40039";"-47598.59";"0.00";"IST";"PT";"20h 53m";"-183.12"
"609";"USTEC_ICM_UTC2";"Buy";"8969.5";"8966.9";"2020.01.09 20:15:00";"2020.01.10 22:55:00";"30.0";"-261.12";"8887.00000";"9052.00000";"-47859.71";"0.00";"IST";"End Of Friday (Time)";"1d 2h 40m";"-183.12"
"610";"USTEC_ICM_UTC2";"Buy";"9021.2";"9103.7";"2020.01.13 18:15:00";"2020.01.16 22:35:00";"30.0";"1925.64";"8938.70020";"9103.70020";"-45934.07";"0.00";"IST";"PT";"3d 4h 20m";"-549.36"
"611";"USTEC_ICM_UTC2";"Buy";"9111.0";"9171.5";"2020.01.16 22:45:00";"2020.01.17 22:55:00";"30.0";"1631.88";"9028.50000";"9193.50000";"-44302.19";"0.00";"IST";"End Of Friday (Time)";"1d 0h 10m";"-183.12"
"612";"USTEC_ICM_UTC2";"Buy";"9141.5";"9224.0";"2020.01.21 16:30:00";"2020.01.22 14:11:00";"30.0";"2291.88";"9059.00000";"9224.00000";"-42010.31";"0.00";"IST";"PT";"21h 41m";"-183.12"
"613";"USTEC_ICM_UTC2";"Buy";"9226.9";"9144.4";"2020.01.22 18:00:00";"2020.01.23 16:35:00";"30.0";"-2658.12";"9144.40039";"9309.40039";"-44668.43";"0.00";"IST";"SL";"22h 35m";"-183.12"
"614";"USTEC_ICM_UTC2";"Buy";"9179.3";"9261.8";"2020.01.23 18:00:00";"2020.01.24 10:07:00";"30.0";"2291.88";"9096.79980";"9261.79980";"-42376.55";"0.00";"IST";"PT";"16h 7m";"-183.12"
"615";"USTEC_ICM_UTC2";"Buy";"9206.1";"9123.6";"2020.01.24 18:45:00";"2020.01.24 20:52:00";"30.0";"-2475.00";"9123.59961";"9288.59961";"-44851.55";"0.00";"IST";"SL";"2h 7m";"-0.00"
"616";"USTEC_ICM_UTC2";"Buy";"8936.6";"9019.1";"2020.01.27 16:30:00";"2020.01.28 08:23:00";"30.0";"2291.88";"8854.09961";"9019.09961";"-42559.67";"0.00";"IST";"PT";"15h 53m";"-183.12"
"617";"USTEC_ICM_UTC2";"Buy";"9063.4";"9145.9";"2020.01.28 18:15:00";"2020.01.29 13:59:00";"30.0";"2291.88";"8980.90039";"9145.90039";"-40267.79";"0.00";"IST";"PT";"19h 44m";"-183.12"
"618";"USTEC_ICM_UTC2";"Buy";"9111.8";"9029.3";"2020.01.29 18:15:00";"2020.01.30 09:00:00";"30.0";"-2658.12";"9029.29980";"9194.29980";"-42925.91";"0.00";"IST";"SL";"14h 45m";"-183.12"
"619";"USTEC_ICM_UTC2";"Buy";"9043.7";"9126.2";"2020.01.30 16:30:00";"2020.01.30 22:47:00";"30.0";"2475.00";"8961.20020";"9126.20020";"-40450.91";"0.00";"IST";"PT";"6h 17m";"-0.00"
"620";"USTEC_ICM_UTC2";"Buy";"9057.6";"8975.1";"2020.01.31 18:00:00";"2020.01.31 22:37:00";"30.0";"-2475.00";"8975.09961";"9140.09961";"-42925.91";"0.00";"IST";"SL";"4h 37m";"-0.00"
"621";"USTEC_ICM_UTC2";"Buy";"9107.8";"9190.3";"2020.02.03 18:45:00";"2020.02.04 10:08:00";"30.0";"2291.88";"9025.29980";"9190.29980";"-40634.03";"0.00";"IST";"PT";"15h 23m";"-183.12"
"622";"USTEC_ICM_UTC2";"Buy";"9314.3";"9396.8";"2020.02.04 18:45:00";"2020.02.05 10:37:00";"30.0";"2291.88";"9231.79980";"9396.79980";"-38342.15";"0.00";"IST";"PT";"15h 52m";"-183.12"
"623";"USTEC_ICM_UTC2";"Buy";"9449.2";"9366.7";"2020.02.05 16:30:00";"2020.02.05 16:43:00";"30.0";"-2475.00";"9366.70020";"9531.70020";"-40817.15";"0.00";"IST";"SL";"13m 0s";"-0.00"
"624";"USTEC_ICM_UTC2";"Buy";"9410.7";"9394.0";"2020.02.06 18:00:00";"2020.02.07 22:55:00";"30.0";"-684.12";"9328.20020";"9493.20020";"-41501.27";"0.00";"IST";"End Of Friday (Time)";"1d 4h 55m";"-183.12"
"625";"USTEC_ICM_UTC2";"Buy";"9450.5";"9533.0";"2020.02.10 18:00:00";"2020.02.11 02:43:00";"30.0";"2291.88";"9368.00000";"9533.00000";"-39209.39";"0.00";"IST";"PT";"8h 43m";"-183.12"
"626";"USTEC_ICM_UTC2";"Buy";"9590.9";"9508.4";"2020.02.11 18:15:00";"2020.02.11 22:09:00";"30.0";"-2475.00";"9508.40039";"9673.40039";"-41684.39";"0.00";"IST";"SL";"3h 54m";"-0.00"
"627";"USTEC_ICM_UTC2";"Buy";"9596.9";"9514.4";"2020.02.12 18:30:00";"2020.02.13 12:09:00";"30.0";"-2658.12";"9514.40039";"9679.40039";"-44342.51";"0.00";"IST";"SL";"17h 39m";"-183.12"
"628";"USTEC_ICM_UTC2";"Buy";"9539.8";"9622.3";"2020.02.13 16:30:00";"2020.02.13 20:42:00";"30.0";"2475.00";"9457.29980";"9622.29980";"-41867.51";"0.00";"IST";"PT";"4h 12m";"-0.00"
"629";"USTEC_ICM_UTC2";"Buy";"9624.1";"9618.1";"2020.02.14 18:30:00";"2020.02.14 22:55:00";"30.0";"-180.00";"9541.59961";"9706.59961";"-42047.51";"0.00";"IST";"End Of Friday (Time)";"4h 25m";"-0.00"
"630";"USTEC_ICM_UTC2";"Buy";"9574.8";"9657.3";"2020.02.18 16:30:00";"2020.02.19 02:01:00";"30.0";"2291.88";"9492.29980";"9657.29980";"-39755.63";"0.00";"IST";"PT";"9h 31m";"-183.12"
"631";"USTEC_ICM_UTC2";"Buy";"9722.3";"9639.8";"2020.02.19 18:15:00";"2020.02.20 18:16:00";"30.0";"-2658.12";"9639.79980";"9804.79980";"-42413.75";"0.00";"IST";"SL";"1d 0h 1m";"-183.12"
"632";"USTEC_ICM_UTC2";"Buy";"9596.3";"9513.8";"2020.02.20 18:30:00";"2020.02.20 18:32:00";"30.0";"-2475.00";"9513.79980";"9678.79980";"-44888.75";"0.00";"IST";"SL";"2m 0s";"-0.00"
"633";"USTEC_ICM_UTC2";"Buy";"9499.3";"9416.8";"2020.02.21 18:00:00";"2020.02.21 20:52:00";"30.0";"-2475.00";"9416.79980";"9581.79980";"-47363.75";"0.00";"IST";"SL";"2h 52m";"-0.00"
"634";"USTEC_ICM_UTC2";"Buy";"9094.2";"9176.7";"2020.02.24 16:30:00";"2020.02.24 16:46:00";"30.0";"2475.00";"9011.70020";"9176.70020";"-44888.75";"0.00";"IST";"PT";"16m 0s";"-0.00"
"635";"USTEC_ICM_UTC2";"Buy";"9020.9";"8938.4";"2020.02.25 18:00:00";"2020.02.25 18:18:00";"30.0";"-2475.00";"8938.40039";"9103.40039";"-47363.75";"0.00";"IST";"SL";"18m 0s";"-0.00"
"636";"USTEC_ICM_UTC2";"Buy";"8884.0";"8966.5";"2020.02.26 16:30:00";"2020.02.26 16:40:00";"30.0";"2475.00";"8801.50000";"8966.50000";"-44888.75";"0.00";"IST";"PT";"10m 0s";"-0.00"
"637";"USTEC_ICM_UTC2";"Buy";"8661.4";"8743.9";"2020.02.27 18:00:00";"2020.02.27 19:15:00";"30.0";"2475.00";"8578.90039";"8743.90039";"-42413.75";"0.00";"IST";"PT";"1h 15m";"-0.00"
"638";"USTEC_ICM_UTC2";"Buy";"8152.6";"8235.1";"2020.02.28 16:30:00";"2020.02.28 16:31:00";"30.0";"2475.00";"8070.10010";"8235.09961";"-39938.75";"0.00";"IST";"PT";"1m 0s";"-0.00"
"639";"USTEC_ICM_UTC2";"Buy";"8682.3";"8599.8";"2020.03.02 18:45:00";"2020.03.02 21:40:00";"30.0";"-2475.00";"8599.79980";"8764.79980";"-42413.75";"0.00";"IST";"SL";"2h 55m";"-0.00"
"640";"USTEC_ICM_UTC2";"Buy";"8791.9";"8709.4";"2020.03.03 18:15:00";"2020.03.03 18:26:00";"30.0";"-2475.00";"8709.40039";"8874.40039";"-44888.75";"0.00";"IST";"SL";"11m 0s";"-0.00"
"641";"USTEC_ICM_UTC2";"Buy";"8818.7";"8901.2";"2020.03.04 20:00:00";"2020.03.04 22:38:00";"30.0";"2475.00";"8736.20020";"8901.20020";"-42413.75";"0.00";"IST";"PT";"2h 38m";"-0.00"
"642";"USTEC_ICM_UTC2";"Buy";"8797.1";"8714.6";"2020.03.05 18:00:00";"2020.03.05 19:41:00";"30.0";"-2475.00";"8714.59961";"8879.59961";"-44888.75";"0.00";"IST";"SL";"1h 41m";"-0.00"
"643";"USTEC_ICM_UTC2";"Buy";"8386.8";"8469.3";"2020.03.06 16:30:00";"2020.03.06 17:16:00";"30.0";"2475.00";"8304.29980";"8469.29980";"-42413.75";"0.00";"IST";"PT";"46m 0s";"-0.00"
"644";"USTEC_ICM_UTC2";"Buy";"8097.0";"8179.5";"2020.03.09 17:15:00";"2020.03.09 17:37:00";"30.0";"2475.00";"8014.50000";"8179.50000";"-39938.75";"0.00";"IST";"PT";"22m 0s";"-0.00"
"645";"USTEC_ICM_UTC2";"Buy";"8027.3";"8109.8";"2020.03.10 17:45:00";"2020.03.10 18:12:00";"30.0";"2475.00";"7944.79980";"8109.79980";"-37463.75";"0.00";"IST";"PT";"27m 0s";"-0.00"
"646";"USTEC_ICM_UTC2";"Buy";"8081.4";"8163.9";"2020.03.11 17:30:00";"2020.03.11 18:18:00";"30.0";"2475.00";"7998.89990";"8163.89990";"-34988.75";"0.00";"IST";"PT";"48m 0s";"-0.00"
"647";"USTEC_ICM_UTC2";"Buy";"7478.0";"7395.5";"2020.03.12 17:15:00";"2020.03.12 17:50:00";"30.0";"-2475.00";"7395.50000";"7560.50000";"-37463.75";"0.00";"IST";"SL";"35m 0s";"-0.00"
"648";"USTEC_ICM_UTC2";"Buy";"7446.7";"7364.2";"2020.03.13 17:00:00";"2020.03.13 17:33:00";"30.0";"-2475.00";"7364.20020";"7529.20020";"-39938.75";"0.00";"IST";"SL";"33m 0s";"-0.00"
"649";"USTEC_ICM_UTC2";"Buy";"7268.5";"7351.0";"2020.03.16 16:30:00";"2020.03.16 16:33:00";"30.0";"2475.00";"7186.00000";"7351.00000";"-37463.75";"0.00";"IST";"PT";"3m 0s";"-0.00"
"650";"USTEC_ICM_UTC2";"Buy";"7351.8";"7434.3";"2020.03.17 17:45:00";"2020.03.17 18:00:00";"30.0";"2475.00";"7269.29980";"7434.29980";"-34988.75";"0.00";"IST";"PT";"15m 0s";"-0.00"
"651";"USTEC_ICM_UTC2";"Buy";"7050.2";"6967.7";"2020.03.18 21:00:00";"2020.03.18 21:03:00";"30.0";"-2475.00";"6967.70020";"7132.70020";"-37463.75";"0.00";"IST";"SL";"3m 0s";"-0.00"
"652";"USTEC_ICM_UTC2";"Buy";"7339.9";"7257.4";"2020.03.19 18:00:00";"2020.03.19 18:25:00";"30.0";"-2475.00";"7257.39990";"7422.39990";"-39938.75";"0.00";"IST";"SL";"25m 0s";"-0.00"
"653";"USTEC_ICM_UTC2";"Buy";"7233.3";"7315.8";"2020.03.20 18:45:00";"2020.03.20 19:02:00";"30.0";"2475.00";"7150.79980";"7315.79980";"-37463.75";"0.00";"IST";"PT";"17m 0s";"-0.00"
"654";"USTEC_ICM_UTC2";"Buy";"7017.8";"6935.3";"2020.03.23 16:30:00";"2020.03.23 16:57:00";"30.0";"-2475.00";"6935.29980";"7100.29980";"-39938.75";"0.00";"IST";"SL";"27m 0s";"-0.00"
"655";"USTEC_ICM_UTC2";"Buy";"7458.6";"7541.1";"2020.03.25 16:30:00";"2020.03.25 17:08:00";"30.0";"2475.00";"7376.10010";"7541.10010";"-37463.75";"0.00";"IST";"PT";"38m 0s";"-0.00"
"656";"USTEC_ICM_UTC2";"Buy";"7681.1";"7763.6";"2020.03.26 17:15:00";"2020.03.26 17:34:00";"30.0";"2475.00";"7598.60010";"7763.60010";"-34988.75";"0.00";"IST";"PT";"19m 0s";"-0.00"
"657";"USTEC_ICM_UTC2";"Buy";"7629.7";"7712.2";"2020.03.27 17:00:00";"2020.03.27 17:17:00";"30.0";"2475.00";"7547.20020";"7712.20020";"-32513.75";"0.00";"IST";"PT";"17m 0s";"-0.00"
"658";"USTEC_ICM_UTC2";"Buy";"7841.9";"7924.4";"2020.03.30 19:30:00";"2020.03.31 04:02:00";"30.0";"2291.88";"7759.39990";"7924.39990";"-30221.87";"0.00";"IST";"PT";"8h 32m";"-183.12"
"659";"USTEC_ICM_UTC2";"Buy";"7963.8";"7881.3";"2020.03.31 18:15:00";"2020.03.31 19:26:00";"30.0";"-2475.00";"7881.29980";"8046.29980";"-32696.87";"0.00";"IST";"SL";"1h 11m";"-0.00"
"660";"USTEC_ICM_UTC2";"Buy";"7617.5";"7700.0";"2020.04.01 16:45:00";"2020.04.01 18:11:00";"30.0";"2475.00";"7535.00000";"7700.00000";"-30221.87";"0.00";"IST";"PT";"1h 26m";"-0.00"
"661";"USTEC_ICM_UTC2";"Buy";"7487.8";"7570.3";"2020.04.02 17:00:00";"2020.04.02 17:31:00";"30.0";"2475.00";"7405.29980";"7570.29980";"-27746.87";"0.00";"IST";"PT";"31m 0s";"-0.00"
"662";"USTEC_ICM_UTC2";"Buy";"7637.4";"7554.9";"2020.04.03 17:00:00";"2020.04.03 17:42:00";"30.0";"-2475.00";"7554.89990";"7719.89990";"-30221.87";"0.00";"IST";"SL";"42m 0s";"-0.00"
"663";"USTEC_ICM_UTC2";"Buy";"8292.6";"8210.1";"2020.04.07 16:30:00";"2020.04.07 17:06:00";"30.0";"-2475.00";"8210.09961";"8375.09961";"-32696.87";"0.00";"IST";"SL";"36m 0s";"-0.00"
"664";"USTEC_ICM_UTC2";"Buy";"8295.8";"8213.3";"2020.04.09 16:30:00";"2020.04.09 17:17:00";"30.0";"-2475.00";"8213.29980";"8378.29980";"-35171.88";"0.00";"IST";"SL";"47m 0s";"-0.00"
"665";"USTEC_ICM_UTC2";"Buy";"8209.2";"8291.7";"2020.04.13 18:45:00";"2020.04.13 22:20:00";"30.0";"2475.00";"8126.70020";"8291.70020";"-32696.87";"0.00";"IST";"PT";"3h 35m";"-0.00"
"666";"USTEC_ICM_UTC2";"Buy";"8578.1";"8660.6";"2020.04.14 18:30:00";"2020.04.14 19:45:00";"30.0";"2475.00";"8495.59961";"8660.59961";"-30221.87";"0.00";"IST";"PT";"1h 15m";"-0.00"
"667";"USTEC_ICM_UTC2";"Buy";"8556.8";"8639.3";"2020.04.15 16:30:00";"2020.04.15 21:38:00";"30.0";"2475.00";"8474.29980";"8639.29980";"-27746.87";"0.00";"IST";"PT";"5h 8m";"-0.00"
"668";"USTEC_ICM_UTC2";"Buy";"8655.1";"8737.6";"2020.04.16 17:00:00";"2020.04.16 18:08:00";"30.0";"2475.00";"8572.59961";"8737.59961";"-25271.87";"0.00";"IST";"PT";"1h 8m";"-0.00"
"669";"USTEC_ICM_UTC2";"Buy";"8779.1";"8832.1";"2020.04.17 18:00:00";"2020.04.17 22:55:00";"30.0";"1590.00";"8696.59961";"8861.59961";"-23681.87";"0.00";"IST";"End Of Friday (Time)";"4h 55m";"-0.00"
"670";"USTEC_ICM_UTC2";"Buy";"8827.4";"8744.9";"2020.04.20 18:15:00";"2020.04.20 21:59:00";"30.0";"-2475.00";"8744.90039";"8909.90039";"-26156.87";"0.00";"IST";"SL";"3h 44m";"-0.00"
"671";"USTEC_ICM_UTC2";"Buy";"8407.5";"8490.0";"2020.04.21 18:00:00";"2020.04.21 21:06:00";"30.0";"2475.00";"8325.00000";"8490.00000";"-23681.87";"0.00";"IST";"PT";"3h 6m";"-0.00"
"672";"USTEC_ICM_UTC2";"Buy";"8763.5";"8681.0";"2020.04.23 18:15:00";"2020.04.23 19:45:00";"30.0";"-2475.00";"8681.00000";"8846.00000";"-26156.87";"0.00";"IST";"SL";"1h 30m";"-0.00"
"673";"USTEC_ICM_UTC2";"Buy";"8648.3";"8730.8";"2020.04.24 18:30:00";"2020.04.24 20:59:00";"30.0";"2475.00";"8565.79980";"8730.79980";"-23681.87";"0.00";"IST";"PT";"2h 29m";"-0.00"
"674";"USTEC_ICM_UTC2";"Buy";"8851.6";"8934.1";"2020.04.27 19:45:00";"2020.04.28 12:27:00";"30.0";"2291.88";"8769.09961";"8934.09961";"-21389.99";"0.00";"IST";"PT";"16h 42m";"-183.12"
"675";"USTEC_ICM_UTC2";"Buy";"8737.7";"8820.2";"2020.04.28 18:15:00";"2020.04.29 04:11:00";"30.0";"2291.88";"8655.20020";"8820.20020";"-19098.11";"0.00";"IST";"PT";"9h 56m";"-183.12"
"676";"USTEC_ICM_UTC2";"Buy";"8898.9";"8981.4";"2020.04.29 17:15:00";"2020.04.29 20:57:00";"30.0";"2475.00";"8816.40039";"8981.40039";"-16623.11";"0.00";"IST";"PT";"3h 42m";"-0.00"
"677";"USTEC_ICM_UTC2";"Buy";"9009.3";"8926.8";"2020.04.30 17:15:00";"2020.04.30 19:02:00";"30.0";"-2475.00";"8926.79980";"9091.79980";"-19098.11";"0.00";"IST";"SL";"1h 47m";"-0.00"
"678";"USTEC_ICM_UTC2";"Buy";"8796.1";"8713.6";"2020.05.01 18:30:00";"2020.05.01 19:02:00";"30.0";"-2475.00";"8713.59961";"8878.59961";"-21573.11";"0.00";"IST";"SL";"32m 0s";"-0.00"
"679";"USTEC_ICM_UTC2";"Buy";"8790.3";"8872.8";"2020.05.04 18:45:00";"2020.05.05 04:37:00";"30.0";"2291.88";"8707.79980";"8872.79980";"-19281.23";"0.00";"IST";"PT";"9h 52m";"-183.12"
"680";"USTEC_ICM_UTC2";"Buy";"8917.8";"9000.3";"2020.05.05 16:30:00";"2020.05.05 19:00:00";"30.0";"2475.00";"8835.29980";"9000.29980";"-16806.23";"0.00";"IST";"PT";"2h 30m";"-0.00"
"681";"USTEC_ICM_UTC2";"Buy";"9033.8";"8951.3";"2020.05.06 18:15:00";"2020.05.07 01:25:00";"30.0";"-2658.12";"8951.29980";"9116.29980";"-19464.35";"0.00";"IST";"SL";"7h 10m";"-183.12"
"682";"USTEC_ICM_UTC2";"Buy";"9084.8";"9167.3";"2020.05.07 18:30:00";"2020.05.08 03:00:00";"30.0";"2291.88";"9002.29980";"9167.29980";"-17172.47";"0.00";"IST";"PT";"8h 30m";"-183.12"
"683";"USTEC_ICM_UTC2";"Buy";"9182.4";"9221.3";"2020.05.08 18:00:00";"2020.05.08 22:55:00";"30.0";"1166.97";"9099.90039";"9264.90039";"-16005.50";"0.00";"IST";"End Of Friday (Time)";"4h 55m";"-0.00"
"684";"USTEC_ICM_UTC2";"Buy";"9164.6";"9247.1";"2020.05.11 16:30:00";"2020.05.11 17:06:00";"30.0";"2475.00";"9082.09961";"9247.09961";"-13530.50";"0.00";"IST";"PT";"36m 0s";"-0.00"
"685";"USTEC_ICM_UTC2";"Buy";"9319.3";"9236.8";"2020.05.12 18:00:00";"2020.05.12 22:19:00";"30.0";"-2475.00";"9236.79980";"9401.79980";"-16005.50";"0.00";"IST";"SL";"4h 19m";"-0.00"
"686";"USTEC_ICM_UTC2";"Buy";"9188.5";"9106.0";"2020.05.13 17:30:00";"2020.05.13 18:21:00";"30.0";"-2475.00";"9106.00000";"9271.00000";"-18480.50";"0.00";"IST";"SL";"51m 0s";"-0.00"
"687";"USTEC_ICM_UTC2";"Buy";"8912.4";"8994.9";"2020.05.14 18:00:00";"2020.05.14 20:01:00";"30.0";"2475.00";"8829.90039";"8994.90039";"-16005.50";"0.00";"IST";"PT";"2h 1m";"-0.00"
"688";"USTEC_ICM_UTC2";"Buy";"8972.1";"9054.6";"2020.05.15 16:30:00";"2020.05.15 17:11:00";"30.0";"2475.00";"8889.59961";"9054.59961";"-13530.50";"0.00";"IST";"PT";"41m 0s";"-0.00"
"689";"USTEC_ICM_UTC2";"Buy";"9337.1";"9419.6";"2020.05.18 18:30:00";"2020.05.19 09:59:00";"30.0";"2291.88";"9254.59961";"9419.59961";"-11238.63";"0.00";"IST";"PT";"15h 29m";"-183.12"
"690";"USTEC_ICM_UTC2";"Buy";"9334.4";"9416.9";"2020.05.19 16:30:00";"2020.05.19 21:06:00";"30.0";"2475.00";"9251.90039";"9416.90039";"-8763.63";"0.00";"IST";"PT";"4h 36m";"-0.00"
"691";"USTEC_ICM_UTC2";"Buy";"9460.9";"9378.4";"2020.05.20 21:00:00";"2020.05.21 18:17:00";"30.0";"-2658.12";"9378.40039";"9543.40039";"-11421.75";"0.00";"IST";"SL";"21h 17m";"-183.12"
"692";"USTEC_ICM_UTC2";"Buy";"9388.4";"9305.9";"2020.05.21 18:30:00";"2020.05.22 06:26:00";"30.0";"-2658.12";"9305.90039";"9470.90039";"-14079.87";"0.00";"IST";"SL";"11h 56m";"-183.12"
"693";"USTEC_ICM_UTC2";"Buy";"9358.4";"9406.7";"2020.05.22 18:15:00";"2020.05.22 22:55:00";"30.0";"1449.00";"9275.90039";"9440.90039";"-12630.87";"0.00";"IST";"End Of Friday (Time)";"4h 40m";"-0.00"
"694";"USTEC_ICM_UTC2";"Buy";"9563.2";"9480.7";"2020.05.26 16:30:00";"2020.05.26 18:17:00";"30.0";"-2475.00";"9480.70020";"9645.70020";"-15105.87";"0.00";"IST";"SL";"1h 47m";"-0.00"
"695";"USTEC_ICM_UTC2";"Buy";"9365.0";"9282.5";"2020.05.27 16:30:00";"2020.05.27 16:54:00";"30.0";"-2475.00";"9282.50000";"9447.50000";"-17580.87";"0.00";"IST";"SL";"24m 0s";"-0.00"
"696";"USTEC_ICM_UTC2";"Buy";"9434.7";"9517.2";"2020.05.28 17:00:00";"2020.05.28 18:59:00";"30.0";"2475.00";"9352.20020";"9517.20020";"-15105.87";"0.00";"IST";"PT";"1h 59m";"-0.00"
"697";"USTEC_ICM_UTC2";"Buy";"9420.5";"9503.0";"2020.05.29 18:30:00";"2020.05.29 22:00:00";"30.0";"2475.00";"9338.00000";"9503.00000";"-12630.87";"0.00";"IST";"PT";"3h 30m";"-0.00"
"698";"USTEC_ICM_UTC2";"Buy";"9540.9";"9623.4";"2020.06.02 19:00:00";"2020.06.02 22:50:00";"30.0";"2475.00";"9458.40039";"9623.40039";"-10155.87";"0.00";"IST";"PT";"3h 50m";"-0.00"
"699";"USTEC_ICM_UTC2";"Buy";"9682.2";"9599.7";"2020.06.03 18:00:00";"2020.06.04 21:59:00";"30.0";"-2658.12";"9599.70020";"9764.70020";"-12813.99";"0.00";"IST";"SL";"1d 3h 59m";"-183.12"
"700";"USTEC_ICM_UTC2";"Buy";"9599.1";"9681.6";"2020.06.04 22:00:00";"2020.06.05 08:48:00";"30.0";"2291.88";"9516.59961";"9681.59961";"-10522.11";"0.00";"IST";"PT";"10h 48m";"-183.12"
"701";"USTEC_ICM_UTC2";"Buy";"9765.0";"9811.6";"2020.06.05 17:15:00";"2020.06.05 22:55:00";"30.0";"1398.00";"9682.50000";"9847.50000";"-9124.11";"0.00";"IST";"End Of Friday (Time)";"5h 40m";"-0.00"
"702";"USTEC_ICM_UTC2";"Buy";"9810.0";"9892.5";"2020.06.08 18:15:00";"2020.06.08 22:50:00";"30.0";"2475.00";"9727.50000";"9892.50000";"-6649.10";"0.00";"IST";"PT";"4h 35m";"-0.00"
"703";"USTEC_ICM_UTC2";"Buy";"9859.9";"9942.4";"2020.06.09 16:30:00";"2020.06.09 17:45:00";"30.0";"2475.00";"9777.40039";"9942.40039";"-4174.10";"0.00";"IST";"PT";"1h 15m";"-0.00"
"704";"USTEC_ICM_UTC2";"Buy";"10040.3";"10122.8";"2020.06.10 16:30:00";"2020.06.10 21:15:00";"30.0";"2475.00";"9957.79980";"10122.79980";"-1699.11";"0.00";"IST";"PT";"4h 45m";"-0.00"
"705";"USTEC_ICM_UTC2";"Buy";"9926.8";"9844.3";"2020.06.11 16:30:00";"2020.06.11 19:06:00";"30.0";"-2475.00";"9844.29980";"10009.29980";"-4174.10";"0.00";"IST";"SL";"2h 36m";"-0.00"
"706";"USTEC_ICM_UTC2";"Buy";"9665.7";"9583.2";"2020.06.12 18:45:00";"2020.06.12 20:32:00";"30.0";"-2475.00";"9583.20020";"9748.20020";"-6649.10";"0.00";"IST";"SL";"1h 47m";"-0.00"
"707";"USTEC_ICM_UTC2";"Buy";"9621.1";"9703.6";"2020.06.15 18:30:00";"2020.06.15 20:13:00";"30.0";"2475.00";"9538.59961";"9703.59961";"-4174.10";"0.00";"IST";"PT";"1h 43m";"-0.00"
"708";"USTEC_ICM_UTC2";"Buy";"9938.2";"10020.7";"2020.06.16 19:00:00";"2020.06.17 10:27:00";"30.0";"2291.88";"9855.70020";"10020.70020";"-1882.23";"0.00";"IST";"PT";"15h 27m";"-183.12"
"709";"USTEC_ICM_UTC2";"Buy";"9977.5";"10060.0";"2020.06.18 17:00:00";"2020.06.19 09:22:00";"30.0";"2291.88";"9895.00000";"10060.00000";"409.65";"0.00";"IST";"PT";"16h 22m";"-183.12"
"710";"USTEC_ICM_UTC2";"Buy";"9987.8";"10017.9";"2020.06.19 19:30:00";"2020.06.19 22:55:00";"30.0";"903.03";"9905.29980";"10070.29980";"1312.68";"0.00";"IST";"End Of Friday (Time)";"3h 25m";"-0.00"
"711";"USTEC_ICM_UTC2";"Buy";"10085.7";"10003.2";"2020.06.24 18:00:00";"2020.06.24 18:16:00";"30.0";"-2475.00";"10003.20020";"10168.20020";"-1162.32";"0.00";"IST";"SL";"16m 0s";"-0.00"
"712";"USTEC_ICM_UTC2";"Buy";"10004.3";"10086.8";"2020.06.25 18:00:00";"2020.06.25 22:33:00";"30.0";"2475.00";"9921.79980";"10086.79980";"1312.68";"0.00";"IST";"PT";"4h 33m";"-0.00"
"713";"USTEC_ICM_UTC2";"Buy";"9946.6";"9864.1";"2020.06.26 18:30:00";"2020.06.26 22:35:00";"30.0";"-2475.00";"9864.09961";"10029.09961";"-1162.32";"0.00";"IST";"SL";"4h 5m";"-0.00"
"714";"USTEC_ICM_UTC2";"Buy";"9850.4";"9932.9";"2020.06.29 18:15:00";"2020.06.29 19:19:00";"30.0";"2475.00";"9767.90039";"9932.90039";"1312.68";"0.00";"IST";"PT";"1h 4m";"-0.00"
"715";"USTEC_ICM_UTC2";"Buy";"10088.5";"10171.0";"2020.06.30 18:45:00";"2020.06.30 22:53:00";"30.0";"2475.00";"10006.00000";"10171.00000";"3787.68";"0.00";"IST";"PT";"4h 8m";"-0.00"
"716";"USTEC_ICM_UTC2";"Buy";"10162.1";"10244.6";"2020.07.01 17:00:00";"2020.07.01 18:14:00";"30.0";"2475.00";"10079.59961";"10244.59961";"6262.68";"0.00";"IST";"PT";"1h 14m";"-0.00"
"717";"USTEC_ICM_UTC2";"Buy";"10385.4";"10467.9";"2020.07.02 18:00:00";"2020.07.06 04:39:00";"30.0";"1742.52";"10302.90039";"10467.90039";"8005.20";"0.00";"IST";"PT";"3d 10h 39m";"-732.48"
"718";"USTEC_ICM_UTC2";"Buy";"10605.2";"10687.7";"2020.07.06 18:15:00";"2020.07.07 18:09:00";"30.0";"2291.88";"10522.70020";"10687.70020";"10297.08";"0.00";"IST";"PT";"23h 54m";"-183.12"
"719";"USTEC_ICM_UTC2";"Buy";"10692.3";"10609.8";"2020.07.07 18:15:00";"2020.07.07 20:11:00";"30.0";"-2475.00";"10609.79980";"10774.79980";"7822.08";"0.00";"IST";"SL";"1h 56m";"-0.00"
"720";"USTEC_ICM_UTC2";"Buy";"10607.1";"10524.6";"2020.07.08 18:15:00";"2020.07.08 18:23:00";"30.0";"-2475.00";"10524.59961";"10689.59961";"5347.08";"0.00";"IST";"SL";"8m 0s";"-0.00"
"721";"USTEC_ICM_UTC2";"Buy";"10618.6";"10701.1";"2020.07.09 18:30:00";"2020.07.09 19:50:00";"30.0";"2475.00";"10536.09961";"10701.09961";"7822.08";"0.00";"IST";"PT";"1h 20m";"-0.00"
"722";"USTEC_ICM_UTC2";"Buy";"10729.4";"10811.9";"2020.07.10 18:00:00";"2020.07.10 22:16:00";"30.0";"2475.00";"10646.90039";"10811.90039";"10297.08";"0.00";"IST";"PT";"4h 16m";"-0.00"
"723";"USTEC_ICM_UTC2";"Buy";"11052.3";"10969.8";"2020.07.13 18:15:00";"2020.07.13 20:48:00";"30.0";"-2475.00";"10969.79980";"11134.79980";"7822.08";"0.00";"IST";"SL";"2h 33m";"-0.00"
"724";"USTEC_ICM_UTC2";"Buy";"10487.5";"10405.0";"2020.07.14 17:00:00";"2020.07.14 17:11:00";"30.0";"-2475.00";"10405.00000";"10570.00000";"5347.08";"0.00";"IST";"SL";"11m 0s";"-0.00"
"725";"USTEC_ICM_UTC2";"Buy";"10676.4";"10593.9";"2020.07.15 18:15:00";"2020.07.15 18:59:00";"30.0";"-2475.00";"10593.90039";"10758.90039";"2872.08";"0.00";"IST";"SL";"44m 0s";"-0.00"
"726";"USTEC_ICM_UTC2";"Buy";"10525.6";"10608.1";"2020.07.16 18:00:00";"2020.07.16 20:12:00";"30.0";"2475.00";"10443.09961";"10608.09961";"5347.08";"0.00";"IST";"PT";"2h 12m";"-0.00"
"727";"USTEC_ICM_UTC2";"Buy";"10611.6";"10637.3";"2020.07.17 18:45:00";"2020.07.17 22:55:00";"30.0";"771.00";"10529.09961";"10694.09961";"6118.08";"0.00";"IST";"End Of Friday (Time)";"4h 10m";"-0.00"
"728";"USTEC_ICM_UTC2";"Buy";"10769.3";"10851.8";"2020.07.20 18:00:00";"2020.07.20 20:24:00";"30.0";"2475.00";"10686.79980";"10851.79980";"8593.08";"0.00";"IST";"PT";"2h 24m";"-0.00"
"729";"USTEC_ICM_UTC2";"Buy";"10912.8";"10830.3";"2020.07.21 18:00:00";"2020.07.21 22:35:00";"30.0";"-2475.00";"10830.29980";"10995.29980";"6118.08";"0.00";"IST";"SL";"4h 35m";"-0.00"
"730";"USTEC_ICM_UTC2";"Buy";"10812.7";"10895.2";"2020.07.22 18:00:00";"2020.07.23 09:45:00";"30.0";"2291.88";"10730.20020";"10895.20020";"8409.96";"0.00";"IST";"PT";"15h 45m";"-183.12"
"731";"USTEC_ICM_UTC2";"Buy";"10837.5";"10755.0";"2020.07.23 18:15:00";"2020.07.23 19:08:00";"30.0";"-2475.00";"10755.00000";"10920.00000";"5934.96";"0.00";"IST";"SL";"53m 0s";"-0.00"
"732";"USTEC_ICM_UTC2";"Buy";"10516.0";"10433.5";"2020.07.24 18:00:00";"2020.07.24 19:57:00";"30.0";"-2475.00";"10433.50000";"10598.50000";"3459.96";"0.00";"IST";"SL";"1h 57m";"-0.00"
"733";"USTEC_ICM_UTC2";"Buy";"10579.5";"10662.0";"2020.07.27 19:30:00";"2020.07.27 21:36:00";"30.0";"2475.00";"10497.00000";"10662.00000";"5934.96";"0.00";"IST";"PT";"2h 6m";"-0.00"
"734";"USTEC_ICM_UTC2";"Buy";"10636.8";"10554.3";"2020.07.28 18:00:00";"2020.07.28 22:34:00";"30.0";"-2475.00";"10554.29980";"10719.29980";"3459.96";"0.00";"IST";"SL";"4h 34m";"-0.00"
"735";"USTEC_ICM_UTC2";"Buy";"10636.7";"10554.2";"2020.07.29 19:00:00";"2020.07.30 11:55:00";"30.0";"-2658.12";"10554.20020";"10719.20020";"801.84";"0.00";"IST";"SL";"16h 55m";"-183.12"
"736";"USTEC_ICM_UTC2";"Buy";"10578.9";"10661.4";"2020.07.30 16:30:00";"2020.07.30 18:43:00";"30.0";"2475.00";"10496.40039";"10661.40039";"3276.84";"0.00";"IST";"PT";"2h 13m";"-0.00"
"737";"USTEC_ICM_UTC2";"Buy";"10793.6";"10711.1";"2020.07.31 18:00:00";"2020.07.31 19:56:00";"30.0";"-2475.00";"10711.09961";"10876.09961";"801.84";"0.00";"IST";"SL";"1h 56m";"-0.00"
"738";"USTEC_ICM_UTC2";"Buy";"11060.0";"11142.5";"2020.08.03 19:15:00";"2020.08.05 10:11:00";"30.0";"2108.76";"10977.50000";"11142.50000";"2910.60";"0.00";"IST";"PT";"1d 14h 56m";"-366.24"
"739";"USTEC_ICM_UTC2";"Buy";"11115.4";"11197.9";"2020.08.05 18:00:00";"2020.08.06 20:50:00";"30.0";"2291.88";"11032.90039";"11197.90039";"5202.48";"0.00";"IST";"PT";"1d 2h 50m";"-183.12"
"740";"USTEC_ICM_UTC2";"Buy";"11206.6";"11289.1";"2020.08.06 21:00:00";"2020.08.07 03:25:00";"30.0";"2291.88";"11124.09961";"11289.09961";"7494.36";"0.00";"IST";"PT";"6h 25m";"-183.12"
"741";"USTEC_ICM_UTC2";"Buy";"11269.7";"11187.2";"2020.08.07 18:00:00";"2020.08.07 18:59:00";"30.0";"-2475.00";"11187.20020";"11352.20020";"5019.36";"0.00";"IST";"SL";"59m 0s";"-0.00"
"742";"USTEC_ICM_UTC2";"Buy";"11008.9";"11091.4";"2020.08.10 18:45:00";"2020.08.10 19:55:00";"30.0";"2475.00";"10926.40039";"11091.40039";"7494.36";"0.00";"IST";"PT";"1h 10m";"-0.00"
"743";"USTEC_ICM_UTC2";"Buy";"11016.2";"10933.7";"2020.08.11 17:00:00";"2020.08.11 22:18:00";"30.0";"-2475.00";"10933.70020";"11098.70020";"5019.36";"0.00";"IST";"SL";"5h 18m";"-0.00"
"744";"USTEC_ICM_UTC2";"Buy";"11129.1";"11211.6";"2020.08.12 18:45:00";"2020.08.13 16:38:00";"30.0";"2291.88";"11046.59961";"11211.59961";"7311.24";"0.00";"IST";"PT";"21h 53m";"-183.12"
"745";"USTEC_ICM_UTC2";"Buy";"11246.0";"11163.5";"2020.08.13 18:00:00";"2020.08.13 21:21:00";"30.0";"-2475.00";"11163.50000";"11328.50000";"4836.24";"0.00";"IST";"SL";"3h 21m";"-0.00"
"746";"USTEC_ICM_UTC2";"Buy";"11123.5";"11166.2";"2020.08.14 18:00:00";"2020.08.14 22:55:00";"30.0";"1281.00";"11041.00000";"11206.00000";"6117.24";"0.00";"IST";"End Of Friday (Time)";"4h 55m";"-0.00"
"747";"USTEC_ICM_UTC2";"Buy";"11258.9";"11341.4";"2020.08.17 19:30:00";"2020.08.18 15:25:00";"30.0";"2291.88";"11176.40039";"11341.40039";"8409.12";"0.00";"IST";"PT";"19h 55m";"-183.12"
"748";"USTEC_ICM_UTC2";"Buy";"11346.7";"11429.2";"2020.08.18 18:00:00";"2020.08.19 06:18:00";"30.0";"2291.88";"11264.20020";"11429.20020";"10701.00";"0.00";"IST";"PT";"12h 18m";"-183.12"
"749";"USTEC_ICM_UTC2";"Buy";"11410.8";"11328.3";"2020.08.19 18:00:00";"2020.08.19 21:20:00";"30.0";"-2475.00";"11328.29980";"11493.29980";"8226.00";"0.00";"IST";"SL";"3h 20m";"-0.00"
"750";"USTEC_ICM_UTC2";"Buy";"11396.3";"11478.8";"2020.08.20 18:00:00";"2020.08.20 22:08:00";"30.0";"2475.00";"11313.79980";"11478.79980";"10701.00";"0.00";"IST";"PT";"4h 8m";"-0.00"
"751";"USTEC_ICM_UTC2";"Buy";"11485.2";"11567.7";"2020.08.21 16:30:00";"2020.08.21 22:01:00";"30.0";"2475.00";"11402.70020";"11567.70020";"13176.00";"0.00";"IST";"PT";"5h 31m";"-0.00"
"752";"USTEC_ICM_UTC2";"Buy";"11590.1";"11672.6";"2020.08.24 18:15:00";"2020.08.25 04:33:00";"30.0";"2291.88";"11507.59961";"11672.59961";"15467.88";"0.00";"IST";"PT";"10h 18m";"-183.12"
"753";"USTEC_ICM_UTC2";"Buy";"11648.4";"11730.9";"2020.08.25 18:00:00";"2020.08.25 23:14:00";"30.0";"2475.00";"11565.90039";"11730.90039";"17942.88";"0.00";"IST";"PT";"5h 14m";"-0.00"
"754";"USTEC_ICM_UTC2";"Buy";"11848.7";"11931.2";"2020.08.26 18:15:00";"2020.08.26 19:17:00";"30.0";"2475.00";"11766.20020";"11931.20020";"20417.88";"0.00";"IST";"PT";"1h 2m";"-0.00"
"755";"USTEC_ICM_UTC2";"Buy";"12002.0";"11919.5";"2020.08.27 17:45:00";"2020.08.27 19:38:00";"30.0";"-2475.00";"11919.50000";"12084.50000";"17942.88";"0.00";"IST";"SL";"1h 53m";"-0.00"
"756";"USTEC_ICM_UTC2";"Buy";"12000.3";"11988.1";"2020.08.28 18:30:00";"2020.08.28 22:55:00";"30.0";"-366.00";"11917.79980";"12082.79980";"17576.88";"0.00";"IST";"End Of Friday (Time)";"4h 25m";"-0.00"
"757";"USTEC_ICM_UTC2";"Buy";"12089.5";"12172.0";"2020.08.31 18:00:00";"2020.09.01 05:04:00";"30.0";"2291.88";"12007.00000";"12172.00000";"19868.76";"0.00";"IST";"PT";"11h 4m";"-183.12"
"758";"USTEC_ICM_UTC2";"Buy";"12226.0";"12308.5";"2020.09.01 18:00:00";"2020.09.01 23:05:00";"30.0";"2475.00";"12143.50000";"12308.50000";"22343.76";"0.00";"IST";"PT";"5h 5m";"-0.00"
"759";"USTEC_ICM_UTC2";"Buy";"12323.5";"12241.0";"2020.09.02 18:00:00";"2020.09.02 18:28:00";"30.0";"-2475.00";"12241.00000";"12406.00000";"19868.76";"0.00";"IST";"SL";"28m 0s";"-0.00"
"760";"USTEC_ICM_UTC2";"Buy";"12062.1";"11979.6";"2020.09.03 17:30:00";"2020.09.03 17:39:00";"30.0";"-2475.00";"11979.59961";"12144.59961";"17393.76";"0.00";"IST";"SL";"9m 0s";"-0.00"
"761";"USTEC_ICM_UTC2";"Buy";"11360.9";"11278.4";"2020.09.04 17:30:00";"2020.09.04 17:36:00";"30.0";"-2475.00";"11278.40039";"11443.40039";"14918.76";"0.00";"IST";"SL";"6m 0s";"-0.00"
"762";"USTEC_ICM_UTC2";"Buy";"11159.3";"11241.8";"2020.09.08 16:30:00";"2020.09.08 16:36:00";"30.0";"2475.00";"11076.79980";"11241.79980";"17393.76";"0.00";"IST";"PT";"6m 0s";"-0.00"
"763";"USTEC_ICM_UTC2";"Buy";"11373.1";"11455.6";"2020.09.09 18:00:00";"2020.09.09 20:00:00";"30.0";"2475.00";"11290.59961";"11455.59961";"19868.76";"0.00";"IST";"PT";"2h 0m";"-0.00"
"764";"USTEC_ICM_UTC2";"Buy";"11519.6";"11437.1";"2020.09.10 16:30:00";"2020.09.10 17:57:00";"30.0";"-2475.00";"11437.09961";"11602.09961";"17393.76";"0.00";"IST";"SL";"1h 27m";"-0.00"
"765";"USTEC_ICM_UTC2";"Buy";"11244.1";"11161.6";"2020.09.11 18:15:00";"2020.09.11 18:30:00";"30.0";"-2475.00";"11161.59961";"11326.59961";"14918.76";"0.00";"IST";"SL";"15m 0s";"-0.00"
"766";"USTEC_ICM_UTC2";"Buy";"11298.6";"11216.1";"2020.09.14 19:45:00";"2020.09.14 20:22:00";"30.0";"-2475.00";"11216.09961";"11381.09961";"12443.76";"0.00";"IST";"SL";"37m 0s";"-0.00"
"767";"USTEC_ICM_UTC2";"Buy";"11457.2";"11374.7";"2020.09.15 19:00:00";"2020.09.15 22:37:00";"30.0";"-2475.00";"11374.70020";"11539.70020";"9968.76";"0.00";"IST";"SL";"3h 37m";"-0.00"
"768";"USTEC_ICM_UTC2";"Buy";"11422.9";"11340.4";"2020.09.16 18:15:00";"2020.09.16 20:26:00";"30.0";"-2475.00";"11340.40039";"11505.40039";"7493.76";"0.00";"IST";"SL";"2h 11m";"-0.00"
"769";"USTEC_ICM_UTC2";"Buy";"10962.2";"11044.7";"2020.09.17 16:30:00";"2020.09.17 16:50:00";"30.0";"2475.00";"10879.70020";"11044.70020";"9968.76";"0.00";"IST";"PT";"20m 0s";"-0.00"
"770";"USTEC_ICM_UTC2";"Buy";"10970.8";"10888.3";"2020.09.18 19:00:00";"2020.09.18 19:32:00";"30.0";"-2475.00";"10888.29980";"11053.29980";"7493.76";"0.00";"IST";"SL";"32m 0s";"-0.00"
"771";"USTEC_ICM_UTC2";"Buy";"10779.6";"10697.1";"2020.09.21 16:30:00";"2020.09.21 17:37:00";"30.0";"-2475.00";"10697.09961";"10862.09961";"5018.76";"0.00";"IST";"SL";"1h 7m";"-0.00"
"772";"USTEC_ICM_UTC2";"Buy";"11005.8";"11088.3";"2020.09.22 18:30:00";"2020.09.22 20:25:00";"30.0";"2475.00";"10923.29980";"11088.29980";"7493.76";"0.00";"IST";"PT";"1h 55m";"-0.00"
"773";"USTEC_ICM_UTC2";"Buy";"11091.0";"11008.5";"2020.09.23 18:15:00";"2020.09.23 18:53:00";"30.0";"-2475.00";"11008.50000";"11173.50000";"5018.76";"0.00";"IST";"SL";"38m 0s";"-0.00"
"774";"USTEC_ICM_UTC2";"Buy";"10820.0";"10902.5";"2020.09.24 17:45:00";"2020.09.24 17:53:00";"30.0";"2475.00";"10737.50000";"10902.50000";"7493.76";"0.00";"IST";"PT";"8m 0s";"-0.00"
"775";"USTEC_ICM_UTC2";"Buy";"11012.4";"11094.9";"2020.09.25 18:15:00";"2020.09.25 21:07:00";"30.0";"2475.00";"10929.90039";"11094.90039";"9968.76";"0.00";"IST";"PT";"2h 52m";"-0.00"
"776";"USTEC_ICM_UTC2";"Buy";"11308.1";"11390.6";"2020.09.28 18:15:00";"2020.09.28 23:02:00";"30.0";"2475.00";"11225.59961";"11390.59961";"12443.76";"0.00";"IST";"PT";"4h 47m";"-0.00"
"777";"USTEC_ICM_UTC2";"Buy";"11329.8";"11412.3";"2020.09.29 18:00:00";"2020.09.30 05:15:00";"30.0";"2291.88";"11247.29980";"11412.29980";"14735.64";"0.00";"IST";"PT";"11h 15m";"-183.12"
"778";"USTEC_ICM_UTC2";"Buy";"11330.6";"11413.1";"2020.09.30 16:30:00";"2020.09.30 16:57:00";"30.0";"2475.00";"11248.09961";"11413.09961";"17210.64";"0.00";"IST";"PT";"27m 0s";"-0.00"
"779";"USTEC_ICM_UTC2";"Buy";"11547.2";"11464.7";"2020.10.01 18:30:00";"2020.10.02 07:59:00";"30.0";"-2658.12";"11464.70020";"11629.70020";"14552.52";"0.00";"IST";"SL";"13h 29m";"-183.12"
"780";"USTEC_ICM_UTC2";"Buy";"11325.1";"11407.6";"2020.10.02 16:30:00";"2020.10.02 16:38:00";"30.0";"2475.00";"11242.59961";"11407.59961";"17027.52";"0.00";"IST";"PT";"8m 0s";"-0.00"
"781";"USTEC_ICM_UTC2";"Buy";"11412.3";"11494.8";"2020.10.06 18:30:00";"2020.10.06 21:25:00";"30.0";"2475.00";"11329.79980";"11494.79980";"19502.52";"0.00";"IST";"PT";"2h 55m";"-0.00"
"782";"USTEC_ICM_UTC2";"Buy";"11444.4";"11526.9";"2020.10.07 19:00:00";"2020.10.08 04:55:00";"30.0";"2291.88";"11361.90039";"11526.90039";"21794.40";"0.00";"IST";"PT";"9h 55m";"-183.12"
"783";"USTEC_ICM_UTC2";"Buy";"11565.4";"11647.9";"2020.10.08 18:15:00";"2020.10.09 16:50:00";"30.0";"2291.88";"11482.90039";"11647.90039";"24086.28";"0.00";"IST";"PT";"22h 35m";"-183.12"
"784";"USTEC_ICM_UTC2";"Buy";"11675.7";"11713.5";"2020.10.09 18:15:00";"2020.10.09 22:55:00";"30.0";"1134.00";"11593.20020";"11758.20020";"25220.28";"0.00";"IST";"End Of Friday (Time)";"4h 40m";"-0.00"
"785";"USTEC_ICM_UTC2";"Buy";"11923.8";"12006.3";"2020.10.12 16:30:00";"2020.10.12 18:10:00";"30.0";"2475.00";"11841.29980";"12006.29980";"27695.28";"0.00";"IST";"PT";"1h 40m";"-0.00"
"786";"USTEC_ICM_UTC2";"Buy";"12159.3";"12076.8";"2020.10.13 16:30:00";"2020.10.13 16:38:00";"30.0";"-2475.00";"12076.79980";"12241.79980";"25220.28";"0.00";"IST";"SL";"8m 0s";"-0.00"
"787";"USTEC_ICM_UTC2";"Buy";"12099.7";"12017.2";"2020.10.14 18:00:00";"2020.10.14 18:47:00";"30.0";"-2475.00";"12017.20020";"12182.20020";"22745.28";"0.00";"IST";"SL";"47m 0s";"-0.00"
"788";"USTEC_ICM_UTC2";"Buy";"11783.4";"11865.9";"2020.10.15 16:30:00";"2020.10.15 16:46:00";"30.0";"2475.00";"11700.90039";"11865.90039";"25220.28";"0.00";"IST";"PT";"16m 0s";"-0.00"
"789";"USTEC_ICM_UTC2";"Buy";"11922.8";"11857.2";"2020.10.16 18:45:00";"2020.10.16 22:55:00";"30.0";"-1968.00";"11840.29980";"12005.29980";"23252.28";"0.00";"IST";"End Of Friday (Time)";"4h 10m";"-0.00"
"790";"USTEC_ICM_UTC2";"Buy";"11813.9";"11731.4";"2020.10.19 18:30:00";"2020.10.19 20:53:00";"30.0";"-2475.00";"11731.40039";"11896.40039";"20777.28";"0.00";"IST";"SL";"2h 23m";"-0.00"
"791";"USTEC_ICM_UTC2";"Buy";"11657.8";"11740.3";"2020.10.20 18:15:00";"2020.10.20 19:34:00";"30.0";"2475.00";"11575.29980";"11740.29980";"23252.28";"0.00";"IST";"PT";"1h 19m";"-0.00"
"792";"USTEC_ICM_UTC2";"Buy";"11714.2";"11631.7";"2020.10.21 18:00:00";"2020.10.22 02:38:00";"30.0";"-2658.12";"11631.70020";"11796.70020";"20594.16";"0.00";"IST";"SL";"8h 38m";"-183.12"
"793";"USTEC_ICM_UTC2";"Buy";"11603.1";"11685.6";"2020.10.22 18:45:00";"2020.10.22 22:33:00";"30.0";"2475.00";"11520.59961";"11685.59961";"23069.16";"0.00";"IST";"PT";"3h 48m";"-0.00"
"794";"USTEC_ICM_UTC2";"Buy";"11591.8";"11674.3";"2020.10.23 18:45:00";"2020.10.23 22:46:00";"30.0";"2475.00";"11509.29980";"11674.29980";"25544.16";"0.00";"IST";"PT";"4h 1m";"-0.00"
"795";"USTEC_ICM_UTC2";"Buy";"11529.9";"11447.4";"2020.10.26 17:15:00";"2020.10.26 18:45:00";"30.0";"-2475.00";"11447.40039";"11612.40039";"23069.16";"0.00";"IST";"SL";"1h 30m";"-0.00"
"796";"USTEC_ICM_UTC2";"Buy";"11600.8";"11518.3";"2020.10.27 17:15:00";"2020.10.28 09:21:00";"30.0";"-2658.12";"11518.29980";"11683.29980";"20411.04";"0.00";"IST";"SL";"16h 6m";"-183.12"
"797";"USTEC_ICM_UTC2";"Buy";"11244.2";"11161.7";"2020.10.28 16:30:00";"2020.10.28 21:55:00";"30.0";"-2475.00";"11161.70020";"11326.70020";"17936.04";"0.00";"IST";"SL";"5h 25m";"-0.00"
"798";"USTEC_ICM_UTC2";"Buy";"11310.2";"11392.7";"2020.10.29 16:30:00";"2020.10.29 19:55:00";"30.0";"2475.00";"11227.70020";"11392.70020";"20411.04";"0.00";"IST";"PT";"3h 25m";"-0.00"
"799";"USTEC_ICM_UTC2";"Buy";"11005.8";"11088.3";"2020.10.30 17:00:00";"2020.10.30 18:17:00";"30.0";"2475.00";"10923.29980";"11088.29980";"22886.04";"0.00";"IST";"PT";"1h 17m";"-0.00"
"800";"USTEC_ICM_UTC2";"Buy";"11090.5";"11008.0";"2020.11.02 18:30:00";"2020.11.02 20:08:00";"30.0";"-2475.00";"11008.00000";"11173.00000";"20411.04";"0.00";"IST";"SL";"1h 38m";"-0.00"
"801";"USTEC_ICM_UTC2";"Buy";"11324.1";"11241.6";"2020.11.03 18:30:00";"2020.11.03 20:56:00";"30.0";"-2475.00";"11241.59961";"11406.59961";"17936.04";"0.00";"IST";"SL";"2h 26m";"-0.00"
"802";"USTEC_ICM_UTC2";"Buy";"11637.7";"11720.2";"2020.11.04 16:30:00";"2020.11.04 17:06:00";"30.0";"2475.00";"11555.20020";"11720.20020";"20411.04";"0.00";"IST";"PT";"36m 0s";"-0.00"
"803";"USTEC_ICM_UTC2";"Buy";"11976.9";"12059.4";"2020.11.06 18:00:00";"2020.11.06 18:42:00";"30.0";"2475.00";"11894.40039";"12059.40039";"22886.04";"0.00";"IST";"PT";"42m 0s";"-0.00"
"804";"USTEC_ICM_UTC2";"Buy";"12194.7";"12112.2";"2020.11.09 16:30:00";"2020.11.09 16:34:00";"30.0";"-2475.00";"12112.20020";"12277.20020";"20411.04";"0.00";"IST";"SL";"4m 0s";"-0.00"
"805";"USTEC_ICM_UTC2";"Buy";"11577.1";"11659.6";"2020.11.10 18:00:00";"2020.11.10 18:29:00";"30.0";"2475.00";"11494.59961";"11659.59961";"22886.04";"0.00";"IST";"PT";"29m 0s";"-0.00"
"806";"USTEC_ICM_UTC2";"Buy";"11922.7";"11840.2";"2020.11.12 18:30:00";"2020.11.12 19:46:00";"30.0";"-2475.00";"11840.20020";"12005.20020";"20411.04";"0.00";"IST";"SL";"1h 16m";"-0.00"
"807";"USTEC_ICM_UTC2";"Buy";"11885.4";"11932.3";"2020.11.13 19:15:00";"2020.11.13 22:55:00";"30.0";"1406.97";"11802.90039";"11967.90039";"21818.01";"0.00";"IST";"End Of Friday (Time)";"3h 40m";"-0.00"
"808";"USTEC_ICM_UTC2";"Buy";"11918.3";"12000.8";"2020.11.16 16:30:00";"2020.11.16 17:23:00";"30.0";"2475.00";"11835.79980";"12000.79980";"24293.01";"0.00";"IST";"PT";"53m 0s";"-0.00"
"809";"USTEC_ICM_UTC2";"Buy";"11988.8";"11906.3";"2020.11.17 18:30:00";"2020.11.18 22:53:00";"30.0";"-2658.12";"11906.29980";"12071.29980";"21634.89";"0.00";"IST";"SL";"1d 4h 23m";"-183.12"
"810";"USTEC_ICM_UTC2";"Buy";"11926.7";"12009.2";"2020.11.19 18:15:00";"2020.11.20 06:46:00";"30.0";"2291.88";"11844.20020";"12009.20020";"23926.77";"0.00";"IST";"PT";"12h 31m";"-183.12"
"811";"USTEC_ICM_UTC2";"Buy";"11996.3";"11918.2";"2020.11.20 19:30:00";"2020.11.20 22:55:00";"30.0";"-2343.00";"11913.79980";"12078.79980";"21583.77";"0.00";"IST";"End Of Friday (Time)";"3h 25m";"-0.00"
"812";"USTEC_ICM_UTC2";"Buy";"11819.2";"11901.7";"2020.11.23 18:15:00";"2020.11.23 20:06:00";"30.0";"2475.00";"11736.70020";"11901.70020";"24058.77";"0.00";"IST";"PT";"1h 51m";"-0.00"
"813";"USTEC_ICM_UTC2";"Buy";"12008.6";"12091.1";"2020.11.24 18:15:00";"2020.11.24 21:00:00";"30.0";"2475.00";"11926.09961";"12091.09961";"26533.77";"0.00";"IST";"PT";"2h 45m";"-0.00"
"814";"USTEC_ICM_UTC2";"Buy";"12134.2";"12216.7";"2020.11.25 18:15:00";"2020.11.26 10:11:00";"30.0";"2291.88";"12051.70020";"12216.70020";"28825.65";"0.00";"IST";"PT";"15h 56m";"-183.12"
"815";"USTEC_ICM_UTC2";"Buy";"12296.8";"12214.3";"2020.11.27 18:00:00";"2020.11.30 07:11:00";"30.0";"-3024.36";"12214.29980";"12379.29980";"25801.29";"0.00";"IST";"SL";"2d 13h 11m";"-549.36"
"816";"USTEC_ICM_UTC2";"Buy";"12273.0";"12190.5";"2020.11.30 16:30:00";"2020.11.30 17:34:00";"30.0";"-2475.00";"12190.50000";"12355.50000";"23326.29";"0.00";"IST";"SL";"1h 4m";"-0.00"
"817";"USTEC_ICM_UTC2";"Buy";"12430.8";"12348.3";"2020.12.01 18:30:00";"2020.12.02 16:35:00";"30.0";"-2658.12";"12348.29980";"12513.29980";"20668.17";"0.00";"IST";"SL";"22h 5m";"-183.12"
"818";"USTEC_ICM_UTC2";"Buy";"12414.3";"12496.8";"2020.12.02 18:00:00";"2020.12.03 16:33:00";"30.0";"2291.88";"12331.79980";"12496.79980";"22960.05";"0.00";"IST";"PT";"22h 33m";"-183.12"
"819";"USTEC_ICM_UTC2";"Buy";"12490.0";"12516.1";"2020.12.03 18:30:00";"2020.12.04 22:55:00";"30.0";"599.88";"12407.50000";"12572.50000";"23559.93";"0.00";"IST";"End Of Friday (Time)";"1d 4h 25m";"-183.12"
"820";"USTEC_ICM_UTC2";"Buy";"12606.5";"12524.0";"2020.12.07 18:15:00";"2020.12.08 16:49:00";"30.0";"-2658.12";"12524.00000";"12689.00000";"20901.81";"0.00";"IST";"SL";"22h 34m";"-183.12"
"821";"USTEC_ICM_UTC2";"Buy";"12559.1";"12641.6";"2020.12.08 18:00:00";"2020.12.08 21:23:00";"30.0";"2475.00";"12476.59961";"12641.59961";"23376.81";"0.00";"IST";"PT";"3h 23m";"-0.00"
"822";"USTEC_ICM_UTC2";"Buy";"12602.0";"12519.5";"2020.12.09 18:30:00";"2020.12.09 19:37:00";"30.0";"-2475.00";"12519.50000";"12684.50000";"20901.81";"0.00";"IST";"SL";"1h 7m";"-0.00"
"823";"USTEC_ICM_UTC2";"Buy";"12380.8";"12298.3";"2020.12.10 17:15:00";"2020.12.11 12:58:00";"30.0";"-2658.12";"12298.29980";"12463.29980";"18243.69";"0.00";"IST";"SL";"19h 43m";"-183.12"
"824";"USTEC_ICM_UTC2";"Buy";"12313.6";"12361.9";"2020.12.11 18:00:00";"2020.12.11 22:55:00";"30.0";"1449.03";"12231.09961";"12396.09961";"19692.72";"0.00";"IST";"End Of Friday (Time)";"4h 55m";"-0.00"
"825";"USTEC_ICM_UTC2";"Buy";"12526.2";"12443.7";"2020.12.14 18:15:00";"2020.12.15 04:22:00";"30.0";"-2658.12";"12443.70020";"12608.70020";"17034.60";"0.00";"IST";"SL";"10h 7m";"-183.12"
"826";"USTEC_ICM_UTC2";"Buy";"12497.8";"12580.3";"2020.12.15 19:00:00";"2020.12.15 22:00:00";"30.0";"2475.00";"12415.29980";"12580.29980";"19509.60";"0.00";"IST";"PT";"3h 0m";"-0.00"
"827";"USTEC_ICM_UTC2";"Buy";"12621.1";"12703.6";"2020.12.16 18:00:00";"2020.12.17 06:28:00";"30.0";"2291.88";"12538.59961";"12703.59961";"21801.48";"0.00";"IST";"PT";"12h 28m";"-183.12"
"828";"USTEC_ICM_UTC2";"Buy";"12723.2";"12640.7";"2020.12.17 18:30:00";"2020.12.18 22:21:00";"30.0";"-2658.12";"12640.70020";"12805.70020";"19143.36";"0.00";"IST";"SL";"1d 3h 51m";"-183.12"
"829";"USTEC_ICM_UTC2";"Buy";"12636.6";"12688.8";"2020.12.18 22:30:00";"2020.12.18 22:55:00";"30.0";"1566.00";"12554.09961";"12719.09961";"20709.36";"0.00";"IST";"End Of Friday (Time)";"25m 0s";"-0.00"
"830";"USTEC_ICM_UTC2";"Buy";"12581.7";"12499.2";"2020.12.21 16:30:00";"2020.12.21 17:14:00";"30.0";"-2475.00";"12499.20020";"12664.20020";"18234.36";"0.00";"IST";"SL";"44m 0s";"-0.00"
"831";"USTEC_ICM_UTC2";"Buy";"12662.5";"12745.0";"2020.12.22 19:00:00";"2020.12.28 01:22:00";"30.0";"1376.28";"12580.00000";"12745.00000";"19610.64";"0.00";"IST";"PT";"5d 6h 22m";"-1098.72"
"832";"USTEC_ICM_UTC2";"Buy";"12825.8";"12908.3";"2020.12.28 18:30:00";"2020.12.29 16:33:00";"30.0";"2291.88";"12743.29980";"12908.29980";"21902.52";"0.00";"IST";"PT";"22h 3m";"-183.12"
"833";"USTEC_ICM_UTC2";"Buy";"12871.9";"12954.4";"2020.12.29 18:15:00";"2021.01.04 10:06:00";"30.0";"1376.28";"12789.40039";"12954.40039";"23278.80";"0.00";"IST";"PT";"5d 15h 51m";"-1098.72"
"834";"USTEC_ICM_UTC2";"Buy";"12769.8";"12687.3";"2021.01.04 18:00:00";"2021.01.04 18:53:00";"30.0";"-2475.00";"12687.29980";"12852.29980";"20803.80";"0.00";"IST";"SL";"53m 0s";"-0.00"
"835";"USTEC_ICM_UTC2";"Buy";"12753.7";"12836.2";"2021.01.05 17:30:00";"2021.01.06 02:22:00";"30.0";"2291.88";"12671.20020";"12836.20020";"23095.68";"0.00";"IST";"PT";"8h 52m";"-183.12"
"836";"USTEC_ICM_UTC2";"Buy";"12608.3";"12690.8";"2021.01.06 16:30:00";"2021.01.06 17:10:00";"30.0";"2475.00";"12525.79980";"12690.79980";"25570.68";"0.00";"IST";"PT";"40m 0s";"-0.00"
"837";"USTEC_ICM_UTC2";"Buy";"12897.7";"12980.2";"2021.01.07 20:15:00";"2021.01.08 03:31:00";"30.0";"2291.88";"12815.20020";"12980.20020";"27862.56";"0.00";"IST";"PT";"7h 16m";"-183.12"
"838";"USTEC_ICM_UTC2";"Buy";"13040.0";"12957.5";"2021.01.08 18:15:00";"2021.01.08 20:37:00";"30.0";"-2475.00";"12957.50000";"13122.50000";"25387.56";"0.00";"IST";"SL";"2h 22m";"-0.00"
"839";"USTEC_ICM_UTC2";"Buy";"12985.8";"12903.3";"2021.01.11 18:00:00";"2021.01.11 22:21:00";"30.0";"-2475.00";"12903.29980";"13068.29980";"22912.56";"0.00";"IST";"SL";"4h 21m";"-0.00"
"840";"USTEC_ICM_UTC2";"Buy";"12898.9";"12816.4";"2021.01.12 18:00:00";"2021.01.12 19:07:00";"30.0";"-2475.00";"12816.40039";"12981.40039";"20437.56";"0.00";"IST";"SL";"1h 7m";"-0.00"
"841";"USTEC_ICM_UTC2";"Buy";"12880.7";"12963.2";"2021.01.13 16:45:00";"2021.01.13 17:37:00";"30.0";"2475.00";"12798.20020";"12963.20020";"22912.56";"0.00";"IST";"PT";"52m 0s";"-0.00"
"842";"USTEC_ICM_UTC2";"Buy";"12997.3";"12914.8";"2021.01.14 18:45:00";"2021.01.14 22:18:00";"30.0";"-2475.00";"12914.79980";"13079.79980";"20437.56";"0.00";"IST";"SL";"3h 33m";"-0.00"
"843";"USTEC_ICM_UTC2";"Buy";"12805.7";"12888.2";"2021.01.15 18:15:00";"2021.01.15 20:17:00";"30.0";"2475.00";"12723.20020";"12888.20020";"22912.56";"0.00";"IST";"PT";"2h 2m";"-0.00"
"844";"USTEC_ICM_UTC2";"Buy";"12872.0";"12954.5";"2021.01.19 18:15:00";"2021.01.19 19:45:00";"30.0";"2475.00";"12789.50000";"12954.50000";"25387.56";"0.00";"IST";"PT";"1h 30m";"-0.00"
"845";"USTEC_ICM_UTC2";"Buy";"13244.8";"13327.3";"2021.01.20 18:00:00";"2021.01.20 22:33:00";"30.0";"2475.00";"13162.29980";"13327.29980";"27862.56";"0.00";"IST";"PT";"4h 33m";"-0.00"
"846";"USTEC_ICM_UTC2";"Buy";"13393.9";"13311.4";"2021.01.21 18:00:00";"2021.01.22 14:39:00";"30.0";"-2658.12";"13311.40039";"13476.40039";"25204.44";"0.00";"IST";"SL";"20h 39m";"-183.12"
"847";"USTEC_ICM_UTC2";"Buy";"13352.6";"13388.4";"2021.01.22 17:45:00";"2021.01.22 22:55:00";"30.0";"1074.03";"13270.09961";"13435.09961";"26278.47";"0.00";"IST";"End Of Friday (Time)";"5h 10m";"-0.00"
"848";"USTEC_ICM_UTC2";"Buy";"13358.9";"13276.4";"2021.01.25 18:00:00";"2021.01.25 18:04:00";"30.0";"-2475.00";"13276.40039";"13441.40039";"23803.47";"0.00";"IST";"SL";"4m 0s";"-0.00"
"849";"USTEC_ICM_UTC2";"Buy";"13493.3";"13575.8";"2021.01.26 18:15:00";"2021.01.26 23:03:00";"30.0";"2475.00";"13410.79980";"13575.79980";"26278.47";"0.00";"IST";"PT";"4h 48m";"-0.00"
"850";"USTEC_ICM_UTC2";"Buy";"13401.4";"13318.9";"2021.01.27 16:30:00";"2021.01.27 16:32:00";"30.0";"-2475.00";"13318.90039";"13483.90039";"23803.47";"0.00";"IST";"SL";"2m 0s";"-0.00"
"851";"USTEC_ICM_UTC2";"Buy";"13164.7";"13247.2";"2021.01.28 16:30:00";"2021.01.28 16:43:00";"30.0";"2475.00";"13082.20020";"13247.20020";"26278.47";"0.00";"IST";"PT";"13m 0s";"-0.00"
"852";"USTEC_ICM_UTC2";"Buy";"13118.2";"13035.7";"2021.01.29 16:30:00";"2021.01.29 16:40:00";"30.0";"-2475.00";"13035.70020";"13200.70020";"23803.47";"0.00";"IST";"SL";"10m 0s";"-0.00"
"853";"USTEC_ICM_UTC2";"Buy";"13252.3";"13334.8";"2021.02.01 19:30:00";"2021.02.02 03:24:00";"30.0";"2291.88";"13169.79980";"13334.79980";"26095.35";"0.00";"IST";"PT";"7h 54m";"-183.12"
"854";"USTEC_ICM_UTC2";"Buy";"13472.7";"13555.2";"2021.02.02 19:30:00";"2021.02.03 08:27:00";"30.0";"2291.88";"13390.20020";"13555.20020";"28387.23";"0.00";"IST";"PT";"12h 57m";"-183.12"
"855";"USTEC_ICM_UTC2";"Buy";"13439.0";"13356.5";"2021.02.03 18:15:00";"2021.02.04 07:09:00";"30.0";"-2658.12";"13356.50000";"13521.50000";"25729.11";"0.00";"IST";"SL";"12h 54m";"-183.12"
"856";"USTEC_ICM_UTC2";"Buy";"13456.1";"13538.6";"2021.02.04 18:30:00";"2021.02.04 22:54:00";"30.0";"2475.00";"13373.59961";"13538.59961";"28204.11";"0.00";"IST";"PT";"4h 24m";"-0.00"
"857";"USTEC_ICM_UTC2";"Buy";"13562.3";"13594.7";"2021.02.05 18:15:00";"2021.02.05 22:55:00";"30.0";"972.00";"13479.79980";"13644.79980";"29176.11";"0.00";"IST";"End Of Friday (Time)";"4h 40m";"-0.00"
"858";"USTEC_ICM_UTC2";"Buy";"13646.9";"13729.4";"2021.02.08 18:30:00";"2021.02.09 17:13:00";"30.0";"2291.88";"13564.40039";"13729.40039";"31467.99";"0.00";"IST";"PT";"22h 43m";"-183.12"
"859";"USTEC_ICM_UTC2";"Buy";"13695.4";"13612.9";"2021.02.09 18:15:00";"2021.02.10 17:22:00";"30.0";"-2658.12";"13612.90039";"13777.90039";"28809.87";"0.00";"IST";"SL";"23h 7m";"-183.12"
"860";"USTEC_ICM_UTC2";"Buy";"13615.9";"13698.4";"2021.02.10 18:00:00";"2021.02.10 22:00:00";"30.0";"2475.00";"13533.40039";"13698.40039";"31284.87";"0.00";"IST";"PT";"4h 0m";"-0.00"
"861";"USTEC_ICM_UTC2";"Buy";"13728.5";"13646.0";"2021.02.11 19:00:00";"2021.02.11 19:45:00";"30.0";"-2475.00";"13646.00000";"13811.00000";"28809.87";"0.00";"IST";"SL";"45m 0s";"-0.00"
"862";"USTEC_ICM_UTC2";"Buy";"13736.5";"13803.6";"2021.02.12 18:45:00";"2021.02.12 22:55:00";"30.0";"2013.00";"13654.00000";"13819.00000";"30822.87";"0.00";"IST";"End Of Friday (Time)";"4h 10m";"-0.00"
"863";"USTEC_ICM_UTC2";"Buy";"13841.8";"13759.3";"2021.02.16 16:30:00";"2021.02.16 18:51:00";"30.0";"-2475.00";"13759.29980";"13924.29980";"28347.87";"0.00";"IST";"SL";"2h 21m";"-0.00"
"864";"USTEC_ICM_UTC2";"Buy";"13629.8";"13712.3";"2021.02.17 17:15:00";"2021.02.17 22:50:00";"30.0";"2475.00";"13547.29980";"13712.29980";"30822.87";"0.00";"IST";"PT";"5h 35m";"-0.00"
"865";"USTEC_ICM_UTC2";"Buy";"13532.8";"13615.3";"2021.02.18 18:00:00";"2021.02.18 20:38:00";"30.0";"2475.00";"13450.29980";"13615.29980";"33297.87";"0.00";"IST";"PT";"2h 38m";"-0.00"
"866";"USTEC_ICM_UTC2";"Buy";"13697.3";"13614.8";"2021.02.19 18:30:00";"2021.02.19 19:24:00";"30.0";"-2475.00";"13614.79980";"13779.79980";"30822.87";"0.00";"IST";"SL";"54m 0s";"-0.00"
"867";"USTEC_ICM_UTC2";"Buy";"13395.2";"13312.7";"2021.02.22 16:30:00";"2021.02.22 17:53:00";"30.0";"-2475.00";"13312.70020";"13477.70020";"28347.87";"0.00";"IST";"SL";"1h 23m";"-0.00"
"868";"USTEC_ICM_UTC2";"Buy";"13004.6";"12922.1";"2021.02.23 16:30:00";"2021.02.23 16:38:00";"30.0";"-2475.00";"12922.09961";"13087.09961";"25872.87";"0.00";"IST";"SL";"8m 0s";"-0.00"
"869";"USTEC_ICM_UTC2";"Buy";"12992.4";"13074.9";"2021.02.24 17:15:00";"2021.02.24 17:24:00";"30.0";"2475.00";"12909.90039";"13074.90039";"28347.87";"0.00";"IST";"PT";"9m 0s";"-0.00"
"870";"USTEC_ICM_UTC2";"Buy";"13160.7";"13078.2";"2021.02.25 17:30:00";"2021.02.25 17:50:00";"30.0";"-2475.00";"13078.20020";"13243.20020";"25872.87";"0.00";"IST";"SL";"20m 0s";"-0.00"
"871";"USTEC_ICM_UTC2";"Buy";"12959.0";"12876.5";"2021.02.26 16:30:00";"2021.02.26 16:55:00";"30.0";"-2475.00";"12876.50000";"13041.50000";"23397.87";"0.00";"IST";"SL";"25m 0s";"-0.00"
"872";"USTEC_ICM_UTC2";"Buy";"13170.4";"13087.9";"2021.03.02 18:15:00";"2021.03.02 22:50:00";"30.0";"-2475.00";"13087.90039";"13252.90039";"20922.87";"0.00";"IST";"SL";"4h 35m";"-0.00"
"873";"USTEC_ICM_UTC2";"Buy";"12855.0";"12937.5";"2021.03.03 17:30:00";"2021.03.03 18:01:00";"30.0";"2475.00";"12772.50000";"12937.50000";"23397.87";"0.00";"IST";"PT";"31m 0s";"-0.00"
"874";"USTEC_ICM_UTC2";"Buy";"12670.1";"12752.6";"2021.03.04 16:30:00";"2021.03.04 16:34:00";"30.0";"2475.00";"12587.59961";"12752.59961";"25872.87";"0.00";"IST";"PT";"4m 0s";"-0.00"
"875";"USTEC_ICM_UTC2";"Buy";"12345.5";"12263.0";"2021.03.05 18:00:00";"2021.03.05 18:15:00";"30.0";"-2475.00";"12263.00000";"12428.00000";"23397.87";"0.00";"IST";"SL";"15m 0s";"-0.00"
"876";"USTEC_ICM_UTC2";"Buy";"12638.6";"12556.1";"2021.03.08 18:00:00";"2021.03.08 18:43:00";"30.0";"-2475.00";"12556.09961";"12721.09961";"20922.87";"0.00";"IST";"SL";"43m 0s";"-0.00"
"877";"USTEC_ICM_UTC2";"Buy";"12787.8";"12705.3";"2021.03.09 19:30:00";"2021.03.10 13:27:00";"30.0";"-2658.12";"12705.29980";"12870.29980";"18264.75";"0.00";"IST";"SL";"17h 57m";"-183.12"
"878";"USTEC_ICM_UTC2";"Buy";"12914.8";"12832.3";"2021.03.10 17:00:00";"2021.03.10 17:25:00";"30.0";"-2475.00";"12832.29980";"12997.29980";"15789.75";"0.00";"IST";"SL";"25m 0s";"-0.00"
"879";"USTEC_ICM_UTC2";"Buy";"13054.3";"12971.8";"2021.03.11 18:30:00";"2021.03.12 08:50:00";"30.0";"-2658.12";"12971.79980";"13136.79980";"13131.63";"0.00";"IST";"SL";"14h 20m";"-183.12"
"880";"USTEC_ICM_UTC2";"Buy";"12868.9";"12786.4";"2021.03.12 16:30:00";"2021.03.12 17:27:00";"30.0";"-2475.00";"12786.40039";"12951.40039";"10656.63";"0.00";"IST";"SL";"57m 0s";"-0.00"
"881";"USTEC_ICM_UTC2";"Buy";"12917.3";"12999.8";"2021.03.15 17:30:00";"2021.03.15 20:15:00";"30.0";"2475.00";"12834.79980";"12999.79980";"13131.63";"0.00";"IST";"PT";"2h 45m";"-0.00"
"882";"USTEC_ICM_UTC2";"Buy";"13272.4";"13189.9";"2021.03.16 17:45:00";"2021.03.16 18:26:00";"30.0";"-2475.00";"13189.90039";"13354.90039";"10656.63";"0.00";"IST";"SL";"41m 0s";"-0.00"
"883";"USTEC_ICM_UTC2";"Buy";"13022.5";"13105.0";"2021.03.17 17:00:00";"2021.03.17 20:01:00";"30.0";"2475.00";"12940.00000";"13105.00000";"13131.63";"0.00";"IST";"PT";"3h 1m";"-0.00"
"884";"USTEC_ICM_UTC2";"Buy";"12968.0";"12885.5";"2021.03.18 16:30:00";"2021.03.18 20:34:00";"30.0";"-2475.00";"12885.50000";"13050.50000";"10656.63";"0.00";"IST";"SL";"4h 4m";"-0.00"
"885";"USTEC_ICM_UTC2";"Buy";"12840.7";"12923.2";"2021.03.19 16:45:00";"2021.03.22 03:55:00";"30.0";"1925.64";"12758.20020";"12923.20020";"12582.27";"0.00";"IST";"PT";"2d 11h 10m";"-549.36"
"886";"USTEC_ICM_UTC2";"Buy";"13137.5";"13055.0";"2021.03.23 17:00:00";"2021.03.23 20:59:00";"30.0";"-2475.00";"13055.00000";"13220.00000";"10107.27";"0.00";"IST";"SL";"3h 59m";"-0.00"
"887";"USTEC_ICM_UTC2";"Buy";"13040.3";"12957.8";"2021.03.24 17:15:00";"2021.03.24 18:47:00";"30.0";"-2475.00";"12957.79980";"13122.79980";"7632.27";"0.00";"IST";"SL";"1h 32m";"-0.00"
"888";"USTEC_ICM_UTC2";"Buy";"12756.5";"12674.0";"2021.03.25 16:30:00";"2021.03.25 16:51:00";"30.0";"-2475.00";"12674.00000";"12839.00000";"5157.27";"0.00";"IST";"SL";"21m 0s";"-0.00"
"889";"USTEC_ICM_UTC2";"Buy";"12839.9";"12757.4";"2021.03.26 16:30:00";"2021.03.26 20:10:00";"30.0";"-2475.00";"12757.40039";"12922.40039";"2682.27";"0.00";"IST";"SL";"3h 40m";"-0.00"
"890";"USTEC_ICM_UTC2";"Buy";"12867.2";"12949.7";"2021.03.29 18:15:00";"2021.03.29 19:42:00";"30.0";"2475.00";"12784.70020";"12949.70020";"5157.27";"0.00";"IST";"PT";"1h 27m";"-0.00"
"891";"USTEC_ICM_UTC2";"Buy";"12890.0";"12972.5";"2021.03.30 18:15:00";"2021.03.31 13:42:00";"30.0";"2291.88";"12807.50000";"12972.50000";"7449.15";"0.00";"IST";"PT";"19h 27m";"-183.12"
"892";"USTEC_ICM_UTC2";"Buy";"13119.1";"13201.6";"2021.03.31 18:15:00";"2021.04.01 10:28:00";"30.0";"2291.88";"13036.59961";"13201.59961";"9741.03";"0.00";"IST";"PT";"16h 13m";"-183.12"
"893";"USTEC_ICM_UTC2";"Buy";"13316.8";"13399.3";"2021.04.01 18:00:00";"2021.04.02 15:30:00";"30.0";"2291.88";"13234.29980";"13399.29980";"12032.91";"0.00";"IST";"PT";"21h 30m";"-183.12"
"894";"USTEC_ICM_UTC2";"Buy";"13485.9";"13568.4";"2021.04.05 17:00:00";"2021.04.05 19:19:00";"30.0";"2475.00";"13403.40039";"13568.40039";"14507.91";"0.00";"IST";"PT";"2h 19m";"-0.00"
"895";"USTEC_ICM_UTC2";"Buy";"13577.2";"13659.7";"2021.04.06 16:30:00";"2021.04.06 18:59:00";"30.0";"2475.00";"13494.70020";"13659.70020";"16982.91";"0.00";"IST";"PT";"2h 29m";"-0.00"
"896";"USTEC_ICM_UTC2";"Buy";"13610.9";"13693.4";"2021.04.07 18:00:00";"2021.04.08 05:40:00";"30.0";"2291.88";"13528.40039";"13693.40039";"19274.79";"0.00";"IST";"PT";"11h 40m";"-183.12"
"897";"USTEC_ICM_UTC2";"Buy";"13729.0";"13811.5";"2021.04.08 18:00:00";"2021.04.09 03:00:00";"30.0";"2291.88";"13646.50000";"13811.50000";"21566.67";"0.00";"IST";"PT";"9h 0m";"-183.12"
"898";"USTEC_ICM_UTC2";"Buy";"13698.8";"13781.3";"2021.04.09 16:30:00";"2021.04.09 18:55:00";"30.0";"2475.00";"13616.29980";"13781.29980";"24041.67";"0.00";"IST";"PT";"2h 25m";"-0.00"
"899";"USTEC_ICM_UTC2";"Buy";"13794.9";"13877.4";"2021.04.12 18:15:00";"2021.04.13 15:39:00";"30.0";"2291.88";"13712.40039";"13877.40039";"26333.55";"0.00";"IST";"PT";"21h 24m";"-183.12"
"900";"USTEC_ICM_UTC2";"Buy";"13953.6";"14036.1";"2021.04.13 17:00:00";"2021.04.14 14:54:00";"30.0";"2291.88";"13871.09961";"14036.09961";"28625.43";"0.00";"IST";"PT";"21h 54m";"-183.12"
"901";"USTEC_ICM_UTC2";"Buy";"13927.5";"13845.0";"2021.04.14 18:00:00";"2021.04.14 20:59:00";"30.0";"-2475.00";"13845.00000";"14010.00000";"26150.43";"0.00";"IST";"SL";"2h 59m";"-0.00"
"902";"USTEC_ICM_UTC2";"Buy";"13992.0";"14039.1";"2021.04.15 18:00:00";"2021.04.16 22:55:00";"30.0";"1229.88";"13909.50000";"14074.50000";"27380.31";"0.00";"IST";"End Of Friday (Time)";"1d 4h 55m";"-183.12"
"903";"USTEC_ICM_UTC2";"Buy";"13910.9";"13828.4";"2021.04.19 17:45:00";"2021.04.19 19:42:00";"30.0";"-2475.00";"13828.40039";"13993.40039";"24905.31";"0.00";"IST";"SL";"1h 57m";"-0.00"
"904";"USTEC_ICM_UTC2";"Buy";"13882.7";"13800.2";"2021.04.20 16:30:00";"2021.04.20 17:53:00";"30.0";"-2475.00";"13800.20020";"13965.20020";"22430.31";"0.00";"IST";"SL";"1h 23m";"-0.00"
"905";"USTEC_ICM_UTC2";"Buy";"13796.2";"13878.7";"2021.04.21 18:00:00";"2021.04.21 18:55:00";"30.0";"2475.00";"13713.70020";"13878.70020";"24905.31";"0.00";"IST";"PT";"55m 0s";"-0.00"
"906";"USTEC_ICM_UTC2";"Buy";"13936.4";"13853.9";"2021.04.22 18:00:00";"2021.04.22 20:11:00";"30.0";"-2475.00";"13853.90039";"14018.90039";"22430.31";"0.00";"IST";"SL";"2h 11m";"-0.00"
"907";"USTEC_ICM_UTC2";"Buy";"13927.3";"13952.7";"2021.04.23 18:45:00";"2021.04.23 22:55:00";"30.0";"762.00";"13844.79980";"14009.79980";"23192.31";"0.00";"IST";"End Of Friday (Time)";"4h 10m";"-0.00"
"908";"USTEC_ICM_UTC2";"Buy";"13969.9";"14052.4";"2021.04.26 18:00:00";"2021.04.27 08:32:00";"30.0";"2291.88";"13887.40039";"14052.40039";"25484.19";"0.00";"IST";"PT";"14h 32m";"-183.12"
"909";"USTEC_ICM_UTC2";"Buy";"13959.9";"14042.4";"2021.04.27 18:00:00";"2021.04.29 11:02:00";"30.0";"2108.76";"13877.40039";"14042.40039";"27592.95";"0.00";"IST";"PT";"1d 17h 2m";"-366.24"
"910";"USTEC_ICM_UTC2";"Buy";"13941.9";"13859.4";"2021.04.29 18:00:00";"2021.04.29 19:00:00";"30.0";"-2475.00";"13859.40039";"14024.40039";"25117.95";"0.00";"IST";"SL";"1h 0m";"-0.00"
"911";"USTEC_ICM_UTC2";"Buy";"13920.3";"13843.3";"2021.04.30 17:00:00";"2021.04.30 22:55:00";"30.0";"-2310.00";"13837.79980";"14002.79980";"22807.95";"0.00";"IST";"End Of Friday (Time)";"5h 55m";"-0.00"
"912";"USTEC_ICM_UTC2";"Buy";"13857.9";"13775.4";"2021.05.03 18:00:00";"2021.05.04 02:23:00";"30.0";"-2658.12";"13775.40039";"13940.40039";"20149.83";"0.00";"IST";"SL";"8h 23m";"-183.12"
"913";"USTEC_ICM_UTC2";"Buy";"13693.0";"13610.5";"2021.05.04 16:30:00";"2021.05.04 16:44:00";"30.0";"-2475.00";"13610.50000";"13775.50000";"17674.83";"0.00";"IST";"SL";"14m 0s";"-0.00"
"914";"USTEC_ICM_UTC2";"Buy";"13626.7";"13544.2";"2021.05.05 18:00:00";"2021.05.05 22:02:00";"30.0";"-2475.00";"13544.20020";"13709.20020";"15199.83";"0.00";"IST";"SL";"4h 2m";"-0.00"
"915";"USTEC_ICM_UTC2";"Buy";"13478.2";"13560.7";"2021.05.06 18:00:00";"2021.05.06 18:43:00";"30.0";"2475.00";"13395.70020";"13560.70020";"17674.83";"0.00";"IST";"PT";"43m 0s";"-0.00"
"916";"USTEC_ICM_UTC2";"Buy";"13733.9";"13816.4";"2021.05.07 17:00:00";"2021.05.07 17:20:00";"30.0";"2475.00";"13651.40039";"13816.40039";"20149.83";"0.00";"IST";"PT";"20m 0s";"-0.00"
"917";"USTEC_ICM_UTC2";"Buy";"13491.2";"13408.7";"2021.05.10 18:00:00";"2021.05.10 21:17:00";"30.0";"-2475.00";"13408.70020";"13573.70020";"17674.83";"0.00";"IST";"SL";"3h 17m";"-0.00"
"918";"USTEC_ICM_UTC2";"Buy";"13118.8";"13201.3";"2021.05.11 16:30:00";"2021.05.11 16:42:00";"30.0";"2475.00";"13036.29980";"13201.29980";"20149.83";"0.00";"IST";"PT";"12m 0s";"-0.00"
"919";"USTEC_ICM_UTC2";"Buy";"13166.6";"13084.1";"2021.05.12 17:00:00";"2021.05.12 17:41:00";"30.0";"-2475.00";"13084.09961";"13249.09961";"17674.83";"0.00";"IST";"SL";"41m 0s";"-0.00"
"920";"USTEC_ICM_UTC2";"Buy";"13129.5";"13212.0";"2021.05.13 16:30:00";"2021.05.13 17:13:00";"30.0";"2475.00";"13047.00000";"13212.00000";"20149.83";"0.00";"IST";"PT";"43m 0s";"-0.00"
"921";"USTEC_ICM_UTC2";"Buy";"13272.8";"13355.3";"2021.05.17 18:15:00";"2021.05.18 04:09:00";"30.0";"2291.88";"13190.29980";"13355.29980";"22441.71";"0.00";"IST";"PT";"9h 54m";"-183.12"
"922";"USTEC_ICM_UTC2";"Buy";"13381.2";"13298.7";"2021.05.18 18:30:00";"2021.05.18 21:34:00";"30.0";"-2475.00";"13298.70020";"13463.70020";"19966.71";"0.00";"IST";"SL";"3h 4m";"-0.00"
"923";"USTEC_ICM_UTC2";"Buy";"12989.0";"13071.5";"2021.05.19 16:30:00";"2021.05.19 16:45:00";"30.0";"2475.00";"12906.50000";"13071.50000";"22441.71";"0.00";"IST";"PT";"15m 0s";"-0.00"
"924";"USTEC_ICM_UTC2";"Buy";"13473.4";"13555.9";"2021.05.20 18:30:00";"2021.05.21 16:25:00";"30.0";"2291.88";"13390.90039";"13555.90039";"24733.59";"0.00";"IST";"PT";"21h 55m";"-183.12"
"925";"USTEC_ICM_UTC2";"Buy";"13479.7";"13409.7";"2021.05.21 18:15:00";"2021.05.21 22:55:00";"30.0";"-2100.00";"13397.20020";"13562.20020";"22633.59";"0.00";"IST";"End Of Friday (Time)";"4h 40m";"-0.00"
"926";"USTEC_ICM_UTC2";"Buy";"13657.6";"13740.1";"2021.05.24 18:45:00";"2021.05.28 16:41:00";"30.0";"1742.52";"13575.09961";"13740.09961";"24376.11";"0.00";"IST";"PT";"3d 21h 56m";"-732.48"
"927";"USTEC_ICM_UTC2";"Buy";"13719.8";"13698.7";"2021.05.28 18:00:00";"2021.05.28 22:55:00";"30.0";"-633.00";"13637.29980";"13802.29980";"23743.11";"0.00";"IST";"End Of Friday (Time)";"4h 55m";"-0.00"
"928";"USTEC_ICM_UTC2";"Buy";"13756.0";"13673.5";"2021.06.01 16:30:00";"2021.06.01 17:14:00";"30.0";"-2475.00";"13673.50000";"13838.50000";"21268.11";"0.00";"IST";"SL";"44m 0s";"-0.00"
"929";"USTEC_ICM_UTC2";"Buy";"13697.9";"13615.4";"2021.06.02 18:15:00";"2021.06.02 21:13:00";"30.0";"-2475.00";"13615.40039";"13780.40039";"18793.11";"0.00";"IST";"SL";"2h 58m";"-0.00"
"930";"USTEC_ICM_UTC2";"Buy";"13559.2";"13476.7";"2021.06.03 16:30:00";"2021.06.03 16:49:00";"30.0";"-2475.00";"13476.70020";"13641.70020";"16318.11";"0.00";"IST";"SL";"19m 0s";"-0.00"
"931";"USTEC_ICM_UTC2";"Buy";"13702.3";"13775.3";"2021.06.04 17:00:00";"2021.06.04 22:55:00";"30.0";"2190.00";"13619.79980";"13784.79980";"18508.11";"0.00";"IST";"End Of Friday (Time)";"5h 55m";"-0.00"
"932";"USTEC_ICM_UTC2";"Buy";"13739.2";"13822.5";"2021.06.07 16:30:00";"2021.06.08 01:00:00";"30.0";"2314.59";"13656.70020";"13821.70020";"20822.70";"0.00";"IST";"PT";"8h 30m";"-183.12"
"933";"USTEC_ICM_UTC2";"Buy";"13882.1";"13799.6";"2021.06.08 16:30:00";"2021.06.08 17:58:00";"30.0";"-2475.00";"13799.59961";"13964.59961";"18347.70";"0.00";"IST";"SL";"1h 28m";"-0.00"
"934";"USTEC_ICM_UTC2";"Buy";"13847.7";"13765.2";"2021.06.09 18:00:00";"2021.06.10 11:29:00";"30.0";"-2658.12";"13765.20020";"13930.20020";"15689.58";"0.00";"IST";"SL";"17h 29m";"-183.12"
"935";"USTEC_ICM_UTC2";"Buy";"13831.2";"13913.7";"2021.06.10 16:30:00";"2021.06.10 16:39:00";"30.0";"2475.00";"13748.70020";"13913.70020";"18164.58";"0.00";"IST";"PT";"9m 0s";"-0.00"
"936";"USTEC_ICM_UTC2";"Buy";"13959.8";"13986.3";"2021.06.11 18:15:00";"2021.06.11 22:55:00";"30.0";"795.00";"13877.29980";"14042.29980";"18959.58";"0.00";"IST";"End Of Friday (Time)";"4h 40m";"-0.00"
"937";"USTEC_ICM_UTC2";"Buy";"14020.5";"14103.0";"2021.06.14 18:00:00";"2021.06.14 22:53:00";"30.0";"2475.00";"13938.00000";"14103.00000";"21434.58";"0.00";"IST";"PT";"4h 53m";"-0.00"
"938";"USTEC_ICM_UTC2";"Buy";"14066.2";"13983.7";"2021.06.15 18:00:00";"2021.06.16 19:25:00";"30.0";"-2658.12";"13983.70020";"14148.70020";"18776.46";"0.00";"IST";"SL";"1d 1h 25m";"-183.12"
"939";"USTEC_ICM_UTC2";"Buy";"13999.7";"13917.2";"2021.06.16 19:30:00";"2021.06.16 21:01:00";"30.0";"-2475.00";"13917.20020";"14082.20020";"16301.46";"0.00";"IST";"SL";"1h 31m";"-0.00"
"940";"USTEC_ICM_UTC2";"Buy";"14032.6";"14115.1";"2021.06.17 17:00:00";"2021.06.17 17:30:00";"30.0";"2475.00";"13950.09961";"14115.09961";"18776.46";"0.00";"IST";"PT";"30m 0s";"-0.00"
"941";"USTEC_ICM_UTC2";"Buy";"14122.9";"14040.4";"2021.06.18 16:45:00";"2021.06.18 18:13:00";"30.0";"-2475.00";"14040.40039";"14205.40039";"16301.46";"0.00";"IST";"SL";"1h 28m";"-0.00"
"942";"USTEC_ICM_UTC2";"Buy";"14107.2";"14189.7";"2021.06.21 18:00:00";"2021.06.22 17:31:00";"30.0";"2291.88";"14024.70020";"14189.70020";"18593.34";"0.00";"IST";"PT";"23h 31m";"-183.12"
"943";"USTEC_ICM_UTC2";"Buy";"14165.3";"14247.8";"2021.06.22 17:45:00";"2021.06.22 21:56:00";"30.0";"2475.00";"14082.79980";"14247.79980";"21068.34";"0.00";"IST";"PT";"4h 11m";"-0.00"
"944";"USTEC_ICM_UTC2";"Buy";"14289.0";"14371.5";"2021.06.23 18:00:00";"2021.06.24 16:31:00";"30.0";"2291.88";"14206.50000";"14371.50000";"23360.22";"0.00";"IST";"PT";"22h 31m";"-183.12"
"945";"USTEC_ICM_UTC2";"Buy";"14399.5";"14334.9";"2021.06.24 18:00:00";"2021.06.25 22:55:00";"30.0";"-2121.12";"14317.00000";"14482.00000";"21239.10";"0.00";"IST";"End Of Friday (Time)";"1d 4h 55m";"-183.12"
"946";"USTEC_ICM_UTC2";"Buy";"14468.9";"14551.4";"2021.06.28 18:00:00";"2021.06.29 19:25:00";"30.0";"2291.88";"14386.40039";"14551.40039";"23530.98";"0.00";"IST";"PT";"1d 1h 25m";"-183.12"
"947";"USTEC_ICM_UTC2";"Buy";"14558.4";"14640.9";"2021.06.29 19:30:00";"2021.07.02 15:35:00";"30.0";"1925.64";"14475.90039";"14640.90039";"25456.62";"0.00";"IST";"PT";"2d 20h 5m";"-549.36"
"948";"USTEC_ICM_UTC2";"Buy";"14662.2";"14732.4";"2021.07.02 17:00:00";"2021.07.02 22:55:00";"30.0";"2106.00";"14579.70020";"14744.70020";"27562.62";"0.00";"IST";"End Of Friday (Time)";"5h 55m";"-0.00"
"949";"USTEC_ICM_UTC2";"Buy";"14747.6";"14665.1";"2021.07.06 16:30:00";"2021.07.06 19:15:00";"30.0";"-2475.00";"14665.09961";"14830.09961";"25087.62";"0.00";"IST";"SL";"2h 45m";"-0.00"
"950";"USTEC_ICM_UTC2";"Buy";"14879.2";"14796.7";"2021.07.07 16:30:00";"2021.07.07 17:29:00";"30.0";"-2475.00";"14796.70020";"14961.70020";"22612.62";"0.00";"IST";"SL";"59m 0s";"-0.00"
"951";"USTEC_ICM_UTC2";"Buy";"14603.7";"14686.2";"2021.07.08 16:30:00";"2021.07.08 18:50:00";"30.0";"2475.00";"14521.20020";"14686.20020";"25087.62";"0.00";"IST";"PT";"2h 20m";"-0.00"
"952";"USTEC_ICM_UTC2";"Buy";"14786.7";"14830.8";"2021.07.09 18:15:00";"2021.07.09 22:55:00";"30.0";"1323.00";"14704.20020";"14869.20020";"26410.62";"0.00";"IST";"End Of Friday (Time)";"4h 40m";"-0.00"
"953";"USTEC_ICM_UTC2";"Buy";"14854.4";"14936.9";"2021.07.12 18:00:00";"2021.07.13 13:05:00";"30.0";"2291.88";"14771.90039";"14936.90039";"28702.50";"0.00";"IST";"PT";"19h 5m";"-183.12"
"954";"USTEC_ICM_UTC2";"Buy";"14925.1";"14842.6";"2021.07.13 17:00:00";"2021.07.13 21:03:00";"30.0";"-2475.00";"14842.59961";"15007.59961";"26227.50";"0.00";"IST";"SL";"4h 3m";"-0.00"
"955";"USTEC_ICM_UTC2";"Buy";"14953.4";"14870.9";"2021.07.14 17:00:00";"2021.07.14 18:59:00";"30.0";"-2475.00";"14870.90039";"15035.90039";"23752.50";"0.00";"IST";"SL";"1h 59m";"-0.00"
"956";"USTEC_ICM_UTC2";"Buy";"14899.9";"14817.4";"2021.07.15 16:30:00";"2021.07.15 16:38:00";"30.0";"-2475.00";"14817.40039";"14982.40039";"21277.50";"0.00";"IST";"SL";"8m 0s";"-0.00"
"957";"USTEC_ICM_UTC2";"Buy";"14719.2";"14678.6";"2021.07.16 18:30:00";"2021.07.16 22:55:00";"30.0";"-1218.03";"14636.70020";"14801.70020";"20059.47";"0.00";"IST";"End Of Friday (Time)";"4h 25m";"-0.00"
"958";"USTEC_ICM_UTC2";"Buy";"14534.9";"14617.4";"2021.07.19 16:30:00";"2021.07.20 04:15:00";"30.0";"2291.88";"14452.40039";"14617.40039";"22351.35";"0.00";"IST";"PT";"11h 45m";"-183.12"
"959";"USTEC_ICM_UTC2";"Buy";"14676.1";"14758.6";"2021.07.20 18:15:00";"2021.07.20 21:10:00";"30.0";"2475.00";"14593.59961";"14758.59961";"24826.35";"0.00";"IST";"PT";"2h 55m";"-0.00"
"960";"USTEC_ICM_UTC2";"Buy";"14776.6";"14859.1";"2021.07.21 18:00:00";"2021.07.22 04:36:00";"30.0";"2291.88";"14694.09961";"14859.09961";"27118.23";"0.00";"IST";"PT";"10h 36m";"-183.12"
"961";"USTEC_ICM_UTC2";"Buy";"14922.5";"15005.0";"2021.07.22 18:00:00";"2021.07.23 03:50:00";"30.0";"2291.88";"14840.00000";"15005.00000";"29410.11";"0.00";"IST";"PT";"9h 50m";"-183.12"
"962";"USTEC_ICM_UTC2";"Buy";"15027.2";"15109.7";"2021.07.23 18:00:00";"2021.07.23 20:19:00";"30.0";"2475.00";"14944.70020";"15109.70020";"31885.11";"0.00";"IST";"PT";"2h 19m";"-0.00"
"963";"USTEC_ICM_UTC2";"Buy";"15084.6";"15002.1";"2021.07.26 16:30:00";"2021.07.27 17:13:00";"30.0";"-2658.12";"15002.09961";"15167.09961";"29226.99";"0.00";"IST";"SL";"1d 0h 43m";"-183.12"
"964";"USTEC_ICM_UTC2";"Buy";"14981.1";"14898.6";"2021.07.27 17:15:00";"2021.07.27 17:53:00";"30.0";"-2475.00";"14898.59961";"15063.59961";"26751.99";"0.00";"IST";"SL";"38m 0s";"-0.00"
"965";"USTEC_ICM_UTC2";"Buy";"15050.4";"14967.9";"2021.07.28 18:00:00";"2021.07.28 20:18:00";"30.0";"-2475.00";"14967.90039";"15132.90039";"24276.99";"0.00";"IST";"SL";"2h 18m";"-0.00"
"966";"USTEC_ICM_UTC2";"Buy";"15079.8";"14997.3";"2021.07.29 18:15:00";"2021.07.29 23:01:00";"30.0";"-2475.00";"14997.29980";"15162.29980";"21801.99";"0.00";"IST";"SL";"4h 46m";"-0.00"
"967";"USTEC_ICM_UTC2";"Buy";"14942.3";"14952.0";"2021.07.30 18:00:00";"2021.07.30 22:55:00";"30.0";"291.00";"14859.79980";"15024.79980";"22092.99";"0.00";"IST";"End Of Friday (Time)";"4h 55m";"-0.00"
"968";"USTEC_ICM_UTC2";"Buy";"15039.0";"14956.5";"2021.08.02 18:00:00";"2021.08.02 22:40:00";"30.0";"-2475.00";"14956.50000";"15121.50000";"19617.99";"0.00";"IST";"SL";"4h 40m";"-0.00"
"969";"USTEC_ICM_UTC2";"Buy";"14892.5";"14975.0";"2021.08.03 18:15:00";"2021.08.03 18:44:00";"30.0";"2475.00";"14810.00000";"14975.00000";"22092.99";"0.00";"IST";"PT";"29m 0s";"-0.00"
"970";"USTEC_ICM_UTC2";"Buy";"15057.2";"15139.7";"2021.08.04 18:15:00";"2021.08.05 16:53:00";"30.0";"2291.88";"14974.70020";"15139.70020";"24384.87";"0.00";"IST";"PT";"22h 38m";"-183.12"
"971";"USTEC_ICM_UTC2";"Buy";"15164.3";"15081.8";"2021.08.05 18:30:00";"2021.08.06 17:56:00";"30.0";"-2658.12";"15081.79980";"15246.79980";"21726.75";"0.00";"IST";"SL";"23h 26m";"-183.12"
"972";"USTEC_ICM_UTC2";"Buy";"15090.9";"15103.0";"2021.08.06 18:00:00";"2021.08.06 22:55:00";"30.0";"363.00";"15008.40039";"15173.40039";"22089.75";"0.00";"IST";"End Of Friday (Time)";"4h 55m";"-0.00"
"973";"USTEC_ICM_UTC2";"Buy";"15119.9";"15037.4";"2021.08.09 18:00:00";"2021.08.10 17:41:00";"30.0";"-2658.12";"15037.40039";"15202.40039";"19431.63";"0.00";"IST";"SL";"23h 41m";"-183.12"
"974";"USTEC_ICM_UTC2";"Buy";"15045.6";"15128.1";"2021.08.10 18:30:00";"2021.08.11 16:34:00";"30.0";"2291.88";"14963.09961";"15128.09961";"21723.51";"0.00";"IST";"PT";"22h 4m";"-183.12"
"975";"USTEC_ICM_UTC2";"Buy";"15070.5";"14988.0";"2021.08.11 17:00:00";"2021.08.11 18:03:00";"30.0";"-2475.00";"14988.00000";"15153.00000";"19248.51";"0.00";"IST";"SL";"1h 3m";"-0.00"
"976";"USTEC_ICM_UTC2";"Buy";"15061.9";"15144.4";"2021.08.12 18:00:00";"2021.08.13 17:18:00";"30.0";"2291.88";"14979.40039";"15144.40039";"21540.39";"0.00";"IST";"PT";"23h 18m";"-183.12"
"977";"USTEC_ICM_UTC2";"Buy";"15123.2";"15124.6";"2021.08.13 18:15:00";"2021.08.13 22:55:00";"30.0";"41.97";"15040.70020";"15205.70020";"21582.36";"0.00";"IST";"End Of Friday (Time)";"4h 40m";"-0.00"
"978";"USTEC_ICM_UTC2";"Buy";"15088.6";"15006.1";"2021.08.16 16:30:00";"2021.08.16 17:12:00";"30.0";"-2475.00";"15006.09961";"15171.09961";"19107.36";"0.00";"IST";"SL";"42m 0s";"-0.00"
"979";"USTEC_ICM_UTC2";"Buy";"15037.3";"14954.8";"2021.08.17 16:45:00";"2021.08.17 17:00:00";"30.0";"-2475.00";"14954.79980";"15119.79980";"16632.36";"0.00";"IST";"SL";"15m 0s";"-0.00"
"980";"USTEC_ICM_UTC2";"Buy";"14987.2";"14904.7";"2021.08.18 18:15:00";"2021.08.18 22:47:00";"30.0";"-2475.00";"14904.70020";"15069.70020";"14157.36";"0.00";"IST";"SL";"4h 32m";"-0.00"
"981";"USTEC_ICM_UTC2";"Buy";"14777.5";"14860.0";"2021.08.19 16:30:00";"2021.08.19 17:12:00";"30.0";"2475.00";"14695.00000";"14860.00000";"16632.36";"0.00";"IST";"PT";"42m 0s";"-0.00"
"982";"USTEC_ICM_UTC2";"Buy";"15061.7";"15092.3";"2021.08.20 18:15:00";"2021.08.20 22:55:00";"30.0";"918.00";"14979.20020";"15144.20020";"17550.36";"0.00";"IST";"End Of Friday (Time)";"4h 40m";"-0.00"
"983";"USTEC_ICM_UTC2";"Buy";"15275.3";"15357.8";"2021.08.23 18:30:00";"2021.08.24 09:35:00";"30.0";"2291.88";"15192.79980";"15357.79980";"19842.24";"0.00";"IST";"PT";"15h 5m";"-183.12"
"984";"USTEC_ICM_UTC2";"Buy";"15335.4";"15417.9";"2021.08.24 17:00:00";"2021.08.27 17:15:00";"30.0";"1925.64";"15252.90039";"15417.90039";"21767.88";"0.00";"IST";"PT";"3d 0h 15m";"-549.36"
"985";"USTEC_ICM_UTC2";"Buy";"15401.9";"15432.1";"2021.08.27 18:15:00";"2021.08.27 22:55:00";"30.0";"905.97";"15319.40039";"15484.40039";"22673.85";"0.00";"IST";"End Of Friday (Time)";"4h 40m";"-0.00"
"986";"USTEC_ICM_UTC2";"Buy";"15585.2";"15667.7";"2021.08.30 18:15:00";"2021.08.31 08:35:00";"30.0";"2291.88";"15502.70020";"15667.70020";"24965.73";"0.00";"IST";"PT";"14h 20m";"-183.12"
"987";"USTEC_ICM_UTC2";"Buy";"15610.1";"15527.6";"2021.08.31 16:30:00";"2021.08.31 16:55:00";"30.0";"-2475.00";"15527.59961";"15692.59961";"22490.73";"0.00";"IST";"SL";"25m 0s";"-0.00"
"988";"USTEC_ICM_UTC2";"Buy";"15677.2";"15594.7";"2021.09.01 18:00:00";"2021.09.02 20:24:00";"30.0";"-2658.12";"15594.70020";"15759.70020";"19832.61";"0.00";"IST";"SL";"1d 2h 24m";"-183.12"
"989";"USTEC_ICM_UTC2";"Buy";"15595.0";"15643.1";"2021.09.02 20:30:00";"2021.09.03 22:55:00";"30.0";"1259.88";"15512.50000";"15677.50000";"21092.49";"0.00";"IST";"End Of Friday (Time)";"1d 2h 25m";"-183.12"
"990";"USTEC_ICM_UTC2";"Buy";"15654.8";"15572.3";"2021.09.07 16:30:00";"2021.09.08 17:38:00";"30.0";"-2658.12";"15572.29980";"15737.29980";"18434.37";"0.00";"IST";"SL";"1d 1h 8m";"-183.12"
"991";"USTEC_ICM_UTC2";"Buy";"15566.1";"15648.6";"2021.09.08 17:45:00";"2021.09.09 16:35:00";"30.0";"2291.88";"15483.59961";"15648.59961";"20726.25";"0.00";"IST";"PT";"22h 50m";"-183.12"
"992";"USTEC_ICM_UTC2";"Buy";"15668.2";"15585.7";"2021.09.09 16:45:00";"2021.09.09 20:21:00";"30.0";"-2475.00";"15585.70020";"15750.70020";"18251.25";"0.00";"IST";"SL";"3h 36m";"-0.00"
"993";"USTEC_ICM_UTC2";"Buy";"15563.0";"15480.5";"2021.09.10 18:45:00";"2021.09.10 22:31:00";"30.0";"-2475.00";"15480.50000";"15645.50000";"15776.25";"0.00";"IST";"SL";"3h 46m";"-0.00"
"994";"USTEC_ICM_UTC2";"Buy";"15426.5";"15509.0";"2021.09.13 18:00:00";"2021.09.14 16:30:00";"30.0";"2291.88";"15344.00000";"15509.00000";"18068.13";"0.00";"IST";"PT";"22h 30m";"-183.12"
"995";"USTEC_ICM_UTC2";"Buy";"15437.5";"15355.0";"2021.09.14 17:00:00";"2021.09.14 21:50:00";"30.0";"-2475.00";"15355.00000";"15520.00000";"15593.13";"0.00";"IST";"SL";"4h 50m";"-0.00"
"996";"USTEC_ICM_UTC2";"Buy";"15371.7";"15454.2";"2021.09.15 18:00:00";"2021.09.15 20:06:00";"30.0";"2475.00";"15289.20020";"15454.20020";"18068.13";"0.00";"IST";"PT";"2h 6m";"-0.00"
"997";"USTEC_ICM_UTC2";"Buy";"15397.3";"15479.8";"2021.09.16 18:00:00";"2021.09.16 20:55:00";"30.0";"2475.00";"15314.79980";"15479.79980";"20543.13";"0.00";"IST";"PT";"2h 55m";"-0.00"
"998";"USTEC_ICM_UTC2";"Buy";"15364.1";"15333.2";"2021.09.17 18:00:00";"2021.09.17 22:55:00";"30.0";"-926.97";"15281.59961";"15446.59961";"19616.16";"0.00";"IST";"End Of Friday (Time)";"4h 55m";"-0.00"
"999";"USTEC_ICM_UTC2";"Buy";"15087.8";"15005.3";"2021.09.20 16:30:00";"2021.09.20 17:47:00";"30.0";"-2475.00";"15005.29980";"15170.29980";"17141.16";"0.00";"IST";"SL";"1h 17m";"-0.00"
"1000";"USTEC_ICM_UTC2";"Buy";"15087.8";"15005.3";"2021.09.21 18:15:00";"2021.09.21 23:08:00";"30.0";"-2475.00";"15005.29980";"15170.29980";"14666.16";"0.00";"IST";"SL";"4h 53m";"-0.00"
"1001";"USTEC_ICM_UTC2";"Buy";"15132.4";"15214.9";"2021.09.22 22:00:00";"2021.09.22 22:20:00";"30.0";"2475.00";"15049.90039";"15214.90039";"17141.16";"0.00";"IST";"PT";"20m 0s";"-0.00"
"1002";"USTEC_ICM_UTC2";"Buy";"15333.4";"15250.9";"2021.09.23 17:30:00";"2021.09.24 10:02:00";"30.0";"-2658.12";"15250.90039";"15415.90039";"14483.04";"0.00";"IST";"SL";"16h 32m";"-183.12"
"1003";"USTEC_ICM_UTC2";"Buy";"15216.4";"15298.9";"2021.09.24 16:30:00";"2021.09.24 19:41:00";"30.0";"2475.00";"15133.90039";"15298.90039";"16958.04";"0.00";"IST";"PT";"3h 11m";"-0.00"
"1004";"USTEC_ICM_UTC2";"Buy";"15199.5";"15117.0";"2021.09.27 16:30:00";"2021.09.27 16:40:00";"30.0";"-2475.00";"15117.00000";"15282.00000";"14483.04";"0.00";"IST";"SL";"10m 0s";"-0.00"
"1005";"USTEC_ICM_UTC2";"Buy";"15013.1";"14930.6";"2021.09.28 16:30:00";"2021.09.28 16:45:00";"30.0";"-2475.00";"14930.59961";"15095.59961";"12008.04";"0.00";"IST";"SL";"15m 0s";"-0.00"
"1006";"USTEC_ICM_UTC2";"Buy";"14863.1";"14780.6";"2021.09.29 18:15:00";"2021.09.29 18:39:00";"30.0";"-2475.00";"14780.59961";"14945.59961";"9533.04";"0.00";"IST";"SL";"24m 0s";"-0.00"
"1007";"USTEC_ICM_UTC2";"Buy";"14816.8";"14734.3";"2021.09.30 18:15:00";"2021.09.30 18:51:00";"30.0";"-2475.00";"14734.29980";"14899.29980";"7058.04";"0.00";"IST";"SL";"36m 0s";"-0.00"
"1008";"USTEC_ICM_UTC2";"Buy";"14634.2";"14716.7";"2021.10.01 18:00:00";"2021.10.01 18:44:00";"30.0";"2475.00";"14551.70020";"14716.70020";"9533.04";"0.00";"IST";"PT";"44m 0s";"-0.00"
"1009";"USTEC_ICM_UTC2";"Buy";"14454.8";"14537.3";"2021.10.04 18:00:00";"2021.10.05 10:11:00";"30.0";"2291.88";"14372.29980";"14537.29980";"11824.92";"0.00";"IST";"PT";"16h 11m";"-183.12"
"1010";"USTEC_ICM_UTC2";"Buy";"14728.6";"14646.1";"2021.10.05 19:30:00";"2021.10.06 02:49:00";"30.0";"-2658.12";"14646.09961";"14811.09961";"9166.80";"0.00";"IST";"SL";"7h 19m";"-183.12"
"1011";"USTEC_ICM_UTC2";"Buy";"14535.4";"14617.9";"2021.10.06 16:30:00";"2021.10.06 16:39:00";"30.0";"2475.00";"14452.90039";"14617.90039";"11641.80";"0.00";"IST";"PT";"9m 0s";"-0.00"
"1012";"USTEC_ICM_UTC2";"Buy";"14859.7";"14819.1";"2021.10.08 17:00:00";"2021.10.08 22:55:00";"30.0";"-1218.03";"14777.20020";"14942.20020";"10423.77";"0.00";"IST";"End Of Friday (Time)";"5h 55m";"-0.00"
"1013";"USTEC_ICM_UTC2";"Buy";"14877.4";"14794.9";"2021.10.11 18:00:00";"2021.10.11 20:22:00";"30.0";"-2475.00";"14794.90039";"14959.90039";"7948.77";"0.00";"IST";"SL";"2h 22m";"-0.00"
"1014";"USTEC_ICM_UTC2";"Buy";"14652.9";"14735.4";"2021.10.12 18:00:00";"2021.10.12 19:00:00";"30.0";"2475.00";"14570.40039";"14735.40039";"10423.77";"0.00";"IST";"PT";"1h 0m";"-0.00"
"1015";"USTEC_ICM_UTC2";"Buy";"14728.0";"14810.5";"2021.10.13 17:00:00";"2021.10.14 01:32:00";"30.0";"2291.88";"14645.50000";"14810.50000";"12715.65";"0.00";"IST";"PT";"8h 32m";"-183.12"
"1016";"USTEC_ICM_UTC2";"Buy";"15005.9";"15088.4";"2021.10.14 18:30:00";"2021.10.15 05:19:00";"30.0";"2291.88";"14923.40039";"15088.40039";"15007.53";"0.00";"IST";"PT";"10h 49m";"-183.12"
"1017";"USTEC_ICM_UTC2";"Buy";"15124.7";"15136.3";"2021.10.15 18:00:00";"2021.10.15 22:55:00";"30.0";"348.00";"15042.20020";"15207.20020";"15355.53";"0.00";"IST";"End Of Friday (Time)";"4h 55m";"-0.00"
"1018";"USTEC_ICM_UTC2";"Buy";"15090.8";"15173.3";"2021.10.18 16:30:00";"2021.10.18 17:14:00";"30.0";"2475.00";"15008.29980";"15173.29980";"17830.53";"0.00";"IST";"PT";"44m 0s";"-0.00"
"1019";"USTEC_ICM_UTC2";"Buy";"15390.1";"15472.6";"2021.10.19 18:00:00";"2021.10.21 22:16:00";"30.0";"2108.76";"15307.59961";"15472.59961";"19939.29";"0.00";"IST";"PT";"2d 4h 16m";"-366.24"
"1020";"USTEC_ICM_UTC2";"Buy";"15483.8";"15390.9";"2021.10.21 22:30:00";"2021.10.22 01:00:00";"30.0";"-2968.92";"15401.29980";"15566.29980";"16970.37";"0.00";"IST";"SL";"2h 30m";"-183.12"
"1021";"USTEC_ICM_UTC2";"Buy";"15403.5";"15321.0";"2021.10.22 18:15:00";"2021.10.22 18:36:00";"30.0";"-2475.00";"15321.00000";"15486.00000";"14495.37";"0.00";"IST";"SL";"21m 0s";"-0.00"
"1022";"USTEC_ICM_UTC2";"Buy";"15421.0";"15503.5";"2021.10.25 18:00:00";"2021.10.25 19:39:00";"30.0";"2475.00";"15338.50000";"15503.50000";"16970.37";"0.00";"IST";"PT";"1h 39m";"-0.00"
"1023";"USTEC_ICM_UTC2";"Buy";"15681.1";"15598.6";"2021.10.26 18:00:00";"2021.10.26 18:56:00";"30.0";"-2475.00";"15598.59961";"15763.59961";"14495.37";"0.00";"IST";"SL";"56m 0s";"-0.00"
"1024";"USTEC_ICM_UTC2";"Buy";"15653.9";"15736.4";"2021.10.27 17:00:00";"2021.10.28 17:44:00";"30.0";"2291.88";"15571.40039";"15736.40039";"16787.25";"0.00";"IST";"PT";"1d 0h 44m";"-183.12"
"1025";"USTEC_ICM_UTC2";"Buy";"15727.1";"15644.6";"2021.10.28 18:00:00";"2021.10.29 09:05:00";"30.0";"-2658.12";"15644.59961";"15809.59961";"14129.13";"0.00";"IST";"SL";"15h 5m";"-183.12"
"1026";"USTEC_ICM_UTC2";"Buy";"15708.2";"15790.7";"2021.10.29 17:15:00";"2021.10.29 19:23:00";"30.0";"2475.00";"15625.70020";"15790.70020";"16604.13";"0.00";"IST";"PT";"2h 8m";"-0.00"
"1027";"USTEC_ICM_UTC2";"Buy";"15835.9";"15918.4";"2021.11.01 17:15:00";"2021.11.02 15:37:00";"30.0";"2291.88";"15753.40039";"15918.40039";"18896.01";"0.00";"IST";"PT";"22h 22m";"-183.12"
"1028";"USTEC_ICM_UTC2";"Buy";"15963.3";"16045.8";"2021.11.02 17:00:00";"2021.11.03 20:04:00";"30.0";"2291.88";"15880.79980";"16045.79980";"21187.88";"0.00";"IST";"PT";"1d 3h 4m";"-183.12"
"1029";"USTEC_ICM_UTC2";"Buy";"15994.5";"16077.0";"2021.11.03 20:15:00";"2021.11.03 20:48:00";"30.0";"2475.00";"15912.00000";"16077.00000";"23662.88";"0.00";"IST";"PT";"33m 0s";"-0.00"
"1030";"USTEC_ICM_UTC2";"Buy";"16326.3";"16408.8";"2021.11.04 17:00:00";"2021.11.05 11:56:00";"30.0";"2291.91";"16243.79980";"16408.80078";"25954.79";"0.00";"IST";"PT";"18h 56m";"-183.12"
"1031";"USTEC_ICM_UTC2";"Buy";"16429.3";"16346.8";"2021.11.05 16:30:00";"2021.11.05 19:23:00";"30.0";"-2475.03";"16346.79980";"16511.80078";"23479.77";"0.00";"IST";"SL";"2h 53m";"-0.00"
"1032";"USTEC_ICM_UTC2";"Buy";"16369.8";"16287.3";"2021.11.08 18:30:00";"2021.11.09 16:56:00";"30.0";"-2658.12";"16287.29980";"16452.30078";"20821.65";"0.00";"IST";"SL";"22h 26m";"-183.12"
"1033";"USTEC_ICM_UTC2";"Buy";"16239.3";"16156.8";"2021.11.09 18:15:00";"2021.11.10 04:35:00";"30.0";"-2658.12";"16156.79980";"16321.79980";"18163.53";"0.00";"IST";"SL";"10h 20m";"-183.12"
"1034";"USTEC_ICM_UTC2";"Buy";"16106.1";"16188.6";"2021.11.10 16:30:00";"2021.11.10 17:00:00";"30.0";"2475.00";"16023.59961";"16188.59961";"20638.53";"0.00";"IST";"PT";"30m 0s";"-0.00"
"1035";"USTEC_ICM_UTC2";"Buy";"16083.0";"16165.5";"2021.11.11 19:00:00";"2021.11.12 18:16:00";"30.0";"2291.88";"16000.50000";"16165.50000";"22930.41";"0.00";"IST";"PT";"23h 16m";"-183.12"
"1036";"USTEC_ICM_UTC2";"Buy";"16190.6";"16193.3";"2021.11.12 18:30:00";"2021.11.12 22:55:00";"30.0";"81.00";"16108.09961";"16273.09961";"23011.41";"0.00";"IST";"End Of Friday (Time)";"4h 25m";"-0.00"
"1037";"USTEC_ICM_UTC2";"Buy";"16181.7";"16099.2";"2021.11.15 18:15:00";"2021.11.15 18:45:00";"30.0";"-2475.00";"16099.20020";"16264.20020";"20536.41";"0.00";"IST";"SL";"30m 0s";"-0.00"
"1038";"USTEC_ICM_UTC2";"Buy";"16235.7";"16318.2";"2021.11.16 18:00:00";"2021.11.16 20:59:00";"30.0";"2475.00";"16153.20020";"16318.20020";"23011.41";"0.00";"IST";"PT";"2h 59m";"-0.00"
"1039";"USTEC_ICM_UTC2";"Buy";"16345.9";"16428.4";"2021.11.17 18:15:00";"2021.11.18 18:34:00";"30.0";"2291.88";"16263.40039";"16428.40039";"25303.29";"0.00";"IST";"PT";"1d 0h 19m";"-183.12"
"1040";"USTEC_ICM_UTC2";"Buy";"16461.3";"16543.8";"2021.11.18 18:45:00";"2021.11.19 04:28:00";"30.0";"2291.88";"16378.79980";"16543.80078";"27595.17";"0.00";"IST";"PT";"9h 43m";"-183.12"
"1041";"USTEC_ICM_UTC2";"Buy";"16551.2";"16570.2";"2021.11.19 16:30:00";"2021.11.19 22:55:00";"30.0";"570.00";"16468.69922";"16633.69922";"28165.17";"0.00";"IST";"End Of Friday (Time)";"6h 25m";"-0.00"
"1042";"USTEC_ICM_UTC2";"Buy";"16701.7";"16619.2";"2021.11.22 18:00:00";"2021.11.22 18:25:00";"30.0";"-2475.00";"16619.19922";"16784.19922";"25690.17";"0.00";"IST";"SL";"25m 0s";"-0.00"
"1043";"USTEC_ICM_UTC2";"Buy";"16330.8";"16413.3";"2021.11.23 16:30:00";"2021.11.23 16:53:00";"30.0";"2475.03";"16248.29980";"16413.30078";"28165.20";"0.00";"IST";"PT";"23m 0s";"-0.00"
"1044";"USTEC_ICM_UTC2";"Buy";"16189.5";"16272.0";"2021.11.24 17:15:00";"2021.11.24 17:41:00";"30.0";"2475.00";"16107.00000";"16272.00000";"30640.20";"0.00";"IST";"PT";"26m 0s";"-0.00"
"1045";"USTEC_ICM_UTC2";"Buy";"16250.6";"16168.1";"2021.11.26 16:30:00";"2021.11.26 17:04:00";"30.0";"-2475.00";"16168.09961";"16333.09961";"28165.20";"0.00";"IST";"SL";"34m 0s";"-0.00"
"1046";"USTEC_ICM_UTC2";"Buy";"16293.7";"16376.2";"2021.11.29 18:30:00";"2021.11.29 19:06:00";"30.0";"2475.00";"16211.20020";"16376.20020";"30640.20";"0.00";"IST";"PT";"36m 0s";"-0.00"
"1047";"USTEC_ICM_UTC2";"Buy";"16357.6";"16440.1";"2021.11.30 16:30:00";"2021.11.30 17:06:00";"30.0";"2475.00";"16275.09961";"16440.09961";"33115.20";"0.00";"IST";"PT";"36m 0s";"-0.00"
"1048";"USTEC_ICM_UTC2";"Buy";"16352.0";"16269.5";"2021.12.01 19:15:00";"2021.12.01 19:55:00";"30.0";"-2475.00";"16269.50000";"16434.50000";"30640.20";"0.00";"IST";"SL";"40m 0s";"-0.00"
"1049";"USTEC_ICM_UTC2";"Buy";"15995.2";"15912.7";"2021.12.02 17:00:00";"2021.12.02 17:10:00";"30.0";"-2475.00";"15912.70020";"16077.70020";"28165.20";"0.00";"IST";"SL";"10m 0s";"-0.00"
"1050";"USTEC_ICM_UTC2";"Buy";"15673.5";"15591.0";"2021.12.03 18:15:00";"2021.12.03 18:58:00";"30.0";"-2475.00";"15591.00000";"15756.00000";"25690.20";"0.00";"IST";"SL";"43m 0s";"-0.00"
"1051";"USTEC_ICM_UTC2";"Buy";"15732.3";"15814.8";"2021.12.06 18:00:00";"2021.12.06 19:55:00";"30.0";"2475.00";"15649.79980";"15814.79980";"28165.20";"0.00";"IST";"PT";"1h 55m";"-0.00"
"1052";"USTEC_ICM_UTC2";"Buy";"16314.1";"16396.6";"2021.12.07 19:15:00";"2021.12.08 04:17:00";"30.0";"2291.88";"16231.59961";"16396.59961";"30457.07";"0.00";"IST";"PT";"9h 2m";"-183.12"
"1053";"USTEC_ICM_UTC2";"Buy";"16283.7";"16366.2";"2021.12.08 18:00:00";"2021.12.08 20:44:00";"30.0";"2475.00";"16201.20020";"16366.20020";"32932.07";"0.00";"IST";"PT";"2h 44m";"-0.00"
"1054";"USTEC_ICM_UTC2";"Buy";"16305.3";"16222.8";"2021.12.09 18:15:00";"2021.12.09 20:48:00";"30.0";"-2475.00";"16222.79980";"16387.80078";"30457.07";"0.00";"IST";"SL";"2h 33m";"-0.00"
"1055";"USTEC_ICM_UTC2";"Buy";"16218.1";"16300.6";"2021.12.10 17:00:00";"2021.12.10 17:18:00";"30.0";"2475.00";"16135.59961";"16300.59961";"32932.07";"0.00";"IST";"PT";"18m 0s";"-0.00"
"1056";"USTEC_ICM_UTC2";"Buy";"16180.9";"16098.4";"2021.12.13 18:15:00";"2021.12.13 22:54:00";"30.0";"-2475.00";"16098.40039";"16263.40039";"30457.07";"0.00";"IST";"SL";"4h 39m";"-0.00"
"1057";"USTEC_ICM_UTC2";"Buy";"15881.7";"15964.2";"2021.12.14 16:30:00";"2021.12.14 16:40:00";"30.0";"2475.00";"15799.20020";"15964.20020";"32932.07";"0.00";"IST";"PT";"10m 0s";"-0.00"
"1058";"USTEC_ICM_UTC2";"Buy";"15852.2";"15769.7";"2021.12.15 18:00:00";"2021.12.15 18:42:00";"30.0";"-2475.00";"15769.70020";"15934.70020";"30457.07";"0.00";"IST";"SL";"42m 0s";"-0.00"
"1059";"USTEC_ICM_UTC2";"Buy";"16126.0";"16043.5";"2021.12.16 18:00:00";"2021.12.16 18:03:00";"30.0";"-2475.00";"16043.50000";"16208.50000";"27982.07";"0.00";"IST";"SL";"3m 0s";"-0.00"
"1060";"USTEC_ICM_UTC2";"Buy";"15716.0";"15798.5";"2021.12.17 16:30:00";"2021.12.17 16:49:00";"30.0";"2475.00";"15633.50000";"15798.50000";"30457.07";"0.00";"IST";"PT";"19m 0s";"-0.00"
"1061";"USTEC_ICM_UTC2";"Buy";"15531.8";"15614.3";"2021.12.20 18:45:00";"2021.12.20 21:08:00";"30.0";"2475.00";"15449.29980";"15614.29980";"32932.07";"0.00";"IST";"PT";"2h 23m";"-0.00"
"1062";"USTEC_ICM_UTC2";"Buy";"15800.0";"15882.5";"2021.12.21 18:45:00";"2021.12.21 20:20:00";"30.0";"2475.00";"15717.50000";"15882.50000";"35407.07";"0.00";"IST";"PT";"1h 35m";"-0.00"
"1063";"USTEC_ICM_UTC2";"Buy";"16104.7";"16187.2";"2021.12.22 18:00:00";"2021.12.22 23:11:00";"30.0";"2475.00";"16022.20020";"16187.20020";"37882.07";"0.00";"IST";"PT";"5h 11m";"-0.00"
"1064";"USTEC_ICM_UTC2";"Buy";"16310.6";"16393.1";"2021.12.23 18:15:00";"2021.12.27 16:31:00";"30.0";"1742.52";"16228.09961";"16393.09961";"39624.59";"0.00";"IST";"PT";"3d 22h 16m";"-732.48"
"1065";"USTEC_ICM_UTC2";"Buy";"16523.1";"16605.6";"2021.12.27 18:00:00";"2021.12.28 10:57:00";"30.0";"2291.88";"16440.59961";"16605.59961";"41916.48";"0.00";"IST";"PT";"16h 57m";"-183.12"
"1066";"USTEC_ICM_UTC2";"Buy";"16555.1";"16472.6";"2021.12.28 17:30:00";"2021.12.28 19:34:00";"30.0";"-2475.00";"16472.59961";"16637.59961";"39441.48";"0.00";"IST";"SL";"2h 4m";"-0.00"
"1067";"USTEC_ICM_UTC2";"Buy";"16467.2";"16549.7";"2021.12.29 18:00:00";"2021.12.30 17:14:00";"30.0";"2291.88";"16384.69922";"16549.69922";"41733.36";"0.00";"IST";"PT";"23h 14m";"-183.12"
"1068";"USTEC_ICM_UTC2";"Buy";"16531.4";"16448.9";"2021.12.30 18:00:00";"2021.12.30 22:49:00";"30.0";"-2475.00";"16448.90039";"16613.90039";"39258.36";"0.00";"IST";"SL";"4h 49m";"-0.00"
"1069";"USTEC_ICM_UTC2";"Buy";"16375.3";"16323.3";"2021.12.31 18:15:00";"2021.12.31 22:55:00";"30.0";"-1560.00";"16292.79980";"16457.80078";"37698.36";"0.00";"IST";"End Of Friday (Time)";"4h 40m";"-0.00"
"1070";"USTEC_ICM_UTC2";"Buy";"16440.1";"16522.6";"2022.01.03 18:00:00";"2022.01.04 06:42:00";"30.0";"2291.88";"16357.59961";"16522.59961";"39990.23";"0.00";"IST";"PT";"12h 42m";"-183.12"
"1071";"USTEC_ICM_UTC2";"Buy";"16233.3";"16150.8";"2022.01.04 18:00:00";"2022.01.04 20:57:00";"30.0";"-2475.00";"16150.79980";"16315.79980";"37515.23";"0.00";"IST";"SL";"2h 57m";"-0.00"
"1072";"USTEC_ICM_UTC2";"Buy";"16180.8";"16098.3";"2022.01.05 18:00:00";"2022.01.05 19:36:00";"30.0";"-2475.00";"16098.29980";"16263.29980";"35040.23";"0.00";"IST";"SL";"1h 36m";"-0.00"
"1073";"USTEC_ICM_UTC2";"Buy";"15849.6";"15767.1";"2022.01.06 18:00:00";"2022.01.06 22:36:00";"30.0";"-2475.00";"15767.09961";"15932.09961";"32565.23";"0.00";"IST";"SL";"4h 36m";"-0.00"
"1074";"USTEC_ICM_UTC2";"Buy";"15801.5";"15719.0";"2022.01.07 17:00:00";"2022.01.07 17:08:00";"30.0";"-2475.00";"15719.00000";"15884.00000";"30090.23";"0.00";"IST";"SL";"8m 0s";"-0.00"
"1075";"USTEC_ICM_UTC2";"Buy";"15389.5";"15307.0";"2022.01.10 16:30:00";"2022.01.10 16:43:00";"30.0";"-2475.00";"15307.00000";"15472.00000";"27615.23";"0.00";"IST";"SL";"13m 0s";"-0.00"
"1076";"USTEC_ICM_UTC2";"Buy";"15717.9";"15800.4";"2022.01.11 18:15:00";"2022.01.11 18:39:00";"30.0";"2475.00";"15635.40039";"15800.40039";"30090.23";"0.00";"IST";"PT";"24m 0s";"-0.00"
"1077";"USTEC_ICM_UTC2";"Buy";"15977.7";"15895.2";"2022.01.12 17:00:00";"2022.01.12 17:39:00";"30.0";"-2475.00";"15895.20020";"16060.20020";"27615.23";"0.00";"IST";"SL";"39m 0s";"-0.00"
"1078";"USTEC_ICM_UTC2";"Buy";"15822.4";"15739.9";"2022.01.13 18:30:00";"2022.01.13 19:15:00";"30.0";"-2475.00";"15739.90039";"15904.90039";"25140.23";"0.00";"IST";"SL";"45m 0s";"-0.00"
"1079";"USTEC_ICM_UTC2";"Buy";"15398.9";"15481.4";"2022.01.14 16:30:00";"2022.01.14 16:36:00";"30.0";"2475.00";"15316.40039";"15481.40039";"27615.23";"0.00";"IST";"PT";"6m 0s";"-0.00"
"1080";"USTEC_ICM_UTC2";"Buy";"15356.8";"15439.3";"2022.01.18 16:30:00";"2022.01.18 17:10:00";"30.0";"2475.00";"15274.29980";"15439.29980";"30090.23";"0.00";"IST";"PT";"40m 0s";"-0.00"
"1081";"USTEC_ICM_UTC2";"Buy";"15217.9";"15135.4";"2022.01.19 18:00:00";"2022.01.19 18:22:00";"30.0";"-2475.00";"15135.40039";"15300.40039";"27615.23";"0.00";"IST";"SL";"22m 0s";"-0.00"
"1082";"USTEC_ICM_UTC2";"Buy";"15308.7";"15226.2";"2022.01.20 18:30:00";"2022.01.20 20:03:00";"30.0";"-2475.00";"15226.20020";"15391.20020";"25140.23";"0.00";"IST";"SL";"1h 33m";"-0.00"
"1083";"USTEC_ICM_UTC2";"Buy";"14732.9";"14815.4";"2022.01.21 17:45:00";"2022.01.21 17:50:00";"30.0";"2475.00";"14650.40039";"14815.40039";"27615.23";"0.00";"IST";"PT";"5m 0s";"-0.00"
"1084";"USTEC_ICM_UTC2";"Buy";"14148.5";"14066.0";"2022.01.24 16:45:00";"2022.01.24 16:51:00";"30.0";"-2475.00";"14066.00000";"14231.00000";"25140.23";"0.00";"IST";"SL";"6m 0s";"-0.00"
"1085";"USTEC_ICM_UTC2";"Buy";"14072.9";"14155.4";"2022.01.25 18:45:00";"2022.01.25 19:26:00";"30.0";"2475.00";"13990.40039";"14155.40039";"27615.23";"0.00";"IST";"PT";"41m 0s";"-0.00"
"1086";"USTEC_ICM_UTC2";"Buy";"14464.0";"14546.5";"2022.01.26 19:00:00";"2022.01.26 19:42:00";"30.0";"2475.00";"14381.50000";"14546.50000";"30090.23";"0.00";"IST";"PT";"42m 0s";"-0.00"
"1087";"USTEC_ICM_UTC2";"Buy";"14265.1";"14347.6";"2022.01.27 18:30:00";"2022.01.27 18:36:00";"30.0";"2475.00";"14182.59961";"14347.59961";"32565.23";"0.00";"IST";"PT";"6m 0s";"-0.00"
"1088";"USTEC_ICM_UTC2";"Buy";"13987.4";"14069.9";"2022.01.28 17:30:00";"2022.01.28 17:47:00";"30.0";"2475.00";"13904.90039";"14069.90039";"35040.23";"0.00";"IST";"PT";"17m 0s";"-0.00"
"1089";"USTEC_ICM_UTC2";"Buy";"14691.3";"14773.8";"2022.01.31 18:30:00";"2022.01.31 18:51:00";"30.0";"2475.00";"14608.79980";"14773.79980";"37515.23";"0.00";"IST";"PT";"21m 0s";"-0.00"
"1090";"USTEC_ICM_UTC2";"Buy";"14878.1";"14960.6";"2022.02.01 18:00:00";"2022.02.01 22:28:00";"30.0";"2475.00";"14795.59961";"14960.59961";"39990.23";"0.00";"IST";"PT";"4h 28m";"-0.00"
"1091";"USTEC_ICM_UTC2";"Buy";"15082.1";"14999.6";"2022.02.02 18:00:00";"2022.02.02 18:13:00";"30.0";"-2475.00";"14999.59961";"15164.59961";"37515.23";"0.00";"IST";"SL";"13m 0s";"-0.00"
"1092";"USTEC_ICM_UTC2";"Buy";"14778.7";"14696.2";"2022.02.03 17:15:00";"2022.02.03 18:59:00";"30.0";"-2475.00";"14696.20020";"14861.20020";"35040.23";"0.00";"IST";"SL";"1h 44m";"-0.00"
"1093";"USTEC_ICM_UTC2";"Buy";"14573.5";"14656.0";"2022.02.04 16:45:00";"2022.02.04 17:15:00";"30.0";"2475.00";"14491.00000";"14656.00000";"37515.23";"0.00";"IST";"PT";"30m 0s";"-0.00"
"1094";"USTEC_ICM_UTC2";"Buy";"14682.9";"14600.4";"2022.02.07 18:30:00";"2022.02.07 18:43:00";"30.0";"-2475.00";"14600.40039";"14765.40039";"35040.23";"0.00";"IST";"SL";"13m 0s";"-0.00"
"1095";"USTEC_ICM_UTC2";"Buy";"14678.6";"14761.1";"2022.02.08 18:15:00";"2022.02.08 19:38:00";"30.0";"2475.00";"14596.09961";"14761.09961";"37515.23";"0.00";"IST";"PT";"1h 23m";"-0.00"
"1096";"USTEC_ICM_UTC2";"Buy";"14948.2";"15030.7";"2022.02.09 18:45:00";"2022.02.09 21:43:00";"30.0";"2475.00";"14865.70020";"15030.70020";"39990.23";"0.00";"IST";"PT";"2h 58m";"-0.00"
"1097";"USTEC_ICM_UTC2";"Buy";"14920.9";"15003.4";"2022.02.10 17:00:00";"2022.02.10 17:38:00";"30.0";"2475.00";"14838.40039";"15003.40039";"42465.23";"0.00";"IST";"PT";"38m 0s";"-0.00"
"1098";"USTEC_ICM_UTC2";"Buy";"14598.6";"14516.1";"2022.02.11 18:15:00";"2022.02.11 20:01:00";"30.0";"-2475.00";"14516.09961";"14681.09961";"39990.23";"0.00";"IST";"SL";"1h 46m";"-0.00"
"1099";"USTEC_ICM_UTC2";"Buy";"14218.1";"14300.6";"2022.02.14 16:30:00";"2022.02.14 16:49:00";"30.0";"2475.00";"14135.59961";"14300.59961";"42465.23";"0.00";"IST";"PT";"19m 0s";"-0.00"
"1100";"USTEC_ICM_UTC2";"Buy";"14559.1";"14476.6";"2022.02.15 19:00:00";"2022.02.15 19:25:00";"30.0";"-2475.00";"14476.59961";"14641.59961";"39990.23";"0.00";"IST";"SL";"25m 0s";"-0.00"
"1101";"USTEC_ICM_UTC2";"Buy";"14439.5";"14522.0";"2022.02.16 17:30:00";"2022.02.16 21:21:00";"30.0";"2475.00";"14357.00000";"14522.00000";"42465.23";"0.00";"IST";"PT";"3h 51m";"-0.00"
"1102";"USTEC_ICM_UTC2";"Buy";"14371.6";"14289.1";"2022.02.17 18:00:00";"2022.02.17 21:09:00";"30.0";"-2475.00";"14289.09961";"14454.09961";"39990.23";"0.00";"IST";"SL";"3h 9m";"-0.00"
"1103";"USTEC_ICM_UTC2";"Buy";"14079.7";"13997.2";"2022.02.18 17:45:00";"2022.02.18 18:03:00";"30.0";"-2475.00";"13997.20020";"14162.20020";"37515.23";"0.00";"IST";"SL";"18m 0s";"-0.00"
"1104";"USTEC_ICM_UTC2";"Buy";"13829.4";"13746.9";"2022.02.21 16:45:00";"2022.02.21 19:56:00";"30.0";"-2475.00";"13746.90039";"13911.90039";"35040.23";"0.00";"IST";"SL";"3h 11m";"-0.00"
"1105";"USTEC_ICM_UTC2";"Buy";"13891.3";"13973.8";"2022.02.22 16:30:00";"2022.02.22 16:42:00";"30.0";"2475.00";"13808.79980";"13973.79980";"37515.23";"0.00";"IST";"PT";"12m 0s";"-0.00"
"1106";"USTEC_ICM_UTC2";"Buy";"13767.3";"13849.8";"2022.02.23 18:45:00";"2022.02.23 19:19:00";"30.0";"2475.00";"13684.79980";"13849.79980";"39990.23";"0.00";"IST";"PT";"34m 0s";"-0.00"
"1107";"USTEC_ICM_UTC2";"Buy";"13081.8";"13164.3";"2022.02.24 16:30:00";"2022.02.24 16:31:00";"30.0";"2475.00";"12999.29980";"13164.29980";"42465.23";"0.00";"IST";"PT";"1m 0s";"-0.00"
"1108";"USTEC_ICM_UTC2";"Buy";"14065.7";"14148.2";"2022.02.25 18:00:00";"2022.02.25 18:22:00";"30.0";"2475.00";"13983.20020";"14148.20020";"44940.23";"0.00";"IST";"PT";"22m 0s";"-0.00"
"1109";"USTEC_ICM_UTC2";"Buy";"14268.8";"14186.3";"2022.02.28 18:45:00";"2022.02.28 19:09:00";"30.0";"-2475.00";"14186.29980";"14351.29980";"42465.23";"0.00";"IST";"SL";"24m 0s";"-0.00"
"1110";"USTEC_ICM_UTC2";"Buy";"14207.1";"14124.6";"2022.03.01 18:15:00";"2022.03.01 18:30:00";"30.0";"-2475.00";"14124.59961";"14289.59961";"39990.23";"0.00";"IST";"SL";"15m 0s";"-0.00"
"1111";"USTEC_ICM_UTC2";"Buy";"14054.5";"14137.0";"2022.03.02 18:00:00";"2022.03.02 18:04:00";"30.0";"2475.00";"13972.00000";"14137.00000";"42465.23";"0.00";"IST";"PT";"4m 0s";"-0.00"
"1112";"USTEC_ICM_UTC2";"Buy";"14056.3";"14138.8";"2022.03.03 18:00:00";"2022.03.03 18:58:00";"30.0";"2475.00";"13973.79980";"14138.79980";"44940.23";"0.00";"IST";"PT";"58m 0s";"-0.00"
"1113";"USTEC_ICM_UTC2";"Buy";"13785.1";"13867.6";"2022.03.04 18:00:00";"2022.03.04 19:16:00";"30.0";"2475.00";"13702.59961";"13867.59961";"47415.23";"0.00";"IST";"PT";"1h 16m";"-0.00"
"1114";"USTEC_ICM_UTC2";"Buy";"13566.0";"13483.5";"2022.03.07 18:00:00";"2022.03.07 20:15:00";"30.0";"-2475.00";"13483.50000";"13648.50000";"44940.23";"0.00";"IST";"SL";"2h 15m";"-0.00"
"1115";"USTEC_ICM_UTC2";"Buy";"13287.3";"13369.8";"2022.03.08 16:30:00";"2022.03.08 16:43:00";"30.0";"2475.00";"13204.79980";"13369.79980";"47415.23";"0.00";"IST";"PT";"13m 0s";"-0.00"
"1116";"USTEC_ICM_UTC2";"Buy";"13650.0";"13732.5";"2022.03.09 18:45:00";"2022.03.09 19:36:00";"30.0";"2475.00";"13567.50000";"13732.50000";"49890.23";"0.00";"IST";"PT";"51m 0s";"-0.00"
"1117";"USTEC_ICM_UTC2";"Buy";"13554.5";"13472.0";"2022.03.10 17:15:00";"2022.03.10 17:34:00";"30.0";"-2475.00";"13472.00000";"13637.00000";"47415.23";"0.00";"IST";"SL";"19m 0s";"-0.00"
"1118";"USTEC_ICM_UTC2";"Buy";"13715.0";"13632.5";"2022.03.11 16:30:00";"2022.03.11 16:39:00";"30.0";"-2475.00";"13632.50000";"13797.50000";"44940.23";"0.00";"IST";"SL";"9m 0s";"-0.00"
"1119";"USTEC_ICM_UTC2";"Buy";"13340.3";"13257.8";"2022.03.14 16:30:00";"2022.03.14 17:26:00";"30.0";"-2475.00";"13257.79980";"13422.79980";"42465.23";"0.00";"IST";"SL";"56m 0s";"-0.00"
"1120";"USTEC_ICM_UTC2";"Buy";"13264.1";"13346.6";"2022.03.15 16:30:00";"2022.03.15 17:28:00";"30.0";"2475.00";"13181.59961";"13346.59961";"44940.23";"0.00";"IST";"PT";"58m 0s";"-0.00"
"1121";"USTEC_ICM_UTC2";"Buy";"13823.5";"13741.0";"2022.03.16 17:30:00";"2022.03.16 18:46:00";"30.0";"-2475.00";"13741.00000";"13906.00000";"42465.23";"0.00";"IST";"SL";"1h 16m";"-0.00"
"1122";"USTEC_ICM_UTC2";"Buy";"13882.1";"13964.6";"2022.03.17 17:00:00";"2022.03.17 18:21:00";"30.0";"2475.00";"13799.59961";"13964.59961";"44940.23";"0.00";"IST";"PT";"1h 21m";"-0.00"
"1123";"USTEC_ICM_UTC2";"Buy";"14251.5";"14334.0";"2022.03.18 17:15:00";"2022.03.18 20:36:00";"30.0";"2475.00";"14169.00000";"14334.00000";"47415.23";"0.00";"IST";"PT";"3h 21m";"-0.00"
"1124";"USTEC_ICM_UTC2";"Buy";"14352.3";"14434.8";"2022.03.21 17:00:00";"2022.03.21 17:25:00";"30.0";"2475.00";"14269.79980";"14434.79980";"49890.23";"0.00";"IST";"PT";"25m 0s";"-0.00"
"1125";"USTEC_ICM_UTC2";"Buy";"14656.7";"14574.2";"2022.03.22 17:15:00";"2022.03.22 18:31:00";"30.0";"-2475.00";"14574.20020";"14739.20020";"47415.23";"0.00";"IST";"SL";"1h 16m";"-0.00"
"1126";"USTEC_ICM_UTC2";"Buy";"14592.8";"14675.3";"2022.03.23 17:00:00";"2022.03.23 18:02:00";"30.0";"2475.00";"14510.29980";"14675.29980";"49890.23";"0.00";"IST";"PT";"1h 2m";"-0.00"
"1127";"USTEC_ICM_UTC2";"Buy";"14526.9";"14609.4";"2022.03.24 17:00:00";"2022.03.24 17:25:00";"30.0";"2475.00";"14444.40039";"14609.40039";"52365.23";"0.00";"IST";"PT";"25m 0s";"-0.00"
"1128";"USTEC_ICM_UTC2";"Buy";"14748.8";"14666.3";"2022.03.25 17:00:00";"2022.03.25 17:09:00";"30.0";"-2475.00";"14666.29980";"14831.29980";"49890.23";"0.00";"IST";"SL";"9m 0s";"-0.00"
"1129";"USTEC_ICM_UTC2";"Buy";"14875.3";"14792.8";"2022.03.28 18:00:00";"2022.03.28 18:32:00";"30.0";"-2475.00";"14792.79980";"14957.79980";"47415.23";"0.00";"IST";"SL";"32m 0s";"-0.00"
"1130";"USTEC_ICM_UTC2";"Buy";"15148.3";"15065.8";"2022.03.29 16:30:00";"2022.03.29 17:12:00";"30.0";"-2475.00";"15065.79980";"15230.79980";"44940.23";"0.00";"IST";"SL";"42m 0s";"-0.00"
"1131";"USTEC_ICM_UTC2";"Buy";"15120.0";"15037.5";"2022.03.30 18:15:00";"2022.03.30 22:18:00";"30.0";"-2475.00";"15037.50000";"15202.50000";"42465.23";"0.00";"IST";"SL";"4h 3m";"-0.00"
"1132";"USTEC_ICM_UTC2";"Buy";"15073.4";"14990.9";"2022.03.31 18:00:00";"2022.03.31 19:24:00";"30.0";"-2475.00";"14990.90039";"15155.90039";"39990.23";"0.00";"IST";"SL";"1h 24m";"-0.00"
"1133";"USTEC_ICM_UTC2";"Buy";"14852.0";"14769.5";"2022.04.01 18:15:00";"2022.04.01 18:56:00";"30.0";"-2475.00";"14769.50000";"14934.50000";"37515.23";"0.00";"IST";"SL";"41m 0s";"-0.00"
"1134";"USTEC_ICM_UTC2";"Buy";"15056.7";"15139.2";"2022.04.04 18:00:00";"2022.04.04 22:22:00";"30.0";"2475.00";"14974.20020";"15139.20020";"39990.23";"0.00";"IST";"PT";"4h 22m";"-0.00"
"1135";"USTEC_ICM_UTC2";"Buy";"14961.6";"14879.1";"2022.04.05 18:00:00";"2022.04.05 19:01:00";"30.0";"-2475.00";"14879.09961";"15044.09961";"37515.23";"0.00";"IST";"SL";"1h 1m";"-0.00"
"1136";"USTEC_ICM_UTC2";"Buy";"14597.1";"14514.6";"2022.04.06 16:30:00";"2022.04.06 16:48:00";"30.0";"-2475.00";"14514.59961";"14679.59961";"35040.23";"0.00";"IST";"SL";"18m 0s";"-0.00"
"1137";"USTEC_ICM_UTC2";"Buy";"14468.7";"14386.2";"2022.04.07 18:00:00";"2022.04.07 18:33:00";"30.0";"-2475.00";"14386.20020";"14551.20020";"32565.23";"0.00";"IST";"SL";"33m 0s";"-0.00"
"1138";"USTEC_ICM_UTC2";"Buy";"14467.4";"14384.9";"2022.04.08 18:00:00";"2022.04.08 20:43:00";"30.0";"-2475.00";"14384.90039";"14549.90039";"30090.23";"0.00";"IST";"SL";"2h 43m";"-0.00"
"1139";"USTEC_ICM_UTC2";"Buy";"14154.6";"14072.1";"2022.04.11 16:30:00";"2022.04.11 17:27:00";"30.0";"-2475.00";"14072.09961";"14237.09961";"27615.23";"0.00";"IST";"SL";"57m 0s";"-0.00"
"1140";"USTEC_ICM_UTC2";"Buy";"14254.7";"14172.2";"2022.04.12 17:00:00";"2022.04.12 17:31:00";"30.0";"-2475.00";"14172.20020";"14337.20020";"25140.23";"0.00";"IST";"SL";"31m 0s";"-0.00"
"1141";"USTEC_ICM_UTC2";"Buy";"14011.4";"14093.9";"2022.04.13 17:00:00";"2022.04.13 17:30:00";"30.0";"2475.00";"13928.90039";"14093.90039";"27615.23";"0.00";"IST";"PT";"30m 0s";"-0.00"
"1142";"USTEC_ICM_UTC2";"Buy";"14037.5";"13955.0";"2022.04.14 17:45:00";"2022.04.14 21:54:00";"30.0";"-2475.00";"13955.00000";"14120.00000";"25140.23";"0.00";"IST";"SL";"4h 9m";"-0.00"
"1143";"USTEC_ICM_UTC2";"Buy";"13940.2";"13857.7";"2022.04.18 18:00:00";"2022.04.18 18:33:00";"30.0";"-2475.00";"13857.70020";"14022.70020";"22665.23";"0.00";"IST";"SL";"33m 0s";"-0.00"
"1144";"USTEC_ICM_UTC2";"Buy";"13874.5";"13957.0";"2022.04.19 16:30:00";"2022.04.19 16:52:00";"30.0";"2475.00";"13792.00000";"13957.00000";"25140.23";"0.00";"IST";"PT";"22m 0s";"-0.00"
"1145";"USTEC_ICM_UTC2";"Buy";"14125.9";"14043.4";"2022.04.20 18:00:00";"2022.04.20 18:16:00";"30.0";"-2475.00";"14043.40039";"14208.40039";"22665.23";"0.00";"IST";"SL";"16m 0s";"-0.00"
"1146";"USTEC_ICM_UTC2";"Buy";"14101.6";"14019.1";"2022.04.21 18:15:00";"2022.04.21 18:42:00";"30.0";"-2475.00";"14019.09961";"14184.09961";"20190.23";"0.00";"IST";"SL";"27m 0s";"-0.00"
"1147";"USTEC_ICM_UTC2";"Buy";"13609.7";"13527.2";"2022.04.22 18:00:00";"2022.04.22 18:45:00";"30.0";"-2475.00";"13527.20020";"13692.20020";"17715.23";"0.00";"IST";"SL";"45m 0s";"-0.00"
"1148";"USTEC_ICM_UTC2";"Buy";"13286.5";"13369.0";"2022.04.25 16:30:00";"2022.04.25 17:25:00";"30.0";"2475.00";"13204.00000";"13369.00000";"20190.23";"0.00";"IST";"PT";"55m 0s";"-0.00"
"1149";"USTEC_ICM_UTC2";"Buy";"13148.7";"13066.2";"2022.04.26 18:15:00";"2022.04.26 22:18:00";"30.0";"-2475.00";"13066.20020";"13231.20020";"17715.23";"0.00";"IST";"SL";"4h 3m";"-0.00"
"1150";"USTEC_ICM_UTC2";"Buy";"13205.4";"13122.9";"2022.04.27 16:45:00";"2022.04.27 17:03:00";"30.0";"-2475.00";"13122.90039";"13287.90039";"15240.23";"0.00";"IST";"SL";"18m 0s";"-0.00"
"1151";"USTEC_ICM_UTC2";"Buy";"13108.2";"13190.7";"2022.04.28 18:00:00";"2022.04.28 18:11:00";"30.0";"2475.00";"13025.70020";"13190.70020";"17715.23";"0.00";"IST";"PT";"11m 0s";"-0.00"
"1152";"USTEC_ICM_UTC2";"Buy";"13210.0";"13127.5";"2022.04.29 18:00:00";"2022.04.29 19:03:00";"30.0";"-2475.00";"13127.50000";"13292.50000";"15240.23";"0.00";"IST";"SL";"1h 3m";"-0.00"
"1153";"USTEC_ICM_UTC2";"Buy";"12910.3";"12827.8";"2022.05.02 18:00:00";"2022.05.02 18:42:00";"30.0";"-2475.00";"12827.79980";"12992.79980";"12765.23";"0.00";"IST";"SL";"42m 0s";"-0.00"
"1154";"USTEC_ICM_UTC2";"Buy";"13113.8";"13031.3";"2022.05.03 18:30:00";"2022.05.03 19:08:00";"30.0";"-2475.00";"13031.29980";"13196.29980";"10290.23";"0.00";"IST";"SL";"38m 0s";"-0.00"
"1155";"USTEC_ICM_UTC2";"Buy";"13059.8";"13142.3";"2022.05.04 19:30:00";"2022.05.04 20:57:00";"30.0";"2475.00";"12977.29980";"13142.29980";"12765.23";"0.00";"IST";"PT";"1h 27m";"-0.00"
"1156";"USTEC_ICM_UTC2";"Buy";"12987.0";"12904.5";"2022.05.05 18:00:00";"2022.05.05 18:07:00";"30.0";"-2475.00";"12904.50000";"13069.50000";"10290.23";"0.00";"IST";"SL";"7m 0s";"-0.00"
"1157";"USTEC_ICM_UTC2";"Buy";"12670.3";"12752.8";"2022.05.06 17:15:00";"2022.05.06 17:17:00";"30.0";"2475.00";"12587.79980";"12752.79980";"12765.23";"0.00";"IST";"PT";"2m 0s";"-0.00"
"1158";"USTEC_ICM_UTC2";"Buy";"12305.2";"12387.7";"2022.05.09 18:00:00";"2022.05.09 19:11:00";"30.0";"2475.00";"12222.70020";"12387.70020";"15240.23";"0.00";"IST";"PT";"1h 11m";"-0.00"
"1159";"USTEC_ICM_UTC2";"Buy";"12180.3";"12262.8";"2022.05.10 18:15:00";"2022.05.10 18:37:00";"30.0";"2475.00";"12097.79980";"12262.79980";"17715.23";"0.00";"IST";"PT";"22m 0s";"-0.00"
"1160";"USTEC_ICM_UTC2";"Buy";"12383.1";"12300.6";"2022.05.11 17:00:00";"2022.05.11 17:09:00";"30.0";"-2475.00";"12300.59961";"12465.59961";"15240.23";"0.00";"IST";"SL";"9m 0s";"-0.00"
"1161";"USTEC_ICM_UTC2";"Buy";"11793.1";"11875.6";"2022.05.12 17:00:00";"2022.05.12 17:07:00";"30.0";"2475.00";"11710.59961";"11875.59961";"17715.23";"0.00";"IST";"PT";"7m 0s";"-0.00"
"1162";"USTEC_ICM_UTC2";"Buy";"12422.3";"12339.8";"2022.05.13 19:15:00";"2022.05.13 20:40:00";"30.0";"-2475.00";"12339.79980";"12504.79980";"15240.23";"0.00";"IST";"SL";"1h 25m";"-0.00"
"1163";"USTEC_ICM_UTC2";"Buy";"12229.4";"12311.9";"2022.05.16 18:30:00";"2022.05.16 18:54:00";"30.0";"2475.00";"12146.90039";"12311.90039";"17715.23";"0.00";"IST";"PT";"24m 0s";"-0.00"
"1164";"USTEC_ICM_UTC2";"Buy";"12389.2";"12471.7";"2022.05.17 18:15:00";"2022.05.17 18:34:00";"30.0";"2475.00";"12306.70020";"12471.70020";"20190.23";"0.00";"IST";"PT";"19m 0s";"-0.00"
"1165";"USTEC_ICM_UTC2";"Buy";"12301.0";"12218.5";"2022.05.18 18:00:00";"2022.05.18 18:16:00";"30.0";"-2475.00";"12218.50000";"12383.50000";"17715.23";"0.00";"IST";"SL";"16m 0s";"-0.00"
"1166";"USTEC_ICM_UTC2";"Buy";"11861.9";"11944.4";"2022.05.19 16:30:00";"2022.05.19 16:36:00";"30.0";"2475.00";"11779.40039";"11944.40039";"20190.23";"0.00";"IST";"PT";"6m 0s";"-0.00"
"1167";"USTEC_ICM_UTC2";"Buy";"11737.3";"11654.8";"2022.05.20 18:45:00";"2022.05.20 19:10:00";"30.0";"-2475.00";"11654.79980";"11819.79980";"17715.23";"0.00";"IST";"SL";"25m 0s";"-0.00"
"1168";"USTEC_ICM_UTC2";"Buy";"11949.7";"12032.2";"2022.05.23 18:15:00";"2022.05.23 19:07:00";"30.0";"2475.00";"11867.20020";"12032.20020";"20190.23";"0.00";"IST";"PT";"52m 0s";"-0.00"
"1169";"USTEC_ICM_UTC2";"Buy";"11623.3";"11705.8";"2022.05.24 18:15:00";"2022.05.24 18:47:00";"30.0";"2475.00";"11540.79980";"11705.79980";"22665.23";"0.00";"IST";"PT";"32m 0s";"-0.00"
"1170";"USTEC_ICM_UTC2";"Buy";"11876.0";"11793.5";"2022.05.25 18:00:00";"2022.05.25 19:27:00";"30.0";"-2475.00";"11793.50000";"11958.50000";"20190.23";"0.00";"IST";"SL";"1h 27m";"-0.00"
"1171";"USTEC_ICM_UTC2";"Buy";"12192.5";"12275.0";"2022.05.26 18:00:00";"2022.05.26 19:19:00";"30.0";"2475.00";"12110.00000";"12275.00000";"22665.23";"0.00";"IST";"PT";"1h 19m";"-0.00"
"1172";"USTEC_ICM_UTC2";"Buy";"12516.6";"12599.1";"2022.05.27 17:00:00";"2022.05.27 19:00:00";"30.0";"2475.00";"12434.09961";"12599.09961";"25140.23";"0.00";"IST";"PT";"2h 0m";"-0.00"
"1173";"USTEC_ICM_UTC2";"Buy";"12674.4";"12591.9";"2022.05.31 16:30:00";"2022.05.31 16:34:00";"30.0";"-2475.00";"12591.90039";"12756.90039";"22665.23";"0.00";"IST";"SL";"4m 0s";"-0.00"
"1174";"USTEC_ICM_UTC2";"Buy";"12606.0";"12523.5";"2022.06.01 18:15:00";"2022.06.01 18:27:00";"30.0";"-2475.00";"12523.50000";"12688.50000";"20190.23";"0.00";"IST";"SL";"12m 0s";"-0.00"
"1175";"USTEC_ICM_UTC2";"Buy";"12575.8";"12658.3";"2022.06.02 17:45:00";"2022.06.02 18:10:00";"30.0";"2475.00";"12493.29980";"12658.29980";"22665.23";"0.00";"IST";"PT";"25m 0s";"-0.00"
"1176";"USTEC_ICM_UTC2";"Buy";"12691.9";"12609.4";"2022.06.03 17:00:00";"2022.06.03 17:31:00";"30.0";"-2475.00";"12609.40039";"12774.40039";"20190.23";"0.00";"IST";"SL";"31m 0s";"-0.00"
"1177";"USTEC_ICM_UTC2";"Buy";"12691.5";"12609.0";"2022.06.06 18:15:00";"2022.06.06 19:02:00";"30.0";"-2475.00";"12609.00000";"12774.00000";"17715.23";"0.00";"IST";"SL";"47m 0s";"-0.00"
"1178";"USTEC_ICM_UTC2";"Buy";"12512.1";"12594.6";"2022.06.07 17:15:00";"2022.06.07 17:29:00";"30.0";"2475.00";"12429.59961";"12594.59961";"20190.23";"0.00";"IST";"PT";"14m 0s";"-0.00"
"1179";"USTEC_ICM_UTC2";"Buy";"12711.6";"12629.1";"2022.06.08 18:00:00";"2022.06.08 19:39:00";"30.0";"-2475.00";"12629.09961";"12794.09961";"17715.23";"0.00";"IST";"SL";"1h 39m";"-0.00"
"1180";"USTEC_ICM_UTC2";"Buy";"12538.1";"12620.6";"2022.06.09 16:30:00";"2022.06.09 16:51:00";"30.0";"2475.00";"12455.59961";"12620.59961";"20190.23";"0.00";"IST";"PT";"21m 0s";"-0.00"
"1181";"USTEC_ICM_UTC2";"Buy";"11959.2";"11876.7";"2022.06.10 17:00:00";"2022.06.10 17:10:00";"30.0";"-2475.00";"11876.70020";"12041.70020";"17715.23";"0.00";"IST";"SL";"10m 0s";"-0.00"
"1182";"USTEC_ICM_UTC2";"Buy";"11356.4";"11438.9";"2022.06.13 18:00:00";"2022.06.13 18:40:00";"30.0";"2475.00";"11273.90039";"11438.90039";"20190.23";"0.00";"IST";"PT";"40m 0s";"-0.00"
"1183";"USTEC_ICM_UTC2";"Buy";"11300.9";"11383.4";"2022.06.14 17:15:00";"2022.06.14 20:17:00";"30.0";"2475.00";"11218.40039";"11383.40039";"22665.23";"0.00";"IST";"PT";"3h 2m";"-0.00"
"1184";"USTEC_ICM_UTC2";"Buy";"11461.6";"11544.1";"2022.06.15 18:15:00";"2022.06.15 20:59:00";"30.0";"2475.00";"11379.09961";"11544.09961";"25140.23";"0.00";"IST";"PT";"2h 44m";"-0.00"
"1185";"USTEC_ICM_UTC2";"Buy";"11234.1";"11151.6";"2022.06.16 17:00:00";"2022.06.16 17:40:00";"30.0";"-2475.00";"11151.59961";"11316.59961";"22665.23";"0.00";"IST";"SL";"40m 0s";"-0.00"
"1186";"USTEC_ICM_UTC2";"Buy";"11137.1";"11219.6";"2022.06.17 18:00:00";"2022.06.17 18:07:00";"30.0";"2475.00";"11054.59961";"11219.59961";"25140.23";"0.00";"IST";"PT";"7m 0s";"-0.00"
"1187";"USTEC_ICM_UTC2";"Buy";"11635.5";"11553.0";"2022.06.21 18:00:00";"2022.06.21 19:09:00";"30.0";"-2475.00";"11553.00000";"11718.00000";"22665.23";"0.00";"IST";"SL";"1h 9m";"-0.00"
"1188";"USTEC_ICM_UTC2";"Buy";"11593.2";"11675.7";"2022.06.22 17:15:00";"2022.06.22 17:28:00";"30.0";"2475.00";"11510.70020";"11675.70020";"25140.23";"0.00";"IST";"PT";"13m 0s";"-0.00"
"1189";"USTEC_ICM_UTC2";"Buy";"11686.2";"11603.7";"2022.06.23 18:00:00";"2022.06.23 19:01:00";"30.0";"-2475.00";"11603.70020";"11768.70020";"22665.23";"0.00";"IST";"SL";"1h 1m";"-0.00"
"1190";"USTEC_ICM_UTC2";"Buy";"11969.9";"12052.4";"2022.06.24 18:30:00";"2022.06.24 22:50:00";"30.0";"2475.00";"11887.40039";"12052.40039";"25140.23";"0.00";"IST";"PT";"4h 20m";"-0.00"
"1191";"USTEC_ICM_UTC2";"Buy";"12103.3";"12020.8";"2022.06.27 18:00:00";"2022.06.27 19:26:00";"30.0";"-2475.00";"12020.79980";"12185.79980";"22665.23";"0.00";"IST";"SL";"1h 26m";"-0.00"
"1192";"USTEC_ICM_UTC2";"Buy";"11935.6";"11853.1";"2022.06.28 18:00:00";"2022.06.28 18:26:00";"30.0";"-2475.00";"11853.09961";"12018.09961";"20190.23";"0.00";"IST";"SL";"26m 0s";"-0.00"
"1193";"USTEC_ICM_UTC2";"Buy";"11655.1";"11572.6";"2022.06.29 17:30:00";"2022.06.29 19:29:00";"30.0";"-2475.00";"11572.59961";"11737.59961";"17715.23";"0.00";"IST";"SL";"1h 59m";"-0.00"
"1194";"USTEC_ICM_UTC2";"Buy";"11364.1";"11446.6";"2022.06.30 17:00:00";"2022.06.30 17:58:00";"30.0";"2475.00";"11281.59961";"11446.59961";"20190.23";"0.00";"IST";"PT";"58m 0s";"-0.00"
"1195";"USTEC_ICM_UTC2";"Buy";"11467.4";"11549.9";"2022.07.01 18:15:00";"2022.07.01 21:46:00";"30.0";"2475.00";"11384.90039";"11549.90039";"22665.23";"0.00";"IST";"PT";"3h 31m";"-0.00"
"1196";"USTEC_ICM_UTC2";"Buy";"11425.3";"11507.8";"2022.07.05 16:30:00";"2022.07.05 17:36:00";"30.0";"2475.00";"11342.79980";"11507.79980";"25140.23";"0.00";"IST";"PT";"1h 6m";"-0.00"
"1197";"USTEC_ICM_UTC2";"Buy";"11817.3";"11734.8";"2022.07.06 18:00:00";"2022.07.06 18:32:00";"30.0";"-2475.00";"11734.79980";"11899.79980";"22665.23";"0.00";"IST";"SL";"32m 0s";"-0.00"
"1198";"USTEC_ICM_UTC2";"Buy";"12007.8";"12090.3";"2022.07.07 18:30:00";"2022.07.07 20:55:00";"30.0";"2475.00";"11925.29980";"12090.29980";"25140.23";"0.00";"IST";"PT";"2h 25m";"-0.00"
"1199";"USTEC_ICM_UTC2";"Buy";"11975.9";"12058.4";"2022.07.08 17:00:00";"2022.07.08 17:25:00";"30.0";"2475.00";"11893.40039";"12058.40039";"27615.23";"0.00";"IST";"PT";"25m 0s";"-0.00"
"1200";"USTEC_ICM_UTC2";"Buy";"11884.1";"11966.6";"2022.07.11 18:00:00";"2022.07.11 20:32:00";"30.0";"2475.00";"11801.59961";"11966.59961";"30090.23";"0.00";"IST";"PT";"2h 32m";"-0.00"
"1201";"USTEC_ICM_UTC2";"Buy";"11832.0";"11749.5";"2022.07.12 17:00:00";"2022.07.12 22:04:00";"30.0";"-2475.00";"11749.50000";"11914.50000";"27615.23";"0.00";"IST";"SL";"5h 4m";"-0.00"
"1202";"USTEC_ICM_UTC2";"Buy";"11581.6";"11664.1";"2022.07.13 16:45:00";"2022.07.13 16:49:00";"30.0";"2475.00";"11499.09961";"11664.09961";"30090.23";"0.00";"IST";"PT";"4m 0s";"-0.00"
"1203";"USTEC_ICM_UTC2";"Buy";"11525.0";"11607.5";"2022.07.14 17:30:00";"2022.07.14 18:09:00";"30.0";"2475.00";"11442.50000";"11607.50000";"32565.23";"0.00";"IST";"PT";"39m 0s";"-0.00"
"1204";"USTEC_ICM_UTC2";"Buy";"11940.1";"11953.2";"2022.07.15 17:30:00";"2022.07.15 22:55:00";"30.0";"393.03";"11857.59961";"12022.59961";"32958.27";"0.00";"IST";"End Of Friday (Time)";"5h 25m";"-0.00"
"1205";"USTEC_ICM_UTC2";"Buy";"12105.1";"12022.6";"2022.07.18 18:15:00";"2022.07.18 20:42:00";"30.0";"-2475.00";"12022.59961";"12187.59961";"30483.27";"0.00";"IST";"SL";"2h 27m";"-0.00"
"1206";"USTEC_ICM_UTC2";"Buy";"12019.3";"12101.8";"2022.07.19 17:15:00";"2022.07.19 17:50:00";"30.0";"2475.00";"11936.79980";"12101.79980";"32958.27";"0.00";"IST";"PT";"35m 0s";"-0.00"
"1207";"USTEC_ICM_UTC2";"Buy";"12300.8";"12383.3";"2022.07.20 16:45:00";"2022.07.20 17:33:00";"30.0";"2475.00";"12218.29980";"12383.29980";"35433.27";"0.00";"IST";"PT";"48m 0s";"-0.00"
"1208";"USTEC_ICM_UTC2";"Buy";"12469.4";"12386.9";"2022.07.21 17:00:00";"2022.07.21 17:14:00";"30.0";"-2475.00";"12386.90039";"12551.90039";"32958.27";"0.00";"IST";"SL";"14m 0s";"-0.00"
"1209";"USTEC_ICM_UTC2";"Buy";"12530.8";"12448.3";"2022.07.22 18:15:00";"2022.07.22 18:31:00";"30.0";"-2475.00";"12448.29980";"12613.29980";"30483.27";"0.00";"IST";"SL";"16m 0s";"-0.00"
"1210";"USTEC_ICM_UTC2";"Buy";"12289.3";"12371.8";"2022.07.25 18:15:00";"2022.07.25 19:46:00";"30.0";"2475.00";"12206.79980";"12371.79980";"32958.27";"0.00";"IST";"PT";"1h 31m";"-0.00"
"1211";"USTEC_ICM_UTC2";"Buy";"12171.1";"12088.6";"2022.07.26 18:00:00";"2022.07.26 18:52:00";"30.0";"-2475.00";"12088.59961";"12253.59961";"30483.27";"0.00";"IST";"SL";"52m 0s";"-0.00"
"1212";"USTEC_ICM_UTC2";"Buy";"12408.0";"12490.5";"2022.07.27 18:15:00";"2022.07.27 21:36:00";"30.0";"2475.00";"12325.50000";"12490.50000";"32958.27";"0.00";"IST";"PT";"3h 21m";"-0.00"
"1213";"USTEC_ICM_UTC2";"Buy";"12470.1";"12552.6";"2022.07.28 17:15:00";"2022.07.28 17:59:00";"30.0";"2475.00";"12387.59961";"12552.59961";"35433.27";"0.00";"IST";"PT";"44m 0s";"-0.00"
"1214";"USTEC_ICM_UTC2";"Buy";"12842.8";"12925.3";"2022.07.29 18:00:00";"2022.07.29 21:19:00";"30.0";"2475.00";"12760.29980";"12925.29980";"37908.27";"0.00";"IST";"PT";"3h 19m";"-0.00"
"1215";"USTEC_ICM_UTC2";"Buy";"13068.0";"12985.5";"2022.08.01 18:00:00";"2022.08.01 19:14:00";"30.0";"-2475.00";"12985.50000";"13150.50000";"35433.27";"0.00";"IST";"SL";"1h 14m";"-0.00"
"1216";"USTEC_ICM_UTC2";"Buy";"12949.1";"13031.6";"2022.08.02 18:00:00";"2022.08.02 19:19:00";"30.0";"2475.00";"12866.59961";"13031.59961";"37908.27";"0.00";"IST";"PT";"1h 19m";"-0.00"
"1217";"USTEC_ICM_UTC2";"Buy";"13122.1";"13204.6";"2022.08.03 18:00:00";"2022.08.03 19:33:00";"30.0";"2475.00";"13039.59961";"13204.59961";"40383.27";"0.00";"IST";"PT";"1h 33m";"-0.00"
"1218";"USTEC_ICM_UTC2";"Buy";"13219.0";"13301.5";"2022.08.04 17:30:00";"2022.08.04 21:52:00";"30.0";"2475.00";"13136.50000";"13301.50000";"42858.27";"0.00";"IST";"PT";"4h 22m";"-0.00"
"1219";"USTEC_ICM_UTC2";"Buy";"13162.4";"13244.9";"2022.08.05 17:00:00";"2022.08.05 17:13:00";"30.0";"2475.00";"13079.90039";"13244.90039";"45333.27";"0.00";"IST";"PT";"13m 0s";"-0.00"
"1220";"USTEC_ICM_UTC2";"Buy";"13338.9";"13256.4";"2022.08.08 17:30:00";"2022.08.08 18:37:00";"30.0";"-2475.00";"13256.40039";"13421.40039";"42858.27";"0.00";"IST";"SL";"1h 7m";"-0.00"
"1221";"USTEC_ICM_UTC2";"Buy";"13007.1";"13089.6";"2022.08.09 18:00:00";"2022.08.10 15:27:00";"30.0";"2291.88";"12924.59961";"13089.59961";"45150.14";"0.00";"IST";"PT";"21h 27m";"-183.12"
"1222";"USTEC_ICM_UTC2";"Buy";"13295.9";"13378.4";"2022.08.10 17:00:00";"2022.08.10 22:47:00";"30.0";"2475.00";"13213.40039";"13378.40039";"47625.14";"0.00";"IST";"PT";"5h 47m";"-0.00"
"1223";"USTEC_ICM_UTC2";"Buy";"13466.4";"13383.9";"2022.08.11 18:00:00";"2022.08.11 18:11:00";"30.0";"-2475.00";"13383.90039";"13548.90039";"45150.14";"0.00";"IST";"SL";"11m 0s";"-0.00"
"1224";"USTEC_ICM_UTC2";"Buy";"13411.8";"13494.3";"2022.08.12 18:00:00";"2022.08.12 21:28:00";"30.0";"2475.00";"13329.29980";"13494.29980";"47625.14";"0.00";"IST";"PT";"3h 28m";"-0.00"
"1225";"USTEC_ICM_UTC2";"Buy";"13537.7";"13620.2";"2022.08.15 18:00:00";"2022.08.15 18:45:00";"30.0";"2475.00";"13455.20020";"13620.20020";"50100.14";"0.00";"IST";"PT";"45m 0s";"-0.00"
"1226";"USTEC_ICM_UTC2";"Buy";"13541.5";"13624.0";"2022.08.16 18:00:00";"2022.08.16 18:31:00";"30.0";"2475.00";"13459.00000";"13624.00000";"52575.14";"0.00";"IST";"PT";"31m 0s";"-0.00"
"1227";"USTEC_ICM_UTC2";"Buy";"13513.8";"13431.3";"2022.08.17 17:00:00";"2022.08.17 17:37:00";"30.0";"-2475.00";"13431.29980";"13596.29980";"50100.14";"0.00";"IST";"SL";"37m 0s";"-0.00"
"1228";"USTEC_ICM_UTC2";"Buy";"13490.8";"13408.3";"2022.08.18 18:00:00";"2022.08.19 09:56:00";"30.0";"-2658.12";"13408.29980";"13573.29980";"47442.02";"0.00";"IST";"SL";"15h 56m";"-183.12"
"1229";"USTEC_ICM_UTC2";"Buy";"13325.6";"13243.1";"2022.08.19 16:45:00";"2022.08.19 18:08:00";"30.0";"-2475.00";"13243.09961";"13408.09961";"44967.02";"0.00";"IST";"SL";"1h 23m";"-0.00"
"1230";"USTEC_ICM_UTC2";"Buy";"13062.2";"12979.7";"2022.08.22 16:30:00";"2022.08.22 17:12:00";"30.0";"-2475.00";"12979.70020";"13144.70020";"42492.02";"0.00";"IST";"SL";"42m 0s";"-0.00"
"1231";"USTEC_ICM_UTC2";"Buy";"12880.7";"12963.2";"2022.08.23 16:30:00";"2022.08.23 16:52:00";"30.0";"2475.00";"12798.20020";"12963.20020";"44967.02";"0.00";"IST";"PT";"22m 0s";"-0.00"
"1232";"USTEC_ICM_UTC2";"Buy";"12918.3";"13000.8";"2022.08.24 18:00:00";"2022.08.25 09:16:00";"30.0";"2291.88";"12835.79980";"13000.79980";"47258.91";"0.00";"IST";"PT";"15h 16m";"-183.12"
"1233";"USTEC_ICM_UTC2";"Buy";"13032.4";"13114.9";"2022.08.25 17:00:00";"2022.08.25 22:46:00";"30.0";"2475.00";"12949.90039";"13114.90039";"49733.91";"0.00";"IST";"PT";"5h 46m";"-0.00"
"1234";"USTEC_ICM_UTC2";"Buy";"13123.8";"13041.3";"2022.08.26 17:00:00";"2022.08.26 17:02:00";"30.0";"-2475.00";"13041.29980";"13206.29980";"47258.91";"0.00";"IST";"SL";"2m 0s";"-0.00"
"1235";"USTEC_ICM_UTC2";"Buy";"12453.4";"12535.9";"2022.08.29 18:00:00";"2022.08.29 19:03:00";"30.0";"2475.00";"12370.90039";"12535.90039";"49733.91";"0.00";"IST";"PT";"1h 3m";"-0.00"
"1236";"USTEC_ICM_UTC2";"Buy";"12315.9";"12398.4";"2022.08.30 18:15:00";"2022.08.31 03:45:00";"30.0";"2291.88";"12233.40039";"12398.40039";"52025.79";"0.00";"IST";"PT";"9h 30m";"-183.12"
"1237";"USTEC_ICM_UTC2";"Buy";"12475.9";"12393.4";"2022.08.31 16:45:00";"2022.08.31 17:16:00";"30.0";"-2475.00";"12393.40039";"12558.40039";"49550.79";"0.00";"IST";"SL";"31m 0s";"-0.00"
"1238";"USTEC_ICM_UTC2";"Buy";"12042.3";"12124.8";"2022.09.01 18:00:00";"2022.09.01 21:21:00";"30.0";"2475.00";"11959.79980";"12124.79980";"52025.79";"0.00";"IST";"PT";"3h 21m";"-0.00"
"1239";"USTEC_ICM_UTC2";"Buy";"12299.3";"12381.8";"2022.09.02 17:00:00";"2022.09.02 17:26:00";"30.0";"2475.00";"12216.79980";"12381.79980";"54500.79";"0.00";"IST";"PT";"26m 0s";"-0.00"
"1240";"USTEC_ICM_UTC2";"Buy";"12121.1";"12038.6";"2022.09.06 16:30:00";"2022.09.06 16:53:00";"30.0";"-2475.00";"12038.59961";"12203.59961";"52025.79";"0.00";"IST";"SL";"23m 0s";"-0.00"
"1241";"USTEC_ICM_UTC2";"Buy";"12134.0";"12216.5";"2022.09.07 18:15:00";"2022.09.07 21:01:00";"30.0";"2475.00";"12051.50000";"12216.50000";"54500.79";"0.00";"IST";"PT";"2h 46m";"-0.00"
"1242";"USTEC_ICM_UTC2";"Buy";"12205.7";"12288.2";"2022.09.08 17:15:00";"2022.09.08 17:38:00";"30.0";"2475.00";"12123.20020";"12288.20020";"56975.79";"0.00";"IST";"PT";"23m 0s";"-0.00"
"1243";"USTEC_ICM_UTC2";"Buy";"12545.6";"12600.3";"2022.09.09 18:15:00";"2022.09.09 22:55:00";"30.0";"1641.00";"12463.09961";"12628.09961";"58616.79";"0.00";"IST";"End Of Friday (Time)";"4h 40m";"-0.00"
"1244";"USTEC_ICM_UTC2";"Buy";"12697.3";"12779.8";"2022.09.12 18:00:00";"2022.09.13 09:03:00";"30.0";"2291.88";"12614.79980";"12779.79980";"60908.66";"0.00";"IST";"PT";"15h 3m";"-183.12"
"1245";"USTEC_ICM_UTC2";"Buy";"12306.3";"12223.8";"2022.09.13 17:00:00";"2022.09.13 17:49:00";"30.0";"-2475.00";"12223.79980";"12388.79980";"58433.66";"0.00";"IST";"SL";"49m 0s";"-0.00"
"1246";"USTEC_ICM_UTC2";"Buy";"12111.9";"12029.4";"2022.09.14 17:00:00";"2022.09.14 17:27:00";"30.0";"-2475.00";"12029.40039";"12194.40039";"55958.66";"0.00";"IST";"SL";"27m 0s";"-0.00"
"1247";"USTEC_ICM_UTC2";"Buy";"11935.7";"12018.2";"2022.09.15 18:00:00";"2022.09.15 20:00:00";"30.0";"2475.00";"11853.20020";"12018.20020";"58433.66";"0.00";"IST";"PT";"2h 0m";"-0.00"
"1248";"USTEC_ICM_UTC2";"Buy";"11742.8";"11825.3";"2022.09.16 18:15:00";"2022.09.16 21:54:00";"30.0";"2475.00";"11660.29980";"11825.29980";"60908.66";"0.00";"IST";"PT";"3h 39m";"-0.00"
"1249";"USTEC_ICM_UTC2";"Buy";"11874.3";"11791.8";"2022.09.19 18:00:00";"2022.09.19 19:06:00";"30.0";"-2475.00";"11791.79980";"11956.79980";"58433.66";"0.00";"IST";"SL";"1h 6m";"-0.00"
"1250";"USTEC_ICM_UTC2";"Buy";"11889.2";"11806.7";"2022.09.20 18:00:00";"2022.09.20 20:30:00";"30.0";"-2475.00";"11806.70020";"11971.70020";"55958.66";"0.00";"IST";"SL";"2h 30m";"-0.00"
"1251";"USTEC_ICM_UTC2";"Buy";"11894.3";"11976.8";"2022.09.21 18:30:00";"2022.09.21 20:59:00";"30.0";"2475.00";"11811.79980";"11976.79980";"58433.66";"0.00";"IST";"PT";"2h 29m";"-0.00"
"1252";"USTEC_ICM_UTC2";"Buy";"11571.7";"11489.2";"2022.09.22 16:30:00";"2022.09.22 17:54:00";"30.0";"-2475.00";"11489.20020";"11654.20020";"55958.66";"0.00";"IST";"SL";"1h 24m";"-0.00"
"1253";"USTEC_ICM_UTC2";"Buy";"11316.7";"11234.2";"2022.09.23 18:00:00";"2022.09.23 21:11:00";"30.0";"-2475.00";"11234.20020";"11399.20020";"53483.66";"0.00";"IST";"SL";"3h 11m";"-0.00"
"1254";"USTEC_ICM_UTC2";"Buy";"11433.5";"11351.0";"2022.09.26 17:15:00";"2022.09.26 18:09:00";"30.0";"-2475.00";"11351.00000";"11516.00000";"51008.66";"0.00";"IST";"SL";"54m 0s";"-0.00"
"1255";"USTEC_ICM_UTC2";"Buy";"11426.1";"11343.6";"2022.09.27 18:00:00";"2022.09.27 18:25:00";"30.0";"-2475.00";"11343.59961";"11508.59961";"48533.66";"0.00";"IST";"SL";"25m 0s";"-0.00"
"1256";"USTEC_ICM_UTC2";"Buy";"11265.3";"11347.8";"2022.09.28 16:30:00";"2022.09.28 17:37:00";"30.0";"2475.00";"11182.79980";"11347.79980";"51008.66";"0.00";"IST";"PT";"1h 7m";"-0.00"
"1257";"USTEC_ICM_UTC2";"Buy";"11322.7";"11240.2";"2022.09.29 16:30:00";"2022.09.29 16:41:00";"30.0";"-2475.00";"11240.20020";"11405.20020";"48533.66";"0.00";"IST";"SL";"11m 0s";"-0.00"
"1258";"USTEC_ICM_UTC2";"Buy";"11176.8";"11259.3";"2022.09.30 17:00:00";"2022.09.30 18:04:00";"30.0";"2475.00";"11094.29980";"11259.29980";"51008.66";"0.00";"IST";"PT";"1h 4m";"-0.00"
"1259";"USTEC_ICM_UTC2";"Buy";"11169.2";"11251.7";"2022.10.03 18:30:00";"2022.10.03 21:21:00";"30.0";"2475.00";"11086.70020";"11251.70020";"53483.66";"0.00";"IST";"PT";"2h 51m";"-0.00"
"1260";"USTEC_ICM_UTC2";"Buy";"11594.0";"11511.5";"2022.10.04 18:30:00";"2022.10.04 20:06:00";"30.0";"-2475.00";"11511.50000";"11676.50000";"51008.66";"0.00";"IST";"SL";"1h 36m";"-0.00"
"1261";"USTEC_ICM_UTC2";"Buy";"11323.3";"11405.8";"2022.10.05 17:30:00";"2022.10.05 19:07:00";"30.0";"2475.00";"11240.79980";"11405.79980";"53483.66";"0.00";"IST";"PT";"1h 37m";"-0.00"
"1262";"USTEC_ICM_UTC2";"Buy";"11578.3";"11495.8";"2022.10.06 17:00:00";"2022.10.06 17:05:00";"30.0";"-2475.00";"11495.79980";"11660.79980";"51008.66";"0.00";"IST";"SL";"5m 0s";"-0.00"
"1263";"USTEC_ICM_UTC2";"Buy";"11168.6";"11086.1";"2022.10.07 17:00:00";"2022.10.07 19:30:00";"30.0";"-2475.00";"11086.09961";"11251.09961";"48533.66";"0.00";"IST";"SL";"2h 30m";"-0.00"
"1264";"USTEC_ICM_UTC2";"Buy";"10895.4";"10977.9";"2022.10.10 18:00:00";"2022.10.10 20:49:00";"30.0";"2475.00";"10812.90039";"10977.90039";"51008.66";"0.00";"IST";"PT";"2h 49m";"-0.00"
"1265";"USTEC_ICM_UTC2";"Buy";"10793.0";"10875.5";"2022.10.11 18:00:00";"2022.10.11 18:33:00";"30.0";"2475.00";"10710.50000";"10875.50000";"53483.66";"0.00";"IST";"PT";"33m 0s";"-0.00"
"1266";"USTEC_ICM_UTC2";"Buy";"10783.3";"10865.8";"2022.10.12 18:00:00";"2022.10.12 18:56:00";"30.0";"2475.00";"10700.79980";"10865.79980";"55958.66";"0.00";"IST";"PT";"56m 0s";"-0.00"
"1267";"USTEC_ICM_UTC2";"Buy";"10562.3";"10644.8";"2022.10.13 17:00:00";"2022.10.13 17:56:00";"30.0";"2475.00";"10479.79980";"10644.79980";"58433.66";"0.00";"IST";"PT";"56m 0s";"-0.00"
"1268";"USTEC_ICM_UTC2";"Buy";"10999.5";"10917.0";"2022.10.14 17:00:00";"2022.10.14 17:00:00";"30.0";"-2475.00";"10917.00000";"11082.00000";"55958.66";"0.00";"IST";"SL";"0s";"-0.00"
"1269";"USTEC_ICM_UTC2";"Buy";"10994.2";"11076.7";"2022.10.17 18:00:00";"2022.10.17 18:53:00";"30.0";"2475.00";"10911.70020";"11076.70020";"58433.66";"0.00";"IST";"PT";"53m 0s";"-0.00"
"1270";"USTEC_ICM_UTC2";"Buy";"11069.1";"11151.6";"2022.10.18 18:31:00";"2022.10.18 19:12:00";"30.0";"2475.00";"10986.59961";"11151.59961";"60908.66";"0.00";"IST";"PT";"41m 0s";"-0.00"
"1271";"USTEC_ICM_UTC2";"Buy";"11079.3";"11161.8";"2022.10.19 16:30:00";"2022.10.19 16:36:00";"30.0";"2475.00";"10996.79980";"11161.79980";"63383.66";"0.00";"IST";"PT";"6m 0s";"-0.00"
"1272";"USTEC_ICM_UTC2";"Buy";"11154.6";"11237.1";"2022.10.20 17:00:00";"2022.10.20 17:09:00";"30.0";"2475.00";"11072.09961";"11237.09961";"65858.66";"0.00";"IST";"PT";"9m 0s";"-0.00"
"1273";"USTEC_ICM_UTC2";"Buy";"11063.1";"11145.6";"2022.10.21 17:30:00";"2022.10.21 18:47:00";"30.0";"2475.00";"10980.59961";"11145.59961";"68333.66";"0.00";"IST";"PT";"1h 17m";"-0.00"
"1274";"USTEC_ICM_UTC2";"Buy";"11315.5";"11233.0";"2022.10.24 16:30:00";"2022.10.24 17:04:00";"30.0";"-2475.00";"11233.00000";"11398.00000";"65858.66";"0.00";"IST";"SL";"34m 0s";"-0.00"
"1275";"USTEC_ICM_UTC2";"Buy";"11608.2";"11468.8";"2022.10.25 18:15:00";"2022.10.26 01:00:00";"30.0";"-4364.94";"11525.70020";"11690.70020";"61493.72";"0.00";"IST";"SL";"6h 45m";"-183.12"
"1276";"USTEC_ICM_UTC2";"Buy";"11586.3";"11503.8";"2022.10.26 17:45:00";"2022.10.26 19:58:00";"30.0";"-2475.00";"11503.79980";"11668.79980";"59018.72";"0.00";"IST";"SL";"2h 13m";"-0.00"
"1277";"USTEC_ICM_UTC2";"Buy";"11356.9";"11274.4";"2022.10.27 17:15:00";"2022.10.27 18:00:00";"30.0";"-2475.00";"11274.40039";"11439.40039";"56543.72";"0.00";"IST";"SL";"45m 0s";"-0.00"
"1278";"USTEC_ICM_UTC2";"Buy";"11256.7";"11339.2";"2022.10.28 17:15:00";"2022.10.28 17:26:00";"30.0";"2475.00";"11174.20020";"11339.20020";"59018.72";"0.00";"IST";"PT";"11m 0s";"-0.00"
"1279";"USTEC_ICM_UTC2";"Buy";"11417.2";"11499.7";"2022.10.31 17:30:00";"2022.11.01 08:59:00";"30.0";"2291.88";"11334.70020";"11499.70020";"61310.61";"0.00";"IST";"PT";"15h 29m";"-183.12"
"1280";"USTEC_ICM_UTC2";"Buy";"11347.1";"11264.6";"2022.11.01 17:15:00";"2022.11.01 22:04:00";"30.0";"-2475.00";"11264.59961";"11429.59961";"58835.61";"0.00";"IST";"SL";"4h 49m";"-0.00"
"1281";"USTEC_ICM_UTC2";"Buy";"11230.8";"11313.3";"2022.11.02 17:00:00";"2022.11.02 20:00:00";"30.0";"2475.00";"11148.29980";"11313.29980";"61310.61";"0.00";"IST";"PT";"3h 0m";"-0.00"
"1282";"USTEC_ICM_UTC2";"Buy";"10765.1";"10682.6";"2022.11.03 17:15:00";"2022.11.03 21:57:00";"30.0";"-2475.00";"10682.59961";"10847.59961";"58835.61";"0.00";"IST";"SL";"4h 42m";"-0.00"
"1283";"USTEC_ICM_UTC2";"Buy";"10885.7";"10803.2";"2022.11.04 16:30:00";"2022.11.04 17:12:00";"30.0";"-2475.00";"10803.20020";"10968.20020";"56360.61";"0.00";"IST";"SL";"42m 0s";"-0.00"
"1284";"USTEC_ICM_UTC2";"Buy";"10842.5";"10925.0";"2022.11.07 18:45:00";"2022.11.07 21:11:00";"30.0";"2475.00";"10760.00000";"10925.00000";"58835.61";"0.00";"IST";"PT";"2h 26m";"-0.00"
"1285";"USTEC_ICM_UTC2";"Buy";"11119.2";"11036.7";"2022.11.08 18:15:00";"2022.11.08 20:30:00";"30.0";"-2475.00";"11036.70020";"11201.70020";"56360.61";"0.00";"IST";"SL";"2h 15m";"-0.00"
"1286";"USTEC_ICM_UTC2";"Buy";"10990.6";"10908.1";"2022.11.09 17:15:00";"2022.11.09 17:56:00";"30.0";"-2475.00";"10908.09961";"11073.09961";"53885.61";"0.00";"IST";"SL";"41m 0s";"-0.00"
"1287";"USTEC_ICM_UTC2";"Buy";"11418.6";"11336.1";"2022.11.10 17:00:00";"2022.11.10 17:39:00";"30.0";"-2475.00";"11336.09961";"11501.09961";"51410.61";"0.00";"IST";"SL";"39m 0s";"-0.00"
"1288";"USTEC_ICM_UTC2";"Buy";"11714.3";"11631.8";"2022.11.11 18:00:00";"2022.11.11 18:27:00";"30.0";"-2475.00";"11631.79980";"11796.79980";"48935.61";"0.00";"IST";"SL";"27m 0s";"-0.00"
"1289";"USTEC_ICM_UTC2";"Buy";"11711.3";"11793.8";"2022.11.14 18:30:00";"2022.11.14 19:03:00";"30.0";"2475.00";"11628.79980";"11793.79980";"51410.61";"0.00";"IST";"PT";"33m 0s";"-0.00"
"1290";"USTEC_ICM_UTC2";"Buy";"11999.1";"11916.6";"2022.11.15 17:00:00";"2022.11.15 18:02:00";"30.0";"-2475.00";"11916.59961";"12081.59961";"48935.61";"0.00";"IST";"SL";"1h 2m";"-0.00"
"1291";"USTEC_ICM_UTC2";"Buy";"11678.7";"11761.2";"2022.11.16 18:00:00";"2022.11.16 19:44:00";"30.0";"2475.00";"11596.20020";"11761.20020";"51410.61";"0.00";"IST";"PT";"1h 44m";"-0.00"
"1292";"USTEC_ICM_UTC2";"Buy";"11513.9";"11596.4";"2022.11.17 16:30:00";"2022.11.17 16:47:00";"30.0";"2475.00";"11431.40039";"11596.40039";"53885.61";"0.00";"IST";"PT";"17m 0s";"-0.00"
"1293";"USTEC_ICM_UTC2";"Buy";"11642.1";"11654.5";"2022.11.18 18:00:00";"2022.11.18 22:55:00";"30.0";"372.00";"11559.59961";"11724.59961";"54257.61";"0.00";"IST";"End Of Friday (Time)";"4h 55m";"-0.00"
"1294";"USTEC_ICM_UTC2";"Buy";"11580.5";"11498.0";"2022.11.21 18:15:00";"2022.11.22 10:42:00";"30.0";"-2658.12";"11498.00000";"11663.00000";"51599.48";"0.00";"IST";"SL";"16h 27m";"-183.12"
"1295";"USTEC_ICM_UTC2";"Buy";"11586.2";"11503.7";"2022.11.22 16:30:00";"2022.11.22 16:41:00";"30.0";"-2475.00";"11503.70020";"11668.70020";"49124.48";"0.00";"IST";"SL";"11m 0s";"-0.00"
"1296";"USTEC_ICM_UTC2";"Buy";"11851.8";"11769.3";"2022.11.23 17:45:00";"2022.11.23 18:54:00";"30.0";"-2475.00";"11769.29980";"11934.29980";"46649.48";"0.00";"IST";"SL";"1h 9m";"-0.00"
"1297";"USTEC_ICM_UTC2";"Buy";"11774.0";"11691.5";"2022.11.25 16:30:00";"2022.11.28 02:24:00";"30.0";"-3024.36";"11691.50000";"11856.50000";"43625.13";"0.00";"IST";"SL";"2d 9h 54m";"-549.36"
"1298";"USTEC_ICM_UTC2";"Buy";"11682.2";"11764.7";"2022.11.28 16:30:00";"2022.11.28 16:45:00";"30.0";"2475.00";"11599.70020";"11764.70020";"46100.13";"0.00";"IST";"PT";"15m 0s";"-0.00"
"1299";"USTEC_ICM_UTC2";"Buy";"11599.9";"11517.4";"2022.11.29 16:30:00";"2022.11.29 18:04:00";"30.0";"-2475.00";"11517.40039";"11682.40039";"43625.13";"0.00";"IST";"SL";"1h 34m";"-0.00"
"1300";"USTEC_ICM_UTC2";"Buy";"11545.4";"11627.9";"2022.11.30 17:00:00";"2022.11.30 20:30:00";"30.0";"2475.00";"11462.90039";"11627.90039";"46100.13";"0.00";"IST";"PT";"3h 30m";"-0.00"
"1301";"USTEC_ICM_UTC2";"Buy";"11980.8";"12063.3";"2022.12.01 17:15:00";"2022.12.01 21:51:00";"30.0";"2475.00";"11898.29980";"12063.29980";"48575.13";"0.00";"IST";"PT";"4h 36m";"-0.00"
"1302";"USTEC_ICM_UTC2";"Buy";"11853.4";"11935.9";"2022.12.02 17:00:00";"2022.12.02 18:41:00";"30.0";"2475.00";"11770.90039";"11935.90039";"51050.13";"0.00";"IST";"PT";"1h 41m";"-0.00"
"1303";"USTEC_ICM_UTC2";"Buy";"11914.8";"11832.3";"2022.12.05 18:15:00";"2022.12.05 18:56:00";"30.0";"-2475.00";"11832.29980";"11997.29980";"48575.13";"0.00";"IST";"SL";"41m 0s";"-0.00"
"1304";"USTEC_ICM_UTC2";"Buy";"11617.9";"11535.4";"2022.12.06 17:15:00";"2022.12.06 20:33:00";"30.0";"-2475.00";"11535.40039";"11700.40039";"46100.13";"0.00";"IST";"SL";"3h 18m";"-0.00"
"1305";"USTEC_ICM_UTC2";"Buy";"11495.5";"11578.0";"2022.12.07 16:30:00";"2022.12.07 16:37:00";"30.0";"2475.00";"11413.00000";"11578.00000";"48575.13";"0.00";"IST";"PT";"7m 0s";"-0.00"
"1306";"USTEC_ICM_UTC2";"Buy";"11635.3";"11717.8";"2022.12.08 18:00:00";"2022.12.09 14:56:00";"30.0";"2291.88";"11552.79980";"11717.79980";"50867.00";"0.00";"IST";"PT";"20h 56m";"-183.12"
"1307";"USTEC_ICM_UTC2";"Buy";"11603.6";"11686.1";"2022.12.09 17:00:00";"2022.12.09 17:59:00";"30.0";"2475.00";"11521.09961";"11686.09961";"53342.00";"0.00";"IST";"PT";"59m 0s";"-0.00"
"1308";"USTEC_ICM_UTC2";"Buy";"11577.3";"11659.8";"2022.12.12 18:30:00";"2022.12.12 22:08:00";"30.0";"2475.00";"11494.79980";"11659.79980";"55817.00";"0.00";"IST";"PT";"3h 38m";"-0.00"
"1309";"USTEC_ICM_UTC2";"Buy";"12140.1";"12057.6";"2022.12.13 16:45:00";"2022.12.13 17:06:00";"30.0";"-2475.00";"12057.59961";"12222.59961";"53342.00";"0.00";"IST";"SL";"21m 0s";"-0.00"
"1310";"USTEC_ICM_UTC2";"Buy";"11908.8";"11826.3";"2022.12.14 19:00:00";"2022.12.14 21:00:00";"30.0";"-2475.00";"11826.29980";"11991.29980";"50867.00";"0.00";"IST";"SL";"2h 0m";"-0.00"
"1311";"USTEC_ICM_UTC2";"Buy";"11407.1";"11324.6";"2022.12.15 18:00:00";"2022.12.15 20:06:00";"30.0";"-2475.00";"11324.59961";"11489.59961";"48392.00";"0.00";"IST";"SL";"2h 6m";"-0.00"
"1312";"USTEC_ICM_UTC2";"Buy";"11321.8";"11239.3";"2022.12.16 16:30:00";"2022.12.16 17:25:00";"30.0";"-2475.00";"11239.29980";"11404.29980";"45917.00";"0.00";"IST";"SL";"55m 0s";"-0.00"
"1313";"USTEC_ICM_UTC2";"Buy";"11115.6";"11033.1";"2022.12.19 18:15:00";"2022.12.19 22:40:00";"30.0";"-2475.00";"11033.09961";"11198.09961";"43442.00";"0.00";"IST";"SL";"4h 25m";"-0.00"
"1314";"USTEC_ICM_UTC2";"Buy";"11028.9";"11111.4";"2022.12.20 16:30:00";"2022.12.20 17:22:00";"30.0";"2475.00";"10946.40039";"11111.40039";"45917.00";"0.00";"IST";"PT";"52m 0s";"-0.00"
"1315";"USTEC_ICM_UTC2";"Buy";"11263.1";"11180.6";"2022.12.21 18:15:00";"2022.12.22 14:38:00";"30.0";"-2658.12";"11180.59961";"11345.59961";"43258.88";"0.00";"IST";"SL";"20h 23m";"-183.12"
"1316";"USTEC_ICM_UTC2";"Buy";"10946.0";"10863.5";"2022.12.22 17:15:00";"2022.12.22 19:21:00";"30.0";"-2475.00";"10863.50000";"11028.50000";"40783.88";"0.00";"IST";"SL";"2h 6m";"-0.00"
"1317";"USTEC_ICM_UTC2";"Buy";"10847.9";"10930.4";"2022.12.23 17:00:00";"2022.12.23 17:17:00";"30.0";"2475.00";"10765.40039";"10930.40039";"43258.88";"0.00";"IST";"PT";"17m 0s";"-0.00"
"1318";"USTEC_ICM_UTC2";"Buy";"10880.0";"10797.5";"2022.12.27 18:00:00";"2022.12.28 16:30:00";"30.0";"-2658.12";"10797.50000";"10962.50000";"40600.77";"0.00";"IST";"SL";"22h 30m";"-183.12"
"1319";"USTEC_ICM_UTC2";"Buy";"10735.5";"10818.0";"2022.12.28 18:00:00";"2022.12.29 16:34:00";"30.0";"2291.88";"10653.00000";"10818.00000";"42892.64";"0.00";"IST";"PT";"22h 34m";"-183.12"
"1320";"USTEC_ICM_UTC2";"Buy";"10944.7";"10862.2";"2022.12.29 18:00:00";"2022.12.30 10:58:00";"30.0";"-2658.12";"10862.20020";"11027.20020";"40234.52";"0.00";"IST";"SL";"16h 58m";"-183.12"
"1321";"USTEC_ICM_UTC2";"Buy";"10823.9";"10906.4";"2022.12.30 16:30:00";"2022.12.30 22:50:00";"30.0";"2475.00";"10741.40039";"10906.40039";"42709.52";"0.00";"IST";"PT";"6h 20m";"-0.00"
"1322";"USTEC_ICM_UTC2";"Buy";"11034.6";"10952.1";"2023.01.03 16:30:00";"2023.01.03 16:52:00";"30.0";"-2475.00";"10952.09961";"11117.09961";"40234.52";"0.00";"IST";"SL";"22m 0s";"-0.00"
"1323";"USTEC_ICM_UTC2";"Buy";"10857.0";"10939.5";"2023.01.04 17:45:00";"2023.01.04 18:31:00";"30.0";"2475.00";"10774.50000";"10939.50000";"42709.52";"0.00";"IST";"PT";"46m 0s";"-0.00"
"1324";"USTEC_ICM_UTC2";"Buy";"10798.3";"10715.8";"2023.01.05 17:45:00";"2023.01.06 11:21:00";"30.0";"-2658.12";"10715.79980";"10880.79980";"40051.40";"0.00";"IST";"SL";"17h 36m";"-183.12"
"1325";"USTEC_ICM_UTC2";"Buy";"10740.1";"10822.6";"2023.01.06 17:00:00";"2023.01.06 17:08:00";"30.0";"2475.00";"10657.59961";"10822.59961";"42526.40";"0.00";"IST";"PT";"8m 0s";"-0.00"
"1326";"USTEC_ICM_UTC2";"Buy";"11299.5";"11217.0";"2023.01.09 18:15:00";"2023.01.09 20:43:00";"30.0";"-2475.00";"11217.00000";"11382.00000";"40051.40";"0.00";"IST";"SL";"2h 28m";"-0.00"
"1327";"USTEC_ICM_UTC2";"Buy";"11065.7";"11148.2";"2023.01.10 16:30:00";"2023.01.10 16:34:00";"30.0";"2475.00";"10983.20020";"11148.20020";"42526.40";"0.00";"IST";"PT";"4m 0s";"-0.00"
"1328";"USTEC_ICM_UTC2";"Buy";"11248.0";"11330.5";"2023.01.11 18:00:00";"2023.01.11 19:17:00";"30.0";"2475.00";"11165.50000";"11330.50000";"45001.40";"0.00";"IST";"PT";"1h 17m";"-0.00"
"1329";"USTEC_ICM_UTC2";"Buy";"11279.5";"11362.0";"2023.01.12 16:45:00";"2023.01.12 17:11:00";"30.0";"2475.00";"11197.00000";"11362.00000";"47476.40";"0.00";"IST";"PT";"26m 0s";"-0.00"
"1330";"USTEC_ICM_UTC2";"Buy";"11449.8";"11532.3";"2023.01.13 18:00:00";"2023.01.13 22:35:00";"30.0";"2475.00";"11367.29980";"11532.29980";"49951.40";"0.00";"IST";"PT";"4h 35m";"-0.00"
"1331";"USTEC_ICM_UTC2";"Buy";"11530.3";"11612.8";"2023.01.17 16:30:00";"2023.01.17 17:10:00";"30.0";"2475.00";"11447.79980";"11612.79980";"52426.40";"0.00";"IST";"PT";"40m 0s";"-0.00"
"1332";"USTEC_ICM_UTC2";"Buy";"11650.8";"11568.3";"2023.01.18 17:30:00";"2023.01.18 17:43:00";"30.0";"-2475.00";"11568.29980";"11733.29980";"49951.40";"0.00";"IST";"SL";"13m 0s";"-0.00"
"1333";"USTEC_ICM_UTC2";"Buy";"11311.2";"11393.7";"2023.01.19 17:15:00";"2023.01.20 16:51:00";"30.0";"2291.88";"11228.70020";"11393.70020";"52243.29";"0.00";"IST";"PT";"23h 36m";"-183.12"
"1334";"USTEC_ICM_UTC2";"Buy";"11406.0";"11488.5";"2023.01.20 18:00:00";"2023.01.20 19:51:00";"30.0";"2475.00";"11323.50000";"11488.50000";"54718.29";"0.00";"IST";"PT";"1h 51m";"-0.00"
"1335";"USTEC_ICM_UTC2";"Buy";"11790.6";"11873.1";"2023.01.23 17:30:00";"2023.01.23 18:19:00";"30.0";"2475.00";"11708.09961";"11873.09961";"57193.29";"0.00";"IST";"PT";"49m 0s";"-0.00"
"1336";"USTEC_ICM_UTC2";"Buy";"11869.8";"11787.3";"2023.01.24 18:00:00";"2023.01.25 01:26:00";"30.0";"-2658.12";"11787.29980";"11952.29980";"54535.16";"0.00";"IST";"SL";"7h 26m";"-183.12"
"1337";"USTEC_ICM_UTC2";"Buy";"11610.1";"11692.6";"2023.01.25 18:00:00";"2023.01.25 18:39:00";"30.0";"2475.00";"11527.59961";"11692.59961";"57010.16";"0.00";"IST";"PT";"39m 0s";"-0.00"
"1338";"USTEC_ICM_UTC2";"Buy";"11918.6";"12001.1";"2023.01.26 17:00:00";"2023.01.26 21:22:00";"30.0";"2475.00";"11836.09961";"12001.09961";"59485.16";"0.00";"IST";"PT";"4h 22m";"-0.00"
"1339";"USTEC_ICM_UTC2";"Buy";"12060.8";"12143.3";"2023.01.27 18:00:00";"2023.01.27 18:43:00";"30.0";"2475.00";"11978.29980";"12143.29980";"61960.16";"0.00";"IST";"PT";"43m 0s";"-0.00"
"1340";"USTEC_ICM_UTC2";"Buy";"11974.7";"11892.2";"2023.01.30 18:00:00";"2023.01.31 05:35:00";"30.0";"-2658.12";"11892.20020";"12057.20020";"59302.04";"0.00";"IST";"SL";"11h 35m";"-183.12"
"1341";"USTEC_ICM_UTC2";"Buy";"11943.8";"12026.3";"2023.01.31 17:00:00";"2023.01.31 17:50:00";"30.0";"2475.00";"11861.29980";"12026.29980";"61777.04";"0.00";"IST";"PT";"50m 0s";"-0.00"
"1342";"USTEC_ICM_UTC2";"Buy";"12058.4";"12140.9";"2023.02.01 18:15:00";"2023.02.01 21:08:00";"30.0";"2475.00";"11975.90039";"12140.90039";"64252.04";"0.00";"IST";"PT";"2h 53m";"-0.00"
"1343";"USTEC_ICM_UTC2";"Buy";"12752.2";"12834.7";"2023.02.02 18:00:00";"2023.02.02 20:40:00";"30.0";"2475.00";"12669.70020";"12834.70020";"66727.05";"0.00";"IST";"PT";"2h 40m";"-0.00"
"1344";"USTEC_ICM_UTC2";"Buy";"12672.8";"12755.3";"2023.02.03 17:00:00";"2023.02.03 17:18:00";"30.0";"2475.00";"12590.29980";"12755.29980";"69202.05";"0.00";"IST";"PT";"18m 0s";"-0.00"
"1345";"USTEC_ICM_UTC2";"Buy";"12546.0";"12463.5";"2023.02.06 18:30:00";"2023.02.06 20:11:00";"30.0";"-2475.00";"12463.50000";"12628.50000";"66727.05";"0.00";"IST";"SL";"1h 41m";"-0.00"
"1346";"USTEC_ICM_UTC2";"Buy";"12513.1";"12595.6";"2023.02.07 18:15:00";"2023.02.07 19:45:00";"30.0";"2475.00";"12430.59961";"12595.59961";"69202.05";"0.00";"IST";"PT";"1h 30m";"-0.00"
"1347";"USTEC_ICM_UTC2";"Buy";"12527.5";"12610.0";"2023.02.08 18:15:00";"2023.02.09 10:22:00";"30.0";"2291.88";"12445.00000";"12610.00000";"71493.92";"0.00";"IST";"PT";"16h 7m";"-183.12"
"1348";"USTEC_ICM_UTC2";"Buy";"12611.4";"12528.9";"2023.02.09 18:00:00";"2023.02.09 18:24:00";"30.0";"-2475.00";"12528.90039";"12693.90039";"69018.92";"0.00";"IST";"SL";"24m 0s";"-0.00"
"1349";"USTEC_ICM_UTC2";"Buy";"12290.8";"12373.3";"2023.02.10 16:30:00";"2023.02.10 17:22:00";"30.0";"2475.00";"12208.29980";"12373.29980";"71493.92";"0.00";"IST";"PT";"52m 0s";"-0.00"
"1350";"USTEC_ICM_UTC2";"Buy";"12484.7";"12567.2";"2023.02.13 18:15:00";"2023.02.14 15:29:00";"30.0";"2291.88";"12402.20020";"12567.20020";"73785.80";"0.00";"IST";"PT";"21h 14m";"-183.12"
"1351";"USTEC_ICM_UTC2";"Buy";"12459.3";"12541.8";"2023.02.14 16:45:00";"2023.02.14 16:56:00";"30.0";"2475.00";"12376.79980";"12541.79980";"76260.80";"0.00";"IST";"PT";"11m 0s";"-0.00"
"1352";"USTEC_ICM_UTC2";"Buy";"12519.8";"12602.3";"2023.02.15 18:00:00";"2023.02.15 18:42:00";"30.0";"2475.00";"12437.29980";"12602.29980";"78735.80";"0.00";"IST";"PT";"42m 0s";"-0.00"
"1353";"USTEC_ICM_UTC2";"Buy";"12536.1";"12618.6";"2023.02.16 17:15:00";"2023.02.16 17:48:00";"30.0";"2475.00";"12453.59961";"12618.59961";"81210.80";"0.00";"IST";"PT";"33m 0s";"-0.00"
"1354";"USTEC_ICM_UTC2";"Buy";"12303.1";"12347.5";"2023.02.17 17:45:00";"2023.02.17 22:55:00";"30.0";"1332.00";"12220.59961";"12385.59961";"82542.80";"0.00";"IST";"End Of Friday (Time)";"5h 10m";"-0.00"
"1355";"USTEC_ICM_UTC2";"Buy";"12194.2";"12111.7";"2023.02.21 16:30:00";"2023.02.21 19:13:00";"30.0";"-2475.00";"12111.70020";"12276.70020";"80067.80";"0.00";"IST";"SL";"2h 43m";"-0.00"
"1356";"USTEC_ICM_UTC2";"Buy";"12088.1";"12005.6";"2023.02.22 16:30:00";"2023.02.22 17:32:00";"30.0";"-2475.00";"12005.59961";"12170.59961";"77592.80";"0.00";"IST";"SL";"1h 2m";"-0.00"
"1357";"USTEC_ICM_UTC2";"Buy";"12162.5";"12080.0";"2023.02.23 17:30:00";"2023.02.23 17:56:00";"30.0";"-2475.00";"12080.00000";"12245.00000";"75117.80";"0.00";"IST";"SL";"26m 0s";"-0.00"
"1358";"USTEC_ICM_UTC2";"Buy";"11948.6";"11951.8";"2023.02.24 17:00:00";"2023.02.24 22:55:00";"30.0";"96.00";"11866.09961";"12031.09961";"75213.80";"0.00";"IST";"End Of Friday (Time)";"5h 55m";"-0.00"
"1359";"USTEC_ICM_UTC2";"Buy";"12130.7";"12048.2";"2023.02.27 17:30:00";"2023.02.27 18:33:00";"30.0";"-2475.00";"12048.20020";"12213.20020";"72738.80";"0.00";"IST";"SL";"1h 3m";"-0.00"
"1360";"USTEC_ICM_UTC2";"Buy";"12029.9";"12112.4";"2023.02.28 16:30:00";"2023.02.28 19:51:00";"30.0";"2475.00";"11947.40039";"12112.40039";"75213.80";"0.00";"IST";"PT";"3h 21m";"-0.00"
"1361";"USTEC_ICM_UTC2";"Buy";"12005.7";"11923.2";"2023.03.01 17:45:00";"2023.03.01 18:08:00";"30.0";"-2475.00";"11923.20020";"12088.20020";"72738.80";"0.00";"IST";"SL";"23m 0s";"-0.00"
"1362";"USTEC_ICM_UTC2";"Buy";"11903.7";"11986.2";"2023.03.02 18:00:00";"2023.03.02 21:00:00";"30.0";"2475.00";"11821.20020";"11986.20020";"75213.80";"0.00";"IST";"PT";"3h 0m";"-0.00"
"1363";"USTEC_ICM_UTC2";"Buy";"12174.9";"12257.4";"2023.03.03 18:15:00";"2023.03.03 20:14:00";"30.0";"2475.00";"12092.40039";"12257.40039";"77688.80";"0.00";"IST";"PT";"1h 59m";"-0.00"
"1364";"USTEC_ICM_UTC2";"Buy";"12437.3";"12354.8";"2023.03.06 18:00:00";"2023.03.06 20:36:00";"30.0";"-2475.00";"12354.79980";"12519.79980";"75213.80";"0.00";"IST";"SL";"2h 36m";"-0.00"
"1365";"USTEC_ICM_UTC2";"Buy";"12209.2";"12291.7";"2023.03.07 18:15:00";"2023.03.07 19:27:00";"30.0";"2475.00";"12126.70020";"12291.70020";"77688.80";"0.00";"IST";"PT";"1h 12m";"-0.00"
"1366";"USTEC_ICM_UTC2";"Buy";"12176.8";"12259.3";"2023.03.08 18:00:00";"2023.03.09 16:34:00";"30.0";"2291.88";"12094.29980";"12259.29980";"79980.68";"0.00";"IST";"PT";"22h 34m";"-183.12"
"1367";"USTEC_ICM_UTC2";"Buy";"12307.4";"12224.9";"2023.03.09 17:15:00";"2023.03.09 19:45:00";"30.0";"-2475.00";"12224.90039";"12389.90039";"77505.68";"0.00";"IST";"SL";"2h 30m";"-0.00"
"1368";"USTEC_ICM_UTC2";"Buy";"12008.0";"11925.5";"2023.03.10 16:30:00";"2023.03.10 16:39:00";"30.0";"-2475.00";"11925.50000";"12090.50000";"75030.68";"0.00";"IST";"SL";"9m 0s";"-0.00"
"1369";"USTEC_ICM_UTC2";"Buy";"11853.4";"11935.9";"2023.03.13 16:30:00";"2023.03.13 16:56:00";"30.0";"2475.00";"11770.90039";"11935.90039";"77505.68";"0.00";"IST";"PT";"26m 0s";"-0.00"
"1370";"USTEC_ICM_UTC2";"Buy";"12154.7";"12072.2";"2023.03.14 17:00:00";"2023.03.14 20:08:00";"30.0";"-2475.00";"12072.20020";"12237.20020";"75030.68";"0.00";"IST";"SL";"3h 8m";"-0.00"
"1371";"USTEC_ICM_UTC2";"Buy";"12079.5";"12162.0";"2023.03.15 16:30:00";"2023.03.15 17:46:00";"30.0";"2475.00";"11997.00000";"12162.00000";"77505.68";"0.00";"IST";"PT";"1h 16m";"-0.00"
"1372";"USTEC_ICM_UTC2";"Buy";"12414.6";"12497.1";"2023.03.16 17:15:00";"2023.03.16 17:42:00";"30.0";"2475.00";"12332.09961";"12497.09961";"79980.68";"0.00";"IST";"PT";"27m 0s";"-0.00"
"1373";"USTEC_ICM_UTC2";"Buy";"12512.9";"12595.4";"2023.03.17 17:00:00";"2023.03.20 00:00:00";"30.0";"1925.64";"12430.40039";"12595.40039";"81906.32";"0.00";"IST";"PT";"2d 7h 0m";"-549.36"
"1374";"USTEC_ICM_UTC2";"Buy";"12479.9";"12562.4";"2023.03.20 16:30:00";"2023.03.20 17:29:00";"30.0";"2475.00";"12397.40039";"12562.40039";"84381.32";"0.00";"IST";"PT";"59m 0s";"-0.00"
"1375";"USTEC_ICM_UTC2";"Buy";"12627.1";"12709.6";"2023.03.21 17:30:00";"2023.03.21 20:56:00";"30.0";"2475.00";"12544.59961";"12709.59961";"86856.32";"0.00";"IST";"PT";"3h 26m";"-0.00"
"1376";"USTEC_ICM_UTC2";"Buy";"12800.8";"12883.3";"2023.03.22 17:45:00";"2023.03.22 20:05:00";"30.0";"2475.00";"12718.29980";"12883.29980";"89331.32";"0.00";"IST";"PT";"2h 20m";"-0.00"
"1377";"USTEC_ICM_UTC2";"Buy";"12884.2";"12801.7";"2023.03.23 17:15:00";"2023.03.23 19:11:00";"30.0";"-2475.00";"12801.70020";"12966.70020";"86856.32";"0.00";"IST";"SL";"1h 56m";"-0.00"
"1378";"USTEC_ICM_UTC2";"Buy";"12696.6";"12614.1";"2023.03.24 16:30:00";"2023.03.24 17:11:00";"30.0";"-2475.00";"12614.09961";"12779.09961";"84381.32";"0.00";"IST";"SL";"41m 0s";"-0.00"
"1379";"USTEC_ICM_UTC2";"Buy";"12704.5";"12622.0";"2023.03.27 18:45:00";"2023.03.28 16:32:00";"30.0";"-2658.12";"12622.00000";"12787.00000";"81723.20";"0.00";"IST";"SL";"21h 47m";"-183.12"
"1380";"USTEC_ICM_UTC2";"Buy";"12537.6";"12620.1";"2023.03.28 18:00:00";"2023.03.28 23:01:00";"30.0";"2475.00";"12455.09961";"12620.09961";"84198.20";"0.00";"IST";"PT";"5h 1m";"-0.00"
"1381";"USTEC_ICM_UTC2";"Buy";"12755.3";"12837.8";"2023.03.29 18:15:00";"2023.03.29 22:14:00";"30.0";"2475.00";"12672.79980";"12837.79980";"86673.20";"0.00";"IST";"PT";"3h 59m";"-0.00"
"1382";"USTEC_ICM_UTC2";"Buy";"12958.7";"13041.2";"2023.03.30 17:00:00";"2023.03.31 17:32:00";"30.0";"2291.88";"12876.20020";"13041.20020";"88965.09";"0.00";"IST";"PT";"1d 0h 32m";"-183.12"
"1383";"USTEC_ICM_UTC2";"Buy";"13067.1";"13149.6";"2023.03.31 17:45:00";"2023.03.31 22:09:00";"30.0";"2475.00";"12984.59961";"13149.59961";"91440.09";"0.00";"IST";"PT";"4h 24m";"-0.00"
"1384";"USTEC_ICM_UTC2";"Buy";"13060.5";"13143.0";"2023.04.03 18:00:00";"2023.04.03 22:46:00";"30.0";"2475.00";"12978.00000";"13143.00000";"93915.09";"0.00";"IST";"PT";"4h 46m";"-0.00"
"1385";"USTEC_ICM_UTC2";"Buy";"13144.0";"13061.5";"2023.04.04 18:00:00";"2023.04.04 21:57:00";"30.0";"-2475.00";"13061.50000";"13226.50000";"91440.09";"0.00";"IST";"SL";"3h 57m";"-0.00"
"1386";"USTEC_ICM_UTC2";"Buy";"12935.8";"12853.3";"2023.04.05 17:45:00";"2023.04.06 16:34:00";"30.0";"-2658.12";"12853.29980";"13018.29980";"88781.96";"0.00";"IST";"SL";"22h 49m";"-183.12"
"1387";"USTEC_ICM_UTC2";"Buy";"12864.7";"12947.2";"2023.04.06 16:45:00";"2023.04.06 18:07:00";"30.0";"2475.00";"12782.20020";"12947.20020";"91256.96";"0.00";"IST";"PT";"1h 22m";"-0.00"
"1388";"USTEC_ICM_UTC2";"Buy";"12931.0";"13013.5";"2023.04.10 16:30:00";"2023.04.10 20:02:00";"30.0";"2475.00";"12848.50000";"13013.50000";"93731.96";"0.00";"IST";"PT";"3h 32m";"-0.00"
"1389";"USTEC_ICM_UTC2";"Buy";"12977.3";"13059.8";"2023.04.11 17:15:00";"2023.04.12 15:30:00";"30.0";"2291.88";"12894.79980";"13059.79980";"96023.84";"0.00";"IST";"PT";"22h 15m";"-183.12"
"1390";"USTEC_ICM_UTC2";"Buy";"12956.8";"12874.3";"2023.04.12 17:00:00";"2023.04.12 18:12:00";"30.0";"-2475.00";"12874.29980";"13039.29980";"93548.84";"0.00";"IST";"SL";"1h 12m";"-0.00"
"1391";"USTEC_ICM_UTC2";"Buy";"13024.8";"13107.3";"2023.04.13 17:30:00";"2023.04.13 21:16:00";"30.0";"2475.00";"12942.29980";"13107.29980";"96023.84";"0.00";"IST";"PT";"3h 46m";"-0.00"
"1392";"USTEC_ICM_UTC2";"Buy";"13108.8";"13026.3";"2023.04.14 16:45:00";"2023.04.14 17:33:00";"30.0";"-2475.00";"13026.29980";"13191.29980";"93548.84";"0.00";"IST";"SL";"48m 0s";"-0.00"
"1393";"USTEC_ICM_UTC2";"Buy";"13054.3";"13136.8";"2023.04.17 17:30:00";"2023.04.18 11:40:00";"30.0";"2291.88";"12971.79980";"13136.79980";"95840.72";"0.00";"IST";"PT";"18h 10m";"-183.12"
"1394";"USTEC_ICM_UTC2";"Buy";"13180.3";"13097.8";"2023.04.18 16:30:00";"2023.04.18 17:25:00";"30.0";"-2475.00";"13097.79980";"13262.79980";"93365.72";"0.00";"IST";"SL";"55m 0s";"-0.00"
"1395";"USTEC_ICM_UTC2";"Buy";"12988.4";"13070.9";"2023.04.19 16:30:00";"2023.04.19 18:42:00";"30.0";"2475.00";"12905.90039";"13070.90039";"95840.72";"0.00";"IST";"PT";"2h 12m";"-0.00"
"1396";"USTEC_ICM_UTC2";"Buy";"13014.1";"13096.6";"2023.04.20 16:45:00";"2023.04.20 20:11:00";"30.0";"2475.00";"12931.59961";"13096.59961";"98315.72";"0.00";"IST";"PT";"3h 26m";"-0.00"
"1397";"USTEC_ICM_UTC2";"Buy";"12966.9";"12995.1";"2023.04.21 16:30:00";"2023.04.21 22:55:00";"30.0";"845.97";"12884.40039";"13049.40039";"99161.70";"0.00";"IST";"End Of Friday (Time)";"6h 25m";"-0.00"
"1398";"USTEC_ICM_UTC2";"Buy";"12937.8";"12855.3";"2023.04.24 18:00:00";"2023.04.25 17:13:00";"30.0";"-2658.12";"12855.29980";"13020.29980";"96503.57";"0.00";"IST";"SL";"23h 13m";"-183.12"
"1399";"USTEC_ICM_UTC2";"Buy";"12869.7";"12787.2";"2023.04.25 18:00:00";"2023.04.25 20:16:00";"30.0";"-2475.00";"12787.20020";"12952.20020";"94028.57";"0.00";"IST";"SL";"2h 16m";"-0.00"
"1400";"USTEC_ICM_UTC2";"Buy";"12868.7";"12786.2";"2023.04.26 16:30:00";"2023.04.26 22:50:00";"30.0";"-2475.00";"12786.20020";"12951.20020";"91553.57";"0.00";"IST";"SL";"6h 20m";"-0.00"
"1401";"USTEC_ICM_UTC2";"Buy";"12998.3";"13080.8";"2023.04.27 17:15:00";"2023.04.27 19:16:00";"30.0";"2475.00";"12915.79980";"13080.79980";"94028.57";"0.00";"IST";"PT";"2h 1m";"-0.00"
"1402";"USTEC_ICM_UTC2";"Buy";"13132.3";"13214.8";"2023.04.28 18:00:00";"2023.04.28 21:02:00";"30.0";"2475.00";"13049.79980";"13214.79980";"96503.57";"0.00";"IST";"PT";"3h 2m";"-0.00"
"1403";"USTEC_ICM_UTC2";"Buy";"13210.2";"13127.7";"2023.05.01 18:45:00";"2023.05.02 17:25:00";"30.0";"-2658.12";"13127.70020";"13292.70020";"93845.45";"0.00";"IST";"SL";"22h 40m";"-183.12"
"1404";"USTEC_ICM_UTC2";"Buy";"13058.0";"13140.5";"2023.05.02 18:15:00";"2023.05.02 20:52:00";"30.0";"2475.00";"12975.50000";"13140.50000";"96320.45";"0.00";"IST";"PT";"2h 37m";"-0.00"
"1405";"USTEC_ICM_UTC2";"Buy";"13128.8";"13211.3";"2023.05.03 18:00:00";"2023.05.03 21:23:00";"30.0";"2475.00";"13046.29980";"13211.29980";"98795.45";"0.00";"IST";"PT";"3h 23m";"-0.00"
"1406";"USTEC_ICM_UTC2";"Buy";"12980.3";"13062.8";"2023.05.04 18:00:00";"2023.05.04 20:34:00";"30.0";"2475.00";"12897.79980";"13062.79980";"101270.45";"0.00";"IST";"PT";"2h 34m";"-0.00"
"1407";"USTEC_ICM_UTC2";"Buy";"13193.1";"13275.6";"2023.05.05 18:00:00";"2023.05.05 21:50:00";"30.0";"2475.00";"13110.59961";"13275.59961";"103745.45";"0.00";"IST";"PT";"3h 50m";"-0.00"
"1408";"USTEC_ICM_UTC2";"Buy";"13244.9";"13162.4";"2023.05.08 18:45:00";"2023.05.10 10:58:00";"30.0";"-2841.24";"13162.40039";"13327.40039";"100904.21";"0.00";"IST";"SL";"1d 16h 13m";"-366.24"
"1409";"USTEC_ICM_UTC2";"Buy";"13305.1";"13222.6";"2023.05.10 16:30:00";"2023.05.10 20:25:00";"30.0";"-2475.00";"13222.59961";"13387.59961";"98429.21";"0.00";"IST";"SL";"3h 55m";"-0.00"
"1410";"USTEC_ICM_UTC2";"Buy";"13326.8";"13409.3";"2023.05.11 17:00:00";"2023.05.11 21:43:00";"30.0";"2475.00";"13244.29980";"13409.29980";"100904.21";"0.00";"IST";"PT";"4h 43m";"-0.00"
"1411";"USTEC_ICM_UTC2";"Buy";"13321.7";"13339.2";"2023.05.12 18:30:00";"2023.05.12 22:55:00";"30.0";"525.00";"13239.20020";"13404.20020";"101429.21";"0.00";"IST";"End Of Friday (Time)";"4h 25m";"-0.00"
"1412";"USTEC_ICM_UTC2";"Buy";"13360.9";"13443.4";"2023.05.15 18:15:00";"2023.05.16 16:43:00";"30.0";"2291.88";"13278.40039";"13443.40039";"103721.09";"0.00";"IST";"PT";"22h 28m";"-183.12"
"1413";"USTEC_ICM_UTC2";"Buy";"13404.7";"13487.2";"2023.05.16 17:15:00";"2023.05.16 18:52:00";"30.0";"2475.00";"13322.20020";"13487.20020";"106196.09";"0.00";"IST";"PT";"1h 37m";"-0.00"
"1414";"USTEC_ICM_UTC2";"Buy";"13478.4";"13560.9";"2023.05.17 18:00:00";"2023.05.17 20:04:00";"30.0";"2475.00";"13395.90039";"13560.90039";"108671.09";"0.00";"IST";"PT";"2h 4m";"-0.00"
"1415";"USTEC_ICM_UTC2";"Buy";"13733.1";"13815.6";"2023.05.18 18:00:00";"2023.05.18 22:44:00";"30.0";"2475.00";"13650.59961";"13815.59961";"111146.09";"0.00";"IST";"PT";"4h 44m";"-0.00"
"1416";"USTEC_ICM_UTC2";"Buy";"13832.6";"13809.6";"2023.05.19 17:45:00";"2023.05.19 22:55:00";"30.0";"-690.00";"13750.09961";"13915.09961";"110456.09";"0.00";"IST";"End Of Friday (Time)";"5h 10m";"-0.00"
"1417";"USTEC_ICM_UTC2";"Buy";"13856.3";"13773.8";"2023.05.22 18:00:00";"2023.05.23 16:25:00";"30.0";"-2658.12";"13773.79980";"13938.79980";"107797.97";"0.00";"IST";"SL";"22h 25m";"-183.12"
"1418";"USTEC_ICM_UTC2";"Buy";"13806.3";"13723.8";"2023.05.23 17:15:00";"2023.05.23 20:30:00";"30.0";"-2475.00";"13723.79980";"13888.79980";"105322.97";"0.00";"IST";"SL";"3h 15m";"-0.00"
"1419";"USTEC_ICM_UTC2";"Buy";"13595.3";"13830.1";"2023.05.24 17:00:00";"2023.05.25 01:00:00";"30.0";"6861.75";"13512.79980";"13677.79980";"112184.72";"0.00";"IST";"PT";"8h 0m";"-183.12"
"1420";"USTEC_ICM_UTC2";"Buy";"13893.6";"13976.1";"2023.05.25 18:00:00";"2023.05.25 21:00:00";"30.0";"2475.00";"13811.09961";"13976.09961";"114659.72";"0.00";"IST";"PT";"3h 0m";"-0.00"
"1421";"USTEC_ICM_UTC2";"Buy";"14113.1";"14195.6";"2023.05.26 17:15:00";"2023.05.26 17:41:00";"30.0";"2475.00";"14030.59961";"14195.59961";"117134.72";"0.00";"IST";"PT";"26m 0s";"-0.00"
"1422";"USTEC_ICM_UTC2";"Buy";"14471.0";"14388.5";"2023.05.30 16:30:00";"2023.05.30 17:00:00";"30.0";"-2475.00";"14388.50000";"14553.50000";"114659.72";"0.00";"IST";"SL";"30m 0s";"-0.00"
"1423";"USTEC_ICM_UTC2";"Buy";"14274.0";"14356.5";"2023.05.31 18:00:00";"2023.06.01 18:15:00";"30.0";"2291.88";"14191.50000";"14356.50000";"116951.60";"0.00";"IST";"PT";"1d 0h 15m";"-183.12"
"1424";"USTEC_ICM_UTC2";"Buy";"14351.6";"14434.1";"2023.06.01 18:30:00";"2023.06.01 20:08:00";"30.0";"2475.00";"14269.09961";"14434.09961";"119426.60";"0.00";"IST";"PT";"1h 38m";"-0.00"
"1425";"USTEC_ICM_UTC2";"Buy";"14499.7";"14555.2";"2023.06.02 17:15:00";"2023.06.02 22:55:00";"30.0";"1665.00";"14417.20020";"14582.20020";"121091.60";"0.00";"IST";"End Of Friday (Time)";"5h 40m";"-0.00"
"1426";"USTEC_ICM_UTC2";"Buy";"14628.6";"14546.1";"2023.06.05 18:15:00";"2023.06.05 21:32:00";"30.0";"-2475.00";"14546.09961";"14711.09961";"118616.60";"0.00";"IST";"SL";"3h 17m";"-0.00"
"1427";"USTEC_ICM_UTC2";"Buy";"14564.7";"14482.2";"2023.06.06 18:15:00";"2023.06.07 17:36:00";"30.0";"-2658.12";"14482.20020";"14647.20020";"115958.48";"0.00";"IST";"SL";"23h 21m";"-183.12"
"1428";"USTEC_ICM_UTC2";"Buy";"14450.9";"14368.4";"2023.06.07 18:00:00";"2023.06.07 19:25:00";"30.0";"-2475.00";"14368.40039";"14533.40039";"113483.48";"0.00";"IST";"SL";"1h 25m";"-0.00"
"1429";"USTEC_ICM_UTC2";"Buy";"14354.3";"14436.8";"2023.06.08 17:00:00";"2023.06.08 17:57:00";"30.0";"2475.00";"14271.79980";"14436.79980";"115958.48";"0.00";"IST";"PT";"57m 0s";"-0.00"
"1430";"USTEC_ICM_UTC2";"Buy";"14636.3";"14553.8";"2023.06.09 17:00:00";"2023.06.09 17:50:00";"30.0";"-2475.00";"14553.79980";"14718.79980";"113483.48";"0.00";"IST";"SL";"50m 0s";"-0.00"
"1431";"USTEC_ICM_UTC2";"Buy";"14621.7";"14704.2";"2023.06.12 18:30:00";"2023.06.12 21:35:00";"30.0";"2475.00";"14539.20020";"14704.20020";"115958.48";"0.00";"IST";"PT";"3h 5m";"-0.00"
"1432";"USTEC_ICM_UTC2";"Buy";"14891.5";"14809.0";"2023.06.13 16:45:00";"2023.06.13 17:07:00";"30.0";"-2475.00";"14809.00000";"14974.00000";"113483.48";"0.00";"IST";"SL";"22m 0s";"-0.00"
"1433";"USTEC_ICM_UTC2";"Buy";"15002.2";"14919.7";"2023.06.14 18:30:00";"2023.06.14 21:00:00";"30.0";"-2475.00";"14919.70020";"15084.70020";"111008.48";"0.00";"IST";"SL";"2h 30m";"-0.00"
"1434";"USTEC_ICM_UTC2";"Buy";"15045.6";"15128.1";"2023.06.15 17:15:00";"2023.06.15 18:38:00";"30.0";"2475.00";"14963.09961";"15128.09961";"113483.48";"0.00";"IST";"PT";"1h 23m";"-0.00"
"1435";"USTEC_ICM_UTC2";"Buy";"15191.1";"15108.6";"2023.06.16 18:00:00";"2023.06.16 22:12:00";"30.0";"-2475.00";"15108.59961";"15273.59961";"111008.48";"0.00";"IST";"SL";"4h 12m";"-0.00"
"1436";"USTEC_ICM_UTC2";"Buy";"15028.4";"15110.9";"2023.06.20 16:30:00";"2023.06.20 16:48:00";"30.0";"2475.00";"14945.90039";"15110.90039";"113483.48";"0.00";"IST";"PT";"18m 0s";"-0.00"
"1437";"USTEC_ICM_UTC2";"Buy";"14878.7";"14961.2";"2023.06.21 18:00:00";"2023.06.21 21:30:00";"30.0";"2475.00";"14796.20020";"14961.20020";"115958.48";"0.00";"IST";"PT";"3h 30m";"-0.00"
"1438";"USTEC_ICM_UTC2";"Buy";"14911.5";"14994.0";"2023.06.22 18:00:00";"2023.06.22 18:43:00";"30.0";"2475.00";"14829.00000";"14994.00000";"118433.48";"0.00";"IST";"PT";"43m 0s";"-0.00"
"1439";"USTEC_ICM_UTC2";"Buy";"14846.8";"14929.3";"2023.06.23 17:00:00";"2023.06.23 19:16:00";"30.0";"2475.00";"14764.29980";"14929.29980";"120908.48";"0.00";"IST";"PT";"2h 16m";"-0.00"
"1440";"USTEC_ICM_UTC2";"Buy";"14915.3";"14832.8";"2023.06.26 18:00:00";"2023.06.26 18:18:00";"30.0";"-2475.00";"14832.79980";"14997.79980";"118433.48";"0.00";"IST";"SL";"18m 0s";"-0.00"
"1441";"USTEC_ICM_UTC2";"Buy";"14753.4";"14835.9";"2023.06.27 18:15:00";"2023.06.27 18:44:00";"30.0";"2475.00";"14670.90039";"14835.90039";"120908.48";"0.00";"IST";"PT";"29m 0s";"-0.00"
"1442";"USTEC_ICM_UTC2";"Buy";"15014.8";"14932.3";"2023.06.28 18:00:00";"2023.06.28 19:44:00";"30.0";"-2475.00";"14932.29980";"15097.29980";"118433.48";"0.00";"IST";"SL";"1h 44m";"-0.00"
"1443";"USTEC_ICM_UTC2";"Buy";"14902.1";"14984.6";"2023.06.29 17:30:00";"2023.06.30 08:25:00";"30.0";"2291.88";"14819.59961";"14984.59961";"120725.36";"0.00";"IST";"PT";"14h 55m";"-183.12"
"1444";"USTEC_ICM_UTC2";"Buy";"15172.9";"15205.8";"2023.06.30 18:00:00";"2023.06.30 22:55:00";"30.0";"986.97";"15090.40039";"15255.40039";"121712.33";"0.00";"IST";"End Of Friday (Time)";"4h 55m";"-0.00"
"1445";"USTEC_ICM_UTC2";"Buy";"15170.2";"15252.7";"2023.07.03 18:15:00";"2023.07.05 17:16:00";"30.0";"2108.76";"15087.70020";"15252.70020";"123821.09";"0.00";"IST";"PT";"1d 23h 1m";"-366.24"
"1446";"USTEC_ICM_UTC2";"Buy";"15257.1";"15174.6";"2023.07.05 17:30:00";"2023.07.05 21:22:00";"30.0";"-2475.00";"15174.59961";"15339.59961";"121346.09";"0.00";"IST";"SL";"3h 52m";"-0.00"
"1447";"USTEC_ICM_UTC2";"Buy";"15030.7";"15113.2";"2023.07.06 16:45:00";"2023.07.07 15:30:00";"30.0";"2291.88";"14948.20020";"15113.20020";"123637.97";"0.00";"IST";"PT";"22h 45m";"-183.12"
"1448";"USTEC_ICM_UTC2";"Buy";"15129.1";"15046.6";"2023.07.07 17:00:00";"2023.07.07 17:34:00";"30.0";"-2475.00";"15046.59961";"15211.59961";"121162.97";"0.00";"IST";"SL";"34m 0s";"-0.00"
"1449";"USTEC_ICM_UTC2";"Buy";"15004.8";"14922.3";"2023.07.10 18:00:00";"2023.07.10 19:10:00";"30.0";"-2475.00";"14922.29980";"15087.29980";"118687.97";"0.00";"IST";"SL";"1h 10m";"-0.00"
"1450";"USTEC_ICM_UTC2";"Buy";"15057.0";"15139.5";"2023.07.11 18:00:00";"2023.07.12 02:15:00";"30.0";"2291.88";"14974.50000";"15139.50000";"120979.85";"0.00";"IST";"PT";"8h 15m";"-183.12"
"1451";"USTEC_ICM_UTC2";"Buy";"15321.7";"15239.2";"2023.07.12 17:00:00";"2023.07.12 18:40:00";"30.0";"-2475.00";"15239.20020";"15404.20020";"118504.85";"0.00";"IST";"SL";"1h 40m";"-0.00"
"1452";"USTEC_ICM_UTC2";"Buy";"15473.6";"15556.1";"2023.07.13 18:00:00";"2023.07.13 22:03:00";"30.0";"2475.00";"15391.09961";"15556.09961";"120979.85";"0.00";"IST";"PT";"4h 3m";"-0.00"
"1453";"USTEC_ICM_UTC2";"Buy";"15653.7";"15571.2";"2023.07.14 18:00:00";"2023.07.14 21:37:00";"30.0";"-2475.00";"15571.20020";"15736.20020";"118504.85";"0.00";"IST";"SL";"3h 37m";"-0.00"
"1454";"USTEC_ICM_UTC2";"Buy";"15622.9";"15705.4";"2023.07.17 18:00:00";"2023.07.17 22:04:00";"30.0";"2475.00";"15540.40039";"15705.40039";"120979.85";"0.00";"IST";"PT";"4h 4m";"-0.00"
"1455";"USTEC_ICM_UTC2";"Buy";"15659.2";"15741.7";"2023.07.18 18:00:00";"2023.07.18 18:49:00";"30.0";"2475.00";"15576.70020";"15741.70020";"123454.85";"0.00";"IST";"PT";"49m 0s";"-0.00"
"1456";"USTEC_ICM_UTC2";"Buy";"15873.6";"15791.1";"2023.07.19 18:00:00";"2023.07.19 21:09:00";"30.0";"-2475.00";"15791.09961";"15956.09961";"120979.85";"0.00";"IST";"SL";"3h 9m";"-0.00"
"1457";"USTEC_ICM_UTC2";"Buy";"15605.4";"15522.9";"2023.07.20 17:45:00";"2023.07.20 21:19:00";"30.0";"-2475.00";"15522.90039";"15687.90039";"118504.85";"0.00";"IST";"SL";"3h 34m";"-0.00"
"1458";"USTEC_ICM_UTC2";"Buy";"15464.5";"15430.0";"2023.07.21 18:00:00";"2023.07.21 22:55:00";"30.0";"-1035.00";"15382.00000";"15547.00000";"117469.85";"0.00";"IST";"End Of Friday (Time)";"4h 55m";"-0.00"
"1459";"USTEC_ICM_UTC2";"Buy";"15468.2";"15550.7";"2023.07.24 18:15:00";"2023.07.25 16:57:00";"30.0";"2291.88";"15385.70020";"15550.70020";"119761.73";"0.00";"IST";"PT";"22h 42m";"-183.12"
"1460";"USTEC_ICM_UTC2";"Buy";"15533.3";"15615.8";"2023.07.25 18:15:00";"2023.07.25 21:35:00";"30.0";"2475.00";"15450.79980";"15615.79980";"122236.73";"0.00";"IST";"PT";"3h 20m";"-0.00"
"1461";"USTEC_ICM_UTC2";"Buy";"15430.4";"15512.9";"2023.07.26 18:00:00";"2023.07.26 21:38:00";"30.0";"2475.00";"15347.90039";"15512.90039";"124711.73";"0.00";"IST";"PT";"3h 38m";"-0.00"
"1462";"USTEC_ICM_UTC2";"Buy";"15676.1";"15593.6";"2023.07.27 18:15:00";"2023.07.27 21:06:00";"30.0";"-2475.00";"15593.59961";"15758.59961";"122236.73";"0.00";"IST";"SL";"2h 51m";"-0.00"
"1463";"USTEC_ICM_UTC2";"Buy";"15780.8";"15698.3";"2023.07.28 18:45:00";"2023.07.28 20:35:00";"30.0";"-2475.00";"15698.29980";"15863.29980";"119761.73";"0.00";"IST";"SL";"1h 50m";"-0.00"
"1464";"USTEC_ICM_UTC2";"Buy";"15754.3";"15671.8";"2023.07.31 18:30:00";"2023.08.01 14:43:00";"30.0";"-2658.12";"15671.79980";"15836.79980";"117103.61";"0.00";"IST";"SL";"20h 13m";"-183.12"
"1465";"USTEC_ICM_UTC2";"Buy";"15683.6";"15601.1";"2023.08.01 17:30:00";"2023.08.02 01:00:00";"30.0";"-2658.12";"15601.09961";"15766.09961";"114445.49";"0.00";"IST";"SL";"7h 30m";"-183.12"
"1466";"USTEC_ICM_UTC2";"Buy";"15570.0";"15487.5";"2023.08.02 16:30:00";"2023.08.02 16:54:00";"30.0";"-2475.00";"15487.50000";"15652.50000";"111970.49";"0.00";"IST";"SL";"24m 0s";"-0.00"
"1467";"USTEC_ICM_UTC2";"Buy";"15267.4";"15349.9";"2023.08.03 16:30:00";"2023.08.03 16:47:00";"30.0";"2475.00";"15184.90039";"15349.90039";"114445.49";"0.00";"IST";"PT";"17m 0s";"-0.00"
"1468";"USTEC_ICM_UTC2";"Buy";"15367.1";"15449.6";"2023.08.04 17:00:00";"2023.08.04 18:02:00";"30.0";"2475.00";"15284.59961";"15449.59961";"116920.49";"0.00";"IST";"PT";"1h 2m";"-0.00"
"1469";"USTEC_ICM_UTC2";"Buy";"15301.0";"15383.5";"2023.08.07 18:15:00";"2023.08.07 22:41:00";"30.0";"2475.00";"15218.50000";"15383.50000";"119395.49";"0.00";"IST";"PT";"4h 26m";"-0.00"
"1470";"USTEC_ICM_UTC2";"Buy";"15299.2";"15216.7";"2023.08.08 16:30:00";"2023.08.08 16:49:00";"30.0";"-2475.00";"15216.70020";"15381.70020";"116920.49";"0.00";"IST";"SL";"19m 0s";"-0.00"
"1471";"USTEC_ICM_UTC2";"Buy";"15132.8";"15215.3";"2023.08.09 18:00:00";"2023.08.09 21:19:00";"30.0";"2475.00";"15050.29980";"15215.29980";"119395.49";"0.00";"IST";"PT";"3h 19m";"-0.00"
"1472";"USTEC_ICM_UTC2";"Buy";"15352.2";"15269.7";"2023.08.10 17:00:00";"2023.08.10 17:45:00";"30.0";"-2475.00";"15269.70020";"15434.70020";"116920.49";"0.00";"IST";"SL";"45m 0s";"-0.00"
"1473";"USTEC_ICM_UTC2";"Buy";"15079.0";"14996.5";"2023.08.11 17:30:00";"2023.08.11 18:16:00";"30.0";"-2475.00";"14996.50000";"15161.50000";"114445.49";"0.00";"IST";"SL";"46m 0s";"-0.00"
"1474";"USTEC_ICM_UTC2";"Buy";"15162.9";"15245.4";"2023.08.14 18:00:00";"2023.08.15 01:53:00";"30.0";"2291.88";"15080.40039";"15245.40039";"116737.37";"0.00";"IST";"PT";"7h 53m";"-183.12"
"1475";"USTEC_ICM_UTC2";"Buy";"15156.5";"15074.0";"2023.08.15 16:30:00";"2023.08.15 17:05:00";"30.0";"-2475.00";"15074.00000";"15239.00000";"114262.37";"0.00";"IST";"SL";"35m 0s";"-0.00"
"1476";"USTEC_ICM_UTC2";"Buy";"15061.3";"14978.8";"2023.08.16 18:00:00";"2023.08.16 18:57:00";"30.0";"-2475.00";"14978.79980";"15143.79980";"111787.37";"0.00";"IST";"SL";"57m 0s";"-0.00"
"1477";"USTEC_ICM_UTC2";"Buy";"14810.0";"14892.5";"2023.08.17 18:30:00";"2023.08.17 19:59:00";"30.0";"2475.00";"14727.50000";"14892.50000";"114262.37";"0.00";"IST";"PT";"1h 29m";"-0.00"
"1478";"USTEC_ICM_UTC2";"Buy";"14638.0";"14720.5";"2023.08.18 17:45:00";"2023.08.18 21:40:00";"30.0";"2475.00";"14555.50000";"14720.50000";"116737.37";"0.00";"IST";"PT";"3h 55m";"-0.00"
"1479";"USTEC_ICM_UTC2";"Buy";"14761.9";"14844.4";"2023.08.21 18:15:00";"2023.08.21 19:58:00";"30.0";"2475.00";"14679.40039";"14844.40039";"119212.37";"0.00";"IST";"PT";"1h 43m";"-0.00"
"1480";"USTEC_ICM_UTC2";"Buy";"14998.3";"14915.8";"2023.08.22 18:00:00";"2023.08.22 19:10:00";"30.0";"-2475.00";"14915.79980";"15080.79980";"116737.37";"0.00";"IST";"SL";"1h 10m";"-0.00"
"1481";"USTEC_ICM_UTC2";"Buy";"14975.0";"15057.5";"2023.08.23 16:45:00";"2023.08.23 17:09:00";"30.0";"2475.00";"14892.50000";"15057.50000";"119212.37";"0.00";"IST";"PT";"24m 0s";"-0.00"
"1482";"USTEC_ICM_UTC2";"Buy";"14993.9";"14911.4";"2023.08.24 18:00:00";"2023.08.24 18:52:00";"30.0";"-2475.00";"14911.40039";"15076.40039";"116737.37";"0.00";"IST";"SL";"52m 0s";"-0.00"
"1483";"USTEC_ICM_UTC2";"Buy";"14821.3";"14903.8";"2023.08.25 18:30:00";"2023.08.25 21:20:00";"30.0";"2475.00";"14738.79980";"14903.79980";"119212.37";"0.00";"IST";"PT";"2h 50m";"-0.00"
"1484";"USTEC_ICM_UTC2";"Buy";"14983.0";"15065.5";"2023.08.28 18:15:00";"2023.08.28 22:47:00";"30.0";"2475.00";"14900.50000";"15065.50000";"121687.37";"0.00";"IST";"PT";"4h 32m";"-0.00"
"1485";"USTEC_ICM_UTC2";"Buy";"15263.0";"15345.5";"2023.08.29 18:00:00";"2023.08.29 18:43:00";"30.0";"2475.00";"15180.50000";"15345.50000";"124162.37";"0.00";"IST";"PT";"43m 0s";"-0.00"
"1486";"USTEC_ICM_UTC2";"Buy";"15367.9";"15450.4";"2023.08.30 17:30:00";"2023.08.30 18:37:00";"30.0";"2475.00";"15285.40039";"15450.40039";"126637.37";"0.00";"IST";"PT";"1h 7m";"-0.00"
"1487";"USTEC_ICM_UTC2";"Buy";"15556.6";"15474.1";"2023.08.31 17:30:00";"2023.08.31 19:46:00";"30.0";"-2475.00";"15474.09961";"15639.09961";"124162.37";"0.00";"IST";"SL";"2h 16m";"-0.00"
"1488";"USTEC_ICM_UTC2";"Buy";"15529.2";"15446.7";"2023.09.01 17:00:00";"2023.09.01 18:45:00";"30.0";"-2475.00";"15446.70020";"15611.70020";"121687.37";"0.00";"IST";"SL";"1h 45m";"-0.00"
"1489";"USTEC_ICM_UTC2";"Buy";"15456.5";"15539.0";"2023.09.05 16:30:00";"2023.09.05 18:07:00";"30.0";"2475.00";"15374.00000";"15539.00000";"124162.37";"0.00";"IST";"PT";"1h 37m";"-0.00"
"1490";"USTEC_ICM_UTC2";"Buy";"15352.1";"15269.6";"2023.09.06 18:00:00";"2023.09.07 11:12:00";"30.0";"-2658.12";"15269.59961";"15434.59961";"121504.25";"0.00";"IST";"SL";"17h 12m";"-183.12"
"1491";"USTEC_ICM_UTC2";"Buy";"15183.5";"15266.0";"2023.09.07 16:30:00";"2023.09.07 20:54:00";"30.0";"2475.00";"15101.00000";"15266.00000";"123979.25";"0.00";"IST";"PT";"4h 24m";"-0.00"
"1492";"USTEC_ICM_UTC2";"Buy";"15349.5";"15267.0";"2023.09.08 17:15:00";"2023.09.08 21:16:00";"30.0";"-2475.00";"15267.00000";"15432.00000";"121504.25";"0.00";"IST";"SL";"4h 1m";"-0.00"
"1493";"USTEC_ICM_UTC2";"Buy";"15356.2";"15438.7";"2023.09.11 18:15:00";"2023.09.11 20:31:00";"30.0";"2475.00";"15273.70020";"15438.70020";"123979.25";"0.00";"IST";"PT";"2h 16m";"-0.00"
"1494";"USTEC_ICM_UTC2";"Buy";"15337.1";"15254.6";"2023.09.12 18:00:00";"2023.09.13 13:17:00";"30.0";"-2658.12";"15254.59961";"15419.59961";"121321.13";"0.00";"IST";"SL";"19h 17m";"-183.12"
"1495";"USTEC_ICM_UTC2";"Buy";"15299.4";"15381.9";"2023.09.13 16:30:00";"2023.09.13 18:05:00";"30.0";"2475.00";"15216.90039";"15381.90039";"123796.13";"0.00";"IST";"PT";"1h 35m";"-0.00"
"1496";"USTEC_ICM_UTC2";"Buy";"15366.2";"15448.7";"2023.09.14 17:15:00";"2023.09.14 17:45:00";"30.0";"2475.00";"15283.70020";"15448.70020";"126271.13";"0.00";"IST";"PT";"30m 0s";"-0.00"
"1497";"USTEC_ICM_UTC2";"Buy";"15236.1";"15197.6";"2023.09.15 18:00:00";"2023.09.15 22:55:00";"30.0";"-1155.00";"15153.59961";"15318.59961";"125116.13";"0.00";"IST";"End Of Friday (Time)";"4h 55m";"-0.00"
"1498";"USTEC_ICM_UTC2";"Buy";"15217.2";"15134.7";"2023.09.18 17:30:00";"2023.09.19 16:50:00";"30.0";"-2658.12";"15134.70020";"15299.70020";"122458.01";"0.00";"IST";"SL";"23h 20m";"-183.12"
"1499";"USTEC_ICM_UTC2";"Buy";"15082.2";"15164.7";"2023.09.19 17:45:00";"2023.09.19 20:45:00";"30.0";"2475.00";"14999.70020";"15164.70020";"124933.01";"0.00";"IST";"PT";"3h 0m";"-0.00"
"1500";"USTEC_ICM_UTC2";"Buy";"15177.7";"15095.2";"2023.09.20 18:00:00";"2023.09.20 22:07:00";"30.0";"-2475.00";"15095.20020";"15260.20020";"122458.01";"0.00";"IST";"SL";"4h 7m";"-0.00"
"1501";"USTEC_ICM_UTC2";"Buy";"14763.6";"14846.1";"2023.09.21 17:00:00";"2023.09.21 17:41:00";"30.0";"2475.00";"14681.09961";"14846.09961";"124933.01";"0.00";"IST";"PT";"41m 0s";"-0.00"
"1502";"USTEC_ICM_UTC2";"Buy";"14829.1";"14746.6";"2023.09.22 18:15:00";"2023.09.22 20:42:00";"30.0";"-2475.00";"14746.59961";"14911.59961";"122458.01";"0.00";"IST";"SL";"2h 27m";"-0.00"
"1503";"USTEC_ICM_UTC2";"Buy";"14657.6";"14740.1";"2023.09.25 16:30:00";"2023.09.25 18:17:00";"30.0";"2475.00";"14575.09961";"14740.09961";"124933.01";"0.00";"IST";"PT";"1h 47m";"-0.00"
"1504";"USTEC_ICM_UTC2";"Buy";"14606.6";"14524.1";"2023.09.26 18:00:00";"2023.09.26 22:16:00";"30.0";"-2475.00";"14524.09961";"14689.09961";"122458.01";"0.00";"IST";"SL";"4h 16m";"-0.00"
"1505";"USTEC_ICM_UTC2";"Buy";"14603.2";"14520.7";"2023.09.27 17:30:00";"2023.09.27 18:47:00";"30.0";"-2475.00";"14520.70020";"14685.70020";"119983.01";"0.00";"IST";"SL";"1h 17m";"-0.00"
"1506";"USTEC_ICM_UTC2";"Buy";"14513.1";"14595.6";"2023.09.28 16:45:00";"2023.09.28 17:00:00";"30.0";"2475.00";"14430.59961";"14595.59961";"122458.01";"0.00";"IST";"PT";"15m 0s";"-0.00"
"1507";"USTEC_ICM_UTC2";"Buy";"14824.5";"14742.0";"2023.09.29 18:15:00";"2023.09.29 19:52:00";"30.0";"-2475.00";"14742.00000";"14907.00000";"119983.01";"0.00";"IST";"SL";"1h 37m";"-0.00"
"1508";"USTEC_ICM_UTC2";"Buy";"14784.7";"14867.2";"2023.10.02 18:00:00";"2023.10.02 18:21:00";"30.0";"2475.00";"14702.20020";"14867.20020";"122458.01";"0.00";"IST";"PT";"21m 0s";"-0.00"
"1509";"USTEC_ICM_UTC2";"Buy";"14663.8";"14581.3";"2023.10.03 17:15:00";"2023.10.03 18:02:00";"30.0";"-2475.00";"14581.29980";"14746.29980";"119983.01";"0.00";"IST";"SL";"47m 0s";"-0.00"
"1510";"USTEC_ICM_UTC2";"Buy";"14654.5";"14737.0";"2023.10.04 17:00:00";"2023.10.04 18:57:00";"30.0";"2475.00";"14572.00000";"14737.00000";"122458.01";"0.00";"IST";"PT";"1h 57m";"-0.00"
"1511";"USTEC_ICM_UTC2";"Buy";"14698.6";"14616.1";"2023.10.05 17:00:00";"2023.10.05 17:36:00";"30.0";"-2475.00";"14616.09961";"14781.09961";"119983.01";"0.00";"IST";"SL";"36m 0s";"-0.00"
"1512";"USTEC_ICM_UTC2";"Buy";"14629.2";"14711.7";"2023.10.06 17:00:00";"2023.10.06 17:30:00";"30.0";"2475.00";"14546.70020";"14711.70020";"122458.01";"0.00";"IST";"PT";"30m 0s";"-0.00"
"1513";"USTEC_ICM_UTC2";"Buy";"14853.7";"14936.2";"2023.10.09 18:00:00";"2023.10.09 19:19:00";"30.0";"2475.00";"14771.20020";"14936.20020";"124933.01";"0.00";"IST";"PT";"1h 19m";"-0.00"
"1514";"USTEC_ICM_UTC2";"Buy";"15179.1";"15261.6";"2023.10.10 18:00:00";"2023.10.11 23:01:00";"30.0";"2291.88";"15096.59961";"15261.59961";"127224.89";"0.00";"IST";"PT";"1d 5h 1m";"-183.12"
"1515";"USTEC_ICM_UTC2";"Buy";"15289.0";"15206.5";"2023.10.12 17:30:00";"2023.10.12 20:14:00";"30.0";"-2475.00";"15206.50000";"15371.50000";"124749.89";"0.00";"IST";"SL";"2h 44m";"-0.00"
"1516";"USTEC_ICM_UTC2";"Buy";"15213.8";"15131.3";"2023.10.13 16:30:00";"2023.10.13 17:48:00";"30.0";"-2475.00";"15131.29980";"15296.29980";"122274.89";"0.00";"IST";"SL";"1h 18m";"-0.00"
"1517";"USTEC_ICM_UTC2";"Buy";"15185.1";"15102.6";"2023.10.16 18:00:00";"2023.10.16 20:25:00";"30.0";"-2475.00";"15102.59961";"15267.59961";"119799.89";"0.00";"IST";"SL";"2h 25m";"-0.00"
"1518";"USTEC_ICM_UTC2";"Buy";"14958.7";"15041.2";"2023.10.17 17:00:00";"2023.10.17 17:11:00";"30.0";"2475.00";"14876.20020";"15041.20020";"122274.89";"0.00";"IST";"PT";"11m 0s";"-0.00"
"1519";"USTEC_ICM_UTC2";"Buy";"14985.6";"14903.1";"2023.10.18 18:00:00";"2023.10.18 22:42:00";"30.0";"-2475.00";"14903.09961";"15068.09961";"119799.89";"0.00";"IST";"SL";"4h 42m";"-0.00"
"1520";"USTEC_ICM_UTC2";"Buy";"14929.9";"15012.4";"2023.10.19 17:45:00";"2023.10.19 19:03:00";"30.0";"2475.00";"14847.40039";"15012.40039";"122274.89";"0.00";"IST";"PT";"1h 18m";"-0.00"
"1521";"USTEC_ICM_UTC2";"Buy";"14601.7";"14684.2";"2023.10.20 18:15:00";"2023.10.20 20:18:00";"30.0";"2475.00";"14519.20020";"14684.20020";"124749.89";"0.00";"IST";"PT";"2h 3m";"-0.00"
"1522";"USTEC_ICM_UTC2";"Buy";"14425.1";"14507.6";"2023.10.23 16:45:00";"2023.10.23 16:50:00";"30.0";"2475.00";"14342.59961";"14507.59961";"127224.89";"0.00";"IST";"PT";"5m 0s";"-0.00"
"1523";"USTEC_ICM_UTC2";"Buy";"14743.4";"14660.9";"2023.10.24 18:15:00";"2023.10.24 19:24:00";"30.0";"-2475.00";"14660.90039";"14825.90039";"124749.89";"0.00";"IST";"SL";"1h 9m";"-0.00"
"1524";"USTEC_ICM_UTC2";"Buy";"14529.2";"14446.7";"2023.10.25 18:00:00";"2023.10.25 19:42:00";"30.0";"-2475.00";"14446.70020";"14611.70020";"122274.89";"0.00";"IST";"SL";"1h 42m";"-0.00"
"1525";"USTEC_ICM_UTC2";"Buy";"14245.6";"14163.1";"2023.10.26 17:00:00";"2023.10.26 18:41:00";"30.0";"-2475.00";"14163.09961";"14328.09961";"119799.89";"0.00";"IST";"SL";"1h 41m";"-0.00"
"1526";"USTEC_ICM_UTC2";"Buy";"14308.6";"14226.1";"2023.10.27 18:30:00";"2023.10.27 19:50:00";"30.0";"-2475.00";"14226.09961";"14391.09961";"117324.89";"0.00";"IST";"SL";"1h 20m";"-0.00"
"1527";"USTEC_ICM_UTC2";"Buy";"14279.1";"14361.6";"2023.10.30 17:15:00";"2023.10.30 20:47:00";"30.0";"2475.00";"14196.59961";"14361.59961";"119799.89";"0.00";"IST";"PT";"3h 32m";"-0.00"
"1528";"USTEC_ICM_UTC2";"Buy";"14335.3";"14417.8";"2023.10.31 17:00:00";"2023.10.31 21:01:00";"30.0";"2475.00";"14252.79980";"14417.79980";"122274.89";"0.00";"IST";"PT";"4h 1m";"-0.00"
"1529";"USTEC_ICM_UTC2";"Buy";"14551.9";"14634.4";"2023.11.01 16:30:00";"2023.11.01 21:11:00";"30.0";"2475.00";"14469.40039";"14634.40039";"124749.89";"0.00";"IST";"PT";"4h 41m";"-0.00"
"1530";"USTEC_ICM_UTC2";"Buy";"14868.8";"14951.3";"2023.11.02 17:15:00";"2023.11.03 14:30:00";"30.0";"2291.88";"14786.29980";"14951.29980";"127041.77";"0.00";"IST";"PT";"21h 15m";"-183.12"
"1531";"USTEC_ICM_UTC2";"Buy";"14999.8";"15082.3";"2023.11.03 16:30:00";"2023.11.03 18:13:00";"30.0";"2475.00";"14917.29980";"15082.29980";"129516.77";"0.00";"IST";"PT";"1h 43m";"-0.00"
"1532";"USTEC_ICM_UTC2";"Buy";"15156.1";"15073.6";"2023.11.06 18:15:00";"2023.11.06 20:20:00";"30.0";"-2475.00";"15073.59961";"15238.59961";"127041.77";"0.00";"IST";"SL";"2h 5m";"-0.00"
"1533";"USTEC_ICM_UTC2";"Buy";"15224.1";"15306.6";"2023.11.07 17:00:00";"2023.11.07 17:51:00";"30.0";"2475.00";"15141.59961";"15306.59961";"129516.77";"0.00";"IST";"PT";"51m 0s";"-0.00"
"1534";"USTEC_ICM_UTC2";"Buy";"15283.7";"15366.2";"2023.11.08 18:15:00";"2023.11.09 18:50:00";"30.0";"2291.88";"15201.20020";"15366.20020";"131808.66";"0.00";"IST";"PT";"1d 0h 35m";"-183.12"
"1535";"USTEC_ICM_UTC2";"Buy";"15375.7";"15293.2";"2023.11.09 19:00:00";"2023.11.09 20:02:00";"30.0";"-2475.00";"15293.20020";"15458.20020";"129333.65";"0.00";"IST";"SL";"1h 2m";"-0.00"
"1536";"USTEC_ICM_UTC2";"Buy";"15282.7";"15365.2";"2023.11.10 17:15:00";"2023.11.10 18:12:00";"30.0";"2475.00";"15200.20020";"15365.20020";"131808.66";"0.00";"IST";"PT";"57m 0s";"-0.00"
"1537";"USTEC_ICM_UTC2";"Buy";"15470.7";"15553.2";"2023.11.13 18:00:00";"2023.11.14 15:30:00";"30.0";"2291.88";"15388.20020";"15553.20020";"134100.53";"0.00";"IST";"PT";"21h 30m";"-183.12"
"1538";"USTEC_ICM_UTC2";"Buy";"15799.6";"15882.1";"2023.11.14 17:00:00";"2023.11.15 10:47:00";"30.0";"2291.88";"15717.09961";"15882.09961";"136392.41";"0.00";"IST";"PT";"17h 47m";"-183.12"
"1539";"USTEC_ICM_UTC2";"Buy";"15848.1";"15765.6";"2023.11.15 17:00:00";"2023.11.15 20:15:00";"30.0";"-2475.00";"15765.59961";"15930.59961";"133917.41";"0.00";"IST";"SL";"3h 15m";"-0.00"
"1540";"USTEC_ICM_UTC2";"Buy";"15775.8";"15858.3";"2023.11.16 18:00:00";"2023.11.17 20:35:00";"30.0";"2291.88";"15693.29980";"15858.29980";"136209.30";"0.00";"IST";"PT";"1d 2h 35m";"-183.12"
"1541";"USTEC_ICM_UTC2";"Buy";"15849.2";"15832.6";"2023.11.17 20:45:00";"2023.11.17 22:55:00";"30.0";"-498.03";"15766.70020";"15931.70020";"135711.27";"0.00";"IST";"End Of Friday (Time)";"2h 10m";"-0.00"
"1542";"USTEC_ICM_UTC2";"Buy";"15942.8";"16025.3";"2023.11.20 18:00:00";"2023.11.20 21:40:00";"30.0";"2475.00";"15860.29980";"16025.29980";"138186.27";"0.00";"IST";"PT";"3h 40m";"-0.00"
"1543";"USTEC_ICM_UTC2";"Buy";"15874.0";"15956.5";"2023.11.21 17:30:00";"2023.11.22 12:35:00";"30.0";"2291.88";"15791.50000";"15956.50000";"140478.14";"0.00";"IST";"PT";"19h 5m";"-183.12"
"1544";"USTEC_ICM_UTC2";"Buy";"16017.9";"16100.4";"2023.11.22 16:30:00";"2023.11.22 16:35:00";"30.0";"2475.00";"15935.40039";"16100.40039";"142953.14";"0.00";"IST";"PT";"5m 0s";"-0.00"
"1545";"USTEC_ICM_UTC2";"Buy";"15984.3";"15901.8";"2023.11.24 16:30:00";"2023.11.27 05:08:00";"30.0";"-3024.36";"15901.79980";"16066.79980";"139928.78";"0.00";"IST";"SL";"2d 12h 38m";"-549.36"
"1546";"USTEC_ICM_UTC2";"Buy";"15957.4";"16039.9";"2023.11.27 16:30:00";"2023.11.27 20:02:00";"30.0";"2475.00";"15874.90039";"16039.90039";"142403.78";"0.00";"IST";"PT";"3h 32m";"-0.00"
"1547";"USTEC_ICM_UTC2";"Buy";"15935.4";"16017.9";"2023.11.28 16:30:00";"2023.11.28 18:31:00";"30.0";"2475.00";"15852.90039";"16017.90039";"144878.78";"0.00";"IST";"PT";"2h 1m";"-0.00"
"1548";"USTEC_ICM_UTC2";"Buy";"16070.7";"15988.2";"2023.11.29 17:30:00";"2023.11.29 22:18:00";"30.0";"-2475.00";"15988.20020";"16153.20020";"142403.78";"0.00";"IST";"SL";"4h 48m";"-0.00"
"1549";"USTEC_ICM_UTC2";"Buy";"15939.5";"15857.0";"2023.11.30 17:15:00";"2023.11.30 17:46:00";"30.0";"-2475.00";"15857.00000";"16022.00000";"139928.78";"0.00";"IST";"SL";"31m 0s";"-0.00"
"1550";"USTEC_ICM_UTC2";"Buy";"15882.8";"15965.3";"2023.12.01 18:00:00";"2023.12.01 18:44:00";"30.0";"2475.00";"15800.29980";"15965.29980";"142403.78";"0.00";"IST";"PT";"44m 0s";"-0.00"
"1551";"USTEC_ICM_UTC2";"Buy";"15722.7";"15805.2";"2023.12.04 17:30:00";"2023.12.04 19:15:00";"30.0";"2475.00";"15640.20020";"15805.20020";"144878.78";"0.00";"IST";"PT";"1h 45m";"-0.00"
"1552";"USTEC_ICM_UTC2";"Buy";"15762.2";"15844.7";"2023.12.05 16:30:00";"2023.12.05 17:00:00";"30.0";"2475.00";"15679.70020";"15844.70020";"147353.78";"0.00";"IST";"PT";"30m 0s";"-0.00"
"1553";"USTEC_ICM_UTC2";"Buy";"15910.3";"15827.8";"2023.12.06 18:00:00";"2023.12.06 20:06:00";"30.0";"-2475.00";"15827.79980";"15992.79980";"144878.78";"0.00";"IST";"SL";"2h 6m";"-0.00"
"1554";"USTEC_ICM_UTC2";"Buy";"15977.1";"15894.6";"2023.12.07 18:00:00";"2023.12.08 15:30:00";"30.0";"-2658.12";"15894.59961";"16059.59961";"142220.66";"0.00";"IST";"SL";"21h 30m";"-183.12"
"1555";"USTEC_ICM_UTC2";"Buy";"15976.2";"16058.7";"2023.12.08 17:00:00";"2023.12.08 17:08:00";"30.0";"2475.00";"15893.70020";"16058.70020";"144695.66";"0.00";"IST";"PT";"8m 0s";"-0.00"
"1556";"USTEC_ICM_UTC2";"Buy";"16164.8";"16247.3";"2023.12.11 18:00:00";"2023.12.12 02:21:00";"30.0";"2291.88";"16082.29980";"16247.29980";"146987.55";"0.00";"IST";"PT";"8h 21m";"-183.12"
"1557";"USTEC_ICM_UTC2";"Buy";"16242.9";"16325.4";"2023.12.12 17:00:00";"2023.12.12 21:57:00";"30.0";"2475.00";"16160.40039";"16325.40039";"149462.55";"0.00";"IST";"PT";"4h 57m";"-0.00"
"1558";"USTEC_ICM_UTC2";"Buy";"16409.3";"16491.8";"2023.12.13 18:00:00";"2023.12.13 21:22:00";"30.0";"2475.00";"16326.79980";"16491.80078";"151937.55";"0.00";"IST";"PT";"3h 22m";"-0.00"
"1559";"USTEC_ICM_UTC2";"Buy";"16580.7";"16498.2";"2023.12.14 17:30:00";"2023.12.14 20:00:00";"30.0";"-2475.00";"16498.19922";"16663.19922";"149462.55";"0.00";"IST";"SL";"2h 30m";"-0.00"
"1560";"USTEC_ICM_UTC2";"Buy";"16633.8";"16551.3";"2023.12.15 17:45:00";"2023.12.15 20:55:00";"30.0";"-2475.00";"16551.30078";"16716.30078";"146987.55";"0.00";"IST";"SL";"3h 10m";"-0.00"
"1561";"USTEC_ICM_UTC2";"Buy";"16674.1";"16756.6";"2023.12.18 18:15:00";"2023.12.18 21:13:00";"30.0";"2475.00";"16591.59961";"16756.59961";"149462.55";"0.00";"IST";"PT";"2h 58m";"-0.00"
"1562";"USTEC_ICM_UTC2";"Buy";"16794.4";"16711.9";"2023.12.19 18:00:00";"2023.12.20 21:48:00";"30.0";"-2658.12";"16711.90039";"16876.90039";"146804.42";"0.00";"IST";"SL";"1d 3h 48m";"-183.12"
"1563";"USTEC_ICM_UTC2";"Buy";"16632.1";"16714.6";"2023.12.20 22:00:00";"2023.12.21 15:34:00";"30.0";"2291.88";"16549.59961";"16714.59961";"149096.30";"0.00";"IST";"PT";"17h 34m";"-183.12"
"1564";"USTEC_ICM_UTC2";"Buy";"16694.5";"16777.0";"2023.12.21 17:00:00";"2023.12.22 15:36:00";"30.0";"2291.88";"16612.00000";"16777.00000";"151388.17";"0.00";"IST";"PT";"22h 36m";"-183.12"
"1565";"USTEC_ICM_UTC2";"Buy";"16797.6";"16715.1";"2023.12.22 18:00:00";"2023.12.22 21:24:00";"30.0";"-2475.00";"16715.09961";"16880.09961";"148913.17";"0.00";"IST";"SL";"3h 24m";"-0.00"
"1566";"USTEC_ICM_UTC2";"Buy";"16855.3";"16937.8";"2023.12.26 19:15:00";"2023.12.28 02:48:00";"30.0";"2108.76";"16772.80078";"16937.80078";"151021.94";"0.00";"IST";"PT";"1d 7h 33m";"-366.24"
"1567";"USTEC_ICM_UTC2";"Buy";"16924.6";"16842.1";"2023.12.28 18:30:00";"2023.12.29 17:46:00";"30.0";"-2658.12";"16842.09961";"17007.09961";"148363.81";"0.00";"IST";"SL";"23h 16m";"-183.12"
"1568";"USTEC_ICM_UTC2";"Buy";"16832.8";"16810.5";"2023.12.29 18:00:00";"2023.12.29 22:55:00";"30.0";"-669.03";"16750.30078";"16915.30078";"147694.78";"0.00";"IST";"End Of Friday (Time)";"4h 55m";"-0.00"
"1569";"USTEC_ICM_UTC2";"Buy";"16675.2";"16592.7";"2024.01.02 16:30:00";"2024.01.02 16:42:00";"30.0";"-2475.00";"16592.69922";"16757.69922";"145219.78";"0.00";"IST";"SL";"12m 0s";"-0.00"
"1570";"USTEC_ICM_UTC2";"Buy";"16458.8";"16376.3";"2024.01.03 16:45:00";"2024.01.03 17:39:00";"30.0";"-2475.03";"16376.29980";"16541.30078";"142744.77";"0.00";"IST";"SL";"54m 0s";"-0.00"
"1571";"USTEC_ICM_UTC2";"Buy";"16298.6";"16381.1";"2024.01.04 17:00:00";"2024.01.04 18:05:00";"30.0";"2475.00";"16216.09961";"16381.09961";"145219.77";"0.00";"IST";"PT";"1h 5m";"-0.00"
"1572";"USTEC_ICM_UTC2";"Buy";"16312.5";"16395.0";"2024.01.05 17:00:00";"2024.01.05 17:32:00";"30.0";"2475.00";"16230.00000";"16395.00000";"147694.77";"0.00";"IST";"PT";"32m 0s";"-0.00"
"1573";"USTEC_ICM_UTC2";"Buy";"16353.7";"16436.2";"2024.01.08 16:30:00";"2024.01.08 16:47:00";"30.0";"2474.97";"16271.20020";"16436.19922";"150169.73";"0.00";"IST";"PT";"17m 0s";"-0.00"
"1574";"USTEC_ICM_UTC2";"Buy";"16551.3";"16633.8";"2024.01.09 17:00:00";"2024.01.09 18:24:00";"30.0";"2475.00";"16468.80078";"16633.80078";"152644.73";"0.00";"IST";"PT";"1h 24m";"-0.00"
"1575";"USTEC_ICM_UTC2";"Buy";"16708.0";"16790.5";"2024.01.10 17:30:00";"2024.01.10 21:12:00";"30.0";"2475.00";"16625.50000";"16790.50000";"155119.73";"0.00";"IST";"PT";"3h 42m";"-0.00"
"1576";"USTEC_ICM_UTC2";"Buy";"16818.4";"16735.9";"2024.01.11 17:00:00";"2024.01.11 17:05:00";"30.0";"-2475.00";"16735.90039";"16900.90039";"152644.73";"0.00";"IST";"SL";"5m 0s";"-0.00"
"1577";"USTEC_ICM_UTC2";"Buy";"16849.5";"16833.9";"2024.01.12 17:00:00";"2024.01.12 22:55:00";"30.0";"-468.00";"16767.00000";"16932.00000";"152176.73";"0.00";"IST";"End Of Friday (Time)";"5h 55m";"-0.00"
"1578";"USTEC_ICM_UTC2";"Buy";"16779.6";"16862.1";"2024.01.16 16:30:00";"2024.01.16 17:24:00";"30.0";"2475.00";"16697.09961";"16862.09961";"154651.73";"0.00";"IST";"PT";"54m 0s";"-0.00"
"1579";"USTEC_ICM_UTC2";"Buy";"16577.1";"16659.6";"2024.01.17 17:00:00";"2024.01.17 18:03:00";"30.0";"2475.00";"16494.59961";"16659.59961";"157126.73";"0.00";"IST";"PT";"1h 3m";"-0.00"
"1580";"USTEC_ICM_UTC2";"Buy";"16893.4";"16975.9";"2024.01.18 17:15:00";"2024.01.18 21:30:00";"30.0";"2475.00";"16810.90039";"16975.90039";"159601.73";"0.00";"IST";"PT";"4h 15m";"-0.00"
"1581";"USTEC_ICM_UTC2";"Buy";"17101.8";"17184.3";"2024.01.19 18:00:00";"2024.01.19 19:38:00";"30.0";"2475.00";"17019.30078";"17184.30078";"162076.73";"0.00";"IST";"PT";"1h 38m";"-0.00"
"1582";"USTEC_ICM_UTC2";"Buy";"17320.7";"17403.2";"2024.01.22 18:00:00";"2024.01.23 22:54:00";"30.0";"2291.88";"17238.19922";"17403.19922";"164368.61";"0.00";"IST";"PT";"1d 4h 54m";"-183.12"
"1583";"USTEC_ICM_UTC2";"Buy";"17613.6";"17531.1";"2024.01.24 18:00:00";"2024.01.24 21:21:00";"30.0";"-2475.00";"17531.09961";"17696.09961";"161893.61";"0.00";"IST";"SL";"3h 21m";"-0.00"
"1584";"USTEC_ICM_UTC2";"Buy";"17550.7";"17468.2";"2024.01.25 17:00:00";"2024.01.25 20:57:00";"30.0";"-2475.00";"17468.19922";"17633.19922";"159418.61";"0.00";"IST";"SL";"3h 57m";"-0.00"
"1585";"USTEC_ICM_UTC2";"Buy";"17430.8";"17513.3";"2024.01.26 17:15:00";"2024.01.26 18:00:00";"30.0";"2475.00";"17348.30078";"17513.30078";"161893.61";"0.00";"IST";"PT";"45m 0s";"-0.00"
"1586";"USTEC_ICM_UTC2";"Buy";"17456.9";"17539.4";"2024.01.29 18:45:00";"2024.01.29 22:00:00";"30.0";"2475.00";"17374.40039";"17539.40039";"164368.61";"0.00";"IST";"PT";"3h 15m";"-0.00"
"1587";"USTEC_ICM_UTC2";"Buy";"17535.9";"17453.4";"2024.01.30 18:30:00";"2024.01.30 20:01:00";"30.0";"-2475.00";"17453.40039";"17618.40039";"161893.61";"0.00";"IST";"SL";"1h 31m";"-0.00"
"1588";"USTEC_ICM_UTC2";"Buy";"17293.0";"17210.5";"2024.01.31 16:30:00";"2024.01.31 17:32:00";"30.0";"-2475.00";"17210.50000";"17375.50000";"159418.61";"0.00";"IST";"SL";"1h 2m";"-0.00"
"1589";"USTEC_ICM_UTC2";"Buy";"17180.2";"17262.7";"2024.02.01 18:00:00";"2024.02.01 19:04:00";"30.0";"2475.00";"17097.69922";"17262.69922";"161893.61";"0.00";"IST";"PT";"1h 4m";"-0.00"
"1590";"USTEC_ICM_UTC2";"Buy";"17501.7";"17584.2";"2024.02.02 17:15:00";"2024.02.02 18:30:00";"30.0";"2475.00";"17419.19922";"17584.19922";"164368.61";"0.00";"IST";"PT";"1h 15m";"-0.00"
"1591";"USTEC_ICM_UTC2";"Buy";"17523.4";"17605.9";"2024.02.05 18:30:00";"2024.02.05 19:30:00";"30.0";"2475.00";"17440.90039";"17605.90039";"166843.61";"0.00";"IST";"PT";"1h 0m";"-0.00"
"1592";"USTEC_ICM_UTC2";"Buy";"17551.8";"17634.3";"2024.02.06 18:00:00";"2024.02.07 15:04:00";"30.0";"2291.88";"17469.30078";"17634.30078";"169135.48";"0.00";"IST";"PT";"21h 4m";"-183.12"
"1593";"USTEC_ICM_UTC2";"Buy";"17744.5";"17827.0";"2024.02.07 18:00:00";"2024.02.09 10:04:00";"30.0";"2108.76";"17662.00000";"17827.00000";"171244.25";"0.00";"IST";"PT";"1d 16h 4m";"-366.24"
"1594";"USTEC_ICM_UTC2";"Buy";"17862.6";"17945.1";"2024.02.09 17:00:00";"2024.02.09 19:54:00";"30.0";"2475.00";"17780.09961";"17945.09961";"173719.25";"0.00";"IST";"PT";"2h 54m";"-0.00"
"1595";"USTEC_ICM_UTC2";"Buy";"17993.4";"17910.9";"2024.02.12 18:15:00";"2024.02.12 21:15:00";"30.0";"-2475.00";"17910.90039";"18075.90039";"171244.25";"0.00";"IST";"SL";"3h 0m";"-0.00"
"1596";"USTEC_ICM_UTC2";"Buy";"17550.8";"17633.3";"2024.02.13 16:30:00";"2024.02.13 17:24:00";"30.0";"2475.00";"17468.30078";"17633.30078";"173719.25";"0.00";"IST";"PT";"54m 0s";"-0.00"
"1597";"USTEC_ICM_UTC2";"Buy";"17672.6";"17755.1";"2024.02.14 18:00:00";"2024.02.14 22:25:00";"30.0";"2475.00";"17590.09961";"17755.09961";"176194.25";"0.00";"IST";"PT";"4h 25m";"-0.00"
"1598";"USTEC_ICM_UTC2";"Buy";"17783.4";"17865.9";"2024.02.15 18:00:00";"2024.02.15 20:30:00";"30.0";"2475.00";"17700.90039";"17865.90039";"178669.25";"0.00";"IST";"PT";"2h 30m";"-0.00"
"1599";"USTEC_ICM_UTC2";"Buy";"17703.2";"17785.7";"2024.02.16 17:15:00";"2024.02.16 18:12:00";"30.0";"2475.00";"17620.69922";"17785.69922";"181144.25";"0.00";"IST";"PT";"57m 0s";"-0.00"
"1600";"USTEC_ICM_UTC2";"Buy";"17603.7";"17521.2";"2024.02.20 16:30:00";"2024.02.20 16:41:00";"30.0";"-2475.00";"17521.19922";"17686.19922";"178669.25";"0.00";"IST";"SL";"11m 0s";"-0.00"
"1601";"USTEC_ICM_UTC2";"Buy";"17411.0";"17328.5";"2024.02.21 18:00:00";"2024.02.21 21:38:00";"30.0";"-2475.00";"17328.50000";"17493.50000";"176194.25";"0.00";"IST";"SL";"3h 38m";"-0.00"
"1602";"USTEC_ICM_UTC2";"Buy";"17902.3";"17984.8";"2024.02.22 18:15:00";"2024.02.22 20:37:00";"30.0";"2475.00";"17819.80078";"17984.80078";"178669.25";"0.00";"IST";"PT";"2h 22m";"-0.00"
"1603";"USTEC_ICM_UTC2";"Buy";"17918.2";"18000.7";"2024.02.23 18:15:00";"2024.02.23 19:05:00";"30.0";"2475.00";"17835.69922";"18000.69922";"181144.25";"0.00";"IST";"PT";"50m 0s";"-0.00"
"1604";"USTEC_ICM_UTC2";"Buy";"17968.1";"17885.6";"2024.02.26 18:15:00";"2024.02.27 07:43:00";"30.0";"-2658.12";"17885.59961";"18050.59961";"178486.13";"0.00";"IST";"SL";"13h 28m";"-183.12"
"1605";"USTEC_ICM_UTC2";"Buy";"17971.4";"17888.9";"2024.02.27 18:00:00";"2024.02.27 19:55:00";"30.0";"-2475.00";"17888.90039";"18053.90039";"176011.13";"0.00";"IST";"SL";"1h 55m";"-0.00"
"1606";"USTEC_ICM_UTC2";"Buy";"17880.0";"17797.5";"2024.02.28 16:30:00";"2024.02.29 10:10:00";"30.0";"-2658.12";"17797.50000";"17962.50000";"173353.02";"0.00";"IST";"SL";"17h 40m";"-183.12"
"1607";"USTEC_ICM_UTC2";"Buy";"18015.0";"17932.5";"2024.02.29 17:00:00";"2024.02.29 18:02:00";"30.0";"-2475.00";"17932.50000";"18097.50000";"170878.02";"0.00";"IST";"SL";"1h 2m";"-0.00"
"1608";"USTEC_ICM_UTC2";"Buy";"18095.4";"18177.9";"2024.03.01 17:00:00";"2024.03.01 18:04:00";"30.0";"2475.00";"18012.90039";"18177.90039";"173353.02";"0.00";"IST";"PT";"1h 4m";"-0.00"
"1609";"USTEC_ICM_UTC2";"Buy";"18278.3";"18195.8";"2024.03.04 18:15:00";"2024.03.05 01:10:00";"30.0";"-2658.12";"18195.80078";"18360.80078";"170694.89";"0.00";"IST";"SL";"6h 55m";"-183.12"
"1610";"USTEC_ICM_UTC2";"Buy";"18101.1";"18018.6";"2024.03.05 16:30:00";"2024.03.05 16:45:00";"30.0";"-2475.00";"18018.59961";"18183.59961";"168219.89";"0.00";"IST";"SL";"15m 0s";"-0.00"
"1611";"USTEC_ICM_UTC2";"Buy";"17974.6";"18057.1";"2024.03.06 17:15:00";"2024.03.06 17:59:00";"30.0";"2475.00";"17892.09961";"18057.09961";"170694.89";"0.00";"IST";"PT";"44m 0s";"-0.00"
"1612";"USTEC_ICM_UTC2";"Buy";"18242.7";"18325.2";"2024.03.07 18:15:00";"2024.03.07 20:47:00";"30.0";"2475.00";"18160.19922";"18325.19922";"173169.89";"0.00";"IST";"PT";"2h 32m";"-0.00"
"1613";"USTEC_ICM_UTC2";"Buy";"18371.5";"18289.0";"2024.03.08 17:00:00";"2024.03.08 18:05:00";"30.0";"-2475.00";"18289.00000";"18454.00000";"170694.89";"0.00";"IST";"SL";"1h 5m";"-0.00"
"1614";"USTEC_ICM_UTC2";"Buy";"17913.7";"17996.2";"2024.03.11 16:30:00";"2024.03.11 16:55:00";"30.0";"2475.00";"17831.19922";"17996.19922";"173169.89";"0.00";"IST";"PT";"25m 0s";"-0.00"
"1615";"USTEC_ICM_UTC2";"Buy";"18105.3";"18187.8";"2024.03.12 16:30:00";"2024.03.12 17:23:00";"30.0";"2475.00";"18022.80078";"18187.80078";"175644.89";"0.00";"IST";"PT";"53m 0s";"-0.00"
"1616";"USTEC_ICM_UTC2";"Buy";"18067.5";"18150.0";"2024.03.13 17:30:00";"2024.03.14 10:04:00";"30.0";"2291.88";"17985.00000";"18150.00000";"177936.77";"0.00";"IST";"PT";"16h 34m";"-183.12"
"1617";"USTEC_ICM_UTC2";"Buy";"18041.3";"17958.8";"2024.03.14 16:45:00";"2024.03.14 21:08:00";"30.0";"-2475.00";"17958.80078";"18123.80078";"175461.77";"0.00";"IST";"SL";"4h 23m";"-0.00"
"1618";"USTEC_ICM_UTC2";"Buy";"17891.3";"17808.8";"2024.03.15 16:45:00";"2024.03.15 17:48:00";"30.0";"-2475.00";"17808.80078";"17973.80078";"172986.77";"0.00";"IST";"SL";"1h 3m";"-0.00"
"1619";"USTEC_ICM_UTC2";"Buy";"18077.9";"17995.4";"2024.03.18 17:15:00";"2024.03.18 18:58:00";"30.0";"-2475.00";"17995.40039";"18160.40039";"170511.77";"0.00";"IST";"SL";"1h 43m";"-0.00"
"1620";"USTEC_ICM_UTC2";"Buy";"17826.8";"17909.3";"2024.03.19 16:30:00";"2024.03.19 17:34:00";"30.0";"2475.00";"17744.30078";"17909.30078";"172986.77";"0.00";"IST";"PT";"1h 4m";"-0.00"
"1621";"USTEC_ICM_UTC2";"Buy";"18020.2";"18102.7";"2024.03.20 17:00:00";"2024.03.20 20:01:00";"30.0";"2475.00";"17937.69922";"18102.69922";"175461.77";"0.00";"IST";"PT";"3h 1m";"-0.00"
"1622";"USTEC_ICM_UTC2";"Buy";"18401.5";"18319.0";"2024.03.21 17:00:00";"2024.03.21 20:43:00";"30.0";"-2475.00";"18319.00000";"18484.00000";"172986.77";"0.00";"IST";"SL";"3h 43m";"-0.00"
"1623";"USTEC_ICM_UTC2";"Buy";"18274.3";"18356.8";"2024.03.22 16:45:00";"2024.03.22 19:05:00";"30.0";"2475.00";"18191.80078";"18356.80078";"175461.77";"0.00";"IST";"PT";"2h 20m";"-0.00"
"1624";"USTEC_ICM_UTC2";"Buy";"18289.5";"18372.0";"2024.03.25 16:45:00";"2024.03.26 09:06:00";"30.0";"2291.88";"18207.00000";"18372.00000";"177753.64";"0.00";"IST";"PT";"16h 21m";"-183.12"
"1625";"USTEC_ICM_UTC2";"Buy";"18327.7";"18245.2";"2024.03.26 16:30:00";"2024.03.26 21:44:00";"30.0";"-2475.00";"18245.19922";"18410.19922";"175278.64";"0.00";"IST";"SL";"5h 14m";"-0.00"
"1626";"USTEC_ICM_UTC2";"Buy";"18199.1";"18281.6";"2024.03.27 17:00:00";"2024.03.27 21:54:00";"30.0";"2475.00";"18116.59961";"18281.59961";"177753.64";"0.00";"IST";"PT";"4h 54m";"-0.00"
"1627";"USTEC_ICM_UTC2";"Buy";"18263.6";"18346.1";"2024.03.28 16:30:00";"2024.04.01 01:06:00";"30.0";"1742.52";"18181.09961";"18346.09961";"179496.17";"0.00";"IST";"PT";"3d 8h 36m";"-732.48"
"1628";"USTEC_ICM_UTC2";"Buy";"18270.8";"18188.3";"2024.04.01 18:00:00";"2024.04.02 15:15:00";"30.0";"-2658.12";"18188.30078";"18353.30078";"176838.05";"0.00";"IST";"SL";"21h 15m";"-183.12"
"1629";"USTEC_ICM_UTC2";"Buy";"18080.0";"17997.5";"2024.04.02 16:30:00";"2024.04.02 17:18:00";"30.0";"-2475.00";"17997.50000";"18162.50000";"174363.05";"0.00";"IST";"SL";"48m 0s";"-0.00"
"1630";"USTEC_ICM_UTC2";"Buy";"18052.2";"18134.7";"2024.04.03 16:45:00";"2024.04.03 17:02:00";"30.0";"2475.00";"17969.69922";"18134.69922";"176838.05";"0.00";"IST";"PT";"17m 0s";"-0.00"
"1631";"USTEC_ICM_UTC2";"Buy";"18297.1";"18214.6";"2024.04.04 18:00:00";"2024.04.04 21:14:00";"30.0";"-2475.00";"18214.59961";"18379.59961";"174363.05";"0.00";"IST";"SL";"3h 14m";"-0.00"
"1632";"USTEC_ICM_UTC2";"Buy";"18016.3";"18098.8";"2024.04.05 17:00:00";"2024.04.05 17:56:00";"30.0";"2475.00";"17933.80078";"18098.80078";"176838.05";"0.00";"IST";"PT";"56m 0s";"-0.00"
"1633";"USTEC_ICM_UTC2";"Buy";"18173.2";"18090.7";"2024.04.08 18:00:00";"2024.04.08 18:56:00";"30.0";"-2475.00";"18090.69922";"18255.69922";"174363.05";"0.00";"IST";"SL";"56m 0s";"-0.00"
"1634";"USTEC_ICM_UTC2";"Buy";"18199.3";"18116.8";"2024.04.09 16:30:00";"2024.04.09 17:28:00";"30.0";"-2475.00";"18116.80078";"18281.80078";"171888.05";"0.00";"IST";"SL";"58m 0s";"-0.00"
"1635";"USTEC_ICM_UTC2";"Buy";"17998.3";"17915.8";"2024.04.10 17:00:00";"2024.04.11 15:30:00";"30.0";"-2658.12";"17915.80078";"18080.80078";"169229.92";"0.00";"IST";"SL";"22h 30m";"-183.12"
"1636";"USTEC_ICM_UTC2";"Buy";"18086.9";"18004.4";"2024.04.11 17:00:00";"2024.04.11 17:15:00";"30.0";"-2475.00";"18004.40039";"18169.40039";"166754.92";"0.00";"IST";"SL";"15m 0s";"-0.00"
"1637";"USTEC_ICM_UTC2";"Buy";"18164.1";"18081.6";"2024.04.12 17:00:00";"2024.04.12 17:36:00";"30.0";"-2475.00";"18081.59961";"18246.59961";"164279.92";"0.00";"IST";"SL";"36m 0s";"-0.00"
"1638";"USTEC_ICM_UTC2";"Buy";"18002.3";"17919.8";"2024.04.15 18:00:00";"2024.04.15 19:38:00";"30.0";"-2475.00";"17919.80078";"18084.80078";"161804.92";"0.00";"IST";"SL";"1h 38m";"-0.00"
"1639";"USTEC_ICM_UTC2";"Buy";"17728.7";"17811.2";"2024.04.16 17:00:00";"2024.04.16 21:09:00";"30.0";"2475.00";"17646.19922";"17811.19922";"164279.92";"0.00";"IST";"PT";"4h 9m";"-0.00"
"1640";"USTEC_ICM_UTC2";"Buy";"17636.7";"17554.2";"2024.04.17 18:15:00";"2024.04.17 19:04:00";"30.0";"-2475.00";"17554.19922";"17719.19922";"161804.92";"0.00";"IST";"SL";"49m 0s";"-0.00"
"1641";"USTEC_ICM_UTC2";"Buy";"17560.3";"17477.8";"2024.04.18 18:00:00";"2024.04.18 19:47:00";"30.0";"-2475.00";"17477.80078";"17642.80078";"159329.92";"0.00";"IST";"SL";"1h 47m";"-0.00"
"1642";"USTEC_ICM_UTC2";"Buy";"17218.4";"17135.9";"2024.04.19 18:15:00";"2024.04.19 19:04:00";"30.0";"-2475.00";"17135.90039";"17300.90039";"156854.92";"0.00";"IST";"SL";"49m 0s";"-0.00"
"1643";"USTEC_ICM_UTC2";"Buy";"17074.1";"17156.6";"2024.04.22 18:45:00";"2024.04.22 20:05:00";"30.0";"2475.00";"16991.59961";"17156.59961";"159329.92";"0.00";"IST";"PT";"1h 20m";"-0.00"
"1644";"USTEC_ICM_UTC2";"Buy";"17445.7";"17536.6";"2024.04.23 18:15:00";"2024.04.24 01:07:00";"30.0";"2544.18";"17363.19922";"17528.19922";"161874.11";"0.00";"IST";"PT";"6h 52m";"-183.12"
"1645";"USTEC_ICM_UTC2";"Buy";"17556.9";"17474.4";"2024.04.24 18:00:00";"2024.04.24 18:45:00";"30.0";"-2475.00";"17474.40039";"17639.40039";"159399.11";"0.00";"IST";"SL";"45m 0s";"-0.00"
"1646";"USTEC_ICM_UTC2";"Buy";"17229.0";"17311.5";"2024.04.25 17:00:00";"2024.04.25 17:18:00";"30.0";"2475.00";"17146.50000";"17311.50000";"161874.11";"0.00";"IST";"PT";"18m 0s";"-0.00"
"1647";"USTEC_ICM_UTC2";"Buy";"17701.8";"17727.4";"2024.04.26 17:15:00";"2024.04.26 22:55:00";"30.0";"768.00";"17619.30078";"17784.30078";"162642.11";"0.00";"IST";"End Of Friday (Time)";"5h 40m";"-0.00"
"1648";"USTEC_ICM_UTC2";"Buy";"17760.5";"17678.0";"2024.04.29 18:00:00";"2024.04.29 22:03:00";"30.0";"-2475.00";"17678.00000";"17843.00000";"160167.11";"0.00";"IST";"SL";"4h 3m";"-0.00"
"1649";"USTEC_ICM_UTC2";"Buy";"17749.1";"17666.6";"2024.04.30 17:00:00";"2024.04.30 18:09:00";"30.0";"-2475.00";"17666.59961";"17831.59961";"157692.11";"0.00";"IST";"SL";"1h 9m";"-0.00"
"1650";"USTEC_ICM_UTC2";"Buy";"17364.4";"17446.9";"2024.05.01 17:00:00";"2024.05.01 21:29:00";"30.0";"2475.00";"17281.90039";"17446.90039";"160167.11";"0.00";"IST";"PT";"4h 29m";"-0.00"
"1651";"USTEC_ICM_UTC2";"Buy";"17452.6";"17535.1";"2024.05.02 18:15:00";"2024.05.02 21:33:00";"30.0";"2475.00";"17370.09961";"17535.09961";"162642.11";"0.00";"IST";"PT";"3h 18m";"-0.00"
"1652";"USTEC_ICM_UTC2";"Buy";"17895.2";"17812.7";"2024.05.03 17:00:00";"2024.05.03 17:13:00";"30.0";"-2475.00";"17812.69922";"17977.69922";"160167.11";"0.00";"IST";"SL";"13m 0s";"-0.00"
"1653";"USTEC_ICM_UTC2";"Buy";"18002.5";"18085.0";"2024.05.06 19:45:00";"2024.05.06 22:57:00";"30.0";"2475.00";"17920.00000";"18085.00000";"162642.11";"0.00";"IST";"PT";"3h 12m";"-0.00"
"1654";"USTEC_ICM_UTC2";"Buy";"18144.3";"18061.8";"2024.05.07 18:00:00";"2024.05.07 21:34:00";"30.0";"-2475.00";"18061.80078";"18226.80078";"160167.11";"0.00";"IST";"SL";"3h 34m";"-0.00"
"1655";"USTEC_ICM_UTC2";"Buy";"17979.8";"18062.3";"2024.05.08 16:30:00";"2024.05.08 16:56:00";"30.0";"2475.00";"17897.30078";"18062.30078";"162642.11";"0.00";"IST";"PT";"26m 0s";"-0.00"
"1656";"USTEC_ICM_UTC2";"Buy";"18087.5";"18170.0";"2024.05.09 16:30:00";"2024.05.10 10:03:00";"30.0";"2291.88";"18005.00000";"18170.00000";"164933.98";"0.00";"IST";"PT";"17h 33m";"-183.12"
"1657";"USTEC_ICM_UTC2";"Buy";"18136.0";"18167.2";"2024.05.10 17:30:00";"2024.05.10 22:55:00";"30.0";"935.97";"18053.50000";"18218.50000";"165869.95";"0.00";"IST";"End Of Friday (Time)";"5h 25m";"-0.00"
"1658";"USTEC_ICM_UTC2";"Buy";"18198.9";"18116.4";"2024.05.13 18:00:00";"2024.05.14 15:30:00";"30.0";"-2658.12";"18116.40039";"18281.40039";"163211.84";"0.00";"IST";"SL";"21h 30m";"-183.12"
"1659";"USTEC_ICM_UTC2";"Buy";"18196.1";"18278.6";"2024.05.14 17:00:00";"2024.05.14 21:14:00";"30.0";"2475.00";"18113.59961";"18278.59961";"165686.84";"0.00";"IST";"PT";"4h 14m";"-0.00"
"1660";"USTEC_ICM_UTC2";"Buy";"18388.3";"18470.8";"2024.05.15 17:00:00";"2024.05.15 17:41:00";"30.0";"2475.00";"18305.80078";"18470.80078";"168161.84";"0.00";"IST";"PT";"41m 0s";"-0.00"
"1661";"USTEC_ICM_UTC2";"Buy";"18649.0";"18566.5";"2024.05.16 18:15:00";"2024.05.16 22:39:00";"30.0";"-2475.00";"18566.50000";"18731.50000";"165686.84";"0.00";"IST";"SL";"4h 24m";"-0.00"
"1662";"USTEC_ICM_UTC2";"Buy";"18579.1";"18496.6";"2024.05.17 18:00:00";"2024.05.17 21:13:00";"30.0";"-2475.00";"18496.59961";"18661.59961";"163211.84";"0.00";"IST";"SL";"3h 13m";"-0.00"
"1663";"USTEC_ICM_UTC2";"Buy";"18658.0";"18740.5";"2024.05.20 18:00:00";"2024.05.22 16:33:00";"30.0";"2108.76";"18575.50000";"18740.50000";"165320.59";"0.00";"IST";"PT";"1d 22h 33m";"-366.24"
"1664";"USTEC_ICM_UTC2";"Buy";"18729.4";"18646.9";"2024.05.22 16:45:00";"2024.05.22 21:02:00";"30.0";"-2475.00";"18646.90039";"18811.90039";"162845.59";"0.00";"IST";"SL";"4h 17m";"-0.00"
"1665";"USTEC_ICM_UTC2";"Buy";"18735.3";"18817.8";"2024.05.23 18:00:00";"2024.05.23 18:10:00";"30.0";"2475.00";"18652.80078";"18817.80078";"165320.59";"0.00";"IST";"PT";"10m 0s";"-0.00"
"1666";"USTEC_ICM_UTC2";"Buy";"18791.9";"18798.1";"2024.05.24 18:00:00";"2024.05.24 22:55:00";"30.0";"185.97";"18709.40039";"18874.40039";"165506.56";"0.00";"IST";"End Of Friday (Time)";"4h 55m";"-0.00"
"1667";"USTEC_ICM_UTC2";"Buy";"18852.3";"18769.8";"2024.05.28 16:30:00";"2024.05.28 21:36:00";"30.0";"-2475.00";"18769.80078";"18934.80078";"163031.56";"0.00";"IST";"SL";"5h 6m";"-0.00"
"1668";"USTEC_ICM_UTC2";"Buy";"18698.6";"18781.1";"2024.05.29 16:30:00";"2024.05.29 16:54:00";"30.0";"2475.00";"18616.09961";"18781.09961";"165506.56";"0.00";"IST";"PT";"24m 0s";"-0.00"
"1669";"USTEC_ICM_UTC2";"Buy";"18595.7";"18513.2";"2024.05.30 18:00:00";"2024.05.30 22:48:00";"30.0";"-2475.00";"18513.19922";"18678.19922";"163031.56";"0.00";"IST";"SL";"4h 48m";"-0.00"
"1670";"USTEC_ICM_UTC2";"Buy";"18490.0";"18407.5";"2024.05.31 17:00:00";"2024.05.31 17:18:00";"30.0";"-2475.00";"18407.50000";"18572.50000";"160556.56";"0.00";"IST";"SL";"18m 0s";"-0.00"
"1671";"USTEC_ICM_UTC2";"Buy";"18539.6";"18457.1";"2024.06.03 18:15:00";"2024.06.03 19:22:00";"30.0";"-2475.00";"18457.09961";"18622.09961";"158081.56";"0.00";"IST";"SL";"1h 7m";"-0.00"
"1672";"USTEC_ICM_UTC2";"Buy";"18593.4";"18675.9";"2024.06.04 16:30:00";"2024.06.04 21:24:00";"30.0";"2475.00";"18510.90039";"18675.90039";"160556.56";"0.00";"IST";"PT";"4h 54m";"-0.00"
"1673";"USTEC_ICM_UTC2";"Buy";"18916.3";"18998.8";"2024.06.05 18:30:00";"2024.06.05 22:13:00";"30.0";"2475.00";"18833.80078";"18998.80078";"163031.56";"0.00";"IST";"PT";"3h 43m";"-0.00"
"1674";"USTEC_ICM_UTC2";"Buy";"19056.4";"18973.9";"2024.06.06 17:45:00";"2024.06.07 15:30:00";"30.0";"-2658.12";"18973.90039";"19138.90039";"160373.45";"0.00";"IST";"SL";"21h 45m";"-183.12"
"1675";"USTEC_ICM_UTC2";"Buy";"18998.6";"19081.1";"2024.06.07 17:00:00";"2024.06.07 19:30:00";"30.0";"2475.00";"18916.09961";"19081.09961";"162848.45";"0.00";"IST";"PT";"2h 30m";"-0.00"
"1676";"USTEC_ICM_UTC2";"Buy";"19056.0";"18973.5";"2024.06.10 18:30:00";"2024.06.11 16:48:00";"30.0";"-2658.12";"18973.50000";"19138.50000";"160190.33";"0.00";"IST";"SL";"22h 18m";"-183.12"
"1677";"USTEC_ICM_UTC2";"Buy";"19105.1";"19187.6";"2024.06.11 18:00:00";"2024.06.11 21:31:00";"30.0";"2475.00";"19022.59961";"19187.59961";"162665.33";"0.00";"IST";"PT";"3h 31m";"-0.00"
"1678";"USTEC_ICM_UTC2";"Buy";"19461.1";"19543.6";"2024.06.12 17:00:00";"2024.06.12 22:19:00";"30.0";"2475.00";"19378.59961";"19543.59961";"165140.33";"0.00";"IST";"PT";"5h 19m";"-0.00"
"1679";"USTEC_ICM_UTC2";"Buy";"19560.2";"19477.7";"2024.06.13 17:15:00";"2024.06.13 19:29:00";"30.0";"-2475.00";"19477.69922";"19642.69922";"162665.33";"0.00";"IST";"SL";"2h 14m";"-0.00"
"1680";"USTEC_ICM_UTC2";"Buy";"19555.3";"19637.8";"2024.06.14 16:30:00";"2024.06.14 20:15:00";"30.0";"2475.00";"19472.80078";"19637.80078";"165140.33";"0.00";"IST";"PT";"3h 45m";"-0.00"
"1681";"USTEC_ICM_UTC2";"Buy";"19724.9";"19807.4";"2024.06.17 18:15:00";"2024.06.17 19:43:00";"30.0";"2475.00";"19642.40039";"19807.40039";"167615.33";"0.00";"IST";"PT";"1h 28m";"-0.00"
"1682";"USTEC_ICM_UTC2";"Buy";"19893.6";"19976.1";"2024.06.18 17:00:00";"2024.06.20 04:37:00";"30.0";"2108.76";"19811.09961";"19976.09961";"169724.09";"0.00";"IST";"PT";"1d 11h 37m";"-366.24"
"1683";"USTEC_ICM_UTC2";"Buy";"19959.8";"19877.3";"2024.06.20 16:30:00";"2024.06.20 17:12:00";"30.0";"-2475.00";"19877.30078";"20042.30078";"167249.09";"0.00";"IST";"SL";"42m 0s";"-0.00"
"1684";"USTEC_ICM_UTC2";"Buy";"19746.3";"19663.8";"2024.06.21 16:30:00";"2024.06.21 16:51:00";"30.0";"-2475.00";"19663.80078";"19828.80078";"164774.09";"0.00";"IST";"SL";"21m 0s";"-0.00"
"1685";"USTEC_ICM_UTC2";"Buy";"19673.0";"19590.5";"2024.06.24 17:00:00";"2024.06.24 17:43:00";"30.0";"-2475.00";"19590.50000";"19755.50000";"162299.09";"0.00";"IST";"SL";"43m 0s";"-0.00"
"1686";"USTEC_ICM_UTC2";"Buy";"19599.8";"19682.3";"2024.06.25 18:00:00";"2024.06.25 18:54:00";"30.0";"2475.00";"19517.30078";"19682.30078";"164774.09";"0.00";"IST";"PT";"54m 0s";"-0.00"
"1687";"USTEC_ICM_UTC2";"Buy";"19747.6";"19665.1";"2024.06.26 17:15:00";"2024.06.26 18:11:00";"30.0";"-2475.00";"19665.09961";"19830.09961";"162299.09";"0.00";"IST";"SL";"56m 0s";"-0.00"
"1688";"USTEC_ICM_UTC2";"Buy";"19770.5";"19853.0";"2024.06.27 18:00:00";"2024.06.28 04:27:00";"30.0";"2291.88";"19688.00000";"19853.00000";"164590.97";"0.00";"IST";"PT";"10h 27m";"-183.12"
"1689";"USTEC_ICM_UTC2";"Buy";"19892.0";"19809.5";"2024.06.28 18:00:00";"2024.06.28 19:09:00";"30.0";"-2475.00";"19809.50000";"19974.50000";"162115.97";"0.00";"IST";"SL";"1h 9m";"-0.00"
"1690";"USTEC_ICM_UTC2";"Buy";"19667.7";"19750.2";"2024.07.01 18:00:00";"2024.07.01 19:08:00";"30.0";"2475.00";"19585.19922";"19750.19922";"164590.97";"0.00";"IST";"PT";"1h 8m";"-0.00"
"1691";"USTEC_ICM_UTC2";"Buy";"19872.9";"19955.4";"2024.07.02 18:00:00";"2024.07.02 20:54:00";"30.0";"2475.00";"19790.40039";"19955.40039";"167065.97";"0.00";"IST";"PT";"2h 54m";"-0.00"
"1692";"USTEC_ICM_UTC2";"Buy";"20105.6";"20188.1";"2024.07.03 18:15:00";"2024.07.03 19:29:00";"30.0";"2475.00";"20023.09961";"20188.09961";"169540.97";"0.00";"IST";"PT";"1h 14m";"-0.00"
"1693";"USTEC_ICM_UTC2";"Buy";"20210.3";"20292.8";"2024.07.05 16:30:00";"2024.07.05 17:00:00";"30.0";"2475.00";"20127.80078";"20292.80078";"172015.97";"0.00";"IST";"PT";"30m 0s";"-0.00"
"1694";"USTEC_ICM_UTC2";"Buy";"20436.2";"20518.7";"2024.07.08 18:30:00";"2024.07.09 03:00:00";"30.0";"2291.88";"20353.69922";"20518.69922";"174307.84";"0.00";"IST";"PT";"8h 30m";"-183.12"
"1695";"USTEC_ICM_UTC2";"Buy";"20476.1";"20393.6";"2024.07.09 18:15:00";"2024.07.09 20:24:00";"30.0";"-2475.00";"20393.59961";"20558.59961";"171832.84";"0.00";"IST";"SL";"2h 9m";"-0.00"
"1696";"USTEC_ICM_UTC2";"Buy";"20529.9";"20612.4";"2024.07.10 18:30:00";"2024.07.10 19:44:00";"30.0";"2475.00";"20447.40039";"20612.40039";"174307.84";"0.00";"IST";"PT";"1h 14m";"-0.00"
"1697";"USTEC_ICM_UTC2";"Buy";"20645.6";"20563.1";"2024.07.11 17:00:00";"2024.07.11 17:12:00";"30.0";"-2475.00";"20563.09961";"20728.09961";"171832.84";"0.00";"IST";"SL";"12m 0s";"-0.00"
"1698";"USTEC_ICM_UTC2";"Buy";"20335.3";"20417.8";"2024.07.12 17:00:00";"2024.07.12 17:40:00";"30.0";"2475.00";"20252.80078";"20417.80078";"174307.84";"0.00";"IST";"PT";"40m 0s";"-0.00"
"1699";"USTEC_ICM_UTC2";"Buy";"20568.1";"20485.6";"2024.07.15 18:15:00";"2024.07.15 18:44:00";"30.0";"-2475.00";"20485.59961";"20650.59961";"171832.84";"0.00";"IST";"SL";"29m 0s";"-0.00"
"1700";"USTEC_ICM_UTC2";"Buy";"20339.5";"20257.0";"2024.07.16 18:00:00";"2024.07.17 09:18:00";"30.0";"-2658.12";"20257.00000";"20422.00000";"169174.73";"0.00";"IST";"SL";"15h 18m";"-183.12"
"1701";"USTEC_ICM_UTC2";"Buy";"20058.7";"19976.2";"2024.07.17 16:30:00";"2024.07.17 17:01:00";"30.0";"-2475.00";"19976.19922";"20141.19922";"166699.73";"0.00";"IST";"SL";"31m 0s";"-0.00"
"1702";"USTEC_ICM_UTC2";"Buy";"19948.0";"19865.5";"2024.07.18 16:30:00";"2024.07.18 16:43:00";"30.0";"-2475.00";"19865.50000";"20030.50000";"164224.73";"0.00";"IST";"SL";"13m 0s";"-0.00"
"1703";"USTEC_ICM_UTC2";"Buy";"19648.0";"19565.5";"2024.07.19 18:00:00";"2024.07.19 18:30:00";"30.0";"-2475.00";"19565.50000";"19730.50000";"161749.73";"0.00";"IST";"SL";"30m 0s";"-0.00"
"1704";"USTEC_ICM_UTC2";"Buy";"19682.4";"19764.9";"2024.07.22 19:00:00";"2024.07.22 19:51:00";"30.0";"2475.00";"19599.90039";"19764.90039";"164224.73";"0.00";"IST";"PT";"51m 0s";"-0.00"
"1705";"USTEC_ICM_UTC2";"Buy";"19794.0";"19876.5";"2024.07.23 18:00:00";"2024.07.23 18:14:00";"30.0";"2475.00";"19711.50000";"19876.50000";"166699.73";"0.00";"IST";"PT";"14m 0s";"-0.00"
"1706";"USTEC_ICM_UTC2";"Buy";"19272.1";"19189.6";"2024.07.24 18:00:00";"2024.07.24 19:00:00";"30.0";"-2475.00";"19189.59961";"19354.59961";"164224.73";"0.00";"IST";"SL";"1h 0m";"-0.00"
"1707";"USTEC_ICM_UTC2";"Buy";"19056.5";"18974.0";"2024.07.25 16:30:00";"2024.07.25 16:35:00";"30.0";"-2475.00";"18974.00000";"19139.00000";"161749.73";"0.00";"IST";"SL";"5m 0s";"-0.00"
"1708";"USTEC_ICM_UTC2";"Buy";"19012.5";"19095.0";"2024.07.26 18:45:00";"2024.07.26 19:28:00";"30.0";"2475.00";"18930.00000";"19095.00000";"164224.73";"0.00";"IST";"PT";"43m 0s";"-0.00"
"1709";"USTEC_ICM_UTC2";"Buy";"19042.9";"19125.4";"2024.07.29 18:30:00";"2024.07.29 19:00:00";"30.0";"2475.00";"18960.40039";"19125.40039";"166699.73";"0.00";"IST";"PT";"30m 0s";"-0.00"
"1710";"USTEC_ICM_UTC2";"Buy";"18801.6";"18719.1";"2024.07.30 18:45:00";"2024.07.30 19:53:00";"30.0";"-2475.00";"18719.09961";"18884.09961";"164224.73";"0.00";"IST";"SL";"1h 8m";"-0.00"
"1711";"USTEC_ICM_UTC2";"Buy";"19342.8";"19260.3";"2024.07.31 18:30:00";"2024.07.31 20:30:00";"30.0";"-2475.00";"19260.30078";"19425.30078";"161749.73";"0.00";"IST";"SL";"2h 0m";"-0.00"
"1712";"USTEC_ICM_UTC2";"Buy";"19203.5";"19121.0";"2024.08.01 18:00:00";"2024.08.01 18:08:00";"30.0";"-2475.00";"19121.00000";"19286.00000";"159274.73";"0.00";"IST";"SL";"8m 0s";"-0.00"
"1713";"USTEC_ICM_UTC2";"Buy";"18450.9";"18368.4";"2024.08.02 17:00:00";"2024.08.02 17:05:00";"30.0";"-2475.00";"18368.40039";"18533.40039";"156799.73";"0.00";"IST";"SL";"5m 0s";"-0.00"
"1714";"USTEC_ICM_UTC2";"Buy";"17445.4";"17527.9";"2024.08.05 16:30:00";"2024.08.05 16:32:00";"30.0";"2475.00";"17362.90039";"17527.90039";"159274.73";"0.00";"IST";"PT";"2m 0s";"-0.00"
"1715";"USTEC_ICM_UTC2";"Buy";"18071.7";"18154.2";"2024.08.06 18:30:00";"2024.08.06 18:37:00";"30.0";"2475.00";"17989.19922";"18154.19922";"161749.73";"0.00";"IST";"PT";"7m 0s";"-0.00"
"1716";"USTEC_ICM_UTC2";"Buy";"18092.6";"18010.1";"2024.08.07 20:30:00";"2024.08.07 20:52:00";"30.0";"-2475.00";"18010.09961";"18175.09961";"159274.73";"0.00";"IST";"SL";"22m 0s";"-0.00"
"1717";"USTEC_ICM_UTC2";"Buy";"18227.5";"18310.0";"2024.08.08 18:15:00";"2024.08.08 19:00:00";"30.0";"2475.00";"18145.00000";"18310.00000";"161749.73";"0.00";"IST";"PT";"45m 0s";"-0.00"
"1718";"USTEC_ICM_UTC2";"Buy";"18413.9";"18496.4";"2024.08.09 18:30:00";"2024.08.09 20:15:00";"30.0";"2475.00";"18331.40039";"18496.40039";"164224.73";"0.00";"IST";"PT";"1h 45m";"-0.00"
"1719";"USTEC_ICM_UTC2";"Buy";"18530.5";"18613.0";"2024.08.12 18:30:00";"2024.08.12 18:59:00";"30.0";"2475.00";"18448.00000";"18613.00000";"166699.73";"0.00";"IST";"PT";"29m 0s";"-0.00"
"1720";"USTEC_ICM_UTC2";"Buy";"18808.7";"18891.2";"2024.08.13 17:30:00";"2024.08.13 18:54:00";"30.0";"2475.00";"18726.19922";"18891.19922";"169174.73";"0.00";"IST";"PT";"1h 24m";"-0.00"
"1721";"USTEC_ICM_UTC2";"Buy";"18932.9";"18850.4";"2024.08.14 17:00:00";"2024.08.14 17:33:00";"30.0";"-2475.00";"18850.40039";"19015.40039";"166699.73";"0.00";"IST";"SL";"33m 0s";"-0.00"
"1722";"USTEC_ICM_UTC2";"Buy";"19361.4";"19443.9";"2024.08.15 17:00:00";"2024.08.15 18:56:00";"30.0";"2475.00";"19278.90039";"19443.90039";"169174.73";"0.00";"IST";"PT";"1h 56m";"-0.00"
"1723";"USTEC_ICM_UTC2";"Buy";"19403.6";"19486.1";"2024.08.16 17:00:00";"2024.08.16 17:16:00";"30.0";"2475.00";"19321.09961";"19486.09961";"171649.73";"0.00";"IST";"PT";"16m 0s";"-0.00"
"1724";"USTEC_ICM_UTC2";"Buy";"19562.3";"19644.8";"2024.08.19 18:15:00";"2024.08.19 21:28:00";"30.0";"2475.00";"19479.80078";"19644.80078";"174124.73";"0.00";"IST";"PT";"3h 13m";"-0.00"
"1725";"USTEC_ICM_UTC2";"Buy";"19703.0";"19785.5";"2024.08.20 18:15:00";"2024.08.21 16:55:00";"30.0";"2291.88";"19620.50000";"19785.50000";"176416.61";"0.00";"IST";"PT";"22h 40m";"-183.12"
"1726";"USTEC_ICM_UTC2";"Buy";"19799.7";"19717.2";"2024.08.21 18:15:00";"2024.08.21 19:02:00";"30.0";"-2475.00";"19717.19922";"19882.19922";"173941.61";"0.00";"IST";"SL";"47m 0s";"-0.00"
"1727";"USTEC_ICM_UTC2";"Buy";"19785.6";"19703.1";"2024.08.22 18:15:00";"2024.08.22 18:33:00";"30.0";"-2475.00";"19703.09961";"19868.09961";"171466.61";"0.00";"IST";"SL";"18m 0s";"-0.00"
"1728";"USTEC_ICM_UTC2";"Buy";"19691.9";"19609.4";"2024.08.23 18:30:00";"2024.08.23 19:00:00";"30.0";"-2475.00";"19609.40039";"19774.40039";"168991.61";"0.00";"IST";"SL";"30m 0s";"-0.00"
"1729";"USTEC_ICM_UTC2";"Buy";"19523.9";"19441.4";"2024.08.26 18:45:00";"2024.08.26 21:09:00";"30.0";"-2475.00";"19441.40039";"19606.40039";"166516.61";"0.00";"IST";"SL";"2h 24m";"-0.00"
"1730";"USTEC_ICM_UTC2";"Buy";"19558.5";"19476.0";"2024.08.27 17:30:00";"2024.08.28 16:51:00";"30.0";"-2658.12";"19476.00000";"19641.00000";"163858.48";"0.00";"IST";"SL";"23h 21m";"-183.12"
"1731";"USTEC_ICM_UTC2";"Buy";"19296.4";"19378.9";"2024.08.28 18:15:00";"2024.08.28 19:51:00";"30.0";"2475.00";"19213.90039";"19378.90039";"166333.48";"0.00";"IST";"PT";"1h 36m";"-0.00"
"1732";"USTEC_ICM_UTC2";"Buy";"19579.6";"19497.1";"2024.08.29 17:00:00";"2024.08.29 17:18:00";"30.0";"-2475.00";"19497.09961";"19662.09961";"163858.48";"0.00";"IST";"SL";"18m 0s";"-0.00"
"1733";"USTEC_ICM_UTC2";"Buy";"19402.3";"19484.8";"2024.08.30 18:45:00";"2024.08.30 21:53:00";"30.0";"2475.00";"19319.80078";"19484.80078";"166333.48";"0.00";"IST";"PT";"3h 8m";"-0.00"
"1734";"USTEC_ICM_UTC2";"Buy";"19429.8";"19347.3";"2024.09.03 16:30:00";"2024.09.03 16:35:00";"30.0";"-2475.00";"19347.30078";"19512.30078";"163858.48";"0.00";"IST";"SL";"5m 0s";"-0.00"
"1735";"USTEC_ICM_UTC2";"Buy";"18972.9";"18890.4";"2024.09.04 18:30:00";"2024.09.04 21:59:00";"30.0";"-2475.00";"18890.40039";"19055.40039";"161383.48";"0.00";"IST";"SL";"3h 29m";"-0.00"
"1736";"USTEC_ICM_UTC2";"Buy";"19008.8";"19091.3";"2024.09.05 17:00:00";"2024.09.05 17:24:00";"30.0";"2475.00";"18926.30078";"19091.30078";"163858.48";"0.00";"IST";"PT";"24m 0s";"-0.00"
"1737";"USTEC_ICM_UTC2";"Buy";"18710.8";"18628.3";"2024.09.06 17:00:00";"2024.09.06 17:25:00";"30.0";"-2475.00";"18628.30078";"18793.30078";"161383.48";"0.00";"IST";"SL";"25m 0s";"-0.00"
"1738";"USTEC_ICM_UTC2";"Buy";"18560.1";"18642.6";"2024.09.09 18:45:00";"2024.09.09 19:28:00";"30.0";"2475.00";"18477.59961";"18642.59961";"163858.48";"0.00";"IST";"PT";"43m 0s";"-0.00"
"1739";"USTEC_ICM_UTC2";"Buy";"18701.6";"18619.1";"2024.09.10 18:00:00";"2024.09.10 18:58:00";"30.0";"-2475.00";"18619.09961";"18784.09961";"161383.48";"0.00";"IST";"SL";"58m 0s";"-0.00"
"1740";"USTEC_ICM_UTC2";"Buy";"18672.9";"18590.4";"2024.09.11 17:15:00";"2024.09.11 17:30:00";"30.0";"-2475.00";"18590.40039";"18755.40039";"158908.48";"0.00";"IST";"SL";"15m 0s";"-0.00"
"1741";"USTEC_ICM_UTC2";"Buy";"19354.7";"19272.2";"2024.09.12 18:15:00";"2024.09.12 18:26:00";"30.0";"-2475.00";"19272.19922";"19437.19922";"156433.48";"0.00";"IST";"SL";"11m 0s";"-0.00"
"1742";"USTEC_ICM_UTC2";"Buy";"19503.8";"19525.4";"2024.09.13 18:30:00";"2024.09.13 22:55:00";"30.0";"648.00";"19421.30078";"19586.30078";"157081.48";"0.00";"IST";"End Of Friday (Time)";"4h 25m";"-0.00"
"1743";"USTEC_ICM_UTC2";"Buy";"19325.2";"19407.7";"2024.09.16 18:00:00";"2024.09.16 20:39:00";"30.0";"2475.00";"19242.69922";"19407.69922";"159556.48";"0.00";"IST";"PT";"2h 39m";"-0.00"
"1744";"USTEC_ICM_UTC2";"Buy";"19525.2";"19442.7";"2024.09.17 18:00:00";"2024.09.17 19:22:00";"30.0";"-2475.00";"19442.69922";"19607.69922";"157081.48";"0.00";"IST";"SL";"1h 22m";"-0.00"
"1745";"USTEC_ICM_UTC2";"Buy";"19419.1";"19501.6";"2024.09.18 18:30:00";"2024.09.18 21:00:00";"30.0";"2475.00";"19336.59961";"19501.59961";"159556.48";"0.00";"IST";"PT";"2h 30m";"-0.00"
"1746";"USTEC_ICM_UTC2";"Buy";"19852.4";"19934.9";"2024.09.19 19:00:00";"2024.09.19 20:42:00";"30.0";"2475.00";"19769.90039";"19934.90039";"162031.48";"0.00";"IST";"PT";"1h 42m";"-0.00"
"1747";"USTEC_ICM_UTC2";"Buy";"19675.2";"19757.7";"2024.09.20 18:30:00";"2024.09.20 19:03:00";"30.0";"2475.00";"19592.69922";"19757.69922";"164506.48";"0.00";"IST";"PT";"33m 0s";"-0.00"
"1748";"USTEC_ICM_UTC2";"Buy";"19869.6";"19952.1";"2024.09.23 18:00:00";"2024.09.24 11:22:00";"30.0";"2291.88";"19787.09961";"19952.09961";"166798.36";"0.00";"IST";"PT";"17h 22m";"-183.12"
"1749";"USTEC_ICM_UTC2";"Buy";"19910.1";"19827.6";"2024.09.24 16:30:00";"2024.09.24 17:00:00";"30.0";"-2475.00";"19827.59961";"19992.59961";"164323.36";"0.00";"IST";"SL";"30m 0s";"-0.00"
"1750";"USTEC_ICM_UTC2";"Buy";"19978.1";"20060.6";"2024.09.25 18:30:00";"2024.09.26 03:00:00";"30.0";"2291.88";"19895.59961";"20060.59961";"166615.25";"0.00";"IST";"PT";"8h 30m";"-183.12"
"1751";"USTEC_ICM_UTC2";"Buy";"19987.3";"20069.8";"2024.09.26 18:00:00";"2024.09.26 18:54:00";"30.0";"2475.00";"19904.80078";"20069.80078";"169090.25";"0.00";"IST";"PT";"54m 0s";"-0.00"
"1752";"USTEC_ICM_UTC2";"Buy";"20085.1";"20002.6";"2024.09.27 18:00:00";"2024.09.27 19:12:00";"30.0";"-2475.00";"20002.59961";"20167.59961";"166615.25";"0.00";"IST";"SL";"1h 12m";"-0.00"
"1753";"USTEC_ICM_UTC2";"Buy";"19965.4";"19882.9";"2024.09.30 18:00:00";"2024.09.30 21:20:00";"30.0";"-2475.00";"19882.90039";"20047.90039";"164140.25";"0.00";"IST";"SL";"3h 20m";"-0.00"
"1754";"USTEC_ICM_UTC2";"Buy";"19723.2";"19640.7";"2024.10.01 18:00:00";"2024.10.01 18:10:00";"30.0";"-2475.00";"19640.69922";"19805.69922";"161665.25";"0.00";"IST";"SL";"10m 0s";"-0.00"
"1755";"USTEC_ICM_UTC2";"Buy";"19800.6";"19718.1";"2024.10.02 17:30:00";"2024.10.03 10:14:00";"30.0";"-2658.12";"19718.09961";"19883.09961";"159007.13";"0.00";"IST";"SL";"16h 44m";"-183.12"
"1756";"USTEC_ICM_UTC2";"Buy";"19739.6";"19822.1";"2024.10.03 18:00:00";"2024.10.03 18:31:00";"30.0";"2475.00";"19657.09961";"19822.09961";"161482.13";"0.00";"IST";"PT";"31m 0s";"-0.00"
"1757";"USTEC_ICM_UTC2";"Buy";"19927.5";"19845.0";"2024.10.04 18:00:00";"2024.10.04 18:30:00";"30.0";"-2475.00";"19845.00000";"20010.00000";"159007.13";"0.00";"IST";"SL";"30m 0s";"-0.00"
"1758";"USTEC_ICM_UTC2";"Buy";"19958.9";"19876.4";"2024.10.07 19:00:00";"2024.10.07 21:30:00";"30.0";"-2475.00";"19876.40039";"20041.40039";"156532.13";"0.00";"IST";"SL";"2h 30m";"-0.00"
"1759";"USTEC_ICM_UTC2";"Buy";"20041.3";"20123.8";"2024.10.08 18:30:00";"2024.10.08 22:39:00";"30.0";"2475.00";"19958.80078";"20123.80078";"159007.13";"0.00";"IST";"PT";"4h 9m";"-0.00"
"1760";"USTEC_ICM_UTC2";"Buy";"20195.1";"20277.6";"2024.10.09 18:30:00";"2024.10.09 22:34:00";"30.0";"2475.00";"20112.59961";"20277.59961";"161482.13";"0.00";"IST";"PT";"4h 4m";"-0.00"
"1761";"USTEC_ICM_UTC2";"Buy";"20169.0";"20251.5";"2024.10.10 17:00:00";"2024.10.10 18:28:00";"30.0";"2475.00";"20086.50000";"20251.50000";"163957.13";"0.00";"IST";"PT";"1h 28m";"-0.00"
"1762";"USTEC_ICM_UTC2";"Buy";"20260.0";"20289.9";"2024.10.11 17:45:00";"2024.10.11 22:55:00";"30.0";"897.00";"20177.50000";"20342.50000";"164854.13";"0.00";"IST";"End Of Friday (Time)";"5h 10m";"-0.00"
"1763";"USTEC_ICM_UTC2";"Buy";"20397.8";"20480.3";"2024.10.14 18:15:00";"2024.10.14 22:48:00";"30.0";"2475.00";"20315.30078";"20480.30078";"167329.13";"0.00";"IST";"PT";"4h 33m";"-0.00"
"1764";"USTEC_ICM_UTC2";"Buy";"20224.5";"20142.0";"2024.10.15 18:00:00";"2024.10.15 22:01:00";"30.0";"-2475.00";"20142.00000";"20307.00000";"164854.13";"0.00";"IST";"SL";"4h 1m";"-0.00"
"1765";"USTEC_ICM_UTC2";"Buy";"20101.9";"20184.4";"2024.10.16 18:00:00";"2024.10.16 21:21:00";"30.0";"2475.00";"20019.40039";"20184.40039";"167329.13";"0.00";"IST";"PT";"3h 21m";"-0.00"
"1766";"USTEC_ICM_UTC2";"Buy";"20271.5";"20354.0";"2024.10.17 17:30:00";"2024.10.17 19:02:00";"30.0";"2475.00";"20189.00000";"20354.00000";"169804.13";"0.00";"IST";"PT";"1h 32m";"-0.00"
"1767";"USTEC_ICM_UTC2";"Buy";"20352.5";"20316.6";"2024.10.18 18:30:00";"2024.10.18 22:55:00";"30.0";"-1077.00";"20270.00000";"20435.00000";"168727.13";"0.00";"IST";"End Of Friday (Time)";"4h 25m";"-0.00"
"1768";"USTEC_ICM_UTC2";"Buy";"20332.6";"20250.1";"2024.10.21 17:00:00";"2024.10.21 17:45:00";"30.0";"-2475.00";"20250.09961";"20415.09961";"166252.13";"0.00";"IST";"SL";"45m 0s";"-0.00"
"1769";"USTEC_ICM_UTC2";"Buy";"20243.9";"20326.4";"2024.10.22 16:30:00";"2024.10.22 17:06:00";"30.0";"2475.00";"20161.40039";"20326.40039";"168727.13";"0.00";"IST";"PT";"36m 0s";"-0.00"
"1770";"USTEC_ICM_UTC2";"Buy";"20240.7";"20158.2";"2024.10.23 18:00:00";"2024.10.23 18:28:00";"30.0";"-2475.00";"20158.19922";"20323.19922";"166252.13";"0.00";"IST";"SL";"28m 0s";"-0.00"
"1771";"USTEC_ICM_UTC2";"Buy";"20205.3";"20122.8";"2024.10.24 18:15:00";"2024.10.24 18:48:00";"30.0";"-2475.00";"20122.80078";"20287.80078";"163777.13";"0.00";"IST";"SL";"33m 0s";"-0.00"
"1772";"USTEC_ICM_UTC2";"Buy";"20506.1";"20423.6";"2024.10.25 18:00:00";"2024.10.25 20:21:00";"30.0";"-2475.00";"20423.59961";"20588.59961";"161302.13";"0.00";"IST";"SL";"2h 21m";"-0.00"
"1773";"USTEC_ICM_UTC2";"Buy";"20433.6";"20351.1";"2024.10.28 17:00:00";"2024.10.28 21:55:00";"30.0";"-2475.00";"20351.09961";"20516.09961";"158827.13";"0.00";"IST";"SL";"4h 55m";"-0.00"
"1774";"USTEC_ICM_UTC2";"Buy";"20439.2";"20521.7";"2024.10.29 16:45:00";"2024.10.29 19:02:00";"30.0";"2475.00";"20356.69922";"20521.69922";"161302.13";"0.00";"IST";"PT";"2h 17m";"-0.00"
"1775";"USTEC_ICM_UTC2";"Buy";"20512.3";"20429.8";"2024.10.30 17:00:00";"2024.10.30 19:40:00";"30.0";"-2475.00";"20429.80078";"20594.80078";"158827.13";"0.00";"IST";"SL";"2h 40m";"-0.00"
"1776";"USTEC_ICM_UTC2";"Buy";"19990.2";"19907.7";"2024.10.31 16:45:00";"2024.10.31 17:48:00";"30.0";"-2475.00";"19907.69922";"20072.69922";"156352.13";"0.00";"IST";"SL";"1h 3m";"-0.00"
"1777";"USTEC_ICM_UTC2";"Buy";"20114.5";"20032.0";"2024.11.01 17:00:00";"2024.11.01 20:00:00";"30.0";"-2475.00";"20032.00000";"20197.00000";"153877.13";"0.00";"IST";"SL";"3h 0m";"-0.00"
"1778";"USTEC_ICM_UTC2";"Buy";"20069.1";"19986.6";"2024.11.04 18:00:00";"2024.11.04 18:43:00";"30.0";"-2475.00";"19986.59961";"20151.59961";"151402.13";"0.00";"IST";"SL";"43m 0s";"-0.00"
"1779";"USTEC_ICM_UTC2";"Buy";"20173.9";"20256.4";"2024.11.05 18:15:00";"2024.11.05 23:06:00";"30.0";"2475.00";"20091.40039";"20256.40039";"153877.13";"0.00";"IST";"PT";"4h 51m";"-0.00"
"1780";"USTEC_ICM_UTC2";"Buy";"20566.7";"20649.2";"2024.11.06 16:30:00";"2024.11.06 16:36:00";"30.0";"2475.00";"20484.19922";"20649.19922";"156352.13";"0.00";"IST";"PT";"6m 0s";"-0.00"
"1781";"USTEC_ICM_UTC2";"Buy";"21076.2";"21118.3";"2024.11.07 19:00:00";"2024.11.08 22:55:00";"30.0";"1079.94";"20993.69922";"21158.69922";"157432.06";"0.00";"IST";"End Of Friday (Time)";"1d 3h 55m";"-183.12"
"1782";"USTEC_ICM_UTC2";"Buy";"21114.0";"21031.5";"2024.11.11 18:00:00";"2024.11.11 20:00:00";"30.0";"-2475.00";"21031.50000";"21196.50000";"154957.06";"0.00";"IST";"SL";"2h 0m";"-0.00"
"1783";"USTEC_ICM_UTC2";"Buy";"21106.7";"21024.2";"2024.11.12 16:30:00";"2024.11.12 19:21:00";"30.0";"-2475.00";"21024.19922";"21189.19922";"152482.06";"0.00";"IST";"SL";"2h 51m";"-0.00"
"1784";"USTEC_ICM_UTC2";"Buy";"21033.4";"20950.9";"2024.11.13 17:00:00";"2024.11.13 17:07:00";"30.0";"-2475.00";"20950.90039";"21115.90039";"150007.06";"0.00";"IST";"SL";"7m 0s";"-0.00"
"1785";"USTEC_ICM_UTC2";"Buy";"20983.1";"20900.6";"2024.11.14 18:00:00";"2024.11.14 22:04:00";"30.0";"-2475.00";"20900.59961";"21065.59961";"147532.06";"0.00";"IST";"SL";"4h 4m";"-0.00"
"1786";"USTEC_ICM_UTC2";"Buy";"20465.5";"20383.0";"2024.11.15 18:00:00";"2024.11.15 19:06:00";"30.0";"-2475.00";"20383.00000";"20548.00000";"145057.06";"0.00";"IST";"SL";"1h 6m";"-0.00"
"1787";"USTEC_ICM_UTC2";"Buy";"20437.5";"20520.0";"2024.11.18 17:00:00";"2024.11.18 17:16:00";"30.0";"2475.00";"20355.00000";"20520.00000";"147532.06";"0.00";"IST";"PT";"16m 0s";"-0.00"
"1788";"USTEC_ICM_UTC2";"Buy";"20426.0";"20508.5";"2024.11.19 16:30:00";"2024.11.19 17:29:00";"30.0";"2475.00";"20343.50000";"20508.50000";"150007.06";"0.00";"IST";"PT";"59m 0s";"-0.00"
"1789";"USTEC_ICM_UTC2";"Buy";"20546.1";"20628.6";"2024.11.20 18:00:00";"2024.11.20 22:33:00";"30.0";"2475.00";"20463.59961";"20628.59961";"152482.06";"0.00";"IST";"PT";"4h 33m";"-0.00"
"1790";"USTEC_ICM_UTC2";"Buy";"20792.0";"20709.5";"2024.11.21 16:30:00";"2024.11.21 16:34:00";"30.0";"-2475.00";"20709.50000";"20874.50000";"150007.06";"0.00";"IST";"SL";"4m 0s";"-0.00"
"1791";"USTEC_ICM_UTC2";"Buy";"20721.1";"20776.3";"2024.11.22 18:15:00";"2024.11.22 22:55:00";"30.0";"1656.03";"20638.59961";"20803.59961";"151663.09";"0.00";"IST";"End Of Friday (Time)";"4h 40m";"-0.00"
"1792";"USTEC_ICM_UTC2";"Buy";"20823.8";"20741.3";"2024.11.25 18:00:00";"2024.11.25 19:29:00";"30.0";"-2475.00";"20741.30078";"20906.30078";"149188.09";"0.00";"IST";"SL";"1h 29m";"-0.00"
"1793";"USTEC_ICM_UTC2";"Buy";"20873.7";"20791.2";"2024.11.26 18:15:00";"2024.11.27 16:35:00";"30.0";"-2658.12";"20791.19922";"20956.19922";"146529.97";"0.00";"IST";"SL";"22h 20m";"-183.12"
"1794";"USTEC_ICM_UTC2";"Buy";"20677.1";"20759.6";"2024.11.27 18:00:00";"2024.11.27 21:48:00";"30.0";"2475.00";"20594.59961";"20759.59961";"149004.97";"0.00";"IST";"PT";"3h 48m";"-0.00"
"1795";"USTEC_ICM_UTC2";"Buy";"20772.7";"20855.2";"2024.11.29 16:30:00";"2024.11.29 16:59:00";"30.0";"2475.00";"20690.19922";"20855.19922";"151479.97";"0.00";"IST";"PT";"29m 0s";"-0.00"
"1796";"USTEC_ICM_UTC2";"Buy";"21097.3";"21179.8";"2024.12.02 18:00:00";"2024.12.02 19:01:00";"30.0";"2475.00";"21014.80078";"21179.80078";"153954.97";"0.00";"IST";"PT";"1h 1m";"-0.00"
"1797";"USTEC_ICM_UTC2";"Buy";"21122.8";"21205.3";"2024.12.03 17:30:00";"2024.12.03 18:30:00";"30.0";"2475.00";"21040.30078";"21205.30078";"156429.97";"0.00";"IST";"PT";"1h 0m";"-0.00"
"1798";"USTEC_ICM_UTC2";"Buy";"21427.9";"21510.4";"2024.12.04 17:45:00";"2024.12.05 19:15:00";"30.0";"2291.88";"21345.40039";"21510.40039";"158721.86";"0.00";"IST";"PT";"1d 1h 30m";"-183.12"
"1799";"USTEC_ICM_UTC2";"Buy";"21508.0";"21425.5";"2024.12.05 19:30:00";"2024.12.05 21:02:00";"30.0";"-2475.00";"21425.50000";"21590.50000";"156246.86";"0.00";"IST";"SL";"1h 32m";"-0.00"
"1800";"USTEC_ICM_UTC2";"Buy";"21566.5";"21608.2";"2024.12.06 17:00:00";"2024.12.06 22:55:00";"30.0";"1250.97";"21484.00000";"21649.00000";"157497.83";"0.00";"IST";"End Of Friday (Time)";"5h 55m";"-0.00"
"1801";"USTEC_ICM_UTC2";"Buy";"21571.5";"21489.0";"2024.12.09 16:30:00";"2024.12.09 17:37:00";"30.0";"-2475.00";"21489.00000";"21654.00000";"155022.83";"0.00";"IST";"SL";"1h 7m";"-0.00"
"1802";"USTEC_ICM_UTC2";"Buy";"21469.9";"21387.4";"2024.12.10 18:00:00";"2024.12.10 21:37:00";"30.0";"-2475.00";"21387.40039";"21552.40039";"152547.83";"0.00";"IST";"SL";"3h 37m";"-0.00"
"1803";"USTEC_ICM_UTC2";"Buy";"21658.0";"21740.5";"2024.12.11 17:00:00";"2024.12.11 19:06:00";"30.0";"2475.00";"21575.50000";"21740.50000";"155022.83";"0.00";"IST";"PT";"2h 6m";"-0.00"
"1804";"USTEC_ICM_UTC2";"Buy";"21649.4";"21731.9";"2024.12.12 17:00:00";"2024.12.13 02:12:00";"30.0";"2291.88";"21566.90039";"21731.90039";"157314.70";"0.00";"IST";"PT";"9h 12m";"-183.12"
"1805";"USTEC_ICM_UTC2";"Buy";"21665.1";"21747.6";"2024.12.13 18:00:00";"2024.12.13 20:49:00";"30.0";"2475.00";"21582.59961";"21747.59961";"159789.70";"0.00";"IST";"PT";"2h 49m";"-0.00"
"1806";"USTEC_ICM_UTC2";"Buy";"22008.6";"22091.1";"2024.12.16 18:15:00";"2024.12.16 20:21:00";"30.0";"2475.00";"21926.09961";"22091.09961";"162264.70";"0.00";"IST";"PT";"2h 6m";"-0.00"
"1807";"USTEC_ICM_UTC2";"Buy";"22014.2";"21931.7";"2024.12.17 16:30:00";"2024.12.17 17:20:00";"30.0";"-2475.00";"21931.69922";"22096.69922";"159789.70";"0.00";"IST";"SL";"50m 0s";"-0.00"
"1808";"USTEC_ICM_UTC2";"Buy";"22019.1";"21936.6";"2024.12.18 17:45:00";"2024.12.18 21:00:00";"30.0";"-2475.00";"21936.59961";"22101.59961";"157314.70";"0.00";"IST";"SL";"3h 15m";"-0.00"
"1809";"USTEC_ICM_UTC2";"Buy";"21198.6";"21281.1";"2024.12.19 18:15:00";"2024.12.19 18:22:00";"30.0";"2475.00";"21116.09961";"21281.09961";"159789.70";"0.00";"IST";"PT";"7m 0s";"-0.00"
"1810";"USTEC_ICM_UTC2";"Buy";"20969.1";"21051.6";"2024.12.20 17:00:00";"2024.12.20 17:05:00";"30.0";"2475.00";"20886.59961";"21051.59961";"162264.70";"0.00";"IST";"PT";"5m 0s";"-0.00"
"1811";"USTEC_ICM_UTC2";"Buy";"21350.3";"21432.8";"2024.12.23 18:15:00";"2024.12.23 18:46:00";"30.0";"2475.00";"21267.80078";"21432.80078";"164739.70";"0.00";"IST";"PT";"31m 0s";"-0.00"
"1812";"USTEC_ICM_UTC2";"Buy";"21717.6";"21635.1";"2024.12.26 16:30:00";"2024.12.26 16:54:00";"30.0";"-2475.00";"21635.09961";"21800.09961";"162264.70";"0.00";"IST";"SL";"24m 0s";"-0.00"
"1813";"USTEC_ICM_UTC2";"Buy";"21376.4";"21293.9";"2024.12.27 18:00:00";"2024.12.27 19:17:00";"30.0";"-2475.00";"21293.90039";"21458.90039";"159789.70";"0.00";"IST";"SL";"1h 17m";"-0.00"
"1814";"USTEC_ICM_UTC2";"Buy";"21189.2";"21106.7";"2024.12.30 16:30:00";"2024.12.30 16:42:00";"30.0";"-2475.00";"21106.69922";"21271.69922";"157314.70";"0.00";"IST";"SL";"12m 0s";"-0.00"
"1815";"USTEC_ICM_UTC2";"Buy";"21177.2";"21094.7";"2024.12.31 18:00:00";"2024.12.31 18:20:00";"30.0";"-2475.00";"21094.69922";"21259.69922";"154839.70";"0.00";"IST";"SL";"20m 0s";"-0.00"
"1816";"USTEC_ICM_UTC2";"Buy";"21076.2";"20993.7";"2025.01.02 18:00:00";"2025.01.02 18:04:00";"30.0";"-2475.00";"20993.69922";"21158.69922";"152364.70";"0.00";"IST";"SL";"4m 0s";"-0.00"
"1817";"USTEC_ICM_UTC2";"Buy";"21227.3";"21309.8";"2025.01.03 18:30:00";"2025.01.03 20:31:00";"30.0";"2475.00";"21144.80078";"21309.80078";"154839.70";"0.00";"IST";"PT";"2h 1m";"-0.00"
"1818";"USTEC_ICM_UTC2";"Buy";"21677.8";"21595.3";"2025.01.06 17:45:00";"2025.01.06 19:41:00";"30.0";"-2475.00";"21595.30078";"21760.30078";"152364.70";"0.00";"IST";"SL";"1h 56m";"-0.00"
"1819";"USTEC_ICM_UTC2";"Buy";"21365.9";"21283.4";"2025.01.07 18:00:00";"2025.01.07 18:51:00";"30.0";"-2475.00";"21283.40039";"21448.40039";"149889.70";"0.00";"IST";"SL";"51m 0s";"-0.00"
"1820";"USTEC_ICM_UTC2";"Buy";"21171.3";"21088.8";"2025.01.08 16:30:00";"2025.01.08 17:13:00";"30.0";"-2475.00";"21088.80078";"21253.80078";"147414.70";"0.00";"IST";"SL";"43m 0s";"-0.00"
"1821";"USTEC_ICM_UTC2";"Buy";"21019.4";"20936.9";"2025.01.10 16:30:00";"2025.01.10 16:37:00";"30.0";"-2475.00";"20936.90039";"21101.90039";"144939.70";"0.00";"IST";"SL";"7m 0s";"-0.00"
"1822";"USTEC_ICM_UTC2";"Buy";"20633.3";"20715.8";"2025.01.13 18:00:00";"2025.01.13 19:58:00";"30.0";"2475.00";"20550.80078";"20715.80078";"147414.70";"0.00";"IST";"PT";"1h 58m";"-0.00"
"1823";"USTEC_ICM_UTC2";"Buy";"20820.4";"20902.9";"2025.01.14 17:00:00";"2025.01.14 17:08:00";"30.0";"2475.00";"20737.90039";"20902.90039";"149889.70";"0.00";"IST";"PT";"8m 0s";"-0.00"
"1824";"USTEC_ICM_UTC2";"Buy";"21162.8";"21080.3";"2025.01.15 17:00:00";"2025.01.15 18:53:00";"30.0";"-2475.00";"21080.30078";"21245.30078";"147414.70";"0.00";"IST";"SL";"1h 53m";"-0.00"
"1825";"USTEC_ICM_UTC2";"Buy";"21328.1";"21245.6";"2025.01.16 16:30:00";"2025.01.16 16:34:00";"30.0";"-2475.00";"21245.59961";"21410.59961";"144939.70";"0.00";"IST";"SL";"4m 0s";"-0.00"
"1826";"USTEC_ICM_UTC2";"Buy";"21405.8";"21488.3";"2025.01.17 17:15:00";"2025.01.17 20:05:00";"30.0";"2475.00";"21323.30078";"21488.30078";"147414.70";"0.00";"IST";"PT";"2h 50m";"-0.00"
"1827";"USTEC_ICM_UTC2";"Buy";"21532.5";"21450.0";"2025.01.20 18:00:00";"2025.01.21 02:51:00";"30.0";"-2658.12";"21450.00000";"21615.00000";"144756.59";"0.00";"IST";"SL";"8h 51m";"-183.12"
"1828";"USTEC_ICM_UTC2";"Buy";"21506.6";"21589.1";"2025.01.21 18:15:00";"2025.01.21 19:56:00";"30.0";"2475.00";"21424.09961";"21589.09961";"147231.59";"0.00";"IST";"PT";"1h 41m";"-0.00"
"1829";"USTEC_ICM_UTC2";"Buy";"21902.1";"21819.6";"2025.01.22 18:30:00";"2025.01.23 01:09:00";"30.0";"-2658.12";"21819.59961";"21984.59961";"144573.47";"0.00";"IST";"SL";"6h 39m";"-183.12"
"1830";"USTEC_ICM_UTC2";"Buy";"21749.5";"21832.0";"2025.01.23 17:00:00";"2025.01.23 20:35:00";"30.0";"2475.00";"21667.00000";"21832.00000";"147048.47";"0.00";"IST";"PT";"3h 35m";"-0.00"
"1831";"USTEC_ICM_UTC2";"Buy";"21852.6";"21770.1";"2025.01.24 18:00:00";"2025.01.24 20:44:00";"30.0";"-2475.00";"21770.09961";"21935.09961";"144573.47";"0.00";"IST";"SL";"2h 44m";"-0.00"
"1832";"USTEC_ICM_UTC2";"Buy";"20992.5";"21075.0";"2025.01.27 16:30:00";"2025.01.27 16:31:00";"30.0";"2475.00";"20910.00000";"21075.00000";"147048.47";"0.00";"IST";"PT";"1m 0s";"-0.00"
"1833";"USTEC_ICM_UTC2";"Buy";"21326.9";"21409.4";"2025.01.28 18:15:00";"2025.01.28 19:12:00";"30.0";"2475.00";"21244.40039";"21409.40039";"149523.47";"0.00";"IST";"PT";"57m 0s";"-0.00"
"1834";"USTEC_ICM_UTC2";"Buy";"21368.8";"21286.3";"2025.01.29 18:30:00";"2025.01.29 20:03:00";"30.0";"-2475.00";"21286.30078";"21451.30078";"147048.47";"0.00";"IST";"SL";"1h 33m";"-0.00"
"1835";"USTEC_ICM_UTC2";"Buy";"21343.9";"21426.4";"2025.01.30 18:00:00";"2025.01.30 18:25:00";"30.0";"2475.00";"21261.40039";"21426.40039";"149523.47";"0.00";"IST";"PT";"25m 0s";"-0.00"
"1836";"USTEC_ICM_UTC2";"Buy";"21795.0";"21712.5";"2025.01.31 19:15:00";"2025.01.31 20:20:00";"30.0";"-2475.00";"21712.50000";"21877.50000";"147048.47";"0.00";"IST";"SL";"1h 5m";"-0.00"
"1837";"USTEC_ICM_UTC2";"Buy";"21307.2";"21389.7";"2025.02.03 18:00:00";"2025.02.03 21:14:00";"30.0";"2475.00";"21224.69922";"21389.69922";"149523.47";"0.00";"IST";"PT";"3h 14m";"-0.00"
"1838";"USTEC_ICM_UTC2";"Buy";"21537.9";"21455.4";"2025.02.04 19:15:00";"2025.02.04 19:29:00";"30.0";"-2475.00";"21455.40039";"21620.40039";"147048.47";"0.00";"IST";"SL";"14m 0s";"-0.00"
"1839";"USTEC_ICM_UTC2";"Buy";"21520.7";"21603.2";"2025.02.05 18:30:00";"2025.02.05 18:52:00";"30.0";"2475.00";"21438.19922";"21603.19922";"149523.47";"0.00";"IST";"PT";"22m 0s";"-0.00"
"1840";"USTEC_ICM_UTC2";"Buy";"21705.6";"21623.1";"2025.02.06 18:15:00";"2025.02.06 21:33:00";"30.0";"-2475.00";"21623.09961";"21788.09961";"147048.47";"0.00";"IST";"SL";"3h 18m";"-0.00"
"1841";"USTEC_ICM_UTC2";"Buy";"21624.6";"21707.1";"2025.02.07 17:15:00";"2025.02.07 17:52:00";"30.0";"2475.00";"21542.09961";"21707.09961";"149523.47";"0.00";"IST";"PT";"37m 0s";"-0.00"
"1842";"USTEC_ICM_UTC2";"Buy";"21770.2";"21687.7";"2025.02.10 20:15:00";"2025.02.11 01:25:00";"30.0";"-2658.12";"21687.69922";"21852.69922";"146865.34";"0.00";"IST";"SL";"5h 10m";"-183.12"
"1843";"USTEC_ICM_UTC2";"Buy";"21710.0";"21627.5";"2025.02.11 17:15:00";"2025.02.11 19:08:00";"30.0";"-2475.00";"21627.50000";"21792.50000";"144390.34";"0.00";"IST";"SL";"1h 53m";"-0.00"
"1844";"USTEC_ICM_UTC2";"Buy";"21591.0";"21508.5";"2025.02.12 17:00:00";"2025.02.12 17:07:00";"30.0";"-2475.00";"21508.50000";"21673.50000";"141915.34";"0.00";"IST";"SL";"7m 0s";"-0.00"
"1845";"USTEC_ICM_UTC2";"Buy";"21833.8";"21916.3";"2025.02.13 17:00:00";"2025.02.13 17:36:00";"30.0";"2475.00";"21751.30078";"21916.30078";"144390.34";"0.00";"IST";"PT";"36m 0s";"-0.00"
"1846";"USTEC_ICM_UTC2";"Buy";"22061.6";"22134.3";"2025.02.14 18:30:00";"2025.02.14 22:55:00";"30.0";"2181.03";"21979.09961";"22144.09961";"146571.38";"0.00";"IST";"End Of Friday (Time)";"4h 25m";"-0.00"
"1847";"USTEC_ICM_UTC2";"Buy";"22184.0";"22101.5";"2025.02.18 16:30:00";"2025.02.18 16:47:00";"30.0";"-2475.00";"22101.50000";"22266.50000";"144096.38";"0.00";"IST";"SL";"17m 0s";"-0.00"
"1848";"USTEC_ICM_UTC2";"Buy";"22107.6";"22190.1";"2025.02.19 16:45:00";"2025.02.19 21:14:00";"30.0";"2475.00";"22025.09961";"22190.09961";"146571.38";"0.00";"IST";"PT";"4h 29m";"-0.00"
"1849";"USTEC_ICM_UTC2";"Buy";"21982.1";"22064.6";"2025.02.20 18:15:00";"2025.02.20 22:50:00";"30.0";"2475.00";"21899.59961";"22064.59961";"149046.38";"0.00";"IST";"PT";"4h 35m";"-0.00"
"1850";"USTEC_ICM_UTC2";"Buy";"21942.2";"21859.7";"2025.02.21 18:00:00";"2025.02.21 19:17:00";"30.0";"-2475.00";"21859.69922";"22024.69922";"146571.38";"0.00";"IST";"SL";"1h 17m";"-0.00"
"1851";"USTEC_ICM_UTC2";"Buy";"21423.1";"21505.6";"2025.02.24 18:00:00";"2025.02.24 18:26:00";"30.0";"2475.00";"21340.59961";"21505.59961";"149046.38";"0.00";"IST";"PT";"26m 0s";"-0.00"
"1852";"USTEC_ICM_UTC2";"Buy";"21328.3";"21245.8";"2025.02.25 16:30:00";"2025.02.25 16:45:00";"30.0";"-2475.00";"21245.80078";"21410.80078";"146571.38";"0.00";"IST";"SL";"15m 0s";"-0.00"
"1853";"USTEC_ICM_UTC2";"Buy";"21338.8";"21256.3";"2025.02.26 18:15:00";"2025.02.26 19:40:00";"30.0";"-2475.00";"21256.30078";"21421.30078";"144096.38";"0.00";"IST";"SL";"1h 25m";"-0.00"
"1854";"USTEC_ICM_UTC2";"Buy";"20969.0";"21051.5";"2025.02.27 18:00:00";"2025.02.27 18:13:00";"30.0";"2475.00";"20886.50000";"21051.50000";"146571.38";"0.00";"IST";"PT";"13m 0s";"-0.00"
"1855";"USTEC_ICM_UTC2";"Buy";"20713.4";"20630.9";"2025.02.28 18:00:00";"2025.02.28 18:16:00";"30.0";"-2475.00";"20630.90039";"20795.90039";"144096.38";"0.00";"IST";"SL";"16m 0s";"-0.00"
"1856";"USTEC_ICM_UTC2";"Buy";"20868.7";"20786.2";"2025.03.03 18:15:00";"2025.03.03 19:57:00";"30.0";"-2475.00";"20786.19922";"20951.19922";"141621.38";"0.00";"IST";"SL";"1h 42m";"-0.00"
"1857";"USTEC_ICM_UTC2";"Buy";"20156.3";"20073.8";"2025.03.04 18:00:00";"2025.03.04 18:08:00";"30.0";"-2475.00";"20073.80078";"20238.80078";"139146.38";"0.00";"IST";"SL";"8m 0s";"-0.00"
"1858";"USTEC_ICM_UTC2";"Buy";"20258.6";"20341.1";"2025.03.05 18:15:00";"2025.03.05 18:58:00";"30.0";"2475.00";"20176.09961";"20341.09961";"141621.38";"0.00";"IST";"PT";"43m 0s";"-0.00"
"1859";"USTEC_ICM_UTC2";"Buy";"20424.6";"20342.1";"2025.03.06 18:15:00";"2025.03.06 18:22:00";"30.0";"-2475.00";"20342.09961";"20507.09961";"139146.38";"0.00";"IST";"SL";"7m 0s";"-0.00"
"1860";"USTEC_ICM_UTC2";"Buy";"20030.0";"19947.5";"2025.03.07 17:30:00";"2025.03.07 17:31:00";"30.0";"-2475.00";"19947.50000";"20112.50000";"136671.38";"0.00";"IST";"SL";"1m 0s";"-0.00"
"1861";"USTEC_ICM_UTC2";"Buy";"19576.2";"19658.7";"2025.03.10 17:15:00";"2025.03.10 17:36:00";"30.0";"2475.00";"19493.69922";"19658.69922";"139146.38";"0.00";"IST";"PT";"21m 0s";"-0.00"
"1862";"USTEC_ICM_UTC2";"Buy";"19402.3";"19484.8";"2025.03.11 17:30:00";"2025.03.11 17:40:00";"30.0";"2475.00";"19319.80078";"19484.80078";"141621.38";"0.00";"IST";"PT";"10m 0s";"-0.00"
"1863";"USTEC_ICM_UTC2";"Buy";"19414.0";"19496.5";"2025.03.12 17:15:00";"2025.03.12 17:24:00";"30.0";"2475.00";"19331.50000";"19496.50000";"144096.38";"0.00";"IST";"PT";"9m 0s";"-0.00"
"1864";"USTEC_ICM_UTC2";"Buy";"19407.4";"19324.9";"2025.03.13 17:00:00";"2025.03.13 17:35:00";"30.0";"-2475.00";"19324.90039";"19489.90039";"141621.38";"0.00";"IST";"SL";"35m 0s";"-0.00"
"1865";"USTEC_ICM_UTC2";"Buy";"19629.5";"19712.0";"2025.03.14 17:30:00";"2025.03.14 21:54:00";"30.0";"2475.00";"19547.00000";"19712.00000";"144096.38";"0.00";"IST";"PT";"4h 24m";"-0.00"
"1866";"USTEC_ICM_UTC2";"Buy";"19673.0";"19755.5";"2025.03.17 17:00:00";"2025.03.17 19:27:00";"30.0";"2475.00";"19590.50000";"19755.50000";"146571.38";"0.00";"IST";"PT";"2h 27m";"-0.00"
"1867";"USTEC_ICM_UTC2";"Buy";"19468.0";"19550.5";"2025.03.18 17:00:00";"2025.03.18 20:50:00";"30.0";"2475.00";"19385.50000";"19550.50000";"149046.38";"0.00";"IST";"PT";"3h 50m";"-0.00"
"1868";"USTEC_ICM_UTC2";"Buy";"19647.5";"19730.0";"2025.03.19 17:15:00";"2025.03.19 20:32:00";"30.0";"2475.00";"19565.00000";"19730.00000";"151521.38";"0.00";"IST";"PT";"3h 17m";"-0.00"
"1869";"USTEC_ICM_UTC2";"Buy";"19842.7";"19760.2";"2025.03.20 16:30:00";"2025.03.20 17:36:00";"30.0";"-2475.00";"19760.19922";"19925.19922";"149046.38";"0.00";"IST";"SL";"1h 6m";"-0.00"
"1870";"USTEC_ICM_UTC2";"Buy";"19545.3";"19627.8";"2025.03.21 16:30:00";"2025.03.21 18:18:00";"30.0";"2475.00";"19462.80078";"19627.80078";"151521.38";"0.00";"IST";"PT";"1h 48m";"-0.00"
"1871";"USTEC_ICM_UTC2";"Buy";"20133.4";"20215.9";"2025.03.24 18:30:00";"2025.03.25 14:27:00";"30.0";"2291.88";"20050.90039";"20215.90039";"153813.25";"0.00";"IST";"PT";"19h 57m";"-183.12"
"1872";"USTEC_ICM_UTC2";"Buy";"20281.9";"20199.4";"2025.03.25 16:45:00";"2025.03.26 15:49:00";"30.0";"-2658.12";"20199.40039";"20364.40039";"151155.14";"0.00";"IST";"SL";"23h 4m";"-183.12"
"1873";"USTEC_ICM_UTC2";"Buy";"20096.7";"20014.2";"2025.03.26 17:00:00";"2025.03.26 17:52:00";"30.0";"-2475.00";"20014.19922";"20179.19922";"148680.14";"0.00";"IST";"SL";"52m 0s";"-0.00"
"1874";"USTEC_ICM_UTC2";"Buy";"19924.4";"19841.9";"2025.03.27 16:30:00";"2025.03.27 18:50:00";"30.0";"-2475.00";"19841.90039";"20006.90039";"146205.14";"0.00";"IST";"SL";"2h 20m";"-0.00"
"1875";"USTEC_ICM_UTC2";"Buy";"19454.3";"19371.8";"2025.03.28 16:30:00";"2025.03.28 17:03:00";"30.0";"-2475.00";"19371.80078";"19536.80078";"143730.14";"0.00";"IST";"SL";"33m 0s";"-0.00"
"1876";"USTEC_ICM_UTC2";"Buy";"18960.4";"19042.9";"2025.03.31 18:00:00";"2025.03.31 18:24:00";"30.0";"2475.00";"18877.90039";"19042.90039";"146205.14";"0.00";"IST";"PT";"24m 0s";"-0.00"
"1877";"USTEC_ICM_UTC2";"Buy";"19344.8";"19427.3";"2025.04.01 18:00:00";"2025.04.01 18:18:00";"30.0";"2475.00";"19262.30078";"19427.30078";"148680.14";"0.00";"IST";"PT";"18m 0s";"-0.00"
"1878";"USTEC_ICM_UTC2";"Buy";"19460.2";"19542.7";"2025.04.02 18:00:00";"2025.04.02 19:12:00";"30.0";"2475.00";"19377.69922";"19542.69922";"151155.14";"0.00";"IST";"PT";"1h 12m";"-0.00"
"1879";"USTEC_ICM_UTC2";"Buy";"18594.7";"18677.2";"2025.04.03 18:00:00";"2025.04.03 18:18:00";"30.0";"2475.00";"18512.19922";"18677.19922";"153630.14";"0.00";"IST";"PT";"18m 0s";"-0.00"
"1880";"USTEC_ICM_UTC2";"Buy";"17993.7";"18076.2";"2025.04.04 16:30:00";"2025.04.04 16:31:00";"30.0";"2475.00";"17911.19922";"18076.19922";"156105.14";"0.00";"IST";"PT";"1m 0s";"-0.00"
"1881";"USTEC_ICM_UTC2";"Buy";"16785.0";"16702.5";"2025.04.07 16:30:00";"2025.04.07 16:35:00";"30.0";"-2475.00";"16702.50000";"16867.50000";"153630.14";"0.00";"IST";"SL";"5m 0s";"-0.00"
"1882";"USTEC_ICM_UTC2";"Buy";"17536.1";"17453.6";"2025.04.08 21:00:00";"2025.04.08 21:06:00";"30.0";"-2475.00";"17453.59961";"17618.59961";"151155.14";"0.00";"IST";"SL";"6m 0s";"-0.00"
"1883";"USTEC_ICM_UTC2";"Buy";"17076.5";"17159.0";"2025.04.09 16:30:00";"2025.04.09 16:31:00";"30.0";"2475.00";"16994.00000";"17159.00000";"153630.14";"0.00";"IST";"PT";"1m 0s";"-0.00"
"1884";"USTEC_ICM_UTC2";"Buy";"18038.3";"17955.8";"2025.04.10 19:15:00";"2025.04.10 19:18:00";"30.0";"-2475.00";"17955.80078";"18120.80078";"151155.14";"0.00";"IST";"SL";"3m 0s";"-0.00"
"1885";"USTEC_ICM_UTC2";"Buy";"18376.8";"18459.3";"2025.04.11 18:45:00";"2025.04.11 19:05:00";"30.0";"2475.00";"18294.30078";"18459.30078";"153630.14";"0.00";"IST";"PT";"20m 0s";"-0.00"
"1886";"USTEC_ICM_UTC2";"Buy";"18746.7";"18664.2";"2025.04.14 19:45:00";"2025.04.14 19:57:00";"30.0";"-2475.00";"18664.19922";"18829.19922";"151155.14";"0.00";"IST";"SL";"12m 0s";"-0.00"
"1887";"USTEC_ICM_UTC2";"Buy";"18884.1";"18801.6";"2025.04.15 18:45:00";"2025.04.15 20:22:00";"30.0";"-2475.00";"18801.59961";"18966.59961";"148680.14";"0.00";"IST";"SL";"1h 37m";"-0.00"
"1888";"USTEC_ICM_UTC2";"Buy";"18450.3";"18532.8";"2025.04.16 16:30:00";"2025.04.16 16:37:00";"30.0";"2475.00";"18367.80078";"18532.80078";"151155.14";"0.00";"IST";"PT";"7m 0s";"-0.00"
"1889";"USTEC_ICM_UTC2";"Buy";"18181.9";"18264.4";"2025.04.17 18:00:00";"2025.04.17 18:06:00";"30.0";"2475.00";"18099.40039";"18264.40039";"153630.14";"0.00";"IST";"PT";"6m 0s";"-0.00"
"1890";"USTEC_ICM_UTC2";"Buy";"17684.1";"17601.6";"2025.04.21 19:00:00";"2025.04.21 20:49:00";"30.0";"-2475.00";"17601.59961";"17766.59961";"151155.14";"0.00";"IST";"SL";"1h 49m";"-0.00"
"1891";"USTEC_ICM_UTC2";"Buy";"18264.2";"18346.7";"2025.04.22 19:00:00";"2025.04.22 19:14:00";"30.0";"2475.00";"18181.69922";"18346.69922";"153630.14";"0.00";"IST";"PT";"14m 0s";"-0.00"
"1892";"USTEC_ICM_UTC2";"Buy";"18950.6";"18868.1";"2025.04.23 18:00:00";"2025.04.23 18:23:00";"30.0";"-2475.00";"18868.09961";"19033.09961";"151155.14";"0.00";"IST";"SL";"23m 0s";"-0.00"
"1893";"USTEC_ICM_UTC2";"Buy";"19084.1";"19166.6";"2025.04.24 18:15:00";"2025.04.24 19:58:00";"30.0";"2475.00";"19001.59961";"19166.59961";"153630.14";"0.00";"IST";"PT";"1h 43m";"-0.00"
"1894";"USTEC_ICM_UTC2";"Buy";"19194.9";"19277.4";"2025.04.25 16:30:00";"2025.04.25 17:09:00";"30.0";"2475.00";"19112.40039";"19277.40039";"156105.14";"0.00";"IST";"PT";"39m 0s";"-0.00"
"1895";"USTEC_ICM_UTC2";"Buy";"19338.1";"19255.6";"2025.04.28 18:15:00";"2025.04.28 18:22:00";"30.0";"-2475.00";"19255.59961";"19420.59961";"153630.14";"0.00";"IST";"SL";"7m 0s";"-0.00"
"1896";"USTEC_ICM_UTC2";"Buy";"19396.5";"19479.0";"2025.04.29 17:30:00";"2025.04.29 17:40:00";"30.0";"2475.00";"19314.00000";"19479.00000";"156105.14";"0.00";"IST";"PT";"10m 0s";"-0.00"
"1897";"USTEC_ICM_UTC2";"Buy";"19022.5";"19105.0";"2025.04.30 17:00:00";"2025.04.30 17:09:00";"30.0";"2475.00";"18940.00000";"19105.00000";"158580.14";"0.00";"IST";"PT";"9m 0s";"-0.00"
"1898";"USTEC_ICM_UTC2";"Buy";"19980.3";"19897.8";"2025.05.01 18:30:00";"2025.05.01 18:54:00";"30.0";"-2475.00";"19897.80078";"20062.80078";"156105.14";"0.00";"IST";"SL";"24m 0s";"-0.00"
"1899";"USTEC_ICM_UTC2";"Buy";"20074.3";"20156.8";"2025.05.02 18:00:00";"2025.05.02 19:01:00";"30.0";"2475.00";"19991.80078";"20156.80078";"158580.14";"0.00";"IST";"PT";"1h 1m";"-0.00"
"1900";"USTEC_ICM_UTC2";"Buy";"19998.9";"20081.4";"2025.05.05 18:45:00";"2025.05.05 21:26:00";"30.0";"2475.00";"19916.40039";"20081.40039";"161055.14";"0.00";"IST";"PT";"2h 41m";"-0.00"
"1901";"USTEC_ICM_UTC2";"Buy";"19707.5";"19790.0";"2025.05.06 16:30:00";"2025.05.06 17:20:00";"30.0";"2475.00";"19625.00000";"19790.00000";"163530.14";"0.00";"IST";"PT";"50m 0s";"-0.00"
"1902";"USTEC_ICM_UTC2";"Buy";"19728.7";"19811.2";"2025.05.07 18:30:00";"2025.05.07 19:56:00";"30.0";"2475.00";"19646.19922";"19811.19922";"166005.14";"0.00";"IST";"PT";"1h 26m";"-0.00"
"1903";"USTEC_ICM_UTC2";"Buy";"20187.9";"20105.4";"2025.05.08 19:00:00";"2025.05.08 22:50:00";"30.0";"-2475.00";"20105.40039";"20270.40039";"163530.14";"0.00";"IST";"SL";"3h 50m";"-0.00"
"1904";"USTEC_ICM_UTC2";"Buy";"20057.8";"20087.3";"2025.05.09 18:30:00";"2025.05.09 22:55:00";"30.0";"885.00";"19975.30078";"20140.30078";"164415.14";"0.00";"IST";"End Of Friday (Time)";"4h 25m";"-0.00"
"1905";"USTEC_ICM_UTC2";"Buy";"20842.6";"20760.1";"2025.05.12 16:30:00";"2025.05.12 16:31:00";"30.0";"-2475.00";"20760.09961";"20925.09961";"161940.14";"0.00";"IST";"SL";"1m 0s";"-0.00"
"1906";"USTEC_ICM_UTC2";"Buy";"21167.0";"21249.5";"2025.05.13 18:15:00";"2025.05.13 19:47:00";"30.0";"2475.00";"21084.50000";"21249.50000";"164415.14";"0.00";"IST";"PT";"1h 32m";"-0.00"
"1907";"USTEC_ICM_UTC2";"Buy";"21249.3";"21331.8";"2025.05.14 17:00:00";"2025.05.14 19:32:00";"30.0";"2475.00";"21166.80078";"21331.80078";"166890.14";"0.00";"IST";"PT";"2h 32m";"-0.00"
"1908";"USTEC_ICM_UTC2";"Buy";"21221.3";"21303.8";"2025.05.15 16:30:00";"2025.05.15 18:16:00";"30.0";"2475.00";"21138.80078";"21303.80078";"169365.14";"0.00";"IST";"PT";"1h 46m";"-0.00"
"1909";"USTEC_ICM_UTC2";"Buy";"21312.0";"21394.5";"2025.05.16 18:00:00";"2025.05.16 20:34:00";"30.0";"2475.00";"21229.50000";"21394.50000";"171840.14";"0.00";"IST";"PT";"2h 34m";"-0.00"
"1910";"USTEC_ICM_UTC2";"Buy";"21276.1";"21358.6";"2025.05.19 17:00:00";"2025.05.19 17:07:00";"30.0";"2475.00";"21193.59961";"21358.59961";"174315.14";"0.00";"IST";"PT";"7m 0s";"-0.00"
"1911";"USTEC_ICM_UTC2";"Buy";"21350.2";"21267.7";"2025.05.20 18:30:00";"2025.05.20 21:29:00";"30.0";"-2475.00";"21267.69922";"21432.69922";"171840.14";"0.00";"IST";"SL";"2h 59m";"-0.00"
"1912";"USTEC_ICM_UTC2";"Buy";"21303.2";"21385.7";"2025.05.21 17:00:00";"2025.05.21 17:59:00";"30.0";"2475.00";"21220.69922";"21385.69922";"174315.14";"0.00";"IST";"PT";"59m 0s";"-0.00"
"1913";"USTEC_ICM_UTC2";"Buy";"21217.2";"21134.7";"2025.05.22 17:00:00";"2025.05.22 17:54:00";"30.0";"-2475.00";"21134.69922";"21299.69922";"171840.14";"0.00";"IST";"SL";"54m 0s";"-0.00"
"1914";"USTEC_ICM_UTC2";"Buy";"20786.6";"20869.1";"2025.05.23 16:30:00";"2025.05.23 16:35:00";"30.0";"2475.00";"20704.09961";"20869.09961";"174315.14";"0.00";"IST";"PT";"5m 0s";"-0.00"
"1915";"USTEC_ICM_UTC2";"Buy";"21240.6";"21323.1";"2025.05.27 17:00:00";"2025.05.27 17:26:00";"30.0";"2475.00";"21158.09961";"21323.09961";"176790.14";"0.00";"IST";"PT";"26m 0s";"-0.00"
"1916";"USTEC_ICM_UTC2";"Buy";"21417.6";"21335.1";"2025.05.28 17:15:00";"2025.05.28 22:50:00";"30.0";"-2475.00";"21335.09961";"21500.09961";"174315.14";"0.00";"IST";"SL";"5h 35m";"-0.00"
"1917";"USTEC_ICM_UTC2";"Buy";"21622.2";"21539.7";"2025.05.29 16:30:00";"2025.05.29 16:32:00";"30.0";"-2475.00";"21539.69922";"21704.69922";"171840.14";"0.00";"IST";"SL";"2m 0s";"-0.00"
"1918";"USTEC_ICM_UTC2";"Buy";"21253.3";"21335.8";"2025.05.30 16:45:00";"2025.05.30 17:20:00";"30.0";"2475.00";"21170.80078";"21335.80078";"174315.14";"0.00";"IST";"PT";"35m 0s";"-0.00"
"1919";"USTEC_ICM_UTC2";"Buy";"21355.0";"21437.5";"2025.06.02 18:00:00";"2025.06.02 21:15:00";"30.0";"2475.00";"21272.50000";"21437.50000";"176790.14";"0.00";"IST";"PT";"3h 15m";"-0.00"
"1920";"USTEC_ICM_UTC2";"Buy";"21624.3";"21706.8";"2025.06.03 18:15:00";"2025.06.03 20:17:00";"30.0";"2475.00";"21541.80078";"21706.80078";"179265.14";"0.00";"IST";"PT";"2h 2m";"-0.00"
"1921";"USTEC_ICM_UTC2";"Buy";"21672.2";"21754.7";"2025.06.04 17:15:00";"2025.06.04 21:00:00";"30.0";"2475.00";"21589.69922";"21754.69922";"181740.14";"0.00";"IST";"PT";"3h 45m";"-0.00"
"1922";"USTEC_ICM_UTC2";"Buy";"21779.5";"21697.0";"2025.06.05 16:30:00";"2025.06.05 16:45:00";"30.0";"-2475.00";"21697.00000";"21862.00000";"179265.14";"0.00";"IST";"SL";"15m 0s";"-0.00"
"1923";"USTEC_ICM_UTC2";"Buy";"21810.3";"21727.8";"2025.06.06 18:15:00";"2025.06.06 18:19:00";"30.0";"-2475.00";"21727.80078";"21892.80078";"176790.14";"0.00";"IST";"SL";"4m 0s";"-0.00"
"1924";"USTEC_ICM_UTC2";"Buy";"21805.3";"21887.8";"2025.06.09 18:45:00";"2025.06.10 04:24:00";"30.0";"2291.88";"21722.80078";"21887.80078";"179082.02";"0.00";"IST";"PT";"9h 39m";"-183.12"
"1925";"USTEC_ICM_UTC2";"Buy";"21810.0";"21727.5";"2025.06.10 16:30:00";"2025.06.10 18:33:00";"30.0";"-2475.00";"21727.50000";"21892.50000";"176607.02";"0.00";"IST";"SL";"2h 3m";"-0.00"
"1926";"USTEC_ICM_UTC2";"Buy";"21958.9";"22041.4";"2025.06.11 17:00:00";"2025.06.11 18:03:00";"30.0";"2475.00";"21876.40039";"22041.40039";"179082.02";"0.00";"IST";"PT";"1h 3m";"-0.00"
"1927";"USTEC_ICM_UTC2";"Buy";"21836.8";"21919.3";"2025.06.12 17:00:00";"2025.06.12 17:37:00";"30.0";"2475.00";"21754.30078";"21919.30078";"181557.02";"0.00";"IST";"PT";"37m 0s";"-0.00"
"1928";"USTEC_ICM_UTC2";"Buy";"21728.2";"21810.7";"2025.06.13 18:00:00";"2025.06.13 18:47:00";"30.0";"2475.00";"21645.69922";"21810.69922";"184032.02";"0.00";"IST";"PT";"47m 0s";"-0.00"
"1929";"USTEC_ICM_UTC2";"Buy";"21913.0";"21830.5";"2025.06.16 22:15:00";"2025.06.17 01:51:00";"30.0";"-2658.12";"21830.50000";"21995.50000";"181373.89";"0.00";"IST";"SL";"3h 36m";"-183.12"
"1930";"USTEC_ICM_UTC2";"Buy";"21896.9";"21814.4";"2025.06.17 18:15:00";"2025.06.17 19:55:00";"30.0";"-2475.00";"21814.40039";"21979.40039";"178898.89";"0.00";"IST";"SL";"1h 40m";"-0.00"
"1931";"USTEC_ICM_UTC2";"Buy";"21819.6";"21737.1";"2025.06.18 18:30:00";"2025.06.18 20:31:00";"30.0";"-2475.00";"21737.09961";"21902.09961";"176423.89";"0.00";"IST";"SL";"2h 1m";"-0.00"
"1932";"USTEC_ICM_UTC2";"Buy";"21499.1";"21602.3";"2025.06.19 18:15:00";"2025.06.20 01:05:00";"30.0";"2911.86";"21416.59961";"21581.59961";"179335.75";"0.00";"IST";"PT";"6h 50m";"-183.12"
"1933";"USTEC_ICM_UTC2";"Buy";"21599.7";"21682.2";"2025.06.20 18:00:00";"2025.06.20 18:36:00";"30.0";"2475.00";"21517.19922";"21682.19922";"181810.75";"0.00";"IST";"PT";"36m 0s";"-0.00"
"1934";"USTEC_ICM_UTC2";"Buy";"21736.0";"21653.5";"2025.06.23 18:00:00";"2025.06.23 19:25:00";"30.0";"-2475.00";"21653.50000";"21818.50000";"179335.75";"0.00";"IST";"SL";"1h 25m";"-0.00"
"1935";"USTEC_ICM_UTC2";"Buy";"22244.5";"22327.0";"2025.06.25 18:30:00";"2025.06.26 10:17:00";"30.0";"2291.88";"22162.00000";"22327.00000";"181627.64";"0.00";"IST";"PT";"15h 47m";"-183.12"
"1936";"USTEC_ICM_UTC2";"Buy";"22340.7";"22423.2";"2025.06.26 17:45:00";"2025.06.26 20:40:00";"30.0";"2475.00";"22258.19922";"22423.19922";"184102.64";"0.00";"IST";"PT";"2h 55m";"-0.00"
"1937";"USTEC_ICM_UTC2";"Buy";"22567.3";"22484.8";"2025.06.27 17:30:00";"2025.06.27 20:50:00";"30.0";"-2475.00";"22484.80078";"22649.80078";"181627.64";"0.00";"IST";"SL";"3h 20m";"-0.00"
"1938";"USTEC_ICM_UTC2";"Buy";"22627.6";"22710.1";"2025.06.30 18:45:00";"2025.06.30 22:54:00";"30.0";"2475.00";"22545.09961";"22710.09961";"184102.64";"0.00";"IST";"PT";"4h 9m";"-0.00"
"1939";"USTEC_ICM_UTC2";"Buy";"22554.1";"22471.6";"2025.07.01 17:30:00";"2025.07.01 17:58:00";"30.0";"-2475.00";"22471.59961";"22636.59961";"181627.64";"0.00";"IST";"SL";"28m 0s";"-0.00"
"1940";"USTEC_ICM_UTC2";"Buy";"22495.9";"22578.4";"2025.07.02 17:00:00";"2025.07.02 17:28:00";"30.0";"2475.00";"22413.40039";"22578.40039";"184102.64";"0.00";"IST";"PT";"28m 0s";"-0.00"
"1941";"USTEC_ICM_UTC2";"Buy";"22841.9";"22759.4";"2025.07.03 17:15:00";"2025.07.04 10:19:00";"30.0";"-2658.12";"22759.40039";"22924.40039";"181444.52";"0.00";"IST";"SL";"17h 4m";"-183.12"
"1942";"USTEC_ICM_UTC2";"Buy";"22723.1";"22805.6";"2025.07.04 16:30:00";"2025.07.07 01:04:00";"30.0";"1925.64";"22640.59961";"22805.59961";"183370.16";"0.00";"IST";"PT";"2d 8h 34m";"-549.36"
"1943";"USTEC_ICM_UTC2";"Buy";"22698.8";"22616.3";"2025.07.07 18:00:00";"2025.07.07 21:20:00";"30.0";"-2475.00";"22616.30078";"22781.30078";"180895.16";"0.00";"IST";"SL";"3h 20m";"-0.00"
"1944";"USTEC_ICM_UTC2";"Buy";"22676.3";"22758.8";"2025.07.08 18:30:00";"2025.07.08 19:26:00";"30.0";"2475.00";"22593.80078";"22758.80078";"183370.16";"0.00";"IST";"PT";"56m 0s";"-0.00"
"1945";"USTEC_ICM_UTC2";"Buy";"22754.0";"22836.5";"2025.07.09 18:00:00";"2025.07.09 21:52:00";"30.0";"2475.00";"22671.50000";"22836.50000";"185845.16";"0.00";"IST";"PT";"3h 52m";"-0.00"
"1946";"USTEC_ICM_UTC2";"Buy";"22775.6";"22858.1";"2025.07.10 18:00:00";"2025.07.10 21:19:00";"30.0";"2475.00";"22693.09961";"22858.09961";"188320.16";"0.00";"IST";"PT";"3h 19m";"-0.00"
"1947";"USTEC_ICM_UTC2";"Buy";"22696.8";"22779.3";"2025.07.11 16:45:00";"2025.07.11 16:57:00";"30.0";"2475.00";"22614.30078";"22779.30078";"190795.16";"0.00";"IST";"PT";"12m 0s";"-0.00"
"1948";"USTEC_ICM_UTC2";"Buy";"22811.3";"22893.8";"2025.07.14 18:00:00";"2025.07.15 04:44:00";"30.0";"2291.88";"22728.80078";"22893.80078";"193087.03";"0.00";"IST";"PT";"10h 44m";"-183.12"
"1949";"USTEC_ICM_UTC2";"Buy";"22924.1";"22841.6";"2025.07.15 18:00:00";"2025.07.16 01:10:00";"30.0";"-2658.12";"22841.59961";"23006.59961";"190428.92";"0.00";"IST";"SL";"7h 10m";"-183.12"
"1950";"USTEC_ICM_UTC2";"Buy";"22870.9";"22788.4";"2025.07.16 18:15:00";"2025.07.16 18:16:00";"30.0";"-2475.00";"22788.40039";"22953.40039";"187953.92";"0.00";"IST";"SL";"1m 0s";"-0.00"
"1951";"USTEC_ICM_UTC2";"Buy";"23066.2";"23148.7";"2025.07.17 18:15:00";"2025.07.18 16:28:00";"30.0";"2291.88";"22983.69922";"23148.69922";"190245.80";"0.00";"IST";"PT";"22h 13m";"-183.12"
"1952";"USTEC_ICM_UTC2";"Buy";"23046.0";"23058.5";"2025.07.18 18:00:00";"2025.07.18 22:55:00";"30.0";"375.00";"22963.50000";"23128.50000";"190620.80";"0.00";"IST";"End Of Friday (Time)";"4h 55m";"-0.00"
"1953";"USTEC_ICM_UTC2";"Buy";"23236.6";"23154.1";"2025.07.21 18:00:00";"2025.07.22 07:15:00";"30.0";"-2658.12";"23154.09961";"23319.09961";"187962.67";"0.00";"IST";"SL";"13h 15m";"-183.12"
"1954";"USTEC_ICM_UTC2";"Buy";"23186.2";"23103.7";"2025.07.22 16:30:00";"2025.07.22 16:45:00";"30.0";"-2475.00";"23103.69922";"23268.69922";"185487.67";"0.00";"IST";"SL";"15m 0s";"-0.00"
"1955";"USTEC_ICM_UTC2";"Buy";"23040.0";"23122.5";"2025.07.23 18:15:00";"2025.07.23 18:54:00";"30.0";"2475.00";"22957.50000";"23122.50000";"187962.67";"0.00";"IST";"PT";"39m 0s";"-0.00"
"1956";"USTEC_ICM_UTC2";"Buy";"23223.9";"23306.4";"2025.07.24 18:00:00";"2025.07.25 19:23:00";"30.0";"2291.88";"23141.40039";"23306.40039";"190254.55";"0.00";"IST";"PT";"1d 1h 23m";"-183.12"
"1957";"USTEC_ICM_UTC2";"Buy";"23319.8";"23277.3";"2025.07.25 19:30:00";"2025.07.25 22:55:00";"30.0";"-1275.00";"23237.30078";"23402.30078";"188979.55";"0.00";"IST";"End Of Friday (Time)";"3h 25m";"-0.00"
"1958";"USTEC_ICM_UTC2";"Buy";"23363.1";"23445.6";"2025.07.28 17:45:00";"2025.07.29 10:46:00";"30.0";"2291.88";"23280.59961";"23445.59961";"191271.44";"0.00";"IST";"PT";"17h 1m";"-183.12"
"1959";"USTEC_ICM_UTC2";"Buy";"23387.6";"23305.1";"2025.07.29 18:00:00";"2025.07.29 18:42:00";"30.0";"-2475.00";"23305.09961";"23470.09961";"188796.44";"0.00";"IST";"SL";"42m 0s";"-0.00"
"1960";"USTEC_ICM_UTC2";"Buy";"23367.2";"23449.7";"2025.07.30 17:30:00";"2025.07.30 21:36:00";"30.0";"2475.00";"23284.69922";"23449.69922";"191271.44";"0.00";"IST";"PT";"4h 6m";"-0.00"
"1961";"USTEC_ICM_UTC2";"Buy";"23406.8";"23324.3";"2025.07.31 18:00:00";"2025.07.31 20:27:00";"30.0";"-2475.00";"23324.30078";"23489.30078";"188796.44";"0.00";"IST";"SL";"2h 27m";"-0.00"
"1962";"USTEC_ICM_UTC2";"Buy";"22961.4";"22878.9";"2025.08.01 16:30:00";"2025.08.01 16:34:00";"30.0";"-2475.00";"22878.90039";"23043.90039";"186321.44";"0.00";"IST";"SL";"4m 0s";"-0.00"
"1963";"USTEC_ICM_UTC2";"Buy";"23164.2";"23246.7";"2025.08.04 20:15:00";"2025.08.05 03:48:00";"30.0";"2291.88";"23081.69922";"23246.69922";"188613.31";"0.00";"IST";"PT";"7h 33m";"-183.12"
"1964";"USTEC_ICM_UTC2";"Buy";"23067.2";"22959.0";"2025.08.05 18:00:00";"2025.08.06 01:06:00";"30.0";"-3430.14";"22984.69922";"23149.69922";"185183.17";"0.00";"IST";"SL";"7h 6m";"-183.12"
"1965";"USTEC_ICM_UTC2";"Buy";"23170.9";"23253.4";"2025.08.06 18:00:00";"2025.08.06 18:51:00";"30.0";"2475.00";"23088.40039";"23253.40039";"187658.17";"0.00";"IST";"PT";"51m 0s";"-0.00"
"1966";"USTEC_ICM_UTC2";"Buy";"23429.1";"23346.6";"2025.08.07 18:00:00";"2025.08.07 19:40:00";"30.0";"-2475.00";"23346.59961";"23511.59961";"185183.17";"0.00";"IST";"SL";"1h 40m";"-0.00"
"1967";"USTEC_ICM_UTC2";"Buy";"23517.2";"23599.7";"2025.08.08 18:45:00";"2025.08.08 21:00:00";"30.0";"2475.00";"23434.69922";"23599.69922";"187658.17";"0.00";"IST";"PT";"2h 15m";"-0.00"
"1968";"USTEC_ICM_UTC2";"Buy";"23624.8";"23542.3";"2025.08.11 18:00:00";"2025.08.11 22:37:00";"30.0";"-2475.00";"23542.30078";"23707.30078";"185183.17";"0.00";"IST";"SL";"4h 37m";"-0.00"
"1969";"USTEC_ICM_UTC2";"Buy";"23702.2";"23619.7";"2025.08.12 17:00:00";"2025.08.12 17:11:00";"30.0";"-2475.00";"23619.69922";"23784.69922";"182708.17";"0.00";"IST";"SL";"11m 0s";"-0.00"
"1970";"USTEC_ICM_UTC2";"Buy";"23826.1";"23743.6";"2025.08.13 18:30:00";"2025.08.14 15:33:00";"30.0";"-2658.12";"23743.59961";"23908.59961";"180050.05";"0.00";"IST";"SL";"21h 3m";"-183.12"
"1971";"USTEC_ICM_UTC2";"Buy";"23840.5";"23758.0";"2025.08.14 17:00:00";"2025.08.15 16:40:00";"30.0";"-2658.12";"23758.00000";"23923.00000";"177391.94";"0.00";"IST";"SL";"23h 40m";"-183.12"
"1972";"USTEC_ICM_UTC2";"Buy";"23723.0";"23716.2";"2025.08.15 18:15:00";"2025.08.15 22:55:00";"30.0";"-204.03";"23640.50000";"23805.50000";"177187.91";"0.00";"IST";"End Of Friday (Time)";"4h 40m";"-0.00"
"1973";"USTEC_ICM_UTC2";"Buy";"23692.5";"23610.0";"2025.08.18 18:00:00";"2025.08.19 16:32:00";"30.0";"-2658.12";"23610.00000";"23775.00000";"174529.78";"0.00";"IST";"SL";"22h 32m";"-183.12"
"1974";"USTEC_ICM_UTC2";"Buy";"23459.0";"23376.5";"2025.08.19 18:00:00";"2025.08.19 20:05:00";"30.0";"-2475.00";"23376.50000";"23541.50000";"172054.78";"0.00";"IST";"SL";"2h 5m";"-0.00"
"1975";"USTEC_ICM_UTC2";"Buy";"22981.2";"23063.7";"2025.08.20 18:00:00";"2025.08.20 18:15:00";"30.0";"2475.00";"22898.69922";"23063.69922";"174529.78";"0.00";"IST";"PT";"15m 0s";"-0.00"
"1976";"USTEC_ICM_UTC2";"Buy";"23217.5";"23135.0";"2025.08.21 18:00:00";"2025.08.21 18:14:00";"30.0";"-2475.00";"23135.00000";"23300.00000";"172054.78";"0.00";"IST";"SL";"14m 0s";"-0.00"
"1977";"USTEC_ICM_UTC2";"Buy";"23497.6";"23489.8";"2025.08.22 18:30:00";"2025.08.22 22:55:00";"30.0";"-233.97";"23415.09961";"23580.09961";"171820.81";"0.00";"IST";"End Of Friday (Time)";"4h 25m";"-0.00"
"1978";"USTEC_ICM_UTC2";"Buy";"23525.7";"23443.2";"2025.08.25 18:45:00";"2025.08.25 22:57:00";"30.0";"-2475.00";"23443.19922";"23608.19922";"169345.81";"0.00";"IST";"SL";"4h 12m";"-0.00"
"1979";"USTEC_ICM_UTC2";"Buy";"23465.2";"23547.7";"2025.08.26 18:15:00";"2025.08.27 01:04:00";"30.0";"2293.17";"23382.69922";"23547.69922";"171638.98";"0.00";"IST";"PT";"6h 49m";"-183.12"
"1980";"USTEC_ICM_UTC2";"Buy";"23540.0";"23449.6";"2025.08.27 18:00:00";"2025.08.28 01:05:00";"30.0";"-2893.83";"23457.50000";"23622.50000";"168745.16";"0.00";"IST";"SL";"7h 5m";"-183.12"
"1981";"USTEC_ICM_UTC2";"Buy";"23655.1";"23737.6";"2025.08.28 18:00:00";"2025.08.28 22:50:00";"30.0";"2475.00";"23572.59961";"23737.59961";"171220.16";"0.00";"IST";"PT";"4h 50m";"-0.00"
"1982";"USTEC_ICM_UTC2";"Buy";"23465.5";"23383.0";"2025.08.29 17:00:00";"2025.08.29 17:13:00";"30.0";"-2475.00";"23383.00000";"23548.00000";"168745.16";"0.00";"IST";"SL";"13m 0s";"-0.00"
"1983";"USTEC_ICM_UTC2";"Buy";"23056.3";"23138.8";"2025.09.02 16:30:00";"2025.09.02 16:46:00";"30.0";"2475.00";"22973.80078";"23138.80078";"171220.16";"0.00";"IST";"PT";"16m 0s";"-0.00"
"1984";"USTEC_ICM_UTC2";"Buy";"23464.7";"23382.2";"2025.09.03 18:00:00";"2025.09.03 18:29:00";"30.0";"-2475.00";"23382.19922";"23547.19922";"168745.16";"0.00";"IST";"SL";"29m 0s";"-0.00"
"1985";"USTEC_ICM_UTC2";"Buy";"23464.1";"23546.6";"2025.09.04 18:15:00";"2025.09.04 20:51:00";"30.0";"2475.00";"23381.59961";"23546.59961";"171220.16";"0.00";"IST";"PT";"2h 36m";"-0.00"
"1986";"USTEC_ICM_UTC2";"Buy";"23816.8";"23734.3";"2025.09.05 17:00:00";"2025.09.05 17:12:00";"30.0";"-2475.00";"23734.30078";"23899.30078";"168745.16";"0.00";"IST";"SL";"12m 0s";"-0.00"
"1987";"USTEC_ICM_UTC2";"Buy";"23825.2";"23742.7";"2025.09.08 18:45:00";"2025.09.08 20:51:00";"30.0";"-2475.00";"23742.69922";"23907.69922";"166270.16";"0.00";"IST";"SL";"2h 6m";"-0.00"
"1988";"USTEC_ICM_UTC2";"Buy";"23744.5";"23827.0";"2025.09.09 18:15:00";"2025.09.09 22:28:00";"30.0";"2475.00";"23662.00000";"23827.00000";"168745.16";"0.00";"IST";"PT";"4h 13m";"-0.00"
"1989";"USTEC_ICM_UTC2";"Buy";"23901.6";"23819.1";"2025.09.10 17:00:00";"2025.09.10 21:26:00";"30.0";"-2475.00";"23819.09961";"23984.09961";"166270.16";"0.00";"IST";"SL";"4h 26m";"-0.00"
"1990";"USTEC_ICM_UTC2";"Buy";"23935.2";"24017.7";"2025.09.11 17:15:00";"2025.09.12 08:47:00";"30.0";"2291.88";"23852.69922";"24017.69922";"168562.03";"0.00";"IST";"PT";"15h 32m";"-183.12"
"1991";"USTEC_ICM_UTC2";"Buy";"24086.8";"24107.4";"2025.09.12 18:00:00";"2025.09.12 22:55:00";"30.0";"618.00";"24004.30078";"24169.30078";"169180.03";"0.00";"IST";"End Of Friday (Time)";"4h 55m";"-0.00"
"1992";"USTEC_ICM_UTC2";"Buy";"24187.2";"24269.7";"2025.09.15 16:45:00";"2025.09.15 18:57:00";"30.0";"2475.00";"24104.69922";"24269.69922";"171655.03";"0.00";"IST";"PT";"2h 12m";"-0.00"
"1993";"USTEC_ICM_UTC2";"Buy";"24283.1";"24200.6";"2025.09.16 18:00:00";"2025.09.17 17:02:00";"30.0";"-2658.12";"24200.59961";"24365.59961";"168996.91";"0.00";"IST";"SL";"23h 2m";"-183.12"
"1994";"USTEC_ICM_UTC2";"Buy";"24225.6";"24143.1";"2025.09.17 17:15:00";"2025.09.17 19:37:00";"30.0";"-2475.00";"24143.09961";"24308.09961";"166521.91";"0.00";"IST";"SL";"2h 22m";"-0.00"
"1995";"USTEC_ICM_UTC2";"Buy";"24537.2";"24454.7";"2025.09.18 17:30:00";"2025.09.18 22:42:00";"30.0";"-2475.00";"24454.69922";"24619.69922";"164046.91";"0.00";"IST";"SL";"5h 12m";"-0.00"
"1996";"USTEC_ICM_UTC2";"Buy";"24502.0";"24584.5";"2025.09.19 18:45:00";"2025.09.19 19:48:00";"30.0";"2475.00";"24419.50000";"24584.50000";"166521.91";"0.00";"IST";"PT";"1h 3m";"-0.00"
"1997";"USTEC_ICM_UTC2";"Buy";"24566.4";"24648.9";"2025.09.22 16:30:00";"2025.09.22 17:27:00";"30.0";"2475.00";"24483.90039";"24648.90039";"168996.91";"0.00";"IST";"PT";"57m 0s";"-0.00"
"1998";"USTEC_ICM_UTC2";"Buy";"24701.5";"24619.0";"2025.09.23 18:00:00";"2025.09.23 20:30:00";"30.0";"-2475.00";"24619.00000";"24784.00000";"166521.91";"0.00";"IST";"SL";"2h 30m";"-0.00"
"1999";"USTEC_ICM_UTC2";"Buy";"24553.2";"24470.7";"2025.09.24 18:00:00";"2025.09.24 18:55:00";"30.0";"-2475.00";"24470.69922";"24635.69922";"164046.91";"0.00";"IST";"SL";"55m 0s";"-0.00"
"2000";"USTEC_ICM_UTC2";"Buy";"24341.3";"24258.8";"2025.09.25 16:30:00";"2025.09.25 16:36:00";"30.0";"-2475.00";"24258.80078";"24423.80078";"161571.91";"0.00";"IST";"SL";"6m 0s";"-0.00"
"2001";"USTEC_ICM_UTC2";"Buy";"24477.5";"24395.0";"2025.09.26 17:00:00";"2025.09.26 17:07:00";"30.0";"-2475.00";"24395.00000";"24560.00000";"159096.91";"0.00";"IST";"SL";"7m 0s";"-0.00"
"2002";"USTEC_ICM_UTC2";"Buy";"24640.5";"24558.0";"2025.09.29 18:30:00";"2025.09.29 22:15:00";"30.0";"-2475.00";"24558.00000";"24723.00000";"156621.91";"0.00";"IST";"SL";"3h 45m";"-0.00"
"2003";"USTEC_ICM_UTC2";"Buy";"24562.0";"24644.5";"2025.09.30 17:00:00";"2025.09.30 18:09:00";"30.0";"2475.00";"24479.50000";"24644.50000";"159096.91";"0.00";"IST";"PT";"1h 9m";"-0.00"
"2004";"USTEC_ICM_UTC2";"Buy";"24607.5";"24525.0";"2025.10.01 16:45:00";"2025.10.01 16:49:00";"30.0";"-2475.00";"24525.00000";"24690.00000";"156621.91";"0.00";"IST";"SL";"4m 0s";"-0.00"
"2005";"USTEC_ICM_UTC2";"Buy";"24809.0";"24891.5";"2025.10.02 18:00:00";"2025.10.02 20:42:00";"30.0";"2475.00";"24726.50000";"24891.50000";"159096.91";"0.00";"IST";"PT";"2h 42m";"-0.00"
"2006";"USTEC_ICM_UTC2";"Buy";"24908.2";"24825.7";"2025.10.03 18:00:00";"2025.10.03 20:04:00";"30.0";"-2475.00";"24825.69922";"24990.69922";"156621.91";"0.00";"IST";"SL";"2h 4m";"-0.00"
"2007";"USTEC_ICM_UTC2";"Buy";"25010.4";"24927.9";"2025.10.06 16:30:00";"2025.10.06 16:43:00";"30.0";"-2475.00";"24927.90039";"25092.90039";"154146.91";"0.00";"IST";"SL";"13m 0s";"-0.00"
"2008";"USTEC_ICM_UTC2";"Buy";"24980.3";"24897.8";"2025.10.07 18:00:00";"2025.10.07 18:06:00";"30.0";"-2475.00";"24897.80078";"25062.80078";"151671.91";"0.00";"IST";"SL";"6m 0s";"-0.00"
"2009";"USTEC_ICM_UTC2";"Buy";"24988.5";"25071.0";"2025.10.08 18:00:00";"2025.10.08 19:19:00";"30.0";"2475.00";"24906.00000";"25071.00000";"154146.91";"0.00";"IST";"PT";"1h 19m";"-0.00"
"2010";"USTEC_ICM_UTC2";"Buy";"25053.1";"24970.6";"2025.10.09 18:00:00";"2025.10.09 20:30:00";"30.0";"-2475.00";"24970.59961";"25135.59961";"151671.91";"0.00";"IST";"SL";"2h 30m";"-0.00"
"2011";"USTEC_ICM_UTC2";"Buy";"25005.8";"24923.3";"2025.10.10 18:00:00";"2025.10.10 18:00:00";"30.0";"-2475.00";"24923.30078";"25088.30078";"149196.91";"0.00";"IST";"SL";"0s";"-0.00"
"2012";"USTEC_ICM_UTC2";"Buy";"24658.8";"24576.3";"2025.10.13 17:45:00";"2025.10.13 17:56:00";"30.0";"-2475.00";"24576.30078";"24741.30078";"146721.91";"0.00";"IST";"SL";"11m 0s";"-0.00"
"2013";"USTEC_ICM_UTC2";"Buy";"24461.7";"24379.2";"2025.10.14 16:30:00";"2025.10.14 16:35:00";"30.0";"-2475.00";"24379.19922";"24544.19922";"144246.91";"0.00";"IST";"SL";"5m 0s";"-0.00"
"2014";"USTEC_ICM_UTC2";"Buy";"24783.3";"24700.8";"2025.10.15 19:15:00";"2025.10.15 20:00:00";"30.0";"-2475.00";"24700.80078";"24865.80078";"141771.91";"0.00";"IST";"SL";"45m 0s";"-0.00"
"2015";"USTEC_ICM_UTC2";"Buy";"24822.3";"24739.8";"2025.10.16 18:45:00";"2025.10.16 19:19:00";"30.0";"-2475.00";"24739.80078";"24904.80078";"139296.91";"0.00";"IST";"SL";"34m 0s";"-0.00"
"2016";"USTEC_ICM_UTC2";"Buy";"24572.5";"24655.0";"2025.10.17 16:30:00";"2025.10.17 16:53:00";"30.0";"2475.00";"24490.00000";"24655.00000";"141771.91";"0.00";"IST";"PT";"23m 0s";"-0.00"
"2017";"USTEC_ICM_UTC2";"Buy";"25118.6";"25036.1";"2025.10.21 18:45:00";"2025.10.22 16:33:00";"30.0";"-2658.12";"25036.09961";"25201.09961";"139113.80";"0.00";"IST";"SL";"21h 48m";"-183.12"
"2018";"USTEC_ICM_UTC2";"Buy";"25099.8";"25017.3";"2025.10.22 16:45:00";"2025.10.22 17:26:00";"30.0";"-2475.00";"25017.30078";"25182.30078";"136638.80";"0.00";"IST";"SL";"41m 0s";"-0.00"
"2019";"USTEC_ICM_UTC2";"Buy";"25035.2";"25117.7";"2025.10.23 18:00:00";"2025.10.23 20:46:00";"30.0";"2475.00";"24952.69922";"25117.69922";"139113.80";"0.00";"IST";"PT";"2h 46m";"-0.00"
"2020";"USTEC_ICM_UTC2";"Buy";"25390.3";"25307.8";"2025.10.24 17:15:00";"2025.10.24 17:56:00";"30.0";"-2475.00";"25307.80078";"25472.80078";"136638.80";"0.00";"IST";"SL";"41m 0s";"-0.00"
"2021";"USTEC_ICM_UTC2";"Buy";"25747.7";"25830.2";"2025.10.27 18:00:00";"2025.10.27 21:54:00";"30.0";"2475.00";"25665.19922";"25830.19922";"139113.80";"0.00";"IST";"PT";"3h 54m";"-0.00"
"2022";"USTEC_ICM_UTC2";"Buy";"25893.3";"25975.8";"2025.10.28 17:00:00";"2025.10.28 18:30:00";"30.0";"2475.00";"25810.80078";"25975.80078";"141588.80";"0.00";"IST";"PT";"1h 30m";"-0.00"
"2023";"USTEC_ICM_UTC2";"Buy";"26156.4";"26073.9";"2025.10.29 16:30:00";"2025.10.29 18:04:00";"30.0";"-2475.00";"26073.90039";"26238.90039";"139113.80";"0.00";"IST";"SL";"1h 34m";"-0.00"
"2024";"USTEC_ICM_UTC2";"Buy";"25876.3";"25793.8";"2025.10.30 17:00:00";"2025.10.30 21:17:00";"30.0";"-2475.00";"25793.80078";"25958.80078";"136638.80";"0.00";"IST";"SL";"4h 17m";"-0.00"
"2025";"USTEC_ICM_UTC2";"Buy";"25813.2";"25895.7";"2025.10.31 19:00:00";"2025.10.31 21:08:00";"30.0";"2475.00";"25730.69922";"25895.69922";"139113.80";"0.00";"IST";"PT";"2h 8m";"-0.00"
"2026";"USTEC_ICM_UTC2";"Buy";"25950.2";"26032.7";"2025.11.03 18:15:00";"2025.11.03 23:05:00";"30.0";"2475.00";"25867.69922";"26032.69922";"141588.80";"0.00";"IST";"PT";"4h 50m";"-0.00"
"2027";"USTEC_ICM_UTC2";"Buy";"25613.2";"25695.7";"2025.11.04 16:30:00";"2025.11.04 16:52:00";"30.0";"2475.00";"25530.69922";"25695.69922";"144063.80";"0.00";"IST";"PT";"22m 0s";"-0.00"
"2028";"USTEC_ICM_UTC2";"Buy";"25556.6";"25639.1";"2025.11.05 18:15:00";"2025.11.05 18:44:00";"30.0";"2475.00";"25474.09961";"25639.09961";"146538.80";"0.00";"IST";"PT";"29m 0s";"-0.00"
"2029";"USTEC_ICM_UTC2";"Buy";"25220.5";"25138.0";"2025.11.06 18:15:00";"2025.11.06 18:35:00";"30.0";"-2475.00";"25138.00000";"25303.00000";"144063.80";"0.00";"IST";"SL";"20m 0s";"-0.00"
"2030";"USTEC_ICM_UTC2";"Buy";"24865.8";"24783.3";"2025.11.07 16:45:00";"2025.11.07 17:06:00";"30.0";"-2475.00";"24783.30078";"24948.30078";"141588.80";"0.00";"IST";"SL";"21m 0s";"-0.00"
"2031";"USTEC_ICM_UTC2";"Buy";"25451.0";"25533.5";"2025.11.10 19:30:00";"2025.11.10 19:55:00";"30.0";"2475.00";"25368.50000";"25533.50000";"144063.80";"0.00";"IST";"PT";"25m 0s";"-0.00"
"2032";"USTEC_ICM_UTC2";"Buy";"25409.2";"25491.7";"2025.11.11 18:30:00";"2025.11.11 19:49:00";"30.0";"2475.00";"25326.69922";"25491.69922";"146538.80";"0.00";"IST";"PT";"1h 19m";"-0.00"
"2033";"USTEC_ICM_UTC2";"Buy";"25455.1";"25537.6";"2025.11.12 18:00:00";"2025.11.12 22:50:00";"30.0";"2475.00";"25372.59961";"25537.59961";"149013.80";"0.00";"IST";"PT";"4h 50m";"-0.00"
"2034";"USTEC_ICM_UTC2";"Buy";"25284.7";"25367.2";"2025.11.13 17:00:00";"2025.11.13 17:14:00";"30.0";"2475.00";"25202.19922";"25367.19922";"151488.80";"0.00";"IST";"PT";"14m 0s";"-0.00"
"2035";"USTEC_ICM_UTC2";"Buy";"24629.5";"24547.0";"2025.11.14 16:30:00";"2025.11.14 16:33:00";"30.0";"-2475.00";"24547.00000";"24712.00000";"149013.80";"0.00";"IST";"SL";"3m 0s";"-0.00"
"2036";"USTEC_ICM_UTC2";"Buy";"24994.9";"24912.4";"2025.11.17 18:00:00";"2025.11.17 18:08:00";"30.0";"-2475.00";"24912.40039";"25077.40039";"146538.80";"0.00";"IST";"SL";"8m 0s";"-0.00"
"2037";"USTEC_ICM_UTC2";"Buy";"24375.1";"24457.6";"2025.11.18 18:00:00";"2025.11.18 18:11:00";"30.0";"2475.00";"24292.59961";"24457.59961";"149013.80";"0.00";"IST";"PT";"11m 0s";"-0.00"
"2038";"USTEC_ICM_UTC2";"Buy";"24533.1";"24450.6";"2025.11.19 19:15:00";"2025.11.19 19:37:00";"30.0";"-2475.00";"24450.59961";"24615.59961";"146538.80";"0.00";"IST";"SL";"22m 0s";"-0.00"
"2039";"USTEC_ICM_UTC2";"Buy";"24927.6";"24845.1";"2025.11.20 18:15:00";"2025.11.20 18:19:00";"30.0";"-2475.00";"24845.09961";"25010.09961";"144063.80";"0.00";"IST";"SL";"4m 0s";"-0.00"
"2040";"USTEC_ICM_UTC2";"Buy";"24130.4";"24047.9";"2025.11.21 16:30:00";"2025.11.21 16:46:00";"30.0";"-2475.00";"24047.90039";"24212.90039";"141588.80";"0.00";"IST";"SL";"16m 0s";"-0.00"
"2041";"USTEC_ICM_UTC2";"Buy";"24793.2";"24875.7";"2025.11.24 18:30:00";"2025.11.24 20:13:00";"30.0";"2475.00";"24710.69922";"24875.69922";"144063.80";"0.00";"IST";"PT";"1h 43m";"-0.00"
"2042";"USTEC_ICM_UTC2";"Buy";"24749.5";"24667.0";"2025.11.25 17:00:00";"2025.11.25 17:02:00";"30.0";"-2475.00";"24667.00000";"24832.00000";"141588.80";"0.00";"IST";"SL";"2m 0s";"-0.00"
"2043";"USTEC_ICM_UTC2";"Buy";"25229.8";"25312.3";"2025.11.26 18:15:00";"2025.11.28 15:31:00";"30.0";"2108.76";"25147.30078";"25312.30078";"143697.55";"0.00";"IST";"PT";"1d 21h 16m";"-366.24"
"2044";"USTEC_ICM_UTC2";"Buy";"25355.0";"25437.5";"2025.11.28 18:00:00";"2025.11.28 20:02:00";"30.0";"2475.00";"25272.50000";"25437.50000";"146172.55";"0.00";"IST";"PT";"2h 2m";"-0.00"
"2045";"USTEC_ICM_UTC2";"Buy";"25204.7";"25287.2";"2025.12.01 16:30:00";"2025.12.01 16:54:00";"30.0";"2475.00";"25122.19922";"25287.19922";"148647.55";"0.00";"IST";"PT";"24m 0s";"-0.00"
"2046";"USTEC_ICM_UTC2";"Buy";"25600.2";"25517.7";"2025.12.02 18:00:00";"2025.12.02 18:12:00";"30.0";"-2475.00";"25517.69922";"25682.69922";"146172.55";"0.00";"IST";"SL";"12m 0s";"-0.00"
"2047";"USTEC_ICM_UTC2";"Buy";"25482.3";"25564.8";"2025.12.03 17:30:00";"2025.12.03 18:34:00";"30.0";"2475.00";"25399.80078";"25564.80078";"148647.55";"0.00";"IST";"PT";"1h 4m";"-0.00"
"2048";"USTEC_ICM_UTC2";"Buy";"25547.3";"25464.8";"2025.12.04 17:30:00";"2025.12.04 18:06:00";"30.0";"-2475.00";"25464.80078";"25629.80078";"146172.55";"0.00";"IST";"SL";"36m 0s";"-0.00"
"2049";"USTEC_ICM_UTC2";"Buy";"25704.2";"25621.7";"2025.12.05 18:00:00";"2025.12.05 18:31:00";"30.0";"-2475.00";"25621.69922";"25786.69922";"143697.55";"0.00";"IST";"SL";"31m 0s";"-0.00"
"2050";"USTEC_ICM_UTC2";"Buy";"25603.2";"25685.7";"2025.12.08 18:15:00";"2025.12.09 01:03:00";"30.0";"2291.88";"25520.69922";"25685.69922";"145989.44";"0.00";"IST";"PT";"6h 48m";"-183.12"
"2051";"USTEC_ICM_UTC2";"Buy";"25603.0";"25685.5";"2025.12.09 17:15:00";"2025.12.09 19:03:00";"30.0";"2475.00";"25520.50000";"25685.50000";"148464.44";"0.00";"IST";"PT";"1h 48m";"-0.00"
"2052";"USTEC_ICM_UTC2";"Buy";"25615.1";"25532.6";"2025.12.10 16:30:00";"2025.12.10 17:55:00";"30.0";"-2475.00";"25532.59961";"25697.59961";"145989.44";"0.00";"IST";"SL";"1h 25m";"-0.00"
"2053";"USTEC_ICM_UTC2";"Buy";"25488.8";"25571.3";"2025.12.11 18:15:00";"2025.12.11 19:20:00";"30.0";"2475.00";"25406.30078";"25571.30078";"148464.44";"0.00";"IST";"PT";"1h 5m";"-0.00"
"2054";"USTEC_ICM_UTC2";"Buy";"25227.0";"25144.5";"2025.12.12 18:00:00";"2025.12.12 18:11:00";"30.0";"-2475.00";"25144.50000";"25309.50000";"145989.44";"0.00";"IST";"SL";"11m 0s";"-0.00"
"2055";"USTEC_ICM_UTC2";"Buy";"25119.4";"25036.9";"2025.12.15 18:45:00";"2025.12.16 01:49:00";"30.0";"-2658.12";"25036.90039";"25201.90039";"143331.31";"0.00";"IST";"SL";"7h 4m";"-183.12"
"2056";"USTEC_ICM_UTC2";"Buy";"25059.3";"24976.8";"2025.12.16 17:15:00";"2025.12.16 17:22:00";"30.0";"-2475.00";"24976.80078";"25141.80078";"140856.31";"0.00";"IST";"SL";"7m 0s";"-0.00"
"2057";"USTEC_ICM_UTC2";"Buy";"24786.7";"24704.2";"2025.12.17 18:15:00";"2025.12.17 20:51:00";"30.0";"-2475.00";"24704.19922";"24869.19922";"138381.31";"0.00";"IST";"SL";"2h 36m";"-0.00"
"2058";"USTEC_ICM_UTC2";"Buy";"25119.9";"25037.4";"2025.12.18 18:00:00";"2025.12.18 19:08:00";"30.0";"-2475.00";"25037.40039";"25202.40039";"135906.31";"0.00";"IST";"SL";"1h 8m";"-0.00"
"2059";"USTEC_ICM_UTC2";"Buy";"25245.9";"25328.4";"2025.12.19 18:00:00";"2025.12.19 19:17:00";"30.0";"2475.00";"25163.40039";"25328.40039";"138381.31";"0.00";"IST";"PT";"1h 17m";"-0.00"
"2060";"USTEC_ICM_UTC2";"Buy";"25478.5";"25396.0";"2025.12.22 18:30:00";"2025.12.23 15:39:00";"30.0";"-2658.12";"25396.00000";"25561.00000";"135723.19";"0.00";"IST";"SL";"21h 9m";"-183.12"
"2061";"USTEC_ICM_UTC2";"Buy";"25420.1";"25502.6";"2025.12.23 17:15:00";"2025.12.23 17:56:00";"30.0";"2475.00";"25337.59961";"25502.59961";"138198.19";"0.00";"IST";"PT";"41m 0s";"-0.00"
"2062";"USTEC_ICM_UTC2";"Buy";"25629.3";"25711.8";"2025.12.24 18:30:00";"2025.12.26 16:45:00";"30.0";"2108.76";"25546.80078";"25711.80078";"140306.95";"0.00";"IST";"PT";"1d 22h 15m";"-366.24"
"2063";"USTEC_ICM_UTC2";"Buy";"25624.1";"25641.9";"2025.12.26 17:15:00";"2025.12.26 22:55:00";"30.0";"534.03";"25541.59961";"25706.59961";"140840.98";"0.00";"IST";"End Of Friday (Time)";"5h 40m";"-0.00"
"2064";"USTEC_ICM_UTC2";"Buy";"25492.6";"25575.1";"2025.12.29 16:30:00";"2025.12.29 16:36:00";"30.0";"2475.00";"25410.09961";"25575.09961";"143315.98";"0.00";"IST";"PT";"6m 0s";"-0.00"
"2065";"USTEC_ICM_UTC2";"Buy";"25533.4";"25450.9";"2025.12.30 18:00:00";"2025.12.31 01:37:00";"30.0";"-2658.12";"25450.90039";"25615.90039";"140657.86";"0.00";"IST";"SL";"7h 37m";"-183.12"
"2066";"USTEC_ICM_UTC2";"Buy";"25351.5";"25269.0";"2025.12.31 18:00:00";"2025.12.31 22:29:00";"30.0";"-2475.00";"25269.00000";"25434.00000";"138182.86";"0.00";"IST";"SL";"4h 29m";"-0.00"
"2067";"USTEC_ICM_UTC2";"Buy";"25184.9";"25102.4";"2026.01.02 18:00:00";"2026.01.02 20:49:00";"30.0";"-2475.00";"25102.40039";"25267.40039";"135707.86";"0.00";"IST";"SL";"2h 49m";"-0.00"
"2068";"USTEC_ICM_UTC2";"Buy";"25479.6";"25397.1";"2026.01.05 18:00:00";"2026.01.05 20:16:00";"30.0";"-2475.00";"25397.09961";"25562.09961";"133232.86";"0.00";"IST";"SL";"2h 16m";"-0.00"
"2069";"USTEC_ICM_UTC2";"Buy";"25489.4";"25571.9";"2026.01.06 18:15:00";"2026.01.06 19:34:00";"30.0";"2475.00";"25406.90039";"25571.90039";"135707.86";"0.00";"IST";"PT";"1h 19m";"-0.00"
"2070";"USTEC_ICM_UTC2";"Buy";"25728.2";"25810.7";"2026.01.07 18:00:00";"2026.01.07 19:44:00";"30.0";"2475.00";"25645.69922";"25810.69922";"138182.86";"0.00";"IST";"PT";"1h 44m";"-0.00"
"2071";"USTEC_ICM_UTC2";"Buy";"25609.5";"25527.0";"2026.01.08 16:30:00";"2026.01.08 16:34:00";"30.0";"-2475.00";"25527.00000";"25692.00000";"135707.86";"0.00";"IST";"SL";"4m 0s";"-0.00"
"2072";"USTEC_ICM_UTC2";"Buy";"25610.8";"25693.3";"2026.01.09 17:45:00";"2026.01.09 18:08:00";"30.0";"2475.00";"25528.30078";"25693.30078";"138182.86";"0.00";"IST";"PT";"23m 0s";"-0.00"
"2073";"USTEC_ICM_UTC2";"Buy";"25750.2";"25832.7";"2026.01.12 18:00:00";"2026.01.12 21:27:00";"30.0";"2475.00";"25667.69922";"25832.69922";"140657.86";"0.00";"IST";"PT";"3h 27m";"-0.00"
"2074";"USTEC_ICM_UTC2";"Buy";"25781.5";"25699.0";"2026.01.13 17:00:00";"2026.01.13 17:19:00";"30.0";"-2475.00";"25699.00000";"25864.00000";"138182.86";"0.00";"IST";"SL";"19m 0s";"-0.00"
"2075";"USTEC_ICM_UTC2";"Buy";"25423.0";"25505.5";"2026.01.14 17:00:00";"2026.01.14 17:14:00";"30.0";"2475.00";"25340.50000";"25505.50000";"140657.86";"0.00";"IST";"PT";"14m 0s";"-0.00"
"2076";"USTEC_ICM_UTC2";"Buy";"25730.9";"25648.4";"2026.01.15 18:15:00";"2026.01.15 21:26:00";"30.0";"-2475.00";"25648.40039";"25813.40039";"138182.86";"0.00";"IST";"SL";"3h 11m";"-0.00"
"2077";"USTEC_ICM_UTC2";"Buy";"25538.6";"25552.0";"2026.01.16 18:15:00";"2026.01.16 22:55:00";"30.0";"402.00";"25456.09961";"25621.09961";"138584.86";"0.00";"IST";"End Of Friday (Time)";"4h 40m";"-0.00"
"2078";"USTEC_ICM_UTC2";"Buy";"25160.8";"25243.3";"2026.01.19 17:00:00";"2026.01.19 19:21:00";"30.0";"2475.00";"25078.30078";"25243.30078";"141059.86";"0.00";"IST";"PT";"2h 21m";"-0.00"
"2079";"USTEC_ICM_UTC2";"Buy";"25093.2";"25175.7";"2026.01.20 16:30:00";"2026.01.20 16:34:00";"30.0";"2475.00";"25010.69922";"25175.69922";"143534.86";"0.00";"IST";"PT";"4m 0s";"-0.00"
"2080";"USTEC_ICM_UTC2";"Buy";"25183.4";"25265.9";"2026.01.21 17:00:00";"2026.01.21 17:33:00";"30.0";"2475.00";"25100.90039";"25265.90039";"146009.86";"0.00";"IST";"PT";"33m 0s";"-0.00"
"2081";"USTEC_ICM_UTC2";"Buy";"25538.9";"25456.4";"2026.01.22 18:45:00";"2026.01.22 22:31:00";"30.0";"-2475.00";"25456.40039";"25621.40039";"143534.86";"0.00";"IST";"SL";"3h 46m";"-0.00"
"2082";"USTEC_ICM_UTC2";"Buy";"25536.7";"25619.2";"2026.01.23 17:00:00";"2026.01.23 17:22:00";"30.0";"2475.00";"25454.19922";"25619.19922";"146009.86";"0.00";"IST";"PT";"22m 0s";"-0.00"
"2083";"USTEC_ICM_UTC2";"Buy";"25764.6";"25847.1";"2026.01.26 18:45:00";"2026.01.27 05:03:00";"30.0";"2291.88";"25682.09961";"25847.09961";"148301.75";"0.00";"IST";"PT";"10h 18m";"-183.12"
"2084";"USTEC_ICM_UTC2";"Buy";"25966.4";"26048.9";"2026.01.27 18:15:00";"2026.01.28 02:31:00";"30.0";"2291.88";"25883.90039";"26048.90039";"150593.63";"0.00";"IST";"PT";"8h 16m";"-183.12"
"2085";"USTEC_ICM_UTC2";"Buy";"26124.5";"26042.0";"2026.01.28 16:30:00";"2026.01.28 17:47:00";"30.0";"-2475.00";"26042.00000";"26207.00000";"148118.63";"0.00";"IST";"SL";"1h 17m";"-0.00"
"2086";"USTEC_ICM_UTC2";"Buy";"25453.3";"25535.8";"2026.01.29 18:00:00";"2026.01.29 18:14:00";"30.0";"2475.00";"25370.80078";"25535.80078";"150593.63";"0.00";"IST";"PT";"14m 0s";"-0.00"
"2087";"USTEC_ICM_UTC2";"Buy";"25710.9";"25793.4";"2026.01.30 17:00:00";"2026.01.30 17:11:00";"30.0";"2475.00";"25628.40039";"25793.40039";"153068.63";"0.00";"IST";"PT";"11m 0s";"-0.00"
"2088";"USTEC_ICM_UTC2";"Buy";"25445.8";"25363.3";"2026.02.03 18:15:00";"2026.02.03 18:51:00";"30.0";"-2475.00";"25363.30078";"25528.30078";"150593.63";"0.00";"IST";"SL";"36m 0s";"-0.00"
"2089";"USTEC_ICM_UTC2";"Buy";"25047.5";"24965.0";"2026.02.04 18:00:00";"2026.02.04 18:05:00";"30.0";"-2475.00";"24965.00000";"25130.00000";"148118.63";"0.00";"IST";"SL";"5m 0s";"-0.00"
"2090";"USTEC_ICM_UTC2";"Buy";"24672.1";"24589.6";"2026.02.05 16:30:00";"2026.02.05 16:31:00";"30.0";"-2475.00";"24589.59961";"24754.59961";"145643.63";"0.00";"IST";"SL";"1m 0s";"-0.00"
"2091";"USTEC_ICM_UTC2";"Buy";"24916.5";"24999.0";"2026.02.06 18:30:00";"2026.02.06 19:32:00";"30.0";"2475.00";"24834.00000";"24999.00000";"148118.63";"0.00";"IST";"PT";"1h 2m";"-0.00"
"2092";"USTEC_ICM_UTC2";"Buy";"25246.1";"25328.6";"2026.02.09 18:15:00";"2026.02.09 19:13:00";"30.0";"2475.00";"25163.59961";"25328.59961";"150593.63";"0.00";"IST";"PT";"58m 0s";"-0.00"
"2093";"USTEC_ICM_UTC2";"Buy";"25292.2";"25209.7";"2026.02.10 18:15:00";"2026.02.10 20:27:00";"30.0";"-2475.00";"25209.69922";"25374.69922";"148118.63";"0.00";"IST";"SL";"2h 12m";"-0.00"
"2094";"USTEC_ICM_UTC2";"Buy";"25222.0";"25139.5";"2026.02.11 17:00:00";"2026.02.11 17:10:00";"30.0";"-2475.00";"25139.50000";"25304.50000";"145643.63";"0.00";"IST";"SL";"10m 0s";"-0.00"
"2095";"USTEC_ICM_UTC2";"Buy";"24862.2";"24779.7";"2026.02.12 18:15:00";"2026.02.12 18:25:00";"30.0";"-2475.00";"24779.69922";"24944.69922";"143168.63";"0.00";"IST";"SL";"10m 0s";"-0.00"
"2096";"USTEC_ICM_UTC2";"Buy";"24670.8";"24588.3";"2026.02.13 16:30:00";"2026.02.13 16:40:00";"30.0";"-2475.00";"24588.30078";"24753.30078";"140693.63";"0.00";"IST";"SL";"10m 0s";"-0.00"
"2097";"USTEC_ICM_UTC2";"Buy";"24589.3";"24671.8";"2026.02.17 16:30:00";"2026.02.17 16:34:00";"30.0";"2475.00";"24506.80078";"24671.80078";"143168.63";"0.00";"IST";"PT";"4m 0s";"-0.00"
"2098";"USTEC_ICM_UTC2";"Buy";"25031.7";"24949.2";"2026.02.18 18:15:00";"2026.02.18 20:43:00";"30.0";"-2475.00";"24949.19922";"25114.19922";"140693.63";"0.00";"IST";"SL";"2h 28m";"-0.00"
"2099";"USTEC_ICM_UTC2";"Buy";"24780.4";"24862.9";"2026.02.19 16:45:00";"2026.02.19 17:03:00";"30.0";"2475.00";"24697.90039";"24862.90039";"143168.63";"0.00";"IST";"PT";"18m 0s";"-0.00"
"2100";"USTEC_ICM_UTC2";"Buy";"24836.5";"24919.0";"2026.02.20 17:00:00";"2026.02.20 17:01:00";"30.0";"2475.00";"24754.00000";"24919.00000";"145643.63";"0.00";"IST";"PT";"1m 0s";"-0.00"
"2101";"USTEC_ICM_UTC2";"Buy";"24629.4";"24711.9";"2026.02.23 18:15:00";"2026.02.23 18:28:00";"30.0";"2475.00";"24546.90039";"24711.90039";"148118.63";"0.00";"IST";"PT";"13m 0s";"-0.00"
"2102";"USTEC_ICM_UTC2";"Buy";"24922.1";"25004.6";"2026.02.24 18:00:00";"2026.02.24 19:10:00";"30.0";"2475.00";"24839.59961";"25004.59961";"150593.63";"0.00";"IST";"PT";"1h 10m";"-0.00"
"2103";"USTEC_ICM_UTC2";"Buy";"25248.3";"25330.8";"2026.02.25 18:15:00";"2026.02.25 22:41:00";"30.0";"2475.00";"25165.80078";"25330.80078";"153068.63";"0.00";"IST";"PT";"4h 26m";"-0.00"
"2104";"USTEC_ICM_UTC2";"Buy";"24958.1";"25040.6";"2026.02.26 18:00:00";"2026.02.26 18:26:00";"30.0";"2475.00";"24875.59961";"25040.59961";"155543.63";"0.00";"IST";"PT";"26m 0s";"-0.00"
"2105";"USTEC_ICM_UTC2";"Buy";"24772.1";"24854.6";"2026.02.27 16:30:00";"2026.02.27 16:33:00";"30.0";"2475.00";"24689.59961";"24854.59961";"158018.63";"0.00";"IST";"PT";"3m 0s";"-0.00"
"2106";"USTEC_ICM_UTC2";"Buy";"24790.1";"24872.6";"2026.03.02 16:45:00";"2026.03.02 17:07:00";"30.0";"2475.00";"24707.59961";"24872.59961";"160493.63";"0.00";"IST";"PT";"22m 0s";"-0.00"
"2107";"USTEC_ICM_UTC2";"Buy";"24489.9";"24572.4";"2026.03.03 16:30:00";"2026.03.03 16:30:00";"30.0";"2475.00";"24407.40039";"24572.40039";"162968.63";"0.00";"IST";"PT";"0s";"-0.00"
"2108";"USTEC_ICM_UTC2";"Buy";"25091.7";"25174.2";"2026.03.04 18:00:00";"2026.03.04 20:43:00";"30.0";"2475.00";"25009.19922";"25174.19922";"165443.63";"0.00";"IST";"PT";"2h 43m";"-0.00"
"2109";"USTEC_ICM_UTC2";"Buy";"25152.1";"25069.6";"2026.03.05 17:00:00";"2026.03.05 17:20:00";"30.0";"-2475.00";"25069.59961";"25234.59961";"162968.63";"0.00";"IST";"SL";"20m 0s";"-0.00"
"2110";"USTEC_ICM_UTC2";"Buy";"24663.4";"24745.9";"2026.03.06 17:00:00";"2026.03.06 17:13:00";"30.0";"2475.00";"24580.90039";"24745.90039";"165443.63";"0.00";"IST";"PT";"13m 0s";"-0.00"
"2111";"USTEC_ICM_UTC2";"Buy";"24522.6";"24605.1";"2026.03.09 17:00:00";"2026.03.09 17:25:00";"30.0";"2475.00";"24440.09961";"24605.09961";"167918.63";"0.00";"IST";"PT";"25m 0s";"-0.00"
"2112";"USTEC_ICM_UTC2";"Buy";"25115.8";"25033.3";"2026.03.10 17:30:00";"2026.03.10 20:14:00";"30.0";"-2475.00";"25033.30078";"25198.30078";"165443.63";"0.00";"IST";"SL";"2h 44m";"-0.00"
"2113";"USTEC_ICM_UTC2";"Buy";"25004.3";"24921.8";"2026.03.11 16:30:00";"2026.03.11 17:29:00";"30.0";"-2475.00";"24921.80078";"25086.80078";"162968.63";"0.00";"IST";"SL";"59m 0s";"-0.00"
"2114";"USTEC_ICM_UTC2";"Buy";"24571.1";"24653.6";"2026.03.12 17:15:00";"2026.03.12 17:39:00";"30.0";"2475.00";"24488.59961";"24653.59961";"165443.63";"0.00";"IST";"PT";"24m 0s";"-0.00"
"2115";"USTEC_ICM_UTC2";"Buy";"24474.6";"24392.1";"2026.03.13 17:00:00";"2026.03.13 17:43:00";"30.0";"-2475.00";"24392.09961";"24557.09961";"162968.63";"0.00";"IST";"SL";"43m 0s";"-0.00"
"2116";"USTEC_ICM_UTC2";"Buy";"24701.8";"24619.3";"2026.03.16 17:45:00";"2026.03.16 18:22:00";"30.0";"-2475.00";"24619.30078";"24784.30078";"160493.63";"0.00";"IST";"SL";"37m 0s";"-0.00"
"2117";"USTEC_ICM_UTC2";"Buy";"24854.9";"24772.4";"2026.03.17 16:45:00";"2026.03.17 17:33:00";"30.0";"-2475.00";"24772.40039";"24937.40039";"158018.63";"0.00";"IST";"SL";"48m 0s";"-0.00"
"2118";"USTEC_ICM_UTC2";"Buy";"24596.8";"24679.3";"2026.03.18 16:30:00";"2026.03.18 17:00:00";"30.0";"2475.00";"24514.30078";"24679.30078";"160493.63";"0.00";"IST";"PT";"30m 0s";"-0.00"
"2119";"USTEC_ICM_UTC2";"Buy";"24208.9";"24291.4";"2026.03.19 16:30:00";"2026.03.19 16:34:00";"30.0";"2475.00";"24126.40039";"24291.40039";"162968.63";"0.00";"IST";"PT";"4m 0s";"-0.00"
"2120";"USTEC_ICM_UTC2";"Buy";"24057.9";"24140.4";"2026.03.20 16:30:00";"2026.03.20 18:04:00";"30.0";"2475.00";"23975.40039";"24140.40039";"165443.63";"0.00";"IST";"PT";"1h 34m";"-0.00"
"2121";"USTEC_ICM_UTC2";"Buy";"24413.7";"24331.2";"2026.03.23 16:30:00";"2026.03.23 17:37:00";"30.0";"-2475.00";"24331.19922";"24496.19922";"162968.63";"0.00";"IST";"SL";"1h 7m";"-0.00"
"2122";"USTEC_ICM_UTC2";"Buy";"24025.5";"24108.0";"2026.03.24 17:00:00";"2026.03.24 17:15:00";"30.0";"2475.00";"23943.00000";"24108.00000";"165443.63";"0.00";"IST";"PT";"15m 0s";"-0.00"
"2123";"USTEC_ICM_UTC2";"Buy";"24273.2";"24190.7";"2026.03.25 17:00:00";"2026.03.25 17:12:00";"30.0";"-2475.00";"24190.69922";"24355.69922";"162968.63";"0.00";"IST";"SL";"12m 0s";"-0.00"
"2124";"USTEC_ICM_UTC2";"Buy";"23881.4";"23798.9";"2026.03.26 17:30:00";"2026.03.26 18:30:00";"30.0";"-2475.00";"23798.90039";"23963.90039";"160493.63";"0.00";"IST";"SL";"1h 0m";"-0.00"
"2125";"USTEC_ICM_UTC2";"Buy";"23287.0";"23369.5";"2026.03.27 16:30:00";"2026.03.27 17:28:00";"30.0";"2475.00";"23204.50000";"23369.50000";"162968.63";"0.00";"IST";"PT";"58m 0s";"-0.00"
"2126";"USTEC_ICM_UTC2";"Buy";"23133.4";"23215.9";"2026.03.30 18:15:00";"2026.03.30 18:36:00";"30.0";"2475.00";"23050.90039";"23215.90039";"165443.63";"0.00";"IST";"PT";"21m 0s";"-0.00"
"2127";"USTEC_ICM_UTC2";"Buy";"23235.9";"23318.4";"2026.03.31 16:45:00";"2026.03.31 16:49:00";"30.0";"2475.00";"23153.40039";"23318.40039";"167918.63";"0.00";"IST";"PT";"4m 0s";"-0.00"
"2128";"USTEC_ICM_UTC2";"Buy";"24075.1";"24157.6";"2026.04.01 18:00:00";"2026.04.01 20:04:00";"30.0";"2475.00";"23992.59961";"24157.59961";"170393.63";"0.00";"IST";"PT";"2h 4m";"-0.00"
"2129";"USTEC_ICM_UTC2";"Buy";"24006.8";"23924.3";"2026.04.02 18:15:00";"2026.04.02 18:51:00";"30.0";"-2475.00";"23924.30078";"24089.30078";"167918.63";"0.00";"IST";"SL";"36m 0s";"-0.00"
"2130";"USTEC_ICM_UTC2";"Buy";"24106.8";"24189.3";"2026.04.06 18:30:00";"2026.04.06 21:24:00";"30.0";"2475.00";"24024.30078";"24189.30078";"170393.63";"0.00";"IST";"PT";"2h 54m";"-0.00"
"2131";"USTEC_ICM_UTC2";"Buy";"24074.5";"23992.0";"2026.04.07 16:30:00";"2026.04.07 16:47:00";"30.0";"-2475.00";"23992.00000";"24157.00000";"167918.63";"0.00";"IST";"SL";"17m 0s";"-0.00"
"2132";"USTEC_ICM_UTC2";"Buy";"24906.7";"24824.2";"2026.04.08 19:15:00";"2026.04.08 21:50:00";"30.0";"-2475.00";"24824.19922";"24989.19922";"165443.63";"0.00";"IST";"SL";"2h 35m";"-0.00"
"2133";"USTEC_ICM_UTC2";"Buy";"24901.2";"24983.7";"2026.04.09 18:15:00";"2026.04.09 18:47:00";"30.0";"2475.00";"24818.69922";"24983.69922";"167918.63";"0.00";"IST";"PT";"32m 0s";"-0.00"
"2134";"USTEC_ICM_UTC2";"Buy";"25188.6";"25106.1";"2026.04.10 18:00:00";"2026.04.10 18:55:00";"30.0";"-2475.00";"25106.09961";"25271.09961";"165443.63";"0.00";"IST";"SL";"55m 0s";"-0.00"
"2135";"USTEC_ICM_UTC2";"Buy";"25169.0";"25251.5";"2026.04.13 18:15:00";"2026.04.13 19:35:00";"30.0";"2475.00";"25086.50000";"25251.50000";"167918.63";"0.00";"IST";"PT";"1h 20m";"-0.00"
"2136";"USTEC_ICM_UTC2";"Buy";"25644.5";"25727.0";"2026.04.14 18:00:00";"2026.04.14 18:51:00";"30.0";"2475.00";"25562.00000";"25727.00000";"170393.63";"0.00";"IST";"PT";"51m 0s";"-0.00"
"2137";"USTEC_ICM_UTC2";"Buy";"25861.1";"25943.6";"2026.04.15 16:30:00";"2026.04.15 17:17:00";"30.0";"2475.00";"25778.59961";"25943.59961";"172868.63";"0.00";"IST";"PT";"47m 0s";"-0.00"
"2138";"USTEC_ICM_UTC2";"Buy";"26244.6";"26327.1";"2026.04.16 18:00:00";"2026.04.16 18:15:00";"30.0";"2475.00";"26162.09961";"26327.09961";"175343.63";"0.00";"IST";"PT";"15m 0s";"-0.00"
"2139";"USTEC_ICM_UTC2";"Buy";"26616.9";"26699.4";"2026.04.17 17:15:00";"2026.04.17 18:31:00";"30.0";"2475.00";"26534.40039";"26699.40039";"177818.63";"0.00";"IST";"PT";"1h 16m";"-0.00"
"2140";"USTEC_ICM_UTC2";"Buy";"26465.3";"26547.8";"2026.04.20 18:15:00";"2026.04.20 18:29:00";"30.0";"2475.00";"26382.80078";"26547.80078";"180293.63";"0.00";"IST";"PT";"14m 0s";"-0.00"
"2141";"USTEC_ICM_UTC2";"Buy";"26583.6";"26501.1";"2026.04.21 18:00:00";"2026.04.21 20:05:00";"30.0";"-2475.00";"26501.09961";"26666.09961";"177818.63";"0.00";"IST";"SL";"2h 5m";"-0.00"
"2142";"USTEC_ICM_UTC2";"Buy";"26822.1";"26904.6";"2026.04.22 18:00:00";"2026.04.22 22:46:00";"30.0";"2475.00";"26739.59961";"26904.59961";"180293.63";"0.00";"IST";"PT";"4h 46m";"-0.00"
"2143";"USTEC_ICM_UTC2";"Buy";"26843.4";"26925.9";"2026.04.23 17:15:00";"2026.04.23 17:55:00";"30.0";"2475.00";"26760.90039";"26925.90039";"182768.63";"0.00";"IST";"PT";"40m 0s";"-0.00"
"2144";"USTEC_ICM_UTC2";"Buy";"27069.3";"27151.8";"2026.04.24 16:30:00";"2026.04.24 17:57:00";"30.0";"2475.00";"26986.80078";"27151.80078";"185243.63";"0.00";"IST";"PT";"1h 27m";"-0.00"
"2145";"USTEC_ICM_UTC2";"Buy";"27203.1";"27285.6";"2026.04.27 18:15:00";"2026.04.27 20:31:00";"30.0";"2475.00";"27120.59961";"27285.59961";"187718.63";"0.00";"IST";"PT";"2h 16m";"-0.00"
"2146";"USTEC_ICM_UTC2";"Buy";"26969.4";"27051.9";"2026.04.28 16:32:00";"2026.04.28 16:41:00";"30.0";"2475.00";"26886.90039";"27051.90039";"190193.63";"0.00";"IST";"PT";"9m 0s";"-0.00"
"2147";"USTEC_ICM_UTC2";"Buy";"27170.9";"27088.4";"2026.04.29 18:00:00";"2026.04.29 18:15:00";"30.0";"-2475.00";"27088.40039";"27253.40039";"187718.63";"0.00";"IST";"SL";"15m 0s";"-0.00"
"2148";"USTEC_ICM_UTC2";"Buy";"27114.6";"27032.1";"2026.04.30 17:00:00";"2026.04.30 17:17:00";"30.0";"-2475.00";"27032.09961";"27197.09961";"185243.63";"0.00";"IST";"SL";"17m 0s";"-0.00"
