"Ticket";"Symbol";"Type";"Open price";"Close price";"Open time";"Close time";"Size";"Profit/Loss";"Stop Loss price level";"Profit Target price level";"Balance";"Slippage ($)";"Sample type";"Close type";"Time in trade";"Comm/Swap"
"1";"USTEC_ICM_UTC2";"Buy";"4225.4";"4232.6";"2015.01.02 19:15:00";"2015.01.02 22:55:00";"30.0";"216.00";"4142.89990";"4307.89990";"50216.00";"0.00";"IST";"End Of Friday (Time)";"3h 40m";"-0.00"
"2";"USTEC_ICM_UTC2";"Buy";"4171.0";"4088.5";"2015.01.05 18:30:00";"2015.01.06 20:24:00";"30.0";"-2658.12";"4088.50000";"4253.50000";"47557.88";"0.00";"IST";"SL";"1d 1h 54m";"-183.12"
"3";"USTEC_ICM_UTC2";"Buy";"4101.0";"4183.5";"2015.01.06 20:30:00";"2015.01.08 03:34:00";"30.0";"2108.76";"4018.50000";"4183.50000";"49666.64";"0.00";"IST";"PT";"1d 7h 4m";"-366.24"
"4";"USTEC_ICM_UTC2";"Buy";"4232.9";"4216.9";"2015.01.08 18:30:00";"2015.01.09 22:55:00";"30.0";"-663.12";"4150.39990";"4315.39990";"49003.52";"0.00";"IST";"End Of Friday (Time)";"1d 4h 25m";"-183.12"
"5";"USTEC_ICM_UTC2";"Buy";"4182.9";"4100.4";"2015.01.12 18:15:00";"2015.01.15 11:51:00";"30.0";"-3024.36";"4100.39990";"4265.39990";"45979.16";"0.00";"IST";"SL";"2d 17h 36m";"-549.36"
"6";"USTEC_ICM_UTC2";"Buy";"4131.0";"4048.5";"2015.01.15 18:15:00";"2015.01.16 06:15:00";"30.0";"-2658.12";"4048.50000";"4213.50000";"43321.04";"0.00";"IST";"SL";"12h 0m";"-183.12"
"7";"USTEC_ICM_UTC2";"Buy";"4107.9";"4141.0";"2015.01.16 18:15:00";"2015.01.16 22:55:00";"30.0";"993.00";"4025.39990";"4190.39990";"44314.04";"0.00";"IST";"End Of Friday (Time)";"4h 40m";"-0.00"
"8";"USTEC_ICM_UTC2";"Buy";"4144.9";"4227.4";"2015.01.19 18:15:00";"2015.01.22 17:55:00";"30.0";"1925.64";"4062.39990";"4227.39990";"46239.68";"0.00";"IST";"PT";"2d 23h 40m";"-549.36"
"9";"USTEC_ICM_UTC2";"Buy";"4230.9";"4273.9";"2015.01.22 18:15:00";"2015.01.23 22:55:00";"30.0";"1106.88";"4148.39990";"4313.39990";"47346.56";"0.00";"IST";"End Of Friday (Time)";"1d 4h 40m";"-183.12"
"10";"USTEC_ICM_UTC2";"Buy";"4266.7";"4184.2";"2015.01.26 18:30:00";"2015.01.27 16:52:00";"30.0";"-2658.12";"4184.20020";"4349.20020";"44688.44";"0.00";"IST";"SL";"22h 22m";"-183.12"
"11";"USTEC_ICM_UTC2";"Buy";"4174.1";"4149.5";"2015.01.27 18:45:00";"2015.01.30 22:55:00";"30.0";"-1287.36";"4091.60010";"4256.60010";"43401.08";"0.00";"IST";"End Of Friday (Time)";"3d 4h 10m";"-549.36"
"12";"USTEC_ICM_UTC2";"Buy";"4149.3";"4231.8";"2015.02.02 18:15:00";"2015.02.04 18:25:00";"30.0";"2108.76";"4066.80005";"4231.79980";"45509.84";"0.00";"IST";"PT";"2d 0h 10m";"-366.24"
"13";"USTEC_ICM_UTC2";"Buy";"4236.2";"4224.7";"2015.02.04 18:45:00";"2015.02.06 22:55:00";"30.0";"-711.24";"4153.70020";"4318.70020";"44798.60";"0.00";"IST";"End Of Friday (Time)";"2d 4h 10m";"-366.24"
"14";"USTEC_ICM_UTC2";"Buy";"4226.3";"4308.8";"2015.02.09 18:45:00";"2015.02.11 23:39:00";"30.0";"2108.76";"4143.79980";"4308.79980";"46907.36";"0.00";"IST";"PT";"2d 4h 54m";"-366.24"
"15";"USTEC_ICM_UTC2";"Buy";"4325.9";"4380.5";"2015.02.12 18:30:00";"2015.02.13 22:55:00";"30.0";"1454.88";"4243.39990";"4408.39990";"48362.24";"0.00";"IST";"End Of Friday (Time)";"1d 4h 25m";"-183.12"
"16";"USTEC_ICM_UTC2";"Buy";"4386.9";"4437.8";"2015.02.16 18:30:00";"2015.02.20 22:55:00";"30.0";"794.52";"4304.39990";"4469.39990";"49156.76";"0.00";"IST";"End Of Friday (Time)";"4d 4h 25m";"-732.48"
"17";"USTEC_ICM_UTC2";"Buy";"4439.8";"4437.8";"2015.02.23 18:15:00";"2015.02.27 22:55:00";"30.0";"-792.48";"4357.29980";"4522.29980";"48364.28";"0.00";"IST";"End Of Friday (Time)";"4d 4h 40m";"-732.48"
"18";"USTEC_ICM_UTC2";"Buy";"4469.7";"4395.5";"2015.03.02 18:15:00";"2015.03.06 22:55:00";"30.0";"-2958.48";"4387.20020";"4552.20020";"45405.80";"0.00";"IST";"End Of Friday (Time)";"4d 4h 40m";"-732.48"
"19";"USTEC_ICM_UTC2";"Buy";"4398.7";"4316.2";"2015.03.09 18:30:00";"2015.03.11 16:46:00";"30.0";"-2841.24";"4316.20020";"4481.20020";"42564.56";"0.00";"IST";"SL";"1d 22h 16m";"-366.24"
"20";"USTEC_ICM_UTC2";"Buy";"4329.3";"4312.7";"2015.03.11 18:15:00";"2015.03.13 22:55:00";"30.0";"-864.24";"4246.79980";"4411.79980";"41700.32";"0.00";"IST";"End Of Friday (Time)";"2d 4h 40m";"-366.24"
"21";"USTEC_ICM_UTC2";"Buy";"4355.0";"4437.5";"2015.03.16 18:30:00";"2015.03.18 21:15:00";"30.0";"2108.76";"4272.50000";"4437.50000";"43809.08";"0.00";"IST";"PT";"2d 2h 45m";"-366.24"
"22";"USTEC_ICM_UTC2";"Buy";"4431.1";"4454.6";"2015.03.18 21:30:00";"2015.03.20 22:55:00";"30.0";"338.76";"4348.60010";"4513.60010";"44147.84";"0.00";"IST";"End Of Friday (Time)";"2d 1h 25m";"-366.24"
"23";"USTEC_ICM_UTC2";"Buy";"4456.4";"4373.9";"2015.03.23 19:15:00";"2015.03.25 17:40:00";"30.0";"-2841.24";"4373.89990";"4538.89990";"41306.60";"0.00";"IST";"SL";"1d 22h 25m";"-366.24"
"24";"USTEC_ICM_UTC2";"Buy";"4354.9";"4332.9";"2015.03.25 18:45:00";"2015.03.27 22:55:00";"30.0";"-1026.24";"4272.39990";"4437.39990";"40280.36";"0.00";"IST";"End Of Friday (Time)";"2d 4h 10m";"-366.24"
"25";"USTEC_ICM_UTC2";"Buy";"4372.0";"4289.5";"2015.03.30 18:30:00";"2015.04.01 03:56:00";"30.0";"-2841.24";"4289.50000";"4454.50000";"37439.12";"0.00";"IST";"SL";"1d 9h 26m";"-366.24"
"26";"USTEC_ICM_UTC2";"Buy";"4303.0";"4385.5";"2015.04.01 18:30:00";"2015.04.09 00:13:00";"30.0";"1010.04";"4220.50000";"4385.50000";"38449.16";"0.00";"IST";"PT";"7d 5h 43m";"-1464.96"
"27";"USTEC_ICM_UTC2";"Buy";"4379.0";"4419.7";"2015.04.09 19:15:00";"2015.04.10 22:55:00";"30.0";"1037.88";"4296.50000";"4461.50000";"39487.04";"0.00";"IST";"End Of Friday (Time)";"1d 3h 40m";"-183.12"
"28";"USTEC_ICM_UTC2";"Buy";"4425.0";"4342.5";"2015.04.13 20:15:00";"2015.04.17 20:55:00";"30.0";"-3207.48";"4342.50000";"4507.50000";"36279.56";"0.00";"IST";"SL";"4d 0h 40m";"-732.48"
"29";"USTEC_ICM_UTC2";"Buy";"4342.3";"4350.7";"2015.04.17 21:00:00";"2015.04.17 22:55:00";"30.0";"252.00";"4259.79980";"4424.79980";"36531.56";"0.00";"IST";"End Of Friday (Time)";"1h 55m";"-0.00"
"30";"USTEC_ICM_UTC2";"Buy";"4413.3";"4495.8";"2015.04.20 18:15:00";"2015.04.23 22:16:00";"30.0";"1925.64";"4330.79980";"4495.79980";"38457.20";"0.00";"IST";"PT";"3d 4h 1m";"-549.36"
"31";"USTEC_ICM_UTC2";"Buy";"4486.0";"4537.0";"2015.04.23 22:45:00";"2015.04.24 22:55:00";"30.0";"1346.88";"4403.50000";"4568.50000";"39804.08";"0.00";"IST";"End Of Friday (Time)";"1d 0h 10m";"-183.12"
"32";"USTEC_ICM_UTC2";"Buy";"4542.0";"4459.5";"2015.04.27 19:00:00";"2015.04.30 11:07:00";"30.0";"-3024.36";"4459.50000";"4624.50000";"36779.72";"0.00";"IST";"SL";"2d 16h 7m";"-549.36"
"33";"USTEC_ICM_UTC2";"Buy";"4456.0";"4475.5";"2015.04.30 18:45:00";"2015.05.01 22:55:00";"30.0";"401.88";"4373.50000";"4538.50000";"37181.60";"0.00";"IST";"End Of Friday (Time)";"1d 4h 10m";"-183.12"
"34";"USTEC_ICM_UTC2";"Buy";"4499.5";"4417.0";"2015.05.04 19:30:00";"2015.05.05 18:33:00";"30.0";"-2658.12";"4417.00000";"4582.00000";"34523.48";"0.00";"IST";"SL";"23h 3m";"-183.12"
"35";"USTEC_ICM_UTC2";"Buy";"4431.4";"4348.9";"2015.05.05 19:30:00";"2015.05.06 21:42:00";"30.0";"-2658.12";"4348.89990";"4513.89990";"31865.36";"0.00";"IST";"SL";"1d 2h 12m";"-183.12"
"36";"USTEC_ICM_UTC2";"Buy";"4352.7";"4435.2";"2015.05.06 21:45:00";"2015.05.08 15:30:00";"30.0";"2108.76";"4270.20020";"4435.20020";"33974.12";"0.00";"IST";"PT";"1d 17h 45m";"-366.24"
"37";"USTEC_ICM_UTC2";"Buy";"4458.8";"4461.2";"2015.05.08 18:15:00";"2015.05.08 22:55:00";"30.0";"72.00";"4376.29980";"4541.29980";"34046.12";"0.00";"IST";"End Of Friday (Time)";"4h 40m";"-0.00"
"38";"USTEC_ICM_UTC2";"Buy";"4452.3";"4490.9";"2015.05.11 18:30:00";"2015.05.15 22:55:00";"30.0";"425.52";"4369.79980";"4534.79980";"34471.64";"0.00";"IST";"End Of Friday (Time)";"4d 4h 25m";"-732.48"
"39";"USTEC_ICM_UTC2";"Buy";"4498.8";"4530.0";"2015.05.18 18:15:00";"2015.05.22 22:55:00";"30.0";"203.52";"4416.29980";"4581.29980";"34675.16";"0.00";"IST";"End Of Friday (Time)";"4d 4h 40m";"-732.48"
"40";"USTEC_ICM_UTC2";"Buy";"4535.0";"4511.9";"2015.05.25 18:30:00";"2015.05.29 22:55:00";"30.0";"-1425.48";"4452.50000";"4617.50000";"33249.68";"0.00";"IST";"End Of Friday (Time)";"4d 4h 25m";"-732.48"
"41";"USTEC_ICM_UTC2";"Buy";"4513.5";"4477.9";"2015.06.01 18:15:00";"2015.06.05 22:55:00";"30.0";"-1800.48";"4431.00000";"4596.00000";"31449.20";"0.00";"IST";"End Of Friday (Time)";"4d 4h 40m";"-732.48"
"42";"USTEC_ICM_UTC2";"Buy";"4459.0";"4455.0";"2015.06.08 18:15:00";"2015.06.12 22:55:00";"30.0";"-852.48";"4376.50000";"4541.50000";"30596.72";"0.00";"IST";"End Of Friday (Time)";"4d 4h 40m";"-732.48"
"43";"USTEC_ICM_UTC2";"Buy";"4426.0";"4508.5";"2015.06.15 18:15:00";"2015.06.18 16:47:00";"30.0";"1925.64";"4343.50000";"4508.50000";"32522.36";"0.00";"IST";"PT";"2d 22h 32m";"-549.36"
"44";"USTEC_ICM_UTC2";"Buy";"4531.0";"4517.5";"2015.06.18 18:15:00";"2015.06.19 22:55:00";"30.0";"-588.12";"4448.50000";"4613.50000";"31934.24";"0.00";"IST";"End Of Friday (Time)";"1d 4h 40m";"-183.12"
"45";"USTEC_ICM_UTC2";"Buy";"4555.0";"4472.5";"2015.06.22 18:45:00";"2015.06.26 19:56:00";"30.0";"-3207.48";"4472.50000";"4637.50000";"28726.76";"0.00";"IST";"SL";"4d 1h 11m";"-732.48"
"46";"USTEC_ICM_UTC2";"Buy";"4472.0";"4483.9";"2015.06.26 20:00:00";"2015.06.26 22:55:00";"30.0";"357.00";"4389.50000";"4554.50000";"29083.76";"0.00";"IST";"End Of Friday (Time)";"2h 55m";"-0.00"
"47";"USTEC_ICM_UTC2";"Buy";"4429.0";"4346.5";"2015.06.29 18:30:00";"2015.07.07 18:32:00";"30.0";"-3939.96";"4346.50000";"4511.50000";"25143.80";"0.00";"IST";"SL";"8d 0h 2m";"-1464.96"
"48";"USTEC_ICM_UTC2";"Buy";"4368.0";"4427.5";"2015.07.07 19:30:00";"2015.07.10 22:55:00";"30.0";"1235.64";"4285.50000";"4450.50000";"26379.44";"0.00";"IST";"End Of Friday (Time)";"3d 3h 25m";"-549.36"
"49";"USTEC_ICM_UTC2";"Buy";"4484.6";"4567.1";"2015.07.13 18:45:00";"2015.07.16 15:48:00";"30.0";"1925.64";"4402.10010";"4567.10010";"28305.08";"0.00";"IST";"PT";"2d 21h 3m";"-549.36"
"50";"USTEC_ICM_UTC2";"Buy";"4576.5";"4657.9";"2015.07.16 18:30:00";"2015.07.17 22:55:00";"30.0";"2258.88";"4494.00000";"4659.00000";"30563.96";"0.00";"IST";"End Of Friday (Time)";"1d 4h 25m";"-183.12"
"51";"USTEC_ICM_UTC2";"Buy";"4676.9";"4594.4";"2015.07.20 18:15:00";"2015.07.23 22:11:00";"30.0";"-3024.36";"4594.39990";"4759.39990";"27539.60";"0.00";"IST";"SL";"3d 3h 56m";"-549.36"
"52";"USTEC_ICM_UTC2";"Buy";"4594.5";"4562.0";"2015.07.23 22:15:00";"2015.07.24 22:55:00";"30.0";"-1158.12";"4512.00000";"4677.00000";"26381.48";"0.00";"IST";"End Of Friday (Time)";"1d 0h 40m";"-183.12"
"53";"USTEC_ICM_UTC2";"Buy";"4537.0";"4590.5";"2015.07.27 18:15:00";"2015.07.31 22:55:00";"30.0";"872.52";"4454.50000";"4619.50000";"27254.00";"0.00";"IST";"End Of Friday (Time)";"4d 4h 40m";"-732.48"
"54";"USTEC_ICM_UTC2";"Buy";"4599.0";"4516.5";"2015.08.03 18:30:00";"2015.08.06 18:36:00";"30.0";"-3024.36";"4516.50000";"4681.50000";"24229.64";"0.00";"IST";"SL";"3d 0h 6m";"-549.36"
"55";"USTEC_ICM_UTC2";"Buy";"4520.5";"4517.3";"2015.08.06 20:15:00";"2015.08.07 22:55:00";"30.0";"-279.12";"4438.00000";"4603.00000";"23950.52";"0.00";"IST";"End Of Friday (Time)";"1d 2h 40m";"-183.12"
"56";"USTEC_ICM_UTC2";"Buy";"4564.9";"4482.4";"2015.08.10 18:30:00";"2015.08.12 09:18:00";"30.0";"-2841.24";"4482.39990";"4647.39990";"21109.28";"0.00";"IST";"SL";"1d 14h 48m";"-366.24"
"57";"USTEC_ICM_UTC2";"Buy";"4461.0";"4549.0";"2015.08.12 18:45:00";"2015.08.13 09:00:00";"30.0";"2456.94";"4378.50000";"4543.50000";"23566.22";"0.00";"IST";"PT";"14h 15m";"-183.12"
"58";"USTEC_ICM_UTC2";"Buy";"4528.0";"4530.9";"2015.08.13 18:15:00";"2015.08.14 22:55:00";"30.0";"-96.12";"4445.50000";"4610.50000";"23470.10";"0.00";"IST";"End Of Friday (Time)";"1d 4h 40m";"-183.12"
"59";"USTEC_ICM_UTC2";"Buy";"4547.3";"4464.8";"2015.08.17 18:30:00";"2015.08.20 12:29:00";"30.0";"-3024.36";"4464.79980";"4629.79980";"20445.74";"0.00";"IST";"SL";"2d 17h 59m";"-549.36"
"60";"USTEC_ICM_UTC2";"Buy";"4430.8";"4339.0";"2015.08.20 18:30:00";"2015.08.21 09:00:00";"30.0";"-2937.48";"4348.29980";"4513.29980";"17508.26";"0.00";"IST";"SL";"14h 30m";"-183.12"
"61";"USTEC_ICM_UTC2";"Buy";"4285.0";"4210.9";"2015.08.21 19:30:00";"2015.08.21 22:55:00";"30.0";"-2223.00";"4202.50000";"4367.50000";"15285.26";"0.00";"IST";"End Of Friday (Time)";"3h 25m";"-0.00"
"62";"USTEC_ICM_UTC2";"Buy";"4086.0";"4168.5";"2015.08.24 18:15:00";"2015.08.24 18:54:00";"30.0";"2475.00";"4003.50000";"4168.50000";"17760.26";"0.00";"IST";"PT";"39m 0s";"-0.00"
"63";"USTEC_ICM_UTC2";"Buy";"4187.9";"4105.4";"2015.08.25 18:45:00";"2015.08.25 22:29:00";"30.0";"-2475.00";"4105.39990";"4270.39990";"15285.26";"0.00";"IST";"SL";"3h 44m";"-0.00"
"64";"USTEC_ICM_UTC2";"Buy";"4095.9";"4178.4";"2015.08.26 18:15:00";"2015.08.26 22:09:00";"30.0";"2475.00";"4013.39990";"4178.39990";"17760.26";"0.00";"IST";"PT";"3h 54m";"-0.00"
"65";"USTEC_ICM_UTC2";"Buy";"4305.0";"4321.0";"2015.08.27 18:30:00";"2015.08.28 22:55:00";"30.0";"296.88";"4222.50000";"4387.50000";"18057.14";"0.00";"IST";"End Of Friday (Time)";"1d 4h 25m";"-183.12"
"66";"USTEC_ICM_UTC2";"Buy";"4299.0";"4186.0";"2015.08.31 18:15:00";"2015.09.01 09:00:00";"30.0";"-3573.15";"4216.50000";"4381.50000";"14483.99";"0.00";"IST";"SL";"14h 45m";"-183.12"
"67";"USTEC_ICM_UTC2";"Buy";"4218.3";"4135.8";"2015.09.01 18:15:00";"2015.09.01 22:40:00";"30.0";"-2475.00";"4135.79980";"4300.79980";"12008.99";"0.00";"IST";"SL";"4h 25m";"-0.00"
"68";"USTEC_ICM_UTC2";"Buy";"4198.0";"4280.5";"2015.09.02 18:30:00";"2015.09.03 10:29:00";"30.0";"2291.88";"4115.50000";"4280.50000";"14300.87";"0.00";"IST";"PT";"15h 59m";"-183.12"
"69";"USTEC_ICM_UTC2";"Buy";"4285.0";"4195.2";"2015.09.03 18:30:00";"2015.09.04 09:00:00";"30.0";"-2877.27";"4202.50000";"4367.50000";"11423.60";"0.00";"IST";"SL";"14h 30m";"-183.12"
"70";"USTEC_ICM_UTC2";"Buy";"4188.5";"4196.0";"2015.09.04 18:15:00";"2015.09.04 22:55:00";"30.0";"225.00";"4106.00000";"4271.00000";"11648.60";"0.00";"IST";"End Of Friday (Time)";"4h 40m";"-0.00"
"71";"USTEC_ICM_UTC2";"Buy";"4220.1";"4302.6";"2015.09.07 18:30:00";"2015.09.08 22:50:00";"30.0";"2291.88";"4137.60010";"4302.60010";"13940.48";"0.00";"IST";"PT";"1d 4h 20m";"-183.12"
"72";"USTEC_ICM_UTC2";"Buy";"4306.9";"4313.9";"2015.09.09 18:45:00";"2015.09.11 22:55:00";"30.0";"-156.24";"4224.39990";"4389.39990";"13784.24";"0.00";"IST";"End Of Friday (Time)";"2d 4h 10m";"-366.24"
"73";"USTEC_ICM_UTC2";"Buy";"4301.9";"4384.4";"2015.09.14 18:30:00";"2015.09.16 22:38:00";"30.0";"2108.76";"4219.39990";"4384.39990";"15893.00";"0.00";"IST";"PT";"2d 4h 8m";"-366.24"
"74";"USTEC_ICM_UTC2";"Buy";"4385.0";"4325.2";"2015.09.16 22:45:00";"2015.09.18 22:55:00";"30.0";"-2160.24";"4302.50000";"4467.50000";"13732.76";"0.00";"IST";"End Of Friday (Time)";"2d 0h 10m";"-366.24"
"75";"USTEC_ICM_UTC2";"Buy";"4368.0";"4285.5";"2015.09.21 18:15:00";"2015.09.22 11:51:00";"30.0";"-2658.12";"4285.50000";"4450.50000";"11074.64";"0.00";"IST";"SL";"17h 36m";"-183.12"
"76";"USTEC_ICM_UTC2";"Buy";"4242.9";"4225.1";"2015.09.22 18:45:00";"2015.09.25 22:55:00";"30.0";"-1083.36";"4160.39990";"4325.39990";"9991.28";"0.00";"IST";"End Of Friday (Time)";"3d 4h 10m";"-549.36"
"77";"USTEC_ICM_UTC2";"Buy";"4164.3";"4081.8";"2015.09.28 18:15:00";"2015.09.29 09:31:00";"30.0";"-2658.12";"4081.80005";"4246.79980";"7333.16";"0.00";"IST";"SL";"15h 16m";"-183.12"
"78";"USTEC_ICM_UTC2";"Buy";"4127.4";"4219.0";"2015.09.29 18:15:00";"2015.10.01 09:00:00";"30.0";"2380.35";"4044.89990";"4209.89990";"9713.51";"0.00";"IST";"PT";"1d 14h 45m";"-366.24"
"79";"USTEC_ICM_UTC2";"Buy";"4138.0";"4220.5";"2015.10.01 19:15:00";"2015.10.02 10:27:00";"30.0";"2291.88";"4055.50000";"4220.50000";"12005.39";"0.00";"IST";"PT";"15h 12m";"-183.12"
"80";"USTEC_ICM_UTC2";"Buy";"4178.2";"4260.7";"2015.10.02 18:15:00";"2015.10.02 22:31:00";"30.0";"2475.00";"4095.69995";"4260.70020";"14480.39";"0.00";"IST";"PT";"4h 16m";"-0.00"
"81";"USTEC_ICM_UTC2";"Buy";"4300.5";"4366.8";"2015.10.05 18:45:00";"2015.10.09 22:55:00";"30.0";"1256.52";"4218.00000";"4383.00000";"15736.91";"0.00";"IST";"End Of Friday (Time)";"4d 4h 10m";"-732.48"
"82";"USTEC_ICM_UTC2";"Buy";"4382.8";"4434.3";"2015.10.12 18:30:00";"2015.10.16 22:55:00";"30.0";"812.52";"4300.29980";"4465.29980";"16549.43";"0.00";"IST";"End Of Friday (Time)";"4d 4h 25m";"-732.48"
"83";"USTEC_ICM_UTC2";"Buy";"4453.4";"4582.1";"2015.10.19 18:30:00";"2015.10.23 09:00:00";"30.0";"3129.24";"4370.89990";"4535.89990";"19678.67";"0.00";"IST";"PT";"3d 14h 30m";"-732.48"
"84";"USTEC_ICM_UTC2";"Buy";"4611.0";"4627.9";"2015.10.23 18:15:00";"2015.10.23 22:55:00";"30.0";"507.00";"4528.50000";"4693.50000";"20185.67";"0.00";"IST";"End Of Friday (Time)";"4h 40m";"-0.00"
"85";"USTEC_ICM_UTC2";"Buy";"4633.0";"4715.5";"2015.10.26 19:00:00";"2015.11.03 18:59:00";"30.0";"1010.04";"4550.50000";"4715.50000";"21195.71";"0.00";"IST";"PT";"7d 23h 59m";"-1464.96"
"86";"USTEC_ICM_UTC2";"Buy";"4716.4";"4701.5";"2015.11.03 19:00:00";"2015.11.06 22:55:00";"30.0";"-996.36";"4633.89990";"4798.89990";"20199.35";"0.00";"IST";"End Of Friday (Time)";"3d 3h 55m";"-549.36"
"87";"USTEC_ICM_UTC2";"Buy";"4632.3";"4549.8";"2015.11.09 18:30:00";"2015.11.13 17:06:00";"30.0";"-3207.48";"4549.79980";"4714.79980";"16991.87";"0.00";"IST";"SL";"3d 22h 36m";"-732.48"
"88";"USTEC_ICM_UTC2";"Buy";"4539.0";"4506.7";"2015.11.13 18:30:00";"2015.11.13 22:55:00";"30.0";"-969.00";"4456.50000";"4621.50000";"16022.87";"0.00";"IST";"End Of Friday (Time)";"4h 25m";"-0.00"
"89";"USTEC_ICM_UTC2";"Buy";"4493.6";"4576.1";"2015.11.16 18:30:00";"2015.11.17 11:34:00";"30.0";"2291.88";"4411.10010";"4576.10010";"18314.75";"0.00";"IST";"PT";"17h 4m";"-183.12"
"90";"USTEC_ICM_UTC2";"Buy";"4582.0";"4664.5";"2015.11.17 18:15:00";"2015.11.19 09:58:00";"30.0";"2108.76";"4499.50000";"4664.50000";"20423.51";"0.00";"IST";"PT";"1d 15h 43m";"-366.24"
"91";"USTEC_ICM_UTC2";"Buy";"4664.6";"4682.7";"2015.11.19 18:15:00";"2015.11.20 22:55:00";"30.0";"359.88";"4582.10010";"4747.10010";"20783.39";"0.00";"IST";"End Of Friday (Time)";"1d 4h 40m";"-183.12"
"92";"USTEC_ICM_UTC2";"Buy";"4695.2";"4612.7";"2015.11.23 18:30:00";"2015.12.03 20:04:00";"30.0";"-4306.20";"4612.70020";"4777.70020";"16477.19";"0.00";"IST";"SL";"10d 1h 34m";"-1831.20"
"93";"USTEC_ICM_UTC2";"Buy";"4631.5";"4714.0";"2015.12.03 20:30:00";"2015.12.04 21:37:00";"30.0";"2291.88";"4549.00000";"4714.00000";"18769.07";"0.00";"IST";"PT";"1d 1h 7m";"-183.12"
"94";"USTEC_ICM_UTC2";"Buy";"4716.8";"4714.8";"2015.12.04 21:45:00";"2015.12.04 22:55:00";"30.0";"-60.00";"4634.29980";"4799.29980";"18709.07";"0.00";"IST";"End Of Friday (Time)";"1h 10m";"-0.00"
"95";"USTEC_ICM_UTC2";"Buy";"4689.6";"4607.1";"2015.12.07 19:15:00";"2015.12.09 19:37:00";"30.0";"-2841.24";"4607.10010";"4772.10010";"15867.83";"0.00";"IST";"SL";"2d 0h 22m";"-366.24"
"96";"USTEC_ICM_UTC2";"Buy";"4600.9";"4536.0";"2015.12.09 20:45:00";"2015.12.11 22:55:00";"30.0";"-2313.24";"4518.39990";"4683.39990";"13554.59";"0.00";"IST";"End Of Friday (Time)";"2d 2h 10m";"-366.24"
"97";"USTEC_ICM_UTC2";"Buy";"4497.8";"4580.3";"2015.12.14 18:30:00";"2015.12.15 10:11:00";"30.0";"2291.88";"4415.29980";"4580.29980";"15846.47";"0.00";"IST";"PT";"15h 41m";"-183.12"
"98";"USTEC_ICM_UTC2";"Buy";"4619.7";"4537.2";"2015.12.15 18:30:00";"2015.12.18 19:36:00";"30.0";"-3024.36";"4537.20020";"4702.20020";"12822.11";"0.00";"IST";"SL";"3d 1h 6m";"-549.36"
"99";"USTEC_ICM_UTC2";"Buy";"4532.4";"4523.6";"2015.12.18 20:00:00";"2015.12.18 22:55:00";"30.0";"-264.00";"4449.89990";"4614.89990";"12558.11";"0.00";"IST";"End Of Friday (Time)";"2h 55m";"-0.00"
"100";"USTEC_ICM_UTC2";"Buy";"4537.8";"4620.3";"2015.12.21 18:15:00";"2015.12.23 17:01:00";"30.0";"2108.76";"4455.29980";"4620.29980";"14666.87";"0.00";"IST";"PT";"1d 22h 46m";"-366.24"
"101";"USTEC_ICM_UTC2";"Buy";"4615.0";"4697.5";"2015.12.23 19:30:00";"2015.12.29 20:56:00";"30.0";"1376.28";"4532.50000";"4697.50000";"16043.15";"0.00";"IST";"PT";"6d 1h 26m";"-1098.72"
"102";"USTEC_ICM_UTC2";"Buy";"4699.0";"4616.5";"2015.12.29 21:00:00";"2015.12.31 17:26:00";"30.0";"-2841.24";"4616.50000";"4781.50000";"13201.91";"0.00";"IST";"SL";"1d 20h 26m";"-366.24"
"103";"USTEC_ICM_UTC2";"Buy";"4621.1";"4538.6";"2015.12.31 18:30:00";"2016.01.04 09:10:00";"30.0";"-3207.48";"4538.60010";"4703.60010";"9994.43";"0.00";"IST";"SL";"3d 14h 40m";"-732.48"
"104";"USTEC_ICM_UTC2";"Buy";"4453.7";"4371.2";"2016.01.04 18:30:00";"2016.01.07 09:40:00";"30.0";"-3024.36";"4371.20020";"4536.20020";"6970.07";"0.00";"IST";"SL";"2d 15h 10m";"-549.36"
"105";"USTEC_ICM_UTC2";"Buy";"4388.9";"4306.4";"2016.01.07 18:15:00";"2016.01.07 21:34:00";"30.0";"-2475.00";"4306.39990";"4471.39990";"4495.07";"0.00";"IST";"SL";"3h 19m";"-0.00"
"106";"USTEC_ICM_UTC2";"Buy";"4317.9";"4267.8";"2016.01.08 18:15:00";"2016.01.08 22:55:00";"30.0";"-1503.00";"4235.39990";"4400.39990";"2992.07";"0.00";"IST";"End Of Friday (Time)";"4h 40m";"-0.00"
"107";"USTEC_ICM_UTC2";"Buy";"4256.9";"4339.4";"2016.01.11 18:15:00";"2016.01.12 15:15:00";"30.0";"2291.88";"4174.39990";"4339.39990";"5283.95";"0.00";"IST";"PT";"21h 0m";"-183.12"
"108";"USTEC_ICM_UTC2";"Buy";"4309.0";"4226.5";"2016.01.12 18:15:00";"2016.01.13 20:59:00";"30.0";"-2658.12";"4226.50000";"4391.50000";"2625.83";"0.00";"IST";"SL";"1d 2h 44m";"-183.12"
"109";"USTEC_ICM_UTC2";"Buy";"4197.0";"4279.5";"2016.01.13 22:45:00";"2016.01.14 20:36:00";"30.0";"2291.88";"4114.50000";"4279.50000";"4917.71";"0.00";"IST";"PT";"21h 51m";"-183.12"
"110";"USTEC_ICM_UTC2";"Buy";"4268.0";"4185.5";"2016.01.14 20:45:00";"2016.01.15 12:18:00";"30.0";"-2658.12";"4185.50000";"4350.50000";"2259.59";"0.00";"IST";"SL";"15h 33m";"-183.12"
"111";"USTEC_ICM_UTC2";"Buy";"4136.0";"4141.0";"2016.01.15 18:15:00";"2016.01.15 22:55:00";"30.0";"150.00";"4053.50000";"4218.50000";"2409.59";"0.00";"IST";"End Of Friday (Time)";"4h 40m";"-0.00"
"112";"USTEC_ICM_UTC2";"Buy";"4143.0";"4060.5";"2016.01.18 18:15:00";"2016.01.20 10:25:00";"30.0";"-2841.24";"4060.50000";"4225.50000";"-431.65";"0.00";"IST";"SL";"1d 16h 10m";"-366.24"
"113";"USTEC_ICM_UTC2";"Buy";"4036.5";"4119.0";"2016.01.20 18:45:00";"2016.01.20 22:06:00";"30.0";"2475.00";"3954.00000";"4119.00000";"2043.35";"0.00";"IST";"PT";"3h 21m";"-0.00"
"114";"USTEC_ICM_UTC2";"Buy";"4174.9";"4257.4";"2016.01.21 18:15:00";"2016.01.22 21:13:00";"30.0";"2291.88";"4092.39990";"4257.39990";"4335.23";"0.00";"IST";"PT";"1d 2h 58m";"-183.12"
"115";"USTEC_ICM_UTC2";"Buy";"4251.2";"4258.3";"2016.01.22 21:30:00";"2016.01.22 22:55:00";"30.0";"213.00";"4168.70020";"4333.70020";"4548.23";"0.00";"IST";"End Of Friday (Time)";"1h 25m";"-0.00"
"116";"USTEC_ICM_UTC2";"Buy";"4243.0";"4160.5";"2016.01.25 19:00:00";"2016.01.26 09:57:00";"30.0";"-2658.12";"4160.50000";"4325.50000";"1890.11";"0.00";"IST";"SL";"14h 57m";"-183.12"
"117";"USTEC_ICM_UTC2";"Buy";"4227.0";"4144.5";"2016.01.26 18:15:00";"2016.01.27 21:56:00";"30.0";"-2658.12";"4144.50000";"4309.50000";"-768.01";"0.00";"IST";"SL";"1d 3h 41m";"-183.12"
"118";"USTEC_ICM_UTC2";"Buy";"4163.0";"4245.5";"2016.01.28 18:30:00";"2016.01.29 19:20:00";"30.0";"2291.88";"4080.50000";"4245.50000";"1523.87";"0.00";"IST";"PT";"1d 0h 50m";"-183.12"
"119";"USTEC_ICM_UTC2";"Buy";"4247.0";"4272.9";"2016.01.29 19:30:00";"2016.01.29 22:55:00";"30.0";"777.00";"4164.50000";"4329.50000";"2300.87";"0.00";"IST";"End Of Friday (Time)";"3h 25m";"-0.00"
"120";"USTEC_ICM_UTC2";"Buy";"4272.9";"4190.4";"2016.02.01 18:15:00";"2016.02.02 21:27:00";"30.0";"-2658.12";"4190.39990";"4355.39990";"-357.25";"0.00";"IST";"SL";"1d 3h 12m";"-183.12"
"121";"USTEC_ICM_UTC2";"Buy";"4194.0";"4111.5";"2016.02.02 22:30:00";"2016.02.03 17:30:00";"30.0";"-2658.12";"4111.50000";"4276.50000";"-3015.37";"0.00";"IST";"SL";"19h 0m";"-183.12"
"122";"USTEC_ICM_UTC2";"Buy";"4144.1";"4061.6";"2016.02.03 18:30:00";"2016.02.05 18:05:00";"30.0";"-2841.24";"4061.60010";"4226.60010";"-5856.61";"0.00";"IST";"SL";"1d 23h 35m";"-366.24"
"123";"USTEC_ICM_UTC2";"Buy";"4052.9";"4007.7";"2016.02.05 19:30:00";"2016.02.05 22:55:00";"30.0";"-1356.00";"3970.39990";"4135.39990";"-7212.61";"0.00";"IST";"End Of Friday (Time)";"3h 25m";"-0.00"
"124";"USTEC_ICM_UTC2";"Buy";"3907.5";"3990.0";"2016.02.08 18:15:00";"2016.02.09 16:54:00";"30.0";"2291.88";"3825.00000";"3990.00000";"-4920.73";"0.00";"IST";"PT";"22h 39m";"-183.12"
"125";"USTEC_ICM_UTC2";"Buy";"3965.3";"3882.8";"2016.02.09 18:45:00";"2016.02.11 11:14:00";"30.0";"-2841.24";"3882.80005";"4047.80005";"-7761.97";"0.00";"IST";"SL";"1d 16h 29m";"-366.24"
"126";"USTEC_ICM_UTC2";"Buy";"3910.6";"3993.1";"2016.02.11 18:30:00";"2016.02.12 10:13:00";"30.0";"2291.88";"3828.10010";"3993.10010";"-5470.09";"0.00";"IST";"PT";"15h 43m";"-183.12"
"127";"USTEC_ICM_UTC2";"Buy";"4001.1";"4016.7";"2016.02.12 18:15:00";"2016.02.12 22:55:00";"30.0";"468.00";"3918.60010";"4083.60010";"-5002.09";"0.00";"IST";"End Of Friday (Time)";"4h 40m";"-0.00"
"128";"USTEC_ICM_UTC2";"Buy";"4078.1";"4160.6";"2016.02.15 18:30:00";"2016.02.17 17:18:00";"30.0";"2108.76";"3995.60010";"4160.60010";"-2893.33";"0.00";"IST";"PT";"1d 22h 48m";"-366.24"
"129";"USTEC_ICM_UTC2";"Buy";"4172.3";"4165.4";"2016.02.17 18:30:00";"2016.02.19 22:55:00";"30.0";"-573.24";"4089.80005";"4254.79980";"-3466.57";"0.00";"IST";"End Of Friday (Time)";"2d 4h 25m";"-366.24"
"130";"USTEC_ICM_UTC2";"Buy";"4220.2";"4137.7";"2016.02.22 18:45:00";"2016.02.24 11:21:00";"30.0";"-2841.24";"4137.70020";"4302.70020";"-6307.81";"0.00";"IST";"SL";"1d 16h 36m";"-366.24"
"131";"USTEC_ICM_UTC2";"Buy";"4104.1";"4186.6";"2016.02.24 18:15:00";"2016.02.24 22:08:00";"30.0";"2475.00";"4021.60010";"4186.60010";"-3832.81";"0.00";"IST";"PT";"3h 53m";"-0.00"
"132";"USTEC_ICM_UTC2";"Buy";"4187.8";"4270.3";"2016.02.25 18:15:00";"2016.02.26 09:53:00";"30.0";"2291.88";"4105.29980";"4270.29980";"-1540.93";"0.00";"IST";"PT";"15h 38m";"-183.12"
"133";"USTEC_ICM_UTC2";"Buy";"4253.8";"4239.1";"2016.02.26 18:15:00";"2016.02.26 22:55:00";"30.0";"-441.00";"4171.29980";"4336.29980";"-1981.93";"0.00";"IST";"End Of Friday (Time)";"4h 40m";"-0.00"
"134";"USTEC_ICM_UTC2";"Buy";"4250.7";"4355.3";"2016.02.29 18:30:00";"2016.03.02 09:00:00";"30.0";"2772.03";"4168.20020";"4333.20020";"790.10";"0.00";"IST";"PT";"1d 14h 30m";"-366.24"
"135";"USTEC_ICM_UTC2";"Buy";"4316.7";"4326.8";"2016.03.02 18:45:00";"2016.03.04 22:55:00";"30.0";"-63.24";"4234.20020";"4399.20020";"726.86";"0.00";"IST";"End Of Friday (Time)";"2d 4h 10m";"-366.24"
"136";"USTEC_ICM_UTC2";"Buy";"4311.0";"4357.7";"2016.03.07 18:15:00";"2016.03.11 22:55:00";"30.0";"668.52";"4228.50000";"4393.50000";"1395.38";"0.00";"IST";"End Of Friday (Time)";"4d 4h 40m";"-732.48"
"137";"USTEC_ICM_UTC2";"Buy";"4374.3";"4456.8";"2016.03.14 19:00:00";"2016.03.29 21:02:00";"30.0";"-271.80";"4291.79980";"4456.79980";"1123.58";"0.00";"IST";"PT";"15d 2h 2m";"-2746.80"
"138";"USTEC_ICM_UTC2";"Buy";"4468.3";"4526.5";"2016.03.29 21:30:00";"2016.04.01 22:55:00";"30.0";"1196.64";"4385.79980";"4550.79980";"2320.22";"0.00";"IST";"End Of Friday (Time)";"3d 1h 25m";"-549.36"
"139";"USTEC_ICM_UTC2";"Buy";"4521.1";"4469.5";"2016.04.04 19:15:00";"2016.04.08 22:55:00";"30.0";"-2280.48";"4438.60010";"4603.60010";"39.74";"0.00";"IST";"End Of Friday (Time)";"4d 3h 40m";"-732.48"
"140";"USTEC_ICM_UTC2";"Buy";"4492.3";"4542.9";"2016.04.11 19:00:00";"2016.04.15 22:55:00";"30.0";"785.52";"4409.79980";"4574.79980";"825.26";"0.00";"IST";"End Of Friday (Time)";"4d 3h 55m";"-732.48"
"141";"USTEC_ICM_UTC2";"Buy";"4561.6";"4479.1";"2016.04.18 18:15:00";"2016.04.22 16:30:00";"30.0";"-3207.48";"4479.10010";"4644.10010";"-2382.22";"0.00";"IST";"SL";"3d 22h 15m";"-732.48"
"142";"USTEC_ICM_UTC2";"Buy";"4454.2";"4473.7";"2016.04.22 18:45:00";"2016.04.22 22:55:00";"30.0";"585.00";"4371.70020";"4536.70020";"-1797.22";"0.00";"IST";"End Of Friday (Time)";"4h 10m";"-0.00"
"143";"USTEC_ICM_UTC2";"Buy";"4457.9";"4375.4";"2016.04.25 18:15:00";"2016.04.28 22:15:00";"30.0";"-3024.36";"4375.39990";"4540.39990";"-4821.58";"0.00";"IST";"SL";"3d 4h 0m";"-549.36"
"144";"USTEC_ICM_UTC2";"Buy";"4333.7";"4340.2";"2016.04.29 18:15:00";"2016.04.29 22:55:00";"30.0";"195.00";"4251.20020";"4416.20020";"-4626.58";"0.00";"IST";"End Of Friday (Time)";"4h 40m";"-0.00"
"145";"USTEC_ICM_UTC2";"Buy";"4348.1";"4325.8";"2016.05.02 18:30:00";"2016.05.06 22:55:00";"30.0";"-1401.48";"4265.60010";"4430.60010";"-6028.06";"0.00";"IST";"End Of Friday (Time)";"4d 4h 25m";"-732.48"
"146";"USTEC_ICM_UTC2";"Buy";"4341.8";"4325.4";"2016.05.09 18:30:00";"2016.05.13 22:55:00";"30.0";"-1224.48";"4259.29980";"4424.29980";"-7252.54";"0.00";"IST";"End Of Friday (Time)";"4d 4h 25m";"-732.48"
"147";"USTEC_ICM_UTC2";"Buy";"4364.1";"4361.8";"2016.05.16 18:15:00";"2016.05.20 22:55:00";"30.0";"-801.48";"4281.60010";"4446.60010";"-8054.02";"0.00";"IST";"End Of Friday (Time)";"4d 4h 40m";"-732.48"
"148";"USTEC_ICM_UTC2";"Buy";"4366.4";"4448.9";"2016.05.23 18:45:00";"2016.05.24 22:23:00";"30.0";"2291.88";"4283.89990";"4448.89990";"-5762.14";"0.00";"IST";"PT";"1d 3h 38m";"-183.12"
"149";"USTEC_ICM_UTC2";"Buy";"4448.5";"4509.4";"2016.05.24 22:30:00";"2016.05.27 22:55:00";"30.0";"1277.64";"4366.00000";"4531.00000";"-4484.50";"0.00";"IST";"End Of Friday (Time)";"3d 0h 25m";"-549.36"
"150";"USTEC_ICM_UTC2";"Buy";"4520.9";"4512.5";"2016.05.30 18:15:00";"2016.06.03 22:55:00";"30.0";"-984.48";"4438.39990";"4603.39990";"-5468.98";"0.00";"IST";"End Of Friday (Time)";"4d 4h 40m";"-732.48"
"151";"USTEC_ICM_UTC2";"Buy";"4530.1";"4447.6";"2016.06.06 18:15:00";"2016.06.10 22:10:00";"30.0";"-3207.48";"4447.60010";"4612.60010";"-8676.46";"0.00";"IST";"SL";"4d 3h 55m";"-732.48"
"152";"USTEC_ICM_UTC2";"Buy";"4447.3";"4458.3";"2016.06.10 22:15:00";"2016.06.10 22:55:00";"30.0";"330.00";"4364.79980";"4529.79980";"-8346.46";"0.00";"IST";"End Of Friday (Time)";"40m 0s";"-0.00"
"153";"USTEC_ICM_UTC2";"Buy";"4450.7";"4368.2";"2016.06.13 18:15:00";"2016.06.16 17:22:00";"30.0";"-3024.36";"4368.20020";"4533.20020";"-11370.82";"0.00";"IST";"SL";"2d 23h 7m";"-549.36"
"154";"USTEC_ICM_UTC2";"Buy";"4375.6";"4371.9";"2016.06.16 18:45:00";"2016.06.17 22:55:00";"30.0";"-294.12";"4293.10010";"4458.10010";"-11664.94";"0.00";"IST";"End Of Friday (Time)";"1d 4h 10m";"-183.12"
"155";"USTEC_ICM_UTC2";"Buy";"4443.9";"4254.8";"2016.06.20 18:15:00";"2016.06.24 09:00:00";"30.0";"-6406.35";"4361.39990";"4526.39990";"-18071.29";"0.00";"IST";"SL";"3d 14h 45m";"-732.48"
"156";"USTEC_ICM_UTC2";"Buy";"4319.2";"4307.6";"2016.06.24 19:15:00";"2016.06.24 22:55:00";"30.0";"-348.00";"4236.70020";"4401.70020";"-18419.29";"0.00";"IST";"End Of Friday (Time)";"3h 40m";"-0.00"
"157";"USTEC_ICM_UTC2";"Buy";"4202.7";"4285.2";"2016.06.27 19:00:00";"2016.06.28 22:11:00";"30.0";"2291.88";"4120.20020";"4285.20020";"-16127.41";"0.00";"IST";"PT";"1d 3h 11m";"-183.12"
"158";"USTEC_ICM_UTC2";"Buy";"4287.5";"4370.0";"2016.06.28 22:15:00";"2016.06.29 21:25:00";"30.0";"2291.88";"4205.00000";"4370.00000";"-13835.53";"0.00";"IST";"PT";"23h 10m";"-183.12"
"159";"USTEC_ICM_UTC2";"Buy";"4369.4";"4451.9";"2016.06.29 21:30:00";"2016.07.01 17:41:00";"30.0";"2108.76";"4286.89990";"4451.89990";"-11726.77";"0.00";"IST";"PT";"1d 20h 11m";"-366.24"
"160";"USTEC_ICM_UTC2";"Buy";"4448.8";"4439.8";"2016.07.01 18:15:00";"2016.07.01 22:55:00";"30.0";"-270.00";"4366.29980";"4531.29980";"-11996.77";"0.00";"IST";"End Of Friday (Time)";"4h 40m";"-0.00"
"161";"USTEC_ICM_UTC2";"Buy";"4442.3";"4524.8";"2016.07.04 18:15:00";"2016.07.08 21:28:00";"30.0";"1742.52";"4359.79980";"4524.79980";"-10254.25";"0.00";"IST";"PT";"4d 3h 13m";"-732.48"
"162";"USTEC_ICM_UTC2";"Buy";"4527.1";"4527.2";"2016.07.08 22:00:00";"2016.07.08 22:55:00";"30.0";"3.00";"4444.60010";"4609.60010";"-10251.25";"0.00";"IST";"End Of Friday (Time)";"55m 0s";"-0.00"
"163";"USTEC_ICM_UTC2";"Buy";"4563.3";"4587.5";"2016.07.11 18:15:00";"2016.07.15 22:55:00";"30.0";"-6.48";"4480.79980";"4645.79980";"-10257.73";"0.00";"IST";"End Of Friday (Time)";"4d 4h 40m";"-732.48"
"164";"USTEC_ICM_UTC2";"Buy";"4625.6";"4663.1";"2016.07.18 18:15:00";"2016.07.22 22:55:00";"30.0";"392.52";"4543.10010";"4708.10010";"-9865.21";"0.00";"IST";"End Of Friday (Time)";"4d 4h 40m";"-732.48"
"165";"USTEC_ICM_UTC2";"Buy";"4658.5";"4741.0";"2016.07.25 18:15:00";"2016.07.29 18:38:00";"30.0";"1742.52";"4576.00000";"4741.00000";"-8122.69";"0.00";"IST";"PT";"4d 0h 23m";"-732.48"
"166";"USTEC_ICM_UTC2";"Buy";"4741.7";"4735.0";"2016.07.29 18:45:00";"2016.07.29 22:55:00";"30.0";"-201.00";"4659.20020";"4824.20020";"-8323.69";"0.00";"IST";"End Of Friday (Time)";"4h 10m";"-0.00"
"167";"USTEC_ICM_UTC2";"Buy";"4765.0";"4789.5";"2016.08.01 18:15:00";"2016.08.05 22:55:00";"30.0";"2.52";"4682.50000";"4847.50000";"-8321.17";"0.00";"IST";"End Of Friday (Time)";"4d 4h 40m";"-732.48"
"168";"USTEC_ICM_UTC2";"Buy";"4780.0";"4804.8";"2016.08.08 18:45:00";"2016.08.12 22:55:00";"30.0";"11.52";"4697.50000";"4862.50000";"-8309.65";"0.00";"IST";"End Of Friday (Time)";"4d 4h 10m";"-732.48"
"169";"USTEC_ICM_UTC2";"Buy";"4834.4";"4805.5";"2016.08.15 18:15:00";"2016.08.19 22:55:00";"30.0";"-1599.48";"4751.89990";"4916.89990";"-9909.13";"0.00";"IST";"End Of Friday (Time)";"4d 4h 40m";"-732.48"
"170";"USTEC_ICM_UTC2";"Buy";"4809.8";"4780.7";"2016.08.22 19:30:00";"2016.08.26 22:55:00";"30.0";"-1605.48";"4727.29980";"4892.29980";"-11514.61";"0.00";"IST";"End Of Friday (Time)";"4d 3h 25m";"-732.48"
"171";"USTEC_ICM_UTC2";"Buy";"4792.6";"4796.7";"2016.08.29 18:15:00";"2016.09.02 22:55:00";"30.0";"-609.48";"4710.10010";"4875.10010";"-12124.09";"0.00";"IST";"End Of Friday (Time)";"4d 4h 40m";"-732.48"
"172";"USTEC_ICM_UTC2";"Buy";"4787.0";"4704.5";"2016.09.05 18:15:00";"2016.09.09 20:49:00";"30.0";"-3207.48";"4704.50000";"4869.50000";"-15331.57";"0.00";"IST";"SL";"4d 2h 34m";"-732.48"
"173";"USTEC_ICM_UTC2";"Buy";"4696.9";"4692.6";"2016.09.09 21:15:00";"2016.09.09 22:55:00";"30.0";"-129.00";"4614.39990";"4779.39990";"-15460.57";"0.00";"IST";"End Of Friday (Time)";"1h 40m";"-0.00"
"174";"USTEC_ICM_UTC2";"Buy";"4721.5";"4804.0";"2016.09.12 18:15:00";"2016.09.15 18:30:00";"30.0";"1925.64";"4639.00000";"4804.00000";"-13534.93";"0.00";"IST";"PT";"3d 0h 15m";"-549.36"
"175";"USTEC_ICM_UTC2";"Buy";"4800.7";"4817.8";"2016.09.15 18:45:00";"2016.09.16 22:55:00";"30.0";"329.88";"4718.20020";"4883.20020";"-13205.05";"0.00";"IST";"End Of Friday (Time)";"1d 4h 10m";"-183.12"
"176";"USTEC_ICM_UTC2";"Buy";"4826.1";"4864.7";"2016.09.19 19:00:00";"2016.09.23 22:55:00";"30.0";"425.52";"4743.60010";"4908.60010";"-12779.53";"0.00";"IST";"End Of Friday (Time)";"4d 3h 55m";"-732.48"
"177";"USTEC_ICM_UTC2";"Buy";"4818.2";"4885.2";"2016.09.26 18:15:00";"2016.09.30 22:55:00";"30.0";"1277.52";"4735.70020";"4900.70020";"-11502.01";"0.00";"IST";"End Of Friday (Time)";"4d 4h 40m";"-732.48"
"178";"USTEC_ICM_UTC2";"Buy";"4866.2";"4867.2";"2016.10.03 18:15:00";"2016.10.07 22:55:00";"30.0";"-702.48";"4783.70020";"4948.70020";"-12204.49";"0.00";"IST";"End Of Friday (Time)";"4d 4h 40m";"-732.48"
"179";"USTEC_ICM_UTC2";"Buy";"4903.5";"4821.0";"2016.10.10 18:15:00";"2016.10.11 20:44:00";"30.0";"-2658.12";"4821.00000";"4986.00000";"-14862.61";"0.00";"IST";"SL";"1d 2h 29m";"-183.12"
"180";"USTEC_ICM_UTC2";"Buy";"4820.8";"4811.0";"2016.10.11 22:30:00";"2016.10.14 22:55:00";"30.0";"-843.36";"4738.29980";"4903.29980";"-15705.97";"0.00";"IST";"End Of Friday (Time)";"3d 0h 25m";"-549.36"
"181";"USTEC_ICM_UTC2";"Buy";"4807.5";"4851.5";"2016.10.17 18:45:00";"2016.10.21 22:55:00";"30.0";"587.52";"4725.00000";"4890.00000";"-15118.45";"0.00";"IST";"End Of Friday (Time)";"4d 4h 10m";"-732.48"
"182";"USTEC_ICM_UTC2";"Buy";"4900.5";"4817.9";"2016.10.24 18:30:00";"2016.10.28 09:00:00";"30.0";"-3211.41";"4818.00000";"4983.00000";"-18329.86";"0.00";"IST";"SL";"3d 14h 30m";"-732.48"
"183";"USTEC_ICM_UTC2";"Buy";"4841.1";"4802.8";"2016.10.28 18:15:00";"2016.10.28 22:55:00";"30.0";"-1149.00";"4758.60010";"4923.60010";"-19478.86";"0.00";"IST";"End Of Friday (Time)";"4h 40m";"-0.00"
"184";"USTEC_ICM_UTC2";"Buy";"4819.8";"4737.3";"2016.10.31 18:15:00";"2016.11.01 20:09:00";"30.0";"-2658.12";"4737.29980";"4902.29980";"-22136.98";"0.00";"IST";"SL";"1d 1h 54m";"-183.12"
"185";"USTEC_ICM_UTC2";"Buy";"4745.3";"4662.8";"2016.11.01 21:00:00";"2016.11.04 15:29:00";"30.0";"-3024.36";"4662.79980";"4827.79980";"-25161.34";"0.00";"IST";"SL";"2d 18h 29m";"-549.36"
"186";"USTEC_ICM_UTC2";"Buy";"4690.9";"4773.4";"2016.11.04 18:45:00";"2016.11.07 19:00:00";"30.0";"1925.64";"4608.39990";"4773.39990";"-23235.70";"0.00";"IST";"PT";"3d 0h 15m";"-549.36"
"187";"USTEC_ICM_UTC2";"Buy";"4773.1";"4594.8";"2016.11.07 19:15:00";"2016.11.09 09:00:00";"30.0";"-5715.21";"4690.60010";"4855.60010";"-28950.91";"0.00";"IST";"SL";"1d 13h 45m";"-366.24"
"188";"USTEC_ICM_UTC2";"Buy";"4800.0";"4882.5";"2016.11.09 18:30:00";"2016.11.10 10:24:00";"30.0";"2291.88";"4717.50000";"4882.50000";"-26659.03";"0.00";"IST";"PT";"15h 54m";"-183.12"
"189";"USTEC_ICM_UTC2";"Buy";"4718.4";"4754.0";"2016.11.10 19:00:00";"2016.11.11 22:55:00";"30.0";"884.88";"4635.89990";"4800.89990";"-25774.15";"0.00";"IST";"End Of Friday (Time)";"1d 3h 55m";"-183.12"
"190";"USTEC_ICM_UTC2";"Buy";"4701.0";"4783.5";"2016.11.14 19:00:00";"2016.11.16 17:35:00";"30.0";"2108.76";"4618.50000";"4783.50000";"-23665.39";"0.00";"IST";"PT";"1d 22h 35m";"-366.24"
"191";"USTEC_ICM_UTC2";"Buy";"4780.4";"4809.5";"2016.11.16 18:15:00";"2016.11.18 22:55:00";"30.0";"506.76";"4697.89990";"4862.89990";"-23158.63";"0.00";"IST";"End Of Friday (Time)";"2d 4h 40m";"-366.24"
"192";"USTEC_ICM_UTC2";"Buy";"4849.0";"4766.5";"2016.11.21 18:45:00";"2016.12.01 17:30:00";"30.0";"-4306.20";"4766.50000";"4931.50000";"-27464.83";"0.00";"IST";"SL";"9d 22h 45m";"-1831.20"
"193";"USTEC_ICM_UTC2";"Buy";"4753.5";"4736.6";"2016.12.01 18:45:00";"2016.12.02 22:55:00";"30.0";"-690.12";"4671.00000";"4836.00000";"-28154.95";"0.00";"IST";"End Of Friday (Time)";"1d 4h 10m";"-183.12"
"194";"USTEC_ICM_UTC2";"Buy";"4788.8";"4871.3";"2016.12.05 18:15:00";"2016.12.09 14:57:00";"30.0";"1742.52";"4706.29980";"4871.29980";"-26412.43";"0.00";"IST";"PT";"3d 20h 42m";"-732.48"
"195";"USTEC_ICM_UTC2";"Buy";"4893.0";"4891.8";"2016.12.09 18:15:00";"2016.12.09 22:55:00";"30.0";"-36.00";"4810.50000";"4975.50000";"-26448.43";"0.00";"IST";"End Of Friday (Time)";"4h 40m";"-0.00"
"196";"USTEC_ICM_UTC2";"Buy";"4868.5";"4951.0";"2016.12.12 18:30:00";"2016.12.13 18:25:00";"30.0";"2291.88";"4786.00000";"4951.00000";"-24156.55";"0.00";"IST";"PT";"23h 55m";"-183.12"
"197";"USTEC_ICM_UTC2";"Buy";"4958.5";"4915.4";"2016.12.13 19:00:00";"2016.12.16 22:55:00";"30.0";"-1842.36";"4876.00000";"5041.00000";"-25998.91";"0.00";"IST";"End Of Friday (Time)";"3d 3h 55m";"-549.36"
"198";"USTEC_ICM_UTC2";"Buy";"4959.1";"4937.4";"2016.12.19 18:15:00";"2016.12.23 22:55:00";"30.0";"-1383.48";"4876.60010";"5041.60010";"-27382.39";"0.00";"IST";"End Of Friday (Time)";"4d 4h 40m";"-732.48"
"199";"USTEC_ICM_UTC2";"Buy";"4970.9";"4888.4";"2016.12.27 19:15:00";"2016.12.30 16:57:00";"30.0";"-3024.36";"4888.39990";"5053.39990";"-30406.75";"0.00";"IST";"SL";"2d 21h 42m";"-549.36"
"200";"USTEC_ICM_UTC2";"Buy";"4881.5";"4853.4";"2016.12.30 18:30:00";"2016.12.30 22:55:00";"30.0";"-843.00";"4799.00000";"4964.00000";"-31249.75";"0.00";"IST";"End Of Friday (Time)";"4h 25m";"-0.00"
"201";"USTEC_ICM_UTC2";"Buy";"4883.7";"4966.2";"2017.01.03 19:45:00";"2017.01.05 22:31:00";"30.0";"2108.76";"4801.20020";"4966.20020";"-29140.99";"0.00";"IST";"PT";"2d 2h 46m";"-366.24"
"202";"USTEC_ICM_UTC2";"Buy";"4965.1";"5012.3";"2017.01.05 22:45:00";"2017.01.06 22:55:00";"30.0";"1232.88";"4882.60010";"5047.60010";"-27908.11";"0.00";"IST";"End Of Friday (Time)";"1d 0h 10m";"-183.12"
"203";"USTEC_ICM_UTC2";"Buy";"5023.2";"5057.8";"2017.01.09 18:30:00";"2017.01.13 22:55:00";"30.0";"305.52";"4940.70020";"5105.70020";"-27602.59";"0.00";"IST";"End Of Friday (Time)";"4d 4h 25m";"-732.48"
"204";"USTEC_ICM_UTC2";"Buy";"5056.5";"5057.9";"2017.01.16 18:30:00";"2017.01.20 22:55:00";"30.0";"-690.48";"4974.00000";"5139.00000";"-28293.07";"0.00";"IST";"End Of Friday (Time)";"4d 4h 25m";"-732.48"
"205";"USTEC_ICM_UTC2";"Buy";"5047.1";"5129.6";"2017.01.23 18:45:00";"2017.01.25 16:24:00";"30.0";"2108.76";"4964.60010";"5129.60010";"-26184.31";"0.00";"IST";"PT";"1d 21h 39m";"-366.24"
"206";"USTEC_ICM_UTC2";"Buy";"5143.3";"5163.8";"2017.01.25 18:15:00";"2017.01.27 22:55:00";"30.0";"248.76";"5060.79980";"5225.79980";"-25935.55";"0.00";"IST";"End Of Friday (Time)";"2d 4h 40m";"-366.24"
"207";"USTEC_ICM_UTC2";"Buy";"5115.2";"5160.6";"2017.01.30 18:15:00";"2017.02.03 22:55:00";"30.0";"629.52";"5032.70020";"5197.70020";"-25306.03";"0.00";"IST";"End Of Friday (Time)";"4d 4h 40m";"-732.48"
"208";"USTEC_ICM_UTC2";"Buy";"5167.2";"5226.6";"2017.02.06 18:30:00";"2017.02.10 22:55:00";"30.0";"1049.52";"5084.70020";"5249.70020";"-24256.51";"0.00";"IST";"End Of Friday (Time)";"4d 4h 25m";"-732.48"
"209";"USTEC_ICM_UTC2";"Buy";"5247.5";"5318.6";"2017.02.13 18:15:00";"2017.02.17 22:55:00";"30.0";"1400.52";"5165.00000";"5330.00000";"-22855.99";"0.00";"IST";"End Of Friday (Time)";"4d 4h 40m";"-732.48"
"210";"USTEC_ICM_UTC2";"Buy";"5339.5";"5339.0";"2017.02.20 18:30:00";"2017.02.24 22:55:00";"30.0";"-747.48";"5257.00000";"5422.00000";"-23603.47";"0.00";"IST";"End Of Friday (Time)";"4d 4h 25m";"-732.48"
"211";"USTEC_ICM_UTC2";"Buy";"5337.0";"5371.3";"2017.02.27 18:15:00";"2017.03.03 22:55:00";"30.0";"296.52";"5254.50000";"5419.50000";"-23306.95";"0.00";"IST";"End Of Friday (Time)";"4d 4h 40m";"-732.48"
"212";"USTEC_ICM_UTC2";"Buy";"5345.7";"5384.3";"2017.03.06 18:30:00";"2017.03.10 22:55:00";"30.0";"425.52";"5263.20020";"5428.20020";"-22881.43";"0.00";"IST";"End Of Friday (Time)";"4d 4h 25m";"-732.48"
"213";"USTEC_ICM_UTC2";"Buy";"5385.7";"5442.1";"2017.03.13 18:30:00";"2017.03.31 22:55:00";"30.0";"-1604.16";"5303.20020";"5468.20020";"-24485.59";"0.00";"IST";"End Of Friday (Time)";"18d 4h 25m";"-3296.16"
"214";"USTEC_ICM_UTC2";"Buy";"5409.5";"5420.4";"2017.04.03 19:15:00";"2017.04.07 22:55:00";"30.0";"-405.48";"5327.00000";"5492.00000";"-24891.07";"0.00";"IST";"End Of Friday (Time)";"4d 3h 40m";"-732.48"
"215";"USTEC_ICM_UTC2";"Buy";"5432.9";"5441.6";"2017.04.10 18:15:00";"2017.04.21 22:55:00";"30.0";"-1753.32";"5350.39990";"5515.39990";"-26644.39";"0.00";"IST";"End Of Friday (Time)";"11d 4h 40m";"-2014.32"
"216";"USTEC_ICM_UTC2";"Buy";"5499.9";"5589.0";"2017.04.24 19:45:00";"2017.04.28 09:00:00";"30.0";"1939.59";"5417.39990";"5582.39990";"-24704.80";"0.00";"IST";"PT";"3d 13h 15m";"-732.48"
"217";"USTEC_ICM_UTC2";"Buy";"5581.3";"5583.6";"2017.04.28 18:15:00";"2017.04.28 22:55:00";"30.0";"69.00";"5498.79980";"5663.79980";"-24635.80";"0.00";"IST";"End Of Friday (Time)";"4h 40m";"-0.00"
"218";"USTEC_ICM_UTC2";"Buy";"5619.6";"5642.8";"2017.05.01 18:15:00";"2017.05.05 22:55:00";"30.0";"-36.48";"5537.10010";"5702.10010";"-24672.28";"0.00";"IST";"End Of Friday (Time)";"4d 4h 40m";"-732.48"
"219";"USTEC_ICM_UTC2";"Buy";"5642.5";"5682.1";"2017.05.08 18:15:00";"2017.05.12 22:55:00";"30.0";"455.52";"5560.00000";"5725.00000";"-24216.76";"0.00";"IST";"End Of Friday (Time)";"4d 4h 40m";"-732.48"
"220";"USTEC_ICM_UTC2";"Buy";"5702.9";"5620.4";"2017.05.15 18:15:00";"2017.05.17 18:03:00";"30.0";"-2841.24";"5620.39990";"5785.39990";"-27058.00";"0.00";"IST";"SL";"1d 23h 48m";"-366.24"
"221";"USTEC_ICM_UTC2";"Buy";"5644.1";"5561.6";"2017.05.17 19:00:00";"2017.05.18 12:26:00";"30.0";"-2658.12";"5561.60010";"5726.60010";"-29716.12";"0.00";"IST";"SL";"17h 26m";"-183.12"
"222";"USTEC_ICM_UTC2";"Buy";"5621.1";"5650.2";"2017.05.18 18:15:00";"2017.05.19 22:55:00";"30.0";"689.88";"5538.60010";"5703.60010";"-29026.24";"0.00";"IST";"End Of Friday (Time)";"1d 4h 40m";"-183.12"
"223";"USTEC_ICM_UTC2";"Buy";"5680.9";"5763.4";"2017.05.22 18:15:00";"2017.05.25 17:16:00";"30.0";"1925.64";"5598.39990";"5763.39990";"-27100.60";"0.00";"IST";"PT";"2d 23h 1m";"-549.36"
"224";"USTEC_ICM_UTC2";"Buy";"5774.1";"5786.3";"2017.05.25 18:15:00";"2017.05.26 22:55:00";"30.0";"182.88";"5691.60010";"5856.60010";"-26917.72";"0.00";"IST";"End Of Friday (Time)";"1d 4h 40m";"-183.12"
"225";"USTEC_ICM_UTC2";"Buy";"5793.3";"5875.8";"2017.05.29 19:00:00";"2017.06.02 22:23:00";"30.0";"1742.52";"5710.79980";"5875.79980";"-25175.20";"0.00";"IST";"PT";"4d 3h 23m";"-732.48"
"226";"USTEC_ICM_UTC2";"Buy";"5876.7";"5878.1";"2017.06.02 22:30:00";"2017.06.02 22:55:00";"30.0";"42.00";"5794.20020";"5959.20020";"-25133.20";"0.00";"IST";"End Of Friday (Time)";"25m 0s";"-0.00"
"227";"USTEC_ICM_UTC2";"Buy";"5882.8";"5800.3";"2017.06.05 18:15:00";"2017.06.09 20:11:00";"30.0";"-3207.48";"5800.29980";"5965.29980";"-28340.68";"0.00";"IST";"SL";"4d 1h 56m";"-732.48"
"228";"USTEC_ICM_UTC2";"Buy";"5717.6";"5728.7";"2017.06.09 22:45:00";"2017.06.09 22:55:00";"30.0";"333.00";"5635.10010";"5800.10010";"-28007.68";"0.00";"IST";"End Of Friday (Time)";"10m 0s";"-0.00"
"229";"USTEC_ICM_UTC2";"Buy";"5704.1";"5678.8";"2017.06.12 18:15:00";"2017.06.16 22:55:00";"30.0";"-1491.48";"5621.60010";"5786.60010";"-29499.16";"0.00";"IST";"End Of Friday (Time)";"4d 4h 40m";"-732.48"
"230";"USTEC_ICM_UTC2";"Buy";"5761.2";"5802.2";"2017.06.19 18:15:00";"2017.06.23 22:55:00";"30.0";"497.52";"5678.70020";"5843.70020";"-29001.64";"0.00";"IST";"End Of Friday (Time)";"4d 4h 40m";"-732.48"
"231";"USTEC_ICM_UTC2";"Buy";"5788.6";"5706.1";"2017.06.26 19:15:00";"2017.06.27 20:37:00";"30.0";"-2658.12";"5706.10010";"5871.10010";"-31659.76";"0.00";"IST";"SL";"1d 1h 22m";"-183.12"
"232";"USTEC_ICM_UTC2";"Buy";"5695.7";"5613.2";"2017.06.27 21:00:00";"2017.06.29 20:24:00";"30.0";"-2841.24";"5613.20020";"5778.20020";"-34501.00";"0.00";"IST";"SL";"1d 23h 24m";"-366.24"
"233";"USTEC_ICM_UTC2";"Buy";"5627.7";"5660.1";"2017.06.29 21:15:00";"2017.06.30 22:55:00";"30.0";"788.88";"5545.20020";"5710.20020";"-33712.12";"0.00";"IST";"End Of Friday (Time)";"1d 1h 40m";"-183.12"
"234";"USTEC_ICM_UTC2";"Buy";"5636.2";"5658.4";"2017.07.05 18:15:00";"2017.07.07 22:55:00";"30.0";"299.76";"5553.70020";"5718.70020";"-33412.36";"0.00";"IST";"End Of Friday (Time)";"2d 4h 40m";"-366.24"
"235";"USTEC_ICM_UTC2";"Buy";"5682.9";"5765.4";"2017.07.10 18:15:00";"2017.07.12 17:27:00";"30.0";"2108.76";"5600.39990";"5765.39990";"-31303.60";"0.00";"IST";"PT";"1d 23h 12m";"-366.24"
"236";"USTEC_ICM_UTC2";"Buy";"5763.1";"5837.9";"2017.07.12 18:45:00";"2017.07.14 22:55:00";"30.0";"1877.76";"5680.60010";"5845.60010";"-29425.84";"0.00";"IST";"End Of Friday (Time)";"2d 4h 10m";"-366.24"
"237";"USTEC_ICM_UTC2";"Buy";"5837.3";"5919.8";"2017.07.17 19:00:00";"2017.07.19 20:10:00";"30.0";"2108.76";"5754.79980";"5919.79980";"-27317.08";"0.00";"IST";"PT";"2d 1h 10m";"-366.24"
"238";"USTEC_ICM_UTC2";"Buy";"5918.3";"5915.5";"2017.07.19 20:45:00";"2017.07.21 22:55:00";"30.0";"-450.24";"5835.79980";"6000.79980";"-27767.32";"0.00";"IST";"End Of Friday (Time)";"2d 2h 10m";"-366.24"
"239";"USTEC_ICM_UTC2";"Buy";"5912.7";"5908.5";"2017.07.24 18:30:00";"2017.07.28 22:55:00";"30.0";"-858.48";"5830.20020";"5995.20020";"-28625.80";"0.00";"IST";"End Of Friday (Time)";"4d 4h 25m";"-732.48"
"240";"USTEC_ICM_UTC2";"Buy";"5880.1";"5893.5";"2017.07.31 18:30:00";"2017.08.04 22:55:00";"30.0";"-330.48";"5797.60010";"5962.60010";"-28956.28";"0.00";"IST";"End Of Friday (Time)";"4d 4h 25m";"-732.48"
"241";"USTEC_ICM_UTC2";"Buy";"5920.5";"5838.0";"2017.08.07 18:15:00";"2017.08.10 17:06:00";"30.0";"-3024.36";"5838.00000";"6003.00000";"-31980.64";"0.00";"IST";"SL";"2d 22h 51m";"-549.36"
"242";"USTEC_ICM_UTC2";"Buy";"5851.0";"5768.5";"2017.08.10 18:15:00";"2017.08.11 11:18:00";"30.0";"-2658.12";"5768.50000";"5933.50000";"-34638.76";"0.00";"IST";"SL";"17h 3m";"-183.12"
"243";"USTEC_ICM_UTC2";"Buy";"5820.6";"5830.1";"2017.08.11 18:15:00";"2017.08.11 22:55:00";"30.0";"285.00";"5738.10010";"5903.10010";"-34353.76";"0.00";"IST";"End Of Friday (Time)";"4h 40m";"-0.00"
"244";"USTEC_ICM_UTC2";"Buy";"5897.0";"5814.5";"2017.08.14 18:15:00";"2017.08.17 21:20:00";"30.0";"-3024.36";"5814.50000";"5979.50000";"-37378.12";"0.00";"IST";"SL";"3d 3h 5m";"-549.36"
"245";"USTEC_ICM_UTC2";"Buy";"5818.0";"5793.9";"2017.08.17 21:45:00";"2017.08.18 22:55:00";"30.0";"-906.12";"5735.50000";"5900.50000";"-38284.24";"0.00";"IST";"End Of Friday (Time)";"1d 1h 10m";"-183.12"
"246";"USTEC_ICM_UTC2";"Buy";"5770.9";"5853.4";"2017.08.21 18:15:00";"2017.08.22 17:54:00";"30.0";"2291.88";"5688.39990";"5853.39990";"-35992.36";"0.00";"IST";"PT";"23h 39m";"-183.12"
"247";"USTEC_ICM_UTC2";"Buy";"5860.0";"5826.6";"2017.08.22 18:30:00";"2017.08.25 22:55:00";"30.0";"-1551.36";"5777.50000";"5942.50000";"-37543.72";"0.00";"IST";"End Of Friday (Time)";"3d 4h 25m";"-549.36"
"248";"USTEC_ICM_UTC2";"Buy";"5850.4";"5932.9";"2017.08.28 18:15:00";"2017.08.30 20:47:00";"30.0";"2108.76";"5767.89990";"5932.89990";"-35434.96";"0.00";"IST";"PT";"2d 2h 32m";"-366.24"
"249";"USTEC_ICM_UTC2";"Buy";"5936.1";"5990.4";"2017.08.30 21:00:00";"2017.09.01 22:55:00";"30.0";"1262.76";"5853.60010";"6018.60010";"-34172.20";"0.00";"IST";"End Of Friday (Time)";"2d 1h 55m";"-366.24"
"250";"USTEC_ICM_UTC2";"Buy";"5973.0";"5890.5";"2017.09.04 18:15:00";"2017.09.05 20:02:00";"30.0";"-2658.12";"5890.50000";"6055.50000";"-36830.32";"0.00";"IST";"SL";"1d 1h 47m";"-183.12"
"251";"USTEC_ICM_UTC2";"Buy";"5918.2";"5910.5";"2017.09.05 21:00:00";"2017.09.08 22:55:00";"30.0";"-780.36";"5835.70020";"6000.70020";"-37610.68";"0.00";"IST";"End Of Friday (Time)";"3d 1h 55m";"-549.36"
"252";"USTEC_ICM_UTC2";"Buy";"5974.6";"5987.0";"2017.09.11 19:15:00";"2017.09.15 22:55:00";"30.0";"-360.48";"5892.10010";"6057.10010";"-37971.16";"0.00";"IST";"End Of Friday (Time)";"4d 3h 40m";"-732.48"
"253";"USTEC_ICM_UTC2";"Buy";"6008.8";"5926.3";"2017.09.18 18:15:00";"2017.09.20 21:36:00";"30.0";"-2841.24";"5926.29980";"6091.29980";"-40812.40";"0.00";"IST";"SL";"2d 3h 21m";"-366.24"
"254";"USTEC_ICM_UTC2";"Buy";"5959.9";"5934.2";"2017.09.20 22:30:00";"2017.09.22 22:55:00";"30.0";"-1137.24";"5877.39990";"6042.39990";"-41949.64";"0.00";"IST";"End Of Friday (Time)";"2d 0h 25m";"-366.24"
"255";"USTEC_ICM_UTC2";"Buy";"5858.0";"5940.5";"2017.09.25 19:00:00";"2017.09.27 21:14:00";"30.0";"2108.76";"5775.50000";"5940.50000";"-39840.88";"0.00";"IST";"PT";"2d 2h 14m";"-366.24"
"256";"USTEC_ICM_UTC2";"Buy";"5941.2";"5977.9";"2017.09.27 21:15:00";"2017.09.29 22:55:00";"30.0";"734.76";"5858.70020";"6023.70020";"-39106.12";"0.00";"IST";"End Of Friday (Time)";"2d 1h 40m";"-366.24"
"257";"USTEC_ICM_UTC2";"Buy";"5992.5";"6062.3";"2017.10.02 18:30:00";"2017.10.06 22:55:00";"30.0";"1361.52";"5910.00000";"6075.00000";"-37744.60";"0.00";"IST";"End Of Friday (Time)";"4d 4h 25m";"-732.48"
"258";"USTEC_ICM_UTC2";"Buy";"6071.5";"6091.6";"2017.10.09 18:45:00";"2017.10.13 22:55:00";"30.0";"-129.48";"5989.00000";"6154.00000";"-37874.08";"0.00";"IST";"End Of Friday (Time)";"4d 4h 10m";"-732.48"
"259";"USTEC_ICM_UTC2";"Buy";"6110.4";"6100.8";"2017.10.16 18:45:00";"2017.10.20 22:55:00";"30.0";"-1020.48";"6027.89990";"6192.89990";"-38894.56";"0.00";"IST";"End Of Friday (Time)";"4d 4h 10m";"-732.48"
"260";"USTEC_ICM_UTC2";"Buy";"6089.8";"6172.3";"2017.10.23 18:45:00";"2017.10.27 17:13:00";"30.0";"1742.52";"6007.29980";"6172.29980";"-37152.04";"0.00";"IST";"PT";"3d 22h 28m";"-732.48"
"261";"USTEC_ICM_UTC2";"Buy";"6192.8";"6216.9";"2017.10.27 18:45:00";"2017.10.27 22:55:00";"30.0";"723.00";"6110.29980";"6275.29980";"-36429.04";"0.00";"IST";"End Of Friday (Time)";"4h 10m";"-0.00"
"262";"USTEC_ICM_UTC2";"Buy";"6224.9";"6307.4";"2017.10.30 19:15:00";"2017.11.06 16:48:00";"30.0";"1193.16";"6142.39990";"6307.39990";"-35235.88";"0.00";"IST";"PT";"6d 21h 33m";"-1281.84"
"263";"USTEC_ICM_UTC2";"Buy";"6306.3";"6309.6";"2017.11.06 18:30:00";"2017.11.10 22:55:00";"30.0";"-633.48";"6223.79980";"6388.79980";"-35869.36";"0.00";"IST";"End Of Friday (Time)";"4d 4h 25m";"-732.48"
"264";"USTEC_ICM_UTC2";"Buy";"6314.0";"6231.5";"2017.11.13 18:15:00";"2017.11.15 16:39:00";"30.0";"-2841.24";"6231.50000";"6396.50000";"-38710.60";"0.00";"IST";"SL";"1d 22h 24m";"-366.24"
"265";"USTEC_ICM_UTC2";"Buy";"6266.0";"6348.5";"2017.11.15 18:15:00";"2017.11.16 20:03:00";"30.0";"2291.88";"6183.50000";"6348.50000";"-36418.72";"0.00";"IST";"PT";"1d 1h 48m";"-183.12"
"266";"USTEC_ICM_UTC2";"Buy";"6346.8";"6315.6";"2017.11.16 20:15:00";"2017.11.17 22:55:00";"30.0";"-1119.12";"6264.29980";"6429.29980";"-37537.84";"0.00";"IST";"End Of Friday (Time)";"1d 2h 40m";"-183.12"
"267";"USTEC_ICM_UTC2";"Buy";"6311.1";"6393.6";"2017.11.20 18:30:00";"2017.11.24 15:03:00";"30.0";"1742.52";"6228.60010";"6393.60010";"-35795.32";"0.00";"IST";"PT";"3d 20h 33m";"-732.48"
"268";"USTEC_ICM_UTC2";"Buy";"6406.1";"6323.6";"2017.11.24 18:15:00";"2017.11.29 17:23:00";"30.0";"-3390.60";"6323.60010";"6488.60010";"-39185.92";"0.00";"IST";"SL";"4d 23h 8m";"-915.60"
"269";"USTEC_ICM_UTC2";"Buy";"6288.5";"6371.0";"2017.11.29 19:00:00";"2017.11.30 19:48:00";"30.0";"2291.88";"6206.00000";"6371.00000";"-36894.04";"0.00";"IST";"PT";"1d 0h 48m";"-183.12"
"270";"USTEC_ICM_UTC2";"Buy";"6360.7";"6278.2";"2017.11.30 20:00:00";"2017.12.01 18:28:00";"30.0";"-2658.12";"6278.20020";"6443.20020";"-39552.16";"0.00";"IST";"SL";"22h 28m";"-183.12"
"271";"USTEC_ICM_UTC2";"Buy";"6273.5";"6337.8";"2017.12.01 18:30:00";"2017.12.01 22:55:00";"30.0";"1929.00";"6191.00000";"6356.00000";"-37623.16";"0.00";"IST";"End Of Friday (Time)";"4h 25m";"-0.00"
"272";"USTEC_ICM_UTC2";"Buy";"6296.9";"6339.2";"2017.12.04 19:00:00";"2017.12.08 22:55:00";"30.0";"536.52";"6214.39990";"6379.39990";"-37086.64";"0.00";"IST";"End Of Friday (Time)";"4d 3h 55m";"-732.48"
"273";"USTEC_ICM_UTC2";"Buy";"6362.7";"6445.2";"2017.12.11 18:15:00";"2017.12.15 18:59:00";"30.0";"1742.52";"6280.20020";"6445.20020";"-35344.12";"0.00";"IST";"PT";"4d 0h 44m";"-732.48"
"274";"USTEC_ICM_UTC2";"Buy";"6446.6";"6458.9";"2017.12.15 19:00:00";"2017.12.15 22:55:00";"30.0";"369.00";"6364.10010";"6529.10010";"-34975.12";"0.00";"IST";"End Of Friday (Time)";"3h 55m";"-0.00"
"275";"USTEC_ICM_UTC2";"Buy";"6513.6";"6467.4";"2017.12.18 19:00:00";"2017.12.22 22:55:00";"30.0";"-2118.48";"6431.10010";"6596.10010";"-37093.60";"0.00";"IST";"End Of Friday (Time)";"4d 3h 55m";"-732.48"
"276";"USTEC_ICM_UTC2";"Buy";"6425.4";"6399.3";"2017.12.26 18:15:00";"2017.12.29 22:55:00";"30.0";"-1332.36";"6342.89990";"6507.89990";"-38425.96";"0.00";"IST";"End Of Friday (Time)";"3d 4h 40m";"-549.36"
"277";"USTEC_ICM_UTC2";"Buy";"6495.9";"6578.4";"2018.01.02 18:15:00";"2018.01.03 19:49:00";"30.0";"2291.88";"6413.39990";"6578.39990";"-36134.08";"0.00";"IST";"PT";"1d 1h 34m";"-183.12"
"278";"USTEC_ICM_UTC2";"Buy";"6578.1";"6653.6";"2018.01.03 20:00:00";"2018.01.05 22:55:00";"30.0";"1898.76";"6495.60010";"6660.60010";"-34235.32";"0.00";"IST";"End Of Friday (Time)";"2d 2h 55m";"-366.24"
"279";"USTEC_ICM_UTC2";"Buy";"6676.3";"6758.8";"2018.01.08 18:15:00";"2018.01.12 21:18:00";"30.0";"1742.52";"6593.79980";"6758.79980";"-32492.80";"0.00";"IST";"PT";"4d 3h 3m";"-732.48"
"280";"USTEC_ICM_UTC2";"Buy";"6761.0";"6760.7";"2018.01.12 21:30:00";"2018.01.12 22:55:00";"30.0";"-9.00";"6678.50000";"6843.50000";"-32501.80";"0.00";"IST";"End Of Friday (Time)";"1h 25m";"-0.00"
"281";"USTEC_ICM_UTC2";"Buy";"6770.8";"6831.0";"2018.01.15 18:30:00";"2018.01.19 22:55:00";"30.0";"1073.52";"6688.29980";"6853.29980";"-31428.28";"0.00";"IST";"End Of Friday (Time)";"4d 4h 25m";"-732.48"
"282";"USTEC_ICM_UTC2";"Buy";"6872.0";"6954.5";"2018.01.22 18:15:00";"2018.01.23 17:13:00";"30.0";"2291.88";"6789.50000";"6954.50000";"-29136.40";"0.00";"IST";"PT";"22h 58m";"-183.12"
"283";"USTEC_ICM_UTC2";"Buy";"6961.3";"6878.8";"2018.01.23 18:15:00";"2018.01.24 20:21:00";"30.0";"-2658.12";"6878.79980";"7043.79980";"-31794.52";"0.00";"IST";"SL";"1d 2h 6m";"-183.12"
"284";"USTEC_ICM_UTC2";"Buy";"6928.6";"7011.1";"2018.01.24 21:15:00";"2018.01.26 22:50:00";"30.0";"2108.76";"6846.10010";"7011.10010";"-29685.76";"0.00";"IST";"PT";"2d 1h 35m";"-366.24"
"285";"USTEC_ICM_UTC2";"Buy";"6993.1";"6910.6";"2018.01.29 19:00:00";"2018.01.30 16:30:00";"30.0";"-2658.12";"6910.60010";"7075.60010";"-32343.88";"0.00";"IST";"SL";"21h 30m";"-183.12"
"286";"USTEC_ICM_UTC2";"Buy";"6950.0";"6867.5";"2018.01.30 18:15:00";"2018.02.02 11:21:00";"30.0";"-3024.36";"6867.50000";"7032.50000";"-35368.24";"0.00";"IST";"SL";"2d 17h 6m";"-549.36"
"287";"USTEC_ICM_UTC2";"Buy";"6855.5";"6773.0";"2018.02.02 18:15:00";"2018.02.02 22:05:00";"30.0";"-2475.00";"6773.00000";"6938.00000";"-37843.24";"0.00";"IST";"SL";"3h 50m";"-0.00"
"288";"USTEC_ICM_UTC2";"Buy";"6762.8";"6680.3";"2018.02.05 18:30:00";"2018.02.05 21:22:00";"30.0";"-2475.00";"6680.29980";"6845.29980";"-40318.24";"0.00";"IST";"SL";"2h 52m";"-0.00"
"289";"USTEC_ICM_UTC2";"Buy";"6484.3";"6566.8";"2018.02.06 18:30:00";"2018.02.06 19:30:00";"30.0";"2475.00";"6401.79980";"6566.79980";"-37843.24";"0.00";"IST";"PT";"1h 0m";"-0.00"
"290";"USTEC_ICM_UTC2";"Buy";"6698.9";"6616.4";"2018.02.07 18:30:00";"2018.02.07 20:06:00";"30.0";"-2475.00";"6616.39990";"6781.39990";"-40318.24";"0.00";"IST";"SL";"1h 36m";"-0.00"
"291";"USTEC_ICM_UTC2";"Buy";"6481.9";"6399.4";"2018.02.08 19:15:00";"2018.02.08 19:54:00";"30.0";"-2475.00";"6399.39990";"6564.39990";"-42793.24";"0.00";"IST";"SL";"39m 0s";"-0.00"
"292";"USTEC_ICM_UTC2";"Buy";"6324.6";"6242.1";"2018.02.09 18:45:00";"2018.02.09 19:09:00";"30.0";"-2475.00";"6242.10010";"6407.10010";"-45268.24";"0.00";"IST";"SL";"24m 0s";"-0.00"
"293";"USTEC_ICM_UTC2";"Buy";"6487.7";"6570.2";"2018.02.12 18:15:00";"2018.02.14 09:26:00";"30.0";"2108.76";"6405.20020";"6570.20020";"-43159.48";"0.00";"IST";"PT";"1d 15h 11m";"-366.24"
"294";"USTEC_ICM_UTC2";"Buy";"6613.4";"6716.9";"2018.02.14 18:15:00";"2018.02.15 09:05:00";"30.0";"2920.65";"6530.89990";"6695.89990";"-40238.83";"0.00";"IST";"PT";"14h 50m";"-183.12"
"295";"USTEC_ICM_UTC2";"Buy";"6734.1";"6826.4";"2018.02.15 18:45:00";"2018.02.16 09:05:00";"30.0";"2584.68";"6651.60010";"6816.60010";"-37654.15";"0.00";"IST";"PT";"14h 20m";"-183.12"
"296";"USTEC_ICM_UTC2";"Buy";"6827.6";"6785.2";"2018.02.16 18:15:00";"2018.02.16 22:55:00";"30.0";"-1272.00";"6745.10010";"6910.10010";"-38926.15";"0.00";"IST";"End Of Friday (Time)";"4h 40m";"-0.00"
"297";"USTEC_ICM_UTC2";"Buy";"6759.7";"6842.2";"2018.02.19 18:15:00";"2018.02.21 18:26:00";"30.0";"2108.76";"6677.20020";"6842.20020";"-36817.39";"0.00";"IST";"PT";"2d 0h 11m";"-366.24"
"298";"USTEC_ICM_UTC2";"Buy";"6849.1";"6766.6";"2018.02.21 18:30:00";"2018.02.21 22:58:00";"30.0";"-2475.00";"6766.60010";"6931.60010";"-39292.39";"0.00";"IST";"SL";"4h 28m";"-0.00"
"299";"USTEC_ICM_UTC2";"Buy";"6818.5";"6888.3";"2018.02.22 18:15:00";"2018.02.23 22:55:00";"30.0";"1910.88";"6736.00000";"6901.00000";"-37381.51";"0.00";"IST";"End Of Friday (Time)";"1d 4h 40m";"-183.12"
"300";"USTEC_ICM_UTC2";"Buy";"6960.9";"6878.4";"2018.02.26 18:45:00";"2018.02.28 22:46:00";"30.0";"-2841.24";"6878.39990";"7043.39990";"-40222.75";"0.00";"IST";"SL";"2d 4h 1m";"-366.24"
"301";"USTEC_ICM_UTC2";"Buy";"6842.6";"6760.1";"2018.03.01 18:15:00";"2018.03.01 20:06:00";"30.0";"-2475.00";"6760.10010";"6925.10010";"-42697.75";"0.00";"IST";"SL";"1h 51m";"-0.00"
"302";"USTEC_ICM_UTC2";"Buy";"6699.2";"6781.7";"2018.03.02 18:15:00";"2018.03.02 21:51:00";"30.0";"2475.00";"6616.70020";"6781.70020";"-40222.75";"0.00";"IST";"PT";"3h 36m";"-0.00"
"303";"USTEC_ICM_UTC2";"Buy";"6826.6";"6909.1";"2018.03.05 18:15:00";"2018.03.06 13:08:00";"30.0";"2291.88";"6744.10010";"6909.10010";"-37930.87";"0.00";"IST";"PT";"18h 53m";"-183.12"
"304";"USTEC_ICM_UTC2";"Buy";"6896.3";"6978.8";"2018.03.06 18:15:00";"2018.03.09 12:59:00";"30.0";"1925.64";"6813.79980";"6978.79980";"-36005.23";"0.00";"IST";"PT";"2d 18h 44m";"-549.36"
"305";"USTEC_ICM_UTC2";"Buy";"7053.0";"7091.0";"2018.03.09 18:15:00";"2018.03.09 22:55:00";"30.0";"1140.00";"6970.50000";"7135.50000";"-34865.23";"0.00";"IST";"End Of Friday (Time)";"4h 40m";"-0.00"
"306";"USTEC_ICM_UTC2";"Buy";"7150.0";"7067.5";"2018.03.12 18:15:00";"2018.03.13 18:07:00";"30.0";"-2658.12";"7067.50000";"7232.50000";"-37523.35";"0.00";"IST";"SL";"23h 52m";"-183.12"
"307";"USTEC_ICM_UTC2";"Buy";"7082.0";"6964.4";"2018.03.13 18:30:00";"2018.03.19 08:05:00";"30.0";"-4627.95";"6999.50000";"7164.50000";"-42151.30";"0.00";"IST";"SL";"5d 13h 35m";"-1098.72"
"308";"USTEC_ICM_UTC2";"Buy";"6836.4";"6918.9";"2018.03.19 18:15:00";"2018.03.21 20:00:00";"30.0";"2108.76";"6753.89990";"6918.89990";"-40042.54";"0.00";"IST";"PT";"2d 1h 45m";"-366.24"
"309";"USTEC_ICM_UTC2";"Buy";"6890.2";"6807.7";"2018.03.21 20:30:00";"2018.03.22 09:51:00";"30.0";"-2658.12";"6807.70020";"6972.70020";"-42700.66";"0.00";"IST";"SL";"13h 21m";"-183.12"
"310";"USTEC_ICM_UTC2";"Buy";"6754.4";"6611.1";"2018.03.22 18:45:00";"2018.03.23 08:05:00";"30.0";"-4483.35";"6671.89990";"6836.89990";"-47184.01";"0.00";"IST";"SL";"13h 20m";"-183.12"
"311";"USTEC_ICM_UTC2";"Buy";"6614.6";"6532.1";"2018.03.23 18:45:00";"2018.03.23 21:46:00";"30.0";"-2475.00";"6532.10010";"6697.10010";"-49659.01";"0.00";"IST";"SL";"3h 1m";"-0.00"
"312";"USTEC_ICM_UTC2";"Buy";"6618.6";"6701.1";"2018.03.26 19:15:00";"2018.03.26 21:30:00";"30.0";"2475.00";"6536.10010";"6701.10010";"-47184.01";"0.00";"IST";"PT";"2h 15m";"-0.00"
"313";"USTEC_ICM_UTC2";"Buy";"6743.9";"6661.4";"2018.03.27 18:15:00";"2018.03.27 20:52:00";"30.0";"-2475.00";"6661.39990";"6826.39990";"-49659.01";"0.00";"IST";"SL";"2h 37m";"-0.00"
"314";"USTEC_ICM_UTC2";"Buy";"6495.1";"6577.6";"2018.03.28 18:45:00";"2018.03.29 20:44:00";"30.0";"2291.88";"6412.60010";"6577.60010";"-47367.13";"0.00";"IST";"PT";"1d 1h 59m";"-183.12"
"315";"USTEC_ICM_UTC2";"Buy";"6578.9";"6496.4";"2018.03.29 20:45:00";"2018.04.02 16:50:00";"30.0";"-3207.48";"6496.39990";"6661.39990";"-50574.61";"0.00";"IST";"SL";"3d 20h 5m";"-732.48"
"316";"USTEC_ICM_UTC2";"Buy";"6435.6";"6353.1";"2018.04.02 18:30:00";"2018.04.02 20:44:00";"30.0";"-2475.00";"6353.10010";"6518.10010";"-53049.61";"0.00";"IST";"SL";"2h 14m";"-0.00"
"317";"USTEC_ICM_UTC2";"Buy";"6445.1";"6362.6";"2018.04.03 18:15:00";"2018.04.03 21:44:00";"30.0";"-2475.00";"6362.60010";"6527.60010";"-55524.61";"0.00";"IST";"SL";"3h 29m";"-0.00"
"318";"USTEC_ICM_UTC2";"Buy";"6438.4";"6520.9";"2018.04.04 18:30:00";"2018.04.04 21:59:00";"30.0";"2475.00";"6355.89990";"6520.89990";"-53049.61";"0.00";"IST";"PT";"3h 29m";"-0.00"
"319";"USTEC_ICM_UTC2";"Buy";"6619.0";"6510.8";"2018.04.05 18:30:00";"2018.04.06 09:05:00";"30.0";"-3430.02";"6536.50000";"6701.50000";"-56479.63";"0.00";"IST";"SL";"14h 35m";"-183.12"
"320";"USTEC_ICM_UTC2";"Buy";"6547.1";"6464.6";"2018.04.06 19:00:00";"2018.04.06 20:53:00";"30.0";"-2475.00";"6464.60010";"6629.60010";"-58954.63";"0.00";"IST";"SL";"1h 53m";"-0.00"
"321";"USTEC_ICM_UTC2";"Buy";"6548.8";"6466.3";"2018.04.09 18:15:00";"2018.04.09 22:58:00";"30.0";"-2475.00";"6466.29980";"6631.29980";"-61429.63";"0.00";"IST";"SL";"4h 43m";"-0.00"
"322";"USTEC_ICM_UTC2";"Buy";"6582.0";"6664.5";"2018.04.10 18:15:00";"2018.04.12 17:00:00";"30.0";"2108.76";"6499.50000";"6664.50000";"-59320.87";"0.00";"IST";"PT";"1d 22h 45m";"-366.24"
"323";"USTEC_ICM_UTC2";"Buy";"6658.2";"6632.4";"2018.04.12 19:00:00";"2018.04.13 22:55:00";"30.0";"-957.12";"6575.70020";"6740.70020";"-60277.99";"0.00";"IST";"End Of Friday (Time)";"1d 3h 55m";"-183.12"
"324";"USTEC_ICM_UTC2";"Buy";"6639.7";"6722.2";"2018.04.16 18:15:00";"2018.04.17 07:57:00";"30.0";"2291.88";"6557.20020";"6722.20020";"-57986.11";"0.00";"IST";"PT";"13h 42m";"-183.12"
"325";"USTEC_ICM_UTC2";"Buy";"6792.5";"6710.0";"2018.04.17 18:15:00";"2018.04.20 17:04:00";"30.0";"-3024.36";"6710.00000";"6875.00000";"-61010.47";"0.00";"IST";"SL";"2d 22h 49m";"-549.36"
"326";"USTEC_ICM_UTC2";"Buy";"6680.8";"6662.9";"2018.04.20 18:15:00";"2018.04.20 22:55:00";"30.0";"-537.00";"6598.29980";"6763.29980";"-61547.47";"0.00";"IST";"End Of Friday (Time)";"4h 40m";"-0.00"
"327";"USTEC_ICM_UTC2";"Buy";"6720.1";"6637.6";"2018.04.23 18:30:00";"2018.04.23 21:08:00";"30.0";"-2475.00";"6637.60010";"6802.60010";"-64022.47";"0.00";"IST";"SL";"2h 38m";"-0.00"
"328";"USTEC_ICM_UTC2";"Buy";"6590.8";"6508.3";"2018.04.24 18:30:00";"2018.04.24 20:21:00";"30.0";"-2475.00";"6508.29980";"6673.29980";"-66497.47";"0.00";"IST";"SL";"1h 51m";"-0.00"
"329";"USTEC_ICM_UTC2";"Buy";"6532.7";"6615.2";"2018.04.25 18:15:00";"2018.04.26 17:05:00";"30.0";"2291.88";"6450.20020";"6615.20020";"-64205.59";"0.00";"IST";"PT";"22h 50m";"-183.12"
"330";"USTEC_ICM_UTC2";"Buy";"6634.8";"6717.3";"2018.04.26 18:15:00";"2018.04.26 23:04:00";"30.0";"2475.00";"6552.29980";"6717.29980";"-61730.59";"0.00";"IST";"PT";"4h 49m";"-0.00"
"331";"USTEC_ICM_UTC2";"Buy";"6651.9";"6659.7";"2018.04.27 18:45:00";"2018.04.27 22:55:00";"30.0";"234.00";"6569.39990";"6734.39990";"-61496.59";"0.00";"IST";"End Of Friday (Time)";"4h 10m";"-0.00"
"332";"USTEC_ICM_UTC2";"Buy";"6648.4";"6565.9";"2018.04.30 18:45:00";"2018.05.03 17:36:00";"30.0";"-3024.36";"6565.89990";"6730.89990";"-64520.95";"0.00";"IST";"SL";"2d 22h 51m";"-549.36"
"333";"USTEC_ICM_UTC2";"Buy";"6559.1";"6641.6";"2018.05.03 18:45:00";"2018.05.03 19:58:00";"30.0";"2475.00";"6476.60010";"6641.60010";"-62045.95";"0.00";"IST";"PT";"1h 13m";"-0.00"
"334";"USTEC_ICM_UTC2";"Buy";"6733.4";"6761.4";"2018.05.04 18:15:00";"2018.05.04 22:55:00";"30.0";"840.00";"6650.89990";"6815.89990";"-61205.95";"0.00";"IST";"End Of Friday (Time)";"4h 40m";"-0.00"
"335";"USTEC_ICM_UTC2";"Buy";"6837.3";"6919.8";"2018.05.07 18:15:00";"2018.05.10 16:36:00";"30.0";"1925.64";"6754.79980";"6919.79980";"-59280.31";"0.00";"IST";"PT";"2d 22h 21m";"-549.36"
"336";"USTEC_ICM_UTC2";"Buy";"6942.1";"6944.8";"2018.05.10 18:15:00";"2018.05.11 22:55:00";"30.0";"-102.12";"6859.60010";"7024.60010";"-59382.43";"0.00";"IST";"End Of Friday (Time)";"1d 4h 40m";"-183.12"
"337";"USTEC_ICM_UTC2";"Buy";"6997.3";"6914.8";"2018.05.14 18:15:00";"2018.05.15 15:48:00";"30.0";"-2658.12";"6914.79980";"7079.79980";"-62040.55";"0.00";"IST";"SL";"21h 33m";"-183.12"
"338";"USTEC_ICM_UTC2";"Buy";"6865.0";"6947.5";"2018.05.15 18:15:00";"2018.05.17 17:42:00";"30.0";"2108.76";"6782.50000";"6947.50000";"-59931.79";"0.00";"IST";"PT";"1d 23h 27m";"-366.24"
"339";"USTEC_ICM_UTC2";"Buy";"6945.1";"6862.6";"2018.05.17 18:15:00";"2018.05.18 15:50:00";"30.0";"-2658.12";"6862.60010";"7027.60010";"-62589.91";"0.00";"IST";"SL";"21h 35m";"-183.12"
"340";"USTEC_ICM_UTC2";"Buy";"6898.1";"6869.6";"2018.05.18 18:45:00";"2018.05.18 22:55:00";"30.0";"-855.00";"6815.60010";"6980.60010";"-63444.91";"0.00";"IST";"End Of Friday (Time)";"4h 10m";"-0.00"
"341";"USTEC_ICM_UTC2";"Buy";"6915.4";"6832.9";"2018.05.21 18:15:00";"2018.05.23 11:22:00";"30.0";"-2841.24";"6832.89990";"6997.89990";"-66286.16";"0.00";"IST";"SL";"1d 17h 7m";"-366.24"
"342";"USTEC_ICM_UTC2";"Buy";"6887.9";"6970.4";"2018.05.23 18:45:00";"2018.05.25 04:33:00";"30.0";"2108.76";"6805.39990";"6970.39990";"-64177.39";"0.00";"IST";"PT";"1d 9h 48m";"-366.24"
"343";"USTEC_ICM_UTC2";"Buy";"6972.0";"6960.3";"2018.05.25 18:15:00";"2018.05.25 22:55:00";"30.0";"-351.00";"6889.50000";"7054.50000";"-64528.39";"0.00";"IST";"End Of Friday (Time)";"4h 40m";"-0.00"
"344";"USTEC_ICM_UTC2";"Buy";"6990.3";"6907.8";"2018.05.28 18:15:00";"2018.05.29 11:29:00";"30.0";"-2658.12";"6907.79980";"7072.79980";"-67186.52";"0.00";"IST";"SL";"17h 14m";"-183.12"
"345";"USTEC_ICM_UTC2";"Buy";"6946.8";"7029.3";"2018.05.29 18:15:00";"2018.06.01 16:42:00";"30.0";"1925.64";"6864.29980";"7029.29980";"-65260.87";"0.00";"IST";"PT";"2d 22h 27m";"-549.36"
"346";"USTEC_ICM_UTC2";"Buy";"7061.8";"7078.0";"2018.06.01 18:30:00";"2018.06.01 22:55:00";"30.0";"486.00";"6979.29980";"7144.29980";"-64774.87";"0.00";"IST";"End Of Friday (Time)";"4h 25m";"-0.00"
"347";"USTEC_ICM_UTC2";"Buy";"7123.2";"7205.7";"2018.06.04 18:30:00";"2018.06.06 22:55:00";"30.0";"2108.76";"7040.70020";"7205.70020";"-62666.11";"0.00";"IST";"PT";"2d 4h 25m";"-366.24"
"348";"USTEC_ICM_UTC2";"Buy";"7161.0";"7078.5";"2018.06.07 18:45:00";"2018.06.08 11:19:00";"30.0";"-2658.12";"7078.50000";"7243.50000";"-65324.23";"0.00";"IST";"SL";"16h 34m";"-183.12"
"349";"USTEC_ICM_UTC2";"Buy";"7135.1";"7155.5";"2018.06.08 18:30:00";"2018.06.08 22:55:00";"30.0";"612.00";"7052.60010";"7217.60010";"-64712.23";"0.00";"IST";"End Of Friday (Time)";"4h 25m";"-0.00"
"350";"USTEC_ICM_UTC2";"Buy";"7167.3";"7249.8";"2018.06.11 18:30:00";"2018.06.13 18:15:00";"30.0";"2108.76";"7084.79980";"7249.79980";"-62603.47";"0.00";"IST";"PT";"1d 23h 45m";"-366.24"
"351";"USTEC_ICM_UTC2";"Buy";"7258.9";"7176.4";"2018.06.13 18:45:00";"2018.06.14 09:51:00";"30.0";"-2658.12";"7176.39990";"7341.39990";"-65261.59";"0.00";"IST";"SL";"15h 6m";"-183.12"
"352";"USTEC_ICM_UTC2";"Buy";"7276.0";"7252.0";"2018.06.14 19:00:00";"2018.06.15 22:55:00";"30.0";"-903.12";"7193.50000";"7358.50000";"-66164.71";"0.00";"IST";"End Of Friday (Time)";"1d 3h 55m";"-183.12"
"353";"USTEC_ICM_UTC2";"Buy";"7254.8";"7172.3";"2018.06.18 18:15:00";"2018.06.19 05:11:00";"30.0";"-2658.12";"7172.29980";"7337.29980";"-68822.84";"0.00";"IST";"SL";"10h 56m";"-183.12"
"354";"USTEC_ICM_UTC2";"Buy";"7188.9";"7271.4";"2018.06.19 18:30:00";"2018.06.20 16:35:00";"30.0";"2291.88";"7106.39990";"7271.39990";"-66530.95";"0.00";"IST";"PT";"22h 5m";"-183.12"
"355";"USTEC_ICM_UTC2";"Buy";"7283.3";"7200.8";"2018.06.20 18:30:00";"2018.06.22 01:02:00";"30.0";"-2841.24";"7200.79980";"7365.79980";"-69372.20";"0.00";"IST";"SL";"1d 6h 32m";"-366.24"
"356";"USTEC_ICM_UTC2";"Buy";"7204.9";"7207.5";"2018.06.22 18:30:00";"2018.06.22 22:55:00";"30.0";"78.00";"7122.39990";"7287.39990";"-69294.20";"0.00";"IST";"End Of Friday (Time)";"4h 25m";"-0.00"
"357";"USTEC_ICM_UTC2";"Buy";"7053.1";"6970.6";"2018.06.25 18:15:00";"2018.06.27 22:59:00";"30.0";"-2841.24";"6970.60010";"7135.60010";"-72135.43";"0.00";"IST";"SL";"2d 4h 44m";"-366.24"
"358";"USTEC_ICM_UTC2";"Buy";"6993.0";"7075.5";"2018.06.28 18:15:00";"2018.06.29 07:32:00";"30.0";"2291.88";"6910.50000";"7075.50000";"-69843.55";"0.00";"IST";"PT";"13h 17m";"-183.12"
"359";"USTEC_ICM_UTC2";"Buy";"7091.6";"7053.5";"2018.06.29 18:15:00";"2018.06.29 22:55:00";"30.0";"-1143.00";"7009.10010";"7174.10010";"-70986.55";"0.00";"IST";"End Of Friday (Time)";"4h 40m";"-0.00"
"360";"USTEC_ICM_UTC2";"Buy";"7035.3";"7117.8";"2018.07.02 18:15:00";"2018.07.03 10:09:00";"30.0";"2291.88";"6952.79980";"7117.79980";"-68694.67";"0.00";"IST";"PT";"15h 54m";"-183.12"
"361";"USTEC_ICM_UTC2";"Buy";"7079.9";"6996.9";"2018.07.03 18:15:00";"2018.07.04 01:02:00";"30.0";"-2674.32";"6997.39990";"7162.39990";"-71368.99";"0.00";"IST";"SL";"6h 47m";"-183.12"
"362";"USTEC_ICM_UTC2";"Buy";"7010.6";"7093.1";"2018.07.04 18:15:00";"2018.07.05 19:59:00";"30.0";"2291.88";"6928.10010";"7093.10010";"-69077.11";"0.00";"IST";"PT";"1d 1h 44m";"-183.12"
"363";"USTEC_ICM_UTC2";"Buy";"7092.0";"7174.5";"2018.07.05 20:00:00";"2018.07.06 18:26:00";"30.0";"2291.88";"7009.50000";"7174.50000";"-66785.23";"0.00";"IST";"PT";"22h 26m";"-183.12"
"364";"USTEC_ICM_UTC2";"Buy";"7179.1";"7202.9";"2018.07.06 18:30:00";"2018.07.06 22:55:00";"30.0";"714.00";"7096.60010";"7261.60010";"-66071.23";"0.00";"IST";"End Of Friday (Time)";"4h 25m";"-0.00"
"365";"USTEC_ICM_UTC2";"Buy";"7245.6";"7328.1";"2018.07.09 18:30:00";"2018.07.12 17:36:00";"30.0";"1925.64";"7163.10010";"7328.10010";"-64145.59";"0.00";"IST";"PT";"2d 23h 6m";"-549.36"
"366";"USTEC_ICM_UTC2";"Buy";"7331.1";"7378.1";"2018.07.12 18:15:00";"2018.07.13 22:55:00";"30.0";"1226.88";"7248.60010";"7413.60010";"-62918.71";"0.00";"IST";"End Of Friday (Time)";"1d 4h 40m";"-183.12"
"367";"USTEC_ICM_UTC2";"Buy";"7368.1";"7285.6";"2018.07.16 18:19:00";"2018.07.17 09:02:00";"30.0";"-2658.12";"7285.60010";"7450.60010";"-65576.84";"0.00";"IST";"SL";"14h 43m";"-183.12"
"368";"USTEC_ICM_UTC2";"Buy";"7363.2";"7345.9";"2018.07.17 18:15:00";"2018.07.20 22:55:00";"30.0";"-1068.36";"7280.70020";"7445.70020";"-66645.20";"0.00";"IST";"End Of Friday (Time)";"3d 4h 40m";"-549.36"
"369";"USTEC_ICM_UTC2";"Buy";"7337.6";"7420.1";"2018.07.23 18:15:00";"2018.07.24 02:43:00";"30.0";"2291.88";"7255.10010";"7420.10010";"-64353.31";"0.00";"IST";"PT";"8h 28m";"-183.12"
"370";"USTEC_ICM_UTC2";"Buy";"7427.3";"7509.8";"2018.07.24 19:15:00";"2018.07.25 22:50:00";"30.0";"2291.88";"7344.79980";"7509.79980";"-62061.43";"0.00";"IST";"PT";"1d 3h 35m";"-183.12"
"371";"USTEC_ICM_UTC2";"Buy";"7424.4";"7341.9";"2018.07.26 18:30:00";"2018.07.27 19:02:00";"30.0";"-2658.12";"7341.89990";"7506.89990";"-64719.55";"0.00";"IST";"SL";"1d 0h 32m";"-183.12"
"372";"USTEC_ICM_UTC2";"Buy";"7341.9";"7259.4";"2018.07.27 19:15:00";"2018.07.27 20:01:00";"30.0";"-2475.00";"7259.39990";"7424.39990";"-67194.55";"0.00";"IST";"SL";"46m 0s";"-0.00"
"373";"USTEC_ICM_UTC2";"Buy";"7192.5";"7282.1";"2018.07.30 19:15:00";"2018.08.01 01:00:00";"30.0";"2320.86";"7110.00000";"7275.00000";"-64873.70";"0.00";"IST";"PT";"1d 5h 45m";"-366.24"
"374";"USTEC_ICM_UTC2";"Buy";"7258.2";"7340.7";"2018.08.01 19:45:00";"2018.08.02 19:14:00";"30.0";"2291.88";"7175.70020";"7340.70020";"-62581.81";"0.00";"IST";"PT";"23h 29m";"-183.12"
"375";"USTEC_ICM_UTC2";"Buy";"7342.0";"7391.5";"2018.08.02 19:15:00";"2018.08.03 22:55:00";"30.0";"1301.88";"7259.50000";"7424.50000";"-61279.93";"0.00";"IST";"End Of Friday (Time)";"1d 3h 40m";"-183.12"
"376";"USTEC_ICM_UTC2";"Buy";"7414.5";"7497.0";"2018.08.06 18:45:00";"2018.08.09 20:50:00";"30.0";"1925.64";"7332.00000";"7497.00000";"-59354.29";"0.00";"IST";"PT";"3d 2h 5m";"-549.36"
"377";"USTEC_ICM_UTC2";"Buy";"7497.3";"7414.8";"2018.08.09 21:00:00";"2018.08.10 13:04:00";"30.0";"-2658.12";"7414.79980";"7579.79980";"-62012.41";"0.00";"IST";"SL";"16h 4m";"-183.12"
"378";"USTEC_ICM_UTC2";"Buy";"7421.6";"7408.6";"2018.08.10 18:15:00";"2018.08.10 22:55:00";"30.0";"-390.00";"7339.10010";"7504.10010";"-62402.41";"0.00";"IST";"End Of Friday (Time)";"4h 40m";"-0.00"
"379";"USTEC_ICM_UTC2";"Buy";"7408.8";"7326.3";"2018.08.13 19:30:00";"2018.08.15 17:17:00";"30.0";"-2841.24";"7326.29980";"7491.29980";"-65243.65";"0.00";"IST";"SL";"1d 21h 47m";"-366.24"
"380";"USTEC_ICM_UTC2";"Buy";"7331.1";"7413.6";"2018.08.15 18:45:00";"2018.08.16 13:06:00";"30.0";"2291.88";"7248.60010";"7413.60010";"-62951.77";"0.00";"IST";"PT";"18h 21m";"-183.12"
"381";"USTEC_ICM_UTC2";"Buy";"7410.4";"7327.9";"2018.08.16 18:15:00";"2018.08.17 17:10:00";"30.0";"-2658.12";"7327.89990";"7492.89990";"-65609.89";"0.00";"IST";"SL";"22h 55m";"-183.12"
"382";"USTEC_ICM_UTC2";"Buy";"7331.5";"7381.5";"2018.08.17 18:15:00";"2018.08.17 22:55:00";"30.0";"1500.00";"7249.00000";"7414.00000";"-64109.89";"0.00";"IST";"End Of Friday (Time)";"4h 40m";"-0.00"
"383";"USTEC_ICM_UTC2";"Buy";"7347.6";"7430.1";"2018.08.20 18:15:00";"2018.08.21 19:01:00";"30.0";"2291.88";"7265.10010";"7430.10010";"-61818.02";"0.00";"IST";"PT";"1d 0h 46m";"-183.12"
"384";"USTEC_ICM_UTC2";"Buy";"7431.4";"7348.9";"2018.08.21 19:15:00";"2018.08.22 02:04:00";"30.0";"-2658.12";"7348.89990";"7513.89990";"-64476.13";"0.00";"IST";"SL";"6h 49m";"-183.12"
"385";"USTEC_ICM_UTC2";"Buy";"7420.3";"7487.2";"2018.08.22 18:15:00";"2018.08.24 22:55:00";"30.0";"1640.76";"7337.79980";"7502.79980";"-62835.38";"0.00";"IST";"End Of Friday (Time)";"2d 4h 40m";"-366.24"
"386";"USTEC_ICM_UTC2";"Buy";"7550.3";"7632.8";"2018.08.27 18:30:00";"2018.08.29 17:48:00";"30.0";"2108.76";"7467.79980";"7632.79980";"-60726.61";"0.00";"IST";"PT";"1d 23h 18m";"-366.24"
"387";"USTEC_ICM_UTC2";"Buy";"7633.2";"7656.4";"2018.08.29 18:15:00";"2018.08.31 22:55:00";"30.0";"329.76";"7550.70020";"7715.70020";"-60396.86";"0.00";"IST";"End Of Friday (Time)";"2d 4h 40m";"-366.24"
"388";"USTEC_ICM_UTC2";"Buy";"7671.7";"7589.2";"2018.09.03 18:15:00";"2018.09.04 16:40:00";"30.0";"-2658.12";"7589.20020";"7754.20020";"-63054.97";"0.00";"IST";"SL";"22h 25m";"-183.12"
"389";"USTEC_ICM_UTC2";"Buy";"7632.0";"7549.5";"2018.09.04 18:30:00";"2018.09.05 17:01:00";"30.0";"-2658.12";"7549.50000";"7714.50000";"-65713.09";"0.00";"IST";"SL";"22h 31m";"-183.12"
"390";"USTEC_ICM_UTC2";"Buy";"7504.4";"7421.9";"2018.09.05 18:30:00";"2018.09.06 17:53:00";"30.0";"-2658.12";"7421.89990";"7586.89990";"-68371.21";"0.00";"IST";"SL";"23h 23m";"-183.12"
"391";"USTEC_ICM_UTC2";"Buy";"7422.0";"7426.2";"2018.09.06 18:15:00";"2018.09.07 22:55:00";"30.0";"-57.12";"7339.50000";"7504.50000";"-68428.34";"0.00";"IST";"End Of Friday (Time)";"1d 4h 40m";"-183.12"
"392";"USTEC_ICM_UTC2";"Buy";"7443.6";"7526.1";"2018.09.10 18:15:00";"2018.09.12 10:49:00";"30.0";"2108.76";"7361.10010";"7526.10010";"-66319.58";"0.00";"IST";"PT";"1d 16h 34m";"-366.24"
"393";"USTEC_ICM_UTC2";"Buy";"7470.6";"7553.1";"2018.09.12 18:45:00";"2018.09.13 16:36:00";"30.0";"2291.88";"7388.10010";"7553.10010";"-64027.70";"0.00";"IST";"PT";"21h 51m";"-183.12"
"394";"USTEC_ICM_UTC2";"Buy";"7562.9";"7549.9";"2018.09.13 18:45:00";"2018.09.14 22:55:00";"30.0";"-573.12";"7480.39990";"7645.39990";"-64600.82";"0.00";"IST";"End Of Friday (Time)";"1d 4h 10m";"-183.12"
"395";"USTEC_ICM_UTC2";"Buy";"7477.3";"7394.8";"2018.09.17 18:45:00";"2018.09.18 01:59:00";"30.0";"-2658.12";"7394.79980";"7559.79980";"-67258.94";"0.00";"IST";"SL";"7h 14m";"-183.12"
"396";"USTEC_ICM_UTC2";"Buy";"7523.9";"7441.4";"2018.09.18 18:30:00";"2018.09.19 17:20:00";"30.0";"-2658.12";"7441.39990";"7606.39990";"-69917.05";"0.00";"IST";"SL";"22h 50m";"-183.12"
"397";"USTEC_ICM_UTC2";"Buy";"7479.1";"7561.6";"2018.09.19 18:15:00";"2018.09.20 17:01:00";"30.0";"2291.88";"7396.60010";"7561.60010";"-67625.17";"0.00";"IST";"PT";"22h 46m";"-183.12"
"398";"USTEC_ICM_UTC2";"Buy";"7565.6";"7533.3";"2018.09.20 18:30:00";"2018.09.21 22:55:00";"30.0";"-1152.12";"7483.10010";"7648.10010";"-68777.30";"0.00";"IST";"End Of Friday (Time)";"1d 4h 25m";"-183.12"
"399";"USTEC_ICM_UTC2";"Buy";"7502.6";"7585.1";"2018.09.24 18:15:00";"2018.09.26 05:23:00";"30.0";"2108.76";"7420.10010";"7585.10010";"-66668.53";"0.00";"IST";"PT";"1d 11h 8m";"-366.24"
"400";"USTEC_ICM_UTC2";"Buy";"7602.3";"7621.6";"2018.09.26 18:15:00";"2018.09.28 22:55:00";"30.0";"212.76";"7519.79980";"7684.79980";"-66455.77";"0.00";"IST";"End Of Friday (Time)";"2d 4h 40m";"-366.24"
"401";"USTEC_ICM_UTC2";"Buy";"7691.6";"7609.1";"2018.10.01 18:15:00";"2018.10.02 11:49:00";"30.0";"-2658.12";"7609.10010";"7774.10010";"-69113.90";"0.00";"IST";"SL";"17h 34m";"-183.12"
"402";"USTEC_ICM_UTC2";"Buy";"7666.7";"7584.2";"2018.10.02 18:15:00";"2018.10.04 09:16:00";"30.0";"-2841.24";"7584.20020";"7749.20020";"-71955.13";"0.00";"IST";"SL";"1d 15h 1m";"-366.24"
"403";"USTEC_ICM_UTC2";"Buy";"7516.4";"7433.9";"2018.10.04 18:30:00";"2018.10.04 21:20:00";"30.0";"-2475.00";"7433.89990";"7598.89990";"-74430.13";"0.00";"IST";"SL";"2h 50m";"-0.00"
"404";"USTEC_ICM_UTC2";"Buy";"7368.8";"7414.3";"2018.10.05 21:15:00";"2018.10.05 22:55:00";"30.0";"1365.00";"7286.29980";"7451.29980";"-73065.13";"0.00";"IST";"End Of Friday (Time)";"1h 40m";"-0.00"
"405";"USTEC_ICM_UTC2";"Buy";"7309.8";"7392.3";"2018.10.08 19:45:00";"2018.10.09 17:00:00";"30.0";"2291.88";"7227.29980";"7392.29980";"-70773.26";"0.00";"IST";"PT";"21h 15m";"-183.12"
"406";"USTEC_ICM_UTC2";"Buy";"7394.6";"7312.1";"2018.10.09 18:15:00";"2018.10.10 16:32:00";"30.0";"-2658.12";"7312.10010";"7477.10010";"-73431.38";"0.00";"IST";"SL";"22h 17m";"-183.12"
"407";"USTEC_ICM_UTC2";"Buy";"7204.9";"7122.4";"2018.10.10 18:15:00";"2018.10.10 22:13:00";"30.0";"-2475.00";"7122.39990";"7287.39990";"-75906.38";"0.00";"IST";"SL";"3h 58m";"-0.00"
"408";"USTEC_ICM_UTC2";"Buy";"6965.3";"7047.8";"2018.10.11 18:15:00";"2018.10.11 18:47:00";"30.0";"2475.00";"6882.79980";"7047.79980";"-73431.38";"0.00";"IST";"PT";"32m 0s";"-0.00"
"409";"USTEC_ICM_UTC2";"Buy";"7135.1";"7052.6";"2018.10.12 18:15:00";"2018.10.12 19:37:00";"30.0";"-2475.00";"7052.60010";"7217.60010";"-75906.38";"0.00";"IST";"SL";"1h 22m";"-0.00"
"410";"USTEC_ICM_UTC2";"Buy";"7121.2";"7203.7";"2018.10.15 18:15:00";"2018.10.16 18:24:00";"30.0";"2291.88";"7038.70020";"7203.70020";"-73614.49";"0.00";"IST";"PT";"1d 0h 9m";"-183.12"
"411";"USTEC_ICM_UTC2";"Buy";"7207.7";"7290.2";"2018.10.16 18:30:00";"2018.10.16 22:50:00";"30.0";"2475.00";"7125.20020";"7290.20020";"-71139.49";"0.00";"IST";"PT";"4h 20m";"-0.00"
"412";"USTEC_ICM_UTC2";"Buy";"7244.4";"7161.9";"2018.10.17 18:15:00";"2018.10.18 18:32:00";"30.0";"-2658.12";"7161.89990";"7326.89990";"-73797.62";"0.00";"IST";"SL";"1d 0h 17m";"-183.12"
"413";"USTEC_ICM_UTC2";"Buy";"7141.0";"7223.5";"2018.10.18 20:00:00";"2018.10.19 17:03:00";"30.0";"2291.88";"7058.50000";"7223.50000";"-71505.73";"0.00";"IST";"PT";"21h 3m";"-183.12"
"414";"USTEC_ICM_UTC2";"Buy";"7200.0";"7117.5";"2018.10.19 18:15:00";"2018.10.19 19:24:00";"30.0";"-2475.00";"7117.50000";"7282.50000";"-73980.73";"0.00";"IST";"SL";"1h 9m";"-0.00"
"415";"USTEC_ICM_UTC2";"Buy";"7165.9";"7083.4";"2018.10.22 18:15:00";"2018.10.23 05:40:00";"30.0";"-2658.12";"7083.39990";"7248.39990";"-76638.86";"0.00";"IST";"SL";"11h 25m";"-183.12"
"416";"USTEC_ICM_UTC2";"Buy";"6990.4";"7072.9";"2018.10.23 18:15:00";"2018.10.23 20:03:00";"30.0";"2475.00";"6907.89990";"7072.89990";"-74163.86";"0.00";"IST";"PT";"1h 48m";"-0.00"
"417";"USTEC_ICM_UTC2";"Buy";"7015.6";"6933.1";"2018.10.24 19:30:00";"2018.10.24 20:58:00";"30.0";"-2475.00";"6933.10010";"7098.10010";"-76638.86";"0.00";"IST";"SL";"1h 28m";"-0.00"
"418";"USTEC_ICM_UTC2";"Buy";"6957.2";"7039.7";"2018.10.25 18:15:00";"2018.10.25 21:34:00";"30.0";"2475.00";"6874.70020";"7039.70020";"-74163.86";"0.00";"IST";"PT";"3h 19m";"-0.00"
"419";"USTEC_ICM_UTC2";"Buy";"6827.0";"6909.5";"2018.10.26 18:45:00";"2018.10.26 19:43:00";"30.0";"2475.00";"6744.50000";"6909.50000";"-71688.86";"0.00";"IST";"PT";"58m 0s";"-0.00"
"420";"USTEC_ICM_UTC2";"Buy";"6816.8";"6734.3";"2018.10.29 18:15:00";"2018.10.29 20:51:00";"30.0";"-2475.00";"6734.29980";"6899.29980";"-74163.86";"0.00";"IST";"SL";"2h 36m";"-0.00"
"421";"USTEC_ICM_UTC2";"Buy";"6749.8";"6832.3";"2018.10.30 18:15:00";"2018.10.30 22:05:00";"30.0";"2475.00";"6667.29980";"6832.29980";"-71688.86";"0.00";"IST";"PT";"3h 50m";"-0.00"
"422";"USTEC_ICM_UTC2";"Buy";"6983.0";"7065.5";"2018.10.31 18:45:00";"2018.11.01 21:44:00";"30.0";"2291.88";"6900.50000";"7065.50000";"-69396.98";"0.00";"IST";"PT";"1d 2h 59m";"-183.12"
"423";"USTEC_ICM_UTC2";"Buy";"7067.7";"6967.0";"2018.11.01 22:00:00";"2018.11.02 00:00:00";"30.0";"-3205.32";"6985.20020";"7150.20020";"-72602.30";"0.00";"IST";"SL";"2h 0m";"-183.12"
"424";"USTEC_ICM_UTC2";"Buy";"6965.5";"6883.0";"2018.11.02 18:15:00";"2018.11.05 17:03:00";"30.0";"-3024.36";"6883.00000";"7048.00000";"-75626.66";"0.00";"IST";"SL";"2d 22h 48m";"-549.36"
"425";"USTEC_ICM_UTC2";"Buy";"6902.9";"6985.4";"2018.11.05 18:15:00";"2018.11.06 16:35:00";"30.0";"2291.88";"6820.39990";"6985.39990";"-73334.77";"0.00";"IST";"PT";"22h 20m";"-183.12"
"426";"USTEC_ICM_UTC2";"Buy";"6976.4";"7058.9";"2018.11.06 19:00:00";"2018.11.07 04:07:00";"30.0";"2291.88";"6893.89990";"7058.89990";"-71042.90";"0.00";"IST";"PT";"9h 7m";"-183.12"
"427";"USTEC_ICM_UTC2";"Buy";"7146.8";"7064.3";"2018.11.07 18:15:00";"2018.11.09 16:42:00";"30.0";"-2841.24";"7064.29980";"7229.29980";"-73884.13";"0.00";"IST";"SL";"1d 22h 27m";"-366.24"
"428";"USTEC_ICM_UTC2";"Buy";"7033.5";"7049.6";"2018.11.09 18:15:00";"2018.11.09 22:55:00";"30.0";"483.00";"6951.00000";"7116.00000";"-73401.13";"0.00";"IST";"End Of Friday (Time)";"4h 40m";"-0.00"
"429";"USTEC_ICM_UTC2";"Buy";"6877.1";"6794.6";"2018.11.12 19:15:00";"2018.11.13 03:02:00";"30.0";"-2658.12";"6794.60010";"6959.60010";"-76059.26";"0.00";"IST";"SL";"7h 47m";"-183.12"
"430";"USTEC_ICM_UTC2";"Buy";"6934.8";"6852.3";"2018.11.13 18:15:00";"2018.11.13 20:14:00";"30.0";"-2475.00";"6852.29980";"7017.29980";"-78534.26";"0.00";"IST";"SL";"1h 59m";"-0.00"
"431";"USTEC_ICM_UTC2";"Buy";"6793.3";"6710.8";"2018.11.14 18:15:00";"2018.11.15 17:34:00";"30.0";"-2658.12";"6710.79980";"6875.79980";"-81192.38";"0.00";"IST";"SL";"23h 19m";"-183.12"
"432";"USTEC_ICM_UTC2";"Buy";"6791.6";"6874.1";"2018.11.15 18:30:00";"2018.11.15 20:55:00";"30.0";"2475.00";"6709.10010";"6874.10010";"-78717.38";"0.00";"IST";"PT";"2h 25m";"-0.00"
"433";"USTEC_ICM_UTC2";"Buy";"6849.1";"6874.8";"2018.11.16 18:15:00";"2018.11.16 22:55:00";"30.0";"771.00";"6766.60010";"6931.60010";"-77946.38";"0.00";"IST";"End Of Friday (Time)";"4h 40m";"-0.00"
"434";"USTEC_ICM_UTC2";"Buy";"6713.9";"6631.4";"2018.11.19 18:30:00";"2018.11.19 21:04:00";"30.0";"-2475.00";"6631.39990";"6796.39990";"-80421.38";"0.00";"IST";"SL";"2h 34m";"-0.00"
"435";"USTEC_ICM_UTC2";"Buy";"6577.4";"6494.9";"2018.11.20 18:15:00";"2018.11.20 22:05:00";"30.0";"-2475.00";"6494.89990";"6659.89990";"-82896.38";"0.00";"IST";"SL";"3h 50m";"-0.00"
"436";"USTEC_ICM_UTC2";"Buy";"6621.9";"6539.4";"2018.11.21 18:45:00";"2018.11.22 10:55:00";"30.0";"-2658.12";"6539.39990";"6704.39990";"-85554.50";"0.00";"IST";"SL";"16h 10m";"-183.12"
"437";"USTEC_ICM_UTC2";"Buy";"6521.8";"6604.3";"2018.11.22 19:00:00";"2018.11.26 10:01:00";"30.0";"1742.52";"6439.29980";"6604.29980";"-83811.98";"0.00";"IST";"PT";"3d 15h 1m";"-732.48"
"438";"USTEC_ICM_UTC2";"Buy";"6640.3";"6722.8";"2018.11.26 18:30:00";"2018.11.28 06:21:00";"30.0";"2108.76";"6557.79980";"6722.79980";"-81703.22";"0.00";"IST";"PT";"1d 11h 51m";"-366.24"
"439";"USTEC_ICM_UTC2";"Buy";"6735.4";"6817.9";"2018.11.28 18:45:00";"2018.11.28 19:09:00";"30.0";"2475.00";"6652.89990";"6817.89990";"-79228.22";"0.00";"IST";"PT";"24m 0s";"-0.00"
"440";"USTEC_ICM_UTC2";"Buy";"6857.7";"6940.2";"2018.11.29 18:15:00";"2018.11.30 22:30:00";"30.0";"2291.88";"6775.20020";"6940.20020";"-76936.34";"0.00";"IST";"PT";"1d 4h 15m";"-183.12"
"441";"USTEC_ICM_UTC2";"Buy";"6936.2";"6925.4";"2018.11.30 22:45:00";"2018.11.30 22:55:00";"30.0";"-324.00";"6853.70020";"7018.70020";"-77260.34";"0.00";"IST";"End Of Friday (Time)";"10m 0s";"-0.00"
"442";"USTEC_ICM_UTC2";"Buy";"7026.9";"6944.4";"2018.12.03 19:00:00";"2018.12.04 19:08:00";"30.0";"-2658.12";"6944.39990";"7109.39990";"-79918.45";"0.00";"IST";"SL";"1d 0h 8m";"-183.12"
"443";"USTEC_ICM_UTC2";"Buy";"6851.7";"6769.2";"2018.12.04 20:30:00";"2018.12.06 01:00:00";"30.0";"-2841.24";"6769.20020";"6934.20020";"-82759.70";"0.00";"IST";"SL";"1d 4h 30m";"-366.24"
"444";"USTEC_ICM_UTC2";"Buy";"6718.0";"6800.5";"2018.12.06 19:15:00";"2018.12.06 22:32:00";"30.0";"2475.00";"6635.50000";"6800.50000";"-80284.70";"0.00";"IST";"PT";"3h 17m";"-0.00"
"445";"USTEC_ICM_UTC2";"Buy";"6695.5";"6613.0";"2018.12.07 19:15:00";"2018.12.07 21:55:00";"30.0";"-2475.00";"6613.00000";"6778.00000";"-82759.70";"0.00";"IST";"SL";"2h 40m";"-0.00"
"446";"USTEC_ICM_UTC2";"Buy";"6589.0";"6671.5";"2018.12.10 19:15:00";"2018.12.10 21:09:00";"30.0";"2475.00";"6506.50000";"6671.50000";"-80284.70";"0.00";"IST";"PT";"1h 54m";"-0.00"
"447";"USTEC_ICM_UTC2";"Buy";"6708.4";"6790.9";"2018.12.11 19:30:00";"2018.12.12 11:49:00";"30.0";"2291.88";"6625.89990";"6790.89990";"-77992.82";"0.00";"IST";"PT";"16h 19m";"-183.12"
"448";"USTEC_ICM_UTC2";"Buy";"6849.0";"6766.5";"2018.12.12 18:30:00";"2018.12.12 22:59:00";"30.0";"-2475.00";"6766.50000";"6931.50000";"-80467.82";"0.00";"IST";"SL";"4h 29m";"-0.00"
"449";"USTEC_ICM_UTC2";"Buy";"6746.3";"6663.8";"2018.12.13 19:15:00";"2018.12.14 10:38:00";"30.0";"-2658.12";"6663.79980";"6828.79980";"-83125.94";"0.00";"IST";"SL";"15h 23m";"-183.12"
"450";"USTEC_ICM_UTC2";"Buy";"6680.3";"6597.8";"2018.12.14 18:30:00";"2018.12.14 21:51:00";"30.0";"-2475.00";"6597.79980";"6762.79980";"-85600.94";"0.00";"IST";"SL";"3h 21m";"-0.00"
"451";"USTEC_ICM_UTC2";"Buy";"6598.1";"6515.6";"2018.12.17 18:30:00";"2018.12.17 20:20:00";"30.0";"-2475.00";"6515.60010";"6680.60010";"-88075.94";"0.00";"IST";"SL";"1h 50m";"-0.00"
"452";"USTEC_ICM_UTC2";"Buy";"6512.8";"6430.3";"2018.12.18 18:15:00";"2018.12.19 21:12:00";"30.0";"-2658.12";"6430.29980";"6595.29980";"-90734.05";"0.00";"IST";"SL";"1d 2h 57m";"-183.12"
"453";"USTEC_ICM_UTC2";"Buy";"6438.9";"6521.4";"2018.12.19 21:15:00";"2018.12.19 21:36:00";"30.0";"2475.00";"6356.39990";"6521.39990";"-88259.05";"0.00";"IST";"PT";"21m 0s";"-0.00"
"454";"USTEC_ICM_UTC2";"Buy";"6263.9";"6181.4";"2018.12.20 20:00:00";"2018.12.20 21:10:00";"30.0";"-2475.00";"6181.39990";"6346.39990";"-90734.05";"0.00";"IST";"SL";"1h 10m";"-0.00"
"455";"USTEC_ICM_UTC2";"Buy";"6127.0";"6044.5";"2018.12.21 19:15:00";"2018.12.21 22:26:00";"30.0";"-2475.00";"6044.50000";"6209.50000";"-93209.05";"0.00";"IST";"SL";"3h 11m";"-0.00"
"456";"USTEC_ICM_UTC2";"Buy";"6020.5";"5938.0";"2018.12.24 18:15:00";"2018.12.24 19:21:00";"30.0";"-2475.00";"5938.00000";"6103.00000";"-95684.05";"0.00";"IST";"SL";"1h 6m";"-0.00"
"457";"USTEC_ICM_UTC2";"Buy";"6021.3";"6103.8";"2018.12.26 18:45:00";"2018.12.26 19:45:00";"30.0";"2475.00";"5938.79980";"6103.79980";"-93209.05";"0.00";"IST";"PT";"1h 0m";"-0.00"
"458";"USTEC_ICM_UTC2";"Buy";"6155.1";"6072.6";"2018.12.27 18:30:00";"2018.12.27 20:48:00";"30.0";"-2475.00";"6072.60010";"6237.60010";"-95684.05";"0.00";"IST";"SL";"2h 18m";"-0.00"
"459";"USTEC_ICM_UTC2";"Buy";"6288.0";"6370.5";"2018.12.28 18:30:00";"2018.12.28 21:44:00";"30.0";"2475.00";"6205.50000";"6370.50000";"-93209.05";"0.00";"IST";"PT";"3h 14m";"-0.00"
"460";"USTEC_ICM_UTC2";"Buy";"6317.6";"6235.1";"2018.12.31 19:30:00";"2019.01.02 09:21:00";"30.0";"-2841.24";"6235.10010";"6400.10010";"-96050.30";"0.00";"IST";"SL";"1d 13h 51m";"-366.24"
"461";"USTEC_ICM_UTC2";"Buy";"6341.7";"6221.8";"2019.01.02 18:15:00";"2019.01.03 01:00:00";"30.0";"-3781.02";"6259.20020";"6424.20020";"-99831.32";"0.00";"IST";"SL";"6h 45m";"-183.12"
"462";"USTEC_ICM_UTC2";"Buy";"6260.5";"6178.0";"2019.01.03 18:45:00";"2019.01.03 20:53:00";"30.0";"-2475.00";"6178.00000";"6343.00000";"-102306.32";"0.00";"IST";"SL";"2h 8m";"-0.00"
"463";"USTEC_ICM_UTC2";"Buy";"6385.4";"6407.0";"2019.01.04 18:15:00";"2019.01.04 22:55:00";"30.0";"648.00";"6302.89990";"6467.89990";"-101658.32";"0.00";"IST";"End Of Friday (Time)";"4h 40m";"-0.00"
"464";"USTEC_ICM_UTC2";"Buy";"6464.6";"6547.1";"2019.01.07 18:15:00";"2019.01.08 16:05:00";"30.0";"2291.88";"6382.10010";"6547.10010";"-99366.44";"0.00";"IST";"PT";"21h 50m";"-183.12"
"465";"USTEC_ICM_UTC2";"Buy";"6491.2";"6573.7";"2019.01.08 18:45:00";"2019.01.09 03:19:00";"30.0";"2291.88";"6408.70020";"6573.70020";"-97074.55";"0.00";"IST";"PT";"8h 34m";"-183.12"
"466";"USTEC_ICM_UTC2";"Buy";"6588.8";"6601.4";"2019.01.09 18:45:00";"2019.01.11 22:55:00";"30.0";"11.76";"6506.29980";"6671.29980";"-97062.80";"0.00";"IST";"End Of Friday (Time)";"2d 4h 10m";"-366.24"
"467";"USTEC_ICM_UTC2";"Buy";"6554.6";"6637.1";"2019.01.14 18:15:00";"2019.01.15 17:00:00";"30.0";"2291.88";"6472.10010";"6637.10010";"-94770.91";"0.00";"IST";"PT";"22h 45m";"-183.12"
"468";"USTEC_ICM_UTC2";"Buy";"6650.0";"6732.5";"2019.01.15 18:45:00";"2019.01.17 21:45:00";"30.0";"2108.76";"6567.50000";"6732.50000";"-92662.16";"0.00";"IST";"PT";"2d 3h 0m";"-366.24"
"469";"USTEC_ICM_UTC2";"Buy";"6699.3";"6781.8";"2019.01.17 22:15:00";"2019.01.18 17:45:00";"30.0";"2291.88";"6616.79980";"6781.79980";"-90370.27";"0.00";"IST";"PT";"19h 30m";"-183.12"
"470";"USTEC_ICM_UTC2";"Buy";"6793.9";"6768.6";"2019.01.18 18:15:00";"2019.01.18 22:55:00";"30.0";"-759.00";"6711.39990";"6876.39990";"-91129.27";"0.00";"IST";"End Of Friday (Time)";"4h 40m";"-0.00"
"471";"USTEC_ICM_UTC2";"Buy";"6749.6";"6667.1";"2019.01.21 19:00:00";"2019.01.22 19:02:00";"30.0";"-2658.12";"6667.10010";"6832.10010";"-93787.40";"0.00";"IST";"SL";"1d 0h 2m";"-183.12"
"472";"USTEC_ICM_UTC2";"Buy";"6646.0";"6728.5";"2019.01.22 20:15:00";"2019.01.25 05:40:00";"30.0";"1925.64";"6563.50000";"6728.50000";"-91861.76";"0.00";"IST";"PT";"2d 9h 25m";"-549.36"
"473";"USTEC_ICM_UTC2";"Buy";"6779.4";"6778.4";"2019.01.25 18:15:00";"2019.01.25 22:55:00";"30.0";"-30.00";"6696.89990";"6861.89990";"-91891.76";"0.00";"IST";"End Of Friday (Time)";"4h 40m";"-0.00"
"474";"USTEC_ICM_UTC2";"Buy";"6683.5";"6766.0";"2019.01.28 18:15:00";"2019.01.30 21:00:00";"30.0";"2108.76";"6601.00000";"6766.00000";"-89783.00";"0.00";"IST";"PT";"2d 2h 45m";"-366.24"
"475";"USTEC_ICM_UTC2";"Buy";"6799.7";"6882.2";"2019.01.30 21:45:00";"2019.01.31 17:18:00";"30.0";"2291.88";"6717.20020";"6882.20020";"-87491.12";"0.00";"IST";"PT";"19h 33m";"-183.12"
"476";"USTEC_ICM_UTC2";"Buy";"6901.0";"6870.9";"2019.01.31 18:15:00";"2019.02.01 22:55:00";"30.0";"-1086.12";"6818.50000";"6983.50000";"-88577.23";"0.00";"IST";"End Of Friday (Time)";"1d 4h 40m";"-183.12"
"477";"USTEC_ICM_UTC2";"Buy";"6937.1";"7019.6";"2019.02.04 18:15:00";"2019.02.05 17:43:00";"30.0";"2291.88";"6854.60010";"7019.60010";"-86285.36";"0.00";"IST";"PT";"23h 28m";"-183.12"
"478";"USTEC_ICM_UTC2";"Buy";"7010.2";"6927.7";"2019.02.05 18:15:00";"2019.02.07 16:30:00";"30.0";"-2841.24";"6927.70020";"7092.70020";"-89126.59";"0.00";"IST";"SL";"1d 22h 15m";"-366.24"
"479";"USTEC_ICM_UTC2";"Buy";"6906.8";"6893.8";"2019.02.07 18:15:00";"2019.02.08 22:55:00";"30.0";"-573.12";"6824.29980";"6989.29980";"-89699.72";"0.00";"IST";"End Of Friday (Time)";"1d 4h 40m";"-183.12"
"480";"USTEC_ICM_UTC2";"Buy";"6917.6";"7000.1";"2019.02.11 18:30:00";"2019.02.12 17:57:00";"30.0";"2291.88";"6835.10010";"7000.10010";"-87407.84";"0.00";"IST";"PT";"23h 27m";"-183.12"
"481";"USTEC_ICM_UTC2";"Buy";"7005.3";"7087.8";"2019.02.12 18:30:00";"2019.02.15 16:28:00";"30.0";"1925.64";"6922.79980";"7087.79980";"-85482.20";"0.00";"IST";"PT";"2d 21h 58m";"-549.36"
"482";"USTEC_ICM_UTC2";"Buy";"7038.3";"7044.3";"2019.02.15 18:15:00";"2019.02.15 22:55:00";"30.0";"180.00";"6955.79980";"7120.79980";"-85302.20";"0.00";"IST";"End Of Friday (Time)";"4h 40m";"-0.00"
"483";"USTEC_ICM_UTC2";"Buy";"7069.6";"7076.1";"2019.02.18 18:15:00";"2019.02.22 22:55:00";"30.0";"-537.48";"6987.10010";"7152.10010";"-85839.68";"0.00";"IST";"End Of Friday (Time)";"4d 4h 40m";"-732.48"
"484";"USTEC_ICM_UTC2";"Buy";"7151.2";"7068.7";"2019.02.25 18:30:00";"2019.02.26 06:18:00";"30.0";"-2658.12";"7068.70020";"7233.70020";"-88497.80";"0.00";"IST";"SL";"11h 48m";"-183.12"
"485";"USTEC_ICM_UTC2";"Buy";"7117.3";"7149.2";"2019.02.26 18:45:00";"2019.03.01 22:55:00";"30.0";"407.64";"7034.79980";"7199.79980";"-88090.16";"0.00";"IST";"End Of Friday (Time)";"3d 4h 10m";"-549.36"
"486";"USTEC_ICM_UTC2";"Buy";"7155.7";"7073.2";"2019.03.04 18:15:00";"2019.03.04 19:19:00";"30.0";"-2475.00";"7073.20020";"7238.20020";"-90565.16";"0.00";"IST";"SL";"1h 4m";"-0.00"
"487";"USTEC_ICM_UTC2";"Buy";"7159.8";"7077.3";"2019.03.05 18:15:00";"2019.03.07 09:32:00";"30.0";"-2841.24";"7077.29980";"7242.29980";"-93406.40";"0.00";"IST";"SL";"1d 15h 17m";"-366.24"
"488";"USTEC_ICM_UTC2";"Buy";"7052.8";"6970.3";"2019.03.07 18:15:00";"2019.03.08 15:30:00";"30.0";"-2658.12";"6970.29980";"7135.29980";"-96064.52";"0.00";"IST";"SL";"21h 15m";"-183.12"
"489";"USTEC_ICM_UTC2";"Buy";"6988.4";"7010.4";"2019.03.08 18:15:00";"2019.03.08 22:55:00";"30.0";"660.00";"6905.89990";"7070.89990";"-95404.52";"0.00";"IST";"End Of Friday (Time)";"4h 40m";"-0.00"
"490";"USTEC_ICM_UTC2";"Buy";"7142.0";"7224.5";"2019.03.11 18:15:00";"2019.03.13 13:51:00";"30.0";"2108.76";"7059.50000";"7224.50000";"-93295.76";"0.00";"IST";"PT";"1d 19h 36m";"-366.24"
"491";"USTEC_ICM_UTC2";"Buy";"7275.2";"7357.7";"2019.03.13 18:15:00";"2019.03.19 12:55:00";"30.0";"1376.28";"7192.70020";"7357.70020";"-91919.48";"0.00";"IST";"PT";"5d 18h 40m";"-1098.72"
"492";"USTEC_ICM_UTC2";"Buy";"7380.6";"7463.1";"2019.03.19 18:30:00";"2019.03.21 19:31:00";"30.0";"2108.76";"7298.10010";"7463.10010";"-89810.72";"0.00";"IST";"PT";"2d 1h 1m";"-366.24"
"493";"USTEC_ICM_UTC2";"Buy";"7464.1";"7381.6";"2019.03.21 19:45:00";"2019.03.22 17:42:00";"30.0";"-2658.12";"7381.60010";"7546.60010";"-92468.84";"0.00";"IST";"SL";"21h 57m";"-183.12"
"494";"USTEC_ICM_UTC2";"Buy";"7372.7";"7290.2";"2019.03.22 19:00:00";"2019.03.25 02:37:00";"30.0";"-3024.36";"7290.20020";"7455.20020";"-95493.20";"0.00";"IST";"SL";"2d 7h 37m";"-549.36"
"495";"USTEC_ICM_UTC2";"Buy";"7309.3";"7391.8";"2019.03.25 19:00:00";"2019.03.26 15:44:00";"30.0";"2291.88";"7226.79980";"7391.79980";"-93201.32";"0.00";"IST";"PT";"20h 44m";"-183.12"
"496";"USTEC_ICM_UTC2";"Buy";"7362.8";"7280.3";"2019.03.26 19:00:00";"2019.03.27 17:29:00";"30.0";"-2658.12";"7280.29980";"7445.29980";"-95859.44";"0.00";"IST";"SL";"22h 29m";"-183.12"
"497";"USTEC_ICM_UTC2";"Buy";"7289.4";"7371.9";"2019.03.27 18:45:00";"2019.03.29 15:21:00";"30.0";"2108.76";"7206.89990";"7371.89990";"-93750.68";"0.00";"IST";"PT";"1d 20h 36m";"-366.24"
"498";"USTEC_ICM_UTC2";"Buy";"7348.6";"7431.1";"2019.03.29 18:15:00";"2019.04.01 03:00:00";"30.0";"1925.64";"7266.10010";"7431.10010";"-91825.04";"0.00";"IST";"PT";"2d 8h 45m";"-549.36"
"499";"USTEC_ICM_UTC2";"Buy";"7456.9";"7539.4";"2019.04.01 18:30:00";"2019.04.03 04:48:00";"30.0";"2108.76";"7374.39990";"7539.39990";"-89716.28";"0.00";"IST";"PT";"1d 10h 18m";"-366.24"
"500";"USTEC_ICM_UTC2";"Buy";"7580.3";"7497.8";"2019.04.03 18:15:00";"2019.04.04 19:46:00";"30.0";"-2658.12";"7497.79980";"7662.79980";"-92374.40";"0.00";"IST";"SL";"1d 1h 31m";"-183.12"
"501";"USTEC_ICM_UTC2";"Buy";"7521.1";"7573.3";"2019.04.04 20:30:00";"2019.04.05 22:55:00";"30.0";"1382.88";"7438.60010";"7603.60010";"-90991.52";"0.00";"IST";"End Of Friday (Time)";"1d 2h 25m";"-183.12"
"502";"USTEC_ICM_UTC2";"Buy";"7569.3";"7620.0";"2019.04.08 18:15:00";"2019.04.12 22:55:00";"30.0";"788.52";"7486.79980";"7651.79980";"-90203.00";"0.00";"IST";"End Of Friday (Time)";"4d 4h 40m";"-732.48"
"503";"USTEC_ICM_UTC2";"Buy";"7605.7";"7688.2";"2019.04.15 18:30:00";"2019.04.17 15:11:00";"30.0";"2108.76";"7523.20020";"7688.20020";"-88094.23";"0.00";"IST";"PT";"1d 20h 41m";"-366.24"
"504";"USTEC_ICM_UTC2";"Buy";"7683.2";"7765.7";"2019.04.17 18:15:00";"2019.04.23 17:02:00";"30.0";"1376.28";"7600.70020";"7765.70020";"-86717.96";"0.00";"IST";"PT";"5d 22h 47m";"-1098.72"
"505";"USTEC_ICM_UTC2";"Buy";"7771.9";"7854.4";"2019.04.23 18:15:00";"2019.04.25 08:17:00";"30.0";"2108.76";"7689.39990";"7854.39990";"-84609.20";"0.00";"IST";"PT";"1d 14h 2m";"-366.24"
"506";"USTEC_ICM_UTC2";"Buy";"7812.4";"7812.9";"2019.04.25 18:15:00";"2019.04.26 22:55:00";"30.0";"-168.12";"7729.89990";"7894.89990";"-84777.32";"0.00";"IST";"End Of Friday (Time)";"1d 4h 40m";"-183.12"
"507";"USTEC_ICM_UTC2";"Buy";"7833.4";"7750.9";"2019.04.29 18:15:00";"2019.04.30 18:00:00";"30.0";"-2658.12";"7750.89990";"7915.89990";"-87435.44";"0.00";"IST";"SL";"23h 45m";"-183.12"
"508";"USTEC_ICM_UTC2";"Buy";"7769.7";"7852.2";"2019.04.30 19:15:00";"2019.05.01 21:07:00";"30.0";"2291.88";"7687.20020";"7852.20020";"-85143.55";"0.00";"IST";"PT";"1d 1h 52m";"-183.12"
"509";"USTEC_ICM_UTC2";"Buy";"7844.5";"7762.0";"2019.05.01 21:30:00";"2019.05.01 22:52:00";"30.0";"-2475.00";"7762.00000";"7927.00000";"-87618.55";"0.00";"IST";"SL";"1h 22m";"-0.00"
"510";"USTEC_ICM_UTC2";"Buy";"7697.4";"7779.9";"2019.05.02 19:45:00";"2019.05.03 15:45:00";"30.0";"2291.88";"7614.89990";"7779.89990";"-85326.68";"0.00";"IST";"PT";"20h 0m";"-183.12"
"511";"USTEC_ICM_UTC2";"Buy";"7825.8";"7845.1";"2019.05.03 18:15:00";"2019.05.03 22:55:00";"30.0";"579.00";"7743.29980";"7908.29980";"-84747.68";"0.00";"IST";"End Of Friday (Time)";"4h 40m";"-0.00"
"512";"USTEC_ICM_UTC2";"Buy";"7770.0";"7687.5";"2019.05.06 18:30:00";"2019.05.07 16:51:00";"30.0";"-2658.12";"7687.50000";"7852.50000";"-87405.80";"0.00";"IST";"SL";"22h 21m";"-183.12"
"513";"USTEC_ICM_UTC2";"Buy";"7664.1";"7581.6";"2019.05.07 18:15:00";"2019.05.07 21:46:00";"30.0";"-2475.00";"7581.60010";"7746.60010";"-89880.80";"0.00";"IST";"SL";"3h 31m";"-0.00"
"514";"USTEC_ICM_UTC2";"Buy";"7658.7";"7576.2";"2019.05.08 18:30:00";"2019.05.09 05:47:00";"30.0";"-2658.12";"7576.20020";"7741.20020";"-92538.92";"0.00";"IST";"SL";"11h 17m";"-183.12"
"515";"USTEC_ICM_UTC2";"Buy";"7486.6";"7569.1";"2019.05.09 18:30:00";"2019.05.09 19:35:00";"30.0";"2475.00";"7404.10010";"7569.10010";"-90063.92";"0.00";"IST";"PT";"1h 5m";"-0.00"
"516";"USTEC_ICM_UTC2";"Buy";"7448.1";"7530.6";"2019.05.10 19:00:00";"2019.05.10 20:18:00";"30.0";"2475.00";"7365.60010";"7530.60010";"-87588.92";"0.00";"IST";"PT";"1h 18m";"-0.00"
"517";"USTEC_ICM_UTC2";"Buy";"7359.0";"7441.5";"2019.05.13 18:15:00";"2019.05.14 19:05:00";"30.0";"2291.88";"7276.50000";"7441.50000";"-85297.04";"0.00";"IST";"PT";"1d 0h 50m";"-183.12"
"518";"USTEC_ICM_UTC2";"Buy";"7431.8";"7349.3";"2019.05.14 19:15:00";"2019.05.15 15:44:00";"30.0";"-2658.12";"7349.29980";"7514.29980";"-87955.16";"0.00";"IST";"SL";"20h 29m";"-183.12"
"519";"USTEC_ICM_UTC2";"Buy";"7469.0";"7551.5";"2019.05.15 18:15:00";"2019.05.16 16:50:00";"30.0";"2291.88";"7386.50000";"7551.50000";"-85663.28";"0.00";"IST";"PT";"22h 35m";"-183.12"
"520";"USTEC_ICM_UTC2";"Buy";"7601.7";"7519.2";"2019.05.16 18:15:00";"2019.05.17 14:51:00";"30.0";"-2658.12";"7519.20020";"7684.20020";"-88321.40";"0.00";"IST";"SL";"20h 36m";"-183.12"
"521";"USTEC_ICM_UTC2";"Buy";"7600.9";"7518.4";"2019.05.17 18:15:00";"2019.05.17 22:08:00";"30.0";"-2475.00";"7518.39990";"7683.39990";"-90796.40";"0.00";"IST";"SL";"3h 53m";"-0.00"
"522";"USTEC_ICM_UTC2";"Buy";"7395.7";"7313.2";"2019.05.20 18:15:00";"2019.05.23 12:42:00";"30.0";"-3024.36";"7313.20020";"7478.20020";"-93820.76";"0.00";"IST";"SL";"2d 18h 27m";"-549.36"
"523";"USTEC_ICM_UTC2";"Buy";"7298.2";"7300.3";"2019.05.23 18:15:00";"2019.05.24 22:55:00";"30.0";"-120.12";"7215.70020";"7380.70020";"-93940.88";"0.00";"IST";"End Of Friday (Time)";"1d 4h 40m";"-183.12"
"524";"USTEC_ICM_UTC2";"Buy";"7306.1";"7223.6";"2019.05.27 18:15:00";"2019.05.29 09:21:00";"30.0";"-2841.24";"7223.60010";"7388.60010";"-96782.12";"0.00";"IST";"SL";"1d 15h 6m";"-366.24"
"525";"USTEC_ICM_UTC2";"Buy";"7213.2";"7130.7";"2019.05.29 18:15:00";"2019.05.31 12:41:00";"30.0";"-2841.24";"7130.70020";"7295.70020";"-99623.36";"0.00";"IST";"SL";"1d 18h 26m";"-366.24"
"526";"USTEC_ICM_UTC2";"Buy";"7172.9";"7134.0";"2019.05.31 18:15:00";"2019.05.31 22:55:00";"30.0";"-1167.00";"7090.39990";"7255.39990";"-100790.36";"0.00";"IST";"End Of Friday (Time)";"4h 40m";"-0.00"
"527";"USTEC_ICM_UTC2";"Buy";"7073.4";"6990.9";"2019.06.03 18:15:00";"2019.06.03 19:34:00";"30.0";"-2475.00";"6990.89990";"7155.89990";"-103265.36";"0.00";"IST";"SL";"1h 19m";"-0.00"
"528";"USTEC_ICM_UTC2";"Buy";"7130.9";"7213.4";"2019.06.04 18:45:00";"2019.06.05 04:59:00";"30.0";"2291.88";"7048.39990";"7213.39990";"-100973.48";"0.00";"IST";"PT";"10h 14m";"-183.12"
"529";"USTEC_ICM_UTC2";"Buy";"7196.3";"7278.8";"2019.06.05 18:45:00";"2019.06.06 22:26:00";"30.0";"2291.88";"7113.79980";"7278.79980";"-98681.60";"0.00";"IST";"PT";"1d 3h 41m";"-183.12"
"530";"USTEC_ICM_UTC2";"Buy";"7278.4";"7360.9";"2019.06.06 22:30:00";"2019.06.07 16:42:00";"30.0";"2291.88";"7195.89990";"7360.89990";"-96389.72";"0.00";"IST";"PT";"18h 12m";"-183.12"
"531";"USTEC_ICM_UTC2";"Buy";"7418.9";"7412.9";"2019.06.07 18:15:00";"2019.06.07 22:55:00";"30.0";"-180.00";"7336.39990";"7501.39990";"-96569.72";"0.00";"IST";"End Of Friday (Time)";"4h 40m";"-0.00"
"532";"USTEC_ICM_UTC2";"Buy";"7552.9";"7470.4";"2019.06.10 18:15:00";"2019.06.12 09:59:00";"30.0";"-2841.24";"7470.39990";"7635.39990";"-99410.96";"0.00";"IST";"SL";"1d 15h 44m";"-366.24"
"533";"USTEC_ICM_UTC2";"Buy";"7478.4";"7489.0";"2019.06.12 18:30:00";"2019.06.14 22:55:00";"30.0";"-48.24";"7395.89990";"7560.89990";"-99459.20";"0.00";"IST";"End Of Friday (Time)";"2d 4h 25m";"-366.24"
"534";"USTEC_ICM_UTC2";"Buy";"7539.8";"7622.3";"2019.06.17 18:15:00";"2019.06.18 16:39:00";"30.0";"2291.88";"7457.29980";"7622.29980";"-97167.32";"0.00";"IST";"PT";"22h 24m";"-183.12"
"535";"USTEC_ICM_UTC2";"Buy";"7679.6";"7762.1";"2019.06.18 18:15:00";"2019.06.20 11:45:00";"30.0";"2108.76";"7597.10010";"7762.10010";"-95058.56";"0.00";"IST";"PT";"1d 17h 30m";"-366.24"
"536";"USTEC_ICM_UTC2";"Buy";"7717.1";"7731.3";"2019.06.20 18:30:00";"2019.06.21 22:55:00";"30.0";"242.88";"7634.60010";"7799.60010";"-94815.68";"0.00";"IST";"End Of Friday (Time)";"1d 4h 25m";"-183.12"
"537";"USTEC_ICM_UTC2";"Buy";"7741.1";"7658.6";"2019.06.24 18:15:00";"2019.06.25 17:50:00";"30.0";"-2658.12";"7658.60010";"7823.60010";"-97473.80";"0.00";"IST";"SL";"23h 35m";"-183.12"
"538";"USTEC_ICM_UTC2";"Buy";"7662.7";"7649.8";"2019.06.25 18:15:00";"2019.06.28 22:55:00";"30.0";"-936.36";"7580.20020";"7745.20020";"-98410.16";"0.00";"IST";"End Of Friday (Time)";"3d 4h 40m";"-549.36"
"539";"USTEC_ICM_UTC2";"Buy";"7769.6";"7852.1";"2019.07.01 18:30:00";"2019.07.03 19:41:00";"30.0";"2108.76";"7687.10010";"7852.10010";"-96301.40";"0.00";"IST";"PT";"2d 1h 11m";"-366.24"
"540";"USTEC_ICM_UTC2";"Buy";"7857.7";"7775.2";"2019.07.03 20:00:00";"2019.07.05 17:34:00";"30.0";"-2841.24";"7775.20020";"7940.20020";"-99142.64";"0.00";"IST";"SL";"1d 21h 34m";"-366.24"
"541";"USTEC_ICM_UTC2";"Buy";"7800.0";"7834.8";"2019.07.05 18:30:00";"2019.07.05 22:55:00";"30.0";"1044.00";"7717.50000";"7882.50000";"-98098.64";"0.00";"IST";"End Of Friday (Time)";"4h 25m";"-0.00"
"542";"USTEC_ICM_UTC2";"Buy";"7776.0";"7858.5";"2019.07.08 18:30:00";"2019.07.10 15:34:00";"30.0";"2108.76";"7693.50000";"7858.50000";"-95989.88";"0.00";"IST";"PT";"1d 21h 4m";"-366.24"
"543";"USTEC_ICM_UTC2";"Buy";"7870.1";"7938.2";"2019.07.10 18:30:00";"2019.07.12 22:55:00";"30.0";"1676.76";"7787.60010";"7952.60010";"-94313.12";"0.00";"IST";"End Of Friday (Time)";"2d 4h 25m";"-366.24"
"544";"USTEC_ICM_UTC2";"Buy";"7948.4";"7865.9";"2019.07.15 19:00:00";"2019.07.17 23:08:00";"30.0";"-2841.24";"7865.89990";"8030.89990";"-97154.36";"0.00";"IST";"SL";"2d 4h 8m";"-366.24"
"545";"USTEC_ICM_UTC2";"Buy";"7848.1";"7931.9";"2019.07.18 19:45:00";"2019.07.19 01:00:00";"30.0";"2329.98";"7765.60010";"7930.60010";"-94824.38";"0.00";"IST";"PT";"5h 15m";"-183.12"
"546";"USTEC_ICM_UTC2";"Buy";"7889.5";"7846.7";"2019.07.19 18:45:00";"2019.07.19 22:55:00";"30.0";"-1284.00";"7807.00000";"7972.00000";"-96108.38";"0.00";"IST";"End Of Friday (Time)";"4h 10m";"-0.00"
"547";"USTEC_ICM_UTC2";"Buy";"7881.3";"7963.8";"2019.07.22 18:15:00";"2019.07.23 23:09:00";"30.0";"2291.88";"7798.79980";"7963.79980";"-93816.50";"0.00";"IST";"PT";"1d 4h 54m";"-183.12"
"548";"USTEC_ICM_UTC2";"Buy";"7964.0";"8022.1";"2019.07.24 18:15:00";"2019.07.26 22:55:00";"30.0";"1376.76";"7881.50000";"8046.50000";"-92439.74";"0.00";"IST";"End Of Friday (Time)";"2d 4h 40m";"-366.24"
"549";"USTEC_ICM_UTC2";"Buy";"7960.1";"7877.6";"2019.07.29 18:15:00";"2019.07.31 21:45:00";"30.0";"-2841.24";"7877.60010";"8042.60010";"-95280.98";"0.00";"IST";"SL";"2d 3h 30m";"-366.24"
"550";"USTEC_ICM_UTC2";"Buy";"7883.8";"7966.3";"2019.07.31 22:45:00";"2019.08.01 17:43:00";"30.0";"2291.88";"7801.29980";"7966.29980";"-92989.10";"0.00";"IST";"PT";"18h 58m";"-183.12"
"551";"USTEC_ICM_UTC2";"Buy";"7982.2";"7899.7";"2019.08.01 18:15:00";"2019.08.01 20:34:00";"30.0";"-2475.00";"7899.70020";"8064.70020";"-95464.10";"0.00";"IST";"SL";"2h 19m";"-0.00"
"552";"USTEC_ICM_UTC2";"Buy";"7657.3";"7679.5";"2019.08.02 18:45:00";"2019.08.02 22:55:00";"30.0";"666.00";"7574.79980";"7739.79980";"-94798.10";"0.00";"IST";"End Of Friday (Time)";"4h 10m";"-0.00"
"553";"USTEC_ICM_UTC2";"Buy";"7461.1";"7378.6";"2019.08.05 18:45:00";"2019.08.05 21:32:00";"30.0";"-2475.00";"7378.60010";"7543.60010";"-97273.10";"0.00";"IST";"SL";"2h 47m";"-0.00"
"554";"USTEC_ICM_UTC2";"Buy";"7453.8";"7536.3";"2019.08.06 18:15:00";"2019.08.06 21:32:00";"30.0";"2475.00";"7371.29980";"7536.29980";"-94798.10";"0.00";"IST";"PT";"3h 17m";"-0.00"
"555";"USTEC_ICM_UTC2";"Buy";"7514.4";"7596.9";"2019.08.07 18:15:00";"2019.08.08 07:20:00";"30.0";"2291.88";"7431.89990";"7596.89990";"-92506.22";"0.00";"IST";"PT";"13h 5m";"-183.12"
"556";"USTEC_ICM_UTC2";"Buy";"7654.2";"7659.1";"2019.08.08 18:15:00";"2019.08.09 22:55:00";"30.0";"-36.12";"7571.70020";"7736.70020";"-92542.34";"0.00";"IST";"End Of Friday (Time)";"1d 4h 40m";"-183.12"
"557";"USTEC_ICM_UTC2";"Buy";"7574.5";"7657.0";"2019.08.12 18:15:00";"2019.08.13 16:46:00";"30.0";"2291.88";"7492.00000";"7657.00000";"-90250.46";"0.00";"IST";"PT";"22h 31m";"-183.12"
"558";"USTEC_ICM_UTC2";"Buy";"7729.1";"7646.6";"2019.08.13 19:30:00";"2019.08.14 13:25:00";"30.0";"-2658.12";"7646.60010";"7811.60010";"-92908.58";"0.00";"IST";"SL";"17h 55m";"-183.12"
"559";"USTEC_ICM_UTC2";"Buy";"7513.2";"7430.7";"2019.08.14 19:15:00";"2019.08.15 13:07:00";"30.0";"-2658.12";"7430.70020";"7595.70020";"-95566.70";"0.00";"IST";"SL";"17h 52m";"-183.12"
"560";"USTEC_ICM_UTC2";"Buy";"7480.9";"7563.4";"2019.08.15 18:30:00";"2019.08.16 11:23:00";"30.0";"2291.88";"7398.39990";"7563.39990";"-93274.82";"0.00";"IST";"PT";"16h 53m";"-183.12"
"561";"USTEC_ICM_UTC2";"Buy";"7608.1";"7609.9";"2019.08.16 18:15:00";"2019.08.16 22:55:00";"30.0";"54.00";"7525.60010";"7690.60010";"-93220.82";"0.00";"IST";"End Of Friday (Time)";"4h 40m";"-0.00"
"562";"USTEC_ICM_UTC2";"Buy";"7722.9";"7640.4";"2019.08.19 18:15:00";"2019.08.23 15:25:00";"30.0";"-3207.48";"7640.39990";"7805.39990";"-96428.30";"0.00";"IST";"SL";"3d 21h 10m";"-732.48"
"563";"USTEC_ICM_UTC2";"Buy";"7570.4";"7487.9";"2019.08.23 18:15:00";"2019.08.23 20:22:00";"30.0";"-2475.00";"7487.89990";"7652.89990";"-98903.30";"0.00";"IST";"SL";"2h 7m";"-0.00"
"564";"USTEC_ICM_UTC2";"Buy";"7557.1";"7639.6";"2019.08.26 18:15:00";"2019.08.27 16:48:00";"30.0";"2291.88";"7474.60010";"7639.60010";"-96611.42";"0.00";"IST";"PT";"22h 33m";"-183.12"
"565";"USTEC_ICM_UTC2";"Buy";"7563.7";"7646.2";"2019.08.27 18:30:00";"2019.08.29 10:14:00";"30.0";"2108.76";"7481.20020";"7646.20020";"-94502.66";"0.00";"IST";"PT";"1d 15h 44m";"-366.24"
"566";"USTEC_ICM_UTC2";"Buy";"7710.9";"7675.8";"2019.08.29 18:45:00";"2019.08.30 22:55:00";"30.0";"-1236.12";"7628.39990";"7793.39990";"-95738.78";"0.00";"IST";"End Of Friday (Time)";"1d 4h 10m";"-183.12"
"567";"USTEC_ICM_UTC2";"Buy";"7655.3";"7737.8";"2019.09.02 18:30:00";"2019.09.05 03:09:00";"30.0";"1925.64";"7572.79980";"7737.79980";"-93813.14";"0.00";"IST";"PT";"2d 8h 39m";"-549.36"
"568";"USTEC_ICM_UTC2";"Buy";"7856.6";"7852.9";"2019.09.05 19:15:00";"2019.09.06 22:55:00";"30.0";"-294.12";"7774.10010";"7939.10010";"-94107.26";"0.00";"IST";"End Of Friday (Time)";"1d 3h 40m";"-183.12"
"569";"USTEC_ICM_UTC2";"Buy";"7866.8";"7784.3";"2019.09.09 18:15:00";"2019.09.10 11:10:00";"30.0";"-2658.12";"7784.29980";"7949.29980";"-96765.38";"0.00";"IST";"SL";"16h 55m";"-183.12"
"570";"USTEC_ICM_UTC2";"Buy";"7767.9";"7850.4";"2019.09.10 18:15:00";"2019.09.11 17:02:00";"30.0";"2291.88";"7685.39990";"7850.39990";"-94473.50";"0.00";"IST";"PT";"22h 47m";"-183.12"
"571";"USTEC_ICM_UTC2";"Buy";"7858.2";"7940.7";"2019.09.11 18:15:00";"2019.09.12 02:25:00";"30.0";"2291.88";"7775.70020";"7940.70020";"-92181.62";"0.00";"IST";"PT";"8h 10m";"-183.12"
"572";"USTEC_ICM_UTC2";"Buy";"7945.4";"7895.0";"2019.09.12 19:00:00";"2019.09.13 22:55:00";"30.0";"-1695.12";"7862.89990";"8027.89990";"-93876.74";"0.00";"IST";"End Of Friday (Time)";"1d 3h 55m";"-183.12"
"573";"USTEC_ICM_UTC2";"Buy";"7849.9";"7932.4";"2019.09.16 18:45:00";"2019.09.19 16:37:00";"30.0";"1925.64";"7767.39990";"7932.39990";"-91951.10";"0.00";"IST";"PT";"2d 21h 52m";"-549.36"
"574";"USTEC_ICM_UTC2";"Buy";"7937.9";"7855.4";"2019.09.19 18:15:00";"2019.09.20 19:37:00";"30.0";"-2658.12";"7855.39990";"8020.39990";"-94609.22";"0.00";"IST";"SL";"1d 1h 22m";"-183.12"
"575";"USTEC_ICM_UTC2";"Buy";"7864.1";"7829.9";"2019.09.20 19:45:00";"2019.09.20 22:55:00";"30.0";"-1026.00";"7781.60010";"7946.60010";"-95635.22";"0.00";"IST";"End Of Friday (Time)";"3h 10m";"-0.00"
"576";"USTEC_ICM_UTC2";"Buy";"7804.6";"7722.1";"2019.09.23 18:15:00";"2019.09.24 19:23:00";"30.0";"-2658.12";"7722.10010";"7887.10010";"-98293.34";"0.00";"IST";"SL";"1d 1h 8m";"-183.12"
"577";"USTEC_ICM_UTC2";"Buy";"7712.5";"7795.0";"2019.09.24 19:45:00";"2019.09.25 21:49:00";"30.0";"2291.88";"7630.00000";"7795.00000";"-96001.46";"0.00";"IST";"PT";"1d 2h 4m";"-183.12"
"578";"USTEC_ICM_UTC2";"Buy";"7795.1";"7712.6";"2019.09.25 22:00:00";"2019.09.27 18:38:00";"30.0";"-2841.24";"7712.60010";"7877.60010";"-98842.70";"0.00";"IST";"SL";"1d 20h 38m";"-366.24"
"579";"USTEC_ICM_UTC2";"Buy";"7714.7";"7632.2";"2019.09.27 18:45:00";"2019.09.27 21:50:00";"30.0";"-2475.00";"7632.20020";"7797.20020";"-101317.70";"0.00";"IST";"SL";"3h 5m";"-0.00"
"580";"USTEC_ICM_UTC2";"Buy";"7738.3";"7820.8";"2019.09.30 18:30:00";"2019.10.01 16:48:00";"30.0";"2291.88";"7655.79980";"7820.79980";"-99025.82";"0.00";"IST";"PT";"22h 18m";"-183.12"
"581";"USTEC_ICM_UTC2";"Buy";"7716.1";"7633.6";"2019.10.01 19:00:00";"2019.10.02 11:43:00";"30.0";"-2658.12";"7633.60010";"7798.60010";"-101683.94";"0.00";"IST";"SL";"16h 43m";"-183.12"
"582";"USTEC_ICM_UTC2";"Buy";"7545.3";"7462.8";"2019.10.02 18:45:00";"2019.10.03 17:08:00";"30.0";"-2658.12";"7462.79980";"7627.79980";"-104342.06";"0.00";"IST";"SL";"22h 23m";"-183.12"
"583";"USTEC_ICM_UTC2";"Buy";"7584.3";"7666.8";"2019.10.03 18:45:00";"2019.10.04 08:14:00";"30.0";"2291.88";"7501.79980";"7666.79980";"-102050.18";"0.00";"IST";"PT";"13h 29m";"-183.12"
"584";"USTEC_ICM_UTC2";"Buy";"7709.4";"7754.1";"2019.10.04 18:30:00";"2019.10.04 22:55:00";"30.0";"1341.00";"7626.89990";"7791.89990";"-100709.18";"0.00";"IST";"End Of Friday (Time)";"4h 25m";"-0.00"
"585";"USTEC_ICM_UTC2";"Buy";"7762.6";"7680.1";"2019.10.07 18:15:00";"2019.10.08 13:18:00";"30.0";"-2658.12";"7680.10010";"7845.10010";"-103367.30";"0.00";"IST";"SL";"19h 3m";"-183.12"
"586";"USTEC_ICM_UTC2";"Buy";"7649.1";"7731.6";"2019.10.08 18:15:00";"2019.10.10 16:51:00";"30.0";"2108.76";"7566.60010";"7731.60010";"-101258.54";"0.00";"IST";"PT";"1d 22h 36m";"-366.24"
"587";"USTEC_ICM_UTC2";"Buy";"7768.1";"7850.6";"2019.10.10 18:30:00";"2019.10.11 16:38:00";"30.0";"2291.88";"7685.60010";"7850.60010";"-98966.66";"0.00";"IST";"PT";"22h 8m";"-183.12"
"588";"USTEC_ICM_UTC2";"Buy";"7880.5";"7853.3";"2019.10.11 18:15:00";"2019.10.11 22:55:00";"30.0";"-816.00";"7798.00000";"7963.00000";"-99782.66";"0.00";"IST";"End Of Friday (Time)";"4h 40m";"-0.00"
"589";"USTEC_ICM_UTC2";"Buy";"7858.4";"7940.9";"2019.10.14 18:15:00";"2019.10.15 17:58:00";"30.0";"2291.88";"7775.89990";"7940.89990";"-97490.78";"0.00";"IST";"PT";"23h 43m";"-183.12"
"590";"USTEC_ICM_UTC2";"Buy";"7931.3";"7848.8";"2019.10.15 18:15:00";"2019.10.18 19:17:00";"30.0";"-3024.36";"7848.79980";"8013.79980";"-100515.14";"0.00";"IST";"SL";"3d 1h 2m";"-549.36"
"591";"USTEC_ICM_UTC2";"Buy";"7872.6";"7886.0";"2019.10.18 20:30:00";"2019.10.18 22:55:00";"30.0";"402.00";"7790.10010";"7955.10010";"-100113.14";"0.00";"IST";"End Of Friday (Time)";"2h 25m";"-0.00"
"592";"USTEC_ICM_UTC2";"Buy";"7927.3";"7844.8";"2019.10.21 18:15:00";"2019.10.22 23:02:00";"30.0";"-2658.12";"7844.79980";"8009.79980";"-102771.27";"0.00";"IST";"SL";"1d 4h 47m";"-183.12"
"593";"USTEC_ICM_UTC2";"Buy";"7878.1";"7960.6";"2019.10.23 18:15:00";"2019.10.24 18:30:00";"30.0";"2291.88";"7795.60010";"7960.60010";"-100479.38";"0.00";"IST";"PT";"1d 0h 15m";"-183.12"
"594";"USTEC_ICM_UTC2";"Buy";"7964.0";"8022.3";"2019.10.24 18:45:00";"2019.10.25 22:55:00";"30.0";"1565.88";"7881.50000";"8046.50000";"-98913.50";"0.00";"IST";"End Of Friday (Time)";"1d 4h 10m";"-183.12"
"595";"USTEC_ICM_UTC2";"Buy";"8103.0";"8020.5";"2019.10.28 18:15:00";"2019.10.30 16:04:00";"30.0";"-2841.24";"8020.50000";"8185.50000";"-101754.74";"0.00";"IST";"SL";"1d 21h 49m";"-366.24"
"596";"USTEC_ICM_UTC2";"Buy";"8042.5";"8125.0";"2019.10.30 19:00:00";"2019.10.31 10:16:00";"30.0";"2291.88";"7960.00000";"8125.00000";"-99462.86";"0.00";"IST";"PT";"15h 16m";"-183.12"
"597";"USTEC_ICM_UTC2";"Buy";"8069.3";"8151.8";"2019.10.31 19:45:00";"2019.11.01 16:03:00";"30.0";"2291.88";"7986.79980";"8151.79980";"-97170.98";"0.00";"IST";"PT";"20h 18m";"-183.12"
"598";"USTEC_ICM_UTC2";"Buy";"8124.4";"8206.9";"2019.11.01 18:30:00";"2019.11.04 12:21:00";"30.0";"1925.64";"8041.89990";"8206.90039";"-95245.34";"0.00";"IST";"PT";"2d 17h 51m";"-549.36"
"599";"USTEC_ICM_UTC2";"Buy";"8203.3";"8248.4";"2019.11.04 18:45:00";"2019.11.08 22:55:00";"30.0";"620.55";"8120.79980";"8285.79980";"-94624.79";"0.00";"IST";"End Of Friday (Time)";"4d 4h 10m";"-732.48"
"600";"USTEC_ICM_UTC2";"Buy";"8232.1";"8314.6";"2019.11.11 18:15:00";"2019.11.15 18:05:00";"30.0";"1742.52";"8149.60010";"8314.59961";"-92882.27";"0.00";"IST";"PT";"3d 23h 50m";"-732.48"
"601";"USTEC_ICM_UTC2";"Buy";"8304.8";"8307.9";"2019.11.15 18:45:00";"2019.11.15 22:55:00";"30.0";"93.03";"8222.29980";"8387.29980";"-92789.24";"0.00";"IST";"End Of Friday (Time)";"4h 10m";"-0.00"
"602";"USTEC_ICM_UTC2";"Buy";"8296.2";"8264.7";"2019.11.18 18:15:00";"2019.11.22 22:55:00";"30.0";"-1677.48";"8213.70020";"8378.70020";"-94466.72";"0.00";"IST";"End Of Friday (Time)";"4d 4h 40m";"-732.48"
"603";"USTEC_ICM_UTC2";"Buy";"8361.5";"8444.0";"2019.11.25 18:15:00";"2019.11.27 22:59:00";"30.0";"2108.76";"8279.00000";"8444.00000";"-92357.96";"0.00";"IST";"PT";"2d 4h 44m";"-366.24"
"604";"USTEC_ICM_UTC2";"Buy";"8433.7";"8351.2";"2019.11.28 18:15:00";"2019.12.02 16:50:00";"30.0";"-3207.48";"8351.20020";"8516.20020";"-95565.45";"0.00";"IST";"SL";"3d 22h 35m";"-732.48"
"605";"USTEC_ICM_UTC2";"Buy";"8308.1";"8225.6";"2019.12.02 19:00:00";"2019.12.03 15:32:00";"30.0";"-2658.12";"8225.59961";"8390.59961";"-98223.56";"0.00";"IST";"SL";"20h 32m";"-183.12"
"606";"USTEC_ICM_UTC2";"Buy";"8192.9";"8275.4";"2019.12.03 18:30:00";"2019.12.04 11:08:00";"30.0";"2291.88";"8110.39990";"8275.40039";"-95931.68";"0.00";"IST";"PT";"16h 38m";"-183.12"
"607";"USTEC_ICM_UTC2";"Buy";"8308.3";"8390.8";"2019.12.04 18:30:00";"2019.12.06 17:50:00";"30.0";"2108.76";"8225.79980";"8390.79980";"-93822.92";"0.00";"IST";"PT";"1d 23h 20m";"-366.24"
"608";"USTEC_ICM_UTC2";"Buy";"8391.9";"8396.3";"2019.12.06 18:30:00";"2019.12.06 22:55:00";"30.0";"131.97";"8309.40039";"8474.40039";"-93690.95";"0.00";"IST";"End Of Friday (Time)";"4h 25m";"-0.00"
"609";"USTEC_ICM_UTC2";"Buy";"8387.8";"8305.3";"2019.12.09 19:45:00";"2019.12.10 13:27:00";"30.0";"-2658.12";"8305.29980";"8470.29980";"-96349.07";"0.00";"IST";"SL";"17h 42m";"-183.12"
"610";"USTEC_ICM_UTC2";"Buy";"8379.2";"8461.7";"2019.12.10 18:45:00";"2019.12.12 17:00:00";"30.0";"2108.76";"8296.70020";"8461.70020";"-94240.31";"0.00";"IST";"PT";"1d 22h 15m";"-366.24"
"611";"USTEC_ICM_UTC2";"Buy";"8440.8";"8486.2";"2019.12.12 20:15:00";"2019.12.13 22:55:00";"30.0";"1178.88";"8358.29980";"8523.29980";"-93061.43";"0.00";"IST";"End Of Friday (Time)";"1d 2h 40m";"-183.12"
"612";"USTEC_ICM_UTC2";"Buy";"8584.5";"8667.0";"2019.12.16 19:45:00";"2019.12.20 16:15:00";"30.0";"1742.52";"8502.00000";"8667.00000";"-91318.91";"0.00";"IST";"PT";"3d 20h 30m";"-732.48"
"613";"USTEC_ICM_UTC2";"Buy";"8676.5";"8679.3";"2019.12.20 18:15:00";"2019.12.20 22:55:00";"30.0";"84.00";"8594.00000";"8759.00000";"-91234.91";"0.00";"IST";"End Of Friday (Time)";"4h 40m";"-0.00"
"614";"USTEC_ICM_UTC2";"Buy";"8706.1";"8788.6";"2019.12.23 18:30:00";"2019.12.27 02:37:00";"30.0";"1742.52";"8623.59961";"8788.59961";"-89492.39";"0.00";"IST";"PT";"3d 8h 7m";"-732.48"
"615";"USTEC_ICM_UTC2";"Buy";"8789.7";"8762.6";"2019.12.27 18:15:00";"2019.12.27 22:55:00";"30.0";"-813.03";"8707.20020";"8872.20020";"-90305.42";"0.00";"IST";"End Of Friday (Time)";"4h 40m";"-0.00"
"616";"USTEC_ICM_UTC2";"Buy";"8699.8";"8782.3";"2019.12.30 18:15:00";"2020.01.02 10:51:00";"30.0";"1925.64";"8617.29980";"8782.29980";"-88379.78";"0.00";"IST";"PT";"2d 16h 36m";"-549.36"
"617";"USTEC_ICM_UTC2";"Buy";"8805.9";"8723.4";"2020.01.02 18:30:00";"2020.01.03 12:56:00";"30.0";"-2658.12";"8723.40039";"8888.40039";"-91037.91";"0.00";"IST";"SL";"18h 26m";"-183.12"
"618";"USTEC_ICM_UTC2";"Buy";"8801.5";"8802.9";"2020.01.03 18:15:00";"2020.01.03 22:55:00";"30.0";"42.00";"8719.00000";"8884.00000";"-90995.91";"0.00";"IST";"End Of Friday (Time)";"4h 40m";"-0.00"
"619";"USTEC_ICM_UTC2";"Buy";"8817.0";"8734.5";"2020.01.06 18:15:00";"2020.01.08 01:38:00";"30.0";"-2841.24";"8734.50000";"8899.50000";"-93837.14";"0.00";"IST";"SL";"1d 7h 23m";"-366.24"
"620";"USTEC_ICM_UTC2";"Buy";"8915.9";"8998.4";"2020.01.08 18:45:00";"2020.01.09 16:32:00";"30.0";"2291.88";"8833.40039";"8998.40039";"-91545.27";"0.00";"IST";"PT";"21h 47m";"-183.12"
"621";"USTEC_ICM_UTC2";"Buy";"8988.9";"8966.9";"2020.01.09 18:15:00";"2020.01.10 22:55:00";"30.0";"-843.12";"8906.40039";"9071.40039";"-92388.38";"0.00";"IST";"End Of Friday (Time)";"1d 4h 40m";"-183.12"
"622";"USTEC_ICM_UTC2";"Buy";"9028.9";"9111.4";"2020.01.13 18:30:00";"2020.01.16 22:46:00";"30.0";"1925.64";"8946.40039";"9111.40039";"-90462.74";"0.00";"IST";"PT";"3d 4h 16m";"-549.36"
"623";"USTEC_ICM_UTC2";"Buy";"9140.7";"9171.5";"2020.01.17 19:15:00";"2020.01.17 22:55:00";"30.0";"924.00";"9058.20020";"9223.20020";"-89538.74";"0.00";"IST";"End Of Friday (Time)";"3h 40m";"-0.00"
"624";"USTEC_ICM_UTC2";"Buy";"9161.5";"9244.0";"2020.01.20 19:00:00";"2020.01.24 01:02:00";"30.0";"1742.52";"9079.00000";"9244.00000";"-87796.22";"0.00";"IST";"PT";"3d 6h 2m";"-732.48"
"625";"USTEC_ICM_UTC2";"Buy";"9206.1";"9123.6";"2020.01.24 18:45:00";"2020.01.24 20:52:00";"30.0";"-2475.00";"9123.59961";"9288.59961";"-90271.22";"0.00";"IST";"SL";"2h 7m";"-0.00"
"626";"USTEC_ICM_UTC2";"Buy";"8971.1";"9053.6";"2020.01.27 18:45:00";"2020.01.28 17:39:00";"30.0";"2291.88";"8888.59961";"9053.59961";"-87979.34";"0.00";"IST";"PT";"22h 54m";"-183.12"
"627";"USTEC_ICM_UTC2";"Buy";"9063.4";"9145.9";"2020.01.28 18:15:00";"2020.01.29 13:59:00";"30.0";"2291.88";"8980.90039";"9145.90039";"-85687.46";"0.00";"IST";"PT";"19h 44m";"-183.12"
"628";"USTEC_ICM_UTC2";"Buy";"9111.8";"9029.3";"2020.01.29 18:15:00";"2020.01.30 09:00:00";"30.0";"-2658.12";"9029.29980";"9194.29980";"-88345.59";"0.00";"IST";"SL";"14h 45m";"-183.12"
"629";"USTEC_ICM_UTC2";"Buy";"9068.7";"9151.2";"2020.01.30 18:45:00";"2020.01.30 23:01:00";"30.0";"2475.00";"8986.20020";"9151.20020";"-85870.59";"0.00";"IST";"PT";"4h 16m";"-0.00"
"630";"USTEC_ICM_UTC2";"Buy";"9045.2";"8962.7";"2020.01.31 18:45:00";"2020.01.31 22:43:00";"30.0";"-2475.00";"8962.70020";"9127.70020";"-88345.59";"0.00";"IST";"SL";"3h 58m";"-0.00"
"631";"USTEC_ICM_UTC2";"Buy";"9126.3";"9208.8";"2020.02.03 18:15:00";"2020.02.04 10:23:00";"30.0";"2291.88";"9043.79980";"9208.79980";"-86053.70";"0.00";"IST";"PT";"16h 8m";"-183.12"
"632";"USTEC_ICM_UTC2";"Buy";"9289.8";"9372.3";"2020.02.04 18:15:00";"2020.02.05 10:34:00";"30.0";"2291.88";"9207.29980";"9372.29980";"-83761.82";"0.00";"IST";"PT";"16h 19m";"-183.12"
"633";"USTEC_ICM_UTC2";"Buy";"9329.8";"9412.3";"2020.02.05 18:45:00";"2020.02.06 03:17:00";"30.0";"2291.88";"9247.29980";"9412.29980";"-81469.95";"0.00";"IST";"PT";"8h 32m";"-183.12"
"634";"USTEC_ICM_UTC2";"Buy";"9427.4";"9394.0";"2020.02.06 18:15:00";"2020.02.07 22:55:00";"30.0";"-1185.12";"9344.90039";"9509.90039";"-82655.06";"0.00";"IST";"End Of Friday (Time)";"1d 4h 40m";"-183.12"
"635";"USTEC_ICM_UTC2";"Buy";"9449.9";"9532.4";"2020.02.10 18:15:00";"2020.02.11 02:39:00";"30.0";"2291.88";"9367.40039";"9532.40039";"-80363.18";"0.00";"IST";"PT";"8h 24m";"-183.12"
"636";"USTEC_ICM_UTC2";"Buy";"9590.9";"9508.4";"2020.02.11 18:15:00";"2020.02.11 22:09:00";"30.0";"-2475.00";"9508.40039";"9673.40039";"-82838.18";"0.00";"IST";"SL";"3h 54m";"-0.00"
"637";"USTEC_ICM_UTC2";"Buy";"9591.2";"9508.7";"2020.02.12 18:45:00";"2020.02.13 12:10:00";"30.0";"-2658.12";"9508.70020";"9673.70020";"-85496.30";"0.00";"IST";"SL";"17h 25m";"-183.12"
"638";"USTEC_ICM_UTC2";"Buy";"9600.3";"9618.1";"2020.02.13 18:15:00";"2020.02.14 22:55:00";"30.0";"350.88";"9517.79980";"9682.79980";"-85145.42";"0.00";"IST";"End Of Friday (Time)";"1d 4h 40m";"-183.12"
"639";"USTEC_ICM_UTC2";"Buy";"9658.0";"9575.5";"2020.02.17 18:30:00";"2020.02.18 01:08:00";"30.0";"-2658.12";"9575.50000";"9740.50000";"-87803.55";"0.00";"IST";"SL";"6h 38m";"-183.12"
"640";"USTEC_ICM_UTC2";"Buy";"9584.7";"9667.2";"2020.02.18 18:30:00";"2020.02.19 14:47:00";"30.0";"2291.88";"9502.20020";"9667.20020";"-85511.66";"0.00";"IST";"PT";"20h 17m";"-183.12"
"641";"USTEC_ICM_UTC2";"Buy";"9720.9";"9638.4";"2020.02.19 18:45:00";"2020.02.20 18:16:00";"30.0";"-2658.12";"9638.40039";"9803.40039";"-88169.78";"0.00";"IST";"SL";"23h 31m";"-183.12"
"642";"USTEC_ICM_UTC2";"Buy";"9596.3";"9513.8";"2020.02.20 18:30:00";"2020.02.20 18:32:00";"30.0";"-2475.00";"9513.79980";"9678.79980";"-90644.78";"0.00";"IST";"SL";"2m 0s";"-0.00"
"643";"USTEC_ICM_UTC2";"Buy";"9513.9";"9431.4";"2020.02.21 18:45:00";"2020.02.21 20:48:00";"30.0";"-2475.00";"9431.40039";"9596.40039";"-93119.78";"0.00";"IST";"SL";"2h 3m";"-0.00"
"644";"USTEC_ICM_UTC2";"Buy";"9127.8";"9045.3";"2020.02.24 18:30:00";"2020.02.24 20:16:00";"30.0";"-2475.00";"9045.29980";"9210.29980";"-95594.78";"0.00";"IST";"SL";"1h 46m";"-0.00"
"645";"USTEC_ICM_UTC2";"Buy";"8981.4";"8898.9";"2020.02.25 18:30:00";"2020.02.25 21:00:00";"30.0";"-2475.00";"8898.90039";"9063.90039";"-98069.78";"0.00";"IST";"SL";"2h 30m";"-0.00"
"646";"USTEC_ICM_UTC2";"Buy";"8978.0";"8895.5";"2020.02.26 18:15:00";"2020.02.26 19:07:00";"30.0";"-2475.00";"8895.50000";"9060.50000";"-100544.78";"0.00";"IST";"SL";"52m 0s";"-0.00"
"647";"USTEC_ICM_UTC2";"Buy";"8651.2";"8733.7";"2020.02.27 18:30:00";"2020.02.27 19:13:00";"30.0";"2475.00";"8568.70020";"8733.70020";"-98069.78";"0.00";"IST";"PT";"43m 0s";"-0.00"
"648";"USTEC_ICM_UTC2";"Buy";"8336.0";"8418.5";"2020.02.28 18:30:00";"2020.02.28 18:41:00";"30.0";"2475.00";"8253.50000";"8418.50000";"-95594.78";"0.00";"IST";"PT";"11m 0s";"-0.00"
"649";"USTEC_ICM_UTC2";"Buy";"8632.6";"8715.1";"2020.03.02 18:15:00";"2020.03.02 18:55:00";"30.0";"2475.00";"8550.09961";"8715.09961";"-93119.78";"0.00";"IST";"PT";"40m 0s";"-0.00"
"650";"USTEC_ICM_UTC2";"Buy";"8720.2";"8802.7";"2020.03.03 18:30:00";"2020.03.03 18:40:00";"30.0";"2475.00";"8637.70020";"8802.70020";"-90644.78";"0.00";"IST";"PT";"10m 0s";"-0.00"
"651";"USTEC_ICM_UTC2";"Buy";"8721.0";"8803.5";"2020.03.04 19:00:00";"2020.03.04 19:58:00";"30.0";"2475.00";"8638.50000";"8803.50000";"-88169.78";"0.00";"IST";"PT";"58m 0s";"-0.00"
"652";"USTEC_ICM_UTC2";"Buy";"8854.7";"8772.2";"2020.03.05 18:30:00";"2020.03.05 19:06:00";"30.0";"-2475.00";"8772.20020";"8937.20020";"-90644.78";"0.00";"IST";"SL";"36m 0s";"-0.00"
"653";"USTEC_ICM_UTC2";"Buy";"8457.6";"8375.1";"2020.03.06 18:15:00";"2020.03.06 21:10:00";"30.0";"-2475.00";"8375.09961";"8540.09961";"-93119.78";"0.00";"IST";"SL";"2h 55m";"-0.00"
"654";"USTEC_ICM_UTC2";"Buy";"8213.7";"8131.2";"2020.03.09 18:15:00";"2020.03.09 18:35:00";"30.0";"-2475.00";"8131.20020";"8296.20020";"-95594.78";"0.00";"IST";"SL";"20m 0s";"-0.00"
"655";"USTEC_ICM_UTC2";"Buy";"8074.1";"8156.6";"2020.03.10 18:30:00";"2020.03.10 19:20:00";"30.0";"2475.00";"7991.60010";"8156.60010";"-93119.78";"0.00";"IST";"PT";"50m 0s";"-0.00"
"656";"USTEC_ICM_UTC2";"Buy";"8062.9";"7980.4";"2020.03.11 18:45:00";"2020.03.11 20:21:00";"30.0";"-2475.00";"7980.39990";"8145.39990";"-95594.78";"0.00";"IST";"SL";"1h 36m";"-0.00"
"657";"USTEC_ICM_UTC2";"Buy";"7595.1";"7677.6";"2020.03.12 19:00:00";"2020.03.12 19:03:00";"30.0";"2475.00";"7512.60010";"7677.60010";"-93119.78";"0.00";"IST";"PT";"3m 0s";"-0.00"
"658";"USTEC_ICM_UTC2";"Buy";"7391.2";"7473.7";"2020.03.13 18:30:00";"2020.03.13 18:33:00";"30.0";"2475.00";"7308.70020";"7473.70020";"-90644.78";"0.00";"IST";"PT";"3m 0s";"-0.00"
"659";"USTEC_ICM_UTC2";"Buy";"7465.9";"7383.4";"2020.03.16 18:15:00";"2020.03.16 18:51:00";"30.0";"-2475.00";"7383.39990";"7548.39990";"-93119.78";"0.00";"IST";"SL";"36m 0s";"-0.00"
"660";"USTEC_ICM_UTC2";"Buy";"7404.6";"7322.1";"2020.03.17 18:30:00";"2020.03.17 18:51:00";"30.0";"-2475.00";"7322.10010";"7487.10010";"-95594.78";"0.00";"IST";"SL";"21m 0s";"-0.00"
"661";"USTEC_ICM_UTC2";"Buy";"7164.2";"7081.7";"2020.03.18 18:30:00";"2020.03.18 18:47:00";"30.0";"-2475.00";"7081.70020";"7246.70020";"-98069.78";"0.00";"IST";"SL";"17m 0s";"-0.00"
"662";"USTEC_ICM_UTC2";"Buy";"7322.8";"7405.3";"2020.03.19 18:15:00";"2020.03.19 18:54:00";"30.0";"2475.00";"7240.29980";"7405.29980";"-95594.78";"0.00";"IST";"PT";"39m 0s";"-0.00"
"663";"USTEC_ICM_UTC2";"Buy";"7255.8";"7173.3";"2020.03.20 19:30:00";"2020.03.20 20:26:00";"30.0";"-2475.00";"7173.29980";"7338.29980";"-98069.78";"0.00";"IST";"SL";"56m 0s";"-0.00"
"664";"USTEC_ICM_UTC2";"Buy";"7024.5";"7107.0";"2020.03.23 18:45:00";"2020.03.23 18:58:00";"30.0";"2475.00";"6942.00000";"7107.00000";"-95594.78";"0.00";"IST";"PT";"13m 0s";"-0.00"
"665";"USTEC_ICM_UTC2";"Buy";"7451.1";"7533.6";"2020.03.24 18:15:00";"2020.03.24 18:39:00";"30.0";"2475.00";"7368.60010";"7533.60010";"-93119.78";"0.00";"IST";"PT";"24m 0s";"-0.00"
"666";"USTEC_ICM_UTC2";"Buy";"7629.7";"7712.2";"2020.03.25 18:45:00";"2020.03.25 19:37:00";"30.0";"2475.00";"7547.20020";"7712.20020";"-90644.78";"0.00";"IST";"PT";"52m 0s";"-0.00"
"667";"USTEC_ICM_UTC2";"Buy";"7731.4";"7813.9";"2020.03.26 18:15:00";"2020.03.26 21:50:00";"30.0";"2475.00";"7648.89990";"7813.89990";"-88169.78";"0.00";"IST";"PT";"3h 35m";"-0.00"
"668";"USTEC_ICM_UTC2";"Buy";"7670.6";"7753.1";"2020.03.27 19:00:00";"2020.03.27 20:59:00";"30.0";"2475.00";"7588.10010";"7753.10010";"-85694.78";"0.00";"IST";"PT";"1h 59m";"-0.00"
"669";"USTEC_ICM_UTC2";"Buy";"7819.2";"7901.7";"2020.03.30 18:15:00";"2020.03.31 03:01:00";"30.0";"2291.88";"7736.70020";"7901.70020";"-83402.91";"0.00";"IST";"PT";"8h 46m";"-183.12"
"670";"USTEC_ICM_UTC2";"Buy";"7963.8";"7881.3";"2020.03.31 18:15:00";"2020.03.31 19:26:00";"30.0";"-2475.00";"7881.29980";"8046.29980";"-85877.91";"0.00";"IST";"SL";"1h 11m";"-0.00"
"671";"USTEC_ICM_UTC2";"Buy";"7690.1";"7607.6";"2020.04.01 18:15:00";"2020.04.01 18:46:00";"30.0";"-2475.00";"7607.60010";"7772.60010";"-88352.91";"0.00";"IST";"SL";"31m 0s";"-0.00"
"672";"USTEC_ICM_UTC2";"Buy";"7566.5";"7484.0";"2020.04.02 18:15:00";"2020.04.02 21:10:00";"30.0";"-2475.00";"7484.00000";"7649.00000";"-90827.91";"0.00";"IST";"SL";"2h 55m";"-0.00"
"673";"USTEC_ICM_UTC2";"Buy";"7537.6";"7455.1";"2020.04.03 18:45:00";"2020.04.03 20:56:00";"30.0";"-2475.00";"7455.10010";"7620.10010";"-93302.91";"0.00";"IST";"SL";"2h 11m";"-0.00"
"674";"USTEC_ICM_UTC2";"Buy";"7881.8";"7964.3";"2020.04.06 18:15:00";"2020.04.06 20:49:00";"30.0";"2475.00";"7799.29980";"7964.29980";"-90827.91";"0.00";"IST";"PT";"2h 34m";"-0.00"
"675";"USTEC_ICM_UTC2";"Buy";"8184.9";"8102.4";"2020.04.07 19:00:00";"2020.04.07 21:41:00";"30.0";"-2475.00";"8102.39990";"8267.40039";"-93302.91";"0.00";"IST";"SL";"2h 41m";"-0.00"
"676";"USTEC_ICM_UTC2";"Buy";"8153.2";"8235.7";"2020.04.08 18:15:00";"2020.04.08 22:09:00";"30.0";"2475.00";"8070.70020";"8235.70020";"-90827.91";"0.00";"IST";"PT";"3h 54m";"-0.00"
"677";"USTEC_ICM_UTC2";"Buy";"8203.8";"8286.3";"2020.04.09 18:15:00";"2020.04.09 19:56:00";"30.0";"2475.00";"8121.29980";"8286.29980";"-88352.91";"0.00";"IST";"PT";"1h 41m";"-0.00"
"678";"USTEC_ICM_UTC2";"Buy";"8219.2";"8301.7";"2020.04.13 19:00:00";"2020.04.13 22:31:00";"30.0";"2475.00";"8136.70020";"8301.70020";"-85877.91";"0.00";"IST";"PT";"3h 31m";"-0.00"
"679";"USTEC_ICM_UTC2";"Buy";"8615.5";"8698.0";"2020.04.14 19:15:00";"2020.04.14 20:52:00";"30.0";"2475.00";"8533.00000";"8698.00000";"-83402.91";"0.00";"IST";"PT";"1h 37m";"-0.00"
"680";"USTEC_ICM_UTC2";"Buy";"8578.7";"8661.2";"2020.04.15 18:15:00";"2020.04.15 22:01:00";"30.0";"2475.00";"8496.20020";"8661.20020";"-80927.91";"0.00";"IST";"PT";"3h 46m";"-0.00"
"681";"USTEC_ICM_UTC2";"Buy";"8729.0";"8646.5";"2020.04.16 18:15:00";"2020.04.16 19:32:00";"30.0";"-2475.00";"8646.50000";"8811.50000";"-83402.91";"0.00";"IST";"SL";"1h 17m";"-0.00"
"682";"USTEC_ICM_UTC2";"Buy";"8763.9";"8832.1";"2020.04.17 18:45:00";"2020.04.17 22:55:00";"30.0";"2045.97";"8681.40039";"8846.40039";"-81356.94";"0.00";"IST";"End Of Friday (Time)";"4h 10m";"-0.00"
"683";"USTEC_ICM_UTC2";"Buy";"8827.4";"8744.9";"2020.04.20 18:15:00";"2020.04.20 21:59:00";"30.0";"-2475.00";"8744.90039";"8909.90039";"-83831.94";"0.00";"IST";"SL";"3h 44m";"-0.00"
"684";"USTEC_ICM_UTC2";"Buy";"8415.2";"8497.7";"2020.04.21 19:15:00";"2020.04.21 21:07:00";"30.0";"2475.00";"8332.70020";"8497.70020";"-81356.94";"0.00";"IST";"PT";"1h 52m";"-0.00"
"685";"USTEC_ICM_UTC2";"Buy";"8599.8";"8682.3";"2020.04.22 18:15:00";"2020.04.22 21:40:00";"30.0";"2475.00";"8517.29980";"8682.29980";"-78881.94";"0.00";"IST";"PT";"3h 25m";"-0.00"
"686";"USTEC_ICM_UTC2";"Buy";"8763.5";"8681.0";"2020.04.23 18:15:00";"2020.04.23 19:45:00";"30.0";"-2475.00";"8681.00000";"8846.00000";"-81356.94";"0.00";"IST";"SL";"1h 30m";"-0.00"
"687";"USTEC_ICM_UTC2";"Buy";"8634.8";"8717.3";"2020.04.24 18:15:00";"2020.04.24 20:53:00";"30.0";"2475.00";"8552.29980";"8717.29980";"-78881.94";"0.00";"IST";"PT";"2h 38m";"-0.00"
"688";"USTEC_ICM_UTC2";"Buy";"8857.6";"8940.1";"2020.04.27 19:00:00";"2020.04.28 12:50:00";"30.0";"2291.88";"8775.09961";"8940.09961";"-76590.05";"0.00";"IST";"PT";"17h 50m";"-183.12"
"689";"USTEC_ICM_UTC2";"Buy";"8730.9";"8813.4";"2020.04.28 19:00:00";"2020.04.29 04:08:00";"30.0";"2291.88";"8648.40039";"8813.40039";"-74298.17";"0.00";"IST";"PT";"9h 8m";"-183.12"
"690";"USTEC_ICM_UTC2";"Buy";"8939.4";"9021.9";"2020.04.29 18:15:00";"2020.04.29 22:41:00";"30.0";"2475.00";"8856.90039";"9021.90039";"-71823.17";"0.00";"IST";"PT";"4h 26m";"-0.00"
"691";"USTEC_ICM_UTC2";"Buy";"9000.0";"8917.5";"2020.04.30 18:15:00";"2020.04.30 19:30:00";"30.0";"-2475.00";"8917.50000";"9082.50000";"-74298.17";"0.00";"IST";"SL";"1h 15m";"-0.00"
"692";"USTEC_ICM_UTC2";"Buy";"8796.1";"8713.6";"2020.05.01 18:30:00";"2020.05.01 19:02:00";"30.0";"-2475.00";"8713.59961";"8878.59961";"-76773.17";"0.00";"IST";"SL";"32m 0s";"-0.00"
"693";"USTEC_ICM_UTC2";"Buy";"8759.6";"8842.1";"2020.05.04 18:30:00";"2020.05.05 03:01:00";"30.0";"2291.88";"8677.09961";"8842.09961";"-74481.30";"0.00";"IST";"PT";"8h 31m";"-183.12"
"694";"USTEC_ICM_UTC2";"Buy";"8970.9";"8888.4";"2020.05.05 18:15:00";"2020.05.06 04:19:00";"30.0";"-2658.12";"8888.40039";"9053.40039";"-77139.41";"0.00";"IST";"SL";"10h 4m";"-183.12"
"695";"USTEC_ICM_UTC2";"Buy";"9033.8";"8951.3";"2020.05.06 18:15:00";"2020.05.07 01:25:00";"30.0";"-2658.12";"8951.29980";"9116.29980";"-79797.53";"0.00";"IST";"SL";"7h 10m";"-183.12"
"696";"USTEC_ICM_UTC2";"Buy";"9084.5";"9167.0";"2020.05.07 18:15:00";"2020.05.08 03:00:00";"30.0";"2291.88";"9002.00000";"9167.00000";"-77505.66";"0.00";"IST";"PT";"8h 45m";"-183.12"
"697";"USTEC_ICM_UTC2";"Buy";"9186.6";"9221.3";"2020.05.08 18:15:00";"2020.05.08 22:55:00";"30.0";"1041.00";"9104.09961";"9269.09961";"-76464.66";"0.00";"IST";"End Of Friday (Time)";"4h 40m";"-0.00"
"698";"USTEC_ICM_UTC2";"Buy";"9270.0";"9352.5";"2020.05.11 18:30:00";"2020.05.12 16:32:00";"30.0";"2291.88";"9187.50000";"9352.50000";"-74172.77";"0.00";"IST";"PT";"22h 2m";"-183.12"
"699";"USTEC_ICM_UTC2";"Buy";"9330.2";"9247.7";"2020.05.12 18:15:00";"2020.05.12 22:14:00";"30.0";"-2475.00";"9247.70020";"9412.70020";"-76647.77";"0.00";"IST";"SL";"3h 59m";"-0.00"
"700";"USTEC_ICM_UTC2";"Buy";"9143.7";"9061.2";"2020.05.13 18:15:00";"2020.05.13 18:36:00";"30.0";"-2475.00";"9061.20020";"9226.20020";"-79122.77";"0.00";"IST";"SL";"21m 0s";"-0.00"
"701";"USTEC_ICM_UTC2";"Buy";"8959.3";"9041.8";"2020.05.14 18:15:00";"2020.05.14 22:24:00";"30.0";"2475.00";"8876.79980";"9041.79980";"-76647.77";"0.00";"IST";"PT";"4h 9m";"-0.00"
"702";"USTEC_ICM_UTC2";"Buy";"9003.7";"9086.2";"2020.05.15 19:00:00";"2020.05.15 20:03:00";"30.0";"2475.00";"8921.20020";"9086.20020";"-74172.77";"0.00";"IST";"PT";"1h 3m";"-0.00"
"703";"USTEC_ICM_UTC2";"Buy";"9334.5";"9417.0";"2020.05.18 18:15:00";"2020.05.19 09:58:00";"30.0";"2291.88";"9252.00000";"9417.00000";"-71880.90";"0.00";"IST";"PT";"15h 43m";"-183.12"
"704";"USTEC_ICM_UTC2";"Buy";"9408.7";"9326.2";"2020.05.19 18:30:00";"2020.05.19 22:51:00";"30.0";"-2475.00";"9326.20020";"9491.20020";"-74355.90";"0.00";"IST";"SL";"4h 21m";"-0.00"
"705";"USTEC_ICM_UTC2";"Buy";"9493.6";"9411.1";"2020.05.20 18:45:00";"2020.05.21 17:35:00";"30.0";"-2658.12";"9411.09961";"9576.09961";"-77014.02";"0.00";"IST";"SL";"22h 50m";"-183.12"
"706";"USTEC_ICM_UTC2";"Buy";"9437.8";"9355.3";"2020.05.21 19:15:00";"2020.05.22 01:01:00";"30.0";"-2658.12";"9355.29980";"9520.29980";"-79672.13";"0.00";"IST";"SL";"5h 46m";"-183.12"
"707";"USTEC_ICM_UTC2";"Buy";"9358.4";"9406.7";"2020.05.22 18:15:00";"2020.05.22 22:55:00";"30.0";"1449.00";"9275.90039";"9440.90039";"-78223.13";"0.00";"IST";"End Of Friday (Time)";"4h 40m";"-0.00"
"708";"USTEC_ICM_UTC2";"Buy";"9532.6";"9450.1";"2020.05.25 18:30:00";"2020.05.26 18:32:00";"30.0";"-2658.12";"9450.09961";"9615.09961";"-80881.26";"0.00";"IST";"SL";"1d 0h 2m";"-183.12"
"709";"USTEC_ICM_UTC2";"Buy";"9430.9";"9348.4";"2020.05.26 18:45:00";"2020.05.27 16:35:00";"30.0";"-2658.12";"9348.40039";"9513.40039";"-83539.38";"0.00";"IST";"SL";"21h 50m";"-183.12"
"710";"USTEC_ICM_UTC2";"Buy";"9236.5";"9319.0";"2020.05.27 18:45:00";"2020.05.27 19:45:00";"30.0";"2475.00";"9154.00000";"9319.00000";"-81064.38";"0.00";"IST";"PT";"1h 0m";"-0.00"
"711";"USTEC_ICM_UTC2";"Buy";"9489.4";"9406.9";"2020.05.28 18:15:00";"2020.05.28 22:50:00";"30.0";"-2475.00";"9406.90039";"9571.90039";"-83539.38";"0.00";"IST";"SL";"4h 35m";"-0.00"
"712";"USTEC_ICM_UTC2";"Buy";"9423.9";"9506.4";"2020.05.29 18:15:00";"2020.05.29 22:00:00";"30.0";"2475.00";"9341.40039";"9506.40039";"-81064.38";"0.00";"IST";"PT";"3h 45m";"-0.00"
"713";"USTEC_ICM_UTC2";"Buy";"9564.8";"9647.3";"2020.06.01 18:15:00";"2020.06.02 11:45:00";"30.0";"2291.88";"9482.29980";"9647.29980";"-78772.49";"0.00";"IST";"PT";"17h 30m";"-183.12"
"714";"USTEC_ICM_UTC2";"Buy";"9556.8";"9639.3";"2020.06.02 19:15:00";"2020.06.02 22:50:00";"30.0";"2475.00";"9474.29980";"9639.29980";"-76297.49";"0.00";"IST";"PT";"3h 35m";"-0.00"
"715";"USTEC_ICM_UTC2";"Buy";"9693.5";"9611.0";"2020.06.03 18:15:00";"2020.06.04 21:56:00";"30.0";"-2658.12";"9611.00000";"9776.00000";"-78955.62";"0.00";"IST";"SL";"1d 3h 41m";"-183.12"
"716";"USTEC_ICM_UTC2";"Buy";"9791.6";"9811.6";"2020.06.05 18:15:00";"2020.06.05 22:55:00";"30.0";"600.00";"9709.09961";"9874.09961";"-78355.62";"0.00";"IST";"End Of Friday (Time)";"4h 40m";"-0.00"
"717";"USTEC_ICM_UTC2";"Buy";"9810.0";"9892.5";"2020.06.08 18:15:00";"2020.06.08 22:50:00";"30.0";"2475.00";"9727.50000";"9892.50000";"-75880.62";"0.00";"IST";"PT";"4h 35m";"-0.00"
"718";"USTEC_ICM_UTC2";"Buy";"9954.6";"10037.1";"2020.06.09 18:15:00";"2020.06.10 15:06:00";"30.0";"2291.88";"9872.09961";"10037.09961";"-73588.73";"0.00";"IST";"PT";"20h 51m";"-183.12"
"719";"USTEC_ICM_UTC2";"Buy";"10063.3";"10145.8";"2020.06.10 18:30:00";"2020.06.10 21:30:00";"30.0";"2475.00";"9980.79980";"10145.79980";"-71113.73";"0.00";"IST";"PT";"3h 0m";"-0.00"
"720";"USTEC_ICM_UTC2";"Buy";"9881.6";"9799.1";"2020.06.11 18:15:00";"2020.06.11 19:19:00";"30.0";"-2475.00";"9799.09961";"9964.09961";"-73588.73";"0.00";"IST";"SL";"1h 4m";"-0.00"
"721";"USTEC_ICM_UTC2";"Buy";"9705.8";"9623.3";"2020.06.12 19:15:00";"2020.06.12 20:04:00";"30.0";"-2475.00";"9623.29980";"9788.29980";"-76063.73";"0.00";"IST";"SL";"49m 0s";"-0.00"
"722";"USTEC_ICM_UTC2";"Buy";"9621.1";"9703.6";"2020.06.15 18:30:00";"2020.06.15 20:13:00";"30.0";"2475.00";"9538.59961";"9703.59961";"-73588.73";"0.00";"IST";"PT";"1h 43m";"-0.00"
"723";"USTEC_ICM_UTC2";"Buy";"9938.2";"10020.7";"2020.06.16 19:00:00";"2020.06.17 10:27:00";"30.0";"2291.88";"9855.70020";"10020.70020";"-71296.86";"0.00";"IST";"PT";"15h 27m";"-183.12"
"724";"USTEC_ICM_UTC2";"Buy";"10001.3";"9918.8";"2020.06.17 18:30:00";"2020.06.18 04:22:00";"30.0";"-2658.12";"9918.79980";"10083.79980";"-73954.98";"0.00";"IST";"SL";"9h 52m";"-183.12"
"725";"USTEC_ICM_UTC2";"Buy";"10014.6";"10097.1";"2020.06.18 18:15:00";"2020.06.19 15:09:00";"30.0";"2291.88";"9932.09961";"10097.09961";"-71663.09";"0.00";"IST";"PT";"20h 54m";"-183.12"
"726";"USTEC_ICM_UTC2";"Buy";"10067.3";"9984.8";"2020.06.19 18:45:00";"2020.06.19 19:17:00";"30.0";"-2475.00";"9984.79980";"10149.79980";"-74138.09";"0.00";"IST";"SL";"32m 0s";"-0.00"
"727";"USTEC_ICM_UTC2";"Buy";"10061.5";"10144.0";"2020.06.22 18:30:00";"2020.06.22 23:14:00";"30.0";"2475.00";"9979.00000";"10144.00000";"-71663.09";"0.00";"IST";"PT";"4h 44m";"-0.00"
"728";"USTEC_ICM_UTC2";"Buy";"10245.9";"10163.4";"2020.06.23 18:15:00";"2020.06.24 11:08:00";"30.0";"-2658.12";"10163.40039";"10328.40039";"-74321.22";"0.00";"IST";"SL";"16h 53m";"-183.12"
"729";"USTEC_ICM_UTC2";"Buy";"9966.7";"10049.2";"2020.06.24 19:15:00";"2020.06.24 20:18:00";"30.0";"2475.00";"9884.20020";"10049.20020";"-71846.22";"0.00";"IST";"PT";"1h 3m";"-0.00"
"730";"USTEC_ICM_UTC2";"Buy";"9992.2";"10074.7";"2020.06.25 18:15:00";"2020.06.25 22:27:00";"30.0";"2475.00";"9909.70020";"10074.70020";"-69371.22";"0.00";"IST";"PT";"4h 12m";"-0.00"
"731";"USTEC_ICM_UTC2";"Buy";"9964.0";"9881.5";"2020.06.26 18:45:00";"2020.06.26 21:46:00";"30.0";"-2475.00";"9881.50000";"10046.50000";"-71846.22";"0.00";"IST";"SL";"3h 1m";"-0.00"
"732";"USTEC_ICM_UTC2";"Buy";"9850.4";"9932.9";"2020.06.29 18:15:00";"2020.06.29 19:19:00";"30.0";"2475.00";"9767.90039";"9932.90039";"-69371.22";"0.00";"IST";"PT";"1h 4m";"-0.00"
"733";"USTEC_ICM_UTC2";"Buy";"10082.0";"10164.5";"2020.06.30 18:15:00";"2020.06.30 22:51:00";"30.0";"2475.00";"9999.50000";"10164.50000";"-66896.22";"0.00";"IST";"PT";"4h 36m";"-0.00"
"734";"USTEC_ICM_UTC2";"Buy";"10247.7";"10330.2";"2020.07.01 18:15:00";"2020.07.02 09:53:00";"30.0";"2291.88";"10165.20020";"10330.20020";"-64604.34";"0.00";"IST";"PT";"15h 38m";"-183.12"
"735";"USTEC_ICM_UTC2";"Buy";"10350.1";"10432.6";"2020.07.02 18:30:00";"2020.07.06 04:00:00";"30.0";"1742.52";"10267.59961";"10432.59961";"-62861.82";"0.00";"IST";"PT";"3d 9h 30m";"-732.48"
"736";"USTEC_ICM_UTC2";"Buy";"10605.2";"10687.7";"2020.07.06 18:15:00";"2020.07.07 18:09:00";"30.0";"2291.88";"10522.70020";"10687.70020";"-60569.94";"0.00";"IST";"PT";"23h 54m";"-183.12"
"737";"USTEC_ICM_UTC2";"Buy";"10692.3";"10609.8";"2020.07.07 18:15:00";"2020.07.07 20:11:00";"30.0";"-2475.00";"10609.79980";"10774.79980";"-63044.94";"0.00";"IST";"SL";"1h 56m";"-0.00"
"738";"USTEC_ICM_UTC2";"Buy";"10614.6";"10697.1";"2020.07.08 19:30:00";"2020.07.09 01:00:00";"30.0";"2291.88";"10532.09961";"10697.09961";"-60753.05";"0.00";"IST";"PT";"5h 30m";"-183.12"
"739";"USTEC_ICM_UTC2";"Buy";"10633.4";"10715.9";"2020.07.09 18:15:00";"2020.07.09 20:03:00";"30.0";"2475.00";"10550.90039";"10715.90039";"-58278.05";"0.00";"IST";"PT";"1h 48m";"-0.00"
"740";"USTEC_ICM_UTC2";"Buy";"10728.6";"10811.1";"2020.07.10 18:15:00";"2020.07.10 22:16:00";"30.0";"2475.00";"10646.09961";"10811.09961";"-55803.05";"0.00";"IST";"PT";"4h 1m";"-0.00"
"741";"USTEC_ICM_UTC2";"Buy";"11052.3";"10969.8";"2020.07.13 18:15:00";"2020.07.13 20:48:00";"30.0";"-2475.00";"10969.79980";"11134.79980";"-58278.05";"0.00";"IST";"SL";"2h 33m";"-0.00"
"742";"USTEC_ICM_UTC2";"Buy";"10529.9";"10612.4";"2020.07.14 18:15:00";"2020.07.14 18:45:00";"30.0";"2475.00";"10447.40039";"10612.40039";"-55803.05";"0.00";"IST";"PT";"30m 0s";"-0.00"
"743";"USTEC_ICM_UTC2";"Buy";"10676.4";"10593.9";"2020.07.15 18:15:00";"2020.07.15 18:59:00";"30.0";"-2475.00";"10593.90039";"10758.90039";"-58278.05";"0.00";"IST";"SL";"44m 0s";"-0.00"
"744";"USTEC_ICM_UTC2";"Buy";"10503.2";"10585.7";"2020.07.16 18:15:00";"2020.07.16 19:52:00";"30.0";"2475.00";"10420.70020";"10585.70020";"-55803.05";"0.00";"IST";"PT";"1h 37m";"-0.00"
"745";"USTEC_ICM_UTC2";"Buy";"10629.8";"10637.3";"2020.07.17 18:30:00";"2020.07.17 22:55:00";"30.0";"225.00";"10547.29980";"10712.29980";"-55578.05";"0.00";"IST";"End Of Friday (Time)";"4h 25m";"-0.00"
"746";"USTEC_ICM_UTC2";"Buy";"10784.6";"10867.1";"2020.07.20 18:15:00";"2020.07.20 20:41:00";"30.0";"2475.00";"10702.09961";"10867.09961";"-53103.05";"0.00";"IST";"PT";"2h 26m";"-0.00"
"747";"USTEC_ICM_UTC2";"Buy";"10883.6";"10801.1";"2020.07.21 20:00:00";"2020.07.21 22:52:00";"30.0";"-2475.00";"10801.09961";"10966.09961";"-55578.05";"0.00";"IST";"SL";"2h 52m";"-0.00"
"748";"USTEC_ICM_UTC2";"Buy";"10845.7";"10928.2";"2020.07.22 19:00:00";"2020.07.23 09:47:00";"30.0";"2291.88";"10763.20020";"10928.20020";"-53286.18";"0.00";"IST";"PT";"14h 47m";"-183.12"
"749";"USTEC_ICM_UTC2";"Buy";"10837.5";"10755.0";"2020.07.23 18:15:00";"2020.07.23 19:08:00";"30.0";"-2475.00";"10755.00000";"10920.00000";"-55761.18";"0.00";"IST";"SL";"53m 0s";"-0.00"
"750";"USTEC_ICM_UTC2";"Buy";"10537.1";"10454.6";"2020.07.24 18:30:00";"2020.07.24 19:15:00";"30.0";"-2475.00";"10454.59961";"10619.59961";"-58236.18";"0.00";"IST";"SL";"45m 0s";"-0.00"
"751";"USTEC_ICM_UTC2";"Buy";"10551.6";"10634.1";"2020.07.27 18:30:00";"2020.07.27 21:05:00";"30.0";"2475.00";"10469.09961";"10634.09961";"-55761.18";"0.00";"IST";"PT";"2h 35m";"-0.00"
"752";"USTEC_ICM_UTC2";"Buy";"10639.4";"10556.9";"2020.07.28 18:15:00";"2020.07.28 22:34:00";"30.0";"-2475.00";"10556.90039";"10721.90039";"-58236.18";"0.00";"IST";"SL";"4h 19m";"-0.00"
"753";"USTEC_ICM_UTC2";"Buy";"10646.2";"10563.7";"2020.07.29 18:15:00";"2020.07.30 10:33:00";"30.0";"-2658.12";"10563.70020";"10728.70020";"-60894.30";"0.00";"IST";"SL";"16h 18m";"-183.12"
"754";"USTEC_ICM_UTC2";"Buy";"10600.8";"10683.3";"2020.07.30 18:15:00";"2020.07.30 19:01:00";"30.0";"2475.00";"10518.29980";"10683.29980";"-58419.30";"0.00";"IST";"PT";"46m 0s";"-0.00"
"755";"USTEC_ICM_UTC2";"Buy";"10825.8";"10743.3";"2020.07.31 18:15:00";"2020.07.31 19:34:00";"30.0";"-2475.00";"10743.29980";"10908.29980";"-60894.30";"0.00";"IST";"SL";"1h 19m";"-0.00"
"756";"USTEC_ICM_UTC2";"Buy";"11058.7";"11141.2";"2020.08.03 18:45:00";"2020.08.05 10:10:00";"30.0";"2108.76";"10976.20020";"11141.20020";"-58785.54";"0.00";"IST";"PT";"1d 15h 25m";"-366.24"
"757";"USTEC_ICM_UTC2";"Buy";"11111.3";"11193.8";"2020.08.05 18:45:00";"2020.08.06 20:30:00";"30.0";"2291.88";"11028.79980";"11193.79980";"-56493.66";"0.00";"IST";"PT";"1d 1h 45m";"-183.12"
"758";"USTEC_ICM_UTC2";"Buy";"11206.6";"11289.1";"2020.08.06 21:00:00";"2020.08.07 03:25:00";"30.0";"2291.88";"11124.09961";"11289.09961";"-54201.78";"0.00";"IST";"PT";"6h 25m";"-183.12"
"759";"USTEC_ICM_UTC2";"Buy";"11249.0";"11166.5";"2020.08.07 18:15:00";"2020.08.07 19:49:00";"30.0";"-2475.00";"11166.50000";"11331.50000";"-56676.78";"0.00";"IST";"SL";"1h 34m";"-0.00"
"760";"USTEC_ICM_UTC2";"Buy";"11042.4";"11124.9";"2020.08.10 19:00:00";"2020.08.11 05:03:00";"30.0";"2291.88";"10959.90039";"11124.90039";"-54384.90";"0.00";"IST";"PT";"10h 3m";"-183.12"
"761";"USTEC_ICM_UTC2";"Buy";"11064.5";"10982.0";"2020.08.11 18:15:00";"2020.08.11 21:31:00";"30.0";"-2475.00";"10982.00000";"11147.00000";"-56859.90";"0.00";"IST";"SL";"3h 16m";"-0.00"
"762";"USTEC_ICM_UTC2";"Buy";"11114.6";"11197.1";"2020.08.12 18:15:00";"2020.08.13 15:40:00";"30.0";"2291.88";"11032.09961";"11197.09961";"-54568.02";"0.00";"IST";"PT";"21h 25m";"-183.12"
"763";"USTEC_ICM_UTC2";"Buy";"11258.6";"11176.1";"2020.08.13 18:15:00";"2020.08.13 21:16:00";"30.0";"-2475.00";"11176.09961";"11341.09961";"-57043.02";"0.00";"IST";"SL";"3h 1m";"-0.00"
"764";"USTEC_ICM_UTC2";"Buy";"11156.1";"11166.2";"2020.08.14 18:30:00";"2020.08.14 22:55:00";"30.0";"303.03";"11073.59961";"11238.59961";"-56739.99";"0.00";"IST";"End Of Friday (Time)";"4h 25m";"-0.00"
"765";"USTEC_ICM_UTC2";"Buy";"11268.2";"11350.7";"2020.08.17 18:15:00";"2020.08.18 15:30:00";"30.0";"2291.88";"11185.70020";"11350.70020";"-54448.11";"0.00";"IST";"PT";"21h 15m";"-183.12"
"766";"USTEC_ICM_UTC2";"Buy";"11355.6";"11438.1";"2020.08.18 18:30:00";"2020.08.19 19:01:00";"30.0";"2291.88";"11273.09961";"11438.09961";"-52156.23";"0.00";"IST";"PT";"1d 0h 31m";"-183.12"
"767";"USTEC_ICM_UTC2";"Buy";"11428.1";"11345.6";"2020.08.19 19:15:00";"2020.08.19 21:20:00";"30.0";"-2475.00";"11345.59961";"11510.59961";"-54631.23";"0.00";"IST";"SL";"2h 5m";"-0.00"
"768";"USTEC_ICM_UTC2";"Buy";"11400.3";"11482.8";"2020.08.20 18:30:00";"2020.08.20 22:10:00";"30.0";"2475.00";"11317.79980";"11482.79980";"-52156.23";"0.00";"IST";"PT";"3h 40m";"-0.00"
"769";"USTEC_ICM_UTC2";"Buy";"11520.2";"11557.1";"2020.08.21 18:15:00";"2020.08.21 22:55:00";"30.0";"1106.97";"11437.70020";"11602.70020";"-51049.26";"0.00";"IST";"End Of Friday (Time)";"4h 40m";"-0.00"
"770";"USTEC_ICM_UTC2";"Buy";"11633.1";"11715.6";"2020.08.24 19:15:00";"2020.08.25 22:17:00";"30.0";"2291.88";"11550.59961";"11715.59961";"-48757.38";"0.00";"IST";"PT";"1d 3h 2m";"-183.12"
"771";"USTEC_ICM_UTC2";"Buy";"11715.1";"11797.6";"2020.08.25 22:30:00";"2020.08.26 16:36:00";"30.0";"2291.88";"11632.59961";"11797.59961";"-46465.50";"0.00";"IST";"PT";"18h 6m";"-183.12"
"772";"USTEC_ICM_UTC2";"Buy";"11848.7";"11931.2";"2020.08.26 18:15:00";"2020.08.26 19:17:00";"30.0";"2475.00";"11766.20020";"11931.20020";"-43990.50";"0.00";"IST";"PT";"1h 2m";"-0.00"
"773";"USTEC_ICM_UTC2";"Buy";"12021.3";"11938.8";"2020.08.27 18:15:00";"2020.08.27 19:35:00";"30.0";"-2475.00";"11938.79980";"12103.79980";"-46465.50";"0.00";"IST";"SL";"1h 20m";"-0.00"
"774";"USTEC_ICM_UTC2";"Buy";"11997.2";"11988.1";"2020.08.28 19:00:00";"2020.08.28 22:55:00";"30.0";"-273.03";"11914.70020";"12079.70020";"-46738.53";"0.00";"IST";"End Of Friday (Time)";"3h 55m";"-0.00"
"775";"USTEC_ICM_UTC2";"Buy";"12088.1";"12170.6";"2020.08.31 18:15:00";"2020.09.01 05:04:00";"30.0";"2291.88";"12005.59961";"12170.59961";"-44446.65";"0.00";"IST";"PT";"10h 49m";"-183.12"
"776";"USTEC_ICM_UTC2";"Buy";"12243.5";"12326.0";"2020.09.01 19:45:00";"2020.09.02 01:53:00";"30.0";"2291.88";"12161.00000";"12326.00000";"-42154.77";"0.00";"IST";"PT";"6h 8m";"-183.12"
"777";"USTEC_ICM_UTC2";"Buy";"12296.1";"12213.6";"2020.09.02 18:15:00";"2020.09.02 18:37:00";"30.0";"-2475.00";"12213.59961";"12378.59961";"-44629.77";"0.00";"IST";"SL";"22m 0s";"-0.00"
"778";"USTEC_ICM_UTC2";"Buy";"11890.4";"11807.9";"2020.09.03 19:15:00";"2020.09.03 19:32:00";"30.0";"-2475.00";"11807.90039";"11972.90039";"-47104.77";"0.00";"IST";"SL";"17m 0s";"-0.00"
"779";"USTEC_ICM_UTC2";"Buy";"11488.2";"11405.7";"2020.09.04 19:00:00";"2020.09.04 19:19:00";"30.0";"-2475.00";"11405.70020";"11570.70020";"-49579.77";"0.00";"IST";"SL";"19m 0s";"-0.00"
"780";"USTEC_ICM_UTC2";"Buy";"11515.8";"11433.3";"2020.09.07 18:15:00";"2020.09.08 11:17:00";"30.0";"-2658.12";"11433.29980";"11598.29980";"-52237.89";"0.00";"IST";"SL";"17h 2m";"-183.12"
"781";"USTEC_ICM_UTC2";"Buy";"11316.7";"11234.2";"2020.09.08 18:15:00";"2020.09.08 18:31:00";"30.0";"-2475.00";"11234.20020";"11399.20020";"-54712.89";"0.00";"IST";"SL";"16m 0s";"-0.00"
"782";"USTEC_ICM_UTC2";"Buy";"11351.0";"11433.5";"2020.09.09 18:15:00";"2020.09.09 19:43:00";"30.0";"2475.00";"11268.50000";"11433.50000";"-52237.89";"0.00";"IST";"PT";"1h 28m";"-0.00"
"783";"USTEC_ICM_UTC2";"Buy";"11438.0";"11355.5";"2020.09.10 19:00:00";"2020.09.10 19:35:00";"30.0";"-2475.00";"11355.50000";"11520.50000";"-54712.89";"0.00";"IST";"SL";"35m 0s";"-0.00"
"784";"USTEC_ICM_UTC2";"Buy";"11177.7";"11095.2";"2020.09.11 18:30:00";"2020.09.11 19:31:00";"30.0";"-2475.00";"11095.20020";"11260.20020";"-57187.89";"0.00";"IST";"SL";"1h 1m";"-0.00"
"785";"USTEC_ICM_UTC2";"Buy";"11350.6";"11268.1";"2020.09.14 18:45:00";"2020.09.14 20:06:00";"30.0";"-2475.00";"11268.09961";"11433.09961";"-59662.89";"0.00";"IST";"SL";"1h 21m";"-0.00"
"786";"USTEC_ICM_UTC2";"Buy";"11460.9";"11378.4";"2020.09.15 18:45:00";"2020.09.15 22:37:00";"30.0";"-2475.00";"11378.40039";"11543.40039";"-62137.89";"0.00";"IST";"SL";"3h 52m";"-0.00"
"787";"USTEC_ICM_UTC2";"Buy";"11424.1";"11341.6";"2020.09.16 18:45:00";"2020.09.16 20:26:00";"30.0";"-2475.00";"11341.59961";"11506.59961";"-64612.89";"0.00";"IST";"SL";"1h 41m";"-0.00"
"788";"USTEC_ICM_UTC2";"Buy";"11142.0";"11059.5";"2020.09.17 18:15:00";"2020.09.17 18:44:00";"30.0";"-2475.00";"11059.50000";"11224.50000";"-67087.89";"0.00";"IST";"SL";"29m 0s";"-0.00"
"789";"USTEC_ICM_UTC2";"Buy";"10921.2";"10838.7";"2020.09.18 19:30:00";"2020.09.18 20:09:00";"30.0";"-2475.00";"10838.70020";"11003.70020";"-69562.89";"0.00";"IST";"SL";"39m 0s";"-0.00"
"790";"USTEC_ICM_UTC2";"Buy";"10750.9";"10833.4";"2020.09.21 18:30:00";"2020.09.21 19:00:00";"30.0";"2475.00";"10668.40039";"10833.40039";"-67087.89";"0.00";"IST";"PT";"30m 0s";"-0.00"
"791";"USTEC_ICM_UTC2";"Buy";"10981.3";"11063.8";"2020.09.22 18:15:00";"2020.09.22 19:12:00";"30.0";"2475.00";"10898.79980";"11063.79980";"-64612.89";"0.00";"IST";"PT";"57m 0s";"-0.00"
"792";"USTEC_ICM_UTC2";"Buy";"11091.0";"11008.5";"2020.09.23 18:15:00";"2020.09.23 18:53:00";"30.0";"-2475.00";"11008.50000";"11173.50000";"-67087.89";"0.00";"IST";"SL";"38m 0s";"-0.00"
"793";"USTEC_ICM_UTC2";"Buy";"10926.9";"11009.4";"2020.09.24 18:30:00";"2020.09.24 20:31:00";"30.0";"2475.00";"10844.40039";"11009.40039";"-64612.89";"0.00";"IST";"PT";"2h 1m";"-0.00"
"794";"USTEC_ICM_UTC2";"Buy";"11012.4";"11094.9";"2020.09.25 18:15:00";"2020.09.25 21:07:00";"30.0";"2475.00";"10929.90039";"11094.90039";"-62137.89";"0.00";"IST";"PT";"2h 52m";"-0.00"
"795";"USTEC_ICM_UTC2";"Buy";"11301.3";"11383.8";"2020.09.28 18:45:00";"2020.09.28 23:02:00";"30.0";"2475.00";"11218.79980";"11383.79980";"-59662.89";"0.00";"IST";"PT";"4h 17m";"-0.00"
"796";"USTEC_ICM_UTC2";"Buy";"11341.5";"11424.0";"2020.09.29 18:45:00";"2020.09.30 05:16:00";"30.0";"2291.88";"11259.00000";"11424.00000";"-57371.01";"0.00";"IST";"PT";"10h 31m";"-183.12"
"797";"USTEC_ICM_UTC2";"Buy";"11485.1";"11402.6";"2020.09.30 18:45:00";"2020.09.30 21:49:00";"30.0";"-2475.00";"11402.59961";"11567.59961";"-59846.01";"0.00";"IST";"SL";"3h 4m";"-0.00"
"798";"USTEC_ICM_UTC2";"Buy";"11508.6";"11591.1";"2020.10.01 18:15:00";"2020.10.01 21:51:00";"30.0";"2475.00";"11426.09961";"11591.09961";"-57371.01";"0.00";"IST";"PT";"3h 36m";"-0.00"
"799";"USTEC_ICM_UTC2";"Buy";"11330.7";"11271.7";"2020.10.02 20:00:00";"2020.10.02 22:55:00";"30.0";"-1770.00";"11248.20020";"11413.20020";"-59141.01";"0.00";"IST";"End Of Friday (Time)";"2h 55m";"-0.00"
"800";"USTEC_ICM_UTC2";"Buy";"11425.3";"11507.8";"2020.10.05 18:15:00";"2020.10.05 22:57:00";"30.0";"2475.00";"11342.79980";"11507.79980";"-56666.01";"0.00";"IST";"PT";"4h 42m";"-0.00"
"801";"USTEC_ICM_UTC2";"Buy";"11446.0";"11528.5";"2020.10.06 19:45:00";"2020.10.06 21:45:00";"30.0";"2475.00";"11363.50000";"11528.50000";"-54191.01";"0.00";"IST";"PT";"2h 0m";"-0.00"
"802";"USTEC_ICM_UTC2";"Buy";"11443.5";"11526.0";"2020.10.07 18:30:00";"2020.10.08 04:55:00";"30.0";"2291.88";"11361.00000";"11526.00000";"-51899.13";"0.00";"IST";"PT";"10h 25m";"-183.12"
"803";"USTEC_ICM_UTC2";"Buy";"11548.7";"11631.2";"2020.10.08 18:45:00";"2020.10.09 16:35:00";"30.0";"2291.88";"11466.20020";"11631.20020";"-49607.25";"0.00";"IST";"PT";"21h 50m";"-183.12"
"804";"USTEC_ICM_UTC2";"Buy";"11675.7";"11713.5";"2020.10.09 18:15:00";"2020.10.09 22:55:00";"30.0";"1134.00";"11593.20020";"11758.20020";"-48473.25";"0.00";"IST";"End Of Friday (Time)";"4h 40m";"-0.00"
"805";"USTEC_ICM_UTC2";"Buy";"12010.4";"12092.9";"2020.10.12 18:15:00";"2020.10.12 19:29:00";"30.0";"2475.00";"11927.90039";"12092.90039";"-45998.25";"0.00";"IST";"PT";"1h 14m";"-0.00"
"806";"USTEC_ICM_UTC2";"Buy";"12162.8";"12080.3";"2020.10.13 18:30:00";"2020.10.13 20:09:00";"30.0";"-2475.00";"12080.29980";"12245.29980";"-48473.25";"0.00";"IST";"SL";"1h 39m";"-0.00"
"807";"USTEC_ICM_UTC2";"Buy";"12066.0";"11983.5";"2020.10.14 18:30:00";"2020.10.14 18:58:00";"30.0";"-2475.00";"11983.50000";"12148.50000";"-50948.25";"0.00";"IST";"SL";"28m 0s";"-0.00"
"808";"USTEC_ICM_UTC2";"Buy";"11830.3";"11912.8";"2020.10.15 18:30:00";"2020.10.15 22:26:00";"30.0";"2475.00";"11747.79980";"11912.79980";"-48473.25";"0.00";"IST";"PT";"3h 56m";"-0.00"
"809";"USTEC_ICM_UTC2";"Buy";"11936.1";"11857.2";"2020.10.16 19:30:00";"2020.10.16 22:55:00";"30.0";"-2366.97";"11853.59961";"12018.59961";"-50840.22";"0.00";"IST";"End Of Friday (Time)";"3h 25m";"-0.00"
"810";"USTEC_ICM_UTC2";"Buy";"11827.7";"11745.2";"2020.10.19 18:45:00";"2020.10.19 20:47:00";"30.0";"-2475.00";"11745.20020";"11910.20020";"-53315.22";"0.00";"IST";"SL";"2h 2m";"-0.00"
"811";"USTEC_ICM_UTC2";"Buy";"11694.8";"11777.3";"2020.10.20 19:00:00";"2020.10.20 20:24:00";"30.0";"2475.00";"11612.29980";"11777.29980";"-50840.22";"0.00";"IST";"PT";"1h 24m";"-0.00"
"812";"USTEC_ICM_UTC2";"Buy";"11677.9";"11760.4";"2020.10.21 19:15:00";"2020.10.21 21:56:00";"30.0";"2475.00";"11595.40039";"11760.40039";"-48365.22";"0.00";"IST";"PT";"2h 41m";"-0.00"
"813";"USTEC_ICM_UTC2";"Buy";"11603.1";"11685.6";"2020.10.22 18:45:00";"2020.10.22 22:33:00";"30.0";"2475.00";"11520.59961";"11685.59961";"-45890.22";"0.00";"IST";"PT";"3h 48m";"-0.00"
"814";"USTEC_ICM_UTC2";"Buy";"11646.4";"11683.9";"2020.10.23 18:15:00";"2020.10.23 22:55:00";"30.0";"1125.00";"11563.90039";"11728.90039";"-44765.22";"0.00";"IST";"End Of Friday (Time)";"4h 40m";"-0.00"
"815";"USTEC_ICM_UTC2";"Buy";"11498.2";"11415.7";"2020.10.26 18:30:00";"2020.10.26 19:02:00";"30.0";"-2475.00";"11415.70020";"11580.70020";"-47240.22";"0.00";"IST";"SL";"32m 0s";"-0.00"
"816";"USTEC_ICM_UTC2";"Buy";"11575.6";"11493.1";"2020.10.27 18:30:00";"2020.10.28 10:16:00";"30.0";"-2658.12";"11493.09961";"11658.09961";"-49898.34";"0.00";"IST";"SL";"15h 46m";"-183.12"
"817";"USTEC_ICM_UTC2";"Buy";"11244.8";"11162.3";"2020.10.28 18:30:00";"2020.10.28 21:55:00";"30.0";"-2475.00";"11162.29980";"11327.29980";"-52373.34";"0.00";"IST";"SL";"3h 25m";"-0.00"
"818";"USTEC_ICM_UTC2";"Buy";"11330.9";"11413.4";"2020.10.29 19:00:00";"2020.10.29 20:01:00";"30.0";"2475.00";"11248.40039";"11413.40039";"-49898.34";"0.00";"IST";"PT";"1h 1m";"-0.00"
"819";"USTEC_ICM_UTC2";"Buy";"11105.4";"11022.9";"2020.10.30 18:30:00";"2020.10.30 19:10:00";"30.0";"-2475.00";"11022.90039";"11187.90039";"-52373.34";"0.00";"IST";"SL";"40m 0s";"-0.00"
"820";"USTEC_ICM_UTC2";"Buy";"11091.2";"11008.7";"2020.11.02 19:30:00";"2020.11.02 20:08:00";"30.0";"-2475.00";"11008.70020";"11173.70020";"-54848.34";"0.00";"IST";"SL";"38m 0s";"-0.00"
"821";"USTEC_ICM_UTC2";"Buy";"11324.1";"11241.6";"2020.11.03 18:30:00";"2020.11.03 20:56:00";"30.0";"-2475.00";"11241.59961";"11406.59961";"-57323.34";"0.00";"IST";"SL";"2h 26m";"-0.00"
"822";"USTEC_ICM_UTC2";"Buy";"11762.8";"11845.3";"2020.11.04 18:30:00";"2020.11.04 19:41:00";"30.0";"2475.00";"11680.29980";"11845.29980";"-54848.34";"0.00";"IST";"PT";"1h 11m";"-0.00"
"823";"USTEC_ICM_UTC2";"Buy";"12066.7";"11984.2";"2020.11.05 18:30:00";"2020.11.05 19:34:00";"30.0";"-2475.00";"11984.20020";"12149.20020";"-57323.34";"0.00";"IST";"SL";"1h 4m";"-0.00"
"824";"USTEC_ICM_UTC2";"Buy";"12010.5";"12093.0";"2020.11.06 18:15:00";"2020.11.06 20:11:00";"30.0";"2475.00";"11928.00000";"12093.00000";"-54848.34";"0.00";"IST";"PT";"1h 56m";"-0.00"
"825";"USTEC_ICM_UTC2";"Buy";"12123.4";"12040.9";"2020.11.09 19:00:00";"2020.11.09 21:17:00";"30.0";"-2475.00";"12040.90039";"12205.90039";"-57323.34";"0.00";"IST";"SL";"2h 17m";"-0.00"
"826";"USTEC_ICM_UTC2";"Buy";"11712.4";"11629.9";"2020.11.10 18:45:00";"2020.11.10 20:24:00";"30.0";"-2475.00";"11629.90039";"11794.90039";"-59798.34";"0.00";"IST";"SL";"1h 39m";"-0.00"
"827";"USTEC_ICM_UTC2";"Buy";"11825.0";"11907.5";"2020.11.11 18:15:00";"2020.11.11 23:03:00";"30.0";"2475.00";"11742.50000";"11907.50000";"-57323.34";"0.00";"IST";"PT";"4h 48m";"-0.00"
"828";"USTEC_ICM_UTC2";"Buy";"11920.0";"11837.5";"2020.11.12 18:15:00";"2020.11.12 19:46:00";"30.0";"-2475.00";"11837.50000";"12002.50000";"-59798.34";"0.00";"IST";"SL";"1h 31m";"-0.00"
"829";"USTEC_ICM_UTC2";"Buy";"11880.2";"11932.3";"2020.11.13 19:00:00";"2020.11.13 22:55:00";"30.0";"1563.00";"11797.70020";"11962.70020";"-58235.34";"0.00";"IST";"End Of Friday (Time)";"3h 55m";"-0.00"
"830";"USTEC_ICM_UTC2";"Buy";"12026.4";"11943.9";"2020.11.16 18:15:00";"2020.11.16 20:40:00";"30.0";"-2475.00";"11943.90039";"12108.90039";"-60710.34";"0.00";"IST";"SL";"2h 25m";"-0.00"
"831";"USTEC_ICM_UTC2";"Buy";"12021.5";"11939.0";"2020.11.17 18:15:00";"2020.11.18 04:00:00";"30.0";"-2658.12";"11939.00000";"12104.00000";"-63368.46";"0.00";"IST";"SL";"9h 45m";"-183.12"
"832";"USTEC_ICM_UTC2";"Buy";"11969.6";"11887.1";"2020.11.18 18:30:00";"2020.11.18 23:05:00";"30.0";"-2475.00";"11887.09961";"12052.09961";"-65843.46";"0.00";"IST";"SL";"4h 35m";"-0.00"
"833";"USTEC_ICM_UTC2";"Buy";"11926.7";"12009.2";"2020.11.19 18:15:00";"2020.11.20 06:46:00";"30.0";"2291.88";"11844.20020";"12009.20020";"-63551.58";"0.00";"IST";"PT";"12h 31m";"-183.12"
"834";"USTEC_ICM_UTC2";"Buy";"12007.5";"11925.0";"2020.11.20 18:15:00";"2020.11.20 22:54:00";"30.0";"-2475.00";"11925.00000";"12090.00000";"-66026.58";"0.00";"IST";"SL";"4h 39m";"-0.00"
"835";"USTEC_ICM_UTC2";"Buy";"11835.5";"11918.0";"2020.11.23 18:30:00";"2020.11.23 21:53:00";"30.0";"2475.00";"11753.00000";"11918.00000";"-63551.58";"0.00";"IST";"PT";"3h 23m";"-0.00"
"836";"USTEC_ICM_UTC2";"Buy";"12008.6";"12091.1";"2020.11.24 18:15:00";"2020.11.24 21:00:00";"30.0";"2475.00";"11926.09961";"12091.09961";"-61076.58";"0.00";"IST";"PT";"2h 45m";"-0.00"
"837";"USTEC_ICM_UTC2";"Buy";"12114.2";"12196.7";"2020.11.25 18:30:00";"2020.11.26 03:41:00";"30.0";"2291.88";"12031.70020";"12196.70020";"-58784.70";"0.00";"IST";"PT";"9h 11m";"-183.12"
"838";"USTEC_ICM_UTC2";"Buy";"12192.9";"12275.4";"2020.11.26 18:45:00";"2020.11.27 17:18:00";"30.0";"2291.88";"12110.40039";"12275.40039";"-56492.82";"0.00";"IST";"PT";"22h 33m";"-183.12"
"839";"USTEC_ICM_UTC2";"Buy";"12292.1";"12209.6";"2020.11.27 18:15:00";"2020.11.30 08:16:00";"30.0";"-3024.36";"12209.59961";"12374.59961";"-59517.18";"0.00";"IST";"SL";"2d 14h 1m";"-549.36"
"840";"USTEC_ICM_UTC2";"Buy";"12188.3";"12270.8";"2020.11.30 18:45:00";"2020.11.30 21:47:00";"30.0";"2475.00";"12105.79980";"12270.79980";"-57042.18";"0.00";"IST";"PT";"3h 2m";"-0.00"
"841";"USTEC_ICM_UTC2";"Buy";"12446.8";"12364.3";"2020.12.01 18:45:00";"2020.12.02 16:32:00";"30.0";"-2658.12";"12364.29980";"12529.29980";"-59700.30";"0.00";"IST";"SL";"21h 47m";"-183.12"
"842";"USTEC_ICM_UTC2";"Buy";"12433.8";"12516.3";"2020.12.02 18:15:00";"2020.12.03 17:03:00";"30.0";"2291.88";"12351.29980";"12516.29980";"-57408.42";"0.00";"IST";"PT";"22h 48m";"-183.12"
"843";"USTEC_ICM_UTC2";"Buy";"12510.2";"12516.1";"2020.12.03 19:00:00";"2020.12.04 22:55:00";"30.0";"-6.15";"12427.70020";"12592.70020";"-57414.57";"0.00";"IST";"End Of Friday (Time)";"1d 3h 55m";"-183.12"
"844";"USTEC_ICM_UTC2";"Buy";"12602.3";"12519.8";"2020.12.07 18:30:00";"2020.12.08 17:20:00";"30.0";"-2658.12";"12519.79980";"12684.79980";"-60072.69";"0.00";"IST";"SL";"22h 50m";"-183.12"
"845";"USTEC_ICM_UTC2";"Buy";"12563.2";"12645.7";"2020.12.08 18:30:00";"2020.12.08 21:26:00";"30.0";"2475.00";"12480.70020";"12645.70020";"-57597.69";"0.00";"IST";"PT";"2h 56m";"-0.00"
"846";"USTEC_ICM_UTC2";"Buy";"12594.1";"12511.6";"2020.12.09 18:15:00";"2020.12.09 19:39:00";"30.0";"-2475.00";"12511.59961";"12676.59961";"-60072.69";"0.00";"IST";"SL";"1h 24m";"-0.00"
"847";"USTEC_ICM_UTC2";"Buy";"12424.9";"12342.4";"2020.12.10 18:15:00";"2020.12.11 10:18:00";"30.0";"-2658.12";"12342.40039";"12507.40039";"-62730.81";"0.00";"IST";"SL";"16h 3m";"-183.12"
"848";"USTEC_ICM_UTC2";"Buy";"12249.1";"12331.6";"2020.12.11 19:45:00";"2020.12.11 20:52:00";"30.0";"2475.00";"12166.59961";"12331.59961";"-60255.81";"0.00";"IST";"PT";"1h 7m";"-0.00"
"849";"USTEC_ICM_UTC2";"Buy";"12534.8";"12452.3";"2020.12.14 19:00:00";"2020.12.14 22:50:00";"30.0";"-2475.00";"12452.29980";"12617.29980";"-62730.81";"0.00";"IST";"SL";"3h 50m";"-0.00"
"850";"USTEC_ICM_UTC2";"Buy";"12511.2";"12593.7";"2020.12.15 19:15:00";"2020.12.15 22:59:00";"30.0";"2475.00";"12428.70020";"12593.70020";"-60255.81";"0.00";"IST";"PT";"3h 44m";"-0.00"
"851";"USTEC_ICM_UTC2";"Buy";"12634.8";"12717.3";"2020.12.16 18:15:00";"2020.12.17 09:17:00";"30.0";"2291.88";"12552.29980";"12717.29980";"-57963.93";"0.00";"IST";"PT";"15h 2m";"-183.12"
"852";"USTEC_ICM_UTC2";"Buy";"12707.8";"12625.3";"2020.12.17 18:15:00";"2020.12.18 22:26:00";"30.0";"-2658.12";"12625.29980";"12790.29980";"-60622.05";"0.00";"IST";"SL";"1d 4h 11m";"-183.12"
"853";"USTEC_ICM_UTC2";"Buy";"12586.8";"12669.3";"2020.12.21 18:45:00";"2020.12.21 20:12:00";"30.0";"2475.00";"12504.29980";"12669.29980";"-58147.05";"0.00";"IST";"PT";"1h 27m";"-0.00"
"854";"USTEC_ICM_UTC2";"Buy";"12692.9";"12610.4";"2020.12.22 18:15:00";"2020.12.22 18:43:00";"30.0";"-2475.00";"12610.40039";"12775.40039";"-60622.05";"0.00";"IST";"SL";"28m 0s";"-0.00"
"855";"USTEC_ICM_UTC2";"Buy";"12686.4";"12768.9";"2020.12.23 18:15:00";"2020.12.28 03:40:00";"30.0";"1559.40";"12603.90039";"12768.90039";"-59062.65";"0.00";"IST";"PT";"4d 9h 25m";"-915.60"
"856";"USTEC_ICM_UTC2";"Buy";"12818.5";"12901.0";"2020.12.28 18:15:00";"2020.12.29 10:09:00";"30.0";"2291.88";"12736.00000";"12901.00000";"-56770.77";"0.00";"IST";"PT";"15h 54m";"-183.12"
"857";"USTEC_ICM_UTC2";"Buy";"12871.9";"12883.9";"2020.12.29 18:15:00";"2020.12.31 23:14:00";"30.0";"359.97";"12789.40039";"12954.40039";"-56410.80";"0.00";"IST";"EndTest";"2d 4h 59m";"-0.00"
