"Ticket";"Symbol";"Type";"Open price";"Close price";"Open time";"Close time";"Size";"Profit/Loss";"Stop Loss price level";"Profit Target price level";"Balance";"Slippage ($)";"Sample type";"Close type";"Time in trade";"Comm/Swap"
"1";"USTEC_ICM_UTC2";"Buy";"4261.9";"4232.6";"2015.01.02 17:00:00";"2015.01.02 22:55:00";"30.0";"-879.00";"4179.39990";"4344.39990";"49121.00";"0.00";"IST";"End Of Friday (Time)";"5h 55m";"-0.00"
"2";"USTEC_ICM_UTC2";"Buy";"4210.9";"4128.4";"2015.01.05 16:45:00";"2015.01.06 18:23:00";"30.0";"-2658.12";"4128.39990";"4293.39990";"46462.88";"0.00";"IST";"SL";"1d 1h 38m";"-183.12"
"3";"USTEC_ICM_UTC2";"Buy";"4107.7";"4190.2";"2015.01.06 20:15:00";"2015.01.08 03:45:00";"30.0";"2108.76";"4025.19995";"4190.20020";"48571.64";"0.00";"IST";"PT";"1d 7h 30m";"-366.24"
"4";"USTEC_ICM_UTC2";"Buy";"4225.9";"4216.9";"2015.01.08 17:45:00";"2015.01.09 22:55:00";"30.0";"-453.12";"4143.39990";"4308.39990";"48118.52";"0.00";"IST";"End Of Friday (Time)";"1d 5h 10m";"-183.12"
"5";"USTEC_ICM_UTC2";"Buy";"4182.9";"4100.4";"2015.01.12 18:30:00";"2015.01.15 11:51:00";"30.0";"-3024.36";"4100.39990";"4265.39990";"45094.16";"0.00";"IST";"SL";"2d 17h 21m";"-549.36"
"6";"USTEC_ICM_UTC2";"Buy";"4126.9";"4141.0";"2015.01.15 16:45:00";"2015.01.16 22:55:00";"30.0";"239.88";"4044.39990";"4209.39990";"45334.04";"0.00";"IST";"End Of Friday (Time)";"1d 6h 10m";"-183.12"
"7";"USTEC_ICM_UTC2";"Buy";"4125.7";"4208.2";"2015.01.20 18:45:00";"2015.01.21 18:01:00";"30.0";"2291.88";"4043.19995";"4208.20020";"47625.92";"0.00";"IST";"PT";"23h 16m";"-183.12"
"8";"USTEC_ICM_UTC2";"Buy";"4202.9";"4285.4";"2015.01.21 18:30:00";"2015.01.23 19:51:00";"30.0";"2108.76";"4120.39990";"4285.39990";"49734.68";"0.00";"IST";"PT";"2d 1h 21m";"-366.24"
"9";"USTEC_ICM_UTC2";"Buy";"4285.9";"4273.9";"2015.01.23 20:15:00";"2015.01.23 22:55:00";"30.0";"-360.00";"4203.39990";"4368.39990";"49374.68";"0.00";"IST";"End Of Friday (Time)";"2h 40m";"-0.00"
"10";"USTEC_ICM_UTC2";"Buy";"4262.7";"4180.2";"2015.01.26 17:30:00";"2015.01.27 17:00:00";"30.0";"-2658.12";"4180.20020";"4345.20020";"46716.56";"0.00";"IST";"SL";"23h 30m";"-183.12"
"11";"USTEC_ICM_UTC2";"Buy";"4171.0";"4149.5";"2015.01.27 19:00:00";"2015.01.30 22:55:00";"30.0";"-1194.36";"4088.50000";"4253.50000";"45522.20";"0.00";"IST";"End Of Friday (Time)";"3d 3h 55m";"-549.36"
"12";"USTEC_ICM_UTC2";"Buy";"4132.8";"4215.3";"2015.02.02 16:45:00";"2015.02.03 16:45:00";"30.0";"2291.88";"4050.30005";"4215.29980";"47814.08";"0.00";"IST";"PT";"1d 0h 0m";"-183.12"
"13";"USTEC_ICM_UTC2";"Buy";"4195.0";"4224.7";"2015.02.03 18:45:00";"2015.02.06 22:55:00";"30.0";"341.64";"4112.50000";"4277.50000";"48155.72";"0.00";"IST";"End Of Friday (Time)";"3d 4h 10m";"-549.36"
"14";"USTEC_ICM_UTC2";"Buy";"4222.8";"4305.3";"2015.02.09 19:00:00";"2015.02.11 22:26:00";"30.0";"2108.76";"4140.29980";"4305.29980";"50264.48";"0.00";"IST";"PT";"2d 3h 26m";"-366.24"
"15";"USTEC_ICM_UTC2";"Buy";"4326.9";"4380.5";"2015.02.12 17:30:00";"2015.02.13 22:55:00";"30.0";"1424.88";"4244.39990";"4409.39990";"51689.36";"0.00";"IST";"End Of Friday (Time)";"1d 5h 25m";"-183.12"
"16";"USTEC_ICM_UTC2";"Buy";"4371.1";"4437.8";"2015.02.16 20:15:00";"2015.02.20 22:55:00";"30.0";"1268.52";"4288.60010";"4453.60010";"52957.88";"0.00";"IST";"End Of Friday (Time)";"4d 2h 40m";"-732.48"
"17";"USTEC_ICM_UTC2";"Buy";"4434.6";"4437.8";"2015.02.23 17:30:00";"2015.02.27 22:55:00";"30.0";"-636.48";"4352.10010";"4517.10010";"52321.40";"0.00";"IST";"End Of Friday (Time)";"4d 5h 25m";"-732.48"
"18";"USTEC_ICM_UTC2";"Buy";"4470.6";"4395.5";"2015.03.02 17:45:00";"2015.03.06 22:55:00";"30.0";"-2985.48";"4388.10010";"4553.10010";"49335.92";"0.00";"IST";"End Of Friday (Time)";"4d 5h 10m";"-732.48"
"19";"USTEC_ICM_UTC2";"Buy";"4400.0";"4317.5";"2015.03.09 16:30:00";"2015.03.11 16:44:00";"30.0";"-2841.24";"4317.50000";"4482.50000";"46494.68";"0.00";"IST";"SL";"2d 0h 14m";"-366.24"
"20";"USTEC_ICM_UTC2";"Buy";"4333.0";"4312.7";"2015.03.11 18:00:00";"2015.03.13 22:55:00";"30.0";"-975.24";"4250.50000";"4415.50000";"45519.44";"0.00";"IST";"End Of Friday (Time)";"2d 4h 55m";"-366.24"
"21";"USTEC_ICM_UTC2";"Buy";"4350.0";"4432.5";"2015.03.16 16:45:00";"2015.03.18 21:12:00";"30.0";"2108.76";"4267.50000";"4432.50000";"47628.20";"0.00";"IST";"PT";"2d 4h 27m";"-366.24"
"22";"USTEC_ICM_UTC2";"Buy";"4426.0";"4454.6";"2015.03.18 21:45:00";"2015.03.20 22:55:00";"30.0";"491.76";"4343.50000";"4508.50000";"48119.96";"0.00";"IST";"End Of Friday (Time)";"2d 1h 10m";"-366.24"
"23";"USTEC_ICM_UTC2";"Buy";"4462.5";"4380.0";"2015.03.23 16:45:00";"2015.03.25 17:39:00";"30.0";"-2841.24";"4380.00000";"4545.00000";"45278.72";"0.00";"IST";"SL";"2d 0h 54m";"-366.24"
"24";"USTEC_ICM_UTC2";"Buy";"4366.5";"4284.0";"2015.03.25 18:30:00";"2015.03.26 11:09:00";"30.0";"-2658.12";"4284.00000";"4449.00000";"42620.60";"0.00";"IST";"SL";"16h 39m";"-183.12"
"25";"USTEC_ICM_UTC2";"Buy";"4307.9";"4332.9";"2015.03.26 17:30:00";"2015.03.27 22:55:00";"30.0";"566.88";"4225.39990";"4390.39990";"43187.48";"0.00";"IST";"End Of Friday (Time)";"1d 5h 25m";"-183.12"
"26";"USTEC_ICM_UTC2";"Buy";"4369.0";"4286.5";"2015.03.30 18:45:00";"2015.04.01 03:56:00";"30.0";"-2841.24";"4286.50000";"4451.50000";"40346.24";"0.00";"IST";"SL";"1d 9h 11m";"-366.24"
"27";"USTEC_ICM_UTC2";"Buy";"4298.6";"4381.1";"2015.04.01 17:45:00";"2015.04.08 21:20:00";"30.0";"1193.16";"4216.10010";"4381.10010";"41539.40";"0.00";"IST";"PT";"7d 3h 35m";"-1281.84"
"28";"USTEC_ICM_UTC2";"Buy";"4372.1";"4419.7";"2015.04.08 21:45:00";"2015.04.10 22:55:00";"30.0";"1061.76";"4289.60010";"4454.60010";"42601.16";"0.00";"IST";"End Of Friday (Time)";"2d 1h 10m";"-366.24"
"29";"USTEC_ICM_UTC2";"Buy";"4443.5";"4361.0";"2015.04.13 17:45:00";"2015.04.17 16:45:00";"30.0";"-3207.48";"4361.00000";"4526.00000";"39393.68";"0.00";"IST";"SL";"3d 23h 0m";"-732.48"
"30";"USTEC_ICM_UTC2";"Buy";"4355.4";"4350.7";"2015.04.17 18:15:00";"2015.04.17 22:55:00";"30.0";"-141.00";"4272.89990";"4437.89990";"39252.68";"0.00";"IST";"End Of Friday (Time)";"4h 40m";"-0.00"
"31";"USTEC_ICM_UTC2";"Buy";"4397.6";"4480.1";"2015.04.20 17:30:00";"2015.04.23 19:40:00";"30.0";"1925.64";"4315.10010";"4480.10010";"41178.32";"0.00";"IST";"PT";"3d 2h 10m";"-549.36"
"32";"USTEC_ICM_UTC2";"Buy";"4528.3";"4537.0";"2015.04.24 17:45:00";"2015.04.24 22:55:00";"30.0";"261.00";"4445.79980";"4610.79980";"41439.32";"0.00";"IST";"End Of Friday (Time)";"5h 10m";"-0.00"
"33";"USTEC_ICM_UTC2";"Buy";"4558.0";"4475.5";"2015.04.27 17:30:00";"2015.04.29 19:12:00";"30.0";"-2841.24";"4475.50000";"4640.50000";"38598.08";"0.00";"IST";"SL";"2d 1h 42m";"-366.24"
"34";"USTEC_ICM_UTC2";"Buy";"4476.4";"4393.9";"2015.04.29 20:15:00";"2015.04.30 22:12:00";"30.0";"-2658.12";"4393.89990";"4558.89990";"35939.96";"0.00";"IST";"SL";"1d 1h 57m";"-183.12"
"35";"USTEC_ICM_UTC2";"Buy";"4447.5";"4475.5";"2015.05.01 17:15:00";"2015.05.01 22:55:00";"30.0";"840.00";"4365.00000";"4530.00000";"36779.96";"0.00";"IST";"End Of Friday (Time)";"5h 40m";"-0.00"
"36";"USTEC_ICM_UTC2";"Buy";"4506.4";"4423.9";"2015.05.04 17:30:00";"2015.05.05 18:06:00";"30.0";"-2658.12";"4423.89990";"4588.89990";"34121.84";"0.00";"IST";"SL";"1d 0h 36m";"-183.12"
"37";"USTEC_ICM_UTC2";"Buy";"4430.8";"4348.3";"2015.05.05 18:15:00";"2015.05.06 21:42:00";"30.0";"-2658.12";"4348.29980";"4513.29980";"31463.72";"0.00";"IST";"SL";"1d 3h 27m";"-183.12"
"38";"USTEC_ICM_UTC2";"Buy";"4366.5";"4449.0";"2015.05.06 22:30:00";"2015.05.08 15:42:00";"30.0";"2108.76";"4284.00000";"4449.00000";"33572.48";"0.00";"IST";"PT";"1d 17h 12m";"-366.24"
"39";"USTEC_ICM_UTC2";"Buy";"4458.0";"4461.2";"2015.05.08 17:30:00";"2015.05.08 22:55:00";"30.0";"96.00";"4375.50000";"4540.50000";"33668.48";"0.00";"IST";"End Of Friday (Time)";"5h 25m";"-0.00"
"40";"USTEC_ICM_UTC2";"Buy";"4452.5";"4490.9";"2015.05.11 17:30:00";"2015.05.15 22:55:00";"30.0";"419.52";"4370.00000";"4535.00000";"34088.00";"0.00";"IST";"End Of Friday (Time)";"4d 5h 25m";"-732.48"
"41";"USTEC_ICM_UTC2";"Buy";"4488.9";"4530.0";"2015.05.18 17:30:00";"2015.05.22 22:55:00";"30.0";"500.52";"4406.39990";"4571.39990";"34588.52";"0.00";"IST";"End Of Friday (Time)";"4d 5h 25m";"-732.48"
"42";"USTEC_ICM_UTC2";"Buy";"4475.9";"4511.9";"2015.05.26 19:00:00";"2015.05.29 22:55:00";"30.0";"530.64";"4393.39990";"4558.39990";"35119.16";"0.00";"IST";"End Of Friday (Time)";"3d 3h 55m";"-549.36"
"43";"USTEC_ICM_UTC2";"Buy";"4509.0";"4477.9";"2015.06.01 18:30:00";"2015.06.05 22:55:00";"30.0";"-1665.48";"4426.50000";"4591.50000";"33453.68";"0.00";"IST";"End Of Friday (Time)";"4d 4h 25m";"-732.48"
"44";"USTEC_ICM_UTC2";"Buy";"4457.0";"4455.0";"2015.06.08 18:00:00";"2015.06.12 22:55:00";"30.0";"-792.48";"4374.50000";"4539.50000";"32661.20";"0.00";"IST";"End Of Friday (Time)";"4d 4h 55m";"-732.48"
"45";"USTEC_ICM_UTC2";"Buy";"4425.0";"4507.5";"2015.06.15 18:45:00";"2015.06.18 16:47:00";"30.0";"1925.64";"4342.50000";"4507.50000";"34586.84";"0.00";"IST";"PT";"2d 22h 2m";"-549.36"
"46";"USTEC_ICM_UTC2";"Buy";"4523.0";"4517.5";"2015.06.19 17:30:00";"2015.06.19 22:55:00";"30.0";"-165.00";"4440.50000";"4605.50000";"34421.84";"0.00";"IST";"End Of Friday (Time)";"5h 25m";"-0.00"
"47";"USTEC_ICM_UTC2";"Buy";"4549.0";"4466.5";"2015.06.22 17:45:00";"2015.06.26 20:24:00";"30.0";"-3207.48";"4466.50000";"4631.50000";"31214.36";"0.00";"IST";"SL";"4d 2h 39m";"-732.48"
"48";"USTEC_ICM_UTC2";"Buy";"4473.9";"4483.9";"2015.06.26 21:15:00";"2015.06.26 22:55:00";"30.0";"300.00";"4391.39990";"4556.39990";"31514.36";"0.00";"IST";"End Of Friday (Time)";"1h 40m";"-0.00"
"49";"USTEC_ICM_UTC2";"Buy";"4447.0";"4364.5";"2015.06.29 17:15:00";"2015.07.07 17:38:00";"30.0";"-3939.96";"4364.50000";"4529.50000";"27574.40";"0.00";"IST";"SL";"8d 0h 23m";"-1464.96"
"50";"USTEC_ICM_UTC2";"Buy";"4361.0";"4427.5";"2015.07.07 18:15:00";"2015.07.10 22:55:00";"30.0";"1445.64";"4278.50000";"4443.50000";"29020.04";"0.00";"IST";"End Of Friday (Time)";"3d 4h 40m";"-549.36"
"51";"USTEC_ICM_UTC2";"Buy";"4536.0";"4618.5";"2015.07.15 17:30:00";"2015.07.17 09:09:00";"30.0";"2108.76";"4453.50000";"4618.50000";"31128.80";"0.00";"IST";"PT";"1d 15h 39m";"-366.24"
"52";"USTEC_ICM_UTC2";"Buy";"4634.8";"4657.9";"2015.07.17 17:30:00";"2015.07.17 22:55:00";"30.0";"693.00";"4552.29980";"4717.29980";"31821.80";"0.00";"IST";"End Of Friday (Time)";"5h 25m";"-0.00"
"53";"USTEC_ICM_UTC2";"Buy";"4675.9";"4593.4";"2015.07.20 18:45:00";"2015.07.23 22:12:00";"30.0";"-3024.36";"4593.39990";"4758.39990";"28797.44";"0.00";"IST";"SL";"3d 3h 27m";"-549.36"
"54";"USTEC_ICM_UTC2";"Buy";"4600.7";"4562.0";"2015.07.24 18:15:00";"2015.07.24 22:55:00";"30.0";"-1161.00";"4518.20020";"4683.20020";"27636.44";"0.00";"IST";"End Of Friday (Time)";"4h 40m";"-0.00"
"55";"USTEC_ICM_UTC2";"Buy";"4537.0";"4590.5";"2015.07.27 18:15:00";"2015.07.31 22:55:00";"30.0";"872.52";"4454.50000";"4619.50000";"28508.96";"0.00";"IST";"End Of Friday (Time)";"4d 4h 40m";"-732.48"
"56";"USTEC_ICM_UTC2";"Buy";"4559.9";"4517.3";"2015.08.03 21:15:00";"2015.08.07 22:55:00";"30.0";"-2010.48";"4477.39990";"4642.39990";"26498.48";"0.00";"IST";"End Of Friday (Time)";"4d 1h 40m";"-732.48"
"57";"USTEC_ICM_UTC2";"Buy";"4562.9";"4480.4";"2015.08.10 18:45:00";"2015.08.12 10:07:00";"30.0";"-2841.24";"4480.39990";"4645.39990";"23657.24";"0.00";"IST";"SL";"1d 15h 22m";"-366.24"
"58";"USTEC_ICM_UTC2";"Buy";"4443.9";"4526.4";"2015.08.12 18:00:00";"2015.08.12 21:59:00";"30.0";"2475.00";"4361.39990";"4526.39990";"26132.24";"0.00";"IST";"PT";"3h 59m";"-0.00"
"59";"USTEC_ICM_UTC2";"Buy";"4528.0";"4530.9";"2015.08.13 18:15:00";"2015.08.14 22:55:00";"30.0";"-96.12";"4445.50000";"4610.50000";"26036.12";"0.00";"IST";"End Of Friday (Time)";"1d 4h 40m";"-183.12"
"60";"USTEC_ICM_UTC2";"Buy";"4535.4";"4452.9";"2015.08.17 17:45:00";"2015.08.20 17:04:00";"30.0";"-3024.36";"4452.89990";"4617.89990";"23011.76";"0.00";"IST";"SL";"2d 23h 19m";"-549.36"
"61";"USTEC_ICM_UTC2";"Buy";"4425.3";"4339.0";"2015.08.20 18:15:00";"2015.08.21 09:00:00";"30.0";"-2772.48";"4342.79980";"4507.79980";"20239.28";"0.00";"IST";"SL";"14h 45m";"-183.12"
"62";"USTEC_ICM_UTC2";"Buy";"4333.0";"4250.5";"2015.08.21 17:30:00";"2015.08.21 21:48:00";"30.0";"-2475.00";"4250.50000";"4415.50000";"17764.28";"0.00";"IST";"SL";"4h 18m";"-0.00"
"63";"USTEC_ICM_UTC2";"Buy";"4092.4";"4174.9";"2015.08.24 17:45:00";"2015.08.24 19:08:00";"30.0";"2475.00";"4009.89990";"4174.89990";"20239.28";"0.00";"IST";"PT";"1h 23m";"-0.00"
"64";"USTEC_ICM_UTC2";"Buy";"4143.3";"4060.8";"2015.08.25 16:45:00";"2015.08.25 22:45:00";"30.0";"-2475.00";"4060.80005";"4225.79980";"17764.28";"0.00";"IST";"SL";"6h 0m";"-0.00"
"65";"USTEC_ICM_UTC2";"Buy";"4105.4";"4187.9";"2015.08.26 17:30:00";"2015.08.26 22:10:00";"30.0";"2475.00";"4022.89990";"4187.89990";"20239.28";"0.00";"IST";"PT";"4h 40m";"-0.00"
"66";"USTEC_ICM_UTC2";"Buy";"4289.9";"4321.0";"2015.08.27 17:45:00";"2015.08.28 22:55:00";"30.0";"749.88";"4207.39990";"4372.39990";"20989.16";"0.00";"IST";"End Of Friday (Time)";"1d 5h 10m";"-183.12"
"67";"USTEC_ICM_UTC2";"Buy";"4300.9";"4186.0";"2015.08.31 18:00:00";"2015.09.01 09:00:00";"30.0";"-3630.15";"4218.39990";"4383.39990";"17359.01";"0.00";"IST";"SL";"15h 0m";"-183.12"
"68";"USTEC_ICM_UTC2";"Buy";"4212.1";"4129.6";"2015.09.01 18:00:00";"2015.09.01 22:42:00";"30.0";"-2475.00";"4129.60010";"4294.60010";"14884.01";"0.00";"IST";"SL";"4h 42m";"-0.00"
"69";"USTEC_ICM_UTC2";"Buy";"4181.0";"4263.5";"2015.09.02 17:30:00";"2015.09.03 09:01:00";"30.0";"2291.88";"4098.50000";"4263.50000";"17175.89";"0.00";"IST";"PT";"15h 31m";"-183.12"
"70";"USTEC_ICM_UTC2";"Buy";"4254.0";"4171.5";"2015.09.03 22:15:00";"2015.09.04 15:51:00";"30.0";"-2658.12";"4171.50000";"4336.50000";"14517.77";"0.00";"IST";"SL";"17h 36m";"-183.12"
"71";"USTEC_ICM_UTC2";"Buy";"4192.0";"4196.0";"2015.09.04 18:00:00";"2015.09.04 22:55:00";"30.0";"120.00";"4109.50000";"4274.50000";"14637.77";"0.00";"IST";"End Of Friday (Time)";"4h 55m";"-0.00"
"72";"USTEC_ICM_UTC2";"Buy";"4286.9";"4369.4";"2015.09.08 22:15:00";"2015.09.09 10:28:00";"30.0";"2291.88";"4204.39990";"4369.39990";"16929.65";"0.00";"IST";"PT";"12h 13m";"-183.12"
"73";"USTEC_ICM_UTC2";"Buy";"4310.0";"4313.9";"2015.09.09 18:30:00";"2015.09.11 22:55:00";"30.0";"-249.24";"4227.50000";"4392.50000";"16680.41";"0.00";"IST";"End Of Friday (Time)";"2d 4h 25m";"-366.24"
"74";"USTEC_ICM_UTC2";"Buy";"4316.0";"4398.5";"2015.09.14 17:45:00";"2015.09.17 20:19:00";"30.0";"1925.64";"4233.50000";"4398.50000";"18606.05";"0.00";"IST";"PT";"3d 2h 34m";"-549.36"
"75";"USTEC_ICM_UTC2";"Buy";"4407.0";"4324.5";"2015.09.17 22:15:00";"2015.09.18 16:09:00";"30.0";"-2658.12";"4324.50000";"4489.50000";"15947.93";"0.00";"IST";"SL";"17h 54m";"-183.12"
"76";"USTEC_ICM_UTC2";"Buy";"4342.5";"4325.2";"2015.09.18 17:45:00";"2015.09.18 22:55:00";"30.0";"-519.00";"4260.00000";"4425.00000";"15428.93";"0.00";"IST";"End Of Friday (Time)";"5h 10m";"-0.00"
"77";"USTEC_ICM_UTC2";"Buy";"4368.0";"4285.5";"2015.09.21 18:15:00";"2015.09.22 11:51:00";"30.0";"-2658.12";"4285.50000";"4450.50000";"12770.81";"0.00";"IST";"SL";"17h 36m";"-183.12"
"78";"USTEC_ICM_UTC2";"Buy";"4263.9";"4225.1";"2015.09.22 17:30:00";"2015.09.25 22:55:00";"30.0";"-1713.36";"4181.39990";"4346.39990";"11057.45";"0.00";"IST";"End Of Friday (Time)";"3d 5h 25m";"-549.36"
"79";"USTEC_ICM_UTC2";"Buy";"4206.0";"4123.5";"2015.09.28 16:30:00";"2015.09.28 19:49:00";"30.0";"-2475.00";"4123.50000";"4288.50000";"8582.45";"0.00";"IST";"SL";"3h 19m";"-0.00"
"80";"USTEC_ICM_UTC2";"Buy";"4135.0";"4052.5";"2015.09.29 18:00:00";"2015.09.29 22:29:00";"30.0";"-2475.00";"4052.50000";"4217.50000";"6107.45";"0.00";"IST";"SL";"4h 29m";"-0.00"
"81";"USTEC_ICM_UTC2";"Buy";"4165.5";"4248.0";"2015.09.30 18:00:00";"2015.10.02 22:17:00";"30.0";"2108.76";"4083.00000";"4248.00000";"8216.21";"0.00";"IST";"PT";"2d 4h 17m";"-366.24"
"82";"USTEC_ICM_UTC2";"Buy";"4287.0";"4369.5";"2015.10.06 18:45:00";"2015.10.09 17:35:00";"30.0";"1925.64";"4204.50000";"4369.50000";"10141.85";"0.00";"IST";"PT";"2d 22h 50m";"-549.36"
"83";"USTEC_ICM_UTC2";"Buy";"4374.8";"4366.8";"2015.10.09 18:30:00";"2015.10.09 22:55:00";"30.0";"-240.00";"4292.29980";"4457.29980";"9901.85";"0.00";"IST";"End Of Friday (Time)";"4h 25m";"-0.00"
"84";"USTEC_ICM_UTC2";"Buy";"4340.5";"4423.0";"2015.10.14 18:30:00";"2015.10.16 10:24:00";"30.0";"2108.76";"4258.00000";"4423.00000";"12010.61";"0.00";"IST";"PT";"1d 15h 54m";"-366.24"
"85";"USTEC_ICM_UTC2";"Buy";"4417.4";"4434.3";"2015.10.16 20:45:00";"2015.10.16 22:55:00";"30.0";"507.00";"4334.89990";"4499.89990";"12517.61";"0.00";"IST";"End Of Friday (Time)";"2h 10m";"-0.00"
"86";"USTEC_ICM_UTC2";"Buy";"4447.0";"4582.1";"2015.10.19 17:45:00";"2015.10.23 09:00:00";"30.0";"3321.24";"4364.50000";"4529.50000";"15838.85";"0.00";"IST";"PT";"3d 15h 15m";"-732.48"
"87";"USTEC_ICM_UTC2";"Buy";"4608.0";"4627.9";"2015.10.23 18:00:00";"2015.10.23 22:55:00";"30.0";"597.00";"4525.50000";"4690.50000";"16435.85";"0.00";"IST";"End Of Friday (Time)";"4h 55m";"-0.00"
"88";"USTEC_ICM_UTC2";"Buy";"4624.9";"4707.4";"2015.10.26 17:30:00";"2015.11.03 18:34:00";"30.0";"1010.04";"4542.39990";"4707.39990";"17445.89";"0.00";"IST";"PT";"8d 1h 4m";"-1464.96"
"89";"USTEC_ICM_UTC2";"Buy";"4715.8";"4701.5";"2015.11.03 19:30:00";"2015.11.06 22:55:00";"30.0";"-978.36";"4633.29980";"4798.29980";"16467.53";"0.00";"IST";"End Of Friday (Time)";"3d 3h 25m";"-549.36"
"90";"USTEC_ICM_UTC2";"Buy";"4644.4";"4561.9";"2015.11.09 18:15:00";"2015.11.13 16:45:00";"30.0";"-3207.48";"4561.89990";"4726.89990";"13260.05";"0.00";"IST";"SL";"3d 22h 30m";"-732.48"
"91";"USTEC_ICM_UTC2";"Buy";"4531.2";"4506.7";"2015.11.13 18:15:00";"2015.11.13 22:55:00";"30.0";"-735.00";"4448.70020";"4613.70020";"12525.05";"0.00";"IST";"End Of Friday (Time)";"4h 40m";"-0.00"
"92";"USTEC_ICM_UTC2";"Buy";"4515.5";"4598.0";"2015.11.16 17:15:00";"2015.11.18 16:55:00";"30.0";"2108.76";"4433.00000";"4598.00000";"14633.81";"0.00";"IST";"PT";"1d 23h 40m";"-366.24"
"93";"USTEC_ICM_UTC2";"Buy";"4596.0";"4678.5";"2015.11.18 17:45:00";"2015.11.20 16:28:00";"30.0";"2108.76";"4513.50000";"4678.50000";"16742.57";"0.00";"IST";"PT";"1d 22h 43m";"-366.24"
"94";"USTEC_ICM_UTC2";"Buy";"4683.7";"4682.7";"2015.11.20 17:45:00";"2015.11.20 22:55:00";"30.0";"-30.00";"4601.20020";"4766.20020";"16712.57";"0.00";"IST";"End Of Friday (Time)";"5h 10m";"-0.00"
"95";"USTEC_ICM_UTC2";"Buy";"4701.9";"4619.4";"2015.11.23 17:45:00";"2015.12.03 20:01:00";"30.0";"-4306.20";"4619.39990";"4784.39990";"12406.37";"0.00";"IST";"SL";"10d 2h 16m";"-1831.20"
"96";"USTEC_ICM_UTC2";"Buy";"4624.6";"4707.1";"2015.12.03 20:45:00";"2015.12.04 20:01:00";"30.0";"2291.88";"4542.10010";"4707.10010";"14698.25";"0.00";"IST";"PT";"23h 16m";"-183.12"
"97";"USTEC_ICM_UTC2";"Buy";"4708.0";"4714.8";"2015.12.04 20:30:00";"2015.12.04 22:55:00";"30.0";"204.00";"4625.50000";"4790.50000";"14902.25";"0.00";"IST";"End Of Friday (Time)";"2h 25m";"-0.00"
"98";"USTEC_ICM_UTC2";"Buy";"4691.0";"4608.5";"2015.12.07 17:45:00";"2015.12.09 19:31:00";"30.0";"-2841.24";"4608.50000";"4773.50000";"12061.01";"0.00";"IST";"SL";"2d 1h 46m";"-366.24"
"99";"USTEC_ICM_UTC2";"Buy";"4599.8";"4536.0";"2015.12.09 21:30:00";"2015.12.11 22:55:00";"30.0";"-2280.24";"4517.29980";"4682.29980";"9780.77";"0.00";"IST";"End Of Friday (Time)";"2d 1h 25m";"-366.24"
"100";"USTEC_ICM_UTC2";"Buy";"4510.9";"4593.4";"2015.12.14 18:15:00";"2015.12.15 10:36:00";"30.0";"2291.88";"4428.39990";"4593.39990";"12072.65";"0.00";"IST";"PT";"16h 21m";"-183.12"
"101";"USTEC_ICM_UTC2";"Buy";"4625.4";"4542.9";"2015.12.16 21:45:00";"2015.12.18 19:27:00";"30.0";"-2841.24";"4542.89990";"4707.89990";"9231.41";"0.00";"IST";"SL";"1d 21h 42m";"-366.24"
"102";"USTEC_ICM_UTC2";"Buy";"4542.1";"4523.6";"2015.12.18 20:45:00";"2015.12.18 22:55:00";"30.0";"-555.00";"4459.60010";"4624.60010";"8676.41";"0.00";"IST";"End Of Friday (Time)";"2h 10m";"-0.00"
"103";"USTEC_ICM_UTC2";"Buy";"4532.3";"4614.8";"2015.12.21 19:30:00";"2015.12.23 13:26:00";"30.0";"2108.76";"4449.79980";"4614.79980";"10785.17";"0.00";"IST";"PT";"1d 17h 56m";"-366.24"
"104";"USTEC_ICM_UTC2";"Buy";"4610.2";"4692.7";"2015.12.23 17:30:00";"2015.12.29 20:43:00";"30.0";"1376.28";"4527.70020";"4692.70020";"12161.45";"0.00";"IST";"PT";"6d 3h 13m";"-1098.72"
"105";"USTEC_ICM_UTC2";"Buy";"4664.4";"4547.9";"2015.12.30 17:30:00";"2016.01.04 09:00:00";"30.0";"-4409.91";"4581.89990";"4746.89990";"7751.54";"0.00";"IST";"SL";"4d 15h 30m";"-915.60"
"106";"USTEC_ICM_UTC2";"Buy";"4446.9";"4364.4";"2016.01.04 18:15:00";"2016.01.07 09:44:00";"30.0";"-3024.36";"4364.39990";"4529.39990";"4727.18";"0.00";"IST";"SL";"2d 15h 29m";"-549.36"
"107";"USTEC_ICM_UTC2";"Buy";"4378.9";"4296.4";"2016.01.07 18:30:00";"2016.01.08 18:31:00";"30.0";"-2658.12";"4296.39990";"4461.39990";"2069.06";"0.00";"IST";"SL";"1d 0h 1m";"-183.12"
"108";"USTEC_ICM_UTC2";"Buy";"4325.0";"4267.8";"2016.01.08 19:45:00";"2016.01.08 22:55:00";"30.0";"-1716.00";"4242.50000";"4407.50000";"353.06";"0.00";"IST";"End Of Friday (Time)";"3h 10m";"-0.00"
"109";"USTEC_ICM_UTC2";"Buy";"4258.9";"4341.4";"2016.01.11 18:00:00";"2016.01.12 16:37:00";"30.0";"2291.88";"4176.39990";"4341.39990";"2644.94";"0.00";"IST";"PT";"22h 37m";"-183.12"
"110";"USTEC_ICM_UTC2";"Buy";"4323.9";"4241.4";"2016.01.12 18:00:00";"2016.01.13 20:44:00";"30.0";"-2658.12";"4241.39990";"4406.39990";"-13.18";"0.00";"IST";"SL";"1d 2h 44m";"-183.12"
"111";"USTEC_ICM_UTC2";"Buy";"4197.0";"4279.5";"2016.01.13 22:45:00";"2016.01.14 20:36:00";"30.0";"2291.88";"4114.50000";"4279.50000";"2278.70";"0.00";"IST";"PT";"21h 51m";"-183.12"
"112";"USTEC_ICM_UTC2";"Buy";"4280.0";"4197.5";"2016.01.14 21:00:00";"2016.01.15 10:59:00";"30.0";"-2658.12";"4197.50000";"4362.50000";"-379.42";"0.00";"IST";"SL";"13h 59m";"-183.12"
"113";"USTEC_ICM_UTC2";"Buy";"4151.9";"4141.0";"2016.01.15 17:15:00";"2016.01.15 22:55:00";"30.0";"-327.00";"4069.39990";"4234.39990";"-706.42";"0.00";"IST";"End Of Friday (Time)";"5h 40m";"-0.00"
"114";"USTEC_ICM_UTC2";"Buy";"4167.9";"4074.4";"2016.01.19 18:00:00";"2016.01.20 09:00:00";"30.0";"-2989.59";"4085.39990";"4250.39990";"-3696.01";"0.00";"IST";"SL";"15h 0m";"-183.12"
"115";"USTEC_ICM_UTC2";"Buy";"4037.9";"4120.4";"2016.01.20 17:45:00";"2016.01.20 22:06:00";"30.0";"2475.00";"3955.39990";"4120.39990";"-1221.01";"0.00";"IST";"PT";"4h 21m";"-0.00"
"116";"USTEC_ICM_UTC2";"Buy";"4114.9";"4197.4";"2016.01.21 16:45:00";"2016.01.21 19:06:00";"30.0";"2475.00";"4032.39990";"4197.39990";"1253.99";"0.00";"IST";"PT";"2h 21m";"-0.00"
"117";"USTEC_ICM_UTC2";"Buy";"4151.0";"4233.5";"2016.01.28 18:45:00";"2016.01.29 17:11:00";"30.0";"2291.88";"4068.50000";"4233.50000";"3545.87";"0.00";"IST";"PT";"22h 26m";"-183.12"
"118";"USTEC_ICM_UTC2";"Buy";"4225.0";"4272.9";"2016.01.29 17:45:00";"2016.01.29 22:55:00";"30.0";"1437.00";"4142.50000";"4307.50000";"4982.87";"0.00";"IST";"End Of Friday (Time)";"5h 10m";"-0.00"
"119";"USTEC_ICM_UTC2";"Buy";"4272.9";"4190.4";"2016.02.01 18:15:00";"2016.02.02 21:27:00";"30.0";"-2658.12";"4190.39990";"4355.39990";"2324.75";"0.00";"IST";"SL";"1d 3h 12m";"-183.12"
"120";"USTEC_ICM_UTC2";"Buy";"4127.8";"4045.3";"2016.02.03 18:15:00";"2016.02.05 18:22:00";"30.0";"-2841.24";"4045.30005";"4210.29980";"-516.49";"0.00";"IST";"SL";"2d 0h 7m";"-366.24"
"121";"USTEC_ICM_UTC2";"Buy";"4055.3";"4007.7";"2016.02.05 19:00:00";"2016.02.05 22:55:00";"30.0";"-1428.00";"3972.80005";"4137.79980";"-1944.49";"0.00";"IST";"End Of Friday (Time)";"3h 55m";"-0.00"
"122";"USTEC_ICM_UTC2";"Buy";"3922.2";"4004.7";"2016.02.08 17:30:00";"2016.02.09 17:09:00";"30.0";"2291.88";"3839.69995";"4004.69995";"347.39";"0.00";"IST";"PT";"23h 39m";"-183.12"
"123";"USTEC_ICM_UTC2";"Buy";"3973.6";"3891.1";"2016.02.09 17:30:00";"2016.02.11 10:40:00";"30.0";"-2841.24";"3891.10010";"4056.10010";"-2493.85";"0.00";"IST";"SL";"1d 17h 10m";"-366.24"
"124";"USTEC_ICM_UTC2";"Buy";"3932.0";"4014.5";"2016.02.11 17:30:00";"2016.02.12 13:55:00";"30.0";"2291.88";"3849.50000";"4014.50000";"-201.97";"0.00";"IST";"PT";"20h 25m";"-183.12"
"125";"USTEC_ICM_UTC2";"Buy";"4082.6";"4165.1";"2016.02.16 19:30:00";"2016.02.17 17:23:00";"30.0";"2291.88";"4000.10010";"4165.10010";"2089.91";"0.00";"IST";"PT";"21h 53m";"-183.12"
"126";"USTEC_ICM_UTC2";"Buy";"4181.5";"4165.4";"2016.02.18 17:45:00";"2016.02.19 22:55:00";"30.0";"-666.12";"4099.00000";"4264.00000";"1423.79";"0.00";"IST";"End Of Friday (Time)";"1d 5h 10m";"-183.12"
"127";"USTEC_ICM_UTC2";"Buy";"4217.7";"4135.2";"2016.02.22 17:30:00";"2016.02.24 11:21:00";"30.0";"-2841.24";"4135.20020";"4300.20020";"-1417.45";"0.00";"IST";"SL";"1d 17h 51m";"-366.24"
"128";"USTEC_ICM_UTC2";"Buy";"4103.8";"4186.3";"2016.02.24 18:30:00";"2016.02.24 21:43:00";"30.0";"2475.00";"4021.30005";"4186.29980";"1057.55";"0.00";"IST";"PT";"3h 13m";"-0.00"
"129";"USTEC_ICM_UTC2";"Buy";"4187.8";"4270.3";"2016.02.25 18:15:00";"2016.02.26 09:53:00";"30.0";"2291.88";"4105.29980";"4270.29980";"3349.43";"0.00";"IST";"PT";"15h 38m";"-183.12"
"130";"USTEC_ICM_UTC2";"Buy";"4241.3";"4323.8";"2016.02.29 17:45:00";"2016.03.01 21:57:00";"30.0";"2291.88";"4158.79980";"4323.79980";"5641.31";"0.00";"IST";"PT";"1d 4h 12m";"-183.12"
"131";"USTEC_ICM_UTC2";"Buy";"4314.8";"4326.8";"2016.03.02 17:45:00";"2016.03.04 22:55:00";"30.0";"-6.24";"4232.29980";"4397.29980";"5635.07";"0.00";"IST";"End Of Friday (Time)";"2d 5h 10m";"-366.24"
"132";"USTEC_ICM_UTC2";"Buy";"4317.9";"4235.4";"2016.03.07 19:15:00";"2016.03.10 20:09:00";"30.0";"-3024.36";"4235.39990";"4400.39990";"2610.71";"0.00";"IST";"SL";"3d 0h 54m";"-549.36"
"133";"USTEC_ICM_UTC2";"Buy";"4244.6";"4327.1";"2016.03.10 21:00:00";"2016.03.11 09:15:00";"30.0";"2291.88";"4162.10010";"4327.10010";"4902.59";"0.00";"IST";"PT";"12h 15m";"-183.12"
"134";"USTEC_ICM_UTC2";"Buy";"4355.1";"4437.6";"2016.03.15 17:00:00";"2016.03.22 18:41:00";"30.0";"1193.16";"4272.60010";"4437.60010";"6095.75";"0.00";"IST";"PT";"7d 1h 41m";"-1281.84"
"135";"USTEC_ICM_UTC2";"Buy";"4420.2";"4502.7";"2016.03.23 16:45:00";"2016.03.30 13:29:00";"30.0";"1193.16";"4337.70020";"4502.70020";"7288.91";"0.00";"IST";"PT";"6d 20h 44m";"-1281.84"
"136";"USTEC_ICM_UTC2";"Buy";"4513.4";"4526.5";"2016.03.30 17:30:00";"2016.04.01 22:55:00";"30.0";"26.76";"4430.89990";"4595.89990";"7315.67";"0.00";"IST";"End Of Friday (Time)";"2d 5h 25m";"-366.24"
"137";"USTEC_ICM_UTC2";"Buy";"4524.8";"4469.5";"2016.04.04 17:30:00";"2016.04.08 22:55:00";"30.0";"-2391.48";"4442.29980";"4607.29980";"4924.19";"0.00";"IST";"End Of Friday (Time)";"4d 5h 25m";"-732.48"
"138";"USTEC_ICM_UTC2";"Buy";"4504.5";"4542.9";"2016.04.11 17:45:00";"2016.04.15 22:55:00";"30.0";"419.52";"4422.00000";"4587.00000";"5343.71";"0.00";"IST";"End Of Friday (Time)";"4d 5h 10m";"-732.48"
"139";"USTEC_ICM_UTC2";"Buy";"4554.0";"4471.5";"2016.04.18 20:15:00";"2016.04.22 17:19:00";"30.0";"-3207.48";"4471.50000";"4636.50000";"2136.23";"0.00";"IST";"SL";"3d 21h 4m";"-732.48"
"140";"USTEC_ICM_UTC2";"Buy";"4457.9";"4375.4";"2016.04.25 18:15:00";"2016.04.28 22:15:00";"30.0";"-3024.36";"4375.39990";"4540.39990";"-888.13";"0.00";"IST";"SL";"3d 4h 0m";"-549.36"
"141";"USTEC_ICM_UTC2";"Buy";"4357.4";"4340.2";"2016.04.29 16:30:00";"2016.04.29 22:55:00";"30.0";"-516.00";"4274.89990";"4439.89990";"-1404.13";"0.00";"IST";"End Of Friday (Time)";"6h 25m";"-0.00"
"142";"USTEC_ICM_UTC2";"Buy";"4344.3";"4325.8";"2016.05.02 17:45:00";"2016.05.06 22:55:00";"30.0";"-1287.48";"4261.79980";"4426.79980";"-2691.61";"0.00";"IST";"End Of Friday (Time)";"4d 5h 10m";"-732.48"
"143";"USTEC_ICM_UTC2";"Buy";"4340.5";"4325.4";"2016.05.09 17:30:00";"2016.05.13 22:55:00";"30.0";"-1185.48";"4258.00000";"4423.00000";"-3877.09";"0.00";"IST";"End Of Friday (Time)";"4d 5h 25m";"-732.48"
"144";"USTEC_ICM_UTC2";"Buy";"4346.2";"4361.8";"2016.05.16 17:30:00";"2016.05.20 22:55:00";"30.0";"-264.48";"4263.70020";"4428.70020";"-4141.57";"0.00";"IST";"End Of Friday (Time)";"4d 5h 25m";"-732.48"
"145";"USTEC_ICM_UTC2";"Buy";"4375.1";"4457.6";"2016.05.23 17:45:00";"2016.05.25 09:13:00";"30.0";"2108.76";"4292.60010";"4457.60010";"-2032.81";"0.00";"IST";"PT";"1d 15h 28m";"-366.24"
"146";"USTEC_ICM_UTC2";"Buy";"4475.5";"4509.4";"2016.05.25 17:45:00";"2016.05.27 22:55:00";"30.0";"650.76";"4393.00000";"4558.00000";"-1382.05";"0.00";"IST";"End Of Friday (Time)";"2d 5h 10m";"-366.24"
"147";"USTEC_ICM_UTC2";"Buy";"4522.7";"4512.5";"2016.05.31 17:30:00";"2016.06.03 22:55:00";"30.0";"-855.36";"4440.20020";"4605.20020";"-2237.41";"0.00";"IST";"End Of Friday (Time)";"3d 5h 25m";"-549.36"
"148";"USTEC_ICM_UTC2";"Buy";"4523.8";"4458.3";"2016.06.06 20:45:00";"2016.06.10 22:55:00";"30.0";"-2697.48";"4441.29980";"4606.29980";"-4934.89";"0.00";"IST";"End Of Friday (Time)";"4d 2h 10m";"-732.48"
"149";"USTEC_ICM_UTC2";"Buy";"4455.6";"4373.1";"2016.06.13 17:30:00";"2016.06.16 16:57:00";"30.0";"-3024.36";"4373.10010";"4538.10010";"-7959.25";"0.00";"IST";"SL";"2d 23h 27m";"-549.36"
"150";"USTEC_ICM_UTC2";"Buy";"4370.9";"4371.9";"2016.06.16 19:00:00";"2016.06.17 22:55:00";"30.0";"-153.12";"4288.39990";"4453.39990";"-8112.37";"0.00";"IST";"End Of Friday (Time)";"1d 3h 55m";"-183.12"
"151";"USTEC_ICM_UTC2";"Buy";"4403.4";"4254.8";"2016.06.21 18:00:00";"2016.06.24 09:00:00";"30.0";"-5008.23";"4320.89990";"4485.89990";"-13120.60";"0.00";"IST";"SL";"2d 15h 0m";"-549.36"
"152";"USTEC_ICM_UTC2";"Buy";"4347.8";"4307.6";"2016.06.24 17:30:00";"2016.06.24 22:55:00";"30.0";"-1206.00";"4265.29980";"4430.29980";"-14326.60";"0.00";"IST";"End Of Friday (Time)";"5h 25m";"-0.00"
"153";"USTEC_ICM_UTC2";"Buy";"4199.7";"4282.2";"2016.06.27 19:15:00";"2016.06.28 21:56:00";"30.0";"2291.88";"4117.20020";"4282.20020";"-12034.72";"0.00";"IST";"PT";"1d 2h 41m";"-183.12"
"154";"USTEC_ICM_UTC2";"Buy";"4279.4";"4361.9";"2016.06.28 22:30:00";"2016.06.29 19:11:00";"30.0";"2291.88";"4196.89990";"4361.89990";"-9742.84";"0.00";"IST";"PT";"20h 41m";"-183.12"
"155";"USTEC_ICM_UTC2";"Buy";"4395.1";"4439.8";"2016.06.30 19:00:00";"2016.07.01 22:55:00";"30.0";"1157.88";"4312.60010";"4477.60010";"-8584.96";"0.00";"IST";"End Of Friday (Time)";"1d 3h 55m";"-183.12"
"156";"USTEC_ICM_UTC2";"Buy";"4402.4";"4484.9";"2016.07.05 18:00:00";"2016.07.08 15:30:00";"30.0";"1925.64";"4319.89990";"4484.89990";"-6659.32";"0.00";"IST";"PT";"2d 21h 30m";"-549.36"
"157";"USTEC_ICM_UTC2";"Buy";"4582.2";"4587.5";"2016.07.13 17:30:00";"2016.07.15 22:55:00";"30.0";"-207.24";"4499.70020";"4664.70020";"-6866.56";"0.00";"IST";"End Of Friday (Time)";"2d 5h 25m";"-366.24"
"158";"USTEC_ICM_UTC2";"Buy";"4609.6";"4663.1";"2016.07.19 18:30:00";"2016.07.22 22:55:00";"30.0";"1055.64";"4527.10010";"4692.10010";"-5810.92";"0.00";"IST";"End Of Friday (Time)";"3d 4h 25m";"-549.36"
"159";"USTEC_ICM_UTC2";"Buy";"4655.5";"4738.0";"2016.07.25 18:45:00";"2016.07.29 18:12:00";"30.0";"1742.52";"4573.00000";"4738.00000";"-4068.40";"0.00";"IST";"PT";"3d 23h 27m";"-732.48"
"160";"USTEC_ICM_UTC2";"Buy";"4736.3";"4735.0";"2016.07.29 19:30:00";"2016.07.29 22:55:00";"30.0";"-39.00";"4653.79980";"4818.79980";"-4107.40";"0.00";"IST";"End Of Friday (Time)";"3h 25m";"-0.00"
"161";"USTEC_ICM_UTC2";"Buy";"4751.7";"4789.5";"2016.08.01 21:30:00";"2016.08.05 22:55:00";"30.0";"401.52";"4669.20020";"4834.20020";"-3705.88";"0.00";"IST";"End Of Friday (Time)";"4d 1h 25m";"-732.48"
"162";"USTEC_ICM_UTC2";"Buy";"4777.7";"4804.8";"2016.08.08 18:30:00";"2016.08.12 22:55:00";"30.0";"80.52";"4695.20020";"4860.20020";"-3625.36";"0.00";"IST";"End Of Friday (Time)";"4d 4h 25m";"-732.48"
"163";"USTEC_ICM_UTC2";"Buy";"4833.0";"4805.5";"2016.08.15 18:00:00";"2016.08.19 22:55:00";"30.0";"-1557.48";"4750.50000";"4915.50000";"-5182.84";"0.00";"IST";"End Of Friday (Time)";"4d 4h 55m";"-732.48"
"164";"USTEC_ICM_UTC2";"Buy";"4811.6";"4780.7";"2016.08.22 18:00:00";"2016.08.26 22:55:00";"30.0";"-1659.48";"4729.10010";"4894.10010";"-6842.32";"0.00";"IST";"End Of Friday (Time)";"4d 4h 55m";"-732.48"
"165";"USTEC_ICM_UTC2";"Buy";"4772.7";"4796.7";"2016.08.30 18:30:00";"2016.09.02 22:55:00";"30.0";"170.64";"4690.20020";"4855.20020";"-6671.68";"0.00";"IST";"End Of Friday (Time)";"3d 4h 25m";"-549.36"
"166";"USTEC_ICM_UTC2";"Buy";"4802.7";"4720.2";"2016.09.06 17:30:00";"2016.09.09 19:49:00";"30.0";"-3024.36";"4720.20020";"4885.20020";"-9696.04";"0.00";"IST";"SL";"3d 2h 19m";"-549.36"
"167";"USTEC_ICM_UTC2";"Buy";"4725.7";"4692.6";"2016.09.09 20:00:00";"2016.09.09 22:55:00";"30.0";"-993.00";"4643.20020";"4808.20020";"-10689.04";"0.00";"IST";"End Of Friday (Time)";"2h 55m";"-0.00"
"168";"USTEC_ICM_UTC2";"Buy";"4656.9";"4739.4";"2016.09.12 16:30:00";"2016.09.12 19:54:00";"30.0";"2475.00";"4574.39990";"4739.39990";"-8214.04";"0.00";"IST";"PT";"3h 24m";"-0.00"
"169";"USTEC_ICM_UTC2";"Buy";"4731.6";"4814.1";"2016.09.13 17:45:00";"2016.09.15 20:47:00";"30.0";"2108.76";"4649.10010";"4814.10010";"-6105.28";"0.00";"IST";"PT";"2d 3h 2m";"-366.24"
"170";"USTEC_ICM_UTC2";"Buy";"4811.5";"4817.8";"2016.09.16 16:45:00";"2016.09.16 22:55:00";"30.0";"189.00";"4729.00000";"4894.00000";"-5916.28";"0.00";"IST";"End Of Friday (Time)";"6h 10m";"-0.00"
"171";"USTEC_ICM_UTC2";"Buy";"4830.4";"4864.7";"2016.09.19 17:30:00";"2016.09.23 22:55:00";"30.0";"296.52";"4747.89990";"4912.89990";"-5619.76";"0.00";"IST";"End Of Friday (Time)";"4d 5h 25m";"-732.48"
"172";"USTEC_ICM_UTC2";"Buy";"4826.4";"4885.2";"2016.09.26 18:00:00";"2016.09.30 22:55:00";"30.0";"1031.52";"4743.89990";"4908.89990";"-4588.24";"0.00";"IST";"End Of Friday (Time)";"4d 4h 55m";"-732.48"
"173";"USTEC_ICM_UTC2";"Buy";"4866.2";"4867.2";"2016.10.03 18:15:00";"2016.10.07 22:55:00";"30.0";"-702.48";"4783.70020";"4948.70020";"-5290.72";"0.00";"IST";"End Of Friday (Time)";"4d 4h 40m";"-732.48"
"174";"USTEC_ICM_UTC2";"Buy";"4900.0";"4817.5";"2016.10.10 17:30:00";"2016.10.11 20:45:00";"30.0";"-2658.12";"4817.50000";"4982.50000";"-7948.84";"0.00";"IST";"SL";"1d 3h 15m";"-183.12"
"175";"USTEC_ICM_UTC2";"Buy";"4814.7";"4811.0";"2016.10.11 22:15:00";"2016.10.14 22:55:00";"30.0";"-660.36";"4732.20020";"4897.20020";"-8609.20";"0.00";"IST";"End Of Friday (Time)";"3d 0h 40m";"-549.36"
"176";"USTEC_ICM_UTC2";"Buy";"4806.7";"4851.5";"2016.10.17 18:00:00";"2016.10.21 22:55:00";"30.0";"611.52";"4724.20020";"4889.20020";"-7997.68";"0.00";"IST";"End Of Friday (Time)";"4d 4h 55m";"-732.48"
"177";"USTEC_ICM_UTC2";"Buy";"4899.0";"4816.5";"2016.10.24 18:45:00";"2016.10.28 09:29:00";"30.0";"-3207.48";"4816.50000";"4981.50000";"-11205.16";"0.00";"IST";"SL";"3d 14h 44m";"-732.48"
"178";"USTEC_ICM_UTC2";"Buy";"4822.7";"4802.8";"2016.10.28 16:30:00";"2016.10.28 22:55:00";"30.0";"-597.00";"4740.20020";"4905.20020";"-11802.16";"0.00";"IST";"End Of Friday (Time)";"6h 25m";"-0.00"
"179";"USTEC_ICM_UTC2";"Buy";"4808.5";"4726.0";"2016.10.31 16:45:00";"2016.11.01 20:17:00";"30.0";"-2658.12";"4726.00000";"4891.00000";"-14460.28";"0.00";"IST";"SL";"1d 3h 32m";"-183.12"
"180";"USTEC_ICM_UTC2";"Buy";"4745.3";"4662.8";"2016.11.01 21:00:00";"2016.11.04 15:29:00";"30.0";"-3024.36";"4662.79980";"4827.79980";"-17484.64";"0.00";"IST";"SL";"2d 18h 29m";"-549.36"
"181";"USTEC_ICM_UTC2";"Buy";"4665.8";"4748.3";"2016.11.04 21:45:00";"2016.11.07 17:32:00";"30.0";"1925.64";"4583.29980";"4748.29980";"-15559.00";"0.00";"IST";"PT";"2d 19h 47m";"-549.36"
"182";"USTEC_ICM_UTC2";"Buy";"4816.5";"4594.8";"2016.11.08 19:45:00";"2016.11.09 09:00:00";"30.0";"-6834.09";"4734.00000";"4899.00000";"-22393.09";"0.00";"IST";"SL";"13h 15m";"-183.12"
"183";"USTEC_ICM_UTC2";"Buy";"4770.7";"4854.5";"2016.11.09 17:15:00";"2016.11.10 09:00:00";"30.0";"2330.04";"4688.20020";"4853.20020";"-20063.05";"0.00";"IST";"PT";"15h 45m";"-183.12"
"184";"USTEC_ICM_UTC2";"Buy";"4724.4";"4754.0";"2016.11.10 18:15:00";"2016.11.11 22:55:00";"30.0";"704.88";"4641.89990";"4806.89990";"-19358.17";"0.00";"IST";"End Of Friday (Time)";"1d 4h 40m";"-183.12"
"185";"USTEC_ICM_UTC2";"Buy";"4707.1";"4789.6";"2016.11.14 17:45:00";"2016.11.16 17:36:00";"30.0";"2108.76";"4624.60010";"4789.60010";"-17249.41";"0.00";"IST";"PT";"1d 23h 51m";"-366.24"
"186";"USTEC_ICM_UTC2";"Buy";"4780.4";"4809.5";"2016.11.16 18:15:00";"2016.11.18 22:55:00";"30.0";"506.76";"4697.89990";"4862.89990";"-16742.65";"0.00";"IST";"End Of Friday (Time)";"2d 4h 40m";"-366.24"
"187";"USTEC_ICM_UTC2";"Buy";"4830.1";"4747.6";"2016.11.21 17:30:00";"2016.12.01 17:45:00";"30.0";"-4306.20";"4747.60010";"4912.60010";"-21048.85";"0.00";"IST";"SL";"10d 0h 15m";"-1831.20"
"188";"USTEC_ICM_UTC2";"Buy";"4748.0";"4736.6";"2016.12.01 19:15:00";"2016.12.02 22:55:00";"30.0";"-525.12";"4665.50000";"4830.50000";"-21573.97";"0.00";"IST";"End Of Friday (Time)";"1d 3h 40m";"-183.12"
"189";"USTEC_ICM_UTC2";"Buy";"4784.0";"4866.5";"2016.12.05 17:30:00";"2016.12.08 18:08:00";"30.0";"1925.64";"4701.50000";"4866.50000";"-19648.33";"0.00";"IST";"PT";"3d 0h 38m";"-549.36"
"190";"USTEC_ICM_UTC2";"Buy";"4858.5";"4891.8";"2016.12.08 18:45:00";"2016.12.09 22:55:00";"30.0";"815.88";"4776.00000";"4941.00000";"-18832.45";"0.00";"IST";"End Of Friday (Time)";"1d 4h 10m";"-183.12"
"191";"USTEC_ICM_UTC2";"Buy";"4861.7";"4944.2";"2016.12.12 17:30:00";"2016.12.13 17:25:00";"30.0";"2291.88";"4779.20020";"4944.20020";"-16540.57";"0.00";"IST";"PT";"23h 55m";"-183.12"
"192";"USTEC_ICM_UTC2";"Buy";"4946.1";"4915.4";"2016.12.13 18:00:00";"2016.12.16 22:55:00";"30.0";"-1470.36";"4863.60010";"5028.60010";"-18010.93";"0.00";"IST";"End Of Friday (Time)";"3d 4h 55m";"-549.36"
"193";"USTEC_ICM_UTC2";"Buy";"4937.9";"4937.4";"2016.12.19 17:30:00";"2016.12.23 22:55:00";"30.0";"-747.48";"4855.39990";"5020.39990";"-18758.41";"0.00";"IST";"End Of Friday (Time)";"4d 5h 25m";"-732.48"
"194";"USTEC_ICM_UTC2";"Buy";"4985.6";"4903.1";"2016.12.27 17:30:00";"2016.12.29 18:52:00";"30.0";"-2841.24";"4903.10010";"5068.10010";"-21599.65";"0.00";"IST";"SL";"2d 1h 22m";"-366.24"
"195";"USTEC_ICM_UTC2";"Buy";"4911.2";"4853.4";"2016.12.29 21:45:00";"2016.12.30 22:55:00";"30.0";"-1917.12";"4828.70020";"4993.70020";"-23516.77";"0.00";"IST";"End Of Friday (Time)";"1d 1h 10m";"-183.12"
"196";"USTEC_ICM_UTC2";"Buy";"4911.5";"4994.0";"2017.01.03 17:45:00";"2017.01.06 18:14:00";"30.0";"1925.64";"4829.00000";"4994.00000";"-21591.13";"0.00";"IST";"PT";"3d 0h 29m";"-549.36"
"197";"USTEC_ICM_UTC2";"Buy";"5009.9";"5012.3";"2017.01.06 20:30:00";"2017.01.06 22:55:00";"30.0";"72.00";"4927.39990";"5092.39990";"-21519.13";"0.00";"IST";"End Of Friday (Time)";"2h 25m";"-0.00"
"198";"USTEC_ICM_UTC2";"Buy";"5019.9";"5057.8";"2017.01.09 18:45:00";"2017.01.13 22:55:00";"30.0";"404.52";"4937.39990";"5102.39990";"-21114.61";"0.00";"IST";"End Of Friday (Time)";"4d 4h 10m";"-732.48"
"199";"USTEC_ICM_UTC2";"Buy";"5045.1";"5057.9";"2017.01.17 18:15:00";"2017.01.20 22:55:00";"30.0";"-165.36";"4962.60010";"5127.60010";"-21279.97";"0.00";"IST";"End Of Friday (Time)";"3d 4h 40m";"-549.36"
"200";"USTEC_ICM_UTC2";"Buy";"5048.2";"5130.7";"2017.01.23 18:30:00";"2017.01.25 16:26:00";"30.0";"2108.76";"4965.70020";"5130.70020";"-19171.21";"0.00";"IST";"PT";"1d 21h 56m";"-366.24"
"201";"USTEC_ICM_UTC2";"Buy";"5133.7";"5163.8";"2017.01.25 17:30:00";"2017.01.27 22:55:00";"30.0";"536.76";"5051.20020";"5216.20020";"-18634.45";"0.00";"IST";"End Of Friday (Time)";"2d 5h 25m";"-366.24"
"202";"USTEC_ICM_UTC2";"Buy";"5105.2";"5160.6";"2017.01.30 18:00:00";"2017.02.03 22:55:00";"30.0";"929.52";"5022.70020";"5187.70020";"-17704.93";"0.00";"IST";"End Of Friday (Time)";"4d 4h 55m";"-732.48"
"203";"USTEC_ICM_UTC2";"Buy";"5157.5";"5226.6";"2017.02.06 17:45:00";"2017.02.10 22:55:00";"30.0";"1340.52";"5075.00000";"5240.00000";"-16364.41";"0.00";"IST";"End Of Friday (Time)";"4d 5h 10m";"-732.48"
"204";"USTEC_ICM_UTC2";"Buy";"5249.6";"5318.6";"2017.02.13 17:45:00";"2017.02.17 22:55:00";"30.0";"1337.52";"5167.10010";"5332.10010";"-15026.89";"0.00";"IST";"End Of Friday (Time)";"4d 5h 10m";"-732.48"
"205";"USTEC_ICM_UTC2";"Buy";"5345.8";"5339.0";"2017.02.21 18:15:00";"2017.02.24 22:55:00";"30.0";"-753.36";"5263.29980";"5428.29980";"-15780.25";"0.00";"IST";"End Of Friday (Time)";"3d 4h 40m";"-549.36"
"206";"USTEC_ICM_UTC2";"Buy";"5334.4";"5371.3";"2017.02.27 17:30:00";"2017.03.03 22:55:00";"30.0";"374.52";"5251.89990";"5416.89990";"-15405.73";"0.00";"IST";"End Of Friday (Time)";"4d 5h 25m";"-732.48"
"207";"USTEC_ICM_UTC2";"Buy";"5342.1";"5384.3";"2017.03.06 17:30:00";"2017.03.10 22:55:00";"30.0";"533.52";"5259.60010";"5424.60010";"-14872.21";"0.00";"IST";"End Of Friday (Time)";"4d 5h 25m";"-732.48"
"208";"USTEC_ICM_UTC2";"Buy";"5386.3";"5442.1";"2017.03.13 17:00:00";"2017.03.31 22:55:00";"30.0";"-1622.16";"5303.79980";"5468.79980";"-16494.37";"0.00";"IST";"End Of Friday (Time)";"18d 5h 55m";"-3296.16"
"209";"USTEC_ICM_UTC2";"Buy";"5437.9";"5420.4";"2017.04.03 17:45:00";"2017.04.07 22:55:00";"30.0";"-1257.48";"5355.39990";"5520.39990";"-17751.85";"0.00";"IST";"End Of Friday (Time)";"4d 5h 10m";"-732.48"
"210";"USTEC_ICM_UTC2";"Buy";"5431.7";"5441.6";"2017.04.10 20:30:00";"2017.04.21 22:55:00";"30.0";"-1717.32";"5349.20020";"5514.20020";"-19469.17";"0.00";"IST";"End Of Friday (Time)";"11d 2h 25m";"-2014.32"
"211";"USTEC_ICM_UTC2";"Buy";"5503.4";"5589.0";"2017.04.24 17:45:00";"2017.04.28 09:00:00";"30.0";"1834.59";"5420.89990";"5585.89990";"-17634.58";"0.00";"IST";"PT";"3d 15h 15m";"-732.48"
"212";"USTEC_ICM_UTC2";"Buy";"5582.3";"5583.6";"2017.04.28 18:30:00";"2017.04.28 22:55:00";"30.0";"39.00";"5499.79980";"5664.79980";"-17595.58";"0.00";"IST";"End Of Friday (Time)";"4h 25m";"-0.00"
"213";"USTEC_ICM_UTC2";"Buy";"5611.4";"5642.8";"2017.05.03 18:00:00";"2017.05.05 22:55:00";"30.0";"575.76";"5528.89990";"5693.89990";"-17019.82";"0.00";"IST";"End Of Friday (Time)";"2d 4h 55m";"-366.24"
"214";"USTEC_ICM_UTC2";"Buy";"5647.5";"5682.1";"2017.05.08 20:15:00";"2017.05.12 22:55:00";"30.0";"305.52";"5565.00000";"5730.00000";"-16714.30";"0.00";"IST";"End Of Friday (Time)";"4d 2h 40m";"-732.48"
"215";"USTEC_ICM_UTC2";"Buy";"5702.9";"5620.4";"2017.05.15 18:15:00";"2017.05.17 18:03:00";"30.0";"-2841.24";"5620.39990";"5785.39990";"-19555.54";"0.00";"IST";"SL";"1d 23h 48m";"-366.24"
"216";"USTEC_ICM_UTC2";"Buy";"5633.5";"5551.0";"2017.05.17 19:30:00";"2017.05.18 12:54:00";"30.0";"-2658.12";"5551.00000";"5716.00000";"-22213.66";"0.00";"IST";"SL";"17h 24m";"-183.12"
"217";"USTEC_ICM_UTC2";"Buy";"5622.6";"5650.2";"2017.05.18 18:00:00";"2017.05.19 22:55:00";"30.0";"644.88";"5540.10010";"5705.10010";"-21568.78";"0.00";"IST";"End Of Friday (Time)";"1d 4h 55m";"-183.12"
"218";"USTEC_ICM_UTC2";"Buy";"5692.5";"5775.0";"2017.05.22 19:45:00";"2017.05.25 18:10:00";"30.0";"1925.64";"5610.00000";"5775.00000";"-19643.14";"0.00";"IST";"PT";"2d 22h 25m";"-549.36"
"219";"USTEC_ICM_UTC2";"Buy";"5783.4";"5786.3";"2017.05.25 20:30:00";"2017.05.26 22:55:00";"30.0";"-96.12";"5700.89990";"5865.89990";"-19739.26";"0.00";"IST";"End Of Friday (Time)";"1d 2h 25m";"-183.12"
"220";"USTEC_ICM_UTC2";"Buy";"5795.7";"5878.2";"2017.05.30 18:15:00";"2017.06.02 22:34:00";"30.0";"1925.64";"5713.20020";"5878.20020";"-17813.62";"0.00";"IST";"PT";"3d 4h 19m";"-549.36"
"221";"USTEC_ICM_UTC2";"Buy";"5878.5";"5796.0";"2017.06.05 18:00:00";"2017.06.09 20:12:00";"30.0";"-3207.48";"5796.00000";"5961.00000";"-21021.10";"0.00";"IST";"SL";"4d 2h 12m";"-732.48"
"222";"USTEC_ICM_UTC2";"Buy";"5723.6";"5728.7";"2017.06.09 21:45:00";"2017.06.09 22:55:00";"30.0";"153.00";"5641.10010";"5806.10010";"-20868.10";"0.00";"IST";"End Of Friday (Time)";"1h 10m";"-0.00"
"223";"USTEC_ICM_UTC2";"Buy";"5653.2";"5735.7";"2017.06.12 16:45:00";"2017.06.13 16:28:00";"30.0";"2291.88";"5570.70020";"5735.70020";"-18576.22";"0.00";"IST";"PT";"23h 43m";"-183.12"
"224";"USTEC_ICM_UTC2";"Buy";"5716.0";"5678.8";"2017.06.13 18:00:00";"2017.06.16 22:55:00";"30.0";"-1665.36";"5633.50000";"5798.50000";"-20241.58";"0.00";"IST";"End Of Friday (Time)";"3d 4h 55m";"-549.36"
"225";"USTEC_ICM_UTC2";"Buy";"5758.5";"5802.2";"2017.06.19 18:00:00";"2017.06.23 22:55:00";"30.0";"578.52";"5676.00000";"5841.00000";"-19663.06";"0.00";"IST";"End Of Friday (Time)";"4d 4h 55m";"-732.48"
"226";"USTEC_ICM_UTC2";"Buy";"5786.9";"5704.4";"2017.06.26 19:30:00";"2017.06.27 20:38:00";"30.0";"-2658.12";"5704.39990";"5869.39990";"-22321.18";"0.00";"IST";"SL";"1d 1h 8m";"-183.12"
"227";"USTEC_ICM_UTC2";"Buy";"5697.0";"5614.5";"2017.06.27 20:45:00";"2017.06.29 20:21:00";"30.0";"-2841.24";"5614.50000";"5779.50000";"-25162.42";"0.00";"IST";"SL";"1d 23h 36m";"-366.24"
"228";"USTEC_ICM_UTC2";"Buy";"5634.5";"5660.1";"2017.06.29 22:00:00";"2017.06.30 22:55:00";"30.0";"584.88";"5552.00000";"5717.00000";"-24577.54";"0.00";"IST";"End Of Friday (Time)";"1d 0h 55m";"-183.12"
"229";"USTEC_ICM_UTC2";"Buy";"5629.4";"5658.4";"2017.07.05 18:45:00";"2017.07.07 22:55:00";"30.0";"503.76";"5546.89990";"5711.89990";"-24073.78";"0.00";"IST";"End Of Friday (Time)";"2d 4h 10m";"-366.24"
"230";"USTEC_ICM_UTC2";"Buy";"5679.7";"5762.2";"2017.07.10 18:30:00";"2017.07.12 16:09:00";"30.0";"2108.76";"5597.20020";"5762.20020";"-21965.02";"0.00";"IST";"PT";"1d 21h 39m";"-366.24"
"231";"USTEC_ICM_UTC2";"Buy";"5759.1";"5841.6";"2017.07.12 16:45:00";"2017.07.14 22:35:00";"30.0";"2108.76";"5676.60010";"5841.60010";"-19856.26";"0.00";"IST";"PT";"2d 5h 50m";"-366.24"
"232";"USTEC_ICM_UTC2";"Buy";"5849.3";"5931.8";"2017.07.17 17:30:00";"2017.07.20 15:21:00";"30.0";"1925.64";"5766.79980";"5931.79980";"-17930.62";"0.00";"IST";"PT";"2d 21h 51m";"-549.36"
"233";"USTEC_ICM_UTC2";"Buy";"5927.4";"5915.5";"2017.07.20 16:30:00";"2017.07.21 22:55:00";"30.0";"-540.12";"5844.89990";"6009.89990";"-18470.74";"0.00";"IST";"End Of Friday (Time)";"1d 6h 25m";"-183.12"
"234";"USTEC_ICM_UTC2";"Buy";"5918.7";"5908.5";"2017.07.24 17:30:00";"2017.07.28 22:55:00";"30.0";"-1038.48";"5836.20020";"6001.20020";"-19509.22";"0.00";"IST";"End Of Friday (Time)";"4d 5h 25m";"-732.48"
"235";"USTEC_ICM_UTC2";"Buy";"5880.1";"5893.5";"2017.07.31 18:30:00";"2017.08.04 22:55:00";"30.0";"-330.48";"5797.60010";"5962.60010";"-19839.70";"0.00";"IST";"End Of Friday (Time)";"4d 4h 25m";"-732.48"
"236";"USTEC_ICM_UTC2";"Buy";"5914.4";"5831.9";"2017.08.07 17:30:00";"2017.08.10 17:07:00";"30.0";"-3024.36";"5831.89990";"5996.89990";"-22864.06";"0.00";"IST";"SL";"2d 23h 37m";"-549.36"
"237";"USTEC_ICM_UTC2";"Buy";"5851.0";"5768.5";"2017.08.10 18:15:00";"2017.08.11 11:18:00";"30.0";"-2658.12";"5768.50000";"5933.50000";"-25522.18";"0.00";"IST";"SL";"17h 3m";"-183.12"
"238";"USTEC_ICM_UTC2";"Buy";"5807.0";"5830.1";"2017.08.11 17:00:00";"2017.08.11 22:55:00";"30.0";"693.00";"5724.50000";"5889.50000";"-24829.18";"0.00";"IST";"End Of Friday (Time)";"5h 55m";"-0.00"
"239";"USTEC_ICM_UTC2";"Buy";"5899.9";"5817.4";"2017.08.15 17:30:00";"2017.08.17 20:15:00";"30.0";"-2841.24";"5817.39990";"5982.39990";"-27670.42";"0.00";"IST";"SL";"2d 2h 45m";"-366.24"
"240";"USTEC_ICM_UTC2";"Buy";"5833.4";"5793.9";"2017.08.17 21:00:00";"2017.08.18 22:55:00";"30.0";"-1368.12";"5750.89990";"5915.89990";"-29038.54";"0.00";"IST";"End Of Friday (Time)";"1d 1h 55m";"-183.12"
"241";"USTEC_ICM_UTC2";"Buy";"5770.9";"5853.4";"2017.08.21 18:15:00";"2017.08.22 17:54:00";"30.0";"2291.88";"5688.39990";"5853.39990";"-26746.66";"0.00";"IST";"PT";"23h 39m";"-183.12"
"242";"USTEC_ICM_UTC2";"Buy";"5848.3";"5826.6";"2017.08.23 17:45:00";"2017.08.25 22:55:00";"30.0";"-1017.24";"5765.79980";"5930.79980";"-27763.90";"0.00";"IST";"End Of Friday (Time)";"2d 5h 10m";"-366.24"
"243";"USTEC_ICM_UTC2";"Buy";"5843.6";"5926.1";"2017.08.28 17:45:00";"2017.08.30 20:28:00";"30.0";"2108.76";"5761.10010";"5926.10010";"-25655.14";"0.00";"IST";"PT";"2d 2h 43m";"-366.24"
"244";"USTEC_ICM_UTC2";"Buy";"5965.2";"5990.4";"2017.08.31 17:45:00";"2017.09.01 22:55:00";"30.0";"572.88";"5882.70020";"6047.70020";"-25082.26";"0.00";"IST";"End Of Friday (Time)";"1d 5h 10m";"-183.12"
"245";"USTEC_ICM_UTC2";"Buy";"5966.5";"5910.5";"2017.09.05 17:30:00";"2017.09.08 22:55:00";"30.0";"-2229.36";"5884.00000";"6049.00000";"-27311.62";"0.00";"IST";"End Of Friday (Time)";"3d 5h 25m";"-549.36"
"246";"USTEC_ICM_UTC2";"Buy";"5976.1";"5987.0";"2017.09.11 17:45:00";"2017.09.15 22:55:00";"30.0";"-405.48";"5893.60010";"6058.60010";"-27717.10";"0.00";"IST";"End Of Friday (Time)";"4d 5h 10m";"-732.48"
"247";"USTEC_ICM_UTC2";"Buy";"6005.5";"5923.0";"2017.09.18 17:30:00";"2017.09.21 17:22:00";"30.0";"-3024.36";"5923.00000";"6088.00000";"-30741.46";"0.00";"IST";"SL";"2d 23h 52m";"-549.36"
"248";"USTEC_ICM_UTC2";"Buy";"5945.5";"5934.2";"2017.09.21 19:00:00";"2017.09.22 22:55:00";"30.0";"-522.12";"5863.00000";"6028.00000";"-31263.58";"0.00";"IST";"End Of Friday (Time)";"1d 3h 55m";"-183.12"
"249";"USTEC_ICM_UTC2";"Buy";"5875.8";"5958.3";"2017.09.25 17:45:00";"2017.09.29 18:16:00";"30.0";"1742.52";"5793.29980";"5958.29980";"-29521.06";"0.00";"IST";"PT";"4d 0h 31m";"-732.48"
"250";"USTEC_ICM_UTC2";"Buy";"6001.5";"6062.3";"2017.10.02 17:45:00";"2017.10.06 22:55:00";"30.0";"1091.52";"5919.00000";"6084.00000";"-28429.54";"0.00";"IST";"End Of Friday (Time)";"4d 5h 10m";"-732.48"
"251";"USTEC_ICM_UTC2";"Buy";"6073.3";"6091.6";"2017.10.09 17:30:00";"2017.10.13 22:55:00";"30.0";"-183.48";"5990.79980";"6155.79980";"-28613.02";"0.00";"IST";"End Of Friday (Time)";"4d 5h 25m";"-732.48"
"252";"USTEC_ICM_UTC2";"Buy";"6108.4";"6100.8";"2017.10.16 19:00:00";"2017.10.20 22:55:00";"30.0";"-960.48";"6025.89990";"6190.89990";"-29573.50";"0.00";"IST";"End Of Friday (Time)";"4d 3h 55m";"-732.48"
"253";"USTEC_ICM_UTC2";"Buy";"6089.8";"6172.3";"2017.10.23 18:45:00";"2017.10.27 17:13:00";"30.0";"1742.52";"6007.29980";"6172.29980";"-27830.98";"0.00";"IST";"PT";"3d 22h 28m";"-732.48"
"254";"USTEC_ICM_UTC2";"Buy";"6170.0";"6216.9";"2017.10.27 17:45:00";"2017.10.27 22:55:00";"30.0";"1407.00";"6087.50000";"6252.50000";"-26423.98";"0.00";"IST";"End Of Friday (Time)";"5h 10m";"-0.00"
"255";"USTEC_ICM_UTC2";"Buy";"6242.2";"6327.9";"2017.10.30 17:00:00";"2017.11.07 09:05:00";"30.0";"1105.11";"6159.70020";"6324.70020";"-25318.87";"0.00";"IST";"PT";"7d 16h 5m";"-1464.96"
"256";"USTEC_ICM_UTC2";"Buy";"6309.0";"6309.6";"2017.11.07 18:30:00";"2017.11.10 22:55:00";"30.0";"-531.36";"6226.50000";"6391.50000";"-25850.23";"0.00";"IST";"End Of Friday (Time)";"3d 4h 25m";"-549.36"
"257";"USTEC_ICM_UTC2";"Buy";"6305.5";"6315.6";"2017.11.13 17:45:00";"2017.11.17 22:55:00";"30.0";"-429.48";"6223.00000";"6388.00000";"-26279.71";"0.00";"IST";"End Of Friday (Time)";"4d 5h 10m";"-732.48"
"258";"USTEC_ICM_UTC2";"Buy";"6311.1";"6393.6";"2017.11.20 18:30:00";"2017.11.24 15:03:00";"30.0";"1742.52";"6228.60010";"6393.60010";"-24537.19";"0.00";"IST";"PT";"3d 20h 33m";"-732.48"
"259";"USTEC_ICM_UTC2";"Buy";"6411.9";"6329.4";"2017.11.27 16:45:00";"2017.11.29 17:22:00";"30.0";"-2841.24";"6329.39990";"6494.39990";"-27378.43";"0.00";"IST";"SL";"2d 0h 37m";"-366.24"
"260";"USTEC_ICM_UTC2";"Buy";"6317.6";"6337.8";"2017.11.29 20:15:00";"2017.12.01 22:55:00";"30.0";"239.76";"6235.10010";"6400.10010";"-27138.67";"0.00";"IST";"End Of Friday (Time)";"2d 2h 40m";"-366.24"
"261";"USTEC_ICM_UTC2";"Buy";"6283.4";"6365.9";"2017.12.04 18:00:00";"2017.12.08 16:32:00";"30.0";"1742.52";"6200.89990";"6365.89990";"-25396.15";"0.00";"IST";"PT";"3d 22h 32m";"-732.48"
"262";"USTEC_ICM_UTC2";"Buy";"6339.7";"6339.2";"2017.12.08 22:15:00";"2017.12.08 22:55:00";"30.0";"-15.00";"6257.20020";"6422.20020";"-25411.15";"0.00";"IST";"End Of Friday (Time)";"40m 0s";"-0.00"
"263";"USTEC_ICM_UTC2";"Buy";"6360.7";"6443.2";"2017.12.11 17:30:00";"2017.12.15 18:55:00";"30.0";"1742.52";"6278.20020";"6443.20020";"-23668.63";"0.00";"IST";"PT";"4d 1h 25m";"-732.48"
"264";"USTEC_ICM_UTC2";"Buy";"6510.0";"6467.4";"2017.12.18 17:45:00";"2017.12.22 22:55:00";"30.0";"-2010.48";"6427.50000";"6592.50000";"-25679.11";"0.00";"IST";"End Of Friday (Time)";"4d 5h 10m";"-732.48"
"265";"USTEC_ICM_UTC2";"Buy";"6426.1";"6399.3";"2017.12.26 18:00:00";"2017.12.29 22:55:00";"30.0";"-1353.36";"6343.60010";"6508.60010";"-27032.47";"0.00";"IST";"End Of Friday (Time)";"3d 4h 55m";"-549.36"
"266";"USTEC_ICM_UTC2";"Buy";"6554.9";"6637.4";"2018.01.03 17:30:00";"2018.01.05 18:17:00";"30.0";"2108.76";"6472.39990";"6637.39990";"-24923.71";"0.00";"IST";"PT";"2d 0h 47m";"-366.24"
"267";"USTEC_ICM_UTC2";"Buy";"6642.6";"6653.6";"2018.01.05 19:45:00";"2018.01.05 22:55:00";"30.0";"330.00";"6560.10010";"6725.10010";"-24593.71";"0.00";"IST";"End Of Friday (Time)";"3h 10m";"-0.00"
"268";"USTEC_ICM_UTC2";"Buy";"6660.9";"6743.4";"2018.01.08 17:15:00";"2018.01.12 17:44:00";"30.0";"1742.52";"6578.39990";"6743.39990";"-22851.19";"0.00";"IST";"PT";"4d 0h 29m";"-732.48"
"269";"USTEC_ICM_UTC2";"Buy";"6744.6";"6760.7";"2018.01.12 18:30:00";"2018.01.12 22:55:00";"30.0";"483.00";"6662.10010";"6827.10010";"-22368.19";"0.00";"IST";"End Of Friday (Time)";"4h 25m";"-0.00"
"270";"USTEC_ICM_UTC2";"Buy";"6828.6";"6746.1";"2018.01.16 17:15:00";"2018.01.16 21:17:00";"30.0";"-2475.00";"6746.10010";"6911.10010";"-24843.19";"0.00";"IST";"SL";"4h 2m";"-0.00"
"271";"USTEC_ICM_UTC2";"Buy";"6752.3";"6834.8";"2018.01.17 17:30:00";"2018.01.19 11:31:00";"30.0";"2108.76";"6669.79980";"6834.79980";"-22734.43";"0.00";"IST";"PT";"1d 18h 1m";"-366.24"
"272";"USTEC_ICM_UTC2";"Buy";"6822.6";"6831.0";"2018.01.19 17:00:00";"2018.01.19 22:55:00";"30.0";"252.00";"6740.10010";"6905.10010";"-22482.43";"0.00";"IST";"End Of Friday (Time)";"5h 55m";"-0.00"
"273";"USTEC_ICM_UTC2";"Buy";"6872.0";"6954.5";"2018.01.22 18:15:00";"2018.01.23 17:13:00";"30.0";"2291.88";"6789.50000";"6954.50000";"-20190.55";"0.00";"IST";"PT";"22h 58m";"-183.12"
"274";"USTEC_ICM_UTC2";"Buy";"6960.9";"6878.4";"2018.01.23 18:30:00";"2018.01.24 20:21:00";"30.0";"-2658.12";"6878.39990";"7043.39990";"-22848.67";"0.00";"IST";"SL";"1d 1h 51m";"-183.12"
"275";"USTEC_ICM_UTC2";"Buy";"6928.6";"7011.1";"2018.01.24 21:15:00";"2018.01.26 22:50:00";"30.0";"2108.76";"6846.10010";"7011.10010";"-20739.91";"0.00";"IST";"PT";"2d 1h 35m";"-366.24"
"276";"USTEC_ICM_UTC2";"Buy";"6995.2";"6912.7";"2018.01.29 17:15:00";"2018.01.30 16:30:00";"30.0";"-2658.12";"6912.70020";"7077.70020";"-23398.03";"0.00";"IST";"SL";"23h 15m";"-183.12"
"277";"USTEC_ICM_UTC2";"Buy";"6936.7";"6854.2";"2018.01.30 18:30:00";"2018.02.02 12:10:00";"30.0";"-3024.36";"6854.20020";"7019.20020";"-26422.39";"0.00";"IST";"SL";"2d 17h 40m";"-549.36"
"278";"USTEC_ICM_UTC2";"Buy";"6855.5";"6773.0";"2018.02.02 18:15:00";"2018.02.02 22:05:00";"30.0";"-2475.00";"6773.00000";"6938.00000";"-28897.39";"0.00";"IST";"SL";"3h 50m";"-0.00"
"279";"USTEC_ICM_UTC2";"Buy";"6793.5";"6711.0";"2018.02.05 17:45:00";"2018.02.05 20:04:00";"30.0";"-2475.00";"6711.00000";"6876.00000";"-31372.39";"0.00";"IST";"SL";"2h 19m";"-0.00"
"280";"USTEC_ICM_UTC2";"Buy";"6404.1";"6486.6";"2018.02.06 16:30:00";"2018.02.06 16:36:00";"30.0";"2475.00";"6321.60010";"6486.60010";"-28897.39";"0.00";"IST";"PT";"6m 0s";"-0.00"
"281";"USTEC_ICM_UTC2";"Buy";"6660.3";"6569.5";"2018.02.07 17:45:00";"2018.02.08 09:05:00";"30.0";"-2908.35";"6577.79980";"6742.79980";"-31805.74";"0.00";"IST";"SL";"15h 20m";"-183.12"
"282";"USTEC_ICM_UTC2";"Buy";"6548.7";"6466.2";"2018.02.08 17:30:00";"2018.02.08 18:22:00";"30.0";"-2475.00";"6466.20020";"6631.20020";"-34280.74";"0.00";"IST";"SL";"52m 0s";"-0.00"
"283";"USTEC_ICM_UTC2";"Buy";"6318.1";"6235.6";"2018.02.09 18:30:00";"2018.02.09 19:14:00";"30.0";"-2475.00";"6235.60010";"6400.60010";"-36755.74";"0.00";"IST";"SL";"44m 0s";"-0.00"
"284";"USTEC_ICM_UTC2";"Buy";"6470.2";"6552.7";"2018.02.12 17:15:00";"2018.02.12 22:13:00";"30.0";"2475.00";"6387.70020";"6552.70020";"-34280.74";"0.00";"IST";"PT";"4h 58m";"-0.00"
"285";"USTEC_ICM_UTC2";"Buy";"6745.4";"6827.9";"2018.02.15 17:30:00";"2018.02.16 09:15:00";"30.0";"2291.88";"6662.89990";"6827.89990";"-31988.86";"0.00";"IST";"PT";"15h 45m";"-183.12"
"286";"USTEC_ICM_UTC2";"Buy";"6793.9";"6785.2";"2018.02.16 17:15:00";"2018.02.16 22:55:00";"30.0";"-261.00";"6711.39990";"6876.39990";"-32249.86";"0.00";"IST";"End Of Friday (Time)";"5h 40m";"-0.00"
"287";"USTEC_ICM_UTC2";"Buy";"6791.8";"6874.3";"2018.02.20 17:45:00";"2018.02.21 21:24:00";"30.0";"2291.88";"6709.29980";"6874.29980";"-29957.98";"0.00";"IST";"PT";"1d 3h 39m";"-183.12"
"288";"USTEC_ICM_UTC2";"Buy";"6818.5";"6888.3";"2018.02.22 18:15:00";"2018.02.23 22:55:00";"30.0";"1910.88";"6736.00000";"6901.00000";"-28047.10";"0.00";"IST";"End Of Friday (Time)";"1d 4h 40m";"-183.12"
"289";"USTEC_ICM_UTC2";"Buy";"6991.0";"6908.5";"2018.02.27 16:30:00";"2018.02.27 19:24:00";"30.0";"-2475.00";"6908.50000";"7073.50000";"-30522.10";"0.00";"IST";"SL";"2h 54m";"-0.00"
"290";"USTEC_ICM_UTC2";"Buy";"6941.2";"6858.7";"2018.02.28 17:45:00";"2018.02.28 22:59:00";"30.0";"-2475.00";"6858.70020";"7023.70020";"-32997.10";"0.00";"IST";"SL";"5h 14m";"-0.00"
"291";"USTEC_ICM_UTC2";"Buy";"6860.2";"6777.7";"2018.03.01 16:30:00";"2018.03.01 20:01:00";"30.0";"-2475.00";"6777.70020";"6942.70020";"-35472.10";"0.00";"IST";"SL";"3h 31m";"-0.00"
"292";"USTEC_ICM_UTC2";"Buy";"6683.8";"6766.3";"2018.03.02 17:30:00";"2018.03.02 19:48:00";"30.0";"2475.00";"6601.29980";"6766.29980";"-32997.10";"0.00";"IST";"PT";"2h 18m";"-0.00"
"293";"USTEC_ICM_UTC2";"Buy";"6890.6";"6973.1";"2018.03.06 18:00:00";"2018.03.09 10:48:00";"30.0";"1925.64";"6808.10010";"6973.10010";"-31071.46";"0.00";"IST";"PT";"2d 16h 48m";"-549.36"
"294";"USTEC_ICM_UTC2";"Buy";"7154.5";"7072.0";"2018.03.13 16:45:00";"2018.03.13 18:06:00";"30.0";"-2475.00";"7072.00000";"7237.00000";"-33546.46";"0.00";"IST";"SL";"1h 21m";"-0.00"
"295";"USTEC_ICM_UTC2";"Buy";"7061.5";"6964.4";"2018.03.14 16:30:00";"2018.03.19 08:05:00";"30.0";"-3829.83";"6979.00000";"7144.00000";"-37376.29";"0.00";"IST";"SL";"4d 15h 35m";"-915.60"
"296";"USTEC_ICM_UTC2";"Buy";"6842.9";"6925.4";"2018.03.19 19:00:00";"2018.03.21 20:00:00";"30.0";"2108.76";"6760.39990";"6925.39990";"-35267.53";"0.00";"IST";"PT";"2d 1h 0m";"-366.24"
"297";"USTEC_ICM_UTC2";"Buy";"6866.8";"6784.3";"2018.03.21 21:45:00";"2018.03.22 11:28:00";"30.0";"-2658.12";"6784.29980";"6949.29980";"-37925.65";"0.00";"IST";"SL";"13h 43m";"-183.12"
"298";"USTEC_ICM_UTC2";"Buy";"6766.8";"6684.3";"2018.03.22 16:45:00";"2018.03.22 21:47:00";"30.0";"-2475.00";"6684.29980";"6849.29980";"-40400.65";"0.00";"IST";"SL";"5h 2m";"-0.00"
"299";"USTEC_ICM_UTC2";"Buy";"6670.1";"6587.6";"2018.03.23 16:30:00";"2018.03.23 20:57:00";"30.0";"-2475.00";"6587.60010";"6752.60010";"-42875.65";"0.00";"IST";"SL";"4h 27m";"-0.00"
"300";"USTEC_ICM_UTC2";"Buy";"6618.6";"6701.1";"2018.03.26 19:15:00";"2018.03.26 21:30:00";"30.0";"2475.00";"6536.10010";"6701.10010";"-40400.65";"0.00";"IST";"PT";"2h 15m";"-0.00"
"301";"USTEC_ICM_UTC2";"Buy";"6743.9";"6661.4";"2018.03.27 18:15:00";"2018.03.27 20:52:00";"30.0";"-2475.00";"6661.39990";"6826.39990";"-42875.65";"0.00";"IST";"SL";"2h 37m";"-0.00"
"302";"USTEC_ICM_UTC2";"Buy";"6460.3";"6542.8";"2018.03.28 16:45:00";"2018.03.28 17:05:00";"30.0";"2475.00";"6377.79980";"6542.79980";"-40400.65";"0.00";"IST";"PT";"20m 0s";"-0.00"
"303";"USTEC_ICM_UTC2";"Buy";"6539.6";"6622.1";"2018.03.29 18:30:00";"2018.03.29 21:43:00";"30.0";"2475.00";"6457.10010";"6622.10010";"-37925.65";"0.00";"IST";"PT";"3h 13m";"-0.00"
"304";"USTEC_ICM_UTC2";"Buy";"6380.8";"6463.3";"2018.04.02 18:45:00";"2018.04.03 18:08:00";"30.0";"2291.88";"6298.29980";"6463.29980";"-35633.77";"0.00";"IST";"PT";"23h 23m";"-183.12"
"305";"USTEC_ICM_UTC2";"Buy";"6418.7";"6336.2";"2018.04.03 21:00:00";"2018.04.04 11:08:00";"30.0";"-2658.12";"6336.20020";"6501.20020";"-38291.89";"0.00";"IST";"SL";"14h 8m";"-183.12"
"306";"USTEC_ICM_UTC2";"Buy";"6367.2";"6449.7";"2018.04.04 17:45:00";"2018.04.04 18:31:00";"30.0";"2475.00";"6284.70020";"6449.70020";"-35816.89";"0.00";"IST";"PT";"46m 0s";"-0.00"
"307";"USTEC_ICM_UTC2";"Buy";"6586.0";"6503.5";"2018.04.05 17:30:00";"2018.04.06 14:57:00";"30.0";"-2658.12";"6503.50000";"6668.50000";"-38475.01";"0.00";"IST";"SL";"21h 27m";"-183.12"
"308";"USTEC_ICM_UTC2";"Buy";"6529.3";"6446.8";"2018.04.06 17:45:00";"2018.04.06 21:08:00";"30.0";"-2475.00";"6446.79980";"6611.79980";"-40950.01";"0.00";"IST";"SL";"3h 23m";"-0.00"
"309";"USTEC_ICM_UTC2";"Buy";"6549.5";"6632.0";"2018.04.10 19:30:00";"2018.04.10 22:12:00";"30.0";"2475.00";"6467.00000";"6632.00000";"-38475.01";"0.00";"IST";"PT";"2h 42m";"-0.00"
"310";"USTEC_ICM_UTC2";"Buy";"6600.7";"6683.2";"2018.04.11 18:00:00";"2018.04.12 22:39:00";"30.0";"2291.88";"6518.20020";"6683.20020";"-36183.13";"0.00";"IST";"PT";"1d 4h 39m";"-183.12"
"311";"USTEC_ICM_UTC2";"Buy";"6633.5";"6632.4";"2018.04.13 18:15:00";"2018.04.13 22:55:00";"30.0";"-33.00";"6551.00000";"6716.00000";"-36216.13";"0.00";"IST";"End Of Friday (Time)";"4h 40m";"-0.00"
"312";"USTEC_ICM_UTC2";"Buy";"6655.8";"6738.3";"2018.04.16 18:00:00";"2018.04.17 13:13:00";"30.0";"2291.88";"6573.29980";"6738.29980";"-33924.25";"0.00";"IST";"PT";"19h 13m";"-183.12"
"313";"USTEC_ICM_UTC2";"Buy";"6833.7";"6751.2";"2018.04.18 18:45:00";"2018.04.19 19:01:00";"30.0";"-2658.12";"6751.20020";"6916.20020";"-36582.37";"0.00";"IST";"SL";"1d 0h 16m";"-183.12"
"314";"USTEC_ICM_UTC2";"Buy";"6754.9";"6672.4";"2018.04.19 20:15:00";"2018.04.20 18:28:00";"30.0";"-2658.12";"6672.39990";"6837.39990";"-39240.49";"0.00";"IST";"SL";"22h 13m";"-183.12"
"315";"USTEC_ICM_UTC2";"Buy";"6672.6";"6662.9";"2018.04.20 19:15:00";"2018.04.20 22:55:00";"30.0";"-291.00";"6590.10010";"6755.10010";"-39531.49";"0.00";"IST";"End Of Friday (Time)";"3h 40m";"-0.00"
"316";"USTEC_ICM_UTC2";"Buy";"6686.9";"6604.4";"2018.04.23 17:45:00";"2018.04.24 17:32:00";"30.0";"-2658.12";"6604.39990";"6769.39990";"-42189.61";"0.00";"IST";"SL";"23h 47m";"-183.12"
"317";"USTEC_ICM_UTC2";"Buy";"6580.3";"6497.8";"2018.04.24 18:15:00";"2018.04.24 20:52:00";"30.0";"-2475.00";"6497.79980";"6662.79980";"-44664.61";"0.00";"IST";"SL";"2h 37m";"-0.00"
"318";"USTEC_ICM_UTC2";"Buy";"6502.0";"6584.5";"2018.04.25 18:45:00";"2018.04.26 01:00:00";"30.0";"2291.88";"6419.50000";"6584.50000";"-42372.73";"0.00";"IST";"PT";"6h 15m";"-183.12"
"319";"USTEC_ICM_UTC2";"Buy";"6639.2";"6721.7";"2018.04.26 18:00:00";"2018.04.26 23:04:00";"30.0";"2475.00";"6556.70020";"6721.70020";"-39897.73";"0.00";"IST";"PT";"5h 4m";"-0.00"
"320";"USTEC_ICM_UTC2";"Buy";"6651.9";"6659.7";"2018.04.27 18:45:00";"2018.04.27 22:55:00";"30.0";"234.00";"6569.39990";"6734.39990";"-39663.73";"0.00";"IST";"End Of Friday (Time)";"4h 10m";"-0.00"
"321";"USTEC_ICM_UTC2";"Buy";"6695.9";"6613.4";"2018.04.30 17:30:00";"2018.04.30 19:06:00";"30.0";"-2475.00";"6613.39990";"6778.39990";"-42138.73";"0.00";"IST";"SL";"1h 36m";"-0.00"
"322";"USTEC_ICM_UTC2";"Buy";"6605.6";"6688.1";"2018.05.01 18:00:00";"2018.05.01 23:02:00";"30.0";"2475.00";"6523.10010";"6688.10010";"-39663.73";"0.00";"IST";"PT";"5h 2m";"-0.00"
"323";"USTEC_ICM_UTC2";"Buy";"6697.6";"6615.1";"2018.05.02 16:30:00";"2018.05.03 14:52:00";"30.0";"-2658.12";"6615.10010";"6780.10010";"-42321.85";"0.00";"IST";"SL";"22h 22m";"-183.12"
"324";"USTEC_ICM_UTC2";"Buy";"6588.1";"6670.6";"2018.05.03 17:30:00";"2018.05.04 17:09:00";"30.0";"2291.88";"6505.60010";"6670.60010";"-40029.97";"0.00";"IST";"PT";"23h 39m";"-183.12"
"325";"USTEC_ICM_UTC2";"Buy";"6744.9";"6761.4";"2018.05.04 19:00:00";"2018.05.04 22:55:00";"30.0";"495.00";"6662.39990";"6827.39990";"-39534.97";"0.00";"IST";"End Of Friday (Time)";"3h 55m";"-0.00"
"326";"USTEC_ICM_UTC2";"Buy";"6832.4";"6914.9";"2018.05.07 18:45:00";"2018.05.10 15:51:00";"30.0";"1925.64";"6749.89990";"6914.89990";"-37609.33";"0.00";"IST";"PT";"2d 21h 6m";"-549.36"
"327";"USTEC_ICM_UTC2";"Buy";"6943.3";"6944.8";"2018.05.10 18:45:00";"2018.05.11 22:55:00";"30.0";"-138.12";"6860.79980";"7025.79980";"-37747.45";"0.00";"IST";"End Of Friday (Time)";"1d 4h 10m";"-183.12"
"328";"USTEC_ICM_UTC2";"Buy";"6994.3";"6911.8";"2018.05.14 18:00:00";"2018.05.15 15:49:00";"30.0";"-2658.12";"6911.79980";"7076.79980";"-40405.57";"0.00";"IST";"SL";"21h 49m";"-183.12"
"329";"USTEC_ICM_UTC2";"Buy";"6875.6";"6869.6";"2018.05.15 18:00:00";"2018.05.18 22:55:00";"30.0";"-729.36";"6793.10010";"6958.10010";"-41134.93";"0.00";"IST";"End Of Friday (Time)";"3d 4h 55m";"-549.36"
"330";"USTEC_ICM_UTC2";"Buy";"6933.4";"6850.9";"2018.05.21 18:00:00";"2018.05.23 10:24:00";"30.0";"-2841.24";"6850.89990";"7015.89990";"-43976.17";"0.00";"IST";"SL";"1d 16h 24m";"-366.24"
"331";"USTEC_ICM_UTC2";"Buy";"6871.2";"6953.7";"2018.05.23 17:45:00";"2018.05.23 23:00:00";"30.0";"2475.00";"6788.70020";"6953.70020";"-41501.17";"0.00";"IST";"PT";"5h 15m";"-0.00"
"332";"USTEC_ICM_UTC2";"Buy";"6943.3";"6960.3";"2018.05.24 20:00:00";"2018.05.25 22:55:00";"30.0";"326.88";"6860.79980";"7025.79980";"-41174.29";"0.00";"IST";"End Of Friday (Time)";"1d 2h 55m";"-183.12"
"333";"USTEC_ICM_UTC2";"Buy";"6924.6";"7007.1";"2018.05.29 16:30:00";"2018.05.31 18:40:00";"30.0";"2108.76";"6842.10010";"7007.10010";"-39065.54";"0.00";"IST";"PT";"2d 2h 10m";"-366.24"
"334";"USTEC_ICM_UTC2";"Buy";"6997.7";"7080.2";"2018.05.31 19:15:00";"2018.06.01 20:04:00";"30.0";"2291.88";"6915.20020";"7080.20020";"-36773.65";"0.00";"IST";"PT";"1d 0h 49m";"-183.12"
"335";"USTEC_ICM_UTC2";"Buy";"7064.6";"7078.0";"2018.06.01 22:15:00";"2018.06.01 22:55:00";"30.0";"402.00";"6982.10010";"7147.10010";"-36371.65";"0.00";"IST";"End Of Friday (Time)";"40m 0s";"-0.00"
"336";"USTEC_ICM_UTC2";"Buy";"7103.0";"7185.5";"2018.06.04 17:15:00";"2018.06.06 04:10:00";"30.0";"2108.76";"7020.50000";"7185.50000";"-34262.89";"0.00";"IST";"PT";"1d 10h 55m";"-366.24"
"337";"USTEC_ICM_UTC2";"Buy";"7160.2";"7077.7";"2018.06.06 18:00:00";"2018.06.08 11:19:00";"30.0";"-2841.24";"7077.70020";"7242.70020";"-37104.13";"0.00";"IST";"SL";"1d 17h 19m";"-366.24"
"338";"USTEC_ICM_UTC2";"Buy";"7116.7";"7155.5";"2018.06.08 17:30:00";"2018.06.08 22:55:00";"30.0";"1164.00";"7034.20020";"7199.20020";"-35940.13";"0.00";"IST";"End Of Friday (Time)";"5h 25m";"-0.00"
"339";"USTEC_ICM_UTC2";"Buy";"7184.3";"7266.8";"2018.06.11 20:00:00";"2018.06.14 17:05:00";"30.0";"1925.64";"7101.79980";"7266.79980";"-34014.49";"0.00";"IST";"PT";"2d 21h 5m";"-549.36"
"340";"USTEC_ICM_UTC2";"Buy";"7268.3";"7252.0";"2018.06.14 17:45:00";"2018.06.15 22:55:00";"30.0";"-672.12";"7185.79980";"7350.79980";"-34686.61";"0.00";"IST";"End Of Friday (Time)";"1d 5h 10m";"-183.12"
"341";"USTEC_ICM_UTC2";"Buy";"7246.0";"7163.5";"2018.06.18 18:45:00";"2018.06.19 09:00:00";"30.0";"-2658.12";"7163.50000";"7328.50000";"-37344.73";"0.00";"IST";"SL";"14h 15m";"-183.12"
"342";"USTEC_ICM_UTC2";"Buy";"7165.7";"7248.2";"2018.06.19 17:15:00";"2018.06.20 08:52:00";"30.0";"2291.88";"7083.20020";"7248.20020";"-35052.86";"0.00";"IST";"PT";"15h 37m";"-183.12"
"343";"USTEC_ICM_UTC2";"Buy";"7263.6";"7181.1";"2018.06.20 17:30:00";"2018.06.22 17:27:00";"30.0";"-2841.24";"7181.10010";"7346.10010";"-37894.09";"0.00";"IST";"SL";"1d 23h 57m";"-366.24"
"344";"USTEC_ICM_UTC2";"Buy";"7183.2";"7207.5";"2018.06.22 17:30:00";"2018.06.22 22:55:00";"30.0";"729.00";"7100.70020";"7265.70020";"-37165.09";"0.00";"IST";"End Of Friday (Time)";"5h 25m";"-0.00"
"345";"USTEC_ICM_UTC2";"Buy";"7060.8";"6978.3";"2018.06.25 18:00:00";"2018.06.25 21:52:00";"30.0";"-2475.00";"6978.29980";"7143.29980";"-39640.09";"0.00";"IST";"SL";"3h 52m";"-0.00"
"346";"USTEC_ICM_UTC2";"Buy";"7063.8";"6981.3";"2018.06.26 17:30:00";"2018.06.27 22:14:00";"30.0";"-2658.12";"6981.29980";"7146.29980";"-42298.21";"0.00";"IST";"SL";"1d 4h 44m";"-183.12"
"347";"USTEC_ICM_UTC2";"Buy";"6972.8";"7055.3";"2018.06.28 17:30:00";"2018.06.28 22:16:00";"30.0";"2475.00";"6890.29980";"7055.29980";"-39823.21";"0.00";"IST";"PT";"4h 46m";"-0.00"
"348";"USTEC_ICM_UTC2";"Buy";"7091.6";"7053.5";"2018.06.29 18:15:00";"2018.06.29 22:55:00";"30.0";"-1143.00";"7009.10010";"7174.10010";"-40966.21";"0.00";"IST";"End Of Friday (Time)";"4h 40m";"-0.00"
"349";"USTEC_ICM_UTC2";"Buy";"7034.4";"7116.9";"2018.07.02 18:00:00";"2018.07.03 10:09:00";"30.0";"2291.88";"6951.89990";"7116.89990";"-38674.33";"0.00";"IST";"PT";"16h 9m";"-183.12"
"350";"USTEC_ICM_UTC2";"Buy";"7081.8";"6996.9";"2018.07.03 18:00:00";"2018.07.04 01:02:00";"30.0";"-2731.32";"6999.29980";"7164.29980";"-41405.65";"0.00";"IST";"SL";"7h 2m";"-183.12"
"351";"USTEC_ICM_UTC2";"Buy";"7092.0";"7174.5";"2018.07.05 20:00:00";"2018.07.06 18:26:00";"30.0";"2291.88";"7009.50000";"7174.50000";"-39113.77";"0.00";"IST";"PT";"22h 26m";"-183.12"
"352";"USTEC_ICM_UTC2";"Buy";"7242.5";"7325.0";"2018.07.09 19:30:00";"2018.07.12 17:30:00";"30.0";"1925.64";"7160.00000";"7325.00000";"-37188.13";"0.00";"IST";"PT";"2d 22h 0m";"-549.36"
"353";"USTEC_ICM_UTC2";"Buy";"7317.5";"7378.1";"2018.07.12 18:00:00";"2018.07.13 22:55:00";"30.0";"1634.88";"7235.00000";"7400.00000";"-35553.25";"0.00";"IST";"End Of Friday (Time)";"1d 4h 55m";"-183.12"
"354";"USTEC_ICM_UTC2";"Buy";"7376.9";"7294.4";"2018.07.16 17:30:00";"2018.07.17 05:10:00";"30.0";"-2658.12";"7294.39990";"7459.39990";"-38211.38";"0.00";"IST";"SL";"11h 40m";"-183.12"
"355";"USTEC_ICM_UTC2";"Buy";"7397.0";"7345.9";"2018.07.17 20:00:00";"2018.07.20 22:55:00";"30.0";"-2082.36";"7314.50000";"7479.50000";"-40293.73";"0.00";"IST";"End Of Friday (Time)";"3d 2h 55m";"-549.36"
"356";"USTEC_ICM_UTC2";"Buy";"7337.6";"7420.1";"2018.07.23 18:15:00";"2018.07.24 02:43:00";"30.0";"2291.88";"7255.10010";"7420.10010";"-38001.86";"0.00";"IST";"PT";"8h 28m";"-183.12"
"357";"USTEC_ICM_UTC2";"Buy";"7460.6";"7378.1";"2018.07.24 17:45:00";"2018.07.24 20:31:00";"30.0";"-2475.00";"7378.10010";"7543.10010";"-40476.86";"0.00";"IST";"SL";"2h 46m";"-0.00"
"358";"USTEC_ICM_UTC2";"Buy";"7415.6";"7498.1";"2018.07.25 18:00:00";"2018.07.25 22:49:00";"30.0";"2475.00";"7333.10010";"7498.10010";"-38001.86";"0.00";"IST";"PT";"4h 49m";"-0.00"
"359";"USTEC_ICM_UTC2";"Buy";"7411.3";"7328.8";"2018.07.26 17:45:00";"2018.07.27 19:27:00";"30.0";"-2658.12";"7328.79980";"7493.79980";"-40659.97";"0.00";"IST";"SL";"1d 1h 42m";"-183.12"
"360";"USTEC_ICM_UTC2";"Buy";"7285.1";"7295.9";"2018.07.27 21:30:00";"2018.07.27 22:55:00";"30.0";"324.00";"7202.60010";"7367.60010";"-40335.97";"0.00";"IST";"End Of Friday (Time)";"1h 25m";"-0.00"
"361";"USTEC_ICM_UTC2";"Buy";"7226.2";"7308.7";"2018.07.30 17:45:00";"2018.08.02 18:26:00";"30.0";"1925.64";"7143.70020";"7308.70020";"-38410.34";"0.00";"IST";"PT";"3d 0h 41m";"-549.36"
"362";"USTEC_ICM_UTC2";"Buy";"7371.8";"7391.5";"2018.08.02 21:00:00";"2018.08.03 22:55:00";"30.0";"407.88";"7289.29980";"7454.29980";"-38002.45";"0.00";"IST";"End Of Friday (Time)";"1d 1h 55m";"-183.12"
"363";"USTEC_ICM_UTC2";"Buy";"7397.2";"7479.7";"2018.08.06 17:30:00";"2018.08.08 17:55:00";"30.0";"2108.76";"7314.70020";"7479.70020";"-35893.70";"0.00";"IST";"PT";"2d 0h 25m";"-366.24"
"364";"USTEC_ICM_UTC2";"Buy";"7479.5";"7397.0";"2018.08.08 18:30:00";"2018.08.10 20:48:00";"30.0";"-2841.24";"7397.00000";"7562.00000";"-38734.93";"0.00";"IST";"SL";"2d 2h 18m";"-366.24"
"365";"USTEC_ICM_UTC2";"Buy";"7393.9";"7408.6";"2018.08.10 22:15:00";"2018.08.10 22:55:00";"30.0";"441.00";"7311.39990";"7476.39990";"-38293.93";"0.00";"IST";"End Of Friday (Time)";"40m 0s";"-0.00"
"366";"USTEC_ICM_UTC2";"Buy";"7458.5";"7376.0";"2018.08.13 18:00:00";"2018.08.15 14:39:00";"30.0";"-2841.24";"7376.00000";"7541.00000";"-41135.18";"0.00";"IST";"SL";"1d 20h 39m";"-366.24"
"367";"USTEC_ICM_UTC2";"Buy";"7315.2";"7397.7";"2018.08.15 19:00:00";"2018.08.16 05:10:00";"30.0";"2291.88";"7232.70020";"7397.70020";"-38843.29";"0.00";"IST";"PT";"10h 10m";"-183.12"
"368";"USTEC_ICM_UTC2";"Buy";"7328.5";"7381.5";"2018.08.17 18:00:00";"2018.08.17 22:55:00";"30.0";"1590.00";"7246.00000";"7411.00000";"-37253.29";"0.00";"IST";"End Of Friday (Time)";"4h 55m";"-0.00"
"369";"USTEC_ICM_UTC2";"Buy";"7347.6";"7430.1";"2018.08.20 18:00:00";"2018.08.21 19:01:00";"30.0";"2291.88";"7265.10010";"7430.10010";"-34961.41";"0.00";"IST";"PT";"1d 1h 1m";"-183.12"
"370";"USTEC_ICM_UTC2";"Buy";"7434.9";"7352.4";"2018.08.21 19:30:00";"2018.08.22 01:59:00";"30.0";"-2658.12";"7352.39990";"7517.39990";"-37619.54";"0.00";"IST";"SL";"6h 29m";"-183.12"
"371";"USTEC_ICM_UTC2";"Buy";"7419.7";"7487.2";"2018.08.22 19:15:00";"2018.08.24 22:55:00";"30.0";"1658.76";"7337.20020";"7502.20020";"-35960.77";"0.00";"IST";"End Of Friday (Time)";"2d 3h 40m";"-366.24"
"372";"USTEC_ICM_UTC2";"Buy";"7548.9";"7631.4";"2018.08.27 17:45:00";"2018.08.29 17:47:00";"30.0";"2108.76";"7466.39990";"7631.39990";"-33852.02";"0.00";"IST";"PT";"2d 0h 2m";"-366.24"
"373";"USTEC_ICM_UTC2";"Buy";"7645.0";"7656.4";"2018.08.29 19:00:00";"2018.08.31 22:55:00";"30.0";"-24.24";"7562.50000";"7727.50000";"-33876.25";"0.00";"IST";"End Of Friday (Time)";"2d 3h 55m";"-366.24"
"374";"USTEC_ICM_UTC2";"Buy";"7620.4";"7537.9";"2018.09.04 17:45:00";"2018.09.05 17:02:00";"30.0";"-2658.12";"7537.89990";"7702.89990";"-36534.38";"0.00";"IST";"SL";"23h 17m";"-183.12"
"375";"USTEC_ICM_UTC2";"Buy";"7501.8";"7419.3";"2018.09.05 18:15:00";"2018.09.06 18:07:00";"30.0";"-2658.12";"7419.29980";"7584.29980";"-39192.50";"0.00";"IST";"SL";"23h 52m";"-183.12"
"376";"USTEC_ICM_UTC2";"Buy";"7436.4";"7426.2";"2018.09.06 19:30:00";"2018.09.07 22:55:00";"30.0";"-489.12";"7353.89990";"7518.89990";"-39681.61";"0.00";"IST";"End Of Friday (Time)";"1d 3h 25m";"-183.12"
"377";"USTEC_ICM_UTC2";"Buy";"7443.6";"7526.1";"2018.09.10 18:15:00";"2018.09.12 10:49:00";"30.0";"2108.76";"7361.10010";"7526.10010";"-37572.86";"0.00";"IST";"PT";"1d 16h 34m";"-366.24"
"378";"USTEC_ICM_UTC2";"Buy";"7445.1";"7527.6";"2018.09.12 19:00:00";"2018.09.13 16:18:00";"30.0";"2291.88";"7362.60010";"7527.60010";"-35280.98";"0.00";"IST";"PT";"21h 18m";"-183.12"
"379";"USTEC_ICM_UTC2";"Buy";"7562.9";"7549.9";"2018.09.13 18:45:00";"2018.09.14 22:55:00";"30.0";"-573.12";"7480.39990";"7645.39990";"-35854.09";"0.00";"IST";"End Of Friday (Time)";"1d 4h 10m";"-183.12"
"380";"USTEC_ICM_UTC2";"Buy";"7461.2";"7543.7";"2018.09.17 18:00:00";"2018.09.20 15:46:00";"30.0";"1925.64";"7378.70020";"7543.70020";"-33928.45";"0.00";"IST";"PT";"2d 21h 46m";"-549.36"
"381";"USTEC_ICM_UTC2";"Buy";"7570.1";"7533.3";"2018.09.20 17:45:00";"2018.09.21 22:55:00";"30.0";"-1287.12";"7487.60010";"7652.60010";"-35215.57";"0.00";"IST";"End Of Friday (Time)";"1d 5h 10m";"-183.12"
"382";"USTEC_ICM_UTC2";"Buy";"7498.8";"7581.3";"2018.09.24 17:30:00";"2018.09.26 04:33:00";"30.0";"2108.76";"7416.29980";"7581.29980";"-33106.82";"0.00";"IST";"PT";"1d 11h 3m";"-366.24"
"383";"USTEC_ICM_UTC2";"Buy";"7575.8";"7621.6";"2018.09.26 17:15:00";"2018.09.28 22:55:00";"30.0";"1007.76";"7493.29980";"7658.29980";"-32099.05";"0.00";"IST";"End Of Friday (Time)";"2d 5h 40m";"-366.24"
"384";"USTEC_ICM_UTC2";"Buy";"7682.8";"7600.3";"2018.10.01 19:00:00";"2018.10.04 04:36:00";"30.0";"-3024.36";"7600.29980";"7765.29980";"-35123.41";"0.00";"IST";"SL";"2d 9h 36m";"-549.36"
"385";"USTEC_ICM_UTC2";"Buy";"7516.4";"7433.9";"2018.10.04 18:30:00";"2018.10.04 21:20:00";"30.0";"-2475.00";"7433.89990";"7598.89990";"-37598.41";"0.00";"IST";"SL";"2h 50m";"-0.00"
"386";"USTEC_ICM_UTC2";"Buy";"7502.3";"7419.8";"2018.10.05 16:45:00";"2018.10.05 18:10:00";"30.0";"-2475.00";"7419.79980";"7584.79980";"-40073.41";"0.00";"IST";"SL";"1h 25m";"-0.00"
"387";"USTEC_ICM_UTC2";"Buy";"7382.0";"7299.5";"2018.10.08 17:45:00";"2018.10.08 18:40:00";"30.0";"-2475.00";"7299.50000";"7464.50000";"-42548.41";"0.00";"IST";"SL";"55m 0s";"-0.00"
"388";"USTEC_ICM_UTC2";"Buy";"7405.5";"7323.0";"2018.10.09 18:00:00";"2018.10.10 15:34:00";"30.0";"-2658.12";"7323.00000";"7488.00000";"-45206.54";"0.00";"IST";"SL";"21h 34m";"-183.12"
"389";"USTEC_ICM_UTC2";"Buy";"7236.4";"7153.9";"2018.10.10 18:00:00";"2018.10.10 21:44:00";"30.0";"-2475.00";"7153.89990";"7318.89990";"-47681.54";"0.00";"IST";"SL";"3h 44m";"-0.00"
"390";"USTEC_ICM_UTC2";"Buy";"6995.2";"7077.7";"2018.10.11 16:45:00";"2018.10.11 16:51:00";"30.0";"2475.00";"6912.70020";"7077.70020";"-45206.54";"0.00";"IST";"PT";"6m 0s";"-0.00"
"391";"USTEC_ICM_UTC2";"Buy";"7101.8";"7019.3";"2018.10.12 17:30:00";"2018.10.12 19:50:00";"30.0";"-2475.00";"7019.29980";"7184.29980";"-47681.54";"0.00";"IST";"SL";"2h 20m";"-0.00"
"392";"USTEC_ICM_UTC2";"Buy";"7086.9";"7169.4";"2018.10.15 19:00:00";"2018.10.16 16:58:00";"30.0";"2291.88";"7004.39990";"7169.39990";"-45389.66";"0.00";"IST";"PT";"21h 58m";"-183.12"
"393";"USTEC_ICM_UTC2";"Buy";"7142.1";"7224.6";"2018.10.16 17:30:00";"2018.10.16 19:59:00";"30.0";"2475.00";"7059.60010";"7224.60010";"-42914.66";"0.00";"IST";"PT";"2h 29m";"-0.00"
"394";"USTEC_ICM_UTC2";"Buy";"7273.6";"7191.1";"2018.10.17 19:15:00";"2018.10.18 18:20:00";"30.0";"-2658.12";"7191.10010";"7356.10010";"-45572.77";"0.00";"IST";"SL";"23h 5m";"-183.12"
"395";"USTEC_ICM_UTC2";"Buy";"7141.0";"7223.5";"2018.10.18 20:00:00";"2018.10.19 17:03:00";"30.0";"2291.88";"7058.50000";"7223.50000";"-43280.89";"0.00";"IST";"PT";"21h 3m";"-183.12"
"396";"USTEC_ICM_UTC2";"Buy";"7207.6";"7125.1";"2018.10.19 17:30:00";"2018.10.19 19:20:00";"30.0";"-2475.00";"7125.10010";"7290.10010";"-45755.89";"0.00";"IST";"SL";"1h 50m";"-0.00"
"397";"USTEC_ICM_UTC2";"Buy";"7153.1";"7070.6";"2018.10.22 18:45:00";"2018.10.23 06:30:00";"30.0";"-2658.12";"7070.60010";"7235.60010";"-48414.02";"0.00";"IST";"SL";"11h 45m";"-183.12"
"398";"USTEC_ICM_UTC2";"Buy";"6943.1";"7025.6";"2018.10.23 17:15:00";"2018.10.23 19:12:00";"30.0";"2475.00";"6860.60010";"7025.60010";"-45939.02";"0.00";"IST";"PT";"1h 57m";"-0.00"
"399";"USTEC_ICM_UTC2";"Buy";"7015.6";"6933.1";"2018.10.24 19:30:00";"2018.10.24 20:58:00";"30.0";"-2475.00";"6933.10010";"7098.10010";"-48414.02";"0.00";"IST";"SL";"1h 28m";"-0.00"
"400";"USTEC_ICM_UTC2";"Buy";"6963.0";"7045.5";"2018.10.25 17:30:00";"2018.10.25 21:40:00";"30.0";"2475.00";"6880.50000";"7045.50000";"-45939.02";"0.00";"IST";"PT";"4h 10m";"-0.00"
"401";"USTEC_ICM_UTC2";"Buy";"6782.0";"6864.5";"2018.10.26 16:30:00";"2018.10.26 16:45:00";"30.0";"2475.00";"6699.50000";"6864.50000";"-43464.02";"0.00";"IST";"PT";"15m 0s";"-0.00"
"402";"USTEC_ICM_UTC2";"Buy";"6941.6";"6859.1";"2018.10.29 16:30:00";"2018.10.29 17:20:00";"30.0";"-2475.00";"6859.10010";"7024.10010";"-45939.02";"0.00";"IST";"SL";"50m 0s";"-0.00"
"403";"USTEC_ICM_UTC2";"Buy";"6690.0";"6772.5";"2018.10.30 16:45:00";"2018.10.30 17:32:00";"30.0";"2475.00";"6607.50000";"6772.50000";"-43464.02";"0.00";"IST";"PT";"47m 0s";"-0.00"
"404";"USTEC_ICM_UTC2";"Buy";"6935.5";"7018.0";"2018.10.31 17:45:00";"2018.10.31 19:20:00";"30.0";"2475.00";"6853.00000";"7018.00000";"-40989.02";"0.00";"IST";"PT";"1h 35m";"-0.00"
"405";"USTEC_ICM_UTC2";"Buy";"7022.1";"7104.6";"2018.11.01 18:00:00";"2018.11.02 08:14:00";"30.0";"2291.88";"6939.60010";"7104.60010";"-38697.14";"0.00";"IST";"PT";"14h 14m";"-183.12"
"406";"USTEC_ICM_UTC2";"Buy";"6966.1";"6883.6";"2018.11.02 17:15:00";"2018.11.05 17:03:00";"30.0";"-3024.36";"6883.60010";"7048.60010";"-41721.50";"0.00";"IST";"SL";"2d 23h 48m";"-549.36"
"407";"USTEC_ICM_UTC2";"Buy";"6885.4";"6967.9";"2018.11.05 18:30:00";"2018.11.06 16:33:00";"30.0";"2291.88";"6802.89990";"6967.89990";"-39429.61";"0.00";"IST";"PT";"22h 3m";"-183.12"
"408";"USTEC_ICM_UTC2";"Buy";"6975.4";"7057.9";"2018.11.06 18:45:00";"2018.11.07 04:07:00";"30.0";"2291.88";"6892.89990";"7057.89990";"-37137.73";"0.00";"IST";"PT";"9h 22m";"-183.12"
"409";"USTEC_ICM_UTC2";"Buy";"7146.8";"7064.3";"2018.11.07 18:15:00";"2018.11.09 16:42:00";"30.0";"-2841.24";"7064.29980";"7229.29980";"-39978.98";"0.00";"IST";"SL";"1d 22h 27m";"-366.24"
"410";"USTEC_ICM_UTC2";"Buy";"7049.4";"7049.6";"2018.11.09 18:00:00";"2018.11.09 22:55:00";"30.0";"6.00";"6966.89990";"7131.89990";"-39972.98";"0.00";"IST";"End Of Friday (Time)";"4h 55m";"-0.00"
"411";"USTEC_ICM_UTC2";"Buy";"6886.8";"6804.3";"2018.11.12 17:45:00";"2018.11.13 02:44:00";"30.0";"-2658.12";"6804.29980";"6969.29980";"-42631.09";"0.00";"IST";"SL";"8h 59m";"-183.12"
"412";"USTEC_ICM_UTC2";"Buy";"6870.4";"6787.9";"2018.11.13 17:45:00";"2018.11.14 10:31:00";"30.0";"-2658.12";"6787.89990";"6952.89990";"-45289.21";"0.00";"IST";"SL";"16h 46m";"-183.12"
"413";"USTEC_ICM_UTC2";"Buy";"6828.0";"6745.5";"2018.11.14 18:00:00";"2018.11.14 21:02:00";"30.0";"-2475.00";"6745.50000";"6910.50000";"-47764.21";"0.00";"IST";"SL";"3h 2m";"-0.00"
"414";"USTEC_ICM_UTC2";"Buy";"6745.6";"6828.1";"2018.11.15 17:15:00";"2018.11.15 20:23:00";"30.0";"2475.00";"6663.10010";"6828.10010";"-45289.21";"0.00";"IST";"PT";"3h 8m";"-0.00"
"415";"USTEC_ICM_UTC2";"Buy";"6864.5";"6874.8";"2018.11.16 18:00:00";"2018.11.16 22:55:00";"30.0";"309.00";"6782.00000";"6947.00000";"-44980.21";"0.00";"IST";"End Of Friday (Time)";"4h 55m";"-0.00"
"416";"USTEC_ICM_UTC2";"Buy";"6733.2";"6650.7";"2018.11.19 18:15:00";"2018.11.19 20:15:00";"30.0";"-2475.00";"6650.70020";"6815.70020";"-47455.21";"0.00";"IST";"SL";"2h 0m";"-0.00"
"417";"USTEC_ICM_UTC2";"Buy";"6495.9";"6578.4";"2018.11.20 17:00:00";"2018.11.20 17:52:00";"30.0";"2475.00";"6413.39990";"6578.39990";"-44980.21";"0.00";"IST";"PT";"52m 0s";"-0.00"
"418";"USTEC_ICM_UTC2";"Buy";"6614.4";"6531.9";"2018.11.21 17:30:00";"2018.11.22 11:11:00";"30.0";"-2658.12";"6531.89990";"6696.89990";"-47638.34";"0.00";"IST";"SL";"17h 41m";"-183.12"
"419";"USTEC_ICM_UTC2";"Buy";"6565.1";"6647.6";"2018.11.23 18:00:00";"2018.11.26 16:59:00";"30.0";"1925.64";"6482.60010";"6647.60010";"-45712.70";"0.00";"IST";"PT";"2d 22h 59m";"-549.36"
"420";"USTEC_ICM_UTC2";"Buy";"6632.1";"6714.6";"2018.11.26 17:30:00";"2018.11.27 18:04:00";"30.0";"2291.88";"6549.60010";"6714.60010";"-43420.82";"0.00";"IST";"PT";"1d 0h 34m";"-183.12"
"421";"USTEC_ICM_UTC2";"Buy";"6701.3";"6783.8";"2018.11.27 18:30:00";"2018.11.28 19:03:00";"30.0";"2291.88";"6618.79980";"6783.79980";"-41128.94";"0.00";"IST";"PT";"1d 0h 33m";"-183.12"
"422";"USTEC_ICM_UTC2";"Buy";"6830.9";"6913.4";"2018.11.28 20:00:00";"2018.11.28 22:49:00";"30.0";"2475.00";"6748.39990";"6913.39990";"-38653.94";"0.00";"IST";"PT";"2h 49m";"-0.00"
"423";"USTEC_ICM_UTC2";"Buy";"6858.7";"6941.2";"2018.11.29 17:30:00";"2018.11.30 22:30:00";"30.0";"2291.88";"6776.20020";"6941.20020";"-36362.05";"0.00";"IST";"PT";"1d 5h 0m";"-183.12"
"424";"USTEC_ICM_UTC2";"Buy";"7059.9";"6977.4";"2018.12.03 17:45:00";"2018.12.04 07:53:00";"30.0";"-2658.12";"6977.39990";"7142.39990";"-39020.18";"0.00";"IST";"SL";"14h 8m";"-183.12"
"425";"USTEC_ICM_UTC2";"Buy";"7030.6";"6948.1";"2018.12.04 17:45:00";"2018.12.04 19:07:00";"30.0";"-2475.00";"6948.10010";"7113.10010";"-41495.18";"0.00";"IST";"SL";"1h 22m";"-0.00"
"426";"USTEC_ICM_UTC2";"Buy";"6687.8";"6770.3";"2018.12.06 17:15:00";"2018.12.06 19:31:00";"30.0";"2475.00";"6605.29980";"6770.29980";"-39020.18";"0.00";"IST";"PT";"2h 16m";"-0.00"
"427";"USTEC_ICM_UTC2";"Buy";"6674.4";"6618.8";"2018.12.07 19:00:00";"2018.12.07 22:55:00";"30.0";"-1668.00";"6591.89990";"6756.89990";"-40688.18";"0.00";"IST";"End Of Friday (Time)";"3h 55m";"-0.00"
"428";"USTEC_ICM_UTC2";"Buy";"6584.4";"6666.9";"2018.12.10 17:45:00";"2018.12.10 20:52:00";"30.0";"2475.00";"6501.89990";"6666.89990";"-38213.18";"0.00";"IST";"PT";"3h 7m";"-0.00"
"429";"USTEC_ICM_UTC2";"Buy";"6744.1";"6661.6";"2018.12.11 18:00:00";"2018.12.11 20:52:00";"30.0";"-2475.00";"6661.60010";"6826.60010";"-40688.18";"0.00";"IST";"SL";"2h 52m";"-0.00"
"430";"USTEC_ICM_UTC2";"Buy";"6820.3";"6737.8";"2018.12.12 17:45:00";"2018.12.13 19:02:00";"30.0";"-2658.12";"6737.79980";"6902.79980";"-43346.30";"0.00";"IST";"SL";"1d 1h 17m";"-183.12"
"431";"USTEC_ICM_UTC2";"Buy";"6745.1";"6662.6";"2018.12.13 20:15:00";"2018.12.14 10:38:00";"30.0";"-2658.12";"6662.60010";"6827.60010";"-46004.42";"0.00";"IST";"SL";"14h 23m";"-183.12"
"432";"USTEC_ICM_UTC2";"Buy";"6684.9";"6602.4";"2018.12.14 17:45:00";"2018.12.14 21:44:00";"30.0";"-2475.00";"6602.39990";"6767.39990";"-48479.42";"0.00";"IST";"SL";"3h 59m";"-0.00"
"433";"USTEC_ICM_UTC2";"Buy";"6577.5";"6495.0";"2018.12.17 17:45:00";"2018.12.17 20:36:00";"30.0";"-2475.00";"6495.00000";"6660.00000";"-50954.42";"0.00";"IST";"SL";"2h 51m";"-0.00"
"434";"USTEC_ICM_UTC2";"Buy";"6510.1";"6427.6";"2018.12.18 18:00:00";"2018.12.19 21:12:00";"30.0";"-2658.12";"6427.60010";"6592.60010";"-53612.54";"0.00";"IST";"SL";"1d 3h 12m";"-183.12"
"435";"USTEC_ICM_UTC2";"Buy";"6438.9";"6521.4";"2018.12.19 21:15:00";"2018.12.19 21:36:00";"30.0";"2475.00";"6356.39990";"6521.39990";"-51137.54";"0.00";"IST";"PT";"21m 0s";"-0.00"
"436";"USTEC_ICM_UTC2";"Buy";"6356.8";"6274.3";"2018.12.20 17:00:00";"2018.12.20 18:21:00";"30.0";"-2475.00";"6274.29980";"6439.29980";"-53612.54";"0.00";"IST";"SL";"1h 21m";"-0.00"
"437";"USTEC_ICM_UTC2";"Buy";"6250.0";"6167.5";"2018.12.21 17:45:00";"2018.12.21 18:49:00";"30.0";"-2475.00";"6167.50000";"6332.50000";"-56087.54";"0.00";"IST";"SL";"1h 4m";"-0.00"
"438";"USTEC_ICM_UTC2";"Buy";"5955.1";"6037.6";"2018.12.24 17:00:00";"2018.12.24 17:38:00";"30.0";"2475.00";"5872.60010";"6037.60010";"-53612.54";"0.00";"IST";"PT";"38m 0s";"-0.00"
"439";"USTEC_ICM_UTC2";"Buy";"5942.6";"6025.1";"2018.12.26 17:15:00";"2018.12.26 18:42:00";"30.0";"2475.00";"5860.10010";"6025.10010";"-51137.54";"0.00";"IST";"PT";"1h 27m";"-0.00"
"440";"USTEC_ICM_UTC2";"Buy";"6124.5";"6042.0";"2018.12.27 18:15:00";"2018.12.27 21:18:00";"30.0";"-2475.00";"6042.00000";"6207.00000";"-53612.54";"0.00";"IST";"SL";"3h 3m";"-0.00"
"441";"USTEC_ICM_UTC2";"Buy";"6275.8";"6358.3";"2018.12.28 18:15:00";"2018.12.28 21:38:00";"30.0";"2475.00";"6193.29980";"6358.29980";"-51137.54";"0.00";"IST";"PT";"3h 23m";"-0.00"
"442";"USTEC_ICM_UTC2";"Buy";"6302.7";"6220.2";"2018.12.31 22:15:00";"2019.01.02 10:07:00";"30.0";"-2841.24";"6220.20020";"6385.20020";"-53978.78";"0.00";"IST";"SL";"1d 11h 52m";"-366.24"
"443";"USTEC_ICM_UTC2";"Buy";"6309.0";"6391.5";"2019.01.02 17:45:00";"2019.01.02 20:33:00";"30.0";"2475.00";"6226.50000";"6391.50000";"-51503.78";"0.00";"IST";"PT";"2h 48m";"-0.00"
"444";"USTEC_ICM_UTC2";"Buy";"6237.5";"6155.0";"2019.01.03 19:15:00";"2019.01.03 22:10:00";"30.0";"-2475.00";"6155.00000";"6320.00000";"-53978.78";"0.00";"IST";"SL";"2h 55m";"-0.00"
"445";"USTEC_ICM_UTC2";"Buy";"6383.6";"6407.0";"2019.01.04 18:45:00";"2019.01.04 22:55:00";"30.0";"702.00";"6301.10010";"6466.10010";"-53276.78";"0.00";"IST";"End Of Friday (Time)";"4h 10m";"-0.00"
"446";"USTEC_ICM_UTC2";"Buy";"6436.8";"6519.3";"2019.01.07 17:30:00";"2019.01.07 20:03:00";"30.0";"2475.00";"6354.29980";"6519.29980";"-50801.78";"0.00";"IST";"PT";"2h 33m";"-0.00"
"447";"USTEC_ICM_UTC2";"Buy";"6491.2";"6573.7";"2019.01.08 18:45:00";"2019.01.09 03:19:00";"30.0";"2291.88";"6408.70020";"6573.70020";"-48509.90";"0.00";"IST";"PT";"8h 34m";"-183.12"
"448";"USTEC_ICM_UTC2";"Buy";"6595.0";"6601.4";"2019.01.09 17:30:00";"2019.01.11 22:55:00";"30.0";"-174.24";"6512.50000";"6677.50000";"-48684.14";"0.00";"IST";"End Of Friday (Time)";"2d 5h 25m";"-366.24"
"449";"USTEC_ICM_UTC2";"Buy";"6554.6";"6637.1";"2019.01.14 18:15:00";"2019.01.15 17:00:00";"30.0";"2291.88";"6472.10010";"6637.10010";"-46392.26";"0.00";"IST";"PT";"22h 45m";"-183.12"
"450";"USTEC_ICM_UTC2";"Buy";"6632.1";"6714.6";"2019.01.15 17:30:00";"2019.01.16 16:46:00";"30.0";"2291.88";"6549.60010";"6714.60010";"-44100.38";"0.00";"IST";"PT";"23h 16m";"-183.12"
"451";"USTEC_ICM_UTC2";"Buy";"6698.1";"6615.6";"2019.01.16 17:30:00";"2019.01.17 08:58:00";"30.0";"-2658.12";"6615.60010";"6780.60010";"-46758.50";"0.00";"IST";"SL";"15h 28m";"-183.12"
"452";"USTEC_ICM_UTC2";"Buy";"6669.5";"6752.0";"2019.01.17 17:45:00";"2019.01.18 16:16:00";"30.0";"2291.88";"6587.00000";"6752.00000";"-44466.62";"0.00";"IST";"PT";"22h 31m";"-183.12"
"453";"USTEC_ICM_UTC2";"Buy";"6803.9";"6768.6";"2019.01.18 19:00:00";"2019.01.18 22:55:00";"30.0";"-1059.00";"6721.39990";"6886.39990";"-45525.62";"0.00";"IST";"End Of Friday (Time)";"3h 55m";"-0.00"
"454";"USTEC_ICM_UTC2";"Buy";"6704.1";"6621.6";"2019.01.22 18:00:00";"2019.01.22 21:44:00";"30.0";"-2475.00";"6621.60010";"6786.60010";"-48000.62";"0.00";"IST";"SL";"3h 44m";"-0.00"
"455";"USTEC_ICM_UTC2";"Buy";"6676.5";"6594.0";"2019.01.23 17:30:00";"2019.01.23 19:08:00";"30.0";"-2475.00";"6594.00000";"6759.00000";"-50475.62";"0.00";"IST";"SL";"1h 38m";"-0.00"
"456";"USTEC_ICM_UTC2";"Buy";"6680.1";"6762.6";"2019.01.24 16:45:00";"2019.01.25 17:00:00";"30.0";"2291.88";"6597.60010";"6762.60010";"-48183.74";"0.00";"IST";"PT";"1d 0h 15m";"-183.12"
"457";"USTEC_ICM_UTC2";"Buy";"6771.5";"6778.4";"2019.01.25 17:30:00";"2019.01.25 22:55:00";"30.0";"207.00";"6689.00000";"6854.00000";"-47976.74";"0.00";"IST";"End Of Friday (Time)";"5h 25m";"-0.00"
"458";"USTEC_ICM_UTC2";"Buy";"6667.1";"6749.6";"2019.01.28 18:00:00";"2019.01.30 19:22:00";"30.0";"2108.76";"6584.60010";"6749.60010";"-45867.98";"0.00";"IST";"PT";"2d 1h 22m";"-366.24"
"459";"USTEC_ICM_UTC2";"Buy";"6805.7";"6888.2";"2019.01.30 22:15:00";"2019.01.31 17:19:00";"30.0";"2291.88";"6723.20020";"6888.20020";"-43576.10";"0.00";"IST";"PT";"19h 4m";"-183.12"
"460";"USTEC_ICM_UTC2";"Buy";"6894.8";"6870.9";"2019.01.31 18:00:00";"2019.02.01 22:55:00";"30.0";"-900.12";"6812.29980";"6977.29980";"-44476.22";"0.00";"IST";"End Of Friday (Time)";"1d 4h 55m";"-183.12"
"461";"USTEC_ICM_UTC2";"Buy";"6935.0";"7017.5";"2019.02.04 18:45:00";"2019.02.05 17:32:00";"30.0";"2291.88";"6852.50000";"7017.50000";"-42184.34";"0.00";"IST";"PT";"22h 47m";"-183.12"
"462";"USTEC_ICM_UTC2";"Buy";"7010.2";"6927.7";"2019.02.05 18:15:00";"2019.02.07 16:30:00";"30.0";"-2841.24";"6927.70020";"7092.70020";"-45025.58";"0.00";"IST";"SL";"1d 22h 15m";"-366.24"
"463";"USTEC_ICM_UTC2";"Buy";"6909.0";"6893.8";"2019.02.07 18:00:00";"2019.02.08 22:55:00";"30.0";"-639.12";"6826.50000";"6991.50000";"-45664.70";"0.00";"IST";"End Of Friday (Time)";"1d 4h 55m";"-183.12"
"464";"USTEC_ICM_UTC2";"Buy";"6931.3";"7013.8";"2019.02.11 17:45:00";"2019.02.12 20:51:00";"30.0";"2291.88";"6848.79980";"7013.79980";"-43372.82";"0.00";"IST";"PT";"1d 3h 6m";"-183.12"
"465";"USTEC_ICM_UTC2";"Buy";"7040.9";"7044.3";"2019.02.13 16:30:00";"2019.02.15 22:55:00";"30.0";"-264.24";"6958.39990";"7123.39990";"-43637.06";"0.00";"IST";"End Of Friday (Time)";"2d 6h 25m";"-366.24"
"466";"USTEC_ICM_UTC2";"Buy";"7064.8";"7076.1";"2019.02.19 17:45:00";"2019.02.22 22:55:00";"30.0";"-210.36";"6982.29980";"7147.29980";"-43847.42";"0.00";"IST";"End Of Friday (Time)";"3d 5h 10m";"-549.36"
"467";"USTEC_ICM_UTC2";"Buy";"7151.2";"7068.7";"2019.02.25 17:45:00";"2019.02.26 06:18:00";"30.0";"-2658.12";"7068.70020";"7233.70020";"-46505.54";"0.00";"IST";"SL";"12h 33m";"-183.12"
"468";"USTEC_ICM_UTC2";"Buy";"7121.1";"7149.2";"2019.02.26 17:45:00";"2019.03.01 22:55:00";"30.0";"293.64";"7038.60010";"7203.60010";"-46211.90";"0.00";"IST";"End Of Friday (Time)";"3d 5h 10m";"-549.36"
"469";"USTEC_ICM_UTC2";"Buy";"7187.6";"7105.1";"2019.03.04 17:15:00";"2019.03.04 18:47:00";"30.0";"-2475.00";"7105.10010";"7270.10010";"-48686.90";"0.00";"IST";"SL";"1h 32m";"-0.00"
"470";"USTEC_ICM_UTC2";"Buy";"7147.0";"7064.5";"2019.03.05 16:45:00";"2019.03.07 16:42:00";"30.0";"-2841.24";"7064.50000";"7229.50000";"-51528.14";"0.00";"IST";"SL";"1d 23h 57m";"-366.24"
"471";"USTEC_ICM_UTC2";"Buy";"7065.1";"6982.6";"2019.03.07 19:15:00";"2019.03.08 09:11:00";"30.0";"-2658.12";"6982.60010";"7147.60010";"-54186.26";"0.00";"IST";"SL";"13h 56m";"-183.12"
"472";"USTEC_ICM_UTC2";"Buy";"6959.2";"7010.4";"2019.03.08 17:15:00";"2019.03.08 22:55:00";"30.0";"1536.00";"6876.70020";"7041.70020";"-52650.26";"0.00";"IST";"End Of Friday (Time)";"5h 40m";"-0.00"
"473";"USTEC_ICM_UTC2";"Buy";"7188.1";"7270.6";"2019.03.12 16:30:00";"2019.03.13 17:08:00";"30.0";"2291.88";"7105.60010";"7270.60010";"-50358.38";"0.00";"IST";"PT";"1d 0h 38m";"-183.12"
"474";"USTEC_ICM_UTC2";"Buy";"7274.7";"7357.2";"2019.03.13 18:00:00";"2019.03.19 12:55:00";"30.0";"1376.28";"7192.20020";"7357.20020";"-48982.10";"0.00";"IST";"PT";"5d 18h 55m";"-1098.72"
"475";"USTEC_ICM_UTC2";"Buy";"7356.2";"7438.7";"2019.03.19 16:45:00";"2019.03.21 17:01:00";"30.0";"2108.76";"7273.70020";"7438.70020";"-46873.34";"0.00";"IST";"PT";"2d 0h 16m";"-366.24"
"476";"USTEC_ICM_UTC2";"Buy";"7439.4";"7356.9";"2019.03.21 17:30:00";"2019.03.22 17:59:00";"30.0";"-2658.12";"7356.89990";"7521.89990";"-49531.46";"0.00";"IST";"SL";"1d 0h 29m";"-183.12"
"477";"USTEC_ICM_UTC2";"Buy";"7348.9";"7266.4";"2019.03.22 18:45:00";"2019.03.25 03:02:00";"30.0";"-3024.36";"7266.39990";"7431.39990";"-52555.82";"0.00";"IST";"SL";"2d 8h 17m";"-549.36"
"478";"USTEC_ICM_UTC2";"Buy";"7304.5";"7387.0";"2019.03.25 18:00:00";"2019.03.26 15:33:00";"30.0";"2291.88";"7222.00000";"7387.00000";"-50263.94";"0.00";"IST";"PT";"21h 33m";"-183.12"
"479";"USTEC_ICM_UTC2";"Buy";"7390.0";"7307.5";"2019.03.26 16:30:00";"2019.03.27 17:14:00";"30.0";"-2658.12";"7307.50000";"7472.50000";"-52922.06";"0.00";"IST";"SL";"1d 0h 44m";"-183.12"
"480";"USTEC_ICM_UTC2";"Buy";"7297.7";"7380.2";"2019.03.27 21:15:00";"2019.03.29 21:01:00";"30.0";"2108.76";"7215.20020";"7380.20020";"-50813.30";"0.00";"IST";"PT";"1d 23h 46m";"-366.24"
"481";"USTEC_ICM_UTC2";"Buy";"7449.3";"7531.8";"2019.04.01 18:45:00";"2019.04.03 04:45:00";"30.0";"2108.76";"7366.79980";"7531.79980";"-48704.54";"0.00";"IST";"PT";"1d 10h 0m";"-366.24"
"482";"USTEC_ICM_UTC2";"Buy";"7545.5";"7573.3";"2019.04.03 17:15:00";"2019.04.05 22:55:00";"30.0";"467.76";"7463.00000";"7628.00000";"-48236.78";"0.00";"IST";"End Of Friday (Time)";"2d 5h 40m";"-366.24"
"483";"USTEC_ICM_UTC2";"Buy";"7570.1";"7620.0";"2019.04.08 19:00:00";"2019.04.12 22:55:00";"30.0";"764.52";"7487.60010";"7652.60010";"-47472.26";"0.00";"IST";"End Of Friday (Time)";"4d 3h 55m";"-732.48"
"484";"USTEC_ICM_UTC2";"Buy";"7596.2";"7678.7";"2019.04.15 18:45:00";"2019.04.17 04:59:00";"30.0";"2108.76";"7513.70020";"7678.70020";"-45363.50";"0.00";"IST";"PT";"1d 10h 14m";"-366.24"
"485";"USTEC_ICM_UTC2";"Buy";"7695.9";"7778.4";"2019.04.17 16:45:00";"2019.04.23 18:21:00";"30.0";"1376.28";"7613.39990";"7778.39990";"-43987.22";"0.00";"IST";"PT";"6d 1h 36m";"-1098.72"
"486";"USTEC_ICM_UTC2";"Buy";"7805.2";"7812.9";"2019.04.23 19:45:00";"2019.04.26 22:55:00";"30.0";"-318.36";"7722.70020";"7887.70020";"-44305.58";"0.00";"IST";"End Of Friday (Time)";"3d 3h 10m";"-549.36"
"487";"USTEC_ICM_UTC2";"Buy";"7833.4";"7750.9";"2019.04.29 18:15:00";"2019.04.30 18:00:00";"30.0";"-2658.12";"7750.89990";"7915.89990";"-46963.70";"0.00";"IST";"SL";"23h 45m";"-183.12"
"488";"USTEC_ICM_UTC2";"Buy";"7762.7";"7845.2";"2019.04.30 20:30:00";"2019.05.01 18:40:00";"30.0";"2291.88";"7680.20020";"7845.20020";"-44671.82";"0.00";"IST";"PT";"22h 10m";"-183.12"
"489";"USTEC_ICM_UTC2";"Buy";"7818.5";"7736.0";"2019.05.01 21:45:00";"2019.05.01 23:12:00";"30.0";"-2475.00";"7736.00000";"7901.00000";"-47146.82";"0.00";"IST";"SL";"1h 27m";"-0.00"
"490";"USTEC_ICM_UTC2";"Buy";"7772.6";"7690.1";"2019.05.02 17:45:00";"2019.05.02 18:45:00";"30.0";"-2475.00";"7690.10010";"7855.10010";"-49621.82";"0.00";"IST";"SL";"1h 0m";"-0.00"
"491";"USTEC_ICM_UTC2";"Buy";"7777.9";"7845.1";"2019.05.03 16:45:00";"2019.05.03 22:55:00";"30.0";"2016.00";"7695.39990";"7860.39990";"-47605.82";"0.00";"IST";"End Of Friday (Time)";"6h 10m";"-0.00"
"492";"USTEC_ICM_UTC2";"Buy";"7765.7";"7683.2";"2019.05.06 18:45:00";"2019.05.07 16:52:00";"30.0";"-2658.12";"7683.20020";"7848.20020";"-50263.94";"0.00";"IST";"SL";"22h 7m";"-183.12"
"493";"USTEC_ICM_UTC2";"Buy";"7697.6";"7615.1";"2019.05.07 17:00:00";"2019.05.07 20:21:00";"30.0";"-2475.00";"7615.10010";"7780.10010";"-52738.94";"0.00";"IST";"SL";"3h 21m";"-0.00"
"494";"USTEC_ICM_UTC2";"Buy";"7624.7";"7542.2";"2019.05.08 17:30:00";"2019.05.09 15:49:00";"30.0";"-2658.12";"7542.20020";"7707.20020";"-55397.06";"0.00";"IST";"SL";"22h 19m";"-183.12"
"495";"USTEC_ICM_UTC2";"Buy";"7505.0";"7587.5";"2019.05.09 18:15:00";"2019.05.09 19:38:00";"30.0";"2475.00";"7422.50000";"7587.50000";"-52922.06";"0.00";"IST";"PT";"1h 23m";"-0.00"
"496";"USTEC_ICM_UTC2";"Buy";"7436.7";"7519.2";"2019.05.10 18:45:00";"2019.05.10 19:53:00";"30.0";"2475.00";"7354.20020";"7519.20020";"-50447.06";"0.00";"IST";"PT";"1h 8m";"-0.00"
"497";"USTEC_ICM_UTC2";"Buy";"7359.0";"7441.5";"2019.05.13 18:15:00";"2019.05.14 19:05:00";"30.0";"2291.88";"7276.50000";"7441.50000";"-48155.18";"0.00";"IST";"PT";"1d 0h 50m";"-183.12"
"498";"USTEC_ICM_UTC2";"Buy";"7413.7";"7496.2";"2019.05.14 22:45:00";"2019.05.15 18:29:00";"30.0";"2291.88";"7331.20020";"7496.20020";"-45863.30";"0.00";"IST";"PT";"19h 44m";"-183.12"
"499";"USTEC_ICM_UTC2";"Buy";"7493.1";"7575.6";"2019.05.15 19:00:00";"2019.05.16 17:18:00";"30.0";"2291.88";"7410.60010";"7575.60010";"-43571.42";"0.00";"IST";"PT";"22h 18m";"-183.12"
"500";"USTEC_ICM_UTC2";"Buy";"7601.7";"7519.2";"2019.05.16 18:15:00";"2019.05.17 14:51:00";"30.0";"-2658.12";"7519.20020";"7684.20020";"-46229.54";"0.00";"IST";"SL";"20h 36m";"-183.12"
"501";"USTEC_ICM_UTC2";"Buy";"7517.9";"7600.4";"2019.05.17 17:15:00";"2019.05.17 18:01:00";"30.0";"2475.00";"7435.39990";"7600.39990";"-43754.54";"0.00";"IST";"PT";"46m 0s";"-0.00"
"502";"USTEC_ICM_UTC2";"Buy";"7415.6";"7333.1";"2019.05.20 18:00:00";"2019.05.23 11:21:00";"30.0";"-3024.36";"7333.10010";"7498.10010";"-46778.90";"0.00";"IST";"SL";"2d 17h 21m";"-549.36"
"503";"USTEC_ICM_UTC2";"Buy";"7314.6";"7300.3";"2019.05.23 17:30:00";"2019.05.24 22:55:00";"30.0";"-612.12";"7232.10010";"7397.10010";"-47391.02";"0.00";"IST";"End Of Friday (Time)";"1d 5h 25m";"-183.12"
"504";"USTEC_ICM_UTC2";"Buy";"7319.6";"7237.1";"2019.05.28 18:30:00";"2019.05.29 04:58:00";"30.0";"-2658.12";"7237.10010";"7402.10010";"-50049.14";"0.00";"IST";"SL";"10h 28m";"-183.12"
"505";"USTEC_ICM_UTC2";"Buy";"7220.2";"7137.7";"2019.05.29 18:00:00";"2019.05.31 12:33:00";"30.0";"-2841.24";"7137.70020";"7302.70020";"-52890.38";"0.00";"IST";"SL";"1d 18h 33m";"-366.24"
"506";"USTEC_ICM_UTC2";"Buy";"7172.9";"7134.0";"2019.05.31 18:45:00";"2019.05.31 22:55:00";"30.0";"-1167.00";"7090.39990";"7255.39990";"-54057.38";"0.00";"IST";"End Of Friday (Time)";"4h 10m";"-0.00"
"507";"USTEC_ICM_UTC2";"Buy";"7084.0";"7001.5";"2019.06.03 18:00:00";"2019.06.03 19:24:00";"30.0";"-2475.00";"7001.50000";"7166.50000";"-56532.38";"0.00";"IST";"SL";"1h 24m";"-0.00"
"508";"USTEC_ICM_UTC2";"Buy";"7086.3";"7168.8";"2019.06.04 18:00:00";"2019.06.04 22:58:00";"30.0";"2475.00";"7003.79980";"7168.79980";"-54057.38";"0.00";"IST";"PT";"4h 58m";"-0.00"
"509";"USTEC_ICM_UTC2";"Buy";"7170.5";"7253.0";"2019.06.05 17:30:00";"2019.06.06 12:35:00";"30.0";"2291.88";"7088.00000";"7253.00000";"-51765.50";"0.00";"IST";"PT";"19h 5m";"-183.12"
"510";"USTEC_ICM_UTC2";"Buy";"7222.1";"7304.6";"2019.06.06 16:45:00";"2019.06.07 11:10:00";"30.0";"2291.88";"7139.60010";"7304.60010";"-49473.62";"0.00";"IST";"PT";"18h 25m";"-183.12"
"511";"USTEC_ICM_UTC2";"Buy";"7417.0";"7412.9";"2019.06.07 18:30:00";"2019.06.07 22:55:00";"30.0";"-123.00";"7334.50000";"7499.50000";"-49596.62";"0.00";"IST";"End Of Friday (Time)";"4h 25m";"-0.00"
"512";"USTEC_ICM_UTC2";"Buy";"7533.6";"7451.1";"2019.06.10 20:30:00";"2019.06.13 05:07:00";"30.0";"-3024.36";"7451.10010";"7616.10010";"-52620.98";"0.00";"IST";"SL";"2d 8h 37m";"-549.36"
"513";"USTEC_ICM_UTC2";"Buy";"7500.9";"7489.0";"2019.06.13 18:00:00";"2019.06.14 22:55:00";"30.0";"-540.12";"7418.39990";"7583.39990";"-53161.10";"0.00";"IST";"End Of Friday (Time)";"1d 4h 55m";"-183.12"
"514";"USTEC_ICM_UTC2";"Buy";"7538.3";"7620.8";"2019.06.17 17:30:00";"2019.06.18 16:39:00";"30.0";"2291.88";"7455.79980";"7620.79980";"-50869.22";"0.00";"IST";"PT";"23h 9m";"-183.12"
"515";"USTEC_ICM_UTC2";"Buy";"7674.1";"7756.6";"2019.06.18 17:30:00";"2019.06.20 11:32:00";"30.0";"2108.76";"7591.60010";"7756.60010";"-48760.46";"0.00";"IST";"PT";"1d 18h 2m";"-366.24"
"516";"USTEC_ICM_UTC2";"Buy";"7736.5";"7731.3";"2019.06.20 17:30:00";"2019.06.21 22:55:00";"30.0";"-339.12";"7654.00000";"7819.00000";"-49099.58";"0.00";"IST";"End Of Friday (Time)";"1d 5h 25m";"-183.12"
"517";"USTEC_ICM_UTC2";"Buy";"7734.6";"7652.1";"2019.06.24 17:45:00";"2019.06.25 17:57:00";"30.0";"-2658.12";"7652.10010";"7817.10010";"-51757.70";"0.00";"IST";"SL";"1d 0h 12m";"-183.12"
"518";"USTEC_ICM_UTC2";"Buy";"7661.9";"7649.8";"2019.06.25 18:45:00";"2019.06.28 22:55:00";"30.0";"-912.36";"7579.39990";"7744.39990";"-52670.06";"0.00";"IST";"End Of Friday (Time)";"3d 4h 10m";"-549.36"
"519";"USTEC_ICM_UTC2";"Buy";"7778.1";"7860.6";"2019.07.01 17:30:00";"2019.07.03 20:00:00";"30.0";"2108.76";"7695.60010";"7860.60010";"-50561.30";"0.00";"IST";"PT";"2d 2h 30m";"-366.24"
"520";"USTEC_ICM_UTC2";"Buy";"7783.4";"7834.8";"2019.07.05 17:00:00";"2019.07.05 22:55:00";"30.0";"1542.00";"7700.89990";"7865.89990";"-49019.30";"0.00";"IST";"End Of Friday (Time)";"5h 55m";"-0.00"
"521";"USTEC_ICM_UTC2";"Buy";"7776.3";"7858.8";"2019.07.08 17:45:00";"2019.07.10 15:34:00";"30.0";"2108.76";"7693.79980";"7858.79980";"-46910.54";"0.00";"IST";"PT";"1d 21h 49m";"-366.24"
"522";"USTEC_ICM_UTC2";"Buy";"7872.5";"7938.2";"2019.07.10 16:30:00";"2019.07.12 22:55:00";"30.0";"1604.76";"7790.00000";"7955.00000";"-45305.78";"0.00";"IST";"End Of Friday (Time)";"2d 6h 25m";"-366.24"
"523";"USTEC_ICM_UTC2";"Buy";"7950.8";"7868.3";"2019.07.15 18:00:00";"2019.07.17 23:07:00";"30.0";"-2841.24";"7868.29980";"8033.29980";"-48147.02";"0.00";"IST";"SL";"2d 5h 7m";"-366.24"
"524";"USTEC_ICM_UTC2";"Buy";"7875.9";"7958.4";"2019.07.18 17:15:00";"2019.07.19 16:28:00";"30.0";"2291.88";"7793.39990";"7958.39990";"-45855.14";"0.00";"IST";"PT";"23h 13m";"-183.12"
"525";"USTEC_ICM_UTC2";"Buy";"7889.5";"7846.7";"2019.07.19 18:45:00";"2019.07.19 22:55:00";"30.0";"-1284.00";"7807.00000";"7972.00000";"-47139.14";"0.00";"IST";"End Of Friday (Time)";"4h 10m";"-0.00"
"526";"USTEC_ICM_UTC2";"Buy";"7886.8";"7969.3";"2019.07.22 17:30:00";"2019.07.23 23:13:00";"30.0";"2291.88";"7804.29980";"7969.29980";"-44847.26";"0.00";"IST";"PT";"1d 5h 43m";"-183.12"
"527";"USTEC_ICM_UTC2";"Buy";"7964.8";"8022.1";"2019.07.24 18:00:00";"2019.07.26 22:55:00";"30.0";"1352.76";"7882.29980";"8047.29980";"-43494.50";"0.00";"IST";"End Of Friday (Time)";"2d 4h 55m";"-366.24"
"528";"USTEC_ICM_UTC2";"Buy";"7960.1";"7877.6";"2019.07.29 18:15:00";"2019.07.31 21:45:00";"30.0";"-2841.24";"7877.60010";"8042.60010";"-46335.74";"0.00";"IST";"SL";"2d 3h 30m";"-366.24"
"529";"USTEC_ICM_UTC2";"Buy";"7987.0";"7904.5";"2019.08.01 19:00:00";"2019.08.01 20:34:00";"30.0";"-2475.00";"7904.50000";"8069.50000";"-48810.74";"0.00";"IST";"SL";"1h 34m";"-0.00"
"530";"USTEC_ICM_UTC2";"Buy";"7748.7";"7666.2";"2019.08.02 16:30:00";"2019.08.02 17:33:00";"30.0";"-2475.00";"7666.20020";"7831.20020";"-51285.74";"0.00";"IST";"SL";"1h 3m";"-0.00"
"531";"USTEC_ICM_UTC2";"Buy";"7488.6";"7406.1";"2019.08.05 17:30:00";"2019.08.05 20:59:00";"30.0";"-2475.00";"7406.10010";"7571.10010";"-53760.74";"0.00";"IST";"SL";"3h 29m";"-0.00"
"532";"USTEC_ICM_UTC2";"Buy";"7476.7";"7559.2";"2019.08.06 17:30:00";"2019.08.07 12:44:00";"30.0";"2291.88";"7394.20020";"7559.20020";"-51468.86";"0.00";"IST";"PT";"19h 14m";"-183.12"
"533";"USTEC_ICM_UTC2";"Buy";"7427.8";"7510.3";"2019.08.07 17:00:00";"2019.08.07 17:50:00";"30.0";"2475.00";"7345.29980";"7510.29980";"-48993.86";"0.00";"IST";"PT";"50m 0s";"-0.00"
"534";"USTEC_ICM_UTC2";"Buy";"7598.0";"7680.5";"2019.08.09 18:30:00";"2019.08.09 20:31:00";"30.0";"2475.00";"7515.50000";"7680.50000";"-46518.86";"0.00";"IST";"PT";"2h 1m";"-0.00"
"535";"USTEC_ICM_UTC2";"Buy";"7603.4";"7520.9";"2019.08.12 16:30:00";"2019.08.13 12:23:00";"30.0";"-2658.12";"7520.89990";"7685.89990";"-49176.98";"0.00";"IST";"SL";"19h 53m";"-183.12"
"536";"USTEC_ICM_UTC2";"Buy";"7739.0";"7656.5";"2019.08.13 17:45:00";"2019.08.14 13:18:00";"30.0";"-2658.12";"7656.50000";"7821.50000";"-51835.10";"0.00";"IST";"SL";"19h 33m";"-183.12"
"537";"USTEC_ICM_UTC2";"Buy";"7608.0";"7525.5";"2019.08.14 17:00:00";"2019.08.14 18:15:00";"30.0";"-2475.00";"7525.50000";"7690.50000";"-54310.10";"0.00";"IST";"SL";"1h 15m";"-0.00"
"538";"USTEC_ICM_UTC2";"Buy";"7505.4";"7587.9";"2019.08.15 16:30:00";"2019.08.16 12:07:00";"30.0";"2291.88";"7422.89990";"7587.89990";"-52018.22";"0.00";"IST";"PT";"19h 37m";"-183.12"
"539";"USTEC_ICM_UTC2";"Buy";"7598.1";"7609.9";"2019.08.16 18:30:00";"2019.08.16 22:55:00";"30.0";"354.00";"7515.60010";"7680.60010";"-51664.22";"0.00";"IST";"End Of Friday (Time)";"4h 25m";"-0.00"
"540";"USTEC_ICM_UTC2";"Buy";"7700.3";"7617.8";"2019.08.20 17:45:00";"2019.08.23 18:02:00";"30.0";"-3024.36";"7617.79980";"7782.79980";"-54688.58";"0.00";"IST";"SL";"3d 0h 17m";"-549.36"
"541";"USTEC_ICM_UTC2";"Buy";"7570.4";"7487.9";"2019.08.23 18:15:00";"2019.08.23 20:22:00";"30.0";"-2475.00";"7487.89990";"7652.89990";"-57163.58";"0.00";"IST";"SL";"2h 7m";"-0.00"
"542";"USTEC_ICM_UTC2";"Buy";"7537.7";"7620.2";"2019.08.26 18:45:00";"2019.08.27 15:27:00";"30.0";"2291.88";"7455.20020";"7620.20020";"-54871.70";"0.00";"IST";"PT";"20h 42m";"-183.12"
"543";"USTEC_ICM_UTC2";"Buy";"7569.7";"7652.2";"2019.08.27 19:15:00";"2019.08.29 10:14:00";"30.0";"2108.76";"7487.20020";"7652.20020";"-52762.94";"0.00";"IST";"PT";"1d 14h 59m";"-366.24"
"544";"USTEC_ICM_UTC2";"Buy";"7696.1";"7675.8";"2019.08.30 18:00:00";"2019.08.30 22:55:00";"30.0";"-609.00";"7613.60010";"7778.60010";"-53371.94";"0.00";"IST";"End Of Friday (Time)";"4h 55m";"-0.00"
"545";"USTEC_ICM_UTC2";"Buy";"7624.1";"7706.6";"2019.09.02 19:00:00";"2019.09.04 09:16:00";"30.0";"2108.76";"7541.60010";"7706.60010";"-51263.18";"0.00";"IST";"PT";"1d 14h 16m";"-366.24"
"546";"USTEC_ICM_UTC2";"Buy";"7862.9";"7852.9";"2019.09.05 17:45:00";"2019.09.06 22:55:00";"30.0";"-483.12";"7780.39990";"7945.39990";"-51746.30";"0.00";"IST";"End Of Friday (Time)";"1d 5h 10m";"-183.12"
"547";"USTEC_ICM_UTC2";"Buy";"7868.8";"7786.3";"2019.09.09 18:30:00";"2019.09.10 10:46:00";"30.0";"-2658.12";"7786.29980";"7951.29980";"-54404.42";"0.00";"IST";"SL";"16h 16m";"-183.12"
"548";"USTEC_ICM_UTC2";"Buy";"7760.1";"7842.6";"2019.09.10 18:00:00";"2019.09.11 16:40:00";"30.0";"2291.88";"7677.60010";"7842.60010";"-52112.54";"0.00";"IST";"PT";"22h 40m";"-183.12"
"549";"USTEC_ICM_UTC2";"Buy";"7957.5";"7895.0";"2019.09.12 17:45:00";"2019.09.13 22:55:00";"30.0";"-2058.12";"7875.00000";"8040.00000";"-54170.66";"0.00";"IST";"End Of Friday (Time)";"1d 5h 10m";"-183.12"
"550";"USTEC_ICM_UTC2";"Buy";"7851.6";"7934.1";"2019.09.16 17:30:00";"2019.09.19 16:37:00";"30.0";"1925.64";"7769.10010";"7934.10010";"-52245.02";"0.00";"IST";"PT";"2d 23h 7m";"-549.36"
"551";"USTEC_ICM_UTC2";"Buy";"7901.2";"7818.7";"2019.09.19 20:15:00";"2019.09.20 20:14:00";"30.0";"-2658.12";"7818.70020";"7983.70020";"-54903.14";"0.00";"IST";"SL";"23h 59m";"-183.12"
"552";"USTEC_ICM_UTC2";"Buy";"7813.3";"7829.9";"2019.09.20 20:15:00";"2019.09.20 22:55:00";"30.0";"498.00";"7730.79980";"7895.79980";"-54405.14";"0.00";"IST";"End Of Friday (Time)";"2h 40m";"-0.00"
"553";"USTEC_ICM_UTC2";"Buy";"7793.1";"7875.6";"2019.09.23 17:15:00";"2019.09.24 02:01:00";"30.0";"2291.88";"7710.60010";"7875.60010";"-52113.26";"0.00";"IST";"PT";"8h 46m";"-183.12"
"554";"USTEC_ICM_UTC2";"Buy";"7849.4";"7766.9";"2019.09.24 17:15:00";"2019.09.24 18:44:00";"30.0";"-2475.00";"7766.89990";"7931.89990";"-54588.26";"0.00";"IST";"SL";"1h 29m";"-0.00"
"555";"USTEC_ICM_UTC2";"Buy";"7734.8";"7817.3";"2019.09.25 18:45:00";"2019.09.25 22:47:00";"30.0";"2475.00";"7652.29980";"7817.29980";"-52113.26";"0.00";"IST";"PT";"4h 2m";"-0.00"
"556";"USTEC_ICM_UTC2";"Buy";"7763.9";"7681.4";"2019.09.26 17:30:00";"2019.09.27 19:58:00";"30.0";"-2658.12";"7681.39990";"7846.39990";"-54771.38";"0.00";"IST";"SL";"1d 2h 28m";"-183.12"
"557";"USTEC_ICM_UTC2";"Buy";"7710.9";"7793.4";"2019.09.30 17:45:00";"2019.10.01 04:03:00";"30.0";"2291.88";"7628.39990";"7793.39990";"-52479.50";"0.00";"IST";"PT";"10h 18m";"-183.12"
"558";"USTEC_ICM_UTC2";"Buy";"7729.4";"7646.9";"2019.10.01 18:00:00";"2019.10.02 10:22:00";"30.0";"-2658.12";"7646.89990";"7811.89990";"-55137.62";"0.00";"IST";"SL";"16h 22m";"-183.12"
"559";"USTEC_ICM_UTC2";"Buy";"7563.4";"7480.9";"2019.10.02 17:45:00";"2019.10.03 17:01:00";"30.0";"-2658.12";"7480.89990";"7645.89990";"-57795.74";"0.00";"IST";"SL";"23h 16m";"-183.12"
"560";"USTEC_ICM_UTC2";"Buy";"7539.3";"7621.8";"2019.10.03 18:00:00";"2019.10.03 19:48:00";"30.0";"2475.00";"7456.79980";"7621.79980";"-55320.74";"0.00";"IST";"PT";"1h 48m";"-0.00"
"561";"USTEC_ICM_UTC2";"Buy";"7690.6";"7754.1";"2019.10.04 17:30:00";"2019.10.04 22:55:00";"30.0";"1905.00";"7608.10010";"7773.10010";"-53415.74";"0.00";"IST";"End Of Friday (Time)";"5h 25m";"-0.00"
"562";"USTEC_ICM_UTC2";"Buy";"7760.0";"7677.5";"2019.10.07 18:30:00";"2019.10.08 13:20:00";"30.0";"-2658.12";"7677.50000";"7842.50000";"-56073.86";"0.00";"IST";"SL";"18h 50m";"-183.12"
"563";"USTEC_ICM_UTC2";"Buy";"7636.6";"7719.1";"2019.10.08 18:30:00";"2019.10.09 22:39:00";"30.0";"2291.88";"7554.10010";"7719.10010";"-53781.98";"0.00";"IST";"PT";"1d 4h 9m";"-183.12"
"564";"USTEC_ICM_UTC2";"Buy";"7744.5";"7827.0";"2019.10.10 17:45:00";"2019.10.11 11:52:00";"30.0";"2291.88";"7662.00000";"7827.00000";"-51490.10";"0.00";"IST";"PT";"18h 7m";"-183.12"
"565";"USTEC_ICM_UTC2";"Buy";"7883.2";"7853.3";"2019.10.11 21:15:00";"2019.10.11 22:55:00";"30.0";"-897.00";"7800.70020";"7965.70020";"-52387.10";"0.00";"IST";"End Of Friday (Time)";"1h 40m";"-0.00"
"566";"USTEC_ICM_UTC2";"Buy";"7841.1";"7923.6";"2019.10.14 17:30:00";"2019.10.15 17:35:00";"30.0";"2291.88";"7758.60010";"7923.60010";"-50095.22";"0.00";"IST";"PT";"1d 0h 5m";"-183.12"
"567";"USTEC_ICM_UTC2";"Buy";"7932.6";"7850.1";"2019.10.15 19:30:00";"2019.10.18 19:17:00";"30.0";"-3024.36";"7850.10010";"8015.10010";"-53119.58";"0.00";"IST";"SL";"2d 23h 47m";"-549.36"
"568";"USTEC_ICM_UTC2";"Buy";"7877.2";"7886.0";"2019.10.18 20:45:00";"2019.10.18 22:55:00";"30.0";"264.00";"7794.70020";"7959.70020";"-52855.58";"0.00";"IST";"End Of Friday (Time)";"2h 10m";"-0.00"
"569";"USTEC_ICM_UTC2";"Buy";"7921.2";"7838.0";"2019.10.21 18:45:00";"2019.10.23 01:00:00";"30.0";"-2863.44";"7838.70020";"8003.70020";"-55719.02";"0.00";"IST";"SL";"1d 6h 15m";"-366.24"
"570";"USTEC_ICM_UTC2";"Buy";"7966.5";"8022.3";"2019.10.24 19:00:00";"2019.10.25 22:55:00";"30.0";"1490.88";"7884.00000";"8049.00000";"-54228.14";"0.00";"IST";"End Of Friday (Time)";"1d 3h 55m";"-183.12"
"571";"USTEC_ICM_UTC2";"Buy";"8097.8";"8015.3";"2019.10.28 17:30:00";"2019.10.30 16:04:00";"30.0";"-2841.24";"8015.29980";"8180.29980";"-57069.38";"0.00";"IST";"SL";"1d 22h 34m";"-366.24"
"572";"USTEC_ICM_UTC2";"Buy";"8050.0";"8132.5";"2019.10.30 20:45:00";"2019.11.01 15:53:00";"30.0";"2108.76";"7967.50000";"8132.50000";"-54960.62";"0.00";"IST";"PT";"1d 19h 8m";"-366.24"
"573";"USTEC_ICM_UTC2";"Buy";"8143.7";"8226.2";"2019.11.01 16:45:00";"2019.11.04 16:41:00";"30.0";"1925.64";"8061.20020";"8226.20020";"-53034.98";"0.00";"IST";"PT";"2d 23h 56m";"-549.36"
"574";"USTEC_ICM_UTC2";"Buy";"8205.4";"8248.4";"2019.11.04 18:00:00";"2019.11.08 22:55:00";"30.0";"557.52";"8122.89990";"8287.90039";"-52477.46";"0.00";"IST";"End Of Friday (Time)";"4d 4h 55m";"-732.48"
"575";"USTEC_ICM_UTC2";"Buy";"8232.1";"8314.6";"2019.11.11 18:15:00";"2019.11.15 18:05:00";"30.0";"1742.52";"8149.60010";"8314.59961";"-50734.94";"0.00";"IST";"PT";"3d 23h 50m";"-732.48"
"576";"USTEC_ICM_UTC2";"Buy";"8308.6";"8307.9";"2019.11.15 20:15:00";"2019.11.15 22:55:00";"30.0";"-20.97";"8226.09961";"8391.09961";"-50755.91";"0.00";"IST";"End Of Friday (Time)";"2h 40m";"-0.00"
"577";"USTEC_ICM_UTC2";"Buy";"8307.4";"8224.9";"2019.11.18 16:30:00";"2019.11.20 20:16:00";"30.0";"-2841.24";"8224.90039";"8389.90039";"-53597.15";"0.00";"IST";"SL";"2d 3h 46m";"-366.24"
"578";"USTEC_ICM_UTC2";"Buy";"8267.4";"8264.7";"2019.11.20 22:00:00";"2019.11.22 22:55:00";"30.0";"-447.24";"8184.89990";"8349.90039";"-54044.39";"0.00";"IST";"End Of Friday (Time)";"2d 0h 55m";"-366.24"
"579";"USTEC_ICM_UTC2";"Buy";"8361.5";"8444.0";"2019.11.25 18:15:00";"2019.11.27 22:59:00";"30.0";"2108.76";"8279.00000";"8444.00000";"-51935.63";"0.00";"IST";"PT";"2d 4h 44m";"-366.24"
"580";"USTEC_ICM_UTC2";"Buy";"8423.6";"8341.1";"2019.11.29 16:45:00";"2019.12.02 16:59:00";"30.0";"-3024.36";"8341.09961";"8506.09961";"-54959.99";"0.00";"IST";"SL";"3d 0h 14m";"-549.36"
"581";"USTEC_ICM_UTC2";"Buy";"8280.9";"8198.4";"2019.12.02 18:15:00";"2019.12.03 16:30:00";"30.0";"-2658.12";"8198.40039";"8363.40039";"-57618.11";"0.00";"IST";"SL";"22h 15m";"-183.12"
"582";"USTEC_ICM_UTC2";"Buy";"8191.3";"8273.8";"2019.12.03 18:00:00";"2019.12.04 11:06:00";"30.0";"2291.88";"8108.79980";"8273.79980";"-55326.23";"0.00";"IST";"PT";"17h 6m";"-183.12"
"583";"USTEC_ICM_UTC2";"Buy";"8298.9";"8381.4";"2019.12.04 16:45:00";"2019.12.06 16:45:00";"30.0";"2108.76";"8216.40039";"8381.40039";"-53217.47";"0.00";"IST";"PT";"2d 0h 0m";"-366.24"
"584";"USTEC_ICM_UTC2";"Buy";"8388.4";"8396.3";"2019.12.06 18:15:00";"2019.12.06 22:55:00";"30.0";"236.97";"8305.90039";"8470.90039";"-52980.50";"0.00";"IST";"End Of Friday (Time)";"4h 40m";"-0.00"
"585";"USTEC_ICM_UTC2";"Buy";"8387.2";"8469.7";"2019.12.10 18:00:00";"2019.12.12 17:01:00";"30.0";"2108.76";"8304.70020";"8469.70020";"-50871.74";"0.00";"IST";"PT";"1d 23h 1m";"-366.24"
"586";"USTEC_ICM_UTC2";"Buy";"8465.8";"8486.2";"2019.12.12 17:45:00";"2019.12.13 22:55:00";"30.0";"428.88";"8383.29980";"8548.29980";"-50442.86";"0.00";"IST";"End Of Friday (Time)";"1d 5h 10m";"-183.12"
"587";"USTEC_ICM_UTC2";"Buy";"8570.0";"8652.5";"2019.12.17 16:45:00";"2019.12.20 14:56:00";"30.0";"1925.64";"8487.50000";"8652.50000";"-48517.22";"0.00";"IST";"PT";"2d 22h 11m";"-549.36"
"588";"USTEC_ICM_UTC2";"Buy";"8668.0";"8679.3";"2019.12.20 18:00:00";"2019.12.20 22:55:00";"30.0";"339.00";"8585.50000";"8750.50000";"-48178.22";"0.00";"IST";"End Of Friday (Time)";"4h 55m";"-0.00"
"589";"USTEC_ICM_UTC2";"Buy";"8699.6";"8782.1";"2019.12.23 17:45:00";"2019.12.27 01:25:00";"30.0";"1742.52";"8617.09961";"8782.09961";"-46435.70";"0.00";"IST";"PT";"3d 7h 40m";"-732.48"
"590";"USTEC_ICM_UTC2";"Buy";"8786.4";"8762.6";"2019.12.27 19:00:00";"2019.12.27 22:55:00";"30.0";"-714.03";"8703.90039";"8868.90039";"-47149.73";"0.00";"IST";"End Of Friday (Time)";"3h 55m";"-0.00"
"591";"USTEC_ICM_UTC2";"Buy";"8699.8";"8782.3";"2019.12.30 18:15:00";"2020.01.02 10:51:00";"30.0";"1925.64";"8617.29980";"8782.29980";"-45224.09";"0.00";"IST";"PT";"2d 16h 36m";"-549.36"
"592";"USTEC_ICM_UTC2";"Buy";"8802.3";"8884.8";"2020.01.02 17:15:00";"2020.01.03 01:10:00";"30.0";"2291.88";"8719.79980";"8884.79980";"-42932.21";"0.00";"IST";"PT";"7h 55m";"-183.12"
"593";"USTEC_ICM_UTC2";"Buy";"8808.4";"8802.9";"2020.01.03 17:15:00";"2020.01.03 22:55:00";"30.0";"-165.00";"8725.90039";"8890.90039";"-43097.21";"0.00";"IST";"End Of Friday (Time)";"5h 40m";"-0.00"
"594";"USTEC_ICM_UTC2";"Buy";"8808.1";"8725.6";"2020.01.06 19:00:00";"2020.01.08 01:40:00";"30.0";"-2841.24";"8725.59961";"8890.59961";"-45938.45";"0.00";"IST";"SL";"1d 6h 40m";"-366.24"
"595";"USTEC_ICM_UTC2";"Buy";"8867.3";"8949.8";"2020.01.08 17:30:00";"2020.01.08 22:22:00";"30.0";"2475.00";"8784.79980";"8949.79980";"-43463.45";"0.00";"IST";"PT";"4h 52m";"-0.00"
"596";"USTEC_ICM_UTC2";"Buy";"8988.9";"8966.9";"2020.01.09 18:15:00";"2020.01.10 22:55:00";"30.0";"-843.12";"8906.40039";"9071.40039";"-44306.57";"0.00";"IST";"End Of Friday (Time)";"1d 4h 40m";"-183.12"
"597";"USTEC_ICM_UTC2";"Buy";"9016.4";"9098.9";"2020.01.13 17:30:00";"2020.01.16 16:42:00";"30.0";"1925.64";"8933.90039";"9098.90039";"-42380.93";"0.00";"IST";"PT";"2d 23h 12m";"-549.36"
"598";"USTEC_ICM_UTC2";"Buy";"9091.4";"9171.5";"2020.01.16 17:30:00";"2020.01.17 22:55:00";"30.0";"2219.88";"9008.90039";"9173.90039";"-40161.05";"0.00";"IST";"End Of Friday (Time)";"1d 5h 25m";"-183.12"
"599";"USTEC_ICM_UTC2";"Buy";"9161.2";"9243.7";"2020.01.21 17:30:00";"2020.01.24 01:02:00";"30.0";"1925.64";"9078.70020";"9243.70020";"-38235.41";"0.00";"IST";"PT";"2d 7h 32m";"-549.36"
"600";"USTEC_ICM_UTC2";"Buy";"9220.2";"9137.7";"2020.01.24 18:30:00";"2020.01.24 20:49:00";"30.0";"-2475.00";"9137.70020";"9302.70020";"-40710.41";"0.00";"IST";"SL";"2h 19m";"-0.00"
"601";"USTEC_ICM_UTC2";"Buy";"8961.2";"9043.7";"2020.01.27 17:15:00";"2020.01.28 17:25:00";"30.0";"2291.88";"8878.70020";"9043.70020";"-38418.53";"0.00";"IST";"PT";"1d 0h 10m";"-183.12"
"602";"USTEC_ICM_UTC2";"Buy";"9063.4";"9145.9";"2020.01.28 18:15:00";"2020.01.29 13:59:00";"30.0";"2291.88";"8980.90039";"9145.90039";"-36126.65";"0.00";"IST";"PT";"19h 44m";"-183.12"
"603";"USTEC_ICM_UTC2";"Buy";"9086.6";"9169.1";"2020.01.30 17:15:00";"2020.01.30 23:01:00";"30.0";"2475.00";"9004.09961";"9169.09961";"-33651.65";"0.00";"IST";"PT";"5h 46m";"-0.00"
"604";"USTEC_ICM_UTC2";"Buy";"9038.5";"8998.3";"2020.01.31 19:15:00";"2020.01.31 22:55:00";"30.0";"-1206.00";"8956.00000";"9121.00000";"-34857.65";"0.00";"IST";"End Of Friday (Time)";"3h 40m";"-0.00"
"605";"USTEC_ICM_UTC2";"Buy";"9125.6";"9208.1";"2020.02.03 18:00:00";"2020.02.04 10:23:00";"30.0";"2291.88";"9043.09961";"9208.09961";"-32565.77";"0.00";"IST";"PT";"16h 23m";"-183.12"
"606";"USTEC_ICM_UTC2";"Buy";"9329.8";"9412.3";"2020.02.05 18:45:00";"2020.02.06 03:17:00";"30.0";"2291.88";"9247.29980";"9412.29980";"-30273.89";"0.00";"IST";"PT";"8h 32m";"-183.12"
"607";"USTEC_ICM_UTC2";"Buy";"9388.3";"9394.0";"2020.02.06 17:30:00";"2020.02.07 22:55:00";"30.0";"-12.12";"9305.79980";"9470.79980";"-30286.01";"0.00";"IST";"End Of Friday (Time)";"1d 5h 25m";"-183.12"
"608";"USTEC_ICM_UTC2";"Buy";"9591.5";"9509.0";"2020.02.11 18:00:00";"2020.02.11 22:09:00";"30.0";"-2475.00";"9509.00000";"9674.00000";"-32761.01";"0.00";"IST";"SL";"4h 9m";"-0.00"
"609";"USTEC_ICM_UTC2";"Buy";"9561.3";"9643.8";"2020.02.12 17:45:00";"2020.02.14 05:02:00";"30.0";"2108.76";"9478.79980";"9643.79980";"-30652.25";"0.00";"IST";"PT";"1d 11h 17m";"-366.24"
"610";"USTEC_ICM_UTC2";"Buy";"9611.2";"9618.1";"2020.02.14 16:30:00";"2020.02.14 22:55:00";"30.0";"206.97";"9528.70020";"9693.70020";"-30445.28";"0.00";"IST";"End Of Friday (Time)";"6h 25m";"-0.00"
"611";"USTEC_ICM_UTC2";"Buy";"9589.3";"9671.8";"2020.02.18 17:30:00";"2020.02.19 14:58:00";"30.0";"2291.88";"9506.79980";"9671.79980";"-28153.40";"0.00";"IST";"PT";"21h 28m";"-183.12"
"612";"USTEC_ICM_UTC2";"Buy";"9694.6";"9612.1";"2020.02.20 17:30:00";"2020.02.20 18:26:00";"30.0";"-2475.00";"9612.09961";"9777.09961";"-30628.40";"0.00";"IST";"SL";"56m 0s";"-0.00"
"613";"USTEC_ICM_UTC2";"Buy";"9477.6";"9452.1";"2020.02.21 17:45:00";"2020.02.21 22:55:00";"30.0";"-765.00";"9395.09961";"9560.09961";"-31393.40";"0.00";"IST";"End Of Friday (Time)";"5h 10m";"-0.00"
"614";"USTEC_ICM_UTC2";"Buy";"9136.6";"9054.1";"2020.02.24 17:30:00";"2020.02.24 20:09:00";"30.0";"-2475.00";"9054.09961";"9219.09961";"-33868.40";"0.00";"IST";"SL";"2h 39m";"-0.00"
"615";"USTEC_ICM_UTC2";"Buy";"9046.0";"8963.5";"2020.02.25 17:30:00";"2020.02.25 18:16:00";"30.0";"-2475.00";"8963.50000";"9128.50000";"-36343.40";"0.00";"IST";"SL";"46m 0s";"-0.00"
"616";"USTEC_ICM_UTC2";"Buy";"8978.0";"8895.5";"2020.02.26 18:15:00";"2020.02.26 19:07:00";"30.0";"-2475.00";"8895.50000";"9060.50000";"-38818.40";"0.00";"IST";"SL";"52m 0s";"-0.00"
"617";"USTEC_ICM_UTC2";"Buy";"8578.6";"8661.1";"2020.02.27 17:30:00";"2020.02.27 17:59:00";"30.0";"2475.00";"8496.09961";"8661.09961";"-36343.40";"0.00";"IST";"PT";"29m 0s";"-0.00"
"618";"USTEC_ICM_UTC2";"Buy";"8181.0";"8263.5";"2020.02.28 17:00:00";"2020.02.28 17:53:00";"30.0";"2475.00";"8098.50000";"8263.50000";"-33868.40";"0.00";"IST";"PT";"53m 0s";"-0.00"
"619";"USTEC_ICM_UTC2";"Buy";"8506.3";"8588.8";"2020.03.02 17:15:00";"2020.03.02 17:53:00";"30.0";"2475.00";"8423.79980";"8588.79980";"-31393.40";"0.00";"IST";"PT";"38m 0s";"-0.00"
"620";"USTEC_ICM_UTC2";"Buy";"8900.4";"8817.9";"2020.03.03 17:30:00";"2020.03.03 18:12:00";"30.0";"-2475.00";"8817.90039";"8982.90039";"-33868.40";"0.00";"IST";"SL";"42m 0s";"-0.00"
"621";"USTEC_ICM_UTC2";"Buy";"8760.3";"8842.8";"2020.03.04 17:45:00";"2020.03.04 20:19:00";"30.0";"2475.00";"8677.79980";"8842.79980";"-31393.40";"0.00";"IST";"PT";"2h 34m";"-0.00"
"622";"USTEC_ICM_UTC2";"Buy";"8806.6";"8724.1";"2020.03.05 18:45:00";"2020.03.05 19:39:00";"30.0";"-2475.00";"8724.09961";"8889.09961";"-33868.40";"0.00";"IST";"SL";"54m 0s";"-0.00"
"623";"USTEC_ICM_UTC2";"Buy";"8420.5";"8503.0";"2020.03.06 17:00:00";"2020.03.06 17:27:00";"30.0";"2475.00";"8338.00000";"8503.00000";"-31393.40";"0.00";"IST";"PT";"27m 0s";"-0.00"
"624";"USTEC_ICM_UTC2";"Buy";"8091.0";"8173.5";"2020.03.09 16:45:00";"2020.03.09 17:37:00";"30.0";"2475.00";"8008.50000";"8173.50000";"-28918.40";"0.00";"IST";"PT";"52m 0s";"-0.00"
"625";"USTEC_ICM_UTC2";"Buy";"8160.8";"8078.3";"2020.03.10 16:45:00";"2020.03.10 17:01:00";"30.0";"-2475.00";"8078.29980";"8243.29980";"-31393.40";"0.00";"IST";"SL";"16m 0s";"-0.00"
"626";"USTEC_ICM_UTC2";"Buy";"8141.8";"8059.3";"2020.03.11 16:30:00";"2020.03.11 18:42:00";"30.0";"-2475.00";"8059.29980";"8224.29980";"-33868.40";"0.00";"IST";"SL";"2h 12m";"-0.00"
"627";"USTEC_ICM_UTC2";"Buy";"7478.0";"7395.5";"2020.03.12 17:15:00";"2020.03.12 17:50:00";"30.0";"-2475.00";"7395.50000";"7560.50000";"-36343.40";"0.00";"IST";"SL";"35m 0s";"-0.00"
"628";"USTEC_ICM_UTC2";"Buy";"7521.6";"7439.1";"2020.03.13 16:45:00";"2020.03.13 17:27:00";"30.0";"-2475.00";"7439.10010";"7604.10010";"-38818.40";"0.00";"IST";"SL";"42m 0s";"-0.00"
"629";"USTEC_ICM_UTC2";"Buy";"7461.9";"7379.4";"2020.03.16 17:45:00";"2020.03.16 18:51:00";"30.0";"-2475.00";"7379.39990";"7544.39990";"-41293.40";"0.00";"IST";"SL";"1h 6m";"-0.00"
"630";"USTEC_ICM_UTC2";"Buy";"7351.8";"7434.3";"2020.03.17 17:45:00";"2020.03.17 18:00:00";"30.0";"2475.00";"7269.29980";"7434.29980";"-38818.40";"0.00";"IST";"PT";"15m 0s";"-0.00"
"631";"USTEC_ICM_UTC2";"Buy";"7286.5";"7204.0";"2020.03.18 16:30:00";"2020.03.18 16:52:00";"30.0";"-2475.00";"7204.00000";"7369.00000";"-41293.40";"0.00";"IST";"SL";"22m 0s";"-0.00"
"632";"USTEC_ICM_UTC2";"Buy";"7270.8";"7353.3";"2020.03.19 16:45:00";"2020.03.19 17:21:00";"30.0";"2475.00";"7188.29980";"7353.29980";"-38818.40";"0.00";"IST";"PT";"36m 0s";"-0.00"
"633";"USTEC_ICM_UTC2";"Buy";"7255.8";"7173.3";"2020.03.20 19:30:00";"2020.03.20 20:26:00";"30.0";"-2475.00";"7173.29980";"7338.29980";"-41293.40";"0.00";"IST";"SL";"56m 0s";"-0.00"
"634";"USTEC_ICM_UTC2";"Buy";"7029.6";"6947.1";"2020.03.23 16:45:00";"2020.03.23 16:55:00";"30.0";"-2475.00";"6947.10010";"7112.10010";"-43768.40";"0.00";"IST";"SL";"10m 0s";"-0.00"
"635";"USTEC_ICM_UTC2";"Buy";"7517.3";"7599.8";"2020.03.25 17:30:00";"2020.03.25 18:22:00";"30.0";"2475.00";"7434.79980";"7599.79980";"-41293.40";"0.00";"IST";"PT";"52m 0s";"-0.00"
"636";"USTEC_ICM_UTC2";"Buy";"7692.0";"7774.5";"2020.03.26 17:00:00";"2020.03.26 18:52:00";"30.0";"2475.00";"7609.50000";"7774.50000";"-38818.40";"0.00";"IST";"PT";"1h 52m";"-0.00"
"637";"USTEC_ICM_UTC2";"Buy";"7626.1";"7708.6";"2020.03.27 16:30:00";"2020.03.27 17:17:00";"30.0";"2475.00";"7543.60010";"7708.60010";"-36343.40";"0.00";"IST";"PT";"47m 0s";"-0.00"
"638";"USTEC_ICM_UTC2";"Buy";"7954.3";"7871.8";"2020.03.31 18:00:00";"2020.03.31 19:28:00";"30.0";"-2475.00";"7871.79980";"8036.79980";"-38818.40";"0.00";"IST";"SL";"1h 28m";"-0.00"
"639";"USTEC_ICM_UTC2";"Buy";"7487.8";"7570.3";"2020.04.02 17:00:00";"2020.04.02 17:31:00";"30.0";"2475.00";"7405.29980";"7570.29980";"-36343.40";"0.00";"IST";"PT";"31m 0s";"-0.00"
"640";"USTEC_ICM_UTC2";"Buy";"7585.7";"7503.2";"2020.04.03 17:30:00";"2020.04.03 19:12:00";"30.0";"-2475.00";"7503.20020";"7668.20020";"-38818.40";"0.00";"IST";"SL";"1h 42m";"-0.00"
"641";"USTEC_ICM_UTC2";"Buy";"7865.7";"7948.2";"2020.04.06 18:00:00";"2020.04.06 20:00:00";"30.0";"2475.00";"7783.20020";"7948.20020";"-36343.40";"0.00";"IST";"PT";"2h 0m";"-0.00"
"642";"USTEC_ICM_UTC2";"Buy";"8234.9";"8152.4";"2020.04.07 19:45:00";"2020.04.07 21:05:00";"30.0";"-2475.00";"8152.39990";"8317.40039";"-38818.40";"0.00";"IST";"SL";"1h 20m";"-0.00"
"643";"USTEC_ICM_UTC2";"Buy";"8334.9";"8252.4";"2020.04.09 16:45:00";"2020.04.09 17:08:00";"30.0";"-2475.00";"8252.40039";"8417.40039";"-41293.40";"0.00";"IST";"SL";"23m 0s";"-0.00"
"644";"USTEC_ICM_UTC2";"Buy";"8194.4";"8276.9";"2020.04.13 17:30:00";"2020.04.13 22:18:00";"30.0";"2475.00";"8111.89990";"8276.90039";"-38818.40";"0.00";"IST";"PT";"4h 48m";"-0.00"
"645";"USTEC_ICM_UTC2";"Buy";"8560.6";"8643.1";"2020.04.15 18:30:00";"2020.04.15 21:42:00";"30.0";"2475.00";"8478.09961";"8643.09961";"-36343.40";"0.00";"IST";"PT";"3h 12m";"-0.00"
"646";"USTEC_ICM_UTC2";"Buy";"8727.0";"8644.5";"2020.04.16 19:15:00";"2020.04.16 19:32:00";"30.0";"-2475.00";"8644.50000";"8809.50000";"-38818.40";"0.00";"IST";"SL";"17m 0s";"-0.00"
"647";"USTEC_ICM_UTC2";"Buy";"8805.6";"8723.1";"2020.04.17 17:30:00";"2020.04.17 21:31:00";"30.0";"-2475.00";"8723.09961";"8888.09961";"-41293.40";"0.00";"IST";"SL";"4h 1m";"-0.00"
"648";"USTEC_ICM_UTC2";"Buy";"8827.1";"8744.6";"2020.04.20 19:15:00";"2020.04.20 21:59:00";"30.0";"-2475.00";"8744.59961";"8909.59961";"-43768.40";"0.00";"IST";"SL";"2h 44m";"-0.00"
"649";"USTEC_ICM_UTC2";"Buy";"8548.9";"8466.4";"2020.04.21 17:30:00";"2020.04.21 17:49:00";"30.0";"-2475.00";"8466.40039";"8631.40039";"-46243.40";"0.00";"IST";"SL";"19m 0s";"-0.00"
"650";"USTEC_ICM_UTC2";"Buy";"8587.8";"8670.3";"2020.04.22 18:00:00";"2020.04.22 21:21:00";"30.0";"2475.00";"8505.29980";"8670.29980";"-43768.40";"0.00";"IST";"PT";"3h 21m";"-0.00"
"651";"USTEC_ICM_UTC2";"Buy";"8687.4";"8769.9";"2020.04.23 16:30:00";"2020.04.23 17:30:00";"30.0";"2475.00";"8604.90039";"8769.90039";"-41293.40";"0.00";"IST";"PT";"1h 0m";"-0.00"
"652";"USTEC_ICM_UTC2";"Buy";"8634.8";"8717.3";"2020.04.24 18:15:00";"2020.04.24 20:53:00";"30.0";"2475.00";"8552.29980";"8717.29980";"-38818.40";"0.00";"IST";"PT";"2h 38m";"-0.00"
"653";"USTEC_ICM_UTC2";"Buy";"8861.7";"8944.2";"2020.04.27 17:30:00";"2020.04.28 12:50:00";"30.0";"2291.88";"8779.20020";"8944.20020";"-36526.52";"0.00";"IST";"PT";"19h 20m";"-183.12"
"654";"USTEC_ICM_UTC2";"Buy";"8730.9";"8813.4";"2020.04.28 19:00:00";"2020.04.29 04:08:00";"30.0";"2291.88";"8648.40039";"8813.40039";"-34234.64";"0.00";"IST";"PT";"9h 8m";"-183.12"
"655";"USTEC_ICM_UTC2";"Buy";"8873.0";"8955.5";"2020.04.29 16:30:00";"2020.04.29 19:11:00";"30.0";"2475.00";"8790.50000";"8955.50000";"-31759.64";"0.00";"IST";"PT";"2h 41m";"-0.00"
"656";"USTEC_ICM_UTC2";"Buy";"8979.4";"8896.9";"2020.04.30 16:45:00";"2020.04.30 23:05:00";"30.0";"-2475.00";"8896.90039";"9061.90039";"-34234.64";"0.00";"IST";"SL";"6h 20m";"-0.00"
"657";"USTEC_ICM_UTC2";"Buy";"8842.6";"8760.1";"2020.05.01 17:30:00";"2020.05.01 18:48:00";"30.0";"-2475.00";"8760.09961";"8925.09961";"-36709.64";"0.00";"IST";"SL";"1h 18m";"-0.00"
"658";"USTEC_ICM_UTC2";"Buy";"8766.1";"8848.6";"2020.05.04 17:45:00";"2020.05.05 03:04:00";"30.0";"2291.88";"8683.59961";"8848.59961";"-34417.76";"0.00";"IST";"PT";"9h 19m";"-183.12"
"659";"USTEC_ICM_UTC2";"Buy";"8958.3";"9040.8";"2020.05.05 17:30:00";"2020.05.06 17:45:00";"30.0";"2291.88";"8875.79980";"9040.79980";"-32125.88";"0.00";"IST";"PT";"1d 0h 15m";"-183.12"
"660";"USTEC_ICM_UTC2";"Buy";"9033.8";"8951.3";"2020.05.06 18:15:00";"2020.05.07 01:25:00";"30.0";"-2658.12";"8951.29980";"9116.29980";"-34784.00";"0.00";"IST";"SL";"7h 10m";"-183.12"
"661";"USTEC_ICM_UTC2";"Buy";"9058.7";"9141.2";"2020.05.07 18:00:00";"2020.05.08 02:00:00";"30.0";"2291.88";"8976.20020";"9141.20020";"-32492.12";"0.00";"IST";"PT";"8h 0m";"-183.12"
"662";"USTEC_ICM_UTC2";"Buy";"9182.4";"9221.3";"2020.05.08 18:00:00";"2020.05.08 22:55:00";"30.0";"1166.97";"9099.90039";"9264.90039";"-31325.15";"0.00";"IST";"End Of Friday (Time)";"4h 55m";"-0.00"
"663";"USTEC_ICM_UTC2";"Buy";"9245.8";"9328.3";"2020.05.11 17:45:00";"2020.05.11 20:38:00";"30.0";"2475.00";"9163.29980";"9328.29980";"-28850.15";"0.00";"IST";"PT";"2h 53m";"-0.00"
"664";"USTEC_ICM_UTC2";"Buy";"9274.7";"9192.2";"2020.05.12 21:15:00";"2020.05.12 22:38:00";"30.0";"-2475.00";"9192.20020";"9357.20020";"-31325.15";"0.00";"IST";"SL";"1h 23m";"-0.00"
"665";"USTEC_ICM_UTC2";"Buy";"9124.3";"9041.8";"2020.05.13 18:00:00";"2020.05.13 18:43:00";"30.0";"-2475.00";"9041.79980";"9206.79980";"-33800.15";"0.00";"IST";"SL";"43m 0s";"-0.00"
"666";"USTEC_ICM_UTC2";"Buy";"8933.4";"9015.9";"2020.05.14 18:45:00";"2020.05.14 20:31:00";"30.0";"2475.00";"8850.90039";"9015.90039";"-31325.15";"0.00";"IST";"PT";"1h 46m";"-0.00"
"667";"USTEC_ICM_UTC2";"Buy";"9015.9";"9098.4";"2020.05.15 17:45:00";"2020.05.15 20:11:00";"30.0";"2475.00";"8933.40039";"9098.40039";"-28850.15";"0.00";"IST";"PT";"2h 26m";"-0.00"
"668";"USTEC_ICM_UTC2";"Buy";"9389.5";"9307.0";"2020.05.19 17:30:00";"2020.05.19 22:59:00";"30.0";"-2475.00";"9307.00000";"9472.00000";"-31325.15";"0.00";"IST";"SL";"5h 29m";"-0.00"
"669";"USTEC_ICM_UTC2";"Buy";"9459.7";"9377.2";"2020.05.20 17:30:00";"2020.05.21 18:17:00";"30.0";"-2658.12";"9377.20020";"9542.20020";"-33983.27";"0.00";"IST";"SL";"1d 0h 47m";"-183.12"
"670";"USTEC_ICM_UTC2";"Buy";"9416.1";"9333.6";"2020.05.21 19:45:00";"2020.05.22 05:13:00";"30.0";"-2658.12";"9333.59961";"9498.59961";"-36641.39";"0.00";"IST";"SL";"9h 28m";"-183.12"
"671";"USTEC_ICM_UTC2";"Buy";"9381.4";"9406.7";"2020.05.22 17:30:00";"2020.05.22 22:55:00";"30.0";"759.00";"9298.90039";"9463.90039";"-35882.39";"0.00";"IST";"End Of Friday (Time)";"5h 25m";"-0.00"
"672";"USTEC_ICM_UTC2";"Buy";"9488.7";"9406.2";"2020.05.26 17:45:00";"2020.05.26 22:34:00";"30.0";"-2475.00";"9406.20020";"9571.20020";"-38357.39";"0.00";"IST";"SL";"4h 49m";"-0.00"
"673";"USTEC_ICM_UTC2";"Buy";"9228.1";"9310.6";"2020.05.27 17:45:00";"2020.05.27 19:08:00";"30.0";"2475.00";"9145.59961";"9310.59961";"-35882.39";"0.00";"IST";"PT";"1h 23m";"-0.00"
"674";"USTEC_ICM_UTC2";"Buy";"9489.4";"9406.9";"2020.05.28 18:15:00";"2020.05.28 22:50:00";"30.0";"-2475.00";"9406.90039";"9571.90039";"-38357.39";"0.00";"IST";"SL";"4h 35m";"-0.00"
"675";"USTEC_ICM_UTC2";"Buy";"9414.2";"9496.7";"2020.05.29 18:00:00";"2020.05.29 21:59:00";"30.0";"2475.00";"9331.70020";"9496.70020";"-35882.39";"0.00";"IST";"PT";"3h 59m";"-0.00"
"676";"USTEC_ICM_UTC2";"Buy";"9570.2";"9652.7";"2020.06.02 17:45:00";"2020.06.02 22:57:00";"30.0";"2475.00";"9487.70020";"9652.70020";"-33407.39";"0.00";"IST";"PT";"5h 12m";"-0.00"
"677";"USTEC_ICM_UTC2";"Buy";"9675.4";"9592.9";"2020.06.03 17:15:00";"2020.06.04 22:07:00";"30.0";"-2658.12";"9592.90039";"9757.90039";"-36065.51";"0.00";"IST";"SL";"1d 4h 52m";"-183.12"
"678";"USTEC_ICM_UTC2";"Buy";"9765.0";"9811.6";"2020.06.05 17:15:00";"2020.06.05 22:55:00";"30.0";"1398.00";"9682.50000";"9847.50000";"-34667.51";"0.00";"IST";"End Of Friday (Time)";"5h 40m";"-0.00"
"679";"USTEC_ICM_UTC2";"Buy";"9880.4";"9962.9";"2020.06.09 17:15:00";"2020.06.09 17:58:00";"30.0";"2475.00";"9797.90039";"9962.90039";"-32192.51";"0.00";"IST";"PT";"43m 0s";"-0.00"
"680";"USTEC_ICM_UTC2";"Buy";"10039.1";"10121.6";"2020.06.10 17:30:00";"2020.06.10 21:15:00";"30.0";"2475.00";"9956.59961";"10121.59961";"-29717.51";"0.00";"IST";"PT";"3h 45m";"-0.00"
"681";"USTEC_ICM_UTC2";"Buy";"9895.9";"9813.4";"2020.06.11 18:00:00";"2020.06.11 19:17:00";"30.0";"-2475.00";"9813.40039";"9978.40039";"-32192.51";"0.00";"IST";"SL";"1h 17m";"-0.00"
"682";"USTEC_ICM_UTC2";"Buy";"9775.9";"9693.4";"2020.06.12 17:15:00";"2020.06.12 17:52:00";"30.0";"-2475.00";"9693.40039";"9858.40039";"-34667.51";"0.00";"IST";"SL";"37m 0s";"-0.00"
"683";"USTEC_ICM_UTC2";"Buy";"9583.6";"9666.1";"2020.06.15 17:45:00";"2020.06.15 19:07:00";"30.0";"2475.00";"9501.09961";"9666.09961";"-32192.51";"0.00";"IST";"PT";"1h 22m";"-0.00"
"684";"USTEC_ICM_UTC2";"Buy";"9997.7";"9915.2";"2020.06.16 17:30:00";"2020.06.16 17:52:00";"30.0";"-2475.00";"9915.20020";"10080.20020";"-34667.51";"0.00";"IST";"SL";"22m 0s";"-0.00"
"685";"USTEC_ICM_UTC2";"Buy";"10001.3";"9918.8";"2020.06.17 18:30:00";"2020.06.18 04:22:00";"30.0";"-2658.12";"9918.79980";"10083.79980";"-37325.63";"0.00";"IST";"SL";"9h 52m";"-183.12"
"686";"USTEC_ICM_UTC2";"Buy";"9966.7";"10049.2";"2020.06.18 17:30:00";"2020.06.19 09:15:00";"30.0";"2291.88";"9884.20020";"10049.20020";"-35033.75";"0.00";"IST";"PT";"15h 45m";"-183.12"
"687";"USTEC_ICM_UTC2";"Buy";"10115.7";"10033.2";"2020.06.19 17:15:00";"2020.06.19 19:13:00";"30.0";"-2475.00";"10033.20020";"10198.20020";"-37508.75";"0.00";"IST";"SL";"1h 58m";"-0.00"
"688";"USTEC_ICM_UTC2";"Buy";"10056.9";"10139.4";"2020.06.22 17:45:00";"2020.06.22 23:08:00";"30.0";"2475.00";"9974.40039";"10139.40039";"-35033.75";"0.00";"IST";"PT";"5h 23m";"-0.00"
"689";"USTEC_ICM_UTC2";"Buy";"10226.9";"10144.4";"2020.06.23 18:00:00";"2020.06.24 11:15:00";"30.0";"-2658.12";"10144.40039";"10309.40039";"-37691.87";"0.00";"IST";"SL";"17h 15m";"-183.12"
"690";"USTEC_ICM_UTC2";"Buy";"10098.8";"10016.3";"2020.06.24 17:45:00";"2020.06.24 18:15:00";"30.0";"-2475.00";"10016.29980";"10181.29980";"-40166.87";"0.00";"IST";"SL";"30m 0s";"-0.00"
"691";"USTEC_ICM_UTC2";"Buy";"10004.3";"10086.8";"2020.06.25 18:00:00";"2020.06.25 22:33:00";"30.0";"2475.00";"9921.79980";"10086.79980";"-37691.87";"0.00";"IST";"PT";"4h 33m";"-0.00"
"692";"USTEC_ICM_UTC2";"Buy";"9930.2";"9847.7";"2020.06.26 19:15:00";"2020.06.26 22:54:00";"30.0";"-2475.00";"9847.70020";"10012.70020";"-40166.87";"0.00";"IST";"SL";"3h 39m";"-0.00"
"693";"USTEC_ICM_UTC2";"Buy";"9850.4";"9932.9";"2020.06.29 18:15:00";"2020.06.29 19:19:00";"30.0";"2475.00";"9767.90039";"9932.90039";"-37691.87";"0.00";"IST";"PT";"1h 4m";"-0.00"
"694";"USTEC_ICM_UTC2";"Buy";"10233.0";"10315.5";"2020.07.01 18:00:00";"2020.07.01 22:33:00";"30.0";"2475.00";"10150.50000";"10315.50000";"-35216.87";"0.00";"IST";"PT";"4h 33m";"-0.00"
"695";"USTEC_ICM_UTC2";"Buy";"10379.9";"10462.4";"2020.07.02 16:30:00";"2020.07.06 04:32:00";"30.0";"1742.52";"10297.40039";"10462.40039";"-33474.35";"0.00";"IST";"PT";"3d 12h 2m";"-732.48"
"696";"USTEC_ICM_UTC2";"Buy";"10602.1";"10684.6";"2020.07.06 19:00:00";"2020.07.07 18:05:00";"30.0";"2291.88";"10519.59961";"10684.59961";"-31182.47";"0.00";"IST";"PT";"23h 5m";"-183.12"
"697";"USTEC_ICM_UTC2";"Buy";"10676.9";"10594.4";"2020.07.07 18:45:00";"2020.07.07 21:30:00";"30.0";"-2475.00";"10594.40039";"10759.40039";"-33657.47";"0.00";"IST";"SL";"2h 45m";"-0.00"
"698";"USTEC_ICM_UTC2";"Buy";"10614.9";"10532.4";"2020.07.08 17:30:00";"2020.07.08 18:22:00";"30.0";"-2475.00";"10532.40039";"10697.40039";"-36132.47";"0.00";"IST";"SL";"52m 0s";"-0.00"
"699";"USTEC_ICM_UTC2";"Buy";"10724.8";"10642.3";"2020.07.09 17:30:00";"2020.07.09 17:50:00";"30.0";"-2475.00";"10642.29980";"10807.29980";"-38607.47";"0.00";"IST";"SL";"20m 0s";"-0.00"
"700";"USTEC_ICM_UTC2";"Buy";"10729.4";"10811.9";"2020.07.10 18:00:00";"2020.07.10 22:16:00";"30.0";"2475.00";"10646.90039";"10811.90039";"-36132.47";"0.00";"IST";"PT";"4h 16m";"-0.00"
"701";"USTEC_ICM_UTC2";"Buy";"11047.1";"10964.6";"2020.07.13 19:00:00";"2020.07.13 20:57:00";"30.0";"-2475.00";"10964.59961";"11129.59961";"-38607.47";"0.00";"IST";"SL";"1h 57m";"-0.00"
"702";"USTEC_ICM_UTC2";"Buy";"10487.5";"10405.0";"2020.07.14 17:00:00";"2020.07.14 17:11:00";"30.0";"-2475.00";"10405.00000";"10570.00000";"-41082.47";"0.00";"IST";"SL";"11m 0s";"-0.00"
"703";"USTEC_ICM_UTC2";"Buy";"10717.1";"10634.6";"2020.07.15 18:00:00";"2020.07.15 18:08:00";"30.0";"-2475.00";"10634.59961";"10799.59961";"-43557.47";"0.00";"IST";"SL";"8m 0s";"-0.00"
"704";"USTEC_ICM_UTC2";"Buy";"10594.0";"10511.5";"2020.07.16 16:45:00";"2020.07.16 18:02:00";"30.0";"-2475.00";"10511.50000";"10676.50000";"-46032.47";"0.00";"IST";"SL";"1h 17m";"-0.00"
"705";"USTEC_ICM_UTC2";"Buy";"10568.6";"10651.1";"2020.07.17 17:30:00";"2020.07.17 21:12:00";"30.0";"2475.00";"10486.09961";"10651.09961";"-43557.47";"0.00";"IST";"PT";"3h 42m";"-0.00"
"706";"USTEC_ICM_UTC2";"Buy";"10769.3";"10851.8";"2020.07.20 18:00:00";"2020.07.20 20:24:00";"30.0";"2475.00";"10686.79980";"10851.79980";"-41082.47";"0.00";"IST";"PT";"2h 24m";"-0.00"
"707";"USTEC_ICM_UTC2";"Buy";"10899.1";"10816.6";"2020.07.21 18:15:00";"2020.07.21 22:36:00";"30.0";"-2475.00";"10816.59961";"10981.59961";"-43557.47";"0.00";"IST";"SL";"4h 21m";"-0.00"
"708";"USTEC_ICM_UTC2";"Buy";"10859.8";"10777.3";"2020.07.22 17:30:00";"2020.07.22 18:14:00";"30.0";"-2475.00";"10777.29980";"10942.29980";"-46032.47";"0.00";"IST";"SL";"44m 0s";"-0.00"
"709";"USTEC_ICM_UTC2";"Buy";"10804.1";"10721.6";"2020.07.23 17:15:00";"2020.07.23 19:26:00";"30.0";"-2475.00";"10721.59961";"10886.59961";"-48507.47";"0.00";"IST";"SL";"2h 11m";"-0.00"
"710";"USTEC_ICM_UTC2";"Buy";"10444.6";"10527.1";"2020.07.24 17:45:00";"2020.07.24 18:25:00";"30.0";"2475.00";"10362.09961";"10527.09961";"-46032.47";"0.00";"IST";"PT";"40m 0s";"-0.00"
"711";"USTEC_ICM_UTC2";"Buy";"10578.6";"10661.1";"2020.07.27 18:15:00";"2020.07.27 21:35:00";"30.0";"2475.00";"10496.09961";"10661.09961";"-43557.47";"0.00";"IST";"PT";"3h 20m";"-0.00"
"712";"USTEC_ICM_UTC2";"Buy";"10639.4";"10556.9";"2020.07.28 18:15:00";"2020.07.28 22:34:00";"30.0";"-2475.00";"10556.90039";"10721.90039";"-46032.47";"0.00";"IST";"SL";"4h 19m";"-0.00"
"713";"USTEC_ICM_UTC2";"Buy";"10646.2";"10563.7";"2020.07.29 18:15:00";"2020.07.30 10:33:00";"30.0";"-2658.12";"10563.70020";"10728.70020";"-48690.59";"0.00";"IST";"SL";"16h 18m";"-183.12"
"714";"USTEC_ICM_UTC2";"Buy";"10555.0";"10637.5";"2020.07.30 17:00:00";"2020.07.30 18:22:00";"30.0";"2475.00";"10472.50000";"10637.50000";"-46215.59";"0.00";"IST";"PT";"1h 22m";"-0.00"
"715";"USTEC_ICM_UTC2";"Buy";"10821.8";"10739.3";"2020.07.31 18:45:00";"2020.07.31 19:35:00";"30.0";"-2475.00";"10739.29980";"10904.29980";"-48690.59";"0.00";"IST";"SL";"50m 0s";"-0.00"
"716";"USTEC_ICM_UTC2";"Buy";"11036.3";"11118.8";"2020.08.03 17:30:00";"2020.08.05 09:05:00";"30.0";"2108.76";"10953.79980";"11118.79980";"-46581.83";"0.00";"IST";"PT";"1d 15h 35m";"-366.24"
"717";"USTEC_ICM_UTC2";"Buy";"11131.6";"11214.1";"2020.08.05 17:30:00";"2020.08.06 21:01:00";"30.0";"2291.88";"11049.09961";"11214.09961";"-44289.95";"0.00";"IST";"PT";"1d 3h 31m";"-183.12"
"718";"USTEC_ICM_UTC2";"Buy";"11256.7";"11174.2";"2020.08.06 22:45:00";"2020.08.07 19:00:00";"30.0";"-2658.12";"11174.20020";"11339.20020";"-46948.07";"0.00";"IST";"SL";"20h 15m";"-183.12"
"719";"USTEC_ICM_UTC2";"Buy";"11083.7";"11133.9";"2020.08.07 21:00:00";"2020.08.07 22:55:00";"30.0";"1506.00";"11001.20020";"11166.20020";"-45442.07";"0.00";"IST";"End Of Friday (Time)";"1h 55m";"-0.00"
"720";"USTEC_ICM_UTC2";"Buy";"11023.0";"11105.5";"2020.08.10 19:30:00";"2020.08.10 20:09:00";"30.0";"2475.00";"10940.50000";"11105.50000";"-42967.07";"0.00";"IST";"PT";"39m 0s";"-0.00"
"721";"USTEC_ICM_UTC2";"Buy";"11022.7";"10940.2";"2020.08.11 16:45:00";"2020.08.11 22:17:00";"30.0";"-2475.00";"10940.20020";"11105.20020";"-45442.07";"0.00";"IST";"SL";"5h 32m";"-0.00"
"722";"USTEC_ICM_UTC2";"Buy";"11233.0";"11150.5";"2020.08.13 17:30:00";"2020.08.13 21:23:00";"30.0";"-2475.00";"11150.50000";"11315.50000";"-47917.07";"0.00";"IST";"SL";"3h 53m";"-0.00"
"723";"USTEC_ICM_UTC2";"Buy";"11140.0";"11166.2";"2020.08.14 18:15:00";"2020.08.14 22:55:00";"30.0";"786.00";"11057.50000";"11222.50000";"-47131.07";"0.00";"IST";"End Of Friday (Time)";"4h 40m";"-0.00"
"724";"USTEC_ICM_UTC2";"Buy";"11265.2";"11347.7";"2020.08.17 17:30:00";"2020.08.18 15:30:00";"30.0";"2291.88";"11182.70020";"11347.70020";"-44839.20";"0.00";"IST";"PT";"22h 0m";"-183.12"
"725";"USTEC_ICM_UTC2";"Buy";"11361.9";"11279.4";"2020.08.18 19:00:00";"2020.08.20 04:14:00";"30.0";"-2841.24";"11279.40039";"11444.40039";"-47680.43";"0.00";"IST";"SL";"1d 9h 14m";"-366.24"
"726";"USTEC_ICM_UTC2";"Buy";"11368.8";"11451.3";"2020.08.20 17:30:00";"2020.08.20 21:23:00";"30.0";"2475.00";"11286.29980";"11451.29980";"-45205.43";"0.00";"IST";"PT";"3h 53m";"-0.00"
"727";"USTEC_ICM_UTC2";"Buy";"11479.8";"11562.3";"2020.08.21 17:15:00";"2020.08.21 21:56:00";"30.0";"2475.00";"11397.29980";"11562.29980";"-42730.43";"0.00";"IST";"PT";"4h 41m";"-0.00"
"728";"USTEC_ICM_UTC2";"Buy";"11615.1";"11697.6";"2020.08.24 17:45:00";"2020.08.25 21:35:00";"30.0";"2291.88";"11532.59961";"11697.59961";"-40438.55";"0.00";"IST";"PT";"1d 3h 50m";"-183.12"
"729";"USTEC_ICM_UTC2";"Buy";"11908.0";"11990.5";"2020.08.26 19:45:00";"2020.08.26 23:12:00";"30.0";"2475.00";"11825.50000";"11990.50000";"-37963.55";"0.00";"IST";"PT";"3h 27m";"-0.00"
"730";"USTEC_ICM_UTC2";"Buy";"11937.8";"12020.3";"2020.08.27 17:15:00";"2020.08.27 18:01:00";"30.0";"2475.00";"11855.29980";"12020.29980";"-35488.55";"0.00";"IST";"PT";"46m 0s";"-0.00"
"731";"USTEC_ICM_UTC2";"Buy";"12008.4";"11988.1";"2020.08.28 17:30:00";"2020.08.28 22:55:00";"30.0";"-609.03";"11925.90039";"12090.90039";"-36097.58";"0.00";"IST";"End Of Friday (Time)";"5h 25m";"-0.00"
"732";"USTEC_ICM_UTC2";"Buy";"12052.2";"12134.7";"2020.08.31 18:30:00";"2020.08.31 20:31:00";"30.0";"2475.00";"11969.70020";"12134.70020";"-33622.58";"0.00";"IST";"PT";"2h 1m";"-0.00"
"733";"USTEC_ICM_UTC2";"Buy";"12182.7";"12265.2";"2020.09.01 16:45:00";"2020.09.01 17:27:00";"30.0";"2475.00";"12100.20020";"12265.20020";"-31147.58";"0.00";"IST";"PT";"42m 0s";"-0.00"
"734";"USTEC_ICM_UTC2";"Buy";"12307.4";"12224.9";"2020.09.02 17:45:00";"2020.09.02 18:36:00";"30.0";"-2475.00";"12224.90039";"12389.90039";"-33622.58";"0.00";"IST";"SL";"51m 0s";"-0.00"
"735";"USTEC_ICM_UTC2";"Buy";"12062.1";"11979.6";"2020.09.03 17:30:00";"2020.09.03 17:39:00";"30.0";"-2475.00";"11979.59961";"12144.59961";"-36097.58";"0.00";"IST";"SL";"9m 0s";"-0.00"
"736";"USTEC_ICM_UTC2";"Buy";"11544.5";"11462.0";"2020.09.04 17:00:00";"2020.09.04 17:15:00";"30.0";"-2475.00";"11462.00000";"11627.00000";"-38572.58";"0.00";"IST";"SL";"15m 0s";"-0.00"
"737";"USTEC_ICM_UTC2";"Buy";"11316.7";"11234.2";"2020.09.08 17:45:00";"2020.09.08 18:31:00";"30.0";"-2475.00";"11234.20020";"11399.20020";"-41047.58";"0.00";"IST";"SL";"46m 0s";"-0.00"
"738";"USTEC_ICM_UTC2";"Buy";"11505.7";"11423.2";"2020.09.10 17:45:00";"2020.09.10 17:57:00";"30.0";"-2475.00";"11423.20020";"11588.20020";"-43522.58";"0.00";"IST";"SL";"12m 0s";"-0.00"
"739";"USTEC_ICM_UTC2";"Buy";"11177.7";"11095.2";"2020.09.11 18:30:00";"2020.09.11 19:31:00";"30.0";"-2475.00";"11095.20020";"11260.20020";"-45997.58";"0.00";"IST";"SL";"1h 1m";"-0.00"
"740";"USTEC_ICM_UTC2";"Buy";"11336.9";"11254.4";"2020.09.14 17:45:00";"2020.09.14 20:06:00";"30.0";"-2475.00";"11254.40039";"11419.40039";"-48472.58";"0.00";"IST";"SL";"2h 21m";"-0.00"
"741";"USTEC_ICM_UTC2";"Buy";"11436.4";"11518.9";"2020.09.15 17:30:00";"2020.09.16 11:08:00";"30.0";"2291.88";"11353.90039";"11518.90039";"-46180.70";"0.00";"IST";"PT";"17h 38m";"-183.12"
"742";"USTEC_ICM_UTC2";"Buy";"11427.6";"11345.1";"2020.09.16 17:30:00";"2020.09.16 20:26:00";"30.0";"-2475.00";"11345.09961";"11510.09961";"-48655.70";"0.00";"IST";"SL";"2h 56m";"-0.00"
"743";"USTEC_ICM_UTC2";"Buy";"11051.3";"11133.8";"2020.09.17 17:30:00";"2020.09.17 17:45:00";"30.0";"2475.00";"10968.79980";"11133.79980";"-46180.70";"0.00";"IST";"PT";"15m 0s";"-0.00"
"744";"USTEC_ICM_UTC2";"Buy";"11061.6";"10979.1";"2020.09.18 17:30:00";"2020.09.18 17:53:00";"30.0";"-2475.00";"10979.09961";"11144.09961";"-48655.70";"0.00";"IST";"SL";"23m 0s";"-0.00"
"745";"USTEC_ICM_UTC2";"Buy";"10799.3";"10716.8";"2020.09.21 16:45:00";"2020.09.21 17:30:00";"30.0";"-2475.00";"10716.79980";"10881.79980";"-51130.70";"0.00";"IST";"SL";"45m 0s";"-0.00"
"746";"USTEC_ICM_UTC2";"Buy";"11015.7";"11098.2";"2020.09.22 17:45:00";"2020.09.22 20:48:00";"30.0";"2475.00";"10933.20020";"11098.20020";"-48655.70";"0.00";"IST";"PT";"3h 3m";"-0.00"
"747";"USTEC_ICM_UTC2";"Buy";"11091.0";"11008.5";"2020.09.23 18:15:00";"2020.09.23 18:53:00";"30.0";"-2475.00";"11008.50000";"11173.50000";"-51130.70";"0.00";"IST";"SL";"38m 0s";"-0.00"
"748";"USTEC_ICM_UTC2";"Buy";"10820.0";"10902.5";"2020.09.24 17:45:00";"2020.09.24 17:53:00";"30.0";"2475.00";"10737.50000";"10902.50000";"-48655.70";"0.00";"IST";"PT";"8m 0s";"-0.00"
"749";"USTEC_ICM_UTC2";"Buy";"11001.2";"11083.7";"2020.09.25 18:45:00";"2020.09.25 21:05:00";"30.0";"2475.00";"10918.70020";"11083.70020";"-46180.70";"0.00";"IST";"PT";"2h 20m";"-0.00"
"750";"USTEC_ICM_UTC2";"Buy";"11290.8";"11373.3";"2020.09.28 17:45:00";"2020.09.28 23:00:00";"30.0";"2475.00";"11208.29980";"11373.29980";"-43705.70";"0.00";"IST";"PT";"5h 15m";"-0.00"
"751";"USTEC_ICM_UTC2";"Buy";"11326.4";"11408.9";"2020.09.29 17:45:00";"2020.09.30 05:15:00";"30.0";"2291.88";"11243.90039";"11408.90039";"-41413.82";"0.00";"IST";"PT";"11h 30m";"-183.12"
"752";"USTEC_ICM_UTC2";"Buy";"11449.6";"11532.1";"2020.09.30 18:00:00";"2020.09.30 21:09:00";"30.0";"2475.00";"11367.09961";"11532.09961";"-38938.82";"0.00";"IST";"PT";"3h 9m";"-0.00"
"753";"USTEC_ICM_UTC2";"Buy";"11528.1";"11610.6";"2020.10.01 18:00:00";"2020.10.02 01:22:00";"30.0";"2291.88";"11445.59961";"11610.59961";"-36646.95";"0.00";"IST";"PT";"7h 22m";"-183.12"
"754";"USTEC_ICM_UTC2";"Buy";"11407.3";"11324.8";"2020.10.02 17:45:00";"2020.10.02 18:41:00";"30.0";"-2475.00";"11324.79980";"11489.79980";"-39121.95";"0.00";"IST";"SL";"56m 0s";"-0.00"
"755";"USTEC_ICM_UTC2";"Buy";"11460.7";"11378.2";"2020.10.06 17:45:00";"2020.10.06 18:50:00";"30.0";"-2475.00";"11378.20020";"11543.20020";"-41596.95";"0.00";"IST";"SL";"1h 5m";"-0.00"
"756";"USTEC_ICM_UTC2";"Buy";"11519.9";"11602.4";"2020.10.08 17:30:00";"2020.10.09 05:35:00";"30.0";"2291.88";"11437.40039";"11602.40039";"-39305.06";"0.00";"IST";"PT";"12h 5m";"-183.12"
"757";"USTEC_ICM_UTC2";"Buy";"11645.9";"11713.5";"2020.10.09 17:30:00";"2020.10.09 22:55:00";"30.0";"2028.00";"11563.40039";"11728.40039";"-37277.06";"0.00";"IST";"End Of Friday (Time)";"5h 25m";"-0.00"
"758";"USTEC_ICM_UTC2";"Buy";"12025.4";"12107.9";"2020.10.12 19:00:00";"2020.10.12 19:41:00";"30.0";"2475.00";"11942.90039";"12107.90039";"-34802.06";"0.00";"IST";"PT";"41m 0s";"-0.00"
"759";"USTEC_ICM_UTC2";"Buy";"12054.4";"12136.9";"2020.10.13 16:45:00";"2020.10.13 18:08:00";"30.0";"2475.00";"11971.90039";"12136.90039";"-32327.06";"0.00";"IST";"PT";"1h 23m";"-0.00"
"760";"USTEC_ICM_UTC2";"Buy";"12066.0";"11983.5";"2020.10.14 18:30:00";"2020.10.14 18:58:00";"30.0";"-2475.00";"11983.50000";"12148.50000";"-34802.06";"0.00";"IST";"SL";"28m 0s";"-0.00"
"761";"USTEC_ICM_UTC2";"Buy";"11783.4";"11865.9";"2020.10.15 16:30:00";"2020.10.15 16:46:00";"30.0";"2475.00";"11700.90039";"11865.90039";"-32327.06";"0.00";"IST";"PT";"16m 0s";"-0.00"
"762";"USTEC_ICM_UTC2";"Buy";"11980.6";"11898.1";"2020.10.16 18:00:00";"2020.10.16 18:23:00";"30.0";"-2475.00";"11898.09961";"12063.09961";"-34802.06";"0.00";"IST";"SL";"23m 0s";"-0.00"
"763";"USTEC_ICM_UTC2";"Buy";"11785.2";"11702.7";"2020.10.19 17:45:00";"2020.10.19 21:39:00";"30.0";"-2475.00";"11702.70020";"11867.70020";"-37277.06";"0.00";"IST";"SL";"3h 54m";"-0.00"
"764";"USTEC_ICM_UTC2";"Buy";"11693.3";"11775.8";"2020.10.20 17:30:00";"2020.10.20 20:17:00";"30.0";"2475.00";"11610.79980";"11775.79980";"-34802.06";"0.00";"IST";"PT";"2h 47m";"-0.00"
"765";"USTEC_ICM_UTC2";"Buy";"11756.0";"11673.5";"2020.10.21 17:30:00";"2020.10.21 18:12:00";"30.0";"-2475.00";"11673.50000";"11838.50000";"-37277.06";"0.00";"IST";"SL";"42m 0s";"-0.00"
"766";"USTEC_ICM_UTC2";"Buy";"11603.1";"11685.6";"2020.10.22 18:45:00";"2020.10.22 22:33:00";"30.0";"2475.00";"11520.59961";"11685.59961";"-34802.06";"0.00";"IST";"PT";"3h 48m";"-0.00"
"767";"USTEC_ICM_UTC2";"Buy";"11607.7";"11683.9";"2020.10.23 17:45:00";"2020.10.23 22:55:00";"30.0";"2286.00";"11525.20020";"11690.20020";"-32516.06";"0.00";"IST";"End Of Friday (Time)";"5h 10m";"-0.00"
"768";"USTEC_ICM_UTC2";"Buy";"11636.4";"11553.9";"2020.10.26 16:30:00";"2020.10.26 16:56:00";"30.0";"-2475.00";"11553.90039";"11718.90039";"-34991.06";"0.00";"IST";"SL";"26m 0s";"-0.00"
"769";"USTEC_ICM_UTC2";"Buy";"11580.7";"11498.2";"2020.10.27 17:45:00";"2020.10.28 09:39:00";"30.0";"-2658.12";"11498.20020";"11663.20020";"-37649.18";"0.00";"IST";"SL";"15h 54m";"-183.12"
"770";"USTEC_ICM_UTC2";"Buy";"11232.6";"11150.1";"2020.10.28 17:30:00";"2020.10.28 21:56:00";"30.0";"-2475.00";"11150.09961";"11315.09961";"-40124.18";"0.00";"IST";"SL";"4h 26m";"-0.00"
"771";"USTEC_ICM_UTC2";"Buy";"11298.5";"11381.0";"2020.10.29 17:00:00";"2020.10.29 19:30:00";"30.0";"2475.00";"11216.00000";"11381.00000";"-37649.18";"0.00";"IST";"PT";"2h 30m";"-0.00"
"772";"USTEC_ICM_UTC2";"Buy";"11025.7";"11108.2";"2020.10.30 17:45:00";"2020.10.30 18:27:00";"30.0";"2475.00";"10943.20020";"11108.20020";"-35174.18";"0.00";"IST";"PT";"42m 0s";"-0.00"
"773";"USTEC_ICM_UTC2";"Buy";"11125.1";"11042.6";"2020.11.02 17:45:00";"2020.11.02 19:41:00";"30.0";"-2475.00";"11042.59961";"11207.59961";"-37649.18";"0.00";"IST";"SL";"1h 56m";"-0.00"
"774";"USTEC_ICM_UTC2";"Buy";"11302.4";"11384.9";"2020.11.03 17:45:00";"2020.11.04 03:52:00";"30.0";"2291.88";"11219.90039";"11384.90039";"-35357.30";"0.00";"IST";"PT";"10h 7m";"-183.12"
"775";"USTEC_ICM_UTC2";"Buy";"11738.3";"11820.8";"2020.11.04 17:45:00";"2020.11.04 19:01:00";"30.0";"2475.00";"11655.79980";"11820.79980";"-32882.30";"0.00";"IST";"PT";"1h 16m";"-0.00"
"776";"USTEC_ICM_UTC2";"Buy";"12029.1";"12111.6";"2020.11.05 17:30:00";"2020.11.05 21:43:00";"30.0";"2475.00";"11946.59961";"12111.59961";"-30407.30";"0.00";"IST";"PT";"4h 13m";"-0.00"
"777";"USTEC_ICM_UTC2";"Buy";"12114.4";"12196.9";"2020.11.09 16:45:00";"2020.11.09 16:47:00";"30.0";"2475.00";"12031.90039";"12196.90039";"-27932.30";"0.00";"IST";"PT";"2m 0s";"-0.00"
"778";"USTEC_ICM_UTC2";"Buy";"11572.1";"11654.6";"2020.11.10 17:30:00";"2020.11.10 18:28:00";"30.0";"2475.00";"11489.59961";"11654.59961";"-25457.30";"0.00";"IST";"PT";"58m 0s";"-0.00"
"779";"USTEC_ICM_UTC2";"Buy";"11936.5";"11854.0";"2020.11.12 18:00:00";"2020.11.12 19:46:00";"30.0";"-2475.00";"11854.00000";"12019.00000";"-27932.30";"0.00";"IST";"SL";"1h 46m";"-0.00"
"780";"USTEC_ICM_UTC2";"Buy";"11861.7";"11944.2";"2020.11.13 18:45:00";"2020.11.13 22:38:00";"30.0";"2475.00";"11779.20020";"11944.20020";"-25457.30";"0.00";"IST";"PT";"3h 53m";"-0.00"
"781";"USTEC_ICM_UTC2";"Buy";"12001.1";"12083.6";"2020.11.16 18:30:00";"2020.11.17 01:00:00";"30.0";"2291.88";"11918.59961";"12083.59961";"-23165.42";"0.00";"IST";"PT";"6h 30m";"-183.12"
"782";"USTEC_ICM_UTC2";"Buy";"11957.1";"11874.6";"2020.11.18 17:45:00";"2020.11.19 01:00:00";"30.0";"-2658.12";"11874.59961";"12039.59961";"-25823.54";"0.00";"IST";"SL";"7h 15m";"-183.12"
"783";"USTEC_ICM_UTC2";"Buy";"11914.0";"11996.5";"2020.11.19 17:30:00";"2020.11.19 22:35:00";"30.0";"2475.00";"11831.50000";"11996.50000";"-23348.54";"0.00";"IST";"PT";"5h 5m";"-0.00"
"784";"USTEC_ICM_UTC2";"Buy";"11819.2";"11901.7";"2020.11.23 18:15:00";"2020.11.23 20:06:00";"30.0";"2475.00";"11736.70020";"11901.70020";"-20873.54";"0.00";"IST";"PT";"1h 51m";"-0.00"
"785";"USTEC_ICM_UTC2";"Buy";"11916.1";"11998.6";"2020.11.24 17:30:00";"2020.11.24 18:03:00";"30.0";"2475.00";"11833.59961";"11998.59961";"-18398.54";"0.00";"IST";"PT";"33m 0s";"-0.00"
"786";"USTEC_ICM_UTC2";"Buy";"12114.2";"12196.7";"2020.11.25 18:30:00";"2020.11.26 03:41:00";"30.0";"2291.88";"12031.70020";"12196.70020";"-16106.67";"0.00";"IST";"PT";"9h 11m";"-183.12"
"787";"USTEC_ICM_UTC2";"Buy";"12296.8";"12214.3";"2020.11.27 18:00:00";"2020.11.30 07:11:00";"30.0";"-3024.36";"12214.29980";"12379.29980";"-19131.03";"0.00";"IST";"SL";"2d 13h 11m";"-549.36"
"788";"USTEC_ICM_UTC2";"Buy";"12250.1";"12167.6";"2020.11.30 16:45:00";"2020.11.30 17:37:00";"30.0";"-2475.00";"12167.59961";"12332.59961";"-21606.03";"0.00";"IST";"SL";"52m 0s";"-0.00"
"789";"USTEC_ICM_UTC2";"Buy";"12377.2";"12459.7";"2020.12.01 17:45:00";"2020.12.01 19:03:00";"30.0";"2475.00";"12294.70020";"12459.70020";"-19131.03";"0.00";"IST";"PT";"1h 18m";"-0.00"
"790";"USTEC_ICM_UTC2";"Buy";"12414.3";"12496.8";"2020.12.02 18:00:00";"2020.12.03 16:33:00";"30.0";"2291.88";"12331.79980";"12496.79980";"-16839.14";"0.00";"IST";"PT";"22h 33m";"-183.12"
"791";"USTEC_ICM_UTC2";"Buy";"12499.1";"12516.1";"2020.12.03 17:45:00";"2020.12.04 22:55:00";"30.0";"326.88";"12416.59961";"12581.59961";"-16512.26";"0.00";"IST";"End Of Friday (Time)";"1d 5h 10m";"-183.12"
"792";"USTEC_ICM_UTC2";"Buy";"12583.3";"12665.8";"2020.12.07 17:45:00";"2020.12.09 01:00:00";"30.0";"2108.76";"12500.79980";"12665.79980";"-14403.50";"0.00";"IST";"PT";"1d 7h 15m";"-366.24"
"793";"USTEC_ICM_UTC2";"Buy";"12594.1";"12511.6";"2020.12.09 18:15:00";"2020.12.09 19:39:00";"30.0";"-2475.00";"12511.59961";"12676.59961";"-16878.50";"0.00";"IST";"SL";"1h 24m";"-0.00"
"794";"USTEC_ICM_UTC2";"Buy";"12418.9";"12336.4";"2020.12.10 18:45:00";"2020.12.11 10:18:00";"30.0";"-2658.12";"12336.40039";"12501.40039";"-19536.63";"0.00";"IST";"SL";"15h 33m";"-183.12"
"795";"USTEC_ICM_UTC2";"Buy";"12333.0";"12250.5";"2020.12.11 17:45:00";"2020.12.11 19:21:00";"30.0";"-2475.00";"12250.50000";"12415.50000";"-22011.63";"0.00";"IST";"SL";"1h 36m";"-0.00"
"796";"USTEC_ICM_UTC2";"Buy";"12532.1";"12449.6";"2020.12.14 17:45:00";"2020.12.14 22:50:00";"30.0";"-2475.00";"12449.59961";"12614.59961";"-24486.63";"0.00";"IST";"SL";"5h 5m";"-0.00"
"797";"USTEC_ICM_UTC2";"Buy";"12497.8";"12580.3";"2020.12.15 19:00:00";"2020.12.15 22:00:00";"30.0";"2475.00";"12415.29980";"12580.29980";"-22011.63";"0.00";"IST";"PT";"3h 0m";"-0.00"
"798";"USTEC_ICM_UTC2";"Buy";"12610.2";"12692.7";"2020.12.16 17:30:00";"2020.12.16 22:25:00";"30.0";"2475.00";"12527.70020";"12692.70020";"-19536.63";"0.00";"IST";"PT";"4h 55m";"-0.00"
"799";"USTEC_ICM_UTC2";"Buy";"12702.1";"12784.6";"2020.12.17 18:00:00";"2020.12.18 16:20:00";"30.0";"2291.88";"12619.59961";"12784.59961";"-17244.74";"0.00";"IST";"PT";"22h 20m";"-183.12"
"800";"USTEC_ICM_UTC2";"Buy";"12713.6";"12631.1";"2020.12.18 17:45:00";"2020.12.18 22:22:00";"30.0";"-2475.00";"12631.09961";"12796.09961";"-19719.74";"0.00";"IST";"SL";"4h 37m";"-0.00"
"801";"USTEC_ICM_UTC2";"Buy";"12698.3";"12615.8";"2020.12.22 17:15:00";"2020.12.22 18:37:00";"30.0";"-2475.00";"12615.79980";"12780.79980";"-22194.74";"0.00";"IST";"SL";"1h 22m";"-0.00"
"802";"USTEC_ICM_UTC2";"Buy";"12695.8";"12778.3";"2020.12.23 18:00:00";"2020.12.28 04:53:00";"30.0";"1559.40";"12613.29980";"12778.29980";"-20635.35";"0.00";"IST";"PT";"4d 10h 53m";"-915.60"
"803";"USTEC_ICM_UTC2";"Buy";"12825.8";"12908.3";"2020.12.28 18:30:00";"2020.12.29 16:33:00";"30.0";"2291.88";"12743.29980";"12908.29980";"-18343.46";"0.00";"IST";"PT";"22h 3m";"-183.12"
"804";"USTEC_ICM_UTC2";"Buy";"12879.7";"12883.9";"2020.12.29 18:30:00";"2020.12.31 23:14:00";"30.0";"125.97";"12797.20020";"12962.20020";"-18217.49";"0.00";"IST";"EndTest";"2d 4h 44m";"-0.00"
