"Ticket";"Symbol";"Type";"Open price";"Close price";"Open time";"Close time";"Size";"Profit/Loss";"Stop Loss price level";"Profit Target price level";"Balance";"Slippage ($)";"Sample type";"Close type";"Time in trade";"Comm/Swap"
"1";"USTEC_ICM_UTC2";"Buy";"4272.6";"4232.6";"2015.01.02 16:45:00";"2015.01.02 22:55:00";"30.0";"-1200.00";"4190.10010";"4355.10010";"48800.00";"0.00";"IST";"End Of Friday (Time)";"6h 10m";"-0.00"
"2";"USTEC_ICM_UTC2";"Buy";"4184.9";"4102.4";"2015.01.05 18:45:00";"2015.01.06 19:08:00";"30.0";"-2658.12";"4102.39990";"4267.39990";"46141.88";"0.00";"IST";"SL";"1d 0h 23m";"-183.12"
"3";"USTEC_ICM_UTC2";"Buy";"4114.7";"4197.2";"2015.01.06 19:15:00";"2015.01.08 03:48:00";"30.0";"2108.76";"4032.19995";"4197.20020";"48250.64";"0.00";"IST";"PT";"1d 8h 33m";"-366.24"
"4";"USTEC_ICM_UTC2";"Buy";"4240.0";"4216.9";"2015.01.08 19:45:00";"2015.01.09 22:55:00";"30.0";"-876.12";"4157.50000";"4322.50000";"47374.52";"0.00";"IST";"End Of Friday (Time)";"1d 3h 10m";"-183.12"
"5";"USTEC_ICM_UTC2";"Buy";"4153.9";"4071.4";"2015.01.14 17:15:00";"2015.01.16 02:11:00";"30.0";"-2841.24";"4071.39990";"4236.39990";"44533.28";"0.00";"IST";"SL";"1d 8h 56m";"-366.24"
"6";"USTEC_ICM_UTC2";"Buy";"4085.0";"4141.0";"2015.01.16 16:30:00";"2015.01.16 22:55:00";"30.0";"1680.00";"4002.50000";"4167.50000";"46213.28";"0.00";"IST";"End Of Friday (Time)";"6h 25m";"-0.00"
"7";"USTEC_ICM_UTC2";"Buy";"4153.9";"4236.4";"2015.01.19 17:00:00";"2015.01.22 18:24:00";"30.0";"1925.64";"4071.39990";"4236.39990";"48138.92";"0.00";"IST";"PT";"3d 1h 24m";"-549.36"
"8";"USTEC_ICM_UTC2";"Buy";"4238.9";"4273.9";"2015.01.22 18:30:00";"2015.01.23 22:55:00";"30.0";"866.88";"4156.39990";"4321.39990";"49005.80";"0.00";"IST";"End Of Friday (Time)";"1d 4h 25m";"-183.12"
"9";"USTEC_ICM_UTC2";"Buy";"4265.6";"4183.1";"2015.01.26 17:45:00";"2015.01.27 16:52:00";"30.0";"-2658.12";"4183.10010";"4348.10010";"46347.68";"0.00";"IST";"SL";"23h 7m";"-183.12"
"10";"USTEC_ICM_UTC2";"Buy";"4186.4";"4103.9";"2015.01.27 17:15:00";"2015.01.29 16:47:00";"30.0";"-2841.24";"4103.89990";"4268.89990";"43506.44";"0.00";"IST";"SL";"1d 23h 32m";"-366.24"
"11";"USTEC_ICM_UTC2";"Buy";"4139.7";"4149.5";"2015.01.29 20:30:00";"2015.01.30 22:55:00";"30.0";"110.88";"4057.19995";"4222.20020";"43617.32";"0.00";"IST";"End Of Friday (Time)";"1d 2h 25m";"-183.12"
"12";"USTEC_ICM_UTC2";"Buy";"4113.3";"4195.8";"2015.02.02 17:30:00";"2015.02.03 10:24:00";"30.0";"2291.88";"4030.80005";"4195.79980";"45909.20";"0.00";"IST";"PT";"16h 54m";"-183.12"
"13";"USTEC_ICM_UTC2";"Buy";"4214.4";"4224.7";"2015.02.03 16:45:00";"2015.02.06 22:55:00";"30.0";"-240.36";"4131.89990";"4296.89990";"45668.84";"0.00";"IST";"End Of Friday (Time)";"3d 6h 10m";"-549.36"
"14";"USTEC_ICM_UTC2";"Buy";"4231.7";"4314.2";"2015.02.09 19:30:00";"2015.02.11 23:39:00";"30.0";"2108.76";"4149.20020";"4314.20020";"47777.60";"0.00";"IST";"PT";"2d 4h 9m";"-366.24"
"15";"USTEC_ICM_UTC2";"Buy";"4343.0";"4380.5";"2015.02.12 20:45:00";"2015.02.13 22:55:00";"30.0";"941.88";"4260.50000";"4425.50000";"48719.48";"0.00";"IST";"End Of Friday (Time)";"1d 2h 10m";"-183.12"
"16";"USTEC_ICM_UTC2";"Buy";"4385.0";"4437.8";"2015.02.16 17:15:00";"2015.02.20 22:55:00";"30.0";"851.52";"4302.50000";"4467.50000";"49571.00";"0.00";"IST";"End Of Friday (Time)";"4d 5h 40m";"-732.48"
"17";"USTEC_ICM_UTC2";"Buy";"4440.9";"4437.8";"2015.02.23 16:30:00";"2015.02.27 22:55:00";"30.0";"-825.48";"4358.39990";"4523.39990";"48745.52";"0.00";"IST";"End Of Friday (Time)";"4d 6h 25m";"-732.48"
"18";"USTEC_ICM_UTC2";"Buy";"4468.0";"4395.5";"2015.03.02 20:45:00";"2015.03.06 22:55:00";"30.0";"-2907.48";"4385.50000";"4550.50000";"45838.04";"0.00";"IST";"End Of Friday (Time)";"4d 2h 10m";"-732.48"
"19";"USTEC_ICM_UTC2";"Buy";"4408.9";"4326.4";"2015.03.09 17:30:00";"2015.03.11 15:38:00";"30.0";"-2841.24";"4326.39990";"4491.39990";"42996.80";"0.00";"IST";"SL";"1d 22h 8m";"-366.24"
"20";"USTEC_ICM_UTC2";"Buy";"4329.3";"4312.7";"2015.03.11 18:15:00";"2015.03.13 22:55:00";"30.0";"-864.24";"4246.79980";"4411.79980";"42132.56";"0.00";"IST";"End Of Friday (Time)";"2d 4h 40m";"-366.24"
"21";"USTEC_ICM_UTC2";"Buy";"4357.4";"4439.9";"2015.03.16 17:15:00";"2015.03.18 21:15:00";"30.0";"2108.76";"4274.89990";"4439.89990";"44241.32";"0.00";"IST";"PT";"2d 4h 0m";"-366.24"
"22";"USTEC_ICM_UTC2";"Buy";"4434.9";"4454.6";"2015.03.19 19:30:00";"2015.03.20 22:55:00";"30.0";"407.88";"4352.39990";"4517.39990";"44649.20";"0.00";"IST";"End Of Friday (Time)";"1d 3h 25m";"-183.12"
"23";"USTEC_ICM_UTC2";"Buy";"4460.1";"4377.6";"2015.03.23 18:45:00";"2015.03.25 17:39:00";"30.0";"-2841.24";"4377.60010";"4542.60010";"41807.96";"0.00";"IST";"SL";"1d 22h 54m";"-366.24"
"24";"USTEC_ICM_UTC2";"Buy";"4373.8";"4291.3";"2015.03.25 18:15:00";"2015.03.26 10:58:00";"30.0";"-2658.12";"4291.29980";"4456.29980";"39149.84";"0.00";"IST";"SL";"16h 43m";"-183.12"
"25";"USTEC_ICM_UTC2";"Buy";"4321.0";"4332.9";"2015.03.26 17:45:00";"2015.03.27 22:55:00";"30.0";"173.88";"4238.50000";"4403.50000";"39323.72";"0.00";"IST";"End Of Friday (Time)";"1d 5h 10m";"-183.12"
"26";"USTEC_ICM_UTC2";"Buy";"4375.0";"4292.5";"2015.03.30 16:45:00";"2015.04.01 03:55:00";"30.0";"-2841.24";"4292.50000";"4457.50000";"36482.48";"0.00";"IST";"SL";"1d 11h 10m";"-366.24"
"27";"USTEC_ICM_UTC2";"Buy";"4336.1";"4418.6";"2015.04.01 16:30:00";"2015.04.10 20:46:00";"30.0";"826.92";"4253.60010";"4418.60010";"37309.40";"0.00";"IST";"PT";"9d 4h 16m";"-1648.08"
"28";"USTEC_ICM_UTC2";"Buy";"4423.7";"4341.2";"2015.04.13 21:45:00";"2015.04.17 20:56:00";"30.0";"-3207.48";"4341.20020";"4506.20020";"34101.92";"0.00";"IST";"SL";"3d 23h 11m";"-732.48"
"29";"USTEC_ICM_UTC2";"Buy";"4342.5";"4350.7";"2015.04.17 21:30:00";"2015.04.17 22:55:00";"30.0";"246.00";"4260.00000";"4425.00000";"34347.92";"0.00";"IST";"End Of Friday (Time)";"1h 25m";"-0.00"
"30";"USTEC_ICM_UTC2";"Buy";"4382.0";"4464.5";"2015.04.20 16:45:00";"2015.04.22 22:19:00";"30.0";"2108.76";"4299.50000";"4464.50000";"36456.68";"0.00";"IST";"PT";"2d 5h 34m";"-366.24"
"31";"USTEC_ICM_UTC2";"Buy";"4476.0";"4537.0";"2015.04.23 19:30:00";"2015.04.24 22:55:00";"30.0";"1646.88";"4393.50000";"4558.50000";"38103.56";"0.00";"IST";"End Of Friday (Time)";"1d 3h 25m";"-183.12"
"32";"USTEC_ICM_UTC2";"Buy";"4535.0";"4452.5";"2015.04.27 20:45:00";"2015.04.30 17:01:00";"30.0";"-3024.36";"4452.50000";"4617.50000";"35079.20";"0.00";"IST";"SL";"2d 20h 16m";"-549.36"
"33";"USTEC_ICM_UTC2";"Buy";"4443.2";"4475.5";"2015.04.30 18:00:00";"2015.05.01 22:55:00";"30.0";"785.88";"4360.70020";"4525.70020";"35865.08";"0.00";"IST";"End Of Friday (Time)";"1d 4h 55m";"-183.12"
"34";"USTEC_ICM_UTC2";"Buy";"4489.9";"4407.4";"2015.05.04 16:30:00";"2015.05.05 21:50:00";"30.0";"-2658.12";"4407.39990";"4572.39990";"33206.96";"0.00";"IST";"SL";"1d 5h 20m";"-183.12"
"35";"USTEC_ICM_UTC2";"Buy";"4415.5";"4461.2";"2015.05.05 22:15:00";"2015.05.08 22:55:00";"30.0";"821.64";"4333.00000";"4498.00000";"34028.60";"0.00";"IST";"End Of Friday (Time)";"3d 0h 40m";"-549.36"
"36";"USTEC_ICM_UTC2";"Buy";"4458.7";"4490.9";"2015.05.11 16:45:00";"2015.05.15 22:55:00";"30.0";"233.52";"4376.20020";"4541.20020";"34262.12";"0.00";"IST";"End Of Friday (Time)";"4d 6h 10m";"-732.48"
"37";"USTEC_ICM_UTC2";"Buy";"4498.8";"4530.0";"2015.05.18 18:15:00";"2015.05.22 22:55:00";"30.0";"203.52";"4416.29980";"4581.29980";"34465.64";"0.00";"IST";"End Of Friday (Time)";"4d 4h 40m";"-732.48"
"38";"USTEC_ICM_UTC2";"Buy";"4533.0";"4511.9";"2015.05.25 18:00:00";"2015.05.29 22:55:00";"30.0";"-1365.48";"4450.50000";"4615.50000";"33100.16";"0.00";"IST";"End Of Friday (Time)";"4d 4h 55m";"-732.48"
"39";"USTEC_ICM_UTC2";"Buy";"4532.9";"4450.4";"2015.06.01 20:00:00";"2015.06.05 16:41:00";"30.0";"-3207.48";"4450.39990";"4615.39990";"29892.68";"0.00";"IST";"SL";"3d 20h 41m";"-732.48"
"40";"USTEC_ICM_UTC2";"Buy";"4476.9";"4477.9";"2015.06.05 17:15:00";"2015.06.05 22:55:00";"30.0";"30.00";"4394.39990";"4559.39990";"29922.68";"0.00";"IST";"End Of Friday (Time)";"5h 40m";"-0.00"
"41";"USTEC_ICM_UTC2";"Buy";"4429.9";"4455.0";"2015.06.08 21:00:00";"2015.06.12 22:55:00";"30.0";"20.52";"4347.39990";"4512.39990";"29943.20";"0.00";"IST";"End Of Friday (Time)";"4d 1h 55m";"-732.48"
"42";"USTEC_ICM_UTC2";"Buy";"4408.0";"4490.5";"2015.06.15 17:15:00";"2015.06.18 16:30:00";"30.0";"1925.64";"4325.50000";"4490.50000";"31868.84";"0.00";"IST";"PT";"2d 23h 15m";"-549.36"
"43";"USTEC_ICM_UTC2";"Buy";"4535.0";"4517.5";"2015.06.18 18:45:00";"2015.06.19 22:55:00";"30.0";"-708.12";"4452.50000";"4617.50000";"31160.72";"0.00";"IST";"End Of Friday (Time)";"1d 4h 10m";"-183.12"
"44";"USTEC_ICM_UTC2";"Buy";"4551.0";"4468.5";"2015.06.22 17:15:00";"2015.06.26 20:12:00";"30.0";"-3207.48";"4468.50000";"4633.50000";"27953.24";"0.00";"IST";"SL";"4d 2h 57m";"-732.48"
"45";"USTEC_ICM_UTC2";"Buy";"4475.0";"4483.9";"2015.06.26 20:30:00";"2015.06.26 22:55:00";"30.0";"267.00";"4392.50000";"4557.50000";"28220.24";"0.00";"IST";"End Of Friday (Time)";"2h 25m";"-0.00"
"46";"USTEC_ICM_UTC2";"Buy";"4450.9";"4368.4";"2015.06.29 16:45:00";"2015.07.07 17:35:00";"30.0";"-3939.96";"4368.39990";"4533.39990";"24280.28";"0.00";"IST";"SL";"8d 0h 50m";"-1464.96"
"47";"USTEC_ICM_UTC2";"Buy";"4352.9";"4427.5";"2015.07.07 18:30:00";"2015.07.10 22:55:00";"30.0";"1688.64";"4270.39990";"4435.39990";"25968.92";"0.00";"IST";"End Of Friday (Time)";"3d 4h 25m";"-549.36"
"48";"USTEC_ICM_UTC2";"Buy";"4484.6";"4567.1";"2015.07.13 18:45:00";"2015.07.16 15:48:00";"30.0";"1925.64";"4402.10010";"4567.10010";"27894.56";"0.00";"IST";"PT";"2d 21h 3m";"-549.36"
"49";"USTEC_ICM_UTC2";"Buy";"4574.0";"4656.5";"2015.07.16 18:00:00";"2015.07.17 22:37:00";"30.0";"2291.88";"4491.50000";"4656.50000";"30186.44";"0.00";"IST";"PT";"1d 4h 37m";"-183.12"
"50";"USTEC_ICM_UTC2";"Buy";"4667.0";"4584.5";"2015.07.20 17:45:00";"2015.07.24 19:58:00";"30.0";"-3207.48";"4584.50000";"4749.50000";"26978.96";"0.00";"IST";"SL";"4d 2h 13m";"-732.48"
"51";"USTEC_ICM_UTC2";"Buy";"4578.1";"4562.0";"2015.07.24 21:00:00";"2015.07.24 22:55:00";"30.0";"-483.00";"4495.60010";"4660.60010";"26495.96";"0.00";"IST";"End Of Friday (Time)";"1h 55m";"-0.00"
"52";"USTEC_ICM_UTC2";"Buy";"4540.5";"4590.5";"2015.07.27 17:00:00";"2015.07.31 22:55:00";"30.0";"767.52";"4458.00000";"4623.00000";"27263.48";"0.00";"IST";"End Of Friday (Time)";"4d 5h 55m";"-732.48"
"53";"USTEC_ICM_UTC2";"Buy";"4575.9";"4493.4";"2015.08.03 22:45:00";"2015.08.07 18:19:00";"30.0";"-3207.48";"4493.39990";"4658.39990";"24056.00";"0.00";"IST";"SL";"3d 19h 34m";"-732.48"
"54";"USTEC_ICM_UTC2";"Buy";"4497.6";"4517.3";"2015.08.07 19:00:00";"2015.08.07 22:55:00";"30.0";"591.00";"4415.10010";"4580.10010";"24647.00";"0.00";"IST";"End Of Friday (Time)";"3h 55m";"-0.00"
"55";"USTEC_ICM_UTC2";"Buy";"4574.0";"4491.5";"2015.08.10 16:45:00";"2015.08.11 21:05:00";"30.0";"-2658.12";"4491.50000";"4656.50000";"21988.88";"0.00";"IST";"SL";"1d 4h 20m";"-183.12"
"56";"USTEC_ICM_UTC2";"Buy";"4446.5";"4529.0";"2015.08.12 17:45:00";"2015.08.12 22:01:00";"30.0";"2475.00";"4364.00000";"4529.00000";"24463.88";"0.00";"IST";"PT";"4h 16m";"-0.00"
"57";"USTEC_ICM_UTC2";"Buy";"4538.0";"4530.9";"2015.08.13 17:45:00";"2015.08.14 22:55:00";"30.0";"-396.12";"4455.50000";"4620.50000";"24067.76";"0.00";"IST";"End Of Friday (Time)";"1d 5h 10m";"-183.12"
"58";"USTEC_ICM_UTC2";"Buy";"4544.5";"4462.0";"2015.08.17 18:00:00";"2015.08.20 16:58:00";"30.0";"-3024.36";"4462.00000";"4627.00000";"21043.40";"0.00";"IST";"SL";"2d 22h 58m";"-549.36"
"59";"USTEC_ICM_UTC2";"Buy";"4437.3";"4339.0";"2015.08.20 18:00:00";"2015.08.21 09:00:00";"30.0";"-3132.48";"4354.79980";"4519.79980";"17910.92";"0.00";"IST";"SL";"15h 0m";"-183.12"
"60";"USTEC_ICM_UTC2";"Buy";"4344.1";"4261.6";"2015.08.21 17:00:00";"2015.08.21 20:04:00";"30.0";"-2475.00";"4261.60010";"4426.60010";"15435.92";"0.00";"IST";"SL";"3h 4m";"-0.00"
"61";"USTEC_ICM_UTC2";"Buy";"3997.5";"4080.0";"2015.08.24 16:30:00";"2015.08.24 17:21:00";"30.0";"2475.00";"3915.00000";"4080.00000";"17910.92";"0.00";"IST";"PT";"51m 0s";"-0.00"
"62";"USTEC_ICM_UTC2";"Buy";"4177.6";"4095.1";"2015.08.25 17:15:00";"2015.08.25 22:32:00";"30.0";"-2475.00";"4095.10010";"4260.10010";"15435.92";"0.00";"IST";"SL";"5h 17m";"-0.00"
"63";"USTEC_ICM_UTC2";"Buy";"4114.9";"4197.4";"2015.08.26 16:45:00";"2015.08.26 22:20:00";"30.0";"2475.00";"4032.39990";"4197.39990";"17910.92";"0.00";"IST";"PT";"5h 35m";"-0.00"
"64";"USTEC_ICM_UTC2";"Buy";"4283.0";"4321.0";"2015.08.27 16:30:00";"2015.08.28 22:55:00";"30.0";"956.88";"4200.50000";"4365.50000";"18867.80";"0.00";"IST";"End Of Friday (Time)";"1d 6h 25m";"-183.12"
"65";"USTEC_ICM_UTC2";"Buy";"4325.0";"4186.0";"2015.08.31 19:30:00";"2015.09.01 09:00:00";"30.0";"-4353.15";"4242.50000";"4407.50000";"14514.65";"0.00";"IST";"SL";"13h 30m";"-183.12"
"66";"USTEC_ICM_UTC2";"Buy";"4208.0";"4125.5";"2015.09.01 16:45:00";"2015.09.01 22:43:00";"30.0";"-2475.00";"4125.50000";"4290.50000";"12039.65";"0.00";"IST";"SL";"5h 58m";"-0.00"
"67";"USTEC_ICM_UTC2";"Buy";"4223.0";"4305.5";"2015.09.02 21:15:00";"2015.09.03 15:34:00";"30.0";"2291.88";"4140.50000";"4305.50000";"14331.53";"0.00";"IST";"PT";"18h 19m";"-183.12"
"68";"USTEC_ICM_UTC2";"Buy";"4290.1";"4195.2";"2015.09.03 17:30:00";"2015.09.04 09:00:00";"30.0";"-3030.27";"4207.60010";"4372.60010";"11301.26";"0.00";"IST";"SL";"15h 30m";"-183.12"
"69";"USTEC_ICM_UTC2";"Buy";"4203.5";"4196.0";"2015.09.04 17:30:00";"2015.09.04 22:55:00";"30.0";"-225.00";"4121.00000";"4286.00000";"11076.26";"0.00";"IST";"End Of Friday (Time)";"5h 25m";"-0.00"
"70";"USTEC_ICM_UTC2";"Buy";"4268.0";"4350.5";"2015.09.08 18:30:00";"2015.09.09 09:53:00";"30.0";"2291.88";"4185.50000";"4350.50000";"13368.14";"0.00";"IST";"PT";"15h 23m";"-183.12"
"71";"USTEC_ICM_UTC2";"Buy";"4265.7";"4313.9";"2015.09.10 17:30:00";"2015.09.11 22:55:00";"30.0";"1262.88";"4183.20020";"4348.20020";"14631.02";"0.00";"IST";"End Of Friday (Time)";"1d 5h 25m";"-183.12"
"72";"USTEC_ICM_UTC2";"Buy";"4339.2";"4421.7";"2015.09.14 16:30:00";"2015.09.17 21:43:00";"30.0";"1925.64";"4256.70020";"4421.70020";"16556.66";"0.00";"IST";"PT";"3d 5h 13m";"-549.36"
"73";"USTEC_ICM_UTC2";"Buy";"4342.1";"4325.2";"2015.09.18 16:45:00";"2015.09.18 22:55:00";"30.0";"-507.00";"4259.60010";"4424.60010";"16049.66";"0.00";"IST";"End Of Friday (Time)";"6h 10m";"-0.00"
"74";"USTEC_ICM_UTC2";"Buy";"4357.0";"4274.5";"2015.09.21 17:30:00";"2015.09.22 12:56:00";"30.0";"-2658.12";"4274.50000";"4439.50000";"13391.54";"0.00";"IST";"SL";"19h 26m";"-183.12"
"75";"USTEC_ICM_UTC2";"Buy";"4254.0";"4225.1";"2015.09.22 18:15:00";"2015.09.25 22:55:00";"30.0";"-1416.36";"4171.50000";"4336.50000";"11975.18";"0.00";"IST";"End Of Friday (Time)";"3d 4h 40m";"-549.36"
"76";"USTEC_ICM_UTC2";"Buy";"4203.4";"4120.9";"2015.09.28 16:45:00";"2015.09.28 19:55:00";"30.0";"-2475.00";"4120.89990";"4285.89990";"9500.18";"0.00";"IST";"SL";"3h 10m";"-0.00"
"77";"USTEC_ICM_UTC2";"Buy";"4067.1";"4149.6";"2015.09.29 22:45:00";"2015.09.30 14:31:00";"30.0";"2291.88";"3984.60010";"4149.60010";"11792.06";"0.00";"IST";"PT";"15h 46m";"-183.12"
"78";"USTEC_ICM_UTC2";"Buy";"4164.0";"4246.5";"2015.09.30 17:15:00";"2015.10.02 22:17:00";"30.0";"2108.76";"4081.50000";"4246.50000";"13900.82";"0.00";"IST";"PT";"2d 5h 2m";"-366.24"
"79";"USTEC_ICM_UTC2";"Buy";"4308.2";"4366.8";"2015.10.05 17:15:00";"2015.10.09 22:55:00";"30.0";"1025.52";"4225.70020";"4390.70020";"14926.34";"0.00";"IST";"End Of Friday (Time)";"4d 5h 40m";"-732.48"
"80";"USTEC_ICM_UTC2";"Buy";"4387.3";"4434.3";"2015.10.12 18:45:00";"2015.10.16 22:55:00";"30.0";"677.52";"4304.79980";"4469.79980";"15603.86";"0.00";"IST";"End Of Friday (Time)";"4d 4h 10m";"-732.48"
"81";"USTEC_ICM_UTC2";"Buy";"4450.7";"4582.1";"2015.10.19 18:00:00";"2015.10.23 09:00:00";"30.0";"3210.24";"4368.20020";"4533.20020";"18814.10";"0.00";"IST";"PT";"3d 15h 0m";"-732.48"
"82";"USTEC_ICM_UTC2";"Buy";"4611.0";"4627.9";"2015.10.23 18:15:00";"2015.10.23 22:55:00";"30.0";"507.00";"4528.50000";"4693.50000";"19321.10";"0.00";"IST";"End Of Friday (Time)";"4h 40m";"-0.00"
"83";"USTEC_ICM_UTC2";"Buy";"4630.0";"4712.5";"2015.10.26 18:30:00";"2015.11.03 18:38:00";"30.0";"1010.04";"4547.50000";"4712.50000";"20331.14";"0.00";"IST";"PT";"8d 0h 8m";"-1464.96"
"84";"USTEC_ICM_UTC2";"Buy";"4732.4";"4701.5";"2015.11.03 21:15:00";"2015.11.06 22:55:00";"30.0";"-1476.36";"4649.89990";"4814.89990";"18854.78";"0.00";"IST";"End Of Friday (Time)";"3d 1h 40m";"-549.36"
"85";"USTEC_ICM_UTC2";"Buy";"4648.0";"4565.5";"2015.11.09 20:45:00";"2015.11.13 16:39:00";"30.0";"-3207.48";"4565.50000";"4730.50000";"15647.30";"0.00";"IST";"SL";"3d 19h 54m";"-732.48"
"86";"USTEC_ICM_UTC2";"Buy";"4536.6";"4506.7";"2015.11.13 17:45:00";"2015.11.13 22:55:00";"30.0";"-897.00";"4454.10010";"4619.10010";"14750.30";"0.00";"IST";"End Of Friday (Time)";"5h 10m";"-0.00"
"87";"USTEC_ICM_UTC2";"Buy";"4515.6";"4598.1";"2015.11.16 17:30:00";"2015.11.18 16:55:00";"30.0";"2108.76";"4433.10010";"4598.10010";"16859.06";"0.00";"IST";"PT";"1d 23h 25m";"-366.24"
"88";"USTEC_ICM_UTC2";"Buy";"4605.9";"4688.4";"2015.11.18 18:15:00";"2015.11.20 16:51:00";"30.0";"2108.76";"4523.39990";"4688.39990";"18967.82";"0.00";"IST";"PT";"1d 22h 36m";"-366.24"
"89";"USTEC_ICM_UTC2";"Buy";"4686.3";"4682.7";"2015.11.20 17:00:00";"2015.11.20 22:55:00";"30.0";"-108.00";"4603.79980";"4768.79980";"18859.82";"0.00";"IST";"End Of Friday (Time)";"5h 55m";"-0.00"
"90";"USTEC_ICM_UTC2";"Buy";"4657.7";"4714.8";"2015.11.24 16:45:00";"2015.12.04 22:55:00";"30.0";"-118.20";"4575.20020";"4740.20020";"18741.62";"0.00";"IST";"End Of Friday (Time)";"10d 6h 10m";"-1831.20"
"91";"USTEC_ICM_UTC2";"Buy";"4688.5";"4606.0";"2015.12.07 19:30:00";"2015.12.09 19:39:00";"30.0";"-2841.24";"4606.00000";"4771.00000";"15900.38";"0.00";"IST";"SL";"2d 0h 9m";"-366.24"
"92";"USTEC_ICM_UTC2";"Buy";"4607.9";"4536.0";"2015.12.09 20:15:00";"2015.12.11 22:55:00";"30.0";"-2523.24";"4525.39990";"4690.39990";"13377.14";"0.00";"IST";"End Of Friday (Time)";"2d 2h 40m";"-366.24"
"93";"USTEC_ICM_UTC2";"Buy";"4507.8";"4590.3";"2015.12.14 19:00:00";"2015.12.15 10:32:00";"30.0";"2291.88";"4425.29980";"4590.29980";"15669.02";"0.00";"IST";"PT";"15h 32m";"-183.12"
"94";"USTEC_ICM_UTC2";"Buy";"4626.2";"4543.7";"2015.12.15 16:45:00";"2015.12.18 19:25:00";"30.0";"-3024.36";"4543.70020";"4708.70020";"12644.66";"0.00";"IST";"SL";"3d 2h 40m";"-549.36"
"95";"USTEC_ICM_UTC2";"Buy";"4546.2";"4523.6";"2015.12.18 21:00:00";"2015.12.18 22:55:00";"30.0";"-678.00";"4463.70020";"4628.70020";"11966.66";"0.00";"IST";"End Of Friday (Time)";"1h 55m";"-0.00"
"96";"USTEC_ICM_UTC2";"Buy";"4549.4";"4631.9";"2015.12.21 20:45:00";"2015.12.24 16:36:00";"30.0";"1925.64";"4466.89990";"4631.89990";"13892.30";"0.00";"IST";"PT";"2d 19h 51m";"-549.36"
"97";"USTEC_ICM_UTC2";"Buy";"4629.9";"4547.4";"2015.12.24 17:30:00";"2016.01.04 09:00:00";"30.0";"-4489.32";"4547.39990";"4712.39990";"9402.98";"0.00";"IST";"SL";"10d 15h 30m";"-2014.32"
"98";"USTEC_ICM_UTC2";"Buy";"4453.7";"4371.2";"2016.01.04 18:30:00";"2016.01.07 09:40:00";"30.0";"-3024.36";"4371.20020";"4536.20020";"6378.62";"0.00";"IST";"SL";"2d 15h 10m";"-549.36"
"99";"USTEC_ICM_UTC2";"Buy";"4362.0";"4279.5";"2016.01.07 16:45:00";"2016.01.08 22:45:00";"30.0";"-2658.12";"4279.50000";"4444.50000";"3720.50";"0.00";"IST";"SL";"1d 6h 0m";"-183.12"
"100";"USTEC_ICM_UTC2";"Buy";"4287.9";"4370.4";"2016.01.11 17:45:00";"2016.01.13 10:50:00";"30.0";"2108.76";"4205.39990";"4370.39990";"5829.26";"0.00";"IST";"PT";"1d 17h 5m";"-366.24"
"101";"USTEC_ICM_UTC2";"Buy";"4211.9";"4294.4";"2016.01.14 17:30:00";"2016.01.14 21:50:00";"30.0";"2475.00";"4129.39990";"4294.39990";"8304.26";"0.00";"IST";"PT";"4h 20m";"-0.00"
"102";"USTEC_ICM_UTC2";"Buy";"4171.0";"4088.5";"2016.01.15 16:45:00";"2016.01.15 19:33:00";"30.0";"-2475.00";"4088.50000";"4253.50000";"5829.26";"0.00";"IST";"SL";"2h 48m";"-0.00"
"103";"USTEC_ICM_UTC2";"Buy";"4142.9";"4060.4";"2016.01.18 17:15:00";"2016.01.20 10:25:00";"30.0";"-2841.24";"4060.39990";"4225.39990";"2988.02";"0.00";"IST";"SL";"1d 17h 10m";"-366.24"
"104";"USTEC_ICM_UTC2";"Buy";"4084.0";"4001.5";"2016.01.20 16:30:00";"2016.01.20 19:23:00";"30.0";"-2475.00";"4001.50000";"4166.50000";"513.02";"0.00";"IST";"SL";"2h 53m";"-0.00"
"105";"USTEC_ICM_UTC2";"Buy";"4157.8";"4240.3";"2016.01.21 18:00:00";"2016.01.22 17:00:00";"30.0";"2291.88";"4075.30005";"4240.29980";"2804.90";"0.00";"IST";"PT";"23h 0m";"-183.12"
"106";"USTEC_ICM_UTC2";"Buy";"4243.8";"4258.3";"2016.01.22 20:00:00";"2016.01.22 22:55:00";"30.0";"435.00";"4161.29980";"4326.29980";"3239.90";"0.00";"IST";"End Of Friday (Time)";"2h 55m";"-0.00"
"107";"USTEC_ICM_UTC2";"Buy";"4248.2";"4165.7";"2016.01.25 17:15:00";"2016.01.26 09:37:00";"30.0";"-2658.12";"4165.70020";"4330.70020";"581.78";"0.00";"IST";"SL";"16h 22m";"-183.12"
"108";"USTEC_ICM_UTC2";"Buy";"4227.0";"4144.5";"2016.01.26 18:15:00";"2016.01.27 21:56:00";"30.0";"-2658.12";"4144.50000";"4309.50000";"-2076.34";"0.00";"IST";"SL";"1d 3h 41m";"-183.12"
"109";"USTEC_ICM_UTC2";"Buy";"4128.6";"4211.1";"2016.01.27 22:45:00";"2016.01.29 16:40:00";"30.0";"2108.76";"4046.10010";"4211.10010";"32.42";"0.00";"IST";"PT";"1d 17h 55m";"-366.24"
"110";"USTEC_ICM_UTC2";"Buy";"4215.0";"4272.9";"2016.01.29 16:45:00";"2016.01.29 22:55:00";"30.0";"1737.00";"4132.50000";"4297.50000";"1769.42";"0.00";"IST";"End Of Friday (Time)";"6h 10m";"-0.00"
"111";"USTEC_ICM_UTC2";"Buy";"4260.0";"4177.5";"2016.02.01 17:15:00";"2016.02.03 16:55:00";"30.0";"-2841.24";"4177.50000";"4342.50000";"-1071.82";"0.00";"IST";"SL";"1d 23h 40m";"-366.24"
"112";"USTEC_ICM_UTC2";"Buy";"4147.8";"4065.3";"2016.02.03 18:00:00";"2016.02.05 18:02:00";"30.0";"-2841.24";"4065.30005";"4230.29980";"-3913.06";"0.00";"IST";"SL";"2d 0h 2m";"-366.24"
"113";"USTEC_ICM_UTC2";"Buy";"4045.5";"4007.7";"2016.02.05 18:45:00";"2016.02.05 22:55:00";"30.0";"-1134.00";"3963.00000";"4128.00000";"-5047.06";"0.00";"IST";"End Of Friday (Time)";"4h 10m";"-0.00"
"114";"USTEC_ICM_UTC2";"Buy";"3955.7";"4038.2";"2016.02.08 16:45:00";"2016.02.10 17:32:00";"30.0";"2108.76";"3873.19995";"4038.19995";"-2938.30";"0.00";"IST";"PT";"2d 0h 47m";"-366.24"
"115";"USTEC_ICM_UTC2";"Buy";"4002.8";"3920.3";"2016.02.10 19:00:00";"2016.02.11 10:20:00";"30.0";"-2658.12";"3920.30005";"4085.30005";"-5596.42";"0.00";"IST";"SL";"15h 20m";"-183.12"
"116";"USTEC_ICM_UTC2";"Buy";"3934.0";"4016.5";"2016.02.11 16:45:00";"2016.02.12 13:55:00";"30.0";"2291.88";"3851.50000";"4016.50000";"-3304.54";"0.00";"IST";"PT";"21h 10m";"-183.12"
"117";"USTEC_ICM_UTC2";"Buy";"4001.1";"4016.7";"2016.02.12 18:15:00";"2016.02.12 22:55:00";"30.0";"468.00";"3918.60010";"4083.60010";"-2836.54";"0.00";"IST";"End Of Friday (Time)";"4h 40m";"-0.00"
"118";"USTEC_ICM_UTC2";"Buy";"4081.2";"4163.7";"2016.02.15 17:00:00";"2016.02.17 17:21:00";"30.0";"2108.76";"3998.69995";"4163.70020";"-727.78";"0.00";"IST";"PT";"2d 0h 21m";"-366.24"
"119";"USTEC_ICM_UTC2";"Buy";"4177.8";"4165.4";"2016.02.17 19:15:00";"2016.02.19 22:55:00";"30.0";"-738.24";"4095.30005";"4260.29980";"-1466.02";"0.00";"IST";"End Of Friday (Time)";"2d 3h 40m";"-366.24"
"120";"USTEC_ICM_UTC2";"Buy";"4217.9";"4135.4";"2016.02.22 16:45:00";"2016.02.24 11:21:00";"30.0";"-2841.24";"4135.39990";"4300.39990";"-4307.26";"0.00";"IST";"SL";"1d 18h 36m";"-366.24"
"121";"USTEC_ICM_UTC2";"Buy";"4109.1";"4191.6";"2016.02.24 17:45:00";"2016.02.24 22:09:00";"30.0";"2475.00";"4026.60010";"4191.60010";"-1832.26";"0.00";"IST";"PT";"4h 24m";"-0.00"
"122";"USTEC_ICM_UTC2";"Buy";"4221.7";"4239.1";"2016.02.25 22:15:00";"2016.02.26 22:55:00";"30.0";"338.88";"4139.20020";"4304.20020";"-1493.38";"0.00";"IST";"End Of Friday (Time)";"1d 0h 40m";"-183.12"
"123";"USTEC_ICM_UTC2";"Buy";"4246.7";"4329.2";"2016.02.29 18:00:00";"2016.03.01 22:09:00";"30.0";"2291.88";"4164.20020";"4329.20020";"798.50";"0.00";"IST";"PT";"1d 4h 9m";"-183.12"
"124";"USTEC_ICM_UTC2";"Buy";"4333.3";"4326.8";"2016.03.02 17:15:00";"2016.03.04 22:55:00";"30.0";"-561.24";"4250.79980";"4415.79980";"237.26";"0.00";"IST";"End Of Friday (Time)";"2d 5h 40m";"-366.24"
"125";"USTEC_ICM_UTC2";"Buy";"4311.0";"4357.7";"2016.03.07 18:15:00";"2016.03.11 22:55:00";"30.0";"668.52";"4228.50000";"4393.50000";"905.78";"0.00";"IST";"End Of Friday (Time)";"4d 4h 40m";"-732.48"
"126";"USTEC_ICM_UTC2";"Buy";"4358.2";"4440.7";"2016.03.14 16:30:00";"2016.03.22 18:52:00";"30.0";"1010.04";"4275.70020";"4440.70020";"1915.82";"0.00";"IST";"PT";"8d 2h 22m";"-1464.96"
"127";"USTEC_ICM_UTC2";"Buy";"4447.9";"4530.4";"2016.03.22 20:45:00";"2016.04.01 22:45:00";"30.0";"643.80";"4365.39990";"4530.39990";"2559.62";"0.00";"IST";"PT";"10d 2h 0m";"-1831.20"
"128";"USTEC_ICM_UTC2";"Buy";"4487.2";"4469.5";"2016.04.05 17:15:00";"2016.04.08 22:55:00";"30.0";"-1080.36";"4404.70020";"4569.70020";"1479.26";"0.00";"IST";"End Of Friday (Time)";"3d 5h 40m";"-549.36"
"129";"USTEC_ICM_UTC2";"Buy";"4505.6";"4542.9";"2016.04.11 20:00:00";"2016.04.15 22:55:00";"30.0";"386.52";"4423.10010";"4588.10010";"1865.78";"0.00";"IST";"End Of Friday (Time)";"4d 2h 55m";"-732.48"
"130";"USTEC_ICM_UTC2";"Buy";"4556.0";"4473.5";"2016.04.18 19:30:00";"2016.04.22 17:18:00";"30.0";"-3207.48";"4473.50000";"4638.50000";"-1341.70";"0.00";"IST";"SL";"3d 21h 48m";"-732.48"
"131";"USTEC_ICM_UTC2";"Buy";"4446.4";"4473.7";"2016.04.22 18:15:00";"2016.04.22 22:55:00";"30.0";"819.00";"4363.89990";"4528.89990";"-522.70";"0.00";"IST";"End Of Friday (Time)";"4h 40m";"-0.00"
"132";"USTEC_ICM_UTC2";"Buy";"4468.3";"4385.8";"2016.04.25 16:45:00";"2016.04.27 17:19:00";"30.0";"-2841.24";"4385.79980";"4550.79980";"-3363.94";"0.00";"IST";"SL";"2d 0h 34m";"-366.24"
"133";"USTEC_ICM_UTC2";"Buy";"4406.5";"4324.0";"2016.04.27 19:30:00";"2016.04.29 18:02:00";"30.0";"-2841.24";"4324.00000";"4489.00000";"-6205.18";"0.00";"IST";"SL";"1d 22h 32m";"-366.24"
"134";"USTEC_ICM_UTC2";"Buy";"4344.8";"4325.8";"2016.05.02 18:45:00";"2016.05.06 22:55:00";"30.0";"-1302.48";"4262.29980";"4427.29980";"-7507.66";"0.00";"IST";"End Of Friday (Time)";"4d 4h 10m";"-732.48"
"135";"USTEC_ICM_UTC2";"Buy";"4348.5";"4325.4";"2016.05.09 16:45:00";"2016.05.13 22:55:00";"30.0";"-1425.48";"4266.00000";"4431.00000";"-8933.14";"0.00";"IST";"End Of Friday (Time)";"4d 6h 10m";"-732.48"
"136";"USTEC_ICM_UTC2";"Buy";"4346.9";"4361.8";"2016.05.16 17:45:00";"2016.05.20 22:55:00";"30.0";"-285.48";"4264.39990";"4429.39990";"-9218.62";"0.00";"IST";"End Of Friday (Time)";"4d 5h 10m";"-732.48"
"137";"USTEC_ICM_UTC2";"Buy";"4379.5";"4462.0";"2016.05.23 16:45:00";"2016.05.25 09:23:00";"30.0";"2108.76";"4297.00000";"4462.00000";"-7109.86";"0.00";"IST";"PT";"1d 16h 38m";"-366.24"
"138";"USTEC_ICM_UTC2";"Buy";"4474.2";"4509.4";"2016.05.25 19:00:00";"2016.05.27 22:55:00";"30.0";"689.76";"4391.70020";"4556.70020";"-6420.10";"0.00";"IST";"End Of Friday (Time)";"2d 3h 55m";"-366.24"
"139";"USTEC_ICM_UTC2";"Buy";"4520.0";"4512.5";"2016.05.30 17:45:00";"2016.06.03 22:55:00";"30.0";"-957.48";"4437.50000";"4602.50000";"-7377.58";"0.00";"IST";"End Of Friday (Time)";"4d 5h 10m";"-732.48"
"140";"USTEC_ICM_UTC2";"Buy";"4525.6";"4458.3";"2016.06.06 17:45:00";"2016.06.10 22:55:00";"30.0";"-2751.48";"4443.10010";"4608.10010";"-10129.06";"0.00";"IST";"End Of Friday (Time)";"4d 5h 10m";"-732.48"
"141";"USTEC_ICM_UTC2";"Buy";"4454.0";"4371.5";"2016.06.13 17:45:00";"2016.06.16 17:00:00";"30.0";"-3024.36";"4371.50000";"4536.50000";"-13153.42";"0.00";"IST";"SL";"2d 23h 15m";"-549.36"
"142";"USTEC_ICM_UTC2";"Buy";"4369.9";"4371.9";"2016.06.16 17:30:00";"2016.06.17 22:55:00";"30.0";"-123.12";"4287.39990";"4452.39990";"-13276.54";"0.00";"IST";"End Of Friday (Time)";"1d 5h 25m";"-183.12"
"143";"USTEC_ICM_UTC2";"Buy";"4432.4";"4254.8";"2016.06.20 16:45:00";"2016.06.24 09:00:00";"30.0";"-6061.35";"4349.89990";"4514.89990";"-19337.89";"0.00";"IST";"SL";"3d 16h 15m";"-732.48"
"144";"USTEC_ICM_UTC2";"Buy";"4354.5";"4307.6";"2016.06.24 16:45:00";"2016.06.24 22:55:00";"30.0";"-1407.00";"4272.00000";"4437.00000";"-20744.89";"0.00";"IST";"End Of Friday (Time)";"6h 10m";"-0.00"
"145";"USTEC_ICM_UTC2";"Buy";"4198.0";"4280.5";"2016.06.27 18:30:00";"2016.06.28 21:55:00";"30.0";"2291.88";"4115.50000";"4280.50000";"-18453.01";"0.00";"IST";"PT";"1d 3h 25m";"-183.12"
"146";"USTEC_ICM_UTC2";"Buy";"4330.5";"4413.0";"2016.06.29 16:45:00";"2016.06.30 21:21:00";"30.0";"2291.88";"4248.00000";"4413.00000";"-16161.13";"0.00";"IST";"PT";"1d 4h 36m";"-183.12"
"147";"USTEC_ICM_UTC2";"Buy";"4417.6";"4439.8";"2016.06.30 22:30:00";"2016.07.01 22:55:00";"30.0";"482.88";"4335.10010";"4500.10010";"-15678.25";"0.00";"IST";"End Of Friday (Time)";"1d 0h 25m";"-183.12"
"148";"USTEC_ICM_UTC2";"Buy";"4446.2";"4528.7";"2016.07.04 17:30:00";"2016.07.08 21:54:00";"30.0";"1742.52";"4363.70020";"4528.70020";"-13935.73";"0.00";"IST";"PT";"4d 4h 24m";"-732.48"
"149";"USTEC_ICM_UTC2";"Buy";"4569.9";"4587.5";"2016.07.11 19:45:00";"2016.07.15 22:55:00";"30.0";"-204.48";"4487.39990";"4652.39990";"-14140.21";"0.00";"IST";"End Of Friday (Time)";"4d 3h 10m";"-732.48"
"150";"USTEC_ICM_UTC2";"Buy";"4625.6";"4663.1";"2016.07.18 18:15:00";"2016.07.22 22:55:00";"30.0";"392.52";"4543.10010";"4708.10010";"-13747.69";"0.00";"IST";"End Of Friday (Time)";"4d 4h 40m";"-732.48"
"151";"USTEC_ICM_UTC2";"Buy";"4660.1";"4742.6";"2016.07.25 18:30:00";"2016.07.29 19:05:00";"30.0";"1742.52";"4577.60010";"4742.60010";"-12005.17";"0.00";"IST";"PT";"4d 0h 35m";"-732.48"
"152";"USTEC_ICM_UTC2";"Buy";"4732.7";"4735.0";"2016.07.29 22:45:00";"2016.07.29 22:55:00";"30.0";"69.00";"4650.20020";"4815.20020";"-11936.17";"0.00";"IST";"End Of Friday (Time)";"10m 0s";"-0.00"
"153";"USTEC_ICM_UTC2";"Buy";"4741.3";"4789.5";"2016.08.01 17:00:00";"2016.08.05 22:55:00";"30.0";"713.52";"4658.79980";"4823.79980";"-11222.65";"0.00";"IST";"End Of Friday (Time)";"4d 5h 55m";"-732.48"
"154";"USTEC_ICM_UTC2";"Buy";"4780.0";"4804.8";"2016.08.08 18:45:00";"2016.08.12 22:55:00";"30.0";"11.52";"4697.50000";"4862.50000";"-11211.13";"0.00";"IST";"End Of Friday (Time)";"4d 4h 10m";"-732.48"
"155";"USTEC_ICM_UTC2";"Buy";"4823.4";"4805.5";"2016.08.15 16:45:00";"2016.08.19 22:55:00";"30.0";"-1269.48";"4740.89990";"4905.89990";"-12480.61";"0.00";"IST";"End Of Friday (Time)";"4d 6h 10m";"-732.48"
"156";"USTEC_ICM_UTC2";"Buy";"4815.9";"4780.7";"2016.08.22 17:30:00";"2016.08.26 22:55:00";"30.0";"-1788.48";"4733.39990";"4898.39990";"-14269.09";"0.00";"IST";"End Of Friday (Time)";"4d 5h 25m";"-732.48"
"157";"USTEC_ICM_UTC2";"Buy";"4798.4";"4796.7";"2016.08.29 16:45:00";"2016.09.02 22:55:00";"30.0";"-783.48";"4715.89990";"4880.89990";"-15052.57";"0.00";"IST";"End Of Friday (Time)";"4d 6h 10m";"-732.48"
"158";"USTEC_ICM_UTC2";"Buy";"4788.4";"4705.9";"2016.09.05 19:15:00";"2016.09.09 20:44:00";"30.0";"-3207.48";"4705.89990";"4870.89990";"-18260.05";"0.00";"IST";"SL";"4d 1h 29m";"-732.48"
"159";"USTEC_ICM_UTC2";"Buy";"4689.1";"4771.6";"2016.09.12 16:45:00";"2016.09.12 22:42:00";"30.0";"2475.00";"4606.60010";"4771.60010";"-15785.05";"0.00";"IST";"PT";"5h 57m";"-0.00"
"160";"USTEC_ICM_UTC2";"Buy";"4728.1";"4810.6";"2016.09.13 20:30:00";"2016.09.15 20:42:00";"30.0";"2108.76";"4645.60010";"4810.60010";"-13676.29";"0.00";"IST";"PT";"2d 0h 12m";"-366.24"
"161";"USTEC_ICM_UTC2";"Buy";"4814.6";"4817.8";"2016.09.15 20:45:00";"2016.09.16 22:55:00";"30.0";"-87.12";"4732.10010";"4897.10010";"-13763.41";"0.00";"IST";"End Of Friday (Time)";"1d 2h 10m";"-183.12"
"162";"USTEC_ICM_UTC2";"Buy";"4811.6";"4894.1";"2016.09.20 21:45:00";"2016.09.22 20:08:00";"30.0";"2108.76";"4729.10010";"4894.10010";"-11654.65";"0.00";"IST";"PT";"1d 22h 23m";"-366.24"
"163";"USTEC_ICM_UTC2";"Buy";"4895.6";"4864.7";"2016.09.22 22:45:00";"2016.09.23 22:55:00";"30.0";"-1110.12";"4813.10010";"4978.10010";"-12764.77";"0.00";"IST";"End Of Friday (Time)";"1d 0h 10m";"-183.12"
"164";"USTEC_ICM_UTC2";"Buy";"4818.6";"4885.2";"2016.09.26 22:45:00";"2016.09.30 22:55:00";"30.0";"1265.52";"4736.10010";"4901.10010";"-11499.25";"0.00";"IST";"End Of Friday (Time)";"4d 0h 10m";"-732.48"
"165";"USTEC_ICM_UTC2";"Buy";"4868.4";"4867.2";"2016.10.03 17:45:00";"2016.10.07 22:55:00";"30.0";"-768.48";"4785.89990";"4950.89990";"-12267.73";"0.00";"IST";"End Of Friday (Time)";"4d 5h 10m";"-732.48"
"166";"USTEC_ICM_UTC2";"Buy";"4895.7";"4813.2";"2016.10.10 16:45:00";"2016.10.11 20:54:00";"30.0";"-2658.12";"4813.20020";"4978.20020";"-14925.85";"0.00";"IST";"SL";"1d 4h 9m";"-183.12"
"167";"USTEC_ICM_UTC2";"Buy";"4812.4";"4811.0";"2016.10.11 21:45:00";"2016.10.14 22:55:00";"30.0";"-591.36";"4729.89990";"4894.89990";"-15517.21";"0.00";"IST";"End Of Friday (Time)";"3d 1h 10m";"-549.36"
"168";"USTEC_ICM_UTC2";"Buy";"4801.2";"4851.5";"2016.10.17 22:00:00";"2016.10.21 22:55:00";"30.0";"776.52";"4718.70020";"4883.70020";"-14740.69";"0.00";"IST";"End Of Friday (Time)";"4d 0h 55m";"-732.48"
"169";"USTEC_ICM_UTC2";"Buy";"4899.9";"4817.4";"2016.10.24 20:15:00";"2016.10.28 09:06:00";"30.0";"-3207.48";"4817.39990";"4982.39990";"-17948.17";"0.00";"IST";"SL";"3d 12h 51m";"-732.48"
"170";"USTEC_ICM_UTC2";"Buy";"4829.7";"4802.8";"2016.10.28 16:45:00";"2016.10.28 22:55:00";"30.0";"-807.00";"4747.20020";"4912.20020";"-18755.17";"0.00";"IST";"End Of Friday (Time)";"6h 10m";"-0.00"
"171";"USTEC_ICM_UTC2";"Buy";"4819.7";"4737.2";"2016.10.31 17:30:00";"2016.11.01 20:09:00";"30.0";"-2658.12";"4737.20020";"4902.20020";"-21413.29";"0.00";"IST";"SL";"1d 2h 39m";"-183.12"
"172";"USTEC_ICM_UTC2";"Buy";"4757.6";"4675.1";"2016.11.01 21:30:00";"2016.11.03 21:39:00";"30.0";"-2841.24";"4675.10010";"4840.10010";"-24254.53";"0.00";"IST";"SL";"2d 0h 9m";"-366.24"
"173";"USTEC_ICM_UTC2";"Buy";"4692.6";"4775.1";"2016.11.04 17:15:00";"2016.11.07 19:02:00";"30.0";"1925.64";"4610.10010";"4775.10010";"-22328.89";"0.00";"IST";"PT";"3d 1h 47m";"-549.36"
"174";"USTEC_ICM_UTC2";"Buy";"4773.1";"4594.8";"2016.11.07 20:45:00";"2016.11.09 09:00:00";"30.0";"-5715.21";"4690.60010";"4855.60010";"-28044.10";"0.00";"IST";"SL";"1d 12h 15m";"-366.24"
"175";"USTEC_ICM_UTC2";"Buy";"4810.0";"4727.5";"2016.11.09 21:30:00";"2016.11.10 17:29:00";"30.0";"-2658.12";"4727.50000";"4892.50000";"-30702.22";"0.00";"IST";"SL";"19h 59m";"-183.12"
"176";"USTEC_ICM_UTC2";"Buy";"4718.4";"4754.0";"2016.11.10 19:00:00";"2016.11.11 22:55:00";"30.0";"884.88";"4635.89990";"4800.89990";"-29817.34";"0.00";"IST";"End Of Friday (Time)";"1d 3h 55m";"-183.12"
"177";"USTEC_ICM_UTC2";"Buy";"4751.0";"4833.5";"2016.11.14 16:30:00";"2016.11.18 09:13:00";"30.0";"1742.52";"4668.50000";"4833.50000";"-28074.82";"0.00";"IST";"PT";"3d 16h 43m";"-732.48"
"178";"USTEC_ICM_UTC2";"Buy";"4814.0";"4809.5";"2016.11.18 20:30:00";"2016.11.18 22:55:00";"30.0";"-135.00";"4731.50000";"4896.50000";"-28209.82";"0.00";"IST";"End Of Friday (Time)";"2h 25m";"-0.00"
"179";"USTEC_ICM_UTC2";"Buy";"4837.8";"4755.3";"2016.11.21 16:45:00";"2016.12.01 17:40:00";"30.0";"-4306.20";"4755.29980";"4920.29980";"-32516.02";"0.00";"IST";"SL";"10d 0h 55m";"-1831.20"
"180";"USTEC_ICM_UTC2";"Buy";"4748.0";"4736.6";"2016.12.01 18:15:00";"2016.12.02 22:55:00";"30.0";"-525.12";"4665.50000";"4830.50000";"-33041.14";"0.00";"IST";"End Of Friday (Time)";"1d 4h 40m";"-183.12"
"181";"USTEC_ICM_UTC2";"Buy";"4775.3";"4857.8";"2016.12.05 17:00:00";"2016.12.08 16:39:00";"30.0";"1925.64";"4692.79980";"4857.79980";"-31115.50";"0.00";"IST";"PT";"2d 23h 39m";"-549.36"
"182";"USTEC_ICM_UTC2";"Buy";"4861.0";"4891.8";"2016.12.08 16:45:00";"2016.12.09 22:55:00";"30.0";"740.88";"4778.50000";"4943.50000";"-30374.62";"0.00";"IST";"End Of Friday (Time)";"1d 6h 10m";"-183.12"
"183";"USTEC_ICM_UTC2";"Buy";"4866.0";"4948.5";"2016.12.12 22:00:00";"2016.12.13 17:32:00";"30.0";"2291.88";"4783.50000";"4948.50000";"-28082.74";"0.00";"IST";"PT";"19h 32m";"-183.12"
"184";"USTEC_ICM_UTC2";"Buy";"4953.0";"4915.4";"2016.12.13 18:30:00";"2016.12.16 22:55:00";"30.0";"-1677.36";"4870.50000";"5035.50000";"-29760.10";"0.00";"IST";"End Of Friday (Time)";"3d 4h 25m";"-549.36"
"185";"USTEC_ICM_UTC2";"Buy";"4927.1";"4937.4";"2016.12.19 16:45:00";"2016.12.23 22:55:00";"30.0";"-423.48";"4844.60010";"5009.60010";"-30183.58";"0.00";"IST";"End Of Friday (Time)";"4d 6h 10m";"-732.48"
"186";"USTEC_ICM_UTC2";"Buy";"4964.5";"4882.0";"2016.12.27 16:45:00";"2016.12.30 16:57:00";"30.0";"-3024.36";"4882.00000";"5047.00000";"-33207.94";"0.00";"IST";"SL";"3d 0h 12m";"-549.36"
"187";"USTEC_ICM_UTC2";"Buy";"4920.3";"5002.8";"2017.01.03 17:15:00";"2017.01.06 18:49:00";"30.0";"1925.64";"4837.79980";"5002.79980";"-31282.30";"0.00";"IST";"PT";"3d 1h 34m";"-549.36"
"188";"USTEC_ICM_UTC2";"Buy";"5012.1";"5012.3";"2017.01.06 19:30:00";"2017.01.06 22:55:00";"30.0";"6.00";"4929.60010";"5094.60010";"-31276.30";"0.00";"IST";"End Of Friday (Time)";"3h 25m";"-0.00"
"189";"USTEC_ICM_UTC2";"Buy";"5022.0";"5057.8";"2017.01.09 17:30:00";"2017.01.13 22:55:00";"30.0";"341.52";"4939.50000";"5104.50000";"-30934.78";"0.00";"IST";"End Of Friday (Time)";"4d 5h 25m";"-732.48"
"190";"USTEC_ICM_UTC2";"Buy";"5056.2";"5057.9";"2017.01.18 17:15:00";"2017.01.20 22:55:00";"30.0";"-315.24";"4973.70020";"5138.70020";"-31250.02";"0.00";"IST";"End Of Friday (Time)";"2d 5h 40m";"-366.24"
"191";"USTEC_ICM_UTC2";"Buy";"5047.1";"5129.6";"2017.01.23 18:45:00";"2017.01.25 16:24:00";"30.0";"2108.76";"4964.60010";"5129.60010";"-29141.26";"0.00";"IST";"PT";"1d 21h 39m";"-366.24"
"192";"USTEC_ICM_UTC2";"Buy";"5132.1";"5163.8";"2017.01.25 16:30:00";"2017.01.27 22:55:00";"30.0";"584.76";"5049.60010";"5214.60010";"-28556.50";"0.00";"IST";"End Of Friday (Time)";"2d 6h 25m";"-366.24"
"193";"USTEC_ICM_UTC2";"Buy";"5107.3";"5160.6";"2017.01.30 17:45:00";"2017.02.03 22:55:00";"30.0";"866.52";"5024.79980";"5189.79980";"-27689.98";"0.00";"IST";"End Of Friday (Time)";"4d 5h 10m";"-732.48"
"194";"USTEC_ICM_UTC2";"Buy";"5158.9";"5226.6";"2017.02.06 17:30:00";"2017.02.10 22:55:00";"30.0";"1298.52";"5076.39990";"5241.39990";"-26391.46";"0.00";"IST";"End Of Friday (Time)";"4d 5h 25m";"-732.48"
"195";"USTEC_ICM_UTC2";"Buy";"5256.7";"5318.6";"2017.02.13 19:45:00";"2017.02.17 22:55:00";"30.0";"1124.52";"5174.20020";"5339.20020";"-25266.94";"0.00";"IST";"End Of Friday (Time)";"4d 3h 10m";"-732.48"
"196";"USTEC_ICM_UTC2";"Buy";"5334.7";"5339.0";"2017.02.20 18:00:00";"2017.02.24 22:55:00";"30.0";"-603.48";"5252.20020";"5417.20020";"-25870.42";"0.00";"IST";"End Of Friday (Time)";"4d 4h 55m";"-732.48"
"197";"USTEC_ICM_UTC2";"Buy";"5335.2";"5371.3";"2017.02.27 19:45:00";"2017.03.03 22:55:00";"30.0";"350.52";"5252.70020";"5417.70020";"-25519.90";"0.00";"IST";"End Of Friday (Time)";"4d 3h 10m";"-732.48"
"198";"USTEC_ICM_UTC2";"Buy";"5364.1";"5384.3";"2017.03.06 22:30:00";"2017.03.10 22:55:00";"30.0";"-126.48";"5281.60010";"5446.60010";"-25646.38";"0.00";"IST";"End Of Friday (Time)";"4d 0h 25m";"-732.48"
"199";"USTEC_ICM_UTC2";"Buy";"5389.1";"5442.1";"2017.03.13 17:15:00";"2017.03.31 22:55:00";"30.0";"-1706.16";"5306.60010";"5471.60010";"-27352.54";"0.00";"IST";"End Of Friday (Time)";"18d 5h 40m";"-3296.16"
"200";"USTEC_ICM_UTC2";"Buy";"5438.1";"5420.4";"2017.04.03 22:15:00";"2017.04.07 22:55:00";"30.0";"-1263.48";"5355.60010";"5520.60010";"-28616.02";"0.00";"IST";"End Of Friday (Time)";"4d 0h 40m";"-732.48"
"201";"USTEC_ICM_UTC2";"Buy";"5439.4";"5356.9";"2017.04.10 17:45:00";"2017.04.11 17:57:00";"30.0";"-2658.12";"5356.89990";"5521.89990";"-31274.14";"0.00";"IST";"SL";"1d 0h 12m";"-183.12"
"202";"USTEC_ICM_UTC2";"Buy";"5366.8";"5449.3";"2017.04.11 18:15:00";"2017.04.20 19:42:00";"30.0";"826.92";"5284.29980";"5449.29980";"-30447.22";"0.00";"IST";"PT";"9d 1h 27m";"-1648.08"
"203";"USTEC_ICM_UTC2";"Buy";"5450.5";"5441.6";"2017.04.20 19:45:00";"2017.04.21 22:55:00";"30.0";"-450.12";"5368.00000";"5533.00000";"-30897.34";"0.00";"IST";"End Of Friday (Time)";"1d 3h 10m";"-183.12"
"204";"USTEC_ICM_UTC2";"Buy";"5502.0";"5589.0";"2017.04.24 19:15:00";"2017.04.28 09:00:00";"30.0";"1876.59";"5419.50000";"5584.50000";"-29020.75";"0.00";"IST";"PT";"3d 13h 45m";"-732.48"
"205";"USTEC_ICM_UTC2";"Buy";"5595.2";"5583.6";"2017.04.28 16:30:00";"2017.04.28 22:55:00";"30.0";"-348.00";"5512.70020";"5677.70020";"-29368.75";"0.00";"IST";"End Of Friday (Time)";"6h 25m";"-0.00"
"206";"USTEC_ICM_UTC2";"Buy";"5622.1";"5642.8";"2017.05.01 19:00:00";"2017.05.05 22:55:00";"30.0";"-111.48";"5539.60010";"5704.60010";"-29480.23";"0.00";"IST";"End Of Friday (Time)";"4d 3h 55m";"-732.48"
"207";"USTEC_ICM_UTC2";"Buy";"5681.1";"5682.1";"2017.05.10 16:30:00";"2017.05.12 22:55:00";"30.0";"-336.24";"5598.60010";"5763.60010";"-29816.47";"0.00";"IST";"End Of Friday (Time)";"2d 6h 25m";"-366.24"
"208";"USTEC_ICM_UTC2";"Buy";"5703.1";"5620.6";"2017.05.15 17:45:00";"2017.05.17 18:03:00";"30.0";"-2841.24";"5620.60010";"5785.60010";"-32657.71";"0.00";"IST";"SL";"2d 0h 18m";"-366.24"
"209";"USTEC_ICM_UTC2";"Buy";"5632.9";"5550.4";"2017.05.17 18:30:00";"2017.05.18 12:54:00";"30.0";"-2658.12";"5550.39990";"5715.39990";"-35315.83";"0.00";"IST";"SL";"18h 24m";"-183.12"
"210";"USTEC_ICM_UTC2";"Buy";"5589.4";"5671.9";"2017.05.18 16:45:00";"2017.05.19 19:54:00";"30.0";"2291.88";"5506.89990";"5671.89990";"-33023.95";"0.00";"IST";"PT";"1d 3h 9m";"-183.12"
"211";"USTEC_ICM_UTC2";"Buy";"5671.2";"5650.2";"2017.05.19 21:45:00";"2017.05.19 22:55:00";"30.0";"-630.00";"5588.70020";"5753.70020";"-33653.95";"0.00";"IST";"End Of Friday (Time)";"1h 10m";"-0.00"
"212";"USTEC_ICM_UTC2";"Buy";"5685.0";"5767.5";"2017.05.22 18:30:00";"2017.05.25 17:32:00";"30.0";"1925.64";"5602.50000";"5767.50000";"-31728.31";"0.00";"IST";"PT";"2d 23h 2m";"-549.36"
"213";"USTEC_ICM_UTC2";"Buy";"5766.3";"5786.3";"2017.05.25 17:45:00";"2017.05.26 22:55:00";"30.0";"416.88";"5683.79980";"5848.79980";"-31311.43";"0.00";"IST";"End Of Friday (Time)";"1d 5h 10m";"-183.12"
"214";"USTEC_ICM_UTC2";"Buy";"5796.6";"5879.1";"2017.05.30 16:45:00";"2017.06.02 22:35:00";"30.0";"1925.64";"5714.10010";"5879.10010";"-29385.79";"0.00";"IST";"PT";"3d 5h 50m";"-549.36"
"215";"USTEC_ICM_UTC2";"Buy";"5880.1";"5797.6";"2017.06.05 16:30:00";"2017.06.09 20:12:00";"30.0";"-3207.48";"5797.60010";"5962.60010";"-32593.27";"0.00";"IST";"SL";"4d 3h 42m";"-732.48"
"216";"USTEC_ICM_UTC2";"Buy";"5780.9";"5698.4";"2017.06.09 20:45:00";"2017.06.09 21:48:00";"30.0";"-2475.00";"5698.39990";"5863.39990";"-35068.27";"0.00";"IST";"SL";"1h 3m";"-0.00"
"217";"USTEC_ICM_UTC2";"Buy";"5737.7";"5655.2";"2017.06.13 16:30:00";"2017.06.15 12:00:00";"30.0";"-2841.24";"5655.20020";"5820.20020";"-37909.51";"0.00";"IST";"SL";"1d 19h 30m";"-366.24"
"218";"USTEC_ICM_UTC2";"Buy";"5653.7";"5678.8";"2017.06.15 17:45:00";"2017.06.16 22:55:00";"30.0";"569.88";"5571.20020";"5736.20020";"-37339.63";"0.00";"IST";"End Of Friday (Time)";"1d 5h 10m";"-183.12"
"219";"USTEC_ICM_UTC2";"Buy";"5743.6";"5802.2";"2017.06.19 16:45:00";"2017.06.23 22:55:00";"30.0";"1025.52";"5661.10010";"5826.10010";"-36314.11";"0.00";"IST";"End Of Friday (Time)";"4d 6h 10m";"-732.48"
"220";"USTEC_ICM_UTC2";"Buy";"5846.0";"5763.5";"2017.06.26 16:45:00";"2017.06.27 09:49:00";"30.0";"-2658.12";"5763.50000";"5928.50000";"-38972.23";"0.00";"IST";"SL";"17h 4m";"-183.12"
"221";"USTEC_ICM_UTC2";"Buy";"5750.3";"5655.4";"2017.06.27 17:15:00";"2017.06.28 09:00:00";"30.0";"-3031.05";"5667.79980";"5832.79980";"-42003.28";"0.00";"IST";"SL";"15h 45m";"-183.12"
"222";"USTEC_ICM_UTC2";"Buy";"5734.1";"5651.6";"2017.06.28 19:45:00";"2017.06.29 18:12:00";"30.0";"-2658.12";"5651.60010";"5816.60010";"-44661.40";"0.00";"IST";"SL";"22h 27m";"-183.12"
"223";"USTEC_ICM_UTC2";"Buy";"5650.4";"5660.1";"2017.06.29 19:45:00";"2017.06.30 22:55:00";"30.0";"107.88";"5567.89990";"5732.89990";"-44553.52";"0.00";"IST";"End Of Friday (Time)";"1d 3h 10m";"-183.12"
"224";"USTEC_ICM_UTC2";"Buy";"5608.6";"5658.4";"2017.07.05 16:30:00";"2017.07.07 22:55:00";"30.0";"1127.76";"5526.10010";"5691.10010";"-43425.76";"0.00";"IST";"End Of Friday (Time)";"2d 6h 25m";"-366.24"
"225";"USTEC_ICM_UTC2";"Buy";"5686.2";"5768.7";"2017.07.10 19:15:00";"2017.07.12 19:05:00";"30.0";"2108.76";"5603.70020";"5768.70020";"-41317.00";"0.00";"IST";"PT";"1d 23h 50m";"-366.24"
"226";"USTEC_ICM_UTC2";"Buy";"5767.5";"5837.9";"2017.07.12 20:00:00";"2017.07.14 22:55:00";"30.0";"1745.76";"5685.00000";"5850.00000";"-39571.24";"0.00";"IST";"End Of Friday (Time)";"2d 2h 55m";"-366.24"
"227";"USTEC_ICM_UTC2";"Buy";"5843.0";"5925.5";"2017.07.17 19:15:00";"2017.07.20 15:15:00";"30.0";"1925.64";"5760.50000";"5925.50000";"-37645.60";"0.00";"IST";"PT";"2d 20h 0m";"-549.36"
"228";"USTEC_ICM_UTC2";"Buy";"5919.9";"5915.5";"2017.07.20 18:15:00";"2017.07.21 22:55:00";"30.0";"-315.12";"5837.39990";"6002.39990";"-37960.72";"0.00";"IST";"End Of Friday (Time)";"1d 4h 40m";"-183.12"
"229";"USTEC_ICM_UTC2";"Buy";"5929.0";"5846.5";"2017.07.24 20:15:00";"2017.07.27 20:39:00";"30.0";"-3024.36";"5846.50000";"6011.50000";"-40985.08";"0.00";"IST";"SL";"3d 0h 24m";"-549.36"
"230";"USTEC_ICM_UTC2";"Buy";"5882.5";"5908.5";"2017.07.27 21:00:00";"2017.07.28 22:55:00";"30.0";"596.88";"5800.00000";"5965.00000";"-40388.20";"0.00";"IST";"End Of Friday (Time)";"1d 1h 55m";"-183.12"
"231";"USTEC_ICM_UTC2";"Buy";"5891.1";"5893.5";"2017.07.31 19:30:00";"2017.08.04 22:55:00";"30.0";"-660.48";"5808.60010";"5973.60010";"-41048.68";"0.00";"IST";"End Of Friday (Time)";"4d 3h 25m";"-732.48"
"232";"USTEC_ICM_UTC2";"Buy";"5913.6";"5831.1";"2017.08.07 17:45:00";"2017.08.10 17:07:00";"30.0";"-3024.36";"5831.10010";"5996.10010";"-44073.04";"0.00";"IST";"SL";"2d 23h 22m";"-549.36"
"233";"USTEC_ICM_UTC2";"Buy";"5852.6";"5770.1";"2017.08.10 17:45:00";"2017.08.11 11:15:00";"30.0";"-2658.12";"5770.10010";"5935.10010";"-46731.16";"0.00";"IST";"SL";"17h 30m";"-183.12"
"234";"USTEC_ICM_UTC2";"Buy";"5794.6";"5830.1";"2017.08.11 16:45:00";"2017.08.11 22:55:00";"30.0";"1065.00";"5712.10010";"5877.10010";"-45666.16";"0.00";"IST";"End Of Friday (Time)";"6h 10m";"-0.00"
"235";"USTEC_ICM_UTC2";"Buy";"5874.4";"5791.9";"2017.08.14 16:30:00";"2017.08.17 22:59:00";"30.0";"-3024.36";"5791.89990";"5956.89990";"-48690.52";"0.00";"IST";"SL";"3d 6h 29m";"-549.36"
"236";"USTEC_ICM_UTC2";"Buy";"5819.6";"5793.9";"2017.08.18 19:00:00";"2017.08.18 22:55:00";"30.0";"-771.00";"5737.10010";"5902.10010";"-49461.52";"0.00";"IST";"End Of Friday (Time)";"3h 55m";"-0.00"
"237";"USTEC_ICM_UTC2";"Buy";"5790.1";"5872.6";"2017.08.21 19:30:00";"2017.08.22 21:27:00";"30.0";"2291.88";"5707.60010";"5872.60010";"-47169.64";"0.00";"IST";"PT";"1d 1h 57m";"-183.12"
"238";"USTEC_ICM_UTC2";"Buy";"5877.3";"5826.6";"2017.08.22 22:45:00";"2017.08.25 22:55:00";"30.0";"-2070.36";"5794.79980";"5959.79980";"-49240.00";"0.00";"IST";"End Of Friday (Time)";"3d 0h 10m";"-549.36"
"239";"USTEC_ICM_UTC2";"Buy";"5836.3";"5918.8";"2017.08.28 20:45:00";"2017.08.30 20:11:00";"30.0";"2108.76";"5753.79980";"5918.79980";"-47131.24";"0.00";"IST";"PT";"1d 23h 26m";"-366.24"
"240";"USTEC_ICM_UTC2";"Buy";"5946.9";"5990.4";"2017.08.31 16:30:00";"2017.09.01 22:55:00";"30.0";"1121.88";"5864.39990";"6029.39990";"-46009.36";"0.00";"IST";"End Of Friday (Time)";"1d 6h 25m";"-183.12"
"241";"USTEC_ICM_UTC2";"Buy";"5968.0";"5910.5";"2017.09.04 17:15:00";"2017.09.08 22:55:00";"30.0";"-2457.48";"5885.50000";"6050.50000";"-48466.84";"0.00";"IST";"End Of Friday (Time)";"4d 5h 40m";"-732.48"
"242";"USTEC_ICM_UTC2";"Buy";"5982.9";"5987.0";"2017.09.11 16:45:00";"2017.09.15 22:55:00";"30.0";"-609.48";"5900.39990";"6065.39990";"-49076.32";"0.00";"IST";"End Of Friday (Time)";"4d 6h 10m";"-732.48"
"243";"USTEC_ICM_UTC2";"Buy";"5990.0";"5934.2";"2017.09.19 16:30:00";"2017.09.22 22:55:00";"30.0";"-2223.36";"5907.50000";"6072.50000";"-51299.68";"0.00";"IST";"End Of Friday (Time)";"3d 6h 25m";"-549.36"
"244";"USTEC_ICM_UTC2";"Buy";"5906.5";"5977.9";"2017.09.25 16:30:00";"2017.09.29 22:55:00";"30.0";"1409.52";"5824.00000";"5989.00000";"-49890.16";"0.00";"IST";"End Of Friday (Time)";"4d 6h 25m";"-732.48"
"245";"USTEC_ICM_UTC2";"Buy";"5990.8";"6062.3";"2017.10.03 18:30:00";"2017.10.06 22:55:00";"30.0";"1595.64";"5908.29980";"6073.29980";"-48294.52";"0.00";"IST";"End Of Friday (Time)";"3d 4h 25m";"-549.36"
"246";"USTEC_ICM_UTC2";"Buy";"6073.3";"6091.6";"2017.10.09 19:00:00";"2017.10.13 22:55:00";"30.0";"-183.48";"5990.79980";"6155.79980";"-48478.00";"0.00";"IST";"End Of Friday (Time)";"4d 3h 55m";"-732.48"
"247";"USTEC_ICM_UTC2";"Buy";"6105.1";"6100.8";"2017.10.16 20:30:00";"2017.10.20 22:55:00";"30.0";"-861.48";"6022.60010";"6187.60010";"-49339.48";"0.00";"IST";"End Of Friday (Time)";"4d 2h 25m";"-732.48"
"248";"USTEC_ICM_UTC2";"Buy";"6083.8";"6166.3";"2017.10.24 18:15:00";"2017.10.27 17:03:00";"30.0";"1925.64";"6001.29980";"6166.29980";"-47413.84";"0.00";"IST";"PT";"2d 22h 48m";"-549.36"
"249";"USTEC_ICM_UTC2";"Buy";"6213.8";"6216.9";"2017.10.27 19:45:00";"2017.10.27 22:55:00";"30.0";"93.00";"6131.29980";"6296.29980";"-47320.84";"0.00";"IST";"End Of Friday (Time)";"3h 10m";"-0.00"
"250";"USTEC_ICM_UTC2";"Buy";"6242.5";"6327.9";"2017.10.31 17:00:00";"2017.11.07 09:05:00";"30.0";"1279.23";"6160.00000";"6325.00000";"-46041.61";"0.00";"IST";"PT";"6d 16h 5m";"-1281.84"
"251";"USTEC_ICM_UTC2";"Buy";"6317.5";"6309.6";"2017.11.07 20:45:00";"2017.11.10 22:55:00";"30.0";"-786.36";"6235.00000";"6400.00000";"-46827.97";"0.00";"IST";"End Of Friday (Time)";"3d 2h 10m";"-549.36"
"252";"USTEC_ICM_UTC2";"Buy";"6286.0";"6315.6";"2017.11.13 16:30:00";"2017.11.17 22:55:00";"30.0";"155.52";"6203.50000";"6368.50000";"-46672.45";"0.00";"IST";"End Of Friday (Time)";"4d 6h 25m";"-732.48"
"253";"USTEC_ICM_UTC2";"Buy";"6358.7";"6276.2";"2017.11.21 16:45:00";"2017.12.01 18:28:00";"30.0";"-4306.20";"6276.20020";"6441.20020";"-50978.65";"0.00";"IST";"SL";"10d 1h 43m";"-1831.20"
"254";"USTEC_ICM_UTC2";"Buy";"6304.0";"6337.8";"2017.12.01 19:15:00";"2017.12.01 22:55:00";"30.0";"1014.00";"6221.50000";"6386.50000";"-49964.65";"0.00";"IST";"End Of Friday (Time)";"3h 40m";"-0.00"
"255";"USTEC_ICM_UTC2";"Buy";"6309.5";"6339.2";"2017.12.04 19:15:00";"2017.12.08 22:55:00";"30.0";"158.52";"6227.00000";"6392.00000";"-49806.13";"0.00";"IST";"End Of Friday (Time)";"4d 3h 40m";"-732.48"
"256";"USTEC_ICM_UTC2";"Buy";"6365.1";"6447.6";"2017.12.11 17:15:00";"2017.12.15 19:02:00";"30.0";"1742.52";"6282.60010";"6447.60010";"-48063.61";"0.00";"IST";"PT";"4d 1h 47m";"-732.48"
"257";"USTEC_ICM_UTC2";"Buy";"6460.1";"6458.9";"2017.12.15 21:00:00";"2017.12.15 22:55:00";"30.0";"-36.00";"6377.60010";"6542.60010";"-48099.61";"0.00";"IST";"End Of Friday (Time)";"1h 55m";"-0.00"
"258";"USTEC_ICM_UTC2";"Buy";"6520.4";"6467.4";"2017.12.18 20:00:00";"2017.12.22 22:55:00";"30.0";"-2322.48";"6437.89990";"6602.89990";"-50422.09";"0.00";"IST";"End Of Friday (Time)";"4d 2h 55m";"-732.48"
"259";"USTEC_ICM_UTC2";"Buy";"6439.0";"6399.3";"2017.12.26 16:30:00";"2017.12.29 22:55:00";"30.0";"-1740.36";"6356.50000";"6521.50000";"-52162.45";"0.00";"IST";"End Of Friday (Time)";"3d 6h 25m";"-549.36"
"260";"USTEC_ICM_UTC2";"Buy";"6432.9";"6515.4";"2018.01.02 16:30:00";"2018.01.03 09:05:00";"30.0";"2291.88";"6350.39990";"6515.39990";"-49870.57";"0.00";"IST";"PT";"16h 35m";"-183.12"
"261";"USTEC_ICM_UTC2";"Buy";"6519.2";"6601.7";"2018.01.03 16:30:00";"2018.01.04 15:24:00";"30.0";"2291.88";"6436.70020";"6601.70020";"-47578.69";"0.00";"IST";"PT";"22h 54m";"-183.12"
"262";"USTEC_ICM_UTC2";"Buy";"6596.8";"6653.6";"2018.01.04 19:15:00";"2018.01.05 22:55:00";"30.0";"1520.88";"6514.29980";"6679.29980";"-46057.81";"0.00";"IST";"End Of Friday (Time)";"1d 3h 40m";"-183.12"
"263";"USTEC_ICM_UTC2";"Buy";"6671.2";"6753.7";"2018.01.08 17:30:00";"2018.01.12 19:51:00";"30.0";"1742.52";"6588.70020";"6753.70020";"-44315.29";"0.00";"IST";"PT";"4d 2h 21m";"-732.48"
"264";"USTEC_ICM_UTC2";"Buy";"6761.0";"6760.7";"2018.01.12 21:30:00";"2018.01.12 22:55:00";"30.0";"-9.00";"6678.50000";"6843.50000";"-44324.29";"0.00";"IST";"End Of Friday (Time)";"1h 25m";"-0.00"
"265";"USTEC_ICM_UTC2";"Buy";"6774.2";"6831.0";"2018.01.15 17:15:00";"2018.01.19 22:55:00";"30.0";"971.52";"6691.70020";"6856.70020";"-43352.77";"0.00";"IST";"End Of Friday (Time)";"4d 5h 40m";"-732.48"
"266";"USTEC_ICM_UTC2";"Buy";"6837.6";"6937.0";"2018.01.22 16:45:00";"2018.01.23 09:05:00";"30.0";"2797.95";"6755.10010";"6920.10010";"-40554.82";"0.00";"IST";"PT";"16h 20m";"-183.12"
"267";"USTEC_ICM_UTC2";"Buy";"6929.0";"7011.5";"2018.01.23 16:30:00";"2018.01.26 22:50:00";"30.0";"1925.64";"6846.50000";"7011.50000";"-38629.18";"0.00";"IST";"PT";"3d 6h 20m";"-549.36"
"268";"USTEC_ICM_UTC2";"Buy";"6989.3";"6906.8";"2018.01.29 18:30:00";"2018.01.30 16:30:00";"30.0";"-2658.12";"6906.79980";"7071.79980";"-41287.30";"0.00";"IST";"SL";"22h 0m";"-183.12"
"269";"USTEC_ICM_UTC2";"Buy";"6966.7";"6884.2";"2018.01.31 16:30:00";"2018.02.01 22:36:00";"30.0";"-2658.12";"6884.20020";"7049.20020";"-43945.42";"0.00";"IST";"SL";"1d 6h 6m";"-183.12"
"270";"USTEC_ICM_UTC2";"Buy";"6840.7";"6747.7";"2018.02.02 17:30:00";"2018.02.05 09:05:00";"30.0";"-3340.29";"6758.20020";"6923.20020";"-47285.71";"0.00";"IST";"SL";"2d 15h 35m";"-549.36"
"271";"USTEC_ICM_UTC2";"Buy";"6630.3";"6547.8";"2018.02.05 22:30:00";"2018.02.05 22:47:00";"30.0";"-2475.00";"6547.79980";"6712.79980";"-49760.71";"0.00";"IST";"SL";"17m 0s";"-0.00"
"272";"USTEC_ICM_UTC2";"Buy";"6510.5";"6593.0";"2018.02.06 16:45:00";"2018.02.06 16:54:00";"30.0";"2475.00";"6428.00000";"6593.00000";"-47285.71";"0.00";"IST";"PT";"9m 0s";"-0.00"
"273";"USTEC_ICM_UTC2";"Buy";"6682.0";"6599.5";"2018.02.07 17:15:00";"2018.02.07 20:14:00";"30.0";"-2475.00";"6599.50000";"6764.50000";"-49760.71";"0.00";"IST";"SL";"2h 59m";"-0.00"
"274";"USTEC_ICM_UTC2";"Buy";"6393.6";"6311.1";"2018.02.09 16:45:00";"2018.02.09 17:46:00";"30.0";"-2475.00";"6311.10010";"6476.10010";"-52235.71";"0.00";"IST";"SL";"1h 1m";"-0.00"
"275";"USTEC_ICM_UTC2";"Buy";"6487.7";"6570.2";"2018.02.12 18:15:00";"2018.02.14 09:26:00";"30.0";"2108.76";"6405.20020";"6570.20020";"-50126.95";"0.00";"IST";"PT";"1d 15h 11m";"-366.24"
"276";"USTEC_ICM_UTC2";"Buy";"6614.0";"6716.9";"2018.02.14 18:30:00";"2018.02.15 09:05:00";"30.0";"2902.65";"6531.50000";"6696.50000";"-47224.30";"0.00";"IST";"PT";"14h 35m";"-183.12"
"277";"USTEC_ICM_UTC2";"Buy";"6747.7";"6830.2";"2018.02.15 19:45:00";"2018.02.16 09:48:00";"30.0";"2291.88";"6665.20020";"6830.20020";"-44932.42";"0.00";"IST";"PT";"14h 3m";"-183.12"
"278";"USTEC_ICM_UTC2";"Buy";"6817.7";"6785.2";"2018.02.16 17:30:00";"2018.02.16 22:55:00";"30.0";"-975.00";"6735.20020";"6900.20020";"-45907.42";"0.00";"IST";"End Of Friday (Time)";"5h 25m";"-0.00"
"279";"USTEC_ICM_UTC2";"Buy";"6804.4";"6721.9";"2018.02.20 18:15:00";"2018.02.22 09:10:00";"30.0";"-2841.24";"6721.89990";"6886.89990";"-48748.66";"0.00";"IST";"SL";"1d 14h 55m";"-366.24"
"280";"USTEC_ICM_UTC2";"Buy";"6806.2";"6888.7";"2018.02.22 16:45:00";"2018.02.23 22:24:00";"30.0";"2291.88";"6723.70020";"6888.70020";"-46456.78";"0.00";"IST";"PT";"1d 5h 39m";"-183.12"
"281";"USTEC_ICM_UTC2";"Buy";"6952.8";"6870.3";"2018.02.26 18:15:00";"2018.02.28 22:50:00";"30.0";"-2841.24";"6870.29980";"7035.29980";"-49298.02";"0.00";"IST";"SL";"2d 4h 35m";"-366.24"
"282";"USTEC_ICM_UTC2";"Buy";"6732.9";"6650.4";"2018.03.01 21:30:00";"2018.03.02 16:44:00";"30.0";"-2658.12";"6650.39990";"6815.39990";"-51956.14";"0.00";"IST";"SL";"19h 14m";"-183.12"
"283";"USTEC_ICM_UTC2";"Buy";"6688.3";"6770.8";"2018.03.02 17:15:00";"2018.03.02 19:51:00";"30.0";"2475.00";"6605.79980";"6770.79980";"-49481.14";"0.00";"IST";"PT";"2h 36m";"-0.00"
"284";"USTEC_ICM_UTC2";"Buy";"6804.0";"6886.5";"2018.03.05 17:45:00";"2018.03.05 20:03:00";"30.0";"2475.00";"6721.50000";"6886.50000";"-47006.14";"0.00";"IST";"PT";"2h 18m";"-0.00"
"285";"USTEC_ICM_UTC2";"Buy";"6901.3";"6983.8";"2018.03.06 19:00:00";"2018.03.09 15:30:00";"30.0";"1925.64";"6818.79980";"6983.79980";"-45080.50";"0.00";"IST";"PT";"2d 20h 30m";"-549.36"
"286";"USTEC_ICM_UTC2";"Buy";"7035.3";"7091.0";"2018.03.09 17:15:00";"2018.03.09 22:55:00";"30.0";"1671.00";"6952.79980";"7117.79980";"-43409.50";"0.00";"IST";"End Of Friday (Time)";"5h 40m";"-0.00"
"287";"USTEC_ICM_UTC2";"Buy";"7155.0";"7072.5";"2018.03.12 19:15:00";"2018.03.13 18:05:00";"30.0";"-2658.12";"7072.50000";"7237.50000";"-46067.62";"0.00";"IST";"SL";"22h 50m";"-183.12"
"288";"USTEC_ICM_UTC2";"Buy";"7066.2";"6964.4";"2018.03.14 16:45:00";"2018.03.19 08:05:00";"30.0";"-3970.83";"6983.70020";"7148.70020";"-50038.45";"0.00";"IST";"SL";"4d 15h 20m";"-915.60"
"289";"USTEC_ICM_UTC2";"Buy";"6836.4";"6918.9";"2018.03.19 18:15:00";"2018.03.21 20:00:00";"30.0";"2108.76";"6753.89990";"6918.89990";"-47929.69";"0.00";"IST";"PT";"2d 1h 45m";"-366.24"
"290";"USTEC_ICM_UTC2";"Buy";"6781.4";"6698.9";"2018.03.22 19:30:00";"2018.03.22 21:45:00";"30.0";"-2475.00";"6698.89990";"6863.89990";"-50404.69";"0.00";"IST";"SL";"2h 15m";"-0.00"
"291";"USTEC_ICM_UTC2";"Buy";"6688.8";"6606.3";"2018.03.23 16:45:00";"2018.03.23 19:01:00";"30.0";"-2475.00";"6606.29980";"6771.29980";"-52879.69";"0.00";"IST";"SL";"2h 16m";"-0.00"
"292";"USTEC_ICM_UTC2";"Buy";"6649.2";"6731.7";"2018.03.26 20:15:00";"2018.03.26 22:40:00";"30.0";"2475.00";"6566.70020";"6731.70020";"-50404.69";"0.00";"IST";"PT";"2h 25m";"-0.00"
"293";"USTEC_ICM_UTC2";"Buy";"6494.5";"6412.0";"2018.03.28 17:15:00";"2018.03.28 17:47:00";"30.0";"-2475.00";"6412.00000";"6577.00000";"-52879.69";"0.00";"IST";"SL";"32m 0s";"-0.00"
"294";"USTEC_ICM_UTC2";"Buy";"6548.1";"6630.6";"2018.03.29 19:30:00";"2018.03.29 21:49:00";"30.0";"2475.00";"6465.60010";"6630.60010";"-50404.69";"0.00";"IST";"PT";"2h 19m";"-0.00"
"295";"USTEC_ICM_UTC2";"Buy";"6339.5";"6422.0";"2018.04.02 21:30:00";"2018.04.03 10:05:00";"30.0";"2291.88";"6257.00000";"6422.00000";"-48112.81";"0.00";"IST";"PT";"12h 35m";"-183.12"
"296";"USTEC_ICM_UTC2";"Buy";"6388.7";"6471.2";"2018.04.03 20:15:00";"2018.04.03 22:08:00";"30.0";"2475.00";"6306.20020";"6471.20020";"-45637.81";"0.00";"IST";"PT";"1h 53m";"-0.00"
"297";"USTEC_ICM_UTC2";"Buy";"6376.7";"6459.2";"2018.04.04 16:45:00";"2018.04.04 18:31:00";"30.0";"2475.00";"6294.20020";"6459.20020";"-43162.81";"0.00";"IST";"PT";"1h 46m";"-0.00"
"298";"USTEC_ICM_UTC2";"Buy";"6622.2";"6510.8";"2018.04.05 18:45:00";"2018.04.06 09:05:00";"30.0";"-3526.02";"6539.70020";"6704.70020";"-46688.83";"0.00";"IST";"SL";"14h 20m";"-183.12"
"299";"USTEC_ICM_UTC2";"Buy";"6565.2";"6482.7";"2018.04.06 16:45:00";"2018.04.06 20:49:00";"30.0";"-2475.00";"6482.70020";"6647.70020";"-49163.83";"0.00";"IST";"SL";"4h 4m";"-0.00"
"300";"USTEC_ICM_UTC2";"Buy";"6542.9";"6625.4";"2018.04.09 17:30:00";"2018.04.10 22:09:00";"30.0";"2291.88";"6460.39990";"6625.39990";"-46871.95";"0.00";"IST";"PT";"1d 4h 39m";"-183.12"
"301";"USTEC_ICM_UTC2";"Buy";"6624.1";"6632.4";"2018.04.11 17:30:00";"2018.04.13 22:55:00";"30.0";"-117.24";"6541.60010";"6706.60010";"-46989.19";"0.00";"IST";"End Of Friday (Time)";"2d 5h 25m";"-366.24"
"302";"USTEC_ICM_UTC2";"Buy";"6661.2";"6743.7";"2018.04.16 18:45:00";"2018.04.17 15:04:00";"30.0";"2291.88";"6578.70020";"6743.70020";"-44697.31";"0.00";"IST";"PT";"20h 19m";"-183.12"
"303";"USTEC_ICM_UTC2";"Buy";"6756.8";"6839.3";"2018.04.17 16:45:00";"2018.04.18 11:17:00";"30.0";"2291.88";"6674.29980";"6839.29980";"-42405.43";"0.00";"IST";"PT";"18h 32m";"-183.12"
"304";"USTEC_ICM_UTC2";"Buy";"6847.8";"6765.3";"2018.04.18 19:15:00";"2018.04.19 18:14:00";"30.0";"-2658.12";"6765.29980";"6930.29980";"-45063.55";"0.00";"IST";"SL";"22h 59m";"-183.12"
"305";"USTEC_ICM_UTC2";"Buy";"6729.6";"6647.1";"2018.04.20 17:30:00";"2018.04.20 22:07:00";"30.0";"-2475.00";"6647.10010";"6812.10010";"-47538.55";"0.00";"IST";"SL";"4h 37m";"-0.00"
"306";"USTEC_ICM_UTC2";"Buy";"6702.3";"6619.8";"2018.04.23 18:00:00";"2018.04.23 21:53:00";"30.0";"-2475.00";"6619.79980";"6784.79980";"-50013.55";"0.00";"IST";"SL";"3h 53m";"-0.00"
"307";"USTEC_ICM_UTC2";"Buy";"6603.9";"6521.4";"2018.04.24 18:45:00";"2018.04.24 19:35:00";"30.0";"-2475.00";"6521.39990";"6686.39990";"-52488.55";"0.00";"IST";"SL";"50m 0s";"-0.00"
"308";"USTEC_ICM_UTC2";"Buy";"6520.2";"6437.7";"2018.04.25 16:30:00";"2018.04.25 17:01:00";"30.0";"-2475.00";"6437.70020";"6602.70020";"-54963.55";"0.00";"IST";"SL";"31m 0s";"-0.00"
"309";"USTEC_ICM_UTC2";"Buy";"6638.4";"6720.9";"2018.04.26 17:15:00";"2018.04.26 23:04:00";"30.0";"2475.00";"6555.89990";"6720.89990";"-52488.55";"0.00";"IST";"PT";"5h 49m";"-0.00"
"310";"USTEC_ICM_UTC2";"Buy";"6617.1";"6710.0";"2018.04.30 19:45:00";"2018.05.02 01:00:00";"30.0";"2419.83";"6534.60010";"6699.60010";"-50068.72";"0.00";"IST";"PT";"1d 5h 15m";"-366.24"
"311";"USTEC_ICM_UTC2";"Buy";"6686.4";"6603.9";"2018.05.02 20:15:00";"2018.05.03 14:55:00";"30.0";"-2658.12";"6603.89990";"6768.89990";"-52726.84";"0.00";"IST";"SL";"18h 40m";"-183.12"
"312";"USTEC_ICM_UTC2";"Buy";"6568.4";"6650.9";"2018.05.03 18:15:00";"2018.05.03 20:34:00";"30.0";"2475.00";"6485.89990";"6650.89990";"-50251.84";"0.00";"IST";"PT";"2h 19m";"-0.00"
"313";"USTEC_ICM_UTC2";"Buy";"6650.4";"6732.9";"2018.05.04 16:45:00";"2018.05.04 18:01:00";"30.0";"2475.00";"6567.89990";"6732.89990";"-47776.84";"0.00";"IST";"PT";"1h 16m";"-0.00"
"314";"USTEC_ICM_UTC2";"Buy";"6832.6";"6915.1";"2018.05.07 16:45:00";"2018.05.10 15:53:00";"30.0";"1925.64";"6750.10010";"6915.10010";"-45851.20";"0.00";"IST";"PT";"2d 23h 8m";"-549.36"
"315";"USTEC_ICM_UTC2";"Buy";"6930.2";"6944.8";"2018.05.10 17:30:00";"2018.05.11 22:55:00";"30.0";"254.88";"6847.70020";"7012.70020";"-45596.32";"0.00";"IST";"End Of Friday (Time)";"1d 5h 25m";"-183.12"
"316";"USTEC_ICM_UTC2";"Buy";"6992.8";"6910.3";"2018.05.14 17:15:00";"2018.05.15 15:49:00";"30.0";"-2658.12";"6910.29980";"7075.29980";"-48254.45";"0.00";"IST";"SL";"22h 34m";"-183.12"
"317";"USTEC_ICM_UTC2";"Buy";"6908.3";"6869.6";"2018.05.15 16:30:00";"2018.05.18 22:55:00";"30.0";"-1710.36";"6825.79980";"6990.79980";"-49964.80";"0.00";"IST";"End Of Friday (Time)";"3d 6h 25m";"-549.36"
"318";"USTEC_ICM_UTC2";"Buy";"6918.3";"6835.8";"2018.05.21 16:30:00";"2018.05.23 11:16:00";"30.0";"-2841.24";"6835.79980";"7000.79980";"-52806.04";"0.00";"IST";"SL";"1d 18h 46m";"-366.24"
"319";"USTEC_ICM_UTC2";"Buy";"6842.0";"6924.5";"2018.05.23 16:30:00";"2018.05.23 21:09:00";"30.0";"2475.00";"6759.50000";"6924.50000";"-50331.04";"0.00";"IST";"PT";"4h 39m";"-0.00"
"320";"USTEC_ICM_UTC2";"Buy";"6947.7";"6960.3";"2018.05.24 20:15:00";"2018.05.25 22:55:00";"30.0";"194.88";"6865.20020";"7030.20020";"-50136.16";"0.00";"IST";"End Of Friday (Time)";"1d 2h 40m";"-183.12"
"321";"USTEC_ICM_UTC2";"Buy";"6980.9";"6898.4";"2018.05.28 17:30:00";"2018.05.29 11:31:00";"30.0";"-2658.12";"6898.39990";"7063.39990";"-52794.29";"0.00";"IST";"SL";"18h 1m";"-183.12"
"322";"USTEC_ICM_UTC2";"Buy";"6936.7";"7019.2";"2018.05.29 16:45:00";"2018.06.01 16:35:00";"30.0";"1925.64";"6854.20020";"7019.20020";"-50868.64";"0.00";"IST";"PT";"2d 23h 50m";"-549.36"
"323";"USTEC_ICM_UTC2";"Buy";"7024.5";"7078.0";"2018.06.01 16:45:00";"2018.06.01 22:55:00";"30.0";"1605.00";"6942.00000";"7107.00000";"-49263.64";"0.00";"IST";"End Of Friday (Time)";"6h 10m";"-0.00"
"324";"USTEC_ICM_UTC2";"Buy";"7121.6";"7204.1";"2018.06.04 18:00:00";"2018.06.06 22:50:00";"30.0";"2108.76";"7039.10010";"7204.10010";"-47154.88";"0.00";"IST";"PT";"2d 4h 50m";"-366.24"
"325";"USTEC_ICM_UTC2";"Buy";"7122.7";"7155.5";"2018.06.07 21:00:00";"2018.06.08 22:55:00";"30.0";"800.88";"7040.20020";"7205.20020";"-46354.00";"0.00";"IST";"End Of Friday (Time)";"1d 1h 55m";"-183.12"
"326";"USTEC_ICM_UTC2";"Buy";"7176.8";"7259.3";"2018.06.11 18:45:00";"2018.06.13 18:36:00";"30.0";"2108.76";"7094.29980";"7259.29980";"-44245.24";"0.00";"IST";"PT";"1d 23h 51m";"-366.24"
"327";"USTEC_ICM_UTC2";"Buy";"7267.9";"7252.0";"2018.06.14 17:15:00";"2018.06.15 22:55:00";"30.0";"-660.12";"7185.39990";"7350.39990";"-44905.36";"0.00";"IST";"End Of Friday (Time)";"1d 5h 40m";"-183.12"
"328";"USTEC_ICM_UTC2";"Buy";"7207.5";"7290.0";"2018.06.18 16:30:00";"2018.06.20 18:58:00";"30.0";"2108.76";"7125.00000";"7290.00000";"-42796.60";"0.00";"IST";"PT";"2d 2h 28m";"-366.24"
"329";"USTEC_ICM_UTC2";"Buy";"7293.3";"7210.8";"2018.06.20 19:00:00";"2018.06.21 17:22:00";"30.0";"-2658.12";"7210.79980";"7375.79980";"-45454.72";"0.00";"IST";"SL";"22h 22m";"-183.12"
"330";"USTEC_ICM_UTC2";"Buy";"7238.4";"7207.5";"2018.06.21 21:15:00";"2018.06.22 22:55:00";"30.0";"-1110.12";"7155.89990";"7320.89990";"-46564.84";"0.00";"IST";"End Of Friday (Time)";"1d 1h 40m";"-183.12"
"331";"USTEC_ICM_UTC2";"Buy";"7082.2";"6999.7";"2018.06.25 17:45:00";"2018.06.25 19:09:00";"30.0";"-2475.00";"6999.70020";"7164.70020";"-49039.84";"0.00";"IST";"SL";"1h 24m";"-0.00"
"332";"USTEC_ICM_UTC2";"Buy";"7085.3";"7002.8";"2018.06.26 16:45:00";"2018.06.27 11:05:00";"30.0";"-2658.12";"7002.79980";"7167.79980";"-51697.96";"0.00";"IST";"SL";"18h 20m";"-183.12"
"333";"USTEC_ICM_UTC2";"Buy";"7006.4";"7088.9";"2018.06.28 20:30:00";"2018.06.29 11:17:00";"30.0";"2291.88";"6923.89990";"7088.89990";"-49406.08";"0.00";"IST";"PT";"14h 47m";"-183.12"
"334";"USTEC_ICM_UTC2";"Buy";"7066.4";"7053.5";"2018.06.29 16:30:00";"2018.06.29 22:55:00";"30.0";"-387.00";"6983.89990";"7148.89990";"-49793.08";"0.00";"IST";"End Of Friday (Time)";"6h 25m";"-0.00"
"335";"USTEC_ICM_UTC2";"Buy";"6994.9";"7077.4";"2018.07.02 16:45:00";"2018.07.02 21:30:00";"30.0";"2475.00";"6912.39990";"7077.39990";"-47318.08";"0.00";"IST";"PT";"4h 45m";"-0.00"
"336";"USTEC_ICM_UTC2";"Buy";"7013.7";"7096.2";"2018.07.04 18:30:00";"2018.07.05 20:03:00";"30.0";"2291.88";"6931.20020";"7096.20020";"-45026.20";"0.00";"IST";"PT";"1d 1h 33m";"-183.12"
"337";"USTEC_ICM_UTC2";"Buy";"7096.5";"7179.0";"2018.07.05 20:15:00";"2018.07.06 18:29:00";"30.0";"2291.88";"7014.00000";"7179.00000";"-42734.32";"0.00";"IST";"PT";"22h 14m";"-183.12"
"338";"USTEC_ICM_UTC2";"Buy";"7257.9";"7340.4";"2018.07.09 16:45:00";"2018.07.12 18:57:00";"30.0";"1925.64";"7175.39990";"7340.39990";"-40808.68";"0.00";"IST";"PT";"3d 2h 12m";"-549.36"
"339";"USTEC_ICM_UTC2";"Buy";"7346.3";"7378.1";"2018.07.12 19:00:00";"2018.07.13 22:55:00";"30.0";"770.88";"7263.79980";"7428.79980";"-40037.80";"0.00";"IST";"End Of Friday (Time)";"1d 3h 55m";"-183.12"
"340";"USTEC_ICM_UTC2";"Buy";"7381.1";"7298.6";"2018.07.16 19:30:00";"2018.07.17 01:01:00";"30.0";"-2658.12";"7298.60010";"7463.60010";"-42695.93";"0.00";"IST";"SL";"5h 31m";"-183.12"
"341";"USTEC_ICM_UTC2";"Buy";"7314.0";"7396.5";"2018.07.17 16:45:00";"2018.07.17 19:22:00";"30.0";"2475.00";"7231.50000";"7396.50000";"-40220.93";"0.00";"IST";"PT";"2h 37m";"-0.00"
"342";"USTEC_ICM_UTC2";"Buy";"7382.7";"7345.9";"2018.07.18 18:00:00";"2018.07.20 22:55:00";"30.0";"-1470.24";"7300.20020";"7465.20020";"-41691.16";"0.00";"IST";"End Of Friday (Time)";"2d 4h 55m";"-366.24"
"343";"USTEC_ICM_UTC2";"Buy";"7333.8";"7416.3";"2018.07.23 17:15:00";"2018.07.23 23:13:00";"30.0";"2475.00";"7251.29980";"7416.29980";"-39216.16";"0.00";"IST";"PT";"5h 58m";"-0.00"
"344";"USTEC_ICM_UTC2";"Buy";"7466.5";"7384.0";"2018.07.24 16:45:00";"2018.07.24 20:23:00";"30.0";"-2475.00";"7384.00000";"7549.00000";"-41691.16";"0.00";"IST";"SL";"3h 38m";"-0.00"
"345";"USTEC_ICM_UTC2";"Buy";"7405.8";"7488.3";"2018.07.25 16:30:00";"2018.07.25 22:40:00";"30.0";"2475.00";"7323.29980";"7488.29980";"-39216.16";"0.00";"IST";"PT";"6h 10m";"-0.00"
"346";"USTEC_ICM_UTC2";"Buy";"7418.1";"7335.6";"2018.07.26 17:15:00";"2018.07.27 19:03:00";"30.0";"-2658.12";"7335.60010";"7500.60010";"-41874.29";"0.00";"IST";"SL";"1d 1h 48m";"-183.12"
"347";"USTEC_ICM_UTC2";"Buy";"7280.9";"7295.9";"2018.07.27 20:30:00";"2018.07.27 22:55:00";"30.0";"450.00";"7198.39990";"7363.39990";"-41424.29";"0.00";"IST";"End Of Friday (Time)";"2h 25m";"-0.00"
"348";"USTEC_ICM_UTC2";"Buy";"7295.7";"7213.2";"2018.07.30 16:30:00";"2018.07.30 16:45:00";"30.0";"-2475.00";"7213.20020";"7378.20020";"-43899.29";"0.00";"IST";"SL";"15m 0s";"-0.00"
"349";"USTEC_ICM_UTC2";"Buy";"7217.2";"7299.7";"2018.07.31 16:30:00";"2018.08.02 17:38:00";"30.0";"2108.76";"7134.70020";"7299.70020";"-41790.52";"0.00";"IST";"PT";"2d 1h 8m";"-366.24"
"350";"USTEC_ICM_UTC2";"Buy";"7308.3";"7390.8";"2018.08.02 18:30:00";"2018.08.03 14:15:00";"30.0";"2291.88";"7225.79980";"7390.79980";"-39498.64";"0.00";"IST";"PT";"19h 45m";"-183.12"
"351";"USTEC_ICM_UTC2";"Buy";"7378.8";"7391.5";"2018.08.03 19:30:00";"2018.08.03 22:55:00";"30.0";"381.00";"7296.29980";"7461.29980";"-39117.64";"0.00";"IST";"End Of Friday (Time)";"3h 25m";"-0.00"
"352";"USTEC_ICM_UTC2";"Buy";"7414.5";"7497.0";"2018.08.06 18:45:00";"2018.08.09 20:50:00";"30.0";"1925.64";"7332.00000";"7497.00000";"-37192.00";"0.00";"IST";"PT";"3d 2h 5m";"-549.36"
"353";"USTEC_ICM_UTC2";"Buy";"7436.7";"7408.6";"2018.08.10 16:45:00";"2018.08.10 22:55:00";"30.0";"-843.00";"7354.20020";"7519.20020";"-38035.00";"0.00";"IST";"End Of Friday (Time)";"6h 10m";"-0.00"
"354";"USTEC_ICM_UTC2";"Buy";"7435.9";"7353.4";"2018.08.13 16:45:00";"2018.08.15 17:00:00";"30.0";"-2841.24";"7353.39990";"7518.39990";"-40876.25";"0.00";"IST";"SL";"2d 0h 15m";"-366.24"
"355";"USTEC_ICM_UTC2";"Buy";"7347.7";"7381.5";"2018.08.15 20:15:00";"2018.08.17 22:55:00";"30.0";"647.76";"7265.20020";"7430.20020";"-40228.48";"0.00";"IST";"End Of Friday (Time)";"2d 2h 40m";"-366.24"
"356";"USTEC_ICM_UTC2";"Buy";"7394.3";"7476.8";"2018.08.20 16:30:00";"2018.08.24 17:45:00";"30.0";"1742.52";"7311.79980";"7476.79980";"-38485.96";"0.00";"IST";"PT";"4d 1h 15m";"-732.48"
"357";"USTEC_ICM_UTC2";"Buy";"7483.0";"7487.2";"2018.08.24 22:00:00";"2018.08.24 22:55:00";"30.0";"126.00";"7400.50000";"7565.50000";"-38359.96";"0.00";"IST";"End Of Friday (Time)";"55m 0s";"-0.00"
"358";"USTEC_ICM_UTC2";"Buy";"7577.2";"7659.7";"2018.08.28 21:30:00";"2018.08.29 22:14:00";"30.0";"2291.88";"7494.70020";"7659.70020";"-36068.09";"0.00";"IST";"PT";"1d 0h 44m";"-183.12"
"359";"USTEC_ICM_UTC2";"Buy";"7660.7";"7656.4";"2018.08.29 22:15:00";"2018.08.31 22:55:00";"30.0";"-495.24";"7578.20020";"7743.20020";"-36563.32";"0.00";"IST";"End Of Friday (Time)";"2d 0h 40m";"-366.24"
"360";"USTEC_ICM_UTC2";"Buy";"7672.7";"7590.2";"2018.09.03 17:45:00";"2018.09.04 16:40:00";"30.0";"-2658.12";"7590.20020";"7755.20020";"-39221.45";"0.00";"IST";"SL";"22h 55m";"-183.12"
"361";"USTEC_ICM_UTC2";"Buy";"7622.4";"7539.9";"2018.09.04 17:15:00";"2018.09.05 17:02:00";"30.0";"-2658.12";"7539.89990";"7704.89990";"-41879.57";"0.00";"IST";"SL";"23h 47m";"-183.12"
"362";"USTEC_ICM_UTC2";"Buy";"7528.2";"7445.7";"2018.09.05 18:00:00";"2018.09.06 17:38:00";"30.0";"-2658.12";"7445.70020";"7610.70020";"-44537.68";"0.00";"IST";"SL";"23h 38m";"-183.12"
"363";"USTEC_ICM_UTC2";"Buy";"7432.0";"7426.2";"2018.09.06 20:30:00";"2018.09.07 22:55:00";"30.0";"-357.12";"7349.50000";"7514.50000";"-44894.80";"0.00";"IST";"End Of Friday (Time)";"1d 2h 25m";"-183.12"
"364";"USTEC_ICM_UTC2";"Buy";"7452.0";"7534.5";"2018.09.10 19:00:00";"2018.09.12 11:19:00";"30.0";"2108.76";"7369.50000";"7534.50000";"-42786.04";"0.00";"IST";"PT";"1d 16h 19m";"-366.24"
"365";"USTEC_ICM_UTC2";"Buy";"7471.5";"7554.0";"2018.09.12 18:15:00";"2018.09.13 16:37:00";"30.0";"2291.88";"7389.00000";"7554.00000";"-40494.16";"0.00";"IST";"PT";"22h 22m";"-183.12"
"366";"USTEC_ICM_UTC2";"Buy";"7560.5";"7549.9";"2018.09.13 18:15:00";"2018.09.14 22:55:00";"30.0";"-501.12";"7478.00000";"7643.00000";"-40995.29";"0.00";"IST";"End Of Friday (Time)";"1d 4h 40m";"-183.12"
"367";"USTEC_ICM_UTC2";"Buy";"7477.4";"7394.9";"2018.09.17 18:15:00";"2018.09.18 01:59:00";"30.0";"-2658.12";"7394.89990";"7559.89990";"-43653.41";"0.00";"IST";"SL";"7h 44m";"-183.12"
"368";"USTEC_ICM_UTC2";"Buy";"7483.1";"7565.6";"2018.09.18 16:45:00";"2018.09.20 17:02:00";"30.0";"2108.76";"7400.60010";"7565.60010";"-41544.64";"0.00";"IST";"PT";"2d 0h 17m";"-366.24"
"369";"USTEC_ICM_UTC2";"Buy";"7568.5";"7533.3";"2018.09.20 17:15:00";"2018.09.21 22:55:00";"30.0";"-1239.12";"7486.00000";"7651.00000";"-42783.77";"0.00";"IST";"End Of Friday (Time)";"1d 5h 40m";"-183.12"
"370";"USTEC_ICM_UTC2";"Buy";"7483.5";"7566.0";"2018.09.24 16:45:00";"2018.09.25 13:34:00";"30.0";"2291.88";"7401.00000";"7566.00000";"-40491.89";"0.00";"IST";"PT";"20h 49m";"-183.12"
"371";"USTEC_ICM_UTC2";"Buy";"7550.7";"7633.2";"2018.09.25 17:45:00";"2018.09.26 21:16:00";"30.0";"2291.88";"7468.20020";"7633.20020";"-38200.00";"0.00";"IST";"PT";"1d 3h 31m";"-183.12"
"372";"USTEC_ICM_UTC2";"Buy";"7596.6";"7621.6";"2018.09.27 16:30:00";"2018.09.28 22:55:00";"30.0";"566.88";"7514.10010";"7679.10010";"-37633.13";"0.00";"IST";"End Of Friday (Time)";"1d 6h 25m";"-183.12"
"373";"USTEC_ICM_UTC2";"Buy";"7629.3";"7546.8";"2018.10.02 16:45:00";"2018.10.04 17:01:00";"30.0";"-2841.24";"7546.79980";"7711.79980";"-40474.36";"0.00";"IST";"SL";"2d 0h 16m";"-366.24"
"374";"USTEC_ICM_UTC2";"Buy";"7481.0";"7398.5";"2018.10.04 19:45:00";"2018.10.05 18:18:00";"30.0";"-2658.12";"7398.50000";"7563.50000";"-43132.48";"0.00";"IST";"SL";"22h 33m";"-183.12"
"375";"USTEC_ICM_UTC2";"Buy";"7418.3";"7414.3";"2018.10.05 22:15:00";"2018.10.05 22:55:00";"30.0";"-120.00";"7335.79980";"7500.79980";"-43252.48";"0.00";"IST";"End Of Friday (Time)";"40m 0s";"-0.00"
"376";"USTEC_ICM_UTC2";"Buy";"7314.2";"7396.7";"2018.10.08 20:45:00";"2018.10.09 17:21:00";"30.0";"2291.88";"7231.70020";"7396.70020";"-40960.61";"0.00";"IST";"PT";"20h 36m";"-183.12"
"377";"USTEC_ICM_UTC2";"Buy";"7388.5";"7306.0";"2018.10.09 22:00:00";"2018.10.10 16:35:00";"30.0";"-2658.12";"7306.00000";"7471.00000";"-43618.73";"0.00";"IST";"SL";"18h 35m";"-183.12"
"378";"USTEC_ICM_UTC2";"Buy";"7216.8";"7134.3";"2018.10.10 18:45:00";"2018.10.10 22:10:00";"30.0";"-2475.00";"7134.29980";"7299.29980";"-46093.73";"0.00";"IST";"SL";"3h 25m";"-0.00"
"379";"USTEC_ICM_UTC2";"Buy";"7071.0";"6988.5";"2018.10.11 19:30:00";"2018.10.11 21:35:00";"30.0";"-2475.00";"6988.50000";"7153.50000";"-48568.73";"0.00";"IST";"SL";"2h 5m";"-0.00"
"380";"USTEC_ICM_UTC2";"Buy";"7141.0";"7058.5";"2018.10.12 17:45:00";"2018.10.12 19:27:00";"30.0";"-2475.00";"7058.50000";"7223.50000";"-51043.73";"0.00";"IST";"SL";"1h 42m";"-0.00"
"381";"USTEC_ICM_UTC2";"Buy";"7133.3";"7050.8";"2018.10.15 20:45:00";"2018.10.16 01:06:00";"30.0";"-2658.12";"7050.79980";"7215.79980";"-53701.84";"0.00";"IST";"SL";"4h 21m";"-183.12"
"382";"USTEC_ICM_UTC2";"Buy";"7158.7";"7241.2";"2018.10.16 16:45:00";"2018.10.16 20:30:00";"30.0";"2475.00";"7076.20020";"7241.20020";"-51226.84";"0.00";"IST";"PT";"3h 45m";"-0.00"
"383";"USTEC_ICM_UTC2";"Buy";"7312.8";"7230.3";"2018.10.17 16:30:00";"2018.10.17 17:24:00";"30.0";"-2475.00";"7230.29980";"7395.29980";"-53701.84";"0.00";"IST";"SL";"54m 0s";"-0.00"
"384";"USTEC_ICM_UTC2";"Buy";"7131.1";"7213.6";"2018.10.18 19:15:00";"2018.10.19 16:45:00";"30.0";"2291.88";"7048.60010";"7213.60010";"-51409.96";"0.00";"IST";"PT";"21h 30m";"-183.12"
"385";"USTEC_ICM_UTC2";"Buy";"7128.7";"7120.4";"2018.10.19 22:30:00";"2018.10.19 22:55:00";"30.0";"-249.00";"7046.20020";"7211.20020";"-51658.96";"0.00";"IST";"End Of Friday (Time)";"25m 0s";"-0.00"
"386";"USTEC_ICM_UTC2";"Buy";"7154.4";"7071.9";"2018.10.22 17:45:00";"2018.10.23 06:19:00";"30.0";"-2658.12";"7071.89990";"7236.89990";"-54317.09";"0.00";"IST";"SL";"12h 34m";"-183.12"
"387";"USTEC_ICM_UTC2";"Buy";"6967.5";"7050.0";"2018.10.23 17:45:00";"2018.10.23 19:33:00";"30.0";"2475.00";"6885.00000";"7050.00000";"-51842.09";"0.00";"IST";"PT";"1h 48m";"-0.00"
"388";"USTEC_ICM_UTC2";"Buy";"7040.8";"6958.3";"2018.10.24 19:00:00";"2018.10.24 20:09:00";"30.0";"-2475.00";"6958.29980";"7123.29980";"-54317.09";"0.00";"IST";"SL";"1h 9m";"-0.00"
"389";"USTEC_ICM_UTC2";"Buy";"6975.9";"7058.4";"2018.10.25 17:45:00";"2018.10.25 21:45:00";"30.0";"2475.00";"6893.39990";"7058.39990";"-51842.09";"0.00";"IST";"PT";"4h 0m";"-0.00"
"390";"USTEC_ICM_UTC2";"Buy";"6861.2";"6778.7";"2018.10.26 16:45:00";"2018.10.26 17:07:00";"30.0";"-2475.00";"6778.70020";"6943.70020";"-54317.09";"0.00";"IST";"SL";"22m 0s";"-0.00"
"391";"USTEC_ICM_UTC2";"Buy";"6828.5";"6746.0";"2018.10.29 19:45:00";"2018.10.29 20:32:00";"30.0";"-2475.00";"6746.00000";"6911.00000";"-56792.09";"0.00";"IST";"SL";"47m 0s";"-0.00"
"392";"USTEC_ICM_UTC2";"Buy";"6736.2";"6818.7";"2018.10.30 20:00:00";"2018.10.30 22:05:00";"30.0";"2475.00";"6653.70020";"6818.70020";"-54317.09";"0.00";"IST";"PT";"2h 5m";"-0.00"
"393";"USTEC_ICM_UTC2";"Buy";"7000.3";"7082.8";"2018.11.01 16:45:00";"2018.11.02 07:04:00";"30.0";"2291.88";"6917.79980";"7082.79980";"-52025.21";"0.00";"IST";"PT";"14h 19m";"-183.12"
"394";"USTEC_ICM_UTC2";"Buy";"6971.5";"6889.0";"2018.11.02 20:30:00";"2018.11.05 17:02:00";"30.0";"-3024.36";"6889.00000";"7054.00000";"-55049.57";"0.00";"IST";"SL";"2d 20h 32m";"-549.36"
"395";"USTEC_ICM_UTC2";"Buy";"6880.1";"6962.6";"2018.11.05 17:45:00";"2018.11.06 16:32:00";"30.0";"2291.88";"6797.60010";"6962.60010";"-52757.69";"0.00";"IST";"PT";"22h 47m";"-183.12"
"396";"USTEC_ICM_UTC2";"Buy";"6996.4";"7078.9";"2018.11.06 19:45:00";"2018.11.07 10:45:00";"30.0";"2291.88";"6913.89990";"7078.89990";"-50465.80";"0.00";"IST";"PT";"15h 0m";"-183.12"
"397";"USTEC_ICM_UTC2";"Buy";"7110.5";"7193.0";"2018.11.07 17:15:00";"2018.11.07 22:55:00";"30.0";"2475.00";"7028.00000";"7193.00000";"-47990.80";"0.00";"IST";"PT";"5h 40m";"-0.00"
"398";"USTEC_ICM_UTC2";"Buy";"7168.7";"7086.2";"2018.11.08 16:30:00";"2018.11.09 13:35:00";"30.0";"-2658.12";"7086.20020";"7251.20020";"-50648.93";"0.00";"IST";"SL";"21h 5m";"-183.12"
"399";"USTEC_ICM_UTC2";"Buy";"7063.3";"7049.6";"2018.11.09 17:45:00";"2018.11.09 22:55:00";"30.0";"-411.00";"6980.79980";"7145.79980";"-51059.93";"0.00";"IST";"End Of Friday (Time)";"5h 10m";"-0.00"
"400";"USTEC_ICM_UTC2";"Buy";"6921.1";"6838.6";"2018.11.12 17:30:00";"2018.11.12 18:15:00";"30.0";"-2475.00";"6838.60010";"7003.60010";"-53534.93";"0.00";"IST";"SL";"45m 0s";"-0.00"
"401";"USTEC_ICM_UTC2";"Buy";"6876.0";"6793.5";"2018.11.13 16:45:00";"2018.11.14 10:22:00";"30.0";"-2658.12";"6793.50000";"6958.50000";"-56193.05";"0.00";"IST";"SL";"17h 37m";"-183.12"
"402";"USTEC_ICM_UTC2";"Buy";"6891.8";"6809.3";"2018.11.14 16:30:00";"2018.11.14 18:02:00";"30.0";"-2475.00";"6809.29980";"6974.29980";"-58668.05";"0.00";"IST";"SL";"1h 32m";"-0.00"
"403";"USTEC_ICM_UTC2";"Buy";"6796.1";"6713.6";"2018.11.15 16:45:00";"2018.11.15 17:34:00";"30.0";"-2475.00";"6713.60010";"6878.60010";"-61143.05";"0.00";"IST";"SL";"49m 0s";"-0.00"
"404";"USTEC_ICM_UTC2";"Buy";"6858.5";"6874.8";"2018.11.16 17:00:00";"2018.11.16 22:55:00";"30.0";"489.00";"6776.00000";"6941.00000";"-60654.05";"0.00";"IST";"End Of Friday (Time)";"5h 55m";"-0.00"
"405";"USTEC_ICM_UTC2";"Buy";"6755.2";"6672.7";"2018.11.19 18:00:00";"2018.11.19 18:54:00";"30.0";"-2475.00";"6672.70020";"6837.70020";"-63129.05";"0.00";"IST";"SL";"54m 0s";"-0.00"
"406";"USTEC_ICM_UTC2";"Buy";"6541.1";"6458.6";"2018.11.20 16:45:00";"2018.11.20 17:12:00";"30.0";"-2475.00";"6458.60010";"6623.60010";"-65604.05";"0.00";"IST";"SL";"27m 0s";"-0.00"
"407";"USTEC_ICM_UTC2";"Buy";"6633.7";"6551.2";"2018.11.21 18:15:00";"2018.11.22 10:32:00";"30.0";"-2658.12";"6551.20020";"6716.20020";"-68262.16";"0.00";"IST";"SL";"16h 17m";"-183.12"
"408";"USTEC_ICM_UTC2";"Buy";"6558.4";"6640.9";"2018.11.23 18:30:00";"2018.11.26 11:22:00";"30.0";"1925.64";"6475.89990";"6640.89990";"-66336.52";"0.00";"IST";"PT";"2d 16h 52m";"-549.36"
"409";"USTEC_ICM_UTC2";"Buy";"6640.3";"6722.8";"2018.11.26 18:30:00";"2018.11.28 06:21:00";"30.0";"2108.76";"6557.79980";"6722.79980";"-64227.77";"0.00";"IST";"PT";"1d 11h 51m";"-366.24"
"410";"USTEC_ICM_UTC2";"Buy";"6735.4";"6817.9";"2018.11.28 18:45:00";"2018.11.28 19:09:00";"30.0";"2475.00";"6652.89990";"6817.89990";"-61752.77";"0.00";"IST";"PT";"24m 0s";"-0.00"
"411";"USTEC_ICM_UTC2";"Buy";"6885.4";"6925.4";"2018.11.29 16:30:00";"2018.11.30 22:55:00";"30.0";"1016.88";"6802.89990";"6967.89990";"-60735.89";"0.00";"IST";"End Of Friday (Time)";"1d 6h 25m";"-183.12"
"412";"USTEC_ICM_UTC2";"Buy";"7093.9";"7011.4";"2018.12.03 16:30:00";"2018.12.03 21:08:00";"30.0";"-2475.00";"7011.39990";"7176.39990";"-63210.89";"0.00";"IST";"SL";"4h 38m";"-0.00"
"413";"USTEC_ICM_UTC2";"Buy";"6855.7";"6773.2";"2018.12.04 21:00:00";"2018.12.06 01:00:00";"30.0";"-2841.24";"6773.20020";"6938.20020";"-66052.13";"0.00";"IST";"SL";"1d 4h 0m";"-366.24"
"414";"USTEC_ICM_UTC2";"Buy";"6715.0";"6632.5";"2018.12.06 16:45:00";"2018.12.06 18:27:00";"30.0";"-2475.00";"6632.50000";"6797.50000";"-68527.13";"0.00";"IST";"SL";"1h 42m";"-0.00"
"415";"USTEC_ICM_UTC2";"Buy";"6831.6";"6749.1";"2018.12.07 16:45:00";"2018.12.07 17:24:00";"30.0";"-2475.00";"6749.10010";"6914.10010";"-71002.13";"0.00";"IST";"SL";"39m 0s";"-0.00"
"416";"USTEC_ICM_UTC2";"Buy";"6666.0";"6583.5";"2018.12.10 16:45:00";"2018.12.10 16:53:00";"30.0";"-2475.00";"6583.50000";"6748.50000";"-73477.13";"0.00";"IST";"SL";"8m 0s";"-0.00"
"417";"USTEC_ICM_UTC2";"Buy";"6745.6";"6663.1";"2018.12.11 19:00:00";"2018.12.11 20:52:00";"30.0";"-2475.00";"6663.10010";"6828.10010";"-75952.13";"0.00";"IST";"SL";"1h 52m";"-0.00"
"418";"USTEC_ICM_UTC2";"Buy";"6849.0";"6766.5";"2018.12.12 18:30:00";"2018.12.12 22:59:00";"30.0";"-2475.00";"6766.50000";"6931.50000";"-78427.13";"0.00";"IST";"SL";"4h 29m";"-0.00"
"419";"USTEC_ICM_UTC2";"Buy";"6802.4";"6719.9";"2018.12.13 16:45:00";"2018.12.13 21:28:00";"30.0";"-2475.00";"6719.89990";"6884.89990";"-80902.13";"0.00";"IST";"SL";"4h 43m";"-0.00"
"420";"USTEC_ICM_UTC2";"Buy";"6684.9";"6602.4";"2018.12.14 16:30:00";"2018.12.14 21:44:00";"30.0";"-2475.00";"6602.39990";"6767.39990";"-83377.13";"0.00";"IST";"SL";"5h 14m";"-0.00"
"421";"USTEC_ICM_UTC2";"Buy";"6566.7";"6484.2";"2018.12.17 17:15:00";"2018.12.17 21:03:00";"30.0";"-2475.00";"6484.20020";"6649.20020";"-85852.13";"0.00";"IST";"SL";"3h 48m";"-0.00"
"422";"USTEC_ICM_UTC2";"Buy";"6512.8";"6430.3";"2018.12.18 18:15:00";"2018.12.19 21:12:00";"30.0";"-2658.12";"6430.29980";"6595.29980";"-88510.25";"0.00";"IST";"SL";"1d 2h 57m";"-183.12"
"423";"USTEC_ICM_UTC2";"Buy";"6325.3";"6242.8";"2018.12.19 22:30:00";"2018.12.20 18:43:00";"30.0";"-2658.12";"6242.79980";"6407.79980";"-91168.37";"0.00";"IST";"SL";"20h 13m";"-183.12"
"424";"USTEC_ICM_UTC2";"Buy";"6218.6";"6301.1";"2018.12.20 19:15:00";"2018.12.20 23:14:00";"30.0";"2475.00";"6136.10010";"6301.10010";"-88693.37";"0.00";"IST";"PT";"3h 59m";"-0.00"
"425";"USTEC_ICM_UTC2";"Buy";"6133.3";"6050.8";"2018.12.21 19:45:00";"2018.12.21 22:26:00";"30.0";"-2475.00";"6050.79980";"6215.79980";"-91168.37";"0.00";"IST";"SL";"2h 41m";"-0.00"
"426";"USTEC_ICM_UTC2";"Buy";"5984.0";"6066.5";"2018.12.24 17:15:00";"2018.12.24 17:42:00";"30.0";"2475.00";"5901.50000";"6066.50000";"-88693.37";"0.00";"IST";"PT";"27m 0s";"-0.00"
"427";"USTEC_ICM_UTC2";"Buy";"5955.5";"6038.0";"2018.12.26 16:30:00";"2018.12.26 18:57:00";"30.0";"2475.00";"5873.00000";"6038.00000";"-86218.37";"0.00";"IST";"PT";"2h 27m";"-0.00"
"428";"USTEC_ICM_UTC2";"Buy";"6174.2";"6091.7";"2018.12.27 16:45:00";"2018.12.27 17:30:00";"30.0";"-2475.00";"6091.70020";"6256.70020";"-88693.37";"0.00";"IST";"SL";"45m 0s";"-0.00"
"429";"USTEC_ICM_UTC2";"Buy";"6324.8";"6242.3";"2018.12.28 16:30:00";"2018.12.28 17:36:00";"30.0";"-2475.00";"6242.29980";"6407.29980";"-91168.37";"0.00";"IST";"SL";"1h 6m";"-0.00"
"430";"USTEC_ICM_UTC2";"Buy";"6349.9";"6267.4";"2018.12.31 16:45:00";"2019.01.02 06:03:00";"30.0";"-2841.24";"6267.39990";"6432.39990";"-94009.61";"0.00";"IST";"SL";"1d 13h 18m";"-366.24"
"431";"USTEC_ICM_UTC2";"Buy";"6317.0";"6221.8";"2019.01.02 18:00:00";"2019.01.03 01:00:00";"30.0";"-3040.02";"6234.50000";"6399.50000";"-97049.63";"0.00";"IST";"SL";"7h 0m";"-183.12"
"432";"USTEC_ICM_UTC2";"Buy";"6264.9";"6182.4";"2019.01.03 16:30:00";"2019.01.03 17:16:00";"30.0";"-2475.00";"6182.39990";"6347.39990";"-99524.63";"0.00";"IST";"SL";"46m 0s";"-0.00"
"433";"USTEC_ICM_UTC2";"Buy";"6248.4";"6330.9";"2019.01.04 16:30:00";"2019.01.04 17:24:00";"30.0";"2475.00";"6165.89990";"6330.89990";"-97049.63";"0.00";"IST";"PT";"54m 0s";"-0.00"
"434";"USTEC_ICM_UTC2";"Buy";"6457.3";"6539.8";"2019.01.07 17:45:00";"2019.01.08 13:52:00";"30.0";"2291.88";"6374.79980";"6539.79980";"-94757.75";"0.00";"IST";"PT";"20h 7m";"-183.12"
"435";"USTEC_ICM_UTC2";"Buy";"6508.6";"6591.1";"2019.01.08 19:00:00";"2019.01.09 04:39:00";"30.0";"2291.88";"6426.10010";"6591.10010";"-92465.87";"0.00";"IST";"PT";"9h 39m";"-183.12"
"436";"USTEC_ICM_UTC2";"Buy";"6583.0";"6601.4";"2019.01.09 16:45:00";"2019.01.11 22:55:00";"30.0";"185.76";"6500.50000";"6665.50000";"-92280.11";"0.00";"IST";"End Of Friday (Time)";"2d 6h 10m";"-366.24"
"437";"USTEC_ICM_UTC2";"Buy";"6564.4";"6646.9";"2019.01.14 18:45:00";"2019.01.15 17:00:00";"30.0";"2291.88";"6481.89990";"6646.89990";"-89988.23";"0.00";"IST";"PT";"22h 15m";"-183.12"
"438";"USTEC_ICM_UTC2";"Buy";"6650.0";"6732.5";"2019.01.15 18:45:00";"2019.01.17 21:45:00";"30.0";"2108.76";"6567.50000";"6732.50000";"-87879.47";"0.00";"IST";"PT";"2d 3h 0m";"-366.24"
"439";"USTEC_ICM_UTC2";"Buy";"6810.1";"6768.6";"2019.01.18 19:15:00";"2019.01.18 22:55:00";"30.0";"-1245.00";"6727.60010";"6892.60010";"-89124.47";"0.00";"IST";"End Of Friday (Time)";"3h 40m";"-0.00"
"440";"USTEC_ICM_UTC2";"Buy";"6704.5";"6622.0";"2019.01.22 18:30:00";"2019.01.22 21:44:00";"30.0";"-2475.00";"6622.00000";"6787.00000";"-91599.47";"0.00";"IST";"SL";"3h 14m";"-0.00"
"441";"USTEC_ICM_UTC2";"Buy";"6626.0";"6708.5";"2019.01.23 20:30:00";"2019.01.24 17:28:00";"30.0";"2291.88";"6543.50000";"6708.50000";"-89307.59";"0.00";"IST";"PT";"20h 58m";"-183.12"
"442";"USTEC_ICM_UTC2";"Buy";"6705.5";"6788.0";"2019.01.24 17:30:00";"2019.01.25 18:44:00";"30.0";"2291.88";"6623.00000";"6788.00000";"-87015.71";"0.00";"IST";"PT";"1d 1h 14m";"-183.12"
"443";"USTEC_ICM_UTC2";"Buy";"6795.4";"6778.4";"2019.01.25 21:00:00";"2019.01.25 22:55:00";"30.0";"-510.00";"6712.89990";"6877.89990";"-87525.71";"0.00";"IST";"End Of Friday (Time)";"1h 55m";"-0.00"
"444";"USTEC_ICM_UTC2";"Buy";"6672.6";"6755.1";"2019.01.28 20:30:00";"2019.01.30 21:00:00";"30.0";"2108.76";"6590.10010";"6755.10010";"-85416.95";"0.00";"IST";"PT";"2d 0h 30m";"-366.24"
"445";"USTEC_ICM_UTC2";"Buy";"6793.6";"6876.1";"2019.01.30 21:15:00";"2019.01.31 17:03:00";"30.0";"2291.88";"6711.10010";"6876.10010";"-83125.07";"0.00";"IST";"PT";"19h 48m";"-183.12"
"446";"USTEC_ICM_UTC2";"Buy";"6915.4";"6870.9";"2019.01.31 18:45:00";"2019.02.01 22:55:00";"30.0";"-1518.12";"6832.89990";"6997.89990";"-84643.19";"0.00";"IST";"End Of Friday (Time)";"1d 4h 10m";"-183.12"
"447";"USTEC_ICM_UTC2";"Buy";"6926.6";"7009.1";"2019.02.04 17:45:00";"2019.02.05 16:52:00";"30.0";"2291.88";"6844.10010";"7009.10010";"-82351.30";"0.00";"IST";"PT";"23h 7m";"-183.12"
"448";"USTEC_ICM_UTC2";"Buy";"7020.5";"6938.0";"2019.02.05 22:00:00";"2019.02.07 15:14:00";"30.0";"-2841.24";"6938.00000";"7103.00000";"-85192.55";"0.00";"IST";"SL";"1d 17h 14m";"-366.24"
"449";"USTEC_ICM_UTC2";"Buy";"6935.6";"6853.1";"2019.02.07 17:15:00";"2019.02.07 19:04:00";"30.0";"-2475.00";"6853.10010";"7018.10010";"-87667.55";"0.00";"IST";"SL";"1h 49m";"-0.00"
"450";"USTEC_ICM_UTC2";"Buy";"6859.9";"6893.8";"2019.02.08 16:45:00";"2019.02.08 22:55:00";"30.0";"1017.00";"6777.39990";"6942.39990";"-86650.55";"0.00";"IST";"End Of Friday (Time)";"6h 10m";"-0.00"
"451";"USTEC_ICM_UTC2";"Buy";"6908.9";"6991.4";"2019.02.11 22:15:00";"2019.02.12 17:11:00";"30.0";"2291.88";"6826.39990";"6991.39990";"-84358.66";"0.00";"IST";"PT";"18h 56m";"-183.12"
"452";"USTEC_ICM_UTC2";"Buy";"7004.7";"7087.2";"2019.02.12 18:00:00";"2019.02.15 16:28:00";"30.0";"1925.64";"6922.20020";"7087.20020";"-82433.03";"0.00";"IST";"PT";"2d 22h 28m";"-549.36"
"453";"USTEC_ICM_UTC2";"Buy";"7062.1";"7076.1";"2019.02.18 16:30:00";"2019.02.22 22:55:00";"30.0";"-312.48";"6979.60010";"7144.60010";"-82745.51";"0.00";"IST";"End Of Friday (Time)";"4d 6h 25m";"-732.48"
"454";"USTEC_ICM_UTC2";"Buy";"7158.3";"7075.8";"2019.02.25 18:00:00";"2019.02.26 04:37:00";"30.0";"-2658.12";"7075.79980";"7240.79980";"-85403.63";"0.00";"IST";"SL";"10h 37m";"-183.12"
"455";"USTEC_ICM_UTC2";"Buy";"7125.4";"7149.2";"2019.02.26 17:15:00";"2019.03.01 22:55:00";"30.0";"164.64";"7042.89990";"7207.89990";"-85238.98";"0.00";"IST";"End Of Friday (Time)";"3d 5h 40m";"-549.36"
"456";"USTEC_ICM_UTC2";"Buy";"7206.9";"7124.4";"2019.03.04 16:45:00";"2019.03.04 18:41:00";"30.0";"-2475.00";"7124.39990";"7289.39990";"-87713.98";"0.00";"IST";"SL";"1h 56m";"-0.00"
"457";"USTEC_ICM_UTC2";"Buy";"7154.1";"7071.6";"2019.03.05 17:45:00";"2019.03.07 16:37:00";"30.0";"-2841.24";"7071.60010";"7236.60010";"-90555.23";"0.00";"IST";"SL";"1d 22h 52m";"-366.24"
"458";"USTEC_ICM_UTC2";"Buy";"7075.1";"6992.6";"2019.03.07 20:00:00";"2019.03.08 08:21:00";"30.0";"-2658.12";"6992.60010";"7157.60010";"-93213.34";"0.00";"IST";"SL";"12h 21m";"-183.12"
"459";"USTEC_ICM_UTC2";"Buy";"6947.6";"7010.4";"2019.03.08 16:30:00";"2019.03.08 22:55:00";"30.0";"1884.00";"6865.10010";"7030.10010";"-91329.34";"0.00";"IST";"End Of Friday (Time)";"6h 25m";"-0.00"
"460";"USTEC_ICM_UTC2";"Buy";"7119.0";"7201.5";"2019.03.11 17:00:00";"2019.03.12 16:42:00";"30.0";"2291.88";"7036.50000";"7201.50000";"-89037.47";"0.00";"IST";"PT";"23h 42m";"-183.12"
"461";"USTEC_ICM_UTC2";"Buy";"7216.9";"7299.4";"2019.03.12 18:30:00";"2019.03.15 15:55:00";"30.0";"1925.64";"7134.39990";"7299.39990";"-87111.83";"0.00";"IST";"PT";"2d 21h 25m";"-549.36"
"462";"USTEC_ICM_UTC2";"Buy";"7298.8";"7381.3";"2019.03.15 17:15:00";"2019.03.19 18:00:00";"30.0";"1742.52";"7216.29980";"7381.29980";"-85369.30";"0.00";"IST";"PT";"4d 0h 45m";"-732.48"
"463";"USTEC_ICM_UTC2";"Buy";"7375.8";"7458.3";"2019.03.19 20:45:00";"2019.03.21 17:59:00";"30.0";"2108.76";"7293.29980";"7458.29980";"-83260.55";"0.00";"IST";"PT";"1d 21h 14m";"-366.24"
"464";"USTEC_ICM_UTC2";"Buy";"7458.6";"7376.1";"2019.03.21 18:00:00";"2019.03.22 17:45:00";"30.0";"-2658.12";"7376.10010";"7541.10010";"-85918.66";"0.00";"IST";"SL";"23h 45m";"-183.12"
"465";"USTEC_ICM_UTC2";"Buy";"7383.3";"7300.8";"2019.03.22 21:00:00";"2019.03.25 02:32:00";"30.0";"-3024.36";"7300.79980";"7465.79980";"-88943.03";"0.00";"IST";"SL";"2d 5h 32m";"-549.36"
"466";"USTEC_ICM_UTC2";"Buy";"7335.1";"7252.6";"2019.03.25 17:30:00";"2019.03.27 17:44:00";"30.0";"-2841.24";"7252.60010";"7417.60010";"-91784.27";"0.00";"IST";"SL";"2d 0h 14m";"-366.24"
"467";"USTEC_ICM_UTC2";"Buy";"7269.8";"7352.3";"2019.03.27 18:15:00";"2019.03.29 09:10:00";"30.0";"2108.76";"7187.29980";"7352.29980";"-89675.51";"0.00";"IST";"PT";"1d 14h 55m";"-366.24"
"468";"USTEC_ICM_UTC2";"Buy";"7365.4";"7447.9";"2019.03.29 19:45:00";"2019.04.01 04:45:00";"30.0";"1925.64";"7282.89990";"7447.89990";"-87749.87";"0.00";"IST";"PT";"2d 9h 0m";"-549.36"
"469";"USTEC_ICM_UTC2";"Buy";"7475.4";"7557.9";"2019.04.01 22:00:00";"2019.04.03 17:33:00";"30.0";"2108.76";"7392.89990";"7557.89990";"-85641.11";"0.00";"IST";"PT";"1d 19h 33m";"-366.24"
"470";"USTEC_ICM_UTC2";"Buy";"7540.6";"7573.3";"2019.04.03 22:45:00";"2019.04.05 22:55:00";"30.0";"614.76";"7458.10010";"7623.10010";"-85026.34";"0.00";"IST";"End Of Friday (Time)";"2d 0h 10m";"-366.24"
"471";"USTEC_ICM_UTC2";"Buy";"7569.3";"7620.0";"2019.04.08 18:15:00";"2019.04.12 22:55:00";"30.0";"788.52";"7486.79980";"7651.79980";"-84237.83";"0.00";"IST";"End Of Friday (Time)";"4d 4h 40m";"-732.48"
"472";"USTEC_ICM_UTC2";"Buy";"7602.6";"7685.1";"2019.04.15 19:00:00";"2019.04.17 15:03:00";"30.0";"2108.76";"7520.10010";"7685.10010";"-82129.07";"0.00";"IST";"PT";"1d 20h 3m";"-366.24"
"473";"USTEC_ICM_UTC2";"Buy";"7678.8";"7761.3";"2019.04.17 19:30:00";"2019.04.23 16:56:00";"30.0";"1376.28";"7596.29980";"7761.29980";"-80752.79";"0.00";"IST";"PT";"5d 21h 26m";"-1098.72"
"474";"USTEC_ICM_UTC2";"Buy";"7798.7";"7812.9";"2019.04.23 19:00:00";"2019.04.26 22:55:00";"30.0";"-123.36";"7716.20020";"7881.20020";"-80876.15";"0.00";"IST";"End Of Friday (Time)";"3d 3h 55m";"-549.36"
"475";"USTEC_ICM_UTC2";"Buy";"7832.6";"7750.1";"2019.04.29 17:30:00";"2019.04.30 18:01:00";"30.0";"-2658.12";"7750.10010";"7915.10010";"-83534.27";"0.00";"IST";"SL";"1d 0h 31m";"-183.12"
"476";"USTEC_ICM_UTC2";"Buy";"7751.5";"7834.0";"2019.04.30 18:45:00";"2019.05.01 05:00:00";"30.0";"2291.88";"7669.00000";"7834.00000";"-81242.39";"0.00";"IST";"PT";"10h 15m";"-183.12"
"477";"USTEC_ICM_UTC2";"Buy";"7836.9";"7754.4";"2019.05.01 17:15:00";"2019.05.01 22:54:00";"30.0";"-2475.00";"7754.39990";"7919.39990";"-83717.39";"0.00";"IST";"SL";"5h 39m";"-0.00"
"478";"USTEC_ICM_UTC2";"Buy";"7708.5";"7791.0";"2019.05.02 20:15:00";"2019.05.03 16:55:00";"30.0";"2291.88";"7626.00000";"7791.00000";"-81425.51";"0.00";"IST";"PT";"20h 40m";"-183.12"
"479";"USTEC_ICM_UTC2";"Buy";"7808.8";"7845.1";"2019.05.03 17:45:00";"2019.05.03 22:55:00";"30.0";"1089.00";"7726.29980";"7891.29980";"-80336.51";"0.00";"IST";"End Of Friday (Time)";"5h 10m";"-0.00"
"480";"USTEC_ICM_UTC2";"Buy";"7730.1";"7647.6";"2019.05.06 16:45:00";"2019.05.07 17:51:00";"30.0";"-2658.12";"7647.60010";"7812.60010";"-82994.63";"0.00";"IST";"SL";"1d 1h 6m";"-183.12"
"481";"USTEC_ICM_UTC2";"Buy";"7675.1";"7592.6";"2019.05.07 19:30:00";"2019.05.07 21:31:00";"30.0";"-2475.00";"7592.60010";"7757.60010";"-85469.63";"0.00";"IST";"SL";"2h 1m";"-0.00"
"482";"USTEC_ICM_UTC2";"Buy";"7625.4";"7542.9";"2019.05.08 16:45:00";"2019.05.09 15:47:00";"30.0";"-2658.12";"7542.89990";"7707.89990";"-88127.75";"0.00";"IST";"SL";"23h 2m";"-183.12"
"483";"USTEC_ICM_UTC2";"Buy";"7538.4";"7620.9";"2019.05.09 16:30:00";"2019.05.10 03:05:00";"30.0";"2291.88";"7455.89990";"7620.89990";"-85835.87";"0.00";"IST";"PT";"10h 35m";"-183.12"
"484";"USTEC_ICM_UTC2";"Buy";"7448.1";"7530.6";"2019.05.10 19:00:00";"2019.05.10 20:18:00";"30.0";"2475.00";"7365.60010";"7530.60010";"-83360.87";"0.00";"IST";"PT";"1h 18m";"-0.00"
"485";"USTEC_ICM_UTC2";"Buy";"7363.6";"7281.1";"2019.05.13 22:00:00";"2019.05.14 01:01:00";"30.0";"-2658.12";"7281.10010";"7446.10010";"-86018.99";"0.00";"IST";"SL";"3h 1m";"-183.12"
"486";"USTEC_ICM_UTC2";"Buy";"7383.4";"7465.9";"2019.05.14 16:45:00";"2019.05.15 17:42:00";"30.0";"2291.88";"7300.89990";"7465.89990";"-83727.11";"0.00";"IST";"PT";"1d 0h 57m";"-183.12"
"487";"USTEC_ICM_UTC2";"Buy";"7496.7";"7579.2";"2019.05.15 18:30:00";"2019.05.16 17:19:00";"30.0";"2291.88";"7414.20020";"7579.20020";"-81435.23";"0.00";"IST";"PT";"22h 49m";"-183.12"
"488";"USTEC_ICM_UTC2";"Buy";"7596.2";"7513.7";"2019.05.16 17:30:00";"2019.05.17 15:02:00";"30.0";"-2658.12";"7513.70020";"7678.70020";"-84093.35";"0.00";"IST";"SL";"21h 32m";"-183.12"
"489";"USTEC_ICM_UTC2";"Buy";"7543.3";"7504.6";"2019.05.17 16:45:00";"2019.05.17 22:55:00";"30.0";"-1161.00";"7460.79980";"7625.79980";"-85254.35";"0.00";"IST";"End Of Friday (Time)";"6h 10m";"-0.00"
"490";"USTEC_ICM_UTC2";"Buy";"7397.2";"7314.7";"2019.05.20 16:30:00";"2019.05.23 12:40:00";"30.0";"-3024.36";"7314.70020";"7479.70020";"-88278.71";"0.00";"IST";"SL";"2d 20h 10m";"-549.36"
"491";"USTEC_ICM_UTC2";"Buy";"7335.2";"7300.3";"2019.05.23 16:30:00";"2019.05.24 22:55:00";"30.0";"-1230.12";"7252.70020";"7417.70020";"-89508.83";"0.00";"IST";"End Of Friday (Time)";"1d 6h 25m";"-183.12"
"492";"USTEC_ICM_UTC2";"Buy";"7307.0";"7224.5";"2019.05.27 17:45:00";"2019.05.29 09:21:00";"30.0";"-2841.24";"7224.50000";"7389.50000";"-92350.07";"0.00";"IST";"SL";"1d 15h 36m";"-366.24"
"493";"USTEC_ICM_UTC2";"Buy";"7226.5";"7144.0";"2019.05.29 16:45:00";"2019.05.31 10:54:00";"30.0";"-2841.24";"7144.00000";"7309.00000";"-95191.31";"0.00";"IST";"SL";"1d 18h 9m";"-366.24"
"494";"USTEC_ICM_UTC2";"Buy";"7157.8";"7134.0";"2019.05.31 16:30:00";"2019.05.31 22:55:00";"30.0";"-714.00";"7075.29980";"7240.29980";"-95905.31";"0.00";"IST";"End Of Friday (Time)";"6h 25m";"-0.00"
"495";"USTEC_ICM_UTC2";"Buy";"7003.0";"7085.5";"2019.06.03 21:15:00";"2019.06.04 17:28:00";"30.0";"2291.88";"6920.50000";"7085.50000";"-93613.43";"0.00";"IST";"PT";"20h 13m";"-183.12"
"496";"USTEC_ICM_UTC2";"Buy";"7107.3";"7189.8";"2019.06.04 18:15:00";"2019.06.05 01:00:00";"30.0";"2291.88";"7024.79980";"7189.79980";"-91321.55";"0.00";"IST";"PT";"6h 45m";"-183.12"
"497";"USTEC_ICM_UTC2";"Buy";"7207.5";"7290.0";"2019.06.05 21:45:00";"2019.06.06 22:34:00";"30.0";"2291.88";"7125.00000";"7290.00000";"-89029.67";"0.00";"IST";"PT";"1d 0h 49m";"-183.12"
"498";"USTEC_ICM_UTC2";"Buy";"7312.8";"7395.3";"2019.06.07 16:30:00";"2019.06.07 17:30:00";"30.0";"2475.00";"7230.29980";"7395.29980";"-86554.67";"0.00";"IST";"PT";"1h 0m";"-0.00"
"499";"USTEC_ICM_UTC2";"Buy";"7463.5";"7546.0";"2019.06.10 16:30:00";"2019.06.10 17:47:00";"30.0";"2475.00";"7381.00000";"7546.00000";"-84079.67";"0.00";"IST";"PT";"1h 17m";"-0.00"
"500";"USTEC_ICM_UTC2";"Buy";"7583.0";"7500.5";"2019.06.11 16:30:00";"2019.06.11 19:03:00";"30.0";"-2475.00";"7500.50000";"7665.50000";"-86554.67";"0.00";"IST";"SL";"2h 33m";"-0.00"
"501";"USTEC_ICM_UTC2";"Buy";"7478.4";"7489.0";"2019.06.12 18:30:00";"2019.06.14 22:55:00";"30.0";"-48.24";"7395.89990";"7560.89990";"-86602.91";"0.00";"IST";"End Of Friday (Time)";"2d 4h 25m";"-366.24"
"502";"USTEC_ICM_UTC2";"Buy";"7540.7";"7623.2";"2019.06.17 17:45:00";"2019.06.18 16:39:00";"30.0";"2291.88";"7458.20020";"7623.20020";"-84311.03";"0.00";"IST";"PT";"22h 54m";"-183.12"
"503";"USTEC_ICM_UTC2";"Buy";"7650.8";"7733.3";"2019.06.18 16:45:00";"2019.06.20 06:48:00";"30.0";"2108.76";"7568.29980";"7733.29980";"-82202.27";"0.00";"IST";"PT";"1d 14h 3m";"-366.24"
"504";"USTEC_ICM_UTC2";"Buy";"7721.3";"7731.3";"2019.06.20 22:00:00";"2019.06.21 22:55:00";"30.0";"116.88";"7638.79980";"7803.79980";"-82085.39";"0.00";"IST";"End Of Friday (Time)";"1d 0h 55m";"-183.12"
"505";"USTEC_ICM_UTC2";"Buy";"7734.6";"7652.1";"2019.06.24 17:45:00";"2019.06.25 17:57:00";"30.0";"-2658.12";"7652.10010";"7817.10010";"-84743.51";"0.00";"IST";"SL";"1d 0h 12m";"-183.12"
"506";"USTEC_ICM_UTC2";"Buy";"7661.9";"7649.8";"2019.06.25 18:30:00";"2019.06.28 22:55:00";"30.0";"-912.36";"7579.39990";"7744.39990";"-85655.87";"0.00";"IST";"End Of Friday (Time)";"3d 4h 25m";"-549.36"
"507";"USTEC_ICM_UTC2";"Buy";"7778.7";"7861.2";"2019.07.01 19:15:00";"2019.07.03 20:00:00";"30.0";"2108.76";"7696.20020";"7861.20020";"-83547.11";"0.00";"IST";"PT";"2d 0h 45m";"-366.24"
"508";"USTEC_ICM_UTC2";"Buy";"7880.7";"7798.2";"2019.07.04 18:30:00";"2019.07.05 16:10:00";"30.0";"-2658.12";"7798.20020";"7963.20020";"-86205.23";"0.00";"IST";"SL";"21h 40m";"-183.12"
"509";"USTEC_ICM_UTC2";"Buy";"7802.9";"7834.8";"2019.07.05 16:45:00";"2019.07.05 22:55:00";"30.0";"957.00";"7720.39990";"7885.39990";"-85248.23";"0.00";"IST";"End Of Friday (Time)";"6h 10m";"-0.00"
"510";"USTEC_ICM_UTC2";"Buy";"7775.0";"7857.5";"2019.07.08 18:00:00";"2019.07.10 15:34:00";"30.0";"2108.76";"7692.50000";"7857.50000";"-83139.47";"0.00";"IST";"PT";"1d 21h 34m";"-366.24"
"511";"USTEC_ICM_UTC2";"Buy";"7895.9";"7938.2";"2019.07.10 19:45:00";"2019.07.12 22:55:00";"30.0";"902.76";"7813.39990";"7978.39990";"-82236.71";"0.00";"IST";"End Of Friday (Time)";"2d 3h 10m";"-366.24"
"512";"USTEC_ICM_UTC2";"Buy";"7950.4";"7867.9";"2019.07.15 18:15:00";"2019.07.17 23:07:00";"30.0";"-2841.24";"7867.89990";"8032.89990";"-85077.95";"0.00";"IST";"SL";"2d 4h 52m";"-366.24"
"513";"USTEC_ICM_UTC2";"Buy";"7872.4";"7954.9";"2019.07.18 16:45:00";"2019.07.19 16:28:00";"30.0";"2291.88";"7789.89990";"7954.89990";"-82786.07";"0.00";"IST";"PT";"23h 43m";"-183.12"
"514";"USTEC_ICM_UTC2";"Buy";"7955.1";"7872.6";"2019.07.19 16:30:00";"2019.07.19 21:24:00";"30.0";"-2475.00";"7872.60010";"8037.60010";"-85261.07";"0.00";"IST";"SL";"4h 54m";"-0.00"
"515";"USTEC_ICM_UTC2";"Buy";"7881.8";"7964.3";"2019.07.22 16:45:00";"2019.07.23 23:09:00";"30.0";"2291.88";"7799.29980";"7964.29980";"-82969.19";"0.00";"IST";"PT";"1d 6h 24m";"-183.12"
"516";"USTEC_ICM_UTC2";"Buy";"7972.5";"8022.1";"2019.07.24 17:45:00";"2019.07.26 22:55:00";"30.0";"1121.76";"7890.00000";"8055.00000";"-81847.43";"0.00";"IST";"End Of Friday (Time)";"2d 5h 10m";"-366.24"
"517";"USTEC_ICM_UTC2";"Buy";"7971.6";"7889.1";"2019.07.29 18:30:00";"2019.07.31 21:43:00";"30.0";"-2841.24";"7889.10010";"8054.10010";"-84688.67";"0.00";"IST";"SL";"2d 3h 13m";"-366.24"
"518";"USTEC_ICM_UTC2";"Buy";"7876.3";"7958.8";"2019.07.31 22:15:00";"2019.08.01 17:30:00";"30.0";"2291.88";"7793.79980";"7958.79980";"-82396.79";"0.00";"IST";"PT";"19h 15m";"-183.12"
"519";"USTEC_ICM_UTC2";"Buy";"7985.3";"7902.8";"2019.08.01 18:00:00";"2019.08.01 20:34:00";"30.0";"-2475.00";"7902.79980";"8067.79980";"-84871.79";"0.00";"IST";"SL";"2h 34m";"-0.00"
"520";"USTEC_ICM_UTC2";"Buy";"7677.3";"7679.5";"2019.08.02 18:15:00";"2019.08.02 22:55:00";"30.0";"66.00";"7594.79980";"7759.79980";"-84805.79";"0.00";"IST";"End Of Friday (Time)";"4h 40m";"-0.00"
"521";"USTEC_ICM_UTC2";"Buy";"7493.6";"7411.1";"2019.08.05 17:15:00";"2019.08.05 19:59:00";"30.0";"-2475.00";"7411.10010";"7576.10010";"-87280.79";"0.00";"IST";"SL";"2h 44m";"-0.00"
"522";"USTEC_ICM_UTC2";"Buy";"7479.6";"7397.1";"2019.08.06 17:15:00";"2019.08.07 16:45:00";"30.0";"-2658.12";"7397.10010";"7562.10010";"-89938.91";"0.00";"IST";"SL";"23h 30m";"-183.12"
"523";"USTEC_ICM_UTC2";"Buy";"7461.9";"7544.4";"2019.08.07 17:15:00";"2019.08.07 21:44:00";"30.0";"2475.00";"7379.39990";"7544.39990";"-87463.91";"0.00";"IST";"PT";"4h 29m";"-0.00"
"524";"USTEC_ICM_UTC2";"Buy";"7697.1";"7614.6";"2019.08.08 21:00:00";"2019.08.09 18:26:00";"30.0";"-2658.12";"7614.60010";"7779.60010";"-90122.03";"0.00";"IST";"SL";"21h 26m";"-183.12"
"525";"USTEC_ICM_UTC2";"Buy";"7663.9";"7659.1";"2019.08.09 20:30:00";"2019.08.09 22:55:00";"30.0";"-144.00";"7581.39990";"7746.39990";"-90266.03";"0.00";"IST";"End Of Friday (Time)";"2h 25m";"-0.00"
"526";"USTEC_ICM_UTC2";"Buy";"7608.8";"7526.3";"2019.08.12 19:45:00";"2019.08.13 09:42:00";"30.0";"-2658.12";"7526.29980";"7691.29980";"-92924.15";"0.00";"IST";"SL";"13h 57m";"-183.12"
"527";"USTEC_ICM_UTC2";"Buy";"7770.0";"7687.5";"2019.08.13 17:30:00";"2019.08.13 18:26:00";"30.0";"-2475.00";"7687.50000";"7852.50000";"-95399.15";"0.00";"IST";"SL";"56m 0s";"-0.00"
"528";"USTEC_ICM_UTC2";"Buy";"7519.4";"7436.9";"2019.08.14 20:30:00";"2019.08.15 12:48:00";"30.0";"-2658.12";"7436.89990";"7601.89990";"-98057.27";"0.00";"IST";"SL";"16h 18m";"-183.12"
"529";"USTEC_ICM_UTC2";"Buy";"7473.0";"7555.5";"2019.08.15 22:00:00";"2019.08.16 10:32:00";"30.0";"2291.88";"7390.50000";"7555.50000";"-95765.39";"0.00";"IST";"PT";"12h 32m";"-183.12"
"530";"USTEC_ICM_UTC2";"Buy";"7565.8";"7609.9";"2019.08.16 17:15:00";"2019.08.16 22:55:00";"30.0";"1323.00";"7483.29980";"7648.29980";"-94442.39";"0.00";"IST";"End Of Friday (Time)";"5h 40m";"-0.00"
"531";"USTEC_ICM_UTC2";"Buy";"7706.8";"7624.3";"2019.08.19 16:30:00";"2019.08.23 16:50:00";"30.0";"-3207.48";"7624.29980";"7789.29980";"-97649.87";"0.00";"IST";"SL";"4d 0h 20m";"-732.48"
"532";"USTEC_ICM_UTC2";"Buy";"7672.7";"7590.2";"2019.08.23 17:15:00";"2019.08.23 18:08:00";"30.0";"-2475.00";"7590.20020";"7755.20020";"-100124.87";"0.00";"IST";"SL";"53m 0s";"-0.00"
"533";"USTEC_ICM_UTC2";"Buy";"7552.8";"7635.3";"2019.08.26 22:15:00";"2019.08.27 16:08:00";"30.0";"2291.88";"7470.29980";"7635.29980";"-97832.99";"0.00";"IST";"PT";"17h 53m";"-183.12"
"534";"USTEC_ICM_UTC2";"Buy";"7556.5";"7639.0";"2019.08.27 21:15:00";"2019.08.29 10:13:00";"30.0";"2108.76";"7474.00000";"7639.00000";"-95724.23";"0.00";"IST";"PT";"1d 12h 58m";"-366.24"
"535";"USTEC_ICM_UTC2";"Buy";"7662.3";"7579.8";"2019.09.02 18:00:00";"2019.09.02 18:50:00";"30.0";"-2475.00";"7579.79980";"7744.79980";"-98199.23";"0.00";"IST";"SL";"50m 0s";"-0.00"
"536";"USTEC_ICM_UTC2";"Buy";"7655.7";"7738.2";"2019.09.03 16:45:00";"2019.09.05 03:09:00";"30.0";"2108.76";"7573.20020";"7738.20020";"-96090.47";"0.00";"IST";"PT";"1d 10h 24m";"-366.24"
"537";"USTEC_ICM_UTC2";"Buy";"7825.0";"7852.9";"2019.09.05 16:45:00";"2019.09.06 22:55:00";"30.0";"653.88";"7742.50000";"7907.50000";"-95436.59";"0.00";"IST";"End Of Friday (Time)";"1d 6h 10m";"-183.12"
"538";"USTEC_ICM_UTC2";"Buy";"7827.5";"7745.0";"2019.09.09 20:00:00";"2019.09.10 16:54:00";"30.0";"-2658.12";"7745.00000";"7910.00000";"-98094.71";"0.00";"IST";"SL";"20h 54m";"-183.12"
"539";"USTEC_ICM_UTC2";"Buy";"7779.4";"7861.9";"2019.09.10 19:00:00";"2019.09.11 17:14:00";"30.0";"2291.88";"7696.89990";"7861.89990";"-95802.83";"0.00";"IST";"PT";"22h 14m";"-183.12"
"540";"USTEC_ICM_UTC2";"Buy";"7883.5";"7966.0";"2019.09.11 19:15:00";"2019.09.12 17:10:00";"30.0";"2291.88";"7801.00000";"7966.00000";"-93510.95";"0.00";"IST";"PT";"21h 55m";"-183.12"
"541";"USTEC_ICM_UTC2";"Buy";"7945.4";"7895.0";"2019.09.12 19:00:00";"2019.09.13 22:55:00";"30.0";"-1695.12";"7862.89990";"8027.89990";"-95206.07";"0.00";"IST";"End Of Friday (Time)";"1d 3h 55m";"-183.12"
"542";"USTEC_ICM_UTC2";"Buy";"7860.6";"7943.1";"2019.09.16 18:15:00";"2019.09.19 17:06:00";"30.0";"1925.64";"7778.10010";"7943.10010";"-93280.43";"0.00";"IST";"PT";"2d 22h 51m";"-549.36"
"543";"USTEC_ICM_UTC2";"Buy";"7938.5";"7856.0";"2019.09.19 17:15:00";"2019.09.20 19:37:00";"30.0";"-2658.12";"7856.00000";"8021.00000";"-95938.55";"0.00";"IST";"SL";"1d 2h 22m";"-183.12"
"544";"USTEC_ICM_UTC2";"Buy";"7821.8";"7829.9";"2019.09.20 21:15:00";"2019.09.20 22:55:00";"30.0";"243.00";"7739.29980";"7904.29980";"-95695.55";"0.00";"IST";"End Of Friday (Time)";"1h 40m";"-0.00"
"545";"USTEC_ICM_UTC2";"Buy";"7832.0";"7749.5";"2019.09.23 19:15:00";"2019.09.24 19:22:00";"30.0";"-2658.12";"7749.50000";"7914.50000";"-98353.67";"0.00";"IST";"SL";"1d 0h 7m";"-183.12"
"546";"USTEC_ICM_UTC2";"Buy";"7709.9";"7792.4";"2019.09.24 20:45:00";"2019.09.25 21:48:00";"30.0";"2291.88";"7627.39990";"7792.39990";"-96061.79";"0.00";"IST";"PT";"1d 1h 3m";"-183.12"
"547";"USTEC_ICM_UTC2";"Buy";"7766.8";"7684.3";"2019.09.26 17:45:00";"2019.09.27 19:57:00";"30.0";"-2658.12";"7684.29980";"7849.29980";"-98719.91";"0.00";"IST";"SL";"1d 2h 12m";"-183.12"
"548";"USTEC_ICM_UTC2";"Buy";"7682.7";"7677.7";"2019.09.27 20:45:00";"2019.09.27 22:55:00";"30.0";"-150.00";"7600.20020";"7765.20020";"-98869.91";"0.00";"IST";"End Of Friday (Time)";"2h 10m";"-0.00"
"549";"USTEC_ICM_UTC2";"Buy";"7719.7";"7802.2";"2019.09.30 17:30:00";"2019.10.01 09:17:00";"30.0";"2291.88";"7637.20020";"7802.20020";"-96578.03";"0.00";"IST";"PT";"15h 47m";"-183.12"
"550";"USTEC_ICM_UTC2";"Buy";"7815.7";"7733.2";"2019.10.01 16:45:00";"2019.10.01 17:59:00";"30.0";"-2475.00";"7733.20020";"7898.20020";"-99053.03";"0.00";"IST";"SL";"1h 14m";"-0.00"
"551";"USTEC_ICM_UTC2";"Buy";"7594.5";"7512.0";"2019.10.02 17:15:00";"2019.10.02 19:50:00";"30.0";"-2475.00";"7512.00000";"7677.00000";"-101528.03";"0.00";"IST";"SL";"2h 35m";"-0.00"
"552";"USTEC_ICM_UTC2";"Buy";"7550.9";"7468.4";"2019.10.03 16:45:00";"2019.10.03 17:07:00";"30.0";"-2475.00";"7468.39990";"7633.39990";"-104003.03";"0.00";"IST";"SL";"22m 0s";"-0.00"
"553";"USTEC_ICM_UTC2";"Buy";"7720.8";"7754.1";"2019.10.04 18:45:00";"2019.10.04 22:55:00";"30.0";"999.00";"7638.29980";"7803.29980";"-103004.03";"0.00";"IST";"End Of Friday (Time)";"4h 10m";"-0.00"
"554";"USTEC_ICM_UTC2";"Buy";"7739.6";"7657.1";"2019.10.07 17:15:00";"2019.10.08 14:00:00";"30.0";"-2658.12";"7657.10010";"7822.10010";"-105662.15";"0.00";"IST";"SL";"20h 45m";"-183.12"
"555";"USTEC_ICM_UTC2";"Buy";"7632.5";"7715.0";"2019.10.08 17:30:00";"2019.10.09 21:54:00";"30.0";"2291.88";"7550.00000";"7715.00000";"-103370.27";"0.00";"IST";"PT";"1d 4h 24m";"-183.12"
"556";"USTEC_ICM_UTC2";"Buy";"7684.8";"7767.3";"2019.10.10 16:30:00";"2019.10.10 18:05:00";"30.0";"2475.00";"7602.29980";"7767.29980";"-100895.27";"0.00";"IST";"PT";"1h 35m";"-0.00"
"557";"USTEC_ICM_UTC2";"Buy";"7881.2";"7853.3";"2019.10.11 17:30:00";"2019.10.11 22:55:00";"30.0";"-837.00";"7798.70020";"7963.70020";"-101732.27";"0.00";"IST";"End Of Friday (Time)";"5h 25m";"-0.00"
"558";"USTEC_ICM_UTC2";"Buy";"7850.1";"7932.6";"2019.10.14 17:15:00";"2019.10.15 17:40:00";"30.0";"2291.88";"7767.60010";"7932.60010";"-99440.39";"0.00";"IST";"PT";"1d 0h 25m";"-183.12"
"559";"USTEC_ICM_UTC2";"Buy";"7939.3";"7856.8";"2019.10.15 19:15:00";"2019.10.18 18:58:00";"30.0";"-3024.36";"7856.79980";"8021.79980";"-102464.75";"0.00";"IST";"SL";"2d 23h 43m";"-549.36"
"560";"USTEC_ICM_UTC2";"Buy";"7857.3";"7886.0";"2019.10.18 20:00:00";"2019.10.18 22:55:00";"30.0";"861.00";"7774.79980";"7939.79980";"-101603.75";"0.00";"IST";"End Of Friday (Time)";"2h 55m";"-0.00"
"561";"USTEC_ICM_UTC2";"Buy";"7927.3";"7844.8";"2019.10.21 18:15:00";"2019.10.22 23:02:00";"30.0";"-2658.12";"7844.79980";"8009.79980";"-104261.88";"0.00";"IST";"SL";"1d 4h 47m";"-183.12"
"562";"USTEC_ICM_UTC2";"Buy";"7853.9";"7936.4";"2019.10.23 16:30:00";"2019.10.24 14:22:00";"30.0";"2291.88";"7771.39990";"7936.39990";"-101969.99";"0.00";"IST";"PT";"21h 52m";"-183.12"
"563";"USTEC_ICM_UTC2";"Buy";"7947.0";"8029.5";"2019.10.24 16:30:00";"2019.10.25 18:25:00";"30.0";"2291.88";"7864.50000";"8029.50000";"-99678.11";"0.00";"IST";"PT";"1d 1h 55m";"-183.12"
"564";"USTEC_ICM_UTC2";"Buy";"8018.0";"8022.3";"2019.10.25 22:00:00";"2019.10.25 22:55:00";"30.0";"129.00";"7935.50000";"8100.50000";"-99549.11";"0.00";"IST";"End Of Friday (Time)";"55m 0s";"-0.00"
"565";"USTEC_ICM_UTC2";"Buy";"8095.5";"8013.0";"2019.10.28 16:30:00";"2019.10.30 16:04:00";"30.0";"-2841.24";"8013.00000";"8178.00000";"-102390.35";"0.00";"IST";"SL";"1d 23h 34m";"-366.24"
"566";"USTEC_ICM_UTC2";"Buy";"8046.8";"8129.3";"2019.10.30 16:30:00";"2019.10.31 10:16:00";"30.0";"2291.88";"7964.29980";"8129.29980";"-100098.47";"0.00";"IST";"PT";"17h 46m";"-183.12"
"567";"USTEC_ICM_UTC2";"Buy";"8076.0";"8158.5";"2019.10.31 17:00:00";"2019.11.01 21:59:00";"30.0";"2291.88";"7993.50000";"8158.50000";"-97806.59";"0.00";"IST";"PT";"1d 4h 59m";"-183.12"
"568";"USTEC_ICM_UTC2";"Buy";"8212.5";"8248.4";"2019.11.04 20:00:00";"2019.11.08 22:55:00";"30.0";"344.52";"8130.00000";"8295.00000";"-97462.07";"0.00";"IST";"End Of Friday (Time)";"4d 2h 55m";"-732.48"
"569";"USTEC_ICM_UTC2";"Buy";"8222.4";"8304.9";"2019.11.11 17:00:00";"2019.11.15 16:28:00";"30.0";"1742.52";"8139.89990";"8304.90039";"-95719.55";"0.00";"IST";"PT";"3d 23h 28m";"-732.48"
"570";"USTEC_ICM_UTC2";"Buy";"8309.8";"8307.9";"2019.11.15 16:30:00";"2019.11.15 22:55:00";"30.0";"-56.97";"8227.29980";"8392.29980";"-95776.52";"0.00";"IST";"End Of Friday (Time)";"6h 25m";"-0.00"
"571";"USTEC_ICM_UTC2";"Buy";"8302.3";"8264.7";"2019.11.18 17:45:00";"2019.11.22 22:55:00";"30.0";"-1860.48";"8219.79980";"8384.79980";"-97637.00";"0.00";"IST";"End Of Friday (Time)";"4d 5h 10m";"-732.48"
"572";"USTEC_ICM_UTC2";"Buy";"8362.8";"8445.3";"2019.11.25 17:45:00";"2019.11.27 23:00:00";"30.0";"2108.76";"8280.29980";"8445.29980";"-95528.24";"0.00";"IST";"PT";"2d 5h 15m";"-366.24"
"573";"USTEC_ICM_UTC2";"Buy";"8436.3";"8353.8";"2019.11.28 18:30:00";"2019.12.02 16:40:00";"30.0";"-3207.48";"8353.79980";"8518.79980";"-98735.72";"0.00";"IST";"SL";"3d 22h 10m";"-732.48"
"574";"USTEC_ICM_UTC2";"Buy";"8318.0";"8235.5";"2019.12.02 21:00:00";"2019.12.03 15:18:00";"30.0";"-2658.12";"8235.50000";"8400.50000";"-101393.84";"0.00";"IST";"SL";"18h 18m";"-183.12"
"575";"USTEC_ICM_UTC2";"Buy";"8195.1";"8277.6";"2019.12.03 17:15:00";"2019.12.04 11:08:00";"30.0";"2291.88";"8112.60010";"8277.59961";"-99101.96";"0.00";"IST";"PT";"17h 53m";"-183.12"
"576";"USTEC_ICM_UTC2";"Buy";"8298.9";"8381.4";"2019.12.04 16:45:00";"2019.12.06 16:45:00";"30.0";"2108.76";"8216.40039";"8381.40039";"-96993.20";"0.00";"IST";"PT";"2d 0h 0m";"-366.24"
"577";"USTEC_ICM_UTC2";"Buy";"8394.9";"8396.3";"2019.12.06 19:30:00";"2019.12.06 22:55:00";"30.0";"41.97";"8312.40039";"8477.40039";"-96951.23";"0.00";"IST";"End Of Friday (Time)";"3h 25m";"-0.00"
"578";"USTEC_ICM_UTC2";"Buy";"8375.7";"8458.2";"2019.12.10 17:15:00";"2019.12.12 16:39:00";"30.0";"2108.76";"8293.20020";"8458.20020";"-94842.47";"0.00";"IST";"PT";"1d 23h 24m";"-366.24"
"579";"USTEC_ICM_UTC2";"Buy";"8445.2";"8486.2";"2019.12.12 16:45:00";"2019.12.13 22:55:00";"30.0";"1046.88";"8362.70020";"8527.70020";"-93795.59";"0.00";"IST";"End Of Friday (Time)";"1d 6h 10m";"-183.12"
"580";"USTEC_ICM_UTC2";"Buy";"8582.7";"8665.2";"2019.12.16 17:30:00";"2019.12.20 16:08:00";"30.0";"1742.52";"8500.20020";"8665.20020";"-92053.07";"0.00";"IST";"PT";"3d 22h 38m";"-732.48"
"581";"USTEC_ICM_UTC2";"Buy";"8671.8";"8679.3";"2019.12.20 17:45:00";"2019.12.20 22:55:00";"30.0";"225.00";"8589.29980";"8754.29980";"-91828.07";"0.00";"IST";"End Of Friday (Time)";"5h 10m";"-0.00"
"582";"USTEC_ICM_UTC2";"Buy";"8704.4";"8786.9";"2019.12.23 18:00:00";"2019.12.27 02:31:00";"30.0";"1742.52";"8621.90039";"8786.90039";"-90085.55";"0.00";"IST";"PT";"3d 8h 31m";"-732.48"
"583";"USTEC_ICM_UTC2";"Buy";"8700.9";"8783.4";"2019.12.30 17:45:00";"2020.01.02 10:52:00";"30.0";"1925.64";"8618.40039";"8783.40039";"-88159.91";"0.00";"IST";"PT";"2d 17h 7m";"-549.36"
"584";"USTEC_ICM_UTC2";"Buy";"8827.6";"8745.1";"2020.01.02 21:00:00";"2020.01.03 11:47:00";"30.0";"-2658.12";"8745.09961";"8910.09961";"-90818.03";"0.00";"IST";"SL";"14h 47m";"-183.12"
"585";"USTEC_ICM_UTC2";"Buy";"8820.4";"8802.9";"2020.01.03 16:45:00";"2020.01.03 22:55:00";"30.0";"-525.00";"8737.90039";"8902.90039";"-91343.03";"0.00";"IST";"End Of Friday (Time)";"6h 10m";"-0.00"
"586";"USTEC_ICM_UTC2";"Buy";"8759.0";"8841.5";"2020.01.06 16:45:00";"2020.01.06 22:50:00";"30.0";"2475.00";"8676.50000";"8841.50000";"-88868.03";"0.00";"IST";"PT";"6h 5m";"-0.00"
"587";"USTEC_ICM_UTC2";"Buy";"8855.7";"8773.2";"2020.01.07 17:15:00";"2020.01.08 01:22:00";"30.0";"-2658.12";"8773.20020";"8938.20020";"-91526.15";"0.00";"IST";"SL";"8h 7m";"-183.12"
"588";"USTEC_ICM_UTC2";"Buy";"8869.4";"8951.9";"2020.01.08 16:45:00";"2020.01.08 22:26:00";"30.0";"2475.00";"8786.90039";"8951.90039";"-89051.15";"0.00";"IST";"PT";"5h 41m";"-0.00"
"589";"USTEC_ICM_UTC2";"Buy";"8986.2";"8966.9";"2020.01.09 21:45:00";"2020.01.10 22:55:00";"30.0";"-762.12";"8903.70020";"9068.70020";"-89813.27";"0.00";"IST";"End Of Friday (Time)";"1d 1h 10m";"-183.12"
"590";"USTEC_ICM_UTC2";"Buy";"9020.2";"9102.7";"2020.01.13 18:00:00";"2020.01.16 17:10:00";"30.0";"1925.64";"8937.70020";"9102.70020";"-87887.63";"0.00";"IST";"PT";"2d 23h 10m";"-549.36"
"591";"USTEC_ICM_UTC2";"Buy";"9090.1";"9171.5";"2020.01.16 20:45:00";"2020.01.17 22:55:00";"30.0";"2258.88";"9007.59961";"9172.59961";"-85628.75";"0.00";"IST";"End Of Friday (Time)";"1d 2h 10m";"-183.12"
"592";"USTEC_ICM_UTC2";"Buy";"9158.9";"9241.4";"2020.01.20 16:45:00";"2020.01.22 17:43:00";"30.0";"2108.76";"9076.40039";"9241.40039";"-83519.99";"0.00";"IST";"PT";"2d 0h 58m";"-366.24"
"593";"USTEC_ICM_UTC2";"Buy";"9191.4";"9273.9";"2020.01.23 17:15:00";"2020.01.24 10:35:00";"30.0";"2291.88";"9108.90039";"9273.90039";"-81228.11";"0.00";"IST";"PT";"17h 20m";"-183.12"
"594";"USTEC_ICM_UTC2";"Buy";"8979.6";"9062.1";"2020.01.27 17:30:00";"2020.01.28 17:42:00";"30.0";"2291.88";"8897.09961";"9062.09961";"-78936.23";"0.00";"IST";"PT";"1d 0h 12m";"-183.12"
"595";"USTEC_ICM_UTC2";"Buy";"9076.7";"9159.2";"2020.01.28 18:30:00";"2020.01.30 23:01:00";"30.0";"2108.76";"8994.20020";"9159.20020";"-76827.47";"0.00";"IST";"PT";"2d 4h 31m";"-366.24"
"596";"USTEC_ICM_UTC2";"Buy";"9084.9";"9167.4";"2020.02.03 16:45:00";"2020.02.04 05:36:00";"30.0";"2291.88";"9002.40039";"9167.40039";"-74535.59";"0.00";"IST";"PT";"12h 51m";"-183.12"
"597";"USTEC_ICM_UTC2";"Buy";"9289.8";"9372.3";"2020.02.04 18:15:00";"2020.02.05 10:34:00";"30.0";"2291.88";"9207.29980";"9372.29980";"-72243.71";"0.00";"IST";"PT";"16h 19m";"-183.12"
"598";"USTEC_ICM_UTC2";"Buy";"9400.6";"9394.0";"2020.02.06 17:45:00";"2020.02.07 22:55:00";"30.0";"-381.12";"9318.09961";"9483.09961";"-72624.84";"0.00";"IST";"End Of Friday (Time)";"1d 5h 10m";"-183.12"
"599";"USTEC_ICM_UTC2";"Buy";"9427.6";"9510.1";"2020.02.10 16:45:00";"2020.02.10 22:56:00";"30.0";"2475.00";"9345.09961";"9510.09961";"-70149.84";"0.00";"IST";"PT";"6h 11m";"-0.00"
"600";"USTEC_ICM_UTC2";"Buy";"9567.1";"9649.6";"2020.02.11 16:30:00";"2020.02.14 05:02:00";"30.0";"1925.64";"9484.59961";"9649.59961";"-68224.20";"0.00";"IST";"PT";"2d 12h 32m";"-549.36"
"601";"USTEC_ICM_UTC2";"Buy";"9624.1";"9618.1";"2020.02.14 18:30:00";"2020.02.14 22:55:00";"30.0";"-180.00";"9541.59961";"9706.59961";"-68404.20";"0.00";"IST";"End Of Friday (Time)";"4h 25m";"-0.00"
"602";"USTEC_ICM_UTC2";"Buy";"9652.7";"9570.2";"2020.02.17 17:15:00";"2020.02.18 03:14:00";"30.0";"-2658.12";"9570.20020";"9735.20020";"-71062.31";"0.00";"IST";"SL";"9h 59m";"-183.12"
"603";"USTEC_ICM_UTC2";"Buy";"9594.8";"9677.3";"2020.02.18 16:45:00";"2020.02.19 16:05:00";"30.0";"2291.88";"9512.29980";"9677.29980";"-68770.43";"0.00";"IST";"PT";"23h 20m";"-183.12"
"604";"USTEC_ICM_UTC2";"Buy";"9708.0";"9625.5";"2020.02.19 17:30:00";"2020.02.20 18:25:00";"30.0";"-2658.12";"9625.50000";"9790.50000";"-71428.55";"0.00";"IST";"SL";"1d 0h 55m";"-183.12"
"605";"USTEC_ICM_UTC2";"Buy";"9549.6";"9632.1";"2020.02.20 19:30:00";"2020.02.20 22:56:00";"30.0";"2475.00";"9467.09961";"9632.09961";"-68953.55";"0.00";"IST";"PT";"3h 26m";"-0.00"
"606";"USTEC_ICM_UTC2";"Buy";"9504.6";"9422.1";"2020.02.21 18:15:00";"2020.02.21 20:51:00";"30.0";"-2475.00";"9422.09961";"9587.09961";"-71428.55";"0.00";"IST";"SL";"2h 36m";"-0.00"
"607";"USTEC_ICM_UTC2";"Buy";"9170.7";"9088.2";"2020.02.24 16:45:00";"2020.02.24 18:46:00";"30.0";"-2475.00";"9088.20020";"9253.20020";"-73903.55";"0.00";"IST";"SL";"2h 1m";"-0.00"
"608";"USTEC_ICM_UTC2";"Buy";"9151.6";"9069.1";"2020.02.25 16:30:00";"2020.02.25 17:24:00";"30.0";"-2475.00";"9069.09961";"9234.09961";"-76378.55";"0.00";"IST";"SL";"54m 0s";"-0.00"
"609";"USTEC_ICM_UTC2";"Buy";"8992.3";"8909.8";"2020.02.26 16:45:00";"2020.02.26 19:05:00";"30.0";"-2475.00";"8909.79980";"9074.79980";"-78853.55";"0.00";"IST";"SL";"2h 20m";"-0.00"
"610";"USTEC_ICM_UTC2";"Buy";"8661.7";"8579.2";"2020.02.27 16:45:00";"2020.02.27 17:26:00";"30.0";"-2475.00";"8579.20020";"8744.20020";"-81328.55";"0.00";"IST";"SL";"41m 0s";"-0.00"
"611";"USTEC_ICM_UTC2";"Buy";"8282.5";"8200.0";"2020.02.28 18:00:00";"2020.02.28 18:09:00";"30.0";"-2475.00";"8200.00000";"8365.00000";"-83803.55";"0.00";"IST";"SL";"9m 0s";"-0.00"
"612";"USTEC_ICM_UTC2";"Buy";"8534.8";"8617.3";"2020.03.02 17:45:00";"2020.03.02 18:12:00";"30.0";"2475.00";"8452.29980";"8617.29980";"-81328.55";"0.00";"IST";"PT";"27m 0s";"-0.00"
"613";"USTEC_ICM_UTC2";"Buy";"8857.9";"8940.4";"2020.03.04 21:30:00";"2020.03.04 22:56:00";"30.0";"2475.00";"8775.40039";"8940.40039";"-78853.55";"0.00";"IST";"PT";"1h 26m";"-0.00"
"614";"USTEC_ICM_UTC2";"Buy";"8715.8";"8798.3";"2020.03.05 16:30:00";"2020.03.05 17:22:00";"30.0";"2475.00";"8633.29980";"8798.29980";"-76378.55";"0.00";"IST";"PT";"52m 0s";"-0.00"
"615";"USTEC_ICM_UTC2";"Buy";"8386.8";"8469.3";"2020.03.06 16:30:00";"2020.03.06 17:16:00";"30.0";"2475.00";"8304.29980";"8469.29980";"-73903.55";"0.00";"IST";"PT";"46m 0s";"-0.00"
"616";"USTEC_ICM_UTC2";"Buy";"8094.9";"8177.4";"2020.03.10 19:00:00";"2020.03.10 20:41:00";"30.0";"2475.00";"8012.39990";"8177.39990";"-71428.55";"0.00";"IST";"PT";"1h 41m";"-0.00"
"617";"USTEC_ICM_UTC2";"Buy";"8024.6";"8107.1";"2020.03.11 21:45:00";"2020.03.12 00:41:00";"30.0";"2291.88";"7942.10010";"8107.10010";"-69136.67";"0.00";"IST";"PT";"2h 56m";"-183.12"
"618";"USTEC_ICM_UTC2";"Buy";"7543.4";"7460.9";"2020.03.12 16:30:00";"2020.03.12 17:19:00";"30.0";"-2475.00";"7460.89990";"7625.89990";"-71611.67";"0.00";"IST";"SL";"49m 0s";"-0.00"
"619";"USTEC_ICM_UTC2";"Buy";"7391.2";"7473.7";"2020.03.13 18:30:00";"2020.03.13 18:33:00";"30.0";"2475.00";"7308.70020";"7473.70020";"-69136.67";"0.00";"IST";"PT";"3m 0s";"-0.00"
"620";"USTEC_ICM_UTC2";"Buy";"7286.6";"7204.1";"2020.03.16 21:15:00";"2020.03.16 21:31:00";"30.0";"-2475.00";"7204.10010";"7369.10010";"-71611.67";"0.00";"IST";"SL";"16m 0s";"-0.00"
"621";"USTEC_ICM_UTC2";"Buy";"7157.3";"7239.8";"2020.03.17 16:30:00";"2020.03.17 16:48:00";"30.0";"2475.00";"7074.79980";"7239.79980";"-69136.67";"0.00";"IST";"PT";"18m 0s";"-0.00"
"622";"USTEC_ICM_UTC2";"Buy";"7200.3";"7117.8";"2020.03.18 18:00:00";"2020.03.18 18:15:00";"30.0";"-2475.00";"7117.79980";"7282.79980";"-71611.67";"0.00";"IST";"SL";"15m 0s";"-0.00"
"623";"USTEC_ICM_UTC2";"Buy";"7432.2";"7514.7";"2020.03.19 20:00:00";"2020.03.19 20:44:00";"30.0";"2475.00";"7349.70020";"7514.70020";"-69136.67";"0.00";"IST";"PT";"44m 0s";"-0.00"
"624";"USTEC_ICM_UTC2";"Buy";"6940.3";"6857.8";"2020.03.23 21:00:00";"2020.03.23 21:33:00";"30.0";"-2475.00";"6857.79980";"7022.79980";"-71611.67";"0.00";"IST";"SL";"33m 0s";"-0.00"
"625";"USTEC_ICM_UTC2";"Buy";"7509.3";"7426.8";"2020.03.24 18:30:00";"2020.03.24 19:05:00";"30.0";"-2475.00";"7426.79980";"7591.79980";"-74086.67";"0.00";"IST";"SL";"35m 0s";"-0.00"
"626";"USTEC_ICM_UTC2";"Buy";"7565.0";"7647.5";"2020.03.25 18:15:00";"2020.03.25 18:45:00";"30.0";"2475.00";"7482.50000";"7647.50000";"-71611.67";"0.00";"IST";"PT";"30m 0s";"-0.00"
"627";"USTEC_ICM_UTC2";"Buy";"7735.6";"7818.1";"2020.03.26 17:30:00";"2020.03.26 21:50:00";"30.0";"2475.00";"7653.10010";"7818.10010";"-69136.67";"0.00";"IST";"PT";"4h 20m";"-0.00"
"628";"USTEC_ICM_UTC2";"Buy";"7651.4";"7733.9";"2020.03.27 19:15:00";"2020.03.27 19:41:00";"30.0";"2475.00";"7568.89990";"7733.89990";"-66661.67";"0.00";"IST";"PT";"26m 0s";"-0.00"
"629";"USTEC_ICM_UTC2";"Buy";"7755.6";"7838.1";"2020.03.30 17:15:00";"2020.03.30 18:29:00";"30.0";"2475.00";"7673.10010";"7838.10010";"-64186.67";"0.00";"IST";"PT";"1h 14m";"-0.00"
"630";"USTEC_ICM_UTC2";"Buy";"7954.3";"7871.8";"2020.03.31 17:15:00";"2020.03.31 19:28:00";"30.0";"-2475.00";"7871.79980";"8036.79980";"-66661.67";"0.00";"IST";"SL";"2h 13m";"-0.00"
"631";"USTEC_ICM_UTC2";"Buy";"7617.5";"7700.0";"2020.04.01 16:45:00";"2020.04.01 18:11:00";"30.0";"2475.00";"7535.00000";"7700.00000";"-64186.67";"0.00";"IST";"PT";"1h 26m";"-0.00"
"632";"USTEC_ICM_UTC2";"Buy";"7457.7";"7540.2";"2020.04.02 16:45:00";"2020.04.02 17:12:00";"30.0";"2475.00";"7375.20020";"7540.20020";"-61711.67";"0.00";"IST";"PT";"27m 0s";"-0.00"
"633";"USTEC_ICM_UTC2";"Buy";"7659.6";"7577.1";"2020.04.03 16:45:00";"2020.04.03 17:28:00";"30.0";"-2475.00";"7577.10010";"7742.10010";"-64186.67";"0.00";"IST";"SL";"43m 0s";"-0.00"
"634";"USTEC_ICM_UTC2";"Buy";"7866.8";"7949.3";"2020.04.06 17:00:00";"2020.04.06 20:00:00";"30.0";"2475.00";"7784.29980";"7949.29980";"-61711.67";"0.00";"IST";"PT";"3h 0m";"-0.00"
"635";"USTEC_ICM_UTC2";"Buy";"8292.6";"8210.1";"2020.04.07 16:30:00";"2020.04.07 17:06:00";"30.0";"-2475.00";"8210.09961";"8375.09961";"-64186.67";"0.00";"IST";"SL";"36m 0s";"-0.00"
"636";"USTEC_ICM_UTC2";"Buy";"8139.8";"8057.3";"2020.04.08 16:45:00";"2020.04.08 17:08:00";"30.0";"-2475.00";"8057.29980";"8222.29980";"-66661.67";"0.00";"IST";"SL";"23m 0s";"-0.00"
"637";"USTEC_ICM_UTC2";"Buy";"8334.9";"8252.4";"2020.04.09 16:45:00";"2020.04.09 17:08:00";"30.0";"-2475.00";"8252.40039";"8417.40039";"-69136.67";"0.00";"IST";"SL";"23m 0s";"-0.00"
"638";"USTEC_ICM_UTC2";"Buy";"8228.8";"8311.3";"2020.04.13 17:15:00";"2020.04.13 22:32:00";"30.0";"2475.00";"8146.29980";"8311.29980";"-66661.67";"0.00";"IST";"PT";"5h 17m";"-0.00"
"639";"USTEC_ICM_UTC2";"Buy";"8550.4";"8632.9";"2020.04.14 16:45:00";"2020.04.14 19:16:00";"30.0";"2475.00";"8467.90039";"8632.90039";"-64186.67";"0.00";"IST";"PT";"2h 31m";"-0.00"
"640";"USTEC_ICM_UTC2";"Buy";"8588.3";"8670.8";"2020.04.15 20:30:00";"2020.04.16 09:34:00";"30.0";"2291.88";"8505.79980";"8670.79980";"-61894.79";"0.00";"IST";"PT";"13h 4m";"-183.12"
"641";"USTEC_ICM_UTC2";"Buy";"8785.6";"8703.1";"2020.04.16 19:00:00";"2020.04.16 19:17:00";"30.0";"-2475.00";"8703.09961";"8868.09961";"-64369.79";"0.00";"IST";"SL";"17m 0s";"-0.00"
"642";"USTEC_ICM_UTC2";"Buy";"8800.7";"8718.2";"2020.04.20 17:30:00";"2020.04.20 23:06:00";"30.0";"-2475.00";"8718.20020";"8883.20020";"-66844.80";"0.00";"IST";"SL";"5h 36m";"-0.00"
"643";"USTEC_ICM_UTC2";"Buy";"8642.4";"8559.9";"2020.04.21 16:30:00";"2020.04.21 16:39:00";"30.0";"-2475.00";"8559.90039";"8724.90039";"-69319.80";"0.00";"IST";"SL";"9m 0s";"-0.00"
"644";"USTEC_ICM_UTC2";"Buy";"8577.8";"8660.3";"2020.04.22 16:45:00";"2020.04.22 20:52:00";"30.0";"2475.00";"8495.29980";"8660.29980";"-66844.80";"0.00";"IST";"PT";"4h 7m";"-0.00"
"645";"USTEC_ICM_UTC2";"Buy";"8766.6";"8684.1";"2020.04.23 17:30:00";"2020.04.23 19:45:00";"30.0";"-2475.00";"8684.09961";"8849.09961";"-69319.80";"0.00";"IST";"SL";"2h 15m";"-0.00"
"646";"USTEC_ICM_UTC2";"Buy";"8660.8";"8743.3";"2020.04.24 19:00:00";"2020.04.24 21:39:00";"30.0";"2475.00";"8578.29980";"8743.29980";"-66844.80";"0.00";"IST";"PT";"2h 39m";"-0.00"
"647";"USTEC_ICM_UTC2";"Buy";"8870.9";"8788.4";"2020.04.27 18:30:00";"2020.04.28 05:00:00";"30.0";"-2658.12";"8788.40039";"8953.40039";"-69502.91";"0.00";"IST";"SL";"10h 30m";"-183.12"
"648";"USTEC_ICM_UTC2";"Buy";"8907.2";"8989.7";"2020.04.29 17:00:00";"2020.04.29 21:58:00";"30.0";"2475.00";"8824.70020";"8989.70020";"-67027.91";"0.00";"IST";"PT";"4h 58m";"-0.00"
"649";"USTEC_ICM_UTC2";"Buy";"8861.7";"8779.2";"2020.05.01 17:15:00";"2020.05.01 18:32:00";"30.0";"-2475.00";"8779.20020";"8944.20020";"-69502.91";"0.00";"IST";"SL";"1h 17m";"-0.00"
"650";"USTEC_ICM_UTC2";"Buy";"8769.4";"8851.9";"2020.05.04 18:15:00";"2020.05.05 03:04:00";"30.0";"2291.88";"8686.90039";"8851.90039";"-67211.03";"0.00";"IST";"PT";"8h 49m";"-183.12"
"651";"USTEC_ICM_UTC2";"Buy";"8975.9";"8893.4";"2020.05.05 18:00:00";"2020.05.06 04:05:00";"30.0";"-2658.12";"8893.40039";"9058.40039";"-69869.16";"0.00";"IST";"SL";"10h 5m";"-183.12"
"652";"USTEC_ICM_UTC2";"Buy";"9020.8";"9103.3";"2020.05.06 16:45:00";"2020.05.07 12:36:00";"30.0";"2291.88";"8938.29980";"9103.29980";"-67577.27";"0.00";"IST";"PT";"19h 51m";"-183.12"
"653";"USTEC_ICM_UTC2";"Buy";"9084.5";"9167.0";"2020.05.07 18:15:00";"2020.05.08 03:00:00";"30.0";"2291.88";"9002.00000";"9167.00000";"-65285.39";"0.00";"IST";"PT";"8h 45m";"-183.12"
"654";"USTEC_ICM_UTC2";"Buy";"9186.6";"9221.3";"2020.05.08 18:15:00";"2020.05.08 22:55:00";"30.0";"1041.00";"9104.09961";"9269.09961";"-64244.39";"0.00";"IST";"End Of Friday (Time)";"4h 40m";"-0.00"
"655";"USTEC_ICM_UTC2";"Buy";"9238.2";"9320.7";"2020.05.11 18:00:00";"2020.05.11 20:30:00";"30.0";"2475.00";"9155.70020";"9320.70020";"-61769.39";"0.00";"IST";"PT";"2h 30m";"-0.00"
"656";"USTEC_ICM_UTC2";"Buy";"9162.1";"9079.6";"2020.05.13 17:15:00";"2020.05.13 18:22:00";"30.0";"-2475.00";"9079.59961";"9244.59961";"-64244.39";"0.00";"IST";"SL";"1h 7m";"-0.00"
"657";"USTEC_ICM_UTC2";"Buy";"8901.6";"8984.1";"2020.05.14 17:45:00";"2020.05.14 19:55:00";"30.0";"2475.00";"8819.09961";"8984.09961";"-61769.39";"0.00";"IST";"PT";"2h 10m";"-0.00"
"658";"USTEC_ICM_UTC2";"Buy";"9003.7";"9086.2";"2020.05.15 19:00:00";"2020.05.15 20:03:00";"30.0";"2475.00";"8921.20020";"9086.20020";"-59294.39";"0.00";"IST";"PT";"1h 3m";"-0.00"
"659";"USTEC_ICM_UTC2";"Buy";"9346.8";"9429.3";"2020.05.18 20:15:00";"2020.05.20 16:30:00";"30.0";"2108.76";"9264.29980";"9429.29980";"-57185.63";"0.00";"IST";"PT";"1d 20h 15m";"-366.24"
"660";"USTEC_ICM_UTC2";"Buy";"9445.3";"9362.8";"2020.05.20 16:45:00";"2020.05.21 18:23:00";"30.0";"-2658.12";"9362.79980";"9527.79980";"-59843.75";"0.00";"IST";"SL";"1d 1h 38m";"-183.12"
"661";"USTEC_ICM_UTC2";"Buy";"9364.4";"9406.7";"2020.05.22 19:15:00";"2020.05.22 22:55:00";"30.0";"1269.00";"9281.90039";"9446.90039";"-58574.75";"0.00";"IST";"End Of Friday (Time)";"3h 40m";"-0.00"
"662";"USTEC_ICM_UTC2";"Buy";"9533.1";"9450.6";"2020.05.25 18:00:00";"2020.05.26 18:32:00";"30.0";"-2658.12";"9450.59961";"9615.59961";"-61232.88";"0.00";"IST";"SL";"1d 0h 32m";"-183.12"
"663";"USTEC_ICM_UTC2";"Buy";"9295.9";"9213.4";"2020.05.27 17:30:00";"2020.05.27 17:42:00";"30.0";"-2475.00";"9213.40039";"9378.40039";"-63707.88";"0.00";"IST";"SL";"12m 0s";"-0.00"
"664";"USTEC_ICM_UTC2";"Buy";"9472.2";"9554.7";"2020.05.28 17:15:00";"2020.05.28 19:52:00";"30.0";"2475.00";"9389.70020";"9554.70020";"-61232.88";"0.00";"IST";"PT";"2h 37m";"-0.00"
"665";"USTEC_ICM_UTC2";"Buy";"9423.9";"9506.4";"2020.05.29 18:15:00";"2020.05.29 22:00:00";"30.0";"2475.00";"9341.40039";"9506.40039";"-58757.88";"0.00";"IST";"PT";"3h 45m";"-0.00"
"666";"USTEC_ICM_UTC2";"Buy";"9575.5";"9658.0";"2020.06.01 17:45:00";"2020.06.02 12:34:00";"30.0";"2291.88";"9493.00000";"9658.00000";"-56466.00";"0.00";"IST";"PT";"18h 49m";"-183.12"
"667";"USTEC_ICM_UTC2";"Buy";"9610.0";"9692.5";"2020.06.02 21:30:00";"2020.06.03 04:02:00";"30.0";"2291.88";"9527.50000";"9692.50000";"-54174.11";"0.00";"IST";"PT";"6h 32m";"-183.12"
"668";"USTEC_ICM_UTC2";"Buy";"9687.6";"9605.1";"2020.06.03 20:30:00";"2020.06.04 21:58:00";"30.0";"-2658.12";"9605.09961";"9770.09961";"-56832.23";"0.00";"IST";"SL";"1d 1h 28m";"-183.12"
"669";"USTEC_ICM_UTC2";"Buy";"9605.0";"9687.5";"2020.06.04 22:45:00";"2020.06.05 08:48:00";"30.0";"2291.88";"9522.50000";"9687.50000";"-54540.36";"0.00";"IST";"PT";"10h 3m";"-183.12"
"670";"USTEC_ICM_UTC2";"Buy";"9764.7";"9847.2";"2020.06.05 16:45:00";"2020.06.05 20:25:00";"30.0";"2475.00";"9682.20020";"9847.20020";"-52065.36";"0.00";"IST";"PT";"3h 40m";"-0.00"
"671";"USTEC_ICM_UTC2";"Buy";"9826.3";"9908.8";"2020.06.08 19:45:00";"2020.06.09 16:54:00";"30.0";"2291.88";"9743.79980";"9908.79980";"-49773.48";"0.00";"IST";"PT";"21h 9m";"-183.12"
"672";"USTEC_ICM_UTC2";"Buy";"9905.4";"9987.9";"2020.06.09 17:30:00";"2020.06.09 19:51:00";"30.0";"2475.00";"9822.90039";"9987.90039";"-47298.48";"0.00";"IST";"PT";"2h 21m";"-0.00"
"673";"USTEC_ICM_UTC2";"Buy";"10063.3";"10145.8";"2020.06.10 18:30:00";"2020.06.10 21:30:00";"30.0";"2475.00";"9980.79980";"10145.79980";"-44823.48";"0.00";"IST";"PT";"3h 0m";"-0.00"
"674";"USTEC_ICM_UTC2";"Buy";"9964.7";"9882.2";"2020.06.11 17:15:00";"2020.06.11 18:00:00";"30.0";"-2475.00";"9882.20020";"10047.20020";"-47298.48";"0.00";"IST";"SL";"45m 0s";"-0.00"
"675";"USTEC_ICM_UTC2";"Buy";"9658.0";"9740.5";"2020.06.15 19:15:00";"2020.06.15 21:01:00";"30.0";"2475.00";"9575.50000";"9740.50000";"-44823.48";"0.00";"IST";"PT";"1h 46m";"-0.00"
"676";"USTEC_ICM_UTC2";"Buy";"9988.3";"9905.8";"2020.06.16 17:00:00";"2020.06.16 17:53:00";"30.0";"-2475.00";"9905.79980";"10070.79980";"-47298.48";"0.00";"IST";"SL";"53m 0s";"-0.00"
"677";"USTEC_ICM_UTC2";"Buy";"10024.1";"9941.6";"2020.06.17 16:45:00";"2020.06.18 03:06:00";"30.0";"-2658.12";"9941.59961";"10106.59961";"-49956.59";"0.00";"IST";"SL";"10h 21m";"-183.12"
"678";"USTEC_ICM_UTC2";"Buy";"9991.7";"10074.2";"2020.06.18 20:15:00";"2020.06.19 09:34:00";"30.0";"2291.88";"9909.20020";"10074.20020";"-47664.71";"0.00";"IST";"PT";"13h 19m";"-183.12"
"679";"USTEC_ICM_UTC2";"Buy";"10061.5";"10144.0";"2020.06.22 18:30:00";"2020.06.22 23:14:00";"30.0";"2475.00";"9979.00000";"10144.00000";"-45189.71";"0.00";"IST";"PT";"4h 44m";"-0.00"
"680";"USTEC_ICM_UTC2";"Buy";"10230.1";"10147.6";"2020.06.23 17:30:00";"2020.06.24 11:15:00";"30.0";"-2658.12";"10147.59961";"10312.59961";"-47847.84";"0.00";"IST";"SL";"17h 45m";"-183.12"
"681";"USTEC_ICM_UTC2";"Buy";"10216.5";"10134.0";"2020.06.24 16:45:00";"2020.06.24 16:57:00";"30.0";"-2475.00";"10134.00000";"10299.00000";"-50322.84";"0.00";"IST";"SL";"12m 0s";"-0.00"
"682";"USTEC_ICM_UTC2";"Buy";"10010.6";"10093.1";"2020.06.25 19:00:00";"2020.06.25 22:54:00";"30.0";"2475.00";"9928.09961";"10093.09961";"-47847.84";"0.00";"IST";"PT";"3h 54m";"-0.00"
"683";"USTEC_ICM_UTC2";"Buy";"9954.5";"9872.0";"2020.06.26 18:15:00";"2020.06.26 22:25:00";"30.0";"-2475.00";"9872.00000";"10037.00000";"-50322.84";"0.00";"IST";"SL";"4h 10m";"-0.00"
"684";"USTEC_ICM_UTC2";"Buy";"9848.4";"9930.9";"2020.06.29 17:15:00";"2020.06.29 19:03:00";"30.0";"2475.00";"9765.90039";"9930.90039";"-47847.84";"0.00";"IST";"PT";"1h 48m";"-0.00"
"685";"USTEC_ICM_UTC2";"Buy";"10074.1";"10156.6";"2020.06.30 18:00:00";"2020.06.30 22:50:00";"30.0";"2475.00";"9991.59961";"10156.59961";"-45372.84";"0.00";"IST";"PT";"4h 50m";"-0.00"
"686";"USTEC_ICM_UTC2";"Buy";"10183.5";"10266.0";"2020.07.01 16:45:00";"2020.07.01 19:31:00";"30.0";"2475.00";"10101.00000";"10266.00000";"-42897.84";"0.00";"IST";"PT";"2h 46m";"-0.00"
"687";"USTEC_ICM_UTC2";"Buy";"10417.9";"10335.4";"2020.07.02 16:45:00";"2020.07.02 22:54:00";"30.0";"-2475.00";"10335.40039";"10500.40039";"-45372.84";"0.00";"IST";"SL";"6h 9m";"-0.00"
"688";"USTEC_ICM_UTC2";"Buy";"10355.2";"10437.7";"2020.07.03 19:30:00";"2020.07.06 04:01:00";"30.0";"1925.64";"10272.70020";"10437.70020";"-43447.20";"0.00";"IST";"PT";"2d 8h 31m";"-549.36"
"689";"USTEC_ICM_UTC2";"Buy";"10565.9";"10648.4";"2020.07.06 22:15:00";"2020.07.07 02:15:00";"30.0";"2291.88";"10483.40039";"10648.40039";"-41155.32";"0.00";"IST";"PT";"4h 0m";"-183.12"
"690";"USTEC_ICM_UTC2";"Buy";"10619.5";"10702.0";"2020.07.07 16:45:00";"2020.07.07 18:21:00";"30.0";"2475.00";"10537.00000";"10702.00000";"-38680.32";"0.00";"IST";"PT";"1h 36m";"-0.00"
"691";"USTEC_ICM_UTC2";"Buy";"10614.1";"10696.7";"2020.07.08 22:00:00";"2020.07.09 01:00:00";"30.0";"2293.71";"10531.59961";"10696.59961";"-36386.61";"0.00";"IST";"PT";"3h 0m";"-183.12"
"692";"USTEC_ICM_UTC2";"Buy";"10696.9";"10779.4";"2020.07.09 20:00:00";"2020.07.09 22:14:00";"30.0";"2475.00";"10614.40039";"10779.40039";"-33911.61";"0.00";"IST";"PT";"2h 14m";"-0.00"
"693";"USTEC_ICM_UTC2";"Buy";"10782.3";"10831.4";"2020.07.10 21:00:00";"2020.07.10 22:55:00";"30.0";"1473.03";"10699.79980";"10864.79980";"-32438.58";"0.00";"IST";"End Of Friday (Time)";"1h 55m";"-0.00"
"694";"USTEC_ICM_UTC2";"Buy";"10950.0";"11032.5";"2020.07.13 16:30:00";"2020.07.13 17:56:00";"30.0";"2475.00";"10867.50000";"11032.50000";"-29963.58";"0.00";"IST";"PT";"1h 26m";"-0.00"
"695";"USTEC_ICM_UTC2";"Buy";"10621.4";"10538.9";"2020.07.14 16:45:00";"2020.07.14 16:48:00";"30.0";"-2475.00";"10538.90039";"10703.90039";"-32438.58";"0.00";"IST";"SL";"3m 0s";"-0.00"
"696";"USTEC_ICM_UTC2";"Buy";"10735.8";"10653.3";"2020.07.15 16:30:00";"2020.07.15 18:06:00";"30.0";"-2475.00";"10653.29980";"10818.29980";"-34913.57";"0.00";"IST";"SL";"1h 36m";"-0.00"
"697";"USTEC_ICM_UTC2";"Buy";"10594.0";"10511.5";"2020.07.16 16:45:00";"2020.07.16 18:02:00";"30.0";"-2475.00";"10511.50000";"10676.50000";"-37388.57";"0.00";"IST";"SL";"1h 17m";"-0.00"
"698";"USTEC_ICM_UTC2";"Buy";"10628.8";"10637.3";"2020.07.17 19:00:00";"2020.07.17 22:55:00";"30.0";"255.00";"10546.29980";"10711.29980";"-37133.57";"0.00";"IST";"End Of Friday (Time)";"3h 55m";"-0.00"
"699";"USTEC_ICM_UTC2";"Buy";"10801.8";"10884.3";"2020.07.20 18:30:00";"2020.07.20 21:25:00";"30.0";"2475.00";"10719.29980";"10884.29980";"-34658.57";"0.00";"IST";"PT";"2h 55m";"-0.00"
"700";"USTEC_ICM_UTC2";"Buy";"10865.0";"10947.5";"2020.07.22 19:15:00";"2020.07.23 09:47:00";"30.0";"2291.88";"10782.50000";"10947.50000";"-32366.70";"0.00";"IST";"PT";"14h 32m";"-183.12"
"701";"USTEC_ICM_UTC2";"Buy";"10722.6";"10640.1";"2020.07.23 20:15:00";"2020.07.23 20:37:00";"30.0";"-2475.00";"10640.09961";"10805.09961";"-34841.70";"0.00";"IST";"SL";"22m 0s";"-0.00"
"702";"USTEC_ICM_UTC2";"Buy";"10411.6";"10494.1";"2020.07.24 17:15:00";"2020.07.24 17:57:00";"30.0";"2475.00";"10329.09961";"10494.09961";"-32366.70";"0.00";"IST";"PT";"42m 0s";"-0.00"
"703";"USTEC_ICM_UTC2";"Buy";"10620.3";"10537.8";"2020.07.27 16:45:00";"2020.07.27 18:36:00";"30.0";"-2475.00";"10537.79980";"10702.79980";"-34841.70";"0.00";"IST";"SL";"1h 51m";"-0.00"
"704";"USTEC_ICM_UTC2";"Buy";"10631.0";"10548.5";"2020.07.29 17:15:00";"2020.07.30 11:55:00";"30.0";"-2658.12";"10548.50000";"10713.50000";"-37499.82";"0.00";"IST";"SL";"18h 40m";"-183.12"
"705";"USTEC_ICM_UTC2";"Buy";"10586.1";"10668.6";"2020.07.30 17:45:00";"2020.07.30 18:43:00";"30.0";"2475.00";"10503.59961";"10668.59961";"-35024.82";"0.00";"IST";"PT";"58m 0s";"-0.00"
"706";"USTEC_ICM_UTC2";"Buy";"10787.3";"10869.8";"2020.07.31 21:45:00";"2020.07.31 22:37:00";"30.0";"2475.00";"10704.79980";"10869.79980";"-32549.82";"0.00";"IST";"PT";"52m 0s";"-0.00"
"707";"USTEC_ICM_UTC2";"Buy";"11055.4";"11137.9";"2020.08.03 16:45:00";"2020.08.05 09:56:00";"30.0";"2108.76";"10972.90039";"11137.90039";"-30441.05";"0.00";"IST";"PT";"1d 17h 11m";"-366.24"
"708";"USTEC_ICM_UTC2";"Buy";"11126.1";"11208.6";"2020.08.05 21:15:00";"2020.08.06 20:55:00";"30.0";"2291.88";"11043.59961";"11208.59961";"-28149.18";"0.00";"IST";"PT";"23h 40m";"-183.12"
"709";"USTEC_ICM_UTC2";"Buy";"11242.1";"11159.6";"2020.08.07 16:30:00";"2020.08.07 19:52:00";"30.0";"-2475.00";"11159.59961";"11324.59961";"-30624.18";"0.00";"IST";"SL";"3h 22m";"-0.00"
"710";"USTEC_ICM_UTC2";"Buy";"11145.9";"11063.4";"2020.08.10 16:30:00";"2020.08.10 17:22:00";"30.0";"-2475.00";"11063.40039";"11228.40039";"-33099.18";"0.00";"IST";"SL";"52m 0s";"-0.00"
"711";"USTEC_ICM_UTC2";"Buy";"11103.7";"11186.2";"2020.08.12 17:30:00";"2020.08.12 21:00:00";"30.0";"2475.00";"11021.20020";"11186.20020";"-30624.18";"0.00";"IST";"PT";"3h 30m";"-0.00"
"712";"USTEC_ICM_UTC2";"Buy";"11233.0";"11150.5";"2020.08.13 17:30:00";"2020.08.13 21:23:00";"30.0";"-2475.00";"11150.50000";"11315.50000";"-33099.18";"0.00";"IST";"SL";"3h 53m";"-0.00"
"713";"USTEC_ICM_UTC2";"Buy";"11156.1";"11166.2";"2020.08.14 18:30:00";"2020.08.14 22:55:00";"30.0";"303.03";"11073.59961";"11238.59961";"-32796.14";"0.00";"IST";"End Of Friday (Time)";"4h 25m";"-0.00"
"714";"USTEC_ICM_UTC2";"Buy";"11234.6";"11317.1";"2020.08.17 16:30:00";"2020.08.18 12:33:00";"30.0";"2291.88";"11152.09961";"11317.09961";"-30504.27";"0.00";"IST";"PT";"20h 3m";"-183.12"
"715";"USTEC_ICM_UTC2";"Buy";"11346.7";"11429.2";"2020.08.18 18:00:00";"2020.08.19 06:18:00";"30.0";"2291.88";"11264.20020";"11429.20020";"-28212.39";"0.00";"IST";"PT";"12h 18m";"-183.12"
"716";"USTEC_ICM_UTC2";"Buy";"11396.2";"11313.7";"2020.08.19 16:30:00";"2020.08.19 22:49:00";"30.0";"-2475.00";"11313.70020";"11478.70020";"-30687.39";"0.00";"IST";"SL";"6h 19m";"-0.00"
"717";"USTEC_ICM_UTC2";"Buy";"11341.7";"11424.2";"2020.08.20 16:45:00";"2020.08.20 18:57:00";"30.0";"2475.00";"11259.20020";"11424.20020";"-28212.39";"0.00";"IST";"PT";"2h 12m";"-0.00"
"718";"USTEC_ICM_UTC2";"Buy";"11497.6";"11557.1";"2020.08.21 17:00:00";"2020.08.21 22:55:00";"30.0";"1785.00";"11415.09961";"11580.09961";"-26427.39";"0.00";"IST";"End Of Friday (Time)";"5h 55m";"-0.00"
"719";"USTEC_ICM_UTC2";"Buy";"11691.0";"11608.5";"2020.08.24 16:30:00";"2020.08.24 17:04:00";"30.0";"-2475.00";"11608.50000";"11773.50000";"-28902.39";"0.00";"IST";"SL";"34m 0s";"-0.00"
"720";"USTEC_ICM_UTC2";"Buy";"11617.9";"11700.4";"2020.08.25 17:30:00";"2020.08.25 21:58:00";"30.0";"2475.00";"11535.40039";"11700.40039";"-26427.39";"0.00";"IST";"PT";"4h 28m";"-0.00"
"721";"USTEC_ICM_UTC2";"Buy";"11810.3";"11892.8";"2020.08.26 17:30:00";"2020.08.26 18:43:00";"30.0";"2475.00";"11727.79980";"11892.79980";"-23952.39";"0.00";"IST";"PT";"1h 13m";"-0.00"
"722";"USTEC_ICM_UTC2";"Buy";"12021.3";"11938.8";"2020.08.27 18:15:00";"2020.08.27 19:35:00";"30.0";"-2475.00";"11938.79980";"12103.79980";"-26427.39";"0.00";"IST";"SL";"1h 20m";"-0.00"
"723";"USTEC_ICM_UTC2";"Buy";"11984.1";"11988.1";"2020.08.28 17:15:00";"2020.08.28 22:55:00";"30.0";"120.00";"11901.59961";"12066.59961";"-26307.39";"0.00";"IST";"End Of Friday (Time)";"5h 40m";"-0.00"
"724";"USTEC_ICM_UTC2";"Buy";"12053.9";"12136.4";"2020.08.31 17:30:00";"2020.08.31 20:31:00";"30.0";"2475.00";"11971.40039";"12136.40039";"-23832.39";"0.00";"IST";"PT";"3h 1m";"-0.00"
"725";"USTEC_ICM_UTC2";"Buy";"12254.9";"12337.4";"2020.09.01 19:15:00";"2020.09.02 02:23:00";"30.0";"2291.88";"12172.40039";"12337.40039";"-21540.51";"0.00";"IST";"PT";"7h 8m";"-183.12"
"726";"USTEC_ICM_UTC2";"Buy";"12294.5";"12377.0";"2020.09.02 19:15:00";"2020.09.02 20:23:00";"30.0";"2475.00";"12212.00000";"12377.00000";"-19065.51";"0.00";"IST";"PT";"1h 8m";"-0.00"
"727";"USTEC_ICM_UTC2";"Buy";"11901.4";"11818.9";"2020.09.03 18:15:00";"2020.09.03 18:18:00";"30.0";"-2475.00";"11818.90039";"11983.90039";"-21540.51";"0.00";"IST";"SL";"3m 0s";"-0.00"
"728";"USTEC_ICM_UTC2";"Buy";"11715.5";"11798.0";"2020.09.04 16:30:00";"2020.09.04 16:32:00";"30.0";"2475.00";"11633.00000";"11798.00000";"-19065.51";"0.00";"IST";"PT";"2m 0s";"-0.00"
"729";"USTEC_ICM_UTC2";"Buy";"11457.8";"11540.3";"2020.09.07 16:30:00";"2020.09.08 01:22:00";"30.0";"2291.88";"11375.29980";"11540.29980";"-16773.63";"0.00";"IST";"PT";"8h 52m";"-183.12"
"730";"USTEC_ICM_UTC2";"Buy";"11160.6";"11078.1";"2020.09.08 22:30:00";"2020.09.08 22:47:00";"30.0";"-2475.00";"11078.09961";"11243.09961";"-19248.63";"0.00";"IST";"SL";"17m 0s";"-0.00"
"731";"USTEC_ICM_UTC2";"Buy";"11351.0";"11433.5";"2020.09.09 18:15:00";"2020.09.09 19:43:00";"30.0";"2475.00";"11268.50000";"11433.50000";"-16773.63";"0.00";"IST";"PT";"1h 28m";"-0.00"
"732";"USTEC_ICM_UTC2";"Buy";"11519.6";"11437.1";"2020.09.10 16:30:00";"2020.09.10 17:57:00";"30.0";"-2475.00";"11437.09961";"11602.09961";"-19248.63";"0.00";"IST";"SL";"1h 27m";"-0.00"
"733";"USTEC_ICM_UTC2";"Buy";"11208.1";"11125.6";"2020.09.11 18:00:00";"2020.09.11 18:59:00";"30.0";"-2475.00";"11125.59961";"11290.59961";"-21723.63";"0.00";"IST";"SL";"59m 0s";"-0.00"
"734";"USTEC_ICM_UTC2";"Buy";"11244.9";"11327.4";"2020.09.14 16:30:00";"2020.09.14 17:06:00";"30.0";"2475.00";"11162.40039";"11327.40039";"-19248.63";"0.00";"IST";"PT";"36m 0s";"-0.00"
"735";"USTEC_ICM_UTC2";"Buy";"11453.1";"11370.6";"2020.09.15 18:15:00";"2020.09.15 22:37:00";"30.0";"-2475.00";"11370.59961";"11535.59961";"-21723.63";"0.00";"IST";"SL";"4h 22m";"-0.00"
"736";"USTEC_ICM_UTC2";"Buy";"10962.2";"11044.7";"2020.09.17 16:30:00";"2020.09.17 16:50:00";"30.0";"2475.00";"10879.70020";"11044.70020";"-19248.63";"0.00";"IST";"PT";"20m 0s";"-0.00"
"737";"USTEC_ICM_UTC2";"Buy";"10970.8";"10888.3";"2020.09.18 19:00:00";"2020.09.18 19:32:00";"30.0";"-2475.00";"10888.29980";"11053.29980";"-21723.63";"0.00";"IST";"SL";"32m 0s";"-0.00"
"738";"USTEC_ICM_UTC2";"Buy";"10799.3";"10716.8";"2020.09.21 16:45:00";"2020.09.21 17:30:00";"30.0";"-2475.00";"10716.79980";"10881.79980";"-24198.63";"0.00";"IST";"SL";"45m 0s";"-0.00"
"739";"USTEC_ICM_UTC2";"Buy";"11063.5";"11146.0";"2020.09.22 19:45:00";"2020.09.22 21:06:00";"30.0";"2475.00";"10981.00000";"11146.00000";"-21723.63";"0.00";"IST";"PT";"1h 21m";"-0.00"
"740";"USTEC_ICM_UTC2";"Buy";"10878.1";"10795.6";"2020.09.23 22:15:00";"2020.09.24 02:16:00";"30.0";"-2658.12";"10795.59961";"10960.59961";"-24381.75";"0.00";"IST";"SL";"4h 1m";"-183.12"
"741";"USTEC_ICM_UTC2";"Buy";"10926.9";"11009.4";"2020.09.24 18:30:00";"2020.09.24 20:31:00";"30.0";"2475.00";"10844.40039";"11009.40039";"-21906.75";"0.00";"IST";"PT";"2h 1m";"-0.00"
"742";"USTEC_ICM_UTC2";"Buy";"11012.4";"11094.9";"2020.09.25 18:15:00";"2020.09.25 21:07:00";"30.0";"2475.00";"10929.90039";"11094.90039";"-19431.75";"0.00";"IST";"PT";"2h 52m";"-0.00"
"743";"USTEC_ICM_UTC2";"Buy";"11347.6";"11430.1";"2020.09.28 22:00:00";"2020.09.29 02:53:00";"30.0";"2291.88";"11265.09961";"11430.09961";"-17139.87";"0.00";"IST";"PT";"4h 53m";"-183.12"
"744";"USTEC_ICM_UTC2";"Buy";"11380.2";"11297.7";"2020.09.29 17:15:00";"2020.09.30 06:27:00";"30.0";"-2658.12";"11297.70020";"11462.70020";"-19797.99";"0.00";"IST";"SL";"13h 12m";"-183.12"
"745";"USTEC_ICM_UTC2";"Buy";"11344.6";"11427.1";"2020.09.30 16:45:00";"2020.09.30 16:58:00";"30.0";"2475.00";"11262.09961";"11427.09961";"-17322.99";"0.00";"IST";"PT";"13m 0s";"-0.00"
"746";"USTEC_ICM_UTC2";"Buy";"11547.2";"11464.7";"2020.10.01 18:30:00";"2020.10.02 07:59:00";"30.0";"-2658.12";"11464.70020";"11629.70020";"-19981.11";"0.00";"IST";"SL";"13h 29m";"-183.12"
"747";"USTEC_ICM_UTC2";"Buy";"11474.9";"11392.4";"2020.10.02 17:15:00";"2020.10.02 18:05:00";"30.0";"-2475.00";"11392.40039";"11557.40039";"-22456.11";"0.00";"IST";"SL";"50m 0s";"-0.00"
"748";"USTEC_ICM_UTC2";"Buy";"11426.1";"11508.6";"2020.10.05 17:15:00";"2020.10.05 22:59:00";"30.0";"2475.00";"11343.59961";"11508.59961";"-19981.11";"0.00";"IST";"PT";"5h 44m";"-0.00"
"749";"USTEC_ICM_UTC2";"Buy";"11464.8";"11382.3";"2020.10.06 16:45:00";"2020.10.06 18:50:00";"30.0";"-2475.00";"11382.29980";"11547.29980";"-22456.11";"0.00";"IST";"SL";"2h 5m";"-0.00"
"750";"USTEC_ICM_UTC2";"Buy";"11398.0";"11480.5";"2020.10.07 16:30:00";"2020.10.07 20:03:00";"30.0";"2475.00";"11315.50000";"11480.50000";"-19981.11";"0.00";"IST";"PT";"3h 33m";"-0.00"
"751";"USTEC_ICM_UTC2";"Buy";"11565.4";"11647.9";"2020.10.08 18:15:00";"2020.10.09 16:50:00";"30.0";"2291.88";"11482.90039";"11647.90039";"-17689.23";"0.00";"IST";"PT";"22h 35m";"-183.12"
"752";"USTEC_ICM_UTC2";"Buy";"11705.6";"11713.5";"2020.10.09 20:15:00";"2020.10.09 22:55:00";"30.0";"237.00";"11623.09961";"11788.09961";"-17452.23";"0.00";"IST";"End Of Friday (Time)";"2h 40m";"-0.00"
"753";"USTEC_ICM_UTC2";"Buy";"12060.7";"12143.2";"2020.10.12 19:15:00";"2020.10.12 20:30:00";"30.0";"2475.00";"11978.20020";"12143.20020";"-14977.23";"0.00";"IST";"PT";"1h 15m";"-0.00"
"754";"USTEC_ICM_UTC2";"Buy";"12131.5";"12049.0";"2020.10.13 18:00:00";"2020.10.13 20:57:00";"30.0";"-2475.00";"12049.00000";"12214.00000";"-17452.23";"0.00";"IST";"SL";"2h 57m";"-0.00"
"755";"USTEC_ICM_UTC2";"Buy";"12147.7";"12065.2";"2020.10.14 16:45:00";"2020.10.14 17:25:00";"30.0";"-2475.00";"12065.20020";"12230.20020";"-19927.23";"0.00";"IST";"SL";"40m 0s";"-0.00"
"756";"USTEC_ICM_UTC2";"Buy";"11863.2";"11780.7";"2020.10.15 16:45:00";"2020.10.15 17:34:00";"30.0";"-2475.00";"11780.70020";"11945.70020";"-22402.23";"0.00";"IST";"SL";"49m 0s";"-0.00"
"757";"USTEC_ICM_UTC2";"Buy";"11971.5";"11889.0";"2020.10.16 16:30:00";"2020.10.16 18:25:00";"30.0";"-2475.00";"11889.00000";"12054.00000";"-24877.23";"0.00";"IST";"SL";"1h 55m";"-0.00"
"758";"USTEC_ICM_UTC2";"Buy";"11794.5";"11712.0";"2020.10.19 20:30:00";"2020.10.19 21:37:00";"30.0";"-2475.00";"11712.00000";"11877.00000";"-27352.23";"0.00";"IST";"SL";"1h 7m";"-0.00"
"759";"USTEC_ICM_UTC2";"Buy";"11694.8";"11777.3";"2020.10.20 19:00:00";"2020.10.20 20:24:00";"30.0";"2475.00";"11612.29980";"11777.29980";"-24877.23";"0.00";"IST";"PT";"1h 24m";"-0.00"
"760";"USTEC_ICM_UTC2";"Buy";"11745.4";"11662.9";"2020.10.21 16:45:00";"2020.10.21 18:16:00";"30.0";"-2475.00";"11662.90039";"11827.90039";"-27352.23";"0.00";"IST";"SL";"1h 31m";"-0.00"
"761";"USTEC_ICM_UTC2";"Buy";"11698.1";"11615.6";"2020.10.22 16:30:00";"2020.10.22 17:23:00";"30.0";"-2475.00";"11615.59961";"11780.59961";"-29827.23";"0.00";"IST";"SL";"53m 0s";"-0.00"
"762";"USTEC_ICM_UTC2";"Buy";"11646.4";"11683.9";"2020.10.23 18:15:00";"2020.10.23 22:55:00";"30.0";"1125.00";"11563.90039";"11728.90039";"-28702.23";"0.00";"IST";"End Of Friday (Time)";"4h 40m";"-0.00"
"763";"USTEC_ICM_UTC2";"Buy";"11498.2";"11415.7";"2020.10.26 18:30:00";"2020.10.26 19:02:00";"30.0";"-2475.00";"11415.70020";"11580.70020";"-31177.23";"0.00";"IST";"SL";"32m 0s";"-0.00"
"764";"USTEC_ICM_UTC2";"Buy";"11614.3";"11531.8";"2020.10.27 18:00:00";"2020.10.28 00:11:00";"30.0";"-2658.12";"11531.79980";"11696.79980";"-33835.35";"0.00";"IST";"SL";"6h 11m";"-183.12"
"765";"USTEC_ICM_UTC2";"Buy";"11263.7";"11181.2";"2020.10.28 16:45:00";"2020.10.28 19:16:00";"30.0";"-2475.00";"11181.20020";"11346.20020";"-36310.35";"0.00";"IST";"SL";"2h 31m";"-0.00"
"766";"USTEC_ICM_UTC2";"Buy";"11336.3";"11418.8";"2020.10.29 17:30:00";"2020.10.29 20:13:00";"30.0";"2475.00";"11253.79980";"11418.79980";"-33835.35";"0.00";"IST";"PT";"2h 43m";"-0.00"
"767";"USTEC_ICM_UTC2";"Buy";"11079.3";"10996.8";"2020.10.30 17:15:00";"2020.10.30 17:47:00";"30.0";"-2475.00";"10996.79980";"11161.79980";"-36310.35";"0.00";"IST";"SL";"32m 0s";"-0.00"
"768";"USTEC_ICM_UTC2";"Buy";"11181.6";"11099.1";"2020.11.02 17:30:00";"2020.11.02 18:16:00";"30.0";"-2475.00";"11099.09961";"11264.09961";"-38785.35";"0.00";"IST";"SL";"46m 0s";"-0.00"
"769";"USTEC_ICM_UTC2";"Buy";"11307.1";"11389.6";"2020.11.03 22:30:00";"2020.11.04 03:52:00";"30.0";"2291.88";"11224.59961";"11389.59961";"-36493.47";"0.00";"IST";"PT";"5h 22m";"-183.12"
"770";"USTEC_ICM_UTC2";"Buy";"11741.9";"11824.4";"2020.11.04 17:15:00";"2020.11.04 19:19:00";"30.0";"2475.00";"11659.40039";"11824.40039";"-34018.47";"0.00";"IST";"PT";"2h 4m";"-0.00"
"771";"USTEC_ICM_UTC2";"Buy";"12067.2";"11984.7";"2020.11.05 21:00:00";"2020.11.06 03:22:00";"30.0";"-2658.12";"11984.70020";"12149.70020";"-36676.59";"0.00";"IST";"SL";"6h 22m";"-183.12"
"772";"USTEC_ICM_UTC2";"Buy";"12052.5";"12103.3";"2020.11.06 18:45:00";"2020.11.06 22:55:00";"30.0";"1524.00";"11970.00000";"12135.00000";"-35152.59";"0.00";"IST";"End Of Friday (Time)";"4h 10m";"-0.00"
"773";"USTEC_ICM_UTC2";"Buy";"12125.7";"12043.2";"2020.11.09 20:15:00";"2020.11.09 21:16:00";"30.0";"-2475.00";"12043.20020";"12208.20020";"-37627.59";"0.00";"IST";"SL";"1h 1m";"-0.00"
"774";"USTEC_ICM_UTC2";"Buy";"11661.2";"11578.7";"2020.11.10 16:45:00";"2020.11.10 17:28:00";"30.0";"-2475.00";"11578.70020";"11743.70020";"-40102.59";"0.00";"IST";"SL";"43m 0s";"-0.00"
"775";"USTEC_ICM_UTC2";"Buy";"11800.4";"11882.9";"2020.11.11 17:45:00";"2020.11.11 19:09:00";"30.0";"2475.00";"11717.90039";"11882.90039";"-37627.59";"0.00";"IST";"PT";"1h 24m";"-0.00"
"776";"USTEC_ICM_UTC2";"Buy";"11950.0";"11867.5";"2020.11.12 16:45:00";"2020.11.12 18:42:00";"30.0";"-2475.00";"11867.50000";"12032.50000";"-40102.59";"0.00";"IST";"SL";"1h 57m";"-0.00"
"777";"USTEC_ICM_UTC2";"Buy";"11880.2";"11932.3";"2020.11.13 19:00:00";"2020.11.13 22:55:00";"30.0";"1563.00";"11797.70020";"11962.70020";"-38539.59";"0.00";"IST";"End Of Friday (Time)";"3h 55m";"-0.00"
"778";"USTEC_ICM_UTC2";"Buy";"12003.8";"12086.3";"2020.11.16 17:30:00";"2020.11.17 01:00:00";"30.0";"2291.88";"11921.29980";"12086.29980";"-36247.71";"0.00";"IST";"PT";"7h 30m";"-183.12"
"779";"USTEC_ICM_UTC2";"Buy";"12032.9";"11950.4";"2020.11.17 16:30:00";"2020.11.18 02:26:00";"30.0";"-2658.12";"11950.40039";"12115.40039";"-38905.83";"0.00";"IST";"SL";"9h 56m";"-183.12"
"780";"USTEC_ICM_UTC2";"Buy";"11979.1";"11896.6";"2020.11.18 18:00:00";"2020.11.18 22:59:00";"30.0";"-2475.00";"11896.59961";"12061.59961";"-41380.83";"0.00";"IST";"SL";"4h 59m";"-0.00"
"781";"USTEC_ICM_UTC2";"Buy";"11897.0";"11979.5";"2020.11.19 16:45:00";"2020.11.19 21:38:00";"30.0";"2475.00";"11814.50000";"11979.50000";"-38905.83";"0.00";"IST";"PT";"4h 53m";"-0.00"
"782";"USTEC_ICM_UTC2";"Buy";"11951.5";"12034.0";"2020.11.24 16:30:00";"2020.11.24 18:49:00";"30.0";"2475.00";"11869.00000";"12034.00000";"-36430.83";"0.00";"IST";"PT";"2h 19m";"-0.00"
"783";"USTEC_ICM_UTC2";"Buy";"12164.3";"12246.8";"2020.11.25 22:45:00";"2020.11.27 16:33:00";"30.0";"2108.76";"12081.79980";"12246.79980";"-34322.07";"0.00";"IST";"PT";"1d 17h 48m";"-366.24"
"784";"USTEC_ICM_UTC2";"Buy";"12264.1";"12181.6";"2020.11.27 17:15:00";"2020.11.30 17:35:00";"30.0";"-3024.36";"12181.59961";"12346.59961";"-37346.43";"0.00";"IST";"SL";"3d 0h 20m";"-549.36"
"785";"USTEC_ICM_UTC2";"Buy";"12254.2";"12336.7";"2020.11.30 21:30:00";"2020.12.01 01:45:00";"30.0";"2291.88";"12171.70020";"12336.70020";"-35054.55";"0.00";"IST";"PT";"4h 15m";"-183.12"
"786";"USTEC_ICM_UTC2";"Buy";"12421.5";"12504.0";"2020.12.01 18:15:00";"2020.12.01 20:50:00";"30.0";"2475.00";"12339.00000";"12504.00000";"-32579.55";"0.00";"IST";"PT";"2h 35m";"-0.00"
"787";"USTEC_ICM_UTC2";"Buy";"12433.8";"12516.3";"2020.12.02 18:15:00";"2020.12.03 17:03:00";"30.0";"2291.88";"12351.29980";"12516.29980";"-30287.67";"0.00";"IST";"PT";"22h 48m";"-183.12"
"788";"USTEC_ICM_UTC2";"Buy";"12524.2";"12516.1";"2020.12.03 17:15:00";"2020.12.04 22:55:00";"30.0";"-426.15";"12441.70020";"12606.70020";"-30713.82";"0.00";"IST";"End Of Friday (Time)";"1d 5h 40m";"-183.12"
"789";"USTEC_ICM_UTC2";"Buy";"12574.6";"12663.1";"2020.12.07 16:45:00";"2020.12.09 01:00:00";"30.0";"2289.36";"12492.09961";"12657.09961";"-28424.46";"0.00";"IST";"PT";"1d 8h 15m";"-366.24"
"790";"USTEC_ICM_UTC2";"Buy";"12636.6";"12554.1";"2020.12.09 17:00:00";"2020.12.09 19:16:00";"30.0";"-2475.00";"12554.09961";"12719.09961";"-30899.46";"0.00";"IST";"SL";"2h 16m";"-0.00"
"791";"USTEC_ICM_UTC2";"Buy";"12436.9";"12354.4";"2020.12.10 18:30:00";"2020.12.10 19:55:00";"30.0";"-2475.00";"12354.40039";"12519.40039";"-33374.46";"0.00";"IST";"SL";"1h 25m";"-0.00"
"792";"USTEC_ICM_UTC2";"Buy";"12330.5";"12248.0";"2020.12.11 16:30:00";"2020.12.11 19:22:00";"30.0";"-2475.00";"12248.00000";"12413.00000";"-35849.46";"0.00";"IST";"SL";"2h 52m";"-0.00"
"793";"USTEC_ICM_UTC2";"Buy";"12515.3";"12432.8";"2020.12.14 22:30:00";"2020.12.15 04:22:00";"30.0";"-2658.12";"12432.79980";"12597.79980";"-38507.58";"0.00";"IST";"SL";"5h 52m";"-183.12"
"794";"USTEC_ICM_UTC2";"Buy";"12511.2";"12593.7";"2020.12.15 19:15:00";"2020.12.15 22:59:00";"30.0";"2475.00";"12428.70020";"12593.70020";"-36032.58";"0.00";"IST";"PT";"3h 44m";"-0.00"
"795";"USTEC_ICM_UTC2";"Buy";"12628.2";"12710.7";"2020.12.16 17:45:00";"2020.12.17 08:28:00";"30.0";"2291.88";"12545.70020";"12710.70020";"-33740.70";"0.00";"IST";"PT";"14h 43m";"-183.12"
"796";"USTEC_ICM_UTC2";"Buy";"12721.9";"12639.4";"2020.12.17 19:45:00";"2020.12.18 22:21:00";"30.0";"-2658.12";"12639.40039";"12804.40039";"-36398.82";"0.00";"IST";"SL";"1d 2h 36m";"-183.12"
"797";"USTEC_ICM_UTC2";"Buy";"12627.8";"12710.3";"2020.12.21 19:30:00";"2020.12.22 01:00:00";"30.0";"2291.88";"12545.29980";"12710.29980";"-34106.94";"0.00";"IST";"PT";"5h 30m";"-183.12"
"798";"USTEC_ICM_UTC2";"Buy";"12714.6";"12632.1";"2020.12.22 21:15:00";"2020.12.23 23:11:00";"30.0";"-2658.12";"12632.09961";"12797.09961";"-36765.06";"0.00";"IST";"SL";"1d 1h 56m";"-183.12"
"799";"USTEC_ICM_UTC2";"Buy";"12719.5";"12802.0";"2020.12.24 16:45:00";"2020.12.28 13:15:00";"30.0";"1742.52";"12637.00000";"12802.00000";"-35022.54";"0.00";"IST";"PT";"3d 20h 30m";"-732.48"
"800";"USTEC_ICM_UTC2";"Buy";"12828.0";"12910.5";"2020.12.28 19:15:00";"2020.12.29 16:33:00";"30.0";"2291.88";"12745.50000";"12910.50000";"-32730.66";"0.00";"IST";"PT";"21h 18m";"-183.12"
"801";"USTEC_ICM_UTC2";"Buy";"12867.8";"12883.9";"2020.12.30 19:15:00";"2020.12.31 23:14:00";"30.0";"483.00";"12785.29980";"12950.29980";"-32247.66";"0.00";"IST";"EndTest";"1d 3h 59m";"-0.00"
