"Ticket";"Symbol";"Type";"Open price";"Close price";"Open time";"Close time";"Size";"Profit/Loss";"Stop Loss price level";"Profit Target price level";"Balance";"Slippage ($)";"Sample type";"Close type";"Time in trade";"Comm/Swap"
"1";"USTEC_ICM_UTC2";"Buy";"4272.6";"4232.6";"2015.01.02 16:45:00";"2015.01.02 22:55:00";"30.0";"-1200.00";"4190.10010";"4355.10010";"48800.00";"0.00";"IST";"End Of Friday (Time)";"6h 10m";"-0.00"
"2";"USTEC_ICM_UTC2";"Buy";"4191.9";"4109.4";"2015.01.05 17:30:00";"2015.01.06 19:03:00";"30.0";"-2658.12";"4109.39990";"4274.39990";"46141.88";"0.00";"IST";"SL";"1d 1h 33m";"-183.12"
"3";"USTEC_ICM_UTC2";"Buy";"4114.7";"4197.2";"2015.01.06 19:15:00";"2015.01.08 03:48:00";"30.0";"2108.76";"4032.19995";"4197.20020";"48250.64";"0.00";"IST";"PT";"1d 8h 33m";"-366.24"
"4";"USTEC_ICM_UTC2";"Buy";"4240.0";"4216.9";"2015.01.08 19:45:00";"2015.01.09 22:55:00";"30.0";"-876.12";"4157.50000";"4322.50000";"47374.52";"0.00";"IST";"End Of Friday (Time)";"1d 3h 10m";"-183.12"
"5";"USTEC_ICM_UTC2";"Buy";"4194.0";"4111.5";"2015.01.12 16:45:00";"2015.01.14 15:36:00";"30.0";"-2841.24";"4111.50000";"4276.50000";"44533.28";"0.00";"IST";"SL";"1d 22h 51m";"-366.24"
"6";"USTEC_ICM_UTC2";"Buy";"4153.9";"4071.4";"2015.01.14 17:15:00";"2015.01.16 02:11:00";"30.0";"-2841.24";"4071.39990";"4236.39990";"41692.04";"0.00";"IST";"SL";"1d 8h 56m";"-366.24"
"7";"USTEC_ICM_UTC2";"Buy";"4085.0";"4141.0";"2015.01.16 16:30:00";"2015.01.16 22:55:00";"30.0";"1680.00";"4002.50000";"4167.50000";"43372.04";"0.00";"IST";"End Of Friday (Time)";"6h 25m";"-0.00"
"8";"USTEC_ICM_UTC2";"Buy";"4134.6";"4217.1";"2015.01.20 18:15:00";"2015.01.22 15:40:00";"30.0";"2108.76";"4052.10010";"4217.10010";"45480.80";"0.00";"IST";"PT";"1d 21h 25m";"-366.24"
"9";"USTEC_ICM_UTC2";"Buy";"4202.3";"4284.8";"2015.01.22 17:15:00";"2015.01.23 19:12:00";"30.0";"2291.88";"4119.79980";"4284.79980";"47772.68";"0.00";"IST";"PT";"1d 1h 57m";"-183.12"
"10";"USTEC_ICM_UTC2";"Buy";"4283.9";"4273.9";"2015.01.23 19:15:00";"2015.01.23 22:55:00";"30.0";"-300.00";"4201.39990";"4366.39990";"47472.68";"0.00";"IST";"End Of Friday (Time)";"3h 40m";"-0.00"
"11";"USTEC_ICM_UTC2";"Buy";"4264.9";"4182.4";"2015.01.26 17:15:00";"2015.01.27 16:52:00";"30.0";"-2658.12";"4182.39990";"4347.39990";"44814.56";"0.00";"IST";"SL";"23h 37m";"-183.12"
"12";"USTEC_ICM_UTC2";"Buy";"4171.4";"4149.5";"2015.01.27 18:15:00";"2015.01.30 22:55:00";"30.0";"-1206.36";"4088.89990";"4253.89990";"43608.20";"0.00";"IST";"End Of Friday (Time)";"3d 4h 40m";"-549.36"
"13";"USTEC_ICM_UTC2";"Buy";"4113.3";"4195.8";"2015.02.02 17:30:00";"2015.02.03 10:24:00";"30.0";"2291.88";"4030.80005";"4195.79980";"45900.08";"0.00";"IST";"PT";"16h 54m";"-183.12"
"14";"USTEC_ICM_UTC2";"Buy";"4192.0";"4224.7";"2015.02.03 19:45:00";"2015.02.06 22:55:00";"30.0";"431.64";"4109.50000";"4274.50000";"46331.72";"0.00";"IST";"End Of Friday (Time)";"3d 3h 10m";"-549.36"
"15";"USTEC_ICM_UTC2";"Buy";"4213.5";"4296.0";"2015.02.09 17:30:00";"2015.02.11 16:57:00";"30.0";"2108.76";"4131.00000";"4296.00000";"48440.48";"0.00";"IST";"PT";"1d 23h 27m";"-366.24"
"16";"USTEC_ICM_UTC2";"Buy";"4300.0";"4380.5";"2015.02.11 18:45:00";"2015.02.13 22:55:00";"30.0";"2048.76";"4217.50000";"4382.50000";"50489.24";"0.00";"IST";"End Of Friday (Time)";"2d 4h 10m";"-366.24"
"17";"USTEC_ICM_UTC2";"Buy";"4378.9";"4437.8";"2015.02.17 19:15:00";"2015.02.20 22:55:00";"30.0";"1217.64";"4296.39990";"4461.39990";"51706.88";"0.00";"IST";"End Of Friday (Time)";"3d 3h 40m";"-549.36"
"18";"USTEC_ICM_UTC2";"Buy";"4450.3";"4437.8";"2015.02.24 18:45:00";"2015.02.27 22:55:00";"30.0";"-924.36";"4367.79980";"4532.79980";"50782.52";"0.00";"IST";"End Of Friday (Time)";"3d 4h 10m";"-549.36"
"19";"USTEC_ICM_UTC2";"Buy";"4468.0";"4395.5";"2015.03.02 20:45:00";"2015.03.06 22:55:00";"30.0";"-2907.48";"4385.50000";"4550.50000";"47875.04";"0.00";"IST";"End Of Friday (Time)";"4d 2h 10m";"-732.48"
"20";"USTEC_ICM_UTC2";"Buy";"4400.8";"4318.3";"2015.03.09 17:00:00";"2015.03.11 16:44:00";"30.0";"-2841.24";"4318.29980";"4483.29980";"45033.80";"0.00";"IST";"SL";"1d 23h 44m";"-366.24"
"21";"USTEC_ICM_UTC2";"Buy";"4317.9";"4312.7";"2015.03.11 16:45:00";"2015.03.13 22:55:00";"30.0";"-522.24";"4235.39990";"4400.39990";"44511.56";"0.00";"IST";"End Of Friday (Time)";"2d 6h 10m";"-366.24"
"22";"USTEC_ICM_UTC2";"Buy";"4369.0";"4451.5";"2015.03.18 17:00:00";"2015.03.20 13:52:00";"30.0";"2108.76";"4286.50000";"4451.50000";"46620.32";"0.00";"IST";"PT";"1d 20h 52m";"-366.24"
"23";"USTEC_ICM_UTC2";"Buy";"4472.4";"4454.6";"2015.03.20 19:00:00";"2015.03.20 22:55:00";"30.0";"-534.00";"4389.89990";"4554.89990";"46086.32";"0.00";"IST";"End Of Friday (Time)";"3h 55m";"-0.00"
"24";"USTEC_ICM_UTC2";"Buy";"4458.1";"4375.6";"2015.03.23 17:00:00";"2015.03.25 17:39:00";"30.0";"-2841.24";"4375.60010";"4540.60010";"43245.08";"0.00";"IST";"SL";"2d 0h 39m";"-366.24"
"25";"USTEC_ICM_UTC2";"Buy";"4373.8";"4291.3";"2015.03.25 18:15:00";"2015.03.26 10:58:00";"30.0";"-2658.12";"4291.29980";"4456.29980";"40586.96";"0.00";"IST";"SL";"16h 43m";"-183.12"
"26";"USTEC_ICM_UTC2";"Buy";"4310.5";"4332.9";"2015.03.26 16:45:00";"2015.03.27 22:55:00";"30.0";"488.88";"4228.00000";"4393.00000";"41075.84";"0.00";"IST";"End Of Friday (Time)";"1d 6h 10m";"-183.12"
"27";"USTEC_ICM_UTC2";"Buy";"4363.0";"4280.5";"2015.03.31 19:30:00";"2015.04.01 03:56:00";"30.0";"-2658.12";"4280.50000";"4445.50000";"38417.72";"0.00";"IST";"SL";"8h 26m";"-183.12"
"28";"USTEC_ICM_UTC2";"Buy";"4336.1";"4418.6";"2015.04.01 16:30:00";"2015.04.10 20:46:00";"30.0";"826.92";"4253.60010";"4418.60010";"39244.64";"0.00";"IST";"PT";"9d 4h 16m";"-1648.08"
"29";"USTEC_ICM_UTC2";"Buy";"4419.0";"4336.5";"2015.04.13 21:15:00";"2015.04.17 21:15:00";"30.0";"-3207.48";"4336.50000";"4501.50000";"36037.16";"0.00";"IST";"SL";"4d 0h 0m";"-732.48"
"30";"USTEC_ICM_UTC2";"Buy";"4344.6";"4350.7";"2015.04.17 21:45:00";"2015.04.17 22:55:00";"30.0";"183.00";"4262.10010";"4427.10010";"36220.16";"0.00";"IST";"End Of Friday (Time)";"1h 10m";"-0.00"
"31";"USTEC_ICM_UTC2";"Buy";"4438.0";"4520.5";"2015.04.21 19:15:00";"2015.04.24 11:17:00";"30.0";"1925.64";"4355.50000";"4520.50000";"38145.80";"0.00";"IST";"PT";"2d 16h 2m";"-549.36"
"32";"USTEC_ICM_UTC2";"Buy";"4540.5";"4537.0";"2015.04.24 19:15:00";"2015.04.24 22:55:00";"30.0";"-105.00";"4458.00000";"4623.00000";"38040.80";"0.00";"IST";"End Of Friday (Time)";"3h 40m";"-0.00"
"33";"USTEC_ICM_UTC2";"Buy";"4532.0";"4449.5";"2015.04.27 21:30:00";"2015.04.30 17:01:00";"30.0";"-3024.36";"4449.50000";"4614.50000";"35016.44";"0.00";"IST";"SL";"2d 19h 31m";"-549.36"
"34";"USTEC_ICM_UTC2";"Buy";"4461.0";"4475.5";"2015.04.30 18:15:00";"2015.05.01 22:55:00";"30.0";"251.88";"4378.50000";"4543.50000";"35268.32";"0.00";"IST";"End Of Friday (Time)";"1d 4h 40m";"-183.12"
"35";"USTEC_ICM_UTC2";"Buy";"4444.0";"4361.5";"2015.05.05 17:30:00";"2015.05.06 20:47:00";"30.0";"-2658.12";"4361.50000";"4526.50000";"32610.20";"0.00";"IST";"SL";"1d 3h 17m";"-183.12"
"36";"USTEC_ICM_UTC2";"Buy";"4361.0";"4443.5";"2015.05.06 21:15:00";"2015.05.08 15:35:00";"30.0";"2108.76";"4278.50000";"4443.50000";"34718.96";"0.00";"IST";"PT";"1d 18h 20m";"-366.24"
"37";"USTEC_ICM_UTC2";"Buy";"4465.5";"4461.2";"2015.05.08 19:00:00";"2015.05.08 22:55:00";"30.0";"-129.00";"4383.00000";"4548.00000";"34589.96";"0.00";"IST";"End Of Friday (Time)";"3h 55m";"-0.00"
"38";"USTEC_ICM_UTC2";"Buy";"4458.7";"4490.9";"2015.05.11 16:45:00";"2015.05.15 22:55:00";"30.0";"233.52";"4376.20020";"4541.20020";"34823.48";"0.00";"IST";"End Of Friday (Time)";"4d 6h 10m";"-732.48"
"39";"USTEC_ICM_UTC2";"Buy";"4489.8";"4530.0";"2015.05.18 17:45:00";"2015.05.22 22:55:00";"30.0";"473.52";"4407.29980";"4572.29980";"35297.00";"0.00";"IST";"End Of Friday (Time)";"4d 5h 10m";"-732.48"
"40";"USTEC_ICM_UTC2";"Buy";"4533.0";"4511.9";"2015.05.25 18:00:00";"2015.05.29 22:55:00";"30.0";"-1365.48";"4450.50000";"4615.50000";"33931.52";"0.00";"IST";"End Of Friday (Time)";"4d 4h 55m";"-732.48"
"41";"USTEC_ICM_UTC2";"Buy";"4515.9";"4477.9";"2015.06.01 16:45:00";"2015.06.05 22:55:00";"30.0";"-1872.48";"4433.39990";"4598.39990";"32059.04";"0.00";"IST";"End Of Friday (Time)";"4d 6h 10m";"-732.48"
"42";"USTEC_ICM_UTC2";"Buy";"4475.9";"4393.4";"2015.06.08 16:30:00";"2015.06.09 17:31:00";"30.0";"-2658.12";"4393.39990";"4558.39990";"29400.92";"0.00";"IST";"SL";"1d 1h 1m";"-183.12"
"43";"USTEC_ICM_UTC2";"Buy";"4416.9";"4499.4";"2015.06.09 18:00:00";"2015.06.11 16:27:00";"30.0";"2108.76";"4334.39990";"4499.39990";"31509.68";"0.00";"IST";"PT";"1d 22h 27m";"-366.24"
"44";"USTEC_ICM_UTC2";"Buy";"4492.9";"4455.0";"2015.06.11 19:15:00";"2015.06.12 22:55:00";"30.0";"-1320.12";"4410.39990";"4575.39990";"30189.56";"0.00";"IST";"End Of Friday (Time)";"1d 3h 40m";"-183.12"
"45";"USTEC_ICM_UTC2";"Buy";"4404.9";"4487.4";"2015.06.15 16:45:00";"2015.06.18 16:30:00";"30.0";"1925.64";"4322.39990";"4487.39990";"32115.20";"0.00";"IST";"PT";"2d 23h 45m";"-549.36"
"46";"USTEC_ICM_UTC2";"Buy";"4535.0";"4517.5";"2015.06.18 18:45:00";"2015.06.19 22:55:00";"30.0";"-708.12";"4452.50000";"4617.50000";"31407.08";"0.00";"IST";"End Of Friday (Time)";"1d 4h 10m";"-183.12"
"47";"USTEC_ICM_UTC2";"Buy";"4551.0";"4468.5";"2015.06.22 17:15:00";"2015.06.26 20:12:00";"30.0";"-3207.48";"4468.50000";"4633.50000";"28199.60";"0.00";"IST";"SL";"4d 2h 57m";"-732.48"
"48";"USTEC_ICM_UTC2";"Buy";"4475.0";"4483.9";"2015.06.26 20:30:00";"2015.06.26 22:55:00";"30.0";"267.00";"4392.50000";"4557.50000";"28466.60";"0.00";"IST";"End Of Friday (Time)";"2h 25m";"-0.00"
"49";"USTEC_ICM_UTC2";"Buy";"4440.0";"4357.5";"2015.06.29 17:30:00";"2015.07.07 17:40:00";"30.0";"-3939.96";"4357.50000";"4522.50000";"24526.64";"0.00";"IST";"SL";"8d 0h 10m";"-1464.96"
"50";"USTEC_ICM_UTC2";"Buy";"4365.9";"4427.5";"2015.07.07 18:00:00";"2015.07.10 22:55:00";"30.0";"1298.64";"4283.39990";"4448.39990";"25825.28";"0.00";"IST";"End Of Friday (Time)";"3d 4h 55m";"-549.36"
"51";"USTEC_ICM_UTC2";"Buy";"4529.0";"4618.4";"2015.07.14 20:15:00";"2015.07.17 09:00:00";"30.0";"2131.62";"4446.50000";"4611.50000";"27956.90";"0.00";"IST";"PT";"2d 12h 45m";"-549.36"
"52";"USTEC_ICM_UTC2";"Buy";"4673.5";"4591.0";"2015.07.21 20:45:00";"2015.07.23 22:30:00";"30.0";"-2841.24";"4591.00000";"4756.00000";"25115.66";"0.00";"IST";"SL";"2d 1h 45m";"-366.24"
"53";"USTEC_ICM_UTC2";"Buy";"4599.5";"4562.0";"2015.07.23 22:45:00";"2015.07.24 22:55:00";"30.0";"-1308.12";"4517.00000";"4682.00000";"23807.54";"0.00";"IST";"End Of Friday (Time)";"1d 0h 10m";"-183.12"
"54";"USTEC_ICM_UTC2";"Buy";"4540.5";"4590.5";"2015.07.27 17:00:00";"2015.07.31 22:55:00";"30.0";"767.52";"4458.00000";"4623.00000";"24575.06";"0.00";"IST";"End Of Friday (Time)";"4d 5h 55m";"-732.48"
"55";"USTEC_ICM_UTC2";"Buy";"4589.2";"4506.7";"2015.08.03 18:00:00";"2015.08.07 15:38:00";"30.0";"-3207.48";"4506.70020";"4671.70020";"21367.58";"0.00";"IST";"SL";"3d 21h 38m";"-732.48"
"56";"USTEC_ICM_UTC2";"Buy";"4529.9";"4517.3";"2015.08.07 17:00:00";"2015.08.07 22:55:00";"30.0";"-378.00";"4447.39990";"4612.39990";"20989.58";"0.00";"IST";"End Of Friday (Time)";"5h 55m";"-0.00"
"57";"USTEC_ICM_UTC2";"Buy";"4518.5";"4436.0";"2015.08.11 19:30:00";"2015.08.12 17:54:00";"30.0";"-2658.12";"4436.00000";"4601.00000";"18331.46";"0.00";"IST";"SL";"22h 24m";"-183.12"
"58";"USTEC_ICM_UTC2";"Buy";"4457.2";"4549.0";"2015.08.12 18:15:00";"2015.08.13 09:00:00";"30.0";"2570.94";"4374.70020";"4539.70020";"20902.40";"0.00";"IST";"PT";"14h 45m";"-183.12"
"59";"USTEC_ICM_UTC2";"Buy";"4555.0";"4530.9";"2015.08.13 20:15:00";"2015.08.14 22:55:00";"30.0";"-906.12";"4472.50000";"4637.50000";"19996.28";"0.00";"IST";"End Of Friday (Time)";"1d 2h 40m";"-183.12"
"60";"USTEC_ICM_UTC2";"Buy";"4519.0";"4436.5";"2015.08.17 16:30:00";"2015.08.20 17:18:00";"30.0";"-3024.36";"4436.50000";"4601.50000";"16971.92";"0.00";"IST";"SL";"3d 0h 48m";"-549.36"
"61";"USTEC_ICM_UTC2";"Buy";"4437.3";"4339.0";"2015.08.20 18:00:00";"2015.08.21 09:00:00";"30.0";"-3132.48";"4354.79980";"4519.79980";"13839.44";"0.00";"IST";"SL";"15h 0m";"-183.12"
"62";"USTEC_ICM_UTC2";"Buy";"4344.1";"4261.6";"2015.08.21 17:00:00";"2015.08.21 20:04:00";"30.0";"-2475.00";"4261.60010";"4426.60010";"11364.44";"0.00";"IST";"SL";"3h 4m";"-0.00"
"63";"USTEC_ICM_UTC2";"Buy";"3997.5";"4080.0";"2015.08.24 16:30:00";"2015.08.24 17:21:00";"30.0";"2475.00";"3915.00000";"4080.00000";"13839.44";"0.00";"IST";"PT";"51m 0s";"-0.00"
"64";"USTEC_ICM_UTC2";"Buy";"4178.3";"4095.8";"2015.08.25 16:30:00";"2015.08.25 22:32:00";"30.0";"-2475.00";"4095.80005";"4260.79980";"11364.44";"0.00";"IST";"SL";"6h 2m";"-0.00"
"65";"USTEC_ICM_UTC2";"Buy";"4114.9";"4197.4";"2015.08.26 16:45:00";"2015.08.26 22:20:00";"30.0";"2475.00";"4032.39990";"4197.39990";"13839.44";"0.00";"IST";"PT";"5h 35m";"-0.00"
"66";"USTEC_ICM_UTC2";"Buy";"4311.0";"4321.0";"2015.08.27 19:15:00";"2015.08.28 22:55:00";"30.0";"116.88";"4228.50000";"4393.50000";"13956.32";"0.00";"IST";"End Of Friday (Time)";"1d 3h 40m";"-183.12"
"67";"USTEC_ICM_UTC2";"Buy";"4300.9";"4186.0";"2015.08.31 17:30:00";"2015.09.01 09:00:00";"30.0";"-3630.15";"4218.39990";"4383.39990";"10326.17";"0.00";"IST";"SL";"15h 30m";"-183.12"
"68";"USTEC_ICM_UTC2";"Buy";"4208.0";"4125.5";"2015.09.01 16:45:00";"2015.09.01 22:43:00";"30.0";"-2475.00";"4125.50000";"4290.50000";"7851.17";"0.00";"IST";"SL";"5h 58m";"-0.00"
"69";"USTEC_ICM_UTC2";"Buy";"4204.0";"4286.5";"2015.09.02 17:15:00";"2015.09.03 10:46:00";"30.0";"2291.88";"4121.50000";"4286.50000";"10143.05";"0.00";"IST";"PT";"17h 31m";"-183.12"
"70";"USTEC_ICM_UTC2";"Buy";"4277.0";"4194.5";"2015.09.03 19:30:00";"2015.09.04 09:00:00";"30.0";"-2658.12";"4194.50000";"4359.50000";"7484.93";"0.00";"IST";"SL";"13h 30m";"-183.12"
"71";"USTEC_ICM_UTC2";"Buy";"4175.9";"4196.0";"2015.09.04 16:30:00";"2015.09.04 22:55:00";"30.0";"603.00";"4093.39990";"4258.39990";"8087.93";"0.00";"IST";"End Of Friday (Time)";"6h 25m";"-0.00"
"72";"USTEC_ICM_UTC2";"Buy";"4274.9";"4357.4";"2015.09.08 19:30:00";"2015.09.09 10:00:00";"30.0";"2291.88";"4192.39990";"4357.39990";"10379.81";"0.00";"IST";"PT";"14h 30m";"-183.12"
"73";"USTEC_ICM_UTC2";"Buy";"4318.0";"4235.5";"2015.09.09 19:15:00";"2015.09.10 15:34:00";"30.0";"-2658.12";"4235.50000";"4400.50000";"7721.69";"0.00";"IST";"SL";"20h 19m";"-183.12"
"74";"USTEC_ICM_UTC2";"Buy";"4265.7";"4313.9";"2015.09.10 17:30:00";"2015.09.11 22:55:00";"30.0";"1262.88";"4183.20020";"4348.20020";"8984.57";"0.00";"IST";"End Of Friday (Time)";"1d 5h 25m";"-183.12"
"75";"USTEC_ICM_UTC2";"Buy";"4309.0";"4391.5";"2015.09.14 22:00:00";"2015.09.17 09:11:00";"30.0";"1925.64";"4226.50000";"4391.50000";"10910.21";"0.00";"IST";"PT";"2d 11h 11m";"-549.36"
"76";"USTEC_ICM_UTC2";"Buy";"4390.0";"4325.2";"2015.09.17 19:15:00";"2015.09.18 22:55:00";"30.0";"-2127.12";"4307.50000";"4472.50000";"8783.09";"0.00";"IST";"End Of Friday (Time)";"1d 3h 40m";"-183.12"
"77";"USTEC_ICM_UTC2";"Buy";"4349.0";"4266.5";"2015.09.21 16:45:00";"2015.09.22 13:13:00";"30.0";"-2658.12";"4266.50000";"4431.50000";"6124.97";"0.00";"IST";"SL";"20h 28m";"-183.12"
"78";"USTEC_ICM_UTC2";"Buy";"4269.0";"4225.1";"2015.09.22 17:15:00";"2015.09.25 22:55:00";"30.0";"-1866.36";"4186.50000";"4351.50000";"4258.61";"0.00";"IST";"End Of Friday (Time)";"3d 5h 40m";"-549.36"
"79";"USTEC_ICM_UTC2";"Buy";"4203.4";"4120.9";"2015.09.28 16:45:00";"2015.09.28 19:55:00";"30.0";"-2475.00";"4120.89990";"4285.89990";"1783.61";"0.00";"IST";"SL";"3h 10m";"-0.00"
"80";"USTEC_ICM_UTC2";"Buy";"4122.9";"4219.0";"2015.09.29 17:00:00";"2015.10.01 09:00:00";"30.0";"2515.35";"4040.39990";"4205.39990";"4298.96";"0.00";"IST";"PT";"1d 16h 0m";"-366.24"
"81";"USTEC_ICM_UTC2";"Buy";"4157.9";"4240.4";"2015.10.01 17:15:00";"2015.10.02 22:14:00";"30.0";"2291.88";"4075.39990";"4240.39990";"6590.84";"0.00";"IST";"PT";"1d 4h 59m";"-183.12"
"82";"USTEC_ICM_UTC2";"Buy";"4241.0";"4263.1";"2015.10.02 22:15:00";"2015.10.02 22:55:00";"30.0";"663.00";"4158.50000";"4323.50000";"7253.84";"0.00";"IST";"End Of Friday (Time)";"40m 0s";"-0.00"
"83";"USTEC_ICM_UTC2";"Buy";"4292.8";"4375.3";"2015.10.06 19:15:00";"2015.10.09 17:40:00";"30.0";"1925.64";"4210.29980";"4375.29980";"9179.48";"0.00";"IST";"PT";"2d 22h 25m";"-549.36"
"84";"USTEC_ICM_UTC2";"Buy";"4364.2";"4366.8";"2015.10.09 19:15:00";"2015.10.09 22:55:00";"30.0";"78.00";"4281.70020";"4446.70020";"9257.48";"0.00";"IST";"End Of Friday (Time)";"3h 40m";"-0.00"
"85";"USTEC_ICM_UTC2";"Buy";"4373.1";"4434.3";"2015.10.12 18:00:00";"2015.10.16 22:55:00";"30.0";"1103.52";"4290.60010";"4455.60010";"10361.00";"0.00";"IST";"End Of Friday (Time)";"4d 4h 55m";"-732.48"
"86";"USTEC_ICM_UTC2";"Buy";"4429.7";"4582.1";"2015.10.19 16:30:00";"2015.10.23 09:00:00";"30.0";"3840.24";"4347.20020";"4512.20020";"14201.24";"0.00";"IST";"PT";"3d 16h 30m";"-732.48"
"87";"USTEC_ICM_UTC2";"Buy";"4603.2";"4627.9";"2015.10.23 19:00:00";"2015.10.23 22:55:00";"30.0";"741.00";"4520.70020";"4685.70020";"14942.24";"0.00";"IST";"End Of Friday (Time)";"3h 55m";"-0.00"
"88";"USTEC_ICM_UTC2";"Buy";"4630.0";"4712.5";"2015.10.26 18:30:00";"2015.11.03 18:38:00";"30.0";"1010.04";"4547.50000";"4712.50000";"15952.28";"0.00";"IST";"PT";"8d 0h 8m";"-1464.96"
"89";"USTEC_ICM_UTC2";"Buy";"4710.2";"4701.5";"2015.11.04 19:00:00";"2015.11.06 22:55:00";"30.0";"-627.24";"4627.70020";"4792.70020";"15325.04";"0.00";"IST";"End Of Friday (Time)";"2d 3h 55m";"-366.24"
"90";"USTEC_ICM_UTC2";"Buy";"4681.6";"4599.1";"2015.11.09 16:45:00";"2015.11.12 22:13:00";"30.0";"-3024.36";"4599.10010";"4764.10010";"12300.68";"0.00";"IST";"SL";"3d 5h 28m";"-549.36"
"91";"USTEC_ICM_UTC2";"Buy";"4609.7";"4527.2";"2015.11.12 22:30:00";"2015.11.13 18:15:00";"30.0";"-2658.12";"4527.20020";"4692.20020";"9642.56";"0.00";"IST";"SL";"19h 45m";"-183.12"
"92";"USTEC_ICM_UTC2";"Buy";"4532.8";"4506.7";"2015.11.13 20:15:00";"2015.11.13 22:55:00";"30.0";"-783.00";"4450.29980";"4615.29980";"8859.56";"0.00";"IST";"End Of Friday (Time)";"2h 40m";"-0.00"
"93";"USTEC_ICM_UTC2";"Buy";"4511.5";"4594.0";"2015.11.16 16:45:00";"2015.11.17 18:31:00";"30.0";"2291.88";"4429.00000";"4594.00000";"11151.44";"0.00";"IST";"PT";"1d 1h 46m";"-183.12"
"94";"USTEC_ICM_UTC2";"Buy";"4594.0";"4676.5";"2015.11.17 19:15:00";"2015.11.19 20:05:00";"30.0";"2108.76";"4511.50000";"4676.50000";"13260.20";"0.00";"IST";"PT";"2d 0h 50m";"-366.24"
"95";"USTEC_ICM_UTC2";"Buy";"4660.7";"4682.7";"2015.11.19 21:45:00";"2015.11.20 22:55:00";"30.0";"476.88";"4578.20020";"4743.20020";"13737.08";"0.00";"IST";"End Of Friday (Time)";"1d 1h 10m";"-183.12"
"96";"USTEC_ICM_UTC2";"Buy";"4677.6";"4595.1";"2015.11.23 21:00:00";"2015.12.03 21:23:00";"30.0";"-4306.20";"4595.10010";"4760.10010";"9430.88";"0.00";"IST";"SL";"10d 0h 23m";"-1831.20"
"97";"USTEC_ICM_UTC2";"Buy";"4594.0";"4676.5";"2015.12.03 21:30:00";"2015.12.04 17:56:00";"30.0";"2291.88";"4511.50000";"4676.50000";"11722.76";"0.00";"IST";"PT";"20h 26m";"-183.12"
"98";"USTEC_ICM_UTC2";"Buy";"4683.6";"4714.8";"2015.12.04 19:15:00";"2015.12.04 22:55:00";"30.0";"936.00";"4601.10010";"4766.10010";"12658.76";"0.00";"IST";"End Of Friday (Time)";"3h 40m";"-0.00"
"99";"USTEC_ICM_UTC2";"Buy";"4688.9";"4606.4";"2015.12.07 18:45:00";"2015.12.09 19:39:00";"30.0";"-2841.24";"4606.39990";"4771.39990";"9817.52";"0.00";"IST";"SL";"2d 0h 54m";"-366.24"
"100";"USTEC_ICM_UTC2";"Buy";"4607.9";"4536.0";"2015.12.09 20:15:00";"2015.12.11 22:55:00";"30.0";"-2523.24";"4525.39990";"4690.39990";"7294.28";"0.00";"IST";"End Of Friday (Time)";"2d 2h 40m";"-366.24"
"101";"USTEC_ICM_UTC2";"Buy";"4525.8";"4608.3";"2015.12.14 16:45:00";"2015.12.15 15:56:00";"30.0";"2291.88";"4443.29980";"4608.29980";"9586.16";"0.00";"IST";"PT";"23h 11m";"-183.12"
"102";"USTEC_ICM_UTC2";"Buy";"4626.2";"4543.7";"2015.12.15 16:45:00";"2015.12.18 19:25:00";"30.0";"-3024.36";"4543.70020";"4708.70020";"6561.80";"0.00";"IST";"SL";"3d 2h 40m";"-549.36"
"103";"USTEC_ICM_UTC2";"Buy";"4546.1";"4523.6";"2015.12.18 19:30:00";"2015.12.18 22:55:00";"30.0";"-675.00";"4463.60010";"4628.60010";"5886.80";"0.00";"IST";"End Of Friday (Time)";"3h 25m";"-0.00"
"104";"USTEC_ICM_UTC2";"Buy";"4550.6";"4633.1";"2015.12.21 17:15:00";"2015.12.24 16:36:00";"30.0";"1925.64";"4468.10010";"4633.10010";"7812.44";"0.00";"IST";"PT";"2d 23h 21m";"-549.36"
"105";"USTEC_ICM_UTC2";"Buy";"4637.0";"4547.9";"2015.12.24 19:00:00";"2016.01.04 09:00:00";"30.0";"-4686.63";"4554.50000";"4719.50000";"3125.81";"0.00";"IST";"SL";"10d 14h 0m";"-2014.32"
"106";"USTEC_ICM_UTC2";"Buy";"4490.3";"4407.8";"2016.01.04 16:30:00";"2016.01.06 13:02:00";"30.0";"-2841.24";"4407.79980";"4572.79980";"284.57";"0.00";"IST";"SL";"1d 20h 32m";"-366.24"
"107";"USTEC_ICM_UTC2";"Buy";"4457.9";"4375.4";"2016.01.06 17:30:00";"2016.01.07 09:00:00";"30.0";"-2658.12";"4375.39990";"4540.39990";"-2373.55";"0.00";"IST";"SL";"15h 30m";"-183.12"
"108";"USTEC_ICM_UTC2";"Buy";"4372.0";"4289.5";"2016.01.07 17:30:00";"2016.01.08 18:33:00";"30.0";"-2658.12";"4289.50000";"4454.50000";"-5031.67";"0.00";"IST";"SL";"1d 1h 3m";"-183.12"
"109";"USTEC_ICM_UTC2";"Buy";"4318.9";"4267.8";"2016.01.08 19:00:00";"2016.01.08 22:55:00";"30.0";"-1533.00";"4236.39990";"4401.39990";"-6564.67";"0.00";"IST";"End Of Friday (Time)";"3h 55m";"-0.00"
"110";"USTEC_ICM_UTC2";"Buy";"4293.0";"4210.5";"2016.01.11 16:45:00";"2016.01.13 21:17:00";"30.0";"-2841.24";"4210.50000";"4375.50000";"-9405.91";"0.00";"IST";"SL";"2d 4h 32m";"-366.24"
"111";"USTEC_ICM_UTC2";"Buy";"4180.0";"4262.5";"2016.01.13 21:45:00";"2016.01.14 20:08:00";"30.0";"2291.88";"4097.50000";"4262.50000";"-7114.03";"0.00";"IST";"PT";"22h 23m";"-183.12"
"112";"USTEC_ICM_UTC2";"Buy";"4261.9";"4179.4";"2016.01.14 20:15:00";"2016.01.15 12:35:00";"30.0";"-2658.12";"4179.39990";"4344.39990";"-9772.15";"0.00";"IST";"SL";"16h 20m";"-183.12"
"113";"USTEC_ICM_UTC2";"Buy";"4127.9";"4141.0";"2016.01.15 16:30:00";"2016.01.15 22:55:00";"30.0";"393.00";"4045.39990";"4210.39990";"-9379.15";"0.00";"IST";"End Of Friday (Time)";"6h 25m";"-0.00"
"114";"USTEC_ICM_UTC2";"Buy";"4135.8";"4218.3";"2016.01.18 16:45:00";"2016.01.19 10:09:00";"30.0";"2291.88";"4053.30005";"4218.29980";"-7087.27";"0.00";"IST";"PT";"17h 24m";"-183.12"
"115";"USTEC_ICM_UTC2";"Buy";"4183.9";"4101.4";"2016.01.19 16:45:00";"2016.01.19 21:45:00";"30.0";"-2475.00";"4101.39990";"4266.39990";"-9562.27";"0.00";"IST";"SL";"5h 0m";"-0.00"
"116";"USTEC_ICM_UTC2";"Buy";"4084.0";"4001.5";"2016.01.20 16:30:00";"2016.01.20 19:23:00";"30.0";"-2475.00";"4001.50000";"4166.50000";"-12037.27";"0.00";"IST";"SL";"2h 53m";"-0.00"
"117";"USTEC_ICM_UTC2";"Buy";"4185.1";"4258.3";"2016.01.21 19:00:00";"2016.01.22 22:55:00";"30.0";"2012.88";"4102.60010";"4267.60010";"-10024.39";"0.00";"IST";"End Of Friday (Time)";"1d 3h 55m";"-183.12"
"118";"USTEC_ICM_UTC2";"Buy";"4248.2";"4165.7";"2016.01.25 17:15:00";"2016.01.26 09:37:00";"30.0";"-2658.12";"4165.70020";"4330.70020";"-12682.51";"0.00";"IST";"SL";"16h 22m";"-183.12"
"119";"USTEC_ICM_UTC2";"Buy";"4204.4";"4121.9";"2016.01.26 16:45:00";"2016.01.27 22:06:00";"30.0";"-2658.12";"4121.89990";"4286.89990";"-15340.63";"0.00";"IST";"SL";"1d 5h 21m";"-183.12"
"120";"USTEC_ICM_UTC2";"Buy";"4128.6";"4211.1";"2016.01.27 22:45:00";"2016.01.29 16:40:00";"30.0";"2108.76";"4046.10010";"4211.10010";"-13231.87";"0.00";"IST";"PT";"1d 17h 55m";"-366.24"
"121";"USTEC_ICM_UTC2";"Buy";"4215.0";"4272.9";"2016.01.29 16:45:00";"2016.01.29 22:55:00";"30.0";"1737.00";"4132.50000";"4297.50000";"-11494.87";"0.00";"IST";"End Of Friday (Time)";"6h 10m";"-0.00"
"122";"USTEC_ICM_UTC2";"Buy";"4228.0";"4145.5";"2016.02.02 19:45:00";"2016.02.03 17:09:00";"30.0";"-2658.12";"4145.50000";"4310.50000";"-14152.99";"0.00";"IST";"SL";"21h 24m";"-183.12"
"123";"USTEC_ICM_UTC2";"Buy";"4147.8";"4065.3";"2016.02.03 18:00:00";"2016.02.05 18:02:00";"30.0";"-2841.24";"4065.30005";"4230.29980";"-16994.23";"0.00";"IST";"SL";"2d 0h 2m";"-366.24"
"124";"USTEC_ICM_UTC2";"Buy";"4045.5";"4007.7";"2016.02.05 18:45:00";"2016.02.05 22:55:00";"30.0";"-1134.00";"3963.00000";"4128.00000";"-18128.23";"0.00";"IST";"End Of Friday (Time)";"4h 10m";"-0.00"
"125";"USTEC_ICM_UTC2";"Buy";"3955.7";"4038.2";"2016.02.08 16:45:00";"2016.02.10 17:32:00";"30.0";"2108.76";"3873.19995";"4038.19995";"-16019.47";"0.00";"IST";"PT";"2d 0h 47m";"-366.24"
"126";"USTEC_ICM_UTC2";"Buy";"4002.8";"3920.3";"2016.02.10 19:00:00";"2016.02.11 10:20:00";"30.0";"-2658.12";"3920.30005";"4085.30005";"-18677.59";"0.00";"IST";"SL";"15h 20m";"-183.12"
"127";"USTEC_ICM_UTC2";"Buy";"3934.0";"4016.5";"2016.02.11 16:45:00";"2016.02.12 13:55:00";"30.0";"2291.88";"3851.50000";"4016.50000";"-16385.71";"0.00";"IST";"PT";"21h 10m";"-183.12"
"128";"USTEC_ICM_UTC2";"Buy";"4009.3";"4016.7";"2016.02.12 19:30:00";"2016.02.12 22:55:00";"30.0";"222.00";"3926.80005";"4091.80005";"-16163.71";"0.00";"IST";"End Of Friday (Time)";"3h 25m";"-0.00"
"129";"USTEC_ICM_UTC2";"Buy";"4072.4";"4154.9";"2016.02.16 18:45:00";"2016.02.17 17:12:00";"30.0";"2291.88";"3989.89990";"4154.89990";"-13871.83";"0.00";"IST";"PT";"22h 27m";"-183.12"
"130";"USTEC_ICM_UTC2";"Buy";"4173.9";"4165.4";"2016.02.17 18:45:00";"2016.02.19 22:55:00";"30.0";"-621.24";"4091.39990";"4256.39990";"-14493.07";"0.00";"IST";"End Of Friday (Time)";"2d 4h 10m";"-366.24"
"131";"USTEC_ICM_UTC2";"Buy";"4187.0";"4104.5";"2016.02.23 18:45:00";"2016.02.24 14:16:00";"30.0";"-2658.12";"4104.50000";"4269.50000";"-17151.19";"0.00";"IST";"SL";"19h 31m";"-183.12"
"132";"USTEC_ICM_UTC2";"Buy";"4109.1";"4191.6";"2016.02.24 17:45:00";"2016.02.24 22:09:00";"30.0";"2475.00";"4026.60010";"4191.60010";"-14676.19";"0.00";"IST";"PT";"4h 24m";"-0.00"
"133";"USTEC_ICM_UTC2";"Buy";"4194.6";"4277.1";"2016.02.25 20:00:00";"2016.02.26 10:18:00";"30.0";"2291.88";"4112.10010";"4277.10010";"-12384.31";"0.00";"IST";"PT";"14h 18m";"-183.12"
"134";"USTEC_ICM_UTC2";"Buy";"4241.8";"4239.1";"2016.02.26 19:00:00";"2016.02.26 22:55:00";"30.0";"-81.00";"4159.29980";"4324.29980";"-12465.31";"0.00";"IST";"End Of Friday (Time)";"3h 55m";"-0.00"
"135";"USTEC_ICM_UTC2";"Buy";"4237.3";"4319.8";"2016.02.29 16:45:00";"2016.03.01 21:46:00";"30.0";"2291.88";"4154.79980";"4319.79980";"-10173.43";"0.00";"IST";"PT";"1d 5h 1m";"-183.12"
"136";"USTEC_ICM_UTC2";"Buy";"4304.4";"4326.8";"2016.03.02 19:30:00";"2016.03.04 22:55:00";"30.0";"305.76";"4221.89990";"4386.89990";"-9867.67";"0.00";"IST";"End Of Friday (Time)";"2d 3h 25m";"-366.24"
"137";"USTEC_ICM_UTC2";"Buy";"4290.5";"4357.7";"2016.03.07 17:30:00";"2016.03.11 22:55:00";"30.0";"1283.52";"4208.00000";"4373.00000";"-8584.15";"0.00";"IST";"End Of Friday (Time)";"4d 5h 25m";"-732.48"
"138";"USTEC_ICM_UTC2";"Buy";"4357.0";"4439.5";"2016.03.15 16:30:00";"2016.03.22 18:48:00";"30.0";"1193.16";"4274.50000";"4439.50000";"-7390.99";"0.00";"IST";"PT";"7d 2h 18m";"-1281.84"
"139";"USTEC_ICM_UTC2";"Buy";"4447.1";"4529.6";"2016.03.22 19:30:00";"2016.04.01 22:45:00";"30.0";"643.80";"4364.60010";"4529.60010";"-6747.19";"0.00";"IST";"PT";"10d 3h 15m";"-1831.20"
"140";"USTEC_ICM_UTC2";"Buy";"4487.2";"4469.5";"2016.04.05 17:15:00";"2016.04.08 22:55:00";"30.0";"-1080.36";"4404.70020";"4569.70020";"-7827.55";"0.00";"IST";"End Of Friday (Time)";"3d 5h 40m";"-549.36"
"141";"USTEC_ICM_UTC2";"Buy";"4498.3";"4542.9";"2016.04.11 18:30:00";"2016.04.15 22:55:00";"30.0";"605.52";"4415.79980";"4580.79980";"-7222.03";"0.00";"IST";"End Of Friday (Time)";"4d 4h 25m";"-732.48"
"142";"USTEC_ICM_UTC2";"Buy";"4529.8";"4447.3";"2016.04.18 16:30:00";"2016.04.22 17:43:00";"30.0";"-3207.48";"4447.29980";"4612.29980";"-10429.51";"0.00";"IST";"SL";"4d 1h 13m";"-732.48"
"143";"USTEC_ICM_UTC2";"Buy";"4446.4";"4473.7";"2016.04.22 18:15:00";"2016.04.22 22:55:00";"30.0";"819.00";"4363.89990";"4528.89990";"-9610.51";"0.00";"IST";"End Of Friday (Time)";"4h 40m";"-0.00"
"144";"USTEC_ICM_UTC2";"Buy";"4468.3";"4385.8";"2016.04.25 16:45:00";"2016.04.27 17:19:00";"30.0";"-2841.24";"4385.79980";"4550.79980";"-12451.75";"0.00";"IST";"SL";"2d 0h 34m";"-366.24"
"145";"USTEC_ICM_UTC2";"Buy";"4384.5";"4340.2";"2016.04.27 17:45:00";"2016.04.29 22:55:00";"30.0";"-1695.24";"4302.00000";"4467.00000";"-14146.99";"0.00";"IST";"End Of Friday (Time)";"2d 5h 10m";"-366.24"
"146";"USTEC_ICM_UTC2";"Buy";"4348.0";"4325.8";"2016.05.02 17:30:00";"2016.05.06 22:55:00";"30.0";"-1398.48";"4265.50000";"4430.50000";"-15545.47";"0.00";"IST";"End Of Friday (Time)";"4d 5h 25m";"-732.48"
"147";"USTEC_ICM_UTC2";"Buy";"4380.1";"4325.4";"2016.05.10 18:45:00";"2016.05.13 22:55:00";"30.0";"-2190.36";"4297.60010";"4462.60010";"-17735.83";"0.00";"IST";"End Of Friday (Time)";"3d 4h 10m";"-549.36"
"148";"USTEC_ICM_UTC2";"Buy";"4346.9";"4361.8";"2016.05.16 17:45:00";"2016.05.20 22:55:00";"30.0";"-285.48";"4264.39990";"4429.39990";"-18021.31";"0.00";"IST";"End Of Friday (Time)";"4d 5h 10m";"-732.48"
"149";"USTEC_ICM_UTC2";"Buy";"4379.5";"4462.0";"2016.05.23 16:45:00";"2016.05.25 09:23:00";"30.0";"2108.76";"4297.00000";"4462.00000";"-15912.55";"0.00";"IST";"PT";"1d 16h 38m";"-366.24"
"150";"USTEC_ICM_UTC2";"Buy";"4474.2";"4509.4";"2016.05.25 19:00:00";"2016.05.27 22:55:00";"30.0";"689.76";"4391.70020";"4556.70020";"-15222.79";"0.00";"IST";"End Of Friday (Time)";"2d 3h 55m";"-366.24"
"151";"USTEC_ICM_UTC2";"Buy";"4518.6";"4512.5";"2016.05.31 18:45:00";"2016.06.03 22:55:00";"30.0";"-732.36";"4436.10010";"4601.10010";"-15955.15";"0.00";"IST";"End Of Friday (Time)";"3d 4h 10m";"-549.36"
"152";"USTEC_ICM_UTC2";"Buy";"4523.7";"4458.3";"2016.06.06 17:00:00";"2016.06.10 22:55:00";"30.0";"-2694.48";"4441.20020";"4606.20020";"-18649.63";"0.00";"IST";"End Of Friday (Time)";"4d 5h 55m";"-732.48"
"153";"USTEC_ICM_UTC2";"Buy";"4437.6";"4371.9";"2016.06.13 16:45:00";"2016.06.17 22:55:00";"30.0";"-2703.48";"4355.10010";"4520.10010";"-21353.11";"0.00";"IST";"End Of Friday (Time)";"4d 6h 10m";"-732.48"
"154";"USTEC_ICM_UTC2";"Buy";"4432.4";"4254.8";"2016.06.20 16:45:00";"2016.06.24 09:00:00";"30.0";"-6061.35";"4349.89990";"4514.89990";"-27414.46";"0.00";"IST";"SL";"3d 16h 15m";"-732.48"
"155";"USTEC_ICM_UTC2";"Buy";"4354.5";"4307.6";"2016.06.24 16:45:00";"2016.06.24 22:55:00";"30.0";"-1407.00";"4272.00000";"4437.00000";"-28821.46";"0.00";"IST";"End Of Friday (Time)";"6h 10m";"-0.00"
"156";"USTEC_ICM_UTC2";"Buy";"4214.5";"4297.8";"2016.06.27 17:15:00";"2016.06.29 09:00:00";"30.0";"2133.21";"4132.00000";"4297.00000";"-26688.25";"0.00";"IST";"PT";"1d 15h 45m";"-366.24"
"157";"USTEC_ICM_UTC2";"Buy";"4359.3";"4441.8";"2016.06.29 19:00:00";"2016.07.01 17:00:00";"30.0";"2108.76";"4276.79980";"4441.79980";"-24579.49";"0.00";"IST";"PT";"1d 22h 0m";"-366.24"
"158";"USTEC_ICM_UTC2";"Buy";"4443.8";"4439.8";"2016.07.01 20:15:00";"2016.07.01 22:55:00";"30.0";"-120.00";"4361.29980";"4526.29980";"-24699.49";"0.00";"IST";"End Of Friday (Time)";"2h 40m";"-0.00"
"159";"USTEC_ICM_UTC2";"Buy";"4445.8";"4528.3";"2016.07.04 16:45:00";"2016.07.08 21:52:00";"30.0";"1742.52";"4363.29980";"4528.29980";"-22956.97";"0.00";"IST";"PT";"4d 5h 7m";"-732.48"
"160";"USTEC_ICM_UTC2";"Buy";"4587.3";"4587.5";"2016.07.12 19:30:00";"2016.07.15 22:55:00";"30.0";"-543.36";"4504.79980";"4669.79980";"-23500.33";"0.00";"IST";"End Of Friday (Time)";"3d 3h 25m";"-549.36"
"161";"USTEC_ICM_UTC2";"Buy";"4592.6";"4663.1";"2016.07.18 16:30:00";"2016.07.22 22:55:00";"30.0";"1382.52";"4510.10010";"4675.10010";"-22117.81";"0.00";"IST";"End Of Friday (Time)";"4d 6h 25m";"-732.48"
"162";"USTEC_ICM_UTC2";"Buy";"4658.4";"4740.9";"2016.07.25 17:45:00";"2016.07.29 18:38:00";"30.0";"1742.52";"4575.89990";"4740.89990";"-20375.29";"0.00";"IST";"PT";"4d 0h 53m";"-732.48"
"163";"USTEC_ICM_UTC2";"Buy";"4741.7";"4735.0";"2016.07.29 18:45:00";"2016.07.29 22:55:00";"30.0";"-201.00";"4659.20020";"4824.20020";"-20576.29";"0.00";"IST";"End Of Friday (Time)";"4h 10m";"-0.00"
"164";"USTEC_ICM_UTC2";"Buy";"4741.3";"4789.5";"2016.08.01 17:00:00";"2016.08.05 22:55:00";"30.0";"713.52";"4658.79980";"4823.79980";"-19862.77";"0.00";"IST";"End Of Friday (Time)";"4d 5h 55m";"-732.48"
"165";"USTEC_ICM_UTC2";"Buy";"4792.3";"4804.8";"2016.08.08 16:30:00";"2016.08.12 22:55:00";"30.0";"-357.48";"4709.79980";"4874.79980";"-20220.25";"0.00";"IST";"End Of Friday (Time)";"4d 6h 25m";"-732.48"
"166";"USTEC_ICM_UTC2";"Buy";"4812.7";"4805.5";"2016.08.16 17:15:00";"2016.08.19 22:55:00";"30.0";"-765.36";"4730.20020";"4895.20020";"-20985.61";"0.00";"IST";"End Of Friday (Time)";"3d 5h 40m";"-549.36"
"167";"USTEC_ICM_UTC2";"Buy";"4800.9";"4780.7";"2016.08.22 17:00:00";"2016.08.26 22:55:00";"30.0";"-1338.48";"4718.39990";"4883.39990";"-22324.09";"0.00";"IST";"End Of Friday (Time)";"4d 5h 55m";"-732.48"
"168";"USTEC_ICM_UTC2";"Buy";"4798.4";"4796.7";"2016.08.29 16:45:00";"2016.09.02 22:55:00";"30.0";"-783.48";"4715.89990";"4880.89990";"-23107.57";"0.00";"IST";"End Of Friday (Time)";"4d 6h 10m";"-732.48"
"169";"USTEC_ICM_UTC2";"Buy";"4786.1";"4703.6";"2016.09.05 17:45:00";"2016.09.09 20:49:00";"30.0";"-3207.48";"4703.60010";"4868.60010";"-26315.05";"0.00";"IST";"SL";"4d 3h 4m";"-732.48"
"170";"USTEC_ICM_UTC2";"Buy";"4696.9";"4692.6";"2016.09.09 21:15:00";"2016.09.09 22:55:00";"30.0";"-129.00";"4614.39990";"4779.39990";"-26444.05";"0.00";"IST";"End Of Friday (Time)";"1h 40m";"-0.00"
"171";"USTEC_ICM_UTC2";"Buy";"4689.1";"4771.6";"2016.09.12 16:45:00";"2016.09.12 22:42:00";"30.0";"2475.00";"4606.60010";"4771.60010";"-23969.05";"0.00";"IST";"PT";"5h 57m";"-0.00"
"172";"USTEC_ICM_UTC2";"Buy";"4726.7";"4809.2";"2016.09.13 17:30:00";"2016.09.15 20:41:00";"30.0";"2108.76";"4644.20020";"4809.20020";"-21860.29";"0.00";"IST";"PT";"2d 3h 11m";"-366.24"
"173";"USTEC_ICM_UTC2";"Buy";"4814.6";"4817.8";"2016.09.15 20:45:00";"2016.09.16 22:55:00";"30.0";"-87.12";"4732.10010";"4897.10010";"-21947.41";"0.00";"IST";"End Of Friday (Time)";"1d 2h 10m";"-183.12"
"174";"USTEC_ICM_UTC2";"Buy";"4809.1";"4891.6";"2016.09.19 19:45:00";"2016.09.22 20:05:00";"30.0";"1925.64";"4726.60010";"4891.60010";"-20021.77";"0.00";"IST";"PT";"3d 0h 20m";"-549.36"
"175";"USTEC_ICM_UTC2";"Buy";"4895.5";"4864.7";"2016.09.22 20:15:00";"2016.09.23 22:55:00";"30.0";"-1107.12";"4813.00000";"4978.00000";"-21128.89";"0.00";"IST";"End Of Friday (Time)";"1d 2h 40m";"-183.12"
"176";"USTEC_ICM_UTC2";"Buy";"4831.9";"4885.2";"2016.09.26 16:30:00";"2016.09.30 22:55:00";"30.0";"866.52";"4749.39990";"4914.39990";"-20262.37";"0.00";"IST";"End Of Friday (Time)";"4d 6h 25m";"-732.48"
"177";"USTEC_ICM_UTC2";"Buy";"4866.9";"4867.2";"2016.10.03 16:30:00";"2016.10.07 22:55:00";"30.0";"-723.48";"4784.39990";"4949.39990";"-20985.85";"0.00";"IST";"End Of Friday (Time)";"4d 6h 25m";"-732.48"
"178";"USTEC_ICM_UTC2";"Buy";"4888.6";"4806.1";"2016.10.10 16:30:00";"2016.10.11 21:17:00";"30.0";"-2658.12";"4806.10010";"4971.10010";"-23643.97";"0.00";"IST";"SL";"1d 4h 47m";"-183.12"
"179";"USTEC_ICM_UTC2";"Buy";"4813.8";"4811.0";"2016.10.11 22:00:00";"2016.10.14 22:55:00";"30.0";"-633.36";"4731.29980";"4896.29980";"-24277.33";"0.00";"IST";"End Of Friday (Time)";"3d 0h 55m";"-549.36"
"180";"USTEC_ICM_UTC2";"Buy";"4813.5";"4851.5";"2016.10.17 17:30:00";"2016.10.21 22:55:00";"30.0";"407.52";"4731.00000";"4896.00000";"-23869.81";"0.00";"IST";"End Of Friday (Time)";"4d 5h 25m";"-732.48"
"181";"USTEC_ICM_UTC2";"Buy";"4890.9";"4808.4";"2016.10.25 19:45:00";"2016.10.28 10:00:00";"30.0";"-3024.36";"4808.39990";"4973.39990";"-26894.17";"0.00";"IST";"SL";"2d 14h 15m";"-549.36"
"182";"USTEC_ICM_UTC2";"Buy";"4829.7";"4802.8";"2016.10.28 16:45:00";"2016.10.28 22:55:00";"30.0";"-807.00";"4747.20020";"4912.20020";"-27701.17";"0.00";"IST";"End Of Friday (Time)";"6h 10m";"-0.00"
"183";"USTEC_ICM_UTC2";"Buy";"4819.2";"4736.7";"2016.10.31 16:30:00";"2016.11.01 20:09:00";"30.0";"-2658.12";"4736.70020";"4901.70020";"-30359.29";"0.00";"IST";"SL";"1d 3h 39m";"-183.12"
"184";"USTEC_ICM_UTC2";"Buy";"4735.2";"4817.7";"2016.11.01 20:15:00";"2016.11.08 19:19:00";"30.0";"1193.16";"4652.70020";"4817.70020";"-29166.13";"0.00";"IST";"PT";"6d 23h 4m";"-1281.84"
"185";"USTEC_ICM_UTC2";"Buy";"4774.9";"4857.4";"2016.11.09 18:00:00";"2016.11.10 09:12:00";"30.0";"2291.88";"4692.39990";"4857.39990";"-26874.25";"0.00";"IST";"PT";"15h 12m";"-183.12"
"186";"USTEC_ICM_UTC2";"Buy";"4710.0";"4754.0";"2016.11.10 18:00:00";"2016.11.11 22:55:00";"30.0";"1136.88";"4627.50000";"4792.50000";"-25737.37";"0.00";"IST";"End Of Friday (Time)";"1d 4h 55m";"-183.12"
"187";"USTEC_ICM_UTC2";"Buy";"4751.0";"4833.5";"2016.11.14 16:30:00";"2016.11.18 09:13:00";"30.0";"1742.52";"4668.50000";"4833.50000";"-23994.85";"0.00";"IST";"PT";"3d 16h 43m";"-732.48"
"188";"USTEC_ICM_UTC2";"Buy";"4811.6";"4809.5";"2016.11.18 19:30:00";"2016.11.18 22:55:00";"30.0";"-63.00";"4729.10010";"4894.10010";"-24057.85";"0.00";"IST";"End Of Friday (Time)";"3h 25m";"-0.00"
"189";"USTEC_ICM_UTC2";"Buy";"4837.8";"4755.3";"2016.11.21 16:45:00";"2016.12.01 17:40:00";"30.0";"-4306.20";"4755.29980";"4920.29980";"-28364.05";"0.00";"IST";"SL";"10d 0h 55m";"-1831.20"
"190";"USTEC_ICM_UTC2";"Buy";"4748.0";"4736.6";"2016.12.01 18:15:00";"2016.12.02 22:55:00";"30.0";"-525.12";"4665.50000";"4830.50000";"-28889.17";"0.00";"IST";"End Of Friday (Time)";"1d 4h 40m";"-183.12"
"191";"USTEC_ICM_UTC2";"Buy";"4778.5";"4861.0";"2016.12.06 19:15:00";"2016.12.08 16:45:00";"30.0";"2108.76";"4696.00000";"4861.00000";"-26780.41";"0.00";"IST";"PT";"1d 21h 30m";"-366.24"
"192";"USTEC_ICM_UTC2";"Buy";"4859.7";"4891.8";"2016.12.08 19:00:00";"2016.12.09 22:55:00";"30.0";"779.88";"4777.20020";"4942.20020";"-26000.53";"0.00";"IST";"End Of Friday (Time)";"1d 3h 55m";"-183.12"
"193";"USTEC_ICM_UTC2";"Buy";"4867.5";"4950.0";"2016.12.12 16:45:00";"2016.12.13 18:25:00";"30.0";"2291.88";"4785.00000";"4950.00000";"-23708.65";"0.00";"IST";"PT";"1d 1h 40m";"-183.12"
"194";"USTEC_ICM_UTC2";"Buy";"4958.5";"4915.4";"2016.12.13 19:00:00";"2016.12.16 22:55:00";"30.0";"-1842.36";"4876.00000";"5041.00000";"-25551.01";"0.00";"IST";"End Of Friday (Time)";"3d 3h 55m";"-549.36"
"195";"USTEC_ICM_UTC2";"Buy";"4927.1";"4937.4";"2016.12.19 16:45:00";"2016.12.23 22:55:00";"30.0";"-423.48";"4844.60010";"5009.60010";"-25974.49";"0.00";"IST";"End Of Friday (Time)";"4d 6h 10m";"-732.48"
"196";"USTEC_ICM_UTC2";"Buy";"4929.5";"4853.4";"2016.12.28 19:45:00";"2016.12.30 22:55:00";"30.0";"-2649.24";"4847.00000";"5012.00000";"-28623.73";"0.00";"IST";"End Of Friday (Time)";"2d 3h 10m";"-366.24"
"197";"USTEC_ICM_UTC2";"Buy";"4897.0";"4979.5";"2017.01.03 16:45:00";"2017.01.06 16:59:00";"30.0";"1925.64";"4814.50000";"4979.50000";"-26698.09";"0.00";"IST";"PT";"3d 0h 14m";"-549.36"
"198";"USTEC_ICM_UTC2";"Buy";"5048.1";"5057.8";"2017.01.10 19:30:00";"2017.01.13 22:55:00";"30.0";"-258.36";"4965.60010";"5130.60010";"-26956.45";"0.00";"IST";"End Of Friday (Time)";"3d 3h 25m";"-549.36"
"199";"USTEC_ICM_UTC2";"Buy";"5057.2";"5057.9";"2017.01.16 16:45:00";"2017.01.20 22:55:00";"30.0";"-711.48";"4974.70020";"5139.70020";"-27667.93";"0.00";"IST";"End Of Friday (Time)";"4d 6h 10m";"-732.48"
"200";"USTEC_ICM_UTC2";"Buy";"5043.6";"5126.1";"2017.01.23 18:15:00";"2017.01.25 14:53:00";"30.0";"2108.76";"4961.10010";"5126.10010";"-25559.17";"0.00";"IST";"PT";"1d 20h 38m";"-366.24"
"201";"USTEC_ICM_UTC2";"Buy";"5138.8";"5163.8";"2017.01.25 19:15:00";"2017.01.27 22:55:00";"30.0";"383.76";"5056.29980";"5221.29980";"-25175.41";"0.00";"IST";"End Of Friday (Time)";"2d 3h 40m";"-366.24"
"202";"USTEC_ICM_UTC2";"Buy";"5119.9";"5160.6";"2017.01.30 16:45:00";"2017.02.03 22:55:00";"30.0";"488.52";"5037.39990";"5202.39990";"-24686.89";"0.00";"IST";"End Of Friday (Time)";"4d 6h 10m";"-732.48"
"203";"USTEC_ICM_UTC2";"Buy";"5158.9";"5226.6";"2017.02.06 17:30:00";"2017.02.10 22:55:00";"30.0";"1298.52";"5076.39990";"5241.39990";"-23388.37";"0.00";"IST";"End Of Friday (Time)";"4d 5h 25m";"-732.48"
"204";"USTEC_ICM_UTC2";"Buy";"5260.2";"5318.6";"2017.02.14 19:45:00";"2017.02.17 22:55:00";"30.0";"1202.64";"5177.70020";"5342.70020";"-22185.73";"0.00";"IST";"End Of Friday (Time)";"3d 3h 10m";"-549.36"
"205";"USTEC_ICM_UTC2";"Buy";"5335.8";"5339.0";"2017.02.21 19:15:00";"2017.02.24 22:55:00";"30.0";"-453.36";"5253.29980";"5418.29980";"-22639.09";"0.00";"IST";"End Of Friday (Time)";"3d 3h 40m";"-549.36"
"206";"USTEC_ICM_UTC2";"Buy";"5334.6";"5371.3";"2017.02.27 17:00:00";"2017.03.03 22:55:00";"30.0";"368.52";"5252.10010";"5417.10010";"-22270.57";"0.00";"IST";"End Of Friday (Time)";"4d 5h 55m";"-732.48"
"207";"USTEC_ICM_UTC2";"Buy";"5348.2";"5384.3";"2017.03.06 16:45:00";"2017.03.10 22:55:00";"30.0";"350.52";"5265.70020";"5430.70020";"-21920.05";"0.00";"IST";"End Of Friday (Time)";"4d 6h 10m";"-732.48"
"208";"USTEC_ICM_UTC2";"Buy";"5386.2";"5442.1";"2017.03.13 16:45:00";"2017.03.31 22:55:00";"30.0";"-1619.16";"5303.70020";"5468.70020";"-23539.21";"0.00";"IST";"End Of Friday (Time)";"18d 6h 10m";"-3296.16"
"209";"USTEC_ICM_UTC2";"Buy";"5423.5";"5420.4";"2017.04.03 18:45:00";"2017.04.07 22:55:00";"30.0";"-825.48";"5341.00000";"5506.00000";"-24364.69";"0.00";"IST";"End Of Friday (Time)";"4d 4h 10m";"-732.48"
"210";"USTEC_ICM_UTC2";"Buy";"5406.1";"5441.6";"2017.04.10 19:15:00";"2017.04.21 22:55:00";"30.0";"-949.32";"5323.60010";"5488.60010";"-25314.01";"0.00";"IST";"End Of Friday (Time)";"11d 3h 40m";"-2014.32"
"211";"USTEC_ICM_UTC2";"Buy";"5544.9";"5583.6";"2017.04.25 19:00:00";"2017.04.28 22:55:00";"30.0";"611.64";"5462.39990";"5627.39990";"-24702.37";"0.00";"IST";"End Of Friday (Time)";"3d 3h 55m";"-549.36"
"212";"USTEC_ICM_UTC2";"Buy";"5643.2";"5642.8";"2017.05.02 19:15:00";"2017.05.05 22:55:00";"30.0";"-561.36";"5560.70020";"5725.70020";"-25263.73";"0.00";"IST";"End Of Friday (Time)";"3d 3h 40m";"-549.36"
"213";"USTEC_ICM_UTC2";"Buy";"5680.3";"5682.1";"2017.05.09 19:15:00";"2017.05.12 22:55:00";"30.0";"-495.36";"5597.79980";"5762.79980";"-25759.09";"0.00";"IST";"End Of Friday (Time)";"3d 3h 40m";"-549.36"
"214";"USTEC_ICM_UTC2";"Buy";"5716.4";"5633.9";"2017.05.16 19:00:00";"2017.05.17 17:54:00";"30.0";"-2658.12";"5633.89990";"5798.89990";"-28417.21";"0.00";"IST";"SL";"22h 54m";"-183.12"
"215";"USTEC_ICM_UTC2";"Buy";"5632.9";"5550.4";"2017.05.17 18:30:00";"2017.05.18 12:54:00";"30.0";"-2658.12";"5550.39990";"5715.39990";"-31075.33";"0.00";"IST";"SL";"18h 24m";"-183.12"
"216";"USTEC_ICM_UTC2";"Buy";"5611.7";"5650.2";"2017.05.18 19:30:00";"2017.05.19 22:55:00";"30.0";"971.88";"5529.20020";"5694.20020";"-30103.45";"0.00";"IST";"End Of Friday (Time)";"1d 3h 25m";"-183.12"
"217";"USTEC_ICM_UTC2";"Buy";"5693.1";"5775.6";"2017.05.23 20:00:00";"2017.05.25 18:30:00";"30.0";"2108.76";"5610.60010";"5775.60010";"-27994.69";"0.00";"IST";"PT";"1d 22h 30m";"-366.24"
"218";"USTEC_ICM_UTC2";"Buy";"5778.2";"5786.3";"2017.05.25 19:30:00";"2017.05.26 22:55:00";"30.0";"59.88";"5695.70020";"5860.70020";"-27934.81";"0.00";"IST";"End Of Friday (Time)";"1d 3h 25m";"-183.12"
"219";"USTEC_ICM_UTC2";"Buy";"5793.6";"5876.1";"2017.05.29 18:30:00";"2017.06.02 22:24:00";"30.0";"1742.52";"5711.10010";"5876.10010";"-26192.29";"0.00";"IST";"PT";"4d 3h 54m";"-732.48"
"220";"USTEC_ICM_UTC2";"Buy";"5882.8";"5800.3";"2017.06.06 18:45:00";"2017.06.09 20:11:00";"30.0";"-3024.36";"5800.29980";"5965.29980";"-29216.65";"0.00";"IST";"SL";"3d 1h 26m";"-549.36"
"221";"USTEC_ICM_UTC2";"Buy";"5794.4";"5711.9";"2017.06.09 20:15:00";"2017.06.09 21:46:00";"30.0";"-2475.00";"5711.89990";"5876.89990";"-31691.65";"0.00";"IST";"SL";"1h 31m";"-0.00"
"222";"USTEC_ICM_UTC2";"Buy";"5689.7";"5772.2";"2017.06.12 16:30:00";"2017.06.14 15:43:00";"30.0";"2108.76";"5607.20020";"5772.20020";"-29582.89";"0.00";"IST";"PT";"1d 23h 13m";"-366.24"
"223";"USTEC_ICM_UTC2";"Buy";"5764.1";"5681.6";"2017.06.14 17:45:00";"2017.06.14 22:14:00";"30.0";"-2475.00";"5681.60010";"5846.60010";"-32057.89";"0.00";"IST";"SL";"4h 29m";"-0.00"
"224";"USTEC_ICM_UTC2";"Buy";"5652.1";"5678.8";"2017.06.15 17:15:00";"2017.06.16 22:55:00";"30.0";"617.88";"5569.60010";"5734.60010";"-31440.01";"0.00";"IST";"End Of Friday (Time)";"1d 5h 40m";"-183.12"
"225";"USTEC_ICM_UTC2";"Buy";"5749.0";"5802.2";"2017.06.20 19:00:00";"2017.06.23 22:55:00";"30.0";"1046.64";"5666.50000";"5831.50000";"-30393.37";"0.00";"IST";"End Of Friday (Time)";"3d 3h 55m";"-549.36"
"226";"USTEC_ICM_UTC2";"Buy";"5784.8";"5702.3";"2017.06.26 18:45:00";"2017.06.27 20:38:00";"30.0";"-2658.12";"5702.29980";"5867.29980";"-33051.49";"0.00";"IST";"SL";"1d 1h 53m";"-183.12"
"227";"USTEC_ICM_UTC2";"Buy";"5685.0";"5602.5";"2017.06.27 21:15:00";"2017.06.29 20:28:00";"30.0";"-2841.24";"5602.50000";"5767.50000";"-35892.73";"0.00";"IST";"SL";"1d 23h 13m";"-366.24"
"228";"USTEC_ICM_UTC2";"Buy";"5621.0";"5660.1";"2017.06.29 20:45:00";"2017.06.30 22:55:00";"30.0";"989.88";"5538.50000";"5703.50000";"-34902.85";"0.00";"IST";"End Of Friday (Time)";"1d 2h 10m";"-183.12"
"229";"USTEC_ICM_UTC2";"Buy";"5664.3";"5569.7";"2017.07.03 16:45:00";"2017.07.04 09:00:00";"30.0";"-3022.02";"5581.79980";"5746.79980";"-37924.87";"0.00";"IST";"SL";"16h 15m";"-183.12"
"230";"USTEC_ICM_UTC2";"Buy";"5605.7";"5658.4";"2017.07.04 16:30:00";"2017.07.07 22:55:00";"30.0";"1031.64";"5523.20020";"5688.20020";"-36893.23";"0.00";"IST";"End Of Friday (Time)";"3d 6h 25m";"-549.36"
"231";"USTEC_ICM_UTC2";"Buy";"5692.3";"5774.8";"2017.07.11 19:00:00";"2017.07.12 21:16:00";"30.0";"2291.88";"5609.79980";"5774.79980";"-34601.35";"0.00";"IST";"PT";"1d 2h 16m";"-183.12"
"232";"USTEC_ICM_UTC2";"Buy";"5776.3";"5837.9";"2017.07.12 21:30:00";"2017.07.14 22:55:00";"30.0";"1481.76";"5693.79980";"5858.79980";"-33119.59";"0.00";"IST";"End Of Friday (Time)";"2d 1h 25m";"-366.24"
"233";"USTEC_ICM_UTC2";"Buy";"5858.3";"5915.5";"2017.07.18 19:15:00";"2017.07.21 22:55:00";"30.0";"1166.64";"5775.79980";"5940.79980";"-31952.95";"0.00";"IST";"End Of Friday (Time)";"3d 3h 40m";"-549.36"
"234";"USTEC_ICM_UTC2";"Buy";"5917.0";"5908.5";"2017.07.24 16:30:00";"2017.07.28 22:55:00";"30.0";"-987.48";"5834.50000";"5999.50000";"-32940.43";"0.00";"IST";"End Of Friday (Time)";"4d 6h 25m";"-732.48"
"235";"USTEC_ICM_UTC2";"Buy";"5878.5";"5893.5";"2017.07.31 18:00:00";"2017.08.04 22:55:00";"30.0";"-282.48";"5796.00000";"5961.00000";"-33222.91";"0.00";"IST";"End Of Friday (Time)";"4d 4h 55m";"-732.48"
"236";"USTEC_ICM_UTC2";"Buy";"5951.5";"5869.0";"2017.08.08 18:45:00";"2017.08.09 16:42:00";"30.0";"-2658.12";"5869.00000";"6034.00000";"-35881.03";"0.00";"IST";"SL";"21h 57m";"-183.12"
"237";"USTEC_ICM_UTC2";"Buy";"5896.0";"5813.5";"2017.08.09 17:45:00";"2017.08.10 19:23:00";"30.0";"-2658.12";"5813.50000";"5978.50000";"-38539.15";"0.00";"IST";"SL";"1d 1h 38m";"-183.12"
"238";"USTEC_ICM_UTC2";"Buy";"5816.8";"5830.1";"2017.08.10 20:00:00";"2017.08.11 22:55:00";"30.0";"215.88";"5734.29980";"5899.29980";"-38323.27";"0.00";"IST";"End Of Friday (Time)";"1d 2h 55m";"-183.12"
"239";"USTEC_ICM_UTC2";"Buy";"5908.1";"5825.6";"2017.08.15 19:30:00";"2017.08.17 19:57:00";"30.0";"-2841.24";"5825.60010";"5990.60010";"-41164.51";"0.00";"IST";"SL";"2d 0h 27m";"-366.24"
"240";"USTEC_ICM_UTC2";"Buy";"5828.0";"5793.9";"2017.08.17 20:30:00";"2017.08.18 22:55:00";"30.0";"-1206.12";"5745.50000";"5910.50000";"-42370.63";"0.00";"IST";"End Of Friday (Time)";"1d 2h 25m";"-183.12"
"241";"USTEC_ICM_UTC2";"Buy";"5796.6";"5826.6";"2017.08.21 16:45:00";"2017.08.25 22:55:00";"30.0";"167.52";"5714.10010";"5879.10010";"-42203.11";"0.00";"IST";"End Of Friday (Time)";"4d 6h 10m";"-732.48"
"242";"USTEC_ICM_UTC2";"Buy";"5836.5";"5919.0";"2017.08.28 17:15:00";"2017.08.30 20:11:00";"30.0";"2108.76";"5754.00000";"5919.00000";"-40094.35";"0.00";"IST";"PT";"2d 2h 56m";"-366.24"
"243";"USTEC_ICM_UTC2";"Buy";"5973.1";"5990.4";"2017.08.31 19:00:00";"2017.09.01 22:55:00";"30.0";"335.88";"5890.60010";"6055.60010";"-39758.47";"0.00";"IST";"End Of Friday (Time)";"1d 3h 55m";"-183.12"
"244";"USTEC_ICM_UTC2";"Buy";"5963.9";"5910.5";"2017.09.04 16:30:00";"2017.09.08 22:55:00";"30.0";"-2334.48";"5881.39990";"6046.39990";"-42092.95";"0.00";"IST";"End Of Friday (Time)";"4d 6h 25m";"-732.48"
"245";"USTEC_ICM_UTC2";"Buy";"5979.6";"5987.0";"2017.09.12 18:45:00";"2017.09.15 22:55:00";"30.0";"-327.36";"5897.10010";"6062.10010";"-42420.31";"0.00";"IST";"End Of Friday (Time)";"3d 4h 10m";"-549.36"
"246";"USTEC_ICM_UTC2";"Buy";"5993.5";"5911.0";"2017.09.18 16:30:00";"2017.09.22 20:16:00";"30.0";"-3207.48";"5911.00000";"6076.00000";"-45627.79";"0.00";"IST";"SL";"4d 3h 46m";"-732.48"
"247";"USTEC_ICM_UTC2";"Buy";"5921.5";"5934.2";"2017.09.22 20:45:00";"2017.09.22 22:55:00";"30.0";"381.00";"5839.00000";"6004.00000";"-45246.79";"0.00";"IST";"End Of Friday (Time)";"2h 10m";"-0.00"
"248";"USTEC_ICM_UTC2";"Buy";"5906.5";"5977.9";"2017.09.25 16:30:00";"2017.09.29 22:55:00";"30.0";"1409.52";"5824.00000";"5989.00000";"-43837.27";"0.00";"IST";"End Of Friday (Time)";"4d 6h 25m";"-732.48"
"249";"USTEC_ICM_UTC2";"Buy";"5971.4";"6053.9";"2017.10.02 19:30:00";"2017.10.05 21:57:00";"30.0";"1925.64";"5888.89990";"6053.89990";"-41911.63";"0.00";"IST";"PT";"3d 2h 27m";"-549.36"
"250";"USTEC_ICM_UTC2";"Buy";"6054.0";"6062.3";"2017.10.06 19:15:00";"2017.10.06 22:55:00";"30.0";"249.00";"5971.50000";"6136.50000";"-41662.63";"0.00";"IST";"End Of Friday (Time)";"3h 40m";"-0.00"
"251";"USTEC_ICM_UTC2";"Buy";"6055.5";"6091.6";"2017.10.09 22:45:00";"2017.10.13 22:55:00";"30.0";"350.52";"5973.00000";"6138.00000";"-41312.11";"0.00";"IST";"End Of Friday (Time)";"4d 0h 10m";"-732.48"
"252";"USTEC_ICM_UTC2";"Buy";"6105.1";"6100.8";"2017.10.16 20:30:00";"2017.10.20 22:55:00";"30.0";"-861.48";"6022.60010";"6187.60010";"-42173.59";"0.00";"IST";"End Of Friday (Time)";"4d 2h 25m";"-732.48"
"253";"USTEC_ICM_UTC2";"Buy";"6094.4";"6011.9";"2017.10.23 17:45:00";"2017.10.25 19:29:00";"30.0";"-2841.24";"6011.89990";"6176.89990";"-45014.83";"0.00";"IST";"SL";"2d 1h 44m";"-366.24"
"254";"USTEC_ICM_UTC2";"Buy";"6037.4";"6119.9";"2017.10.25 20:00:00";"2017.10.27 13:13:00";"30.0";"2108.76";"5954.89990";"6119.89990";"-42906.07";"0.00";"IST";"PT";"1d 17h 13m";"-366.24"
"255";"USTEC_ICM_UTC2";"Buy";"6246.0";"6328.5";"2017.10.31 18:45:00";"2017.11.08 18:03:00";"30.0";"1010.04";"6163.50000";"6328.50000";"-41896.03";"0.00";"IST";"PT";"7d 23h 18m";"-1464.96"
"256";"USTEC_ICM_UTC2";"Buy";"6329.5";"6247.0";"2017.11.08 19:15:00";"2017.11.09 19:32:00";"30.0";"-2658.12";"6247.00000";"6412.00000";"-44554.15";"0.00";"IST";"SL";"1d 0h 17m";"-183.12"
"257";"USTEC_ICM_UTC2";"Buy";"6264.6";"6309.6";"2017.11.09 20:00:00";"2017.11.10 22:55:00";"30.0";"1166.88";"6182.10010";"6347.10010";"-43387.27";"0.00";"IST";"End Of Friday (Time)";"1d 2h 55m";"-183.12"
"258";"USTEC_ICM_UTC2";"Buy";"6286.0";"6315.6";"2017.11.13 16:30:00";"2017.11.17 22:55:00";"30.0";"155.52";"6203.50000";"6368.50000";"-43231.75";"0.00";"IST";"End Of Friday (Time)";"4d 6h 25m";"-732.48"
"259";"USTEC_ICM_UTC2";"Buy";"6320.9";"6403.4";"2017.11.20 16:45:00";"2017.11.24 18:05:00";"30.0";"1742.52";"6238.39990";"6403.39990";"-41489.23";"0.00";"IST";"PT";"4d 1h 20m";"-732.48"
"260";"USTEC_ICM_UTC2";"Buy";"6411.9";"6329.4";"2017.11.27 16:45:00";"2017.11.29 17:22:00";"30.0";"-2841.24";"6329.39990";"6494.39990";"-44330.47";"0.00";"IST";"SL";"2d 0h 37m";"-366.24"
"261";"USTEC_ICM_UTC2";"Buy";"6317.9";"6337.8";"2017.11.29 18:00:00";"2017.12.01 22:55:00";"30.0";"230.76";"6235.39990";"6400.39990";"-44099.71";"0.00";"IST";"End Of Friday (Time)";"2d 4h 55m";"-366.24"
"262";"USTEC_ICM_UTC2";"Buy";"6309.4";"6339.2";"2017.12.04 17:45:00";"2017.12.08 22:55:00";"30.0";"161.52";"6226.89990";"6391.89990";"-43938.19";"0.00";"IST";"End Of Friday (Time)";"4d 5h 10m";"-732.48"
"263";"USTEC_ICM_UTC2";"Buy";"6365.1";"6447.6";"2017.12.11 17:15:00";"2017.12.15 19:02:00";"30.0";"1742.52";"6282.60010";"6447.60010";"-42195.67";"0.00";"IST";"PT";"4d 1h 47m";"-732.48"
"264";"USTEC_ICM_UTC2";"Buy";"6467.1";"6467.4";"2017.12.19 19:45:00";"2017.12.22 22:55:00";"30.0";"-540.36";"6384.60010";"6549.60010";"-42736.03";"0.00";"IST";"End Of Friday (Time)";"3d 3h 10m";"-549.36"
"265";"USTEC_ICM_UTC2";"Buy";"6439.0";"6399.3";"2017.12.26 16:30:00";"2017.12.29 22:55:00";"30.0";"-1740.36";"6356.50000";"6521.50000";"-44476.39";"0.00";"IST";"End Of Friday (Time)";"3d 6h 25m";"-549.36"
"266";"USTEC_ICM_UTC2";"Buy";"6432.9";"6515.4";"2018.01.02 16:30:00";"2018.01.03 09:05:00";"30.0";"2291.88";"6350.39990";"6515.39990";"-42184.51";"0.00";"IST";"PT";"16h 35m";"-183.12"
"267";"USTEC_ICM_UTC2";"Buy";"6570.0";"6652.5";"2018.01.03 19:30:00";"2018.01.05 22:50:00";"30.0";"2108.76";"6487.50000";"6652.50000";"-40075.75";"0.00";"IST";"PT";"2d 3h 20m";"-366.24"
"268";"USTEC_ICM_UTC2";"Buy";"6685.1";"6760.7";"2018.01.09 19:30:00";"2018.01.12 22:55:00";"30.0";"1718.64";"6602.60010";"6767.60010";"-38357.11";"0.00";"IST";"End Of Friday (Time)";"3d 3h 25m";"-549.36"
"269";"USTEC_ICM_UTC2";"Buy";"6789.6";"6831.0";"2018.01.16 18:45:00";"2018.01.19 22:55:00";"30.0";"692.64";"6707.10010";"6872.10010";"-37664.47";"0.00";"IST";"End Of Friday (Time)";"3d 4h 10m";"-549.36"
"270";"USTEC_ICM_UTC2";"Buy";"6837.6";"6937.0";"2018.01.22 16:45:00";"2018.01.23 09:05:00";"30.0";"2797.95";"6755.10010";"6920.10010";"-34866.52";"0.00";"IST";"PT";"16h 20m";"-183.12"
"271";"USTEC_ICM_UTC2";"Buy";"6958.0";"7014.2";"2018.01.23 19:30:00";"2018.01.26 22:55:00";"30.0";"1136.64";"6875.50000";"7040.50000";"-33729.88";"0.00";"IST";"End Of Friday (Time)";"3d 3h 25m";"-549.36"
"272";"USTEC_ICM_UTC2";"Buy";"6989.3";"6906.8";"2018.01.29 18:30:00";"2018.01.30 16:30:00";"30.0";"-2658.12";"6906.79980";"7071.79980";"-36388.00";"0.00";"IST";"SL";"22h 0m";"-183.12"
"273";"USTEC_ICM_UTC2";"Buy";"6926.7";"6844.2";"2018.01.30 16:45:00";"2018.02.02 13:35:00";"30.0";"-3024.36";"6844.20020";"7009.20020";"-39412.36";"0.00";"IST";"SL";"2d 20h 50m";"-549.36"
"274";"USTEC_ICM_UTC2";"Buy";"6859.2";"6776.7";"2018.02.02 16:45:00";"2018.02.02 22:04:00";"30.0";"-2475.00";"6776.70020";"6941.70020";"-41887.36";"0.00";"IST";"SL";"5h 19m";"-0.00"
"275";"USTEC_ICM_UTC2";"Buy";"6703.0";"6785.5";"2018.02.05 16:45:00";"2018.02.05 17:20:00";"30.0";"2475.00";"6620.50000";"6785.50000";"-39412.36";"0.00";"IST";"PT";"35m 0s";"-0.00"
"276";"USTEC_ICM_UTC2";"Buy";"6510.5";"6593.0";"2018.02.06 16:45:00";"2018.02.06 16:54:00";"30.0";"2475.00";"6428.00000";"6593.00000";"-36937.36";"0.00";"IST";"PT";"9m 0s";"-0.00"
"277";"USTEC_ICM_UTC2";"Buy";"6650.4";"6567.9";"2018.02.07 20:45:00";"2018.02.08 09:18:00";"30.0";"-2658.12";"6567.89990";"6732.89990";"-39595.48";"0.00";"IST";"SL";"12h 33m";"-183.12"
"278";"USTEC_ICM_UTC2";"Buy";"6548.7";"6466.2";"2018.02.08 17:30:00";"2018.02.08 18:22:00";"30.0";"-2475.00";"6466.20020";"6631.20020";"-42070.48";"0.00";"IST";"SL";"52m 0s";"-0.00"
"279";"USTEC_ICM_UTC2";"Buy";"6347.0";"6264.5";"2018.02.09 18:15:00";"2018.02.09 19:06:00";"30.0";"-2475.00";"6264.50000";"6429.50000";"-44545.48";"0.00";"IST";"SL";"51m 0s";"-0.00"
"280";"USTEC_ICM_UTC2";"Buy";"6524.1";"6606.6";"2018.02.13 19:00:00";"2018.02.14 17:22:00";"30.0";"2291.88";"6441.60010";"6606.60010";"-42253.60";"0.00";"IST";"PT";"22h 22m";"-183.12"
"281";"USTEC_ICM_UTC2";"Buy";"6625.3";"6716.9";"2018.02.14 19:45:00";"2018.02.15 09:05:00";"30.0";"2563.65";"6542.79980";"6707.79980";"-39689.95";"0.00";"IST";"PT";"13h 20m";"-183.12"
"282";"USTEC_ICM_UTC2";"Buy";"6747.7";"6830.2";"2018.02.15 19:45:00";"2018.02.16 09:48:00";"30.0";"2291.88";"6665.20020";"6830.20020";"-37398.07";"0.00";"IST";"PT";"14h 3m";"-183.12"
"283";"USTEC_ICM_UTC2";"Buy";"6826.1";"6785.2";"2018.02.16 19:00:00";"2018.02.16 22:55:00";"30.0";"-1227.00";"6743.60010";"6908.60010";"-38625.07";"0.00";"IST";"End Of Friday (Time)";"3h 55m";"-0.00"
"284";"USTEC_ICM_UTC2";"Buy";"6768.9";"6851.4";"2018.02.19 17:15:00";"2018.02.21 18:30:00";"30.0";"2108.76";"6686.39990";"6851.39990";"-36516.31";"0.00";"IST";"PT";"2d 1h 15m";"-366.24"
"285";"USTEC_ICM_UTC2";"Buy";"6836.8";"6724.6";"2018.02.21 20:00:00";"2018.02.22 09:05:00";"30.0";"-3550.35";"6754.29980";"6919.29980";"-40066.66";"0.00";"IST";"SL";"13h 5m";"-183.12"
"286";"USTEC_ICM_UTC2";"Buy";"6806.2";"6888.7";"2018.02.22 16:45:00";"2018.02.23 22:24:00";"30.0";"2291.88";"6723.70020";"6888.70020";"-37774.79";"0.00";"IST";"PT";"1d 5h 39m";"-183.12"
"287";"USTEC_ICM_UTC2";"Buy";"6933.0";"6850.5";"2018.02.27 19:45:00";"2018.03.01 11:54:00";"30.0";"-2841.24";"6850.50000";"7015.50000";"-40616.02";"0.00";"IST";"SL";"1d 16h 9m";"-366.24"
"288";"USTEC_ICM_UTC2";"Buy";"6815.6";"6733.1";"2018.03.01 16:45:00";"2018.03.01 20:48:00";"30.0";"-2475.00";"6733.10010";"6898.10010";"-43091.02";"0.00";"IST";"SL";"4h 3m";"-0.00"
"289";"USTEC_ICM_UTC2";"Buy";"6645.7";"6728.2";"2018.03.02 16:45:00";"2018.03.02 18:28:00";"30.0";"2475.00";"6563.20020";"6728.20020";"-40616.02";"0.00";"IST";"PT";"1h 43m";"-0.00"
"290";"USTEC_ICM_UTC2";"Buy";"6804.0";"6886.5";"2018.03.05 17:45:00";"2018.03.05 20:03:00";"30.0";"2475.00";"6721.50000";"6886.50000";"-38141.02";"0.00";"IST";"PT";"2h 18m";"-0.00"
"291";"USTEC_ICM_UTC2";"Buy";"6901.3";"6983.8";"2018.03.06 19:00:00";"2018.03.09 15:30:00";"30.0";"1925.64";"6818.79980";"6983.79980";"-36215.38";"0.00";"IST";"PT";"2d 20h 30m";"-549.36"
"292";"USTEC_ICM_UTC2";"Buy";"7069.1";"7091.0";"2018.03.09 19:15:00";"2018.03.09 22:55:00";"30.0";"657.00";"6986.60010";"7151.60010";"-35558.38";"0.00";"IST";"End Of Friday (Time)";"3h 40m";"-0.00"
"293";"USTEC_ICM_UTC2";"Buy";"7083.6";"6964.4";"2018.03.13 18:45:00";"2018.03.19 08:05:00";"30.0";"-4675.95";"7001.10010";"7166.10010";"-40234.33";"0.00";"IST";"SL";"5d 13h 20m";"-1098.72"
"294";"USTEC_ICM_UTC2";"Buy";"6902.1";"6819.6";"2018.03.19 16:45:00";"2018.03.19 18:49:00";"30.0";"-2475.00";"6819.60010";"6984.60010";"-42709.33";"0.00";"IST";"SL";"2h 4m";"-0.00"
"295";"USTEC_ICM_UTC2";"Buy";"6887.2";"6804.7";"2018.03.20 16:30:00";"2018.03.22 09:56:00";"30.0";"-2841.24";"6804.70020";"6969.70020";"-45550.57";"0.00";"IST";"SL";"1d 17h 26m";"-366.24"
"296";"USTEC_ICM_UTC2";"Buy";"6731.4";"6611.1";"2018.03.22 17:30:00";"2018.03.23 08:05:00";"30.0";"-3793.35";"6648.89990";"6813.89990";"-49343.92";"0.00";"IST";"SL";"14h 35m";"-183.12"
"297";"USTEC_ICM_UTC2";"Buy";"6688.8";"6606.3";"2018.03.23 16:45:00";"2018.03.23 19:01:00";"30.0";"-2475.00";"6606.29980";"6771.29980";"-51818.92";"0.00";"IST";"SL";"2h 16m";"-0.00"
"298";"USTEC_ICM_UTC2";"Buy";"6642.1";"6559.6";"2018.03.26 16:30:00";"2018.03.26 18:16:00";"30.0";"-2475.00";"6559.60010";"6724.60010";"-54293.92";"0.00";"IST";"SL";"1h 46m";"-0.00"
"299";"USTEC_ICM_UTC2";"Buy";"6728.2";"6645.7";"2018.03.27 20:00:00";"2018.03.27 21:04:00";"30.0";"-2475.00";"6645.70020";"6810.70020";"-56768.92";"0.00";"IST";"SL";"1h 4m";"-0.00"
"300";"USTEC_ICM_UTC2";"Buy";"6497.5";"6415.0";"2018.03.28 16:30:00";"2018.03.28 17:47:00";"30.0";"-2475.00";"6415.00000";"6580.00000";"-59243.92";"0.00";"IST";"SL";"1h 17m";"-0.00"
"301";"USTEC_ICM_UTC2";"Buy";"6474.9";"6557.4";"2018.03.29 16:45:00";"2018.03.29 18:01:00";"30.0";"2475.00";"6392.39990";"6557.39990";"-56768.92";"0.00";"IST";"PT";"1h 16m";"-0.00"
"302";"USTEC_ICM_UTC2";"Buy";"6524.7";"6442.2";"2018.04.02 16:45:00";"2018.04.02 17:36:00";"30.0";"-2475.00";"6442.20020";"6607.20020";"-59243.92";"0.00";"IST";"SL";"51m 0s";"-0.00"
"303";"USTEC_ICM_UTC2";"Buy";"6437.2";"6354.7";"2018.04.03 16:45:00";"2018.04.03 17:15:00";"30.0";"-2475.00";"6354.70020";"6519.70020";"-61718.92";"0.00";"IST";"SL";"30m 0s";"-0.00"
"304";"USTEC_ICM_UTC2";"Buy";"6376.7";"6459.2";"2018.04.04 16:45:00";"2018.04.04 18:31:00";"30.0";"2475.00";"6294.20020";"6459.20020";"-59243.92";"0.00";"IST";"PT";"1h 46m";"-0.00"
"305";"USTEC_ICM_UTC2";"Buy";"6622.2";"6510.8";"2018.04.05 18:45:00";"2018.04.06 09:05:00";"30.0";"-3526.02";"6539.70020";"6704.70020";"-62769.95";"0.00";"IST";"SL";"14h 20m";"-183.12"
"306";"USTEC_ICM_UTC2";"Buy";"6565.2";"6482.7";"2018.04.06 16:45:00";"2018.04.06 20:49:00";"30.0";"-2475.00";"6482.70020";"6647.70020";"-65244.95";"0.00";"IST";"SL";"4h 4m";"-0.00"
"307";"USTEC_ICM_UTC2";"Buy";"6485.7";"6568.2";"2018.04.09 16:30:00";"2018.04.09 18:33:00";"30.0";"2475.00";"6403.20020";"6568.20020";"-62769.95";"0.00";"IST";"PT";"2h 3m";"-0.00"
"308";"USTEC_ICM_UTC2";"Buy";"6544.6";"6627.1";"2018.04.10 16:45:00";"2018.04.10 22:09:00";"30.0";"2475.00";"6462.10010";"6627.10010";"-60294.95";"0.00";"IST";"PT";"5h 24m";"-0.00"
"309";"USTEC_ICM_UTC2";"Buy";"6624.1";"6632.4";"2018.04.11 17:30:00";"2018.04.13 22:55:00";"30.0";"-117.24";"6541.60010";"6706.60010";"-60412.18";"0.00";"IST";"End Of Friday (Time)";"2d 5h 25m";"-366.24"
"310";"USTEC_ICM_UTC2";"Buy";"6655.3";"6737.8";"2018.04.16 17:15:00";"2018.04.17 13:13:00";"30.0";"2291.88";"6572.79980";"6737.79980";"-58120.30";"0.00";"IST";"PT";"19h 58m";"-183.12"
"311";"USTEC_ICM_UTC2";"Buy";"6810.1";"6727.6";"2018.04.17 19:15:00";"2018.04.20 10:55:00";"30.0";"-3024.36";"6727.60010";"6892.60010";"-61144.66";"0.00";"IST";"SL";"2d 15h 40m";"-549.36"
"312";"USTEC_ICM_UTC2";"Buy";"6729.6";"6647.1";"2018.04.20 17:30:00";"2018.04.20 22:07:00";"30.0";"-2475.00";"6647.10010";"6812.10010";"-63619.66";"0.00";"IST";"SL";"4h 37m";"-0.00"
"313";"USTEC_ICM_UTC2";"Buy";"6678.6";"6596.1";"2018.04.23 16:45:00";"2018.04.24 17:40:00";"30.0";"-2658.12";"6596.10010";"6761.10010";"-66277.78";"0.00";"IST";"SL";"1d 0h 55m";"-183.12"
"314";"USTEC_ICM_UTC2";"Buy";"6600.3";"6517.8";"2018.04.24 18:00:00";"2018.04.24 19:37:00";"30.0";"-2475.00";"6517.79980";"6682.79980";"-68752.78";"0.00";"IST";"SL";"1h 37m";"-0.00"
"315";"USTEC_ICM_UTC2";"Buy";"6520.2";"6437.7";"2018.04.25 16:30:00";"2018.04.25 17:01:00";"30.0";"-2475.00";"6437.70020";"6602.70020";"-71227.78";"0.00";"IST";"SL";"31m 0s";"-0.00"
"316";"USTEC_ICM_UTC2";"Buy";"6622.7";"6705.2";"2018.04.26 18:45:00";"2018.04.26 23:03:00";"30.0";"2475.00";"6540.20020";"6705.20020";"-68752.78";"0.00";"IST";"PT";"4h 18m";"-0.00"
"317";"USTEC_ICM_UTC2";"Buy";"6664.2";"6659.7";"2018.04.27 19:15:00";"2018.04.27 22:55:00";"30.0";"-135.00";"6581.70020";"6746.70020";"-68887.78";"0.00";"IST";"End Of Friday (Time)";"3h 40m";"-0.00"
"318";"USTEC_ICM_UTC2";"Buy";"6688.5";"6606.0";"2018.04.30 16:45:00";"2018.04.30 19:11:00";"30.0";"-2475.00";"6606.00000";"6771.00000";"-71362.78";"0.00";"IST";"SL";"2h 26m";"-0.00"
"319";"USTEC_ICM_UTC2";"Buy";"6578.0";"6660.5";"2018.05.01 16:45:00";"2018.05.01 22:33:00";"30.0";"2475.00";"6495.50000";"6660.50000";"-68887.78";"0.00";"IST";"PT";"5h 48m";"-0.00"
"320";"USTEC_ICM_UTC2";"Buy";"6665.4";"6582.9";"2018.05.02 19:15:00";"2018.05.03 17:23:00";"30.0";"-2658.12";"6582.89990";"6747.89990";"-71545.91";"0.00";"IST";"SL";"22h 8m";"-183.12"
"321";"USTEC_ICM_UTC2";"Buy";"6568.4";"6650.9";"2018.05.03 18:15:00";"2018.05.03 20:34:00";"30.0";"2475.00";"6485.89990";"6650.89990";"-69070.91";"0.00";"IST";"PT";"2h 19m";"-0.00"
"322";"USTEC_ICM_UTC2";"Buy";"6650.4";"6732.9";"2018.05.04 16:45:00";"2018.05.04 18:01:00";"30.0";"2475.00";"6567.89990";"6732.89990";"-66595.91";"0.00";"IST";"PT";"1h 16m";"-0.00"
"323";"USTEC_ICM_UTC2";"Buy";"6787.4";"6869.9";"2018.05.08 20:00:00";"2018.05.09 19:49:00";"30.0";"2291.88";"6704.89990";"6869.89990";"-64304.02";"0.00";"IST";"PT";"23h 49m";"-183.12"
"324";"USTEC_ICM_UTC2";"Buy";"6952.7";"6944.8";"2018.05.10 19:15:00";"2018.05.11 22:55:00";"30.0";"-420.12";"6870.20020";"7035.20020";"-64724.14";"0.00";"IST";"End Of Friday (Time)";"1d 3h 40m";"-183.12"
"325";"USTEC_ICM_UTC2";"Buy";"6969.2";"6886.7";"2018.05.14 21:45:00";"2018.05.15 16:33:00";"30.0";"-2658.12";"6886.70020";"7051.70020";"-67382.27";"0.00";"IST";"SL";"18h 48m";"-183.12"
"326";"USTEC_ICM_UTC2";"Buy";"6880.9";"6869.6";"2018.05.15 17:15:00";"2018.05.18 22:55:00";"30.0";"-888.36";"6798.39990";"6963.39990";"-68270.63";"0.00";"IST";"End Of Friday (Time)";"3d 5h 40m";"-549.36"
"327";"USTEC_ICM_UTC2";"Buy";"6918.3";"6835.8";"2018.05.21 16:30:00";"2018.05.23 11:16:00";"30.0";"-2841.24";"6835.79980";"7000.79980";"-71111.87";"0.00";"IST";"SL";"1d 18h 46m";"-366.24"
"328";"USTEC_ICM_UTC2";"Buy";"6842.0";"6924.5";"2018.05.23 16:30:00";"2018.05.23 21:09:00";"30.0";"2475.00";"6759.50000";"6924.50000";"-68636.87";"0.00";"IST";"PT";"4h 39m";"-0.00"
"329";"USTEC_ICM_UTC2";"Buy";"6915.8";"6960.3";"2018.05.24 18:30:00";"2018.05.25 22:55:00";"30.0";"1151.88";"6833.29980";"6998.29980";"-67484.98";"0.00";"IST";"End Of Friday (Time)";"1d 4h 25m";"-183.12"
"330";"USTEC_ICM_UTC2";"Buy";"6980.9";"6898.4";"2018.05.28 17:30:00";"2018.05.29 11:31:00";"30.0";"-2658.12";"6898.39990";"7063.39990";"-70143.10";"0.00";"IST";"SL";"18h 1m";"-183.12"
"331";"USTEC_ICM_UTC2";"Buy";"6936.7";"7019.2";"2018.05.29 16:45:00";"2018.06.01 16:35:00";"30.0";"1925.64";"6854.20020";"7019.20020";"-68217.46";"0.00";"IST";"PT";"2d 23h 50m";"-549.36"
"332";"USTEC_ICM_UTC2";"Buy";"7071.4";"7078.0";"2018.06.01 18:45:00";"2018.06.01 22:55:00";"30.0";"198.00";"6988.89990";"7153.89990";"-68019.46";"0.00";"IST";"End Of Friday (Time)";"4h 10m";"-0.00"
"333";"USTEC_ICM_UTC2";"Buy";"7151.8";"7155.5";"2018.06.05 19:15:00";"2018.06.08 22:55:00";"30.0";"-438.36";"7069.29980";"7234.29980";"-68457.82";"0.00";"IST";"End Of Friday (Time)";"3d 3h 40m";"-549.36"
"334";"USTEC_ICM_UTC2";"Buy";"7162.6";"7245.1";"2018.06.11 18:00:00";"2018.06.13 18:03:00";"30.0";"2108.76";"7080.10010";"7245.10010";"-66349.06";"0.00";"IST";"PT";"2d 0h 3m";"-366.24"
"335";"USTEC_ICM_UTC2";"Buy";"7246.1";"7252.0";"2018.06.13 20:45:00";"2018.06.15 22:55:00";"30.0";"-189.24";"7163.60010";"7328.60010";"-66538.30";"0.00";"IST";"End Of Friday (Time)";"2d 2h 10m";"-366.24"
"336";"USTEC_ICM_UTC2";"Buy";"7245.8";"7163.3";"2018.06.18 20:15:00";"2018.06.19 09:00:00";"30.0";"-2658.12";"7163.29980";"7328.29980";"-69196.42";"0.00";"IST";"SL";"12h 45m";"-183.12"
"337";"USTEC_ICM_UTC2";"Buy";"7144.6";"7227.1";"2018.06.19 17:30:00";"2018.06.19 21:58:00";"30.0";"2475.00";"7062.10010";"7227.10010";"-66721.42";"0.00";"IST";"PT";"4h 28m";"-0.00"
"338";"USTEC_ICM_UTC2";"Buy";"7293.3";"7210.8";"2018.06.20 19:00:00";"2018.06.21 17:22:00";"30.0";"-2658.12";"7210.79980";"7375.79980";"-69379.55";"0.00";"IST";"SL";"22h 22m";"-183.12"
"339";"USTEC_ICM_UTC2";"Buy";"7241.2";"7207.5";"2018.06.21 18:00:00";"2018.06.22 22:55:00";"30.0";"-1194.12";"7158.70020";"7323.70020";"-70573.66";"0.00";"IST";"End Of Friday (Time)";"1d 4h 55m";"-183.12"
"340";"USTEC_ICM_UTC2";"Buy";"7109.0";"7026.5";"2018.06.25 16:45:00";"2018.06.25 18:34:00";"30.0";"-2475.00";"7026.50000";"7191.50000";"-73048.66";"0.00";"IST";"SL";"1h 49m";"-0.00"
"341";"USTEC_ICM_UTC2";"Buy";"7085.3";"7002.8";"2018.06.26 16:45:00";"2018.06.27 11:05:00";"30.0";"-2658.12";"7002.79980";"7167.79980";"-75706.78";"0.00";"IST";"SL";"18h 20m";"-183.12"
"342";"USTEC_ICM_UTC2";"Buy";"7090.8";"7008.3";"2018.06.27 19:00:00";"2018.06.27 20:50:00";"30.0";"-2475.00";"7008.29980";"7173.29980";"-78181.78";"0.00";"IST";"SL";"1h 50m";"-0.00"
"343";"USTEC_ICM_UTC2";"Buy";"6989.3";"7071.8";"2018.06.28 17:45:00";"2018.06.29 05:59:00";"30.0";"2291.88";"6906.79980";"7071.79980";"-75889.91";"0.00";"IST";"PT";"12h 14m";"-183.12"
"344";"USTEC_ICM_UTC2";"Buy";"7077.6";"7053.5";"2018.06.29 19:30:00";"2018.06.29 22:55:00";"30.0";"-723.00";"6995.10010";"7160.10010";"-76612.91";"0.00";"IST";"End Of Friday (Time)";"3h 25m";"-0.00"
"345";"USTEC_ICM_UTC2";"Buy";"6994.9";"7077.4";"2018.07.02 16:45:00";"2018.07.02 21:30:00";"30.0";"2475.00";"6912.39990";"7077.39990";"-74137.91";"0.00";"IST";"PT";"4h 45m";"-0.00"
"346";"USTEC_ICM_UTC2";"Buy";"7090.7";"7008.2";"2018.07.03 17:15:00";"2018.07.03 20:12:00";"30.0";"-2475.00";"7008.20020";"7173.20020";"-76612.91";"0.00";"IST";"SL";"2h 57m";"-0.00"
"347";"USTEC_ICM_UTC2";"Buy";"7017.9";"7100.4";"2018.07.04 17:30:00";"2018.07.05 22:01:00";"30.0";"2291.88";"6935.39990";"7100.39990";"-74321.02";"0.00";"IST";"PT";"1d 4h 31m";"-183.12"
"348";"USTEC_ICM_UTC2";"Buy";"7289.6";"7207.1";"2018.07.10 18:45:00";"2018.07.11 04:00:00";"30.0";"-2658.12";"7207.10010";"7372.10010";"-76979.15";"0.00";"IST";"SL";"9h 15m";"-183.12"
"349";"USTEC_ICM_UTC2";"Buy";"7239.8";"7322.3";"2018.07.11 16:45:00";"2018.07.12 17:28:00";"30.0";"2291.88";"7157.29980";"7322.29980";"-74687.27";"0.00";"IST";"PT";"1d 0h 43m";"-183.12"
"350";"USTEC_ICM_UTC2";"Buy";"7346.3";"7378.1";"2018.07.12 19:00:00";"2018.07.13 22:55:00";"30.0";"770.88";"7263.79980";"7428.79980";"-73916.38";"0.00";"IST";"End Of Friday (Time)";"1d 3h 55m";"-183.12"
"351";"USTEC_ICM_UTC2";"Buy";"7377.0";"7294.5";"2018.07.16 16:30:00";"2018.07.17 05:10:00";"30.0";"-2658.12";"7294.50000";"7459.50000";"-76574.51";"0.00";"IST";"SL";"12h 40m";"-183.12"
"352";"USTEC_ICM_UTC2";"Buy";"7314.0";"7396.5";"2018.07.17 16:45:00";"2018.07.17 19:22:00";"30.0";"2475.00";"7231.50000";"7396.50000";"-74099.51";"0.00";"IST";"PT";"2h 37m";"-0.00"
"353";"USTEC_ICM_UTC2";"Buy";"7391.8";"7345.9";"2018.07.18 19:15:00";"2018.07.20 22:55:00";"30.0";"-1743.24";"7309.29980";"7474.29980";"-75842.74";"0.00";"IST";"End Of Friday (Time)";"2d 3h 40m";"-366.24"
"354";"USTEC_ICM_UTC2";"Buy";"7317.5";"7400.0";"2018.07.23 16:45:00";"2018.07.23 23:04:00";"30.0";"2475.00";"7235.00000";"7400.00000";"-73367.74";"0.00";"IST";"PT";"6h 19m";"-0.00"
"355";"USTEC_ICM_UTC2";"Buy";"7429.3";"7511.8";"2018.07.24 18:45:00";"2018.07.25 22:50:00";"30.0";"2291.88";"7346.79980";"7511.79980";"-71075.87";"0.00";"IST";"PT";"1d 4h 5m";"-183.12"
"356";"USTEC_ICM_UTC2";"Buy";"7405.8";"7323.3";"2018.07.26 16:30:00";"2018.07.27 19:32:00";"30.0";"-2658.12";"7323.29980";"7488.29980";"-73733.98";"0.00";"IST";"SL";"1d 3h 2m";"-183.12"
"357";"USTEC_ICM_UTC2";"Buy";"7280.9";"7295.9";"2018.07.27 20:30:00";"2018.07.27 22:55:00";"30.0";"450.00";"7198.39990";"7363.39990";"-73283.98";"0.00";"IST";"End Of Friday (Time)";"2h 25m";"-0.00"
"358";"USTEC_ICM_UTC2";"Buy";"7295.7";"7213.2";"2018.07.30 16:30:00";"2018.07.30 16:45:00";"30.0";"-2475.00";"7213.20020";"7378.20020";"-75758.98";"0.00";"IST";"SL";"15m 0s";"-0.00"
"359";"USTEC_ICM_UTC2";"Buy";"7217.2";"7299.7";"2018.07.31 16:30:00";"2018.08.02 17:38:00";"30.0";"2108.76";"7134.70020";"7299.70020";"-73650.23";"0.00";"IST";"PT";"2d 1h 8m";"-366.24"
"360";"USTEC_ICM_UTC2";"Buy";"7308.3";"7390.8";"2018.08.02 18:30:00";"2018.08.03 14:15:00";"30.0";"2291.88";"7225.79980";"7390.79980";"-71358.34";"0.00";"IST";"PT";"19h 45m";"-183.12"
"361";"USTEC_ICM_UTC2";"Buy";"7378.8";"7391.5";"2018.08.03 19:30:00";"2018.08.03 22:55:00";"30.0";"381.00";"7296.29980";"7461.29980";"-70977.34";"0.00";"IST";"End Of Friday (Time)";"3h 25m";"-0.00"
"362";"USTEC_ICM_UTC2";"Buy";"7414.5";"7497.0";"2018.08.06 18:45:00";"2018.08.09 20:50:00";"30.0";"1925.64";"7332.00000";"7497.00000";"-69051.70";"0.00";"IST";"PT";"3d 2h 5m";"-549.36"
"363";"USTEC_ICM_UTC2";"Buy";"7436.7";"7408.6";"2018.08.10 16:45:00";"2018.08.10 22:55:00";"30.0";"-843.00";"7354.20020";"7519.20020";"-69894.70";"0.00";"IST";"End Of Friday (Time)";"6h 10m";"-0.00"
"364";"USTEC_ICM_UTC2";"Buy";"7435.9";"7353.4";"2018.08.13 16:45:00";"2018.08.15 17:00:00";"30.0";"-2841.24";"7353.39990";"7518.39990";"-72735.95";"0.00";"IST";"SL";"2d 0h 15m";"-366.24"
"365";"USTEC_ICM_UTC2";"Buy";"7328.4";"7410.9";"2018.08.15 17:45:00";"2018.08.16 13:06:00";"30.0";"2291.88";"7245.89990";"7410.89990";"-70444.06";"0.00";"IST";"PT";"19h 21m";"-183.12"
"366";"USTEC_ICM_UTC2";"Buy";"7406.3";"7323.8";"2018.08.16 16:30:00";"2018.08.17 17:12:00";"30.0";"-2658.12";"7323.79980";"7488.79980";"-73102.19";"0.00";"IST";"SL";"1d 0h 42m";"-183.12"
"367";"USTEC_ICM_UTC2";"Buy";"7318.5";"7381.5";"2018.08.17 17:45:00";"2018.08.17 22:55:00";"30.0";"1890.00";"7236.00000";"7401.00000";"-71212.19";"0.00";"IST";"End Of Friday (Time)";"5h 10m";"-0.00"
"368";"USTEC_ICM_UTC2";"Buy";"7349.4";"7431.9";"2018.08.20 17:45:00";"2018.08.21 19:02:00";"30.0";"2291.88";"7266.89990";"7431.89990";"-68920.30";"0.00";"IST";"PT";"1d 1h 17m";"-183.12"
"369";"USTEC_ICM_UTC2";"Buy";"7403.0";"7485.5";"2018.08.21 22:30:00";"2018.08.24 17:48:00";"30.0";"1925.64";"7320.50000";"7485.50000";"-66994.66";"0.00";"IST";"PT";"2d 19h 18m";"-549.36"
"370";"USTEC_ICM_UTC2";"Buy";"7483.1";"7487.2";"2018.08.24 18:45:00";"2018.08.24 22:55:00";"30.0";"123.00";"7400.60010";"7565.60010";"-66871.66";"0.00";"IST";"End Of Friday (Time)";"4h 10m";"-0.00"
"371";"USTEC_ICM_UTC2";"Buy";"7569.1";"7651.6";"2018.08.28 19:15:00";"2018.08.29 22:00:00";"30.0";"2291.88";"7486.60010";"7651.60010";"-64579.79";"0.00";"IST";"PT";"1d 2h 45m";"-183.12"
"372";"USTEC_ICM_UTC2";"Buy";"7660.7";"7656.4";"2018.08.29 22:15:00";"2018.08.31 22:55:00";"30.0";"-495.24";"7578.20020";"7743.20020";"-65075.03";"0.00";"IST";"End Of Friday (Time)";"2d 0h 40m";"-366.24"
"373";"USTEC_ICM_UTC2";"Buy";"7663.9";"7581.4";"2018.09.03 16:30:00";"2018.09.04 16:42:00";"30.0";"-2658.12";"7581.39990";"7746.39990";"-67733.15";"0.00";"IST";"SL";"1d 0h 12m";"-183.12"
"374";"USTEC_ICM_UTC2";"Buy";"7622.4";"7539.9";"2018.09.04 17:15:00";"2018.09.05 17:02:00";"30.0";"-2658.12";"7539.89990";"7704.89990";"-70391.27";"0.00";"IST";"SL";"23h 47m";"-183.12"
"375";"USTEC_ICM_UTC2";"Buy";"7528.2";"7445.7";"2018.09.05 18:00:00";"2018.09.06 17:38:00";"30.0";"-2658.12";"7445.70020";"7610.70020";"-73049.38";"0.00";"IST";"SL";"23h 38m";"-183.12"
"376";"USTEC_ICM_UTC2";"Buy";"7449.6";"7426.2";"2018.09.06 17:45:00";"2018.09.07 22:55:00";"30.0";"-885.12";"7367.10010";"7532.10010";"-73934.51";"0.00";"IST";"End Of Friday (Time)";"1d 5h 10m";"-183.12"
"377";"USTEC_ICM_UTC2";"Buy";"7444.6";"7527.1";"2018.09.10 16:45:00";"2018.09.12 10:49:00";"30.0";"2108.76";"7362.10010";"7527.10010";"-71825.75";"0.00";"IST";"PT";"1d 18h 4m";"-366.24"
"378";"USTEC_ICM_UTC2";"Buy";"7471.5";"7554.0";"2018.09.12 18:15:00";"2018.09.13 16:37:00";"30.0";"2291.88";"7389.00000";"7554.00000";"-69533.87";"0.00";"IST";"PT";"22h 22m";"-183.12"
"379";"USTEC_ICM_UTC2";"Buy";"7572.8";"7549.9";"2018.09.13 19:00:00";"2018.09.14 22:55:00";"30.0";"-870.12";"7490.29980";"7655.29980";"-70403.98";"0.00";"IST";"End Of Friday (Time)";"1d 3h 55m";"-183.12"
"380";"USTEC_ICM_UTC2";"Buy";"7475.7";"7393.2";"2018.09.17 17:15:00";"2018.09.18 02:49:00";"30.0";"-2658.12";"7393.20020";"7558.20020";"-73062.11";"0.00";"IST";"SL";"9h 34m";"-183.12"
"381";"USTEC_ICM_UTC2";"Buy";"7483.1";"7565.6";"2018.09.18 16:45:00";"2018.09.20 17:02:00";"30.0";"2108.76";"7400.60010";"7565.60010";"-70953.34";"0.00";"IST";"PT";"2d 0h 17m";"-366.24"
"382";"USTEC_ICM_UTC2";"Buy";"7577.7";"7533.3";"2018.09.20 18:45:00";"2018.09.21 22:55:00";"30.0";"-1515.12";"7495.20020";"7660.20020";"-72468.47";"0.00";"IST";"End Of Friday (Time)";"1d 4h 10m";"-183.12"
"383";"USTEC_ICM_UTC2";"Buy";"7483.5";"7566.0";"2018.09.24 16:45:00";"2018.09.25 13:34:00";"30.0";"2291.88";"7401.00000";"7566.00000";"-70176.59";"0.00";"IST";"PT";"20h 49m";"-183.12"
"384";"USTEC_ICM_UTC2";"Buy";"7541.6";"7624.1";"2018.09.25 16:45:00";"2018.09.26 21:04:00";"30.0";"2291.88";"7459.10010";"7624.10010";"-67884.70";"0.00";"IST";"PT";"1d 4h 19m";"-183.12"
"385";"USTEC_ICM_UTC2";"Buy";"7621.9";"7621.6";"2018.09.26 21:15:00";"2018.09.28 22:55:00";"30.0";"-375.24";"7539.39990";"7704.39990";"-68259.95";"0.00";"IST";"End Of Friday (Time)";"2d 1h 40m";"-366.24"
"386";"USTEC_ICM_UTC2";"Buy";"7629.3";"7546.8";"2018.10.02 16:45:00";"2018.10.04 17:01:00";"30.0";"-2841.24";"7546.79980";"7711.79980";"-71101.19";"0.00";"IST";"SL";"2d 0h 16m";"-366.24"
"387";"USTEC_ICM_UTC2";"Buy";"7516.6";"7434.1";"2018.10.04 18:00:00";"2018.10.04 21:20:00";"30.0";"-2475.00";"7434.10010";"7599.10010";"-73576.19";"0.00";"IST";"SL";"3h 20m";"-0.00"
"388";"USTEC_ICM_UTC2";"Buy";"7502.3";"7419.8";"2018.10.05 16:45:00";"2018.10.05 18:10:00";"30.0";"-2475.00";"7419.79980";"7584.79980";"-76051.19";"0.00";"IST";"SL";"1h 25m";"-0.00"
"389";"USTEC_ICM_UTC2";"Buy";"7381.1";"7298.6";"2018.10.08 16:45:00";"2018.10.08 18:40:00";"30.0";"-2475.00";"7298.60010";"7463.60010";"-78526.19";"0.00";"IST";"SL";"1h 55m";"-0.00"
"390";"USTEC_ICM_UTC2";"Buy";"7358.0";"7275.5";"2018.10.09 16:30:00";"2018.10.10 16:47:00";"30.0";"-2658.12";"7275.50000";"7440.50000";"-81184.30";"0.00";"IST";"SL";"1d 0h 17m";"-183.12"
"391";"USTEC_ICM_UTC2";"Buy";"7244.8";"7162.3";"2018.10.10 17:30:00";"2018.10.10 21:41:00";"30.0";"-2475.00";"7162.29980";"7327.29980";"-83659.30";"0.00";"IST";"SL";"4h 11m";"-0.00"
"392";"USTEC_ICM_UTC2";"Buy";"7041.9";"6959.4";"2018.10.11 17:45:00";"2018.10.11 18:12:00";"30.0";"-2475.00";"6959.39990";"7124.39990";"-86134.30";"0.00";"IST";"SL";"27m 0s";"-0.00"
"393";"USTEC_ICM_UTC2";"Buy";"7141.0";"7058.5";"2018.10.12 17:45:00";"2018.10.12 19:27:00";"30.0";"-2475.00";"7058.50000";"7223.50000";"-88609.30";"0.00";"IST";"SL";"1h 42m";"-0.00"
"394";"USTEC_ICM_UTC2";"Buy";"7103.2";"7185.7";"2018.10.15 16:45:00";"2018.10.16 18:13:00";"30.0";"2291.88";"7020.70020";"7185.70020";"-86317.43";"0.00";"IST";"PT";"1d 1h 28m";"-183.12"
"395";"USTEC_ICM_UTC2";"Buy";"7219.6";"7302.1";"2018.10.16 19:45:00";"2018.10.16 23:03:00";"30.0";"2475.00";"7137.10010";"7302.10010";"-83842.43";"0.00";"IST";"PT";"3h 18m";"-0.00"
"396";"USTEC_ICM_UTC2";"Buy";"7270.2";"7187.7";"2018.10.17 19:30:00";"2018.10.18 18:20:00";"30.0";"-2658.12";"7187.70020";"7352.70020";"-86500.55";"0.00";"IST";"SL";"22h 50m";"-183.12"
"397";"USTEC_ICM_UTC2";"Buy";"7131.1";"7213.6";"2018.10.18 19:15:00";"2018.10.19 16:45:00";"30.0";"2291.88";"7048.60010";"7213.60010";"-84208.66";"0.00";"IST";"PT";"21h 30m";"-183.12"
"398";"USTEC_ICM_UTC2";"Buy";"7200.0";"7117.5";"2018.10.19 18:15:00";"2018.10.19 19:24:00";"30.0";"-2475.00";"7117.50000";"7282.50000";"-86683.66";"0.00";"IST";"SL";"1h 9m";"-0.00"
"399";"USTEC_ICM_UTC2";"Buy";"7144.9";"7062.4";"2018.10.22 16:30:00";"2018.10.23 08:50:00";"30.0";"-2658.12";"7062.39990";"7227.39990";"-89341.79";"0.00";"IST";"SL";"16h 20m";"-183.12"
"400";"USTEC_ICM_UTC2";"Buy";"7008.7";"7091.2";"2018.10.23 16:45:00";"2018.10.23 21:16:00";"30.0";"2475.00";"6926.20020";"7091.20020";"-86866.79";"0.00";"IST";"PT";"4h 31m";"-0.00"
"401";"USTEC_ICM_UTC2";"Buy";"7040.8";"6958.3";"2018.10.24 19:00:00";"2018.10.24 20:09:00";"30.0";"-2475.00";"6958.29980";"7123.29980";"-89341.79";"0.00";"IST";"SL";"1h 9m";"-0.00"
"402";"USTEC_ICM_UTC2";"Buy";"6896.7";"6979.2";"2018.10.25 16:30:00";"2018.10.25 17:04:00";"30.0";"2475.00";"6814.20020";"6979.20020";"-86866.79";"0.00";"IST";"PT";"34m 0s";"-0.00"
"403";"USTEC_ICM_UTC2";"Buy";"6861.2";"6778.7";"2018.10.26 16:45:00";"2018.10.26 17:07:00";"30.0";"-2475.00";"6778.70020";"6943.70020";"-89341.79";"0.00";"IST";"SL";"22m 0s";"-0.00"
"404";"USTEC_ICM_UTC2";"Buy";"6825.8";"6743.3";"2018.10.29 18:45:00";"2018.10.29 20:33:00";"30.0";"-2475.00";"6743.29980";"6908.29980";"-91816.79";"0.00";"IST";"SL";"1h 48m";"-0.00"
"405";"USTEC_ICM_UTC2";"Buy";"6719.3";"6801.8";"2018.10.30 17:15:00";"2018.10.30 17:50:00";"30.0";"2475.00";"6636.79980";"6801.79980";"-89341.79";"0.00";"IST";"PT";"35m 0s";"-0.00"
"406";"USTEC_ICM_UTC2";"Buy";"7002.1";"7084.6";"2018.10.31 20:00:00";"2018.11.02 07:04:00";"30.0";"2108.76";"6919.60010";"7084.60010";"-87233.02";"0.00";"IST";"PT";"1d 11h 4m";"-366.24"
"407";"USTEC_ICM_UTC2";"Buy";"6990.0";"6907.5";"2018.11.02 17:00:00";"2018.11.02 19:05:00";"30.0";"-2475.00";"6907.50000";"7072.50000";"-89708.02";"0.00";"IST";"SL";"2h 5m";"-0.00"
"408";"USTEC_ICM_UTC2";"Buy";"6962.8";"6880.3";"2018.11.05 16:30:00";"2018.11.05 17:03:00";"30.0";"-2475.00";"6880.29980";"7045.29980";"-92183.02";"0.00";"IST";"SL";"33m 0s";"-0.00"
"409";"USTEC_ICM_UTC2";"Buy";"6965.8";"7048.3";"2018.11.06 18:30:00";"2018.11.07 03:32:00";"30.0";"2291.88";"6883.29980";"7048.29980";"-89891.15";"0.00";"IST";"PT";"9h 2m";"-183.12"
"410";"USTEC_ICM_UTC2";"Buy";"7173.2";"7090.7";"2018.11.07 19:00:00";"2018.11.09 13:35:00";"30.0";"-2841.24";"7090.70020";"7255.70020";"-92732.39";"0.00";"IST";"SL";"1d 18h 35m";"-366.24"
"411";"USTEC_ICM_UTC2";"Buy";"7069.9";"6987.4";"2018.11.09 16:45:00";"2018.11.09 21:13:00";"30.0";"-2475.00";"6987.39990";"7152.39990";"-95207.39";"0.00";"IST";"SL";"4h 28m";"-0.00"
"412";"USTEC_ICM_UTC2";"Buy";"6921.1";"6838.6";"2018.11.12 17:30:00";"2018.11.12 18:15:00";"30.0";"-2475.00";"6838.60010";"7003.60010";"-97682.39";"0.00";"IST";"SL";"45m 0s";"-0.00"
"413";"USTEC_ICM_UTC2";"Buy";"6876.0";"6793.5";"2018.11.13 16:45:00";"2018.11.14 10:22:00";"30.0";"-2658.12";"6793.50000";"6958.50000";"-100340.51";"0.00";"IST";"SL";"17h 37m";"-183.12"
"414";"USTEC_ICM_UTC2";"Buy";"6891.8";"6809.3";"2018.11.14 16:30:00";"2018.11.14 18:02:00";"30.0";"-2475.00";"6809.29980";"6974.29980";"-102815.51";"0.00";"IST";"SL";"1h 32m";"-0.00"
"415";"USTEC_ICM_UTC2";"Buy";"6796.1";"6713.6";"2018.11.15 16:45:00";"2018.11.15 17:34:00";"30.0";"-2475.00";"6713.60010";"6878.60010";"-105290.51";"0.00";"IST";"SL";"49m 0s";"-0.00"
"416";"USTEC_ICM_UTC2";"Buy";"6858.5";"6874.8";"2018.11.16 17:00:00";"2018.11.16 22:55:00";"30.0";"489.00";"6776.00000";"6941.00000";"-104801.51";"0.00";"IST";"End Of Friday (Time)";"5h 55m";"-0.00"
"417";"USTEC_ICM_UTC2";"Buy";"6833.5";"6751.0";"2018.11.19 16:30:00";"2018.11.19 17:07:00";"30.0";"-2475.00";"6751.00000";"6916.00000";"-107276.51";"0.00";"IST";"SL";"37m 0s";"-0.00"
"418";"USTEC_ICM_UTC2";"Buy";"6541.1";"6458.6";"2018.11.20 16:45:00";"2018.11.20 17:12:00";"30.0";"-2475.00";"6458.60010";"6623.60010";"-109751.51";"0.00";"IST";"SL";"27m 0s";"-0.00"
"419";"USTEC_ICM_UTC2";"Buy";"6586.3";"6503.8";"2018.11.21 17:15:00";"2018.11.22 18:00:00";"30.0";"-2658.12";"6503.79980";"6668.79980";"-112409.63";"0.00";"IST";"SL";"1d 0h 45m";"-183.12"
"420";"USTEC_ICM_UTC2";"Buy";"6515.0";"6597.5";"2018.11.22 18:30:00";"2018.11.26 10:00:00";"30.0";"1742.52";"6432.50000";"6597.50000";"-110667.11";"0.00";"IST";"PT";"3d 15h 30m";"-732.48"
"421";"USTEC_ICM_UTC2";"Buy";"6701.6";"6784.1";"2018.11.27 19:00:00";"2018.11.28 19:03:00";"30.0";"2291.88";"6619.10010";"6784.10010";"-108375.23";"0.00";"IST";"PT";"1d 0h 3m";"-183.12"
"422";"USTEC_ICM_UTC2";"Buy";"6895.6";"6925.4";"2018.11.29 19:45:00";"2018.11.30 22:55:00";"30.0";"710.88";"6813.10010";"6978.10010";"-107664.34";"0.00";"IST";"End Of Friday (Time)";"1d 3h 10m";"-183.12"
"423";"USTEC_ICM_UTC2";"Buy";"6883.1";"6800.6";"2018.12.04 20:00:00";"2018.12.04 22:33:00";"30.0";"-2475.00";"6800.60010";"6965.60010";"-110139.34";"0.00";"IST";"SL";"2h 33m";"-0.00"
"424";"USTEC_ICM_UTC2";"Buy";"6715.0";"6632.5";"2018.12.06 16:45:00";"2018.12.06 18:27:00";"30.0";"-2475.00";"6632.50000";"6797.50000";"-112614.34";"0.00";"IST";"SL";"1h 42m";"-0.00"
"425";"USTEC_ICM_UTC2";"Buy";"6831.6";"6749.1";"2018.12.07 16:45:00";"2018.12.07 17:24:00";"30.0";"-2475.00";"6749.10010";"6914.10010";"-115089.34";"0.00";"IST";"SL";"39m 0s";"-0.00"
"426";"USTEC_ICM_UTC2";"Buy";"6666.0";"6583.5";"2018.12.10 16:45:00";"2018.12.10 16:53:00";"30.0";"-2475.00";"6583.50000";"6748.50000";"-117564.34";"0.00";"IST";"SL";"8m 0s";"-0.00"
"427";"USTEC_ICM_UTC2";"Buy";"6783.9";"6701.4";"2018.12.11 17:30:00";"2018.12.11 19:10:00";"30.0";"-2475.00";"6701.39990";"6866.39990";"-120039.34";"0.00";"IST";"SL";"1h 40m";"-0.00"
"428";"USTEC_ICM_UTC2";"Buy";"6807.3";"6724.8";"2018.12.12 17:00:00";"2018.12.13 19:26:00";"30.0";"-2658.12";"6724.79980";"6889.79980";"-122697.47";"0.00";"IST";"SL";"1d 2h 26m";"-183.12"
"429";"USTEC_ICM_UTC2";"Buy";"6748.9";"6666.4";"2018.12.13 19:45:00";"2018.12.14 10:35:00";"30.0";"-2658.12";"6666.39990";"6831.39990";"-125355.59";"0.00";"IST";"SL";"14h 50m";"-183.12"
"430";"USTEC_ICM_UTC2";"Buy";"6684.9";"6602.4";"2018.12.14 16:30:00";"2018.12.14 21:44:00";"30.0";"-2475.00";"6602.39990";"6767.39990";"-127830.59";"0.00";"IST";"SL";"5h 14m";"-0.00"
"431";"USTEC_ICM_UTC2";"Buy";"6566.7";"6484.2";"2018.12.17 17:15:00";"2018.12.17 21:03:00";"30.0";"-2475.00";"6484.20020";"6649.20020";"-130305.59";"0.00";"IST";"SL";"3h 48m";"-0.00"
"432";"USTEC_ICM_UTC2";"Buy";"6498.6";"6416.1";"2018.12.18 16:30:00";"2018.12.19 21:44:00";"30.0";"-2658.12";"6416.10010";"6581.10010";"-132963.70";"0.00";"IST";"SL";"1d 5h 14m";"-183.12"
"433";"USTEC_ICM_UTC2";"Buy";"6417.9";"6335.4";"2018.12.19 21:45:00";"2018.12.19 22:02:00";"30.0";"-2475.00";"6335.39990";"6500.39990";"-135438.70";"0.00";"IST";"SL";"17m 0s";"-0.00"
"434";"USTEC_ICM_UTC2";"Buy";"6315.3";"6232.8";"2018.12.20 16:30:00";"2018.12.20 18:46:00";"30.0";"-2475.00";"6232.79980";"6397.79980";"-137913.70";"0.00";"IST";"SL";"2h 16m";"-0.00"
"435";"USTEC_ICM_UTC2";"Buy";"6277.3";"6194.8";"2018.12.21 17:15:00";"2018.12.21 18:07:00";"30.0";"-2475.00";"6194.79980";"6359.79980";"-140388.70";"0.00";"IST";"SL";"52m 0s";"-0.00"
"436";"USTEC_ICM_UTC2";"Buy";"6002.1";"5919.6";"2018.12.24 16:30:00";"2018.12.24 19:56:00";"30.0";"-2475.00";"5919.60010";"6084.60010";"-142863.70";"0.00";"IST";"SL";"3h 26m";"-0.00"
"437";"USTEC_ICM_UTC2";"Buy";"5955.5";"6038.0";"2018.12.26 16:30:00";"2018.12.26 18:57:00";"30.0";"2475.00";"5873.00000";"6038.00000";"-140388.70";"0.00";"IST";"PT";"2h 27m";"-0.00"
"438";"USTEC_ICM_UTC2";"Buy";"6174.2";"6091.7";"2018.12.27 16:45:00";"2018.12.27 17:30:00";"30.0";"-2475.00";"6091.70020";"6256.70020";"-142863.70";"0.00";"IST";"SL";"45m 0s";"-0.00"
"439";"USTEC_ICM_UTC2";"Buy";"6262.8";"6345.3";"2018.12.28 18:00:00";"2018.12.28 21:12:00";"30.0";"2475.00";"6180.29980";"6345.29980";"-140388.70";"0.00";"IST";"PT";"3h 12m";"-0.00"
"440";"USTEC_ICM_UTC2";"Buy";"6349.9";"6267.4";"2018.12.31 16:45:00";"2019.01.02 06:03:00";"30.0";"-2841.24";"6267.39990";"6432.39990";"-143229.95";"0.00";"IST";"SL";"1d 13h 18m";"-366.24"
"441";"USTEC_ICM_UTC2";"Buy";"6317.0";"6221.8";"2019.01.02 18:00:00";"2019.01.03 01:00:00";"30.0";"-3040.02";"6234.50000";"6399.50000";"-146269.97";"0.00";"IST";"SL";"7h 0m";"-183.12"
"442";"USTEC_ICM_UTC2";"Buy";"6264.9";"6182.4";"2019.01.03 16:30:00";"2019.01.03 17:16:00";"30.0";"-2475.00";"6182.39990";"6347.39990";"-148744.97";"0.00";"IST";"SL";"46m 0s";"-0.00"
"443";"USTEC_ICM_UTC2";"Buy";"6248.4";"6330.9";"2019.01.04 16:30:00";"2019.01.04 17:24:00";"30.0";"2475.00";"6165.89990";"6330.89990";"-146269.97";"0.00";"IST";"PT";"54m 0s";"-0.00"
"444";"USTEC_ICM_UTC2";"Buy";"6508.6";"6591.1";"2019.01.08 19:00:00";"2019.01.09 04:39:00";"30.0";"2291.88";"6426.10010";"6591.10010";"-143978.09";"0.00";"IST";"PT";"9h 39m";"-183.12"
"445";"USTEC_ICM_UTC2";"Buy";"6583.0";"6601.4";"2019.01.09 16:45:00";"2019.01.11 22:55:00";"30.0";"185.76";"6500.50000";"6665.50000";"-143792.33";"0.00";"IST";"End Of Friday (Time)";"2d 6h 10m";"-366.24"
"446";"USTEC_ICM_UTC2";"Buy";"6531.1";"6613.6";"2019.01.14 16:45:00";"2019.01.15 16:36:00";"30.0";"2291.88";"6448.60010";"6613.60010";"-141500.45";"0.00";"IST";"PT";"23h 51m";"-183.12"
"447";"USTEC_ICM_UTC2";"Buy";"6650.0";"6732.5";"2019.01.15 18:45:00";"2019.01.17 21:45:00";"30.0";"2108.76";"6567.50000";"6732.50000";"-139391.69";"0.00";"IST";"PT";"2d 3h 0m";"-366.24"
"448";"USTEC_ICM_UTC2";"Buy";"6810.1";"6768.6";"2019.01.18 19:15:00";"2019.01.18 22:55:00";"30.0";"-1245.00";"6727.60010";"6892.60010";"-140636.69";"0.00";"IST";"End Of Friday (Time)";"3h 40m";"-0.00"
"449";"USTEC_ICM_UTC2";"Buy";"6734.8";"6652.3";"2019.01.21 16:45:00";"2019.01.22 20:07:00";"30.0";"-2658.12";"6652.29980";"6817.29980";"-143294.81";"0.00";"IST";"SL";"1d 3h 22m";"-183.12"
"450";"USTEC_ICM_UTC2";"Buy";"6646.0";"6728.5";"2019.01.22 20:45:00";"2019.01.25 05:40:00";"30.0";"1925.64";"6563.50000";"6728.50000";"-141369.17";"0.00";"IST";"PT";"2d 8h 55m";"-549.36"
"451";"USTEC_ICM_UTC2";"Buy";"6788.4";"6778.4";"2019.01.25 18:45:00";"2019.01.25 22:55:00";"30.0";"-300.00";"6705.89990";"6870.89990";"-141669.17";"0.00";"IST";"End Of Friday (Time)";"4h 10m";"-0.00"
"452";"USTEC_ICM_UTC2";"Buy";"6672.6";"6755.1";"2019.01.28 16:45:00";"2019.01.30 21:00:00";"30.0";"2108.76";"6590.10010";"6755.10010";"-139560.41";"0.00";"IST";"PT";"2d 4h 15m";"-366.24"
"453";"USTEC_ICM_UTC2";"Buy";"6915.4";"6870.9";"2019.01.31 18:45:00";"2019.02.01 22:55:00";"30.0";"-1518.12";"6832.89990";"6997.89990";"-141078.53";"0.00";"IST";"End Of Friday (Time)";"1d 4h 10m";"-183.12"
"454";"USTEC_ICM_UTC2";"Buy";"7014.6";"6932.1";"2019.02.05 18:45:00";"2019.02.07 16:30:00";"30.0";"-2841.24";"6932.10010";"7097.10010";"-143919.77";"0.00";"IST";"SL";"1d 21h 45m";"-366.24"
"455";"USTEC_ICM_UTC2";"Buy";"6935.6";"6853.1";"2019.02.07 17:15:00";"2019.02.07 19:04:00";"30.0";"-2475.00";"6853.10010";"7018.10010";"-146394.77";"0.00";"IST";"SL";"1h 49m";"-0.00"
"456";"USTEC_ICM_UTC2";"Buy";"6859.9";"6893.8";"2019.02.08 16:45:00";"2019.02.08 22:55:00";"30.0";"1017.00";"6777.39990";"6942.39990";"-145377.77";"0.00";"IST";"End Of Friday (Time)";"6h 10m";"-0.00"
"457";"USTEC_ICM_UTC2";"Buy";"7005.9";"7044.3";"2019.02.12 20:30:00";"2019.02.15 22:55:00";"30.0";"602.64";"6923.39990";"7088.39990";"-144775.13";"0.00";"IST";"End Of Friday (Time)";"3d 2h 25m";"-549.36"
"458";"USTEC_ICM_UTC2";"Buy";"7062.1";"7076.1";"2019.02.18 16:30:00";"2019.02.22 22:55:00";"30.0";"-312.48";"6979.60010";"7144.60010";"-145087.61";"0.00";"IST";"End Of Friday (Time)";"4d 6h 25m";"-732.48"
"459";"USTEC_ICM_UTC2";"Buy";"7116.9";"7149.2";"2019.02.26 19:30:00";"2019.03.01 22:55:00";"30.0";"419.64";"7034.39990";"7199.39990";"-144667.97";"0.00";"IST";"End Of Friday (Time)";"3d 3h 25m";"-549.36"
"460";"USTEC_ICM_UTC2";"Buy";"7096.1";"7013.6";"2019.03.04 19:15:00";"2019.03.07 21:41:00";"30.0";"-3024.36";"7013.60010";"7178.60010";"-147692.33";"0.00";"IST";"SL";"3d 2h 26m";"-549.36"
"461";"USTEC_ICM_UTC2";"Buy";"7021.1";"6938.6";"2019.03.07 21:45:00";"2019.03.08 16:07:00";"30.0";"-2658.12";"6938.60010";"7103.60010";"-150350.45";"0.00";"IST";"SL";"18h 22m";"-183.12"
"462";"USTEC_ICM_UTC2";"Buy";"6947.6";"7010.4";"2019.03.08 16:30:00";"2019.03.08 22:55:00";"30.0";"1884.00";"6865.10010";"7030.10010";"-148466.45";"0.00";"IST";"End Of Friday (Time)";"6h 25m";"-0.00"
"463";"USTEC_ICM_UTC2";"Buy";"7213.8";"7296.3";"2019.03.12 19:45:00";"2019.03.15 15:54:00";"30.0";"1925.64";"7131.29980";"7296.29980";"-146540.81";"0.00";"IST";"PT";"2d 20h 9m";"-549.36"
"464";"USTEC_ICM_UTC2";"Buy";"7328.8";"7411.3";"2019.03.15 19:45:00";"2019.03.20 20:29:00";"30.0";"1559.40";"7246.29980";"7411.29980";"-144981.41";"0.00";"IST";"PT";"5d 0h 44m";"-915.60"
"465";"USTEC_ICM_UTC2";"Buy";"7447.0";"7364.5";"2019.03.21 19:00:00";"2019.03.22 17:53:00";"30.0";"-2658.12";"7364.50000";"7529.50000";"-147639.53";"0.00";"IST";"SL";"22h 53m";"-183.12"
"466";"USTEC_ICM_UTC2";"Buy";"7364.6";"7282.1";"2019.03.22 18:30:00";"2019.03.25 02:39:00";"30.0";"-3024.36";"7282.10010";"7447.10010";"-150663.89";"0.00";"IST";"SL";"2d 8h 9m";"-549.36"
"467";"USTEC_ICM_UTC2";"Buy";"7287.4";"7369.9";"2019.03.25 16:45:00";"2019.03.26 14:06:00";"30.0";"2291.88";"7204.89990";"7369.89990";"-148372.02";"0.00";"IST";"PT";"21h 21m";"-183.12"
"468";"USTEC_ICM_UTC2";"Buy";"7399.6";"7317.1";"2019.03.26 17:00:00";"2019.03.26 21:30:00";"30.0";"-2475.00";"7317.10010";"7482.10010";"-150847.02";"0.00";"IST";"SL";"4h 30m";"-0.00"
"469";"USTEC_ICM_UTC2";"Buy";"7362.3";"7279.8";"2019.03.27 16:30:00";"2019.03.27 17:29:00";"30.0";"-2475.00";"7279.79980";"7444.79980";"-153322.02";"0.00";"IST";"SL";"59m 0s";"-0.00"
"470";"USTEC_ICM_UTC2";"Buy";"7336.7";"7419.2";"2019.03.28 16:45:00";"2019.04.01 01:01:00";"30.0";"1742.52";"7254.20020";"7419.20020";"-151579.48";"0.00";"IST";"PT";"3d 8h 16m";"-732.48"
"471";"USTEC_ICM_UTC2";"Buy";"7480.5";"7563.0";"2019.04.02 18:45:00";"2019.04.03 17:55:00";"30.0";"2291.88";"7398.00000";"7563.00000";"-149287.61";"0.00";"IST";"PT";"23h 10m";"-183.12"
"472";"USTEC_ICM_UTC2";"Buy";"7585.8";"7503.3";"2019.04.03 19:00:00";"2019.04.04 19:42:00";"30.0";"-2658.12";"7503.29980";"7668.29980";"-151945.73";"0.00";"IST";"SL";"1d 0h 42m";"-183.12"
"473";"USTEC_ICM_UTC2";"Buy";"7514.9";"7573.3";"2019.04.04 20:00:00";"2019.04.05 22:55:00";"30.0";"1568.88";"7432.39990";"7597.39990";"-150376.84";"0.00";"IST";"End Of Friday (Time)";"1d 2h 55m";"-183.12"
"474";"USTEC_ICM_UTC2";"Buy";"7539.8";"7622.3";"2019.04.08 16:45:00";"2019.04.11 01:29:00";"30.0";"1925.64";"7457.29980";"7622.29980";"-148451.20";"0.00";"IST";"PT";"2d 8h 44m";"-549.36"
"475";"USTEC_ICM_UTC2";"Buy";"7603.1";"7620.0";"2019.04.11 17:30:00";"2019.04.12 22:55:00";"30.0";"323.88";"7520.60010";"7685.60010";"-148127.33";"0.00";"IST";"End Of Friday (Time)";"1d 5h 25m";"-183.12"
"476";"USTEC_ICM_UTC2";"Buy";"7592.9";"7675.4";"2019.04.15 18:00:00";"2019.04.17 04:59:00";"30.0";"2108.76";"7510.39990";"7675.39990";"-146018.56";"0.00";"IST";"PT";"1d 10h 59m";"-366.24"
"477";"USTEC_ICM_UTC2";"Buy";"7675.7";"7758.2";"2019.04.17 19:00:00";"2019.04.23 16:54:00";"30.0";"1376.28";"7593.20020";"7758.20020";"-144642.28";"0.00";"IST";"PT";"5d 21h 54m";"-1098.72"
"478";"USTEC_ICM_UTC2";"Buy";"7798.7";"7812.9";"2019.04.23 19:00:00";"2019.04.26 22:55:00";"30.0";"-123.36";"7716.20020";"7881.20020";"-144765.64";"0.00";"IST";"End Of Friday (Time)";"3d 3h 55m";"-549.36"
"479";"USTEC_ICM_UTC2";"Buy";"7782.3";"7699.8";"2019.04.30 17:15:00";"2019.05.02 18:44:00";"30.0";"-2841.24";"7699.79980";"7864.79980";"-147606.89";"0.00";"IST";"SL";"2d 1h 29m";"-366.24"
"480";"USTEC_ICM_UTC2";"Buy";"7687.4";"7769.9";"2019.05.02 19:15:00";"2019.05.03 15:01:00";"30.0";"2291.88";"7604.89990";"7769.89990";"-145315.02";"0.00";"IST";"PT";"19h 46m";"-183.12"
"481";"USTEC_ICM_UTC2";"Buy";"7777.9";"7845.1";"2019.05.03 16:45:00";"2019.05.03 22:55:00";"30.0";"2016.00";"7695.39990";"7860.39990";"-143299.02";"0.00";"IST";"End Of Friday (Time)";"6h 10m";"-0.00"
"482";"USTEC_ICM_UTC2";"Buy";"7730.1";"7647.6";"2019.05.06 16:45:00";"2019.05.07 17:51:00";"30.0";"-2658.12";"7647.60010";"7812.60010";"-145957.13";"0.00";"IST";"SL";"1d 1h 6m";"-183.12"
"483";"USTEC_ICM_UTC2";"Buy";"7664.1";"7581.6";"2019.05.07 18:15:00";"2019.05.07 21:46:00";"30.0";"-2475.00";"7581.60010";"7746.60010";"-148432.13";"0.00";"IST";"SL";"3h 31m";"-0.00"
"484";"USTEC_ICM_UTC2";"Buy";"7625.4";"7542.9";"2019.05.08 16:45:00";"2019.05.09 15:47:00";"30.0";"-2658.12";"7542.89990";"7707.89990";"-151090.25";"0.00";"IST";"SL";"23h 2m";"-183.12"
"485";"USTEC_ICM_UTC2";"Buy";"7538.4";"7620.9";"2019.05.09 16:30:00";"2019.05.10 03:05:00";"30.0";"2291.88";"7455.89990";"7620.89990";"-148798.38";"0.00";"IST";"PT";"10h 35m";"-183.12"
"486";"USTEC_ICM_UTC2";"Buy";"7449.5";"7532.0";"2019.05.10 18:15:00";"2019.05.10 20:18:00";"30.0";"2475.00";"7367.00000";"7532.00000";"-146323.38";"0.00";"IST";"PT";"2h 3m";"-0.00"
"487";"USTEC_ICM_UTC2";"Buy";"7357.1";"7439.6";"2019.05.13 17:30:00";"2019.05.14 19:05:00";"30.0";"2291.88";"7274.60010";"7439.60010";"-144031.48";"0.00";"IST";"PT";"1d 1h 35m";"-183.12"
"488";"USTEC_ICM_UTC2";"Buy";"7431.8";"7349.3";"2019.05.14 19:15:00";"2019.05.15 15:44:00";"30.0";"-2658.12";"7349.29980";"7514.29980";"-146689.61";"0.00";"IST";"SL";"20h 29m";"-183.12"
"489";"USTEC_ICM_UTC2";"Buy";"7378.2";"7460.7";"2019.05.15 16:45:00";"2019.05.15 17:29:00";"30.0";"2475.00";"7295.70020";"7460.70020";"-144214.61";"0.00";"IST";"PT";"44m 0s";"-0.00"
"490";"USTEC_ICM_UTC2";"Buy";"7624.4";"7541.9";"2019.05.16 18:45:00";"2019.05.17 11:28:00";"30.0";"-2658.12";"7541.89990";"7706.89990";"-146872.73";"0.00";"IST";"SL";"16h 43m";"-183.12"
"491";"USTEC_ICM_UTC2";"Buy";"7543.3";"7504.6";"2019.05.17 16:45:00";"2019.05.17 22:55:00";"30.0";"-1161.00";"7460.79980";"7625.79980";"-148033.73";"0.00";"IST";"End Of Friday (Time)";"6h 10m";"-0.00"
"492";"USTEC_ICM_UTC2";"Buy";"7397.2";"7314.7";"2019.05.20 16:30:00";"2019.05.23 12:40:00";"30.0";"-3024.36";"7314.70020";"7479.70020";"-151058.09";"0.00";"IST";"SL";"2d 20h 10m";"-549.36"
"493";"USTEC_ICM_UTC2";"Buy";"7335.2";"7300.3";"2019.05.23 16:30:00";"2019.05.24 22:55:00";"30.0";"-1230.12";"7252.70020";"7417.70020";"-152288.20";"0.00";"IST";"End Of Friday (Time)";"1d 6h 25m";"-183.12"
"494";"USTEC_ICM_UTC2";"Buy";"7306.0";"7223.5";"2019.05.27 16:30:00";"2019.05.29 09:21:00";"30.0";"-2841.24";"7223.50000";"7388.50000";"-155129.45";"0.00";"IST";"SL";"1d 16h 51m";"-366.24"
"495";"USTEC_ICM_UTC2";"Buy";"7226.5";"7144.0";"2019.05.29 16:45:00";"2019.05.31 10:54:00";"30.0";"-2841.24";"7144.00000";"7309.00000";"-157970.69";"0.00";"IST";"SL";"1d 18h 9m";"-366.24"
"496";"USTEC_ICM_UTC2";"Buy";"7157.8";"7134.0";"2019.05.31 16:30:00";"2019.05.31 22:55:00";"30.0";"-714.00";"7075.29980";"7240.29980";"-158684.69";"0.00";"IST";"End Of Friday (Time)";"6h 25m";"-0.00"
"497";"USTEC_ICM_UTC2";"Buy";"7098.8";"7016.3";"2019.06.03 16:45:00";"2019.06.03 19:21:00";"30.0";"-2475.00";"7016.29980";"7181.29980";"-161159.69";"0.00";"IST";"SL";"2h 36m";"-0.00"
"498";"USTEC_ICM_UTC2";"Buy";"7035.5";"7118.0";"2019.06.04 16:45:00";"2019.06.04 18:23:00";"30.0";"2475.00";"6953.00000";"7118.00000";"-158684.69";"0.00";"IST";"PT";"1h 38m";"-0.00"
"499";"USTEC_ICM_UTC2";"Buy";"7185.3";"7267.8";"2019.06.05 19:15:00";"2019.06.06 21:45:00";"30.0";"2291.88";"7102.79980";"7267.79980";"-156392.81";"0.00";"IST";"PT";"1d 2h 30m";"-183.12"
"500";"USTEC_ICM_UTC2";"Buy";"7278.4";"7360.9";"2019.06.06 22:30:00";"2019.06.07 16:42:00";"30.0";"2291.88";"7195.89990";"7360.89990";"-154100.92";"0.00";"IST";"PT";"18h 12m";"-183.12"
"501";"USTEC_ICM_UTC2";"Buy";"7426.9";"7412.9";"2019.06.07 19:30:00";"2019.06.07 22:55:00";"30.0";"-420.00";"7344.39990";"7509.39990";"-154520.92";"0.00";"IST";"End Of Friday (Time)";"3h 25m";"-0.00"
"502";"USTEC_ICM_UTC2";"Buy";"7505.2";"7422.7";"2019.06.11 19:45:00";"2019.06.13 05:10:00";"30.0";"-2841.24";"7422.70020";"7587.70020";"-157362.17";"0.00";"IST";"SL";"1d 9h 25m";"-366.24"
"503";"USTEC_ICM_UTC2";"Buy";"7500.3";"7489.0";"2019.06.13 16:30:00";"2019.06.14 22:55:00";"30.0";"-522.12";"7417.79980";"7582.79980";"-157884.30";"0.00";"IST";"End Of Friday (Time)";"1d 6h 25m";"-183.12"
"504";"USTEC_ICM_UTC2";"Buy";"7654.6";"7737.1";"2019.06.18 19:45:00";"2019.06.20 09:28:00";"30.0";"2108.76";"7572.10010";"7737.10010";"-155775.53";"0.00";"IST";"PT";"1d 13h 43m";"-366.24"
"505";"USTEC_ICM_UTC2";"Buy";"7724.8";"7731.3";"2019.06.20 19:00:00";"2019.06.21 22:55:00";"30.0";"11.88";"7642.29980";"7807.29980";"-155763.66";"0.00";"IST";"End Of Friday (Time)";"1d 3h 55m";"-183.12"
"506";"USTEC_ICM_UTC2";"Buy";"7739.4";"7656.9";"2019.06.24 16:30:00";"2019.06.25 17:52:00";"30.0";"-2658.12";"7656.89990";"7821.89990";"-158421.77";"0.00";"IST";"SL";"1d 1h 22m";"-183.12"
"507";"USTEC_ICM_UTC2";"Buy";"7661.9";"7649.8";"2019.06.25 18:30:00";"2019.06.28 22:55:00";"30.0";"-912.36";"7579.39990";"7744.39990";"-159334.13";"0.00";"IST";"End Of Friday (Time)";"3d 4h 25m";"-549.36"
"508";"USTEC_ICM_UTC2";"Buy";"7760.9";"7843.4";"2019.07.02 19:15:00";"2019.07.03 12:26:00";"30.0";"2291.88";"7678.39990";"7843.39990";"-157042.25";"0.00";"IST";"PT";"17h 11m";"-183.12"
"509";"USTEC_ICM_UTC2";"Buy";"7841.0";"7834.8";"2019.07.03 18:45:00";"2019.07.05 22:55:00";"30.0";"-552.24";"7758.50000";"7923.50000";"-157594.48";"0.00";"IST";"End Of Friday (Time)";"2d 4h 10m";"-366.24"
"510";"USTEC_ICM_UTC2";"Buy";"7792.4";"7874.9";"2019.07.08 16:30:00";"2019.07.10 15:50:00";"30.0";"2108.76";"7709.89990";"7874.89990";"-155485.73";"0.00";"IST";"PT";"1d 23h 20m";"-366.24"
"511";"USTEC_ICM_UTC2";"Buy";"7879.1";"7938.2";"2019.07.10 18:45:00";"2019.07.12 22:55:00";"30.0";"1406.76";"7796.60010";"7961.60010";"-154078.97";"0.00";"IST";"End Of Friday (Time)";"2d 4h 10m";"-366.24"
"512";"USTEC_ICM_UTC2";"Buy";"7939.5";"7850.9";"2019.07.16 19:00:00";"2019.07.18 01:00:00";"30.0";"-3025.47";"7857.00000";"8022.00000";"-157104.44";"0.00";"IST";"SL";"1d 6h 0m";"-366.24"
"513";"USTEC_ICM_UTC2";"Buy";"7872.4";"7954.9";"2019.07.18 16:45:00";"2019.07.19 16:28:00";"30.0";"2291.88";"7789.89990";"7954.89990";"-154812.56";"0.00";"IST";"PT";"23h 43m";"-183.12"
"514";"USTEC_ICM_UTC2";"Buy";"7909.0";"7846.7";"2019.07.19 19:15:00";"2019.07.19 22:55:00";"30.0";"-1869.00";"7826.50000";"7991.50000";"-156681.56";"0.00";"IST";"End Of Friday (Time)";"3h 40m";"-0.00"
"515";"USTEC_ICM_UTC2";"Buy";"7881.8";"7964.3";"2019.07.22 16:45:00";"2019.07.23 23:09:00";"30.0";"2291.88";"7799.29980";"7964.29980";"-154389.67";"0.00";"IST";"PT";"1d 6h 24m";"-183.12"
"516";"USTEC_ICM_UTC2";"Buy";"7949.2";"8031.7";"2019.07.24 16:45:00";"2019.07.24 23:05:00";"30.0";"2475.00";"7866.70020";"8031.70020";"-151914.67";"0.00";"IST";"PT";"6h 20m";"-0.00"
"517";"USTEC_ICM_UTC2";"Buy";"7946.4";"8022.1";"2019.07.25 17:15:00";"2019.07.26 22:55:00";"30.0";"2087.88";"7863.89990";"8028.89990";"-149826.80";"0.00";"IST";"End Of Friday (Time)";"1d 5h 40m";"-183.12"
"518";"USTEC_ICM_UTC2";"Buy";"7954.8";"7872.3";"2019.07.29 17:30:00";"2019.07.31 21:45:00";"30.0";"-2841.24";"7872.29980";"8037.29980";"-152668.05";"0.00";"IST";"SL";"2d 4h 15m";"-366.24"
"519";"USTEC_ICM_UTC2";"Buy";"7876.3";"7958.8";"2019.07.31 22:15:00";"2019.08.01 17:30:00";"30.0";"2291.88";"7793.79980";"7958.79980";"-150376.16";"0.00";"IST";"PT";"19h 15m";"-183.12"
"520";"USTEC_ICM_UTC2";"Buy";"7993.8";"7911.3";"2019.08.01 19:45:00";"2019.08.01 20:30:00";"30.0";"-2475.00";"7911.29980";"8076.29980";"-152851.16";"0.00";"IST";"SL";"45m 0s";"-0.00"
"521";"USTEC_ICM_UTC2";"Buy";"7690.3";"7679.5";"2019.08.02 17:15:00";"2019.08.02 22:55:00";"30.0";"-324.00";"7607.79980";"7772.79980";"-153175.16";"0.00";"IST";"End Of Friday (Time)";"5h 40m";"-0.00"
"522";"USTEC_ICM_UTC2";"Buy";"7493.6";"7411.1";"2019.08.05 17:15:00";"2019.08.05 19:59:00";"30.0";"-2475.00";"7411.10010";"7576.10010";"-155650.16";"0.00";"IST";"SL";"2h 44m";"-0.00"
"523";"USTEC_ICM_UTC2";"Buy";"7479.6";"7397.1";"2019.08.06 17:15:00";"2019.08.07 16:45:00";"30.0";"-2658.12";"7397.10010";"7562.10010";"-158308.28";"0.00";"IST";"SL";"23h 30m";"-183.12"
"524";"USTEC_ICM_UTC2";"Buy";"7461.9";"7544.4";"2019.08.07 17:15:00";"2019.08.07 21:44:00";"30.0";"2475.00";"7379.39990";"7544.39990";"-155833.28";"0.00";"IST";"PT";"4h 29m";"-0.00"
"525";"USTEC_ICM_UTC2";"Buy";"7650.5";"7659.1";"2019.08.09 18:00:00";"2019.08.09 22:55:00";"30.0";"258.00";"7568.00000";"7733.00000";"-155575.28";"0.00";"IST";"End Of Friday (Time)";"4h 55m";"-0.00"
"526";"USTEC_ICM_UTC2";"Buy";"7584.4";"7666.9";"2019.08.12 16:45:00";"2019.08.13 16:46:00";"30.0";"2291.88";"7501.89990";"7666.89990";"-153283.41";"0.00";"IST";"PT";"1d 0h 1m";"-183.12"
"527";"USTEC_ICM_UTC2";"Buy";"7733.2";"7650.7";"2019.08.13 19:00:00";"2019.08.14 13:24:00";"30.0";"-2658.12";"7650.70020";"7815.70020";"-155941.52";"0.00";"IST";"SL";"18h 24m";"-183.12"
"528";"USTEC_ICM_UTC2";"Buy";"7599.0";"7516.5";"2019.08.14 16:45:00";"2019.08.14 18:46:00";"30.0";"-2475.00";"7516.50000";"7681.50000";"-158416.52";"0.00";"IST";"SL";"2h 1m";"-0.00"
"529";"USTEC_ICM_UTC2";"Buy";"7506.2";"7588.7";"2019.08.15 17:15:00";"2019.08.16 12:07:00";"30.0";"2291.88";"7423.70020";"7588.70020";"-156124.64";"0.00";"IST";"PT";"18h 52m";"-183.12"
"530";"USTEC_ICM_UTC2";"Buy";"7565.8";"7609.9";"2019.08.16 17:15:00";"2019.08.16 22:55:00";"30.0";"1323.00";"7483.29980";"7648.29980";"-154801.64";"0.00";"IST";"End Of Friday (Time)";"5h 40m";"-0.00"
"531";"USTEC_ICM_UTC2";"Buy";"7719.9";"7637.4";"2019.08.20 19:15:00";"2019.08.23 15:26:00";"30.0";"-3024.36";"7637.39990";"7802.39990";"-157826.00";"0.00";"IST";"SL";"2d 20h 11m";"-549.36"
"532";"USTEC_ICM_UTC2";"Buy";"7660.2";"7577.7";"2019.08.23 16:45:00";"2019.08.23 18:09:00";"30.0";"-2475.00";"7577.70020";"7742.70020";"-160301.00";"0.00";"IST";"SL";"1h 24m";"-0.00"
"533";"USTEC_ICM_UTC2";"Buy";"7519.3";"7601.8";"2019.08.26 17:15:00";"2019.08.27 14:08:00";"30.0";"2291.88";"7436.79980";"7601.79980";"-158009.13";"0.00";"IST";"PT";"20h 53m";"-183.12"
"534";"USTEC_ICM_UTC2";"Buy";"7621.3";"7538.8";"2019.08.27 16:45:00";"2019.08.27 19:53:00";"30.0";"-2475.00";"7538.79980";"7703.79980";"-160484.13";"0.00";"IST";"SL";"3h 8m";"-0.00"
"535";"USTEC_ICM_UTC2";"Buy";"7526.0";"7608.5";"2019.08.28 16:45:00";"2019.08.29 10:13:00";"30.0";"2291.88";"7443.50000";"7608.50000";"-158192.23";"0.00";"IST";"PT";"17h 28m";"-183.12"
"536";"USTEC_ICM_UTC2";"Buy";"7707.1";"7675.8";"2019.08.29 19:30:00";"2019.08.30 22:55:00";"30.0";"-1122.12";"7624.60010";"7789.60010";"-159314.36";"0.00";"IST";"End Of Friday (Time)";"1d 3h 25m";"-183.12"
"537";"USTEC_ICM_UTC2";"Buy";"7640.7";"7723.2";"2019.09.02 16:45:00";"2019.09.04 10:42:00";"30.0";"2108.76";"7558.20020";"7723.20020";"-157205.59";"0.00";"IST";"PT";"1d 17h 57m";"-366.24"
"538";"USTEC_ICM_UTC2";"Buy";"7697.3";"7779.8";"2019.09.04 19:15:00";"2019.09.05 04:31:00";"30.0";"2291.88";"7614.79980";"7779.79980";"-154913.72";"0.00";"IST";"PT";"9h 16m";"-183.12"
"539";"USTEC_ICM_UTC2";"Buy";"7859.1";"7852.9";"2019.09.05 18:45:00";"2019.09.06 22:55:00";"30.0";"-369.12";"7776.60010";"7941.60010";"-155282.84";"0.00";"IST";"End Of Friday (Time)";"1d 4h 10m";"-183.12"
"540";"USTEC_ICM_UTC2";"Buy";"7857.8";"7775.3";"2019.09.09 17:30:00";"2019.09.10 16:32:00";"30.0";"-2658.12";"7775.29980";"7940.29980";"-157940.95";"0.00";"IST";"SL";"23h 2m";"-183.12"
"541";"USTEC_ICM_UTC2";"Buy";"7755.5";"7838.0";"2019.09.10 16:45:00";"2019.09.11 07:05:00";"30.0";"2291.88";"7673.00000";"7838.00000";"-155649.08";"0.00";"IST";"PT";"14h 20m";"-183.12"
"542";"USTEC_ICM_UTC2";"Buy";"7830.4";"7912.9";"2019.09.11 16:45:00";"2019.09.12 02:22:00";"30.0";"2291.88";"7747.89990";"7912.89990";"-153357.20";"0.00";"IST";"PT";"9h 37m";"-183.12"
"543";"USTEC_ICM_UTC2";"Buy";"7945.4";"7895.0";"2019.09.12 19:00:00";"2019.09.13 22:55:00";"30.0";"-1695.12";"7862.89990";"8027.89990";"-155052.33";"0.00";"IST";"End Of Friday (Time)";"1d 3h 55m";"-183.12"
"544";"USTEC_ICM_UTC2";"Buy";"7837.0";"7919.5";"2019.09.16 16:30:00";"2019.09.19 16:32:00";"30.0";"1925.64";"7754.50000";"7919.50000";"-153126.69";"0.00";"IST";"PT";"3d 0h 2m";"-549.36"
"545";"USTEC_ICM_UTC2";"Buy";"7930.7";"7848.2";"2019.09.19 18:45:00";"2019.09.20 20:13:00";"30.0";"-2658.12";"7848.20020";"8013.20020";"-155784.80";"0.00";"IST";"SL";"1d 1h 28m";"-183.12"
"546";"USTEC_ICM_UTC2";"Buy";"7813.3";"7829.9";"2019.09.20 20:15:00";"2019.09.20 22:55:00";"30.0";"498.00";"7730.79980";"7895.79980";"-155286.80";"0.00";"IST";"End Of Friday (Time)";"2h 40m";"-0.00"
"547";"USTEC_ICM_UTC2";"Buy";"7815.1";"7732.6";"2019.09.23 16:45:00";"2019.09.24 19:23:00";"30.0";"-2658.12";"7732.60010";"7897.60010";"-157944.92";"0.00";"IST";"SL";"1d 2h 38m";"-183.12"
"548";"USTEC_ICM_UTC2";"Buy";"7701.6";"7784.1";"2019.09.24 20:15:00";"2019.09.25 21:40:00";"30.0";"2291.88";"7619.10010";"7784.10010";"-155653.05";"0.00";"IST";"PT";"1d 1h 25m";"-183.12"
"549";"USTEC_ICM_UTC2";"Buy";"7735.9";"7653.4";"2019.09.26 18:45:00";"2019.09.27 21:28:00";"30.0";"-2658.12";"7653.39990";"7818.39990";"-158311.16";"0.00";"IST";"SL";"1d 2h 43m";"-183.12"
"550";"USTEC_ICM_UTC2";"Buy";"7638.7";"7677.7";"2019.09.27 22:15:00";"2019.09.27 22:55:00";"30.0";"1170.00";"7556.20020";"7721.20020";"-157141.16";"0.00";"IST";"End Of Friday (Time)";"40m 0s";"-0.00"
"551";"USTEC_ICM_UTC2";"Buy";"7719.7";"7802.2";"2019.09.30 17:30:00";"2019.10.01 09:17:00";"30.0";"2291.88";"7637.20020";"7802.20020";"-154849.28";"0.00";"IST";"PT";"15h 47m";"-183.12"
"552";"USTEC_ICM_UTC2";"Buy";"7815.7";"7733.2";"2019.10.01 16:45:00";"2019.10.01 17:59:00";"30.0";"-2475.00";"7733.20020";"7898.20020";"-157324.28";"0.00";"IST";"SL";"1h 14m";"-0.00"
"553";"USTEC_ICM_UTC2";"Buy";"7635.2";"7552.7";"2019.10.02 16:30:00";"2019.10.02 17:41:00";"30.0";"-2475.00";"7552.70020";"7717.70020";"-159799.28";"0.00";"IST";"SL";"1h 11m";"-0.00"
"554";"USTEC_ICM_UTC2";"Buy";"7550.9";"7468.4";"2019.10.03 16:45:00";"2019.10.03 17:07:00";"30.0";"-2475.00";"7468.39990";"7633.39990";"-162274.28";"0.00";"IST";"SL";"22m 0s";"-0.00"
"555";"USTEC_ICM_UTC2";"Buy";"7720.8";"7754.1";"2019.10.04 18:45:00";"2019.10.04 22:55:00";"30.0";"999.00";"7638.29980";"7803.29980";"-161275.28";"0.00";"IST";"End Of Friday (Time)";"4h 10m";"-0.00"
"556";"USTEC_ICM_UTC2";"Buy";"7654.7";"7572.2";"2019.10.08 16:45:00";"2019.10.10 01:59:00";"30.0";"-2841.24";"7572.20020";"7737.20020";"-164116.52";"0.00";"IST";"SL";"1d 9h 14m";"-366.24"
"557";"USTEC_ICM_UTC2";"Buy";"7684.8";"7767.3";"2019.10.10 16:30:00";"2019.10.10 18:05:00";"30.0";"2475.00";"7602.29980";"7767.29980";"-161641.52";"0.00";"IST";"PT";"1h 35m";"-0.00"
"558";"USTEC_ICM_UTC2";"Buy";"7863.5";"7853.3";"2019.10.11 19:45:00";"2019.10.11 22:55:00";"30.0";"-306.00";"7781.00000";"7946.00000";"-161947.52";"0.00";"IST";"End Of Friday (Time)";"3h 10m";"-0.00"
"559";"USTEC_ICM_UTC2";"Buy";"7850.1";"7932.6";"2019.10.14 17:15:00";"2019.10.15 17:40:00";"30.0";"2291.88";"7767.60010";"7932.60010";"-159655.64";"0.00";"IST";"PT";"1d 0h 25m";"-183.12"
"560";"USTEC_ICM_UTC2";"Buy";"7939.3";"7856.8";"2019.10.15 19:15:00";"2019.10.18 18:58:00";"30.0";"-3024.36";"7856.79980";"8021.79980";"-162680.00";"0.00";"IST";"SL";"2d 23h 43m";"-549.36"
"561";"USTEC_ICM_UTC2";"Buy";"7857.3";"7886.0";"2019.10.18 20:00:00";"2019.10.18 22:55:00";"30.0";"861.00";"7774.79980";"7939.79980";"-161819.00";"0.00";"IST";"End Of Friday (Time)";"2h 55m";"-0.00"
"562";"USTEC_ICM_UTC2";"Buy";"7905.5";"7823.0";"2019.10.21 16:30:00";"2019.10.23 03:01:00";"30.0";"-2841.24";"7823.00000";"7988.00000";"-164660.23";"0.00";"IST";"SL";"1d 10h 31m";"-366.24"
"563";"USTEC_ICM_UTC2";"Buy";"7853.9";"7936.4";"2019.10.23 16:30:00";"2019.10.24 14:22:00";"30.0";"2291.88";"7771.39990";"7936.39990";"-162368.36";"0.00";"IST";"PT";"21h 52m";"-183.12"
"564";"USTEC_ICM_UTC2";"Buy";"7955.5";"8022.3";"2019.10.24 19:45:00";"2019.10.25 22:55:00";"30.0";"1820.88";"7873.00000";"8038.00000";"-160547.48";"0.00";"IST";"End Of Friday (Time)";"1d 3h 10m";"-183.12"
"565";"USTEC_ICM_UTC2";"Buy";"8075.0";"8157.5";"2019.10.29 19:15:00";"2019.11.01 21:59:00";"30.0";"1925.64";"7992.50000";"8157.50000";"-158621.84";"0.00";"IST";"PT";"3d 2h 44m";"-549.36"
"566";"USTEC_ICM_UTC2";"Buy";"8219.2";"8248.4";"2019.11.05 19:15:00";"2019.11.08 22:55:00";"30.0";"326.64";"8136.70020";"8301.70020";"-158295.20";"0.00";"IST";"End Of Friday (Time)";"3d 3h 40m";"-549.36"
"567";"USTEC_ICM_UTC2";"Buy";"8222.4";"8304.9";"2019.11.11 17:00:00";"2019.11.15 16:28:00";"30.0";"1742.52";"8139.89990";"8304.90039";"-156552.69";"0.00";"IST";"PT";"3d 23h 28m";"-732.48"
"568";"USTEC_ICM_UTC2";"Buy";"8306.4";"8307.9";"2019.11.15 19:15:00";"2019.11.15 22:55:00";"30.0";"45.00";"8223.90039";"8388.90039";"-156507.69";"0.00";"IST";"End Of Friday (Time)";"3h 40m";"-0.00"
"569";"USTEC_ICM_UTC2";"Buy";"8275.4";"8357.9";"2019.11.18 16:45:00";"2019.11.19 11:44:00";"30.0";"2291.88";"8192.90039";"8357.90039";"-154215.80";"0.00";"IST";"PT";"18h 59m";"-183.12"
"570";"USTEC_ICM_UTC2";"Buy";"8342.1";"8259.6";"2019.11.19 19:15:00";"2019.11.20 19:58:00";"30.0";"-2658.12";"8259.59961";"8424.59961";"-156873.92";"0.00";"IST";"SL";"1d 0h 43m";"-183.12"
"571";"USTEC_ICM_UTC2";"Buy";"8241.4";"8264.7";"2019.11.20 20:45:00";"2019.11.22 22:55:00";"30.0";"332.76";"8158.89990";"8323.90039";"-156541.16";"0.00";"IST";"End Of Friday (Time)";"2d 2h 10m";"-366.24"
"572";"USTEC_ICM_UTC2";"Buy";"8387.6";"8305.1";"2019.11.26 19:00:00";"2019.12.02 17:02:00";"30.0";"-3573.72";"8305.09961";"8470.09961";"-160114.88";"0.00";"IST";"SL";"5d 22h 2m";"-1098.72"
"573";"USTEC_ICM_UTC2";"Buy";"8282.3";"8199.8";"2019.12.02 18:00:00";"2019.12.03 16:24:00";"30.0";"-2658.12";"8199.79980";"8364.79980";"-162773.00";"0.00";"IST";"SL";"22h 24m";"-183.12"
"574";"USTEC_ICM_UTC2";"Buy";"8199.3";"8281.8";"2019.12.03 16:45:00";"2019.12.04 11:08:00";"30.0";"2291.88";"8116.79980";"8281.79980";"-160481.13";"0.00";"IST";"PT";"18h 23m";"-183.12"
"575";"USTEC_ICM_UTC2";"Buy";"8298.9";"8381.4";"2019.12.04 16:45:00";"2019.12.06 16:45:00";"30.0";"2108.76";"8216.40039";"8381.40039";"-158372.36";"0.00";"IST";"PT";"2d 0h 0m";"-366.24"
"576";"USTEC_ICM_UTC2";"Buy";"8394.9";"8396.3";"2019.12.06 19:30:00";"2019.12.06 22:55:00";"30.0";"41.97";"8312.40039";"8477.40039";"-158330.39";"0.00";"IST";"End Of Friday (Time)";"3h 25m";"-0.00"
"577";"USTEC_ICM_UTC2";"Buy";"8378.8";"8296.3";"2019.12.09 21:45:00";"2019.12.10 13:27:00";"30.0";"-2658.12";"8296.29980";"8461.29980";"-160988.52";"0.00";"IST";"SL";"15h 42m";"-183.12"
"578";"USTEC_ICM_UTC2";"Buy";"8375.7";"8458.2";"2019.12.10 17:15:00";"2019.12.12 16:39:00";"30.0";"2108.76";"8293.20020";"8458.20020";"-158879.75";"0.00";"IST";"PT";"1d 23h 24m";"-366.24"
"579";"USTEC_ICM_UTC2";"Buy";"8428.7";"8511.2";"2019.12.12 19:45:00";"2019.12.13 05:09:00";"30.0";"2291.88";"8346.20020";"8511.20020";"-156587.88";"0.00";"IST";"PT";"9h 24m";"-183.12"
"580";"USTEC_ICM_UTC2";"Buy";"8468.0";"8486.2";"2019.12.13 16:45:00";"2019.12.13 22:55:00";"30.0";"546.00";"8385.50000";"8550.50000";"-156041.88";"0.00";"IST";"End Of Friday (Time)";"6h 10m";"-0.00"
"581";"USTEC_ICM_UTC2";"Buy";"8573.9";"8656.4";"2019.12.17 18:45:00";"2019.12.20 15:09:00";"30.0";"1925.64";"8491.40039";"8656.40039";"-154116.23";"0.00";"IST";"PT";"2d 20h 24m";"-549.36"
"582";"USTEC_ICM_UTC2";"Buy";"8678.9";"8679.3";"2019.12.20 18:45:00";"2019.12.20 22:55:00";"30.0";"11.97";"8596.40039";"8761.40039";"-154104.27";"0.00";"IST";"End Of Friday (Time)";"4h 10m";"-0.00"
"583";"USTEC_ICM_UTC2";"Buy";"8693.9";"8776.4";"2019.12.24 17:15:00";"2019.12.26 23:00:00";"30.0";"2108.76";"8611.40039";"8776.40039";"-151995.50";"0.00";"IST";"PT";"2d 5h 45m";"-366.24"
"584";"USTEC_ICM_UTC2";"Buy";"8782.6";"8762.6";"2019.12.27 20:00:00";"2019.12.27 22:55:00";"30.0";"-600.00";"8700.09961";"8865.09961";"-152595.50";"0.00";"IST";"End Of Friday (Time)";"2h 55m";"-0.00"
"585";"USTEC_ICM_UTC2";"Buy";"8703.0";"8785.5";"2019.12.30 16:45:00";"2020.01.02 11:03:00";"30.0";"1925.64";"8620.50000";"8785.50000";"-150669.86";"0.00";"IST";"PT";"2d 18h 18m";"-549.36"
"586";"USTEC_ICM_UTC2";"Buy";"8839.8";"8802.9";"2020.01.03 19:45:00";"2020.01.03 22:55:00";"30.0";"-1106.97";"8757.29980";"8922.29980";"-151776.83";"0.00";"IST";"End Of Friday (Time)";"3h 10m";"-0.00"
"587";"USTEC_ICM_UTC2";"Buy";"8759.0";"8841.5";"2020.01.06 16:45:00";"2020.01.06 22:50:00";"30.0";"2475.00";"8676.50000";"8841.50000";"-149301.83";"0.00";"IST";"PT";"6h 5m";"-0.00"
"588";"USTEC_ICM_UTC2";"Buy";"8855.7";"8773.2";"2020.01.07 17:15:00";"2020.01.08 01:22:00";"30.0";"-2658.12";"8773.20020";"8938.20020";"-151959.95";"0.00";"IST";"SL";"8h 7m";"-183.12"
"589";"USTEC_ICM_UTC2";"Buy";"8869.4";"8951.9";"2020.01.08 16:45:00";"2020.01.08 22:26:00";"30.0";"2475.00";"8786.90039";"8951.90039";"-149484.95";"0.00";"IST";"PT";"5h 41m";"-0.00"
"590";"USTEC_ICM_UTC2";"Buy";"8991.7";"8966.9";"2020.01.09 19:00:00";"2020.01.10 22:55:00";"30.0";"-927.12";"8909.20020";"9074.20020";"-150412.08";"0.00";"IST";"End Of Friday (Time)";"1d 3h 55m";"-183.12"
"591";"USTEC_ICM_UTC2";"Buy";"9001.0";"9083.5";"2020.01.13 16:30:00";"2020.01.14 01:49:00";"30.0";"2291.88";"8918.50000";"9083.50000";"-148120.19";"0.00";"IST";"PT";"9h 19m";"-183.12"
"592";"USTEC_ICM_UTC2";"Buy";"9054.2";"9136.7";"2020.01.14 17:15:00";"2020.01.17 01:18:00";"30.0";"1925.64";"8971.70020";"9136.70020";"-146194.55";"0.00";"IST";"PT";"2d 8h 3m";"-549.36"
"593";"USTEC_ICM_UTC2";"Buy";"9132.9";"9171.5";"2020.01.17 18:45:00";"2020.01.17 22:55:00";"30.0";"1158.00";"9050.40039";"9215.40039";"-145036.55";"0.00";"IST";"End Of Friday (Time)";"4h 10m";"-0.00"
"594";"USTEC_ICM_UTC2";"Buy";"9158.9";"9241.4";"2020.01.20 16:45:00";"2020.01.22 17:43:00";"30.0";"2108.76";"9076.40039";"9241.40039";"-142927.80";"0.00";"IST";"PT";"2d 0h 58m";"-366.24"
"595";"USTEC_ICM_UTC2";"Buy";"9224.7";"9142.2";"2020.01.22 18:45:00";"2020.01.23 16:35:00";"30.0";"-2658.12";"9142.20020";"9307.20020";"-145585.91";"0.00";"IST";"SL";"21h 50m";"-183.12"
"596";"USTEC_ICM_UTC2";"Buy";"9149.0";"9231.5";"2020.01.23 16:45:00";"2020.01.23 23:01:00";"30.0";"2475.00";"9066.50000";"9231.50000";"-143110.91";"0.00";"IST";"PT";"6h 16m";"-0.00"
"597";"USTEC_ICM_UTC2";"Buy";"9184.2";"9101.7";"2020.01.24 19:45:00";"2020.01.24 21:23:00";"30.0";"-2475.00";"9101.70020";"9266.70020";"-145585.91";"0.00";"IST";"SL";"1h 38m";"-0.00"
"598";"USTEC_ICM_UTC2";"Buy";"8967.3";"9049.8";"2020.01.27 16:45:00";"2020.01.28 17:34:00";"30.0";"2291.88";"8884.79980";"9049.79980";"-143294.03";"0.00";"IST";"PT";"1d 0h 49m";"-183.12"
"599";"USTEC_ICM_UTC2";"Buy";"9076.7";"9159.2";"2020.01.28 18:30:00";"2020.01.30 23:01:00";"30.0";"2108.76";"8994.20020";"9159.20020";"-141185.27";"0.00";"IST";"PT";"2d 4h 31m";"-366.24"
"600";"USTEC_ICM_UTC2";"Buy";"9080.4";"8997.9";"2020.01.31 17:15:00";"2020.01.31 20:39:00";"30.0";"-2475.00";"8997.90039";"9162.90039";"-143660.27";"0.00";"IST";"SL";"3h 24m";"-0.00"
"601";"USTEC_ICM_UTC2";"Buy";"9084.9";"9167.4";"2020.02.03 16:45:00";"2020.02.04 05:36:00";"30.0";"2291.88";"9002.40039";"9167.40039";"-141368.39";"0.00";"IST";"PT";"12h 51m";"-183.12"
"602";"USTEC_ICM_UTC2";"Buy";"9246.8";"9329.3";"2020.02.04 16:45:00";"2020.02.04 20:53:00";"30.0";"2475.00";"9164.29980";"9329.29980";"-138893.39";"0.00";"IST";"PT";"4h 8m";"-0.00"
"603";"USTEC_ICM_UTC2";"Buy";"9348.5";"9431.0";"2020.02.05 20:00:00";"2020.02.06 06:50:00";"30.0";"2291.88";"9266.00000";"9431.00000";"-136601.52";"0.00";"IST";"PT";"10h 50m";"-183.12"
"604";"USTEC_ICM_UTC2";"Buy";"9387.6";"9394.0";"2020.02.06 16:30:00";"2020.02.07 22:55:00";"30.0";"8.88";"9305.09961";"9470.09961";"-136592.63";"0.00";"IST";"End Of Friday (Time)";"1d 6h 25m";"-183.12"
"605";"USTEC_ICM_UTC2";"Buy";"9427.6";"9510.1";"2020.02.10 16:45:00";"2020.02.10 22:56:00";"30.0";"2475.00";"9345.09961";"9510.09961";"-134117.63";"0.00";"IST";"PT";"6h 11m";"-0.00"
"606";"USTEC_ICM_UTC2";"Buy";"9560.3";"9642.8";"2020.02.11 19:30:00";"2020.02.14 05:02:00";"30.0";"1925.64";"9477.79980";"9642.79980";"-132192.00";"0.00";"IST";"PT";"2d 9h 32m";"-549.36"
"607";"USTEC_ICM_UTC2";"Buy";"9612.2";"9618.1";"2020.02.14 17:30:00";"2020.02.14 22:55:00";"30.0";"176.97";"9529.70020";"9694.70020";"-132015.02";"0.00";"IST";"End Of Friday (Time)";"5h 25m";"-0.00"
"608";"USTEC_ICM_UTC2";"Buy";"9652.7";"9570.2";"2020.02.17 17:15:00";"2020.02.18 03:14:00";"30.0";"-2658.12";"9570.20020";"9735.20020";"-134673.14";"0.00";"IST";"SL";"9h 59m";"-183.12"
"609";"USTEC_ICM_UTC2";"Buy";"9594.8";"9677.3";"2020.02.18 16:45:00";"2020.02.19 16:05:00";"30.0";"2291.88";"9512.29980";"9677.29980";"-132381.27";"0.00";"IST";"PT";"23h 20m";"-183.12"
"610";"USTEC_ICM_UTC2";"Buy";"9724.2";"9641.7";"2020.02.19 19:30:00";"2020.02.20 18:16:00";"30.0";"-2658.12";"9641.70020";"9806.70020";"-135039.39";"0.00";"IST";"SL";"22h 46m";"-183.12"
"611";"USTEC_ICM_UTC2";"Buy";"9573.3";"9490.8";"2020.02.20 19:00:00";"2020.02.21 16:49:00";"30.0";"-2658.12";"9490.79980";"9655.79980";"-137697.50";"0.00";"IST";"SL";"21h 49m";"-183.12"
"612";"USTEC_ICM_UTC2";"Buy";"9513.4";"9430.9";"2020.02.21 17:30:00";"2020.02.21 20:48:00";"30.0";"-2475.00";"9430.90039";"9595.90039";"-140172.50";"0.00";"IST";"SL";"3h 18m";"-0.00"
"613";"USTEC_ICM_UTC2";"Buy";"9170.7";"9088.2";"2020.02.24 16:45:00";"2020.02.24 18:46:00";"30.0";"-2475.00";"9088.20020";"9253.20020";"-142647.50";"0.00";"IST";"SL";"2h 1m";"-0.00"
"614";"USTEC_ICM_UTC2";"Buy";"9151.6";"9069.1";"2020.02.25 16:30:00";"2020.02.25 17:24:00";"30.0";"-2475.00";"9069.09961";"9234.09961";"-145122.50";"0.00";"IST";"SL";"54m 0s";"-0.00"
"615";"USTEC_ICM_UTC2";"Buy";"8884.0";"8966.5";"2020.02.26 16:30:00";"2020.02.26 16:40:00";"30.0";"2475.00";"8801.50000";"8966.50000";"-142647.50";"0.00";"IST";"PT";"10m 0s";"-0.00"
"616";"USTEC_ICM_UTC2";"Buy";"8661.7";"8579.2";"2020.02.27 16:45:00";"2020.02.27 17:26:00";"30.0";"-2475.00";"8579.20020";"8744.20020";"-145122.50";"0.00";"IST";"SL";"41m 0s";"-0.00"
"617";"USTEC_ICM_UTC2";"Buy";"8232.0";"8149.5";"2020.02.28 16:45:00";"2020.02.28 17:02:00";"30.0";"-2475.00";"8149.50000";"8314.50000";"-147597.50";"0.00";"IST";"SL";"17m 0s";"-0.00"
"618";"USTEC_ICM_UTC2";"Buy";"8834.9";"8752.4";"2020.03.03 19:00:00";"2020.03.03 19:56:00";"30.0";"-2475.00";"8752.40039";"8917.40039";"-150072.50";"0.00";"IST";"SL";"56m 0s";"-0.00"
"619";"USTEC_ICM_UTC2";"Buy";"8722.2";"8804.7";"2020.03.04 16:45:00";"2020.03.04 19:59:00";"30.0";"2475.00";"8639.70020";"8804.70020";"-147597.50";"0.00";"IST";"PT";"3h 14m";"-0.00"
"620";"USTEC_ICM_UTC2";"Buy";"8715.8";"8798.3";"2020.03.05 16:30:00";"2020.03.05 17:22:00";"30.0";"2475.00";"8633.29980";"8798.29980";"-145122.50";"0.00";"IST";"PT";"52m 0s";"-0.00"
"621";"USTEC_ICM_UTC2";"Buy";"8442.2";"8524.7";"2020.03.06 17:15:00";"2020.03.06 17:30:00";"30.0";"2475.00";"8359.70020";"8524.70020";"-142647.50";"0.00";"IST";"PT";"15m 0s";"-0.00"
"622";"USTEC_ICM_UTC2";"Buy";"8097.0";"8179.5";"2020.03.09 17:15:00";"2020.03.09 17:37:00";"30.0";"2475.00";"8014.50000";"8179.50000";"-140172.50";"0.00";"IST";"PT";"22m 0s";"-0.00"
"623";"USTEC_ICM_UTC2";"Buy";"8009.6";"8092.1";"2020.03.10 18:00:00";"2020.03.10 18:11:00";"30.0";"2475.00";"7927.10010";"8092.10010";"-137697.50";"0.00";"IST";"PT";"11m 0s";"-0.00"
"624";"USTEC_ICM_UTC2";"Buy";"8152.3";"8069.8";"2020.03.11 18:15:00";"2020.03.11 18:41:00";"30.0";"-2475.00";"8069.79980";"8234.79980";"-140172.50";"0.00";"IST";"SL";"26m 0s";"-0.00"
"625";"USTEC_ICM_UTC2";"Buy";"7587.0";"7504.5";"2020.03.12 17:00:00";"2020.03.12 17:11:00";"30.0";"-2475.00";"7504.50000";"7669.50000";"-142647.50";"0.00";"IST";"SL";"11m 0s";"-0.00"
"626";"USTEC_ICM_UTC2";"Buy";"7587.7";"7505.2";"2020.03.13 16:30:00";"2020.03.13 16:55:00";"30.0";"-2475.00";"7505.20020";"7670.20020";"-145122.50";"0.00";"IST";"SL";"25m 0s";"-0.00"
"627";"USTEC_ICM_UTC2";"Buy";"7465.9";"7383.4";"2020.03.16 18:15:00";"2020.03.16 18:51:00";"30.0";"-2475.00";"7383.39990";"7548.39990";"-147597.50";"0.00";"IST";"SL";"36m 0s";"-0.00"
"628";"USTEC_ICM_UTC2";"Buy";"7157.3";"7239.8";"2020.03.17 16:30:00";"2020.03.17 16:48:00";"30.0";"2475.00";"7074.79980";"7239.79980";"-145122.50";"0.00";"IST";"PT";"18m 0s";"-0.00"
"629";"USTEC_ICM_UTC2";"Buy";"7200.3";"7117.8";"2020.03.18 18:00:00";"2020.03.18 18:15:00";"30.0";"-2475.00";"7117.79980";"7282.79980";"-147597.50";"0.00";"IST";"SL";"15m 0s";"-0.00"
"630";"USTEC_ICM_UTC2";"Buy";"7325.2";"7407.7";"2020.03.19 17:15:00";"2020.03.19 17:26:00";"30.0";"2475.00";"7242.70020";"7407.70020";"-145122.50";"0.00";"IST";"PT";"11m 0s";"-0.00"
"631";"USTEC_ICM_UTC2";"Buy";"7233.3";"7315.8";"2020.03.20 18:45:00";"2020.03.20 19:02:00";"30.0";"2475.00";"7150.79980";"7315.79980";"-142647.50";"0.00";"IST";"PT";"17m 0s";"-0.00"
"632";"USTEC_ICM_UTC2";"Buy";"6853.2";"6935.7";"2020.03.23 18:15:00";"2020.03.23 18:18:00";"30.0";"2475.00";"6770.70020";"6935.70020";"-140172.50";"0.00";"IST";"PT";"3m 0s";"-0.00"
"633";"USTEC_ICM_UTC2";"Buy";"7426.9";"7509.4";"2020.03.24 16:30:00";"2020.03.24 18:30:00";"30.0";"2475.00";"7344.39990";"7509.39990";"-137697.50";"0.00";"IST";"PT";"2h 0m";"-0.00"
"634";"USTEC_ICM_UTC2";"Buy";"7565.0";"7647.5";"2020.03.25 18:15:00";"2020.03.25 18:45:00";"30.0";"2475.00";"7482.50000";"7647.50000";"-135222.50";"0.00";"IST";"PT";"30m 0s";"-0.00"
"635";"USTEC_ICM_UTC2";"Buy";"7735.6";"7818.1";"2020.03.26 17:30:00";"2020.03.26 21:50:00";"30.0";"2475.00";"7653.10010";"7818.10010";"-132747.50";"0.00";"IST";"PT";"4h 20m";"-0.00"
"636";"USTEC_ICM_UTC2";"Buy";"7629.7";"7712.2";"2020.03.27 17:00:00";"2020.03.27 17:17:00";"30.0";"2475.00";"7547.20020";"7712.20020";"-130272.50";"0.00";"IST";"PT";"17m 0s";"-0.00"
"637";"USTEC_ICM_UTC2";"Buy";"7678.7";"7761.2";"2020.03.30 16:45:00";"2020.03.30 17:15:00";"30.0";"2475.00";"7596.20020";"7761.20020";"-127797.50";"0.00";"IST";"PT";"30m 0s";"-0.00"
"638";"USTEC_ICM_UTC2";"Buy";"7954.3";"7871.8";"2020.03.31 17:15:00";"2020.03.31 19:28:00";"30.0";"-2475.00";"7871.79980";"8036.79980";"-130272.50";"0.00";"IST";"SL";"2h 13m";"-0.00"
"639";"USTEC_ICM_UTC2";"Buy";"7617.5";"7700.0";"2020.04.01 16:45:00";"2020.04.01 18:11:00";"30.0";"2475.00";"7535.00000";"7700.00000";"-127797.50";"0.00";"IST";"PT";"1h 26m";"-0.00"
"640";"USTEC_ICM_UTC2";"Buy";"7457.7";"7540.2";"2020.04.02 16:45:00";"2020.04.02 17:12:00";"30.0";"2475.00";"7375.20020";"7540.20020";"-125322.50";"0.00";"IST";"PT";"27m 0s";"-0.00"
"641";"USTEC_ICM_UTC2";"Buy";"7659.6";"7577.1";"2020.04.03 16:45:00";"2020.04.03 17:28:00";"30.0";"-2475.00";"7577.10010";"7742.10010";"-127797.50";"0.00";"IST";"SL";"43m 0s";"-0.00"
"642";"USTEC_ICM_UTC2";"Buy";"8139.2";"8056.7";"2020.04.07 22:15:00";"2020.04.07 22:32:00";"30.0";"-2475.00";"8056.70020";"8221.70020";"-130272.50";"0.00";"IST";"SL";"17m 0s";"-0.00"
"643";"USTEC_ICM_UTC2";"Buy";"8139.8";"8057.3";"2020.04.08 16:45:00";"2020.04.08 17:08:00";"30.0";"-2475.00";"8057.29980";"8222.29980";"-132747.50";"0.00";"IST";"SL";"23m 0s";"-0.00"
"644";"USTEC_ICM_UTC2";"Buy";"8251.8";"8169.3";"2020.04.09 18:45:00";"2020.04.09 21:55:00";"30.0";"-2475.00";"8169.29980";"8334.29980";"-135222.50";"0.00";"IST";"SL";"3h 10m";"-0.00"
"645";"USTEC_ICM_UTC2";"Buy";"8202.1";"8284.6";"2020.04.13 16:30:00";"2020.04.13 22:19:00";"30.0";"2475.00";"8119.60010";"8284.59961";"-132747.50";"0.00";"IST";"PT";"5h 49m";"-0.00"
"646";"USTEC_ICM_UTC2";"Buy";"8600.4";"8682.9";"2020.04.14 18:45:00";"2020.04.14 20:43:00";"30.0";"2475.00";"8517.90039";"8682.90039";"-130272.50";"0.00";"IST";"PT";"1h 58m";"-0.00"
"647";"USTEC_ICM_UTC2";"Buy";"8543.1";"8625.6";"2020.04.15 17:15:00";"2020.04.15 21:18:00";"30.0";"2475.00";"8460.59961";"8625.59961";"-127797.50";"0.00";"IST";"PT";"4h 3m";"-0.00"
"648";"USTEC_ICM_UTC2";"Buy";"8681.6";"8764.1";"2020.04.16 16:45:00";"2020.04.16 18:25:00";"30.0";"2475.00";"8599.09961";"8764.09961";"-125322.50";"0.00";"IST";"PT";"1h 40m";"-0.00"
"649";"USTEC_ICM_UTC2";"Buy";"8758.4";"8832.1";"2020.04.17 19:00:00";"2020.04.17 22:55:00";"30.0";"2210.97";"8675.90039";"8840.90039";"-123111.53";"0.00";"IST";"End Of Friday (Time)";"3h 55m";"-0.00"
"650";"USTEC_ICM_UTC2";"Buy";"8800.7";"8718.2";"2020.04.20 17:30:00";"2020.04.20 23:06:00";"30.0";"-2475.00";"8718.20020";"8883.20020";"-125586.53";"0.00";"IST";"SL";"5h 36m";"-0.00"
"651";"USTEC_ICM_UTC2";"Buy";"8642.4";"8559.9";"2020.04.21 16:30:00";"2020.04.21 16:39:00";"30.0";"-2475.00";"8559.90039";"8724.90039";"-128061.53";"0.00";"IST";"SL";"9m 0s";"-0.00"
"652";"USTEC_ICM_UTC2";"Buy";"8577.8";"8660.3";"2020.04.22 16:45:00";"2020.04.22 20:52:00";"30.0";"2475.00";"8495.29980";"8660.29980";"-125586.53";"0.00";"IST";"PT";"4h 7m";"-0.00"
"653";"USTEC_ICM_UTC2";"Buy";"8753.1";"8670.6";"2020.04.23 19:15:00";"2020.04.23 19:45:00";"30.0";"-2475.00";"8670.59961";"8835.59961";"-128061.53";"0.00";"IST";"SL";"30m 0s";"-0.00"
"654";"USTEC_ICM_UTC2";"Buy";"8637.3";"8719.8";"2020.04.24 16:45:00";"2020.04.24 20:55:00";"30.0";"2475.00";"8554.79980";"8719.79980";"-125586.53";"0.00";"IST";"PT";"4h 10m";"-0.00"
"655";"USTEC_ICM_UTC2";"Buy";"8727.2";"8809.7";"2020.04.28 19:45:00";"2020.04.29 04:08:00";"30.0";"2291.88";"8644.70020";"8809.70020";"-123294.66";"0.00";"IST";"PT";"8h 23m";"-183.12"
"656";"USTEC_ICM_UTC2";"Buy";"8907.2";"8989.7";"2020.04.29 17:00:00";"2020.04.29 21:58:00";"30.0";"2475.00";"8824.70020";"8989.70020";"-120819.66";"0.00";"IST";"PT";"4h 58m";"-0.00"
"657";"USTEC_ICM_UTC2";"Buy";"8952.7";"8852.6";"2020.04.30 19:00:00";"2020.05.01 01:00:00";"30.0";"-3186.72";"8870.20020";"9035.20020";"-124006.38";"0.00";"IST";"SL";"6h 0m";"-183.12"
"658";"USTEC_ICM_UTC2";"Buy";"8861.7";"8779.2";"2020.05.01 17:15:00";"2020.05.01 18:32:00";"30.0";"-2475.00";"8779.20020";"8944.20020";"-126481.38";"0.00";"IST";"SL";"1h 17m";"-0.00"
"659";"USTEC_ICM_UTC2";"Buy";"8769.4";"8851.9";"2020.05.04 18:15:00";"2020.05.05 03:04:00";"30.0";"2291.88";"8686.90039";"8851.90039";"-124189.49";"0.00";"IST";"PT";"8h 49m";"-183.12"
"660";"USTEC_ICM_UTC2";"Buy";"8997.9";"8915.4";"2020.05.05 19:00:00";"2020.05.05 22:37:00";"30.0";"-2475.00";"8915.40039";"9080.40039";"-126664.49";"0.00";"IST";"SL";"3h 37m";"-0.00"
"661";"USTEC_ICM_UTC2";"Buy";"9002.9";"9085.4";"2020.05.06 17:30:00";"2020.05.07 10:15:00";"30.0";"2291.88";"8920.40039";"9085.40039";"-124372.62";"0.00";"IST";"PT";"16h 45m";"-183.12"
"662";"USTEC_ICM_UTC2";"Buy";"9084.5";"9167.0";"2020.05.07 18:15:00";"2020.05.08 03:00:00";"30.0";"2291.88";"9002.00000";"9167.00000";"-122080.73";"0.00";"IST";"PT";"8h 45m";"-183.12"
"663";"USTEC_ICM_UTC2";"Buy";"9212.1";"9221.3";"2020.05.08 18:45:00";"2020.05.08 22:55:00";"30.0";"276.00";"9129.59961";"9294.59961";"-121804.73";"0.00";"IST";"End Of Friday (Time)";"4h 10m";"-0.00"
"664";"USTEC_ICM_UTC2";"Buy";"9238.2";"9320.7";"2020.05.11 18:00:00";"2020.05.11 20:30:00";"30.0";"2475.00";"9155.70020";"9320.70020";"-119329.73";"0.00";"IST";"PT";"2h 30m";"-0.00"
"665";"USTEC_ICM_UTC2";"Buy";"9314.7";"9232.2";"2020.05.12 19:15:00";"2020.05.12 22:21:00";"30.0";"-2475.00";"9232.20020";"9397.20020";"-121804.73";"0.00";"IST";"SL";"3h 6m";"-0.00"
"666";"USTEC_ICM_UTC2";"Buy";"9085.0";"9167.5";"2020.05.13 16:45:00";"2020.05.13 17:06:00";"30.0";"2475.00";"9002.50000";"9167.50000";"-119329.73";"0.00";"IST";"PT";"21m 0s";"-0.00"
"667";"USTEC_ICM_UTC2";"Buy";"8901.6";"8984.1";"2020.05.14 17:45:00";"2020.05.14 19:55:00";"30.0";"2475.00";"8819.09961";"8984.09961";"-116854.73";"0.00";"IST";"PT";"2h 10m";"-0.00"
"668";"USTEC_ICM_UTC2";"Buy";"8993.1";"9075.6";"2020.05.15 18:30:00";"2020.05.15 20:00:00";"30.0";"2475.00";"8910.59961";"9075.59961";"-114379.73";"0.00";"IST";"PT";"1h 30m";"-0.00"
"669";"USTEC_ICM_UTC2";"Buy";"9401.9";"9319.4";"2020.05.19 20:00:00";"2020.05.19 22:51:00";"30.0";"-2475.00";"9319.40039";"9484.40039";"-116854.73";"0.00";"IST";"SL";"2h 51m";"-0.00"
"670";"USTEC_ICM_UTC2";"Buy";"9445.3";"9362.8";"2020.05.20 16:45:00";"2020.05.21 18:23:00";"30.0";"-2658.12";"9362.79980";"9527.79980";"-119512.85";"0.00";"IST";"SL";"1d 1h 38m";"-183.12"
"671";"USTEC_ICM_UTC2";"Buy";"9414.9";"9332.4";"2020.05.21 18:45:00";"2020.05.22 05:13:00";"30.0";"-2658.12";"9332.40039";"9497.40039";"-122170.98";"0.00";"IST";"SL";"10h 28m";"-183.12"
"672";"USTEC_ICM_UTC2";"Buy";"9342.2";"9406.7";"2020.05.22 16:45:00";"2020.05.22 22:55:00";"30.0";"1935.00";"9259.70020";"9424.70020";"-120235.98";"0.00";"IST";"End Of Friday (Time)";"6h 10m";"-0.00"
"673";"USTEC_ICM_UTC2";"Buy";"9464.0";"9381.5";"2020.05.26 19:15:00";"2020.05.26 22:47:00";"30.0";"-2475.00";"9381.50000";"9546.50000";"-122710.98";"0.00";"IST";"SL";"3h 32m";"-0.00"
"674";"USTEC_ICM_UTC2";"Buy";"9365.0";"9282.5";"2020.05.27 16:30:00";"2020.05.27 16:54:00";"30.0";"-2475.00";"9282.50000";"9447.50000";"-125185.98";"0.00";"IST";"SL";"24m 0s";"-0.00"
"675";"USTEC_ICM_UTC2";"Buy";"9472.2";"9554.7";"2020.05.28 17:15:00";"2020.05.28 19:52:00";"30.0";"2475.00";"9389.70020";"9554.70020";"-122710.98";"0.00";"IST";"PT";"2h 37m";"-0.00"
"676";"USTEC_ICM_UTC2";"Buy";"9459.8";"9377.3";"2020.05.29 16:45:00";"2020.05.29 18:03:00";"30.0";"-2475.00";"9377.29980";"9542.29980";"-125185.98";"0.00";"IST";"SL";"1h 18m";"-0.00"
"677";"USTEC_ICM_UTC2";"Buy";"9551.7";"9634.2";"2020.06.02 18:45:00";"2020.06.02 22:50:00";"30.0";"2475.00";"9469.20020";"9634.20020";"-122710.98";"0.00";"IST";"PT";"4h 5m";"-0.00"
"678";"USTEC_ICM_UTC2";"Buy";"9685.8";"9603.3";"2020.06.03 17:45:00";"2020.06.04 21:59:00";"30.0";"-2658.12";"9603.29980";"9768.29980";"-125369.09";"0.00";"IST";"SL";"1d 4h 14m";"-183.12"
"679";"USTEC_ICM_UTC2";"Buy";"9605.0";"9687.5";"2020.06.04 22:45:00";"2020.06.05 08:48:00";"30.0";"2291.88";"9522.50000";"9687.50000";"-123077.21";"0.00";"IST";"PT";"10h 3m";"-183.12"
"680";"USTEC_ICM_UTC2";"Buy";"9823.2";"9811.6";"2020.06.05 19:45:00";"2020.06.05 22:55:00";"30.0";"-348.03";"9740.70020";"9905.70020";"-123425.24";"0.00";"IST";"End Of Friday (Time)";"3h 10m";"-0.00"
"681";"USTEC_ICM_UTC2";"Buy";"9797.2";"9879.7";"2020.06.08 17:45:00";"2020.06.08 22:40:00";"30.0";"2475.00";"9714.70020";"9879.70020";"-120950.24";"0.00";"IST";"PT";"4h 55m";"-0.00"
"682";"USTEC_ICM_UTC2";"Buy";"9969.6";"10052.1";"2020.06.09 19:30:00";"2020.06.10 16:32:00";"30.0";"2291.88";"9887.09961";"10052.09961";"-118658.37";"0.00";"IST";"PT";"21h 2m";"-183.12"
"683";"USTEC_ICM_UTC2";"Buy";"10073.2";"10155.7";"2020.06.10 19:30:00";"2020.06.10 22:29:00";"30.0";"2475.00";"9990.70020";"10155.70020";"-116183.37";"0.00";"IST";"PT";"2h 59m";"-0.00"
"684";"USTEC_ICM_UTC2";"Buy";"9964.7";"9882.2";"2020.06.11 17:15:00";"2020.06.11 18:00:00";"30.0";"-2475.00";"9882.20020";"10047.20020";"-118658.37";"0.00";"IST";"SL";"45m 0s";"-0.00"
"685";"USTEC_ICM_UTC2";"Buy";"9629.2";"9711.7";"2020.06.12 18:30:00";"2020.06.12 18:57:00";"30.0";"2475.00";"9546.70020";"9711.70020";"-116183.37";"0.00";"IST";"PT";"27m 0s";"-0.00"
"686";"USTEC_ICM_UTC2";"Buy";"9591.7";"9674.2";"2020.06.15 18:00:00";"2020.06.15 19:18:00";"30.0";"2475.00";"9509.20020";"9674.20020";"-113708.37";"0.00";"IST";"PT";"1h 18m";"-0.00"
"687";"USTEC_ICM_UTC2";"Buy";"9973.2";"9890.7";"2020.06.16 19:45:00";"2020.06.16 22:17:00";"30.0";"-2475.00";"9890.70020";"10055.70020";"-116183.37";"0.00";"IST";"SL";"2h 32m";"-0.00"
"688";"USTEC_ICM_UTC2";"Buy";"10024.1";"9941.6";"2020.06.17 16:45:00";"2020.06.18 03:06:00";"30.0";"-2658.12";"9941.59961";"10106.59961";"-118841.48";"0.00";"IST";"SL";"10h 21m";"-183.12"
"689";"USTEC_ICM_UTC2";"Buy";"9989.0";"10071.5";"2020.06.18 16:45:00";"2020.06.19 09:34:00";"30.0";"2291.88";"9906.50000";"10071.50000";"-116549.60";"0.00";"IST";"PT";"16h 49m";"-183.12"
"690";"USTEC_ICM_UTC2";"Buy";"10031.3";"9948.8";"2020.06.19 20:00:00";"2020.06.19 21:07:00";"30.0";"-2475.00";"9948.79980";"10113.79980";"-119024.60";"0.00";"IST";"SL";"1h 7m";"-0.00"
"691";"USTEC_ICM_UTC2";"Buy";"10001.4";"10083.9";"2020.06.22 16:45:00";"2020.06.22 19:04:00";"30.0";"2475.00";"9918.90039";"10083.90039";"-116549.60";"0.00";"IST";"PT";"2h 19m";"-0.00"
"692";"USTEC_ICM_UTC2";"Buy";"10274.0";"10191.5";"2020.06.23 19:00:00";"2020.06.23 22:51:00";"30.0";"-2475.00";"10191.50000";"10356.50000";"-119024.60";"0.00";"IST";"SL";"3h 51m";"-0.00"
"693";"USTEC_ICM_UTC2";"Buy";"10216.5";"10134.0";"2020.06.24 16:45:00";"2020.06.24 16:57:00";"30.0";"-2475.00";"10134.00000";"10299.00000";"-121499.60";"0.00";"IST";"SL";"12m 0s";"-0.00"
"694";"USTEC_ICM_UTC2";"Buy";"9979.4";"10061.9";"2020.06.25 17:15:00";"2020.06.25 22:22:00";"30.0";"2475.00";"9896.90039";"10061.90039";"-119024.60";"0.00";"IST";"PT";"5h 7m";"-0.00"
"695";"USTEC_ICM_UTC2";"Buy";"9971.4";"9888.9";"2020.06.26 17:15:00";"2020.06.26 17:38:00";"30.0";"-2475.00";"9888.90039";"10053.90039";"-121499.60";"0.00";"IST";"SL";"23m 0s";"-0.00"
"696";"USTEC_ICM_UTC2";"Buy";"9770.5";"9853.0";"2020.06.29 16:45:00";"2020.06.29 17:19:00";"30.0";"2475.00";"9688.00000";"9853.00000";"-119024.60";"0.00";"IST";"PT";"34m 0s";"-0.00"
"697";"USTEC_ICM_UTC2";"Buy";"10074.1";"10156.6";"2020.06.30 18:00:00";"2020.06.30 22:50:00";"30.0";"2475.00";"9991.59961";"10156.59961";"-116549.60";"0.00";"IST";"PT";"4h 50m";"-0.00"
"698";"USTEC_ICM_UTC2";"Buy";"10244.1";"10326.6";"2020.07.01 19:00:00";"2020.07.02 09:07:00";"30.0";"2291.88";"10161.59961";"10326.59961";"-114257.73";"0.00";"IST";"PT";"14h 7m";"-183.12"
"699";"USTEC_ICM_UTC2";"Buy";"10388.3";"10470.8";"2020.07.02 18:45:00";"2020.07.06 04:41:00";"30.0";"1742.52";"10305.79980";"10470.79980";"-112515.20";"0.00";"IST";"PT";"3d 9h 56m";"-732.48"
"700";"USTEC_ICM_UTC2";"Buy";"10628.1";"10545.6";"2020.07.07 19:45:00";"2020.07.07 22:50:00";"30.0";"-2475.00";"10545.59961";"10710.59961";"-114990.20";"0.00";"IST";"SL";"3h 5m";"-0.00"
"701";"USTEC_ICM_UTC2";"Buy";"10602.6";"10696.7";"2020.07.08 19:00:00";"2020.07.09 01:00:00";"30.0";"2638.71";"10520.09961";"10685.09961";"-112351.49";"0.00";"IST";"PT";"6h 0m";"-183.12"
"702";"USTEC_ICM_UTC2";"Buy";"10618.6";"10701.1";"2020.07.09 18:30:00";"2020.07.09 19:50:00";"30.0";"2475.00";"10536.09961";"10701.09961";"-109876.49";"0.00";"IST";"PT";"1h 20m";"-0.00"
"703";"USTEC_ICM_UTC2";"Buy";"10709.0";"10791.5";"2020.07.10 16:45:00";"2020.07.10 21:46:00";"30.0";"2475.00";"10626.50000";"10791.50000";"-107401.49";"0.00";"IST";"PT";"5h 1m";"-0.00"
"704";"USTEC_ICM_UTC2";"Buy";"10621.4";"10538.9";"2020.07.14 16:45:00";"2020.07.14 16:48:00";"30.0";"-2475.00";"10538.90039";"10703.90039";"-109876.49";"0.00";"IST";"SL";"3m 0s";"-0.00"
"705";"USTEC_ICM_UTC2";"Buy";"10635.3";"10717.8";"2020.07.15 18:45:00";"2020.07.15 21:05:00";"30.0";"2475.00";"10552.79980";"10717.79980";"-107401.49";"0.00";"IST";"PT";"2h 20m";"-0.00"
"706";"USTEC_ICM_UTC2";"Buy";"10594.0";"10511.5";"2020.07.16 16:45:00";"2020.07.16 18:02:00";"30.0";"-2475.00";"10511.50000";"10676.50000";"-109876.49";"0.00";"IST";"SL";"1h 17m";"-0.00"
"707";"USTEC_ICM_UTC2";"Buy";"10617.8";"10637.3";"2020.07.17 17:15:00";"2020.07.17 22:55:00";"30.0";"585.00";"10535.29980";"10700.29980";"-109291.49";"0.00";"IST";"End Of Friday (Time)";"5h 40m";"-0.00"
"708";"USTEC_ICM_UTC2";"Buy";"10883.8";"10801.3";"2020.07.21 18:45:00";"2020.07.21 22:52:00";"30.0";"-2475.00";"10801.29980";"10966.29980";"-111766.49";"0.00";"IST";"SL";"4h 7m";"-0.00"
"709";"USTEC_ICM_UTC2";"Buy";"10849.9";"10932.4";"2020.07.22 16:45:00";"2020.07.23 09:47:00";"30.0";"2291.88";"10767.40039";"10932.40039";"-109474.62";"0.00";"IST";"PT";"17h 2m";"-183.12"
"710";"USTEC_ICM_UTC2";"Buy";"10855.1";"10772.6";"2020.07.23 16:30:00";"2020.07.23 19:03:00";"30.0";"-2475.00";"10772.59961";"10937.59961";"-111949.62";"0.00";"IST";"SL";"2h 33m";"-0.00"
"711";"USTEC_ICM_UTC2";"Buy";"10371.9";"10454.4";"2020.07.24 16:45:00";"2020.07.24 17:21:00";"30.0";"2475.00";"10289.40039";"10454.40039";"-109474.62";"0.00";"IST";"PT";"36m 0s";"-0.00"
"712";"USTEC_ICM_UTC2";"Buy";"10620.3";"10537.8";"2020.07.27 16:45:00";"2020.07.27 18:36:00";"30.0";"-2475.00";"10537.79980";"10702.79980";"-111949.62";"0.00";"IST";"SL";"1h 51m";"-0.00"
"713";"USTEC_ICM_UTC2";"Buy";"10629.2";"10546.7";"2020.07.28 19:30:00";"2020.07.28 22:50:00";"30.0";"-2475.00";"10546.70020";"10711.70020";"-114424.62";"0.00";"IST";"SL";"3h 20m";"-0.00"
"714";"USTEC_ICM_UTC2";"Buy";"10631.0";"10548.5";"2020.07.29 17:15:00";"2020.07.30 11:55:00";"30.0";"-2658.12";"10548.50000";"10713.50000";"-117082.73";"0.00";"IST";"SL";"18h 40m";"-183.12"
"715";"USTEC_ICM_UTC2";"Buy";"10578.9";"10661.4";"2020.07.30 16:30:00";"2020.07.30 18:43:00";"30.0";"2475.00";"10496.40039";"10661.40039";"-114607.73";"0.00";"IST";"PT";"2h 13m";"-0.00"
"716";"USTEC_ICM_UTC2";"Buy";"10799.7";"10717.2";"2020.07.31 19:00:00";"2020.07.31 19:38:00";"30.0";"-2475.00";"10717.20020";"10882.20020";"-117082.73";"0.00";"IST";"SL";"38m 0s";"-0.00"
"717";"USTEC_ICM_UTC2";"Buy";"11058.0";"11140.5";"2020.08.04 19:00:00";"2020.08.05 10:06:00";"30.0";"2291.88";"10975.50000";"11140.50000";"-114790.85";"0.00";"IST";"PT";"15h 6m";"-183.12"
"718";"USTEC_ICM_UTC2";"Buy";"11122.9";"11205.4";"2020.08.05 19:15:00";"2020.08.06 20:50:00";"30.0";"2291.88";"11040.40039";"11205.40039";"-112498.98";"0.00";"IST";"PT";"1d 1h 35m";"-183.12"
"719";"USTEC_ICM_UTC2";"Buy";"11183.8";"11101.3";"2020.08.07 19:00:00";"2020.08.07 20:10:00";"30.0";"-2475.00";"11101.29980";"11266.29980";"-114973.98";"0.00";"IST";"SL";"1h 10m";"-0.00"
"720";"USTEC_ICM_UTC2";"Buy";"11145.9";"11063.4";"2020.08.10 16:30:00";"2020.08.10 17:22:00";"30.0";"-2475.00";"11063.40039";"11228.40039";"-117448.98";"0.00";"IST";"SL";"52m 0s";"-0.00"
"721";"USTEC_ICM_UTC2";"Buy";"11035.9";"10953.4";"2020.08.11 16:30:00";"2020.08.11 17:08:00";"30.0";"-2475.00";"10953.40039";"11118.40039";"-119923.98";"0.00";"IST";"SL";"38m 0s";"-0.00"
"722";"USTEC_ICM_UTC2";"Buy";"11103.7";"11186.2";"2020.08.12 17:30:00";"2020.08.12 21:00:00";"30.0";"2475.00";"11021.20020";"11186.20020";"-117448.98";"0.00";"IST";"PT";"3h 30m";"-0.00"
"723";"USTEC_ICM_UTC2";"Buy";"11252.9";"11170.4";"2020.08.13 19:15:00";"2020.08.13 21:21:00";"30.0";"-2475.00";"11170.40039";"11335.40039";"-119923.98";"0.00";"IST";"SL";"2h 6m";"-0.00"
"724";"USTEC_ICM_UTC2";"Buy";"11203.9";"11121.4";"2020.08.14 16:45:00";"2020.08.14 17:20:00";"30.0";"-2475.00";"11121.40039";"11286.40039";"-122398.98";"0.00";"IST";"SL";"35m 0s";"-0.00"
"725";"USTEC_ICM_UTC2";"Buy";"11234.6";"11317.1";"2020.08.17 16:30:00";"2020.08.18 12:33:00";"30.0";"2291.88";"11152.09961";"11317.09961";"-120107.09";"0.00";"IST";"PT";"20h 3m";"-183.12"
"726";"USTEC_ICM_UTC2";"Buy";"11361.9";"11279.4";"2020.08.18 19:00:00";"2020.08.20 04:14:00";"30.0";"-2841.24";"11279.40039";"11444.40039";"-122948.34";"0.00";"IST";"SL";"1d 9h 14m";"-366.24"
"727";"USTEC_ICM_UTC2";"Buy";"11341.7";"11424.2";"2020.08.20 16:45:00";"2020.08.20 18:57:00";"30.0";"2475.00";"11259.20020";"11424.20020";"-120473.34";"0.00";"IST";"PT";"2h 12m";"-0.00"
"728";"USTEC_ICM_UTC2";"Buy";"11537.7";"11557.1";"2020.08.21 19:15:00";"2020.08.21 22:55:00";"30.0";"581.97";"11455.20020";"11620.20020";"-119891.37";"0.00";"IST";"End Of Friday (Time)";"3h 40m";"-0.00"
"729";"USTEC_ICM_UTC2";"Buy";"11635.1";"11717.6";"2020.08.25 19:15:00";"2020.08.25 22:26:00";"30.0";"2475.00";"11552.59961";"11717.59961";"-117416.37";"0.00";"IST";"PT";"3h 11m";"-0.00"
"730";"USTEC_ICM_UTC2";"Buy";"12037.3";"11954.8";"2020.08.27 18:45:00";"2020.08.27 19:20:00";"30.0";"-2475.00";"11954.79980";"12119.79980";"-119891.37";"0.00";"IST";"SL";"35m 0s";"-0.00"
"731";"USTEC_ICM_UTC2";"Buy";"11984.1";"11988.1";"2020.08.28 17:15:00";"2020.08.28 22:55:00";"30.0";"120.00";"11901.59961";"12066.59961";"-119771.37";"0.00";"IST";"End Of Friday (Time)";"5h 40m";"-0.00"
"732";"USTEC_ICM_UTC2";"Buy";"12019.7";"12102.2";"2020.08.31 16:30:00";"2020.08.31 18:11:00";"30.0";"2475.00";"11937.20020";"12102.20020";"-117296.37";"0.00";"IST";"PT";"1h 41m";"-0.00"
"733";"USTEC_ICM_UTC2";"Buy";"12254.9";"12337.4";"2020.09.01 19:15:00";"2020.09.02 02:23:00";"30.0";"2291.88";"12172.40039";"12337.40039";"-115004.48";"0.00";"IST";"PT";"7h 8m";"-183.12"
"734";"USTEC_ICM_UTC2";"Buy";"12217.7";"12300.2";"2020.09.02 18:45:00";"2020.09.02 19:15:00";"30.0";"2475.00";"12135.20020";"12300.20020";"-112529.48";"0.00";"IST";"PT";"30m 0s";"-0.00"
"735";"USTEC_ICM_UTC2";"Buy";"12157.5";"12075.0";"2020.09.03 16:45:00";"2020.09.03 17:20:00";"30.0";"-2475.00";"12075.00000";"12240.00000";"-115004.48";"0.00";"IST";"SL";"35m 0s";"-0.00"
"736";"USTEC_ICM_UTC2";"Buy";"11715.5";"11798.0";"2020.09.04 16:30:00";"2020.09.04 16:32:00";"30.0";"2475.00";"11633.00000";"11798.00000";"-112529.48";"0.00";"IST";"PT";"2m 0s";"-0.00"
"737";"USTEC_ICM_UTC2";"Buy";"11476.4";"11558.9";"2020.09.07 16:45:00";"2020.09.08 01:26:00";"30.0";"2291.88";"11393.90039";"11558.90039";"-110237.61";"0.00";"IST";"PT";"8h 41m";"-183.12"
"738";"USTEC_ICM_UTC2";"Buy";"11159.4";"11241.9";"2020.09.08 16:45:00";"2020.09.08 16:53:00";"30.0";"2475.00";"11076.90039";"11241.90039";"-107762.61";"0.00";"IST";"PT";"8m 0s";"-0.00"
"739";"USTEC_ICM_UTC2";"Buy";"11262.9";"11345.4";"2020.09.09 17:15:00";"2020.09.09 17:27:00";"30.0";"2475.00";"11180.40039";"11345.40039";"-105287.61";"0.00";"IST";"PT";"12m 0s";"-0.00"
"740";"USTEC_ICM_UTC2";"Buy";"11484.8";"11402.3";"2020.09.10 18:30:00";"2020.09.10 19:04:00";"30.0";"-2475.00";"11402.29980";"11567.29980";"-107762.61";"0.00";"IST";"SL";"34m 0s";"-0.00"
"741";"USTEC_ICM_UTC2";"Buy";"11204.6";"11122.1";"2020.09.11 17:30:00";"2020.09.11 18:59:00";"30.0";"-2475.00";"11122.09961";"11287.09961";"-110237.61";"0.00";"IST";"SL";"1h 29m";"-0.00"
"742";"USTEC_ICM_UTC2";"Buy";"11244.9";"11327.4";"2020.09.14 16:30:00";"2020.09.14 17:06:00";"30.0";"2475.00";"11162.40039";"11327.40039";"-107762.61";"0.00";"IST";"PT";"36m 0s";"-0.00"
"743";"USTEC_ICM_UTC2";"Buy";"11460.9";"11378.4";"2020.09.15 18:45:00";"2020.09.15 22:37:00";"30.0";"-2475.00";"11378.40039";"11543.40039";"-110237.61";"0.00";"IST";"SL";"3h 52m";"-0.00"
"744";"USTEC_ICM_UTC2";"Buy";"11436.6";"11354.1";"2020.09.16 16:45:00";"2020.09.16 17:45:00";"30.0";"-2475.00";"11354.09961";"11519.09961";"-112712.61";"0.00";"IST";"SL";"1h 0m";"-0.00"
"745";"USTEC_ICM_UTC2";"Buy";"11004.9";"11087.4";"2020.09.17 16:45:00";"2020.09.17 17:00:00";"30.0";"2475.00";"10922.40039";"11087.40039";"-110237.61";"0.00";"IST";"PT";"15m 0s";"-0.00"
"746";"USTEC_ICM_UTC2";"Buy";"11100.3";"11017.8";"2020.09.18 17:15:00";"2020.09.18 17:35:00";"30.0";"-2475.00";"11017.79980";"11182.79980";"-112712.61";"0.00";"IST";"SL";"20m 0s";"-0.00"
"747";"USTEC_ICM_UTC2";"Buy";"10799.3";"10716.8";"2020.09.21 16:45:00";"2020.09.21 17:30:00";"30.0";"-2475.00";"10716.79980";"10881.79980";"-115187.61";"0.00";"IST";"SL";"45m 0s";"-0.00"
"748";"USTEC_ICM_UTC2";"Buy";"11062.5";"10980.0";"2020.09.22 17:15:00";"2020.09.22 17:56:00";"30.0";"-2475.00";"10980.00000";"11145.00000";"-117662.61";"0.00";"IST";"SL";"41m 0s";"-0.00"
"749";"USTEC_ICM_UTC2";"Buy";"11103.6";"11021.1";"2020.09.23 17:45:00";"2020.09.23 18:52:00";"30.0";"-2475.00";"11021.09961";"11186.09961";"-120137.61";"0.00";"IST";"SL";"1h 7m";"-0.00"
"750";"USTEC_ICM_UTC2";"Buy";"10911.7";"10994.2";"2020.09.24 18:00:00";"2020.09.24 19:05:00";"30.0";"2475.00";"10829.20020";"10994.20020";"-117662.61";"0.00";"IST";"PT";"1h 5m";"-0.00"
"751";"USTEC_ICM_UTC2";"Buy";"10871.0";"10953.5";"2020.09.25 17:15:00";"2020.09.25 17:23:00";"30.0";"2475.00";"10788.50000";"10953.50000";"-115187.61";"0.00";"IST";"PT";"8m 0s";"-0.00"
"752";"USTEC_ICM_UTC2";"Buy";"11335.4";"11417.9";"2020.09.29 19:30:00";"2020.09.30 05:16:00";"30.0";"2291.88";"11252.90039";"11417.90039";"-112895.73";"0.00";"IST";"PT";"9h 46m";"-183.12"
"753";"USTEC_ICM_UTC2";"Buy";"11344.6";"11427.1";"2020.09.30 16:45:00";"2020.09.30 16:58:00";"30.0";"2475.00";"11262.09961";"11427.09961";"-110420.73";"0.00";"IST";"PT";"13m 0s";"-0.00"
"754";"USTEC_ICM_UTC2";"Buy";"11536.8";"11454.3";"2020.10.01 19:45:00";"2020.10.02 08:01:00";"30.0";"-2658.12";"11454.29980";"11619.29980";"-113078.84";"0.00";"IST";"SL";"12h 16m";"-183.12"
"755";"USTEC_ICM_UTC2";"Buy";"11325.1";"11407.6";"2020.10.02 16:30:00";"2020.10.02 16:38:00";"30.0";"2475.00";"11242.59961";"11407.59961";"-110603.84";"0.00";"IST";"PT";"8m 0s";"-0.00"
"756";"USTEC_ICM_UTC2";"Buy";"11340.1";"11422.6";"2020.10.05 16:30:00";"2020.10.05 17:13:00";"30.0";"2475.00";"11257.59961";"11422.59961";"-108128.84";"0.00";"IST";"PT";"43m 0s";"-0.00"
"757";"USTEC_ICM_UTC2";"Buy";"11464.8";"11382.3";"2020.10.06 16:45:00";"2020.10.06 18:50:00";"30.0";"-2475.00";"11382.29980";"11547.29980";"-110603.84";"0.00";"IST";"SL";"2h 5m";"-0.00"
"758";"USTEC_ICM_UTC2";"Buy";"11398.0";"11480.5";"2020.10.07 16:30:00";"2020.10.07 20:03:00";"30.0";"2475.00";"11315.50000";"11480.50000";"-108128.84";"0.00";"IST";"PT";"3h 33m";"-0.00"
"759";"USTEC_ICM_UTC2";"Buy";"11568.9";"11651.4";"2020.10.08 19:15:00";"2020.10.09 16:52:00";"30.0";"2291.88";"11486.40039";"11651.40039";"-105836.97";"0.00";"IST";"PT";"21h 37m";"-183.12"
"760";"USTEC_ICM_UTC2";"Buy";"11675.4";"11713.5";"2020.10.09 18:45:00";"2020.10.09 22:55:00";"30.0";"1143.00";"11592.90039";"11757.90039";"-104693.97";"0.00";"IST";"End Of Friday (Time)";"4h 10m";"-0.00"
"761";"USTEC_ICM_UTC2";"Buy";"12123.0";"12040.5";"2020.10.13 19:45:00";"2020.10.13 20:57:00";"30.0";"-2475.00";"12040.50000";"12205.50000";"-107168.97";"0.00";"IST";"SL";"1h 12m";"-0.00"
"762";"USTEC_ICM_UTC2";"Buy";"12118.5";"12036.0";"2020.10.14 16:30:00";"2020.10.14 17:34:00";"30.0";"-2475.00";"12036.00000";"12201.00000";"-109643.97";"0.00";"IST";"SL";"1h 4m";"-0.00"
"763";"USTEC_ICM_UTC2";"Buy";"11863.2";"11780.7";"2020.10.15 16:45:00";"2020.10.15 17:34:00";"30.0";"-2475.00";"11780.70020";"11945.70020";"-112118.97";"0.00";"IST";"SL";"49m 0s";"-0.00"
"764";"USTEC_ICM_UTC2";"Buy";"11971.5";"11889.0";"2020.10.16 16:30:00";"2020.10.16 18:25:00";"30.0";"-2475.00";"11889.00000";"12054.00000";"-114593.97";"0.00";"IST";"SL";"1h 55m";"-0.00"
"765";"USTEC_ICM_UTC2";"Buy";"11785.2";"11702.7";"2020.10.19 17:45:00";"2020.10.19 21:39:00";"30.0";"-2475.00";"11702.70020";"11867.70020";"-117068.97";"0.00";"IST";"SL";"3h 54m";"-0.00"
"766";"USTEC_ICM_UTC2";"Buy";"11686.8";"11769.3";"2020.10.20 16:45:00";"2020.10.20 20:14:00";"30.0";"2475.00";"11604.29980";"11769.29980";"-114593.97";"0.00";"IST";"PT";"3h 29m";"-0.00"
"767";"USTEC_ICM_UTC2";"Buy";"11680.4";"11762.9";"2020.10.21 16:30:00";"2020.10.21 16:48:00";"30.0";"2475.00";"11597.90039";"11762.90039";"-112118.97";"0.00";"IST";"PT";"18m 0s";"-0.00"
"768";"USTEC_ICM_UTC2";"Buy";"11698.1";"11615.6";"2020.10.22 16:30:00";"2020.10.22 17:23:00";"30.0";"-2475.00";"11615.59961";"11780.59961";"-114593.97";"0.00";"IST";"SL";"53m 0s";"-0.00"
"769";"USTEC_ICM_UTC2";"Buy";"11621.3";"11683.9";"2020.10.23 17:30:00";"2020.10.23 22:55:00";"30.0";"1878.03";"11538.79980";"11703.79980";"-112715.94";"0.00";"IST";"End Of Friday (Time)";"5h 25m";"-0.00"
"770";"USTEC_ICM_UTC2";"Buy";"11492.8";"11410.3";"2020.10.26 18:00:00";"2020.10.26 19:06:00";"30.0";"-2475.00";"11410.29980";"11575.29980";"-115190.94";"0.00";"IST";"SL";"1h 6m";"-0.00"
"771";"USTEC_ICM_UTC2";"Buy";"11549.4";"11631.9";"2020.10.27 16:45:00";"2020.10.27 21:41:00";"30.0";"2475.00";"11466.90039";"11631.90039";"-112715.94";"0.00";"IST";"PT";"4h 56m";"-0.00"
"772";"USTEC_ICM_UTC2";"Buy";"11263.7";"11181.2";"2020.10.28 16:45:00";"2020.10.28 19:16:00";"30.0";"-2475.00";"11181.20020";"11346.20020";"-115190.94";"0.00";"IST";"SL";"2h 31m";"-0.00"
"773";"USTEC_ICM_UTC2";"Buy";"11320.8";"11403.3";"2020.10.29 17:15:00";"2020.10.29 20:00:00";"30.0";"2475.00";"11238.29980";"11403.29980";"-112715.94";"0.00";"IST";"PT";"2h 45m";"-0.00"
"774";"USTEC_ICM_UTC2";"Buy";"11079.3";"10996.8";"2020.10.30 17:15:00";"2020.10.30 17:47:00";"30.0";"-2475.00";"10996.79980";"11161.79980";"-115190.94";"0.00";"IST";"SL";"32m 0s";"-0.00"
"775";"USTEC_ICM_UTC2";"Buy";"11153.8";"11071.3";"2020.11.02 16:30:00";"2020.11.02 18:38:00";"30.0";"-2475.00";"11071.29980";"11236.29980";"-117665.94";"0.00";"IST";"SL";"2h 8m";"-0.00"
"776";"USTEC_ICM_UTC2";"Buy";"11346.8";"11264.3";"2020.11.03 18:00:00";"2020.11.03 20:52:00";"30.0";"-2475.00";"11264.29980";"11429.29980";"-120140.94";"0.00";"IST";"SL";"2h 52m";"-0.00"
"777";"USTEC_ICM_UTC2";"Buy";"11782.0";"11864.5";"2020.11.04 18:45:00";"2020.11.05 05:23:00";"30.0";"2291.88";"11699.50000";"11864.50000";"-117849.05";"0.00";"IST";"PT";"10h 38m";"-183.12"
"778";"USTEC_ICM_UTC2";"Buy";"12040.4";"11957.9";"2020.11.05 18:45:00";"2020.11.06 05:59:00";"30.0";"-2658.12";"11957.90039";"12122.90039";"-120507.18";"0.00";"IST";"SL";"11h 14m";"-183.12"
"779";"USTEC_ICM_UTC2";"Buy";"11966.5";"12049.0";"2020.11.06 17:15:00";"2020.11.06 18:35:00";"30.0";"2475.00";"11884.00000";"12049.00000";"-118032.18";"0.00";"IST";"PT";"1h 20m";"-0.00"
"780";"USTEC_ICM_UTC2";"Buy";"11661.2";"11578.7";"2020.11.10 16:45:00";"2020.11.10 17:28:00";"30.0";"-2475.00";"11578.70020";"11743.70020";"-120507.18";"0.00";"IST";"SL";"43m 0s";"-0.00"
"781";"USTEC_ICM_UTC2";"Buy";"11829.7";"11912.2";"2020.11.11 16:45:00";"2020.11.11 23:03:00";"30.0";"2475.00";"11747.20020";"11912.20020";"-118032.18";"0.00";"IST";"PT";"6h 18m";"-0.00"
"782";"USTEC_ICM_UTC2";"Buy";"11920.1";"11837.6";"2020.11.12 19:15:00";"2020.11.12 19:46:00";"30.0";"-2475.00";"11837.59961";"12002.59961";"-120507.18";"0.00";"IST";"SL";"31m 0s";"-0.00"
"783";"USTEC_ICM_UTC2";"Buy";"11894.5";"11812.0";"2020.11.13 16:30:00";"2020.11.13 17:57:00";"30.0";"-2475.00";"11812.00000";"11977.00000";"-122982.18";"0.00";"IST";"SL";"1h 27m";"-0.00"
"784";"USTEC_ICM_UTC2";"Buy";"12006.2";"11923.7";"2020.11.17 19:00:00";"2020.11.18 08:26:00";"30.0";"-2658.12";"11923.70020";"12088.70020";"-125640.30";"0.00";"IST";"SL";"13h 26m";"-183.12"
"785";"USTEC_ICM_UTC2";"Buy";"11980.4";"11897.9";"2020.11.18 16:45:00";"2020.11.18 22:59:00";"30.0";"-2475.00";"11897.90039";"12062.90039";"-128115.30";"0.00";"IST";"SL";"6h 14m";"-0.00"
"786";"USTEC_ICM_UTC2";"Buy";"11897.0";"11979.5";"2020.11.19 16:45:00";"2020.11.19 21:38:00";"30.0";"2475.00";"11814.50000";"11979.50000";"-125640.30";"0.00";"IST";"PT";"4h 53m";"-0.00"
"787";"USTEC_ICM_UTC2";"Buy";"11996.3";"11918.2";"2020.11.20 19:30:00";"2020.11.20 22:55:00";"30.0";"-2343.00";"11913.79980";"12078.79980";"-127983.30";"0.00";"IST";"End Of Friday (Time)";"3h 25m";"-0.00"
"788";"USTEC_ICM_UTC2";"Buy";"11911.5";"11829.0";"2020.11.23 18:00:00";"2020.11.23 18:11:00";"30.0";"-2475.00";"11829.00000";"11994.00000";"-130458.30";"0.00";"IST";"SL";"11m 0s";"-0.00"
"789";"USTEC_ICM_UTC2";"Buy";"11951.5";"12034.0";"2020.11.24 16:30:00";"2020.11.24 18:49:00";"30.0";"2475.00";"11869.00000";"12034.00000";"-127983.30";"0.00";"IST";"PT";"2h 19m";"-0.00"
"790";"USTEC_ICM_UTC2";"Buy";"12111.1";"12193.6";"2020.11.25 19:15:00";"2020.11.26 03:37:00";"30.0";"2291.88";"12028.59961";"12193.59961";"-125691.41";"0.00";"IST";"PT";"8h 22m";"-183.12"
"791";"USTEC_ICM_UTC2";"Buy";"12246.8";"12329.3";"2020.11.27 19:45:00";"2020.11.30 01:00:00";"30.0";"1925.64";"12164.29980";"12329.29980";"-123765.77";"0.00";"IST";"PT";"2d 5h 15m";"-549.36"
"792";"USTEC_ICM_UTC2";"Buy";"12169.3";"12251.8";"2020.11.30 18:15:00";"2020.11.30 21:26:00";"30.0";"2475.00";"12086.79980";"12251.79980";"-121290.77";"0.00";"IST";"PT";"3h 11m";"-0.00"
"793";"USTEC_ICM_UTC2";"Buy";"12322.5";"12405.0";"2020.12.02 16:45:00";"2020.12.02 17:12:00";"30.0";"2475.00";"12240.00000";"12405.00000";"-118815.77";"0.00";"IST";"PT";"27m 0s";"-0.00"
"794";"USTEC_ICM_UTC2";"Buy";"12490.0";"12516.1";"2020.12.03 18:30:00";"2020.12.04 22:55:00";"30.0";"599.88";"12407.50000";"12572.50000";"-118215.90";"0.00";"IST";"End Of Friday (Time)";"1d 4h 25m";"-183.12"
"795";"USTEC_ICM_UTC2";"Buy";"12594.1";"12511.6";"2020.12.08 19:45:00";"2020.12.09 19:39:00";"30.0";"-2658.12";"12511.59961";"12676.59961";"-120874.02";"0.00";"IST";"SL";"23h 54m";"-183.12"
"796";"USTEC_ICM_UTC2";"Buy";"12482.2";"12399.7";"2020.12.09 20:15:00";"2020.12.09 20:34:00";"30.0";"-2475.00";"12399.70020";"12564.70020";"-123349.02";"0.00";"IST";"SL";"19m 0s";"-0.00"
"797";"USTEC_ICM_UTC2";"Buy";"12265.3";"12347.8";"2020.12.10 16:30:00";"2020.12.10 16:50:00";"30.0";"2475.00";"12182.79980";"12347.79980";"-120874.02";"0.00";"IST";"PT";"20m 0s";"-0.00"
"798";"USTEC_ICM_UTC2";"Buy";"12330.5";"12248.0";"2020.12.11 16:30:00";"2020.12.11 19:22:00";"30.0";"-2475.00";"12248.00000";"12413.00000";"-123349.02";"0.00";"IST";"SL";"2h 52m";"-0.00"
"799";"USTEC_ICM_UTC2";"Buy";"12503.3";"12585.8";"2020.12.15 18:45:00";"2020.12.15 22:24:00";"30.0";"2475.00";"12420.79980";"12585.79980";"-120874.02";"0.00";"IST";"PT";"3h 39m";"-0.00"
"800";"USTEC_ICM_UTC2";"Buy";"12642.5";"12725.0";"2020.12.16 18:45:00";"2020.12.17 09:27:00";"30.0";"2291.88";"12560.00000";"12725.00000";"-118582.13";"0.00";"IST";"PT";"14h 42m";"-183.12"
"801";"USTEC_ICM_UTC2";"Buy";"12709.1";"12626.6";"2020.12.17 19:15:00";"2020.12.18 22:26:00";"30.0";"-2658.12";"12626.59961";"12791.59961";"-121240.26";"0.00";"IST";"SL";"1d 3h 11m";"-183.12"
"802";"USTEC_ICM_UTC2";"Buy";"12498.5";"12581.0";"2020.12.21 18:00:00";"2020.12.21 18:38:00";"30.0";"2475.00";"12416.00000";"12581.00000";"-118765.26";"0.00";"IST";"PT";"38m 0s";"-0.00"
"803";"USTEC_ICM_UTC2";"Buy";"12752.5";"12670.0";"2020.12.22 17:00:00";"2020.12.22 18:03:00";"30.0";"-2475.00";"12670.00000";"12835.00000";"-121240.26";"0.00";"IST";"SL";"1h 3m";"-0.00"
"804";"USTEC_ICM_UTC2";"Buy";"12719.7";"12637.2";"2020.12.23 16:30:00";"2020.12.23 23:10:00";"30.0";"-2475.00";"12637.20020";"12802.20020";"-123715.26";"0.00";"IST";"SL";"6h 40m";"-0.00"
"805";"USTEC_ICM_UTC2";"Buy";"12719.5";"12802.0";"2020.12.24 16:45:00";"2020.12.28 13:15:00";"30.0";"1742.52";"12637.00000";"12802.00000";"-121972.73";"0.00";"IST";"PT";"3d 20h 30m";"-732.48"
"806";"USTEC_ICM_UTC2";"Buy";"12872.5";"12883.9";"2020.12.29 18:45:00";"2020.12.31 23:14:00";"30.0";"341.97";"12790.00000";"12955.00000";"-121630.77";"0.00";"IST";"EndTest";"2d 4h 29m";"-0.00"
