"Ticket";"Symbol";"Type";"Open price";"Close price";"Open time";"Close time";"Size";"Profit/Loss";"Stop Loss price level";"Profit Target price level";"Balance";"Slippage ($)";"Sample type";"Close type";"Time in trade";"Comm/Swap"
"1";"USTEC_ICM_UTC2";"Buy";"4261.9";"4232.6";"2015.01.02 17:00:00";"2015.01.02 22:55:00";"30.0";"-879.00";"4179.39990";"4344.39990";"49121.00";"0.00";"IST";"End Of Friday (Time)";"5h 55m";"-0.00"
"2";"USTEC_ICM_UTC2";"Buy";"4176.9";"4094.4";"2015.01.05 19:45:00";"2015.01.06 19:23:00";"30.0";"-2658.12";"4094.39990";"4259.39990";"46462.88";"0.00";"IST";"SL";"23h 38m";"-183.12"
"3";"USTEC_ICM_UTC2";"Buy";"4100.8";"4183.3";"2015.01.06 20:45:00";"2015.01.08 03:34:00";"30.0";"2108.76";"4018.30005";"4183.29980";"48571.64";"0.00";"IST";"PT";"1d 6h 49m";"-366.24"
"4";"USTEC_ICM_UTC2";"Buy";"4236.9";"4216.9";"2015.01.08 19:00:00";"2015.01.09 22:55:00";"30.0";"-783.12";"4154.39990";"4319.39990";"47788.52";"0.00";"IST";"End Of Friday (Time)";"1d 3h 55m";"-183.12"
"5";"USTEC_ICM_UTC2";"Buy";"4177.0";"4094.5";"2015.01.12 19:00:00";"2015.01.15 19:44:00";"30.0";"-3024.36";"4094.50000";"4259.50000";"44764.16";"0.00";"IST";"SL";"3d 0h 44m";"-549.36"
"6";"USTEC_ICM_UTC2";"Buy";"4102.8";"4141.0";"2015.01.15 21:15:00";"2015.01.16 22:55:00";"30.0";"962.88";"4020.30005";"4185.29980";"45727.04";"0.00";"IST";"End Of Friday (Time)";"1d 1h 40m";"-183.12"
"7";"USTEC_ICM_UTC2";"Buy";"4132.7";"4215.2";"2015.01.20 19:15:00";"2015.01.22 15:40:00";"30.0";"2108.76";"4050.19995";"4215.20020";"47835.80";"0.00";"IST";"PT";"1d 20h 25m";"-366.24"
"8";"USTEC_ICM_UTC2";"Buy";"4234.6";"4273.9";"2015.01.22 18:45:00";"2015.01.23 22:55:00";"30.0";"995.88";"4152.10010";"4317.10010";"48831.68";"0.00";"IST";"End Of Friday (Time)";"1d 4h 10m";"-183.12"
"9";"USTEC_ICM_UTC2";"Buy";"4273.5";"4191.0";"2015.01.26 18:00:00";"2015.01.27 16:33:00";"30.0";"-2658.12";"4191.00000";"4356.00000";"46173.56";"0.00";"IST";"SL";"22h 33m";"-183.12"
"10";"USTEC_ICM_UTC2";"Buy";"4187.5";"4105.0";"2015.01.27 19:30:00";"2015.01.29 16:47:00";"30.0";"-2841.24";"4105.00000";"4270.00000";"43332.32";"0.00";"IST";"SL";"1d 21h 17m";"-366.24"
"11";"USTEC_ICM_UTC2";"Buy";"4128.7";"4211.2";"2015.01.29 20:00:00";"2015.01.30 01:00:00";"30.0";"2291.88";"4046.19995";"4211.20020";"45624.20";"0.00";"IST";"PT";"5h 0m";"-183.12"
"12";"USTEC_ICM_UTC2";"Buy";"4186.9";"4149.5";"2015.01.30 19:00:00";"2015.01.30 22:55:00";"30.0";"-1122.00";"4104.39990";"4269.39990";"44502.20";"0.00";"IST";"End Of Friday (Time)";"3h 55m";"-0.00"
"13";"USTEC_ICM_UTC2";"Buy";"4161.8";"4244.3";"2015.02.02 19:00:00";"2015.02.04 22:25:00";"30.0";"2108.76";"4079.30005";"4244.29980";"46610.96";"0.00";"IST";"PT";"2d 3h 25m";"-366.24"
"14";"USTEC_ICM_UTC2";"Buy";"4221.1";"4224.7";"2015.02.04 22:45:00";"2015.02.06 22:55:00";"30.0";"-258.24";"4138.60010";"4303.60010";"46352.72";"0.00";"IST";"End Of Friday (Time)";"2d 0h 10m";"-366.24"
"15";"USTEC_ICM_UTC2";"Buy";"4225.2";"4307.7";"2015.02.09 19:15:00";"2015.02.11 23:39:00";"30.0";"2108.76";"4142.70020";"4307.70020";"48461.48";"0.00";"IST";"PT";"2d 4h 24m";"-366.24"
"16";"USTEC_ICM_UTC2";"Buy";"4326.9";"4380.5";"2015.02.12 17:30:00";"2015.02.13 22:55:00";"30.0";"1424.88";"4244.39990";"4409.39990";"49886.36";"0.00";"IST";"End Of Friday (Time)";"1d 5h 25m";"-183.12"
"17";"USTEC_ICM_UTC2";"Buy";"4384.3";"4437.8";"2015.02.16 17:30:00";"2015.02.20 22:55:00";"30.0";"872.52";"4301.79980";"4466.79980";"50758.88";"0.00";"IST";"End Of Friday (Time)";"4d 5h 25m";"-732.48"
"18";"USTEC_ICM_UTC2";"Buy";"4443.1";"4437.8";"2015.02.23 19:30:00";"2015.02.27 22:55:00";"30.0";"-891.48";"4360.60010";"4525.60010";"49867.40";"0.00";"IST";"End Of Friday (Time)";"4d 3h 25m";"-732.48"
"19";"USTEC_ICM_UTC2";"Buy";"4466.5";"4395.5";"2015.03.02 19:30:00";"2015.03.06 22:55:00";"30.0";"-2862.48";"4384.00000";"4549.00000";"47004.92";"0.00";"IST";"End Of Friday (Time)";"4d 3h 25m";"-732.48"
"20";"USTEC_ICM_UTC2";"Buy";"4398.8";"4316.3";"2015.03.09 18:15:00";"2015.03.11 16:46:00";"30.0";"-2841.24";"4316.29980";"4481.29980";"44163.68";"0.00";"IST";"SL";"1d 22h 31m";"-366.24"
"21";"USTEC_ICM_UTC2";"Buy";"4326.7";"4312.7";"2015.03.11 18:30:00";"2015.03.13 22:55:00";"30.0";"-786.24";"4244.20020";"4409.20020";"43377.44";"0.00";"IST";"End Of Friday (Time)";"2d 4h 25m";"-366.24"
"22";"USTEC_ICM_UTC2";"Buy";"4355.0";"4437.5";"2015.03.16 18:15:00";"2015.03.18 21:15:00";"30.0";"2108.76";"4272.50000";"4437.50000";"45486.20";"0.00";"IST";"PT";"2d 3h 0m";"-366.24"
"23";"USTEC_ICM_UTC2";"Buy";"4429.0";"4454.6";"2015.03.18 22:15:00";"2015.03.20 22:55:00";"30.0";"401.76";"4346.50000";"4511.50000";"45887.96";"0.00";"IST";"End Of Friday (Time)";"2d 0h 40m";"-366.24"
"24";"USTEC_ICM_UTC2";"Buy";"4458.7";"4376.2";"2015.03.23 17:15:00";"2015.03.25 17:39:00";"30.0";"-2841.24";"4376.20020";"4541.20020";"43046.72";"0.00";"IST";"SL";"2d 0h 24m";"-366.24"
"25";"USTEC_ICM_UTC2";"Buy";"4376.3";"4293.8";"2015.03.25 18:00:00";"2015.03.26 10:58:00";"30.0";"-2658.12";"4293.79980";"4458.79980";"40388.60";"0.00";"IST";"SL";"16h 58m";"-183.12"
"26";"USTEC_ICM_UTC2";"Buy";"4310.5";"4332.9";"2015.03.26 16:45:00";"2015.03.27 22:55:00";"30.0";"488.88";"4228.00000";"4393.00000";"40877.48";"0.00";"IST";"End Of Friday (Time)";"1d 6h 10m";"-183.12"
"27";"USTEC_ICM_UTC2";"Buy";"4373.0";"4290.5";"2015.03.30 19:15:00";"2015.04.01 03:55:00";"30.0";"-2841.24";"4290.50000";"4455.50000";"38036.24";"0.00";"IST";"SL";"1d 8h 40m";"-366.24"
"28";"USTEC_ICM_UTC2";"Buy";"4303.3";"4385.8";"2015.04.01 16:45:00";"2015.04.09 00:13:00";"30.0";"1010.04";"4220.79980";"4385.79980";"39046.28";"0.00";"IST";"PT";"7d 7h 28m";"-1464.96"
"29";"USTEC_ICM_UTC2";"Buy";"4387.4";"4419.7";"2015.04.09 19:45:00";"2015.04.10 22:55:00";"30.0";"785.88";"4304.89990";"4469.89990";"39832.16";"0.00";"IST";"End Of Friday (Time)";"1d 3h 10m";"-183.12"
"30";"USTEC_ICM_UTC2";"Buy";"4420.4";"4337.9";"2015.04.13 20:30:00";"2015.04.17 21:08:00";"30.0";"-3207.48";"4337.89990";"4502.89990";"36624.68";"0.00";"IST";"SL";"4d 0h 38m";"-732.48"
"31";"USTEC_ICM_UTC2";"Buy";"4338.7";"4350.7";"2015.04.17 21:15:00";"2015.04.17 22:55:00";"30.0";"360.00";"4256.20020";"4421.20020";"36984.68";"0.00";"IST";"End Of Friday (Time)";"1h 40m";"-0.00"
"32";"USTEC_ICM_UTC2";"Buy";"4416.0";"4499.0";"2015.04.20 19:00:00";"2015.04.24 09:00:00";"30.0";"1757.25";"4333.50000";"4498.50000";"38741.93";"0.00";"IST";"PT";"3d 14h 0m";"-732.48"
"33";"USTEC_ICM_UTC2";"Buy";"4531.0";"4448.5";"2015.04.27 21:00:00";"2015.04.30 17:18:00";"30.0";"-3024.36";"4448.50000";"4613.50000";"35717.57";"0.00";"IST";"SL";"2d 20h 18m";"-549.36"
"34";"USTEC_ICM_UTC2";"Buy";"4446.0";"4475.5";"2015.04.30 19:00:00";"2015.05.01 22:55:00";"30.0";"701.88";"4363.50000";"4528.50000";"36419.45";"0.00";"IST";"End Of Friday (Time)";"1d 3h 55m";"-183.12"
"35";"USTEC_ICM_UTC2";"Buy";"4427.8";"4345.3";"2015.05.05 18:45:00";"2015.05.07 12:16:00";"30.0";"-2841.24";"4345.29980";"4510.29980";"33578.21";"0.00";"IST";"SL";"1d 17h 31m";"-366.24"
"36";"USTEC_ICM_UTC2";"Buy";"4384.5";"4461.2";"2015.05.07 17:30:00";"2015.05.08 22:55:00";"30.0";"2117.88";"4302.00000";"4467.00000";"35696.09";"0.00";"IST";"End Of Friday (Time)";"1d 5h 25m";"-183.12"
"37";"USTEC_ICM_UTC2";"Buy";"4392.7";"4475.2";"2015.05.12 17:15:00";"2015.05.14 18:02:00";"30.0";"2108.76";"4310.20020";"4475.20020";"37804.85";"0.00";"IST";"PT";"2d 0h 47m";"-366.24"
"38";"USTEC_ICM_UTC2";"Buy";"4505.0";"4530.0";"2015.05.18 19:30:00";"2015.05.22 22:55:00";"30.0";"17.52";"4422.50000";"4587.50000";"37822.37";"0.00";"IST";"End Of Friday (Time)";"4d 3h 25m";"-732.48"
"39";"USTEC_ICM_UTC2";"Buy";"4480.0";"4511.9";"2015.05.26 19:30:00";"2015.05.29 22:55:00";"30.0";"407.64";"4397.50000";"4562.50000";"38230.01";"0.00";"IST";"End Of Friday (Time)";"3d 3h 25m";"-549.36"
"40";"USTEC_ICM_UTC2";"Buy";"4509.5";"4477.9";"2015.06.01 19:00:00";"2015.06.05 22:55:00";"30.0";"-1680.48";"4427.00000";"4592.00000";"36549.53";"0.00";"IST";"End Of Friday (Time)";"4d 3h 55m";"-732.48"
"41";"USTEC_ICM_UTC2";"Buy";"4423.0";"4505.5";"2015.06.09 19:00:00";"2015.06.11 16:32:00";"30.0";"2108.76";"4340.50000";"4505.50000";"38658.29";"0.00";"IST";"PT";"1d 21h 32m";"-366.24"
"42";"USTEC_ICM_UTC2";"Buy";"4453.0";"4455.0";"2015.06.12 19:15:00";"2015.06.12 22:55:00";"30.0";"60.00";"4370.50000";"4535.50000";"38718.29";"0.00";"IST";"End Of Friday (Time)";"3h 40m";"-0.00"
"43";"USTEC_ICM_UTC2";"Buy";"4417.0";"4499.5";"2015.06.15 18:30:00";"2015.06.18 16:45:00";"30.0";"1925.64";"4334.50000";"4499.50000";"40643.93";"0.00";"IST";"PT";"2d 22h 15m";"-549.36"
"44";"USTEC_ICM_UTC2";"Buy";"4528.0";"4517.5";"2015.06.18 18:00:00";"2015.06.19 22:55:00";"30.0";"-498.12";"4445.50000";"4610.50000";"40145.81";"0.00";"IST";"End Of Friday (Time)";"1d 4h 55m";"-183.12"
"45";"USTEC_ICM_UTC2";"Buy";"4537.9";"4483.9";"2015.06.22 20:45:00";"2015.06.26 22:55:00";"30.0";"-2352.48";"4455.39990";"4620.39990";"37793.33";"0.00";"IST";"End Of Friday (Time)";"4d 2h 10m";"-732.48"
"46";"USTEC_ICM_UTC2";"Buy";"4421.9";"4427.5";"2015.06.29 18:45:00";"2015.07.10 22:55:00";"30.0";"-1846.32";"4339.39990";"4504.39990";"35947.01";"0.00";"IST";"End Of Friday (Time)";"11d 4h 10m";"-2014.32"
"47";"USTEC_ICM_UTC2";"Buy";"4522.9";"4618.4";"2015.07.15 22:15:00";"2015.07.17 09:00:00";"30.0";"2497.74";"4440.39990";"4605.39990";"38444.75";"0.00";"IST";"PT";"1d 10h 45m";"-366.24"
"48";"USTEC_ICM_UTC2";"Buy";"4642.9";"4657.9";"2015.07.17 18:30:00";"2015.07.17 22:55:00";"30.0";"450.00";"4560.39990";"4725.39990";"38894.75";"0.00";"IST";"End Of Friday (Time)";"4h 25m";"-0.00"
"49";"USTEC_ICM_UTC2";"Buy";"4676.9";"4594.4";"2015.07.20 19:00:00";"2015.07.23 22:11:00";"30.0";"-3024.36";"4594.39990";"4759.39990";"35870.39";"0.00";"IST";"SL";"3d 3h 11m";"-549.36"
"50";"USTEC_ICM_UTC2";"Buy";"4597.4";"4562.0";"2015.07.23 22:30:00";"2015.07.24 22:55:00";"30.0";"-1245.12";"4514.89990";"4679.89990";"34625.27";"0.00";"IST";"End Of Friday (Time)";"1d 0h 25m";"-183.12"
"51";"USTEC_ICM_UTC2";"Buy";"4532.5";"4615.0";"2015.07.27 18:30:00";"2015.07.31 15:58:00";"30.0";"1742.52";"4450.00000";"4615.00000";"36367.79";"0.00";"IST";"PT";"3d 21h 28m";"-732.48"
"52";"USTEC_ICM_UTC2";"Buy";"4609.5";"4590.5";"2015.07.31 18:45:00";"2015.07.31 22:55:00";"30.0";"-570.00";"4527.00000";"4692.00000";"35797.79";"0.00";"IST";"End Of Friday (Time)";"4h 10m";"-0.00"
"53";"USTEC_ICM_UTC2";"Buy";"4597.0";"4514.5";"2015.08.03 19:15:00";"2015.08.06 18:58:00";"30.0";"-3024.36";"4514.50000";"4679.50000";"32773.43";"0.00";"IST";"SL";"2d 23h 43m";"-549.36"
"54";"USTEC_ICM_UTC2";"Buy";"4524.7";"4517.3";"2015.08.06 21:15:00";"2015.08.07 22:55:00";"30.0";"-405.12";"4442.20020";"4607.20020";"32368.31";"0.00";"IST";"End Of Friday (Time)";"1d 1h 40m";"-183.12"
"55";"USTEC_ICM_UTC2";"Buy";"4502.6";"4530.9";"2015.08.11 20:30:00";"2015.08.14 22:55:00";"30.0";"299.64";"4420.10010";"4585.10010";"32667.95";"0.00";"IST";"End Of Friday (Time)";"3d 2h 25m";"-549.36"
"56";"USTEC_ICM_UTC2";"Buy";"4553.1";"4470.6";"2015.08.17 19:45:00";"2015.08.20 12:09:00";"30.0";"-3024.36";"4470.60010";"4635.60010";"29643.59";"0.00";"IST";"SL";"2d 16h 24m";"-549.36"
"57";"USTEC_ICM_UTC2";"Buy";"4480.5";"4398.0";"2015.08.20 16:45:00";"2015.08.20 21:43:00";"30.0";"-2475.00";"4398.00000";"4563.00000";"27168.59";"0.00";"IST";"SL";"4h 58m";"-0.00"
"58";"USTEC_ICM_UTC2";"Buy";"4265.0";"4210.9";"2015.08.21 20:00:00";"2015.08.21 22:55:00";"30.0";"-1623.00";"4182.50000";"4347.50000";"25545.59";"0.00";"IST";"End Of Friday (Time)";"2h 55m";"-0.00"
"59";"USTEC_ICM_UTC2";"Buy";"4045.7";"3963.2";"2015.08.24 16:45:00";"2015.08.24 16:53:00";"30.0";"-2475.00";"3963.19995";"4128.20020";"23070.59";"0.00";"IST";"SL";"8m 0s";"-0.00"
"60";"USTEC_ICM_UTC2";"Buy";"4177.6";"4095.1";"2015.08.25 17:15:00";"2015.08.25 22:32:00";"30.0";"-2475.00";"4095.10010";"4260.10010";"20595.59";"0.00";"IST";"SL";"5h 17m";"-0.00"
"61";"USTEC_ICM_UTC2";"Buy";"4212.4";"4129.9";"2015.09.01 18:30:00";"2015.09.01 22:42:00";"30.0";"-2475.00";"4129.89990";"4294.89990";"18120.59";"0.00";"IST";"SL";"4h 12m";"-0.00"
"62";"USTEC_ICM_UTC2";"Buy";"4215.0";"4297.5";"2015.09.02 20:45:00";"2015.09.03 15:34:00";"30.0";"2291.88";"4132.50000";"4297.50000";"20412.47";"0.00";"IST";"PT";"18h 49m";"-183.12"
"63";"USTEC_ICM_UTC2";"Buy";"4193.4";"4196.0";"2015.09.04 18:30:00";"2015.09.04 22:55:00";"30.0";"78.00";"4110.89990";"4275.89990";"20490.47";"0.00";"IST";"End Of Friday (Time)";"4h 25m";"-0.00"
"64";"USTEC_ICM_UTC2";"Buy";"4293.1";"4313.9";"2015.09.08 22:30:00";"2015.09.11 22:55:00";"30.0";"74.64";"4210.60010";"4375.60010";"20565.11";"0.00";"IST";"End Of Friday (Time)";"3d 0h 25m";"-549.36"
"65";"USTEC_ICM_UTC2";"Buy";"4368.9";"4325.2";"2015.09.16 20:30:00";"2015.09.18 22:55:00";"30.0";"-1677.24";"4286.39990";"4451.39990";"18887.87";"0.00";"IST";"End Of Friday (Time)";"2d 2h 25m";"-366.24"
"66";"USTEC_ICM_UTC2";"Buy";"4323.1";"4240.6";"2015.09.21 21:30:00";"2015.09.22 18:45:00";"30.0";"-2658.12";"4240.60010";"4405.60010";"16229.75";"0.00";"IST";"SL";"21h 15m";"-183.12"
"67";"USTEC_ICM_UTC2";"Buy";"4250.0";"4225.1";"2015.09.22 21:30:00";"2015.09.25 22:55:00";"30.0";"-1296.36";"4167.50000";"4332.50000";"14933.39";"0.00";"IST";"End Of Friday (Time)";"3d 1h 25m";"-549.36"
"68";"USTEC_ICM_UTC2";"Buy";"4137.4";"4054.9";"2015.09.28 19:00:00";"2015.09.29 22:27:00";"30.0";"-2658.12";"4054.89990";"4219.89990";"12275.27";"0.00";"IST";"SL";"1d 3h 27m";"-183.12"
"69";"USTEC_ICM_UTC2";"Buy";"4136.0";"4218.5";"2015.10.01 20:30:00";"2015.10.02 10:20:00";"30.0";"2291.88";"4053.50000";"4218.50000";"14567.15";"0.00";"IST";"PT";"13h 50m";"-183.12"
"70";"USTEC_ICM_UTC2";"Buy";"4179.0";"4261.5";"2015.10.02 19:00:00";"2015.10.02 22:38:00";"30.0";"2475.00";"4096.50000";"4261.50000";"17042.15";"0.00";"IST";"PT";"3h 38m";"-0.00"
"71";"USTEC_ICM_UTC2";"Buy";"4301.0";"4366.8";"2015.10.06 20:15:00";"2015.10.09 22:55:00";"30.0";"1424.64";"4218.50000";"4383.50000";"18466.79";"0.00";"IST";"End Of Friday (Time)";"3d 2h 40m";"-549.36"
"72";"USTEC_ICM_UTC2";"Buy";"4376.0";"4434.3";"2015.10.13 20:30:00";"2015.10.16 22:55:00";"30.0";"1199.64";"4293.50000";"4458.50000";"19666.43";"0.00";"IST";"End Of Friday (Time)";"3d 2h 25m";"-549.36"
"73";"USTEC_ICM_UTC2";"Buy";"4458.7";"4582.1";"2015.10.19 19:45:00";"2015.10.23 09:00:00";"30.0";"2970.24";"4376.20020";"4541.20020";"22636.67";"0.00";"IST";"PT";"3d 13h 15m";"-732.48"
"74";"USTEC_ICM_UTC2";"Buy";"4618.7";"4627.9";"2015.10.23 20:15:00";"2015.10.23 22:55:00";"30.0";"276.00";"4536.20020";"4701.20020";"22912.67";"0.00";"IST";"End Of Friday (Time)";"2h 40m";"-0.00"
"75";"USTEC_ICM_UTC2";"Buy";"4630.2";"4712.7";"2015.10.27 21:00:00";"2015.11.03 18:38:00";"30.0";"1193.16";"4547.70020";"4712.70020";"24105.83";"0.00";"IST";"PT";"6d 21h 38m";"-1281.84"
"76";"USTEC_ICM_UTC2";"Buy";"4717.2";"4701.5";"2015.11.03 20:00:00";"2015.11.06 22:55:00";"30.0";"-1020.36";"4634.70020";"4799.70020";"23085.47";"0.00";"IST";"End Of Friday (Time)";"3d 2h 55m";"-549.36"
"77";"USTEC_ICM_UTC2";"Buy";"4642.0";"4559.5";"2015.11.09 20:30:00";"2015.11.13 16:46:00";"30.0";"-3207.48";"4559.50000";"4724.50000";"19877.99";"0.00";"IST";"SL";"3d 20h 16m";"-732.48"
"78";"USTEC_ICM_UTC2";"Buy";"4532.8";"4506.7";"2015.11.13 20:15:00";"2015.11.13 22:55:00";"30.0";"-783.00";"4450.29980";"4615.29980";"19094.99";"0.00";"IST";"End Of Friday (Time)";"2h 40m";"-0.00"
"79";"USTEC_ICM_UTC2";"Buy";"4532.9";"4615.4";"2015.11.16 20:30:00";"2015.11.18 20:13:00";"30.0";"2108.76";"4450.39990";"4615.39990";"21203.75";"0.00";"IST";"PT";"1d 23h 43m";"-366.24"
"80";"USTEC_ICM_UTC2";"Buy";"4668.9";"4682.7";"2015.11.19 21:00:00";"2015.11.20 22:55:00";"30.0";"230.88";"4586.39990";"4751.39990";"21434.63";"0.00";"IST";"End Of Friday (Time)";"1d 1h 55m";"-183.12"
"81";"USTEC_ICM_UTC2";"Buy";"4688.4";"4605.9";"2015.11.23 20:45:00";"2015.12.03 20:58:00";"30.0";"-4306.20";"4605.89990";"4770.89990";"17128.43";"0.00";"IST";"SL";"10d 0h 13m";"-1831.20"
"82";"USTEC_ICM_UTC2";"Buy";"4605.6";"4688.1";"2015.12.03 21:15:00";"2015.12.04 18:12:00";"30.0";"2291.88";"4523.10010";"4688.10010";"19420.31";"0.00";"IST";"PT";"20h 57m";"-183.12"
"83";"USTEC_ICM_UTC2";"Buy";"4677.3";"4714.8";"2015.12.04 19:00:00";"2015.12.04 22:55:00";"30.0";"1125.00";"4594.79980";"4759.79980";"20545.31";"0.00";"IST";"End Of Friday (Time)";"3h 55m";"-0.00"
"84";"USTEC_ICM_UTC2";"Buy";"4687.0";"4604.5";"2015.12.07 21:00:00";"2015.12.09 19:39:00";"30.0";"-2841.24";"4604.50000";"4769.50000";"17704.07";"0.00";"IST";"SL";"1d 22h 39m";"-366.24"
"85";"USTEC_ICM_UTC2";"Buy";"4608.0";"4536.0";"2015.12.09 21:45:00";"2015.12.11 22:55:00";"30.0";"-2526.24";"4525.50000";"4690.50000";"15177.83";"0.00";"IST";"End Of Friday (Time)";"2d 1h 10m";"-366.24"
"86";"USTEC_ICM_UTC2";"Buy";"4537.8";"4620.3";"2015.12.14 21:00:00";"2015.12.15 16:40:00";"30.0";"2291.88";"4455.29980";"4620.29980";"17469.71";"0.00";"IST";"PT";"19h 40m";"-183.12"
"87";"USTEC_ICM_UTC2";"Buy";"4623.2";"4540.7";"2015.12.17 19:45:00";"2015.12.18 19:30:00";"30.0";"-2658.12";"4540.70020";"4705.70020";"14811.59";"0.00";"IST";"SL";"23h 45m";"-183.12"
"88";"USTEC_ICM_UTC2";"Buy";"4546.2";"4523.6";"2015.12.18 21:00:00";"2015.12.18 22:55:00";"30.0";"-678.00";"4463.70020";"4628.70020";"14133.59";"0.00";"IST";"End Of Friday (Time)";"1h 55m";"-0.00"
"89";"USTEC_ICM_UTC2";"Buy";"4597.9";"4680.4";"2015.12.28 19:45:00";"2015.12.29 18:04:00";"30.0";"2291.88";"4515.39990";"4680.39990";"16425.47";"0.00";"IST";"PT";"22h 19m";"-183.12"
"90";"USTEC_ICM_UTC2";"Buy";"4683.9";"4547.9";"2015.12.29 19:15:00";"2016.01.04 09:00:00";"30.0";"-5178.03";"4601.39990";"4766.39990";"11247.44";"0.00";"IST";"SL";"5d 13h 45m";"-1098.72"
"91";"USTEC_ICM_UTC2";"Buy";"4465.4";"4382.9";"2016.01.04 18:45:00";"2016.01.07 09:00:00";"30.0";"-3024.36";"4382.89990";"4547.89990";"8223.08";"0.00";"IST";"SL";"2d 14h 15m";"-549.36"
"92";"USTEC_ICM_UTC2";"Buy";"4364.0";"4281.5";"2016.01.07 17:00:00";"2016.01.08 22:41:00";"30.0";"-2658.12";"4281.50000";"4446.50000";"5564.96";"0.00";"IST";"SL";"1d 5h 41m";"-183.12"
"93";"USTEC_ICM_UTC2";"Buy";"4277.9";"4360.4";"2016.01.11 22:30:00";"2016.01.13 10:12:00";"30.0";"2108.76";"4195.39990";"4360.39990";"7673.72";"0.00";"IST";"PT";"1d 11h 42m";"-366.24"
"94";"USTEC_ICM_UTC2";"Buy";"4225.9";"4143.4";"2016.01.14 18:45:00";"2016.01.15 15:48:00";"30.0";"-2658.12";"4143.39990";"4308.39990";"5015.60";"0.00";"IST";"SL";"21h 3m";"-183.12"
"95";"USTEC_ICM_UTC2";"Buy";"4142.0";"4141.0";"2016.01.15 18:30:00";"2016.01.15 22:55:00";"30.0";"-30.00";"4059.50000";"4224.50000";"4985.60";"0.00";"IST";"End Of Friday (Time)";"4h 25m";"-0.00"
"96";"USTEC_ICM_UTC2";"Buy";"4113.0";"4030.5";"2016.01.19 21:15:00";"2016.01.20 17:36:00";"30.0";"-2658.12";"4030.50000";"4195.50000";"2327.48";"0.00";"IST";"SL";"20h 21m";"-183.12"
"97";"USTEC_ICM_UTC2";"Buy";"3999.0";"4081.5";"2016.01.20 19:30:00";"2016.01.20 20:45:00";"30.0";"2475.00";"3916.50000";"4081.50000";"4802.48";"0.00";"IST";"PT";"1h 15m";"-0.00"
"98";"USTEC_ICM_UTC2";"Buy";"4157.8";"4240.3";"2016.01.21 18:00:00";"2016.01.22 17:00:00";"30.0";"2291.88";"4075.30005";"4240.29980";"7094.36";"0.00";"IST";"PT";"23h 0m";"-183.12"
"99";"USTEC_ICM_UTC2";"Buy";"4224.2";"4141.7";"2016.01.26 19:00:00";"2016.01.27 21:57:00";"30.0";"-2658.12";"4141.70020";"4306.70020";"4436.24";"0.00";"IST";"SL";"1d 2h 57m";"-183.12"
"100";"USTEC_ICM_UTC2";"Buy";"4144.0";"4226.5";"2016.01.28 19:00:00";"2016.01.29 16:51:00";"30.0";"2291.88";"4061.50000";"4226.50000";"6728.12";"0.00";"IST";"PT";"21h 51m";"-183.12"
"101";"USTEC_ICM_UTC2";"Buy";"4222.9";"4140.4";"2016.02.02 19:30:00";"2016.02.03 17:10:00";"30.0";"-2658.12";"4140.39990";"4305.39990";"4070.00";"0.00";"IST";"SL";"21h 40m";"-183.12"
"102";"USTEC_ICM_UTC2";"Buy";"4154.2";"4071.7";"2016.02.03 18:45:00";"2016.02.05 17:58:00";"30.0";"-2841.24";"4071.69995";"4236.70020";"1228.76";"0.00";"IST";"SL";"1d 23h 13m";"-366.24"
"103";"USTEC_ICM_UTC2";"Buy";"4049.4";"4007.7";"2016.02.05 20:00:00";"2016.02.05 22:55:00";"30.0";"-1251.00";"3966.89990";"4131.89990";"-22.24";"0.00";"IST";"End Of Friday (Time)";"2h 55m";"-0.00"
"104";"USTEC_ICM_UTC2";"Buy";"3917.1";"3999.6";"2016.02.08 20:15:00";"2016.02.09 17:08:00";"30.0";"2291.88";"3834.60010";"3999.60010";"2269.64";"0.00";"IST";"PT";"20h 53m";"-183.12"
"105";"USTEC_ICM_UTC2";"Buy";"3946.9";"4029.4";"2016.02.09 19:00:00";"2016.02.10 17:28:00";"30.0";"2291.88";"3864.39990";"4029.39990";"4561.52";"0.00";"IST";"PT";"22h 28m";"-183.12"
"106";"USTEC_ICM_UTC2";"Buy";"4010.1";"3927.6";"2016.02.10 21:00:00";"2016.02.11 10:18:00";"30.0";"-2658.12";"3927.60010";"4092.60010";"1903.40";"0.00";"IST";"SL";"13h 18m";"-183.12"
"107";"USTEC_ICM_UTC2";"Buy";"3944.0";"4016.7";"2016.02.11 20:00:00";"2016.02.12 22:55:00";"30.0";"1997.88";"3861.50000";"4026.50000";"3901.28";"0.00";"IST";"End Of Friday (Time)";"1d 2h 55m";"-183.12"
"108";"USTEC_ICM_UTC2";"Buy";"4090.4";"4172.9";"2016.02.16 20:00:00";"2016.02.17 17:56:00";"30.0";"2291.88";"4007.89990";"4172.89990";"6193.16";"0.00";"IST";"PT";"21h 56m";"-183.12"
"109";"USTEC_ICM_UTC2";"Buy";"4188.3";"4165.4";"2016.02.17 19:30:00";"2016.02.19 22:55:00";"30.0";"-1053.24";"4105.79980";"4270.79980";"5139.92";"0.00";"IST";"End Of Friday (Time)";"2d 3h 25m";"-366.24"
"110";"USTEC_ICM_UTC2";"Buy";"4181.3";"4098.8";"2016.02.23 19:30:00";"2016.02.24 16:46:00";"30.0";"-2658.12";"4098.79980";"4263.79980";"2481.80";"0.00";"IST";"SL";"21h 16m";"-183.12"
"111";"USTEC_ICM_UTC2";"Buy";"4136.2";"4218.7";"2016.02.24 20:00:00";"2016.02.25 14:01:00";"30.0";"2291.88";"4053.69995";"4218.70020";"4773.68";"0.00";"IST";"PT";"18h 1m";"-183.12"
"112";"USTEC_ICM_UTC2";"Buy";"4198.1";"4280.6";"2016.02.25 18:30:00";"2016.02.26 10:40:00";"30.0";"2291.88";"4115.60010";"4280.60010";"7065.56";"0.00";"IST";"PT";"16h 10m";"-183.12"
"113";"USTEC_ICM_UTC2";"Buy";"4261.8";"4355.3";"2016.02.29 18:45:00";"2016.03.02 09:00:00";"30.0";"2439.03";"4179.29980";"4344.29980";"9504.59";"0.00";"IST";"PT";"1d 14h 15m";"-366.24"
"114";"USTEC_ICM_UTC2";"Buy";"4316.0";"4326.8";"2016.03.02 20:30:00";"2016.03.04 22:55:00";"30.0";"-42.24";"4233.50000";"4398.50000";"9462.35";"0.00";"IST";"End Of Friday (Time)";"2d 2h 25m";"-366.24"
"115";"USTEC_ICM_UTC2";"Buy";"4325.7";"4243.2";"2016.03.07 19:45:00";"2016.03.10 19:41:00";"30.0";"-3024.36";"4243.20020";"4408.20020";"6437.99";"0.00";"IST";"SL";"2d 23h 56m";"-549.36"
"116";"USTEC_ICM_UTC2";"Buy";"4247.0";"4329.5";"2016.03.10 20:00:00";"2016.03.11 09:16:00";"30.0";"2291.88";"4164.50000";"4329.50000";"8729.87";"0.00";"IST";"PT";"13h 16m";"-183.12"
"117";"USTEC_ICM_UTC2";"Buy";"4354.6";"4437.1";"2016.03.15 19:15:00";"2016.03.22 17:18:00";"30.0";"1193.16";"4272.10010";"4437.10010";"9923.03";"0.00";"IST";"PT";"6d 22h 3m";"-1281.84"
"118";"USTEC_ICM_UTC2";"Buy";"4428.3";"4510.8";"2016.03.22 18:15:00";"2016.03.30 16:45:00";"30.0";"1011.48";"4345.79980";"4510.79980";"10934.51";"0.00";"IST";"PT";"7d 22h 30m";"-1464.96"
"119";"USTEC_ICM_UTC2";"Buy";"4492.2";"4526.5";"2016.03.30 21:00:00";"2016.04.01 22:55:00";"30.0";"662.76";"4409.70020";"4574.70020";"11597.27";"0.00";"IST";"End Of Friday (Time)";"2d 1h 55m";"-366.24"
"120";"USTEC_ICM_UTC2";"Buy";"4523.0";"4469.5";"2016.04.04 20:15:00";"2016.04.08 22:55:00";"30.0";"-2337.48";"4440.50000";"4605.50000";"9259.79";"0.00";"IST";"End Of Friday (Time)";"4d 2h 40m";"-732.48"
"121";"USTEC_ICM_UTC2";"Buy";"4492.7";"4542.9";"2016.04.11 19:15:00";"2016.04.15 22:55:00";"30.0";"773.52";"4410.20020";"4575.20020";"10033.31";"0.00";"IST";"End Of Friday (Time)";"4d 3h 40m";"-732.48"
"122";"USTEC_ICM_UTC2";"Buy";"4554.8";"4472.3";"2016.04.18 20:30:00";"2016.04.22 17:19:00";"30.0";"-3207.48";"4472.29980";"4637.29980";"6825.83";"0.00";"IST";"SL";"3d 20h 49m";"-732.48"
"123";"USTEC_ICM_UTC2";"Buy";"4457.3";"4473.7";"2016.04.22 19:00:00";"2016.04.22 22:55:00";"30.0";"492.00";"4374.79980";"4539.79980";"7317.83";"0.00";"IST";"End Of Friday (Time)";"3h 55m";"-0.00"
"124";"USTEC_ICM_UTC2";"Buy";"4456.5";"4374.0";"2016.04.25 18:45:00";"2016.04.28 22:15:00";"30.0";"-3024.36";"4374.00000";"4539.00000";"4293.47";"0.00";"IST";"SL";"3d 3h 30m";"-549.36"
"125";"USTEC_ICM_UTC2";"Buy";"4317.9";"4340.2";"2016.04.29 21:15:00";"2016.04.29 22:55:00";"30.0";"669.00";"4235.39990";"4400.39990";"4962.47";"0.00";"IST";"End Of Friday (Time)";"1h 40m";"-0.00"
"126";"USTEC_ICM_UTC2";"Buy";"4348.3";"4325.8";"2016.05.03 19:45:00";"2016.05.06 22:55:00";"30.0";"-1224.36";"4265.79980";"4430.79980";"3738.11";"0.00";"IST";"End Of Friday (Time)";"3d 3h 10m";"-549.36"
"127";"USTEC_ICM_UTC2";"Buy";"4348.4";"4325.4";"2016.05.09 19:45:00";"2016.05.13 22:55:00";"30.0";"-1422.48";"4265.89990";"4430.89990";"2315.63";"0.00";"IST";"End Of Friday (Time)";"4d 3h 10m";"-732.48"
"128";"USTEC_ICM_UTC2";"Buy";"4361.6";"4361.8";"2016.05.17 19:15:00";"2016.05.20 22:55:00";"30.0";"-543.36";"4279.10010";"4444.10010";"1772.27";"0.00";"IST";"End Of Friday (Time)";"3d 3h 40m";"-549.36"
"129";"USTEC_ICM_UTC2";"Buy";"4477.5";"4509.4";"2016.05.25 20:00:00";"2016.05.27 22:55:00";"30.0";"590.76";"4395.00000";"4560.00000";"2363.03";"0.00";"IST";"End Of Friday (Time)";"2d 2h 55m";"-366.24"
"130";"USTEC_ICM_UTC2";"Buy";"4519.0";"4512.5";"2016.05.31 20:30:00";"2016.06.03 22:55:00";"30.0";"-744.36";"4436.50000";"4601.50000";"1618.67";"0.00";"IST";"End Of Friday (Time)";"3d 2h 25m";"-549.36"
"131";"USTEC_ICM_UTC2";"Buy";"4533.1";"4450.6";"2016.06.06 22:15:00";"2016.06.10 21:18:00";"30.0";"-3207.48";"4450.60010";"4615.60010";"-1588.81";"0.00";"IST";"SL";"3d 23h 3m";"-732.48"
"132";"USTEC_ICM_UTC2";"Buy";"4454.8";"4458.3";"2016.06.10 22:30:00";"2016.06.10 22:55:00";"30.0";"105.00";"4372.29980";"4537.29980";"-1483.81";"0.00";"IST";"End Of Friday (Time)";"25m 0s";"-0.00"
"133";"USTEC_ICM_UTC2";"Buy";"4439.1";"4371.9";"2016.06.13 20:15:00";"2016.06.17 22:55:00";"30.0";"-2748.48";"4356.60010";"4521.60010";"-4232.29";"0.00";"IST";"End Of Friday (Time)";"4d 2h 40m";"-732.48"
"134";"USTEC_ICM_UTC2";"Buy";"4408.1";"4254.8";"2016.06.21 19:15:00";"2016.06.24 09:00:00";"30.0";"-5149.23";"4325.60010";"4490.60010";"-9381.52";"0.00";"IST";"SL";"2d 13h 45m";"-549.36"
"135";"USTEC_ICM_UTC2";"Buy";"4304.8";"4307.6";"2016.06.24 16:30:00";"2016.06.24 22:55:00";"30.0";"84.00";"4222.29980";"4387.29980";"-9297.52";"0.00";"IST";"End Of Friday (Time)";"6h 25m";"-0.00"
"136";"USTEC_ICM_UTC2";"Buy";"4201.0";"4283.5";"2016.06.27 19:45:00";"2016.06.28 21:56:00";"30.0";"2291.88";"4118.50000";"4283.50000";"-7005.64";"0.00";"IST";"PT";"1d 2h 11m";"-183.12"
"137";"USTEC_ICM_UTC2";"Buy";"4406.5";"4439.8";"2016.06.30 19:30:00";"2016.07.01 22:55:00";"30.0";"815.88";"4324.00000";"4489.00000";"-6189.76";"0.00";"IST";"End Of Friday (Time)";"1d 3h 25m";"-183.12"
"138";"USTEC_ICM_UTC2";"Buy";"4397.8";"4480.3";"2016.07.05 19:15:00";"2016.07.08 15:30:00";"30.0";"1925.64";"4315.29980";"4480.29980";"-4264.12";"0.00";"IST";"PT";"2d 20h 15m";"-549.36"
"139";"USTEC_ICM_UTC2";"Buy";"4575.3";"4587.5";"2016.07.13 20:00:00";"2016.07.15 22:55:00";"30.0";"-0.24";"4492.79980";"4657.79980";"-4264.36";"0.00";"IST";"End Of Friday (Time)";"2d 2h 55m";"-366.24"
"140";"USTEC_ICM_UTC2";"Buy";"4603.2";"4663.1";"2016.07.19 19:00:00";"2016.07.22 22:55:00";"30.0";"1247.64";"4520.70020";"4685.70020";"-3016.72";"0.00";"IST";"End Of Friday (Time)";"3d 3h 55m";"-549.36"
"141";"USTEC_ICM_UTC2";"Buy";"4656.1";"4738.6";"2016.07.25 19:15:00";"2016.07.29 18:13:00";"30.0";"1742.52";"4573.60010";"4738.60010";"-1274.20";"0.00";"IST";"PT";"3d 22h 58m";"-732.48"
"142";"USTEC_ICM_UTC2";"Buy";"4739.7";"4735.0";"2016.07.29 19:00:00";"2016.07.29 22:55:00";"30.0";"-141.00";"4657.20020";"4822.20020";"-1415.20";"0.00";"IST";"End Of Friday (Time)";"3h 55m";"-0.00"
"143";"USTEC_ICM_UTC2";"Buy";"4752.6";"4789.5";"2016.08.01 20:30:00";"2016.08.05 22:55:00";"30.0";"374.52";"4670.10010";"4835.10010";"-1040.68";"0.00";"IST";"End Of Friday (Time)";"4d 2h 25m";"-732.48"
"144";"USTEC_ICM_UTC2";"Buy";"4778.3";"4804.8";"2016.08.08 19:30:00";"2016.08.12 22:55:00";"30.0";"62.52";"4695.79980";"4860.79980";"-978.16";"0.00";"IST";"End Of Friday (Time)";"4d 3h 25m";"-732.48"
"145";"USTEC_ICM_UTC2";"Buy";"4807.9";"4805.5";"2016.08.16 19:15:00";"2016.08.19 22:55:00";"30.0";"-621.36";"4725.39990";"4890.39990";"-1599.52";"0.00";"IST";"End Of Friday (Time)";"3d 3h 40m";"-549.36"
"146";"USTEC_ICM_UTC2";"Buy";"4807.3";"4780.7";"2016.08.22 19:45:00";"2016.08.26 22:55:00";"30.0";"-1530.48";"4724.79980";"4889.79980";"-3130.00";"0.00";"IST";"End Of Friday (Time)";"4d 3h 10m";"-732.48"
"147";"USTEC_ICM_UTC2";"Buy";"4773.4";"4796.7";"2016.08.30 20:00:00";"2016.09.02 22:55:00";"30.0";"149.64";"4690.89990";"4855.89990";"-2980.36";"0.00";"IST";"End Of Friday (Time)";"3d 2h 55m";"-549.36"
"148";"USTEC_ICM_UTC2";"Buy";"4821.6";"4739.1";"2016.09.06 19:15:00";"2016.09.09 18:44:00";"30.0";"-3024.36";"4739.10010";"4904.10010";"-6004.72";"0.00";"IST";"SL";"2d 23h 29m";"-549.36"
"149";"USTEC_ICM_UTC2";"Buy";"4710.5";"4692.6";"2016.09.09 22:30:00";"2016.09.09 22:55:00";"30.0";"-537.00";"4628.00000";"4793.00000";"-6541.72";"0.00";"IST";"End Of Friday (Time)";"25m 0s";"-0.00"
"150";"USTEC_ICM_UTC2";"Buy";"4656.9";"4739.4";"2016.09.12 16:30:00";"2016.09.12 19:54:00";"30.0";"2475.00";"4574.39990";"4739.39990";"-4066.72";"0.00";"IST";"PT";"3h 24m";"-0.00"
"151";"USTEC_ICM_UTC2";"Buy";"4708.9";"4791.4";"2016.09.13 20:00:00";"2016.09.15 17:51:00";"30.0";"2108.76";"4626.39990";"4791.39990";"-1957.96";"0.00";"IST";"PT";"1d 21h 51m";"-366.24"
"152";"USTEC_ICM_UTC2";"Buy";"4800.6";"4817.8";"2016.09.15 19:00:00";"2016.09.16 22:55:00";"30.0";"332.88";"4718.10010";"4883.10010";"-1625.08";"0.00";"IST";"End Of Friday (Time)";"1d 3h 55m";"-183.12"
"153";"USTEC_ICM_UTC2";"Buy";"4800.8";"4883.3";"2016.09.19 22:45:00";"2016.09.22 16:35:00";"30.0";"1925.64";"4718.29980";"4883.29980";"300.56";"0.00";"IST";"PT";"2d 17h 50m";"-549.36"
"154";"USTEC_ICM_UTC2";"Buy";"4823.0";"4885.2";"2016.09.26 19:45:00";"2016.09.30 22:55:00";"30.0";"1133.52";"4740.50000";"4905.50000";"1434.08";"0.00";"IST";"End Of Friday (Time)";"4d 3h 10m";"-732.48"
"155";"USTEC_ICM_UTC2";"Buy";"4869.7";"4867.2";"2016.10.04 19:30:00";"2016.10.07 22:55:00";"30.0";"-624.36";"4787.20020";"4952.20020";"809.72";"0.00";"IST";"End Of Friday (Time)";"3d 3h 25m";"-549.36"
"156";"USTEC_ICM_UTC2";"Buy";"4822.1";"4811.0";"2016.10.11 20:45:00";"2016.10.14 22:55:00";"30.0";"-882.36";"4739.60010";"4904.60010";"-72.64";"0.00";"IST";"End Of Friday (Time)";"3d 2h 10m";"-549.36"
"157";"USTEC_ICM_UTC2";"Buy";"4802.1";"4851.5";"2016.10.17 19:45:00";"2016.10.21 22:55:00";"30.0";"749.52";"4719.60010";"4884.60010";"676.88";"0.00";"IST";"End Of Friday (Time)";"4d 3h 10m";"-732.48"
"158";"USTEC_ICM_UTC2";"Buy";"4891.5";"4809.0";"2016.10.25 19:30:00";"2016.10.28 10:00:00";"30.0";"-3024.36";"4809.00000";"4974.00000";"-2347.48";"0.00";"IST";"SL";"2d 14h 30m";"-549.36"
"159";"USTEC_ICM_UTC2";"Buy";"4837.7";"4802.8";"2016.10.28 18:30:00";"2016.10.28 22:55:00";"30.0";"-1047.00";"4755.20020";"4920.20020";"-3394.48";"0.00";"IST";"End Of Friday (Time)";"4h 25m";"-0.00"
"160";"USTEC_ICM_UTC2";"Buy";"4757.6";"4675.1";"2016.11.01 21:30:00";"2016.11.03 21:39:00";"30.0";"-2841.24";"4675.10010";"4840.10010";"-6235.72";"0.00";"IST";"SL";"2d 0h 9m";"-366.24"
"161";"USTEC_ICM_UTC2";"Buy";"4693.3";"4775.8";"2016.11.04 17:30:00";"2016.11.07 19:02:00";"30.0";"1925.64";"4610.79980";"4775.79980";"-4310.08";"0.00";"IST";"PT";"3d 1h 32m";"-549.36"
"162";"USTEC_ICM_UTC2";"Buy";"4815.2";"4594.8";"2016.11.08 20:15:00";"2016.11.09 09:00:00";"30.0";"-6795.09";"4732.70020";"4897.70020";"-11105.17";"0.00";"IST";"SL";"12h 45m";"-183.12"
"163";"USTEC_ICM_UTC2";"Buy";"4767.6";"4854.5";"2016.11.09 17:30:00";"2016.11.10 09:00:00";"30.0";"2423.04";"4685.10010";"4850.10010";"-8682.13";"0.00";"IST";"PT";"15h 30m";"-183.12"
"164";"USTEC_ICM_UTC2";"Buy";"4723.9";"4754.0";"2016.11.10 19:15:00";"2016.11.11 22:55:00";"30.0";"719.88";"4641.39990";"4806.39990";"-7962.25";"0.00";"IST";"End Of Friday (Time)";"1d 3h 40m";"-183.12"
"165";"USTEC_ICM_UTC2";"Buy";"4685.6";"4768.1";"2016.11.14 19:45:00";"2016.11.15 17:09:00";"30.0";"2291.88";"4603.10010";"4768.10010";"-5670.37";"0.00";"IST";"PT";"21h 24m";"-183.12"
"166";"USTEC_ICM_UTC2";"Buy";"4790.4";"4809.5";"2016.11.16 19:30:00";"2016.11.18 22:55:00";"30.0";"206.76";"4707.89990";"4872.89990";"-5463.61";"0.00";"IST";"End Of Friday (Time)";"2d 3h 25m";"-366.24"
"167";"USTEC_ICM_UTC2";"Buy";"4853.5";"4771.0";"2016.11.21 19:00:00";"2016.12.01 17:22:00";"30.0";"-4306.20";"4771.00000";"4936.00000";"-9769.81";"0.00";"IST";"SL";"9d 22h 22m";"-1831.20"
"168";"USTEC_ICM_UTC2";"Buy";"4748.0";"4736.6";"2016.12.01 19:15:00";"2016.12.02 22:55:00";"30.0";"-525.12";"4665.50000";"4830.50000";"-10294.93";"0.00";"IST";"End Of Friday (Time)";"1d 3h 40m";"-183.12"
"169";"USTEC_ICM_UTC2";"Buy";"4786.3";"4868.8";"2016.12.05 18:45:00";"2016.12.08 19:27:00";"30.0";"1925.64";"4703.79980";"4868.79980";"-8369.29";"0.00";"IST";"PT";"3d 0h 42m";"-549.36"
"170";"USTEC_ICM_UTC2";"Buy";"4859.5";"4891.8";"2016.12.08 20:15:00";"2016.12.09 22:55:00";"30.0";"785.88";"4777.00000";"4942.00000";"-7583.41";"0.00";"IST";"End Of Friday (Time)";"1d 2h 40m";"-183.12"
"171";"USTEC_ICM_UTC2";"Buy";"4865.3";"4947.8";"2016.12.12 20:30:00";"2016.12.13 17:32:00";"30.0";"2291.88";"4782.79980";"4947.79980";"-5291.53";"0.00";"IST";"PT";"21h 2m";"-183.12"
"172";"USTEC_ICM_UTC2";"Buy";"4951.9";"4915.4";"2016.12.13 19:45:00";"2016.12.16 22:55:00";"30.0";"-1644.36";"4869.39990";"5034.39990";"-6935.89";"0.00";"IST";"End Of Friday (Time)";"3d 3h 10m";"-549.36"
"173";"USTEC_ICM_UTC2";"Buy";"4949.6";"4937.4";"2016.12.19 20:30:00";"2016.12.23 22:55:00";"30.0";"-1098.48";"4867.10010";"5032.10010";"-8034.37";"0.00";"IST";"End Of Friday (Time)";"4d 2h 25m";"-732.48"
"174";"USTEC_ICM_UTC2";"Buy";"4972.4";"4889.9";"2016.12.27 21:15:00";"2016.12.30 16:57:00";"30.0";"-3024.36";"4889.89990";"5054.89990";"-11058.73";"0.00";"IST";"SL";"2d 19h 42m";"-549.36"
"175";"USTEC_ICM_UTC2";"Buy";"4883.3";"4853.4";"2016.12.30 18:45:00";"2016.12.30 22:55:00";"30.0";"-897.00";"4800.79980";"4965.79980";"-11955.73";"0.00";"IST";"End Of Friday (Time)";"4h 10m";"-0.00"
"176";"USTEC_ICM_UTC2";"Buy";"4887.6";"4970.1";"2017.01.03 21:15:00";"2017.01.06 14:09:00";"30.0";"1925.64";"4805.10010";"4970.10010";"-10030.09";"0.00";"IST";"PT";"2d 16h 54m";"-549.36"
"177";"USTEC_ICM_UTC2";"Buy";"5001.5";"5012.3";"2017.01.06 18:45:00";"2017.01.06 22:55:00";"30.0";"324.00";"4919.00000";"5084.00000";"-9706.09";"0.00";"IST";"End Of Friday (Time)";"4h 10m";"-0.00"
"178";"USTEC_ICM_UTC2";"Buy";"5025.0";"5057.8";"2017.01.09 19:15:00";"2017.01.13 22:55:00";"30.0";"251.52";"4942.50000";"5107.50000";"-9454.57";"0.00";"IST";"End Of Friday (Time)";"4d 3h 40m";"-732.48"
"179";"USTEC_ICM_UTC2";"Buy";"5047.7";"5057.9";"2017.01.17 18:30:00";"2017.01.20 22:55:00";"30.0";"-243.36";"4965.20020";"5130.20020";"-9697.93";"0.00";"IST";"End Of Friday (Time)";"3d 4h 25m";"-549.36"
"180";"USTEC_ICM_UTC2";"Buy";"5043.4";"5125.9";"2017.01.23 19:00:00";"2017.01.25 14:53:00";"30.0";"2108.76";"4960.89990";"5125.89990";"-7589.17";"0.00";"IST";"PT";"1d 19h 53m";"-366.24"
"181";"USTEC_ICM_UTC2";"Buy";"5157.3";"5163.8";"2017.01.26 19:30:00";"2017.01.27 22:55:00";"30.0";"11.88";"5074.79980";"5239.79980";"-7577.29";"0.00";"IST";"End Of Friday (Time)";"1d 3h 25m";"-183.12"
"182";"USTEC_ICM_UTC2";"Buy";"5120.7";"5160.6";"2017.01.30 19:15:00";"2017.02.03 22:55:00";"30.0";"464.52";"5038.20020";"5203.20020";"-7112.77";"0.00";"IST";"End Of Friday (Time)";"4d 3h 40m";"-732.48"
"183";"USTEC_ICM_UTC2";"Buy";"5182.3";"5226.6";"2017.02.07 21:45:00";"2017.02.10 22:55:00";"30.0";"779.64";"5099.79980";"5264.79980";"-6333.13";"0.00";"IST";"End Of Friday (Time)";"3d 1h 10m";"-549.36"
"184";"USTEC_ICM_UTC2";"Buy";"5259.9";"5318.6";"2017.02.13 20:45:00";"2017.02.17 22:55:00";"30.0";"1028.52";"5177.39990";"5342.39990";"-5304.61";"0.00";"IST";"End Of Friday (Time)";"4d 2h 10m";"-732.48"
"185";"USTEC_ICM_UTC2";"Buy";"5341.2";"5339.0";"2017.02.21 21:15:00";"2017.02.24 22:55:00";"30.0";"-615.36";"5258.70020";"5423.70020";"-5919.97";"0.00";"IST";"End Of Friday (Time)";"3d 1h 40m";"-549.36"
"186";"USTEC_ICM_UTC2";"Buy";"5334.4";"5371.3";"2017.02.27 19:00:00";"2017.03.03 22:55:00";"30.0";"374.52";"5251.89990";"5416.89990";"-5545.45";"0.00";"IST";"End Of Friday (Time)";"4d 3h 55m";"-732.48"
"187";"USTEC_ICM_UTC2";"Buy";"5342.8";"5384.3";"2017.03.06 18:45:00";"2017.03.10 22:55:00";"30.0";"512.52";"5260.29980";"5425.29980";"-5032.93";"0.00";"IST";"End Of Friday (Time)";"4d 4h 10m";"-732.48"
"188";"USTEC_ICM_UTC2";"Buy";"5368.4";"5450.9";"2017.03.14 18:15:00";"2017.03.31 20:30:00";"30.0";"-638.04";"5285.89990";"5450.89990";"-5670.97";"0.00";"IST";"PT";"17d 2h 15m";"-3113.04"
"189";"USTEC_ICM_UTC2";"Buy";"5439.1";"5442.1";"2017.03.31 21:30:00";"2017.03.31 22:55:00";"30.0";"90.00";"5356.60010";"5521.60010";"-5580.97";"0.00";"IST";"End Of Friday (Time)";"1h 25m";"-0.00"
"190";"USTEC_ICM_UTC2";"Buy";"5419.1";"5420.4";"2017.04.03 19:30:00";"2017.04.07 22:55:00";"30.0";"-693.48";"5336.60010";"5501.60010";"-6274.45";"0.00";"IST";"End Of Friday (Time)";"4d 3h 25m";"-732.48"
"191";"USTEC_ICM_UTC2";"Buy";"5433.1";"5441.6";"2017.04.10 21:00:00";"2017.04.21 22:55:00";"30.0";"-1759.32";"5350.60010";"5515.60010";"-8033.77";"0.00";"IST";"End Of Friday (Time)";"11d 1h 55m";"-2014.32"
"192";"USTEC_ICM_UTC2";"Buy";"5501.2";"5589.0";"2017.04.24 20:00:00";"2017.04.28 09:00:00";"30.0";"1900.59";"5418.70020";"5583.70020";"-6133.18";"0.00";"IST";"PT";"3d 13h 0m";"-732.48"
"193";"USTEC_ICM_UTC2";"Buy";"5576.1";"5583.6";"2017.04.28 18:45:00";"2017.04.28 22:55:00";"30.0";"225.00";"5493.60010";"5658.60010";"-5908.18";"0.00";"IST";"End Of Friday (Time)";"4h 10m";"-0.00"
"194";"USTEC_ICM_UTC2";"Buy";"5626.3";"5642.8";"2017.05.01 19:45:00";"2017.05.05 22:55:00";"30.0";"-237.48";"5543.79980";"5708.79980";"-6145.66";"0.00";"IST";"End Of Friday (Time)";"4d 3h 10m";"-732.48"
"195";"USTEC_ICM_UTC2";"Buy";"5651.4";"5682.1";"2017.05.08 19:45:00";"2017.05.12 22:55:00";"30.0";"188.52";"5568.89990";"5733.89990";"-5957.14";"0.00";"IST";"End Of Friday (Time)";"4d 3h 10m";"-732.48"
"196";"USTEC_ICM_UTC2";"Buy";"5719.2";"5636.7";"2017.05.16 19:45:00";"2017.05.17 17:53:00";"30.0";"-2658.12";"5636.70020";"5801.70020";"-8615.26";"0.00";"IST";"SL";"22h 8m";"-183.12"
"197";"USTEC_ICM_UTC2";"Buy";"5641.4";"5558.9";"2017.05.17 19:45:00";"2017.05.18 12:31:00";"30.0";"-2658.12";"5558.89990";"5723.89990";"-11273.38";"0.00";"IST";"SL";"16h 46m";"-183.12"
"198";"USTEC_ICM_UTC2";"Buy";"5577.6";"5660.1";"2017.05.18 16:30:00";"2017.05.19 16:51:00";"30.0";"2291.88";"5495.10010";"5660.10010";"-8981.50";"0.00";"IST";"PT";"1d 0h 21m";"-183.12"
"199";"USTEC_ICM_UTC2";"Buy";"5696.6";"5779.1";"2017.05.23 21:00:00";"2017.05.25 19:22:00";"30.0";"2108.76";"5614.10010";"5779.10010";"-6872.74";"0.00";"IST";"PT";"1d 22h 22m";"-366.24"
"200";"USTEC_ICM_UTC2";"Buy";"5784.3";"5786.3";"2017.05.25 20:45:00";"2017.05.26 22:55:00";"30.0";"-123.12";"5701.79980";"5866.79980";"-6995.86";"0.00";"IST";"End Of Friday (Time)";"1d 2h 10m";"-183.12"
"201";"USTEC_ICM_UTC2";"Buy";"5796.8";"5879.3";"2017.05.30 18:45:00";"2017.06.02 22:35:00";"30.0";"1925.64";"5714.29980";"5879.29980";"-5070.22";"0.00";"IST";"PT";"3d 3h 50m";"-549.36"
"202";"USTEC_ICM_UTC2";"Buy";"5877.3";"5794.8";"2017.06.05 20:00:00";"2017.06.09 20:12:00";"30.0";"-3207.48";"5794.79980";"5959.79980";"-8277.70";"0.00";"IST";"SL";"4d 0h 12m";"-732.48"
"203";"USTEC_ICM_UTC2";"Buy";"5653.2";"5735.7";"2017.06.12 16:45:00";"2017.06.13 16:28:00";"30.0";"2291.88";"5570.70020";"5735.70020";"-5985.82";"0.00";"IST";"PT";"23h 43m";"-183.12"
"204";"USTEC_ICM_UTC2";"Buy";"5672.7";"5678.8";"2017.06.15 19:30:00";"2017.06.16 22:55:00";"30.0";"-0.12";"5590.20020";"5755.20020";"-5985.94";"0.00";"IST";"End Of Friday (Time)";"1d 3h 25m";"-183.12"
"205";"USTEC_ICM_UTC2";"Buy";"5740.3";"5802.2";"2017.06.20 19:45:00";"2017.06.23 22:55:00";"30.0";"1307.64";"5657.79980";"5822.79980";"-4678.30";"0.00";"IST";"End Of Friday (Time)";"3d 3h 10m";"-549.36"
"206";"USTEC_ICM_UTC2";"Buy";"5799.1";"5716.6";"2017.06.26 20:00:00";"2017.06.27 20:08:00";"30.0";"-2658.12";"5716.60010";"5881.60010";"-7336.42";"0.00";"IST";"SL";"1d 0h 8m";"-183.12"
"207";"USTEC_ICM_UTC2";"Buy";"5687.1";"5604.6";"2017.06.27 22:30:00";"2017.06.29 20:27:00";"30.0";"-2841.24";"5604.60010";"5769.60010";"-10177.66";"0.00";"IST";"SL";"1d 21h 57m";"-366.24"
"208";"USTEC_ICM_UTC2";"Buy";"5641.1";"5660.1";"2017.06.29 22:15:00";"2017.06.30 22:55:00";"30.0";"386.88";"5558.60010";"5723.60010";"-9790.78";"0.00";"IST";"End Of Friday (Time)";"1d 0h 40m";"-183.12"
"209";"USTEC_ICM_UTC2";"Buy";"5629.4";"5658.4";"2017.07.05 18:45:00";"2017.07.07 22:55:00";"30.0";"503.76";"5546.89990";"5711.89990";"-9287.02";"0.00";"IST";"End Of Friday (Time)";"2d 4h 10m";"-366.24"
"210";"USTEC_ICM_UTC2";"Buy";"5683.6";"5766.1";"2017.07.10 19:00:00";"2017.07.12 17:27:00";"30.0";"2108.76";"5601.10010";"5766.10010";"-7178.26";"0.00";"IST";"PT";"1d 22h 27m";"-366.24"
"211";"USTEC_ICM_UTC2";"Buy";"5759.6";"5842.1";"2017.07.12 19:15:00";"2017.07.14 22:37:00";"30.0";"2108.76";"5677.10010";"5842.10010";"-5069.50";"0.00";"IST";"PT";"2d 3h 22m";"-366.24"
"212";"USTEC_ICM_UTC2";"Buy";"5842.1";"5924.6";"2017.07.17 20:45:00";"2017.07.20 15:00:00";"30.0";"1925.64";"5759.60010";"5924.60010";"-3143.86";"0.00";"IST";"PT";"2d 18h 15m";"-549.36"
"213";"USTEC_ICM_UTC2";"Buy";"5926.1";"5915.5";"2017.07.20 19:15:00";"2017.07.21 22:55:00";"30.0";"-501.12";"5843.60010";"6008.60010";"-3644.98";"0.00";"IST";"End Of Friday (Time)";"1d 3h 40m";"-183.12"
"214";"USTEC_ICM_UTC2";"Buy";"5928.0";"5845.5";"2017.07.25 19:15:00";"2017.07.27 20:39:00";"30.0";"-2841.24";"5845.50000";"6010.50000";"-6486.22";"0.00";"IST";"SL";"2d 1h 24m";"-366.24"
"215";"USTEC_ICM_UTC2";"Buy";"5891.9";"5908.5";"2017.07.27 22:00:00";"2017.07.28 22:55:00";"30.0";"314.88";"5809.39990";"5974.39990";"-6171.34";"0.00";"IST";"End Of Friday (Time)";"1d 0h 55m";"-183.12"
"216";"USTEC_ICM_UTC2";"Buy";"5891.1";"5893.5";"2017.07.31 19:30:00";"2017.08.04 22:55:00";"30.0";"-660.48";"5808.60010";"5973.60010";"-6831.82";"0.00";"IST";"End Of Friday (Time)";"4d 3h 25m";"-732.48"
"217";"USTEC_ICM_UTC2";"Buy";"5960.1";"5877.6";"2017.08.08 20:00:00";"2017.08.09 12:49:00";"30.0";"-2658.12";"5877.60010";"6042.60010";"-9489.94";"0.00";"IST";"SL";"16h 49m";"-183.12"
"218";"USTEC_ICM_UTC2";"Buy";"5870.1";"5787.6";"2017.08.09 16:45:00";"2017.08.10 22:37:00";"30.0";"-2658.12";"5787.60010";"5952.60010";"-12148.06";"0.00";"IST";"SL";"1d 5h 52m";"-183.12"
"219";"USTEC_ICM_UTC2";"Buy";"5820.9";"5830.1";"2017.08.11 18:00:00";"2017.08.11 22:55:00";"30.0";"276.00";"5738.39990";"5903.39990";"-11872.06";"0.00";"IST";"End Of Friday (Time)";"4h 55m";"-0.00"
"220";"USTEC_ICM_UTC2";"Buy";"5908.1";"5825.6";"2017.08.15 19:30:00";"2017.08.17 19:57:00";"30.0";"-2841.24";"5825.60010";"5990.60010";"-14713.30";"0.00";"IST";"SL";"2d 0h 27m";"-366.24"
"221";"USTEC_ICM_UTC2";"Buy";"5826.6";"5793.9";"2017.08.17 21:30:00";"2017.08.18 22:55:00";"30.0";"-1164.12";"5744.10010";"5909.10010";"-15877.42";"0.00";"IST";"End Of Friday (Time)";"1d 1h 25m";"-183.12"
"222";"USTEC_ICM_UTC2";"Buy";"5790.1";"5872.6";"2017.08.21 19:30:00";"2017.08.22 21:27:00";"30.0";"2291.88";"5707.60010";"5872.60010";"-13585.54";"0.00";"IST";"PT";"1d 1h 57m";"-183.12"
"223";"USTEC_ICM_UTC2";"Buy";"5844.0";"5826.6";"2017.08.23 21:00:00";"2017.08.25 22:55:00";"30.0";"-888.24";"5761.50000";"5926.50000";"-14473.78";"0.00";"IST";"End Of Friday (Time)";"2d 1h 55m";"-366.24"
"224";"USTEC_ICM_UTC2";"Buy";"5842.1";"5924.6";"2017.08.28 21:00:00";"2017.08.30 20:27:00";"30.0";"2108.76";"5759.60010";"5924.60010";"-12365.02";"0.00";"IST";"PT";"1d 23h 27m";"-366.24"
"225";"USTEC_ICM_UTC2";"Buy";"5933.5";"6016.0";"2017.08.30 22:15:00";"2017.09.01 15:34:00";"30.0";"2108.76";"5851.00000";"6016.00000";"-10256.26";"0.00";"IST";"PT";"1d 17h 19m";"-366.24"
"226";"USTEC_ICM_UTC2";"Buy";"5985.7";"5990.4";"2017.09.01 18:30:00";"2017.09.01 22:55:00";"30.0";"141.00";"5903.20020";"6068.20020";"-10115.26";"0.00";"IST";"End Of Friday (Time)";"4h 25m";"-0.00"
"227";"USTEC_ICM_UTC2";"Buy";"5924.2";"5910.5";"2017.09.05 22:15:00";"2017.09.08 22:55:00";"30.0";"-960.36";"5841.70020";"6006.70020";"-11075.62";"0.00";"IST";"End Of Friday (Time)";"3d 0h 40m";"-549.36"
"228";"USTEC_ICM_UTC2";"Buy";"5976.7";"5987.0";"2017.09.11 19:30:00";"2017.09.15 22:55:00";"30.0";"-423.48";"5894.20020";"6059.20020";"-11499.10";"0.00";"IST";"End Of Friday (Time)";"4d 3h 25m";"-732.48"
"229";"USTEC_ICM_UTC2";"Buy";"6006.8";"5924.3";"2017.09.18 19:00:00";"2017.09.21 17:22:00";"30.0";"-3024.36";"5924.29980";"6089.29980";"-14523.46";"0.00";"IST";"SL";"2d 22h 22m";"-549.36"
"230";"USTEC_ICM_UTC2";"Buy";"5952.9";"5934.2";"2017.09.21 19:15:00";"2017.09.22 22:55:00";"30.0";"-744.12";"5870.39990";"6035.39990";"-15267.58";"0.00";"IST";"End Of Friday (Time)";"1d 3h 40m";"-183.12"
"231";"USTEC_ICM_UTC2";"Buy";"5843.8";"5926.3";"2017.09.25 19:15:00";"2017.09.27 16:38:00";"30.0";"2108.76";"5761.29980";"5926.29980";"-13158.82";"0.00";"IST";"PT";"1d 21h 23m";"-366.24"
"232";"USTEC_ICM_UTC2";"Buy";"5908.9";"5977.9";"2017.09.27 19:15:00";"2017.09.29 22:55:00";"30.0";"1703.76";"5826.39990";"5991.39990";"-11455.06";"0.00";"IST";"End Of Friday (Time)";"2d 3h 40m";"-366.24"
"233";"USTEC_ICM_UTC2";"Buy";"5976.8";"6059.3";"2017.10.02 21:00:00";"2017.10.05 22:04:00";"30.0";"1925.64";"5894.29980";"6059.29980";"-9529.42";"0.00";"IST";"PT";"3d 1h 4m";"-549.36"
"234";"USTEC_ICM_UTC2";"Buy";"6044.0";"6062.3";"2017.10.06 18:00:00";"2017.10.06 22:55:00";"30.0";"549.00";"5961.50000";"6126.50000";"-8980.42";"0.00";"IST";"End Of Friday (Time)";"4h 55m";"-0.00"
"235";"USTEC_ICM_UTC2";"Buy";"6068.8";"6091.6";"2017.10.09 19:45:00";"2017.10.13 22:55:00";"30.0";"-48.48";"5986.29980";"6151.29980";"-9028.90";"0.00";"IST";"End Of Friday (Time)";"4d 3h 10m";"-732.48"
"236";"USTEC_ICM_UTC2";"Buy";"6105.1";"6100.8";"2017.10.16 20:30:00";"2017.10.20 22:55:00";"30.0";"-861.48";"6022.60010";"6187.60010";"-9890.38";"0.00";"IST";"End Of Friday (Time)";"4d 2h 25m";"-732.48"
"237";"USTEC_ICM_UTC2";"Buy";"6084.0";"6166.5";"2017.10.24 18:30:00";"2017.10.27 17:03:00";"30.0";"1925.64";"6001.50000";"6166.50000";"-7964.74";"0.00";"IST";"PT";"2d 22h 33m";"-549.36"
"238";"USTEC_ICM_UTC2";"Buy";"6213.8";"6216.9";"2017.10.27 19:45:00";"2017.10.27 22:55:00";"30.0";"93.00";"6131.29980";"6296.29980";"-7871.74";"0.00";"IST";"End Of Friday (Time)";"3h 10m";"-0.00"
"239";"USTEC_ICM_UTC2";"Buy";"6224.2";"6306.7";"2017.10.30 19:30:00";"2017.11.06 16:44:00";"30.0";"1193.16";"6141.70020";"6306.70020";"-6678.58";"0.00";"IST";"PT";"6d 21h 14m";"-1281.84"
"240";"USTEC_ICM_UTC2";"Buy";"6313.2";"6309.6";"2017.11.07 21:00:00";"2017.11.10 22:55:00";"30.0";"-657.36";"6230.70020";"6395.70020";"-7335.94";"0.00";"IST";"End Of Friday (Time)";"3d 1h 55m";"-549.36"
"241";"USTEC_ICM_UTC2";"Buy";"6293.0";"6315.6";"2017.11.14 18:45:00";"2017.11.17 22:55:00";"30.0";"128.64";"6210.50000";"6375.50000";"-7207.30";"0.00";"IST";"End Of Friday (Time)";"3d 4h 10m";"-549.36"
"242";"USTEC_ICM_UTC2";"Buy";"6308.8";"6391.3";"2017.11.20 19:45:00";"2017.11.23 12:58:00";"30.0";"1925.64";"6226.29980";"6391.29980";"-5281.66";"0.00";"IST";"PT";"2d 17h 13m";"-549.36"
"243";"USTEC_ICM_UTC2";"Buy";"6408.4";"6325.9";"2017.11.24 19:15:00";"2017.11.29 17:23:00";"30.0";"-3390.60";"6325.89990";"6490.89990";"-8672.26";"0.00";"IST";"SL";"4d 22h 8m";"-915.60"
"244";"USTEC_ICM_UTC2";"Buy";"6327.4";"6337.8";"2017.11.29 20:45:00";"2017.12.01 22:55:00";"30.0";"-54.24";"6244.89990";"6409.89990";"-8726.50";"0.00";"IST";"End Of Friday (Time)";"2d 2h 10m";"-366.24"
"245";"USTEC_ICM_UTC2";"Buy";"6309.5";"6339.2";"2017.12.04 19:15:00";"2017.12.08 22:55:00";"30.0";"158.52";"6227.00000";"6392.00000";"-8567.98";"0.00";"IST";"End Of Friday (Time)";"4d 3h 40m";"-732.48"
"246";"USTEC_ICM_UTC2";"Buy";"6386.1";"6468.6";"2017.12.12 22:45:00";"2017.12.15 22:15:00";"30.0";"1925.64";"6303.60010";"6468.60010";"-6642.34";"0.00";"IST";"PT";"2d 23h 30m";"-549.36"
"247";"USTEC_ICM_UTC2";"Buy";"6520.4";"6467.4";"2017.12.18 20:00:00";"2017.12.22 22:55:00";"30.0";"-2322.48";"6437.89990";"6602.89990";"-8964.82";"0.00";"IST";"End Of Friday (Time)";"4d 2h 55m";"-732.48"
"248";"USTEC_ICM_UTC2";"Buy";"6430.6";"6399.3";"2017.12.26 18:30:00";"2017.12.29 22:55:00";"30.0";"-1488.36";"6348.10010";"6513.10010";"-10453.18";"0.00";"IST";"End Of Friday (Time)";"3d 4h 25m";"-549.36"
"249";"USTEC_ICM_UTC2";"Buy";"6452.5";"6535.0";"2018.01.02 16:45:00";"2018.01.03 16:38:00";"30.0";"2291.88";"6370.00000";"6535.00000";"-8161.30";"0.00";"IST";"PT";"23h 53m";"-183.12"
"250";"USTEC_ICM_UTC2";"Buy";"6567.9";"6650.4";"2018.01.03 20:45:00";"2018.01.05 22:48:00";"30.0";"2108.76";"6485.39990";"6650.39990";"-6052.54";"0.00";"IST";"PT";"2d 2h 3m";"-366.24"
"251";"USTEC_ICM_UTC2";"Buy";"6675.1";"6757.6";"2018.01.08 19:30:00";"2018.01.12 19:59:00";"30.0";"1742.52";"6592.60010";"6757.60010";"-4310.02";"0.00";"IST";"PT";"4d 0h 29m";"-732.48"
"252";"USTEC_ICM_UTC2";"Buy";"6752.4";"6760.7";"2018.01.12 20:45:00";"2018.01.12 22:55:00";"30.0";"249.00";"6669.89990";"6834.89990";"-4061.02";"0.00";"IST";"End Of Friday (Time)";"2h 10m";"-0.00"
"253";"USTEC_ICM_UTC2";"Buy";"6785.9";"6831.0";"2018.01.16 19:30:00";"2018.01.19 22:55:00";"30.0";"803.64";"6703.39990";"6868.39990";"-3257.38";"0.00";"IST";"End Of Friday (Time)";"3d 3h 25m";"-549.36"
"254";"USTEC_ICM_UTC2";"Buy";"6887.5";"6970.0";"2018.01.22 20:00:00";"2018.01.24 12:37:00";"30.0";"2108.76";"6805.00000";"6970.00000";"-1148.62";"0.00";"IST";"PT";"1d 16h 37m";"-366.24"
"255";"USTEC_ICM_UTC2";"Buy";"6939.0";"7014.2";"2018.01.24 18:30:00";"2018.01.26 22:55:00";"30.0";"1889.76";"6856.50000";"7021.50000";"741.14";"0.00";"IST";"End Of Friday (Time)";"2d 4h 25m";"-366.24"
"256";"USTEC_ICM_UTC2";"Buy";"6992.0";"6909.5";"2018.01.29 19:45:00";"2018.01.30 16:30:00";"30.0";"-2658.12";"6909.50000";"7074.50000";"-1916.98";"0.00";"IST";"SL";"20h 45m";"-183.12"
"257";"USTEC_ICM_UTC2";"Buy";"6923.8";"6841.3";"2018.01.30 19:00:00";"2018.02.02 13:36:00";"30.0";"-3024.36";"6841.29980";"7006.29980";"-4941.34";"0.00";"IST";"SL";"2d 18h 36m";"-549.36"
"258";"USTEC_ICM_UTC2";"Buy";"6859.2";"6776.7";"2018.02.02 16:45:00";"2018.02.02 22:04:00";"30.0";"-2475.00";"6776.70020";"6941.70020";"-7416.34";"0.00";"IST";"SL";"5h 19m";"-0.00"
"259";"USTEC_ICM_UTC2";"Buy";"6698.5";"6616.0";"2018.02.05 20:45:00";"2018.02.05 21:58:00";"30.0";"-2475.00";"6616.00000";"6781.00000";"-9891.34";"0.00";"IST";"SL";"1h 13m";"-0.00"
"260";"USTEC_ICM_UTC2";"Buy";"6544.1";"6461.6";"2018.02.06 17:00:00";"2018.02.06 17:24:00";"30.0";"-2475.00";"6461.60010";"6626.60010";"-12366.34";"0.00";"IST";"SL";"24m 0s";"-0.00"
"261";"USTEC_ICM_UTC2";"Buy";"6427.8";"6345.3";"2018.02.08 21:45:00";"2018.02.08 22:53:00";"30.0";"-2475.00";"6345.29980";"6510.29980";"-14841.34";"0.00";"IST";"SL";"1h 8m";"-0.00"
"262";"USTEC_ICM_UTC2";"Buy";"6282.3";"6199.8";"2018.02.09 19:00:00";"2018.02.09 19:43:00";"30.0";"-2475.00";"6199.79980";"6364.79980";"-17316.34";"0.00";"IST";"SL";"43m 0s";"-0.00"
"263";"USTEC_ICM_UTC2";"Buy";"6614.4";"6716.9";"2018.02.14 19:30:00";"2018.02.15 09:05:00";"30.0";"2890.65";"6531.89990";"6696.89990";"-14425.69";"0.00";"IST";"PT";"13h 35m";"-183.12"
"264";"USTEC_ICM_UTC2";"Buy";"6747.7";"6830.2";"2018.02.15 19:45:00";"2018.02.16 09:48:00";"30.0";"2291.88";"6665.20020";"6830.20020";"-12133.81";"0.00";"IST";"PT";"14h 3m";"-183.12"
"265";"USTEC_ICM_UTC2";"Buy";"6835.6";"6785.2";"2018.02.16 19:45:00";"2018.02.16 22:55:00";"30.0";"-1512.00";"6753.10010";"6918.10010";"-13645.81";"0.00";"IST";"End Of Friday (Time)";"3h 10m";"-0.00"
"266";"USTEC_ICM_UTC2";"Buy";"6833.6";"6751.1";"2018.02.20 19:15:00";"2018.02.20 22:21:00";"30.0";"-2475.00";"6751.10010";"6916.10010";"-16120.81";"0.00";"IST";"SL";"3h 6m";"-0.00"
"267";"USTEC_ICM_UTC2";"Buy";"6834.6";"6724.6";"2018.02.21 20:45:00";"2018.02.22 09:05:00";"30.0";"-3484.35";"6752.10010";"6917.10010";"-19605.16";"0.00";"IST";"SL";"12h 20m";"-183.12"
"268";"USTEC_ICM_UTC2";"Buy";"6797.6";"6880.1";"2018.02.22 19:45:00";"2018.02.23 22:04:00";"30.0";"2291.88";"6715.10010";"6880.10010";"-17313.28";"0.00";"IST";"PT";"1d 2h 19m";"-183.12"
"269";"USTEC_ICM_UTC2";"Buy";"6939.8";"6857.3";"2018.02.27 21:00:00";"2018.02.28 22:59:00";"30.0";"-2658.12";"6857.29980";"7022.29980";"-19971.40";"0.00";"IST";"SL";"1d 1h 59m";"-183.12"
"270";"USTEC_ICM_UTC2";"Buy";"6834.6";"6752.1";"2018.03.01 18:30:00";"2018.03.01 20:43:00";"30.0";"-2475.00";"6752.10010";"6917.10010";"-22446.40";"0.00";"IST";"SL";"2h 13m";"-0.00"
"271";"USTEC_ICM_UTC2";"Buy";"6729.3";"6811.8";"2018.03.02 18:30:00";"2018.03.02 22:53:00";"30.0";"2475.00";"6646.79980";"6811.79980";"-19971.40";"0.00";"IST";"PT";"4h 23m";"-0.00"
"272";"USTEC_ICM_UTC2";"Buy";"6892.6";"6975.1";"2018.03.07 20:45:00";"2018.03.09 10:53:00";"30.0";"2108.76";"6810.10010";"6975.10010";"-17862.64";"0.00";"IST";"PT";"1d 14h 8m";"-366.24"
"273";"USTEC_ICM_UTC2";"Buy";"7144.9";"7062.4";"2018.03.12 19:00:00";"2018.03.13 18:07:00";"30.0";"-2658.12";"7062.39990";"7227.39990";"-20520.76";"0.00";"IST";"SL";"23h 7m";"-183.12"
"274";"USTEC_ICM_UTC2";"Buy";"7083.6";"6964.4";"2018.03.13 18:45:00";"2018.03.19 08:05:00";"30.0";"-4675.95";"7001.10010";"7166.10010";"-25196.71";"0.00";"IST";"SL";"5d 13h 20m";"-1098.72"
"275";"USTEC_ICM_UTC2";"Buy";"6822.8";"6905.3";"2018.03.19 19:30:00";"2018.03.20 13:29:00";"30.0";"2291.88";"6740.29980";"6905.29980";"-22904.83";"0.00";"IST";"PT";"17h 59m";"-183.12"
"276";"USTEC_ICM_UTC2";"Buy";"6867.3";"6784.8";"2018.03.20 19:30:00";"2018.03.22 11:27:00";"30.0";"-2841.24";"6784.79980";"6949.79980";"-25746.07";"0.00";"IST";"SL";"1d 15h 57m";"-366.24"
"277";"USTEC_ICM_UTC2";"Buy";"6744.6";"6611.1";"2018.03.22 17:00:00";"2018.03.23 08:05:00";"30.0";"-4189.35";"6662.10010";"6827.10010";"-29935.42";"0.00";"IST";"SL";"15h 5m";"-183.12"
"278";"USTEC_ICM_UTC2";"Buy";"6635.6";"6553.1";"2018.03.23 17:45:00";"2018.03.23 21:09:00";"30.0";"-2475.00";"6553.10010";"6718.10010";"-32410.42";"0.00";"IST";"SL";"3h 24m";"-0.00"
"279";"USTEC_ICM_UTC2";"Buy";"6647.5";"6730.0";"2018.03.26 20:30:00";"2018.03.26 22:39:00";"30.0";"2475.00";"6565.00000";"6730.00000";"-29935.42";"0.00";"IST";"PT";"2h 9m";"-0.00"
"280";"USTEC_ICM_UTC2";"Buy";"6459.3";"6541.8";"2018.03.28 18:00:00";"2018.03.28 19:18:00";"30.0";"2475.00";"6376.79980";"6541.79980";"-27460.42";"0.00";"IST";"PT";"1h 18m";"-0.00"
"281";"USTEC_ICM_UTC2";"Buy";"6625.1";"6542.3";"2018.03.29 21:45:00";"2018.04.02 09:05:00";"30.0";"-3217.38";"6542.60010";"6707.60010";"-30677.80";"0.00";"IST";"SL";"3d 11h 20m";"-732.48"
"282";"USTEC_ICM_UTC2";"Buy";"6378.7";"6461.2";"2018.04.02 22:15:00";"2018.04.03 18:08:00";"30.0";"2291.88";"6296.20020";"6461.20020";"-28385.92";"0.00";"IST";"PT";"19h 53m";"-183.12"
"283";"USTEC_ICM_UTC2";"Buy";"6403.5";"6486.0";"2018.04.03 21:15:00";"2018.04.03 22:11:00";"30.0";"2475.00";"6321.00000";"6486.00000";"-25910.92";"0.00";"IST";"PT";"56m 0s";"-0.00"
"284";"USTEC_ICM_UTC2";"Buy";"6442.8";"6525.3";"2018.04.04 18:45:00";"2018.04.04 22:01:00";"30.0";"2475.00";"6360.29980";"6525.29980";"-23435.92";"0.00";"IST";"PT";"3h 16m";"-0.00"
"285";"USTEC_ICM_UTC2";"Buy";"6507.8";"6425.3";"2018.04.06 19:30:00";"2018.04.06 21:38:00";"30.0";"-2475.00";"6425.29980";"6590.29980";"-25910.92";"0.00";"IST";"SL";"2h 8m";"-0.00"
"286";"USTEC_ICM_UTC2";"Buy";"6592.7";"6675.2";"2018.04.10 21:30:00";"2018.04.12 17:20:00";"30.0";"2108.76";"6510.20020";"6675.20020";"-23802.16";"0.00";"IST";"PT";"1d 19h 50m";"-366.24"
"287";"USTEC_ICM_UTC2";"Buy";"6651.5";"6632.4";"2018.04.13 19:30:00";"2018.04.13 22:55:00";"30.0";"-573.00";"6569.00000";"6734.00000";"-24375.16";"0.00";"IST";"End Of Friday (Time)";"3h 25m";"-0.00"
"288";"USTEC_ICM_UTC2";"Buy";"6670.7";"6753.2";"2018.04.16 19:30:00";"2018.04.17 16:40:00";"30.0";"2291.88";"6588.20020";"6753.20020";"-22083.28";"0.00";"IST";"PT";"21h 10m";"-183.12"
"289";"USTEC_ICM_UTC2";"Buy";"6812.5";"6730.0";"2018.04.17 20:15:00";"2018.04.20 10:52:00";"30.0";"-3024.36";"6730.00000";"6895.00000";"-25107.64";"0.00";"IST";"SL";"2d 14h 37m";"-549.36"
"290";"USTEC_ICM_UTC2";"Buy";"6724.1";"6641.6";"2018.04.20 17:00:00";"2018.04.20 22:09:00";"30.0";"-2475.00";"6641.60010";"6806.60010";"-27582.64";"0.00";"IST";"SL";"5h 9m";"-0.00"
"291";"USTEC_ICM_UTC2";"Buy";"6706.9";"6624.4";"2018.04.23 19:00:00";"2018.04.23 21:52:00";"30.0";"-2475.00";"6624.39990";"6789.39990";"-30057.64";"0.00";"IST";"SL";"2h 52m";"-0.00"
"292";"USTEC_ICM_UTC2";"Buy";"6603.9";"6521.4";"2018.04.24 18:45:00";"2018.04.24 19:35:00";"30.0";"-2475.00";"6521.39990";"6686.39990";"-32532.64";"0.00";"IST";"SL";"50m 0s";"-0.00"
"293";"USTEC_ICM_UTC2";"Buy";"6489.7";"6581.4";"2018.04.25 19:00:00";"2018.04.26 01:00:00";"30.0";"2566.65";"6407.20020";"6572.20020";"-29965.99";"0.00";"IST";"PT";"6h 0m";"-183.12"
"294";"USTEC_ICM_UTC2";"Buy";"6621.1";"6703.6";"2018.04.26 19:00:00";"2018.04.26 23:02:00";"30.0";"2475.00";"6538.60010";"6703.60010";"-27490.99";"0.00";"IST";"PT";"4h 2m";"-0.00"
"295";"USTEC_ICM_UTC2";"Buy";"6664.2";"6659.7";"2018.04.27 19:15:00";"2018.04.27 22:55:00";"30.0";"-135.00";"6581.70020";"6746.70020";"-27625.99";"0.00";"IST";"End Of Friday (Time)";"3h 40m";"-0.00"
"296";"USTEC_ICM_UTC2";"Buy";"6614.0";"6710.0";"2018.04.30 20:30:00";"2018.05.02 01:00:00";"30.0";"2512.83";"6531.50000";"6696.50000";"-25113.16";"0.00";"IST";"PT";"1d 4h 30m";"-366.24"
"297";"USTEC_ICM_UTC2";"Buy";"6665.4";"6582.9";"2018.05.02 19:15:00";"2018.05.03 17:23:00";"30.0";"-2658.12";"6582.89990";"6747.89990";"-27771.28";"0.00";"IST";"SL";"22h 8m";"-183.12"
"298";"USTEC_ICM_UTC2";"Buy";"6583.7";"6666.2";"2018.05.03 19:15:00";"2018.05.03 21:37:00";"30.0";"2475.00";"6501.20020";"6666.20020";"-25296.28";"0.00";"IST";"PT";"2h 22m";"-0.00"
"299";"USTEC_ICM_UTC2";"Buy";"6743.3";"6761.4";"2018.05.04 18:30:00";"2018.05.04 22:55:00";"30.0";"543.00";"6660.79980";"6825.79980";"-24753.28";"0.00";"IST";"End Of Friday (Time)";"4h 25m";"-0.00"
"300";"USTEC_ICM_UTC2";"Buy";"6840.1";"6922.6";"2018.05.07 19:15:00";"2018.05.10 16:42:00";"30.0";"1925.64";"6757.60010";"6922.60010";"-22827.64";"0.00";"IST";"PT";"2d 21h 27m";"-549.36"
"301";"USTEC_ICM_UTC2";"Buy";"6952.7";"6944.8";"2018.05.10 19:15:00";"2018.05.11 22:55:00";"30.0";"-420.12";"6870.20020";"7035.20020";"-23247.76";"0.00";"IST";"End Of Friday (Time)";"1d 3h 40m";"-183.12"
"302";"USTEC_ICM_UTC2";"Buy";"6977.9";"6895.4";"2018.05.14 20:00:00";"2018.05.15 16:32:00";"30.0";"-2658.12";"6895.39990";"7060.39990";"-25905.88";"0.00";"IST";"SL";"20h 32m";"-183.12"
"303";"USTEC_ICM_UTC2";"Buy";"6871.5";"6869.6";"2018.05.15 18:30:00";"2018.05.18 22:55:00";"30.0";"-606.36";"6789.00000";"6954.00000";"-26512.24";"0.00";"IST";"End Of Friday (Time)";"3d 4h 25m";"-549.36"
"304";"USTEC_ICM_UTC2";"Buy";"6907.9";"6825.4";"2018.05.21 20:00:00";"2018.05.23 12:41:00";"30.0";"-2841.24";"6825.39990";"6990.39990";"-29353.48";"0.00";"IST";"SL";"1d 16h 41m";"-366.24"
"305";"USTEC_ICM_UTC2";"Buy";"6863.2";"6945.7";"2018.05.23 18:00:00";"2018.05.23 22:50:00";"30.0";"2475.00";"6780.70020";"6945.70020";"-26878.48";"0.00";"IST";"PT";"4h 50m";"-0.00"
"306";"USTEC_ICM_UTC2";"Buy";"6954.7";"6960.3";"2018.05.24 20:30:00";"2018.05.25 22:55:00";"30.0";"-15.12";"6872.20020";"7037.20020";"-26893.60";"0.00";"IST";"End Of Friday (Time)";"1d 2h 25m";"-183.12"
"307";"USTEC_ICM_UTC2";"Buy";"6936.7";"7019.2";"2018.05.29 16:45:00";"2018.06.01 16:35:00";"30.0";"1925.64";"6854.20020";"7019.20020";"-24967.96";"0.00";"IST";"PT";"2d 23h 50m";"-549.36"
"308";"USTEC_ICM_UTC2";"Buy";"7071.4";"7078.0";"2018.06.01 18:45:00";"2018.06.01 22:55:00";"30.0";"198.00";"6988.89990";"7153.89990";"-24769.96";"0.00";"IST";"End Of Friday (Time)";"4h 10m";"-0.00"
"309";"USTEC_ICM_UTC2";"Buy";"7125.8";"7208.3";"2018.06.04 19:00:00";"2018.06.06 22:57:00";"30.0";"2108.76";"7043.29980";"7208.29980";"-22661.20";"0.00";"IST";"PT";"2d 3h 57m";"-366.24"
"310";"USTEC_ICM_UTC2";"Buy";"7154.2";"7155.5";"2018.06.07 19:15:00";"2018.06.08 22:55:00";"30.0";"-144.12";"7071.70020";"7236.70020";"-22805.32";"0.00";"IST";"End Of Friday (Time)";"1d 3h 40m";"-183.12"
"311";"USTEC_ICM_UTC2";"Buy";"7188.6";"7271.1";"2018.06.11 19:30:00";"2018.06.14 17:06:00";"30.0";"1925.64";"7106.10010";"7271.10010";"-20879.68";"0.00";"IST";"PT";"2d 21h 36m";"-549.36"
"312";"USTEC_ICM_UTC2";"Buy";"7278.4";"7252.0";"2018.06.14 17:30:00";"2018.06.15 22:55:00";"30.0";"-975.12";"7195.89990";"7360.89990";"-21854.80";"0.00";"IST";"End Of Friday (Time)";"1d 5h 25m";"-183.12"
"313";"USTEC_ICM_UTC2";"Buy";"7242.7";"7160.2";"2018.06.18 19:00:00";"2018.06.19 09:00:00";"30.0";"-2658.12";"7160.20020";"7325.20020";"-24512.92";"0.00";"IST";"SL";"14h 0m";"-183.12"
"314";"USTEC_ICM_UTC2";"Buy";"7169.5";"7252.0";"2018.06.19 17:00:00";"2018.06.20 12:35:00";"30.0";"2291.88";"7087.00000";"7252.00000";"-22221.04";"0.00";"IST";"PT";"19h 35m";"-183.12"
"315";"USTEC_ICM_UTC2";"Buy";"7303.2";"7220.7";"2018.06.20 20:00:00";"2018.06.21 17:19:00";"30.0";"-2658.12";"7220.70020";"7385.70020";"-24879.16";"0.00";"IST";"SL";"21h 19m";"-183.12"
"316";"USTEC_ICM_UTC2";"Buy";"7265.3";"7182.8";"2018.06.21 18:45:00";"2018.06.22 17:27:00";"30.0";"-2658.12";"7182.79980";"7347.79980";"-27537.28";"0.00";"IST";"SL";"22h 42m";"-183.12"
"317";"USTEC_ICM_UTC2";"Buy";"7206.6";"7207.5";"2018.06.22 19:00:00";"2018.06.22 22:55:00";"30.0";"27.00";"7124.10010";"7289.10010";"-27510.28";"0.00";"IST";"End Of Friday (Time)";"3h 55m";"-0.00"
"318";"USTEC_ICM_UTC2";"Buy";"7034.0";"7116.5";"2018.06.25 18:30:00";"2018.06.27 16:53:00";"30.0";"2108.76";"6951.50000";"7116.50000";"-25401.52";"0.00";"IST";"PT";"1d 22h 23m";"-366.24"
"319";"USTEC_ICM_UTC2";"Buy";"7121.9";"7039.4";"2018.06.27 17:45:00";"2018.06.27 20:09:00";"30.0";"-2475.00";"7039.39990";"7204.39990";"-27876.52";"0.00";"IST";"SL";"2h 24m";"-0.00"
"320";"USTEC_ICM_UTC2";"Buy";"7010.3";"7092.8";"2018.06.28 19:00:00";"2018.06.29 16:45:00";"30.0";"2291.88";"6927.79980";"7092.79980";"-25584.64";"0.00";"IST";"PT";"21h 45m";"-183.12"
"321";"USTEC_ICM_UTC2";"Buy";"7076.3";"7053.5";"2018.06.29 20:15:00";"2018.06.29 22:55:00";"30.0";"-684.00";"6993.79980";"7158.79980";"-26268.64";"0.00";"IST";"End Of Friday (Time)";"2h 40m";"-0.00"
"322";"USTEC_ICM_UTC2";"Buy";"7034.4";"7116.9";"2018.07.02 18:30:00";"2018.07.03 10:09:00";"30.0";"2291.88";"6951.89990";"7116.89990";"-23976.76";"0.00";"IST";"PT";"15h 39m";"-183.12"
"323";"USTEC_ICM_UTC2";"Buy";"7096.5";"7179.0";"2018.07.05 20:15:00";"2018.07.06 18:29:00";"30.0";"2291.88";"7014.00000";"7179.00000";"-21684.88";"0.00";"IST";"PT";"22h 14m";"-183.12"
"324";"USTEC_ICM_UTC2";"Buy";"7179.1";"7202.9";"2018.07.06 18:30:00";"2018.07.06 22:55:00";"30.0";"714.00";"7096.60010";"7261.60010";"-20970.88";"0.00";"IST";"End Of Friday (Time)";"4h 25m";"-0.00"
"325";"USTEC_ICM_UTC2";"Buy";"7250.7";"7333.2";"2018.07.09 19:15:00";"2018.07.12 18:48:00";"30.0";"1925.64";"7168.20020";"7333.20020";"-19045.24";"0.00";"IST";"PT";"2d 23h 33m";"-549.36"
"326";"USTEC_ICM_UTC2";"Buy";"7349.8";"7378.1";"2018.07.12 20:00:00";"2018.07.13 22:55:00";"30.0";"665.88";"7267.29980";"7432.29980";"-18379.37";"0.00";"IST";"End Of Friday (Time)";"1d 2h 55m";"-183.12"
"327";"USTEC_ICM_UTC2";"Buy";"7381.1";"7298.6";"2018.07.16 19:30:00";"2018.07.17 01:01:00";"30.0";"-2658.12";"7298.60010";"7463.60010";"-21037.48";"0.00";"IST";"SL";"5h 31m";"-183.12"
"328";"USTEC_ICM_UTC2";"Buy";"7379.0";"7345.9";"2018.07.17 19:00:00";"2018.07.20 22:55:00";"30.0";"-1542.36";"7296.50000";"7461.50000";"-22579.84";"0.00";"IST";"End Of Friday (Time)";"3d 3h 55m";"-549.36"
"329";"USTEC_ICM_UTC2";"Buy";"7353.1";"7435.6";"2018.07.23 18:45:00";"2018.07.24 15:05:00";"30.0";"2291.88";"7270.60010";"7435.60010";"-20287.96";"0.00";"IST";"PT";"20h 20m";"-183.12"
"330";"USTEC_ICM_UTC2";"Buy";"7391.5";"7474.0";"2018.07.24 21:45:00";"2018.07.25 21:36:00";"30.0";"2291.88";"7309.00000";"7474.00000";"-17996.08";"0.00";"IST";"PT";"23h 51m";"-183.12"
"331";"USTEC_ICM_UTC2";"Buy";"7470.3";"7375.1";"2018.07.25 22:00:00";"2018.07.26 01:00:00";"30.0";"-3040.02";"7387.79980";"7552.79980";"-21036.11";"0.00";"IST";"SL";"3h 0m";"-183.12"
"332";"USTEC_ICM_UTC2";"Buy";"7419.6";"7337.1";"2018.07.26 19:15:00";"2018.07.27 19:03:00";"30.0";"-2658.12";"7337.10010";"7502.10010";"-23694.22";"0.00";"IST";"SL";"23h 48m";"-183.12"
"333";"USTEC_ICM_UTC2";"Buy";"7329.0";"7295.9";"2018.07.27 19:30:00";"2018.07.27 22:55:00";"30.0";"-993.00";"7246.50000";"7411.50000";"-24687.22";"0.00";"IST";"End Of Friday (Time)";"3h 25m";"-0.00"
"334";"USTEC_ICM_UTC2";"Buy";"7173.7";"7256.2";"2018.07.30 19:45:00";"2018.07.31 16:35:00";"30.0";"2291.88";"7091.20020";"7256.20020";"-22395.35";"0.00";"IST";"PT";"20h 50m";"-183.12"
"335";"USTEC_ICM_UTC2";"Buy";"7231.6";"7314.1";"2018.07.31 18:30:00";"2018.08.02 18:30:00";"30.0";"2108.76";"7149.10010";"7314.10010";"-20286.59";"0.00";"IST";"PT";"2d 0h 0m";"-366.24"
"336";"USTEC_ICM_UTC2";"Buy";"7347.5";"7391.5";"2018.08.02 19:30:00";"2018.08.03 22:55:00";"30.0";"1136.88";"7265.00000";"7430.00000";"-19149.71";"0.00";"IST";"End Of Friday (Time)";"1d 3h 25m";"-183.12"
"337";"USTEC_ICM_UTC2";"Buy";"7420.5";"7408.6";"2018.08.06 19:30:00";"2018.08.10 22:55:00";"30.0";"-1089.48";"7338.00000";"7503.00000";"-20239.19";"0.00";"IST";"End Of Friday (Time)";"4d 3h 25m";"-732.48"
"338";"USTEC_ICM_UTC2";"Buy";"7446.5";"7364.0";"2018.08.13 18:15:00";"2018.08.15 16:58:00";"30.0";"-2841.24";"7364.00000";"7529.00000";"-23080.43";"0.00";"IST";"SL";"1d 22h 43m";"-366.24"
"339";"USTEC_ICM_UTC2";"Buy";"7314.3";"7396.8";"2018.08.15 17:30:00";"2018.08.16 05:10:00";"30.0";"2291.88";"7231.79980";"7396.79980";"-20788.54";"0.00";"IST";"PT";"11h 40m";"-183.12"
"340";"USTEC_ICM_UTC2";"Buy";"7420.5";"7338.0";"2018.08.16 19:15:00";"2018.08.17 16:34:00";"30.0";"-2658.12";"7338.00000";"7503.00000";"-23446.67";"0.00";"IST";"SL";"21h 19m";"-183.12"
"341";"USTEC_ICM_UTC2";"Buy";"7342.5";"7381.5";"2018.08.17 19:45:00";"2018.08.17 22:55:00";"30.0";"1170.00";"7260.00000";"7425.00000";"-22276.67";"0.00";"IST";"End Of Friday (Time)";"3h 10m";"-0.00"
"342";"USTEC_ICM_UTC2";"Buy";"7369.5";"7452.0";"2018.08.20 19:30:00";"2018.08.23 16:49:00";"30.0";"1925.64";"7287.00000";"7452.00000";"-20351.03";"0.00";"IST";"PT";"2d 21h 19m";"-549.36"
"343";"USTEC_ICM_UTC2";"Buy";"7425.4";"7487.2";"2018.08.23 20:15:00";"2018.08.24 22:55:00";"30.0";"1670.88";"7342.89990";"7507.89990";"-18680.14";"0.00";"IST";"End Of Friday (Time)";"1d 2h 40m";"-183.12"
"344";"USTEC_ICM_UTC2";"Buy";"7555.3";"7637.8";"2018.08.27 19:45:00";"2018.08.29 18:23:00";"30.0";"2108.76";"7472.79980";"7637.79980";"-16571.38";"0.00";"IST";"PT";"1d 22h 38m";"-366.24"
"345";"USTEC_ICM_UTC2";"Buy";"7643.1";"7656.4";"2018.08.29 18:45:00";"2018.08.31 22:55:00";"30.0";"32.76";"7560.60010";"7725.60010";"-16538.63";"0.00";"IST";"End Of Friday (Time)";"2d 4h 10m";"-366.24"
"346";"USTEC_ICM_UTC2";"Buy";"7622.4";"7539.9";"2018.09.04 17:15:00";"2018.09.05 17:02:00";"30.0";"-2658.12";"7539.89990";"7704.89990";"-19196.75";"0.00";"IST";"SL";"23h 47m";"-183.12"
"347";"USTEC_ICM_UTC2";"Buy";"7512.3";"7429.8";"2018.09.05 18:45:00";"2018.09.06 17:48:00";"30.0";"-2658.12";"7429.79980";"7594.79980";"-21854.87";"0.00";"IST";"SL";"23h 3m";"-183.12"
"348";"USTEC_ICM_UTC2";"Buy";"7436.4";"7426.2";"2018.09.06 19:30:00";"2018.09.07 22:55:00";"30.0";"-489.12";"7353.89990";"7518.89990";"-22343.98";"0.00";"IST";"End Of Friday (Time)";"1d 3h 25m";"-183.12"
"349";"USTEC_ICM_UTC2";"Buy";"7444.1";"7526.6";"2018.09.10 19:15:00";"2018.09.12 10:49:00";"30.0";"2108.76";"7361.60010";"7526.60010";"-20235.22";"0.00";"IST";"PT";"1d 15h 34m";"-366.24"
"350";"USTEC_ICM_UTC2";"Buy";"7475.4";"7557.9";"2018.09.12 19:30:00";"2018.09.13 16:39:00";"30.0";"2291.88";"7392.89990";"7557.89990";"-17943.35";"0.00";"IST";"PT";"21h 9m";"-183.12"
"351";"USTEC_ICM_UTC2";"Buy";"7572.8";"7549.9";"2018.09.13 19:00:00";"2018.09.14 22:55:00";"30.0";"-870.12";"7490.29980";"7655.29980";"-18813.46";"0.00";"IST";"End Of Friday (Time)";"1d 3h 55m";"-183.12"
"352";"USTEC_ICM_UTC2";"Buy";"7481.5";"7399.0";"2018.09.17 19:15:00";"2018.09.18 01:59:00";"30.0";"-2658.12";"7399.00000";"7564.00000";"-21471.59";"0.00";"IST";"SL";"6h 44m";"-183.12"
"353";"USTEC_ICM_UTC2";"Buy";"7517.7";"7600.2";"2018.09.18 18:15:00";"2018.09.21 09:50:00";"30.0";"1925.64";"7435.20020";"7600.20020";"-19545.95";"0.00";"IST";"PT";"2d 15h 35m";"-549.36"
"354";"USTEC_ICM_UTC2";"Buy";"7567.4";"7533.3";"2018.09.21 19:30:00";"2018.09.21 22:55:00";"30.0";"-1023.00";"7484.89990";"7649.89990";"-20568.95";"0.00";"IST";"End Of Friday (Time)";"3h 25m";"-0.00"
"355";"USTEC_ICM_UTC2";"Buy";"7530.8";"7613.3";"2018.09.24 18:30:00";"2018.09.26 18:30:00";"30.0";"2108.76";"7448.29980";"7613.29980";"-18460.19";"0.00";"IST";"PT";"2d 0h 0m";"-366.24"
"356";"USTEC_ICM_UTC2";"Buy";"7606.3";"7621.6";"2018.09.26 19:15:00";"2018.09.28 22:55:00";"30.0";"92.76";"7523.79980";"7688.79980";"-18367.43";"0.00";"IST";"End Of Friday (Time)";"2d 3h 40m";"-366.24"
"357";"USTEC_ICM_UTC2";"Buy";"7653.0";"7570.5";"2018.10.01 21:30:00";"2018.10.04 16:37:00";"30.0";"-3024.36";"7570.50000";"7735.50000";"-21391.79";"0.00";"IST";"SL";"2d 19h 7m";"-549.36"
"358";"USTEC_ICM_UTC2";"Buy";"7495.1";"7412.6";"2018.10.04 19:00:00";"2018.10.05 18:13:00";"30.0";"-2658.12";"7412.60010";"7577.60010";"-24049.91";"0.00";"IST";"SL";"23h 13m";"-183.12"
"359";"USTEC_ICM_UTC2";"Buy";"7420.0";"7337.5";"2018.10.05 18:15:00";"2018.10.05 20:01:00";"30.0";"-2475.00";"7337.50000";"7502.50000";"-26524.91";"0.00";"IST";"SL";"1h 46m";"-0.00"
"360";"USTEC_ICM_UTC2";"Buy";"7288.8";"7371.3";"2018.10.08 20:15:00";"2018.10.08 22:17:00";"30.0";"2475.00";"7206.29980";"7371.29980";"-24049.91";"0.00";"IST";"PT";"2h 2m";"-0.00"
"361";"USTEC_ICM_UTC2";"Buy";"7412.0";"7329.5";"2018.10.09 18:30:00";"2018.10.10 15:25:00";"30.0";"-2658.12";"7329.50000";"7494.50000";"-26708.03";"0.00";"IST";"SL";"20h 55m";"-183.12"
"362";"USTEC_ICM_UTC2";"Buy";"7203.9";"7121.4";"2018.10.10 19:45:00";"2018.10.10 22:13:00";"30.0";"-2475.00";"7121.39990";"7286.39990";"-29183.03";"0.00";"IST";"SL";"2h 28m";"-0.00"
"363";"USTEC_ICM_UTC2";"Buy";"7018.1";"7100.6";"2018.10.11 16:30:00";"2018.10.11 16:54:00";"30.0";"2475.00";"6935.60010";"7100.60010";"-26708.03";"0.00";"IST";"PT";"24m 0s";"-0.00"
"364";"USTEC_ICM_UTC2";"Buy";"7084.8";"7167.3";"2018.10.12 21:00:00";"2018.10.12 22:51:00";"30.0";"2475.00";"7002.29980";"7167.29980";"-24233.03";"0.00";"IST";"PT";"1h 51m";"-0.00"
"365";"USTEC_ICM_UTC2";"Buy";"7077.5";"7160.0";"2018.10.15 19:15:00";"2018.10.16 16:44:00";"30.0";"2291.88";"6995.00000";"7160.00000";"-21941.15";"0.00";"IST";"PT";"21h 29m";"-183.12"
"366";"USTEC_ICM_UTC2";"Buy";"7213.2";"7295.7";"2018.10.16 19:30:00";"2018.10.16 23:02:00";"30.0";"2475.00";"7130.70020";"7295.70020";"-19466.15";"0.00";"IST";"PT";"3h 32m";"-0.00"
"367";"USTEC_ICM_UTC2";"Buy";"7274.6";"7192.1";"2018.10.17 19:45:00";"2018.10.18 18:18:00";"30.0";"-2658.12";"7192.10010";"7357.10010";"-22124.27";"0.00";"IST";"SL";"22h 33m";"-183.12"
"368";"USTEC_ICM_UTC2";"Buy";"7097.8";"7180.3";"2018.10.18 20:30:00";"2018.10.19 09:14:00";"30.0";"2291.88";"7015.29980";"7180.29980";"-19832.39";"0.00";"IST";"PT";"12h 44m";"-183.12"
"369";"USTEC_ICM_UTC2";"Buy";"7126.8";"7120.4";"2018.10.19 20:45:00";"2018.10.19 22:55:00";"30.0";"-192.00";"7044.29980";"7209.29980";"-20024.39";"0.00";"IST";"End Of Friday (Time)";"2h 10m";"-0.00"
"370";"USTEC_ICM_UTC2";"Buy";"7153.1";"7070.6";"2018.10.22 18:45:00";"2018.10.23 06:30:00";"30.0";"-2658.12";"7070.60010";"7235.60010";"-22682.51";"0.00";"IST";"SL";"11h 45m";"-183.12"
"371";"USTEC_ICM_UTC2";"Buy";"6968.1";"7050.6";"2018.10.23 17:30:00";"2018.10.23 19:33:00";"30.0";"2475.00";"6885.60010";"7050.60010";"-20207.51";"0.00";"IST";"PT";"2h 3m";"-0.00"
"372";"USTEC_ICM_UTC2";"Buy";"6994.4";"6911.9";"2018.10.24 19:45:00";"2018.10.24 22:00:00";"30.0";"-2475.00";"6911.89990";"7076.89990";"-22682.51";"0.00";"IST";"SL";"2h 15m";"-0.00"
"373";"USTEC_ICM_UTC2";"Buy";"6989.2";"6906.7";"2018.10.25 18:30:00";"2018.10.25 23:11:00";"30.0";"-2475.00";"6906.70020";"7071.70020";"-25157.51";"0.00";"IST";"SL";"4h 41m";"-0.00"
"374";"USTEC_ICM_UTC2";"Buy";"6765.9";"6848.4";"2018.10.26 17:45:00";"2018.10.26 18:30:00";"30.0";"2475.00";"6683.39990";"6848.39990";"-22682.51";"0.00";"IST";"PT";"45m 0s";"-0.00"
"375";"USTEC_ICM_UTC2";"Buy";"6818.6";"6736.1";"2018.10.29 20:00:00";"2018.10.29 20:35:00";"30.0";"-2475.00";"6736.10010";"6901.10010";"-25157.51";"0.00";"IST";"SL";"35m 0s";"-0.00"
"376";"USTEC_ICM_UTC2";"Buy";"6753.9";"6671.4";"2018.10.30 18:45:00";"2018.10.30 19:34:00";"30.0";"-2475.00";"6671.39990";"6836.39990";"-27632.51";"0.00";"IST";"SL";"49m 0s";"-0.00"
"377";"USTEC_ICM_UTC2";"Buy";"7021.4";"6938.9";"2018.10.31 20:15:00";"2018.11.01 16:08:00";"30.0";"-2658.12";"6938.89990";"7103.89990";"-30290.63";"0.00";"IST";"SL";"19h 53m";"-183.12"
"378";"USTEC_ICM_UTC2";"Buy";"7020.9";"7103.4";"2018.11.01 18:30:00";"2018.11.02 08:13:00";"30.0";"2291.88";"6938.39990";"7103.39990";"-27998.75";"0.00";"IST";"PT";"13h 43m";"-183.12"
"379";"USTEC_ICM_UTC2";"Buy";"6959.5";"6877.0";"2018.11.02 17:45:00";"2018.11.05 17:10:00";"30.0";"-3024.36";"6877.00000";"7042.00000";"-31023.11";"0.00";"IST";"SL";"2d 23h 25m";"-549.36"
"380";"USTEC_ICM_UTC2";"Buy";"6898.0";"6980.5";"2018.11.05 19:00:00";"2018.11.06 16:34:00";"30.0";"2291.88";"6815.50000";"6980.50000";"-28731.23";"0.00";"IST";"PT";"21h 34m";"-183.12"
"381";"USTEC_ICM_UTC2";"Buy";"6984.5";"7067.0";"2018.11.06 20:00:00";"2018.11.07 04:10:00";"30.0";"2291.88";"6902.00000";"7067.00000";"-26439.35";"0.00";"IST";"PT";"8h 10m";"-183.12"
"382";"USTEC_ICM_UTC2";"Buy";"7138.4";"7055.9";"2018.11.07 18:30:00";"2018.11.09 17:09:00";"30.0";"-2841.24";"7055.89990";"7220.89990";"-29280.59";"0.00";"IST";"SL";"1d 22h 39m";"-366.24"
"383";"USTEC_ICM_UTC2";"Buy";"7043.0";"7049.6";"2018.11.09 18:30:00";"2018.11.09 22:55:00";"30.0";"198.00";"6960.50000";"7125.50000";"-29082.59";"0.00";"IST";"End Of Friday (Time)";"4h 25m";"-0.00"
"384";"USTEC_ICM_UTC2";"Buy";"6858.5";"6941.0";"2018.11.12 20:00:00";"2018.11.13 18:18:00";"30.0";"2291.88";"6776.00000";"6941.00000";"-26790.71";"0.00";"IST";"PT";"22h 18m";"-183.12"
"385";"USTEC_ICM_UTC2";"Buy";"6902.5";"6820.0";"2018.11.13 19:15:00";"2018.11.13 21:23:00";"30.0";"-2475.00";"6820.00000";"6985.00000";"-29265.71";"0.00";"IST";"SL";"2h 8m";"-0.00"
"386";"USTEC_ICM_UTC2";"Buy";"6780.5";"6863.0";"2018.11.14 19:45:00";"2018.11.15 20:45:00";"30.0";"2291.88";"6698.00000";"6863.00000";"-26973.83";"0.00";"IST";"PT";"1d 1h 0m";"-183.12"
"387";"USTEC_ICM_UTC2";"Buy";"6894.7";"6812.2";"2018.11.15 21:45:00";"2018.11.16 13:19:00";"30.0";"-2658.12";"6812.20020";"6977.20020";"-29631.95";"0.00";"IST";"SL";"15h 34m";"-183.12"
"388";"USTEC_ICM_UTC2";"Buy";"6871.4";"6874.8";"2018.11.16 20:00:00";"2018.11.16 22:55:00";"30.0";"102.00";"6788.89990";"6953.89990";"-29529.95";"0.00";"IST";"End Of Friday (Time)";"2h 55m";"-0.00"
"389";"USTEC_ICM_UTC2";"Buy";"6709.2";"6626.7";"2018.11.19 18:45:00";"2018.11.19 22:52:00";"30.0";"-2475.00";"6626.70020";"6791.70020";"-32004.95";"0.00";"IST";"SL";"4h 7m";"-0.00"
"390";"USTEC_ICM_UTC2";"Buy";"6516.7";"6599.2";"2018.11.20 17:30:00";"2018.11.20 17:56:00";"30.0";"2475.00";"6434.20020";"6599.20020";"-29529.95";"0.00";"IST";"PT";"26m 0s";"-0.00"
"391";"USTEC_ICM_UTC2";"Buy";"6607.8";"6525.3";"2018.11.21 19:15:00";"2018.11.22 11:25:00";"30.0";"-2658.12";"6525.29980";"6690.29980";"-32188.07";"0.00";"IST";"SL";"16h 10m";"-183.12"
"392";"USTEC_ICM_UTC2";"Buy";"6556.3";"6638.8";"2018.11.23 17:45:00";"2018.11.26 11:22:00";"30.0";"1925.64";"6473.79980";"6638.79980";"-30262.43";"0.00";"IST";"PT";"2d 17h 37m";"-549.36"
"393";"USTEC_ICM_UTC2";"Buy";"6619.5";"6702.0";"2018.11.26 18:45:00";"2018.11.27 09:34:00";"30.0";"2291.88";"6537.00000";"6702.00000";"-27970.55";"0.00";"IST";"PT";"14h 49m";"-183.12"
"394";"USTEC_ICM_UTC2";"Buy";"6701.6";"6784.1";"2018.11.27 19:00:00";"2018.11.28 19:03:00";"30.0";"2291.88";"6619.10010";"6784.10010";"-25678.67";"0.00";"IST";"PT";"1d 0h 3m";"-183.12"
"395";"USTEC_ICM_UTC2";"Buy";"6827.8";"6910.3";"2018.11.28 20:15:00";"2018.11.28 22:48:00";"30.0";"2475.00";"6745.29980";"6910.29980";"-23203.67";"0.00";"IST";"PT";"2h 33m";"-0.00"
"396";"USTEC_ICM_UTC2";"Buy";"6895.6";"6925.4";"2018.11.29 19:45:00";"2018.11.30 22:55:00";"30.0";"710.88";"6813.10010";"6978.10010";"-22492.79";"0.00";"IST";"End Of Friday (Time)";"1d 3h 10m";"-183.12"
"397";"USTEC_ICM_UTC2";"Buy";"7034.6";"6952.1";"2018.12.03 19:15:00";"2018.12.04 19:07:00";"30.0";"-2658.12";"6952.10010";"7117.10010";"-25150.91";"0.00";"IST";"SL";"23h 52m";"-183.12"
"398";"USTEC_ICM_UTC2";"Buy";"6833.9";"6751.4";"2018.12.04 20:45:00";"2018.12.06 01:00:00";"30.0";"-2841.24";"6751.39990";"6916.39990";"-27992.15";"0.00";"IST";"SL";"1d 4h 15m";"-366.24"
"399";"USTEC_ICM_UTC2";"Buy";"6709.4";"6791.9";"2018.12.06 17:30:00";"2018.12.06 19:56:00";"30.0";"2475.00";"6626.89990";"6791.89990";"-25517.15";"0.00";"IST";"PT";"2h 26m";"-0.00"
"400";"USTEC_ICM_UTC2";"Buy";"6691.1";"6608.6";"2018.12.07 19:30:00";"2018.12.07 21:58:00";"30.0";"-2475.00";"6608.60010";"6773.60010";"-27992.15";"0.00";"IST";"SL";"2h 28m";"-0.00"
"401";"USTEC_ICM_UTC2";"Buy";"6628.5";"6711.0";"2018.12.10 19:45:00";"2018.12.11 12:06:00";"30.0";"2291.88";"6546.00000";"6711.00000";"-25700.27";"0.00";"IST";"PT";"16h 21m";"-183.12"
"402";"USTEC_ICM_UTC2";"Buy";"6722.1";"6804.6";"2018.12.11 19:45:00";"2018.12.12 15:51:00";"30.0";"2291.88";"6639.60010";"6804.60010";"-23408.39";"0.00";"IST";"PT";"20h 6m";"-183.12"
"403";"USTEC_ICM_UTC2";"Buy";"6846.2";"6763.7";"2018.12.12 19:15:00";"2018.12.12 22:59:00";"30.0";"-2475.00";"6763.70020";"6928.70020";"-25883.39";"0.00";"IST";"SL";"3h 44m";"-0.00"
"404";"USTEC_ICM_UTC2";"Buy";"6733.3";"6650.8";"2018.12.13 19:30:00";"2018.12.14 10:52:00";"30.0";"-2658.12";"6650.79980";"6815.79980";"-28541.51";"0.00";"IST";"SL";"15h 22m";"-183.12"
"405";"USTEC_ICM_UTC2";"Buy";"6647.3";"6601.4";"2018.12.14 20:30:00";"2018.12.14 22:55:00";"30.0";"-1377.00";"6564.79980";"6729.79980";"-29918.51";"0.00";"IST";"End Of Friday (Time)";"2h 25m";"-0.00"
"406";"USTEC_ICM_UTC2";"Buy";"6612.5";"6530.0";"2018.12.17 19:00:00";"2018.12.17 20:01:00";"30.0";"-2475.00";"6530.00000";"6695.00000";"-32393.51";"0.00";"IST";"SL";"1h 1m";"-0.00"
"407";"USTEC_ICM_UTC2";"Buy";"6544.8";"6462.3";"2018.12.18 20:15:00";"2018.12.18 21:56:00";"30.0";"-2475.00";"6462.29980";"6627.29980";"-34868.51";"0.00";"IST";"SL";"1h 41m";"-0.00"
"408";"USTEC_ICM_UTC2";"Buy";"6538.9";"6456.4";"2018.12.19 20:00:00";"2018.12.19 21:04:00";"30.0";"-2475.00";"6456.39990";"6621.39990";"-37343.51";"0.00";"IST";"SL";"1h 4m";"-0.00"
"409";"USTEC_ICM_UTC2";"Buy";"6244.3";"6161.8";"2018.12.20 20:30:00";"2018.12.20 21:12:00";"30.0";"-2475.00";"6161.79980";"6326.79980";"-39818.51";"0.00";"IST";"SL";"42m 0s";"-0.00"
"410";"USTEC_ICM_UTC2";"Buy";"6154.0";"6071.5";"2018.12.21 20:45:00";"2018.12.21 22:15:00";"30.0";"-2475.00";"6071.50000";"6236.50000";"-42293.51";"0.00";"IST";"SL";"1h 30m";"-0.00"
"411";"USTEC_ICM_UTC2";"Buy";"5991.3";"5908.8";"2018.12.24 18:30:00";"2018.12.24 19:59:00";"30.0";"-2475.00";"5908.79980";"6073.79980";"-44768.51";"0.00";"IST";"SL";"1h 29m";"-0.00"
"412";"USTEC_ICM_UTC2";"Buy";"6117.6";"6200.1";"2018.12.26 20:00:00";"2018.12.26 22:42:00";"30.0";"2475.00";"6035.10010";"6200.10010";"-42293.51";"0.00";"IST";"PT";"2h 42m";"-0.00"
"413";"USTEC_ICM_UTC2";"Buy";"6125.3";"6042.8";"2018.12.27 18:45:00";"2018.12.27 21:18:00";"30.0";"-2475.00";"6042.79980";"6207.79980";"-44768.51";"0.00";"IST";"SL";"2h 33m";"-0.00"
"414";"USTEC_ICM_UTC2";"Buy";"6308.3";"6262.8";"2018.12.28 19:30:00";"2018.12.28 22:55:00";"30.0";"-1365.00";"6225.79980";"6390.79980";"-46133.51";"0.00";"IST";"End Of Friday (Time)";"3h 25m";"-0.00"
"415";"USTEC_ICM_UTC2";"Buy";"6347.3";"6264.8";"2018.12.31 20:30:00";"2019.01.02 06:03:00";"30.0";"-2841.24";"6264.79980";"6429.79980";"-48974.75";"0.00";"IST";"SL";"1d 9h 33m";"-366.24"
"416";"USTEC_ICM_UTC2";"Buy";"6341.7";"6221.8";"2019.01.02 18:15:00";"2019.01.03 01:00:00";"30.0";"-3781.02";"6259.20020";"6424.20020";"-52755.77";"0.00";"IST";"SL";"6h 45m";"-183.12"
"417";"USTEC_ICM_UTC2";"Buy";"6220.9";"6138.4";"2019.01.03 19:30:00";"2019.01.03 22:59:00";"30.0";"-2475.00";"6138.39990";"6303.39990";"-55230.77";"0.00";"IST";"SL";"3h 29m";"-0.00"
"418";"USTEC_ICM_UTC2";"Buy";"6392.9";"6407.0";"2019.01.04 19:00:00";"2019.01.04 22:55:00";"30.0";"423.00";"6310.39990";"6475.39990";"-54807.77";"0.00";"IST";"End Of Friday (Time)";"3h 55m";"-0.00"
"419";"USTEC_ICM_UTC2";"Buy";"6509.8";"6592.3";"2019.01.07 19:45:00";"2019.01.09 04:40:00";"30.0";"2108.76";"6427.29980";"6592.29980";"-52699.01";"0.00";"IST";"PT";"1d 8h 55m";"-366.24"
"420";"USTEC_ICM_UTC2";"Buy";"6606.1";"6523.6";"2019.01.09 19:15:00";"2019.01.10 16:50:00";"30.0";"-2658.12";"6523.60010";"6688.60010";"-55357.13";"0.00";"IST";"SL";"21h 35m";"-183.12"
"421";"USTEC_ICM_UTC2";"Buy";"6594.3";"6601.4";"2019.01.10 19:00:00";"2019.01.11 22:55:00";"30.0";"29.88";"6511.79980";"6676.79980";"-55327.25";"0.00";"IST";"End Of Friday (Time)";"1d 3h 55m";"-183.12"
"422";"USTEC_ICM_UTC2";"Buy";"6564.4";"6646.9";"2019.01.14 18:45:00";"2019.01.15 17:00:00";"30.0";"2291.88";"6481.89990";"6646.89990";"-53035.37";"0.00";"IST";"PT";"22h 15m";"-183.12"
"423";"USTEC_ICM_UTC2";"Buy";"6639.1";"6721.6";"2019.01.15 18:00:00";"2019.01.16 16:46:00";"30.0";"2291.88";"6556.60010";"6721.60010";"-50743.49";"0.00";"IST";"PT";"22h 46m";"-183.12"
"424";"USTEC_ICM_UTC2";"Buy";"6676.5";"6759.0";"2019.01.16 19:30:00";"2019.01.18 16:27:00";"30.0";"2108.76";"6594.00000";"6759.00000";"-48634.73";"0.00";"IST";"PT";"1d 20h 57m";"-366.24"
"425";"USTEC_ICM_UTC2";"Buy";"6803.9";"6768.6";"2019.01.18 19:00:00";"2019.01.18 22:55:00";"30.0";"-1059.00";"6721.39990";"6886.39990";"-49693.73";"0.00";"IST";"End Of Friday (Time)";"3h 55m";"-0.00"
"426";"USTEC_ICM_UTC2";"Buy";"6676.7";"6594.2";"2019.01.22 19:15:00";"2019.01.23 19:08:00";"30.0";"-2658.12";"6594.20020";"6759.20020";"-52351.85";"0.00";"IST";"SL";"23h 53m";"-183.12"
"427";"USTEC_ICM_UTC2";"Buy";"6634.2";"6716.7";"2019.01.23 20:45:00";"2019.01.25 05:40:00";"30.0";"2108.76";"6551.70020";"6716.70020";"-50243.09";"0.00";"IST";"PT";"1d 8h 55m";"-366.24"
"428";"USTEC_ICM_UTC2";"Buy";"6795.3";"6778.4";"2019.01.25 19:00:00";"2019.01.25 22:55:00";"30.0";"-507.00";"6712.79980";"6877.79980";"-50750.09";"0.00";"IST";"End Of Friday (Time)";"3h 55m";"-0.00"
"429";"USTEC_ICM_UTC2";"Buy";"6677.6";"6760.1";"2019.01.28 18:30:00";"2019.01.30 21:00:00";"30.0";"2108.76";"6595.10010";"6760.10010";"-48641.33";"0.00";"IST";"PT";"2d 2h 30m";"-366.24"
"430";"USTEC_ICM_UTC2";"Buy";"6805.7";"6888.2";"2019.01.30 22:15:00";"2019.01.31 17:19:00";"30.0";"2291.88";"6723.20020";"6888.20020";"-46349.45";"0.00";"IST";"PT";"19h 4m";"-183.12"
"431";"USTEC_ICM_UTC2";"Buy";"6904.7";"6870.9";"2019.01.31 19:45:00";"2019.02.01 22:55:00";"30.0";"-1197.12";"6822.20020";"6987.20020";"-47546.57";"0.00";"IST";"End Of Friday (Time)";"1d 3h 10m";"-183.12"
"432";"USTEC_ICM_UTC2";"Buy";"6943.5";"7026.0";"2019.02.04 19:15:00";"2019.02.05 22:20:00";"30.0";"2291.88";"6861.00000";"7026.00000";"-45254.69";"0.00";"IST";"PT";"1d 3h 5m";"-183.12"
"433";"USTEC_ICM_UTC2";"Buy";"7006.0";"6923.5";"2019.02.06 18:45:00";"2019.02.07 16:30:00";"30.0";"-2658.12";"6923.50000";"7088.50000";"-47912.81";"0.00";"IST";"SL";"21h 45m";"-183.12"
"434";"USTEC_ICM_UTC2";"Buy";"6929.3";"6846.8";"2019.02.07 17:00:00";"2019.02.08 13:49:00";"30.0";"-2658.12";"6846.79980";"7011.79980";"-50570.93";"0.00";"IST";"SL";"20h 49m";"-183.12"
"435";"USTEC_ICM_UTC2";"Buy";"6856.9";"6893.8";"2019.02.08 18:30:00";"2019.02.08 22:55:00";"30.0";"1107.00";"6774.39990";"6939.39990";"-49463.93";"0.00";"IST";"End Of Friday (Time)";"4h 25m";"-0.00"
"436";"USTEC_ICM_UTC2";"Buy";"6917.4";"6999.9";"2019.02.11 20:15:00";"2019.02.12 17:57:00";"30.0";"2291.88";"6834.89990";"6999.89990";"-47172.05";"0.00";"IST";"PT";"21h 42m";"-183.12"
"437";"USTEC_ICM_UTC2";"Buy";"7007.6";"7044.3";"2019.02.12 19:00:00";"2019.02.15 22:55:00";"30.0";"551.64";"6925.10010";"7090.10010";"-46620.41";"0.00";"IST";"End Of Friday (Time)";"3d 3h 55m";"-549.36"
"438";"USTEC_ICM_UTC2";"Buy";"7063.8";"7076.1";"2019.02.19 18:00:00";"2019.02.22 22:55:00";"30.0";"-180.36";"6981.29980";"7146.29980";"-46800.77";"0.00";"IST";"End Of Friday (Time)";"3d 4h 55m";"-549.36"
"439";"USTEC_ICM_UTC2";"Buy";"7153.2";"7070.7";"2019.02.25 18:45:00";"2019.02.26 06:14:00";"30.0";"-2658.12";"7070.70020";"7235.70020";"-49458.89";"0.00";"IST";"SL";"11h 29m";"-183.12"
"440";"USTEC_ICM_UTC2";"Buy";"7116.0";"7149.2";"2019.02.26 19:15:00";"2019.03.01 22:55:00";"30.0";"446.64";"7033.50000";"7198.50000";"-49012.25";"0.00";"IST";"End Of Friday (Time)";"3d 3h 40m";"-549.36"
"441";"USTEC_ICM_UTC2";"Buy";"7113.6";"7031.1";"2019.03.04 20:30:00";"2019.03.07 17:17:00";"30.0";"-3024.36";"7031.10010";"7196.10010";"-52036.61";"0.00";"IST";"SL";"2d 20h 47m";"-549.36"
"442";"USTEC_ICM_UTC2";"Buy";"7064.6";"6982.1";"2019.03.07 19:30:00";"2019.03.08 09:11:00";"30.0";"-2658.12";"6982.10010";"7147.10010";"-54694.73";"0.00";"IST";"SL";"13h 41m";"-183.12"
"443";"USTEC_ICM_UTC2";"Buy";"6986.9";"7010.4";"2019.03.08 17:45:00";"2019.03.08 22:55:00";"30.0";"705.00";"6904.39990";"7069.39990";"-53989.73";"0.00";"IST";"End Of Friday (Time)";"5h 10m";"-0.00"
"444";"USTEC_ICM_UTC2";"Buy";"7140.0";"7222.5";"2019.03.11 18:00:00";"2019.03.13 13:45:00";"30.0";"2108.76";"7057.50000";"7222.50000";"-51880.97";"0.00";"IST";"PT";"1d 19h 45m";"-366.24"
"445";"USTEC_ICM_UTC2";"Buy";"7275.2";"7357.7";"2019.03.13 18:15:00";"2019.03.19 12:55:00";"30.0";"1376.28";"7192.70020";"7357.70020";"-50504.69";"0.00";"IST";"PT";"5d 18h 40m";"-1098.72"
"446";"USTEC_ICM_UTC2";"Buy";"7387.2";"7469.7";"2019.03.19 18:15:00";"2019.03.21 19:52:00";"30.0";"2108.76";"7304.70020";"7469.70020";"-48395.93";"0.00";"IST";"PT";"2d 1h 37m";"-366.24"
"447";"USTEC_ICM_UTC2";"Buy";"7505.4";"7422.9";"2019.03.21 21:45:00";"2019.03.22 15:54:00";"30.0";"-2658.12";"7422.89990";"7587.89990";"-51054.05";"0.00";"IST";"SL";"18h 9m";"-183.12"
"448";"USTEC_ICM_UTC2";"Buy";"7438.4";"7355.9";"2019.03.22 16:30:00";"2019.03.22 17:59:00";"30.0";"-2475.00";"7355.89990";"7520.89990";"-53529.05";"0.00";"IST";"SL";"1h 29m";"-0.00"
"449";"USTEC_ICM_UTC2";"Buy";"7318.4";"7400.9";"2019.03.25 17:45:00";"2019.03.26 15:57:00";"30.0";"2291.88";"7235.89990";"7400.89990";"-51237.17";"0.00";"IST";"PT";"22h 12m";"-183.12"
"450";"USTEC_ICM_UTC2";"Buy";"7336.6";"7254.1";"2019.03.26 20:00:00";"2019.03.27 17:44:00";"30.0";"-2658.12";"7254.10010";"7419.10010";"-53895.29";"0.00";"IST";"SL";"21h 44m";"-183.12"
"451";"USTEC_ICM_UTC2";"Buy";"7306.7";"7406.1";"2019.03.27 20:30:00";"2019.04.01 01:00:00";"30.0";"2065.20";"7224.20020";"7389.20020";"-51830.09";"0.00";"IST";"PT";"4d 4h 30m";"-915.60"
"452";"USTEC_ICM_UTC2";"Buy";"7452.1";"7534.6";"2019.04.01 19:00:00";"2019.04.03 04:45:00";"30.0";"2108.76";"7369.60010";"7534.60010";"-49721.33";"0.00";"IST";"PT";"1d 9h 45m";"-366.24"
"453";"USTEC_ICM_UTC2";"Buy";"7585.8";"7503.3";"2019.04.03 19:00:00";"2019.04.04 19:42:00";"30.0";"-2658.12";"7503.29980";"7668.29980";"-52379.45";"0.00";"IST";"SL";"1d 0h 42m";"-183.12"
"454";"USTEC_ICM_UTC2";"Buy";"7522.3";"7573.3";"2019.04.04 21:00:00";"2019.04.05 22:55:00";"30.0";"1346.88";"7439.79980";"7604.79980";"-51032.57";"0.00";"IST";"End Of Friday (Time)";"1d 1h 55m";"-183.12"
"455";"USTEC_ICM_UTC2";"Buy";"7573.3";"7620.0";"2019.04.08 18:30:00";"2019.04.12 22:55:00";"30.0";"668.52";"7490.79980";"7655.79980";"-50364.05";"0.00";"IST";"End Of Friday (Time)";"4d 4h 25m";"-732.48"
"456";"USTEC_ICM_UTC2";"Buy";"7596.9";"7679.4";"2019.04.15 19:15:00";"2019.04.17 04:59:00";"30.0";"2108.76";"7514.39990";"7679.39990";"-48255.29";"0.00";"IST";"PT";"1d 9h 44m";"-366.24"
"457";"USTEC_ICM_UTC2";"Buy";"7671.7";"7754.2";"2019.04.17 18:30:00";"2019.04.23 16:44:00";"30.0";"1376.28";"7589.20020";"7754.20020";"-46879.01";"0.00";"IST";"PT";"5d 22h 14m";"-1098.72"
"458";"USTEC_ICM_UTC2";"Buy";"7806.7";"7812.9";"2019.04.23 20:00:00";"2019.04.26 22:55:00";"30.0";"-363.36";"7724.20020";"7889.20020";"-47242.37";"0.00";"IST";"End Of Friday (Time)";"3d 2h 55m";"-549.36"
"459";"USTEC_ICM_UTC2";"Buy";"7836.9";"7754.4";"2019.04.29 20:45:00";"2019.04.30 17:58:00";"30.0";"-2658.12";"7754.39990";"7919.39990";"-49900.49";"0.00";"IST";"SL";"21h 13m";"-183.12"
"460";"USTEC_ICM_UTC2";"Buy";"7755.7";"7838.2";"2019.04.30 18:00:00";"2019.05.01 05:14:00";"30.0";"2291.88";"7673.20020";"7838.20020";"-47608.61";"0.00";"IST";"PT";"11h 14m";"-183.12"
"461";"USTEC_ICM_UTC2";"Buy";"7843.2";"7760.7";"2019.05.01 19:00:00";"2019.05.01 22:52:00";"30.0";"-2475.00";"7760.70020";"7925.70020";"-50083.61";"0.00";"IST";"SL";"3h 52m";"-0.00"
"462";"USTEC_ICM_UTC2";"Buy";"7717.1";"7799.6";"2019.05.02 20:30:00";"2019.05.03 17:01:00";"30.0";"2291.88";"7634.60010";"7799.60010";"-47791.73";"0.00";"IST";"PT";"20h 31m";"-183.12"
"463";"USTEC_ICM_UTC2";"Buy";"7818.5";"7845.1";"2019.05.03 19:00:00";"2019.05.03 22:55:00";"30.0";"798.00";"7736.00000";"7901.00000";"-46993.73";"0.00";"IST";"End Of Friday (Time)";"3h 55m";"-0.00"
"464";"USTEC_ICM_UTC2";"Buy";"7746.4";"7663.9";"2019.05.06 17:30:00";"2019.05.07 17:41:00";"30.0";"-2658.12";"7663.89990";"7828.89990";"-49651.85";"0.00";"IST";"SL";"1d 0h 11m";"-183.12"
"465";"USTEC_ICM_UTC2";"Buy";"7675.1";"7592.6";"2019.05.07 19:30:00";"2019.05.07 21:31:00";"30.0";"-2475.00";"7592.60010";"7757.60010";"-52126.85";"0.00";"IST";"SL";"2h 1m";"-0.00"
"466";"USTEC_ICM_UTC2";"Buy";"7631.9";"7549.4";"2019.05.08 17:45:00";"2019.05.09 10:49:00";"30.0";"-2658.12";"7549.39990";"7714.39990";"-54784.97";"0.00";"IST";"SL";"17h 4m";"-183.12"
"467";"USTEC_ICM_UTC2";"Buy";"7503.1";"7585.6";"2019.05.09 18:45:00";"2019.05.09 19:38:00";"30.0";"2475.00";"7420.60010";"7585.60010";"-52309.97";"0.00";"IST";"PT";"53m 0s";"-0.00"
"468";"USTEC_ICM_UTC2";"Buy";"7537.6";"7620.1";"2019.05.10 20:30:00";"2019.05.10 22:28:00";"30.0";"2475.00";"7455.10010";"7620.10010";"-49834.97";"0.00";"IST";"PT";"1h 58m";"-0.00"
"469";"USTEC_ICM_UTC2";"Buy";"7330.1";"7412.6";"2019.05.13 20:45:00";"2019.05.14 18:22:00";"30.0";"2291.88";"7247.60010";"7412.60010";"-47543.09";"0.00";"IST";"PT";"21h 37m";"-183.12"
"470";"USTEC_ICM_UTC2";"Buy";"7427.4";"7344.9";"2019.05.14 20:00:00";"2019.05.15 16:16:00";"30.0";"-2658.12";"7344.89990";"7509.89990";"-50201.21";"0.00";"IST";"SL";"20h 16m";"-183.12"
"471";"USTEC_ICM_UTC2";"Buy";"7495.7";"7578.2";"2019.05.15 19:15:00";"2019.05.16 17:18:00";"30.0";"2291.88";"7413.20020";"7578.20020";"-47909.33";"0.00";"IST";"PT";"22h 3m";"-183.12"
"472";"USTEC_ICM_UTC2";"Buy";"7604.0";"7521.5";"2019.05.16 18:30:00";"2019.05.17 14:30:00";"30.0";"-2658.12";"7521.50000";"7686.50000";"-50567.45";"0.00";"IST";"SL";"20h 0m";"-183.12"
"473";"USTEC_ICM_UTC2";"Buy";"7560.1";"7504.6";"2019.05.17 17:30:00";"2019.05.17 22:55:00";"30.0";"-1665.00";"7477.60010";"7642.60010";"-52232.45";"0.00";"IST";"End Of Friday (Time)";"5h 25m";"-0.00"
"474";"USTEC_ICM_UTC2";"Buy";"7381.2";"7463.7";"2019.05.20 17:15:00";"2019.05.21 17:54:00";"30.0";"2291.88";"7298.70020";"7463.70020";"-49940.57";"0.00";"IST";"PT";"1d 0h 39m";"-183.12"
"475";"USTEC_ICM_UTC2";"Buy";"7450.7";"7368.2";"2019.05.21 18:45:00";"2019.05.23 04:40:00";"30.0";"-2841.24";"7368.20020";"7533.20020";"-52781.81";"0.00";"IST";"SL";"1d 9h 55m";"-366.24"
"476";"USTEC_ICM_UTC2";"Buy";"7335.2";"7300.3";"2019.05.23 16:30:00";"2019.05.24 22:55:00";"30.0";"-1230.12";"7252.70020";"7417.70020";"-54011.93";"0.00";"IST";"End Of Friday (Time)";"1d 6h 25m";"-183.12"
"477";"USTEC_ICM_UTC2";"Buy";"7327.8";"7245.3";"2019.05.28 17:30:00";"2019.05.29 03:38:00";"30.0";"-2658.12";"7245.29980";"7410.29980";"-56670.05";"0.00";"IST";"SL";"10h 8m";"-183.12"
"478";"USTEC_ICM_UTC2";"Buy";"7223.9";"7141.4";"2019.05.29 20:15:00";"2019.05.31 12:28:00";"30.0";"-2841.24";"7141.39990";"7306.39990";"-59511.29";"0.00";"IST";"SL";"1d 16h 13m";"-366.24"
"479";"USTEC_ICM_UTC2";"Buy";"7172.9";"7134.0";"2019.05.31 18:45:00";"2019.05.31 22:55:00";"30.0";"-1167.00";"7090.39990";"7255.39990";"-60678.29";"0.00";"IST";"End Of Friday (Time)";"4h 10m";"-0.00"
"480";"USTEC_ICM_UTC2";"Buy";"7055.3";"6972.8";"2019.06.03 19:00:00";"2019.06.03 20:31:00";"30.0";"-2475.00";"6972.79980";"7137.79980";"-63153.29";"0.00";"IST";"SL";"1h 31m";"-0.00"
"481";"USTEC_ICM_UTC2";"Buy";"7116.0";"7198.5";"2019.06.04 19:15:00";"2019.06.05 01:00:00";"30.0";"2291.88";"7033.50000";"7198.50000";"-60861.41";"0.00";"IST";"PT";"5h 45m";"-183.12"
"482";"USTEC_ICM_UTC2";"Buy";"7198.6";"7281.1";"2019.06.05 19:30:00";"2019.06.06 22:33:00";"30.0";"2291.88";"7116.10010";"7281.10010";"-58569.53";"0.00";"IST";"PT";"1d 3h 3m";"-183.12"
"483";"USTEC_ICM_UTC2";"Buy";"7424.1";"7412.9";"2019.06.07 18:45:00";"2019.06.07 22:55:00";"30.0";"-336.00";"7341.60010";"7506.60010";"-58905.53";"0.00";"IST";"End Of Friday (Time)";"4h 10m";"-0.00"
"484";"USTEC_ICM_UTC2";"Buy";"7569.6";"7487.1";"2019.06.10 18:45:00";"2019.06.12 08:57:00";"30.0";"-2841.24";"7487.10010";"7652.10010";"-61746.77";"0.00";"IST";"SL";"1d 14h 12m";"-366.24"
"485";"USTEC_ICM_UTC2";"Buy";"7470.7";"7489.0";"2019.06.12 18:45:00";"2019.06.14 22:55:00";"30.0";"182.76";"7388.20020";"7553.20020";"-61564.01";"0.00";"IST";"End Of Friday (Time)";"2d 4h 10m";"-366.24"
"486";"USTEC_ICM_UTC2";"Buy";"7531.4";"7613.9";"2019.06.17 18:30:00";"2019.06.18 15:26:00";"30.0";"2291.88";"7448.89990";"7613.89990";"-59272.13";"0.00";"IST";"PT";"20h 56m";"-183.12"
"487";"USTEC_ICM_UTC2";"Buy";"7681.9";"7764.4";"2019.06.18 17:45:00";"2019.06.20 12:12:00";"30.0";"2108.76";"7599.39990";"7764.39990";"-57163.37";"0.00";"IST";"PT";"1d 18h 27m";"-366.24"
"488";"USTEC_ICM_UTC2";"Buy";"7705.8";"7731.3";"2019.06.20 19:45:00";"2019.06.21 22:55:00";"30.0";"581.88";"7623.29980";"7788.29980";"-56581.49";"0.00";"IST";"End Of Friday (Time)";"1d 3h 10m";"-183.12"
"489";"USTEC_ICM_UTC2";"Buy";"7741.5";"7659.0";"2019.06.24 19:00:00";"2019.06.25 17:49:00";"30.0";"-2658.12";"7659.00000";"7824.00000";"-59239.61";"0.00";"IST";"SL";"22h 49m";"-183.12"
"490";"USTEC_ICM_UTC2";"Buy";"7668.0";"7585.5";"2019.06.25 19:15:00";"2019.06.25 21:37:00";"30.0";"-2475.00";"7585.50000";"7750.50000";"-61714.61";"0.00";"IST";"SL";"2h 22m";"-0.00"
"491";"USTEC_ICM_UTC2";"Buy";"7660.6";"7649.8";"2019.06.26 17:30:00";"2019.06.28 22:55:00";"30.0";"-690.24";"7578.10010";"7743.10010";"-62404.85";"0.00";"IST";"End Of Friday (Time)";"2d 5h 25m";"-366.24"
"492";"USTEC_ICM_UTC2";"Buy";"7741.5";"7824.0";"2019.07.01 21:45:00";"2019.07.03 10:28:00";"30.0";"2108.76";"7659.00000";"7824.00000";"-60296.09";"0.00";"IST";"PT";"1d 12h 43m";"-366.24"
"493";"USTEC_ICM_UTC2";"Buy";"7846.6";"7834.8";"2019.07.03 19:30:00";"2019.07.05 22:55:00";"30.0";"-720.24";"7764.10010";"7929.10010";"-61016.33";"0.00";"IST";"End Of Friday (Time)";"2d 3h 25m";"-366.24"
"494";"USTEC_ICM_UTC2";"Buy";"7769.0";"7851.5";"2019.07.08 19:00:00";"2019.07.10 15:33:00";"30.0";"2108.76";"7686.50000";"7851.50000";"-58907.57";"0.00";"IST";"PT";"1d 20h 33m";"-366.24"
"495";"USTEC_ICM_UTC2";"Buy";"7900.9";"7938.2";"2019.07.10 17:45:00";"2019.07.12 22:55:00";"30.0";"752.76";"7818.39990";"7983.39990";"-58154.81";"0.00";"IST";"End Of Friday (Time)";"2d 5h 10m";"-366.24"
"496";"USTEC_ICM_UTC2";"Buy";"7948.0";"7865.5";"2019.07.15 19:15:00";"2019.07.17 23:08:00";"30.0";"-2841.24";"7865.50000";"8030.50000";"-60996.05";"0.00";"IST";"SL";"2d 3h 53m";"-366.24"
"497";"USTEC_ICM_UTC2";"Buy";"7847.0";"7931.9";"2019.07.18 18:15:00";"2019.07.19 01:00:00";"30.0";"2362.98";"7764.50000";"7929.50000";"-58633.07";"0.00";"IST";"PT";"6h 45m";"-183.12"
"498";"USTEC_ICM_UTC2";"Buy";"7896.2";"7846.7";"2019.07.19 19:00:00";"2019.07.19 22:55:00";"30.0";"-1485.00";"7813.70020";"7978.70020";"-60118.07";"0.00";"IST";"End Of Friday (Time)";"3h 55m";"-0.00"
"499";"USTEC_ICM_UTC2";"Buy";"7890.0";"7972.5";"2019.07.22 19:00:00";"2019.07.24 17:35:00";"30.0";"2108.76";"7807.50000";"7972.50000";"-58009.31";"0.00";"IST";"PT";"1d 22h 35m";"-366.24"
"500";"USTEC_ICM_UTC2";"Buy";"7972.5";"8022.1";"2019.07.24 17:45:00";"2019.07.26 22:55:00";"30.0";"1121.76";"7890.00000";"8055.00000";"-56887.55";"0.00";"IST";"End Of Friday (Time)";"2d 5h 10m";"-366.24"
"501";"USTEC_ICM_UTC2";"Buy";"7972.8";"7890.3";"2019.07.29 18:45:00";"2019.07.31 21:43:00";"30.0";"-2841.24";"7890.29980";"8055.29980";"-59728.79";"0.00";"IST";"SL";"2d 2h 58m";"-366.24"
"502";"USTEC_ICM_UTC2";"Buy";"7987.0";"7904.5";"2019.08.01 19:00:00";"2019.08.01 20:34:00";"30.0";"-2475.00";"7904.50000";"8069.50000";"-62203.79";"0.00";"IST";"SL";"1h 34m";"-0.00"
"503";"USTEC_ICM_UTC2";"Buy";"7681.6";"7679.5";"2019.08.02 19:15:00";"2019.08.02 22:55:00";"30.0";"-63.00";"7599.10010";"7764.10010";"-62266.79";"0.00";"IST";"End Of Friday (Time)";"3h 40m";"-0.00"
"504";"USTEC_ICM_UTC2";"Buy";"7461.1";"7378.6";"2019.08.05 19:00:00";"2019.08.05 21:32:00";"30.0";"-2475.00";"7378.60010";"7543.60010";"-64741.79";"0.00";"IST";"SL";"2h 32m";"-0.00"
"505";"USTEC_ICM_UTC2";"Buy";"7455.3";"7537.8";"2019.08.06 20:00:00";"2019.08.06 21:32:00";"30.0";"2475.00";"7372.79980";"7537.79980";"-62266.79";"0.00";"IST";"PT";"1h 32m";"-0.00"
"506";"USTEC_ICM_UTC2";"Buy";"7474.6";"7557.1";"2019.08.07 18:45:00";"2019.08.07 22:01:00";"30.0";"2475.00";"7392.10010";"7557.10010";"-59791.79";"0.00";"IST";"PT";"3h 16m";"-0.00"
"507";"USTEC_ICM_UTC2";"Buy";"7617.3";"7659.1";"2019.08.09 19:45:00";"2019.08.09 22:55:00";"30.0";"1254.00";"7534.79980";"7699.79980";"-58537.79";"0.00";"IST";"End Of Friday (Time)";"3h 10m";"-0.00"
"508";"USTEC_ICM_UTC2";"Buy";"7584.4";"7666.9";"2019.08.12 16:45:00";"2019.08.13 16:46:00";"30.0";"2291.88";"7501.89990";"7666.89990";"-56245.91";"0.00";"IST";"PT";"1d 0h 1m";"-183.12"
"509";"USTEC_ICM_UTC2";"Buy";"7739.0";"7656.5";"2019.08.13 17:45:00";"2019.08.14 13:18:00";"30.0";"-2658.12";"7656.50000";"7821.50000";"-58904.03";"0.00";"IST";"SL";"19h 33m";"-183.12"
"510";"USTEC_ICM_UTC2";"Buy";"7599.0";"7516.5";"2019.08.14 16:45:00";"2019.08.14 18:46:00";"30.0";"-2475.00";"7516.50000";"7681.50000";"-61379.03";"0.00";"IST";"SL";"2h 1m";"-0.00"
"511";"USTEC_ICM_UTC2";"Buy";"7482.9";"7565.4";"2019.08.15 16:45:00";"2019.08.16 11:34:00";"30.0";"2291.88";"7400.39990";"7565.39990";"-59087.15";"0.00";"IST";"PT";"18h 49m";"-183.12"
"512";"USTEC_ICM_UTC2";"Buy";"7724.6";"7642.1";"2019.08.19 19:30:00";"2019.08.23 15:25:00";"30.0";"-3207.48";"7642.10010";"7807.10010";"-62294.63";"0.00";"IST";"SL";"3d 19h 55m";"-732.48"
"513";"USTEC_ICM_UTC2";"Buy";"7677.3";"7594.8";"2019.08.23 17:30:00";"2019.08.23 18:07:00";"30.0";"-2475.00";"7594.79980";"7759.79980";"-64769.63";"0.00";"IST";"SL";"37m 0s";"-0.00"
"514";"USTEC_ICM_UTC2";"Buy";"7532.8";"7615.3";"2019.08.26 16:45:00";"2019.08.27 15:26:00";"30.0";"2291.88";"7450.29980";"7615.29980";"-62477.75";"0.00";"IST";"PT";"22h 41m";"-183.12"
"515";"USTEC_ICM_UTC2";"Buy";"7559.4";"7641.9";"2019.08.27 21:30:00";"2019.08.29 10:14:00";"30.0";"2108.76";"7476.89990";"7641.89990";"-60368.99";"0.00";"IST";"PT";"1d 12h 44m";"-366.24"
"516";"USTEC_ICM_UTC2";"Buy";"7707.1";"7675.8";"2019.08.29 19:30:00";"2019.08.30 22:55:00";"30.0";"-1122.12";"7624.60010";"7789.60010";"-61491.11";"0.00";"IST";"End Of Friday (Time)";"1d 3h 25m";"-183.12"
"517";"USTEC_ICM_UTC2";"Buy";"7632.7";"7715.2";"2019.09.03 16:30:00";"2019.09.04 10:34:00";"30.0";"2291.88";"7550.20020";"7715.20020";"-59199.23";"0.00";"IST";"PT";"18h 4m";"-183.12"
"518";"USTEC_ICM_UTC2";"Buy";"7846.8";"7852.9";"2019.09.05 19:30:00";"2019.09.06 22:55:00";"30.0";"-0.12";"7764.29980";"7929.29980";"-59199.35";"0.00";"IST";"End Of Friday (Time)";"1d 3h 25m";"-183.12"
"519";"USTEC_ICM_UTC2";"Buy";"7861.0";"7778.5";"2019.09.09 18:45:00";"2019.09.10 11:16:00";"30.0";"-2658.12";"7778.50000";"7943.50000";"-61857.47";"0.00";"IST";"SL";"16h 31m";"-183.12"
"520";"USTEC_ICM_UTC2";"Buy";"7755.5";"7838.0";"2019.09.10 16:45:00";"2019.09.11 07:05:00";"30.0";"2291.88";"7673.00000";"7838.00000";"-59565.59";"0.00";"IST";"PT";"14h 20m";"-183.12"
"521";"USTEC_ICM_UTC2";"Buy";"7862.1";"7944.6";"2019.09.11 18:30:00";"2019.09.12 02:26:00";"30.0";"2291.88";"7779.60010";"7944.60010";"-57273.71";"0.00";"IST";"PT";"7h 56m";"-183.12"
"522";"USTEC_ICM_UTC2";"Buy";"7967.1";"7884.6";"2019.09.12 17:30:00";"2019.09.13 16:32:00";"30.0";"-2658.12";"7884.60010";"8049.60010";"-59931.83";"0.00";"IST";"SL";"23h 2m";"-183.12"
"523";"USTEC_ICM_UTC2";"Buy";"7899.0";"7895.0";"2019.09.13 19:00:00";"2019.09.13 22:55:00";"30.0";"-120.00";"7816.50000";"7981.50000";"-60051.83";"0.00";"IST";"End Of Friday (Time)";"3h 55m";"-0.00"
"524";"USTEC_ICM_UTC2";"Buy";"7832.4";"7914.9";"2019.09.16 19:00:00";"2019.09.19 16:32:00";"30.0";"1925.64";"7749.89990";"7914.89990";"-58126.19";"0.00";"IST";"PT";"2d 21h 32m";"-549.36"
"525";"USTEC_ICM_UTC2";"Buy";"7935.3";"7852.8";"2019.09.19 16:45:00";"2019.09.20 20:13:00";"30.0";"-2658.12";"7852.79980";"8017.79980";"-60784.31";"0.00";"IST";"SL";"1d 3h 28m";"-183.12"
"526";"USTEC_ICM_UTC2";"Buy";"7839.8";"7829.9";"2019.09.20 22:00:00";"2019.09.20 22:55:00";"30.0";"-297.00";"7757.29980";"7922.29980";"-61081.31";"0.00";"IST";"End Of Friday (Time)";"55m 0s";"-0.00"
"527";"USTEC_ICM_UTC2";"Buy";"7820.9";"7738.4";"2019.09.23 18:30:00";"2019.09.24 19:23:00";"30.0";"-2658.12";"7738.39990";"7903.39990";"-63739.43";"0.00";"IST";"SL";"1d 0h 53m";"-183.12"
"528";"USTEC_ICM_UTC2";"Buy";"7697.1";"7779.6";"2019.09.24 20:00:00";"2019.09.25 21:40:00";"30.0";"2291.88";"7614.60010";"7779.60010";"-61447.55";"0.00";"IST";"PT";"1d 1h 40m";"-183.12"
"529";"USTEC_ICM_UTC2";"Buy";"7795.1";"7712.6";"2019.09.25 22:00:00";"2019.09.27 18:38:00";"30.0";"-2841.24";"7712.60010";"7877.60010";"-64288.79";"0.00";"IST";"SL";"1d 20h 38m";"-366.24"
"530";"USTEC_ICM_UTC2";"Buy";"7741.3";"7658.8";"2019.09.27 19:00:00";"2019.09.27 21:12:00";"30.0";"-2475.00";"7658.79980";"7823.79980";"-66763.79";"0.00";"IST";"SL";"2h 12m";"-0.00"
"531";"USTEC_ICM_UTC2";"Buy";"7742.9";"7660.4";"2019.09.30 19:15:00";"2019.10.02 10:12:00";"30.0";"-2841.24";"7660.39990";"7825.39990";"-69605.03";"0.00";"IST";"SL";"1d 14h 57m";"-366.24"
"532";"USTEC_ICM_UTC2";"Buy";"7594.5";"7512.0";"2019.10.02 17:15:00";"2019.10.02 19:50:00";"30.0";"-2475.00";"7512.00000";"7677.00000";"-72080.03";"0.00";"IST";"SL";"2h 35m";"-0.00"
"533";"USTEC_ICM_UTC2";"Buy";"7596.3";"7678.8";"2019.10.03 19:15:00";"2019.10.04 15:31:00";"30.0";"2291.88";"7513.79980";"7678.79980";"-69788.15";"0.00";"IST";"PT";"20h 16m";"-183.12"
"534";"USTEC_ICM_UTC2";"Buy";"7690.6";"7754.1";"2019.10.04 17:30:00";"2019.10.04 22:55:00";"30.0";"1905.00";"7608.10010";"7773.10010";"-67883.15";"0.00";"IST";"End Of Friday (Time)";"5h 25m";"-0.00"
"535";"USTEC_ICM_UTC2";"Buy";"7774.6";"7692.1";"2019.10.07 19:00:00";"2019.10.08 13:07:00";"30.0";"-2658.12";"7692.10010";"7857.10010";"-70541.27";"0.00";"IST";"SL";"18h 7m";"-183.12"
"536";"USTEC_ICM_UTC2";"Buy";"7633.2";"7715.7";"2019.10.08 17:00:00";"2019.10.09 22:02:00";"30.0";"2291.88";"7550.70020";"7715.70020";"-68249.39";"0.00";"IST";"PT";"1d 5h 2m";"-183.12"
"537";"USTEC_ICM_UTC2";"Buy";"7765.2";"7847.7";"2019.10.10 19:00:00";"2019.10.11 14:26:00";"30.0";"2291.88";"7682.70020";"7847.70020";"-65957.52";"0.00";"IST";"PT";"19h 26m";"-183.12"
"538";"USTEC_ICM_UTC2";"Buy";"7895.2";"7853.3";"2019.10.11 21:45:00";"2019.10.11 22:55:00";"30.0";"-1257.00";"7812.70020";"7977.70020";"-67214.52";"0.00";"IST";"End Of Friday (Time)";"1h 10m";"-0.00"
"539";"USTEC_ICM_UTC2";"Buy";"7854.5";"7937.0";"2019.10.14 18:45:00";"2019.10.15 17:52:00";"30.0";"2291.88";"7772.00000";"7937.00000";"-64922.63";"0.00";"IST";"PT";"23h 7m";"-183.12"
"540";"USTEC_ICM_UTC2";"Buy";"7929.7";"7847.2";"2019.10.15 18:45:00";"2019.10.18 19:17:00";"30.0";"-3024.36";"7847.20020";"8012.20020";"-67946.99";"0.00";"IST";"SL";"3d 0h 32m";"-549.36"
"541";"USTEC_ICM_UTC2";"Buy";"7879.1";"7886.0";"2019.10.18 21:15:00";"2019.10.18 22:55:00";"30.0";"207.00";"7796.60010";"7961.60010";"-67739.99";"0.00";"IST";"End Of Friday (Time)";"1h 40m";"-0.00"
"542";"USTEC_ICM_UTC2";"Buy";"7928.3";"7845.8";"2019.10.21 18:30:00";"2019.10.22 23:02:00";"30.0";"-2658.12";"7845.79980";"8010.79980";"-70398.11";"0.00";"IST";"SL";"1d 4h 32m";"-183.12"
"543";"USTEC_ICM_UTC2";"Buy";"7853.9";"7936.4";"2019.10.23 16:30:00";"2019.10.24 14:22:00";"30.0";"2291.88";"7771.39990";"7936.39990";"-68106.23";"0.00";"IST";"PT";"21h 52m";"-183.12"
"544";"USTEC_ICM_UTC2";"Buy";"7951.0";"8022.3";"2019.10.24 19:30:00";"2019.10.25 22:55:00";"30.0";"1955.88";"7868.50000";"8033.50000";"-66150.35";"0.00";"IST";"End Of Friday (Time)";"1d 3h 25m";"-183.12"
"545";"USTEC_ICM_UTC2";"Buy";"8110.5";"8028.0";"2019.10.28 18:30:00";"2019.10.30 16:03:00";"30.0";"-2841.24";"8028.00000";"8193.00000";"-68991.59";"0.00";"IST";"SL";"1d 21h 33m";"-366.24"
"546";"USTEC_ICM_UTC2";"Buy";"8034.9";"8122.4";"2019.10.30 17:45:00";"2019.10.31 00:00:00";"30.0";"2440.68";"7952.39990";"8117.39990";"-66550.91";"0.00";"IST";"PT";"6h 15m";"-183.12"
"547";"USTEC_ICM_UTC2";"Buy";"8073.2";"8155.7";"2019.10.31 18:00:00";"2019.11.01 16:06:00";"30.0";"2291.88";"7990.70020";"8155.70020";"-64259.03";"0.00";"IST";"PT";"22h 6m";"-183.12"
"548";"USTEC_ICM_UTC2";"Buy";"8123.8";"8206.3";"2019.11.01 18:45:00";"2019.11.04 12:19:00";"30.0";"1925.64";"8041.29980";"8206.29980";"-62333.39";"0.00";"IST";"PT";"2d 17h 34m";"-549.36"
"549";"USTEC_ICM_UTC2";"Buy";"8212.5";"8248.4";"2019.11.04 20:00:00";"2019.11.08 22:55:00";"30.0";"344.52";"8130.00000";"8295.00000";"-61988.87";"0.00";"IST";"End Of Friday (Time)";"4d 2h 55m";"-732.48"
"550";"USTEC_ICM_UTC2";"Buy";"8230.7";"8313.2";"2019.11.11 18:45:00";"2019.11.15 16:28:00";"30.0";"1742.52";"8148.20020";"8313.20020";"-60246.35";"0.00";"IST";"PT";"3d 21h 43m";"-732.48"
"551";"USTEC_ICM_UTC2";"Buy";"8304.6";"8307.9";"2019.11.15 19:00:00";"2019.11.15 22:55:00";"30.0";"99.03";"8222.09961";"8387.09961";"-60147.32";"0.00";"IST";"End Of Friday (Time)";"3h 55m";"-0.00"
"552";"USTEC_ICM_UTC2";"Buy";"8303.3";"8264.7";"2019.11.18 18:00:00";"2019.11.22 22:55:00";"30.0";"-1890.48";"8220.79980";"8385.79980";"-62037.80";"0.00";"IST";"End Of Friday (Time)";"4d 4h 55m";"-732.48"
"553";"USTEC_ICM_UTC2";"Buy";"8360.2";"8442.7";"2019.11.25 18:30:00";"2019.11.27 22:54:00";"30.0";"2108.76";"8277.70020";"8442.70020";"-59929.04";"0.00";"IST";"PT";"2d 4h 24m";"-366.24"
"554";"USTEC_ICM_UTC2";"Buy";"8427.9";"8345.4";"2019.11.29 18:00:00";"2019.12.02 16:57:00";"30.0";"-3024.36";"8345.40039";"8510.40039";"-62953.40";"0.00";"IST";"SL";"2d 22h 57m";"-549.36"
"555";"USTEC_ICM_UTC2";"Buy";"8313.4";"8230.9";"2019.12.02 19:15:00";"2019.12.03 15:27:00";"30.0";"-2658.12";"8230.90039";"8395.90039";"-65611.52";"0.00";"IST";"SL";"20h 12m";"-183.12"
"556";"USTEC_ICM_UTC2";"Buy";"8201.9";"8284.4";"2019.12.03 18:15:00";"2019.12.04 11:08:00";"30.0";"2291.88";"8119.39990";"8284.40039";"-63319.64";"0.00";"IST";"PT";"16h 53m";"-183.12"
"557";"USTEC_ICM_UTC2";"Buy";"8314.0";"8396.5";"2019.12.04 18:45:00";"2019.12.06 19:42:00";"30.0";"2108.76";"8231.50000";"8396.50000";"-61210.88";"0.00";"IST";"PT";"2d 0h 57m";"-366.24"
"558";"USTEC_ICM_UTC2";"Buy";"8388.6";"8306.1";"2019.12.09 20:00:00";"2019.12.10 13:27:00";"30.0";"-2658.12";"8306.09961";"8471.09961";"-63869.00";"0.00";"IST";"SL";"17h 27m";"-183.12"
"559";"USTEC_ICM_UTC2";"Buy";"8364.1";"8446.6";"2019.12.10 16:30:00";"2019.12.12 16:39:00";"30.0";"2108.76";"8281.59961";"8446.59961";"-61760.24";"0.00";"IST";"PT";"2d 0h 9m";"-366.24"
"560";"USTEC_ICM_UTC2";"Buy";"8490.3";"8407.8";"2019.12.12 17:30:00";"2019.12.12 19:22:00";"30.0";"-2475.00";"8407.79980";"8572.79980";"-64235.24";"0.00";"IST";"SL";"1h 52m";"-0.00"
"561";"USTEC_ICM_UTC2";"Buy";"8470.1";"8486.2";"2019.12.13 18:00:00";"2019.12.13 22:55:00";"30.0";"483.03";"8387.59961";"8552.59961";"-63752.21";"0.00";"IST";"End Of Friday (Time)";"4h 55m";"-0.00"
"562";"USTEC_ICM_UTC2";"Buy";"8570.0";"8652.5";"2019.12.17 16:45:00";"2019.12.20 14:56:00";"30.0";"1925.64";"8487.50000";"8652.50000";"-61826.57";"0.00";"IST";"PT";"2d 22h 11m";"-549.36"
"563";"USTEC_ICM_UTC2";"Buy";"8676.4";"8679.3";"2019.12.20 19:00:00";"2019.12.20 22:55:00";"30.0";"86.97";"8593.90039";"8758.90039";"-61739.60";"0.00";"IST";"End Of Friday (Time)";"3h 55m";"-0.00"
"564";"USTEC_ICM_UTC2";"Buy";"8708.4";"8790.9";"2019.12.23 18:45:00";"2019.12.27 02:39:00";"30.0";"1742.52";"8625.90039";"8790.90039";"-59997.08";"0.00";"IST";"PT";"3d 7h 54m";"-732.48"
"565";"USTEC_ICM_UTC2";"Buy";"8789.7";"8762.6";"2019.12.27 18:15:00";"2019.12.27 22:55:00";"30.0";"-813.03";"8707.20020";"8872.20020";"-60810.11";"0.00";"IST";"End Of Friday (Time)";"4h 40m";"-0.00"
"566";"USTEC_ICM_UTC2";"Buy";"8711.9";"8794.4";"2019.12.30 18:30:00";"2020.01.02 12:22:00";"30.0";"1925.64";"8629.40039";"8794.40039";"-58884.47";"0.00";"IST";"PT";"2d 17h 52m";"-549.36"
"567";"USTEC_ICM_UTC2";"Buy";"8812.4";"8729.9";"2020.01.02 19:00:00";"2020.01.03 12:51:00";"30.0";"-2658.12";"8729.90039";"8894.90039";"-61542.59";"0.00";"IST";"SL";"17h 51m";"-183.12"
"568";"USTEC_ICM_UTC2";"Buy";"8811.6";"8802.9";"2020.01.03 17:30:00";"2020.01.03 22:55:00";"30.0";"-260.97";"8729.09961";"8894.09961";"-61803.56";"0.00";"IST";"End Of Friday (Time)";"5h 25m";"-0.00"
"569";"USTEC_ICM_UTC2";"Buy";"8814.7";"8732.2";"2020.01.06 18:45:00";"2020.01.08 01:39:00";"30.0";"-2841.24";"8732.20020";"8897.20020";"-64644.80";"0.00";"IST";"SL";"1d 6h 54m";"-366.24"
"570";"USTEC_ICM_UTC2";"Buy";"8922.4";"9004.9";"2020.01.08 19:30:00";"2020.01.10 02:30:00";"30.0";"2108.76";"8839.90039";"9004.90039";"-62536.04";"0.00";"IST";"PT";"1d 7h 0m";"-366.24"
"571";"USTEC_ICM_UTC2";"Buy";"9020.3";"8966.9";"2020.01.10 18:00:00";"2020.01.10 22:55:00";"30.0";"-1601.97";"8937.79980";"9102.79980";"-64138.01";"0.00";"IST";"End Of Friday (Time)";"4h 55m";"-0.00"
"572";"USTEC_ICM_UTC2";"Buy";"9049.6";"9132.1";"2020.01.13 19:15:00";"2020.01.17 01:18:00";"30.0";"1742.52";"8967.09961";"9132.09961";"-62395.49";"0.00";"IST";"PT";"3d 6h 3m";"-732.48"
"573";"USTEC_ICM_UTC2";"Buy";"9144.0";"9171.5";"2020.01.17 20:15:00";"2020.01.17 22:55:00";"30.0";"825.00";"9061.50000";"9226.50000";"-61570.49";"0.00";"IST";"End Of Friday (Time)";"2h 40m";"-0.00"
"574";"USTEC_ICM_UTC2";"Buy";"9161.2";"9243.7";"2020.01.21 17:30:00";"2020.01.24 01:02:00";"30.0";"1925.64";"9078.70020";"9243.70020";"-59644.85";"0.00";"IST";"PT";"2d 7h 32m";"-549.36"
"575";"USTEC_ICM_UTC2";"Buy";"9157.2";"9146.0";"2020.01.24 20:30:00";"2020.01.24 22:55:00";"30.0";"-336.00";"9074.70020";"9239.70020";"-59980.85";"0.00";"IST";"End Of Friday (Time)";"2h 25m";"-0.00"
"576";"USTEC_ICM_UTC2";"Buy";"8958.3";"9040.8";"2020.01.27 17:45:00";"2020.01.28 17:25:00";"30.0";"2291.88";"8875.79980";"9040.79980";"-57688.97";"0.00";"IST";"PT";"23h 40m";"-183.12"
"577";"USTEC_ICM_UTC2";"Buy";"9094.5";"9012.0";"2020.01.28 19:30:00";"2020.01.30 09:06:00";"30.0";"-2841.24";"9012.00000";"9177.00000";"-60530.21";"0.00";"IST";"SL";"1d 13h 36m";"-366.24"
"578";"USTEC_ICM_UTC2";"Buy";"9043.7";"9126.2";"2020.01.30 16:30:00";"2020.01.30 22:47:00";"30.0";"2475.00";"8961.20020";"9126.20020";"-58055.21";"0.00";"IST";"PT";"6h 17m";"-0.00"
"579";"USTEC_ICM_UTC2";"Buy";"9040.9";"8998.3";"2020.01.31 19:45:00";"2020.01.31 22:55:00";"30.0";"-1278.03";"8958.40039";"9123.40039";"-59333.24";"0.00";"IST";"End Of Friday (Time)";"3h 10m";"-0.00"
"580";"USTEC_ICM_UTC2";"Buy";"9110.2";"9192.7";"2020.02.03 20:15:00";"2020.02.04 10:09:00";"30.0";"2291.88";"9027.70020";"9192.70020";"-57041.36";"0.00";"IST";"PT";"13h 54m";"-183.12"
"581";"USTEC_ICM_UTC2";"Buy";"9321.6";"9404.1";"2020.02.04 19:30:00";"2020.02.05 10:38:00";"30.0";"2291.88";"9239.09961";"9404.09961";"-54749.48";"0.00";"IST";"PT";"15h 8m";"-183.12"
"582";"USTEC_ICM_UTC2";"Buy";"9361.0";"9443.5";"2020.02.05 19:15:00";"2020.02.06 07:06:00";"30.0";"2291.88";"9278.50000";"9443.50000";"-52457.60";"0.00";"IST";"PT";"11h 51m";"-183.12"
"583";"USTEC_ICM_UTC2";"Buy";"9432.2";"9394.0";"2020.02.06 18:30:00";"2020.02.07 22:55:00";"30.0";"-1329.12";"9349.70020";"9514.70020";"-53786.72";"0.00";"IST";"End Of Friday (Time)";"1d 4h 25m";"-183.12"
"584";"USTEC_ICM_UTC2";"Buy";"9463.5";"9546.0";"2020.02.10 18:30:00";"2020.02.11 03:15:00";"30.0";"2291.88";"9381.00000";"9546.00000";"-51494.84";"0.00";"IST";"PT";"8h 45m";"-183.12"
"585";"USTEC_ICM_UTC2";"Buy";"9581.6";"9499.1";"2020.02.11 20:15:00";"2020.02.11 22:17:00";"30.0";"-2475.00";"9499.09961";"9664.09961";"-53969.84";"0.00";"IST";"SL";"2h 2m";"-0.00"
"586";"USTEC_ICM_UTC2";"Buy";"9590.7";"9508.2";"2020.02.12 19:15:00";"2020.02.13 12:10:00";"30.0";"-2658.12";"9508.20020";"9673.20020";"-56627.96";"0.00";"IST";"SL";"16h 55m";"-183.12"
"587";"USTEC_ICM_UTC2";"Buy";"9561.5";"9644.0";"2020.02.13 16:45:00";"2020.02.14 05:02:00";"30.0";"2291.88";"9479.00000";"9644.00000";"-54336.08";"0.00";"IST";"PT";"12h 17m";"-183.12"
"588";"USTEC_ICM_UTC2";"Buy";"9601.5";"9618.1";"2020.02.14 21:30:00";"2020.02.14 22:55:00";"30.0";"498.00";"9519.00000";"9684.00000";"-53838.08";"0.00";"IST";"End Of Friday (Time)";"1h 25m";"-0.00"
"589";"USTEC_ICM_UTC2";"Buy";"9574.8";"9657.3";"2020.02.18 16:30:00";"2020.02.19 02:01:00";"30.0";"2291.88";"9492.29980";"9657.29980";"-51546.20";"0.00";"IST";"PT";"9h 31m";"-183.12"
"590";"USTEC_ICM_UTC2";"Buy";"9692.5";"9610.0";"2020.02.20 18:00:00";"2020.02.20 18:26:00";"30.0";"-2475.00";"9610.00000";"9775.00000";"-54021.20";"0.00";"IST";"SL";"26m 0s";"-0.00"
"591";"USTEC_ICM_UTC2";"Buy";"9509.4";"9426.9";"2020.02.21 19:00:00";"2020.02.21 20:49:00";"30.0";"-2475.00";"9426.90039";"9591.90039";"-56496.20";"0.00";"IST";"SL";"1h 49m";"-0.00"
"592";"USTEC_ICM_UTC2";"Buy";"9147.4";"9064.9";"2020.02.24 18:00:00";"2020.02.24 19:09:00";"30.0";"-2475.00";"9064.90039";"9229.90039";"-58971.20";"0.00";"IST";"SL";"1h 9m";"-0.00"
"593";"USTEC_ICM_UTC2";"Buy";"8963.4";"8880.9";"2020.02.25 20:00:00";"2020.02.25 21:01:00";"30.0";"-2475.00";"8880.90039";"9045.90039";"-61446.20";"0.00";"IST";"SL";"1h 1m";"-0.00"
"594";"USTEC_ICM_UTC2";"Buy";"8884.0";"8966.5";"2020.02.26 16:30:00";"2020.02.26 16:40:00";"30.0";"2475.00";"8801.50000";"8966.50000";"-58971.20";"0.00";"IST";"PT";"10m 0s";"-0.00"
"595";"USTEC_ICM_UTC2";"Buy";"8694.7";"8777.2";"2020.02.27 19:00:00";"2020.02.27 19:38:00";"30.0";"2475.00";"8612.20020";"8777.20020";"-56496.20";"0.00";"IST";"PT";"38m 0s";"-0.00"
"596";"USTEC_ICM_UTC2";"Buy";"8172.5";"8255.0";"2020.02.28 17:30:00";"2020.02.28 17:53:00";"30.0";"2475.00";"8090.00000";"8255.00000";"-54021.20";"0.00";"IST";"PT";"23m 0s";"-0.00"
"597";"USTEC_ICM_UTC2";"Buy";"8699.2";"8616.7";"2020.03.02 19:45:00";"2020.03.02 21:38:00";"30.0";"-2475.00";"8616.70020";"8781.70020";"-56496.20";"0.00";"IST";"SL";"1h 53m";"-0.00"
"598";"USTEC_ICM_UTC2";"Buy";"8764.7";"8682.2";"2020.03.03 20:00:00";"2020.03.03 20:21:00";"30.0";"-2475.00";"8682.20020";"8847.20020";"-58971.20";"0.00";"IST";"SL";"21m 0s";"-0.00"
"599";"USTEC_ICM_UTC2";"Buy";"8762.7";"8680.2";"2020.03.05 19:15:00";"2020.03.05 19:45:00";"30.0";"-2475.00";"8680.20020";"8845.20020";"-61446.20";"0.00";"IST";"SL";"30m 0s";"-0.00"
"600";"USTEC_ICM_UTC2";"Buy";"8386.8";"8469.3";"2020.03.06 16:30:00";"2020.03.06 17:16:00";"30.0";"2475.00";"8304.29980";"8469.29980";"-58971.20";"0.00";"IST";"PT";"46m 0s";"-0.00"
"601";"USTEC_ICM_UTC2";"Buy";"8118.4";"8035.9";"2020.03.09 18:45:00";"2020.03.09 19:41:00";"30.0";"-2475.00";"8035.89990";"8200.90039";"-61446.20";"0.00";"IST";"SL";"56m 0s";"-0.00"
"602";"USTEC_ICM_UTC2";"Buy";"8094.9";"8177.4";"2020.03.10 19:00:00";"2020.03.10 20:41:00";"30.0";"2475.00";"8012.39990";"8177.39990";"-58971.20";"0.00";"IST";"PT";"1h 41m";"-0.00"
"603";"USTEC_ICM_UTC2";"Buy";"8029.7";"7947.2";"2020.03.11 19:15:00";"2020.03.11 21:05:00";"30.0";"-2475.00";"7947.20020";"8112.20020";"-61446.20";"0.00";"IST";"SL";"1h 50m";"-0.00"
"604";"USTEC_ICM_UTC2";"Buy";"7427.2";"7344.7";"2020.03.12 17:45:00";"2020.03.12 18:09:00";"30.0";"-2475.00";"7344.70020";"7509.70020";"-63921.20";"0.00";"IST";"SL";"24m 0s";"-0.00"
"605";"USTEC_ICM_UTC2";"Buy";"7523.1";"7440.6";"2020.03.13 18:45:00";"2020.03.13 20:31:00";"30.0";"-2475.00";"7440.60010";"7605.60010";"-66396.20";"0.00";"IST";"SL";"1h 46m";"-0.00"
"606";"USTEC_ICM_UTC2";"Buy";"7550.7";"7468.2";"2020.03.16 17:30:00";"2020.03.16 17:34:00";"30.0";"-2475.00";"7468.20020";"7633.20020";"-68871.20";"0.00";"IST";"SL";"4m 0s";"-0.00"
"607";"USTEC_ICM_UTC2";"Buy";"7556.6";"7474.1";"2020.03.17 18:15:00";"2020.03.17 18:17:00";"30.0";"-2475.00";"7474.10010";"7639.10010";"-71346.20";"0.00";"IST";"SL";"2m 0s";"-0.00"
"608";"USTEC_ICM_UTC2";"Buy";"7322.8";"7405.3";"2020.03.19 18:15:00";"2020.03.19 18:54:00";"30.0";"2475.00";"7240.29980";"7405.29980";"-68871.20";"0.00";"IST";"PT";"39m 0s";"-0.00"
"609";"USTEC_ICM_UTC2";"Buy";"7115.7";"7033.2";"2020.03.20 21:00:00";"2020.03.20 21:49:00";"30.0";"-2475.00";"7033.20020";"7198.20020";"-71346.20";"0.00";"IST";"SL";"49m 0s";"-0.00"
"610";"USTEC_ICM_UTC2";"Buy";"6926.2";"6843.7";"2020.03.23 17:00:00";"2020.03.23 17:26:00";"30.0";"-2475.00";"6843.70020";"7008.70020";"-73821.20";"0.00";"IST";"SL";"26m 0s";"-0.00"
"611";"USTEC_ICM_UTC2";"Buy";"7458.6";"7541.1";"2020.03.25 16:30:00";"2020.03.25 17:08:00";"30.0";"2475.00";"7376.10010";"7541.10010";"-71346.20";"0.00";"IST";"PT";"38m 0s";"-0.00"
"612";"USTEC_ICM_UTC2";"Buy";"7754.4";"7671.9";"2020.03.26 18:30:00";"2020.03.26 19:32:00";"30.0";"-2475.00";"7671.89990";"7836.89990";"-73821.20";"0.00";"IST";"SL";"1h 2m";"-0.00"
"613";"USTEC_ICM_UTC2";"Buy";"7620.7";"7703.2";"2020.03.27 18:15:00";"2020.03.27 19:35:00";"30.0";"2475.00";"7538.20020";"7703.20020";"-71346.20";"0.00";"IST";"PT";"1h 20m";"-0.00"
"614";"USTEC_ICM_UTC2";"Buy";"7940.8";"7858.3";"2020.03.31 19:15:00";"2020.03.31 19:38:00";"30.0";"-2475.00";"7858.29980";"8023.29980";"-73821.20";"0.00";"IST";"SL";"23m 0s";"-0.00"
"615";"USTEC_ICM_UTC2";"Buy";"7617.2";"7534.7";"2020.04.01 19:00:00";"2020.04.01 19:42:00";"30.0";"-2475.00";"7534.70020";"7699.70020";"-76296.20";"0.00";"IST";"SL";"42m 0s";"-0.00"
"616";"USTEC_ICM_UTC2";"Buy";"7539.2";"7621.7";"2020.04.02 17:30:00";"2020.04.02 17:36:00";"30.0";"2475.00";"7456.70020";"7621.70020";"-73821.20";"0.00";"IST";"PT";"6m 0s";"-0.00"
"617";"USTEC_ICM_UTC2";"Buy";"7585.7";"7503.2";"2020.04.03 17:30:00";"2020.04.03 19:12:00";"30.0";"-2475.00";"7503.20020";"7668.20020";"-76296.20";"0.00";"IST";"SL";"1h 42m";"-0.00"
"618";"USTEC_ICM_UTC2";"Buy";"8292.6";"8210.1";"2020.04.07 16:30:00";"2020.04.07 17:06:00";"30.0";"-2475.00";"8210.09961";"8375.09961";"-78771.20";"0.00";"IST";"SL";"36m 0s";"-0.00"
"619";"USTEC_ICM_UTC2";"Buy";"8251.8";"8169.3";"2020.04.09 18:45:00";"2020.04.09 21:55:00";"30.0";"-2475.00";"8169.29980";"8334.29980";"-81246.20";"0.00";"IST";"SL";"3h 10m";"-0.00"
"620";"USTEC_ICM_UTC2";"Buy";"8253.8";"8336.3";"2020.04.13 19:15:00";"2020.04.13 22:48:00";"30.0";"2475.00";"8171.29980";"8336.29980";"-78771.20";"0.00";"IST";"PT";"3h 33m";"-0.00"
"621";"USTEC_ICM_UTC2";"Buy";"8646.8";"8564.3";"2020.04.14 19:30:00";"2020.04.15 15:25:00";"30.0";"-2658.12";"8564.29980";"8729.29980";"-81429.32";"0.00";"IST";"SL";"19h 55m";"-183.12"
"622";"USTEC_ICM_UTC2";"Buy";"8541.1";"8623.6";"2020.04.15 17:30:00";"2020.04.15 21:18:00";"30.0";"2475.00";"8458.59961";"8623.59961";"-78954.32";"0.00";"IST";"PT";"3h 48m";"-0.00"
"623";"USTEC_ICM_UTC2";"Buy";"8727.0";"8644.5";"2020.04.16 19:15:00";"2020.04.16 19:32:00";"30.0";"-2475.00";"8644.50000";"8809.50000";"-81429.32";"0.00";"IST";"SL";"17m 0s";"-0.00"
"624";"USTEC_ICM_UTC2";"Buy";"8758.4";"8832.1";"2020.04.17 19:00:00";"2020.04.17 22:55:00";"30.0";"2210.97";"8675.90039";"8840.90039";"-79218.35";"0.00";"IST";"End Of Friday (Time)";"3h 55m";"-0.00"
"625";"USTEC_ICM_UTC2";"Buy";"8845.8";"8763.3";"2020.04.20 19:00:00";"2020.04.20 21:55:00";"30.0";"-2475.00";"8763.29980";"8928.29980";"-81693.35";"0.00";"IST";"SL";"2h 55m";"-0.00"
"626";"USTEC_ICM_UTC2";"Buy";"8405.2";"8487.7";"2020.04.21 20:00:00";"2020.04.21 20:44:00";"30.0";"2475.00";"8322.70020";"8487.70020";"-79218.35";"0.00";"IST";"PT";"44m 0s";"-0.00"
"627";"USTEC_ICM_UTC2";"Buy";"8741.7";"8659.2";"2020.04.23 20:15:00";"2020.04.23 20:27:00";"30.0";"-2475.00";"8659.20020";"8824.20020";"-81693.35";"0.00";"IST";"SL";"12m 0s";"-0.00"
"628";"USTEC_ICM_UTC2";"Buy";"8672.3";"8754.8";"2020.04.24 19:15:00";"2020.04.24 21:45:00";"30.0";"2475.00";"8589.79980";"8754.79980";"-79218.35";"0.00";"IST";"PT";"2h 30m";"-0.00"
"629";"USTEC_ICM_UTC2";"Buy";"8822.7";"8905.2";"2020.04.27 20:30:00";"2020.04.28 12:20:00";"30.0";"2291.88";"8740.20020";"8905.20020";"-76926.48";"0.00";"IST";"PT";"15h 50m";"-183.12"
"630";"USTEC_ICM_UTC2";"Buy";"8710.9";"8793.4";"2020.04.28 19:30:00";"2020.04.29 03:02:00";"30.0";"2291.88";"8628.40039";"8793.40039";"-74634.59";"0.00";"IST";"PT";"7h 32m";"-183.12"
"631";"USTEC_ICM_UTC2";"Buy";"8929.5";"9012.0";"2020.04.29 17:45:00";"2020.04.29 22:24:00";"30.0";"2475.00";"8847.00000";"9012.00000";"-72159.59";"0.00";"IST";"PT";"4h 39m";"-0.00"
"632";"USTEC_ICM_UTC2";"Buy";"8952.7";"8852.6";"2020.04.30 19:00:00";"2020.05.01 01:00:00";"30.0";"-3186.72";"8870.20020";"9035.20020";"-75346.31";"0.00";"IST";"SL";"6h 0m";"-183.12"
"633";"USTEC_ICM_UTC2";"Buy";"8710.0";"8703.6";"2020.05.01 21:00:00";"2020.05.01 22:55:00";"30.0";"-192.00";"8627.50000";"8792.50000";"-75538.31";"0.00";"IST";"End Of Friday (Time)";"1h 55m";"-0.00"
"634";"USTEC_ICM_UTC2";"Buy";"8789.8";"8872.3";"2020.05.04 22:00:00";"2020.05.05 04:37:00";"30.0";"2291.88";"8707.29980";"8872.29980";"-73246.44";"0.00";"IST";"PT";"6h 37m";"-183.12"
"635";"USTEC_ICM_UTC2";"Buy";"9027.3";"8944.8";"2020.05.06 18:45:00";"2020.05.07 01:57:00";"30.0";"-2658.12";"8944.79980";"9109.79980";"-75904.55";"0.00";"IST";"SL";"7h 12m";"-183.12"
"636";"USTEC_ICM_UTC2";"Buy";"9119.8";"9202.3";"2020.05.07 19:45:00";"2020.05.08 04:48:00";"30.0";"2291.88";"9037.29980";"9202.29980";"-73612.67";"0.00";"IST";"PT";"9h 3m";"-183.12"
"637";"USTEC_ICM_UTC2";"Buy";"9187.5";"9221.3";"2020.05.08 18:30:00";"2020.05.08 22:55:00";"30.0";"1014.00";"9105.00000";"9270.00000";"-72598.67";"0.00";"IST";"End Of Friday (Time)";"4h 25m";"-0.00"
"638";"USTEC_ICM_UTC2";"Buy";"9238.2";"9320.7";"2020.05.11 18:00:00";"2020.05.11 20:30:00";"30.0";"2475.00";"9155.70020";"9320.70020";"-70123.67";"0.00";"IST";"PT";"2h 30m";"-0.00"
"639";"USTEC_ICM_UTC2";"Buy";"9324.1";"9241.6";"2020.05.12 18:30:00";"2020.05.12 22:18:00";"30.0";"-2475.00";"9241.59961";"9406.59961";"-72598.67";"0.00";"IST";"SL";"3h 48m";"-0.00"
"640";"USTEC_ICM_UTC2";"Buy";"9090.9";"9008.4";"2020.05.13 18:30:00";"2020.05.13 18:47:00";"30.0";"-2475.00";"9008.40039";"9173.40039";"-75073.67";"0.00";"IST";"SL";"17m 0s";"-0.00"
"641";"USTEC_ICM_UTC2";"Buy";"8913.9";"8996.4";"2020.05.14 19:15:00";"2020.05.14 20:25:00";"30.0";"2475.00";"8831.40039";"8996.40039";"-72598.67";"0.00";"IST";"PT";"1h 10m";"-0.00"
"642";"USTEC_ICM_UTC2";"Buy";"8983.9";"9066.4";"2020.05.15 18:00:00";"2020.05.15 19:41:00";"30.0";"2475.00";"8901.40039";"9066.40039";"-70123.67";"0.00";"IST";"PT";"1h 41m";"-0.00"
"643";"USTEC_ICM_UTC2";"Buy";"9331.2";"9413.7";"2020.05.18 19:15:00";"2020.05.19 09:58:00";"30.0";"2291.88";"9248.70020";"9413.70020";"-67831.80";"0.00";"IST";"PT";"14h 43m";"-183.12"
"644";"USTEC_ICM_UTC2";"Buy";"9398.2";"9315.7";"2020.05.19 19:15:00";"2020.05.19 22:52:00";"30.0";"-2475.00";"9315.70020";"9480.70020";"-70306.80";"0.00";"IST";"SL";"3h 37m";"-0.00"
"645";"USTEC_ICM_UTC2";"Buy";"9446.2";"9363.7";"2020.05.20 21:30:00";"2020.05.21 18:23:00";"30.0";"-2658.12";"9363.70020";"9528.70020";"-72964.91";"0.00";"IST";"SL";"20h 53m";"-183.12"
"646";"USTEC_ICM_UTC2";"Buy";"9423.6";"9341.1";"2020.05.21 19:30:00";"2020.05.22 05:11:00";"30.0";"-2658.12";"9341.09961";"9506.09961";"-75623.03";"0.00";"IST";"SL";"9h 41m";"-183.12"
"647";"USTEC_ICM_UTC2";"Buy";"9354.8";"9406.7";"2020.05.22 18:30:00";"2020.05.22 22:55:00";"30.0";"1557.00";"9272.29980";"9437.29980";"-74066.03";"0.00";"IST";"End Of Friday (Time)";"4h 25m";"-0.00"
"648";"USTEC_ICM_UTC2";"Buy";"9496.1";"9413.6";"2020.05.26 18:15:00";"2020.05.26 22:34:00";"30.0";"-2475.00";"9413.59961";"9578.59961";"-76541.03";"0.00";"IST";"SL";"4h 19m";"-0.00"
"649";"USTEC_ICM_UTC2";"Buy";"9303.6";"9386.1";"2020.05.27 19:15:00";"2020.05.27 21:16:00";"30.0";"2475.00";"9221.09961";"9386.09961";"-74066.03";"0.00";"IST";"PT";"2h 1m";"-0.00"
"650";"USTEC_ICM_UTC2";"Buy";"9477.3";"9559.8";"2020.05.28 17:30:00";"2020.05.28 20:13:00";"30.0";"2475.00";"9394.79980";"9559.79980";"-71591.03";"0.00";"IST";"PT";"2h 43m";"-0.00"
"651";"USTEC_ICM_UTC2";"Buy";"9437.2";"9519.7";"2020.05.29 19:15:00";"2020.05.29 22:00:00";"30.0";"2475.00";"9354.70020";"9519.70020";"-69116.03";"0.00";"IST";"PT";"2h 45m";"-0.00"
"652";"USTEC_ICM_UTC2";"Buy";"9575.9";"9658.4";"2020.06.02 19:45:00";"2020.06.02 22:59:00";"30.0";"2475.00";"9493.40039";"9658.40039";"-66641.03";"0.00";"IST";"PT";"3h 14m";"-0.00"
"653";"USTEC_ICM_UTC2";"Buy";"9673.3";"9590.8";"2020.06.03 18:45:00";"2020.06.04 22:07:00";"30.0";"-2658.12";"9590.79980";"9755.79980";"-69299.16";"0.00";"IST";"SL";"1d 3h 22m";"-183.12"
"654";"USTEC_ICM_UTC2";"Buy";"9769.0";"9811.6";"2020.06.05 17:45:00";"2020.06.05 22:55:00";"30.0";"1278.00";"9686.50000";"9851.50000";"-68021.16";"0.00";"IST";"End Of Friday (Time)";"5h 10m";"-0.00"
"655";"USTEC_ICM_UTC2";"Buy";"9797.7";"9880.2";"2020.06.08 19:15:00";"2020.06.08 22:40:00";"30.0";"2475.00";"9715.20020";"9880.20020";"-65546.16";"0.00";"IST";"PT";"3h 25m";"-0.00"
"656";"USTEC_ICM_UTC2";"Buy";"9951.2";"10033.7";"2020.06.09 19:00:00";"2020.06.10 14:58:00";"30.0";"2291.88";"9868.70020";"10033.70020";"-63254.27";"0.00";"IST";"PT";"19h 58m";"-183.12"
"657";"USTEC_ICM_UTC2";"Buy";"10060.7";"10143.2";"2020.06.10 16:45:00";"2020.06.10 21:20:00";"30.0";"2475.00";"9978.20020";"10143.20020";"-60779.27";"0.00";"IST";"PT";"4h 35m";"-0.00"
"658";"USTEC_ICM_UTC2";"Buy";"9964.7";"9882.2";"2020.06.11 17:15:00";"2020.06.11 18:00:00";"30.0";"-2475.00";"9882.20020";"10047.20020";"-63254.27";"0.00";"IST";"SL";"45m 0s";"-0.00"
"659";"USTEC_ICM_UTC2";"Buy";"9672.5";"9590.0";"2020.06.12 20:00:00";"2020.06.12 20:32:00";"30.0";"-2475.00";"9590.00000";"9755.00000";"-65729.27";"0.00";"IST";"SL";"32m 0s";"-0.00"
"660";"USTEC_ICM_UTC2";"Buy";"9626.2";"9708.7";"2020.06.15 19:00:00";"2020.06.15 20:17:00";"30.0";"2475.00";"9543.70020";"9708.70020";"-63254.27";"0.00";"IST";"PT";"1h 17m";"-0.00"
"661";"USTEC_ICM_UTC2";"Buy";"9973.2";"9890.7";"2020.06.16 19:45:00";"2020.06.16 22:17:00";"30.0";"-2475.00";"9890.70020";"10055.70020";"-65729.27";"0.00";"IST";"SL";"2h 32m";"-0.00"
"662";"USTEC_ICM_UTC2";"Buy";"9972.3";"10054.8";"2020.06.18 19:15:00";"2020.06.19 09:22:00";"30.0";"2291.88";"9889.79980";"10054.79980";"-63437.39";"0.00";"IST";"PT";"14h 7m";"-183.12"
"663";"USTEC_ICM_UTC2";"Buy";"9999.6";"10017.9";"2020.06.19 20:45:00";"2020.06.19 22:55:00";"30.0";"549.03";"9917.09961";"10082.09961";"-62888.36";"0.00";"IST";"End Of Friday (Time)";"2h 10m";"-0.00"
"664";"USTEC_ICM_UTC2";"Buy";"10275.9";"10193.4";"2020.06.23 20:00:00";"2020.06.23 22:50:00";"30.0";"-2475.00";"10193.40039";"10358.40039";"-65363.36";"0.00";"IST";"SL";"2h 50m";"-0.00"
"665";"USTEC_ICM_UTC2";"Buy";"10001.2";"9918.7";"2020.06.24 21:00:00";"2020.06.25 10:16:00";"30.0";"-2658.12";"9918.70020";"10083.70020";"-68021.48";"0.00";"IST";"SL";"13h 16m";"-183.12"
"666";"USTEC_ICM_UTC2";"Buy";"10028.3";"10110.8";"2020.06.25 19:15:00";"2020.06.25 23:04:00";"30.0";"2475.00";"9945.79980";"10110.79980";"-65546.48";"0.00";"IST";"PT";"3h 49m";"-0.00"
"667";"USTEC_ICM_UTC2";"Buy";"9983.8";"9901.3";"2020.06.26 19:00:00";"2020.06.26 19:20:00";"30.0";"-2475.00";"9901.29980";"10066.29980";"-68021.48";"0.00";"IST";"SL";"20m 0s";"-0.00"
"668";"USTEC_ICM_UTC2";"Buy";"9905.5";"9995.2";"2020.06.29 18:45:00";"2020.06.30 01:00:00";"30.0";"2506.68";"9823.00000";"9988.00000";"-65514.80";"0.00";"IST";"PT";"6h 15m";"-183.12"
"669";"USTEC_ICM_UTC2";"Buy";"10066.2";"10148.7";"2020.06.30 20:15:00";"2020.06.30 22:50:00";"30.0";"2475.00";"9983.70020";"10148.70020";"-63039.80";"0.00";"IST";"PT";"2h 35m";"-0.00"
"670";"USTEC_ICM_UTC2";"Buy";"10162.1";"10244.6";"2020.07.01 17:00:00";"2020.07.01 18:14:00";"30.0";"2475.00";"10079.59961";"10244.59961";"-60564.80";"0.00";"IST";"PT";"1h 14m";"-0.00"
"671";"USTEC_ICM_UTC2";"Buy";"10400.0";"10482.5";"2020.07.02 19:45:00";"2020.07.06 04:50:00";"30.0";"1742.52";"10317.50000";"10482.50000";"-58822.29";"0.00";"IST";"PT";"3d 9h 5m";"-732.48"
"672";"USTEC_ICM_UTC2";"Buy";"10592.8";"10675.3";"2020.07.06 19:15:00";"2020.07.07 17:20:00";"30.0";"2291.88";"10510.29980";"10675.29980";"-56530.41";"0.00";"IST";"PT";"22h 5m";"-183.12"
"673";"USTEC_ICM_UTC2";"Buy";"10637.7";"10555.2";"2020.07.07 19:15:00";"2020.07.07 22:50:00";"30.0";"-2475.00";"10555.20020";"10720.20020";"-59005.41";"0.00";"IST";"SL";"3h 35m";"-0.00"
"674";"USTEC_ICM_UTC2";"Buy";"10639.0";"10721.5";"2020.07.08 20:00:00";"2020.07.09 12:46:00";"30.0";"2291.88";"10556.50000";"10721.50000";"-56713.52";"0.00";"IST";"PT";"16h 46m";"-183.12"
"675";"USTEC_ICM_UTC2";"Buy";"10669.6";"10752.1";"2020.07.09 19:30:00";"2020.07.09 21:56:00";"30.0";"2475.00";"10587.09961";"10752.09961";"-54238.52";"0.00";"IST";"PT";"2h 26m";"-0.00"
"676";"USTEC_ICM_UTC2";"Buy";"10737.6";"10820.1";"2020.07.10 18:30:00";"2020.07.10 22:28:00";"30.0";"2475.00";"10655.09961";"10820.09961";"-51763.52";"0.00";"IST";"PT";"3h 58m";"-0.00"
"677";"USTEC_ICM_UTC2";"Buy";"11047.1";"10964.6";"2020.07.13 19:00:00";"2020.07.13 20:57:00";"30.0";"-2475.00";"10964.59961";"11129.59961";"-54238.52";"0.00";"IST";"SL";"1h 57m";"-0.00"
"678";"USTEC_ICM_UTC2";"Buy";"10482.3";"10564.8";"2020.07.14 17:30:00";"2020.07.14 17:49:00";"30.0";"2475.00";"10399.79980";"10564.79980";"-51763.52";"0.00";"IST";"PT";"19m 0s";"-0.00"
"679";"USTEC_ICM_UTC2";"Buy";"10663.3";"10580.8";"2020.07.15 20:15:00";"2020.07.16 10:31:00";"30.0";"-2658.12";"10580.79980";"10745.79980";"-54421.64";"0.00";"IST";"SL";"14h 16m";"-183.12"
"680";"USTEC_ICM_UTC2";"Buy";"10526.1";"10608.6";"2020.07.16 18:30:00";"2020.07.16 20:12:00";"30.0";"2475.00";"10443.59961";"10608.59961";"-51946.64";"0.00";"IST";"PT";"1h 42m";"-0.00"
"681";"USTEC_ICM_UTC2";"Buy";"10623.1";"10637.3";"2020.07.17 20:00:00";"2020.07.17 22:55:00";"30.0";"426.00";"10540.59961";"10705.59961";"-51520.64";"0.00";"IST";"End Of Friday (Time)";"2h 55m";"-0.00"
"682";"USTEC_ICM_UTC2";"Buy";"10842.1";"10924.6";"2020.07.20 19:45:00";"2020.07.20 22:17:00";"30.0";"2475.00";"10759.59961";"10924.59961";"-49045.64";"0.00";"IST";"PT";"2h 32m";"-0.00"
"683";"USTEC_ICM_UTC2";"Buy";"10856.6";"10939.1";"2020.07.21 20:15:00";"2020.07.21 21:09:00";"30.0";"2475.00";"10774.09961";"10939.09961";"-46570.64";"0.00";"IST";"PT";"54m 0s";"-0.00"
"684";"USTEC_ICM_UTC2";"Buy";"10862.5";"10945.0";"2020.07.22 19:30:00";"2020.07.23 09:47:00";"30.0";"2291.88";"10780.00000";"10945.00000";"-44278.77";"0.00";"IST";"PT";"14h 17m";"-183.12"
"685";"USTEC_ICM_UTC2";"Buy";"10826.6";"10744.1";"2020.07.23 18:45:00";"2020.07.23 19:10:00";"30.0";"-2475.00";"10744.09961";"10909.09961";"-46753.77";"0.00";"IST";"SL";"25m 0s";"-0.00"
"686";"USTEC_ICM_UTC2";"Buy";"10508.3";"10425.8";"2020.07.24 18:15:00";"2020.07.24 20:08:00";"30.0";"-2475.00";"10425.79980";"10590.79980";"-49228.77";"0.00";"IST";"SL";"1h 53m";"-0.00"
"687";"USTEC_ICM_UTC2";"Buy";"10603.4";"10685.9";"2020.07.27 20:00:00";"2020.07.27 22:26:00";"30.0";"2475.00";"10520.90039";"10685.90039";"-46753.77";"0.00";"IST";"PT";"2h 26m";"-0.00"
"688";"USTEC_ICM_UTC2";"Buy";"10649.2";"10566.7";"2020.07.28 18:45:00";"2020.07.28 22:15:00";"30.0";"-2475.00";"10566.70020";"10731.70020";"-49228.77";"0.00";"IST";"SL";"3h 30m";"-0.00"
"689";"USTEC_ICM_UTC2";"Buy";"10638.4";"10555.9";"2020.07.29 20:30:00";"2020.07.30 11:55:00";"30.0";"-2658.12";"10555.90039";"10720.90039";"-51886.89";"0.00";"IST";"SL";"15h 25m";"-183.12"
"690";"USTEC_ICM_UTC2";"Buy";"10578.9";"10661.4";"2020.07.30 16:30:00";"2020.07.30 18:43:00";"30.0";"2475.00";"10496.40039";"10661.40039";"-49411.89";"0.00";"IST";"PT";"2h 13m";"-0.00"
"691";"USTEC_ICM_UTC2";"Buy";"10825.6";"10743.1";"2020.07.31 18:30:00";"2020.07.31 19:34:00";"30.0";"-2475.00";"10743.09961";"10908.09961";"-51886.89";"0.00";"IST";"SL";"1h 4m";"-0.00"
"692";"USTEC_ICM_UTC2";"Buy";"11062.3";"11144.8";"2020.08.04 20:30:00";"2020.08.05 10:11:00";"30.0";"2291.88";"10979.79980";"11144.79980";"-49595.00";"0.00";"IST";"PT";"13h 41m";"-183.12"
"693";"USTEC_ICM_UTC2";"Buy";"11105.1";"11187.6";"2020.08.05 19:00:00";"2020.08.06 20:21:00";"30.0";"2291.88";"11022.59961";"11187.59961";"-47303.13";"0.00";"IST";"PT";"1d 1h 21m";"-183.12"
"694";"USTEC_ICM_UTC2";"Buy";"11187.2";"11269.7";"2020.08.06 20:45:00";"2020.08.06 22:15:00";"30.0";"2475.00";"11104.70020";"11269.70020";"-44828.13";"0.00";"IST";"PT";"1h 30m";"-0.00"
"695";"USTEC_ICM_UTC2";"Buy";"11241.3";"11158.8";"2020.08.07 17:45:00";"2020.08.07 19:52:00";"30.0";"-2475.00";"11158.79980";"11323.79980";"-47303.13";"0.00";"IST";"SL";"2h 7m";"-0.00"
"696";"USTEC_ICM_UTC2";"Buy";"11084.3";"11001.8";"2020.08.10 20:00:00";"2020.08.11 15:48:00";"30.0";"-2658.12";"11001.79980";"11166.79980";"-49961.25";"0.00";"IST";"SL";"19h 48m";"-183.12"
"697";"USTEC_ICM_UTC2";"Buy";"11026.9";"10944.4";"2020.08.11 17:45:00";"2020.08.11 22:17:00";"30.0";"-2475.00";"10944.40039";"11109.40039";"-52436.25";"0.00";"IST";"SL";"4h 32m";"-0.00"
"698";"USTEC_ICM_UTC2";"Buy";"11161.6";"11244.1";"2020.08.12 19:15:00";"2020.08.13 17:34:00";"30.0";"2291.88";"11079.09961";"11244.09961";"-50144.37";"0.00";"IST";"PT";"22h 19m";"-183.12"
"699";"USTEC_ICM_UTC2";"Buy";"11240.5";"11158.0";"2020.08.13 19:00:00";"2020.08.13 21:23:00";"30.0";"-2475.00";"11158.00000";"11323.00000";"-52619.37";"0.00";"IST";"SL";"2h 23m";"-0.00"
"700";"USTEC_ICM_UTC2";"Buy";"11153.4";"11166.2";"2020.08.14 18:45:00";"2020.08.14 22:55:00";"30.0";"384.00";"11070.90039";"11235.90039";"-52235.37";"0.00";"IST";"End Of Friday (Time)";"4h 10m";"-0.00"
"701";"USTEC_ICM_UTC2";"Buy";"11278.8";"11361.3";"2020.08.17 20:00:00";"2020.08.18 16:37:00";"30.0";"2291.88";"11196.29980";"11361.29980";"-49943.48";"0.00";"IST";"PT";"20h 37m";"-183.12"
"702";"USTEC_ICM_UTC2";"Buy";"11361.9";"11279.4";"2020.08.18 19:00:00";"2020.08.20 04:14:00";"30.0";"-2841.24";"11279.40039";"11444.40039";"-52784.73";"0.00";"IST";"SL";"1d 9h 14m";"-366.24"
"703";"USTEC_ICM_UTC2";"Buy";"11371.3";"11453.8";"2020.08.20 17:45:00";"2020.08.20 21:35:00";"30.0";"2475.00";"11288.79980";"11453.79980";"-50309.73";"0.00";"IST";"PT";"3h 50m";"-0.00"
"704";"USTEC_ICM_UTC2";"Buy";"11479.8";"11562.3";"2020.08.21 17:15:00";"2020.08.21 21:56:00";"30.0";"2475.00";"11397.29980";"11562.29980";"-47834.73";"0.00";"IST";"PT";"4h 41m";"-0.00"
"705";"USTEC_ICM_UTC2";"Buy";"11609.5";"11692.0";"2020.08.24 20:00:00";"2020.08.25 05:17:00";"30.0";"2291.88";"11527.00000";"11692.00000";"-45542.85";"0.00";"IST";"PT";"9h 17m";"-183.12"
"706";"USTEC_ICM_UTC2";"Buy";"11685.8";"11768.3";"2020.08.25 18:15:00";"2020.08.26 11:41:00";"30.0";"2291.88";"11603.29980";"11768.29980";"-43250.96";"0.00";"IST";"PT";"17h 26m";"-183.12"
"707";"USTEC_ICM_UTC2";"Buy";"11895.1";"11977.6";"2020.08.26 19:00:00";"2020.08.26 22:57:00";"30.0";"2475.00";"11812.59961";"11977.59961";"-40775.96";"0.00";"IST";"PT";"3h 57m";"-0.00"
"708";"USTEC_ICM_UTC2";"Buy";"12006.9";"11924.4";"2020.08.27 18:30:00";"2020.08.27 19:38:00";"30.0";"-2475.00";"11924.40039";"12089.40039";"-43250.96";"0.00";"IST";"SL";"1h 8m";"-0.00"
"709";"USTEC_ICM_UTC2";"Buy";"11994.2";"11988.1";"2020.08.28 19:15:00";"2020.08.28 22:55:00";"30.0";"-183.03";"11911.70020";"12076.70020";"-43434.00";"0.00";"IST";"End Of Friday (Time)";"3h 40m";"-0.00"
"710";"USTEC_ICM_UTC2";"Buy";"12069.4";"12151.9";"2020.08.31 19:00:00";"2020.08.31 21:52:00";"30.0";"2475.00";"11986.90039";"12151.90039";"-40959.00";"0.00";"IST";"PT";"2h 52m";"-0.00"
"711";"USTEC_ICM_UTC2";"Buy";"12251.7";"12334.2";"2020.09.01 18:15:00";"2020.09.02 02:22:00";"30.0";"2291.88";"12169.20020";"12334.20020";"-38667.12";"0.00";"IST";"PT";"8h 7m";"-183.12"
"712";"USTEC_ICM_UTC2";"Buy";"12379.7";"12297.2";"2020.09.02 21:30:00";"2020.09.03 12:59:00";"30.0";"-2658.12";"12297.20020";"12462.20020";"-41325.24";"0.00";"IST";"SL";"15h 29m";"-183.12"
"713";"USTEC_ICM_UTC2";"Buy";"11984.6";"11902.1";"2020.09.03 18:00:00";"2020.09.03 18:06:00";"30.0";"-2475.00";"11902.09961";"12067.09961";"-43800.24";"0.00";"IST";"SL";"6m 0s";"-0.00"
"714";"USTEC_ICM_UTC2";"Buy";"11360.9";"11278.4";"2020.09.04 17:30:00";"2020.09.04 17:36:00";"30.0";"-2475.00";"11278.40039";"11443.40039";"-46275.24";"0.00";"IST";"SL";"6m 0s";"-0.00"
"715";"USTEC_ICM_UTC2";"Buy";"11316.7";"11234.2";"2020.09.08 18:15:00";"2020.09.08 18:31:00";"30.0";"-2475.00";"11234.20020";"11399.20020";"-48750.24";"0.00";"IST";"SL";"16m 0s";"-0.00"
"716";"USTEC_ICM_UTC2";"Buy";"11372.8";"11455.3";"2020.09.09 18:30:00";"2020.09.09 20:00:00";"30.0";"2475.00";"11290.29980";"11455.29980";"-46275.24";"0.00";"IST";"PT";"1h 30m";"-0.00"
"717";"USTEC_ICM_UTC2";"Buy";"11395.3";"11312.8";"2020.09.10 19:30:00";"2020.09.10 21:08:00";"30.0";"-2475.00";"11312.79980";"11477.79980";"-48750.24";"0.00";"IST";"SL";"1h 38m";"-0.00"
"718";"USTEC_ICM_UTC2";"Buy";"11156.3";"11073.8";"2020.09.11 18:45:00";"2020.09.11 19:37:00";"30.0";"-2475.00";"11073.79980";"11238.79980";"-51225.24";"0.00";"IST";"SL";"52m 0s";"-0.00"
"719";"USTEC_ICM_UTC2";"Buy";"11256.0";"11338.5";"2020.09.14 22:15:00";"2020.09.15 09:06:00";"30.0";"2291.88";"11173.50000";"11338.50000";"-48933.36";"0.00";"IST";"PT";"10h 51m";"-183.12"
"720";"USTEC_ICM_UTC2";"Buy";"11472.8";"11390.3";"2020.09.15 19:30:00";"2020.09.15 22:33:00";"30.0";"-2475.00";"11390.29980";"11555.29980";"-51408.36";"0.00";"IST";"SL";"3h 3m";"-0.00"
"721";"USTEC_ICM_UTC2";"Buy";"11391.1";"11308.6";"2020.09.16 19:30:00";"2020.09.16 22:10:00";"30.0";"-2475.00";"11308.59961";"11473.59961";"-53883.36";"0.00";"IST";"SL";"2h 40m";"-0.00"
"722";"USTEC_ICM_UTC2";"Buy";"11098.8";"11016.3";"2020.09.17 18:00:00";"2020.09.17 18:56:00";"30.0";"-2475.00";"11016.29980";"11181.29980";"-56358.36";"0.00";"IST";"SL";"56m 0s";"-0.00"
"723";"USTEC_ICM_UTC2";"Buy";"10869.8";"10787.3";"2020.09.18 20:00:00";"2020.09.18 20:30:00";"30.0";"-2475.00";"10787.29980";"10952.29980";"-58833.36";"0.00";"IST";"SL";"30m 0s";"-0.00"
"724";"USTEC_ICM_UTC2";"Buy";"10799.3";"10716.8";"2020.09.21 16:45:00";"2020.09.21 17:30:00";"30.0";"-2475.00";"10716.79980";"10881.79980";"-61308.36";"0.00";"IST";"SL";"45m 0s";"-0.00"
"725";"USTEC_ICM_UTC2";"Buy";"11065.3";"11147.8";"2020.09.22 19:30:00";"2020.09.22 21:06:00";"30.0";"2475.00";"10982.79980";"11147.79980";"-58833.36";"0.00";"IST";"PT";"1h 36m";"-0.00"
"726";"USTEC_ICM_UTC2";"Buy";"11054.9";"10972.4";"2020.09.23 18:45:00";"2020.09.23 21:00:00";"30.0";"-2475.00";"10972.40039";"11137.40039";"-61308.36";"0.00";"IST";"SL";"2h 15m";"-0.00"
"727";"USTEC_ICM_UTC2";"Buy";"10911.7";"10994.2";"2020.09.24 18:00:00";"2020.09.24 19:05:00";"30.0";"2475.00";"10829.20020";"10994.20020";"-58833.36";"0.00";"IST";"PT";"1h 5m";"-0.00"
"728";"USTEC_ICM_UTC2";"Buy";"11046.5";"11129.0";"2020.09.25 19:15:00";"2020.09.25 22:00:00";"30.0";"2475.00";"10964.00000";"11129.00000";"-56358.36";"0.00";"IST";"PT";"2h 45m";"-0.00"
"729";"USTEC_ICM_UTC2";"Buy";"11270.7";"11353.2";"2020.09.28 19:15:00";"2020.09.28 22:17:00";"30.0";"2475.00";"11188.20020";"11353.20020";"-53883.36";"0.00";"IST";"PT";"3h 2m";"-0.00"
"730";"USTEC_ICM_UTC2";"Buy";"11332.4";"11414.9";"2020.09.29 19:15:00";"2020.09.30 05:16:00";"30.0";"2291.88";"11249.90039";"11414.90039";"-51591.48";"0.00";"IST";"PT";"10h 1m";"-183.12"
"731";"USTEC_ICM_UTC2";"Buy";"11330.6";"11413.1";"2020.09.30 16:30:00";"2020.09.30 16:57:00";"30.0";"2475.00";"11248.09961";"11413.09961";"-49116.48";"0.00";"IST";"PT";"27m 0s";"-0.00"
"732";"USTEC_ICM_UTC2";"Buy";"11533.0";"11450.5";"2020.10.01 19:30:00";"2020.10.02 08:01:00";"30.0";"-2658.12";"11450.50000";"11615.50000";"-51774.60";"0.00";"IST";"SL";"12h 31m";"-183.12"
"733";"USTEC_ICM_UTC2";"Buy";"11479.3";"11396.8";"2020.10.02 17:30:00";"2020.10.02 18:05:00";"30.0";"-2475.00";"11396.79980";"11561.79980";"-54249.60";"0.00";"IST";"SL";"35m 0s";"-0.00"
"734";"USTEC_ICM_UTC2";"Buy";"11468.8";"11386.3";"2020.10.06 21:00:00";"2020.10.06 21:52:00";"30.0";"-2475.00";"11386.29980";"11551.29980";"-56724.60";"0.00";"IST";"SL";"52m 0s";"-0.00"
"735";"USTEC_ICM_UTC2";"Buy";"11432.5";"11515.0";"2020.10.07 19:30:00";"2020.10.07 21:23:00";"30.0";"2475.00";"11350.00000";"11515.00000";"-54249.60";"0.00";"IST";"PT";"1h 53m";"-0.00"
"736";"USTEC_ICM_UTC2";"Buy";"11565.3";"11647.8";"2020.10.08 20:00:00";"2020.10.09 16:50:00";"30.0";"2291.88";"11482.79980";"11647.79980";"-51957.72";"0.00";"IST";"PT";"20h 50m";"-183.12"
"737";"USTEC_ICM_UTC2";"Buy";"11690.5";"11713.5";"2020.10.09 19:00:00";"2020.10.09 22:55:00";"30.0";"690.00";"11608.00000";"11773.00000";"-51267.72";"0.00";"IST";"End Of Friday (Time)";"3h 55m";"-0.00"
"738";"USTEC_ICM_UTC2";"Buy";"11923.8";"12006.3";"2020.10.12 16:30:00";"2020.10.12 18:10:00";"30.0";"2475.00";"11841.29980";"12006.29980";"-48792.72";"0.00";"IST";"PT";"1h 40m";"-0.00"
"739";"USTEC_ICM_UTC2";"Buy";"12069.1";"12151.6";"2020.10.13 17:15:00";"2020.10.13 18:15:00";"30.0";"2475.00";"11986.59961";"12151.59961";"-46317.72";"0.00";"IST";"PT";"1h 0m";"-0.00"
"740";"USTEC_ICM_UTC2";"Buy";"11980.2";"11897.7";"2020.10.14 19:00:00";"2020.10.15 04:23:00";"30.0";"-2658.12";"11897.70020";"12062.70020";"-48975.84";"0.00";"IST";"SL";"9h 23m";"-183.12"
"741";"USTEC_ICM_UTC2";"Buy";"11770.5";"11853.0";"2020.10.15 17:45:00";"2020.10.15 18:19:00";"30.0";"2475.00";"11688.00000";"11853.00000";"-46500.84";"0.00";"IST";"PT";"34m 0s";"-0.00"
"742";"USTEC_ICM_UTC2";"Buy";"11899.7";"11857.2";"2020.10.16 19:45:00";"2020.10.16 22:55:00";"30.0";"-1275.00";"11817.20020";"11982.20020";"-47775.84";"0.00";"IST";"End Of Friday (Time)";"3h 10m";"-0.00"
"743";"USTEC_ICM_UTC2";"Buy";"11796.5";"11714.0";"2020.10.19 19:00:00";"2020.10.19 21:37:00";"30.0";"-2475.00";"11714.00000";"11879.00000";"-50250.84";"0.00";"IST";"SL";"2h 37m";"-0.00"
"744";"USTEC_ICM_UTC2";"Buy";"11700.8";"11783.3";"2020.10.20 19:15:00";"2020.10.20 20:31:00";"30.0";"2475.00";"11618.29980";"11783.29980";"-47775.84";"0.00";"IST";"PT";"1h 16m";"-0.00"
"745";"USTEC_ICM_UTC2";"Buy";"11708.7";"11626.2";"2020.10.21 19:30:00";"2020.10.22 02:38:00";"30.0";"-2658.12";"11626.20020";"11791.20020";"-50433.96";"0.00";"IST";"SL";"7h 8m";"-183.12"
"746";"USTEC_ICM_UTC2";"Buy";"11590.3";"11672.8";"2020.10.22 19:15:00";"2020.10.22 20:53:00";"30.0";"2475.00";"11507.79980";"11672.79980";"-47958.96";"0.00";"IST";"PT";"1h 38m";"-0.00"
"747";"USTEC_ICM_UTC2";"Buy";"11607.6";"11683.9";"2020.10.23 20:00:00";"2020.10.23 22:55:00";"30.0";"2289.03";"11525.09961";"11690.09961";"-45669.93";"0.00";"IST";"End Of Friday (Time)";"2h 55m";"-0.00"
"748";"USTEC_ICM_UTC2";"Buy";"11459.3";"11376.8";"2020.10.26 18:45:00";"2020.10.26 19:30:00";"30.0";"-2475.00";"11376.79980";"11541.79980";"-48144.93";"0.00";"IST";"SL";"45m 0s";"-0.00"
"749";"USTEC_ICM_UTC2";"Buy";"11614.3";"11531.8";"2020.10.27 18:00:00";"2020.10.28 00:11:00";"30.0";"-2658.12";"11531.79980";"11696.79980";"-50803.05";"0.00";"IST";"SL";"6h 11m";"-183.12"
"750";"USTEC_ICM_UTC2";"Buy";"11256.2";"11173.7";"2020.10.28 18:00:00";"2020.10.28 21:54:00";"30.0";"-2475.00";"11173.70020";"11338.70020";"-53278.05";"0.00";"IST";"SL";"3h 54m";"-0.00"
"751";"USTEC_ICM_UTC2";"Buy";"11298.5";"11381.0";"2020.10.29 17:00:00";"2020.10.29 19:30:00";"30.0";"2475.00";"11216.00000";"11381.00000";"-50803.05";"0.00";"IST";"PT";"2h 30m";"-0.00"
"752";"USTEC_ICM_UTC2";"Buy";"11020.4";"11102.9";"2020.10.30 18:00:00";"2020.10.30 18:26:00";"30.0";"2475.00";"10937.90039";"11102.90039";"-48328.05";"0.00";"IST";"PT";"26m 0s";"-0.00"
"753";"USTEC_ICM_UTC2";"Buy";"11032.3";"11114.8";"2020.11.02 19:45:00";"2020.11.03 02:26:00";"30.0";"2291.88";"10949.79980";"11114.79980";"-46036.17";"0.00";"IST";"PT";"6h 41m";"-183.12"
"754";"USTEC_ICM_UTC2";"Buy";"11303.9";"11386.4";"2020.11.03 20:15:00";"2020.11.04 03:52:00";"30.0";"2291.88";"11221.40039";"11386.40039";"-43744.29";"0.00";"IST";"PT";"7h 37m";"-183.12"
"755";"USTEC_ICM_UTC2";"Buy";"11743.4";"11825.9";"2020.11.04 18:15:00";"2020.11.04 19:19:00";"30.0";"2475.00";"11660.90039";"11825.90039";"-41269.29";"0.00";"IST";"PT";"1h 4m";"-0.00"
"756";"USTEC_ICM_UTC2";"Buy";"12068.9";"12103.3";"2020.11.06 20:00:00";"2020.11.06 22:55:00";"30.0";"1031.97";"11986.40039";"12151.40039";"-40237.32";"0.00";"IST";"End Of Friday (Time)";"2h 55m";"-0.00"
"757";"USTEC_ICM_UTC2";"Buy";"12194.7";"12112.2";"2020.11.09 16:30:00";"2020.11.09 16:34:00";"30.0";"-2475.00";"12112.20020";"12277.20020";"-42712.32";"0.00";"IST";"SL";"4m 0s";"-0.00"
"758";"USTEC_ICM_UTC2";"Buy";"11697.0";"11614.5";"2020.11.10 19:30:00";"2020.11.10 20:31:00";"30.0";"-2475.00";"11614.50000";"11779.50000";"-45187.32";"0.00";"IST";"SL";"1h 1m";"-0.00"
"759";"USTEC_ICM_UTC2";"Buy";"11843.7";"11926.2";"2020.11.12 20:00:00";"2020.11.13 11:47:00";"30.0";"2291.88";"11761.20020";"11926.20020";"-42895.44";"0.00";"IST";"PT";"15h 47m";"-183.12"
"760";"USTEC_ICM_UTC2";"Buy";"11904.4";"11932.3";"2020.11.13 20:00:00";"2020.11.13 22:55:00";"30.0";"836.97";"11821.90039";"11986.90039";"-42058.47";"0.00";"IST";"End Of Friday (Time)";"2h 55m";"-0.00"
"761";"USTEC_ICM_UTC2";"Buy";"12003.8";"12086.3";"2020.11.16 17:30:00";"2020.11.17 01:00:00";"30.0";"2291.88";"11921.29980";"12086.29980";"-39766.59";"0.00";"IST";"PT";"7h 30m";"-183.12"
"762";"USTEC_ICM_UTC2";"Buy";"12040.0";"11957.5";"2020.11.17 20:15:00";"2020.11.18 02:09:00";"30.0";"-2658.12";"11957.50000";"12122.50000";"-42424.71";"0.00";"IST";"SL";"5h 54m";"-183.12"
"763";"USTEC_ICM_UTC2";"Buy";"11966.8";"11884.3";"2020.11.18 18:45:00";"2020.11.18 23:05:00";"30.0";"-2475.00";"11884.29980";"12049.29980";"-44899.71";"0.00";"IST";"SL";"4h 20m";"-0.00"
"764";"USTEC_ICM_UTC2";"Buy";"11946.5";"11918.2";"2020.11.19 18:45:00";"2020.11.20 22:55:00";"30.0";"-1032.12";"11864.00000";"12029.00000";"-45931.83";"0.00";"IST";"End Of Friday (Time)";"1d 4h 10m";"-183.12"
"765";"USTEC_ICM_UTC2";"Buy";"11837.9";"11920.4";"2020.11.23 18:45:00";"2020.11.23 21:54:00";"30.0";"2475.00";"11755.40039";"11920.40039";"-43456.83";"0.00";"IST";"PT";"3h 9m";"-0.00"
"766";"USTEC_ICM_UTC2";"Buy";"12016.5";"12099.0";"2020.11.24 19:15:00";"2020.11.25 01:00:00";"30.0";"2291.88";"11934.00000";"12099.00000";"-41164.95";"0.00";"IST";"PT";"5h 45m";"-183.12"
"767";"USTEC_ICM_UTC2";"Buy";"12102.1";"12184.6";"2020.11.25 19:00:00";"2020.11.26 01:13:00";"30.0";"2291.88";"12019.59961";"12184.59961";"-38873.07";"0.00";"IST";"PT";"6h 13m";"-183.12"
"768";"USTEC_ICM_UTC2";"Buy";"12289.0";"12206.5";"2020.11.27 18:30:00";"2020.11.30 08:19:00";"30.0";"-3024.36";"12206.50000";"12371.50000";"-41897.43";"0.00";"IST";"SL";"2d 13h 49m";"-549.36"
"769";"USTEC_ICM_UTC2";"Buy";"12241.1";"12158.6";"2020.11.30 17:15:00";"2020.11.30 17:38:00";"30.0";"-2475.00";"12158.59961";"12323.59961";"-44372.43";"0.00";"IST";"SL";"23m 0s";"-0.00"
"770";"USTEC_ICM_UTC2";"Buy";"12478.0";"12395.5";"2020.12.01 19:30:00";"2020.12.02 14:45:00";"30.0";"-2658.12";"12395.50000";"12560.50000";"-47030.55";"0.00";"IST";"SL";"19h 15m";"-183.12"
"771";"USTEC_ICM_UTC2";"Buy";"12438.5";"12521.0";"2020.12.02 18:30:00";"2020.12.03 17:08:00";"30.0";"2291.88";"12356.00000";"12521.00000";"-44738.67";"0.00";"IST";"PT";"22h 38m";"-183.12"
"772";"USTEC_ICM_UTC2";"Buy";"12492.6";"12516.1";"2020.12.03 19:30:00";"2020.12.04 22:55:00";"30.0";"521.88";"12410.09961";"12575.09961";"-44216.79";"0.00";"IST";"End Of Friday (Time)";"1d 3h 25m";"-183.12"
"773";"USTEC_ICM_UTC2";"Buy";"12592.3";"12509.8";"2020.12.07 19:00:00";"2020.12.08 17:21:00";"30.0";"-2658.12";"12509.79980";"12674.79980";"-46874.91";"0.00";"IST";"SL";"22h 21m";"-183.12"
"774";"USTEC_ICM_UTC2";"Buy";"12563.3";"12645.8";"2020.12.08 18:45:00";"2020.12.08 21:26:00";"30.0";"2475.00";"12480.79980";"12645.79980";"-44399.91";"0.00";"IST";"PT";"2h 41m";"-0.00"
"775";"USTEC_ICM_UTC2";"Buy";"12340.8";"12258.3";"2020.12.09 21:00:00";"2020.12.10 15:54:00";"30.0";"-2658.12";"12258.29980";"12423.29980";"-47058.03";"0.00";"IST";"SL";"18h 54m";"-183.12"
"776";"USTEC_ICM_UTC2";"Buy";"12424.9";"12342.4";"2020.12.10 18:15:00";"2020.12.11 10:18:00";"30.0";"-2658.12";"12342.40039";"12507.40039";"-49716.15";"0.00";"IST";"SL";"16h 3m";"-183.12"
"777";"USTEC_ICM_UTC2";"Buy";"12274.5";"12357.0";"2020.12.11 20:00:00";"2020.12.11 21:40:00";"30.0";"2475.00";"12192.00000";"12357.00000";"-47241.15";"0.00";"IST";"PT";"1h 40m";"-0.00"
"778";"USTEC_ICM_UTC2";"Buy";"12527.0";"12444.5";"2020.12.14 19:15:00";"2020.12.15 04:22:00";"30.0";"-2658.12";"12444.50000";"12609.50000";"-49899.27";"0.00";"IST";"SL";"9h 7m";"-183.12"
"779";"USTEC_ICM_UTC2";"Buy";"12521.8";"12604.3";"2020.12.15 19:30:00";"2020.12.15 23:05:00";"30.0";"2475.00";"12439.29980";"12604.29980";"-47424.27";"0.00";"IST";"PT";"3h 35m";"-0.00"
"780";"USTEC_ICM_UTC2";"Buy";"12630.8";"12713.3";"2020.12.16 18:30:00";"2020.12.17 09:04:00";"30.0";"2291.88";"12548.29980";"12713.29980";"-45132.39";"0.00";"IST";"PT";"14h 34m";"-183.12"
"781";"USTEC_ICM_UTC2";"Buy";"12709.1";"12626.6";"2020.12.17 19:15:00";"2020.12.18 22:26:00";"30.0";"-2658.12";"12626.59961";"12791.59961";"-47790.51";"0.00";"IST";"SL";"1d 3h 11m";"-183.12"
"782";"USTEC_ICM_UTC2";"Buy";"12636.6";"12688.8";"2020.12.18 22:30:00";"2020.12.18 22:55:00";"30.0";"1566.00";"12554.09961";"12719.09961";"-46224.51";"0.00";"IST";"End Of Friday (Time)";"25m 0s";"-0.00"
"783";"USTEC_ICM_UTC2";"Buy";"12581.7";"12499.2";"2020.12.21 16:30:00";"2020.12.21 17:14:00";"30.0";"-2475.00";"12499.20020";"12664.20020";"-48699.51";"0.00";"IST";"SL";"44m 0s";"-0.00"
"784";"USTEC_ICM_UTC2";"Buy";"12701.1";"12783.6";"2020.12.22 20:30:00";"2020.12.28 05:25:00";"30.0";"1376.28";"12618.59961";"12783.59961";"-47323.23";"0.00";"IST";"PT";"5d 8h 55m";"-1098.72"
"785";"USTEC_ICM_UTC2";"Buy";"12825.3";"12907.8";"2020.12.28 19:00:00";"2020.12.29 16:30:00";"30.0";"2291.88";"12742.79980";"12907.79980";"-45031.35";"0.00";"IST";"PT";"21h 30m";"-183.12"
"786";"USTEC_ICM_UTC2";"Buy";"12872.5";"12883.9";"2020.12.29 18:45:00";"2020.12.31 23:14:00";"30.0";"341.97";"12790.00000";"12955.00000";"-44689.38";"0.00";"IST";"EndTest";"2d 4h 29m";"-0.00"
