"Ticket";"Symbol";"Type";"Open price";"Close price";"Open time";"Close time";"Size";"Profit/Loss";"Stop Loss price level";"Profit Target price level";"Balance";"Slippage ($)";"Sample type";"Close type";"Time in trade";"Comm/Swap"
"1";"USTEC_ICM_UTC2";"Buy";"4192.0";"4109.5";"2015.01.05 17:15:00";"2015.01.06 19:03:00";"30.0";"-2658.12";"4109.50000";"4274.50000";"47341.88";"0.00";"IST";"SL";"1d 1h 48m";"-183.12"
"2";"USTEC_ICM_UTC2";"Buy";"4114.8";"4197.3";"2015.01.06 19:45:00";"2015.01.08 03:48:00";"30.0";"2108.76";"4032.30005";"4197.29980";"49450.64";"0.00";"IST";"PT";"1d 8h 3m";"-366.24"
"3";"USTEC_ICM_UTC2";"Buy";"4209.9";"4216.9";"2015.01.08 16:45:00";"2015.01.09 22:55:00";"30.0";"26.88";"4127.39990";"4292.39990";"49477.52";"0.00";"IST";"End Of Friday (Time)";"1d 6h 10m";"-183.12"
"4";"USTEC_ICM_UTC2";"Buy";"4194.0";"4111.5";"2015.01.12 16:45:00";"2015.01.14 15:36:00";"30.0";"-2841.24";"4111.50000";"4276.50000";"46636.28";"0.00";"IST";"SL";"1d 22h 51m";"-366.24"
"5";"USTEC_ICM_UTC2";"Buy";"4145.9";"4063.4";"2015.01.14 16:45:00";"2015.01.16 02:15:00";"30.0";"-2841.24";"4063.39990";"4228.39990";"43795.04";"0.00";"IST";"SL";"1d 9h 30m";"-366.24"
"6";"USTEC_ICM_UTC2";"Buy";"4122.1";"4141.0";"2015.01.16 22:00:00";"2015.01.16 22:55:00";"30.0";"567.00";"4039.60010";"4204.60010";"44362.04";"0.00";"IST";"End Of Friday (Time)";"55m 0s";"-0.00"
"7";"USTEC_ICM_UTC2";"Buy";"4133.5";"4216.0";"2015.01.19 19:30:00";"2015.01.22 15:40:00";"30.0";"1925.64";"4051.00000";"4216.00000";"46287.68";"0.00";"IST";"PT";"2d 20h 10m";"-549.36"
"8";"USTEC_ICM_UTC2";"Buy";"4241.1";"4273.9";"2015.01.22 21:30:00";"2015.01.23 22:55:00";"30.0";"800.88";"4158.60010";"4323.60010";"47088.56";"0.00";"IST";"End Of Friday (Time)";"1d 1h 25m";"-183.12"
"9";"USTEC_ICM_UTC2";"Buy";"4273.5";"4191.0";"2015.01.26 18:00:00";"2015.01.27 16:33:00";"30.0";"-2658.12";"4191.00000";"4356.00000";"44430.44";"0.00";"IST";"SL";"22h 33m";"-183.12"
"10";"USTEC_ICM_UTC2";"Buy";"4190.8";"4108.3";"2015.01.27 16:45:00";"2015.01.29 16:47:00";"30.0";"-2841.24";"4108.29980";"4273.29980";"41589.20";"0.00";"IST";"SL";"2d 0h 2m";"-366.24"
"11";"USTEC_ICM_UTC2";"Buy";"4123.7";"4211.0";"2015.01.29 17:00:00";"2015.01.30 01:00:00";"30.0";"2435.01";"4041.19995";"4206.20020";"44024.21";"0.00";"IST";"PT";"8h 0m";"-183.12"
"12";"USTEC_ICM_UTC2";"Buy";"4202.2";"4149.5";"2015.01.30 16:45:00";"2015.01.30 22:55:00";"30.0";"-1581.00";"4119.70020";"4284.70020";"42443.21";"0.00";"IST";"End Of Friday (Time)";"6h 10m";"-0.00"
"13";"USTEC_ICM_UTC2";"Buy";"4115.0";"4197.5";"2015.02.02 17:00:00";"2015.02.03 10:26:00";"30.0";"2291.88";"4032.50000";"4197.50000";"44735.09";"0.00";"IST";"PT";"17h 26m";"-183.12"
"14";"USTEC_ICM_UTC2";"Buy";"4200.2";"4224.7";"2015.02.03 16:30:00";"2015.02.06 22:55:00";"30.0";"185.64";"4117.70020";"4282.70020";"44920.73";"0.00";"IST";"End Of Friday (Time)";"3d 6h 25m";"-549.36"
"15";"USTEC_ICM_UTC2";"Buy";"4212.9";"4295.4";"2015.02.09 22:15:00";"2015.02.11 16:42:00";"30.0";"2108.76";"4130.39990";"4295.39990";"47029.49";"0.00";"IST";"PT";"1d 18h 27m";"-366.24"
"16";"USTEC_ICM_UTC2";"Buy";"4297.9";"4380.4";"2015.02.11 18:30:00";"2015.02.13 22:50:00";"30.0";"2108.76";"4215.39990";"4380.39990";"49138.25";"0.00";"IST";"PT";"2d 4h 20m";"-366.24"
"17";"USTEC_ICM_UTC2";"Buy";"4372.5";"4437.8";"2015.02.16 20:55:00";"2015.02.20 22:55:00";"30.0";"1226.52";"4290.00000";"4455.00000";"50364.77";"0.00";"IST";"End Of Friday (Time)";"4d 2h 0m";"-732.48"
"18";"USTEC_ICM_UTC2";"Buy";"4434.6";"4437.8";"2015.02.23 17:30:00";"2015.02.27 22:55:00";"30.0";"-636.48";"4352.10010";"4517.10010";"49728.29";"0.00";"IST";"End Of Friday (Time)";"4d 5h 25m";"-732.48"
"19";"USTEC_ICM_UTC2";"Buy";"4452.0";"4395.5";"2015.03.02 16:30:00";"2015.03.06 22:55:00";"30.0";"-2427.48";"4369.50000";"4534.50000";"47300.81";"0.00";"IST";"End Of Friday (Time)";"4d 6h 25m";"-732.48"
"20";"USTEC_ICM_UTC2";"Buy";"4400.8";"4318.3";"2015.03.09 17:00:00";"2015.03.11 16:44:00";"30.0";"-2841.24";"4318.29980";"4483.29980";"44459.57";"0.00";"IST";"SL";"1d 23h 44m";"-366.24"
"21";"USTEC_ICM_UTC2";"Buy";"4317.9";"4312.7";"2015.03.11 16:45:00";"2015.03.13 22:55:00";"30.0";"-522.24";"4235.39990";"4400.39990";"43937.33";"0.00";"IST";"End Of Friday (Time)";"2d 6h 10m";"-366.24"
"22";"USTEC_ICM_UTC2";"Buy";"4359.7";"4442.2";"2015.03.16 20:00:00";"2015.03.20 10:03:00";"30.0";"1742.52";"4277.20020";"4442.20020";"45679.85";"0.00";"IST";"PT";"3d 14h 3m";"-732.48"
"23";"USTEC_ICM_UTC2";"Buy";"4466.9";"4454.6";"2015.03.20 17:15:00";"2015.03.20 22:55:00";"30.0";"-369.00";"4384.39990";"4549.39990";"45310.85";"0.00";"IST";"End Of Friday (Time)";"5h 40m";"-0.00"
"24";"USTEC_ICM_UTC2";"Buy";"4457.1";"4374.6";"2015.03.23 19:00:00";"2015.03.25 17:40:00";"30.0";"-2841.24";"4374.60010";"4539.60010";"42469.61";"0.00";"IST";"SL";"1d 22h 40m";"-366.24"
"25";"USTEC_ICM_UTC2";"Buy";"4372.5";"4290.0";"2015.03.25 17:45:00";"2015.03.26 11:00:00";"30.0";"-2658.12";"4290.00000";"4455.00000";"39811.49";"0.00";"IST";"SL";"17h 15m";"-183.12"
"26";"USTEC_ICM_UTC2";"Buy";"4326.0";"4332.9";"2015.03.26 19:00:00";"2015.03.27 22:55:00";"30.0";"23.88";"4243.50000";"4408.50000";"39835.37";"0.00";"IST";"End Of Friday (Time)";"1d 3h 55m";"-183.12"
"27";"USTEC_ICM_UTC2";"Buy";"4359.5";"4277.0";"2015.03.30 16:30:00";"2015.04.01 03:56:00";"30.0";"-2841.24";"4277.00000";"4442.00000";"36994.13";"0.00";"IST";"SL";"1d 11h 26m";"-366.24"
"28";"USTEC_ICM_UTC2";"Buy";"4290.4";"4372.9";"2015.04.01 17:00:00";"2015.04.07 17:23:00";"30.0";"1376.28";"4207.89990";"4372.89990";"38370.41";"0.00";"IST";"PT";"6d 0h 23m";"-1098.72"
"29";"USTEC_ICM_UTC2";"Buy";"4371.9";"4419.7";"2015.04.07 20:00:00";"2015.04.10 22:55:00";"30.0";"884.64";"4289.39990";"4454.39990";"39255.05";"0.00";"IST";"End Of Friday (Time)";"3d 2h 55m";"-549.36"
"30";"USTEC_ICM_UTC2";"Buy";"4433.9";"4351.4";"2015.04.13 19:45:00";"2015.04.17 17:06:00";"30.0";"-3207.48";"4351.39990";"4516.39990";"36047.57";"0.00";"IST";"SL";"3d 21h 21m";"-732.48"
"31";"USTEC_ICM_UTC2";"Buy";"4360.2";"4350.7";"2015.04.17 17:45:00";"2015.04.17 22:55:00";"30.0";"-285.00";"4277.70020";"4442.70020";"35762.57";"0.00";"IST";"End Of Friday (Time)";"5h 10m";"-0.00"
"32";"USTEC_ICM_UTC2";"Buy";"4373.2";"4455.7";"2015.04.20 16:30:00";"2015.04.22 21:06:00";"30.0";"2108.76";"4290.70020";"4455.70020";"37871.33";"0.00";"IST";"PT";"2d 4h 36m";"-366.24"
"33";"USTEC_ICM_UTC2";"Buy";"4494.4";"4537.0";"2015.04.23 22:15:00";"2015.04.24 22:55:00";"30.0";"1094.88";"4411.89990";"4576.89990";"38966.21";"0.00";"IST";"End Of Friday (Time)";"1d 0h 40m";"-183.12"
"34";"USTEC_ICM_UTC2";"Buy";"4549.0";"4466.5";"2015.04.27 18:00:00";"2015.04.29 19:30:00";"30.0";"-2841.24";"4466.50000";"4631.50000";"36124.97";"0.00";"IST";"SL";"2d 1h 30m";"-366.24"
"35";"USTEC_ICM_UTC2";"Buy";"4472.8";"4475.5";"2015.04.29 20:30:00";"2015.05.01 22:55:00";"30.0";"-285.24";"4390.29980";"4555.29980";"35839.73";"0.00";"IST";"End Of Friday (Time)";"2d 2h 25m";"-366.24"
"36";"USTEC_ICM_UTC2";"Buy";"4499.5";"4417.0";"2015.05.04 19:30:00";"2015.05.05 18:33:00";"30.0";"-2658.12";"4417.00000";"4582.00000";"33181.61";"0.00";"IST";"SL";"23h 3m";"-183.12"
"37";"USTEC_ICM_UTC2";"Buy";"4427.8";"4345.3";"2015.05.05 18:45:00";"2015.05.07 12:16:00";"30.0";"-2841.24";"4345.29980";"4510.29980";"30340.37";"0.00";"IST";"SL";"1d 17h 31m";"-366.24"
"38";"USTEC_ICM_UTC2";"Buy";"4398.3";"4461.2";"2015.05.07 22:45:00";"2015.05.08 22:55:00";"30.0";"1703.88";"4315.79980";"4480.79980";"32044.25";"0.00";"IST";"End Of Friday (Time)";"1d 0h 10m";"-183.12"
"39";"USTEC_ICM_UTC2";"Buy";"4457.7";"4490.9";"2015.05.11 19:00:00";"2015.05.15 22:55:00";"30.0";"263.52";"4375.20020";"4540.20020";"32307.77";"0.00";"IST";"End Of Friday (Time)";"4d 3h 55m";"-732.48"
"40";"USTEC_ICM_UTC2";"Buy";"4516.0";"4530.0";"2015.05.19 17:30:00";"2015.05.22 22:55:00";"30.0";"-129.36";"4433.50000";"4598.50000";"32178.41";"0.00";"IST";"End Of Friday (Time)";"3d 5h 25m";"-549.36"
"41";"USTEC_ICM_UTC2";"Buy";"4482.9";"4511.9";"2015.05.26 17:30:00";"2015.05.29 22:55:00";"30.0";"320.64";"4400.39990";"4565.39990";"32499.05";"0.00";"IST";"End Of Friday (Time)";"3d 5h 25m";"-549.36"
"42";"USTEC_ICM_UTC2";"Buy";"4509.0";"4477.9";"2015.06.01 18:30:00";"2015.06.05 22:55:00";"30.0";"-1665.48";"4426.50000";"4591.50000";"30833.57";"0.00";"IST";"End Of Friday (Time)";"4d 4h 25m";"-732.48"
"43";"USTEC_ICM_UTC2";"Buy";"4461.0";"4455.0";"2015.06.08 17:30:00";"2015.06.12 22:55:00";"30.0";"-912.48";"4378.50000";"4543.50000";"29921.09";"0.00";"IST";"End Of Friday (Time)";"4d 5h 25m";"-732.48"
"44";"USTEC_ICM_UTC2";"Buy";"4420.9";"4503.4";"2015.06.15 16:30:00";"2015.06.18 16:46:00";"30.0";"1925.64";"4338.39990";"4503.39990";"31846.73";"0.00";"IST";"PT";"3d 0h 16m";"-549.36"
"45";"USTEC_ICM_UTC2";"Buy";"4531.0";"4517.5";"2015.06.18 21:45:00";"2015.06.19 22:55:00";"30.0";"-588.12";"4448.50000";"4613.50000";"31258.61";"0.00";"IST";"End Of Friday (Time)";"1d 1h 10m";"-183.12"
"46";"USTEC_ICM_UTC2";"Buy";"4547.0";"4483.9";"2015.06.22 19:15:00";"2015.06.26 22:55:00";"30.0";"-2625.48";"4464.50000";"4629.50000";"28633.13";"0.00";"IST";"End Of Friday (Time)";"4d 3h 40m";"-732.48"
"47";"USTEC_ICM_UTC2";"Buy";"4419.0";"4427.5";"2015.06.29 19:45:00";"2015.07.10 22:55:00";"30.0";"-1759.32";"4336.50000";"4501.50000";"26873.81";"0.00";"IST";"End Of Friday (Time)";"11d 3h 10m";"-2014.32"
"48";"USTEC_ICM_UTC2";"Buy";"4487.0";"4569.5";"2015.07.13 21:15:00";"2015.07.16 16:50:00";"30.0";"1925.64";"4404.50000";"4569.50000";"28799.45";"0.00";"IST";"PT";"2d 19h 35m";"-549.36"
"49";"USTEC_ICM_UTC2";"Buy";"4569.0";"4651.5";"2015.07.16 17:00:00";"2015.07.17 21:34:00";"30.0";"2291.88";"4486.50000";"4651.50000";"31091.33";"0.00";"IST";"PT";"1d 4h 34m";"-183.12"
"50";"USTEC_ICM_UTC2";"Buy";"4676.9";"4594.4";"2015.07.20 18:15:00";"2015.07.23 22:11:00";"30.0";"-3024.36";"4594.39990";"4759.39990";"28066.97";"0.00";"IST";"SL";"3d 3h 56m";"-549.36"
"51";"USTEC_ICM_UTC2";"Buy";"4594.5";"4562.0";"2015.07.23 22:15:00";"2015.07.24 22:55:00";"30.0";"-1158.12";"4512.00000";"4677.00000";"26908.85";"0.00";"IST";"End Of Friday (Time)";"1d 0h 40m";"-183.12"
"52";"USTEC_ICM_UTC2";"Buy";"4526.9";"4609.4";"2015.07.27 16:45:00";"2015.07.31 10:25:00";"30.0";"1742.52";"4444.39990";"4609.39990";"28651.37";"0.00";"IST";"PT";"3d 17h 40m";"-732.48"
"53";"USTEC_ICM_UTC2";"Buy";"4604.0";"4590.5";"2015.07.31 18:15:00";"2015.07.31 22:55:00";"30.0";"-405.00";"4521.50000";"4686.50000";"28246.37";"0.00";"IST";"End Of Friday (Time)";"4h 40m";"-0.00"
"54";"USTEC_ICM_UTC2";"Buy";"4596.1";"4513.6";"2015.08.03 16:30:00";"2015.08.06 18:59:00";"30.0";"-3024.36";"4513.60010";"4678.60010";"25222.01";"0.00";"IST";"SL";"3d 2h 29m";"-549.36"
"55";"USTEC_ICM_UTC2";"Buy";"4519.2";"4517.3";"2015.08.06 19:15:00";"2015.08.07 22:55:00";"30.0";"-240.12";"4436.70020";"4601.70020";"24981.89";"0.00";"IST";"End Of Friday (Time)";"1d 3h 40m";"-183.12"
"56";"USTEC_ICM_UTC2";"Buy";"4567.0";"4484.5";"2015.08.11 16:45:00";"2015.08.12 09:00:00";"30.0";"-2658.12";"4484.50000";"4649.50000";"22323.77";"0.00";"IST";"SL";"16h 15m";"-183.12"
"57";"USTEC_ICM_UTC2";"Buy";"4463.0";"4549.0";"2015.08.12 17:00:00";"2015.08.13 09:00:00";"30.0";"2396.94";"4380.50000";"4545.50000";"24720.71";"0.00";"IST";"PT";"16h 0m";"-183.12"
"58";"USTEC_ICM_UTC2";"Buy";"4532.0";"4530.9";"2015.08.13 16:45:00";"2015.08.14 22:55:00";"30.0";"-216.12";"4449.50000";"4614.50000";"24504.59";"0.00";"IST";"End Of Friday (Time)";"1d 6h 10m";"-183.12"
"59";"USTEC_ICM_UTC2";"Buy";"4516.3";"4433.8";"2015.08.17 17:00:00";"2015.08.20 17:20:00";"30.0";"-3024.36";"4433.79980";"4598.79980";"21480.23";"0.00";"IST";"SL";"3d 0h 20m";"-549.36"
"60";"USTEC_ICM_UTC2";"Buy";"4426.8";"4339.0";"2015.08.20 18:45:00";"2015.08.21 09:00:00";"30.0";"-2817.48";"4344.29980";"4509.29980";"18662.75";"0.00";"IST";"SL";"14h 15m";"-183.12"
"61";"USTEC_ICM_UTC2";"Buy";"4326.5";"4244.0";"2015.08.21 16:45:00";"2015.08.21 21:50:00";"30.0";"-2475.00";"4244.00000";"4409.00000";"16187.75";"0.00";"IST";"SL";"5h 5m";"-0.00"
"62";"USTEC_ICM_UTC2";"Buy";"3997.5";"4080.0";"2015.08.24 16:30:00";"2015.08.24 17:21:00";"30.0";"2475.00";"3915.00000";"4080.00000";"18662.75";"0.00";"IST";"PT";"51m 0s";"-0.00"
"63";"USTEC_ICM_UTC2";"Buy";"4161.7";"4079.2";"2015.08.25 17:00:00";"2015.08.25 22:39:00";"30.0";"-2475.00";"4079.19995";"4244.20020";"16187.75";"0.00";"IST";"SL";"5h 39m";"-0.00"
"64";"USTEC_ICM_UTC2";"Buy";"4095.8";"4178.3";"2015.08.26 18:30:00";"2015.08.26 22:09:00";"30.0";"2475.00";"4013.30005";"4178.29980";"18662.75";"0.00";"IST";"PT";"3h 39m";"-0.00"
"65";"USTEC_ICM_UTC2";"Buy";"4292.0";"4321.0";"2015.08.27 18:45:00";"2015.08.28 22:55:00";"30.0";"686.88";"4209.50000";"4374.50000";"19349.63";"0.00";"IST";"End Of Friday (Time)";"1d 4h 10m";"-183.12"
"66";"USTEC_ICM_UTC2";"Buy";"4292.0";"4186.0";"2015.08.31 17:00:00";"2015.09.01 09:00:00";"30.0";"-3363.15";"4209.50000";"4374.50000";"15986.48";"0.00";"IST";"SL";"16h 0m";"-183.12"
"67";"USTEC_ICM_UTC2";"Buy";"4188.0";"4270.5";"2015.09.01 21:00:00";"2015.09.03 09:31:00";"30.0";"2108.76";"4105.50000";"4270.50000";"18095.24";"0.00";"IST";"PT";"1d 12h 31m";"-366.24"
"68";"USTEC_ICM_UTC2";"Buy";"4290.1";"4195.2";"2015.09.03 17:30:00";"2015.09.04 09:00:00";"30.0";"-3030.27";"4207.60010";"4372.60010";"15064.97";"0.00";"IST";"SL";"15h 30m";"-183.12"
"69";"USTEC_ICM_UTC2";"Buy";"4192.0";"4196.0";"2015.09.04 17:15:00";"2015.09.04 22:55:00";"30.0";"120.00";"4109.50000";"4274.50000";"15184.97";"0.00";"IST";"End Of Friday (Time)";"5h 40m";"-0.00"
"70";"USTEC_ICM_UTC2";"Buy";"4217.3";"4299.8";"2015.09.07 16:45:00";"2015.09.08 22:38:00";"30.0";"2291.88";"4134.79980";"4299.79980";"17476.85";"0.00";"IST";"PT";"1d 5h 53m";"-183.12"
"71";"USTEC_ICM_UTC2";"Buy";"4335.0";"4252.5";"2015.09.09 17:00:00";"2015.09.09 22:47:00";"30.0";"-2475.00";"4252.50000";"4417.50000";"15001.85";"0.00";"IST";"SL";"5h 47m";"-0.00"
"72";"USTEC_ICM_UTC2";"Buy";"4250.0";"4313.9";"2015.09.10 16:30:00";"2015.09.11 22:55:00";"30.0";"1733.88";"4167.50000";"4332.50000";"16735.73";"0.00";"IST";"End Of Friday (Time)";"1d 6h 25m";"-183.12"
"73";"USTEC_ICM_UTC2";"Buy";"4339.2";"4421.7";"2015.09.14 16:30:00";"2015.09.17 21:43:00";"30.0";"1925.64";"4256.70020";"4421.70020";"18661.37";"0.00";"IST";"PT";"3d 5h 13m";"-549.36"
"74";"USTEC_ICM_UTC2";"Buy";"4407.0";"4324.5";"2015.09.17 22:15:00";"2015.09.18 16:09:00";"30.0";"-2658.12";"4324.50000";"4489.50000";"16003.25";"0.00";"IST";"SL";"17h 54m";"-183.12"
"75";"USTEC_ICM_UTC2";"Buy";"4342.1";"4325.2";"2015.09.18 16:45:00";"2015.09.18 22:55:00";"30.0";"-507.00";"4259.60010";"4424.60010";"15496.25";"0.00";"IST";"End Of Friday (Time)";"6h 10m";"-0.00"
"76";"USTEC_ICM_UTC2";"Buy";"4357.0";"4274.5";"2015.09.21 17:30:00";"2015.09.22 12:56:00";"30.0";"-2658.12";"4274.50000";"4439.50000";"12838.13";"0.00";"IST";"SL";"19h 26m";"-183.12"
"77";"USTEC_ICM_UTC2";"Buy";"4269.0";"4225.1";"2015.09.22 17:15:00";"2015.09.25 22:55:00";"30.0";"-1866.36";"4186.50000";"4351.50000";"10971.77";"0.00";"IST";"End Of Friday (Time)";"3d 5h 40m";"-549.36"
"78";"USTEC_ICM_UTC2";"Buy";"4206.0";"4123.5";"2015.09.28 16:30:00";"2015.09.28 19:49:00";"30.0";"-2475.00";"4123.50000";"4288.50000";"8496.77";"0.00";"IST";"SL";"3h 19m";"-0.00"
"79";"USTEC_ICM_UTC2";"Buy";"4114.3";"4219.0";"2015.09.29 16:30:00";"2015.10.01 09:00:00";"30.0";"2773.35";"4031.80005";"4196.79980";"11270.12";"0.00";"IST";"PT";"1d 16h 30m";"-366.24"
"80";"USTEC_ICM_UTC2";"Buy";"4184.1";"4263.1";"2015.10.01 16:30:00";"2015.10.02 22:55:00";"30.0";"2186.88";"4101.60010";"4266.60010";"13457.00";"0.00";"IST";"End Of Friday (Time)";"1d 6h 25m";"-183.12"
"81";"USTEC_ICM_UTC2";"Buy";"4292.0";"4374.5";"2015.10.05 16:45:00";"2015.10.09 17:40:00";"30.0";"1742.52";"4209.50000";"4374.50000";"15199.52";"0.00";"IST";"PT";"4d 0h 55m";"-732.48"
"82";"USTEC_ICM_UTC2";"Buy";"4374.6";"4366.8";"2015.10.09 17:45:00";"2015.10.09 22:55:00";"30.0";"-234.00";"4292.10010";"4457.10010";"14965.52";"0.00";"IST";"End Of Friday (Time)";"5h 10m";"-0.00"
"83";"USTEC_ICM_UTC2";"Buy";"4380.3";"4434.3";"2015.10.12 21:30:00";"2015.10.16 22:55:00";"30.0";"887.52";"4297.79980";"4462.79980";"15853.04";"0.00";"IST";"End Of Friday (Time)";"4d 1h 25m";"-732.48"
"84";"USTEC_ICM_UTC2";"Buy";"4426.2";"4582.1";"2015.10.19 16:45:00";"2015.10.23 09:00:00";"30.0";"3945.24";"4343.70020";"4508.70020";"19798.28";"0.00";"IST";"PT";"3d 16h 15m";"-732.48"
"85";"USTEC_ICM_UTC2";"Buy";"4601.4";"4627.9";"2015.10.23 17:30:00";"2015.10.23 22:55:00";"30.0";"795.00";"4518.89990";"4683.89990";"20593.28";"0.00";"IST";"End Of Friday (Time)";"5h 25m";"-0.00"
"86";"USTEC_ICM_UTC2";"Buy";"4634.0";"4716.5";"2015.10.26 19:15:00";"2015.11.03 18:59:00";"30.0";"1010.04";"4551.50000";"4716.50000";"21603.32";"0.00";"IST";"PT";"7d 23h 44m";"-1464.96"
"87";"USTEC_ICM_UTC2";"Buy";"4704.0";"4701.5";"2015.11.04 18:15:00";"2015.11.06 22:55:00";"30.0";"-441.24";"4621.50000";"4786.50000";"21162.08";"0.00";"IST";"End Of Friday (Time)";"2d 4h 40m";"-366.24"
"88";"USTEC_ICM_UTC2";"Buy";"4688.1";"4605.6";"2015.11.09 16:30:00";"2015.11.12 21:54:00";"30.0";"-3024.36";"4605.60010";"4770.60010";"18137.72";"0.00";"IST";"SL";"3d 5h 24m";"-549.36"
"89";"USTEC_ICM_UTC2";"Buy";"4539.0";"4506.7";"2015.11.13 18:30:00";"2015.11.13 22:55:00";"30.0";"-969.00";"4456.50000";"4621.50000";"17168.72";"0.00";"IST";"End Of Friday (Time)";"4h 25m";"-0.00"
"90";"USTEC_ICM_UTC2";"Buy";"4511.5";"4594.0";"2015.11.16 16:45:00";"2015.11.17 18:31:00";"30.0";"2291.88";"4429.00000";"4594.00000";"19460.60";"0.00";"IST";"PT";"1d 1h 46m";"-183.12"
"91";"USTEC_ICM_UTC2";"Buy";"4586.0";"4668.5";"2015.11.17 21:00:00";"2015.11.19 10:17:00";"30.0";"2108.76";"4503.50000";"4668.50000";"21569.36";"0.00";"IST";"PT";"1d 13h 17m";"-366.24"
"92";"USTEC_ICM_UTC2";"Buy";"4656.4";"4682.7";"2015.11.19 16:30:00";"2015.11.20 22:55:00";"30.0";"605.88";"4573.89990";"4738.89990";"22175.24";"0.00";"IST";"End Of Friday (Time)";"1d 6h 25m";"-183.12"
"93";"USTEC_ICM_UTC2";"Buy";"4701.9";"4619.4";"2015.11.23 17:45:00";"2015.12.03 20:01:00";"30.0";"-4306.20";"4619.39990";"4784.39990";"17869.04";"0.00";"IST";"SL";"10d 2h 16m";"-1831.20"
"94";"USTEC_ICM_UTC2";"Buy";"4624.6";"4707.1";"2015.12.03 20:45:00";"2015.12.04 20:01:00";"30.0";"2291.88";"4542.10010";"4707.10010";"20160.92";"0.00";"IST";"PT";"23h 16m";"-183.12"
"95";"USTEC_ICM_UTC2";"Buy";"4709.3";"4626.8";"2015.12.07 16:45:00";"2015.12.09 19:22:00";"30.0";"-2841.24";"4626.79980";"4791.79980";"17319.68";"0.00";"IST";"SL";"2d 2h 37m";"-366.24"
"96";"USTEC_ICM_UTC2";"Buy";"4607.9";"4536.0";"2015.12.09 20:15:00";"2015.12.11 22:55:00";"30.0";"-2523.24";"4525.39990";"4690.39990";"14796.44";"0.00";"IST";"End Of Friday (Time)";"2d 2h 40m";"-366.24"
"97";"USTEC_ICM_UTC2";"Buy";"4497.8";"4580.3";"2015.12.14 18:30:00";"2015.12.15 10:11:00";"30.0";"2291.88";"4415.29980";"4580.29980";"17088.32";"0.00";"IST";"PT";"15h 41m";"-183.12"
"98";"USTEC_ICM_UTC2";"Buy";"4599.2";"4681.7";"2015.12.16 18:30:00";"2015.12.17 12:01:00";"30.0";"2291.88";"4516.70020";"4681.70020";"19380.20";"0.00";"IST";"PT";"17h 31m";"-183.12"
"99";"USTEC_ICM_UTC2";"Buy";"4685.8";"4603.3";"2015.12.17 16:30:00";"2015.12.17 22:59:00";"30.0";"-2475.00";"4603.29980";"4768.29980";"16905.20";"0.00";"IST";"SL";"6h 29m";"-0.00"
"100";"USTEC_ICM_UTC2";"Buy";"4566.0";"4523.6";"2015.12.18 18:45:00";"2015.12.18 22:55:00";"30.0";"-1272.00";"4483.50000";"4648.50000";"15633.20";"0.00";"IST";"End Of Friday (Time)";"4h 10m";"-0.00"
"101";"USTEC_ICM_UTC2";"Buy";"4552.9";"4635.4";"2015.12.21 16:30:00";"2015.12.24 18:55:00";"30.0";"1925.64";"4470.39990";"4635.39990";"17558.84";"0.00";"IST";"PT";"3d 2h 25m";"-549.36"
"102";"USTEC_ICM_UTC2";"Buy";"4596.9";"4679.4";"2015.12.28 19:00:00";"2015.12.29 18:03:00";"30.0";"2291.88";"4514.39990";"4679.39990";"19850.72";"0.00";"IST";"PT";"23h 3m";"-183.12"
"103";"USTEC_ICM_UTC2";"Buy";"4692.0";"4609.5";"2015.12.29 20:30:00";"2015.12.31 17:30:00";"30.0";"-2841.24";"4609.50000";"4774.50000";"17009.48";"0.00";"IST";"SL";"1d 21h 0m";"-366.24"
"104";"USTEC_ICM_UTC2";"Buy";"4626.6";"4544.1";"2015.12.31 18:45:00";"2016.01.04 09:04:00";"30.0";"-3207.48";"4544.10010";"4709.10010";"13802.00";"0.00";"IST";"SL";"3d 14h 19m";"-732.48"
"105";"USTEC_ICM_UTC2";"Buy";"4462.4";"4379.9";"2016.01.04 17:45:00";"2016.01.07 09:00:00";"30.0";"-3024.36";"4379.89990";"4544.89990";"10777.64";"0.00";"IST";"SL";"2d 15h 15m";"-549.36"
"106";"USTEC_ICM_UTC2";"Buy";"4319.0";"4267.8";"2016.01.07 20:45:00";"2016.01.08 22:55:00";"30.0";"-1719.12";"4236.50000";"4401.50000";"9058.52";"0.00";"IST";"End Of Friday (Time)";"1d 2h 10m";"-183.12"
"107";"USTEC_ICM_UTC2";"Buy";"4255.9";"4338.4";"2016.01.11 18:30:00";"2016.01.12 15:15:00";"30.0";"2291.88";"4173.39990";"4338.39990";"11350.40";"0.00";"IST";"PT";"20h 45m";"-183.12"
"108";"USTEC_ICM_UTC2";"Buy";"4301.9";"4219.4";"2016.01.12 19:30:00";"2016.01.13 21:05:00";"30.0";"-2658.12";"4219.39990";"4384.39990";"8692.28";"0.00";"IST";"SL";"1d 1h 35m";"-183.12"
"109";"USTEC_ICM_UTC2";"Buy";"4220.0";"4137.5";"2016.01.13 21:15:00";"2016.01.14 17:01:00";"30.0";"-2658.12";"4137.50000";"4302.50000";"6034.16";"0.00";"IST";"SL";"19h 46m";"-183.12"
"110";"USTEC_ICM_UTC2";"Buy";"4151.9";"4141.0";"2016.01.15 17:15:00";"2016.01.15 22:55:00";"30.0";"-327.00";"4069.39990";"4234.39990";"5707.16";"0.00";"IST";"End Of Friday (Time)";"5h 40m";"-0.00"
"111";"USTEC_ICM_UTC2";"Buy";"4137.9";"4220.4";"2016.01.18 17:00:00";"2016.01.19 10:15:00";"30.0";"2291.88";"4055.39990";"4220.39990";"7999.04";"0.00";"IST";"PT";"17h 15m";"-183.12"
"112";"USTEC_ICM_UTC2";"Buy";"4195.9";"4113.4";"2016.01.19 16:30:00";"2016.01.19 21:14:00";"30.0";"-2475.00";"4113.39990";"4278.39990";"5524.04";"0.00";"IST";"SL";"4h 44m";"-0.00"
"113";"USTEC_ICM_UTC2";"Buy";"4036.5";"4119.0";"2016.01.20 18:45:00";"2016.01.20 22:06:00";"30.0";"2475.00";"3954.00000";"4119.00000";"7999.04";"0.00";"IST";"PT";"3h 21m";"-0.00"
"114";"USTEC_ICM_UTC2";"Buy";"4157.8";"4240.3";"2016.01.21 18:00:00";"2016.01.22 17:00:00";"30.0";"2291.88";"4075.30005";"4240.29980";"10290.92";"0.00";"IST";"PT";"23h 0m";"-183.12"
"115";"USTEC_ICM_UTC2";"Buy";"4244.8";"4258.3";"2016.01.22 17:45:00";"2016.01.22 22:55:00";"30.0";"405.00";"4162.29980";"4327.29980";"10695.92";"0.00";"IST";"End Of Friday (Time)";"5h 10m";"-0.00"
"116";"USTEC_ICM_UTC2";"Buy";"4248.0";"4165.5";"2016.01.25 17:00:00";"2016.01.26 09:37:00";"30.0";"-2658.12";"4165.50000";"4330.50000";"8037.80";"0.00";"IST";"SL";"16h 37m";"-183.12"
"117";"USTEC_ICM_UTC2";"Buy";"4213.7";"4131.2";"2016.01.26 16:30:00";"2016.01.27 22:02:00";"30.0";"-2658.12";"4131.20020";"4296.20020";"5379.68";"0.00";"IST";"SL";"1d 5h 32m";"-183.12"
"118";"USTEC_ICM_UTC2";"Buy";"4151.0";"4233.5";"2016.01.28 18:45:00";"2016.01.29 17:11:00";"30.0";"2291.88";"4068.50000";"4233.50000";"7671.56";"0.00";"IST";"PT";"22h 26m";"-183.12"
"119";"USTEC_ICM_UTC2";"Buy";"4258.0";"4272.9";"2016.01.29 21:45:00";"2016.01.29 22:55:00";"30.0";"447.00";"4175.50000";"4340.50000";"8118.56";"0.00";"IST";"End Of Friday (Time)";"1h 10m";"-0.00"
"120";"USTEC_ICM_UTC2";"Buy";"4272.9";"4190.4";"2016.02.01 21:00:00";"2016.02.02 21:27:00";"30.0";"-2658.12";"4190.39990";"4355.39990";"5460.44";"0.00";"IST";"SL";"1d 0h 27m";"-183.12"
"121";"USTEC_ICM_UTC2";"Buy";"4194.0";"4111.5";"2016.02.02 22:30:00";"2016.02.03 17:30:00";"30.0";"-2658.12";"4111.50000";"4276.50000";"2802.32";"0.00";"IST";"SL";"19h 0m";"-183.12"
"122";"USTEC_ICM_UTC2";"Buy";"4144.1";"4061.6";"2016.02.03 18:30:00";"2016.02.05 18:05:00";"30.0";"-2841.24";"4061.60010";"4226.60010";"-38.92";"0.00";"IST";"SL";"1d 23h 35m";"-366.24"
"123";"USTEC_ICM_UTC2";"Buy";"4047.4";"4007.7";"2016.02.05 18:30:00";"2016.02.05 22:55:00";"30.0";"-1191.00";"3964.89990";"4129.89990";"-1229.92";"0.00";"IST";"End Of Friday (Time)";"4h 25m";"-0.00"
"124";"USTEC_ICM_UTC2";"Buy";"3897.8";"3980.3";"2016.02.08 22:00:00";"2016.02.09 11:14:00";"30.0";"2291.88";"3815.30005";"3980.30005";"1061.96";"0.00";"IST";"PT";"13h 14m";"-183.12"
"125";"USTEC_ICM_UTC2";"Buy";"3946.2";"4028.7";"2016.02.09 19:15:00";"2016.02.10 17:27:00";"30.0";"2291.88";"3863.69995";"4028.69995";"3353.84";"0.00";"IST";"PT";"22h 12m";"-183.12"
"126";"USTEC_ICM_UTC2";"Buy";"4021.3";"3938.8";"2016.02.10 19:45:00";"2016.02.11 10:08:00";"30.0";"-2658.12";"3938.80005";"4103.79980";"695.72";"0.00";"IST";"SL";"14h 23m";"-183.12"
"127";"USTEC_ICM_UTC2";"Buy";"3925.3";"4007.8";"2016.02.11 19:30:00";"2016.02.12 12:23:00";"30.0";"2291.88";"3842.80005";"4007.80005";"2987.60";"0.00";"IST";"PT";"16h 53m";"-183.12"
"128";"USTEC_ICM_UTC2";"Buy";"4004.5";"4016.7";"2016.02.12 16:30:00";"2016.02.12 22:55:00";"30.0";"366.00";"3922.00000";"4087.00000";"3353.60";"0.00";"IST";"End Of Friday (Time)";"6h 25m";"-0.00"
"129";"USTEC_ICM_UTC2";"Buy";"4076.9";"4159.4";"2016.02.15 17:15:00";"2016.02.17 17:17:00";"30.0";"2108.76";"3994.39990";"4159.39990";"5462.36";"0.00";"IST";"PT";"2d 0h 2m";"-366.24"
"130";"USTEC_ICM_UTC2";"Buy";"4172.3";"4165.4";"2016.02.17 18:30:00";"2016.02.19 22:55:00";"30.0";"-573.24";"4089.80005";"4254.79980";"4889.12";"0.00";"IST";"End Of Friday (Time)";"2d 4h 25m";"-366.24"
"131";"USTEC_ICM_UTC2";"Buy";"4201.5";"4119.0";"2016.02.22 16:30:00";"2016.02.24 13:41:00";"30.0";"-2841.24";"4119.00000";"4284.00000";"2047.88";"0.00";"IST";"SL";"1d 21h 11m";"-366.24"
"132";"USTEC_ICM_UTC2";"Buy";"4101.2";"4183.7";"2016.02.24 17:15:00";"2016.02.24 21:26:00";"30.0";"2475.00";"4018.69995";"4183.70020";"4522.88";"0.00";"IST";"PT";"4h 11m";"-0.00"
"133";"USTEC_ICM_UTC2";"Buy";"4210.7";"4293.2";"2016.02.25 16:30:00";"2016.02.26 12:02:00";"30.0";"2291.88";"4128.20020";"4293.20020";"6814.76";"0.00";"IST";"PT";"19h 32m";"-183.12"
"134";"USTEC_ICM_UTC2";"Buy";"4253.8";"4239.1";"2016.02.26 18:15:00";"2016.02.26 22:55:00";"30.0";"-441.00";"4171.29980";"4336.29980";"6373.76";"0.00";"IST";"End Of Friday (Time)";"4h 40m";"-0.00"
"135";"USTEC_ICM_UTC2";"Buy";"4231.4";"4313.9";"2016.02.29 16:30:00";"2016.03.01 20:39:00";"30.0";"2291.88";"4148.89990";"4313.89990";"8665.64";"0.00";"IST";"PT";"1d 4h 9m";"-183.12"
"136";"USTEC_ICM_UTC2";"Buy";"4323.9";"4326.8";"2016.03.01 22:30:00";"2016.03.04 22:55:00";"30.0";"-462.36";"4241.39990";"4406.39990";"8203.28";"0.00";"IST";"End Of Friday (Time)";"3d 0h 25m";"-549.36"
"137";"USTEC_ICM_UTC2";"Buy";"4293.0";"4357.7";"2016.03.07 17:15:00";"2016.03.11 22:55:00";"30.0";"1208.52";"4210.50000";"4375.50000";"9411.80";"0.00";"IST";"End Of Friday (Time)";"4d 5h 40m";"-732.48"
"138";"USTEC_ICM_UTC2";"Buy";"4374.4";"4456.9";"2016.03.14 21:30:00";"2016.03.29 21:02:00";"30.0";"-271.80";"4291.89990";"4456.89990";"9140.00";"0.00";"IST";"PT";"14d 23h 32m";"-2746.80"
"139";"USTEC_ICM_UTC2";"Buy";"4511.8";"4526.5";"2016.03.30 16:45:00";"2016.04.01 22:55:00";"30.0";"74.76";"4429.29980";"4594.29980";"9214.76";"0.00";"IST";"End Of Friday (Time)";"2d 6h 10m";"-366.24"
"140";"USTEC_ICM_UTC2";"Buy";"4525.8";"4469.5";"2016.04.04 17:15:00";"2016.04.08 22:55:00";"30.0";"-2421.48";"4443.29980";"4608.29980";"6793.28";"0.00";"IST";"End Of Friday (Time)";"4d 5h 40m";"-732.48"
"141";"USTEC_ICM_UTC2";"Buy";"4503.1";"4542.9";"2016.04.11 17:00:00";"2016.04.15 22:55:00";"30.0";"461.52";"4420.60010";"4585.60010";"7254.80";"0.00";"IST";"End Of Friday (Time)";"4d 5h 55m";"-732.48"
"142";"USTEC_ICM_UTC2";"Buy";"4529.8";"4447.3";"2016.04.18 16:30:00";"2016.04.22 17:43:00";"30.0";"-3207.48";"4447.29980";"4612.29980";"4047.32";"0.00";"IST";"SL";"4d 1h 13m";"-732.48"
"143";"USTEC_ICM_UTC2";"Buy";"4444.3";"4473.7";"2016.04.22 17:45:00";"2016.04.22 22:55:00";"30.0";"882.00";"4361.79980";"4526.79980";"4929.32";"0.00";"IST";"End Of Friday (Time)";"5h 10m";"-0.00"
"144";"USTEC_ICM_UTC2";"Buy";"4460.5";"4378.0";"2016.04.25 16:30:00";"2016.04.28 22:14:00";"30.0";"-3024.36";"4378.00000";"4543.00000";"1904.96";"0.00";"IST";"SL";"3d 5h 44m";"-549.36"
"145";"USTEC_ICM_UTC2";"Buy";"4330.1";"4340.2";"2016.04.29 18:00:00";"2016.04.29 22:55:00";"30.0";"303.00";"4247.60010";"4412.60010";"2207.96";"0.00";"IST";"End Of Friday (Time)";"4h 55m";"-0.00"
"146";"USTEC_ICM_UTC2";"Buy";"4348.0";"4325.8";"2016.05.02 17:15:00";"2016.05.06 22:55:00";"30.0";"-1398.48";"4265.50000";"4430.50000";"809.48";"0.00";"IST";"End Of Friday (Time)";"4d 5h 40m";"-732.48"
"147";"USTEC_ICM_UTC2";"Buy";"4342.4";"4325.4";"2016.05.09 17:45:00";"2016.05.13 22:55:00";"30.0";"-1242.48";"4259.89990";"4424.89990";"-433.00";"0.00";"IST";"End Of Friday (Time)";"4d 5h 10m";"-732.48"
"148";"USTEC_ICM_UTC2";"Buy";"4369.3";"4286.8";"2016.05.17 17:00:00";"2016.05.19 18:41:00";"30.0";"-2841.24";"4286.79980";"4451.79980";"-3274.24";"0.00";"IST";"SL";"2d 1h 41m";"-366.24"
"149";"USTEC_ICM_UTC2";"Buy";"4287.8";"4370.3";"2016.05.19 18:45:00";"2016.05.20 17:45:00";"30.0";"2291.88";"4205.29980";"4370.29980";"-982.36";"0.00";"IST";"PT";"23h 0m";"-183.12"
"150";"USTEC_ICM_UTC2";"Buy";"4372.8";"4361.8";"2016.05.20 19:15:00";"2016.05.20 22:55:00";"30.0";"-330.00";"4290.29980";"4455.29980";"-1312.36";"0.00";"IST";"End Of Friday (Time)";"3h 40m";"-0.00"
"151";"USTEC_ICM_UTC2";"Buy";"4374.1";"4456.6";"2016.05.23 20:15:00";"2016.05.25 09:10:00";"30.0";"2108.76";"4291.60010";"4456.60010";"796.40";"0.00";"IST";"PT";"1d 12h 55m";"-366.24"
"152";"USTEC_ICM_UTC2";"Buy";"4460.9";"4509.4";"2016.05.25 16:30:00";"2016.05.27 22:55:00";"30.0";"1088.76";"4378.39990";"4543.39990";"1885.16";"0.00";"IST";"End Of Friday (Time)";"2d 6h 25m";"-366.24"
"153";"USTEC_ICM_UTC2";"Buy";"4520.3";"4512.5";"2016.05.30 18:00:00";"2016.06.03 22:55:00";"30.0";"-966.48";"4437.79980";"4602.79980";"918.68";"0.00";"IST";"End Of Friday (Time)";"4d 4h 55m";"-732.48"
"154";"USTEC_ICM_UTC2";"Buy";"4525.6";"4458.3";"2016.06.06 17:45:00";"2016.06.10 22:55:00";"30.0";"-2751.48";"4443.10010";"4608.10010";"-1832.80";"0.00";"IST";"End Of Friday (Time)";"4d 5h 10m";"-732.48"
"155";"USTEC_ICM_UTC2";"Buy";"4439.1";"4371.9";"2016.06.13 20:15:00";"2016.06.17 22:55:00";"30.0";"-2748.48";"4356.60010";"4521.60010";"-4581.28";"0.00";"IST";"End Of Friday (Time)";"4d 2h 40m";"-732.48"
"156";"USTEC_ICM_UTC2";"Buy";"4435.1";"4254.8";"2016.06.20 19:00:00";"2016.06.24 09:00:00";"30.0";"-6142.35";"4352.60010";"4517.60010";"-10723.63";"0.00";"IST";"SL";"3d 14h 0m";"-732.48"
"157";"USTEC_ICM_UTC2";"Buy";"4316.9";"4307.6";"2016.06.24 19:30:00";"2016.06.24 22:55:00";"30.0";"-279.00";"4234.39990";"4399.39990";"-11002.63";"0.00";"IST";"End Of Friday (Time)";"3h 25m";"-0.00"
"158";"USTEC_ICM_UTC2";"Buy";"4186.6";"4269.1";"2016.06.27 22:30:00";"2016.06.28 16:52:00";"30.0";"2291.88";"4104.10010";"4269.10010";"-8710.75";"0.00";"IST";"PT";"18h 22m";"-183.12"
"159";"USTEC_ICM_UTC2";"Buy";"4265.4";"4347.9";"2016.06.28 19:45:00";"2016.06.29 18:16:00";"30.0";"2291.88";"4182.89990";"4347.89990";"-6418.87";"0.00";"IST";"PT";"22h 31m";"-183.12"
"160";"USTEC_ICM_UTC2";"Buy";"4369.4";"4451.9";"2016.06.29 21:30:00";"2016.07.01 17:41:00";"30.0";"2108.76";"4286.89990";"4451.89990";"-4310.11";"0.00";"IST";"PT";"1d 20h 11m";"-366.24"
"161";"USTEC_ICM_UTC2";"Buy";"4443.8";"4439.8";"2016.07.01 20:15:00";"2016.07.01 22:55:00";"30.0";"-120.00";"4361.29980";"4526.29980";"-4430.11";"0.00";"IST";"End Of Friday (Time)";"2h 40m";"-0.00"
"162";"USTEC_ICM_UTC2";"Buy";"4444.8";"4527.3";"2016.07.04 16:30:00";"2016.07.08 21:33:00";"30.0";"1742.52";"4362.29980";"4527.29980";"-2687.59";"0.00";"IST";"PT";"4d 5h 3m";"-732.48"
"163";"USTEC_ICM_UTC2";"Buy";"4558.5";"4587.5";"2016.07.11 16:45:00";"2016.07.15 22:55:00";"30.0";"137.52";"4476.00000";"4641.00000";"-2550.07";"0.00";"IST";"End Of Friday (Time)";"4d 6h 10m";"-732.48"
"164";"USTEC_ICM_UTC2";"Buy";"4604.9";"4663.1";"2016.07.19 16:30:00";"2016.07.22 22:55:00";"30.0";"1196.64";"4522.39990";"4687.39990";"-1353.43";"0.00";"IST";"End Of Friday (Time)";"3d 6h 25m";"-549.36"
"165";"USTEC_ICM_UTC2";"Buy";"4656.4";"4738.9";"2016.07.25 17:15:00";"2016.07.29 18:14:00";"30.0";"1742.52";"4573.89990";"4738.89990";"389.09";"0.00";"IST";"PT";"4d 0h 59m";"-732.48"
"166";"USTEC_ICM_UTC2";"Buy";"4737.9";"4735.0";"2016.07.29 18:15:00";"2016.07.29 22:55:00";"30.0";"-87.00";"4655.39990";"4820.39990";"302.09";"0.00";"IST";"End Of Friday (Time)";"4h 40m";"-0.00"
"167";"USTEC_ICM_UTC2";"Buy";"4749.7";"4789.5";"2016.08.01 20:45:00";"2016.08.05 22:55:00";"30.0";"461.52";"4667.20020";"4832.20020";"763.61";"0.00";"IST";"End Of Friday (Time)";"4d 2h 10m";"-732.48"
"168";"USTEC_ICM_UTC2";"Buy";"4783.7";"4804.8";"2016.08.08 17:00:00";"2016.08.12 22:55:00";"30.0";"-99.48";"4701.20020";"4866.20020";"664.13";"0.00";"IST";"End Of Friday (Time)";"4d 5h 55m";"-732.48"
"169";"USTEC_ICM_UTC2";"Buy";"4836.1";"4805.5";"2016.08.15 20:30:00";"2016.08.19 22:55:00";"30.0";"-1650.48";"4753.60010";"4918.60010";"-986.35";"0.00";"IST";"End Of Friday (Time)";"4d 2h 25m";"-732.48"
"170";"USTEC_ICM_UTC2";"Buy";"4806.6";"4780.7";"2016.08.22 20:00:00";"2016.08.26 22:55:00";"30.0";"-1509.48";"4724.10010";"4889.10010";"-2495.83";"0.00";"IST";"End Of Friday (Time)";"4d 2h 55m";"-732.48"
"171";"USTEC_ICM_UTC2";"Buy";"4801.5";"4796.7";"2016.08.29 19:00:00";"2016.09.02 22:55:00";"30.0";"-876.48";"4719.00000";"4884.00000";"-3372.31";"0.00";"IST";"End Of Friday (Time)";"4d 3h 55m";"-732.48"
"172";"USTEC_ICM_UTC2";"Buy";"4787.0";"4704.5";"2016.09.05 18:15:00";"2016.09.09 20:49:00";"30.0";"-3207.48";"4704.50000";"4869.50000";"-6579.79";"0.00";"IST";"SL";"4d 2h 34m";"-732.48"
"173";"USTEC_ICM_UTC2";"Buy";"4708.4";"4692.6";"2016.09.09 21:00:00";"2016.09.09 22:55:00";"30.0";"-474.00";"4625.89990";"4790.89990";"-7053.79";"0.00";"IST";"End Of Friday (Time)";"1h 55m";"-0.00"
"174";"USTEC_ICM_UTC2";"Buy";"4727.7";"4810.2";"2016.09.13 17:15:00";"2016.09.15 20:42:00";"30.0";"2108.76";"4645.20020";"4810.20020";"-4945.03";"0.00";"IST";"PT";"2d 3h 27m";"-366.24"
"175";"USTEC_ICM_UTC2";"Buy";"4800.4";"4817.8";"2016.09.16 17:15:00";"2016.09.16 22:55:00";"30.0";"522.00";"4717.89990";"4882.89990";"-4423.03";"0.00";"IST";"End Of Friday (Time)";"5h 40m";"-0.00"
"176";"USTEC_ICM_UTC2";"Buy";"4825.0";"4864.7";"2016.09.19 17:45:00";"2016.09.23 22:55:00";"30.0";"458.52";"4742.50000";"4907.50000";"-3964.51";"0.00";"IST";"End Of Friday (Time)";"4d 5h 10m";"-732.48"
"177";"USTEC_ICM_UTC2";"Buy";"4820.4";"4885.2";"2016.09.26 18:30:00";"2016.09.30 22:55:00";"30.0";"1211.52";"4737.89990";"4902.89990";"-2752.99";"0.00";"IST";"End Of Friday (Time)";"4d 4h 25m";"-732.48"
"178";"USTEC_ICM_UTC2";"Buy";"4854.1";"4867.2";"2016.10.03 17:00:00";"2016.10.07 22:55:00";"30.0";"-339.48";"4771.60010";"4936.60010";"-3092.47";"0.00";"IST";"End Of Friday (Time)";"4d 5h 55m";"-732.48"
"179";"USTEC_ICM_UTC2";"Buy";"4900.3";"4817.8";"2016.10.10 20:00:00";"2016.10.11 20:45:00";"30.0";"-2658.12";"4817.79980";"4982.79980";"-5750.59";"0.00";"IST";"SL";"1d 0h 45m";"-183.12"
"180";"USTEC_ICM_UTC2";"Buy";"4813.8";"4811.0";"2016.10.11 22:00:00";"2016.10.14 22:55:00";"30.0";"-633.36";"4731.29980";"4896.29980";"-6383.95";"0.00";"IST";"End Of Friday (Time)";"3d 0h 55m";"-549.36"
"181";"USTEC_ICM_UTC2";"Buy";"4791.6";"4851.5";"2016.10.17 17:00:00";"2016.10.21 22:55:00";"30.0";"1064.52";"4709.10010";"4874.10010";"-5319.43";"0.00";"IST";"End Of Friday (Time)";"4d 5h 55m";"-732.48"
"182";"USTEC_ICM_UTC2";"Buy";"4896.2";"4813.7";"2016.10.24 17:00:00";"2016.10.28 10:00:00";"30.0";"-3207.48";"4813.70020";"4978.70020";"-8526.91";"0.00";"IST";"SL";"3d 17h 0m";"-732.48"
"183";"USTEC_ICM_UTC2";"Buy";"4823.7";"4802.8";"2016.10.28 20:15:00";"2016.10.28 22:55:00";"30.0";"-627.00";"4741.20020";"4906.20020";"-9153.91";"0.00";"IST";"End Of Friday (Time)";"2h 40m";"-0.00"
"184";"USTEC_ICM_UTC2";"Buy";"4811.2";"4728.7";"2016.10.31 17:15:00";"2016.11.01 20:15:00";"30.0";"-2658.12";"4728.70020";"4893.70020";"-11812.03";"0.00";"IST";"SL";"1d 3h 0m";"-183.12"
"185";"USTEC_ICM_UTC2";"Buy";"4746.4";"4663.9";"2016.11.01 20:30:00";"2016.11.04 15:29:00";"30.0";"-3024.36";"4663.89990";"4828.89990";"-14836.39";"0.00";"IST";"SL";"2d 18h 59m";"-549.36"
"186";"USTEC_ICM_UTC2";"Buy";"4771.1";"4594.8";"2016.11.07 19:30:00";"2016.11.09 09:00:00";"30.0";"-5655.21";"4688.60010";"4853.60010";"-20491.60";"0.00";"IST";"SL";"1d 13h 30m";"-366.24"
"187";"USTEC_ICM_UTC2";"Buy";"4811.0";"4728.5";"2016.11.09 20:45:00";"2016.11.10 17:29:00";"30.0";"-2658.12";"4728.50000";"4893.50000";"-23149.72";"0.00";"IST";"SL";"20h 44m";"-183.12"
"188";"USTEC_ICM_UTC2";"Buy";"4728.6";"4754.0";"2016.11.10 17:30:00";"2016.11.11 22:55:00";"30.0";"578.88";"4646.10010";"4811.10010";"-22570.84";"0.00";"IST";"End Of Friday (Time)";"1d 5h 25m";"-183.12"
"189";"USTEC_ICM_UTC2";"Buy";"4733.5";"4816.0";"2016.11.14 16:45:00";"2016.11.17 18:53:00";"30.0";"1925.64";"4651.00000";"4816.00000";"-20645.20";"0.00";"IST";"PT";"3d 2h 8m";"-549.36"
"190";"USTEC_ICM_UTC2";"Buy";"4824.2";"4809.5";"2016.11.17 22:45:00";"2016.11.18 22:55:00";"30.0";"-624.12";"4741.70020";"4906.70020";"-21269.32";"0.00";"IST";"End Of Friday (Time)";"1d 0h 10m";"-183.12"
"191";"USTEC_ICM_UTC2";"Buy";"4853.5";"4771.0";"2016.11.21 19:00:00";"2016.12.01 17:22:00";"30.0";"-4306.20";"4771.00000";"4936.00000";"-25575.52";"0.00";"IST";"SL";"9d 22h 22m";"-1831.20"
"192";"USTEC_ICM_UTC2";"Buy";"4727.8";"4736.6";"2016.12.01 21:00:00";"2016.12.02 22:55:00";"30.0";"80.88";"4645.29980";"4810.29980";"-25494.64";"0.00";"IST";"End Of Friday (Time)";"1d 1h 55m";"-183.12"
"193";"USTEC_ICM_UTC2";"Buy";"4775.3";"4857.8";"2016.12.05 17:00:00";"2016.12.08 16:39:00";"30.0";"1925.64";"4692.79980";"4857.79980";"-23569.00";"0.00";"IST";"PT";"2d 23h 39m";"-549.36"
"194";"USTEC_ICM_UTC2";"Buy";"4861.7";"4891.8";"2016.12.08 17:30:00";"2016.12.09 22:55:00";"30.0";"719.88";"4779.20020";"4944.20020";"-22849.12";"0.00";"IST";"End Of Friday (Time)";"1d 5h 25m";"-183.12"
"195";"USTEC_ICM_UTC2";"Buy";"4873.8";"4956.3";"2016.12.12 16:30:00";"2016.12.13 18:50:00";"30.0";"2291.88";"4791.29980";"4956.29980";"-20557.24";"0.00";"IST";"PT";"1d 2h 20m";"-183.12"
"196";"USTEC_ICM_UTC2";"Buy";"4950.3";"4915.4";"2016.12.13 19:30:00";"2016.12.16 22:55:00";"30.0";"-1596.36";"4867.79980";"5032.79980";"-22153.60";"0.00";"IST";"End Of Friday (Time)";"3d 3h 25m";"-549.36"
"197";"USTEC_ICM_UTC2";"Buy";"4946.6";"4937.4";"2016.12.19 20:15:00";"2016.12.23 22:55:00";"30.0";"-1008.48";"4864.10010";"5029.10010";"-23162.08";"0.00";"IST";"End Of Friday (Time)";"4d 2h 40m";"-732.48"
"198";"USTEC_ICM_UTC2";"Buy";"4973.3";"4890.8";"2016.12.27 20:15:00";"2016.12.30 16:57:00";"30.0";"-3024.36";"4890.79980";"5055.79980";"-26186.44";"0.00";"IST";"SL";"2d 20h 42m";"-549.36"
"199";"USTEC_ICM_UTC2";"Buy";"4876.2";"4853.4";"2016.12.30 18:15:00";"2016.12.30 22:55:00";"30.0";"-684.00";"4793.70020";"4958.70020";"-26870.44";"0.00";"IST";"End Of Friday (Time)";"4h 40m";"-0.00"
"200";"USTEC_ICM_UTC2";"Buy";"4905.0";"4987.5";"2017.01.03 17:00:00";"2017.01.06 17:54:00";"30.0";"1925.64";"4822.50000";"4987.50000";"-24944.80";"0.00";"IST";"PT";"3d 0h 54m";"-549.36"
"201";"USTEC_ICM_UTC2";"Buy";"4990.4";"5012.3";"2017.01.06 18:00:00";"2017.01.06 22:55:00";"30.0";"657.00";"4907.89990";"5072.89990";"-24287.80";"0.00";"IST";"End Of Friday (Time)";"4h 55m";"-0.00"
"202";"USTEC_ICM_UTC2";"Buy";"5023.4";"5057.8";"2017.01.09 19:00:00";"2017.01.13 22:55:00";"30.0";"299.52";"4940.89990";"5105.89990";"-23988.28";"0.00";"IST";"End Of Friday (Time)";"4d 3h 55m";"-732.48"
"203";"USTEC_ICM_UTC2";"Buy";"5057.1";"5057.9";"2017.01.16 18:00:00";"2017.01.20 22:55:00";"30.0";"-708.48";"4974.60010";"5139.60010";"-24696.76";"0.00";"IST";"End Of Friday (Time)";"4d 4h 55m";"-732.48"
"204";"USTEC_ICM_UTC2";"Buy";"5043.4";"5125.9";"2017.01.23 19:00:00";"2017.01.25 14:53:00";"30.0";"2108.76";"4960.89990";"5125.89990";"-22588.00";"0.00";"IST";"PT";"1d 19h 53m";"-366.24"
"205";"USTEC_ICM_UTC2";"Buy";"5131.5";"5163.8";"2017.01.25 16:45:00";"2017.01.27 22:55:00";"30.0";"602.76";"5049.00000";"5214.00000";"-21985.24";"0.00";"IST";"End Of Friday (Time)";"2d 6h 10m";"-366.24"
"206";"USTEC_ICM_UTC2";"Buy";"5149.4";"5160.6";"2017.01.30 16:30:00";"2017.02.03 22:55:00";"30.0";"-396.48";"5066.89990";"5231.89990";"-22381.72";"0.00";"IST";"End Of Friday (Time)";"4d 6h 25m";"-732.48"
"207";"USTEC_ICM_UTC2";"Buy";"5150.4";"5232.9";"2017.02.06 16:30:00";"2017.02.10 20:17:00";"30.0";"1742.52";"5067.89990";"5232.89990";"-20639.20";"0.00";"IST";"PT";"4d 3h 47m";"-732.48"
"208";"USTEC_ICM_UTC2";"Buy";"5249.3";"5318.6";"2017.02.13 17:15:00";"2017.02.17 22:55:00";"30.0";"1346.52";"5166.79980";"5331.79980";"-19292.68";"0.00";"IST";"End Of Friday (Time)";"4d 5h 40m";"-732.48"
"209";"USTEC_ICM_UTC2";"Buy";"5338.6";"5339.0";"2017.02.21 16:45:00";"2017.02.24 22:55:00";"30.0";"-537.36";"5256.10010";"5421.10010";"-19830.04";"0.00";"IST";"End Of Friday (Time)";"3d 6h 10m";"-549.36"
"210";"USTEC_ICM_UTC2";"Buy";"5331.7";"5371.3";"2017.02.27 16:30:00";"2017.03.03 22:55:00";"30.0";"455.52";"5249.20020";"5414.20020";"-19374.52";"0.00";"IST";"End Of Friday (Time)";"4d 6h 25m";"-732.48"
"211";"USTEC_ICM_UTC2";"Buy";"5342.1";"5384.3";"2017.03.06 17:30:00";"2017.03.10 22:55:00";"30.0";"533.52";"5259.60010";"5424.60010";"-18841.00";"0.00";"IST";"End Of Friday (Time)";"4d 5h 25m";"-732.48"
"212";"USTEC_ICM_UTC2";"Buy";"5363.4";"5445.9";"2017.03.14 16:30:00";"2017.03.30 18:00:00";"30.0";"-454.92";"5280.89990";"5445.89990";"-19295.92";"0.00";"IST";"PT";"16d 1h 30m";"-2929.92"
"213";"USTEC_ICM_UTC2";"Buy";"5437.0";"5442.1";"2017.03.30 20:15:00";"2017.03.31 22:55:00";"30.0";"-30.12";"5354.50000";"5519.50000";"-19326.04";"0.00";"IST";"End Of Friday (Time)";"1d 2h 40m";"-183.12"
"214";"USTEC_ICM_UTC2";"Buy";"5452.7";"5420.4";"2017.04.03 16:45:00";"2017.04.07 22:55:00";"30.0";"-1701.48";"5370.20020";"5535.20020";"-21027.52";"0.00";"IST";"End Of Friday (Time)";"4d 6h 10m";"-732.48"
"215";"USTEC_ICM_UTC2";"Buy";"5432.6";"5441.6";"2017.04.10 20:15:00";"2017.04.21 22:55:00";"30.0";"-1744.32";"5350.10010";"5515.10010";"-22771.84";"0.00";"IST";"End Of Friday (Time)";"11d 2h 40m";"-2014.32"
"216";"USTEC_ICM_UTC2";"Buy";"5502.8";"5589.0";"2017.04.24 16:30:00";"2017.04.28 09:00:00";"30.0";"1852.59";"5420.29980";"5585.29980";"-20919.25";"0.00";"IST";"PT";"3d 16h 30m";"-732.48"
"217";"USTEC_ICM_UTC2";"Buy";"5595.2";"5583.6";"2017.04.28 16:30:00";"2017.04.28 22:55:00";"30.0";"-348.00";"5512.70020";"5677.70020";"-21267.25";"0.00";"IST";"End Of Friday (Time)";"6h 25m";"-0.00"
"218";"USTEC_ICM_UTC2";"Buy";"5621.4";"5642.8";"2017.05.01 18:45:00";"2017.05.05 22:55:00";"30.0";"-90.48";"5538.89990";"5703.89990";"-21357.73";"0.00";"IST";"End Of Friday (Time)";"4d 4h 10m";"-732.48"
"219";"USTEC_ICM_UTC2";"Buy";"5646.9";"5682.1";"2017.05.08 16:45:00";"2017.05.12 22:55:00";"30.0";"323.52";"5564.39990";"5729.39990";"-21034.21";"0.00";"IST";"End Of Friday (Time)";"4d 6h 10m";"-732.48"
"220";"USTEC_ICM_UTC2";"Buy";"5688.5";"5606.0";"2017.05.15 16:30:00";"2017.05.17 21:36:00";"30.0";"-2841.24";"5606.00000";"5771.00000";"-23875.45";"0.00";"IST";"SL";"2d 5h 6m";"-366.24"
"221";"USTEC_ICM_UTC2";"Buy";"5603.1";"5650.2";"2017.05.17 22:30:00";"2017.05.19 22:55:00";"30.0";"1046.76";"5520.60010";"5685.60010";"-22828.69";"0.00";"IST";"End Of Friday (Time)";"2d 0h 25m";"-366.24"
"222";"USTEC_ICM_UTC2";"Buy";"5707.1";"5789.6";"2017.05.23 18:30:00";"2017.05.25 21:22:00";"30.0";"2108.76";"5624.60010";"5789.60010";"-20719.93";"0.00";"IST";"PT";"2d 2h 52m";"-366.24"
"223";"USTEC_ICM_UTC2";"Buy";"5791.1";"5786.3";"2017.05.25 22:00:00";"2017.05.26 22:55:00";"30.0";"-327.12";"5708.60010";"5873.60010";"-21047.05";"0.00";"IST";"End Of Friday (Time)";"1d 0h 55m";"-183.12"
"224";"USTEC_ICM_UTC2";"Buy";"5793.6";"5876.1";"2017.05.29 18:45:00";"2017.06.02 22:24:00";"30.0";"1742.52";"5711.10010";"5876.10010";"-19304.53";"0.00";"IST";"PT";"4d 3h 39m";"-732.48"
"225";"USTEC_ICM_UTC2";"Buy";"5883.7";"5801.2";"2017.06.05 17:00:00";"2017.06.09 20:11:00";"30.0";"-3207.48";"5801.20020";"5966.20020";"-22512.01";"0.00";"IST";"SL";"4d 3h 11m";"-732.48"
"226";"USTEC_ICM_UTC2";"Buy";"5800.6";"5718.1";"2017.06.09 20:30:00";"2017.06.09 21:46:00";"30.0";"-2475.00";"5718.10010";"5883.10010";"-24987.01";"0.00";"IST";"SL";"1h 16m";"-0.00"
"227";"USTEC_ICM_UTC2";"Buy";"5683.4";"5765.9";"2017.06.12 20:45:00";"2017.06.14 14:42:00";"30.0";"2108.76";"5600.89990";"5765.89990";"-22878.25";"0.00";"IST";"PT";"1d 17h 57m";"-366.24"
"228";"USTEC_ICM_UTC2";"Buy";"5766.8";"5684.3";"2017.06.14 17:00:00";"2017.06.14 22:11:00";"30.0";"-2475.00";"5684.29980";"5849.29980";"-25353.25";"0.00";"IST";"SL";"5h 11m";"-0.00"
"229";"USTEC_ICM_UTC2";"Buy";"5659.6";"5678.8";"2017.06.15 17:00:00";"2017.06.16 22:55:00";"30.0";"392.88";"5577.10010";"5742.10010";"-24960.37";"0.00";"IST";"End Of Friday (Time)";"1d 5h 55m";"-183.12"
"230";"USTEC_ICM_UTC2";"Buy";"5761.2";"5802.2";"2017.06.19 18:15:00";"2017.06.23 22:55:00";"30.0";"497.52";"5678.70020";"5843.70020";"-24462.85";"0.00";"IST";"End Of Friday (Time)";"4d 4h 40m";"-732.48"
"231";"USTEC_ICM_UTC2";"Buy";"5820.5";"5738.0";"2017.06.26 17:15:00";"2017.06.27 16:31:00";"30.0";"-2658.12";"5738.00000";"5903.00000";"-27120.97";"0.00";"IST";"SL";"23h 16m";"-183.12"
"232";"USTEC_ICM_UTC2";"Buy";"5750.3";"5655.4";"2017.06.27 17:15:00";"2017.06.28 09:00:00";"30.0";"-3031.05";"5667.79980";"5832.79980";"-30152.02";"0.00";"IST";"SL";"15h 45m";"-183.12"
"233";"USTEC_ICM_UTC2";"Buy";"5694.5";"5612.0";"2017.06.29 17:00:00";"2017.06.29 20:25:00";"30.0";"-2475.00";"5612.00000";"5777.00000";"-32627.02";"0.00";"IST";"SL";"3h 25m";"-0.00"
"234";"USTEC_ICM_UTC2";"Buy";"5676.2";"5660.1";"2017.06.30 16:45:00";"2017.06.30 22:55:00";"30.0";"-483.00";"5593.70020";"5758.70020";"-33110.02";"0.00";"IST";"End Of Friday (Time)";"6h 10m";"-0.00"
"235";"USTEC_ICM_UTC2";"Buy";"5600.5";"5658.4";"2017.07.04 17:30:00";"2017.07.07 22:55:00";"30.0";"1187.64";"5518.00000";"5683.00000";"-31922.38";"0.00";"IST";"End Of Friday (Time)";"3d 5h 25m";"-549.36"
"236";"USTEC_ICM_UTC2";"Buy";"5662.7";"5745.2";"2017.07.10 17:15:00";"2017.07.12 15:39:00";"30.0";"2108.76";"5580.20020";"5745.20020";"-29813.62";"0.00";"IST";"PT";"1d 22h 24m";"-366.24"
"237";"USTEC_ICM_UTC2";"Buy";"5759.1";"5841.6";"2017.07.12 16:45:00";"2017.07.14 22:35:00";"30.0";"2108.76";"5676.60010";"5841.60010";"-27704.86";"0.00";"IST";"PT";"2d 5h 50m";"-366.24"
"238";"USTEC_ICM_UTC2";"Buy";"5845.3";"5927.8";"2017.07.17 17:45:00";"2017.07.20 15:18:00";"30.0";"1925.64";"5762.79980";"5927.79980";"-25779.22";"0.00";"IST";"PT";"2d 21h 33m";"-549.36"
"239";"USTEC_ICM_UTC2";"Buy";"5915.7";"5915.5";"2017.07.20 18:30:00";"2017.07.21 22:55:00";"30.0";"-189.12";"5833.20020";"5998.20020";"-25968.34";"0.00";"IST";"End Of Friday (Time)";"1d 4h 25m";"-183.12"
"240";"USTEC_ICM_UTC2";"Buy";"5929.2";"5846.7";"2017.07.25 17:15:00";"2017.07.27 20:39:00";"30.0";"-2841.24";"5846.70020";"6011.70020";"-28809.58";"0.00";"IST";"SL";"2d 3h 24m";"-366.24"
"241";"USTEC_ICM_UTC2";"Buy";"5896.9";"5908.5";"2017.07.27 21:15:00";"2017.07.28 22:55:00";"30.0";"164.88";"5814.39990";"5979.39990";"-28644.70";"0.00";"IST";"End Of Friday (Time)";"1d 1h 40m";"-183.12"
"242";"USTEC_ICM_UTC2";"Buy";"5892.1";"5893.5";"2017.07.31 18:45:00";"2017.08.04 22:55:00";"30.0";"-690.48";"5809.60010";"5974.60010";"-29335.18";"0.00";"IST";"End Of Friday (Time)";"4d 4h 10m";"-732.48"
"243";"USTEC_ICM_UTC2";"Buy";"5924.4";"5841.9";"2017.08.07 21:00:00";"2017.08.10 17:03:00";"30.0";"-3024.36";"5841.89990";"6006.89990";"-32359.54";"0.00";"IST";"SL";"2d 20h 3m";"-549.36"
"244";"USTEC_ICM_UTC2";"Buy";"5850.4";"5767.9";"2017.08.10 18:00:00";"2017.08.11 11:22:00";"30.0";"-2658.12";"5767.89990";"5932.89990";"-35017.66";"0.00";"IST";"SL";"17h 22m";"-183.12"
"245";"USTEC_ICM_UTC2";"Buy";"5821.0";"5830.1";"2017.08.11 22:15:00";"2017.08.11 22:55:00";"30.0";"273.00";"5738.50000";"5903.50000";"-34744.66";"0.00";"IST";"End Of Friday (Time)";"40m 0s";"-0.00"
"246";"USTEC_ICM_UTC2";"Buy";"5898.9";"5816.4";"2017.08.14 20:00:00";"2017.08.17 21:18:00";"30.0";"-3024.36";"5816.39990";"5981.39990";"-37769.02";"0.00";"IST";"SL";"3d 1h 18m";"-549.36"
"247";"USTEC_ICM_UTC2";"Buy";"5796.6";"5793.9";"2017.08.18 18:00:00";"2017.08.18 22:55:00";"30.0";"-81.00";"5714.10010";"5879.10010";"-37850.02";"0.00";"IST";"End Of Friday (Time)";"4h 55m";"-0.00"
"248";"USTEC_ICM_UTC2";"Buy";"5796.6";"5826.6";"2017.08.21 16:45:00";"2017.08.25 22:55:00";"30.0";"167.52";"5714.10010";"5879.10010";"-37682.50";"0.00";"IST";"End Of Friday (Time)";"4d 6h 10m";"-732.48"
"249";"USTEC_ICM_UTC2";"Buy";"5842.1";"5924.6";"2017.08.28 21:00:00";"2017.08.30 20:27:00";"30.0";"2108.76";"5759.60010";"5924.60010";"-35573.74";"0.00";"IST";"PT";"1d 23h 27m";"-366.24"
"250";"USTEC_ICM_UTC2";"Buy";"5934.7";"5990.4";"2017.08.30 21:15:00";"2017.09.01 22:55:00";"30.0";"1304.76";"5852.20020";"6017.20020";"-34268.98";"0.00";"IST";"End Of Friday (Time)";"2d 1h 40m";"-366.24"
"251";"USTEC_ICM_UTC2";"Buy";"5968.0";"5910.5";"2017.09.04 17:15:00";"2017.09.08 22:55:00";"30.0";"-2457.48";"5885.50000";"6050.50000";"-36726.46";"0.00";"IST";"End Of Friday (Time)";"4d 5h 40m";"-732.48"
"252";"USTEC_ICM_UTC2";"Buy";"5976.7";"5987.0";"2017.09.11 19:30:00";"2017.09.15 22:55:00";"30.0";"-423.48";"5894.20020";"6059.20020";"-37149.94";"0.00";"IST";"End Of Friday (Time)";"4d 3h 25m";"-732.48"
"253";"USTEC_ICM_UTC2";"Buy";"6001.6";"5919.1";"2017.09.18 16:45:00";"2017.09.21 17:22:00";"30.0";"-3024.36";"5919.10010";"6084.10010";"-40174.30";"0.00";"IST";"SL";"3d 0h 37m";"-549.36"
"254";"USTEC_ICM_UTC2";"Buy";"5944.2";"5934.2";"2017.09.21 18:30:00";"2017.09.22 22:55:00";"30.0";"-483.12";"5861.70020";"6026.70020";"-40657.42";"0.00";"IST";"End Of Friday (Time)";"1d 4h 25m";"-183.12"
"255";"USTEC_ICM_UTC2";"Buy";"5893.0";"5975.5";"2017.09.25 16:45:00";"2017.09.29 19:42:00";"30.0";"1742.52";"5810.50000";"5975.50000";"-38914.90";"0.00";"IST";"PT";"4d 2h 57m";"-732.48"
"256";"USTEC_ICM_UTC2";"Buy";"5970.9";"5977.9";"2017.09.29 22:30:00";"2017.09.29 22:55:00";"30.0";"210.00";"5888.39990";"6053.39990";"-38704.90";"0.00";"IST";"End Of Friday (Time)";"25m 0s";"-0.00"
"257";"USTEC_ICM_UTC2";"Buy";"6001.5";"6062.3";"2017.10.02 17:45:00";"2017.10.06 22:55:00";"30.0";"1091.52";"5919.00000";"6084.00000";"-37613.38";"0.00";"IST";"End Of Friday (Time)";"4d 5h 10m";"-732.48"
"258";"USTEC_ICM_UTC2";"Buy";"6070.8";"6091.6";"2017.10.09 17:45:00";"2017.10.13 22:55:00";"30.0";"-108.48";"5988.29980";"6153.29980";"-37721.86";"0.00";"IST";"End Of Friday (Time)";"4d 5h 10m";"-732.48"
"259";"USTEC_ICM_UTC2";"Buy";"6108.4";"6100.8";"2017.10.16 19:00:00";"2017.10.20 22:55:00";"30.0";"-960.48";"6025.89990";"6190.89990";"-38682.34";"0.00";"IST";"End Of Friday (Time)";"4d 3h 55m";"-732.48"
"260";"USTEC_ICM_UTC2";"Buy";"6094.0";"6011.5";"2017.10.23 18:30:00";"2017.10.25 19:29:00";"30.0";"-2841.24";"6011.50000";"6176.50000";"-41523.58";"0.00";"IST";"SL";"2d 0h 59m";"-366.24"
"261";"USTEC_ICM_UTC2";"Buy";"6013.0";"6097.8";"2017.10.25 19:30:00";"2017.10.27 09:05:00";"30.0";"2176.83";"5930.50000";"6095.50000";"-39346.75";"0.00";"IST";"PT";"1d 13h 35m";"-366.24"
"262";"USTEC_ICM_UTC2";"Buy";"6141.1";"6223.6";"2017.10.27 16:45:00";"2017.10.27 21:13:00";"30.0";"2475.00";"6058.60010";"6223.60010";"-36871.75";"0.00";"IST";"PT";"4h 28m";"-0.00"
"263";"USTEC_ICM_UTC2";"Buy";"6221.1";"6303.6";"2017.10.30 19:00:00";"2017.11.06 16:37:00";"30.0";"1193.16";"6138.60010";"6303.60010";"-35678.59";"0.00";"IST";"PT";"6d 21h 37m";"-1281.84"
"264";"USTEC_ICM_UTC2";"Buy";"6307.6";"6309.6";"2017.11.06 16:45:00";"2017.11.10 22:55:00";"30.0";"-672.48";"6225.10010";"6390.10010";"-36351.07";"0.00";"IST";"End Of Friday (Time)";"4d 6h 10m";"-732.48"
"265";"USTEC_ICM_UTC2";"Buy";"6293.3";"6315.6";"2017.11.14 16:30:00";"2017.11.17 22:55:00";"30.0";"119.64";"6210.79980";"6375.79980";"-36231.43";"0.00";"IST";"End Of Friday (Time)";"3d 6h 25m";"-549.36"
"266";"USTEC_ICM_UTC2";"Buy";"6309.6";"6392.1";"2017.11.20 18:45:00";"2017.11.23 12:59:00";"30.0";"1925.64";"6227.10010";"6392.10010";"-34305.79";"0.00";"IST";"PT";"2d 18h 14m";"-549.36"
"267";"USTEC_ICM_UTC2";"Buy";"6385.3";"6302.8";"2017.11.23 16:30:00";"2017.11.29 18:41:00";"30.0";"-3573.72";"6302.79980";"6467.79980";"-37879.51";"0.00";"IST";"SL";"6d 2h 11m";"-1098.72"
"268";"USTEC_ICM_UTC2";"Buy";"6301.6";"6337.8";"2017.11.29 18:45:00";"2017.12.01 22:55:00";"30.0";"719.76";"6219.10010";"6384.10010";"-37159.75";"0.00";"IST";"End Of Friday (Time)";"2d 4h 10m";"-366.24"
"269";"USTEC_ICM_UTC2";"Buy";"6374.8";"6292.3";"2017.12.04 16:30:00";"2017.12.04 17:50:00";"30.0";"-2475.00";"6292.29980";"6457.29980";"-39634.75";"0.00";"IST";"SL";"1h 20m";"-0.00"
"270";"USTEC_ICM_UTC2";"Buy";"6304.7";"6339.2";"2017.12.05 20:45:00";"2017.12.08 22:55:00";"30.0";"485.64";"6222.20020";"6387.20020";"-39149.11";"0.00";"IST";"End Of Friday (Time)";"3d 2h 10m";"-549.36"
"271";"USTEC_ICM_UTC2";"Buy";"6360.4";"6442.9";"2017.12.11 16:45:00";"2017.12.15 18:55:00";"30.0";"1742.52";"6277.89990";"6442.89990";"-37406.59";"0.00";"IST";"PT";"4d 2h 10m";"-732.48"
"272";"USTEC_ICM_UTC2";"Buy";"6504.9";"6467.4";"2017.12.18 16:30:00";"2017.12.22 22:55:00";"30.0";"-1857.48";"6422.39990";"6587.39990";"-39264.07";"0.00";"IST";"End Of Friday (Time)";"4d 6h 25m";"-732.48"
"273";"USTEC_ICM_UTC2";"Buy";"6430.6";"6399.3";"2017.12.26 18:30:00";"2017.12.29 22:55:00";"30.0";"-1488.36";"6348.10010";"6513.10010";"-40752.43";"0.00";"IST";"End Of Friday (Time)";"3d 4h 25m";"-549.36"
"274";"USTEC_ICM_UTC2";"Buy";"6576.4";"6653.6";"2018.01.03 20:30:00";"2018.01.05 22:55:00";"30.0";"1949.76";"6493.89990";"6658.89990";"-38802.67";"0.00";"IST";"End Of Friday (Time)";"2d 2h 25m";"-366.24"
"275";"USTEC_ICM_UTC2";"Buy";"6653.4";"6735.9";"2018.01.08 16:30:00";"2018.01.12 17:39:00";"30.0";"1742.52";"6570.89990";"6735.89990";"-37060.15";"0.00";"IST";"PT";"4d 1h 9m";"-732.48"
"276";"USTEC_ICM_UTC2";"Buy";"6755.4";"6760.7";"2018.01.12 21:00:00";"2018.01.12 22:55:00";"30.0";"159.00";"6672.89990";"6837.89990";"-36901.15";"0.00";"IST";"End Of Friday (Time)";"1h 55m";"-0.00"
"277";"USTEC_ICM_UTC2";"Buy";"6772.1";"6831.0";"2018.01.15 16:30:00";"2018.01.19 22:55:00";"30.0";"1034.52";"6689.60010";"6854.60010";"-35866.63";"0.00";"IST";"End Of Friday (Time)";"4d 6h 25m";"-732.48"
"278";"USTEC_ICM_UTC2";"Buy";"6892.4";"6974.9";"2018.01.22 22:45:00";"2018.01.24 15:35:00";"30.0";"2108.76";"6809.89990";"6974.89990";"-33757.87";"0.00";"IST";"PT";"1d 16h 50m";"-366.24"
"279";"USTEC_ICM_UTC2";"Buy";"6983.1";"6900.6";"2018.01.24 17:45:00";"2018.01.24 19:46:00";"30.0";"-2475.00";"6900.60010";"7065.60010";"-36232.87";"0.00";"IST";"SL";"2h 1m";"-0.00"
"280";"USTEC_ICM_UTC2";"Buy";"6942.6";"7014.2";"2018.01.25 18:30:00";"2018.01.26 22:55:00";"30.0";"1964.88";"6860.10010";"7025.10010";"-34267.99";"0.00";"IST";"End Of Friday (Time)";"1d 4h 25m";"-183.12"
"281";"USTEC_ICM_UTC2";"Buy";"7004.5";"6922.0";"2018.01.29 16:30:00";"2018.01.30 16:13:00";"30.0";"-2658.12";"6922.00000";"7087.00000";"-36926.11";"0.00";"IST";"SL";"23h 43m";"-183.12"
"282";"USTEC_ICM_UTC2";"Buy";"6906.2";"6823.7";"2018.01.30 17:15:00";"2018.02.02 16:55:00";"30.0";"-3024.36";"6823.70020";"6988.70020";"-39950.47";"0.00";"IST";"SL";"2d 23h 40m";"-549.36"
"283";"USTEC_ICM_UTC2";"Buy";"6832.3";"6747.7";"2018.02.02 20:15:00";"2018.02.05 09:05:00";"30.0";"-3088.29";"6749.79980";"6914.79980";"-43038.76";"0.00";"IST";"SL";"2d 12h 50m";"-549.36"
"284";"USTEC_ICM_UTC2";"Buy";"6707.8";"6625.3";"2018.02.05 20:15:00";"2018.02.05 21:57:00";"30.0";"-2475.00";"6625.29980";"6790.29980";"-45513.76";"0.00";"IST";"SL";"1h 42m";"-0.00"
"285";"USTEC_ICM_UTC2";"Buy";"6634.5";"6552.0";"2018.02.07 21:15:00";"2018.02.08 12:53:00";"30.0";"-2658.12";"6552.00000";"6717.00000";"-48171.88";"0.00";"IST";"SL";"15h 38m";"-183.12"
"286";"USTEC_ICM_UTC2";"Buy";"6481.9";"6399.4";"2018.02.08 19:15:00";"2018.02.08 19:54:00";"30.0";"-2475.00";"6399.39990";"6564.39990";"-50646.88";"0.00";"IST";"SL";"39m 0s";"-0.00"
"287";"USTEC_ICM_UTC2";"Buy";"6282.3";"6199.8";"2018.02.09 19:00:00";"2018.02.09 19:43:00";"30.0";"-2475.00";"6199.79980";"6364.79980";"-53121.88";"0.00";"IST";"SL";"43m 0s";"-0.00"
"288";"USTEC_ICM_UTC2";"Buy";"6448.3";"6531.2";"2018.02.12 17:30:00";"2018.02.12 19:15:00";"30.0";"2485.80";"6365.79980";"6530.79980";"-50636.08";"0.00";"IST";"PT";"1h 45m";"-0.00"
"289";"USTEC_ICM_UTC2";"Buy";"6515.5";"6598.0";"2018.02.13 17:15:00";"2018.02.14 17:20:00";"30.0";"2291.88";"6433.00000";"6598.00000";"-48344.20";"0.00";"IST";"PT";"1d 0h 5m";"-183.12"
"290";"USTEC_ICM_UTC2";"Buy";"6602.1";"6684.6";"2018.02.14 17:30:00";"2018.02.14 22:47:00";"30.0";"2475.00";"6519.60010";"6684.60010";"-45869.20";"0.00";"IST";"PT";"5h 17m";"-0.00"
"291";"USTEC_ICM_UTC2";"Buy";"6736.4";"6826.4";"2018.02.15 19:15:00";"2018.02.16 09:05:00";"30.0";"2515.68";"6653.89990";"6818.89990";"-43353.52";"0.00";"IST";"PT";"13h 50m";"-183.12"
"292";"USTEC_ICM_UTC2";"Buy";"6793.9";"6785.2";"2018.02.16 17:15:00";"2018.02.16 22:55:00";"30.0";"-261.00";"6711.39990";"6876.39990";"-43614.52";"0.00";"IST";"End Of Friday (Time)";"5h 40m";"-0.00"
"293";"USTEC_ICM_UTC2";"Buy";"6800.2";"6717.7";"2018.02.19 16:30:00";"2018.02.20 12:06:00";"30.0";"-2658.12";"6717.70020";"6882.70020";"-46272.64";"0.00";"IST";"SL";"19h 36m";"-183.12"
"294";"USTEC_ICM_UTC2";"Buy";"6741.8";"6824.3";"2018.02.20 16:30:00";"2018.02.20 18:29:00";"30.0";"2475.00";"6659.29980";"6824.29980";"-43797.64";"0.00";"IST";"PT";"1h 59m";"-0.00"
"295";"USTEC_ICM_UTC2";"Buy";"6834.6";"6724.6";"2018.02.21 20:45:00";"2018.02.22 09:05:00";"30.0";"-3484.35";"6752.10010";"6917.10010";"-47281.99";"0.00";"IST";"SL";"12h 20m";"-183.12"
"296";"USTEC_ICM_UTC2";"Buy";"6792.0";"6874.5";"2018.02.22 21:30:00";"2018.02.23 21:55:00";"30.0";"2291.88";"6709.50000";"6874.50000";"-44990.11";"0.00";"IST";"PT";"1d 0h 25m";"-183.12"
"297";"USTEC_ICM_UTC2";"Buy";"6942.5";"6860.0";"2018.02.26 17:30:00";"2018.02.28 22:59:00";"30.0";"-2841.24";"6860.00000";"7025.00000";"-47831.35";"0.00";"IST";"SL";"2d 5h 29m";"-366.24"
"298";"USTEC_ICM_UTC2";"Buy";"6842.6";"6760.1";"2018.03.01 18:15:00";"2018.03.01 20:06:00";"30.0";"-2475.00";"6760.10010";"6925.10010";"-50306.35";"0.00";"IST";"SL";"1h 51m";"-0.00"
"299";"USTEC_ICM_UTC2";"Buy";"6668.0";"6750.5";"2018.03.02 16:30:00";"2018.03.02 18:58:00";"30.0";"2475.00";"6585.50000";"6750.50000";"-47831.35";"0.00";"IST";"PT";"2h 28m";"-0.00"
"300";"USTEC_ICM_UTC2";"Buy";"6779.0";"6861.5";"2018.03.05 16:30:00";"2018.03.05 18:45:00";"30.0";"2475.00";"6696.50000";"6861.50000";"-45356.35";"0.00";"IST";"PT";"2h 15m";"-0.00"
"301";"USTEC_ICM_UTC2";"Buy";"6927.3";"6831.5";"2018.03.06 17:00:00";"2018.03.07 09:05:00";"30.0";"-3058.02";"6844.79980";"7009.79980";"-48414.37";"0.00";"IST";"SL";"16h 5m";"-183.12"
"302";"USTEC_ICM_UTC2";"Buy";"6868.8";"6951.3";"2018.03.07 20:15:00";"2018.03.08 14:02:00";"30.0";"2291.88";"6786.29980";"6951.29980";"-46122.49";"0.00";"IST";"PT";"17h 47m";"-183.12"
"303";"USTEC_ICM_UTC2";"Buy";"6957.9";"7040.4";"2018.03.08 17:15:00";"2018.03.09 17:20:00";"30.0";"2291.88";"6875.39990";"7040.39990";"-43830.61";"0.00";"IST";"PT";"1d 0h 5m";"-183.12"
"304";"USTEC_ICM_UTC2";"Buy";"7068.9";"7091.0";"2018.03.09 19:45:00";"2018.03.09 22:55:00";"30.0";"663.00";"6986.39990";"7151.39990";"-43167.61";"0.00";"IST";"End Of Friday (Time)";"3h 10m";"-0.00"
"305";"USTEC_ICM_UTC2";"Buy";"7125.9";"7043.4";"2018.03.12 20:15:00";"2018.03.13 21:12:00";"30.0";"-2658.12";"7043.39990";"7208.39990";"-45825.73";"0.00";"IST";"SL";"1d 0h 57m";"-183.12"
"306";"USTEC_ICM_UTC2";"Buy";"7035.3";"6952.8";"2018.03.13 21:45:00";"2018.03.19 10:19:00";"30.0";"-3573.72";"6952.79980";"7117.79980";"-49399.45";"0.00";"IST";"SL";"5d 12h 34m";"-1098.72"
"307";"USTEC_ICM_UTC2";"Buy";"6852.8";"6770.3";"2018.03.19 18:30:00";"2018.03.22 14:40:00";"30.0";"-3024.36";"6770.29980";"6935.29980";"-52423.81";"0.00";"IST";"SL";"2d 20h 10m";"-549.36"
"308";"USTEC_ICM_UTC2";"Buy";"6757.9";"6611.1";"2018.03.22 20:45:00";"2018.03.23 08:05:00";"30.0";"-4588.35";"6675.39990";"6840.39990";"-57012.16";"0.00";"IST";"SL";"11h 20m";"-183.12"
"309";"USTEC_ICM_UTC2";"Buy";"6613.1";"6530.6";"2018.03.23 18:00:00";"2018.03.23 21:50:00";"30.0";"-2475.00";"6530.60010";"6695.60010";"-59487.16";"0.00";"IST";"SL";"3h 50m";"-0.00"
"310";"USTEC_ICM_UTC2";"Buy";"6610.0";"6692.5";"2018.03.26 17:45:00";"2018.03.26 21:28:00";"30.0";"2475.00";"6527.50000";"6692.50000";"-57012.16";"0.00";"IST";"PT";"3h 43m";"-0.00"
"311";"USTEC_ICM_UTC2";"Buy";"6783.9";"6701.4";"2018.03.27 17:00:00";"2018.03.27 20:33:00";"30.0";"-2475.00";"6701.39990";"6866.39990";"-59487.16";"0.00";"IST";"SL";"3h 33m";"-0.00"
"312";"USTEC_ICM_UTC2";"Buy";"6494.5";"6412.0";"2018.03.28 17:15:00";"2018.03.28 17:47:00";"30.0";"-2475.00";"6412.00000";"6577.00000";"-61962.16";"0.00";"IST";"SL";"32m 0s";"-0.00"
"313";"USTEC_ICM_UTC2";"Buy";"6474.9";"6557.4";"2018.03.29 16:45:00";"2018.03.29 18:01:00";"30.0";"2475.00";"6392.39990";"6557.39990";"-59487.16";"0.00";"IST";"PT";"1h 16m";"-0.00"
"314";"USTEC_ICM_UTC2";"Buy";"6380.8";"6463.3";"2018.04.02 18:45:00";"2018.04.03 18:08:00";"30.0";"2291.88";"6298.29980";"6463.29980";"-57195.28";"0.00";"IST";"PT";"23h 23m";"-183.12"
"315";"USTEC_ICM_UTC2";"Buy";"6442.1";"6359.6";"2018.04.03 18:30:00";"2018.04.04 11:04:00";"30.0";"-2658.12";"6359.60010";"6524.60010";"-59853.40";"0.00";"IST";"SL";"16h 34m";"-183.12"
"316";"USTEC_ICM_UTC2";"Buy";"6593.3";"6510.8";"2018.04.05 17:45:00";"2018.04.06 09:05:00";"30.0";"-2659.02";"6510.79980";"6675.79980";"-62512.42";"0.00";"IST";"SL";"15h 20m";"-183.12"
"317";"USTEC_ICM_UTC2";"Buy";"6524.1";"6441.6";"2018.04.06 19:15:00";"2018.04.06 21:25:00";"30.0";"-2475.00";"6441.60010";"6606.60010";"-64987.42";"0.00";"IST";"SL";"2h 10m";"-0.00"
"318";"USTEC_ICM_UTC2";"Buy";"6485.7";"6568.2";"2018.04.09 16:30:00";"2018.04.09 18:33:00";"30.0";"2475.00";"6403.20020";"6568.20020";"-62512.42";"0.00";"IST";"PT";"2h 3m";"-0.00"
"319";"USTEC_ICM_UTC2";"Buy";"6544.6";"6627.1";"2018.04.10 16:45:00";"2018.04.10 22:09:00";"30.0";"2475.00";"6462.10010";"6627.10010";"-60037.42";"0.00";"IST";"PT";"5h 24m";"-0.00"
"320";"USTEC_ICM_UTC2";"Buy";"6627.5";"6632.4";"2018.04.11 19:45:00";"2018.04.13 22:55:00";"30.0";"-219.24";"6545.00000";"6710.00000";"-60256.66";"0.00";"IST";"End Of Friday (Time)";"2d 3h 10m";"-366.24"
"321";"USTEC_ICM_UTC2";"Buy";"6655.8";"6738.3";"2018.04.16 18:00:00";"2018.04.17 13:13:00";"30.0";"2291.88";"6573.29980";"6738.29980";"-57964.78";"0.00";"IST";"PT";"19h 13m";"-183.12"
"322";"USTEC_ICM_UTC2";"Buy";"6774.8";"6857.3";"2018.04.17 17:45:00";"2018.04.18 21:57:00";"30.0";"2291.88";"6692.29980";"6857.29980";"-55672.90";"0.00";"IST";"PT";"1d 4h 12m";"-183.12"
"323";"USTEC_ICM_UTC2";"Buy";"6849.6";"6767.1";"2018.04.18 22:15:00";"2018.04.19 18:13:00";"30.0";"-2658.12";"6767.10010";"6932.10010";"-58331.02";"0.00";"IST";"SL";"19h 58m";"-183.12"
"324";"USTEC_ICM_UTC2";"Buy";"6766.4";"6683.9";"2018.04.19 18:15:00";"2018.04.20 18:10:00";"30.0";"-2658.12";"6683.89990";"6848.89990";"-60989.14";"0.00";"IST";"SL";"23h 55m";"-183.12"
"325";"USTEC_ICM_UTC2";"Buy";"6680.8";"6662.9";"2018.04.20 18:15:00";"2018.04.20 22:55:00";"30.0";"-537.00";"6598.29980";"6763.29980";"-61526.14";"0.00";"IST";"End Of Friday (Time)";"4h 40m";"-0.00"
"326";"USTEC_ICM_UTC2";"Buy";"6702.3";"6619.8";"2018.04.23 18:00:00";"2018.04.23 21:53:00";"30.0";"-2475.00";"6619.79980";"6784.79980";"-64001.14";"0.00";"IST";"SL";"3h 53m";"-0.00"
"327";"USTEC_ICM_UTC2";"Buy";"6653.7";"6571.2";"2018.04.24 17:15:00";"2018.04.24 18:07:00";"30.0";"-2475.00";"6571.20020";"6736.20020";"-66476.14";"0.00";"IST";"SL";"52m 0s";"-0.00"
"328";"USTEC_ICM_UTC2";"Buy";"6505.6";"6588.1";"2018.04.25 20:30:00";"2018.04.26 01:00:00";"30.0";"2291.88";"6423.10010";"6588.10010";"-64184.26";"0.00";"IST";"PT";"4h 30m";"-183.12"
"329";"USTEC_ICM_UTC2";"Buy";"6639.2";"6721.7";"2018.04.26 18:00:00";"2018.04.26 23:04:00";"30.0";"2475.00";"6556.70020";"6721.70020";"-61709.26";"0.00";"IST";"PT";"5h 4m";"-0.00"
"330";"USTEC_ICM_UTC2";"Buy";"6749.3";"6666.8";"2018.04.27 16:30:00";"2018.04.27 17:25:00";"30.0";"-2475.00";"6666.79980";"6831.79980";"-64184.26";"0.00";"IST";"SL";"55m 0s";"-0.00"
"331";"USTEC_ICM_UTC2";"Buy";"6706.0";"6623.5";"2018.04.30 17:15:00";"2018.04.30 18:53:00";"30.0";"-2475.00";"6623.50000";"6788.50000";"-66659.27";"0.00";"IST";"SL";"1h 38m";"-0.00"
"332";"USTEC_ICM_UTC2";"Buy";"6591.5";"6674.0";"2018.05.01 16:30:00";"2018.05.01 22:50:00";"30.0";"2475.00";"6509.00000";"6674.00000";"-64184.26";"0.00";"IST";"PT";"6h 20m";"-0.00"
"333";"USTEC_ICM_UTC2";"Buy";"6681.6";"6599.1";"2018.05.02 16:45:00";"2018.05.03 15:03:00";"30.0";"-2658.12";"6599.10010";"6764.10010";"-66842.38";"0.00";"IST";"SL";"22h 18m";"-183.12"
"334";"USTEC_ICM_UTC2";"Buy";"6612.4";"6694.9";"2018.05.03 16:30:00";"2018.05.04 17:26:00";"30.0";"2291.88";"6529.89990";"6694.89990";"-64550.50";"0.00";"IST";"PT";"1d 0h 56m";"-183.12"
"335";"USTEC_ICM_UTC2";"Buy";"6797.8";"6880.3";"2018.05.07 16:30:00";"2018.05.09 20:30:00";"30.0";"2108.76";"6715.29980";"6880.29980";"-62441.74";"0.00";"IST";"PT";"2d 4h 0m";"-366.24"
"336";"USTEC_ICM_UTC2";"Buy";"6890.0";"6944.8";"2018.05.09 21:45:00";"2018.05.11 22:55:00";"30.0";"1277.76";"6807.50000";"6972.50000";"-61163.98";"0.00";"IST";"End Of Friday (Time)";"2d 1h 10m";"-366.24"
"337";"USTEC_ICM_UTC2";"Buy";"6968.5";"6886.0";"2018.05.14 16:30:00";"2018.05.15 16:33:00";"30.0";"-2658.12";"6886.00000";"7051.00000";"-63822.11";"0.00";"IST";"SL";"1d 0h 3m";"-183.12"
"338";"USTEC_ICM_UTC2";"Buy";"6871.5";"6869.6";"2018.05.15 18:30:00";"2018.05.18 22:55:00";"30.0";"-606.36";"6789.00000";"6954.00000";"-64428.46";"0.00";"IST";"End Of Friday (Time)";"3d 4h 25m";"-549.36"
"339";"USTEC_ICM_UTC2";"Buy";"6910.7";"6828.2";"2018.05.21 19:45:00";"2018.05.23 11:25:00";"30.0";"-2841.24";"6828.20020";"6993.20020";"-67269.70";"0.00";"IST";"SL";"1d 15h 40m";"-366.24"
"340";"USTEC_ICM_UTC2";"Buy";"6842.0";"6924.5";"2018.05.23 16:30:00";"2018.05.23 21:09:00";"30.0";"2475.00";"6759.50000";"6924.50000";"-64794.70";"0.00";"IST";"PT";"4h 39m";"-0.00"
"341";"USTEC_ICM_UTC2";"Buy";"6950.1";"6960.3";"2018.05.24 16:30:00";"2018.05.25 22:55:00";"30.0";"122.88";"6867.60010";"7032.60010";"-64671.82";"0.00";"IST";"End Of Friday (Time)";"1d 6h 25m";"-183.12"
"342";"USTEC_ICM_UTC2";"Buy";"6977.2";"6894.7";"2018.05.28 17:15:00";"2018.05.29 11:32:00";"30.0";"-2658.12";"6894.70020";"7059.70020";"-67329.95";"0.00";"IST";"SL";"18h 17m";"-183.12"
"343";"USTEC_ICM_UTC2";"Buy";"6914.2";"6996.7";"2018.05.29 20:15:00";"2018.05.31 18:38:00";"30.0";"2108.76";"6831.70020";"6996.70020";"-65221.18";"0.00";"IST";"PT";"1d 22h 23m";"-366.24"
"344";"USTEC_ICM_UTC2";"Buy";"6992.3";"7074.8";"2018.05.31 19:30:00";"2018.06.01 18:46:00";"30.0";"2291.88";"6909.79980";"7074.79980";"-62929.30";"0.00";"IST";"PT";"23h 16m";"-183.12"
"345";"USTEC_ICM_UTC2";"Buy";"7074.3";"7078.0";"2018.06.01 21:15:00";"2018.06.01 22:55:00";"30.0";"111.00";"6991.79980";"7156.79980";"-62818.30";"0.00";"IST";"End Of Friday (Time)";"1h 40m";"-0.00"
"346";"USTEC_ICM_UTC2";"Buy";"7099.1";"7181.6";"2018.06.04 16:30:00";"2018.06.06 03:33:00";"30.0";"2108.76";"7016.60010";"7181.60010";"-60709.54";"0.00";"IST";"PT";"1d 11h 3m";"-366.24"
"347";"USTEC_ICM_UTC2";"Buy";"7157.5";"7075.0";"2018.06.06 17:15:00";"2018.06.08 11:20:00";"30.0";"-2841.24";"7075.00000";"7240.00000";"-63550.79";"0.00";"IST";"SL";"1d 18h 5m";"-366.24"
"348";"USTEC_ICM_UTC2";"Buy";"7125.1";"7155.5";"2018.06.08 18:00:00";"2018.06.08 22:55:00";"30.0";"912.00";"7042.60010";"7207.60010";"-62638.79";"0.00";"IST";"End Of Friday (Time)";"4h 55m";"-0.00"
"349";"USTEC_ICM_UTC2";"Buy";"7168.4";"7250.9";"2018.06.11 16:45:00";"2018.06.13 18:16:00";"30.0";"2108.76";"7085.89990";"7250.89990";"-60530.02";"0.00";"IST";"PT";"2d 1h 31m";"-366.24"
"350";"USTEC_ICM_UTC2";"Buy";"7250.3";"7252.0";"2018.06.13 19:15:00";"2018.06.15 22:55:00";"30.0";"-315.24";"7167.79980";"7332.79980";"-60845.27";"0.00";"IST";"End Of Friday (Time)";"2d 3h 40m";"-366.24"
"351";"USTEC_ICM_UTC2";"Buy";"7296.0";"7213.5";"2018.06.20 21:45:00";"2018.06.21 17:22:00";"30.0";"-2658.12";"7213.50000";"7378.50000";"-63503.38";"0.00";"IST";"SL";"19h 37m";"-183.12"
"352";"USTEC_ICM_UTC2";"Buy";"7231.4";"7207.5";"2018.06.21 17:30:00";"2018.06.22 22:55:00";"30.0";"-900.12";"7148.89990";"7313.89990";"-64403.50";"0.00";"IST";"End Of Friday (Time)";"1d 5h 25m";"-183.12"
"353";"USTEC_ICM_UTC2";"Buy";"7034.0";"7116.5";"2018.06.25 18:30:00";"2018.06.27 16:53:00";"30.0";"2108.76";"6951.50000";"7116.50000";"-62294.74";"0.00";"IST";"PT";"1d 22h 23m";"-366.24"
"354";"USTEC_ICM_UTC2";"Buy";"7058.7";"6976.2";"2018.06.27 19:45:00";"2018.06.27 22:58:00";"30.0";"-2475.00";"6976.20020";"7141.20020";"-64769.74";"0.00";"IST";"SL";"3h 13m";"-0.00"
"355";"USTEC_ICM_UTC2";"Buy";"7007.4";"7089.9";"2018.06.28 20:45:00";"2018.06.29 11:40:00";"30.0";"2291.88";"6924.89990";"7089.89990";"-62477.86";"0.00";"IST";"PT";"14h 55m";"-183.12"
"356";"USTEC_ICM_UTC2";"Buy";"7080.4";"7053.5";"2018.06.29 18:45:00";"2018.06.29 22:55:00";"30.0";"-807.00";"6997.89990";"7162.89990";"-63284.86";"0.00";"IST";"End Of Friday (Time)";"4h 10m";"-0.00"
"357";"USTEC_ICM_UTC2";"Buy";"7016.4";"7098.9";"2018.07.02 17:00:00";"2018.07.02 23:04:00";"30.0";"2475.00";"6933.89990";"7098.89990";"-60809.86";"0.00";"IST";"PT";"6h 4m";"-0.00"
"358";"USTEC_ICM_UTC2";"Buy";"7089.7";"7007.2";"2018.07.03 17:30:00";"2018.07.03 20:13:00";"30.0";"-2475.00";"7007.20020";"7172.20020";"-63284.86";"0.00";"IST";"SL";"2h 43m";"-0.00"
"359";"USTEC_ICM_UTC2";"Buy";"7027.6";"7110.1";"2018.07.04 16:30:00";"2018.07.06 07:12:00";"30.0";"2108.76";"6945.10010";"7110.10010";"-61176.11";"0.00";"IST";"PT";"1d 14h 42m";"-366.24"
"360";"USTEC_ICM_UTC2";"Buy";"7247.2";"7329.7";"2018.07.09 18:45:00";"2018.07.12 18:13:00";"30.0";"1925.64";"7164.70020";"7329.70020";"-59250.46";"0.00";"IST";"PT";"2d 23h 28m";"-549.36"
"361";"USTEC_ICM_UTC2";"Buy";"7331.1";"7378.1";"2018.07.12 18:15:00";"2018.07.13 22:55:00";"30.0";"1226.88";"7248.60010";"7413.60010";"-58023.59";"0.00";"IST";"End Of Friday (Time)";"1d 4h 40m";"-183.12"
"362";"USTEC_ICM_UTC2";"Buy";"7376.9";"7294.4";"2018.07.16 17:30:00";"2018.07.17 05:10:00";"30.0";"-2658.12";"7294.39990";"7459.39990";"-60681.70";"0.00";"IST";"SL";"11h 40m";"-183.12"
"363";"USTEC_ICM_UTC2";"Buy";"7419.1";"7336.6";"2018.07.17 22:45:00";"2018.07.20 04:45:00";"30.0";"-3024.36";"7336.60010";"7501.60010";"-63706.06";"0.00";"IST";"SL";"2d 6h 0m";"-549.36"
"364";"USTEC_ICM_UTC2";"Buy";"7360.5";"7345.9";"2018.07.20 20:30:00";"2018.07.20 22:55:00";"30.0";"-438.00";"7278.00000";"7443.00000";"-64144.06";"0.00";"IST";"End Of Friday (Time)";"2h 25m";"-0.00"
"365";"USTEC_ICM_UTC2";"Buy";"7463.6";"7381.1";"2018.07.24 17:15:00";"2018.07.24 20:31:00";"30.0";"-2475.00";"7381.10010";"7546.10010";"-66619.06";"0.00";"IST";"SL";"3h 16m";"-0.00"
"366";"USTEC_ICM_UTC2";"Buy";"7405.8";"7488.3";"2018.07.25 16:30:00";"2018.07.25 22:40:00";"30.0";"2475.00";"7323.29980";"7488.29980";"-64144.06";"0.00";"IST";"PT";"6h 10m";"-0.00"
"367";"USTEC_ICM_UTC2";"Buy";"7418.1";"7335.6";"2018.07.26 17:15:00";"2018.07.27 19:03:00";"30.0";"-2658.12";"7335.60010";"7500.60010";"-66802.19";"0.00";"IST";"SL";"1d 1h 48m";"-183.12"
"368";"USTEC_ICM_UTC2";"Buy";"7341.9";"7259.4";"2018.07.27 19:15:00";"2018.07.27 20:01:00";"30.0";"-2475.00";"7259.39990";"7424.39990";"-69277.19";"0.00";"IST";"SL";"46m 0s";"-0.00"
"369";"USTEC_ICM_UTC2";"Buy";"7205.4";"7287.9";"2018.07.30 18:30:00";"2018.08.01 17:22:00";"30.0";"2108.76";"7122.89990";"7287.89990";"-67168.42";"0.00";"IST";"PT";"1d 22h 52m";"-366.24"
"370";"USTEC_ICM_UTC2";"Buy";"7260.5";"7343.0";"2018.08.01 20:00:00";"2018.08.02 19:23:00";"30.0";"2291.88";"7178.00000";"7343.00000";"-64876.54";"0.00";"IST";"PT";"23h 23m";"-183.12"
"371";"USTEC_ICM_UTC2";"Buy";"7370.1";"7391.5";"2018.08.03 17:00:00";"2018.08.03 22:55:00";"30.0";"642.00";"7287.60010";"7452.60010";"-64234.54";"0.00";"IST";"End Of Friday (Time)";"5h 55m";"-0.00"
"372";"USTEC_ICM_UTC2";"Buy";"7389.7";"7472.2";"2018.08.06 16:30:00";"2018.08.07 16:35:00";"30.0";"2291.88";"7307.20020";"7472.20020";"-61942.66";"0.00";"IST";"PT";"1d 0h 5m";"-183.12"
"373";"USTEC_ICM_UTC2";"Buy";"7464.1";"7381.6";"2018.08.07 17:15:00";"2018.08.10 21:30:00";"30.0";"-3024.36";"7381.60010";"7546.60010";"-64967.02";"0.00";"IST";"SL";"3d 4h 15m";"-549.36"
"374";"USTEC_ICM_UTC2";"Buy";"7393.9";"7408.6";"2018.08.10 22:15:00";"2018.08.10 22:55:00";"30.0";"441.00";"7311.39990";"7476.39990";"-64526.02";"0.00";"IST";"End Of Friday (Time)";"40m 0s";"-0.00"
"375";"USTEC_ICM_UTC2";"Buy";"7412.5";"7330.0";"2018.08.13 20:00:00";"2018.08.15 17:16:00";"30.0";"-2841.24";"7330.00000";"7495.00000";"-67367.27";"0.00";"IST";"SL";"1d 21h 16m";"-366.24"
"376";"USTEC_ICM_UTC2";"Buy";"7314.3";"7396.8";"2018.08.15 17:30:00";"2018.08.16 05:10:00";"30.0";"2291.88";"7231.79980";"7396.79980";"-65075.38";"0.00";"IST";"PT";"11h 40m";"-183.12"
"377";"USTEC_ICM_UTC2";"Buy";"7390.0";"7381.5";"2018.08.16 17:00:00";"2018.08.17 22:55:00";"30.0";"-438.12";"7307.50000";"7472.50000";"-65513.50";"0.00";"IST";"End Of Friday (Time)";"1d 5h 55m";"-183.12"
"378";"USTEC_ICM_UTC2";"Buy";"7394.3";"7476.8";"2018.08.20 16:30:00";"2018.08.24 17:45:00";"30.0";"1742.52";"7311.79980";"7476.79980";"-63770.98";"0.00";"IST";"PT";"4d 1h 15m";"-732.48"
"379";"USTEC_ICM_UTC2";"Buy";"7486.0";"7487.2";"2018.08.24 21:30:00";"2018.08.24 22:55:00";"30.0";"36.00";"7403.50000";"7568.50000";"-63734.98";"0.00";"IST";"End Of Friday (Time)";"1h 25m";"-0.00"
"380";"USTEC_ICM_UTC2";"Buy";"7557.2";"7639.7";"2018.08.27 18:00:00";"2018.08.29 18:23:00";"30.0";"2108.76";"7474.70020";"7639.70020";"-61626.22";"0.00";"IST";"PT";"2d 0h 23m";"-366.24"
"381";"USTEC_ICM_UTC2";"Buy";"7650.1";"7656.4";"2018.08.29 21:15:00";"2018.08.31 22:55:00";"30.0";"-177.24";"7567.60010";"7732.60010";"-61803.46";"0.00";"IST";"End Of Friday (Time)";"2d 1h 40m";"-366.24"
"382";"USTEC_ICM_UTC2";"Buy";"7666.7";"7584.2";"2018.09.03 16:45:00";"2018.09.04 16:42:00";"30.0";"-2658.12";"7584.20020";"7749.20020";"-64461.59";"0.00";"IST";"SL";"23h 57m";"-183.12"
"383";"USTEC_ICM_UTC2";"Buy";"7614.4";"7531.9";"2018.09.04 20:30:00";"2018.09.05 17:02:00";"30.0";"-2658.12";"7531.89990";"7696.89990";"-67119.70";"0.00";"IST";"SL";"20h 32m";"-183.12"
"384";"USTEC_ICM_UTC2";"Buy";"7538.3";"7455.8";"2018.09.05 17:15:00";"2018.09.06 17:35:00";"30.0";"-2658.12";"7455.79980";"7620.79980";"-69777.83";"0.00";"IST";"SL";"1d 0h 20m";"-183.12"
"385";"USTEC_ICM_UTC2";"Buy";"7449.6";"7426.2";"2018.09.06 17:45:00";"2018.09.07 22:55:00";"30.0";"-885.12";"7367.10010";"7532.10010";"-70662.95";"0.00";"IST";"End Of Friday (Time)";"1d 5h 10m";"-183.12"
"386";"USTEC_ICM_UTC2";"Buy";"7466.8";"7549.3";"2018.09.10 16:30:00";"2018.09.13 16:35:00";"30.0";"1925.64";"7384.29980";"7549.29980";"-68737.30";"0.00";"IST";"PT";"3d 0h 5m";"-549.36"
"387";"USTEC_ICM_UTC2";"Buy";"7540.0";"7549.9";"2018.09.13 17:45:00";"2018.09.14 22:55:00";"30.0";"113.88";"7457.50000";"7622.50000";"-68623.42";"0.00";"IST";"End Of Friday (Time)";"1d 5h 10m";"-183.12"
"388";"USTEC_ICM_UTC2";"Buy";"7475.7";"7393.2";"2018.09.17 17:15:00";"2018.09.18 02:49:00";"30.0";"-2658.12";"7393.20020";"7558.20020";"-71281.55";"0.00";"IST";"SL";"9h 34m";"-183.12"
"389";"USTEC_ICM_UTC2";"Buy";"7513.2";"7595.7";"2018.09.18 21:15:00";"2018.09.21 09:43:00";"30.0";"1925.64";"7430.70020";"7595.70020";"-69355.91";"0.00";"IST";"PT";"2d 12h 28m";"-549.36"
"390";"USTEC_ICM_UTC2";"Buy";"7566.9";"7533.3";"2018.09.21 18:45:00";"2018.09.21 22:55:00";"30.0";"-1008.00";"7484.39990";"7649.39990";"-70363.91";"0.00";"IST";"End Of Friday (Time)";"4h 10m";"-0.00"
"391";"USTEC_ICM_UTC2";"Buy";"7474.8";"7559.1";"2018.09.24 16:30:00";"2018.09.25 01:00:00";"30.0";"2344.68";"7392.29980";"7557.29980";"-68019.23";"0.00";"IST";"PT";"8h 30m";"-183.12"
"392";"USTEC_ICM_UTC2";"Buy";"7540.0";"7622.5";"2018.09.25 17:30:00";"2018.09.26 21:02:00";"30.0";"2291.88";"7457.50000";"7622.50000";"-65727.34";"0.00";"IST";"PT";"1d 3h 32m";"-183.12"
"393";"USTEC_ICM_UTC2";"Buy";"7621.9";"7621.6";"2018.09.26 21:15:00";"2018.09.28 22:55:00";"30.0";"-375.24";"7539.39990";"7704.39990";"-66102.59";"0.00";"IST";"End Of Friday (Time)";"2d 1h 40m";"-366.24"
"394";"USTEC_ICM_UTC2";"Buy";"7672.1";"7589.6";"2018.10.01 16:30:00";"2018.10.04 09:02:00";"30.0";"-3024.36";"7589.60010";"7754.60010";"-69126.95";"0.00";"IST";"SL";"2d 16h 32m";"-549.36"
"395";"USTEC_ICM_UTC2";"Buy";"7565.6";"7483.1";"2018.10.04 17:00:00";"2018.10.04 19:14:00";"30.0";"-2475.00";"7483.10010";"7648.10010";"-71601.95";"0.00";"IST";"SL";"2h 14m";"-0.00"
"396";"USTEC_ICM_UTC2";"Buy";"7477.0";"7394.5";"2018.10.05 17:30:00";"2018.10.05 18:21:00";"30.0";"-2475.00";"7394.50000";"7559.50000";"-74076.95";"0.00";"IST";"SL";"51m 0s";"-0.00"
"397";"USTEC_ICM_UTC2";"Buy";"7412.4";"7329.9";"2018.10.08 17:15:00";"2018.10.08 18:33:00";"30.0";"-2475.00";"7329.89990";"7494.89990";"-76551.95";"0.00";"IST";"SL";"1h 18m";"-0.00"
"398";"USTEC_ICM_UTC2";"Buy";"7371.6";"7289.1";"2018.10.09 21:00:00";"2018.10.10 16:38:00";"30.0";"-2658.12";"7289.10010";"7454.10010";"-79210.06";"0.00";"IST";"SL";"19h 38m";"-183.12"
"399";"USTEC_ICM_UTC2";"Buy";"7284.6";"7202.1";"2018.10.10 16:45:00";"2018.10.10 18:09:00";"30.0";"-2475.00";"7202.10010";"7367.10010";"-81685.06";"0.00";"IST";"SL";"1h 24m";"-0.00"
"400";"USTEC_ICM_UTC2";"Buy";"6996.3";"7078.8";"2018.10.11 22:45:00";"2018.10.12 03:15:00";"30.0";"2291.88";"6913.79980";"7078.79980";"-79393.19";"0.00";"IST";"PT";"4h 30m";"-183.12"
"401";"USTEC_ICM_UTC2";"Buy";"7130.5";"7048.0";"2018.10.12 17:00:00";"2018.10.12 19:38:00";"30.0";"-2475.00";"7048.00000";"7213.00000";"-81868.19";"0.00";"IST";"SL";"2h 38m";"-0.00"
"402";"USTEC_ICM_UTC2";"Buy";"7137.3";"7054.8";"2018.10.15 18:30:00";"2018.10.15 23:08:00";"30.0";"-2475.00";"7054.79980";"7219.79980";"-84343.19";"0.00";"IST";"SL";"4h 38m";"-0.00"
"403";"USTEC_ICM_UTC2";"Buy";"7217.8";"7300.3";"2018.10.16 19:00:00";"2018.10.16 23:03:00";"30.0";"2475.00";"7135.29980";"7300.29980";"-81868.19";"0.00";"IST";"PT";"4h 3m";"-0.00"
"404";"USTEC_ICM_UTC2";"Buy";"7312.8";"7230.3";"2018.10.17 16:30:00";"2018.10.17 17:24:00";"30.0";"-2475.00";"7230.29980";"7395.29980";"-84343.19";"0.00";"IST";"SL";"54m 0s";"-0.00"
"405";"USTEC_ICM_UTC2";"Buy";"7249.4";"7166.9";"2018.10.18 16:30:00";"2018.10.18 18:29:00";"30.0";"-2475.00";"7166.89990";"7331.89990";"-86818.19";"0.00";"IST";"SL";"1h 59m";"-0.00"
"406";"USTEC_ICM_UTC2";"Buy";"7126.7";"7120.4";"2018.10.19 20:00:00";"2018.10.19 22:55:00";"30.0";"-189.00";"7044.20020";"7209.20020";"-87007.19";"0.00";"IST";"End Of Friday (Time)";"2h 55m";"-0.00"
"407";"USTEC_ICM_UTC2";"Buy";"7098.8";"7181.3";"2018.10.22 17:30:00";"2018.10.22 17:49:00";"30.0";"2475.00";"7016.29980";"7181.29980";"-84532.19";"0.00";"IST";"PT";"19m 0s";"-0.00"
"408";"USTEC_ICM_UTC2";"Buy";"7011.1";"7093.6";"2018.10.23 16:30:00";"2018.10.23 21:16:00";"30.0";"2475.00";"6928.60010";"7093.60010";"-82057.19";"0.00";"IST";"PT";"4h 46m";"-0.00"
"409";"USTEC_ICM_UTC2";"Buy";"7044.3";"6961.8";"2018.10.24 18:00:00";"2018.10.24 20:08:00";"30.0";"-2475.00";"6961.79980";"7126.79980";"-84532.19";"0.00";"IST";"SL";"2h 8m";"-0.00"
"410";"USTEC_ICM_UTC2";"Buy";"6852.4";"6934.9";"2018.10.26 19:00:00";"2018.10.26 19:46:00";"30.0";"2475.00";"6769.89990";"6934.89990";"-82057.19";"0.00";"IST";"PT";"46m 0s";"-0.00"
"411";"USTEC_ICM_UTC2";"Buy";"6919.5";"6837.0";"2018.10.29 16:45:00";"2018.10.29 18:02:00";"30.0";"-2475.00";"6837.00000";"7002.00000";"-84532.19";"0.00";"IST";"SL";"1h 17m";"-0.00"
"412";"USTEC_ICM_UTC2";"Buy";"6712.0";"6794.5";"2018.10.30 17:00:00";"2018.10.30 17:49:00";"30.0";"2475.00";"6629.50000";"6794.50000";"-82057.19";"0.00";"IST";"PT";"49m 0s";"-0.00"
"413";"USTEC_ICM_UTC2";"Buy";"6971.9";"7054.4";"2018.10.31 17:00:00";"2018.11.01 19:22:00";"30.0";"2291.88";"6889.39990";"7054.39990";"-79765.30";"0.00";"IST";"PT";"1d 2h 22m";"-183.12"
"414";"USTEC_ICM_UTC2";"Buy";"7057.9";"6967.0";"2018.11.01 20:30:00";"2018.11.02 00:00:00";"30.0";"-2911.32";"6975.39990";"7140.39990";"-82676.63";"0.00";"IST";"SL";"3h 30m";"-183.12"
"415";"USTEC_ICM_UTC2";"Buy";"6978.0";"6895.5";"2018.11.02 16:30:00";"2018.11.05 16:44:00";"30.0";"-3024.36";"6895.50000";"7060.50000";"-85700.98";"0.00";"IST";"SL";"3d 0h 14m";"-549.36"
"416";"USTEC_ICM_UTC2";"Buy";"6898.1";"6980.6";"2018.11.05 16:45:00";"2018.11.06 16:34:00";"30.0";"2291.88";"6815.60010";"6980.60010";"-83409.10";"0.00";"IST";"PT";"23h 49m";"-183.12"
"417";"USTEC_ICM_UTC2";"Buy";"6996.4";"7078.9";"2018.11.06 19:45:00";"2018.11.07 10:45:00";"30.0";"2291.88";"6913.89990";"7078.89990";"-81117.23";"0.00";"IST";"PT";"15h 0m";"-183.12"
"418";"USTEC_ICM_UTC2";"Buy";"7071.7";"7154.2";"2018.11.07 16:30:00";"2018.11.07 17:53:00";"30.0";"2475.00";"6989.20020";"7154.20020";"-78642.23";"0.00";"IST";"PT";"1h 23m";"-0.00"
"419";"USTEC_ICM_UTC2";"Buy";"7183.7";"7101.2";"2018.11.08 17:00:00";"2018.11.09 10:27:00";"30.0";"-2658.12";"7101.20020";"7266.20020";"-81300.34";"0.00";"IST";"SL";"17h 27m";"-183.12"
"420";"USTEC_ICM_UTC2";"Buy";"7033.5";"7049.6";"2018.11.09 18:15:00";"2018.11.09 22:55:00";"30.0";"483.00";"6951.00000";"7116.00000";"-80817.34";"0.00";"IST";"End Of Friday (Time)";"4h 40m";"-0.00"
"421";"USTEC_ICM_UTC2";"Buy";"6932.9";"6850.4";"2018.11.12 16:45:00";"2018.11.12 18:14:00";"30.0";"-2475.00";"6850.39990";"7015.39990";"-83292.34";"0.00";"IST";"SL";"1h 29m";"-0.00"
"422";"USTEC_ICM_UTC2";"Buy";"6855.8";"6938.3";"2018.11.13 16:30:00";"2018.11.13 18:11:00";"30.0";"2475.00";"6773.29980";"6938.29980";"-80817.34";"0.00";"IST";"PT";"1h 41m";"-0.00"
"423";"USTEC_ICM_UTC2";"Buy";"6809.6";"6727.1";"2018.11.14 19:30:00";"2018.11.15 16:12:00";"30.0";"-2658.12";"6727.10010";"6892.10010";"-83475.47";"0.00";"IST";"SL";"20h 42m";"-183.12"
"424";"USTEC_ICM_UTC2";"Buy";"6755.3";"6837.8";"2018.11.15 16:30:00";"2018.11.15 20:24:00";"30.0";"2475.00";"6672.79980";"6837.79980";"-81000.47";"0.00";"IST";"PT";"3h 54m";"-0.00"
"425";"USTEC_ICM_UTC2";"Buy";"6858.5";"6874.8";"2018.11.16 17:00:00";"2018.11.16 22:55:00";"30.0";"489.00";"6776.00000";"6941.00000";"-80511.47";"0.00";"IST";"End Of Friday (Time)";"5h 55m";"-0.00"
"426";"USTEC_ICM_UTC2";"Buy";"6737.3";"6654.8";"2018.11.19 17:30:00";"2018.11.19 20:09:00";"30.0";"-2475.00";"6654.79980";"6819.79980";"-82986.47";"0.00";"IST";"SL";"2h 39m";"-0.00"
"427";"USTEC_ICM_UTC2";"Buy";"6489.6";"6572.1";"2018.11.20 16:30:00";"2018.11.20 17:41:00";"30.0";"2475.00";"6407.10010";"6572.10010";"-80511.47";"0.00";"IST";"PT";"1h 11m";"-0.00"
"428";"USTEC_ICM_UTC2";"Buy";"6614.4";"6531.9";"2018.11.21 17:30:00";"2018.11.22 11:11:00";"30.0";"-2658.12";"6531.89990";"6696.89990";"-83169.59";"0.00";"IST";"SL";"17h 41m";"-183.12"
"429";"USTEC_ICM_UTC2";"Buy";"6540.8";"6623.3";"2018.11.22 16:30:00";"2018.11.26 10:21:00";"30.0";"1742.52";"6458.29980";"6623.29980";"-81427.06";"0.00";"IST";"PT";"3d 17h 51m";"-732.48"
"430";"USTEC_ICM_UTC2";"Buy";"6618.0";"6700.5";"2018.11.26 16:45:00";"2018.11.27 09:34:00";"30.0";"2291.88";"6535.50000";"6700.50000";"-79135.19";"0.00";"IST";"PT";"16h 49m";"-183.12"
"431";"USTEC_ICM_UTC2";"Buy";"6639.5";"6722.0";"2018.11.27 16:30:00";"2018.11.28 01:00:00";"30.0";"2291.88";"6557.00000";"6722.00000";"-76843.30";"0.00";"IST";"PT";"8h 30m";"-183.12"
"432";"USTEC_ICM_UTC2";"Buy";"6746.8";"6829.3";"2018.11.28 16:30:00";"2018.11.28 19:27:00";"30.0";"2475.00";"6664.29980";"6829.29980";"-74368.30";"0.00";"IST";"PT";"2h 57m";"-0.00"
"433";"USTEC_ICM_UTC2";"Buy";"6885.4";"6925.4";"2018.11.29 16:30:00";"2018.11.30 22:55:00";"30.0";"1016.88";"6802.89990";"6967.89990";"-73351.42";"0.00";"IST";"End Of Friday (Time)";"1d 6h 25m";"-183.12"
"434";"USTEC_ICM_UTC2";"Buy";"7044.9";"6962.4";"2018.12.03 17:00:00";"2018.12.04 19:05:00";"30.0";"-2658.12";"6962.39990";"7127.39990";"-76009.55";"0.00";"IST";"SL";"1d 2h 5m";"-183.12"
"435";"USTEC_ICM_UTC2";"Buy";"6872.2";"6789.7";"2018.12.04 20:15:00";"2018.12.04 22:52:00";"30.0";"-2475.00";"6789.70020";"6954.70020";"-78484.55";"0.00";"IST";"SL";"2h 37m";"-0.00"
"436";"USTEC_ICM_UTC2";"Buy";"6709.4";"6791.9";"2018.12.06 17:30:00";"2018.12.06 19:56:00";"30.0";"2475.00";"6626.89990";"6791.89990";"-76009.55";"0.00";"IST";"PT";"2h 26m";"-0.00"
"437";"USTEC_ICM_UTC2";"Buy";"6743.8";"6661.3";"2018.12.07 17:45:00";"2018.12.07 19:40:00";"30.0";"-2475.00";"6661.29980";"6826.29980";"-78484.55";"0.00";"IST";"SL";"1h 55m";"-0.00"
"438";"USTEC_ICM_UTC2";"Buy";"6619.9";"6537.4";"2018.12.10 17:30:00";"2018.12.10 18:03:00";"30.0";"-2475.00";"6537.39990";"6702.39990";"-80959.55";"0.00";"IST";"SL";"33m 0s";"-0.00"
"439";"USTEC_ICM_UTC2";"Buy";"6786.7";"6704.2";"2018.12.11 16:30:00";"2018.12.11 19:10:00";"30.0";"-2475.00";"6704.20020";"6869.20020";"-83434.55";"0.00";"IST";"SL";"2h 40m";"-0.00"
"440";"USTEC_ICM_UTC2";"Buy";"6839.2";"6756.7";"2018.12.12 18:00:00";"2018.12.12 23:01:00";"30.0";"-2475.00";"6756.70020";"6921.70020";"-85909.55";"0.00";"IST";"SL";"5h 1m";"-0.00"
"441";"USTEC_ICM_UTC2";"Buy";"6759.8";"6677.3";"2018.12.13 18:15:00";"2018.12.14 04:07:00";"30.0";"-2658.12";"6677.29980";"6842.29980";"-88567.66";"0.00";"IST";"SL";"9h 52m";"-183.12"
"442";"USTEC_ICM_UTC2";"Buy";"6670.6";"6588.1";"2018.12.14 16:45:00";"2018.12.14 22:43:00";"30.0";"-2475.00";"6588.10010";"6753.10010";"-91042.66";"0.00";"IST";"SL";"5h 58m";"-0.00"
"443";"USTEC_ICM_UTC2";"Buy";"6465.8";"6548.3";"2018.12.17 21:30:00";"2018.12.18 19:22:00";"30.0";"2291.88";"6383.29980";"6548.29980";"-88750.79";"0.00";"IST";"PT";"21h 52m";"-183.12"
"444";"USTEC_ICM_UTC2";"Buy";"6452.7";"6535.2";"2018.12.18 22:15:00";"2018.12.19 16:53:00";"30.0";"2291.88";"6370.20020";"6535.20020";"-86458.91";"0.00";"IST";"PT";"18h 38m";"-183.12"
"445";"USTEC_ICM_UTC2";"Buy";"6525.1";"6442.6";"2018.12.19 20:30:00";"2018.12.19 21:12:00";"30.0";"-2475.00";"6442.60010";"6607.60010";"-88933.91";"0.00";"IST";"SL";"42m 0s";"-0.00"
"446";"USTEC_ICM_UTC2";"Buy";"6365.0";"6282.5";"2018.12.20 17:15:00";"2018.12.20 18:20:00";"30.0";"-2475.00";"6282.50000";"6447.50000";"-91408.91";"0.00";"IST";"SL";"1h 5m";"-0.00"
"447";"USTEC_ICM_UTC2";"Buy";"6238.9";"6156.4";"2018.12.21 18:00:00";"2018.12.21 19:00:00";"30.0";"-2475.00";"6156.39990";"6321.39990";"-93883.91";"0.00";"IST";"SL";"1h 0m";"-0.00"
"448";"USTEC_ICM_UTC2";"Buy";"6133.0";"6215.5";"2018.12.26 21:45:00";"2018.12.26 22:44:00";"30.0";"2475.00";"6050.50000";"6215.50000";"-91408.91";"0.00";"IST";"PT";"59m 0s";"-0.00"
"449";"USTEC_ICM_UTC2";"Buy";"6102.6";"6185.1";"2018.12.27 17:30:00";"2018.12.27 22:23:00";"30.0";"2475.00";"6020.10010";"6185.10010";"-88933.91";"0.00";"IST";"PT";"4h 53m";"-0.00"
"450";"USTEC_ICM_UTC2";"Buy";"6324.8";"6242.3";"2018.12.28 16:30:00";"2018.12.28 17:36:00";"30.0";"-2475.00";"6242.29980";"6407.29980";"-91408.91";"0.00";"IST";"SL";"1h 6m";"-0.00"
"451";"USTEC_ICM_UTC2";"Buy";"6333.3";"6250.8";"2018.12.31 17:00:00";"2019.01.02 06:03:00";"30.0";"-2841.24";"6250.79980";"6415.79980";"-94250.15";"0.00";"IST";"SL";"1d 13h 3m";"-366.24"
"452";"USTEC_ICM_UTC2";"Buy";"6232.6";"6315.1";"2019.01.02 16:45:00";"2019.01.02 17:52:00";"30.0";"2475.00";"6150.10010";"6315.10010";"-91775.15";"0.00";"IST";"PT";"1h 7m";"-0.00"
"453";"USTEC_ICM_UTC2";"Buy";"6215.6";"6133.1";"2019.01.03 18:30:00";"2019.01.04 02:16:00";"30.0";"-2658.12";"6133.10010";"6298.10010";"-94433.27";"0.00";"IST";"SL";"7h 46m";"-183.12"
"454";"USTEC_ICM_UTC2";"Buy";"6392.9";"6407.0";"2019.01.04 19:00:00";"2019.01.04 22:55:00";"30.0";"423.00";"6310.39990";"6475.39990";"-94010.27";"0.00";"IST";"End Of Friday (Time)";"3h 55m";"-0.00"
"455";"USTEC_ICM_UTC2";"Buy";"6496.0";"6578.5";"2019.01.07 22:45:00";"2019.01.09 03:44:00";"30.0";"2108.76";"6413.50000";"6578.50000";"-91901.51";"0.00";"IST";"PT";"1d 4h 59m";"-366.24"
"456";"USTEC_ICM_UTC2";"Buy";"6595.0";"6601.4";"2019.01.09 17:30:00";"2019.01.11 22:55:00";"30.0";"-174.24";"6512.50000";"6677.50000";"-92075.74";"0.00";"IST";"End Of Friday (Time)";"2d 5h 25m";"-366.24"
"457";"USTEC_ICM_UTC2";"Buy";"6548.1";"6630.6";"2019.01.14 21:30:00";"2019.01.15 16:50:00";"30.0";"2291.88";"6465.60010";"6630.60010";"-89783.87";"0.00";"IST";"PT";"19h 20m";"-183.12"
"458";"USTEC_ICM_UTC2";"Buy";"6630.9";"6713.4";"2019.01.15 21:30:00";"2019.01.16 16:46:00";"30.0";"2291.88";"6548.39990";"6713.39990";"-87491.98";"0.00";"IST";"PT";"19h 16m";"-183.12"
"459";"USTEC_ICM_UTC2";"Buy";"6674.1";"6756.6";"2019.01.16 17:45:00";"2019.01.18 16:18:00";"30.0";"2108.76";"6591.60010";"6756.60010";"-85383.23";"0.00";"IST";"PT";"1d 22h 33m";"-366.24"
"460";"USTEC_ICM_UTC2";"Buy";"6740.1";"6768.6";"2019.01.18 17:00:00";"2019.01.18 22:55:00";"30.0";"855.00";"6657.60010";"6822.60010";"-84528.23";"0.00";"IST";"End Of Friday (Time)";"5h 55m";"-0.00"
"461";"USTEC_ICM_UTC2";"Buy";"6734.8";"6652.3";"2019.01.21 16:45:00";"2019.01.22 20:07:00";"30.0";"-2658.12";"6652.29980";"6817.29980";"-87186.34";"0.00";"IST";"SL";"1d 3h 22m";"-183.12"
"462";"USTEC_ICM_UTC2";"Buy";"6647.5";"6730.0";"2019.01.22 20:30:00";"2019.01.25 05:40:00";"30.0";"1925.64";"6565.00000";"6730.00000";"-85260.70";"0.00";"IST";"PT";"2d 9h 10m";"-549.36"
"463";"USTEC_ICM_UTC2";"Buy";"6793.5";"6778.4";"2019.01.25 19:45:00";"2019.01.25 22:55:00";"30.0";"-453.00";"6711.00000";"6876.00000";"-85713.70";"0.00";"IST";"End Of Friday (Time)";"3h 10m";"-0.00"
"464";"USTEC_ICM_UTC2";"Buy";"6692.1";"6774.6";"2019.01.28 16:30:00";"2019.01.30 21:04:00";"30.0";"2108.76";"6609.60010";"6774.60010";"-83604.95";"0.00";"IST";"PT";"2d 4h 34m";"-366.24"
"465";"USTEC_ICM_UTC2";"Buy";"6796.3";"6878.8";"2019.01.30 22:45:00";"2019.01.31 17:14:00";"30.0";"2291.88";"6713.79980";"6878.79980";"-81313.06";"0.00";"IST";"PT";"18h 29m";"-183.12"
"466";"USTEC_ICM_UTC2";"Buy";"6880.9";"6870.9";"2019.01.31 17:15:00";"2019.02.01 22:55:00";"30.0";"-483.12";"6798.39990";"6963.39990";"-81796.19";"0.00";"IST";"End Of Friday (Time)";"1d 5h 40m";"-183.12"
"467";"USTEC_ICM_UTC2";"Buy";"6901.8";"6984.3";"2019.02.04 17:00:00";"2019.02.05 16:32:00";"30.0";"2291.88";"6819.29980";"6984.29980";"-79504.30";"0.00";"IST";"PT";"23h 32m";"-183.12"
"468";"USTEC_ICM_UTC2";"Buy";"7000.8";"6918.3";"2019.02.05 19:45:00";"2019.02.07 16:35:00";"30.0";"-2841.24";"6918.29980";"7083.29980";"-82345.55";"0.00";"IST";"SL";"1d 20h 50m";"-366.24"
"469";"USTEC_ICM_UTC2";"Buy";"6913.0";"6893.8";"2019.02.07 16:45:00";"2019.02.08 22:55:00";"30.0";"-759.12";"6830.50000";"6995.50000";"-83104.66";"0.00";"IST";"End Of Friday (Time)";"1d 6h 10m";"-183.12"
"470";"USTEC_ICM_UTC2";"Buy";"6922.9";"7005.4";"2019.02.11 18:00:00";"2019.02.12 18:00:00";"30.0";"2291.88";"6840.39990";"7005.39990";"-80812.79";"0.00";"IST";"PT";"1d 0h 0m";"-183.12"
"471";"USTEC_ICM_UTC2";"Buy";"7007.6";"7044.3";"2019.02.12 19:00:00";"2019.02.15 22:55:00";"30.0";"551.64";"6925.10010";"7090.10010";"-80261.15";"0.00";"IST";"End Of Friday (Time)";"3d 3h 55m";"-549.36"
"472";"USTEC_ICM_UTC2";"Buy";"7087.3";"7004.8";"2019.02.19 21:45:00";"2019.02.21 17:01:00";"30.0";"-2841.24";"7004.79980";"7169.79980";"-83102.38";"0.00";"IST";"SL";"1d 19h 16m";"-366.24"
"473";"USTEC_ICM_UTC2";"Buy";"7019.6";"7076.1";"2019.02.21 18:00:00";"2019.02.22 22:55:00";"30.0";"1511.88";"6937.10010";"7102.10010";"-81590.51";"0.00";"IST";"End Of Friday (Time)";"1d 4h 55m";"-183.12"
"474";"USTEC_ICM_UTC2";"Buy";"7143.0";"7060.5";"2019.02.25 17:00:00";"2019.02.27 17:12:00";"30.0";"-2841.24";"7060.50000";"7225.50000";"-84431.75";"0.00";"IST";"SL";"2d 0h 12m";"-366.24"
"475";"USTEC_ICM_UTC2";"Buy";"7060.8";"7143.3";"2019.02.27 17:15:00";"2019.03.01 10:45:00";"30.0";"2108.76";"6978.29980";"7143.29980";"-82322.98";"0.00";"IST";"PT";"1d 17h 30m";"-366.24"
"476";"USTEC_ICM_UTC2";"Buy";"7148.3";"7149.2";"2019.03.01 17:00:00";"2019.03.01 22:55:00";"30.0";"27.00";"7065.79980";"7230.79980";"-82295.98";"0.00";"IST";"End Of Friday (Time)";"5h 55m";"-0.00"
"477";"USTEC_ICM_UTC2";"Buy";"7187.4";"7104.9";"2019.03.04 17:45:00";"2019.03.04 18:47:00";"30.0";"-2475.00";"7104.89990";"7269.89990";"-84770.98";"0.00";"IST";"SL";"1h 2m";"-0.00"
"478";"USTEC_ICM_UTC2";"Buy";"7155.6";"7073.1";"2019.03.05 20:45:00";"2019.03.07 16:37:00";"30.0";"-2841.24";"7073.10010";"7238.10010";"-87612.23";"0.00";"IST";"SL";"1d 19h 52m";"-366.24"
"479";"USTEC_ICM_UTC2";"Buy";"7045.3";"6962.8";"2019.03.07 18:00:00";"2019.03.08 15:30:00";"30.0";"-2658.12";"6962.79980";"7127.79980";"-90270.34";"0.00";"IST";"SL";"21h 30m";"-183.12"
"480";"USTEC_ICM_UTC2";"Buy";"6974.4";"7010.4";"2019.03.08 21:00:00";"2019.03.08 22:55:00";"30.0";"1080.00";"6891.89990";"7056.89990";"-89190.34";"0.00";"IST";"End Of Friday (Time)";"1h 55m";"-0.00"
"481";"USTEC_ICM_UTC2";"Buy";"7154.2";"7236.7";"2019.03.11 20:45:00";"2019.03.13 14:02:00";"30.0";"2108.76";"7071.70020";"7236.70020";"-87081.59";"0.00";"IST";"PT";"1d 17h 17m";"-366.24"
"482";"USTEC_ICM_UTC2";"Buy";"7239.1";"7321.6";"2019.03.13 16:30:00";"2019.03.15 18:12:00";"30.0";"2108.76";"7156.60010";"7321.60010";"-84972.83";"0.00";"IST";"PT";"2d 1h 42m";"-366.24"
"483";"USTEC_ICM_UTC2";"Buy";"7313.4";"7395.9";"2019.03.18 19:15:00";"2019.03.20 20:05:00";"30.0";"2108.76";"7230.89990";"7395.89990";"-82864.07";"0.00";"IST";"PT";"2d 0h 50m";"-366.24"
"484";"USTEC_ICM_UTC2";"Buy";"7447.6";"7365.1";"2019.03.21 18:45:00";"2019.03.22 17:53:00";"30.0";"-2658.12";"7365.10010";"7530.10010";"-85522.19";"0.00";"IST";"SL";"23h 8m";"-183.12"
"485";"USTEC_ICM_UTC2";"Buy";"7373.8";"7291.3";"2019.03.22 19:15:00";"2019.03.25 02:37:00";"30.0";"-3024.36";"7291.29980";"7456.29980";"-88546.55";"0.00";"IST";"SL";"2d 7h 22m";"-549.36"
"486";"USTEC_ICM_UTC2";"Buy";"7316.8";"7399.3";"2019.03.25 17:15:00";"2019.03.26 15:54:00";"30.0";"2291.88";"7234.29980";"7399.29980";"-86254.66";"0.00";"IST";"PT";"22h 39m";"-183.12"
"487";"USTEC_ICM_UTC2";"Buy";"7390.0";"7307.5";"2019.03.26 16:30:00";"2019.03.27 17:14:00";"30.0";"-2658.12";"7307.50000";"7472.50000";"-88912.79";"0.00";"IST";"SL";"1d 0h 44m";"-183.12"
"488";"USTEC_ICM_UTC2";"Buy";"7306.9";"7406.1";"2019.03.27 17:15:00";"2019.04.01 01:00:00";"30.0";"2059.20";"7224.39990";"7389.39990";"-86853.59";"0.00";"IST";"PT";"4d 7h 45m";"-915.60"
"489";"USTEC_ICM_UTC2";"Buy";"7483.6";"7566.1";"2019.04.02 18:30:00";"2019.04.03 17:56:00";"30.0";"2291.88";"7401.10010";"7566.10010";"-84561.70";"0.00";"IST";"PT";"23h 26m";"-183.12"
"490";"USTEC_ICM_UTC2";"Buy";"7539.2";"7573.3";"2019.04.03 22:00:00";"2019.04.05 22:55:00";"30.0";"656.76";"7456.70020";"7621.70020";"-83904.95";"0.00";"IST";"End Of Friday (Time)";"2d 0h 55m";"-366.24"
"491";"USTEC_ICM_UTC2";"Buy";"7539.8";"7622.3";"2019.04.08 16:45:00";"2019.04.11 01:29:00";"30.0";"1925.64";"7457.29980";"7622.29980";"-81979.30";"0.00";"IST";"PT";"2d 8h 44m";"-549.36"
"492";"USTEC_ICM_UTC2";"Buy";"7607.8";"7620.0";"2019.04.11 16:45:00";"2019.04.12 22:55:00";"30.0";"182.88";"7525.29980";"7690.29980";"-81796.43";"0.00";"IST";"End Of Friday (Time)";"1d 6h 10m";"-183.12"
"493";"USTEC_ICM_UTC2";"Buy";"7631.8";"7714.3";"2019.04.15 16:45:00";"2019.04.22 22:50:00";"30.0";"1193.16";"7549.29980";"7714.29980";"-80603.27";"0.00";"IST";"PT";"7d 6h 5m";"-1281.84"
"494";"USTEC_ICM_UTC2";"Buy";"7774.2";"7856.7";"2019.04.23 17:30:00";"2019.04.25 15:18:00";"30.0";"2108.76";"7691.70020";"7856.70020";"-78494.51";"0.00";"IST";"PT";"1d 21h 48m";"-366.24"
"495";"USTEC_ICM_UTC2";"Buy";"7815.6";"7812.9";"2019.04.25 18:00:00";"2019.04.26 22:55:00";"30.0";"-264.12";"7733.10010";"7898.10010";"-78758.63";"0.00";"IST";"End Of Friday (Time)";"1d 4h 55m";"-183.12"
"496";"USTEC_ICM_UTC2";"Buy";"7842.6";"7760.1";"2019.04.29 22:30:00";"2019.04.30 17:27:00";"30.0";"-2658.12";"7760.10010";"7925.10010";"-81416.75";"0.00";"IST";"SL";"18h 57m";"-183.12"
"497";"USTEC_ICM_UTC2";"Buy";"7764.0";"7846.5";"2019.04.30 17:30:00";"2019.05.01 18:41:00";"30.0";"2291.88";"7681.50000";"7846.50000";"-79124.87";"0.00";"IST";"PT";"1d 1h 11m";"-183.12"
"498";"USTEC_ICM_UTC2";"Buy";"7832.1";"7749.6";"2019.05.01 21:00:00";"2019.05.01 22:59:00";"30.0";"-2475.00";"7749.60010";"7914.60010";"-81599.87";"0.00";"IST";"SL";"1h 59m";"-0.00"
"499";"USTEC_ICM_UTC2";"Buy";"7767.9";"7685.4";"2019.05.02 17:00:00";"2019.05.02 18:46:00";"30.0";"-2475.00";"7685.39990";"7850.39990";"-84074.87";"0.00";"IST";"SL";"1h 46m";"-0.00"
"500";"USTEC_ICM_UTC2";"Buy";"7818.5";"7845.1";"2019.05.03 19:00:00";"2019.05.03 22:55:00";"30.0";"798.00";"7736.00000";"7901.00000";"-83276.87";"0.00";"IST";"End Of Friday (Time)";"3h 55m";"-0.00"
"501";"USTEC_ICM_UTC2";"Buy";"7751.7";"7669.2";"2019.05.06 20:45:00";"2019.05.07 17:16:00";"30.0";"-2658.12";"7669.20020";"7834.20020";"-85934.98";"0.00";"IST";"SL";"20h 31m";"-183.12"
"502";"USTEC_ICM_UTC2";"Buy";"7650.4";"7567.9";"2019.05.07 19:00:00";"2019.05.09 09:51:00";"30.0";"-2841.24";"7567.89990";"7732.89990";"-88776.23";"0.00";"IST";"SL";"1d 14h 51m";"-366.24"
"503";"USTEC_ICM_UTC2";"Buy";"7514.8";"7597.3";"2019.05.09 17:00:00";"2019.05.09 19:40:00";"30.0";"2475.00";"7432.29980";"7597.29980";"-86301.23";"0.00";"IST";"PT";"2h 40m";"-0.00"
"504";"USTEC_ICM_UTC2";"Buy";"7498.0";"7580.5";"2019.05.10 17:30:00";"2019.05.10 22:06:00";"30.0";"2475.00";"7415.50000";"7580.50000";"-83826.23";"0.00";"IST";"PT";"4h 36m";"-0.00"
"505";"USTEC_ICM_UTC2";"Buy";"7418.2";"7335.7";"2019.05.13 16:45:00";"2019.05.13 18:16:00";"30.0";"-2475.00";"7335.70020";"7500.70020";"-86301.23";"0.00";"IST";"SL";"1h 31m";"-0.00"
"506";"USTEC_ICM_UTC2";"Buy";"7375.8";"7458.3";"2019.05.14 17:15:00";"2019.05.15 17:29:00";"30.0";"2291.88";"7293.29980";"7458.29980";"-84009.34";"0.00";"IST";"PT";"1d 0h 14m";"-183.12"
"507";"USTEC_ICM_UTC2";"Buy";"7545.0";"7504.6";"2019.05.16 16:45:00";"2019.05.17 22:55:00";"30.0";"-1395.12";"7462.50000";"7627.50000";"-85404.47";"0.00";"IST";"End Of Friday (Time)";"1d 6h 10m";"-183.12"
"508";"USTEC_ICM_UTC2";"Buy";"7388.1";"7470.6";"2019.05.20 20:00:00";"2019.05.21 21:28:00";"30.0";"2291.88";"7305.60010";"7470.60010";"-83112.59";"0.00";"IST";"PT";"1d 1h 28m";"-183.12"
"509";"USTEC_ICM_UTC2";"Buy";"7409.4";"7326.9";"2019.05.22 16:30:00";"2019.05.23 11:40:00";"30.0";"-2658.12";"7326.89990";"7491.89990";"-85770.71";"0.00";"IST";"SL";"19h 10m";"-183.12"
"510";"USTEC_ICM_UTC2";"Buy";"7313.3";"7300.3";"2019.05.23 17:00:00";"2019.05.24 22:55:00";"30.0";"-573.12";"7230.79980";"7395.79980";"-86343.83";"0.00";"IST";"End Of Friday (Time)";"1d 5h 55m";"-183.12"
"511";"USTEC_ICM_UTC2";"Buy";"7306.0";"7223.5";"2019.05.27 16:30:00";"2019.05.29 09:21:00";"30.0";"-2841.24";"7223.50000";"7388.50000";"-89185.07";"0.00";"IST";"SL";"1d 16h 51m";"-366.24"
"512";"USTEC_ICM_UTC2";"Buy";"7226.5";"7144.0";"2019.05.29 16:45:00";"2019.05.31 10:54:00";"30.0";"-2841.24";"7144.00000";"7309.00000";"-92026.30";"0.00";"IST";"SL";"1d 18h 9m";"-366.24"
"513";"USTEC_ICM_UTC2";"Buy";"7144.1";"7134.0";"2019.05.31 17:00:00";"2019.05.31 22:55:00";"30.0";"-303.00";"7061.60010";"7226.60010";"-92329.30";"0.00";"IST";"End Of Friday (Time)";"5h 55m";"-0.00"
"514";"USTEC_ICM_UTC2";"Buy";"6983.8";"7066.3";"2019.06.03 20:45:00";"2019.06.04 17:23:00";"30.0";"2291.88";"6901.29980";"7066.29980";"-90037.43";"0.00";"IST";"PT";"20h 38m";"-183.12"
"515";"USTEC_ICM_UTC2";"Buy";"7142.9";"7225.4";"2019.06.04 20:45:00";"2019.06.05 12:31:00";"30.0";"2291.88";"7060.39990";"7225.39990";"-87745.55";"0.00";"IST";"PT";"15h 46m";"-183.12"
"516";"USTEC_ICM_UTC2";"Buy";"7205.8";"7288.3";"2019.06.05 17:00:00";"2019.06.06 22:34:00";"30.0";"2291.88";"7123.29980";"7288.29980";"-85453.66";"0.00";"IST";"PT";"1d 5h 34m";"-183.12"
"517";"USTEC_ICM_UTC2";"Buy";"7312.8";"7395.3";"2019.06.07 16:30:00";"2019.06.07 17:30:00";"30.0";"2475.00";"7230.29980";"7395.29980";"-82978.66";"0.00";"IST";"PT";"1h 0m";"-0.00"
"518";"USTEC_ICM_UTC2";"Buy";"7509.1";"7591.6";"2019.06.10 21:15:00";"2019.06.11 16:31:00";"30.0";"2291.88";"7426.60010";"7591.60010";"-80686.79";"0.00";"IST";"PT";"19h 16m";"-183.12"
"519";"USTEC_ICM_UTC2";"Buy";"7529.6";"7447.1";"2019.06.11 18:30:00";"2019.06.13 05:08:00";"30.0";"-2841.24";"7447.10010";"7612.10010";"-83528.03";"0.00";"IST";"SL";"1d 10h 38m";"-366.24"
"520";"USTEC_ICM_UTC2";"Buy";"7500.3";"7489.0";"2019.06.13 16:30:00";"2019.06.14 22:55:00";"30.0";"-522.12";"7417.79980";"7582.79980";"-84050.15";"0.00";"IST";"End Of Friday (Time)";"1d 6h 25m";"-183.12"
"521";"USTEC_ICM_UTC2";"Buy";"7535.3";"7617.8";"2019.06.17 20:15:00";"2019.06.18 15:33:00";"30.0";"2291.88";"7452.79980";"7617.79980";"-81758.27";"0.00";"IST";"PT";"19h 18m";"-183.12"
"522";"USTEC_ICM_UTC2";"Buy";"7674.1";"7756.6";"2019.06.18 17:30:00";"2019.06.20 11:32:00";"30.0";"2108.76";"7591.60010";"7756.60010";"-79649.51";"0.00";"IST";"PT";"1d 18h 2m";"-366.24"
"523";"USTEC_ICM_UTC2";"Buy";"7729.2";"7731.3";"2019.06.20 18:15:00";"2019.06.21 22:55:00";"30.0";"-120.12";"7646.70020";"7811.70020";"-79769.63";"0.00";"IST";"End Of Friday (Time)";"1d 4h 40m";"-183.12"
"524";"USTEC_ICM_UTC2";"Buy";"7732.3";"7649.8";"2019.06.24 18:00:00";"2019.06.25 19:37:00";"30.0";"-2658.12";"7649.79980";"7814.79980";"-82427.75";"0.00";"IST";"SL";"1d 1h 37m";"-183.12"
"525";"USTEC_ICM_UTC2";"Buy";"7633.4";"7649.8";"2019.06.25 20:00:00";"2019.06.28 22:55:00";"30.0";"-57.36";"7550.89990";"7715.89990";"-82485.11";"0.00";"IST";"End Of Friday (Time)";"3d 2h 55m";"-549.36"
"526";"USTEC_ICM_UTC2";"Buy";"7799.3";"7881.8";"2019.07.01 17:15:00";"2019.07.05 01:02:00";"30.0";"1742.52";"7716.79980";"7881.79980";"-80742.59";"0.00";"IST";"PT";"3d 7h 47m";"-732.48"
"527";"USTEC_ICM_UTC2";"Buy";"7803.0";"7834.8";"2019.07.05 16:30:00";"2019.07.05 22:55:00";"30.0";"954.00";"7720.50000";"7885.50000";"-79788.59";"0.00";"IST";"End Of Friday (Time)";"6h 25m";"-0.00"
"528";"USTEC_ICM_UTC2";"Buy";"7776.3";"7858.8";"2019.07.08 17:45:00";"2019.07.10 15:34:00";"30.0";"2108.76";"7693.79980";"7858.79980";"-77679.83";"0.00";"IST";"PT";"1d 21h 49m";"-366.24"
"529";"USTEC_ICM_UTC2";"Buy";"7888.4";"7938.2";"2019.07.10 19:30:00";"2019.07.12 22:55:00";"30.0";"1127.76";"7805.89990";"7970.89990";"-76552.07";"0.00";"IST";"End Of Friday (Time)";"2d 3h 25m";"-366.24"
"530";"USTEC_ICM_UTC2";"Buy";"7952.7";"7870.2";"2019.07.15 18:30:00";"2019.07.17 23:07:00";"30.0";"-2841.24";"7870.20020";"8035.20020";"-79393.30";"0.00";"IST";"SL";"2d 4h 37m";"-366.24"
"531";"USTEC_ICM_UTC2";"Buy";"7848.1";"7931.9";"2019.07.18 19:45:00";"2019.07.19 01:00:00";"30.0";"2329.98";"7765.60010";"7930.60010";"-77063.33";"0.00";"IST";"PT";"5h 15m";"-183.12"
"532";"USTEC_ICM_UTC2";"Buy";"7915.3";"7846.7";"2019.07.19 18:30:00";"2019.07.19 22:55:00";"30.0";"-2058.00";"7832.79980";"7997.79980";"-79121.33";"0.00";"IST";"End Of Friday (Time)";"4h 25m";"-0.00"
"533";"USTEC_ICM_UTC2";"Buy";"7861.0";"7943.5";"2019.07.22 16:30:00";"2019.07.23 15:37:00";"30.0";"2291.88";"7778.50000";"7943.50000";"-76829.45";"0.00";"IST";"PT";"23h 7m";"-183.12"
"534";"USTEC_ICM_UTC2";"Buy";"7944.9";"8027.4";"2019.07.23 16:30:00";"2019.07.24 23:05:00";"30.0";"2291.88";"7862.39990";"8027.39990";"-74537.57";"0.00";"IST";"PT";"1d 6h 35m";"-183.12"
"535";"USTEC_ICM_UTC2";"Buy";"7962.6";"8022.1";"2019.07.25 18:00:00";"2019.07.26 22:55:00";"30.0";"1601.88";"7880.10010";"8045.10010";"-72935.69";"0.00";"IST";"End Of Friday (Time)";"1d 4h 55m";"-183.12"
"536";"USTEC_ICM_UTC2";"Buy";"7960.1";"7877.6";"2019.07.29 18:15:00";"2019.07.31 21:45:00";"30.0";"-2841.24";"7877.60010";"8042.60010";"-75776.93";"0.00";"IST";"SL";"2d 3h 30m";"-366.24"
"537";"USTEC_ICM_UTC2";"Buy";"7854.6";"7937.1";"2019.07.31 22:00:00";"2019.08.01 17:18:00";"30.0";"2291.88";"7772.10010";"7937.10010";"-73485.05";"0.00";"IST";"PT";"19h 18m";"-183.12"
"538";"USTEC_ICM_UTC2";"Buy";"7850.7";"7768.2";"2019.08.01 20:45:00";"2019.08.01 21:43:00";"30.0";"-2475.00";"7768.20020";"7933.20020";"-75960.05";"0.00";"IST";"SL";"58m 0s";"-0.00"
"539";"USTEC_ICM_UTC2";"Buy";"7658.1";"7679.5";"2019.08.02 20:30:00";"2019.08.02 22:55:00";"30.0";"642.00";"7575.60010";"7740.60010";"-75318.05";"0.00";"IST";"End Of Friday (Time)";"2h 25m";"-0.00"
"540";"USTEC_ICM_UTC2";"Buy";"7507.3";"7424.8";"2019.08.05 17:00:00";"2019.08.05 19:55:00";"30.0";"-2475.00";"7424.79980";"7589.79980";"-77793.05";"0.00";"IST";"SL";"2h 55m";"-0.00"
"541";"USTEC_ICM_UTC2";"Buy";"7439.5";"7522.0";"2019.08.07 16:30:00";"2019.08.07 17:51:00";"30.0";"2475.00";"7357.00000";"7522.00000";"-75318.05";"0.00";"IST";"PT";"1h 21m";"-0.00"
"542";"USTEC_ICM_UTC2";"Buy";"7690.0";"7607.5";"2019.08.08 19:45:00";"2019.08.09 18:28:00";"30.0";"-2658.12";"7607.50000";"7772.50000";"-77976.17";"0.00";"IST";"SL";"22h 43m";"-183.12"
"543";"USTEC_ICM_UTC2";"Buy";"7604.6";"7687.1";"2019.08.09 18:45:00";"2019.08.09 22:39:00";"30.0";"2475.00";"7522.10010";"7687.10010";"-75501.17";"0.00";"IST";"PT";"3h 54m";"-0.00"
"544";"USTEC_ICM_UTC2";"Buy";"7589.7";"7507.2";"2019.08.12 17:00:00";"2019.08.13 12:33:00";"30.0";"-2658.12";"7507.20020";"7672.20020";"-78159.29";"0.00";"IST";"SL";"19h 33m";"-183.12"
"545";"USTEC_ICM_UTC2";"Buy";"7558.5";"7641.0";"2019.08.13 16:30:00";"2019.08.13 16:45:00";"30.0";"2475.00";"7476.00000";"7641.00000";"-75684.29";"0.00";"IST";"PT";"15m 0s";"-0.00"
"546";"USTEC_ICM_UTC2";"Buy";"7596.4";"7513.9";"2019.08.14 16:30:00";"2019.08.14 18:46:00";"30.0";"-2475.00";"7513.89990";"7678.89990";"-78159.29";"0.00";"IST";"SL";"2h 16m";"-0.00"
"547";"USTEC_ICM_UTC2";"Buy";"7499.1";"7581.6";"2019.08.15 17:45:00";"2019.08.16 11:36:00";"30.0";"2291.88";"7416.60010";"7581.60010";"-75867.41";"0.00";"IST";"PT";"17h 51m";"-183.12"
"548";"USTEC_ICM_UTC2";"Buy";"7548.1";"7609.9";"2019.08.16 16:30:00";"2019.08.16 22:55:00";"30.0";"1854.00";"7465.60010";"7630.60010";"-74013.41";"0.00";"IST";"End Of Friday (Time)";"6h 25m";"-0.00"
"549";"USTEC_ICM_UTC2";"Buy";"7728.3";"7644.3";"2019.08.19 16:45:00";"2019.08.21 01:00:00";"30.0";"-2887.17";"7645.79980";"7810.79980";"-76900.58";"0.00";"IST";"SL";"1d 8h 15m";"-366.24"
"550";"USTEC_ICM_UTC2";"Buy";"7746.4";"7663.9";"2019.08.21 19:00:00";"2019.08.22 17:33:00";"30.0";"-2658.12";"7663.89990";"7828.89990";"-79558.70";"0.00";"IST";"SL";"22h 33m";"-183.12"
"551";"USTEC_ICM_UTC2";"Buy";"7658.5";"7741.0";"2019.08.22 17:45:00";"2019.08.23 06:05:00";"30.0";"2291.88";"7576.00000";"7741.00000";"-77266.82";"0.00";"IST";"PT";"12h 20m";"-183.12"
"552";"USTEC_ICM_UTC2";"Buy";"7648.5";"7566.0";"2019.08.23 17:00:00";"2019.08.23 18:09:00";"30.0";"-2475.00";"7566.00000";"7731.00000";"-79741.82";"0.00";"IST";"SL";"1h 9m";"-0.00"
"553";"USTEC_ICM_UTC2";"Buy";"7532.8";"7615.3";"2019.08.26 16:45:00";"2019.08.27 15:26:00";"30.0";"2291.88";"7450.29980";"7615.29980";"-77449.94";"0.00";"IST";"PT";"22h 41m";"-183.12"
"554";"USTEC_ICM_UTC2";"Buy";"7569.7";"7652.2";"2019.08.27 19:15:00";"2019.08.29 10:14:00";"30.0";"2108.76";"7487.20020";"7652.20020";"-75341.18";"0.00";"IST";"PT";"1d 14h 59m";"-366.24"
"555";"USTEC_ICM_UTC2";"Buy";"7700.8";"7675.8";"2019.08.29 17:30:00";"2019.08.30 22:55:00";"30.0";"-933.12";"7618.29980";"7783.29980";"-76274.30";"0.00";"IST";"End Of Friday (Time)";"1d 5h 25m";"-183.12"
"556";"USTEC_ICM_UTC2";"Buy";"7656.7";"7739.2";"2019.09.02 16:30:00";"2019.09.05 03:09:00";"30.0";"1925.64";"7574.20020";"7739.20020";"-74348.66";"0.00";"IST";"PT";"2d 10h 39m";"-549.36"
"557";"USTEC_ICM_UTC2";"Buy";"7800.9";"7883.4";"2019.09.05 16:30:00";"2019.09.06 12:24:00";"30.0";"2291.88";"7718.39990";"7883.39990";"-72056.78";"0.00";"IST";"PT";"19h 54m";"-183.12"
"558";"USTEC_ICM_UTC2";"Buy";"7866.7";"7852.9";"2019.09.06 18:00:00";"2019.09.06 22:55:00";"30.0";"-414.00";"7784.20020";"7949.20020";"-72470.78";"0.00";"IST";"End Of Friday (Time)";"4h 55m";"-0.00"
"559";"USTEC_ICM_UTC2";"Buy";"7866.8";"7784.3";"2019.09.09 18:15:00";"2019.09.10 11:10:00";"30.0";"-2658.12";"7784.29980";"7949.29980";"-75128.90";"0.00";"IST";"SL";"16h 55m";"-183.12"
"560";"USTEC_ICM_UTC2";"Buy";"7780.9";"7863.4";"2019.09.10 22:45:00";"2019.09.11 17:14:00";"30.0";"2291.88";"7698.39990";"7863.39990";"-72837.02";"0.00";"IST";"PT";"18h 29m";"-183.12"
"561";"USTEC_ICM_UTC2";"Buy";"7880.8";"7963.3";"2019.09.11 19:45:00";"2019.09.12 17:10:00";"30.0";"2291.88";"7798.29980";"7963.29980";"-70545.14";"0.00";"IST";"PT";"21h 25m";"-183.12"
"562";"USTEC_ICM_UTC2";"Buy";"7934.6";"7895.0";"2019.09.12 18:15:00";"2019.09.13 22:55:00";"30.0";"-1371.12";"7852.10010";"8017.10010";"-71916.26";"0.00";"IST";"End Of Friday (Time)";"1d 4h 40m";"-183.12"
"563";"USTEC_ICM_UTC2";"Buy";"7837.9";"7920.4";"2019.09.16 19:15:00";"2019.09.19 16:32:00";"30.0";"1925.64";"7755.39990";"7920.39990";"-69990.62";"0.00";"IST";"PT";"2d 21h 17m";"-549.36"
"564";"USTEC_ICM_UTC2";"Buy";"7937.9";"7855.4";"2019.09.19 18:15:00";"2019.09.20 19:37:00";"30.0";"-2658.12";"7855.39990";"8020.39990";"-72648.74";"0.00";"IST";"SL";"1d 1h 22m";"-183.12"
"565";"USTEC_ICM_UTC2";"Buy";"7864.1";"7829.9";"2019.09.20 19:45:00";"2019.09.20 22:55:00";"30.0";"-1026.00";"7781.60010";"7946.60010";"-73674.74";"0.00";"IST";"End Of Friday (Time)";"3h 10m";"-0.00"
"566";"USTEC_ICM_UTC2";"Buy";"7812.4";"7729.9";"2019.09.23 16:30:00";"2019.09.24 19:23:00";"30.0";"-2658.12";"7729.89990";"7894.89990";"-76332.86";"0.00";"IST";"SL";"1d 2h 53m";"-183.12"
"567";"USTEC_ICM_UTC2";"Buy";"7712.5";"7795.0";"2019.09.24 19:45:00";"2019.09.25 21:49:00";"30.0";"2291.88";"7630.00000";"7795.00000";"-74040.98";"0.00";"IST";"PT";"1d 2h 4m";"-183.12"
"568";"USTEC_ICM_UTC2";"Buy";"7754.8";"7672.3";"2019.09.26 18:00:00";"2019.09.27 20:00:00";"30.0";"-2658.12";"7672.29980";"7837.29980";"-76699.10";"0.00";"IST";"SL";"1d 2h 0m";"-183.12"
"569";"USTEC_ICM_UTC2";"Buy";"7665.7";"7677.7";"2019.09.27 21:15:00";"2019.09.27 22:55:00";"30.0";"360.00";"7583.20020";"7748.20020";"-76339.10";"0.00";"IST";"End Of Friday (Time)";"1h 40m";"-0.00"
"570";"USTEC_ICM_UTC2";"Buy";"7718.1";"7800.6";"2019.09.30 17:00:00";"2019.10.01 09:17:00";"30.0";"2291.88";"7635.60010";"7800.60010";"-74047.22";"0.00";"IST";"PT";"16h 17m";"-183.12"
"571";"USTEC_ICM_UTC2";"Buy";"7778.3";"7695.8";"2019.10.01 16:30:00";"2019.10.01 19:10:00";"30.0";"-2475.00";"7695.79980";"7860.79980";"-76522.22";"0.00";"IST";"SL";"2h 40m";"-0.00"
"572";"USTEC_ICM_UTC2";"Buy";"7583.1";"7500.6";"2019.10.02 17:30:00";"2019.10.03 17:00:00";"30.0";"-2658.12";"7500.60010";"7665.60010";"-79180.34";"0.00";"IST";"SL";"23h 30m";"-183.12"
"573";"USTEC_ICM_UTC2";"Buy";"7749.0";"7754.1";"2019.10.04 22:45:00";"2019.10.04 22:55:00";"30.0";"153.00";"7666.50000";"7831.50000";"-79027.34";"0.00";"IST";"End Of Friday (Time)";"10m 0s";"-0.00"
"574";"USTEC_ICM_UTC2";"Buy";"7760.2";"7677.7";"2019.10.07 19:45:00";"2019.10.08 13:20:00";"30.0";"-2658.12";"7677.70020";"7842.70020";"-81685.46";"0.00";"IST";"SL";"17h 35m";"-183.12"
"575";"USTEC_ICM_UTC2";"Buy";"7654.7";"7572.2";"2019.10.08 16:45:00";"2019.10.10 01:59:00";"30.0";"-2841.24";"7572.20020";"7737.20020";"-84526.70";"0.00";"IST";"SL";"1d 9h 14m";"-366.24"
"576";"USTEC_ICM_UTC2";"Buy";"7726.3";"7808.8";"2019.10.10 20:45:00";"2019.10.11 11:10:00";"30.0";"2291.88";"7643.79980";"7808.79980";"-82234.82";"0.00";"IST";"PT";"14h 25m";"-183.12"
"577";"USTEC_ICM_UTC2";"Buy";"7855.3";"7853.3";"2019.10.11 16:45:00";"2019.10.11 22:55:00";"30.0";"-60.00";"7772.79980";"7937.79980";"-82294.82";"0.00";"IST";"End Of Friday (Time)";"6h 10m";"-0.00"
"578";"USTEC_ICM_UTC2";"Buy";"7844.1";"7926.6";"2019.10.14 17:00:00";"2019.10.15 17:35:00";"30.0";"2291.88";"7761.60010";"7926.60010";"-80002.94";"0.00";"IST";"PT";"1d 0h 35m";"-183.12"
"579";"USTEC_ICM_UTC2";"Buy";"7922.8";"7840.3";"2019.10.16 17:45:00";"2019.10.18 19:20:00";"30.0";"-2841.24";"7840.29980";"8005.29980";"-82844.18";"0.00";"IST";"SL";"2d 1h 35m";"-366.24"
"580";"USTEC_ICM_UTC2";"Buy";"7870.4";"7886.0";"2019.10.18 20:15:00";"2019.10.18 22:55:00";"30.0";"468.00";"7787.89990";"7952.89990";"-82376.18";"0.00";"IST";"End Of Friday (Time)";"2h 40m";"-0.00"
"581";"USTEC_ICM_UTC2";"Buy";"7930.6";"7848.1";"2019.10.22 19:30:00";"2019.10.22 23:02:00";"30.0";"-2475.00";"7848.10010";"8013.10010";"-84851.18";"0.00";"IST";"SL";"3h 32m";"-0.00"
"582";"USTEC_ICM_UTC2";"Buy";"7879.9";"7962.4";"2019.10.23 20:45:00";"2019.10.24 18:32:00";"30.0";"2291.88";"7797.39990";"7962.39990";"-82559.30";"0.00";"IST";"PT";"21h 47m";"-183.12"
"583";"USTEC_ICM_UTC2";"Buy";"7944.7";"8027.2";"2019.10.24 21:00:00";"2019.10.25 18:25:00";"30.0";"2291.88";"7862.20020";"8027.20020";"-80267.42";"0.00";"IST";"PT";"21h 25m";"-183.12"
"584";"USTEC_ICM_UTC2";"Buy";"8019.2";"8022.3";"2019.10.25 21:00:00";"2019.10.25 22:55:00";"30.0";"93.00";"7936.70020";"8101.70020";"-80174.42";"0.00";"IST";"End Of Friday (Time)";"1h 55m";"-0.00"
"585";"USTEC_ICM_UTC2";"Buy";"8093.7";"8176.2";"2019.10.28 17:00:00";"2019.11.04 03:36:00";"30.0";"1193.16";"8011.20020";"8176.20020";"-78981.26";"0.00";"IST";"PT";"6d 10h 36m";"-1281.84"
"586";"USTEC_ICM_UTC2";"Buy";"8203.8";"8248.4";"2019.11.04 18:30:00";"2019.11.08 22:55:00";"30.0";"605.55";"8121.29980";"8286.29980";"-78375.71";"0.00";"IST";"End Of Friday (Time)";"4d 4h 25m";"-732.48"
"587";"USTEC_ICM_UTC2";"Buy";"8278.3";"8307.9";"2019.11.12 20:30:00";"2019.11.15 22:55:00";"30.0";"338.67";"8195.79980";"8360.79980";"-78037.04";"0.00";"IST";"End Of Friday (Time)";"3d 2h 25m";"-549.36"
"588";"USTEC_ICM_UTC2";"Buy";"8290.6";"8264.7";"2019.11.18 17:00:00";"2019.11.22 22:55:00";"30.0";"-1509.45";"8208.09961";"8373.09961";"-79546.49";"0.00";"IST";"End Of Friday (Time)";"4d 5h 55m";"-732.48"
"589";"USTEC_ICM_UTC2";"Buy";"8361.5";"8444.0";"2019.11.25 18:15:00";"2019.11.27 22:59:00";"30.0";"2108.76";"8279.00000";"8444.00000";"-77437.73";"0.00";"IST";"PT";"2d 4h 44m";"-366.24"
"590";"USTEC_ICM_UTC2";"Buy";"8436.7";"8354.2";"2019.11.28 17:15:00";"2019.12.02 16:40:00";"30.0";"-3207.48";"8354.20020";"8519.20020";"-80645.21";"0.00";"IST";"SL";"3d 23h 25m";"-732.48"
"591";"USTEC_ICM_UTC2";"Buy";"8338.7";"8256.2";"2019.12.02 17:00:00";"2019.12.03 14:49:00";"30.0";"-2658.12";"8256.20020";"8421.20020";"-83303.33";"0.00";"IST";"SL";"21h 49m";"-183.12"
"592";"USTEC_ICM_UTC2";"Buy";"8207.6";"8290.1";"2019.12.03 16:30:00";"2019.12.04 11:08:00";"30.0";"2291.88";"8125.10010";"8290.09961";"-81011.45";"0.00";"IST";"PT";"18h 38m";"-183.12"
"593";"USTEC_ICM_UTC2";"Buy";"8298.9";"8381.4";"2019.12.04 16:45:00";"2019.12.06 16:45:00";"30.0";"2108.76";"8216.40039";"8381.40039";"-78902.69";"0.00";"IST";"PT";"2d 0h 0m";"-366.24"
"594";"USTEC_ICM_UTC2";"Buy";"8401.9";"8396.3";"2019.12.06 20:45:00";"2019.12.06 22:55:00";"30.0";"-168.03";"8319.40039";"8484.40039";"-79070.72";"0.00";"IST";"End Of Friday (Time)";"2h 10m";"-0.00"
"595";"USTEC_ICM_UTC2";"Buy";"8388.6";"8306.1";"2019.12.09 20:00:00";"2019.12.10 13:27:00";"30.0";"-2658.12";"8306.09961";"8471.09961";"-81728.84";"0.00";"IST";"SL";"17h 27m";"-183.12"
"596";"USTEC_ICM_UTC2";"Buy";"8375.3";"8457.8";"2019.12.10 20:45:00";"2019.12.12 16:39:00";"30.0";"2108.76";"8292.79980";"8457.79980";"-79620.08";"0.00";"IST";"PT";"1d 19h 54m";"-366.24"
"597";"USTEC_ICM_UTC2";"Buy";"8445.2";"8486.2";"2019.12.12 16:45:00";"2019.12.13 22:55:00";"30.0";"1046.88";"8362.70020";"8527.70020";"-78573.20";"0.00";"IST";"End Of Friday (Time)";"1d 6h 10m";"-183.12"
"598";"USTEC_ICM_UTC2";"Buy";"8560.8";"8643.3";"2019.12.16 16:45:00";"2019.12.19 23:03:00";"30.0";"1925.64";"8478.29980";"8643.29980";"-76647.56";"0.00";"IST";"PT";"3d 6h 18m";"-549.36"
"599";"USTEC_ICM_UTC2";"Buy";"8662.8";"8679.3";"2019.12.20 16:45:00";"2019.12.20 22:55:00";"30.0";"495.00";"8580.29980";"8745.29980";"-76152.56";"0.00";"IST";"End Of Friday (Time)";"6h 10m";"-0.00"
"600";"USTEC_ICM_UTC2";"Buy";"8704.1";"8786.6";"2019.12.23 16:30:00";"2019.12.27 02:31:00";"30.0";"1742.52";"8621.59961";"8786.59961";"-74410.04";"0.00";"IST";"PT";"3d 10h 1m";"-732.48"
"601";"USTEC_ICM_UTC2";"Buy";"8786.9";"8762.6";"2019.12.27 18:00:00";"2019.12.27 22:55:00";"30.0";"-729.03";"8704.40039";"8869.40039";"-75139.07";"0.00";"IST";"End Of Friday (Time)";"4h 55m";"-0.00"
"602";"USTEC_ICM_UTC2";"Buy";"8703.0";"8785.5";"2019.12.30 16:45:00";"2020.01.02 11:03:00";"30.0";"1925.64";"8620.50000";"8785.50000";"-73213.43";"0.00";"IST";"PT";"2d 18h 18m";"-549.36"
"603";"USTEC_ICM_UTC2";"Buy";"8794.1";"8879.3";"2020.01.02 17:45:00";"2020.01.03 01:00:00";"30.0";"2372.88";"8711.59961";"8876.59961";"-70840.55";"0.00";"IST";"PT";"7h 15m";"-183.12"
"604";"USTEC_ICM_UTC2";"Buy";"8812.8";"8802.9";"2020.01.03 22:30:00";"2020.01.03 22:55:00";"30.0";"-296.97";"8730.29980";"8895.29980";"-71137.52";"0.00";"IST";"End Of Friday (Time)";"25m 0s";"-0.00"
"605";"USTEC_ICM_UTC2";"Buy";"8759.0";"8841.5";"2020.01.06 16:45:00";"2020.01.06 22:50:00";"30.0";"2475.00";"8676.50000";"8841.50000";"-68662.52";"0.00";"IST";"PT";"6h 5m";"-0.00"
"606";"USTEC_ICM_UTC2";"Buy";"8840.3";"8757.8";"2020.01.07 17:00:00";"2020.01.08 01:23:00";"30.0";"-2658.12";"8757.79980";"8922.79980";"-71320.64";"0.00";"IST";"SL";"8h 23m";"-183.12"
"607";"USTEC_ICM_UTC2";"Buy";"8865.8";"8948.3";"2020.01.08 18:15:00";"2020.01.08 22:22:00";"30.0";"2475.00";"8783.29980";"8948.29980";"-68845.64";"0.00";"IST";"PT";"4h 7m";"-0.00"
"608";"USTEC_ICM_UTC2";"Buy";"8983.7";"8966.9";"2020.01.09 18:30:00";"2020.01.10 22:55:00";"30.0";"-687.12";"8901.20020";"9066.20020";"-69532.76";"0.00";"IST";"End Of Friday (Time)";"1d 4h 25m";"-183.12"
"609";"USTEC_ICM_UTC2";"Buy";"9055.3";"9137.8";"2020.01.13 22:15:00";"2020.01.17 01:18:00";"30.0";"1742.52";"8972.79980";"9137.79980";"-67790.24";"0.00";"IST";"PT";"3d 3h 3m";"-732.48"
"610";"USTEC_ICM_UTC2";"Buy";"9162.9";"9171.5";"2020.01.17 16:30:00";"2020.01.17 22:55:00";"30.0";"258.00";"9080.40039";"9245.40039";"-67532.24";"0.00";"IST";"End Of Friday (Time)";"6h 25m";"-0.00"
"611";"USTEC_ICM_UTC2";"Buy";"9154.3";"9236.8";"2020.01.20 16:30:00";"2020.01.22 17:40:00";"30.0";"2108.76";"9071.79980";"9236.79980";"-65423.48";"0.00";"IST";"PT";"2d 1h 10m";"-366.24"
"612";"USTEC_ICM_UTC2";"Buy";"9223.2";"9140.7";"2020.01.22 19:45:00";"2020.01.23 16:35:00";"30.0";"-2658.12";"9140.70020";"9305.70020";"-68081.60";"0.00";"IST";"SL";"20h 50m";"-183.12"
"613";"USTEC_ICM_UTC2";"Buy";"9149.0";"9231.5";"2020.01.23 16:45:00";"2020.01.23 23:01:00";"30.0";"2475.00";"9066.50000";"9231.50000";"-65606.60";"0.00";"IST";"PT";"6h 16m";"-0.00"
"614";"USTEC_ICM_UTC2";"Buy";"9263.2";"9180.7";"2020.01.24 16:45:00";"2020.01.24 19:09:00";"30.0";"-2475.00";"9180.70020";"9345.70020";"-68081.60";"0.00";"IST";"SL";"2h 24m";"-0.00"
"615";"USTEC_ICM_UTC2";"Buy";"8969.2";"9051.7";"2020.01.27 22:00:00";"2020.01.28 17:34:00";"30.0";"2291.88";"8886.70020";"9051.70020";"-65789.72";"0.00";"IST";"PT";"19h 34m";"-183.12"
"616";"USTEC_ICM_UTC2";"Buy";"9087.3";"9004.8";"2020.01.28 20:00:00";"2020.01.30 09:06:00";"30.0";"-2841.24";"9004.79980";"9169.79980";"-68630.96";"0.00";"IST";"SL";"1d 13h 6m";"-366.24"
"617";"USTEC_ICM_UTC2";"Buy";"9063.2";"9145.7";"2020.01.30 19:15:00";"2020.01.30 23:00:00";"30.0";"2475.00";"8980.70020";"9145.70020";"-66155.96";"0.00";"IST";"PT";"3h 45m";"-0.00"
"618";"USTEC_ICM_UTC2";"Buy";"9121.5";"9039.0";"2020.01.31 16:45:00";"2020.01.31 18:13:00";"30.0";"-2475.00";"9039.00000";"9204.00000";"-68630.96";"0.00";"IST";"SL";"1h 28m";"-0.00"
"619";"USTEC_ICM_UTC2";"Buy";"9107.1";"9189.6";"2020.02.03 20:30:00";"2020.02.04 08:55:00";"30.0";"2291.88";"9024.59961";"9189.59961";"-66339.08";"0.00";"IST";"PT";"12h 25m";"-183.12"
"620";"USTEC_ICM_UTC2";"Buy";"9274.1";"9356.6";"2020.02.04 17:30:00";"2020.02.05 10:30:00";"30.0";"2291.88";"9191.59961";"9356.59961";"-64047.20";"0.00";"IST";"PT";"17h 0m";"-183.12"
"621";"USTEC_ICM_UTC2";"Buy";"9350.0";"9432.5";"2020.02.05 18:30:00";"2020.02.06 06:50:00";"30.0";"2291.88";"9267.50000";"9432.50000";"-61755.32";"0.00";"IST";"PT";"12h 20m";"-183.12"
"622";"USTEC_ICM_UTC2";"Buy";"9387.6";"9394.0";"2020.02.06 16:30:00";"2020.02.07 22:55:00";"30.0";"8.88";"9305.09961";"9470.09961";"-61746.44";"0.00";"IST";"End Of Friday (Time)";"1d 6h 25m";"-183.12"
"623";"USTEC_ICM_UTC2";"Buy";"9371.0";"9453.5";"2020.02.10 16:30:00";"2020.02.10 17:30:00";"30.0";"2475.00";"9288.50000";"9453.50000";"-59271.44";"0.00";"IST";"PT";"1h 0m";"-0.00"
"624";"USTEC_ICM_UTC2";"Buy";"9548.9";"9631.4";"2020.02.11 17:00:00";"2020.02.13 20:46:00";"30.0";"2108.76";"9466.40039";"9631.40039";"-57162.68";"0.00";"IST";"PT";"2d 3h 46m";"-366.24"
"625";"USTEC_ICM_UTC2";"Buy";"9619.8";"9618.1";"2020.02.13 21:30:00";"2020.02.14 22:55:00";"30.0";"-234.12";"9537.29980";"9702.29980";"-57396.80";"0.00";"IST";"End Of Friday (Time)";"1d 1h 25m";"-183.12"
"626";"USTEC_ICM_UTC2";"Buy";"9652.7";"9570.2";"2020.02.17 17:15:00";"2020.02.18 03:14:00";"30.0";"-2658.12";"9570.20020";"9735.20020";"-60054.92";"0.00";"IST";"SL";"9h 59m";"-183.12"
"627";"USTEC_ICM_UTC2";"Buy";"9605.7";"9688.2";"2020.02.18 20:00:00";"2020.02.19 16:32:00";"30.0";"2291.88";"9523.20020";"9688.20020";"-57763.04";"0.00";"IST";"PT";"20h 32m";"-183.12"
"628";"USTEC_ICM_UTC2";"Buy";"9702.1";"9619.6";"2020.02.19 17:00:00";"2020.02.20 18:25:00";"30.0";"-2658.12";"9619.59961";"9784.59961";"-60421.16";"0.00";"IST";"SL";"1d 1h 25m";"-183.12"
"629";"USTEC_ICM_UTC2";"Buy";"9546.0";"9628.5";"2020.02.20 19:45:00";"2020.02.20 21:36:00";"30.0";"2475.00";"9463.50000";"9628.50000";"-57946.16";"0.00";"IST";"PT";"1h 51m";"-0.00"
"630";"USTEC_ICM_UTC2";"Buy";"9486.8";"9452.1";"2020.02.21 17:15:00";"2020.02.21 22:55:00";"30.0";"-1041.00";"9404.29980";"9569.29980";"-58987.16";"0.00";"IST";"End Of Friday (Time)";"5h 40m";"-0.00"
"631";"USTEC_ICM_UTC2";"Buy";"9080.1";"9162.6";"2020.02.24 20:00:00";"2020.02.24 22:00:00";"30.0";"2475.00";"8997.59961";"9162.59961";"-56512.16";"0.00";"IST";"PT";"2h 0m";"-0.00"
"632";"USTEC_ICM_UTC2";"Buy";"8981.4";"8898.9";"2020.02.25 18:30:00";"2020.02.25 21:00:00";"30.0";"-2475.00";"8898.90039";"9063.90039";"-58987.16";"0.00";"IST";"SL";"2h 30m";"-0.00"
"633";"USTEC_ICM_UTC2";"Buy";"8921.8";"8839.3";"2020.02.26 20:30:00";"2020.02.26 20:37:00";"30.0";"-2475.00";"8839.29980";"9004.29980";"-61462.16";"0.00";"IST";"SL";"7m 0s";"-0.00"
"634";"USTEC_ICM_UTC2";"Buy";"8650.3";"8567.8";"2020.02.27 16:30:00";"2020.02.27 17:26:00";"30.0";"-2475.00";"8567.79980";"8732.79980";"-63937.16";"0.00";"IST";"SL";"56m 0s";"-0.00"
"635";"USTEC_ICM_UTC2";"Buy";"8178.4";"8260.9";"2020.02.28 17:15:00";"2020.02.28 17:53:00";"30.0";"2475.00";"8095.89990";"8260.90039";"-61462.16";"0.00";"IST";"PT";"38m 0s";"-0.00"
"636";"USTEC_ICM_UTC2";"Buy";"8595.3";"8677.8";"2020.03.02 21:45:00";"2020.03.02 22:21:00";"30.0";"2475.00";"8512.79980";"8677.79980";"-58987.16";"0.00";"IST";"PT";"36m 0s";"-0.00"
"637";"USTEC_ICM_UTC2";"Buy";"8901.0";"8818.5";"2020.03.03 16:30:00";"2020.03.03 16:36:00";"30.0";"-2475.00";"8818.50000";"8983.50000";"-61462.16";"0.00";"IST";"SL";"6m 0s";"-0.00"
"638";"USTEC_ICM_UTC2";"Buy";"8722.2";"8804.7";"2020.03.04 16:45:00";"2020.03.04 19:59:00";"30.0";"2475.00";"8639.70020";"8804.70020";"-58987.16";"0.00";"IST";"PT";"3h 14m";"-0.00"
"639";"USTEC_ICM_UTC2";"Buy";"8767.5";"8850.0";"2020.03.05 16:45:00";"2020.03.05 18:13:00";"30.0";"2475.00";"8685.00000";"8850.00000";"-56512.16";"0.00";"IST";"PT";"1h 28m";"-0.00"
"640";"USTEC_ICM_UTC2";"Buy";"8386.8";"8469.3";"2020.03.06 16:30:00";"2020.03.06 17:16:00";"30.0";"2475.00";"8304.29980";"8469.29980";"-54037.16";"0.00";"IST";"PT";"46m 0s";"-0.00"
"641";"USTEC_ICM_UTC2";"Buy";"8032.4";"7949.9";"2020.03.09 21:00:00";"2020.03.09 21:59:00";"30.0";"-2475.00";"7949.89990";"8114.89990";"-56512.16";"0.00";"IST";"SL";"59m 0s";"-0.00"
"642";"USTEC_ICM_UTC2";"Buy";"8090.9";"8008.4";"2020.03.10 17:00:00";"2020.03.10 17:25:00";"30.0";"-2475.00";"8008.39990";"8173.39990";"-58987.16";"0.00";"IST";"SL";"25m 0s";"-0.00"
"643";"USTEC_ICM_UTC2";"Buy";"8152.3";"8069.8";"2020.03.11 18:15:00";"2020.03.11 18:41:00";"30.0";"-2475.00";"8069.79980";"8234.79980";"-61462.16";"0.00";"IST";"SL";"26m 0s";"-0.00"
"644";"USTEC_ICM_UTC2";"Buy";"7595.1";"7677.6";"2020.03.12 19:00:00";"2020.03.12 19:03:00";"30.0";"2475.00";"7512.60010";"7677.60010";"-58987.16";"0.00";"IST";"PT";"3m 0s";"-0.00"
"645";"USTEC_ICM_UTC2";"Buy";"7523.1";"7440.6";"2020.03.13 18:45:00";"2020.03.13 20:31:00";"30.0";"-2475.00";"7440.60010";"7605.60010";"-61462.16";"0.00";"IST";"SL";"1h 46m";"-0.00"
"646";"USTEC_ICM_UTC2";"Buy";"7481.5";"7564.0";"2020.03.16 17:15:00";"2020.03.16 17:25:00";"30.0";"2475.00";"7399.00000";"7564.00000";"-58987.16";"0.00";"IST";"PT";"10m 0s";"-0.00"
"647";"USTEC_ICM_UTC2";"Buy";"7458.6";"7376.1";"2020.03.17 20:15:00";"2020.03.17 20:48:00";"30.0";"-2475.00";"7376.10010";"7541.10010";"-61462.16";"0.00";"IST";"SL";"33m 0s";"-0.00"
"648";"USTEC_ICM_UTC2";"Buy";"7132.6";"7050.1";"2020.03.18 18:45:00";"2020.03.18 18:54:00";"30.0";"-2475.00";"7050.10010";"7215.10010";"-63937.16";"0.00";"IST";"SL";"9m 0s";"-0.00"
"649";"USTEC_ICM_UTC2";"Buy";"7318.2";"7400.7";"2020.03.19 18:30:00";"2020.03.19 18:54:00";"30.0";"2475.00";"7235.70020";"7400.70020";"-61462.16";"0.00";"IST";"PT";"24m 0s";"-0.00"
"650";"USTEC_ICM_UTC2";"Buy";"7428.5";"7346.0";"2020.03.20 16:30:00";"2020.03.20 17:21:00";"30.0";"-2475.00";"7346.00000";"7511.00000";"-63937.16";"0.00";"IST";"SL";"51m 0s";"-0.00"
"651";"USTEC_ICM_UTC2";"Buy";"6926.2";"6843.7";"2020.03.23 17:00:00";"2020.03.23 17:26:00";"30.0";"-2475.00";"6843.70020";"7008.70020";"-66412.16";"0.00";"IST";"SL";"26m 0s";"-0.00"
"652";"USTEC_ICM_UTC2";"Buy";"7400.4";"7482.9";"2020.03.24 17:15:00";"2020.03.24 18:23:00";"30.0";"2475.00";"7317.89990";"7482.89990";"-63937.16";"0.00";"IST";"PT";"1h 8m";"-0.00"
"653";"USTEC_ICM_UTC2";"Buy";"7517.3";"7599.8";"2020.03.25 17:30:00";"2020.03.25 18:22:00";"30.0";"2475.00";"7434.79980";"7599.79980";"-61462.16";"0.00";"IST";"PT";"52m 0s";"-0.00"
"654";"USTEC_ICM_UTC2";"Buy";"7756.9";"7839.4";"2020.03.26 20:45:00";"2020.03.26 21:50:00";"30.0";"2475.00";"7674.39990";"7839.39990";"-58987.16";"0.00";"IST";"PT";"1h 5m";"-0.00"
"655";"USTEC_ICM_UTC2";"Buy";"7626.1";"7708.6";"2020.03.27 16:30:00";"2020.03.27 17:17:00";"30.0";"2475.00";"7543.60010";"7708.60010";"-56512.16";"0.00";"IST";"PT";"47m 0s";"-0.00"
"656";"USTEC_ICM_UTC2";"Buy";"7849.4";"7931.9";"2020.03.30 20:30:00";"2020.03.31 04:06:00";"30.0";"2291.88";"7766.89990";"7931.89990";"-54220.28";"0.00";"IST";"PT";"7h 36m";"-183.12"
"657";"USTEC_ICM_UTC2";"Buy";"7861.8";"7944.3";"2020.03.31 16:30:00";"2020.03.31 17:14:00";"30.0";"2475.00";"7779.29980";"7944.29980";"-51745.28";"0.00";"IST";"PT";"44m 0s";"-0.00"
"658";"USTEC_ICM_UTC2";"Buy";"7617.5";"7700.0";"2020.04.01 16:45:00";"2020.04.01 18:11:00";"30.0";"2475.00";"7535.00000";"7700.00000";"-49270.28";"0.00";"IST";"PT";"1h 26m";"-0.00"
"659";"USTEC_ICM_UTC2";"Buy";"7539.2";"7621.7";"2020.04.02 17:30:00";"2020.04.02 17:36:00";"30.0";"2475.00";"7456.70020";"7621.70020";"-46795.28";"0.00";"IST";"PT";"6m 0s";"-0.00"
"660";"USTEC_ICM_UTC2";"Buy";"7501.4";"7534.1";"2020.04.03 19:30:00";"2020.04.03 22:55:00";"30.0";"981.00";"7418.89990";"7583.89990";"-45814.28";"0.00";"IST";"End Of Friday (Time)";"3h 25m";"-0.00"
"661";"USTEC_ICM_UTC2";"Buy";"7797.3";"7879.8";"2020.04.06 16:45:00";"2020.04.06 17:20:00";"30.0";"2475.00";"7714.79980";"7879.79980";"-43339.28";"0.00";"IST";"PT";"35m 0s";"-0.00"
"662";"USTEC_ICM_UTC2";"Buy";"8292.6";"8210.1";"2020.04.07 16:30:00";"2020.04.07 17:06:00";"30.0";"-2475.00";"8210.09961";"8375.09961";"-45814.28";"0.00";"IST";"SL";"36m 0s";"-0.00"
"663";"USTEC_ICM_UTC2";"Buy";"8152.1";"8234.6";"2020.04.08 20:45:00";"2020.04.08 22:05:00";"30.0";"2475.00";"8069.60010";"8234.59961";"-43339.28";"0.00";"IST";"PT";"1h 20m";"-0.00"
"664";"USTEC_ICM_UTC2";"Buy";"8254.3";"8171.8";"2020.04.09 19:00:00";"2020.04.09 21:55:00";"30.0";"-2475.00";"8171.79980";"8336.79980";"-45814.28";"0.00";"IST";"SL";"2h 55m";"-0.00"
"665";"USTEC_ICM_UTC2";"Buy";"8193.0";"8275.5";"2020.04.13 18:00:00";"2020.04.13 22:18:00";"30.0";"2475.00";"8110.50000";"8275.50000";"-43339.28";"0.00";"IST";"PT";"4h 18m";"-0.00"
"666";"USTEC_ICM_UTC2";"Buy";"8571.2";"8653.7";"2020.04.14 18:15:00";"2020.04.14 19:21:00";"30.0";"2475.00";"8488.70020";"8653.70020";"-40864.28";"0.00";"IST";"PT";"1h 6m";"-0.00"
"667";"USTEC_ICM_UTC2";"Buy";"8532.2";"8614.7";"2020.04.15 17:00:00";"2020.04.15 21:14:00";"30.0";"2475.00";"8449.70020";"8614.70020";"-38389.28";"0.00";"IST";"PT";"4h 14m";"-0.00"
"668";"USTEC_ICM_UTC2";"Buy";"8675.2";"8757.7";"2020.04.16 21:00:00";"2020.04.16 22:51:00";"30.0";"2475.00";"8592.70020";"8757.70020";"-35914.28";"0.00";"IST";"PT";"1h 51m";"-0.00"
"669";"USTEC_ICM_UTC2";"Buy";"8835.0";"8752.5";"2020.04.17 17:00:00";"2020.04.17 17:49:00";"30.0";"-2475.00";"8752.50000";"8917.50000";"-38389.28";"0.00";"IST";"SL";"49m 0s";"-0.00"
"670";"USTEC_ICM_UTC2";"Buy";"8748.2";"8830.7";"2020.04.20 16:30:00";"2020.04.20 17:47:00";"30.0";"2475.00";"8665.70020";"8830.70020";"-35914.28";"0.00";"IST";"PT";"1h 17m";"-0.00"
"671";"USTEC_ICM_UTC2";"Buy";"8778.4";"8695.9";"2020.04.23 18:30:00";"2020.04.23 19:45:00";"30.0";"-2475.00";"8695.90039";"8860.90039";"-38389.28";"0.00";"IST";"SL";"1h 15m";"-0.00"
"672";"USTEC_ICM_UTC2";"Buy";"8655.5";"8738.0";"2020.04.24 16:30:00";"2020.04.24 21:06:00";"30.0";"2475.00";"8573.00000";"8738.00000";"-35914.28";"0.00";"IST";"PT";"4h 36m";"-0.00"
"673";"USTEC_ICM_UTC2";"Buy";"8861.7";"8944.2";"2020.04.27 17:30:00";"2020.04.28 12:50:00";"30.0";"2291.88";"8779.20020";"8944.20020";"-33622.40";"0.00";"IST";"PT";"19h 20m";"-183.12"
"674";"USTEC_ICM_UTC2";"Buy";"8915.2";"8832.7";"2020.04.28 16:30:00";"2020.04.28 17:00:00";"30.0";"-2475.00";"8832.70020";"8997.70020";"-36097.40";"0.00";"IST";"SL";"30m 0s";"-0.00"
"675";"USTEC_ICM_UTC2";"Buy";"9008.8";"8926.3";"2020.04.30 17:00:00";"2020.04.30 19:02:00";"30.0";"-2475.00";"8926.29980";"9091.29980";"-38572.40";"0.00";"IST";"SL";"2h 2m";"-0.00"
"676";"USTEC_ICM_UTC2";"Buy";"8711.7";"8703.6";"2020.05.01 20:00:00";"2020.05.01 22:55:00";"30.0";"-243.03";"8629.20020";"8794.20020";"-38815.43";"0.00";"IST";"End Of Friday (Time)";"2h 55m";"-0.00"
"677";"USTEC_ICM_UTC2";"Buy";"8765.4";"8847.9";"2020.05.04 21:15:00";"2020.05.05 03:04:00";"30.0";"2291.88";"8682.90039";"8847.90039";"-36523.55";"0.00";"IST";"PT";"5h 49m";"-183.12"
"678";"USTEC_ICM_UTC2";"Buy";"8958.3";"9040.8";"2020.05.05 17:30:00";"2020.05.06 17:45:00";"30.0";"2291.88";"8875.79980";"9040.79980";"-34231.67";"0.00";"IST";"PT";"1d 0h 15m";"-183.12"
"679";"USTEC_ICM_UTC2";"Buy";"9027.3";"8944.8";"2020.05.06 18:45:00";"2020.05.07 01:57:00";"30.0";"-2658.12";"8944.79980";"9109.79980";"-36889.79";"0.00";"IST";"SL";"7h 12m";"-183.12"
"680";"USTEC_ICM_UTC2";"Buy";"9096.6";"9179.1";"2020.05.07 17:00:00";"2020.05.08 03:37:00";"30.0";"2291.88";"9014.09961";"9179.09961";"-34597.91";"0.00";"IST";"PT";"10h 37m";"-183.12"
"681";"USTEC_ICM_UTC2";"Buy";"9166.5";"9221.3";"2020.05.08 16:30:00";"2020.05.08 22:55:00";"30.0";"1644.00";"9084.00000";"9249.00000";"-32953.91";"0.00";"IST";"End Of Friday (Time)";"6h 25m";"-0.00"
"682";"USTEC_ICM_UTC2";"Buy";"9164.6";"9247.1";"2020.05.11 16:30:00";"2020.05.11 17:06:00";"30.0";"2475.00";"9082.09961";"9247.09961";"-30478.91";"0.00";"IST";"PT";"36m 0s";"-0.00"
"683";"USTEC_ICM_UTC2";"Buy";"9278.8";"9196.3";"2020.05.12 17:00:00";"2020.05.12 22:38:00";"30.0";"-2475.00";"9196.29980";"9361.29980";"-32953.91";"0.00";"IST";"SL";"5h 38m";"-0.00"
"684";"USTEC_ICM_UTC2";"Buy";"9162.1";"9079.6";"2020.05.13 17:15:00";"2020.05.13 18:22:00";"30.0";"-2475.00";"9079.59961";"9244.59961";"-35428.91";"0.00";"IST";"SL";"1h 7m";"-0.00"
"685";"USTEC_ICM_UTC2";"Buy";"8941.6";"8859.1";"2020.05.14 16:30:00";"2020.05.14 17:29:00";"30.0";"-2475.00";"8859.09961";"9024.09961";"-37903.91";"0.00";"IST";"SL";"59m 0s";"-0.00"
"686";"USTEC_ICM_UTC2";"Buy";"8972.1";"9054.6";"2020.05.15 16:30:00";"2020.05.15 17:11:00";"30.0";"2475.00";"8889.59961";"9054.59961";"-35428.91";"0.00";"IST";"PT";"41m 0s";"-0.00"
"687";"USTEC_ICM_UTC2";"Buy";"9332.6";"9415.1";"2020.05.18 17:45:00";"2020.05.19 09:58:00";"30.0";"2291.88";"9250.09961";"9415.09961";"-33137.03";"0.00";"IST";"PT";"16h 13m";"-183.12"
"688";"USTEC_ICM_UTC2";"Buy";"9357.2";"9439.7";"2020.05.19 16:45:00";"2020.05.20 16:39:00";"30.0";"2291.88";"9274.70020";"9439.70020";"-30845.15";"0.00";"IST";"PT";"23h 54m";"-183.12"
"689";"USTEC_ICM_UTC2";"Buy";"9484.9";"9402.4";"2020.05.20 19:15:00";"2020.05.21 17:39:00";"30.0";"-2658.12";"9402.40039";"9567.40039";"-33503.27";"0.00";"IST";"SL";"22h 24m";"-183.12"
"690";"USTEC_ICM_UTC2";"Buy";"9402.9";"9320.4";"2020.05.21 19:00:00";"2020.05.22 05:54:00";"30.0";"-2658.12";"9320.40039";"9485.40039";"-36161.39";"0.00";"IST";"SL";"10h 54m";"-183.12"
"691";"USTEC_ICM_UTC2";"Buy";"9374.8";"9406.7";"2020.05.22 19:30:00";"2020.05.22 22:55:00";"30.0";"957.00";"9292.29980";"9457.29980";"-35204.39";"0.00";"IST";"End Of Friday (Time)";"3h 25m";"-0.00"
"692";"USTEC_ICM_UTC2";"Buy";"9563.2";"9480.7";"2020.05.26 16:30:00";"2020.05.26 18:17:00";"30.0";"-2475.00";"9480.70020";"9645.70020";"-37679.39";"0.00";"IST";"SL";"1h 47m";"-0.00"
"693";"USTEC_ICM_UTC2";"Buy";"9346.4";"9263.9";"2020.05.27 16:45:00";"2020.05.27 17:37:00";"30.0";"-2475.00";"9263.90039";"9428.90039";"-40154.39";"0.00";"IST";"SL";"52m 0s";"-0.00"
"694";"USTEC_ICM_UTC2";"Buy";"9459.4";"9541.9";"2020.05.28 16:45:00";"2020.05.28 19:40:00";"30.0";"2475.00";"9376.90039";"9541.90039";"-37679.39";"0.00";"IST";"PT";"2h 55m";"-0.00"
"695";"USTEC_ICM_UTC2";"Buy";"9411.3";"9493.8";"2020.05.29 17:30:00";"2020.05.29 21:27:00";"30.0";"2475.00";"9328.79980";"9493.79980";"-35204.39";"0.00";"IST";"PT";"3h 57m";"-0.00"
"696";"USTEC_ICM_UTC2";"Buy";"9595.6";"9513.1";"2020.06.01 22:45:00";"2020.06.02 18:12:00";"30.0";"-2658.12";"9513.09961";"9678.09961";"-37862.51";"0.00";"IST";"SL";"19h 27m";"-183.12"
"697";"USTEC_ICM_UTC2";"Buy";"9515.2";"9597.7";"2020.06.02 18:15:00";"2020.06.02 20:22:00";"30.0";"2475.00";"9432.70020";"9597.70020";"-35387.51";"0.00";"IST";"PT";"2h 7m";"-0.00"
"698";"USTEC_ICM_UTC2";"Buy";"9680.4";"9597.9";"2020.06.03 17:30:00";"2020.06.04 22:00:00";"30.0";"-2658.12";"9597.90039";"9762.90039";"-38045.63";"0.00";"IST";"SL";"1d 4h 30m";"-183.12"
"699";"USTEC_ICM_UTC2";"Buy";"9814.4";"9811.6";"2020.06.05 19:00:00";"2020.06.05 22:55:00";"30.0";"-84.03";"9731.90039";"9896.90039";"-38129.66";"0.00";"IST";"End Of Friday (Time)";"3h 55m";"-0.00"
"700";"USTEC_ICM_UTC2";"Buy";"9804.7";"9887.2";"2020.06.08 16:45:00";"2020.06.08 22:50:00";"30.0";"2475.00";"9722.20020";"9887.20020";"-35654.66";"0.00";"IST";"PT";"6h 5m";"-0.00"
"701";"USTEC_ICM_UTC2";"Buy";"9951.2";"10033.7";"2020.06.09 19:00:00";"2020.06.10 14:58:00";"30.0";"2291.88";"9868.70020";"10033.70020";"-33362.79";"0.00";"IST";"PT";"19h 58m";"-183.12"
"702";"USTEC_ICM_UTC2";"Buy";"10060.5";"10143.0";"2020.06.10 17:45:00";"2020.06.10 21:20:00";"30.0";"2475.00";"9978.00000";"10143.00000";"-30887.78";"0.00";"IST";"PT";"3h 35m";"-0.00"
"703";"USTEC_ICM_UTC2";"Buy";"9935.9";"9853.4";"2020.06.11 17:00:00";"2020.06.11 18:46:00";"30.0";"-2475.00";"9853.40039";"10018.40039";"-33362.79";"0.00";"IST";"SL";"1h 46m";"-0.00"
"704";"USTEC_ICM_UTC2";"Buy";"9718.5";"9636.0";"2020.06.12 19:00:00";"2020.06.12 19:45:00";"30.0";"-2475.00";"9636.00000";"9801.00000";"-35837.79";"0.00";"IST";"SL";"45m 0s";"-0.00"
"705";"USTEC_ICM_UTC2";"Buy";"9842.7";"9925.2";"2020.06.16 18:00:00";"2020.06.16 18:15:00";"30.0";"2475.00";"9760.20020";"9925.20020";"-33362.79";"0.00";"IST";"PT";"15m 0s";"-0.00"
"706";"USTEC_ICM_UTC2";"Buy";"9988.3";"9905.8";"2020.06.17 17:15:00";"2020.06.18 04:31:00";"30.0";"-2658.12";"9905.79980";"10070.79980";"-36020.90";"0.00";"IST";"SL";"11h 16m";"-183.12"
"707";"USTEC_ICM_UTC2";"Buy";"9967.0";"10049.5";"2020.06.18 16:30:00";"2020.06.19 09:15:00";"30.0";"2291.88";"9884.50000";"10049.50000";"-33729.02";"0.00";"IST";"PT";"16h 45m";"-183.12"
"708";"USTEC_ICM_UTC2";"Buy";"10088.3";"10005.8";"2020.06.19 18:00:00";"2020.06.19 19:14:00";"30.0";"-2475.00";"10005.79980";"10170.79980";"-36204.02";"0.00";"IST";"SL";"1h 14m";"-0.00"
"709";"USTEC_ICM_UTC2";"Buy";"10111.1";"10028.6";"2020.06.22 22:45:00";"2020.06.23 04:23:00";"30.0";"-2658.12";"10028.59961";"10193.59961";"-38862.14";"0.00";"IST";"SL";"5h 38m";"-183.12"
"710";"USTEC_ICM_UTC2";"Buy";"10230.1";"10147.6";"2020.06.23 17:30:00";"2020.06.24 11:15:00";"30.0";"-2658.12";"10147.59961";"10312.59961";"-41520.27";"0.00";"IST";"SL";"17h 45m";"-183.12"
"711";"USTEC_ICM_UTC2";"Buy";"10004.7";"9922.2";"2020.06.24 19:30:00";"2020.06.25 10:16:00";"30.0";"-2658.12";"9922.20020";"10087.20020";"-44178.38";"0.00";"IST";"SL";"14h 46m";"-183.12"
"712";"USTEC_ICM_UTC2";"Buy";"10008.3";"9925.8";"2020.06.25 16:30:00";"2020.06.25 16:42:00";"30.0";"-2475.00";"9925.79980";"10090.79980";"-46653.38";"0.00";"IST";"SL";"12m 0s";"-0.00"
"713";"USTEC_ICM_UTC2";"Buy";"10086.8";"10004.3";"2020.06.26 16:30:00";"2020.06.26 17:01:00";"30.0";"-2475.00";"10004.29980";"10169.29980";"-49128.38";"0.00";"IST";"SL";"31m 0s";"-0.00"
"714";"USTEC_ICM_UTC2";"Buy";"9853.7";"9936.2";"2020.06.29 17:30:00";"2020.06.29 19:35:00";"30.0";"2475.00";"9771.20020";"9936.20020";"-46653.38";"0.00";"IST";"PT";"2h 5m";"-0.00"
"715";"USTEC_ICM_UTC2";"Buy";"10017.9";"10100.4";"2020.06.30 16:45:00";"2020.06.30 19:10:00";"30.0";"2475.00";"9935.40039";"10100.40039";"-44178.38";"0.00";"IST";"PT";"2h 25m";"-0.00"
"716";"USTEC_ICM_UTC2";"Buy";"10252.4";"10334.9";"2020.07.01 20:15:00";"2020.07.02 10:56:00";"30.0";"2291.88";"10169.90039";"10334.90039";"-41886.50";"0.00";"IST";"PT";"14h 41m";"-183.12"
"717";"USTEC_ICM_UTC2";"Buy";"10426.9";"10344.4";"2020.07.02 17:00:00";"2020.07.02 18:29:00";"30.0";"-2475.00";"10344.40039";"10509.40039";"-44361.50";"0.00";"IST";"SL";"1h 29m";"-0.00"
"718";"USTEC_ICM_UTC2";"Buy";"10364.3";"10446.8";"2020.07.03 16:30:00";"2020.07.06 04:01:00";"30.0";"1925.64";"10281.79980";"10446.79980";"-42435.86";"0.00";"IST";"PT";"2d 11h 31m";"-549.36"
"719";"USTEC_ICM_UTC2";"Buy";"10592.8";"10675.3";"2020.07.06 19:15:00";"2020.07.07 17:20:00";"30.0";"2291.88";"10510.29980";"10675.29980";"-40143.98";"0.00";"IST";"PT";"22h 5m";"-183.12"
"720";"USTEC_ICM_UTC2";"Buy";"10643.8";"10561.3";"2020.07.07 20:45:00";"2020.07.07 22:14:00";"30.0";"-2475.00";"10561.29980";"10726.29980";"-42618.98";"0.00";"IST";"SL";"1h 29m";"-0.00"
"721";"USTEC_ICM_UTC2";"Buy";"10603.6";"10696.7";"2020.07.08 19:45:00";"2020.07.09 01:00:00";"30.0";"2608.71";"10521.09961";"10686.09961";"-40010.27";"0.00";"IST";"PT";"5h 15m";"-183.12"
"722";"USTEC_ICM_UTC2";"Buy";"10605.8";"10688.3";"2020.07.09 18:00:00";"2020.07.09 19:46:00";"30.0";"2475.00";"10523.29980";"10688.29980";"-37535.27";"0.00";"IST";"PT";"1h 46m";"-0.00"
"723";"USTEC_ICM_UTC2";"Buy";"10712.1";"10794.6";"2020.07.10 17:15:00";"2020.07.10 21:47:00";"30.0";"2475.00";"10629.59961";"10794.59961";"-35060.27";"0.00";"IST";"PT";"4h 32m";"-0.00"
"724";"USTEC_ICM_UTC2";"Buy";"10978.3";"11060.8";"2020.07.13 17:00:00";"2020.07.13 18:05:00";"30.0";"2475.00";"10895.79980";"11060.79980";"-32585.27";"0.00";"IST";"PT";"1h 5m";"-0.00"
"725";"USTEC_ICM_UTC2";"Buy";"10381.8";"10464.3";"2020.07.14 17:15:00";"2020.07.14 17:29:00";"30.0";"2475.00";"10299.29980";"10464.29980";"-30110.27";"0.00";"IST";"PT";"14m 0s";"-0.00"
"726";"USTEC_ICM_UTC2";"Buy";"10735.8";"10653.3";"2020.07.15 16:30:00";"2020.07.15 18:06:00";"30.0";"-2475.00";"10653.29980";"10818.29980";"-32585.27";"0.00";"IST";"SL";"1h 36m";"-0.00"
"727";"USTEC_ICM_UTC2";"Buy";"10586.0";"10668.5";"2020.07.16 19:45:00";"2020.07.17 16:28:00";"30.0";"2291.88";"10503.50000";"10668.50000";"-30293.39";"0.00";"IST";"PT";"20h 43m";"-183.12"
"728";"USTEC_ICM_UTC2";"Buy";"10629.8";"10637.3";"2020.07.17 18:30:00";"2020.07.17 22:55:00";"30.0";"225.00";"10547.29980";"10712.29980";"-30068.39";"0.00";"IST";"End Of Friday (Time)";"4h 25m";"-0.00"
"729";"USTEC_ICM_UTC2";"Buy";"10698.3";"10780.8";"2020.07.20 17:00:00";"2020.07.20 17:27:00";"30.0";"2475.00";"10615.79980";"10780.79980";"-27593.39";"0.00";"IST";"PT";"27m 0s";"-0.00"
"730";"USTEC_ICM_UTC2";"Buy";"10926.6";"10844.1";"2020.07.21 17:15:00";"2020.07.21 19:03:00";"30.0";"-2475.00";"10844.09961";"11009.09961";"-30068.39";"0.00";"IST";"SL";"1h 48m";"-0.00"
"731";"USTEC_ICM_UTC2";"Buy";"10850.7";"10933.2";"2020.07.22 17:45:00";"2020.07.23 09:47:00";"30.0";"2291.88";"10768.20020";"10933.20020";"-27776.51";"0.00";"IST";"PT";"16h 2m";"-183.12"
"732";"USTEC_ICM_UTC2";"Buy";"10855.1";"10772.6";"2020.07.23 16:30:00";"2020.07.23 19:03:00";"30.0";"-2475.00";"10772.59961";"10937.59961";"-30251.51";"0.00";"IST";"SL";"2h 33m";"-0.00"
"733";"USTEC_ICM_UTC2";"Buy";"10426.8";"10344.3";"2020.07.24 16:30:00";"2020.07.24 16:38:00";"30.0";"-2475.00";"10344.29980";"10509.29980";"-32726.51";"0.00";"IST";"SL";"8m 0s";"-0.00"
"734";"USTEC_ICM_UTC2";"Buy";"10598.3";"10680.8";"2020.07.27 19:45:00";"2020.07.27 22:18:00";"30.0";"2475.00";"10515.79980";"10680.79980";"-30251.51";"0.00";"IST";"PT";"2h 33m";"-0.00"
"735";"USTEC_ICM_UTC2";"Buy";"10599.2";"10681.7";"2020.07.28 17:00:00";"2020.07.29 21:38:00";"30.0";"2291.88";"10516.70020";"10681.70020";"-27959.63";"0.00";"IST";"PT";"1d 4h 38m";"-183.12"
"736";"USTEC_ICM_UTC2";"Buy";"10562.3";"10644.8";"2020.07.30 17:15:00";"2020.07.30 18:33:00";"30.0";"2475.00";"10479.79980";"10644.79980";"-25484.63";"0.00";"IST";"PT";"1h 18m";"-0.00"
"737";"USTEC_ICM_UTC2";"Buy";"10749.4";"10831.9";"2020.07.31 17:30:00";"2020.07.31 18:18:00";"30.0";"2475.00";"10666.90039";"10831.90039";"-23009.63";"0.00";"IST";"PT";"48m 0s";"-0.00"
"738";"USTEC_ICM_UTC2";"Buy";"10999.5";"11082.0";"2020.08.03 16:30:00";"2020.08.03 21:39:00";"30.0";"2475.00";"10917.00000";"11082.00000";"-20534.63";"0.00";"IST";"PT";"5h 9m";"-0.00"
"739";"USTEC_ICM_UTC2";"Buy";"11027.3";"11109.8";"2020.08.04 16:30:00";"2020.08.05 06:30:00";"30.0";"2291.88";"10944.79980";"11109.79980";"-18242.75";"0.00";"IST";"PT";"14h 0m";"-183.12"
"740";"USTEC_ICM_UTC2";"Buy";"11124.1";"11206.6";"2020.08.05 17:00:00";"2020.08.06 20:51:00";"30.0";"2291.88";"11041.59961";"11206.59961";"-15950.88";"0.00";"IST";"PT";"1d 3h 51m";"-183.12"
"741";"USTEC_ICM_UTC2";"Buy";"11261.3";"11178.8";"2020.08.06 22:00:00";"2020.08.07 19:00:00";"30.0";"-2658.12";"11178.79980";"11343.79980";"-18608.99";"0.00";"IST";"SL";"21h 0m";"-183.12"
"742";"USTEC_ICM_UTC2";"Buy";"11097.2";"11133.9";"2020.08.07 20:15:00";"2020.08.07 22:55:00";"30.0";"1101.00";"11014.70020";"11179.70020";"-17507.99";"0.00";"IST";"End Of Friday (Time)";"2h 40m";"-0.00"
"743";"USTEC_ICM_UTC2";"Buy";"11070.9";"10988.4";"2020.08.10 17:30:00";"2020.08.10 17:47:00";"30.0";"-2475.00";"10988.40039";"11153.40039";"-19982.99";"0.00";"IST";"SL";"17m 0s";"-0.00"
"744";"USTEC_ICM_UTC2";"Buy";"11035.9";"10953.4";"2020.08.11 16:30:00";"2020.08.11 17:08:00";"30.0";"-2475.00";"10953.40039";"11118.40039";"-22457.99";"0.00";"IST";"SL";"38m 0s";"-0.00"
"745";"USTEC_ICM_UTC2";"Buy";"11178.4";"11260.9";"2020.08.12 21:30:00";"2020.08.13 18:07:00";"30.0";"2291.88";"11095.90039";"11260.90039";"-20166.12";"0.00";"IST";"PT";"20h 37m";"-183.12"
"746";"USTEC_ICM_UTC2";"Buy";"11240.5";"11158.0";"2020.08.13 19:00:00";"2020.08.13 21:23:00";"30.0";"-2475.00";"11158.00000";"11323.00000";"-22641.12";"0.00";"IST";"SL";"2h 23m";"-0.00"
"747";"USTEC_ICM_UTC2";"Buy";"11113.1";"11166.2";"2020.08.14 17:30:00";"2020.08.14 22:55:00";"30.0";"1593.03";"11030.59961";"11195.59961";"-21048.09";"0.00";"IST";"End Of Friday (Time)";"5h 25m";"-0.00"
"748";"USTEC_ICM_UTC2";"Buy";"11298.7";"11381.2";"2020.08.17 22:30:00";"2020.08.18 16:38:00";"30.0";"2291.88";"11216.20020";"11381.20020";"-18756.21";"0.00";"IST";"PT";"18h 8m";"-183.12"
"749";"USTEC_ICM_UTC2";"Buy";"11366.3";"11283.8";"2020.08.18 16:45:00";"2020.08.18 17:29:00";"30.0";"-2475.00";"11283.79980";"11448.79980";"-21231.21";"0.00";"IST";"SL";"44m 0s";"-0.00"
"750";"USTEC_ICM_UTC2";"Buy";"11396.2";"11313.7";"2020.08.19 16:30:00";"2020.08.19 22:49:00";"30.0";"-2475.00";"11313.70020";"11478.70020";"-23706.21";"0.00";"IST";"SL";"6h 19m";"-0.00"
"751";"USTEC_ICM_UTC2";"Buy";"11286.9";"11369.4";"2020.08.20 16:30:00";"2020.08.20 16:57:00";"30.0";"2475.00";"11204.40039";"11369.40039";"-21231.21";"0.00";"IST";"PT";"27m 0s";"-0.00"
"752";"USTEC_ICM_UTC2";"Buy";"11544.0";"11557.1";"2020.08.21 20:00:00";"2020.08.21 22:55:00";"30.0";"393.00";"11461.50000";"11626.50000";"-20838.21";"0.00";"IST";"End Of Friday (Time)";"2h 55m";"-0.00"
"753";"USTEC_ICM_UTC2";"Buy";"11647.6";"11565.1";"2020.08.24 17:15:00";"2020.08.24 17:53:00";"30.0";"-2475.00";"11565.09961";"11730.09961";"-23313.21";"0.00";"IST";"SL";"38m 0s";"-0.00"
"754";"USTEC_ICM_UTC2";"Buy";"11594.8";"11677.3";"2020.08.25 16:30:00";"2020.08.25 18:13:00";"30.0";"2475.00";"11512.29980";"11677.29980";"-20838.21";"0.00";"IST";"PT";"1h 43m";"-0.00"
"755";"USTEC_ICM_UTC2";"Buy";"11784.8";"11867.3";"2020.08.26 16:45:00";"2020.08.26 18:30:00";"30.0";"2475.00";"11702.29980";"11867.29980";"-18363.21";"0.00";"IST";"PT";"1h 45m";"-0.00"
"756";"USTEC_ICM_UTC2";"Buy";"12016.3";"11933.8";"2020.08.27 16:30:00";"2020.08.27 16:38:00";"30.0";"-2475.00";"11933.79980";"12098.79980";"-20838.21";"0.00";"IST";"SL";"8m 0s";"-0.00"
"757";"USTEC_ICM_UTC2";"Buy";"11982.3";"11988.1";"2020.08.28 19:30:00";"2020.08.28 22:55:00";"30.0";"174.00";"11899.79980";"12064.79980";"-20664.21";"0.00";"IST";"End Of Friday (Time)";"3h 25m";"-0.00"
"758";"USTEC_ICM_UTC2";"Buy";"12019.7";"12102.2";"2020.08.31 16:30:00";"2020.08.31 18:11:00";"30.0";"2475.00";"11937.20020";"12102.20020";"-18189.21";"0.00";"IST";"PT";"1h 41m";"-0.00"
"759";"USTEC_ICM_UTC2";"Buy";"12202.1";"12284.6";"2020.09.01 16:30:00";"2020.09.01 20:44:00";"30.0";"2475.00";"12119.59961";"12284.59961";"-15714.21";"0.00";"IST";"PT";"4h 14m";"-0.00"
"760";"USTEC_ICM_UTC2";"Buy";"12405.0";"12322.5";"2020.09.02 16:45:00";"2020.09.02 16:53:00";"30.0";"-2475.00";"12322.50000";"12487.50000";"-18189.21";"0.00";"IST";"SL";"8m 0s";"-0.00"
"761";"USTEC_ICM_UTC2";"Buy";"12225.4";"12142.9";"2020.09.03 16:30:00";"2020.09.03 16:43:00";"30.0";"-2475.00";"12142.90039";"12307.90039";"-20664.21";"0.00";"IST";"SL";"13m 0s";"-0.00"
"762";"USTEC_ICM_UTC2";"Buy";"11343.6";"11426.1";"2020.09.04 18:45:00";"2020.09.04 18:51:00";"30.0";"2475.00";"11261.09961";"11426.09961";"-18189.21";"0.00";"IST";"PT";"6m 0s";"-0.00"
"763";"USTEC_ICM_UTC2";"Buy";"11471.1";"11553.6";"2020.09.07 17:15:00";"2020.09.08 01:26:00";"30.0";"2291.88";"11388.59961";"11553.59961";"-15897.33";"0.00";"IST";"PT";"8h 11m";"-183.12"
"764";"USTEC_ICM_UTC2";"Buy";"11278.8";"11196.3";"2020.09.08 20:00:00";"2020.09.08 21:18:00";"30.0";"-2475.00";"11196.29980";"11361.29980";"-18372.33";"0.00";"IST";"SL";"1h 18m";"-0.00"
"765";"USTEC_ICM_UTC2";"Buy";"11436.5";"11354.0";"2020.09.09 22:15:00";"2020.09.10 04:37:00";"30.0";"-2658.12";"11354.00000";"11519.00000";"-21030.45";"0.00";"IST";"SL";"6h 22m";"-183.12"
"766";"USTEC_ICM_UTC2";"Buy";"11417.8";"11335.3";"2020.09.10 19:15:00";"2020.09.10 19:39:00";"30.0";"-2475.00";"11335.29980";"11500.29980";"-23505.45";"0.00";"IST";"SL";"24m 0s";"-0.00"
"767";"USTEC_ICM_UTC2";"Buy";"11148.7";"11231.2";"2020.09.11 17:15:00";"2020.09.11 17:45:00";"30.0";"2475.00";"11066.20020";"11231.20020";"-21030.45";"0.00";"IST";"PT";"30m 0s";"-0.00"
"768";"USTEC_ICM_UTC2";"Buy";"11244.9";"11327.4";"2020.09.14 16:30:00";"2020.09.14 17:06:00";"30.0";"2475.00";"11162.40039";"11327.40039";"-18555.45";"0.00";"IST";"PT";"36m 0s";"-0.00"
"769";"USTEC_ICM_UTC2";"Buy";"11431.6";"11514.1";"2020.09.15 16:30:00";"2020.09.16 11:08:00";"30.0";"2291.88";"11349.09961";"11514.09961";"-16263.57";"0.00";"IST";"PT";"18h 38m";"-183.12"
"770";"USTEC_ICM_UTC2";"Buy";"11465.8";"11383.3";"2020.09.16 16:30:00";"2020.09.16 17:38:00";"30.0";"-2475.00";"11383.29980";"11548.29980";"-18738.57";"0.00";"IST";"SL";"1h 8m";"-0.00"
"771";"USTEC_ICM_UTC2";"Buy";"10962.2";"11044.7";"2020.09.17 16:30:00";"2020.09.17 16:50:00";"30.0";"2475.00";"10879.70020";"11044.70020";"-16263.57";"0.00";"IST";"PT";"20m 0s";"-0.00"
"772";"USTEC_ICM_UTC2";"Buy";"11073.3";"10990.8";"2020.09.18 17:00:00";"2020.09.18 17:52:00";"30.0";"-2475.00";"10990.79980";"11155.79980";"-18738.57";"0.00";"IST";"SL";"52m 0s";"-0.00"
"773";"USTEC_ICM_UTC2";"Buy";"10826.1";"10743.6";"2020.09.21 17:00:00";"2020.09.21 17:27:00";"30.0";"-2475.00";"10743.59961";"10908.59961";"-21213.57";"0.00";"IST";"SL";"27m 0s";"-0.00"
"774";"USTEC_ICM_UTC2";"Buy";"11085.5";"11003.0";"2020.09.22 16:30:00";"2020.09.22 16:45:00";"30.0";"-2475.00";"11003.00000";"11168.00000";"-23688.57";"0.00";"IST";"SL";"15m 0s";"-0.00"
"775";"USTEC_ICM_UTC2";"Buy";"11169.1";"11086.6";"2020.09.23 16:30:00";"2020.09.23 17:05:00";"30.0";"-2475.00";"11086.59961";"11251.59961";"-26163.57";"0.00";"IST";"SL";"35m 0s";"-0.00"
"776";"USTEC_ICM_UTC2";"Buy";"10738.1";"10820.6";"2020.09.24 16:30:00";"2020.09.24 16:46:00";"30.0";"2475.00";"10655.59961";"10820.59961";"-23688.57";"0.00";"IST";"PT";"16m 0s";"-0.00"
"777";"USTEC_ICM_UTC2";"Buy";"11256.9";"11339.4";"2020.09.28 18:00:00";"2020.09.28 20:34:00";"30.0";"2475.00";"11174.40039";"11339.40039";"-21213.57";"0.00";"IST";"PT";"2h 34m";"-0.00"
"778";"USTEC_ICM_UTC2";"Buy";"11357.2";"11274.7";"2020.09.29 16:30:00";"2020.09.30 06:58:00";"30.0";"-2658.12";"11274.70020";"11439.70020";"-23871.69";"0.00";"IST";"SL";"14h 28m";"-183.12"
"779";"USTEC_ICM_UTC2";"Buy";"11487.5";"11405.0";"2020.09.30 21:30:00";"2020.09.30 21:49:00";"30.0";"-2475.00";"11405.00000";"11570.00000";"-26346.69";"0.00";"IST";"SL";"19m 0s";"-0.00"
"780";"USTEC_ICM_UTC2";"Buy";"11508.6";"11591.1";"2020.10.01 18:15:00";"2020.10.01 21:51:00";"30.0";"2475.00";"11426.09961";"11591.09961";"-23871.69";"0.00";"IST";"PT";"3h 36m";"-0.00"
"781";"USTEC_ICM_UTC2";"Buy";"11325.1";"11407.6";"2020.10.02 16:30:00";"2020.10.02 16:38:00";"30.0";"2475.00";"11242.59961";"11407.59961";"-21396.69";"0.00";"IST";"PT";"8m 0s";"-0.00"
"782";"USTEC_ICM_UTC2";"Buy";"11340.1";"11422.6";"2020.10.05 16:30:00";"2020.10.05 17:13:00";"30.0";"2475.00";"11257.59961";"11422.59961";"-18921.69";"0.00";"IST";"PT";"43m 0s";"-0.00"
"783";"USTEC_ICM_UTC2";"Buy";"11446.0";"11528.5";"2020.10.06 19:45:00";"2020.10.06 21:45:00";"30.0";"2475.00";"11363.50000";"11528.50000";"-16446.69";"0.00";"IST";"PT";"2h 0m";"-0.00"
"784";"USTEC_ICM_UTC2";"Buy";"11558.4";"11640.9";"2020.10.08 17:00:00";"2020.10.09 16:43:00";"30.0";"2291.88";"11475.90039";"11640.90039";"-14154.81";"0.00";"IST";"PT";"23h 43m";"-183.12"
"785";"USTEC_ICM_UTC2";"Buy";"11690.5";"11713.5";"2020.10.09 19:00:00";"2020.10.09 22:55:00";"30.0";"690.00";"11608.00000";"11773.00000";"-13464.81";"0.00";"IST";"End Of Friday (Time)";"3h 55m";"-0.00"
"786";"USTEC_ICM_UTC2";"Buy";"11979.2";"12061.7";"2020.10.12 18:00:00";"2020.10.12 19:14:00";"30.0";"2475.00";"11896.70020";"12061.70020";"-10989.81";"0.00";"IST";"PT";"1h 14m";"-0.00"
"787";"USTEC_ICM_UTC2";"Buy";"12069.1";"12151.6";"2020.10.13 17:15:00";"2020.10.13 18:15:00";"30.0";"2475.00";"11986.59961";"12151.59961";"-8514.81";"0.00";"IST";"PT";"1h 0m";"-0.00"
"788";"USTEC_ICM_UTC2";"Buy";"12061.0";"11978.5";"2020.10.14 17:30:00";"2020.10.14 18:59:00";"30.0";"-2475.00";"11978.50000";"12143.50000";"-10989.81";"0.00";"IST";"SL";"1h 29m";"-0.00"
"789";"USTEC_ICM_UTC2";"Buy";"11783.4";"11865.9";"2020.10.15 16:30:00";"2020.10.15 16:46:00";"30.0";"2475.00";"11700.90039";"11865.90039";"-8514.81";"0.00";"IST";"PT";"16m 0s";"-0.00"
"790";"USTEC_ICM_UTC2";"Buy";"11980.6";"11898.1";"2020.10.16 18:00:00";"2020.10.16 18:23:00";"30.0";"-2475.00";"11898.09961";"12063.09961";"-10989.81";"0.00";"IST";"SL";"23m 0s";"-0.00"
"791";"USTEC_ICM_UTC2";"Buy";"11845.8";"11763.3";"2020.10.19 17:15:00";"2020.10.19 19:21:00";"30.0";"-2475.00";"11763.29980";"11928.29980";"-13464.81";"0.00";"IST";"SL";"2h 6m";"-0.00"
"792";"USTEC_ICM_UTC2";"Buy";"11678.9";"11761.4";"2020.10.20 16:30:00";"2020.10.20 20:13:00";"30.0";"2475.00";"11596.40039";"11761.40039";"-10989.81";"0.00";"IST";"PT";"3h 43m";"-0.00"
"793";"USTEC_ICM_UTC2";"Buy";"11708.7";"11626.2";"2020.10.21 19:30:00";"2020.10.22 02:38:00";"30.0";"-2658.12";"11626.20020";"11791.20020";"-13647.93";"0.00";"IST";"SL";"7h 8m";"-183.12"
"794";"USTEC_ICM_UTC2";"Buy";"11602.1";"11684.6";"2020.10.22 17:30:00";"2020.10.22 22:33:00";"30.0";"2475.00";"11519.59961";"11684.59961";"-11172.93";"0.00";"IST";"PT";"5h 3m";"-0.00"
"795";"USTEC_ICM_UTC2";"Buy";"11616.1";"11683.9";"2020.10.23 18:00:00";"2020.10.23 22:55:00";"30.0";"2034.03";"11533.59961";"11698.59961";"-9138.90";"0.00";"IST";"End Of Friday (Time)";"4h 55m";"-0.00"
"796";"USTEC_ICM_UTC2";"Buy";"11459.3";"11376.8";"2020.10.26 18:45:00";"2020.10.26 19:30:00";"30.0";"-2475.00";"11376.79980";"11541.79980";"-11613.90";"0.00";"IST";"SL";"45m 0s";"-0.00"
"797";"USTEC_ICM_UTC2";"Buy";"11516.5";"11599.0";"2020.10.27 16:30:00";"2020.10.27 17:13:00";"30.0";"2475.00";"11434.00000";"11599.00000";"-9138.90";"0.00";"IST";"PT";"43m 0s";"-0.00"
"798";"USTEC_ICM_UTC2";"Buy";"11256.2";"11173.7";"2020.10.28 18:00:00";"2020.10.28 21:54:00";"30.0";"-2475.00";"11173.70020";"11338.70020";"-11613.90";"0.00";"IST";"SL";"3h 54m";"-0.00"
"799";"USTEC_ICM_UTC2";"Buy";"11025.7";"11108.2";"2020.10.30 17:45:00";"2020.10.30 18:27:00";"30.0";"2475.00";"10943.20020";"11108.20020";"-9138.90";"0.00";"IST";"PT";"42m 0s";"-0.00"
"800";"USTEC_ICM_UTC2";"Buy";"11135.1";"11052.6";"2020.11.02 18:00:00";"2020.11.02 19:38:00";"30.0";"-2475.00";"11052.59961";"11217.59961";"-11613.90";"0.00";"IST";"SL";"1h 38m";"-0.00"
"801";"USTEC_ICM_UTC2";"Buy";"11157.7";"11240.2";"2020.11.03 16:30:00";"2020.11.03 17:03:00";"30.0";"2475.00";"11075.20020";"11240.20020";"-9138.90";"0.00";"IST";"PT";"33m 0s";"-0.00"
"802";"USTEC_ICM_UTC2";"Buy";"11759.4";"11841.9";"2020.11.04 21:45:00";"2020.11.05 03:00:00";"30.0";"2291.88";"11676.90039";"11841.90039";"-6847.02";"0.00";"IST";"PT";"5h 15m";"-183.12"
"803";"USTEC_ICM_UTC2";"Buy";"12043.3";"11960.8";"2020.11.05 17:45:00";"2020.11.06 05:58:00";"30.0";"-2658.12";"11960.79980";"12125.79980";"-9505.14";"0.00";"IST";"SL";"12h 13m";"-183.12"
"804";"USTEC_ICM_UTC2";"Buy";"12010.5";"12093.0";"2020.11.06 18:15:00";"2020.11.06 20:11:00";"30.0";"2475.00";"11928.00000";"12093.00000";"-7030.14";"0.00";"IST";"PT";"1h 56m";"-0.00"
"805";"USTEC_ICM_UTC2";"Buy";"12194.3";"12111.8";"2020.11.09 18:30:00";"2020.11.09 19:02:00";"30.0";"-2475.00";"12111.79980";"12276.79980";"-9505.14";"0.00";"IST";"SL";"32m 0s";"-0.00"
"806";"USTEC_ICM_UTC2";"Buy";"11632.3";"11714.8";"2020.11.10 21:45:00";"2020.11.11 10:39:00";"30.0";"2291.88";"11549.79980";"11714.79980";"-7213.26";"0.00";"IST";"PT";"12h 54m";"-183.12"
"807";"USTEC_ICM_UTC2";"Buy";"11872.1";"11789.6";"2020.11.11 21:45:00";"2020.11.12 05:39:00";"30.0";"-2658.12";"11789.59961";"11954.59961";"-9871.38";"0.00";"IST";"SL";"7h 54m";"-183.12"
"808";"USTEC_ICM_UTC2";"Buy";"11862.9";"11945.4";"2020.11.12 19:45:00";"2020.11.13 22:38:00";"30.0";"2291.88";"11780.40039";"11945.40039";"-7579.50";"0.00";"IST";"PT";"1d 2h 53m";"-183.12"
"809";"USTEC_ICM_UTC2";"Buy";"11952.0";"12034.5";"2020.11.16 20:30:00";"2020.11.16 23:03:00";"30.0";"2475.00";"11869.50000";"12034.50000";"-5104.50";"0.00";"IST";"PT";"2h 33m";"-0.00"
"810";"USTEC_ICM_UTC2";"Buy";"12032.9";"11950.4";"2020.11.17 16:30:00";"2020.11.18 02:26:00";"30.0";"-2658.12";"11950.40039";"12115.40039";"-7762.62";"0.00";"IST";"SL";"9h 56m";"-183.12"
"811";"USTEC_ICM_UTC2";"Buy";"11944.2";"12026.7";"2020.11.18 17:15:00";"2020.11.18 19:37:00";"30.0";"2475.00";"11861.70020";"12026.70020";"-5287.62";"0.00";"IST";"PT";"2h 22m";"-0.00"
"812";"USTEC_ICM_UTC2";"Buy";"11966.8";"11918.2";"2020.11.20 17:00:00";"2020.11.20 22:55:00";"30.0";"-1458.00";"11884.29980";"12049.29980";"-6745.62";"0.00";"IST";"End Of Friday (Time)";"5h 55m";"-0.00"
"813";"USTEC_ICM_UTC2";"Buy";"11886.7";"11969.2";"2020.11.23 17:30:00";"2020.11.24 05:36:00";"30.0";"2291.88";"11804.20020";"11969.20020";"-4453.74";"0.00";"IST";"PT";"12h 6m";"-183.12"
"814";"USTEC_ICM_UTC2";"Buy";"12082.2";"12164.7";"2020.11.24 20:45:00";"2020.11.25 03:22:00";"30.0";"2291.88";"11999.70020";"12164.70020";"-2161.86";"0.00";"IST";"PT";"6h 37m";"-183.12"
"815";"USTEC_ICM_UTC2";"Buy";"12113.6";"12196.1";"2020.11.25 16:30:00";"2020.11.26 03:41:00";"30.0";"2291.88";"12031.09961";"12196.09961";"130.02";"0.00";"IST";"PT";"11h 11m";"-183.12"
"816";"USTEC_ICM_UTC2";"Buy";"12198.2";"12280.7";"2020.11.26 18:30:00";"2020.11.27 17:21:00";"30.0";"2291.88";"12115.70020";"12280.70020";"2421.90";"0.00";"IST";"PT";"22h 51m";"-183.12"
"817";"USTEC_ICM_UTC2";"Buy";"12293.2";"12210.7";"2020.11.27 17:45:00";"2020.11.30 07:11:00";"30.0";"-3024.36";"12210.70020";"12375.70020";"-602.46";"0.00";"IST";"SL";"2d 13h 26m";"-549.36"
"818";"USTEC_ICM_UTC2";"Buy";"12250.1";"12167.6";"2020.11.30 16:45:00";"2020.11.30 17:37:00";"30.0";"-2475.00";"12167.59961";"12332.59961";"-3077.46";"0.00";"IST";"SL";"52m 0s";"-0.00"
"819";"USTEC_ICM_UTC2";"Buy";"12369.8";"12452.3";"2020.12.01 16:45:00";"2020.12.01 19:01:00";"30.0";"2475.00";"12287.29980";"12452.29980";"-602.46";"0.00";"IST";"PT";"2h 16m";"-0.00"
"820";"USTEC_ICM_UTC2";"Buy";"12391.3";"12473.8";"2020.12.02 16:30:00";"2020.12.03 01:00:00";"30.0";"2291.88";"12308.79980";"12473.79980";"1689.42";"0.00";"IST";"PT";"8h 30m";"-183.12"
"821";"USTEC_ICM_UTC2";"Buy";"12524.2";"12516.1";"2020.12.03 17:15:00";"2020.12.04 22:55:00";"30.0";"-426.15";"12441.70020";"12606.70020";"1263.27";"0.00";"IST";"End Of Friday (Time)";"1d 5h 40m";"-183.12"
"822";"USTEC_ICM_UTC2";"Buy";"12576.6";"12663.1";"2020.12.07 21:30:00";"2020.12.09 01:00:00";"30.0";"2229.36";"12494.09961";"12659.09961";"3492.63";"0.00";"IST";"PT";"1d 3h 30m";"-366.24"
"823";"USTEC_ICM_UTC2";"Buy";"12610.8";"12528.3";"2020.12.09 17:30:00";"2020.12.09 19:32:00";"30.0";"-2475.00";"12528.29980";"12693.29980";"1017.63";"0.00";"IST";"SL";"2h 2m";"-0.00"
"824";"USTEC_ICM_UTC2";"Buy";"12265.3";"12347.8";"2020.12.10 16:30:00";"2020.12.10 16:50:00";"30.0";"2475.00";"12182.79980";"12347.79980";"3492.63";"0.00";"IST";"PT";"20m 0s";"-0.00"
"825";"USTEC_ICM_UTC2";"Buy";"12318.6";"12236.1";"2020.12.11 17:00:00";"2020.12.11 19:38:00";"30.0";"-2475.00";"12236.09961";"12401.09961";"1017.63";"0.00";"IST";"SL";"2h 38m";"-0.00"
"826";"USTEC_ICM_UTC2";"Buy";"12519.3";"12436.8";"2020.12.14 17:00:00";"2020.12.15 04:22:00";"30.0";"-2658.12";"12436.79980";"12601.79980";"-1640.49";"0.00";"IST";"SL";"11h 22m";"-183.12"
"827";"USTEC_ICM_UTC2";"Buy";"12562.9";"12480.4";"2020.12.15 17:00:00";"2020.12.15 18:06:00";"30.0";"-2475.00";"12480.40039";"12645.40039";"-4115.49";"0.00";"IST";"SL";"1h 6m";"-0.00"
"828";"USTEC_ICM_UTC2";"Buy";"12615.3";"12697.8";"2020.12.16 16:30:00";"2020.12.16 22:31:00";"30.0";"2475.00";"12532.79980";"12697.79980";"-1640.49";"0.00";"IST";"PT";"6h 1m";"-0.00"
"829";"USTEC_ICM_UTC2";"Buy";"12737.8";"12655.3";"2020.12.17 17:00:00";"2020.12.18 21:57:00";"30.0";"-2658.12";"12655.29980";"12820.29980";"-4298.61";"0.00";"IST";"SL";"1d 4h 57m";"-183.12"
"830";"USTEC_ICM_UTC2";"Buy";"12652.5";"12688.8";"2020.12.18 22:15:00";"2020.12.18 22:55:00";"30.0";"1089.00";"12570.00000";"12735.00000";"-3209.61";"0.00";"IST";"End Of Friday (Time)";"40m 0s";"-0.00"
"831";"USTEC_ICM_UTC2";"Buy";"12586.8";"12669.3";"2020.12.21 18:45:00";"2020.12.21 20:12:00";"30.0";"2475.00";"12504.29980";"12669.29980";"-734.61";"0.00";"IST";"PT";"1h 27m";"-0.00"
"832";"USTEC_ICM_UTC2";"Buy";"12698.3";"12615.8";"2020.12.22 17:15:00";"2020.12.22 18:37:00";"30.0";"-2475.00";"12615.79980";"12780.79980";"-3209.61";"0.00";"IST";"SL";"1h 22m";"-0.00"
"833";"USTEC_ICM_UTC2";"Buy";"12681.8";"12764.3";"2020.12.23 16:45:00";"2020.12.28 03:38:00";"30.0";"1559.40";"12599.29980";"12764.29980";"-1650.21";"0.00";"IST";"PT";"4d 10h 53m";"-915.60"
"834";"USTEC_ICM_UTC2";"Buy";"12805.9";"12888.4";"2020.12.28 16:45:00";"2020.12.29 07:46:00";"30.0";"2291.88";"12723.40039";"12888.40039";"641.67";"0.00";"IST";"PT";"15h 1m";"-183.12"
"835";"USTEC_ICM_UTC2";"Buy";"12861.0";"12883.9";"2020.12.29 17:30:00";"2020.12.31 23:14:00";"30.0";"686.97";"12778.50000";"12943.50000";"1328.64";"0.00";"IST";"EndTest";"2d 5h 44m";"-0.00"
