"Ticket";"Symbol";"Type";"Open price";"Close price";"Open time";"Close time";"Size";"Profit/Loss";"Stop Loss price level";"Profit Target price level";"Balance";"Slippage ($)";"Sample type";"Close type";"Time in trade";"Comm/Swap"
"1";"USTEC_ICM_UTC2";"Buy";"4272.6";"4232.6";"2015.01.02 16:45:00";"2015.01.02 22:55:00";"30.0";"-1200.00";"4190.10010";"4355.10010";"48800.00";"0.00";"IST";"End Of Friday (Time)";"6h 10m";"-0.00"
"2";"USTEC_ICM_UTC2";"Buy";"4191.9";"4109.4";"2015.01.05 17:30:00";"2015.01.06 19:03:00";"30.0";"-2658.12";"4109.39990";"4274.39990";"46141.88";"0.00";"IST";"SL";"1d 1h 33m";"-183.12"
"3";"USTEC_ICM_UTC2";"Buy";"4114.7";"4197.2";"2015.01.06 19:15:00";"2015.01.08 03:48:00";"30.0";"2108.76";"4032.19995";"4197.20020";"48250.64";"0.00";"IST";"PT";"1d 8h 33m";"-366.24"
"4";"USTEC_ICM_UTC2";"Buy";"4247.0";"4216.9";"2015.01.08 21:30:00";"2015.01.09 22:55:00";"30.0";"-1086.12";"4164.50000";"4329.50000";"47164.52";"0.00";"IST";"End Of Friday (Time)";"1d 1h 25m";"-183.12"
"5";"USTEC_ICM_UTC2";"Buy";"4194.0";"4111.5";"2015.01.12 16:45:00";"2015.01.14 15:36:00";"30.0";"-2841.24";"4111.50000";"4276.50000";"44323.28";"0.00";"IST";"SL";"1d 22h 51m";"-366.24"
"6";"USTEC_ICM_UTC2";"Buy";"4153.9";"4071.4";"2015.01.14 17:15:00";"2015.01.16 02:11:00";"30.0";"-2841.24";"4071.39990";"4236.39990";"41482.04";"0.00";"IST";"SL";"1d 8h 56m";"-366.24"
"7";"USTEC_ICM_UTC2";"Buy";"4085.0";"4141.0";"2015.01.16 16:30:00";"2015.01.16 22:55:00";"30.0";"1680.00";"4002.50000";"4167.50000";"43162.04";"0.00";"IST";"End Of Friday (Time)";"6h 25m";"-0.00"
"8";"USTEC_ICM_UTC2";"Buy";"4129.9";"4212.4";"2015.01.20 17:45:00";"2015.01.22 15:40:00";"30.0";"2108.76";"4047.39990";"4212.39990";"45270.80";"0.00";"IST";"PT";"1d 21h 55m";"-366.24"
"9";"USTEC_ICM_UTC2";"Buy";"4202.3";"4284.8";"2015.01.22 17:15:00";"2015.01.23 19:12:00";"30.0";"2291.88";"4119.79980";"4284.79980";"47562.68";"0.00";"IST";"PT";"1d 1h 57m";"-183.12"
"10";"USTEC_ICM_UTC2";"Buy";"4281.0";"4273.9";"2015.01.23 22:30:00";"2015.01.23 22:55:00";"30.0";"-213.00";"4198.50000";"4363.50000";"47349.68";"0.00";"IST";"End Of Friday (Time)";"25m 0s";"-0.00"
"11";"USTEC_ICM_UTC2";"Buy";"4264.9";"4182.4";"2015.01.26 17:15:00";"2015.01.27 16:52:00";"30.0";"-2658.12";"4182.39990";"4347.39990";"44691.56";"0.00";"IST";"SL";"23h 37m";"-183.12"
"12";"USTEC_ICM_UTC2";"Buy";"4171.4";"4149.5";"2015.01.27 18:15:00";"2015.01.30 22:55:00";"30.0";"-1206.36";"4088.89990";"4253.89990";"43485.20";"0.00";"IST";"End Of Friday (Time)";"3d 4h 40m";"-549.36"
"13";"USTEC_ICM_UTC2";"Buy";"4132.8";"4215.3";"2015.02.02 16:45:00";"2015.02.03 16:45:00";"30.0";"2291.88";"4050.30005";"4215.29980";"45777.08";"0.00";"IST";"PT";"1d 0h 0m";"-183.12"
"14";"USTEC_ICM_UTC2";"Buy";"4209.4";"4224.7";"2015.02.03 21:45:00";"2015.02.06 22:55:00";"30.0";"-90.36";"4126.89990";"4291.89990";"45686.72";"0.00";"IST";"End Of Friday (Time)";"3d 1h 10m";"-549.36"
"15";"USTEC_ICM_UTC2";"Buy";"4213.5";"4296.0";"2015.02.09 17:30:00";"2015.02.11 16:57:00";"30.0";"2108.76";"4131.00000";"4296.00000";"47795.48";"0.00";"IST";"PT";"1d 23h 27m";"-366.24"
"16";"USTEC_ICM_UTC2";"Buy";"4296.0";"4378.5";"2015.02.11 21:45:00";"2015.02.13 22:50:00";"30.0";"2108.76";"4213.50000";"4378.50000";"49904.24";"0.00";"IST";"PT";"2d 1h 5m";"-366.24"
"17";"USTEC_ICM_UTC2";"Buy";"4369.6";"4437.8";"2015.02.16 21:45:00";"2015.02.20 22:55:00";"30.0";"1313.52";"4287.10010";"4452.10010";"51217.76";"0.00";"IST";"End Of Friday (Time)";"4d 1h 10m";"-732.48"
"18";"USTEC_ICM_UTC2";"Buy";"4444.6";"4437.8";"2015.02.23 21:15:00";"2015.02.27 22:55:00";"30.0";"-936.48";"4362.10010";"4527.10010";"50281.28";"0.00";"IST";"End Of Friday (Time)";"4d 1h 40m";"-732.48"
"19";"USTEC_ICM_UTC2";"Buy";"4468.5";"4395.5";"2015.03.02 21:15:00";"2015.03.06 22:55:00";"30.0";"-2922.48";"4386.00000";"4551.00000";"47358.80";"0.00";"IST";"End Of Friday (Time)";"4d 1h 40m";"-732.48"
"20";"USTEC_ICM_UTC2";"Buy";"4400.8";"4318.3";"2015.03.09 17:00:00";"2015.03.11 16:44:00";"30.0";"-2841.24";"4318.29980";"4483.29980";"44517.56";"0.00";"IST";"SL";"1d 23h 44m";"-366.24"
"21";"USTEC_ICM_UTC2";"Buy";"4317.9";"4312.7";"2015.03.11 16:45:00";"2015.03.13 22:55:00";"30.0";"-522.24";"4235.39990";"4400.39990";"43995.32";"0.00";"IST";"End Of Friday (Time)";"2d 6h 10m";"-366.24"
"22";"USTEC_ICM_UTC2";"Buy";"4362.8";"4445.3";"2015.03.17 16:45:00";"2015.03.20 13:34:00";"30.0";"1925.64";"4280.29980";"4445.29980";"45920.96";"0.00";"IST";"PT";"2d 20h 49m";"-549.36"
"23";"USTEC_ICM_UTC2";"Buy";"4458.6";"4454.6";"2015.03.20 22:00:00";"2015.03.20 22:55:00";"30.0";"-120.00";"4376.10010";"4541.10010";"45800.96";"0.00";"IST";"End Of Friday (Time)";"55m 0s";"-0.00"
"24";"USTEC_ICM_UTC2";"Buy";"4458.1";"4375.6";"2015.03.23 17:00:00";"2015.03.25 17:39:00";"30.0";"-2841.24";"4375.60010";"4540.60010";"42959.72";"0.00";"IST";"SL";"2d 0h 39m";"-366.24"
"25";"USTEC_ICM_UTC2";"Buy";"4373.8";"4291.3";"2015.03.25 18:15:00";"2015.03.26 10:58:00";"30.0";"-2658.12";"4291.29980";"4456.29980";"40301.60";"0.00";"IST";"SL";"16h 43m";"-183.12"
"26";"USTEC_ICM_UTC2";"Buy";"4310.5";"4332.9";"2015.03.26 16:45:00";"2015.03.27 22:55:00";"30.0";"488.88";"4228.00000";"4393.00000";"40790.48";"0.00";"IST";"End Of Friday (Time)";"1d 6h 10m";"-183.12"
"27";"USTEC_ICM_UTC2";"Buy";"4382.0";"4299.5";"2015.03.30 21:15:00";"2015.04.01 03:55:00";"30.0";"-2841.24";"4299.50000";"4464.50000";"37949.24";"0.00";"IST";"SL";"1d 6h 40m";"-366.24"
"28";"USTEC_ICM_UTC2";"Buy";"4336.1";"4418.6";"2015.04.01 16:30:00";"2015.04.10 20:46:00";"30.0";"826.92";"4253.60010";"4418.60010";"38776.16";"0.00";"IST";"PT";"9d 4h 16m";"-1648.08"
"29";"USTEC_ICM_UTC2";"Buy";"4419.0";"4336.5";"2015.04.13 21:15:00";"2015.04.17 21:15:00";"30.0";"-3207.48";"4336.50000";"4501.50000";"35568.68";"0.00";"IST";"SL";"4d 0h 0m";"-732.48"
"30";"USTEC_ICM_UTC2";"Buy";"4344.6";"4350.7";"2015.04.17 21:45:00";"2015.04.17 22:55:00";"30.0";"183.00";"4262.10010";"4427.10010";"35751.68";"0.00";"IST";"End Of Friday (Time)";"1h 10m";"-0.00"
"31";"USTEC_ICM_UTC2";"Buy";"4382.0";"4464.5";"2015.04.20 16:45:00";"2015.04.22 22:19:00";"30.0";"2108.76";"4299.50000";"4464.50000";"37860.44";"0.00";"IST";"PT";"2d 5h 34m";"-366.24"
"32";"USTEC_ICM_UTC2";"Buy";"4488.1";"4537.0";"2015.04.23 21:15:00";"2015.04.24 22:55:00";"30.0";"1283.88";"4405.60010";"4570.60010";"39144.32";"0.00";"IST";"End Of Friday (Time)";"1d 1h 40m";"-183.12"
"33";"USTEC_ICM_UTC2";"Buy";"4533.9";"4451.4";"2015.04.27 19:45:00";"2015.04.30 17:01:00";"30.0";"-3024.36";"4451.39990";"4616.39990";"36119.96";"0.00";"IST";"SL";"2d 21h 16m";"-549.36"
"34";"USTEC_ICM_UTC2";"Buy";"4443.2";"4475.5";"2015.04.30 18:00:00";"2015.05.01 22:55:00";"30.0";"785.88";"4360.70020";"4525.70020";"36905.84";"0.00";"IST";"End Of Friday (Time)";"1d 4h 55m";"-183.12"
"35";"USTEC_ICM_UTC2";"Buy";"4494.2";"4411.7";"2015.05.04 21:45:00";"2015.05.05 21:01:00";"30.0";"-2658.12";"4411.70020";"4576.70020";"34247.72";"0.00";"IST";"SL";"23h 16m";"-183.12"
"36";"USTEC_ICM_UTC2";"Buy";"4420.3";"4337.8";"2015.05.05 21:15:00";"2015.05.07 12:17:00";"30.0";"-2841.24";"4337.79980";"4502.79980";"31406.48";"0.00";"IST";"SL";"1d 15h 2m";"-366.24"
"37";"USTEC_ICM_UTC2";"Buy";"4395.0";"4461.2";"2015.05.07 18:00:00";"2015.05.08 22:55:00";"30.0";"1802.88";"4312.50000";"4477.50000";"33209.36";"0.00";"IST";"End Of Friday (Time)";"1d 4h 55m";"-183.12"
"38";"USTEC_ICM_UTC2";"Buy";"4458.7";"4490.9";"2015.05.11 16:45:00";"2015.05.15 22:55:00";"30.0";"233.52";"4376.20020";"4541.20020";"33442.88";"0.00";"IST";"End Of Friday (Time)";"4d 6h 10m";"-732.48"
"39";"USTEC_ICM_UTC2";"Buy";"4489.8";"4530.0";"2015.05.18 17:45:00";"2015.05.22 22:55:00";"30.0";"473.52";"4407.29980";"4572.29980";"33916.40";"0.00";"IST";"End Of Friday (Time)";"4d 5h 10m";"-732.48"
"40";"USTEC_ICM_UTC2";"Buy";"4533.0";"4511.9";"2015.05.25 18:00:00";"2015.05.29 22:55:00";"30.0";"-1365.48";"4450.50000";"4615.50000";"32550.92";"0.00";"IST";"End Of Friday (Time)";"4d 4h 55m";"-732.48"
"41";"USTEC_ICM_UTC2";"Buy";"4515.9";"4477.9";"2015.06.01 16:45:00";"2015.06.05 22:55:00";"30.0";"-1872.48";"4433.39990";"4598.39990";"30678.44";"0.00";"IST";"End Of Friday (Time)";"4d 6h 10m";"-732.48"
"42";"USTEC_ICM_UTC2";"Buy";"4475.9";"4393.4";"2015.06.08 16:30:00";"2015.06.09 17:31:00";"30.0";"-2658.12";"4393.39990";"4558.39990";"28020.32";"0.00";"IST";"SL";"1d 1h 1m";"-183.12"
"43";"USTEC_ICM_UTC2";"Buy";"4416.9";"4499.4";"2015.06.09 18:00:00";"2015.06.11 16:27:00";"30.0";"2108.76";"4334.39990";"4499.39990";"30129.08";"0.00";"IST";"PT";"1d 22h 27m";"-366.24"
"44";"USTEC_ICM_UTC2";"Buy";"4491.9";"4455.0";"2015.06.11 19:45:00";"2015.06.12 22:55:00";"30.0";"-1290.12";"4409.39990";"4574.39990";"28838.96";"0.00";"IST";"End Of Friday (Time)";"1d 3h 10m";"-183.12"
"45";"USTEC_ICM_UTC2";"Buy";"4404.9";"4487.4";"2015.06.15 16:45:00";"2015.06.18 16:30:00";"30.0";"1925.64";"4322.39990";"4487.39990";"30764.60";"0.00";"IST";"PT";"2d 23h 45m";"-549.36"
"46";"USTEC_ICM_UTC2";"Buy";"4526.9";"4517.5";"2015.06.18 21:30:00";"2015.06.19 22:55:00";"30.0";"-465.12";"4444.39990";"4609.39990";"30299.48";"0.00";"IST";"End Of Friday (Time)";"1d 1h 25m";"-183.12"
"47";"USTEC_ICM_UTC2";"Buy";"4544.0";"4483.9";"2015.06.22 20:00:00";"2015.06.26 22:55:00";"30.0";"-2535.48";"4461.50000";"4626.50000";"27764.00";"0.00";"IST";"End Of Friday (Time)";"4d 2h 55m";"-732.48"
"48";"USTEC_ICM_UTC2";"Buy";"4440.0";"4357.5";"2015.06.29 17:30:00";"2015.07.07 17:40:00";"30.0";"-3939.96";"4357.50000";"4522.50000";"23824.04";"0.00";"IST";"SL";"8d 0h 10m";"-1464.96"
"49";"USTEC_ICM_UTC2";"Buy";"4365.9";"4427.5";"2015.07.07 18:00:00";"2015.07.10 22:55:00";"30.0";"1298.64";"4283.39990";"4448.39990";"25122.68";"0.00";"IST";"End Of Friday (Time)";"3d 4h 55m";"-549.36"
"50";"USTEC_ICM_UTC2";"Buy";"4487.0";"4569.5";"2015.07.13 21:15:00";"2015.07.16 16:50:00";"30.0";"1925.64";"4404.50000";"4569.50000";"27048.32";"0.00";"IST";"PT";"2d 19h 35m";"-549.36"
"51";"USTEC_ICM_UTC2";"Buy";"4582.0";"4657.9";"2015.07.16 21:30:00";"2015.07.17 22:55:00";"30.0";"2093.88";"4499.50000";"4664.50000";"29142.20";"0.00";"IST";"End Of Friday (Time)";"1d 1h 25m";"-183.12"
"52";"USTEC_ICM_UTC2";"Buy";"4689.8";"4607.3";"2015.07.20 21:30:00";"2015.07.22 15:44:00";"30.0";"-2841.24";"4607.29980";"4772.29980";"26300.96";"0.00";"IST";"SL";"1d 18h 14m";"-366.24"
"53";"USTEC_ICM_UTC2";"Buy";"4627.1";"4562.0";"2015.07.22 16:45:00";"2015.07.24 22:55:00";"30.0";"-2319.24";"4544.60010";"4709.60010";"23981.72";"0.00";"IST";"End Of Friday (Time)";"2d 6h 10m";"-366.24"
"54";"USTEC_ICM_UTC2";"Buy";"4540.5";"4590.5";"2015.07.27 17:00:00";"2015.07.31 22:55:00";"30.0";"767.52";"4458.00000";"4623.00000";"24749.24";"0.00";"IST";"End Of Friday (Time)";"4d 5h 55m";"-732.48"
"55";"USTEC_ICM_UTC2";"Buy";"4589.2";"4506.7";"2015.08.03 18:00:00";"2015.08.07 15:38:00";"30.0";"-3207.48";"4506.70020";"4671.70020";"21541.76";"0.00";"IST";"SL";"3d 21h 38m";"-732.48"
"56";"USTEC_ICM_UTC2";"Buy";"4529.9";"4517.3";"2015.08.07 17:00:00";"2015.08.07 22:55:00";"30.0";"-378.00";"4447.39990";"4612.39990";"21163.76";"0.00";"IST";"End Of Friday (Time)";"5h 55m";"-0.00"
"57";"USTEC_ICM_UTC2";"Buy";"4579.9";"4497.4";"2015.08.10 21:30:00";"2015.08.11 20:18:00";"30.0";"-2658.12";"4497.39990";"4662.39990";"18505.64";"0.00";"IST";"SL";"22h 48m";"-183.12"
"58";"USTEC_ICM_UTC2";"Buy";"4500.1";"4530.9";"2015.08.11 20:45:00";"2015.08.14 22:55:00";"30.0";"374.64";"4417.60010";"4582.60010";"18880.28";"0.00";"IST";"End Of Friday (Time)";"3d 2h 10m";"-549.36"
"59";"USTEC_ICM_UTC2";"Buy";"4519.0";"4436.5";"2015.08.17 16:30:00";"2015.08.20 17:18:00";"30.0";"-3024.36";"4436.50000";"4601.50000";"15855.92";"0.00";"IST";"SL";"3d 0h 48m";"-549.36"
"60";"USTEC_ICM_UTC2";"Buy";"4437.3";"4339.0";"2015.08.20 18:00:00";"2015.08.21 09:00:00";"30.0";"-3132.48";"4354.79980";"4519.79980";"12723.44";"0.00";"IST";"SL";"15h 0m";"-183.12"
"61";"USTEC_ICM_UTC2";"Buy";"4344.1";"4261.6";"2015.08.21 17:00:00";"2015.08.21 20:04:00";"30.0";"-2475.00";"4261.60010";"4426.60010";"10248.44";"0.00";"IST";"SL";"3h 4m";"-0.00"
"62";"USTEC_ICM_UTC2";"Buy";"3997.5";"4080.0";"2015.08.24 16:30:00";"2015.08.24 17:21:00";"30.0";"2475.00";"3915.00000";"4080.00000";"12723.44";"0.00";"IST";"PT";"51m 0s";"-0.00"
"63";"USTEC_ICM_UTC2";"Buy";"4178.3";"4095.8";"2015.08.25 16:30:00";"2015.08.25 22:32:00";"30.0";"-2475.00";"4095.80005";"4260.79980";"10248.44";"0.00";"IST";"SL";"6h 2m";"-0.00"
"64";"USTEC_ICM_UTC2";"Buy";"4114.9";"4197.4";"2015.08.26 16:45:00";"2015.08.26 22:20:00";"30.0";"2475.00";"4032.39990";"4197.39990";"12723.44";"0.00";"IST";"PT";"5h 35m";"-0.00"
"65";"USTEC_ICM_UTC2";"Buy";"4310.0";"4321.0";"2015.08.27 21:15:00";"2015.08.28 22:55:00";"30.0";"146.88";"4227.50000";"4392.50000";"12870.32";"0.00";"IST";"End Of Friday (Time)";"1d 1h 40m";"-183.12"
"66";"USTEC_ICM_UTC2";"Buy";"4300.9";"4186.0";"2015.08.31 17:30:00";"2015.09.01 09:00:00";"30.0";"-3630.15";"4218.39990";"4383.39990";"9240.17";"0.00";"IST";"SL";"15h 30m";"-183.12"
"67";"USTEC_ICM_UTC2";"Buy";"4208.0";"4125.5";"2015.09.01 16:45:00";"2015.09.01 22:43:00";"30.0";"-2475.00";"4125.50000";"4290.50000";"6765.17";"0.00";"IST";"SL";"5h 58m";"-0.00"
"68";"USTEC_ICM_UTC2";"Buy";"4204.0";"4286.5";"2015.09.02 17:15:00";"2015.09.03 10:46:00";"30.0";"2291.88";"4121.50000";"4286.50000";"9057.05";"0.00";"IST";"PT";"17h 31m";"-183.12"
"69";"USTEC_ICM_UTC2";"Buy";"4249.0";"4166.5";"2015.09.03 21:30:00";"2015.09.04 15:52:00";"30.0";"-2658.12";"4166.50000";"4331.50000";"6398.93";"0.00";"IST";"SL";"18h 22m";"-183.12"
"70";"USTEC_ICM_UTC2";"Buy";"4175.9";"4196.0";"2015.09.04 16:30:00";"2015.09.04 22:55:00";"30.0";"603.00";"4093.39990";"4258.39990";"7001.93";"0.00";"IST";"End Of Friday (Time)";"6h 25m";"-0.00"
"71";"USTEC_ICM_UTC2";"Buy";"4298.0";"4313.9";"2015.09.08 22:45:00";"2015.09.11 22:55:00";"30.0";"-72.36";"4215.50000";"4380.50000";"6929.57";"0.00";"IST";"End Of Friday (Time)";"3d 0h 10m";"-549.36"
"72";"USTEC_ICM_UTC2";"Buy";"4303.0";"4385.5";"2015.09.14 19:00:00";"2015.09.16 22:40:00";"30.0";"2108.76";"4220.50000";"4385.50000";"9038.33";"0.00";"IST";"PT";"2d 3h 40m";"-366.24"
"73";"USTEC_ICM_UTC2";"Buy";"4400.0";"4317.5";"2015.09.17 21:15:00";"2015.09.18 16:13:00";"30.0";"-2658.12";"4317.50000";"4482.50000";"6380.21";"0.00";"IST";"SL";"18h 58m";"-183.12"
"74";"USTEC_ICM_UTC2";"Buy";"4342.1";"4325.2";"2015.09.18 16:45:00";"2015.09.18 22:55:00";"30.0";"-507.00";"4259.60010";"4424.60010";"5873.21";"0.00";"IST";"End Of Friday (Time)";"6h 10m";"-0.00"
"75";"USTEC_ICM_UTC2";"Buy";"4349.0";"4266.5";"2015.09.21 16:45:00";"2015.09.22 13:13:00";"30.0";"-2658.12";"4266.50000";"4431.50000";"3215.09";"0.00";"IST";"SL";"20h 28m";"-183.12"
"76";"USTEC_ICM_UTC2";"Buy";"4269.0";"4225.1";"2015.09.22 17:15:00";"2015.09.25 22:55:00";"30.0";"-1866.36";"4186.50000";"4351.50000";"1348.73";"0.00";"IST";"End Of Friday (Time)";"3d 5h 40m";"-549.36"
"77";"USTEC_ICM_UTC2";"Buy";"4203.4";"4120.9";"2015.09.28 16:45:00";"2015.09.28 19:55:00";"30.0";"-2475.00";"4120.89990";"4285.89990";"-1126.27";"0.00";"IST";"SL";"3h 10m";"-0.00"
"78";"USTEC_ICM_UTC2";"Buy";"4122.9";"4219.0";"2015.09.29 17:00:00";"2015.10.01 09:00:00";"30.0";"2515.35";"4040.39990";"4205.39990";"1389.08";"0.00";"IST";"PT";"1d 16h 0m";"-366.24"
"79";"USTEC_ICM_UTC2";"Buy";"4157.9";"4240.4";"2015.10.01 17:15:00";"2015.10.02 22:14:00";"30.0";"2291.88";"4075.39990";"4240.39990";"3680.96";"0.00";"IST";"PT";"1d 4h 59m";"-183.12"
"80";"USTEC_ICM_UTC2";"Buy";"4241.0";"4263.1";"2015.10.02 22:15:00";"2015.10.02 22:55:00";"30.0";"663.00";"4158.50000";"4323.50000";"4343.96";"0.00";"IST";"End Of Friday (Time)";"40m 0s";"-0.00"
"81";"USTEC_ICM_UTC2";"Buy";"4319.0";"4366.8";"2015.10.06 16:30:00";"2015.10.09 22:55:00";"30.0";"884.64";"4236.50000";"4401.50000";"5228.60";"0.00";"IST";"End Of Friday (Time)";"3d 6h 25m";"-549.36"
"82";"USTEC_ICM_UTC2";"Buy";"4373.1";"4434.3";"2015.10.12 18:00:00";"2015.10.16 22:55:00";"30.0";"1103.52";"4290.60010";"4455.60010";"6332.12";"0.00";"IST";"End Of Friday (Time)";"4d 4h 55m";"-732.48"
"83";"USTEC_ICM_UTC2";"Buy";"4429.7";"4582.1";"2015.10.19 16:30:00";"2015.10.23 09:00:00";"30.0";"3840.24";"4347.20020";"4512.20020";"10172.36";"0.00";"IST";"PT";"3d 16h 30m";"-732.48"
"84";"USTEC_ICM_UTC2";"Buy";"4630.0";"4712.5";"2015.10.26 18:30:00";"2015.11.03 18:38:00";"30.0";"1010.04";"4547.50000";"4712.50000";"11182.40";"0.00";"IST";"PT";"8d 0h 8m";"-1464.96"
"85";"USTEC_ICM_UTC2";"Buy";"4724.0";"4701.5";"2015.11.04 17:30:00";"2015.11.06 22:55:00";"30.0";"-1041.24";"4641.50000";"4806.50000";"10141.16";"0.00";"IST";"End Of Friday (Time)";"2d 5h 25m";"-366.24"
"86";"USTEC_ICM_UTC2";"Buy";"4681.6";"4599.1";"2015.11.09 16:45:00";"2015.11.12 22:13:00";"30.0";"-3024.36";"4599.10010";"4764.10010";"7116.80";"0.00";"IST";"SL";"3d 5h 28m";"-549.36"
"87";"USTEC_ICM_UTC2";"Buy";"4609.7";"4527.2";"2015.11.12 22:30:00";"2015.11.13 18:15:00";"30.0";"-2658.12";"4527.20020";"4692.20020";"4458.68";"0.00";"IST";"SL";"19h 45m";"-183.12"
"88";"USTEC_ICM_UTC2";"Buy";"4532.8";"4506.7";"2015.11.13 20:15:00";"2015.11.13 22:55:00";"30.0";"-783.00";"4450.29980";"4615.29980";"3675.68";"0.00";"IST";"End Of Friday (Time)";"2h 40m";"-0.00"
"89";"USTEC_ICM_UTC2";"Buy";"4511.5";"4594.0";"2015.11.16 16:45:00";"2015.11.17 18:31:00";"30.0";"2291.88";"4429.00000";"4594.00000";"5967.56";"0.00";"IST";"PT";"1d 1h 46m";"-183.12"
"90";"USTEC_ICM_UTC2";"Buy";"4573.0";"4655.5";"2015.11.17 22:00:00";"2015.11.18 22:55:00";"30.0";"2291.88";"4490.50000";"4655.50000";"8259.44";"0.00";"IST";"PT";"1d 0h 55m";"-183.12"
"91";"USTEC_ICM_UTC2";"Buy";"4660.7";"4682.7";"2015.11.19 21:45:00";"2015.11.20 22:55:00";"30.0";"476.88";"4578.20020";"4743.20020";"8736.32";"0.00";"IST";"End Of Friday (Time)";"1d 1h 10m";"-183.12"
"92";"USTEC_ICM_UTC2";"Buy";"4691.3";"4608.8";"2015.11.23 16:30:00";"2015.12.03 20:52:00";"30.0";"-4306.20";"4608.79980";"4773.79980";"4430.12";"0.00";"IST";"SL";"10d 4h 22m";"-1831.20"
"93";"USTEC_ICM_UTC2";"Buy";"4594.0";"4676.5";"2015.12.03 21:30:00";"2015.12.04 17:56:00";"30.0";"2291.88";"4511.50000";"4676.50000";"6722.00";"0.00";"IST";"PT";"20h 26m";"-183.12"
"94";"USTEC_ICM_UTC2";"Buy";"4683.6";"4714.8";"2015.12.04 19:15:00";"2015.12.04 22:55:00";"30.0";"936.00";"4601.10010";"4766.10010";"7658.00";"0.00";"IST";"End Of Friday (Time)";"3h 40m";"-0.00"
"95";"USTEC_ICM_UTC2";"Buy";"4697.3";"4614.8";"2015.12.07 17:30:00";"2015.12.09 19:30:00";"30.0";"-2841.24";"4614.79980";"4779.79980";"4816.76";"0.00";"IST";"SL";"2d 2h 0m";"-366.24"
"96";"USTEC_ICM_UTC2";"Buy";"4607.9";"4536.0";"2015.12.09 20:15:00";"2015.12.11 22:55:00";"30.0";"-2523.24";"4525.39990";"4690.39990";"2293.52";"0.00";"IST";"End Of Friday (Time)";"2d 2h 40m";"-366.24"
"97";"USTEC_ICM_UTC2";"Buy";"4525.8";"4608.3";"2015.12.14 16:45:00";"2015.12.15 15:56:00";"30.0";"2291.88";"4443.29980";"4608.29980";"4585.40";"0.00";"IST";"PT";"23h 11m";"-183.12"
"98";"USTEC_ICM_UTC2";"Buy";"4624.8";"4542.3";"2015.12.15 21:30:00";"2015.12.18 19:30:00";"30.0";"-3024.36";"4542.29980";"4707.29980";"1561.04";"0.00";"IST";"SL";"2d 22h 0m";"-549.36"
"99";"USTEC_ICM_UTC2";"Buy";"4532.4";"4523.6";"2015.12.18 20:00:00";"2015.12.18 22:55:00";"30.0";"-264.00";"4449.89990";"4614.89990";"1297.04";"0.00";"IST";"End Of Friday (Time)";"2h 55m";"-0.00"
"100";"USTEC_ICM_UTC2";"Buy";"4550.6";"4633.1";"2015.12.21 17:15:00";"2015.12.24 16:36:00";"30.0";"1925.64";"4468.10010";"4633.10010";"3222.68";"0.00";"IST";"PT";"2d 23h 21m";"-549.36"
"101";"USTEC_ICM_UTC2";"Buy";"4606.9";"4689.4";"2015.12.28 17:00:00";"2015.12.29 20:02:00";"30.0";"2291.88";"4524.39990";"4689.39990";"5514.56";"0.00";"IST";"PT";"1d 3h 2m";"-183.12"
"102";"USTEC_ICM_UTC2";"Buy";"4674.2";"4547.9";"2015.12.30 16:45:00";"2016.01.04 09:00:00";"30.0";"-4703.91";"4591.70020";"4756.70020";"810.65";"0.00";"IST";"SL";"4d 16h 15m";"-915.60"
"103";"USTEC_ICM_UTC2";"Buy";"4490.3";"4407.8";"2016.01.04 16:30:00";"2016.01.06 13:02:00";"30.0";"-2841.24";"4407.79980";"4572.79980";"-2030.59";"0.00";"IST";"SL";"1d 20h 32m";"-366.24"
"104";"USTEC_ICM_UTC2";"Buy";"4457.9";"4375.4";"2016.01.06 17:30:00";"2016.01.07 09:00:00";"30.0";"-2658.12";"4375.39990";"4540.39990";"-4688.71";"0.00";"IST";"SL";"15h 30m";"-183.12"
"105";"USTEC_ICM_UTC2";"Buy";"4362.0";"4279.5";"2016.01.07 16:45:00";"2016.01.08 22:45:00";"30.0";"-2658.12";"4279.50000";"4444.50000";"-7346.83";"0.00";"IST";"SL";"1d 6h 0m";"-183.12"
"106";"USTEC_ICM_UTC2";"Buy";"4293.0";"4210.5";"2016.01.11 16:45:00";"2016.01.13 21:17:00";"30.0";"-2841.24";"4210.50000";"4375.50000";"-10188.07";"0.00";"IST";"SL";"2d 4h 32m";"-366.24"
"107";"USTEC_ICM_UTC2";"Buy";"4180.0";"4262.5";"2016.01.13 21:45:00";"2016.01.14 20:08:00";"30.0";"2291.88";"4097.50000";"4262.50000";"-7896.19";"0.00";"IST";"PT";"22h 23m";"-183.12"
"108";"USTEC_ICM_UTC2";"Buy";"4261.9";"4179.4";"2016.01.14 20:15:00";"2016.01.15 12:35:00";"30.0";"-2658.12";"4179.39990";"4344.39990";"-10554.31";"0.00";"IST";"SL";"16h 20m";"-183.12"
"109";"USTEC_ICM_UTC2";"Buy";"4127.9";"4141.0";"2016.01.15 16:30:00";"2016.01.15 22:55:00";"30.0";"393.00";"4045.39990";"4210.39990";"-10161.31";"0.00";"IST";"End Of Friday (Time)";"6h 25m";"-0.00"
"110";"USTEC_ICM_UTC2";"Buy";"4135.8";"4218.3";"2016.01.18 16:45:00";"2016.01.19 10:09:00";"30.0";"2291.88";"4053.30005";"4218.29980";"-7869.43";"0.00";"IST";"PT";"17h 24m";"-183.12"
"111";"USTEC_ICM_UTC2";"Buy";"4151.0";"4068.5";"2016.01.19 20:15:00";"2016.01.20 09:00:00";"30.0";"-2658.12";"4068.50000";"4233.50000";"-10527.55";"0.00";"IST";"SL";"12h 45m";"-183.12"
"112";"USTEC_ICM_UTC2";"Buy";"4084.0";"4001.5";"2016.01.20 16:30:00";"2016.01.20 19:23:00";"30.0";"-2475.00";"4001.50000";"4166.50000";"-13002.55";"0.00";"IST";"SL";"2h 53m";"-0.00"
"113";"USTEC_ICM_UTC2";"Buy";"4156.0";"4238.5";"2016.01.21 21:45:00";"2016.01.22 17:00:00";"30.0";"2291.88";"4073.50000";"4238.50000";"-10710.67";"0.00";"IST";"PT";"19h 15m";"-183.12"
"114";"USTEC_ICM_UTC2";"Buy";"4256.4";"4258.3";"2016.01.22 22:45:00";"2016.01.22 22:55:00";"30.0";"57.00";"4173.89990";"4338.89990";"-10653.67";"0.00";"IST";"End Of Friday (Time)";"10m 0s";"-0.00"
"115";"USTEC_ICM_UTC2";"Buy";"4248.2";"4165.7";"2016.01.25 17:15:00";"2016.01.26 09:37:00";"30.0";"-2658.12";"4165.70020";"4330.70020";"-13311.79";"0.00";"IST";"SL";"16h 22m";"-183.12"
"116";"USTEC_ICM_UTC2";"Buy";"4204.4";"4121.9";"2016.01.26 16:45:00";"2016.01.27 22:06:00";"30.0";"-2658.12";"4121.89990";"4286.89990";"-15969.91";"0.00";"IST";"SL";"1d 5h 21m";"-183.12"
"117";"USTEC_ICM_UTC2";"Buy";"4128.6";"4211.1";"2016.01.27 22:45:00";"2016.01.29 16:40:00";"30.0";"2108.76";"4046.10010";"4211.10010";"-13861.15";"0.00";"IST";"PT";"1d 17h 55m";"-366.24"
"118";"USTEC_ICM_UTC2";"Buy";"4215.0";"4272.9";"2016.01.29 16:45:00";"2016.01.29 22:55:00";"30.0";"1737.00";"4132.50000";"4297.50000";"-12124.15";"0.00";"IST";"End Of Friday (Time)";"6h 10m";"-0.00"
"119";"USTEC_ICM_UTC2";"Buy";"4263.9";"4181.4";"2016.02.01 21:15:00";"2016.02.02 22:09:00";"30.0";"-2658.12";"4181.39990";"4346.39990";"-14782.27";"0.00";"IST";"SL";"1d 0h 54m";"-183.12"
"120";"USTEC_ICM_UTC2";"Buy";"4194.0";"4111.5";"2016.02.02 22:30:00";"2016.02.03 17:30:00";"30.0";"-2658.12";"4111.50000";"4276.50000";"-17440.39";"0.00";"IST";"SL";"19h 0m";"-183.12"
"121";"USTEC_ICM_UTC2";"Buy";"4147.8";"4065.3";"2016.02.03 18:00:00";"2016.02.05 18:02:00";"30.0";"-2841.24";"4065.30005";"4230.29980";"-20281.63";"0.00";"IST";"SL";"2d 0h 2m";"-366.24"
"122";"USTEC_ICM_UTC2";"Buy";"4045.5";"4007.7";"2016.02.05 18:45:00";"2016.02.05 22:55:00";"30.0";"-1134.00";"3963.00000";"4128.00000";"-21415.63";"0.00";"IST";"End Of Friday (Time)";"4h 10m";"-0.00"
"123";"USTEC_ICM_UTC2";"Buy";"3955.7";"4038.2";"2016.02.08 16:45:00";"2016.02.10 17:32:00";"30.0";"2108.76";"3873.19995";"4038.19995";"-19306.87";"0.00";"IST";"PT";"2d 0h 47m";"-366.24"
"124";"USTEC_ICM_UTC2";"Buy";"4002.8";"3920.3";"2016.02.10 19:00:00";"2016.02.11 10:20:00";"30.0";"-2658.12";"3920.30005";"4085.30005";"-21964.99";"0.00";"IST";"SL";"15h 20m";"-183.12"
"125";"USTEC_ICM_UTC2";"Buy";"3934.0";"4016.5";"2016.02.11 16:45:00";"2016.02.12 13:55:00";"30.0";"2291.88";"3851.50000";"4016.50000";"-19673.11";"0.00";"IST";"PT";"21h 10m";"-183.12"
"126";"USTEC_ICM_UTC2";"Buy";"4012.7";"4016.7";"2016.02.12 22:00:00";"2016.02.12 22:55:00";"30.0";"120.00";"3930.19995";"4095.19995";"-19553.11";"0.00";"IST";"End Of Friday (Time)";"55m 0s";"-0.00"
"127";"USTEC_ICM_UTC2";"Buy";"4091.0";"4173.5";"2016.02.16 16:45:00";"2016.02.17 17:56:00";"30.0";"2291.88";"4008.50000";"4173.50000";"-17261.23";"0.00";"IST";"PT";"1d 1h 11m";"-183.12"
"128";"USTEC_ICM_UTC2";"Buy";"4198.7";"4165.4";"2016.02.17 21:15:00";"2016.02.19 22:55:00";"30.0";"-1365.24";"4116.20020";"4281.20020";"-18626.47";"0.00";"IST";"End Of Friday (Time)";"2d 1h 40m";"-366.24"
"129";"USTEC_ICM_UTC2";"Buy";"4224.5";"4142.0";"2016.02.22 22:00:00";"2016.02.24 11:15:00";"30.0";"-2841.24";"4142.00000";"4307.00000";"-21467.71";"0.00";"IST";"SL";"1d 13h 15m";"-366.24"
"130";"USTEC_ICM_UTC2";"Buy";"4115.4";"4197.9";"2016.02.24 16:45:00";"2016.02.24 22:17:00";"30.0";"2475.00";"4032.89990";"4197.89990";"-18992.71";"0.00";"IST";"PT";"5h 32m";"-0.00"
"131";"USTEC_ICM_UTC2";"Buy";"4216.8";"4239.1";"2016.02.25 21:30:00";"2016.02.26 22:55:00";"30.0";"485.88";"4134.29980";"4299.29980";"-18506.83";"0.00";"IST";"End Of Friday (Time)";"1d 1h 25m";"-183.12"
"132";"USTEC_ICM_UTC2";"Buy";"4237.3";"4319.8";"2016.02.29 16:45:00";"2016.03.01 21:46:00";"30.0";"2291.88";"4154.79980";"4319.79980";"-16214.95";"0.00";"IST";"PT";"1d 5h 1m";"-183.12"
"133";"USTEC_ICM_UTC2";"Buy";"4304.4";"4326.8";"2016.03.02 19:30:00";"2016.03.04 22:55:00";"30.0";"305.76";"4221.89990";"4386.89990";"-15909.19";"0.00";"IST";"End Of Friday (Time)";"2d 3h 25m";"-366.24"
"134";"USTEC_ICM_UTC2";"Buy";"4290.5";"4357.7";"2016.03.07 17:30:00";"2016.03.11 22:55:00";"30.0";"1283.52";"4208.00000";"4373.00000";"-14625.67";"0.00";"IST";"End Of Friday (Time)";"4d 5h 25m";"-732.48"
"135";"USTEC_ICM_UTC2";"Buy";"4374.4";"4456.9";"2016.03.14 21:30:00";"2016.03.29 21:02:00";"30.0";"-271.80";"4291.89990";"4456.89990";"-14897.47";"0.00";"IST";"PT";"14d 23h 32m";"-2746.80"
"136";"USTEC_ICM_UTC2";"Buy";"4491.0";"4526.5";"2016.03.30 21:45:00";"2016.04.01 22:55:00";"30.0";"698.76";"4408.50000";"4573.50000";"-14198.71";"0.00";"IST";"End Of Friday (Time)";"2d 1h 10m";"-366.24"
"137";"USTEC_ICM_UTC2";"Buy";"4507.7";"4469.5";"2016.04.04 18:30:00";"2016.04.08 22:55:00";"30.0";"-1878.48";"4425.20020";"4590.20020";"-16077.19";"0.00";"IST";"End Of Friday (Time)";"4d 4h 25m";"-732.48"
"138";"USTEC_ICM_UTC2";"Buy";"4498.3";"4542.9";"2016.04.11 18:30:00";"2016.04.15 22:55:00";"30.0";"605.52";"4415.79980";"4580.79980";"-15471.67";"0.00";"IST";"End Of Friday (Time)";"4d 4h 25m";"-732.48"
"139";"USTEC_ICM_UTC2";"Buy";"4529.8";"4447.3";"2016.04.18 16:30:00";"2016.04.22 17:43:00";"30.0";"-3207.48";"4447.29980";"4612.29980";"-18679.15";"0.00";"IST";"SL";"4d 1h 13m";"-732.48"
"140";"USTEC_ICM_UTC2";"Buy";"4446.4";"4473.7";"2016.04.22 18:15:00";"2016.04.22 22:55:00";"30.0";"819.00";"4363.89990";"4528.89990";"-17860.15";"0.00";"IST";"End Of Friday (Time)";"4h 40m";"-0.00"
"141";"USTEC_ICM_UTC2";"Buy";"4468.3";"4385.8";"2016.04.25 16:45:00";"2016.04.27 17:19:00";"30.0";"-2841.24";"4385.79980";"4550.79980";"-20701.39";"0.00";"IST";"SL";"2d 0h 34m";"-366.24"
"142";"USTEC_ICM_UTC2";"Buy";"4384.5";"4340.2";"2016.04.27 17:45:00";"2016.04.29 22:55:00";"30.0";"-1695.24";"4302.00000";"4467.00000";"-22396.63";"0.00";"IST";"End Of Friday (Time)";"2d 5h 10m";"-366.24"
"143";"USTEC_ICM_UTC2";"Buy";"4338.1";"4325.8";"2016.05.02 17:00:00";"2016.05.06 22:55:00";"30.0";"-1101.48";"4255.60010";"4420.60010";"-23498.11";"0.00";"IST";"End Of Friday (Time)";"4d 5h 55m";"-732.48"
"144";"USTEC_ICM_UTC2";"Buy";"4350.0";"4325.4";"2016.05.09 21:30:00";"2016.05.13 22:55:00";"30.0";"-1470.48";"4267.50000";"4432.50000";"-24968.59";"0.00";"IST";"End Of Friday (Time)";"4d 1h 25m";"-732.48"
"145";"USTEC_ICM_UTC2";"Buy";"4346.9";"4361.8";"2016.05.16 17:45:00";"2016.05.20 22:55:00";"30.0";"-285.48";"4264.39990";"4429.39990";"-25254.07";"0.00";"IST";"End Of Friday (Time)";"4d 5h 10m";"-732.48"
"146";"USTEC_ICM_UTC2";"Buy";"4379.5";"4462.0";"2016.05.23 16:45:00";"2016.05.25 09:23:00";"30.0";"2108.76";"4297.00000";"4462.00000";"-23145.31";"0.00";"IST";"PT";"1d 16h 38m";"-366.24"
"147";"USTEC_ICM_UTC2";"Buy";"4480.4";"4509.4";"2016.05.25 21:45:00";"2016.05.27 22:55:00";"30.0";"503.76";"4397.89990";"4562.89990";"-22641.55";"0.00";"IST";"End Of Friday (Time)";"2d 1h 10m";"-366.24"
"148";"USTEC_ICM_UTC2";"Buy";"4518.1";"4512.5";"2016.05.31 16:45:00";"2016.06.03 22:55:00";"30.0";"-717.36";"4435.60010";"4600.60010";"-23358.91";"0.00";"IST";"End Of Friday (Time)";"3d 6h 10m";"-549.36"
"149";"USTEC_ICM_UTC2";"Buy";"4523.7";"4458.3";"2016.06.06 17:00:00";"2016.06.10 22:55:00";"30.0";"-2694.48";"4441.20020";"4606.20020";"-26053.39";"0.00";"IST";"End Of Friday (Time)";"4d 5h 55m";"-732.48"
"150";"USTEC_ICM_UTC2";"Buy";"4437.6";"4371.9";"2016.06.13 16:45:00";"2016.06.17 22:55:00";"30.0";"-2703.48";"4355.10010";"4520.10010";"-28756.87";"0.00";"IST";"End Of Friday (Time)";"4d 6h 10m";"-732.48"
"151";"USTEC_ICM_UTC2";"Buy";"4428.9";"4254.8";"2016.06.20 22:00:00";"2016.06.24 09:00:00";"30.0";"-5956.35";"4346.39990";"4511.39990";"-34713.22";"0.00";"IST";"SL";"3d 11h 0m";"-732.48"
"152";"USTEC_ICM_UTC2";"Buy";"4354.5";"4307.6";"2016.06.24 16:45:00";"2016.06.24 22:55:00";"30.0";"-1407.00";"4272.00000";"4437.00000";"-36120.22";"0.00";"IST";"End Of Friday (Time)";"6h 10m";"-0.00"
"153";"USTEC_ICM_UTC2";"Buy";"4214.5";"4297.8";"2016.06.27 17:15:00";"2016.06.29 09:00:00";"30.0";"2133.21";"4132.00000";"4297.00000";"-33987.01";"0.00";"IST";"PT";"1d 15h 45m";"-366.24"
"154";"USTEC_ICM_UTC2";"Buy";"4408.3";"4439.8";"2016.06.30 21:15:00";"2016.07.01 22:55:00";"30.0";"761.88";"4325.79980";"4490.79980";"-33225.13";"0.00";"IST";"End Of Friday (Time)";"1d 1h 40m";"-183.12"
"155";"USTEC_ICM_UTC2";"Buy";"4445.8";"4528.3";"2016.07.04 16:45:00";"2016.07.08 21:52:00";"30.0";"1742.52";"4363.29980";"4528.29980";"-31482.61";"0.00";"IST";"PT";"4d 5h 7m";"-732.48"
"156";"USTEC_ICM_UTC2";"Buy";"4563.0";"4587.5";"2016.07.11 21:30:00";"2016.07.15 22:55:00";"30.0";"2.52";"4480.50000";"4645.50000";"-31480.09";"0.00";"IST";"End Of Friday (Time)";"4d 1h 25m";"-732.48"
"157";"USTEC_ICM_UTC2";"Buy";"4592.6";"4663.1";"2016.07.18 16:30:00";"2016.07.22 22:55:00";"30.0";"1382.52";"4510.10010";"4675.10010";"-30097.57";"0.00";"IST";"End Of Friday (Time)";"4d 6h 25m";"-732.48"
"158";"USTEC_ICM_UTC2";"Buy";"4658.4";"4740.9";"2016.07.25 17:45:00";"2016.07.29 18:38:00";"30.0";"1742.52";"4575.89990";"4740.89990";"-28355.05";"0.00";"IST";"PT";"4d 0h 53m";"-732.48"
"159";"USTEC_ICM_UTC2";"Buy";"4726.9";"4735.0";"2016.07.29 22:15:00";"2016.07.29 22:55:00";"30.0";"243.00";"4644.39990";"4809.39990";"-28112.05";"0.00";"IST";"End Of Friday (Time)";"40m 0s";"-0.00"
"160";"USTEC_ICM_UTC2";"Buy";"4734.6";"4789.5";"2016.08.01 16:30:00";"2016.08.05 22:55:00";"30.0";"914.52";"4652.10010";"4817.10010";"-27197.53";"0.00";"IST";"End Of Friday (Time)";"4d 6h 25m";"-732.48"
"161";"USTEC_ICM_UTC2";"Buy";"4792.3";"4804.8";"2016.08.08 16:30:00";"2016.08.12 22:55:00";"30.0";"-357.48";"4709.79980";"4874.79980";"-27555.01";"0.00";"IST";"End Of Friday (Time)";"4d 6h 25m";"-732.48"
"162";"USTEC_ICM_UTC2";"Buy";"4832.7";"4805.5";"2016.08.15 21:45:00";"2016.08.19 22:55:00";"30.0";"-1548.48";"4750.20020";"4915.20020";"-29103.49";"0.00";"IST";"End Of Friday (Time)";"4d 1h 10m";"-732.48"
"163";"USTEC_ICM_UTC2";"Buy";"4800.9";"4780.7";"2016.08.22 17:00:00";"2016.08.26 22:55:00";"30.0";"-1338.48";"4718.39990";"4883.39990";"-30441.97";"0.00";"IST";"End Of Friday (Time)";"4d 5h 55m";"-732.48"
"164";"USTEC_ICM_UTC2";"Buy";"4798.4";"4796.7";"2016.08.29 16:45:00";"2016.09.02 22:55:00";"30.0";"-783.48";"4715.89990";"4880.89990";"-31225.45";"0.00";"IST";"End Of Friday (Time)";"4d 6h 10m";"-732.48"
"165";"USTEC_ICM_UTC2";"Buy";"4786.1";"4703.6";"2016.09.05 17:45:00";"2016.09.09 20:49:00";"30.0";"-3207.48";"4703.60010";"4868.60010";"-34432.93";"0.00";"IST";"SL";"4d 3h 4m";"-732.48"
"166";"USTEC_ICM_UTC2";"Buy";"4696.9";"4692.6";"2016.09.09 21:15:00";"2016.09.09 22:55:00";"30.0";"-129.00";"4614.39990";"4779.39990";"-34561.93";"0.00";"IST";"End Of Friday (Time)";"1h 40m";"-0.00"
"167";"USTEC_ICM_UTC2";"Buy";"4689.1";"4771.6";"2016.09.12 16:45:00";"2016.09.12 22:42:00";"30.0";"2475.00";"4606.60010";"4771.60010";"-32086.93";"0.00";"IST";"PT";"5h 57m";"-0.00"
"168";"USTEC_ICM_UTC2";"Buy";"4726.7";"4809.2";"2016.09.13 17:30:00";"2016.09.15 20:41:00";"30.0";"2108.76";"4644.20020";"4809.20020";"-29978.17";"0.00";"IST";"PT";"2d 3h 11m";"-366.24"
"169";"USTEC_ICM_UTC2";"Buy";"4800.9";"4817.8";"2016.09.16 17:30:00";"2016.09.16 22:55:00";"30.0";"507.00";"4718.39990";"4883.39990";"-29471.17";"0.00";"IST";"End Of Friday (Time)";"5h 25m";"-0.00"
"170";"USTEC_ICM_UTC2";"Buy";"4823.1";"4864.7";"2016.09.19 18:30:00";"2016.09.23 22:55:00";"30.0";"515.52";"4740.60010";"4905.60010";"-28955.65";"0.00";"IST";"End Of Friday (Time)";"4d 4h 25m";"-732.48"
"171";"USTEC_ICM_UTC2";"Buy";"4831.9";"4885.2";"2016.09.26 16:30:00";"2016.09.30 22:55:00";"30.0";"866.52";"4749.39990";"4914.39990";"-28089.13";"0.00";"IST";"End Of Friday (Time)";"4d 6h 25m";"-732.48"
"172";"USTEC_ICM_UTC2";"Buy";"4866.9";"4867.2";"2016.10.03 16:30:00";"2016.10.07 22:55:00";"30.0";"-723.48";"4784.39990";"4949.39990";"-28812.61";"0.00";"IST";"End Of Friday (Time)";"4d 6h 25m";"-732.48"
"173";"USTEC_ICM_UTC2";"Buy";"4902.3";"4819.8";"2016.10.10 21:15:00";"2016.10.11 20:44:00";"30.0";"-2658.12";"4819.79980";"4984.79980";"-31470.73";"0.00";"IST";"SL";"23h 29m";"-183.12"
"174";"USTEC_ICM_UTC2";"Buy";"4822.1";"4811.0";"2016.10.11 20:45:00";"2016.10.14 22:55:00";"30.0";"-882.36";"4739.60010";"4904.60010";"-32353.09";"0.00";"IST";"End Of Friday (Time)";"3d 2h 10m";"-549.36"
"175";"USTEC_ICM_UTC2";"Buy";"4795.4";"4851.5";"2016.10.17 16:45:00";"2016.10.21 22:55:00";"30.0";"950.52";"4712.89990";"4877.89990";"-31402.57";"0.00";"IST";"End Of Friday (Time)";"4d 6h 10m";"-732.48"
"176";"USTEC_ICM_UTC2";"Buy";"4899.3";"4816.8";"2016.10.25 18:15:00";"2016.10.28 09:13:00";"30.0";"-3024.36";"4816.79980";"4981.79980";"-34426.93";"0.00";"IST";"SL";"2d 14h 58m";"-549.36"
"177";"USTEC_ICM_UTC2";"Buy";"4829.7";"4802.8";"2016.10.28 16:45:00";"2016.10.28 22:55:00";"30.0";"-807.00";"4747.20020";"4912.20020";"-35233.93";"0.00";"IST";"End Of Friday (Time)";"6h 10m";"-0.00"
"178";"USTEC_ICM_UTC2";"Buy";"4819.2";"4736.7";"2016.10.31 16:30:00";"2016.11.01 20:09:00";"30.0";"-2658.12";"4736.70020";"4901.70020";"-37892.05";"0.00";"IST";"SL";"1d 3h 39m";"-183.12"
"179";"USTEC_ICM_UTC2";"Buy";"4735.2";"4817.7";"2016.11.01 20:15:00";"2016.11.08 19:19:00";"30.0";"1193.16";"4652.70020";"4817.70020";"-36698.89";"0.00";"IST";"PT";"6d 23h 4m";"-1281.84"
"180";"USTEC_ICM_UTC2";"Buy";"4802.6";"4594.8";"2016.11.08 22:00:00";"2016.11.09 09:00:00";"30.0";"-6417.09";"4720.10010";"4885.10010";"-43115.98";"0.00";"IST";"SL";"11h 0m";"-183.12"
"181";"USTEC_ICM_UTC2";"Buy";"4774.9";"4857.4";"2016.11.09 18:00:00";"2016.11.10 09:12:00";"30.0";"2291.88";"4692.39990";"4857.39990";"-40824.10";"0.00";"IST";"PT";"15h 12m";"-183.12"
"182";"USTEC_ICM_UTC2";"Buy";"4710.0";"4754.0";"2016.11.10 18:00:00";"2016.11.11 22:55:00";"30.0";"1136.88";"4627.50000";"4792.50000";"-39687.22";"0.00";"IST";"End Of Friday (Time)";"1d 4h 55m";"-183.12"
"183";"USTEC_ICM_UTC2";"Buy";"4751.0";"4833.5";"2016.11.14 16:30:00";"2016.11.18 09:13:00";"30.0";"1742.52";"4668.50000";"4833.50000";"-37944.70";"0.00";"IST";"PT";"3d 16h 43m";"-732.48"
"184";"USTEC_ICM_UTC2";"Buy";"4811.7";"4809.5";"2016.11.18 17:45:00";"2016.11.18 22:55:00";"30.0";"-66.00";"4729.20020";"4894.20020";"-38010.70";"0.00";"IST";"End Of Friday (Time)";"5h 10m";"-0.00"
"185";"USTEC_ICM_UTC2";"Buy";"4837.8";"4755.3";"2016.11.21 16:45:00";"2016.12.01 17:40:00";"30.0";"-4306.20";"4755.29980";"4920.29980";"-42316.90";"0.00";"IST";"SL";"10d 0h 55m";"-1831.20"
"186";"USTEC_ICM_UTC2";"Buy";"4748.0";"4736.6";"2016.12.01 18:15:00";"2016.12.02 22:55:00";"30.0";"-525.12";"4665.50000";"4830.50000";"-42842.02";"0.00";"IST";"End Of Friday (Time)";"1d 4h 40m";"-183.12"
"187";"USTEC_ICM_UTC2";"Buy";"4773.2";"4855.7";"2016.12.05 21:45:00";"2016.12.08 16:39:00";"30.0";"1925.64";"4690.70020";"4855.70020";"-40916.38";"0.00";"IST";"PT";"2d 18h 54m";"-549.36"
"188";"USTEC_ICM_UTC2";"Buy";"4853.2";"4891.8";"2016.12.08 22:15:00";"2016.12.09 22:55:00";"30.0";"974.88";"4770.70020";"4935.70020";"-39941.50";"0.00";"IST";"End Of Friday (Time)";"1d 0h 40m";"-183.12"
"189";"USTEC_ICM_UTC2";"Buy";"4867.5";"4950.0";"2016.12.12 16:45:00";"2016.12.13 18:25:00";"30.0";"2291.88";"4785.00000";"4950.00000";"-37649.63";"0.00";"IST";"PT";"1d 1h 40m";"-183.12"
"190";"USTEC_ICM_UTC2";"Buy";"4947.6";"4915.4";"2016.12.13 22:00:00";"2016.12.16 22:55:00";"30.0";"-1515.36";"4865.10010";"5030.10010";"-39164.98";"0.00";"IST";"End Of Friday (Time)";"3d 0h 55m";"-549.36"
"191";"USTEC_ICM_UTC2";"Buy";"4927.1";"4937.4";"2016.12.19 16:45:00";"2016.12.23 22:55:00";"30.0";"-423.48";"4844.60010";"5009.60010";"-39588.46";"0.00";"IST";"End Of Friday (Time)";"4d 6h 10m";"-732.48"
"192";"USTEC_ICM_UTC2";"Buy";"4974.7";"4892.2";"2016.12.27 21:30:00";"2016.12.30 16:57:00";"30.0";"-3024.36";"4892.20020";"5057.20020";"-42612.82";"0.00";"IST";"SL";"2d 19h 27m";"-549.36"
"193";"USTEC_ICM_UTC2";"Buy";"4874.4";"4853.4";"2016.12.30 17:30:00";"2016.12.30 22:55:00";"30.0";"-630.00";"4791.89990";"4956.89990";"-43242.82";"0.00";"IST";"End Of Friday (Time)";"5h 25m";"-0.00"
"194";"USTEC_ICM_UTC2";"Buy";"4897.0";"4979.5";"2017.01.03 16:45:00";"2017.01.06 16:59:00";"30.0";"1925.64";"4814.50000";"4979.50000";"-41317.18";"0.00";"IST";"PT";"3d 0h 14m";"-549.36"
"195";"USTEC_ICM_UTC2";"Buy";"5020.6";"5012.3";"2017.01.06 21:15:00";"2017.01.06 22:55:00";"30.0";"-249.00";"4938.10010";"5103.10010";"-41566.18";"0.00";"IST";"End Of Friday (Time)";"1h 40m";"-0.00"
"196";"USTEC_ICM_UTC2";"Buy";"5012.5";"5057.8";"2017.01.09 16:30:00";"2017.01.13 22:55:00";"30.0";"626.52";"4930.00000";"5095.00000";"-40939.66";"0.00";"IST";"End Of Friday (Time)";"4d 6h 25m";"-732.48"
"197";"USTEC_ICM_UTC2";"Buy";"5057.2";"5057.9";"2017.01.16 16:45:00";"2017.01.20 22:55:00";"30.0";"-711.48";"4974.70020";"5139.70020";"-41651.14";"0.00";"IST";"End Of Friday (Time)";"4d 6h 10m";"-732.48"
"198";"USTEC_ICM_UTC2";"Buy";"5043.6";"5126.1";"2017.01.23 18:15:00";"2017.01.25 14:53:00";"30.0";"2108.76";"4961.10010";"5126.10010";"-39542.38";"0.00";"IST";"PT";"1d 20h 38m";"-366.24"
"199";"USTEC_ICM_UTC2";"Buy";"5155.4";"5163.8";"2017.01.26 22:45:00";"2017.01.27 22:55:00";"30.0";"68.88";"5072.89990";"5237.89990";"-39473.50";"0.00";"IST";"End Of Friday (Time)";"1d 0h 10m";"-183.12"
"200";"USTEC_ICM_UTC2";"Buy";"5119.9";"5160.6";"2017.01.30 16:45:00";"2017.02.03 22:55:00";"30.0";"488.52";"5037.39990";"5202.39990";"-38984.98";"0.00";"IST";"End Of Friday (Time)";"4d 6h 10m";"-732.48"
"201";"USTEC_ICM_UTC2";"Buy";"5158.9";"5226.6";"2017.02.06 17:30:00";"2017.02.10 22:55:00";"30.0";"1298.52";"5076.39990";"5241.39990";"-37686.46";"0.00";"IST";"End Of Friday (Time)";"4d 5h 25m";"-732.48"
"202";"USTEC_ICM_UTC2";"Buy";"5255.5";"5318.6";"2017.02.14 16:30:00";"2017.02.17 22:55:00";"30.0";"1343.64";"5173.00000";"5338.00000";"-36342.82";"0.00";"IST";"End Of Friday (Time)";"3d 6h 25m";"-549.36"
"203";"USTEC_ICM_UTC2";"Buy";"5338.5";"5339.0";"2017.02.21 19:00:00";"2017.02.24 22:55:00";"30.0";"-534.36";"5256.00000";"5421.00000";"-36877.18";"0.00";"IST";"End Of Friday (Time)";"3d 3h 55m";"-549.36"
"204";"USTEC_ICM_UTC2";"Buy";"5326.2";"5371.3";"2017.02.28 20:00:00";"2017.03.03 22:55:00";"30.0";"803.64";"5243.70020";"5408.70020";"-36073.54";"0.00";"IST";"End Of Friday (Time)";"3d 2h 55m";"-549.36"
"205";"USTEC_ICM_UTC2";"Buy";"5348.2";"5384.3";"2017.03.06 16:45:00";"2017.03.10 22:55:00";"30.0";"350.52";"5265.70020";"5430.70020";"-35723.02";"0.00";"IST";"End Of Friday (Time)";"4d 6h 10m";"-732.48"
"206";"USTEC_ICM_UTC2";"Buy";"5386.2";"5442.1";"2017.03.13 16:45:00";"2017.03.31 22:55:00";"30.0";"-1619.16";"5303.70020";"5468.70020";"-37342.18";"0.00";"IST";"End Of Friday (Time)";"18d 6h 10m";"-3296.16"
"207";"USTEC_ICM_UTC2";"Buy";"5423.5";"5420.4";"2017.04.03 18:45:00";"2017.04.07 22:55:00";"30.0";"-825.48";"5341.00000";"5506.00000";"-38167.66";"0.00";"IST";"End Of Friday (Time)";"4d 4h 10m";"-732.48"
"208";"USTEC_ICM_UTC2";"Buy";"5406.1";"5441.6";"2017.04.10 19:15:00";"2017.04.21 22:55:00";"30.0";"-949.32";"5323.60010";"5488.60010";"-39116.98";"0.00";"IST";"End Of Friday (Time)";"11d 3h 40m";"-2014.32"
"209";"USTEC_ICM_UTC2";"Buy";"5504.5";"5589.0";"2017.04.24 21:15:00";"2017.04.28 09:00:00";"30.0";"1801.59";"5422.00000";"5587.00000";"-37315.39";"0.00";"IST";"PT";"3d 11h 45m";"-732.48"
"210";"USTEC_ICM_UTC2";"Buy";"5580.4";"5583.6";"2017.04.28 21:45:00";"2017.04.28 22:55:00";"30.0";"96.00";"5497.89990";"5662.89990";"-37219.39";"0.00";"IST";"End Of Friday (Time)";"1h 10m";"-0.00"
"211";"USTEC_ICM_UTC2";"Buy";"5640.2";"5642.8";"2017.05.02 21:15:00";"2017.05.05 22:55:00";"30.0";"-471.36";"5557.70020";"5722.70020";"-37690.75";"0.00";"IST";"End Of Friday (Time)";"3d 1h 40m";"-549.36"
"212";"USTEC_ICM_UTC2";"Buy";"5652.4";"5682.1";"2017.05.08 22:00:00";"2017.05.12 22:55:00";"30.0";"158.52";"5569.89990";"5734.89990";"-37532.23";"0.00";"IST";"End Of Friday (Time)";"4d 0h 55m";"-732.48"
"213";"USTEC_ICM_UTC2";"Buy";"5700.2";"5617.7";"2017.05.15 22:00:00";"2017.05.17 18:04:00";"30.0";"-2841.24";"5617.70020";"5782.70020";"-40373.47";"0.00";"IST";"SL";"1d 20h 4m";"-366.24"
"214";"USTEC_ICM_UTC2";"Buy";"5632.9";"5550.4";"2017.05.17 18:30:00";"2017.05.18 12:54:00";"30.0";"-2658.12";"5550.39990";"5715.39990";"-43031.59";"0.00";"IST";"SL";"18h 24m";"-183.12"
"215";"USTEC_ICM_UTC2";"Buy";"5589.4";"5671.9";"2017.05.18 16:45:00";"2017.05.19 19:54:00";"30.0";"2291.88";"5506.89990";"5671.89990";"-40739.71";"0.00";"IST";"PT";"1d 3h 9m";"-183.12"
"216";"USTEC_ICM_UTC2";"Buy";"5665.5";"5650.2";"2017.05.19 21:15:00";"2017.05.19 22:55:00";"30.0";"-459.00";"5583.00000";"5748.00000";"-41198.71";"0.00";"IST";"End Of Friday (Time)";"1h 40m";"-0.00"
"217";"USTEC_ICM_UTC2";"Buy";"5693.0";"5775.5";"2017.05.22 21:30:00";"2017.05.25 18:30:00";"30.0";"1925.64";"5610.50000";"5775.50000";"-39273.07";"0.00";"IST";"PT";"2d 21h 0m";"-549.36"
"218";"USTEC_ICM_UTC2";"Buy";"5786.8";"5786.3";"2017.05.25 21:15:00";"2017.05.26 22:55:00";"30.0";"-198.12";"5704.29980";"5869.29980";"-39471.19";"0.00";"IST";"End Of Friday (Time)";"1d 1h 40m";"-183.12"
"219";"USTEC_ICM_UTC2";"Buy";"5796.6";"5879.1";"2017.05.30 16:45:00";"2017.06.02 22:35:00";"30.0";"1925.64";"5714.10010";"5879.10010";"-37545.55";"0.00";"IST";"PT";"3d 5h 50m";"-549.36"
"220";"USTEC_ICM_UTC2";"Buy";"5880.0";"5797.5";"2017.06.05 21:30:00";"2017.06.09 20:12:00";"30.0";"-3207.48";"5797.50000";"5962.50000";"-40753.03";"0.00";"IST";"SL";"3d 22h 42m";"-732.48"
"221";"USTEC_ICM_UTC2";"Buy";"5794.4";"5711.9";"2017.06.09 20:15:00";"2017.06.09 21:46:00";"30.0";"-2475.00";"5711.89990";"5876.89990";"-43228.03";"0.00";"IST";"SL";"1h 31m";"-0.00"
"222";"USTEC_ICM_UTC2";"Buy";"5689.7";"5772.2";"2017.06.12 16:30:00";"2017.06.14 15:43:00";"30.0";"2108.76";"5607.20020";"5772.20020";"-41119.27";"0.00";"IST";"PT";"1d 23h 13m";"-366.24"
"223";"USTEC_ICM_UTC2";"Buy";"5764.1";"5681.6";"2017.06.14 17:45:00";"2017.06.14 22:14:00";"30.0";"-2475.00";"5681.60010";"5846.60010";"-43594.27";"0.00";"IST";"SL";"4h 29m";"-0.00"
"224";"USTEC_ICM_UTC2";"Buy";"5653.3";"5678.8";"2017.06.15 16:45:00";"2017.06.16 22:55:00";"30.0";"581.88";"5570.79980";"5735.79980";"-43012.39";"0.00";"IST";"End Of Friday (Time)";"1d 6h 10m";"-183.12"
"225";"USTEC_ICM_UTC2";"Buy";"5757.6";"5802.2";"2017.06.19 22:00:00";"2017.06.23 22:55:00";"30.0";"605.52";"5675.10010";"5840.10010";"-42406.87";"0.00";"IST";"End Of Friday (Time)";"4d 0h 55m";"-732.48"
"226";"USTEC_ICM_UTC2";"Buy";"5784.8";"5702.3";"2017.06.26 18:45:00";"2017.06.27 20:38:00";"30.0";"-2658.12";"5702.29980";"5867.29980";"-45064.99";"0.00";"IST";"SL";"1d 1h 53m";"-183.12"
"227";"USTEC_ICM_UTC2";"Buy";"5685.0";"5602.5";"2017.06.27 21:15:00";"2017.06.29 20:28:00";"30.0";"-2841.24";"5602.50000";"5767.50000";"-47906.23";"0.00";"IST";"SL";"1d 23h 13m";"-366.24"
"228";"USTEC_ICM_UTC2";"Buy";"5621.0";"5660.1";"2017.06.29 20:45:00";"2017.06.30 22:55:00";"30.0";"989.88";"5538.50000";"5703.50000";"-46916.35";"0.00";"IST";"End Of Friday (Time)";"1d 2h 10m";"-183.12"
"229";"USTEC_ICM_UTC2";"Buy";"5620.9";"5658.4";"2017.07.03 18:45:00";"2017.07.07 22:55:00";"30.0";"392.52";"5538.39990";"5703.39990";"-46523.83";"0.00";"IST";"End Of Friday (Time)";"4d 4h 10m";"-732.48"
"230";"USTEC_ICM_UTC2";"Buy";"5661.4";"5743.9";"2017.07.10 16:30:00";"2017.07.12 15:39:00";"30.0";"2108.76";"5578.89990";"5743.89990";"-44415.07";"0.00";"IST";"PT";"1d 23h 9m";"-366.24"
"231";"USTEC_ICM_UTC2";"Buy";"5785.9";"5837.9";"2017.07.13 21:30:00";"2017.07.14 22:55:00";"30.0";"1376.88";"5703.39990";"5868.39990";"-43038.19";"0.00";"IST";"End Of Friday (Time)";"1d 1h 25m";"-183.12"
"232";"USTEC_ICM_UTC2";"Buy";"5834.6";"5917.1";"2017.07.17 21:45:00";"2017.07.19 19:05:00";"30.0";"2108.76";"5752.10010";"5917.10010";"-40929.43";"0.00";"IST";"PT";"1d 21h 20m";"-366.24"
"233";"USTEC_ICM_UTC2";"Buy";"5914.5";"5915.5";"2017.07.19 22:45:00";"2017.07.21 22:55:00";"30.0";"-336.24";"5832.00000";"5997.00000";"-41265.67";"0.00";"IST";"End Of Friday (Time)";"2d 0h 10m";"-366.24"
"234";"USTEC_ICM_UTC2";"Buy";"5917.0";"5908.5";"2017.07.24 16:30:00";"2017.07.28 22:55:00";"30.0";"-987.48";"5834.50000";"5999.50000";"-42253.15";"0.00";"IST";"End Of Friday (Time)";"4d 6h 25m";"-732.48"
"235";"USTEC_ICM_UTC2";"Buy";"5878.5";"5893.5";"2017.07.31 18:00:00";"2017.08.04 22:55:00";"30.0";"-282.48";"5796.00000";"5961.00000";"-42535.63";"0.00";"IST";"End Of Friday (Time)";"4d 4h 55m";"-732.48"
"236";"USTEC_ICM_UTC2";"Buy";"5923.5";"5841.0";"2017.08.07 21:15:00";"2017.08.10 17:03:00";"30.0";"-3024.36";"5841.00000";"6006.00000";"-45559.99";"0.00";"IST";"SL";"2d 19h 48m";"-549.36"
"237";"USTEC_ICM_UTC2";"Buy";"5852.6";"5770.1";"2017.08.10 17:45:00";"2017.08.11 11:15:00";"30.0";"-2658.12";"5770.10010";"5935.10010";"-48218.11";"0.00";"IST";"SL";"17h 30m";"-183.12"
"238";"USTEC_ICM_UTC2";"Buy";"5814.9";"5830.1";"2017.08.11 17:15:00";"2017.08.11 22:55:00";"30.0";"456.00";"5732.39990";"5897.39990";"-47762.11";"0.00";"IST";"End Of Friday (Time)";"5h 40m";"-0.00"
"239";"USTEC_ICM_UTC2";"Buy";"5902.4";"5819.9";"2017.08.14 21:15:00";"2017.08.17 20:03:00";"30.0";"-3024.36";"5819.89990";"5984.89990";"-50786.47";"0.00";"IST";"SL";"2d 22h 48m";"-549.36"
"240";"USTEC_ICM_UTC2";"Buy";"5828.0";"5793.9";"2017.08.17 20:30:00";"2017.08.18 22:55:00";"30.0";"-1206.12";"5745.50000";"5910.50000";"-51992.59";"0.00";"IST";"End Of Friday (Time)";"1d 2h 25m";"-183.12"
"241";"USTEC_ICM_UTC2";"Buy";"5796.6";"5826.6";"2017.08.21 16:45:00";"2017.08.25 22:55:00";"30.0";"167.52";"5714.10010";"5879.10010";"-51825.07";"0.00";"IST";"End Of Friday (Time)";"4d 6h 10m";"-732.48"
"242";"USTEC_ICM_UTC2";"Buy";"5836.5";"5919.0";"2017.08.28 17:15:00";"2017.08.30 20:11:00";"30.0";"2108.76";"5754.00000";"5919.00000";"-49716.31";"0.00";"IST";"PT";"2d 2h 56m";"-366.24"
"243";"USTEC_ICM_UTC2";"Buy";"5982.9";"5990.4";"2017.08.31 21:45:00";"2017.09.01 22:55:00";"30.0";"41.88";"5900.39990";"6065.39990";"-49674.43";"0.00";"IST";"End Of Friday (Time)";"1d 1h 10m";"-183.12"
"244";"USTEC_ICM_UTC2";"Buy";"5963.9";"5910.5";"2017.09.04 16:30:00";"2017.09.08 22:55:00";"30.0";"-2334.48";"5881.39990";"6046.39990";"-52008.91";"0.00";"IST";"End Of Friday (Time)";"4d 6h 25m";"-732.48"
"245";"USTEC_ICM_UTC2";"Buy";"5980.3";"5987.0";"2017.09.11 22:15:00";"2017.09.15 22:55:00";"30.0";"-531.48";"5897.79980";"6062.79980";"-52540.39";"0.00";"IST";"End Of Friday (Time)";"4d 0h 40m";"-732.48"
"246";"USTEC_ICM_UTC2";"Buy";"5993.5";"5911.0";"2017.09.18 16:30:00";"2017.09.22 20:16:00";"30.0";"-3207.48";"5911.00000";"6076.00000";"-55747.87";"0.00";"IST";"SL";"4d 3h 46m";"-732.48"
"247";"USTEC_ICM_UTC2";"Buy";"5921.5";"5934.2";"2017.09.22 20:45:00";"2017.09.22 22:55:00";"30.0";"381.00";"5839.00000";"6004.00000";"-55366.87";"0.00";"IST";"End Of Friday (Time)";"2h 10m";"-0.00"
"248";"USTEC_ICM_UTC2";"Buy";"5906.5";"5977.9";"2017.09.25 16:30:00";"2017.09.29 22:55:00";"30.0";"1409.52";"5824.00000";"5989.00000";"-53957.35";"0.00";"IST";"End Of Friday (Time)";"4d 6h 25m";"-732.48"
"249";"USTEC_ICM_UTC2";"Buy";"5971.4";"6053.9";"2017.10.02 19:30:00";"2017.10.05 21:57:00";"30.0";"1925.64";"5888.89990";"6053.89990";"-52031.71";"0.00";"IST";"PT";"3d 2h 27m";"-549.36"
"250";"USTEC_ICM_UTC2";"Buy";"6037.8";"6062.3";"2017.10.06 16:30:00";"2017.10.06 22:55:00";"30.0";"735.00";"5955.29980";"6120.29980";"-51296.71";"0.00";"IST";"End Of Friday (Time)";"6h 25m";"-0.00"
"251";"USTEC_ICM_UTC2";"Buy";"6061.1";"6091.6";"2017.10.09 22:00:00";"2017.10.13 22:55:00";"30.0";"182.52";"5978.60010";"6143.60010";"-51114.19";"0.00";"IST";"End Of Friday (Time)";"4d 0h 55m";"-732.48"
"252";"USTEC_ICM_UTC2";"Buy";"6105.2";"6100.8";"2017.10.16 21:15:00";"2017.10.20 22:55:00";"30.0";"-864.48";"6022.70020";"6187.70020";"-51978.67";"0.00";"IST";"End Of Friday (Time)";"4d 1h 40m";"-732.48"
"253";"USTEC_ICM_UTC2";"Buy";"6094.4";"6011.9";"2017.10.23 17:45:00";"2017.10.25 19:29:00";"30.0";"-2841.24";"6011.89990";"6176.89990";"-54819.91";"0.00";"IST";"SL";"2d 1h 44m";"-366.24"
"254";"USTEC_ICM_UTC2";"Buy";"6037.4";"6119.9";"2017.10.25 20:00:00";"2017.10.27 13:13:00";"30.0";"2108.76";"5954.89990";"6119.89990";"-52711.15";"0.00";"IST";"PT";"1d 17h 13m";"-366.24"
"255";"USTEC_ICM_UTC2";"Buy";"6224.9";"6307.4";"2017.10.30 21:45:00";"2017.11.06 16:48:00";"30.0";"1193.16";"6142.39990";"6307.39990";"-51517.99";"0.00";"IST";"PT";"6d 19h 3m";"-1281.84"
"256";"USTEC_ICM_UTC2";"Buy";"6314.6";"6309.6";"2017.11.06 22:00:00";"2017.11.10 22:55:00";"30.0";"-882.48";"6232.10010";"6397.10010";"-52400.47";"0.00";"IST";"End Of Friday (Time)";"4d 0h 55m";"-732.48"
"257";"USTEC_ICM_UTC2";"Buy";"6286.0";"6315.6";"2017.11.13 16:30:00";"2017.11.17 22:55:00";"30.0";"155.52";"6203.50000";"6368.50000";"-52244.95";"0.00";"IST";"End Of Friday (Time)";"4d 6h 25m";"-732.48"
"258";"USTEC_ICM_UTC2";"Buy";"6320.9";"6403.4";"2017.11.20 16:45:00";"2017.11.24 18:05:00";"30.0";"1742.52";"6238.39990";"6403.39990";"-50502.43";"0.00";"IST";"PT";"4d 1h 20m";"-732.48"
"259";"USTEC_ICM_UTC2";"Buy";"6411.9";"6329.4";"2017.11.27 16:45:00";"2017.11.29 17:22:00";"30.0";"-2841.24";"6329.39990";"6494.39990";"-53343.67";"0.00";"IST";"SL";"2d 0h 37m";"-366.24"
"260";"USTEC_ICM_UTC2";"Buy";"6317.9";"6337.8";"2017.11.29 18:00:00";"2017.12.01 22:55:00";"30.0";"230.76";"6235.39990";"6400.39990";"-53112.91";"0.00";"IST";"End Of Friday (Time)";"2d 4h 55m";"-366.24"
"261";"USTEC_ICM_UTC2";"Buy";"6309.4";"6339.2";"2017.12.04 17:45:00";"2017.12.08 22:55:00";"30.0";"161.52";"6226.89990";"6391.89990";"-52951.39";"0.00";"IST";"End Of Friday (Time)";"4d 5h 10m";"-732.48"
"262";"USTEC_ICM_UTC2";"Buy";"6365.1";"6447.6";"2017.12.11 17:15:00";"2017.12.15 19:02:00";"30.0";"1742.52";"6282.60010";"6447.60010";"-51208.87";"0.00";"IST";"PT";"4d 1h 47m";"-732.48"
"263";"USTEC_ICM_UTC2";"Buy";"6517.1";"6467.4";"2017.12.18 21:15:00";"2017.12.22 22:55:00";"30.0";"-2223.48";"6434.60010";"6599.60010";"-53432.35";"0.00";"IST";"End Of Friday (Time)";"4d 1h 40m";"-732.48"
"264";"USTEC_ICM_UTC2";"Buy";"6439.0";"6399.3";"2017.12.26 16:30:00";"2017.12.29 22:55:00";"30.0";"-1740.36";"6356.50000";"6521.50000";"-55172.71";"0.00";"IST";"End Of Friday (Time)";"3d 6h 25m";"-549.36"
"265";"USTEC_ICM_UTC2";"Buy";"6432.9";"6515.4";"2018.01.02 16:30:00";"2018.01.03 09:05:00";"30.0";"2291.88";"6350.39990";"6515.39990";"-52880.83";"0.00";"IST";"PT";"16h 35m";"-183.12"
"266";"USTEC_ICM_UTC2";"Buy";"6571.0";"6653.5";"2018.01.03 21:15:00";"2018.01.05 22:50:00";"30.0";"2108.76";"6488.50000";"6653.50000";"-50772.07";"0.00";"IST";"PT";"2d 1h 35m";"-366.24"
"267";"USTEC_ICM_UTC2";"Buy";"6677.9";"6760.4";"2018.01.08 22:45:00";"2018.01.12 21:30:00";"30.0";"1742.52";"6595.39990";"6760.39990";"-49029.55";"0.00";"IST";"PT";"3d 22h 45m";"-732.48"
"268";"USTEC_ICM_UTC2";"Buy";"6748.1";"6760.7";"2018.01.12 22:15:00";"2018.01.12 22:55:00";"30.0";"378.00";"6665.60010";"6830.60010";"-48651.55";"0.00";"IST";"End Of Friday (Time)";"40m 0s";"-0.00"
"269";"USTEC_ICM_UTC2";"Buy";"6750.1";"6832.6";"2018.01.16 22:15:00";"2018.01.19 11:22:00";"30.0";"1925.64";"6667.60010";"6832.60010";"-46725.91";"0.00";"IST";"PT";"2d 13h 7m";"-549.36"
"270";"USTEC_ICM_UTC2";"Buy";"6820.7";"6831.0";"2018.01.19 18:30:00";"2018.01.19 22:55:00";"30.0";"309.00";"6738.20020";"6903.20020";"-46416.91";"0.00";"IST";"End Of Friday (Time)";"4h 25m";"-0.00"
"271";"USTEC_ICM_UTC2";"Buy";"6837.6";"6937.0";"2018.01.22 16:45:00";"2018.01.23 09:05:00";"30.0";"2797.95";"6755.10010";"6920.10010";"-43618.96";"0.00";"IST";"PT";"16h 20m";"-183.12"
"272";"USTEC_ICM_UTC2";"Buy";"6960.6";"6878.1";"2018.01.23 21:45:00";"2018.01.24 20:21:00";"30.0";"-2658.12";"6878.10010";"7043.10010";"-46277.08";"0.00";"IST";"SL";"22h 36m";"-183.12"
"273";"USTEC_ICM_UTC2";"Buy";"6921.9";"7004.4";"2018.01.24 20:45:00";"2018.01.26 22:44:00";"30.0";"2108.76";"6839.39990";"7004.39990";"-44168.32";"0.00";"IST";"PT";"2d 1h 59m";"-366.24"
"274";"USTEC_ICM_UTC2";"Buy";"7002.2";"6919.7";"2018.01.29 21:15:00";"2018.01.30 16:14:00";"30.0";"-2658.12";"6919.70020";"7084.70020";"-46826.44";"0.00";"IST";"SL";"18h 59m";"-183.12"
"275";"USTEC_ICM_UTC2";"Buy";"6926.7";"6844.2";"2018.01.30 16:45:00";"2018.02.02 13:35:00";"30.0";"-3024.36";"6844.20020";"7009.20020";"-49850.80";"0.00";"IST";"SL";"2d 20h 50m";"-549.36"
"276";"USTEC_ICM_UTC2";"Buy";"6859.2";"6776.7";"2018.02.02 16:45:00";"2018.02.02 22:04:00";"30.0";"-2475.00";"6776.70020";"6941.70020";"-52325.80";"0.00";"IST";"SL";"5h 19m";"-0.00"
"277";"USTEC_ICM_UTC2";"Buy";"6703.0";"6785.5";"2018.02.05 16:45:00";"2018.02.05 17:20:00";"30.0";"2475.00";"6620.50000";"6785.50000";"-49850.80";"0.00";"IST";"PT";"35m 0s";"-0.00"
"278";"USTEC_ICM_UTC2";"Buy";"6510.5";"6593.0";"2018.02.06 16:45:00";"2018.02.06 16:54:00";"30.0";"2475.00";"6428.00000";"6593.00000";"-47375.80";"0.00";"IST";"PT";"9m 0s";"-0.00"
"279";"USTEC_ICM_UTC2";"Buy";"6647.7";"6565.2";"2018.02.07 21:30:00";"2018.02.08 09:33:00";"30.0";"-2658.12";"6565.20020";"6730.20020";"-50033.92";"0.00";"IST";"SL";"12h 3m";"-183.12"
"280";"USTEC_ICM_UTC2";"Buy";"6548.7";"6466.2";"2018.02.08 17:30:00";"2018.02.08 18:22:00";"30.0";"-2475.00";"6466.20020";"6631.20020";"-52508.92";"0.00";"IST";"SL";"52m 0s";"-0.00"
"281";"USTEC_ICM_UTC2";"Buy";"6347.0";"6264.5";"2018.02.09 18:15:00";"2018.02.09 19:06:00";"30.0";"-2475.00";"6264.50000";"6429.50000";"-54983.92";"0.00";"IST";"SL";"51m 0s";"-0.00"
"282";"USTEC_ICM_UTC2";"Buy";"6482.2";"6564.7";"2018.02.13 16:30:00";"2018.02.13 21:16:00";"30.0";"2475.00";"6399.70020";"6564.70020";"-52508.92";"0.00";"IST";"PT";"4h 46m";"-0.00"
"283";"USTEC_ICM_UTC2";"Buy";"6780.7";"6785.2";"2018.02.15 21:45:00";"2018.02.16 22:55:00";"30.0";"-48.12";"6698.20020";"6863.20020";"-52557.04";"0.00";"IST";"End Of Friday (Time)";"1d 1h 10m";"-183.12"
"284";"USTEC_ICM_UTC2";"Buy";"6768.9";"6851.4";"2018.02.19 17:15:00";"2018.02.21 18:30:00";"30.0";"2108.76";"6686.39990";"6851.39990";"-50448.28";"0.00";"IST";"PT";"2d 1h 15m";"-366.24"
"285";"USTEC_ICM_UTC2";"Buy";"6836.8";"6724.6";"2018.02.21 20:00:00";"2018.02.22 09:05:00";"30.0";"-3550.35";"6754.29980";"6919.29980";"-53998.63";"0.00";"IST";"SL";"13h 5m";"-183.12"
"286";"USTEC_ICM_UTC2";"Buy";"6806.2";"6888.7";"2018.02.22 16:45:00";"2018.02.23 22:24:00";"30.0";"2291.88";"6723.70020";"6888.70020";"-51706.75";"0.00";"IST";"PT";"1d 5h 39m";"-183.12"
"287";"USTEC_ICM_UTC2";"Buy";"6979.4";"6896.9";"2018.02.26 21:15:00";"2018.02.28 09:39:00";"30.0";"-2841.24";"6896.89990";"7061.89990";"-54547.99";"0.00";"IST";"SL";"1d 12h 24m";"-366.24"
"288";"USTEC_ICM_UTC2";"Buy";"6929.0";"6846.5";"2018.02.28 16:45:00";"2018.03.01 11:55:00";"30.0";"-2658.12";"6846.50000";"7011.50000";"-57206.11";"0.00";"IST";"SL";"19h 10m";"-183.12"
"289";"USTEC_ICM_UTC2";"Buy";"6815.6";"6733.1";"2018.03.01 16:45:00";"2018.03.01 20:48:00";"30.0";"-2475.00";"6733.10010";"6898.10010";"-59681.11";"0.00";"IST";"SL";"4h 3m";"-0.00"
"290";"USTEC_ICM_UTC2";"Buy";"6645.7";"6728.2";"2018.03.02 16:45:00";"2018.03.02 18:28:00";"30.0";"2475.00";"6563.20020";"6728.20020";"-57206.11";"0.00";"IST";"PT";"1h 43m";"-0.00"
"291";"USTEC_ICM_UTC2";"Buy";"6804.0";"6886.5";"2018.03.05 17:45:00";"2018.03.05 20:03:00";"30.0";"2475.00";"6721.50000";"6886.50000";"-54731.11";"0.00";"IST";"PT";"2h 18m";"-0.00"
"292";"USTEC_ICM_UTC2";"Buy";"6901.3";"6983.8";"2018.03.06 19:00:00";"2018.03.09 15:30:00";"30.0";"1925.64";"6818.79980";"6983.79980";"-52805.47";"0.00";"IST";"PT";"2d 20h 30m";"-549.36"
"293";"USTEC_ICM_UTC2";"Buy";"7096.6";"7014.1";"2018.03.13 18:00:00";"2018.03.14 17:41:00";"30.0";"-2658.12";"7014.10010";"7179.10010";"-55463.59";"0.00";"IST";"SL";"23h 41m";"-183.12"
"294";"USTEC_ICM_UTC2";"Buy";"7027.5";"6945.0";"2018.03.14 17:45:00";"2018.03.19 10:20:00";"30.0";"-3390.60";"6945.00000";"7110.00000";"-58854.20";"0.00";"IST";"SL";"4d 16h 35m";"-915.60"
"295";"USTEC_ICM_UTC2";"Buy";"6902.1";"6819.6";"2018.03.19 16:45:00";"2018.03.19 18:49:00";"30.0";"-2475.00";"6819.60010";"6984.60010";"-61329.20";"0.00";"IST";"SL";"2h 4m";"-0.00"
"296";"USTEC_ICM_UTC2";"Buy";"6887.2";"6804.7";"2018.03.20 16:30:00";"2018.03.22 09:56:00";"30.0";"-2841.24";"6804.70020";"6969.70020";"-64170.43";"0.00";"IST";"SL";"1d 17h 26m";"-366.24"
"297";"USTEC_ICM_UTC2";"Buy";"6731.4";"6611.1";"2018.03.22 17:30:00";"2018.03.23 08:05:00";"30.0";"-3793.35";"6648.89990";"6813.89990";"-67963.78";"0.00";"IST";"SL";"14h 35m";"-183.12"
"298";"USTEC_ICM_UTC2";"Buy";"6688.8";"6606.3";"2018.03.23 16:45:00";"2018.03.23 19:01:00";"30.0";"-2475.00";"6606.29980";"6771.29980";"-70438.78";"0.00";"IST";"SL";"2h 16m";"-0.00"
"299";"USTEC_ICM_UTC2";"Buy";"6642.1";"6559.6";"2018.03.26 16:30:00";"2018.03.26 18:16:00";"30.0";"-2475.00";"6559.60010";"6724.60010";"-72913.78";"0.00";"IST";"SL";"1h 46m";"-0.00"
"300";"USTEC_ICM_UTC2";"Buy";"6629.2";"6546.7";"2018.03.27 21:30:00";"2018.03.27 22:26:00";"30.0";"-2475.00";"6546.70020";"6711.70020";"-75388.78";"0.00";"IST";"SL";"56m 0s";"-0.00"
"301";"USTEC_ICM_UTC2";"Buy";"6497.5";"6415.0";"2018.03.28 16:30:00";"2018.03.28 17:47:00";"30.0";"-2475.00";"6415.00000";"6580.00000";"-77863.78";"0.00";"IST";"SL";"1h 17m";"-0.00"
"302";"USTEC_ICM_UTC2";"Buy";"6494.8";"6577.3";"2018.03.29 16:30:00";"2018.03.29 20:44:00";"30.0";"2475.00";"6412.29980";"6577.29980";"-75388.78";"0.00";"IST";"PT";"4h 14m";"-0.00"
"303";"USTEC_ICM_UTC2";"Buy";"6524.7";"6442.2";"2018.04.02 16:45:00";"2018.04.02 17:36:00";"30.0";"-2475.00";"6442.20020";"6607.20020";"-77863.78";"0.00";"IST";"SL";"51m 0s";"-0.00"
"304";"USTEC_ICM_UTC2";"Buy";"6437.2";"6354.7";"2018.04.03 16:45:00";"2018.04.03 17:15:00";"30.0";"-2475.00";"6354.70020";"6519.70020";"-80338.78";"0.00";"IST";"SL";"30m 0s";"-0.00"
"305";"USTEC_ICM_UTC2";"Buy";"6376.7";"6459.2";"2018.04.04 16:45:00";"2018.04.04 18:31:00";"30.0";"2475.00";"6294.20020";"6459.20020";"-77863.78";"0.00";"IST";"PT";"1h 46m";"-0.00"
"306";"USTEC_ICM_UTC2";"Buy";"6572.7";"6490.2";"2018.04.05 21:15:00";"2018.04.06 20:47:00";"30.0";"-2658.12";"6490.20020";"6655.20020";"-80521.91";"0.00";"IST";"SL";"23h 32m";"-183.12"
"307";"USTEC_ICM_UTC2";"Buy";"6440.9";"6450.5";"2018.04.06 21:30:00";"2018.04.06 22:55:00";"30.0";"288.00";"6358.39990";"6523.39990";"-80233.91";"0.00";"IST";"End Of Friday (Time)";"1h 25m";"-0.00"
"308";"USTEC_ICM_UTC2";"Buy";"6485.7";"6568.2";"2018.04.09 16:30:00";"2018.04.09 18:33:00";"30.0";"2475.00";"6403.20020";"6568.20020";"-77758.91";"0.00";"IST";"PT";"2h 3m";"-0.00"
"309";"USTEC_ICM_UTC2";"Buy";"6544.6";"6627.1";"2018.04.10 16:45:00";"2018.04.10 22:09:00";"30.0";"2475.00";"6462.10010";"6627.10010";"-75283.91";"0.00";"IST";"PT";"5h 24m";"-0.00"
"310";"USTEC_ICM_UTC2";"Buy";"6576.3";"6658.8";"2018.04.11 16:30:00";"2018.04.12 16:57:00";"30.0";"2291.88";"6493.79980";"6658.79980";"-72992.02";"0.00";"IST";"PT";"1d 0h 27m";"-183.12"
"311";"USTEC_ICM_UTC2";"Buy";"6671.2";"6632.4";"2018.04.12 22:15:00";"2018.04.13 22:55:00";"30.0";"-1347.12";"6588.70020";"6753.70020";"-74339.14";"0.00";"IST";"End Of Friday (Time)";"1d 0h 40m";"-183.12"
"312";"USTEC_ICM_UTC2";"Buy";"6655.3";"6737.8";"2018.04.16 17:15:00";"2018.04.17 13:13:00";"30.0";"2291.88";"6572.79980";"6737.79980";"-72047.27";"0.00";"IST";"PT";"19h 58m";"-183.12"
"313";"USTEC_ICM_UTC2";"Buy";"6825.8";"6743.3";"2018.04.18 17:45:00";"2018.04.20 10:35:00";"30.0";"-2841.24";"6743.29980";"6908.29980";"-74888.50";"0.00";"IST";"SL";"1d 16h 50m";"-366.24"
"314";"USTEC_ICM_UTC2";"Buy";"6729.6";"6647.1";"2018.04.20 17:30:00";"2018.04.20 22:07:00";"30.0";"-2475.00";"6647.10010";"6812.10010";"-77363.50";"0.00";"IST";"SL";"4h 37m";"-0.00"
"315";"USTEC_ICM_UTC2";"Buy";"6678.6";"6596.1";"2018.04.23 16:45:00";"2018.04.24 17:40:00";"30.0";"-2658.12";"6596.10010";"6761.10010";"-80021.63";"0.00";"IST";"SL";"1d 0h 55m";"-183.12"
"316";"USTEC_ICM_UTC2";"Buy";"6600.3";"6517.8";"2018.04.24 18:00:00";"2018.04.24 19:37:00";"30.0";"-2475.00";"6517.79980";"6682.79980";"-82496.63";"0.00";"IST";"SL";"1h 37m";"-0.00"
"317";"USTEC_ICM_UTC2";"Buy";"6520.2";"6437.7";"2018.04.25 16:30:00";"2018.04.25 17:01:00";"30.0";"-2475.00";"6437.70020";"6602.70020";"-84971.63";"0.00";"IST";"SL";"31m 0s";"-0.00"
"318";"USTEC_ICM_UTC2";"Buy";"6634.1";"6659.7";"2018.04.27 18:00:00";"2018.04.27 22:55:00";"30.0";"768.00";"6551.60010";"6716.60010";"-84203.63";"0.00";"IST";"End Of Friday (Time)";"4h 55m";"-0.00"
"319";"USTEC_ICM_UTC2";"Buy";"6688.5";"6606.0";"2018.04.30 16:45:00";"2018.04.30 19:11:00";"30.0";"-2475.00";"6606.00000";"6771.00000";"-86678.63";"0.00";"IST";"SL";"2h 26m";"-0.00"
"320";"USTEC_ICM_UTC2";"Buy";"6578.0";"6660.5";"2018.05.01 16:45:00";"2018.05.01 22:33:00";"30.0";"2475.00";"6495.50000";"6660.50000";"-84203.63";"0.00";"IST";"PT";"5h 48m";"-0.00"
"321";"USTEC_ICM_UTC2";"Buy";"6708.9";"6626.4";"2018.05.02 21:15:00";"2018.05.03 01:00:00";"30.0";"-2658.12";"6626.39990";"6791.39990";"-86861.74";"0.00";"IST";"SL";"3h 45m";"-183.12"
"322";"USTEC_ICM_UTC2";"Buy";"6612.4";"6694.9";"2018.05.03 16:30:00";"2018.05.04 17:26:00";"30.0";"2291.88";"6529.89990";"6694.89990";"-84569.87";"0.00";"IST";"PT";"1d 0h 56m";"-183.12"
"323";"USTEC_ICM_UTC2";"Buy";"6806.4";"6888.9";"2018.05.07 22:15:00";"2018.05.09 20:50:00";"30.0";"2108.76";"6723.89990";"6888.89990";"-82461.10";"0.00";"IST";"PT";"1d 22h 35m";"-366.24"
"324";"USTEC_ICM_UTC2";"Buy";"6950.8";"6944.8";"2018.05.10 21:15:00";"2018.05.11 22:55:00";"30.0";"-363.12";"6868.29980";"7033.29980";"-82824.23";"0.00";"IST";"End Of Friday (Time)";"1d 1h 40m";"-183.12"
"325";"USTEC_ICM_UTC2";"Buy";"6969.2";"6886.7";"2018.05.14 21:45:00";"2018.05.15 16:33:00";"30.0";"-2658.12";"6886.70020";"7051.70020";"-85482.34";"0.00";"IST";"SL";"18h 48m";"-183.12"
"326";"USTEC_ICM_UTC2";"Buy";"6880.9";"6869.6";"2018.05.15 17:15:00";"2018.05.18 22:55:00";"30.0";"-888.36";"6798.39990";"6963.39990";"-86370.70";"0.00";"IST";"End Of Friday (Time)";"3d 5h 40m";"-549.36"
"327";"USTEC_ICM_UTC2";"Buy";"6898.5";"6981.0";"2018.05.21 19:00:00";"2018.05.25 04:33:00";"30.0";"1742.52";"6816.00000";"6981.00000";"-84628.19";"0.00";"IST";"PT";"3d 9h 33m";"-732.48"
"328";"USTEC_ICM_UTC2";"Buy";"6966.4";"6960.3";"2018.05.25 21:30:00";"2018.05.25 22:55:00";"30.0";"-183.00";"6883.89990";"7048.89990";"-84811.19";"0.00";"IST";"End Of Friday (Time)";"1h 25m";"-0.00"
"329";"USTEC_ICM_UTC2";"Buy";"6980.9";"6898.4";"2018.05.28 17:30:00";"2018.05.29 11:31:00";"30.0";"-2658.12";"6898.39990";"7063.39990";"-87469.30";"0.00";"IST";"SL";"18h 1m";"-183.12"
"330";"USTEC_ICM_UTC2";"Buy";"6936.7";"7019.2";"2018.05.29 16:45:00";"2018.06.01 16:35:00";"30.0";"1925.64";"6854.20020";"7019.20020";"-85543.66";"0.00";"IST";"PT";"2d 23h 50m";"-549.36"
"331";"USTEC_ICM_UTC2";"Buy";"7024.5";"7078.0";"2018.06.01 16:45:00";"2018.06.01 22:55:00";"30.0";"1605.00";"6942.00000";"7107.00000";"-83938.66";"0.00";"IST";"End Of Friday (Time)";"6h 10m";"-0.00"
"332";"USTEC_ICM_UTC2";"Buy";"7141.3";"7223.8";"2018.06.04 21:15:00";"2018.06.07 09:29:00";"30.0";"1925.64";"7058.79980";"7223.79980";"-82013.02";"0.00";"IST";"PT";"2d 12h 14m";"-549.36"
"333";"USTEC_ICM_UTC2";"Buy";"7164.8";"7082.3";"2018.06.07 18:15:00";"2018.06.08 11:11:00";"30.0";"-2658.12";"7082.29980";"7247.29980";"-84671.14";"0.00";"IST";"SL";"16h 56m";"-183.12"
"334";"USTEC_ICM_UTC2";"Buy";"7120.2";"7155.5";"2018.06.08 16:45:00";"2018.06.08 22:55:00";"30.0";"1059.00";"7037.70020";"7202.70020";"-83612.14";"0.00";"IST";"End Of Friday (Time)";"6h 10m";"-0.00"
"335";"USTEC_ICM_UTC2";"Buy";"7183.7";"7266.2";"2018.06.11 22:00:00";"2018.06.14 17:05:00";"30.0";"1925.64";"7101.20020";"7266.20020";"-81686.51";"0.00";"IST";"PT";"2d 19h 5m";"-549.36"
"336";"USTEC_ICM_UTC2";"Buy";"7267.9";"7252.0";"2018.06.14 17:15:00";"2018.06.15 22:55:00";"30.0";"-660.12";"7185.39990";"7350.39990";"-82346.63";"0.00";"IST";"End Of Friday (Time)";"1d 5h 40m";"-183.12"
"337";"USTEC_ICM_UTC2";"Buy";"7205.3";"7287.8";"2018.06.18 16:45:00";"2018.06.20 18:53:00";"30.0";"2108.76";"7122.79980";"7287.79980";"-80237.87";"0.00";"IST";"PT";"2d 2h 8m";"-366.24"
"338";"USTEC_ICM_UTC2";"Buy";"7306.3";"7223.8";"2018.06.20 21:30:00";"2018.06.21 17:19:00";"30.0";"-2658.12";"7223.79980";"7388.79980";"-82895.98";"0.00";"IST";"SL";"19h 49m";"-183.12"
"339";"USTEC_ICM_UTC2";"Buy";"7241.2";"7207.5";"2018.06.21 18:00:00";"2018.06.22 22:55:00";"30.0";"-1194.12";"7158.70020";"7323.70020";"-84090.10";"0.00";"IST";"End Of Friday (Time)";"1d 4h 55m";"-183.12"
"340";"USTEC_ICM_UTC2";"Buy";"7109.0";"7026.5";"2018.06.25 16:45:00";"2018.06.25 18:34:00";"30.0";"-2475.00";"7026.50000";"7191.50000";"-86565.10";"0.00";"IST";"SL";"1h 49m";"-0.00"
"341";"USTEC_ICM_UTC2";"Buy";"7085.3";"7002.8";"2018.06.26 16:45:00";"2018.06.27 11:05:00";"30.0";"-2658.12";"7002.79980";"7167.79980";"-89223.23";"0.00";"IST";"SL";"18h 20m";"-183.12"
"342";"USTEC_ICM_UTC2";"Buy";"7090.8";"7008.3";"2018.06.27 19:00:00";"2018.06.27 20:50:00";"30.0";"-2475.00";"7008.29980";"7173.29980";"-91698.23";"0.00";"IST";"SL";"1h 50m";"-0.00"
"343";"USTEC_ICM_UTC2";"Buy";"6989.3";"7071.8";"2018.06.28 17:45:00";"2018.06.29 05:59:00";"30.0";"2291.88";"6906.79980";"7071.79980";"-89406.34";"0.00";"IST";"PT";"12h 14m";"-183.12"
"344";"USTEC_ICM_UTC2";"Buy";"7083.8";"7053.5";"2018.06.29 22:00:00";"2018.06.29 22:55:00";"30.0";"-909.00";"7001.29980";"7166.29980";"-90315.34";"0.00";"IST";"End Of Friday (Time)";"55m 0s";"-0.00"
"345";"USTEC_ICM_UTC2";"Buy";"6994.9";"7077.4";"2018.07.02 16:45:00";"2018.07.02 21:30:00";"30.0";"2475.00";"6912.39990";"7077.39990";"-87840.34";"0.00";"IST";"PT";"4h 45m";"-0.00"
"346";"USTEC_ICM_UTC2";"Buy";"7017.9";"7100.4";"2018.07.04 17:30:00";"2018.07.05 22:01:00";"30.0";"2291.88";"6935.39990";"7100.39990";"-85548.47";"0.00";"IST";"PT";"1d 4h 31m";"-183.12"
"347";"USTEC_ICM_UTC2";"Buy";"7203.8";"7202.9";"2018.07.06 22:00:00";"2018.07.06 22:55:00";"30.0";"-27.00";"7121.29980";"7286.29980";"-85575.47";"0.00";"IST";"End Of Friday (Time)";"55m 0s";"-0.00"
"348";"USTEC_ICM_UTC2";"Buy";"7253.5";"7336.0";"2018.07.09 21:30:00";"2018.07.12 18:48:00";"30.0";"1925.64";"7171.00000";"7336.00000";"-83649.83";"0.00";"IST";"PT";"2d 21h 18m";"-549.36"
"349";"USTEC_ICM_UTC2";"Buy";"7355.5";"7378.1";"2018.07.12 21:30:00";"2018.07.13 22:55:00";"30.0";"494.88";"7273.00000";"7438.00000";"-83154.95";"0.00";"IST";"End Of Friday (Time)";"1d 1h 25m";"-183.12"
"350";"USTEC_ICM_UTC2";"Buy";"7377.0";"7294.5";"2018.07.16 16:30:00";"2018.07.17 05:10:00";"30.0";"-2658.12";"7294.50000";"7459.50000";"-85813.06";"0.00";"IST";"SL";"12h 40m";"-183.12"
"351";"USTEC_ICM_UTC2";"Buy";"7314.0";"7396.5";"2018.07.17 16:45:00";"2018.07.17 19:22:00";"30.0";"2475.00";"7231.50000";"7396.50000";"-83338.06";"0.00";"IST";"PT";"2h 37m";"-0.00"
"352";"USTEC_ICM_UTC2";"Buy";"7379.5";"7345.9";"2018.07.18 17:15:00";"2018.07.20 22:55:00";"30.0";"-1374.24";"7297.00000";"7462.00000";"-84712.30";"0.00";"IST";"End Of Friday (Time)";"2d 5h 40m";"-366.24"
"353";"USTEC_ICM_UTC2";"Buy";"7317.5";"7400.0";"2018.07.23 16:45:00";"2018.07.23 23:04:00";"30.0";"2475.00";"7235.00000";"7400.00000";"-82237.30";"0.00";"IST";"PT";"6h 19m";"-0.00"
"354";"USTEC_ICM_UTC2";"Buy";"7405.8";"7488.3";"2018.07.25 16:30:00";"2018.07.25 22:40:00";"30.0";"2475.00";"7323.29980";"7488.29980";"-79762.30";"0.00";"IST";"PT";"6h 10m";"-0.00"
"355";"USTEC_ICM_UTC2";"Buy";"7405.8";"7323.3";"2018.07.26 16:30:00";"2018.07.27 19:32:00";"30.0";"-2658.12";"7323.29980";"7488.29980";"-82420.42";"0.00";"IST";"SL";"1d 3h 2m";"-183.12"
"356";"USTEC_ICM_UTC2";"Buy";"7280.9";"7295.9";"2018.07.27 20:30:00";"2018.07.27 22:55:00";"30.0";"450.00";"7198.39990";"7363.39990";"-81970.42";"0.00";"IST";"End Of Friday (Time)";"2h 25m";"-0.00"
"357";"USTEC_ICM_UTC2";"Buy";"7295.7";"7213.2";"2018.07.30 16:30:00";"2018.07.30 16:45:00";"30.0";"-2475.00";"7213.20020";"7378.20020";"-84445.42";"0.00";"IST";"SL";"15m 0s";"-0.00"
"358";"USTEC_ICM_UTC2";"Buy";"7217.2";"7299.7";"2018.07.31 16:30:00";"2018.08.02 17:38:00";"30.0";"2108.76";"7134.70020";"7299.70020";"-82336.66";"0.00";"IST";"PT";"2d 1h 8m";"-366.24"
"359";"USTEC_ICM_UTC2";"Buy";"7308.3";"7390.8";"2018.08.02 18:30:00";"2018.08.03 14:15:00";"30.0";"2291.88";"7225.79980";"7390.79980";"-80044.78";"0.00";"IST";"PT";"19h 45m";"-183.12"
"360";"USTEC_ICM_UTC2";"Buy";"7383.7";"7391.5";"2018.08.03 21:45:00";"2018.08.03 22:55:00";"30.0";"234.00";"7301.20020";"7466.20020";"-79810.78";"0.00";"IST";"End Of Friday (Time)";"1h 10m";"-0.00"
"361";"USTEC_ICM_UTC2";"Buy";"7433.3";"7408.6";"2018.08.06 21:30:00";"2018.08.10 22:55:00";"30.0";"-1473.48";"7350.79980";"7515.79980";"-81284.27";"0.00";"IST";"End Of Friday (Time)";"4d 1h 25m";"-732.48"
"362";"USTEC_ICM_UTC2";"Buy";"7435.9";"7353.4";"2018.08.13 16:45:00";"2018.08.15 17:00:00";"30.0";"-2841.24";"7353.39990";"7518.39990";"-84125.51";"0.00";"IST";"SL";"2d 0h 15m";"-366.24"
"363";"USTEC_ICM_UTC2";"Buy";"7328.4";"7410.9";"2018.08.15 17:45:00";"2018.08.16 13:06:00";"30.0";"2291.88";"7245.89990";"7410.89990";"-81833.63";"0.00";"IST";"PT";"19h 21m";"-183.12"
"364";"USTEC_ICM_UTC2";"Buy";"7406.3";"7323.8";"2018.08.16 16:30:00";"2018.08.17 17:12:00";"30.0";"-2658.12";"7323.79980";"7488.79980";"-84491.74";"0.00";"IST";"SL";"1d 0h 42m";"-183.12"
"365";"USTEC_ICM_UTC2";"Buy";"7318.5";"7381.5";"2018.08.17 17:45:00";"2018.08.17 22:55:00";"30.0";"1890.00";"7236.00000";"7401.00000";"-82601.74";"0.00";"IST";"End Of Friday (Time)";"5h 10m";"-0.00"
"366";"USTEC_ICM_UTC2";"Buy";"7349.4";"7431.9";"2018.08.20 17:45:00";"2018.08.21 19:02:00";"30.0";"2291.88";"7266.89990";"7431.89990";"-80309.87";"0.00";"IST";"PT";"1d 1h 17m";"-183.12"
"367";"USTEC_ICM_UTC2";"Buy";"7403.0";"7485.5";"2018.08.21 22:30:00";"2018.08.24 17:48:00";"30.0";"1925.64";"7320.50000";"7485.50000";"-78384.23";"0.00";"IST";"PT";"2d 19h 18m";"-549.36"
"368";"USTEC_ICM_UTC2";"Buy";"7483.0";"7487.2";"2018.08.24 22:00:00";"2018.08.24 22:55:00";"30.0";"126.00";"7400.50000";"7565.50000";"-78258.23";"0.00";"IST";"End Of Friday (Time)";"55m 0s";"-0.00"
"369";"USTEC_ICM_UTC2";"Buy";"7552.1";"7634.6";"2018.08.27 21:45:00";"2018.08.29 17:50:00";"30.0";"2108.76";"7469.60010";"7634.60010";"-76149.47";"0.00";"IST";"PT";"1d 20h 5m";"-366.24"
"370";"USTEC_ICM_UTC2";"Buy";"7650.1";"7656.4";"2018.08.29 21:15:00";"2018.08.31 22:55:00";"30.0";"-177.24";"7567.60010";"7732.60010";"-76326.70";"0.00";"IST";"End Of Friday (Time)";"2d 1h 40m";"-366.24"
"371";"USTEC_ICM_UTC2";"Buy";"7663.9";"7581.4";"2018.09.03 16:30:00";"2018.09.04 16:42:00";"30.0";"-2658.12";"7581.39990";"7746.39990";"-78984.83";"0.00";"IST";"SL";"1d 0h 12m";"-183.12"
"372";"USTEC_ICM_UTC2";"Buy";"7622.4";"7539.9";"2018.09.04 17:15:00";"2018.09.05 17:02:00";"30.0";"-2658.12";"7539.89990";"7704.89990";"-81642.95";"0.00";"IST";"SL";"23h 47m";"-183.12"
"373";"USTEC_ICM_UTC2";"Buy";"7528.2";"7445.7";"2018.09.05 18:00:00";"2018.09.06 17:38:00";"30.0";"-2658.12";"7445.70020";"7610.70020";"-84301.06";"0.00";"IST";"SL";"23h 38m";"-183.12"
"374";"USTEC_ICM_UTC2";"Buy";"7449.6";"7426.2";"2018.09.06 17:45:00";"2018.09.07 22:55:00";"30.0";"-885.12";"7367.10010";"7532.10010";"-85186.19";"0.00";"IST";"End Of Friday (Time)";"1d 5h 10m";"-183.12"
"375";"USTEC_ICM_UTC2";"Buy";"7444.6";"7527.1";"2018.09.10 16:45:00";"2018.09.12 10:49:00";"30.0";"2108.76";"7362.10010";"7527.10010";"-83077.42";"0.00";"IST";"PT";"1d 18h 4m";"-366.24"
"376";"USTEC_ICM_UTC2";"Buy";"7497.4";"7579.9";"2018.09.12 16:30:00";"2018.09.14 09:25:00";"30.0";"2108.76";"7414.89990";"7579.89990";"-80968.66";"0.00";"IST";"PT";"1d 16h 55m";"-366.24"
"377";"USTEC_ICM_UTC2";"Buy";"7570.7";"7549.9";"2018.09.14 16:30:00";"2018.09.14 22:55:00";"30.0";"-624.00";"7488.20020";"7653.20020";"-81592.66";"0.00";"IST";"End Of Friday (Time)";"6h 25m";"-0.00"
"378";"USTEC_ICM_UTC2";"Buy";"7475.7";"7393.2";"2018.09.17 17:15:00";"2018.09.18 02:49:00";"30.0";"-2658.12";"7393.20020";"7558.20020";"-84250.79";"0.00";"IST";"SL";"9h 34m";"-183.12"
"379";"USTEC_ICM_UTC2";"Buy";"7483.1";"7565.6";"2018.09.18 16:45:00";"2018.09.20 17:02:00";"30.0";"2108.76";"7400.60010";"7565.60010";"-82142.02";"0.00";"IST";"PT";"2d 0h 17m";"-366.24"
"380";"USTEC_ICM_UTC2";"Buy";"7571.1";"7533.3";"2018.09.20 21:45:00";"2018.09.21 22:55:00";"30.0";"-1317.12";"7488.60010";"7653.60010";"-83459.15";"0.00";"IST";"End Of Friday (Time)";"1d 1h 10m";"-183.12"
"381";"USTEC_ICM_UTC2";"Buy";"7483.5";"7566.0";"2018.09.24 16:45:00";"2018.09.25 13:34:00";"30.0";"2291.88";"7401.00000";"7566.00000";"-81167.27";"0.00";"IST";"PT";"20h 49m";"-183.12"
"382";"USTEC_ICM_UTC2";"Buy";"7561.4";"7643.9";"2018.09.25 21:15:00";"2018.09.27 17:09:00";"30.0";"2108.76";"7478.89990";"7643.89990";"-79058.51";"0.00";"IST";"PT";"1d 19h 54m";"-366.24"
"383";"USTEC_ICM_UTC2";"Buy";"7637.3";"7621.6";"2018.09.27 22:15:00";"2018.09.28 22:55:00";"30.0";"-654.12";"7554.79980";"7719.79980";"-79712.63";"0.00";"IST";"End Of Friday (Time)";"1d 0h 40m";"-183.12"
"384";"USTEC_ICM_UTC2";"Buy";"7643.9";"7561.4";"2018.10.01 21:45:00";"2018.10.04 16:40:00";"30.0";"-3024.36";"7561.39990";"7726.39990";"-82736.98";"0.00";"IST";"SL";"2d 18h 55m";"-549.36"
"385";"USTEC_ICM_UTC2";"Buy";"7516.6";"7434.1";"2018.10.04 18:00:00";"2018.10.04 21:20:00";"30.0";"-2475.00";"7434.10010";"7599.10010";"-85211.98";"0.00";"IST";"SL";"3h 20m";"-0.00"
"386";"USTEC_ICM_UTC2";"Buy";"7502.3";"7419.8";"2018.10.05 16:45:00";"2018.10.05 18:10:00";"30.0";"-2475.00";"7419.79980";"7584.79980";"-87686.98";"0.00";"IST";"SL";"1h 25m";"-0.00"
"387";"USTEC_ICM_UTC2";"Buy";"7381.1";"7298.6";"2018.10.08 16:45:00";"2018.10.08 18:40:00";"30.0";"-2475.00";"7298.60010";"7463.60010";"-90161.98";"0.00";"IST";"SL";"1h 55m";"-0.00"
"388";"USTEC_ICM_UTC2";"Buy";"7381.9";"7299.4";"2018.10.09 16:45:00";"2018.10.10 16:36:00";"30.0";"-2658.12";"7299.39990";"7464.39990";"-92820.11";"0.00";"IST";"SL";"23h 51m";"-183.12"
"389";"USTEC_ICM_UTC2";"Buy";"7244.8";"7162.3";"2018.10.10 17:30:00";"2018.10.10 21:41:00";"30.0";"-2475.00";"7162.29980";"7327.29980";"-95295.11";"0.00";"IST";"SL";"4h 11m";"-0.00"
"390";"USTEC_ICM_UTC2";"Buy";"7041.9";"6959.4";"2018.10.11 17:45:00";"2018.10.11 18:12:00";"30.0";"-2475.00";"6959.39990";"7124.39990";"-97770.11";"0.00";"IST";"SL";"27m 0s";"-0.00"
"391";"USTEC_ICM_UTC2";"Buy";"7068.9";"7151.4";"2018.10.12 19:30:00";"2018.10.12 22:44:00";"30.0";"2475.00";"6986.39990";"7151.39990";"-95295.11";"0.00";"IST";"PT";"3h 14m";"-0.00"
"392";"USTEC_ICM_UTC2";"Buy";"7103.2";"7185.7";"2018.10.15 16:45:00";"2018.10.16 18:13:00";"30.0";"2291.88";"7020.70020";"7185.70020";"-93003.23";"0.00";"IST";"PT";"1d 1h 28m";"-183.12"
"393";"USTEC_ICM_UTC2";"Buy";"7244.4";"7161.9";"2018.10.17 18:15:00";"2018.10.18 18:32:00";"30.0";"-2658.12";"7161.89990";"7326.89990";"-95661.34";"0.00";"IST";"SL";"1d 0h 17m";"-183.12"
"394";"USTEC_ICM_UTC2";"Buy";"7131.1";"7213.6";"2018.10.18 19:15:00";"2018.10.19 16:45:00";"30.0";"2291.88";"7048.60010";"7213.60010";"-93369.47";"0.00";"IST";"PT";"21h 30m";"-183.12"
"395";"USTEC_ICM_UTC2";"Buy";"7200.0";"7117.5";"2018.10.19 18:15:00";"2018.10.19 19:24:00";"30.0";"-2475.00";"7117.50000";"7282.50000";"-95844.47";"0.00";"IST";"SL";"1h 9m";"-0.00"
"396";"USTEC_ICM_UTC2";"Buy";"7144.9";"7062.4";"2018.10.22 16:30:00";"2018.10.23 08:50:00";"30.0";"-2658.12";"7062.39990";"7227.39990";"-98502.59";"0.00";"IST";"SL";"16h 20m";"-183.12"
"397";"USTEC_ICM_UTC2";"Buy";"7008.7";"7091.2";"2018.10.23 16:45:00";"2018.10.23 21:16:00";"30.0";"2475.00";"6926.20020";"7091.20020";"-96027.59";"0.00";"IST";"PT";"4h 31m";"-0.00"
"398";"USTEC_ICM_UTC2";"Buy";"7040.8";"6958.3";"2018.10.24 19:00:00";"2018.10.24 20:09:00";"30.0";"-2475.00";"6958.29980";"7123.29980";"-98502.59";"0.00";"IST";"SL";"1h 9m";"-0.00"
"399";"USTEC_ICM_UTC2";"Buy";"6896.7";"6979.2";"2018.10.25 16:30:00";"2018.10.25 17:04:00";"30.0";"2475.00";"6814.20020";"6979.20020";"-96027.59";"0.00";"IST";"PT";"34m 0s";"-0.00"
"400";"USTEC_ICM_UTC2";"Buy";"6861.2";"6778.7";"2018.10.26 16:45:00";"2018.10.26 17:07:00";"30.0";"-2475.00";"6778.70020";"6943.70020";"-98502.59";"0.00";"IST";"SL";"22m 0s";"-0.00"
"401";"USTEC_ICM_UTC2";"Buy";"6894.9";"6812.4";"2018.10.29 17:45:00";"2018.10.29 18:11:00";"30.0";"-2475.00";"6812.39990";"6977.39990";"-100977.59";"0.00";"IST";"SL";"26m 0s";"-0.00"
"402";"USTEC_ICM_UTC2";"Buy";"6719.3";"6801.8";"2018.10.30 17:15:00";"2018.10.30 17:50:00";"30.0";"2475.00";"6636.79980";"6801.79980";"-98502.59";"0.00";"IST";"PT";"35m 0s";"-0.00"
"403";"USTEC_ICM_UTC2";"Buy";"7025.4";"6942.9";"2018.10.31 21:15:00";"2018.11.01 15:50:00";"30.0";"-2658.12";"6942.89990";"7107.89990";"-101160.70";"0.00";"IST";"SL";"18h 35m";"-183.12"
"404";"USTEC_ICM_UTC2";"Buy";"7000.3";"7082.8";"2018.11.01 16:45:00";"2018.11.02 07:04:00";"30.0";"2291.88";"6917.79980";"7082.79980";"-98868.83";"0.00";"IST";"PT";"14h 19m";"-183.12"
"405";"USTEC_ICM_UTC2";"Buy";"6990.0";"6907.5";"2018.11.02 17:00:00";"2018.11.02 19:05:00";"30.0";"-2475.00";"6907.50000";"7072.50000";"-101343.83";"0.00";"IST";"SL";"2h 5m";"-0.00"
"406";"USTEC_ICM_UTC2";"Buy";"6962.8";"6880.3";"2018.11.05 16:30:00";"2018.11.05 17:03:00";"30.0";"-2475.00";"6880.29980";"7045.29980";"-103818.83";"0.00";"IST";"SL";"33m 0s";"-0.00"
"407";"USTEC_ICM_UTC2";"Buy";"6949.0";"7031.5";"2018.11.06 22:00:00";"2018.11.07 03:21:00";"30.0";"2291.88";"6866.50000";"7031.50000";"-101526.95";"0.00";"IST";"PT";"5h 21m";"-183.12"
"408";"USTEC_ICM_UTC2";"Buy";"7168.7";"7086.2";"2018.11.07 21:15:00";"2018.11.09 13:35:00";"30.0";"-2841.24";"7086.20020";"7251.20020";"-104368.19";"0.00";"IST";"SL";"1d 16h 20m";"-366.24"
"409";"USTEC_ICM_UTC2";"Buy";"7069.9";"6987.4";"2018.11.09 16:45:00";"2018.11.09 21:13:00";"30.0";"-2475.00";"6987.39990";"7152.39990";"-106843.19";"0.00";"IST";"SL";"4h 28m";"-0.00"
"410";"USTEC_ICM_UTC2";"Buy";"6921.1";"6838.6";"2018.11.12 17:30:00";"2018.11.12 18:15:00";"30.0";"-2475.00";"6838.60010";"7003.60010";"-109318.19";"0.00";"IST";"SL";"45m 0s";"-0.00"
"411";"USTEC_ICM_UTC2";"Buy";"6876.0";"6793.5";"2018.11.13 16:45:00";"2018.11.14 10:22:00";"30.0";"-2658.12";"6793.50000";"6958.50000";"-111976.30";"0.00";"IST";"SL";"17h 37m";"-183.12"
"412";"USTEC_ICM_UTC2";"Buy";"6891.8";"6809.3";"2018.11.14 16:30:00";"2018.11.14 18:02:00";"30.0";"-2475.00";"6809.29980";"6974.29980";"-114451.30";"0.00";"IST";"SL";"1h 32m";"-0.00"
"413";"USTEC_ICM_UTC2";"Buy";"6796.1";"6713.6";"2018.11.15 16:45:00";"2018.11.15 17:34:00";"30.0";"-2475.00";"6713.60010";"6878.60010";"-116926.30";"0.00";"IST";"SL";"49m 0s";"-0.00"
"414";"USTEC_ICM_UTC2";"Buy";"6858.5";"6874.8";"2018.11.16 17:00:00";"2018.11.16 22:55:00";"30.0";"489.00";"6776.00000";"6941.00000";"-116437.30";"0.00";"IST";"End Of Friday (Time)";"5h 55m";"-0.00"
"415";"USTEC_ICM_UTC2";"Buy";"6833.5";"6751.0";"2018.11.19 16:30:00";"2018.11.19 17:07:00";"30.0";"-2475.00";"6751.00000";"6916.00000";"-118912.30";"0.00";"IST";"SL";"37m 0s";"-0.00"
"416";"USTEC_ICM_UTC2";"Buy";"6541.1";"6458.6";"2018.11.20 16:45:00";"2018.11.20 17:12:00";"30.0";"-2475.00";"6458.60010";"6623.60010";"-121387.30";"0.00";"IST";"SL";"27m 0s";"-0.00"
"417";"USTEC_ICM_UTC2";"Buy";"6586.3";"6503.8";"2018.11.21 17:15:00";"2018.11.22 18:00:00";"30.0";"-2658.12";"6503.79980";"6668.79980";"-124045.43";"0.00";"IST";"SL";"1d 0h 45m";"-183.12"
"418";"USTEC_ICM_UTC2";"Buy";"6515.0";"6597.5";"2018.11.22 18:30:00";"2018.11.26 10:00:00";"30.0";"1742.52";"6432.50000";"6597.50000";"-122302.91";"0.00";"IST";"PT";"3d 15h 30m";"-732.48"
"419";"USTEC_ICM_UTC2";"Buy";"6639.5";"6722.0";"2018.11.27 16:30:00";"2018.11.28 01:00:00";"30.0";"2291.88";"6557.00000";"6722.00000";"-120011.02";"0.00";"IST";"PT";"8h 30m";"-183.12"
"420";"USTEC_ICM_UTC2";"Buy";"6900.6";"6925.4";"2018.11.30 17:15:00";"2018.11.30 22:55:00";"30.0";"744.00";"6818.10010";"6983.10010";"-119267.02";"0.00";"IST";"End Of Friday (Time)";"5h 40m";"-0.00"
"421";"USTEC_ICM_UTC2";"Buy";"7043.4";"6960.9";"2018.12.03 21:30:00";"2018.12.04 19:05:00";"30.0";"-2658.12";"6960.89990";"7125.89990";"-121925.15";"0.00";"IST";"SL";"21h 35m";"-183.12"
"422";"USTEC_ICM_UTC2";"Buy";"6883.1";"6800.6";"2018.12.04 20:00:00";"2018.12.04 22:33:00";"30.0";"-2475.00";"6800.60010";"6965.60010";"-124400.15";"0.00";"IST";"SL";"2h 33m";"-0.00"
"423";"USTEC_ICM_UTC2";"Buy";"6715.0";"6632.5";"2018.12.06 16:45:00";"2018.12.06 18:27:00";"30.0";"-2475.00";"6632.50000";"6797.50000";"-126875.15";"0.00";"IST";"SL";"1h 42m";"-0.00"
"424";"USTEC_ICM_UTC2";"Buy";"6699.5";"6617.0";"2018.12.07 18:15:00";"2018.12.07 21:55:00";"30.0";"-2475.00";"6617.00000";"6782.00000";"-129350.15";"0.00";"IST";"SL";"3h 40m";"-0.00"
"425";"USTEC_ICM_UTC2";"Buy";"6666.0";"6583.5";"2018.12.10 16:45:00";"2018.12.10 16:53:00";"30.0";"-2475.00";"6583.50000";"6748.50000";"-131825.14";"0.00";"IST";"SL";"8m 0s";"-0.00"
"426";"USTEC_ICM_UTC2";"Buy";"6702.3";"6784.8";"2018.12.11 21:30:00";"2018.12.12 11:35:00";"30.0";"2291.88";"6619.79980";"6784.79980";"-129533.27";"0.00";"IST";"PT";"14h 5m";"-183.12"
"427";"USTEC_ICM_UTC2";"Buy";"6801.2";"6718.7";"2018.12.12 22:00:00";"2018.12.14 03:01:00";"30.0";"-2841.24";"6718.70020";"6883.70020";"-132374.50";"0.00";"IST";"SL";"1d 5h 1m";"-366.24"
"428";"USTEC_ICM_UTC2";"Buy";"6684.9";"6602.4";"2018.12.14 16:30:00";"2018.12.14 21:44:00";"30.0";"-2475.00";"6602.39990";"6767.39990";"-134849.50";"0.00";"IST";"SL";"5h 14m";"-0.00"
"429";"USTEC_ICM_UTC2";"Buy";"6566.7";"6484.2";"2018.12.17 17:15:00";"2018.12.17 21:03:00";"30.0";"-2475.00";"6484.20020";"6649.20020";"-137324.50";"0.00";"IST";"SL";"3h 48m";"-0.00"
"430";"USTEC_ICM_UTC2";"Buy";"6498.6";"6416.1";"2018.12.18 16:30:00";"2018.12.19 21:44:00";"30.0";"-2658.12";"6416.10010";"6581.10010";"-139982.63";"0.00";"IST";"SL";"1d 5h 14m";"-183.12"
"431";"USTEC_ICM_UTC2";"Buy";"6417.9";"6335.4";"2018.12.19 21:45:00";"2018.12.19 22:02:00";"30.0";"-2475.00";"6335.39990";"6500.39990";"-142457.63";"0.00";"IST";"SL";"17m 0s";"-0.00"
"432";"USTEC_ICM_UTC2";"Buy";"6315.3";"6232.8";"2018.12.20 16:30:00";"2018.12.20 18:46:00";"30.0";"-2475.00";"6232.79980";"6397.79980";"-144932.63";"0.00";"IST";"SL";"2h 16m";"-0.00"
"433";"USTEC_ICM_UTC2";"Buy";"6277.3";"6194.8";"2018.12.21 17:15:00";"2018.12.21 18:07:00";"30.0";"-2475.00";"6194.79980";"6359.79980";"-147407.63";"0.00";"IST";"SL";"52m 0s";"-0.00"
"434";"USTEC_ICM_UTC2";"Buy";"6002.1";"5919.6";"2018.12.24 16:30:00";"2018.12.24 19:56:00";"30.0";"-2475.00";"5919.60010";"6084.60010";"-149882.63";"0.00";"IST";"SL";"3h 26m";"-0.00"
"435";"USTEC_ICM_UTC2";"Buy";"5955.5";"6038.0";"2018.12.26 16:30:00";"2018.12.26 18:57:00";"30.0";"2475.00";"5873.00000";"6038.00000";"-147407.63";"0.00";"IST";"PT";"2h 27m";"-0.00"
"436";"USTEC_ICM_UTC2";"Buy";"6117.2";"6199.7";"2018.12.27 20:00:00";"2018.12.27 22:26:00";"30.0";"2475.00";"6034.70020";"6199.70020";"-144932.63";"0.00";"IST";"PT";"2h 26m";"-0.00"
"437";"USTEC_ICM_UTC2";"Buy";"6304.7";"6222.2";"2018.12.31 17:45:00";"2019.01.02 10:03:00";"30.0";"-2841.24";"6222.20020";"6387.20020";"-147773.88";"0.00";"IST";"SL";"1d 16h 18m";"-366.24"
"438";"USTEC_ICM_UTC2";"Buy";"6317.0";"6221.8";"2019.01.02 18:00:00";"2019.01.03 01:00:00";"30.0";"-3040.02";"6234.50000";"6399.50000";"-150813.89";"0.00";"IST";"SL";"7h 0m";"-183.12"
"439";"USTEC_ICM_UTC2";"Buy";"6264.9";"6182.4";"2019.01.03 16:30:00";"2019.01.03 17:16:00";"30.0";"-2475.00";"6182.39990";"6347.39990";"-153288.89";"0.00";"IST";"SL";"46m 0s";"-0.00"
"440";"USTEC_ICM_UTC2";"Buy";"6248.4";"6330.9";"2019.01.04 16:30:00";"2019.01.04 17:24:00";"30.0";"2475.00";"6165.89990";"6330.89990";"-150813.89";"0.00";"IST";"PT";"54m 0s";"-0.00"
"441";"USTEC_ICM_UTC2";"Buy";"6497.0";"6579.5";"2019.01.07 22:15:00";"2019.01.09 03:44:00";"30.0";"2108.76";"6414.50000";"6579.50000";"-148705.13";"0.00";"IST";"PT";"1d 5h 29m";"-366.24"
"442";"USTEC_ICM_UTC2";"Buy";"6619.6";"6537.1";"2019.01.09 21:15:00";"2019.01.10 10:06:00";"30.0";"-2658.12";"6537.10010";"6702.10010";"-151363.25";"0.00";"IST";"SL";"12h 51m";"-183.12"
"443";"USTEC_ICM_UTC2";"Buy";"6535.6";"6618.1";"2019.01.10 16:45:00";"2019.01.10 22:32:00";"30.0";"2475.00";"6453.10010";"6618.10010";"-148888.25";"0.00";"IST";"PT";"5h 47m";"-0.00"
"444";"USTEC_ICM_UTC2";"Buy";"6587.5";"6601.4";"2019.01.11 17:15:00";"2019.01.11 22:55:00";"30.0";"417.00";"6505.00000";"6670.00000";"-148471.25";"0.00";"IST";"End Of Friday (Time)";"5h 40m";"-0.00"
"445";"USTEC_ICM_UTC2";"Buy";"6531.1";"6613.6";"2019.01.14 16:45:00";"2019.01.15 16:36:00";"30.0";"2291.88";"6448.60010";"6613.60010";"-146179.38";"0.00";"IST";"PT";"23h 51m";"-183.12"
"446";"USTEC_ICM_UTC2";"Buy";"6663.6";"6746.1";"2019.01.15 21:15:00";"2019.01.17 21:48:00";"30.0";"2108.76";"6581.10010";"6746.10010";"-144070.61";"0.00";"IST";"PT";"2d 0h 33m";"-366.24"
"447";"USTEC_ICM_UTC2";"Buy";"6789.6";"6768.6";"2019.01.18 21:15:00";"2019.01.18 22:55:00";"30.0";"-630.00";"6707.10010";"6872.10010";"-144700.61";"0.00";"IST";"End Of Friday (Time)";"1h 40m";"-0.00"
"448";"USTEC_ICM_UTC2";"Buy";"6734.8";"6652.3";"2019.01.21 16:45:00";"2019.01.22 20:07:00";"30.0";"-2658.12";"6652.29980";"6817.29980";"-147358.73";"0.00";"IST";"SL";"1d 3h 22m";"-183.12"
"449";"USTEC_ICM_UTC2";"Buy";"6646.0";"6728.5";"2019.01.22 20:45:00";"2019.01.25 05:40:00";"30.0";"1925.64";"6563.50000";"6728.50000";"-145433.09";"0.00";"IST";"PT";"2d 8h 55m";"-549.36"
"450";"USTEC_ICM_UTC2";"Buy";"6784.8";"6778.4";"2019.01.25 22:00:00";"2019.01.25 22:55:00";"30.0";"-192.00";"6702.29980";"6867.29980";"-145625.09";"0.00";"IST";"End Of Friday (Time)";"55m 0s";"-0.00"
"451";"USTEC_ICM_UTC2";"Buy";"6672.6";"6755.1";"2019.01.28 16:45:00";"2019.01.30 21:00:00";"30.0";"2108.76";"6590.10010";"6755.10010";"-143516.33";"0.00";"IST";"PT";"2d 4h 15m";"-366.24"
"452";"USTEC_ICM_UTC2";"Buy";"6793.6";"6876.1";"2019.01.30 21:15:00";"2019.01.31 17:03:00";"30.0";"2291.88";"6711.10010";"6876.10010";"-141224.45";"0.00";"IST";"PT";"19h 48m";"-183.12"
"453";"USTEC_ICM_UTC2";"Buy";"6905.5";"6870.9";"2019.01.31 22:00:00";"2019.02.01 22:55:00";"30.0";"-1221.12";"6823.00000";"6988.00000";"-142445.56";"0.00";"IST";"End Of Friday (Time)";"1d 0h 55m";"-183.12"
"454";"USTEC_ICM_UTC2";"Buy";"7020.5";"6938.0";"2019.02.05 22:00:00";"2019.02.07 15:14:00";"30.0";"-2841.24";"6938.00000";"7103.00000";"-145286.81";"0.00";"IST";"SL";"1d 17h 14m";"-366.24"
"455";"USTEC_ICM_UTC2";"Buy";"6935.6";"6853.1";"2019.02.07 17:15:00";"2019.02.07 19:04:00";"30.0";"-2475.00";"6853.10010";"7018.10010";"-147761.81";"0.00";"IST";"SL";"1h 49m";"-0.00"
"456";"USTEC_ICM_UTC2";"Buy";"6859.9";"6893.8";"2019.02.08 16:45:00";"2019.02.08 22:55:00";"30.0";"1017.00";"6777.39990";"6942.39990";"-146744.81";"0.00";"IST";"End Of Friday (Time)";"6h 10m";"-0.00"
"457";"USTEC_ICM_UTC2";"Buy";"6911.6";"6994.1";"2019.02.11 21:15:00";"2019.02.12 17:55:00";"30.0";"2291.88";"6829.10010";"6994.10010";"-144452.92";"0.00";"IST";"PT";"20h 40m";"-183.12"
"458";"USTEC_ICM_UTC2";"Buy";"7035.3";"7044.3";"2019.02.13 21:15:00";"2019.02.15 22:55:00";"30.0";"-96.24";"6952.79980";"7117.79980";"-144549.17";"0.00";"IST";"End Of Friday (Time)";"2d 1h 40m";"-366.24"
"459";"USTEC_ICM_UTC2";"Buy";"7062.1";"7076.1";"2019.02.18 16:30:00";"2019.02.22 22:55:00";"30.0";"-312.48";"6979.60010";"7144.60010";"-144861.64";"0.00";"IST";"End Of Friday (Time)";"4d 6h 25m";"-732.48"
"460";"USTEC_ICM_UTC2";"Buy";"7121.8";"7149.2";"2019.02.25 22:30:00";"2019.03.01 22:55:00";"30.0";"89.52";"7039.29980";"7204.29980";"-144772.13";"0.00";"IST";"End Of Friday (Time)";"4d 0h 25m";"-732.48"
"461";"USTEC_ICM_UTC2";"Buy";"7096.1";"7013.6";"2019.03.04 19:15:00";"2019.03.07 21:41:00";"30.0";"-3024.36";"7013.60010";"7178.60010";"-147796.48";"0.00";"IST";"SL";"3d 2h 26m";"-549.36"
"462";"USTEC_ICM_UTC2";"Buy";"7021.1";"6938.6";"2019.03.07 21:45:00";"2019.03.08 16:07:00";"30.0";"-2658.12";"6938.60010";"7103.60010";"-150454.61";"0.00";"IST";"SL";"18h 22m";"-183.12"
"463";"USTEC_ICM_UTC2";"Buy";"6947.6";"7010.4";"2019.03.08 16:30:00";"2019.03.08 22:55:00";"30.0";"1884.00";"6865.10010";"7030.10010";"-148570.61";"0.00";"IST";"End Of Friday (Time)";"6h 25m";"-0.00"
"464";"USTEC_ICM_UTC2";"Buy";"7199.8";"7282.3";"2019.03.12 21:15:00";"2019.03.13 17:31:00";"30.0";"2291.88";"7117.29980";"7282.29980";"-146278.73";"0.00";"IST";"PT";"20h 16m";"-183.12"
"465";"USTEC_ICM_UTC2";"Buy";"7270.3";"7352.8";"2019.03.13 21:45:00";"2019.03.19 12:33:00";"30.0";"1376.28";"7187.79980";"7352.79980";"-144902.45";"0.00";"IST";"PT";"5d 14h 48m";"-1098.72"
"466";"USTEC_ICM_UTC2";"Buy";"7352.9";"7435.4";"2019.03.19 22:00:00";"2019.03.21 16:54:00";"30.0";"2108.76";"7270.39990";"7435.39990";"-142793.69";"0.00";"IST";"PT";"1d 18h 54m";"-366.24"
"467";"USTEC_ICM_UTC2";"Buy";"7438.4";"7355.9";"2019.03.22 16:30:00";"2019.03.22 17:59:00";"30.0";"-2475.00";"7355.89990";"7520.89990";"-145268.69";"0.00";"IST";"SL";"1h 29m";"-0.00"
"468";"USTEC_ICM_UTC2";"Buy";"7287.4";"7369.9";"2019.03.25 16:45:00";"2019.03.26 14:06:00";"30.0";"2291.88";"7204.89990";"7369.89990";"-142976.81";"0.00";"IST";"PT";"21h 21m";"-183.12"
"469";"USTEC_ICM_UTC2";"Buy";"7352.4";"7269.9";"2019.03.26 22:00:00";"2019.03.27 17:34:00";"30.0";"-2658.12";"7269.89990";"7434.89990";"-145634.92";"0.00";"IST";"SL";"19h 34m";"-183.12"
"470";"USTEC_ICM_UTC2";"Buy";"7269.8";"7352.3";"2019.03.27 18:15:00";"2019.03.29 09:10:00";"30.0";"2108.76";"7187.29980";"7352.29980";"-143526.17";"0.00";"IST";"PT";"1d 14h 55m";"-366.24"
"471";"USTEC_ICM_UTC2";"Buy";"7376.9";"7459.4";"2019.03.29 22:00:00";"2019.04.01 05:38:00";"30.0";"1925.64";"7294.39990";"7459.39990";"-141600.53";"0.00";"IST";"PT";"2d 7h 38m";"-549.36"
"472";"USTEC_ICM_UTC2";"Buy";"7549.6";"7573.3";"2019.04.03 21:30:00";"2019.04.05 22:55:00";"30.0";"344.76";"7467.10010";"7632.10010";"-141255.77";"0.00";"IST";"End Of Friday (Time)";"2d 1h 25m";"-366.24"
"473";"USTEC_ICM_UTC2";"Buy";"7539.8";"7622.3";"2019.04.08 16:45:00";"2019.04.11 01:29:00";"30.0";"1925.64";"7457.29980";"7622.29980";"-139330.13";"0.00";"IST";"PT";"2d 8h 44m";"-549.36"
"474";"USTEC_ICM_UTC2";"Buy";"7603.1";"7620.0";"2019.04.11 17:30:00";"2019.04.12 22:55:00";"30.0";"323.88";"7520.60010";"7685.60010";"-139006.25";"0.00";"IST";"End Of Friday (Time)";"1d 5h 25m";"-183.12"
"475";"USTEC_ICM_UTC2";"Buy";"7592.9";"7675.4";"2019.04.15 18:00:00";"2019.04.17 04:59:00";"30.0";"2108.76";"7510.39990";"7675.39990";"-136897.48";"0.00";"IST";"PT";"1d 10h 59m";"-366.24"
"476";"USTEC_ICM_UTC2";"Buy";"7675.1";"7757.6";"2019.04.17 22:00:00";"2019.04.23 16:54:00";"30.0";"1376.28";"7592.60010";"7757.60010";"-135521.20";"0.00";"IST";"PT";"5d 18h 54m";"-1098.72"
"477";"USTEC_ICM_UTC2";"Buy";"7809.2";"7812.9";"2019.04.23 21:15:00";"2019.04.26 22:55:00";"30.0";"-438.36";"7726.70020";"7891.70020";"-135959.56";"0.00";"IST";"End Of Friday (Time)";"3d 1h 40m";"-549.36"
"478";"USTEC_ICM_UTC2";"Buy";"7844.9";"7762.4";"2019.04.29 21:15:00";"2019.04.30 16:30:00";"30.0";"-2658.12";"7762.39990";"7927.39990";"-138617.69";"0.00";"IST";"SL";"19h 15m";"-183.12"
"479";"USTEC_ICM_UTC2";"Buy";"7782.3";"7699.8";"2019.04.30 17:15:00";"2019.05.02 18:44:00";"30.0";"-2841.24";"7699.79980";"7864.79980";"-141458.92";"0.00";"IST";"SL";"2d 1h 29m";"-366.24"
"480";"USTEC_ICM_UTC2";"Buy";"7687.4";"7769.9";"2019.05.02 19:15:00";"2019.05.03 15:01:00";"30.0";"2291.88";"7604.89990";"7769.89990";"-139167.05";"0.00";"IST";"PT";"19h 46m";"-183.12"
"481";"USTEC_ICM_UTC2";"Buy";"7777.9";"7845.1";"2019.05.03 16:45:00";"2019.05.03 22:55:00";"30.0";"2016.00";"7695.39990";"7860.39990";"-137151.05";"0.00";"IST";"End Of Friday (Time)";"6h 10m";"-0.00"
"482";"USTEC_ICM_UTC2";"Buy";"7730.1";"7647.6";"2019.05.06 16:45:00";"2019.05.07 17:51:00";"30.0";"-2658.12";"7647.60010";"7812.60010";"-139809.17";"0.00";"IST";"SL";"1d 1h 6m";"-183.12"
"483";"USTEC_ICM_UTC2";"Buy";"7664.1";"7581.6";"2019.05.07 18:15:00";"2019.05.07 21:46:00";"30.0";"-2475.00";"7581.60010";"7746.60010";"-142284.17";"0.00";"IST";"SL";"3h 31m";"-0.00"
"484";"USTEC_ICM_UTC2";"Buy";"7625.4";"7542.9";"2019.05.08 16:45:00";"2019.05.09 15:47:00";"30.0";"-2658.12";"7542.89990";"7707.89990";"-144942.28";"0.00";"IST";"SL";"23h 2m";"-183.12"
"485";"USTEC_ICM_UTC2";"Buy";"7538.4";"7620.9";"2019.05.09 16:30:00";"2019.05.10 03:05:00";"30.0";"2291.88";"7455.89990";"7620.89990";"-142650.41";"0.00";"IST";"PT";"10h 35m";"-183.12"
"486";"USTEC_ICM_UTC2";"Buy";"7449.5";"7532.0";"2019.05.10 18:15:00";"2019.05.10 20:18:00";"30.0";"2475.00";"7367.00000";"7532.00000";"-140175.41";"0.00";"IST";"PT";"2h 3m";"-0.00"
"487";"USTEC_ICM_UTC2";"Buy";"7357.1";"7439.6";"2019.05.13 17:30:00";"2019.05.14 19:05:00";"30.0";"2291.88";"7274.60010";"7439.60010";"-137883.53";"0.00";"IST";"PT";"1d 1h 35m";"-183.12"
"488";"USTEC_ICM_UTC2";"Buy";"7378.2";"7460.7";"2019.05.15 16:45:00";"2019.05.15 17:29:00";"30.0";"2475.00";"7295.70020";"7460.70020";"-135408.53";"0.00";"IST";"PT";"44m 0s";"-0.00"
"489";"USTEC_ICM_UTC2";"Buy";"7601.6";"7519.1";"2019.05.16 21:30:00";"2019.05.17 14:51:00";"30.0";"-2658.12";"7519.10010";"7684.10010";"-138066.66";"0.00";"IST";"SL";"17h 21m";"-183.12"
"490";"USTEC_ICM_UTC2";"Buy";"7543.3";"7504.6";"2019.05.17 16:45:00";"2019.05.17 22:55:00";"30.0";"-1161.00";"7460.79980";"7625.79980";"-139227.66";"0.00";"IST";"End Of Friday (Time)";"6h 10m";"-0.00"
"491";"USTEC_ICM_UTC2";"Buy";"7397.2";"7314.7";"2019.05.20 16:30:00";"2019.05.23 12:40:00";"30.0";"-3024.36";"7314.70020";"7479.70020";"-142252.02";"0.00";"IST";"SL";"2d 20h 10m";"-549.36"
"492";"USTEC_ICM_UTC2";"Buy";"7335.2";"7300.3";"2019.05.23 16:30:00";"2019.05.24 22:55:00";"30.0";"-1230.12";"7252.70020";"7417.70020";"-143482.13";"0.00";"IST";"End Of Friday (Time)";"1d 6h 25m";"-183.12"
"493";"USTEC_ICM_UTC2";"Buy";"7306.0";"7223.5";"2019.05.27 16:30:00";"2019.05.29 09:21:00";"30.0";"-2841.24";"7223.50000";"7388.50000";"-146323.38";"0.00";"IST";"SL";"1d 16h 51m";"-366.24"
"494";"USTEC_ICM_UTC2";"Buy";"7226.5";"7144.0";"2019.05.29 16:45:00";"2019.05.31 10:54:00";"30.0";"-2841.24";"7144.00000";"7309.00000";"-149164.61";"0.00";"IST";"SL";"1d 18h 9m";"-366.24"
"495";"USTEC_ICM_UTC2";"Buy";"7157.8";"7134.0";"2019.05.31 16:30:00";"2019.05.31 22:55:00";"30.0";"-714.00";"7075.29980";"7240.29980";"-149878.61";"0.00";"IST";"End Of Friday (Time)";"6h 25m";"-0.00"
"496";"USTEC_ICM_UTC2";"Buy";"7098.8";"7016.3";"2019.06.03 16:45:00";"2019.06.03 19:21:00";"30.0";"-2475.00";"7016.29980";"7181.29980";"-152353.61";"0.00";"IST";"SL";"2h 36m";"-0.00"
"497";"USTEC_ICM_UTC2";"Buy";"7035.5";"7118.0";"2019.06.04 16:45:00";"2019.06.04 18:23:00";"30.0";"2475.00";"6953.00000";"7118.00000";"-149878.61";"0.00";"IST";"PT";"1h 38m";"-0.00"
"498";"USTEC_ICM_UTC2";"Buy";"7209.0";"7291.5";"2019.06.05 21:15:00";"2019.06.06 22:34:00";"30.0";"2291.88";"7126.50000";"7291.50000";"-147586.73";"0.00";"IST";"PT";"1d 1h 19m";"-183.12"
"499";"USTEC_ICM_UTC2";"Buy";"7431.1";"7412.9";"2019.06.07 21:30:00";"2019.06.07 22:55:00";"30.0";"-546.00";"7348.60010";"7513.60010";"-148132.73";"0.00";"IST";"End Of Friday (Time)";"1h 25m";"-0.00"
"500";"USTEC_ICM_UTC2";"Buy";"7509.1";"7591.6";"2019.06.10 21:15:00";"2019.06.11 16:31:00";"30.0";"2291.88";"7426.60010";"7591.60010";"-145840.84";"0.00";"IST";"PT";"19h 16m";"-183.12"
"501";"USTEC_ICM_UTC2";"Buy";"7546.7";"7464.2";"2019.06.11 17:45:00";"2019.06.12 17:30:00";"30.0";"-2658.12";"7464.20020";"7629.20020";"-148498.97";"0.00";"IST";"SL";"23h 45m";"-183.12"
"502";"USTEC_ICM_UTC2";"Buy";"7474.2";"7489.0";"2019.06.12 18:00:00";"2019.06.14 22:55:00";"30.0";"77.76";"7391.70020";"7556.70020";"-148421.20";"0.00";"IST";"End Of Friday (Time)";"2d 4h 55m";"-366.24"
"503";"USTEC_ICM_UTC2";"Buy";"7540.3";"7622.8";"2019.06.17 21:15:00";"2019.06.18 16:39:00";"30.0";"2291.88";"7457.79980";"7622.79980";"-146129.33";"0.00";"IST";"PT";"19h 24m";"-183.12"
"504";"USTEC_ICM_UTC2";"Buy";"7646.5";"7729.0";"2019.06.18 22:15:00";"2019.06.20 06:15:00";"30.0";"2108.76";"7564.00000";"7729.00000";"-144020.56";"0.00";"IST";"PT";"1d 8h 0m";"-366.24"
"505";"USTEC_ICM_UTC2";"Buy";"7715.8";"7731.3";"2019.06.20 21:15:00";"2019.06.21 22:55:00";"30.0";"281.88";"7633.29980";"7798.29980";"-143738.69";"0.00";"IST";"End Of Friday (Time)";"1d 1h 40m";"-183.12"
"506";"USTEC_ICM_UTC2";"Buy";"7739.4";"7656.9";"2019.06.24 16:30:00";"2019.06.25 17:52:00";"30.0";"-2658.12";"7656.89990";"7821.89990";"-146396.81";"0.00";"IST";"SL";"1d 1h 22m";"-183.12"
"507";"USTEC_ICM_UTC2";"Buy";"7661.9";"7649.8";"2019.06.25 18:30:00";"2019.06.28 22:55:00";"30.0";"-912.36";"7579.39990";"7744.39990";"-147309.17";"0.00";"IST";"End Of Friday (Time)";"3d 4h 25m";"-549.36"
"508";"USTEC_ICM_UTC2";"Buy";"7736.8";"7819.3";"2019.07.01 22:00:00";"2019.07.03 10:16:00";"30.0";"2108.76";"7654.29980";"7819.29980";"-145200.41";"0.00";"IST";"PT";"1d 12h 16m";"-366.24"
"509";"USTEC_ICM_UTC2";"Buy";"7802.9";"7834.8";"2019.07.05 16:45:00";"2019.07.05 22:55:00";"30.0";"957.00";"7720.39990";"7885.39990";"-144243.41";"0.00";"IST";"End Of Friday (Time)";"6h 10m";"-0.00"
"510";"USTEC_ICM_UTC2";"Buy";"7792.4";"7874.9";"2019.07.08 16:30:00";"2019.07.10 15:50:00";"30.0";"2108.76";"7709.89990";"7874.89990";"-142134.66";"0.00";"IST";"PT";"1d 23h 20m";"-366.24"
"511";"USTEC_ICM_UTC2";"Buy";"7893.3";"7938.2";"2019.07.10 21:15:00";"2019.07.12 22:55:00";"30.0";"980.76";"7810.79980";"7975.79980";"-141153.89";"0.00";"IST";"End Of Friday (Time)";"2d 1h 40m";"-366.24"
"512";"USTEC_ICM_UTC2";"Buy";"7963.3";"7880.8";"2019.07.15 22:00:00";"2019.07.17 23:03:00";"30.0";"-2841.24";"7880.79980";"8045.79980";"-143995.13";"0.00";"IST";"SL";"2d 1h 3m";"-366.24"
"513";"USTEC_ICM_UTC2";"Buy";"7872.4";"7954.9";"2019.07.18 16:45:00";"2019.07.19 16:28:00";"30.0";"2291.88";"7789.89990";"7954.89990";"-141703.25";"0.00";"IST";"PT";"23h 43m";"-183.12"
"514";"USTEC_ICM_UTC2";"Buy";"7869.8";"7846.7";"2019.07.19 22:00:00";"2019.07.19 22:55:00";"30.0";"-693.00";"7787.29980";"7952.29980";"-142396.25";"0.00";"IST";"End Of Friday (Time)";"55m 0s";"-0.00"
"515";"USTEC_ICM_UTC2";"Buy";"7881.8";"7964.3";"2019.07.22 16:45:00";"2019.07.23 23:09:00";"30.0";"2291.88";"7799.29980";"7964.29980";"-140104.38";"0.00";"IST";"PT";"1d 6h 24m";"-183.12"
"516";"USTEC_ICM_UTC2";"Buy";"7924.0";"8006.5";"2019.07.24 16:30:00";"2019.07.24 22:14:00";"30.0";"2475.00";"7841.50000";"8006.50000";"-137629.38";"0.00";"IST";"PT";"5h 44m";"-0.00"
"517";"USTEC_ICM_UTC2";"Buy";"7946.4";"8022.1";"2019.07.25 17:15:00";"2019.07.26 22:55:00";"30.0";"2087.88";"7863.89990";"8028.89990";"-135541.48";"0.00";"IST";"End Of Friday (Time)";"1d 5h 40m";"-183.12"
"518";"USTEC_ICM_UTC2";"Buy";"7976.0";"7893.5";"2019.07.29 16:45:00";"2019.07.31 21:43:00";"30.0";"-2841.24";"7893.50000";"8058.50000";"-138382.73";"0.00";"IST";"SL";"2d 4h 58m";"-366.24"
"519";"USTEC_ICM_UTC2";"Buy";"7891.6";"7809.1";"2019.07.31 21:45:00";"2019.07.31 21:52:00";"30.0";"-2475.00";"7809.10010";"7974.10010";"-140857.73";"0.00";"IST";"SL";"7m 0s";"-0.00"
"520";"USTEC_ICM_UTC2";"Buy";"7909.1";"7991.6";"2019.08.01 16:45:00";"2019.08.01 18:02:00";"30.0";"2475.00";"7826.60010";"7991.60010";"-138382.73";"0.00";"IST";"PT";"1h 17m";"-0.00"
"521";"USTEC_ICM_UTC2";"Buy";"7690.3";"7679.5";"2019.08.02 17:15:00";"2019.08.02 22:55:00";"30.0";"-324.00";"7607.79980";"7772.79980";"-138706.73";"0.00";"IST";"End Of Friday (Time)";"5h 40m";"-0.00"
"522";"USTEC_ICM_UTC2";"Buy";"7493.6";"7411.1";"2019.08.05 17:15:00";"2019.08.05 19:59:00";"30.0";"-2475.00";"7411.10010";"7576.10010";"-141181.73";"0.00";"IST";"SL";"2h 44m";"-0.00"
"523";"USTEC_ICM_UTC2";"Buy";"7479.6";"7397.1";"2019.08.06 17:15:00";"2019.08.07 16:45:00";"30.0";"-2658.12";"7397.10010";"7562.10010";"-143839.84";"0.00";"IST";"SL";"23h 30m";"-183.12"
"524";"USTEC_ICM_UTC2";"Buy";"7461.9";"7544.4";"2019.08.07 17:15:00";"2019.08.07 21:44:00";"30.0";"2475.00";"7379.39990";"7544.39990";"-141364.84";"0.00";"IST";"PT";"4h 29m";"-0.00"
"525";"USTEC_ICM_UTC2";"Buy";"7686.8";"7604.3";"2019.08.09 16:45:00";"2019.08.09 18:29:00";"30.0";"-2475.00";"7604.29980";"7769.29980";"-143839.84";"0.00";"IST";"SL";"1h 44m";"-0.00"
"526";"USTEC_ICM_UTC2";"Buy";"7584.4";"7666.9";"2019.08.12 16:45:00";"2019.08.13 16:46:00";"30.0";"2291.88";"7501.89990";"7666.89990";"-141547.97";"0.00";"IST";"PT";"1d 0h 1m";"-183.12"
"527";"USTEC_ICM_UTC2";"Buy";"7748.5";"7666.0";"2019.08.13 21:30:00";"2019.08.14 13:08:00";"30.0";"-2658.12";"7666.00000";"7831.00000";"-144206.09";"0.00";"IST";"SL";"15h 38m";"-183.12"
"528";"USTEC_ICM_UTC2";"Buy";"7599.0";"7516.5";"2019.08.14 16:45:00";"2019.08.14 18:46:00";"30.0";"-2475.00";"7516.50000";"7681.50000";"-146681.09";"0.00";"IST";"SL";"2h 1m";"-0.00"
"529";"USTEC_ICM_UTC2";"Buy";"7506.2";"7588.7";"2019.08.15 17:15:00";"2019.08.16 12:07:00";"30.0";"2291.88";"7423.70020";"7588.70020";"-144389.20";"0.00";"IST";"PT";"18h 52m";"-183.12"
"530";"USTEC_ICM_UTC2";"Buy";"7598.1";"7609.9";"2019.08.16 21:45:00";"2019.08.16 22:55:00";"30.0";"354.00";"7515.60010";"7680.60010";"-144035.20";"0.00";"IST";"End Of Friday (Time)";"1h 10m";"-0.00"
"531";"USTEC_ICM_UTC2";"Buy";"7724.5";"7642.0";"2019.08.19 22:00:00";"2019.08.23 15:25:00";"30.0";"-3207.48";"7642.00000";"7807.00000";"-147242.69";"0.00";"IST";"SL";"3d 17h 25m";"-732.48"
"532";"USTEC_ICM_UTC2";"Buy";"7660.2";"7577.7";"2019.08.23 16:45:00";"2019.08.23 18:09:00";"30.0";"-2475.00";"7577.70020";"7742.70020";"-149717.69";"0.00";"IST";"SL";"1h 24m";"-0.00"
"533";"USTEC_ICM_UTC2";"Buy";"7532.8";"7615.3";"2019.08.26 16:45:00";"2019.08.27 15:26:00";"30.0";"2291.88";"7450.29980";"7615.29980";"-147425.81";"0.00";"IST";"PT";"22h 41m";"-183.12"
"534";"USTEC_ICM_UTC2";"Buy";"7550.3";"7632.8";"2019.08.27 19:45:00";"2019.08.29 10:13:00";"30.0";"2108.76";"7467.79980";"7632.79980";"-145317.05";"0.00";"IST";"PT";"1d 14h 28m";"-366.24"
"535";"USTEC_ICM_UTC2";"Buy";"7694.4";"7675.8";"2019.08.29 22:30:00";"2019.08.30 22:55:00";"30.0";"-741.12";"7611.89990";"7776.89990";"-146058.17";"0.00";"IST";"End Of Friday (Time)";"1d 0h 25m";"-183.12"
"536";"USTEC_ICM_UTC2";"Buy";"7640.7";"7723.2";"2019.09.02 16:45:00";"2019.09.04 10:42:00";"30.0";"2108.76";"7558.20020";"7723.20020";"-143949.41";"0.00";"IST";"PT";"1d 17h 57m";"-366.24"
"537";"USTEC_ICM_UTC2";"Buy";"7708.4";"7790.9";"2019.09.04 21:45:00";"2019.09.05 04:37:00";"30.0";"2291.88";"7625.89990";"7790.89990";"-141657.53";"0.00";"IST";"PT";"6h 52m";"-183.12"
"538";"USTEC_ICM_UTC2";"Buy";"7853.4";"7852.9";"2019.09.05 21:15:00";"2019.09.06 22:55:00";"30.0";"-198.12";"7770.89990";"7935.89990";"-141855.66";"0.00";"IST";"End Of Friday (Time)";"1d 1h 40m";"-183.12"
"539";"USTEC_ICM_UTC2";"Buy";"7867.8";"7785.3";"2019.09.09 16:45:00";"2019.09.10 11:10:00";"30.0";"-2658.12";"7785.29980";"7950.29980";"-144513.77";"0.00";"IST";"SL";"18h 25m";"-183.12"
"540";"USTEC_ICM_UTC2";"Buy";"7755.5";"7838.0";"2019.09.10 16:45:00";"2019.09.11 07:05:00";"30.0";"2291.88";"7673.00000";"7838.00000";"-142221.89";"0.00";"IST";"PT";"14h 20m";"-183.12"
"541";"USTEC_ICM_UTC2";"Buy";"7865.2";"7947.7";"2019.09.11 22:00:00";"2019.09.12 02:26:00";"30.0";"2291.88";"7782.70020";"7947.70020";"-139930.02";"0.00";"IST";"PT";"4h 26m";"-183.12"
"542";"USTEC_ICM_UTC2";"Buy";"7953.2";"7895.0";"2019.09.12 21:45:00";"2019.09.13 22:55:00";"30.0";"-1929.12";"7870.70020";"8035.70020";"-141859.13";"0.00";"IST";"End Of Friday (Time)";"1d 1h 10m";"-183.12"
"543";"USTEC_ICM_UTC2";"Buy";"7837.0";"7919.5";"2019.09.16 16:30:00";"2019.09.19 16:32:00";"30.0";"1925.64";"7754.50000";"7919.50000";"-139933.48";"0.00";"IST";"PT";"3d 0h 2m";"-549.36"
"544";"USTEC_ICM_UTC2";"Buy";"7906.9";"7824.4";"2019.09.19 22:15:00";"2019.09.20 20:13:00";"30.0";"-2658.12";"7824.39990";"7989.39990";"-142591.61";"0.00";"IST";"SL";"21h 58m";"-183.12"
"545";"USTEC_ICM_UTC2";"Buy";"7813.3";"7829.9";"2019.09.20 20:15:00";"2019.09.20 22:55:00";"30.0";"498.00";"7730.79980";"7895.79980";"-142093.61";"0.00";"IST";"End Of Friday (Time)";"2h 40m";"-0.00"
"546";"USTEC_ICM_UTC2";"Buy";"7815.1";"7732.6";"2019.09.23 16:45:00";"2019.09.24 19:23:00";"30.0";"-2658.12";"7732.60010";"7897.60010";"-144751.73";"0.00";"IST";"SL";"1d 2h 38m";"-183.12"
"547";"USTEC_ICM_UTC2";"Buy";"7701.6";"7784.1";"2019.09.24 20:15:00";"2019.09.25 21:40:00";"30.0";"2291.88";"7619.10010";"7784.10010";"-142459.84";"0.00";"IST";"PT";"1d 1h 25m";"-183.12"
"548";"USTEC_ICM_UTC2";"Buy";"7735.9";"7653.4";"2019.09.26 18:45:00";"2019.09.27 21:28:00";"30.0";"-2658.12";"7653.39990";"7818.39990";"-145117.97";"0.00";"IST";"SL";"1d 2h 43m";"-183.12"
"549";"USTEC_ICM_UTC2";"Buy";"7638.7";"7677.7";"2019.09.27 22:15:00";"2019.09.27 22:55:00";"30.0";"1170.00";"7556.20020";"7721.20020";"-143947.97";"0.00";"IST";"End Of Friday (Time)";"40m 0s";"-0.00"
"550";"USTEC_ICM_UTC2";"Buy";"7719.7";"7802.2";"2019.09.30 17:30:00";"2019.10.01 09:17:00";"30.0";"2291.88";"7637.20020";"7802.20020";"-141656.09";"0.00";"IST";"PT";"15h 47m";"-183.12"
"551";"USTEC_ICM_UTC2";"Buy";"7740.4";"7657.9";"2019.10.01 18:30:00";"2019.10.02 10:12:00";"30.0";"-2658.12";"7657.89990";"7822.89990";"-144314.22";"0.00";"IST";"SL";"15h 42m";"-183.12"
"552";"USTEC_ICM_UTC2";"Buy";"7635.2";"7552.7";"2019.10.02 16:30:00";"2019.10.02 17:41:00";"30.0";"-2475.00";"7552.70020";"7717.70020";"-146789.22";"0.00";"IST";"SL";"1h 11m";"-0.00"
"553";"USTEC_ICM_UTC2";"Buy";"7550.9";"7468.4";"2019.10.03 16:45:00";"2019.10.03 17:07:00";"30.0";"-2475.00";"7468.39990";"7633.39990";"-149264.22";"0.00";"IST";"SL";"22m 0s";"-0.00"
"554";"USTEC_ICM_UTC2";"Buy";"7735.1";"7754.1";"2019.10.04 21:30:00";"2019.10.04 22:55:00";"30.0";"570.00";"7652.60010";"7817.60010";"-148694.22";"0.00";"IST";"End Of Friday (Time)";"1h 25m";"-0.00"
"555";"USTEC_ICM_UTC2";"Buy";"7723.5";"7641.0";"2019.10.07 16:30:00";"2019.10.08 16:50:00";"30.0";"-2658.12";"7641.00000";"7806.00000";"-151352.33";"0.00";"IST";"SL";"1d 0h 20m";"-183.12"
"556";"USTEC_ICM_UTC2";"Buy";"7632.5";"7715.0";"2019.10.08 17:30:00";"2019.10.09 21:54:00";"30.0";"2291.88";"7550.00000";"7715.00000";"-149060.45";"0.00";"IST";"PT";"1d 4h 24m";"-183.12"
"557";"USTEC_ICM_UTC2";"Buy";"7684.8";"7767.3";"2019.10.10 16:30:00";"2019.10.10 18:05:00";"30.0";"2475.00";"7602.29980";"7767.29980";"-146585.45";"0.00";"IST";"PT";"1h 35m";"-0.00"
"558";"USTEC_ICM_UTC2";"Buy";"7891.8";"7853.3";"2019.10.11 21:30:00";"2019.10.11 22:55:00";"30.0";"-1155.00";"7809.29980";"7974.29980";"-147740.45";"0.00";"IST";"End Of Friday (Time)";"1h 25m";"-0.00"
"559";"USTEC_ICM_UTC2";"Buy";"7850.1";"7932.6";"2019.10.14 17:15:00";"2019.10.15 17:40:00";"30.0";"2291.88";"7767.60010";"7932.60010";"-145448.58";"0.00";"IST";"PT";"1d 0h 25m";"-183.12"
"560";"USTEC_ICM_UTC2";"Buy";"7924.9";"7842.4";"2019.10.16 17:30:00";"2019.10.18 19:19:00";"30.0";"-2841.24";"7842.39990";"8007.39990";"-148289.81";"0.00";"IST";"SL";"2d 1h 49m";"-366.24"
"561";"USTEC_ICM_UTC2";"Buy";"7835.7";"7886.0";"2019.10.18 19:30:00";"2019.10.18 22:55:00";"30.0";"1509.00";"7753.20020";"7918.20020";"-146780.81";"0.00";"IST";"End Of Friday (Time)";"3h 25m";"-0.00"
"562";"USTEC_ICM_UTC2";"Buy";"7905.5";"7823.0";"2019.10.21 16:30:00";"2019.10.23 03:01:00";"30.0";"-2841.24";"7823.00000";"7988.00000";"-149622.05";"0.00";"IST";"SL";"1d 10h 31m";"-366.24"
"563";"USTEC_ICM_UTC2";"Buy";"7853.9";"7936.4";"2019.10.23 16:30:00";"2019.10.24 14:22:00";"30.0";"2291.88";"7771.39990";"7936.39990";"-147330.17";"0.00";"IST";"PT";"21h 52m";"-183.12"
"564";"USTEC_ICM_UTC2";"Buy";"7950.5";"8033.0";"2019.10.24 21:15:00";"2019.10.25 18:48:00";"30.0";"2291.88";"7868.00000";"8033.00000";"-145038.30";"0.00";"IST";"PT";"21h 33m";"-183.12"
"565";"USTEC_ICM_UTC2";"Buy";"8018.0";"8022.3";"2019.10.25 22:00:00";"2019.10.25 22:55:00";"30.0";"129.00";"7935.50000";"8100.50000";"-144909.30";"0.00";"IST";"End Of Friday (Time)";"55m 0s";"-0.00"
"566";"USTEC_ICM_UTC2";"Buy";"8088.8";"8171.3";"2019.10.29 16:45:00";"2019.11.04 01:02:00";"30.0";"1376.28";"8006.29980";"8171.29980";"-143533.02";"0.00";"IST";"PT";"5d 8h 17m";"-1098.72"
"567";"USTEC_ICM_UTC2";"Buy";"8219.6";"8248.4";"2019.11.04 21:30:00";"2019.11.08 22:55:00";"30.0";"131.55";"8137.10010";"8302.09961";"-143401.47";"0.00";"IST";"End Of Friday (Time)";"4d 1h 25m";"-732.48"
"568";"USTEC_ICM_UTC2";"Buy";"8222.4";"8304.9";"2019.11.11 17:00:00";"2019.11.15 16:28:00";"30.0";"1742.52";"8139.89990";"8304.90039";"-141658.94";"0.00";"IST";"PT";"3d 23h 28m";"-732.48"
"569";"USTEC_ICM_UTC2";"Buy";"8301.2";"8307.9";"2019.11.15 22:15:00";"2019.11.15 22:55:00";"30.0";"201.00";"8218.70020";"8383.70020";"-141457.94";"0.00";"IST";"End Of Friday (Time)";"40m 0s";"-0.00"
"570";"USTEC_ICM_UTC2";"Buy";"8291.6";"8264.7";"2019.11.18 17:15:00";"2019.11.22 22:55:00";"30.0";"-1539.45";"8209.09961";"8374.09961";"-142997.39";"0.00";"IST";"End Of Friday (Time)";"4d 5h 40m";"-732.48"
"571";"USTEC_ICM_UTC2";"Buy";"8359.7";"8442.2";"2019.11.25 21:30:00";"2019.11.27 22:48:00";"30.0";"2108.76";"8277.20020";"8442.20020";"-140888.63";"0.00";"IST";"PT";"2d 1h 18m";"-366.24"
"572";"USTEC_ICM_UTC2";"Buy";"8436.9";"8354.4";"2019.11.28 16:30:00";"2019.12.02 16:40:00";"30.0";"-3207.48";"8354.40039";"8519.40039";"-144096.11";"0.00";"IST";"SL";"4d 0h 10m";"-732.48"
"573";"USTEC_ICM_UTC2";"Buy";"8282.3";"8199.8";"2019.12.02 18:00:00";"2019.12.03 16:24:00";"30.0";"-2658.12";"8199.79980";"8364.79980";"-146754.23";"0.00";"IST";"SL";"22h 24m";"-183.12"
"574";"USTEC_ICM_UTC2";"Buy";"8207.6";"8290.1";"2019.12.03 16:30:00";"2019.12.04 11:08:00";"30.0";"2291.88";"8125.10010";"8290.09961";"-144462.36";"0.00";"IST";"PT";"18h 38m";"-183.12"
"575";"USTEC_ICM_UTC2";"Buy";"8284.5";"8367.0";"2019.12.05 17:45:00";"2019.12.06 15:41:00";"30.0";"2291.88";"8202.00000";"8367.00000";"-142170.47";"0.00";"IST";"PT";"21h 56m";"-183.12"
"576";"USTEC_ICM_UTC2";"Buy";"8401.6";"8396.3";"2019.12.06 21:30:00";"2019.12.06 22:55:00";"30.0";"-159.00";"8319.09961";"8484.09961";"-142329.47";"0.00";"IST";"End Of Friday (Time)";"1h 25m";"-0.00"
"577";"USTEC_ICM_UTC2";"Buy";"8391.3";"8308.8";"2019.12.09 18:45:00";"2019.12.10 13:27:00";"30.0";"-2658.12";"8308.79980";"8473.79980";"-144987.59";"0.00";"IST";"SL";"18h 42m";"-183.12"
"578";"USTEC_ICM_UTC2";"Buy";"8375.7";"8458.2";"2019.12.10 17:15:00";"2019.12.12 16:39:00";"30.0";"2108.76";"8293.20020";"8458.20020";"-142878.83";"0.00";"IST";"PT";"1d 23h 24m";"-366.24"
"579";"USTEC_ICM_UTC2";"Buy";"8445.2";"8486.2";"2019.12.12 16:45:00";"2019.12.13 22:55:00";"30.0";"1046.88";"8362.70020";"8527.70020";"-141831.95";"0.00";"IST";"End Of Friday (Time)";"1d 6h 10m";"-183.12"
"580";"USTEC_ICM_UTC2";"Buy";"8577.9";"8660.4";"2019.12.16 22:00:00";"2019.12.20 15:38:00";"30.0";"1742.52";"8495.40039";"8660.40039";"-140089.44";"0.00";"IST";"PT";"3d 17h 38m";"-732.48"
"581";"USTEC_ICM_UTC2";"Buy";"8683.4";"8679.3";"2019.12.20 21:45:00";"2019.12.20 22:55:00";"30.0";"-123.03";"8600.90039";"8765.90039";"-140212.47";"0.00";"IST";"End Of Friday (Time)";"1h 10m";"-0.00"
"582";"USTEC_ICM_UTC2";"Buy";"8704.4";"8786.9";"2019.12.23 21:15:00";"2019.12.27 02:31:00";"30.0";"1742.52";"8621.90039";"8786.90039";"-138469.94";"0.00";"IST";"PT";"3d 5h 16m";"-732.48"
"583";"USTEC_ICM_UTC2";"Buy";"8703.0";"8785.5";"2019.12.30 16:45:00";"2020.01.02 11:03:00";"30.0";"1925.64";"8620.50000";"8785.50000";"-136544.30";"0.00";"IST";"PT";"2d 18h 18m";"-549.36"
"584";"USTEC_ICM_UTC2";"Buy";"8820.4";"8802.9";"2020.01.03 16:45:00";"2020.01.03 22:55:00";"30.0";"-525.00";"8737.90039";"8902.90039";"-137069.30";"0.00";"IST";"End Of Friday (Time)";"6h 10m";"-0.00"
"585";"USTEC_ICM_UTC2";"Buy";"8759.0";"8841.5";"2020.01.06 16:45:00";"2020.01.06 22:50:00";"30.0";"2475.00";"8676.50000";"8841.50000";"-134594.30";"0.00";"IST";"PT";"6h 5m";"-0.00"
"586";"USTEC_ICM_UTC2";"Buy";"8851.9";"8769.4";"2020.01.07 21:15:00";"2020.01.08 01:22:00";"30.0";"-2658.12";"8769.40039";"8934.40039";"-137252.42";"0.00";"IST";"SL";"4h 7m";"-183.12"
"587";"USTEC_ICM_UTC2";"Buy";"8869.4";"8951.9";"2020.01.08 16:45:00";"2020.01.08 22:26:00";"30.0";"2475.00";"8786.90039";"8951.90039";"-134777.42";"0.00";"IST";"PT";"5h 41m";"-0.00"
"588";"USTEC_ICM_UTC2";"Buy";"8986.2";"8966.9";"2020.01.09 21:45:00";"2020.01.10 22:55:00";"30.0";"-762.12";"8903.70020";"9068.70020";"-135539.55";"0.00";"IST";"End Of Friday (Time)";"1d 1h 10m";"-183.12"
"589";"USTEC_ICM_UTC2";"Buy";"9001.0";"9083.5";"2020.01.13 16:30:00";"2020.01.14 01:49:00";"30.0";"2291.88";"8918.50000";"9083.50000";"-133247.66";"0.00";"IST";"PT";"9h 19m";"-183.12"
"590";"USTEC_ICM_UTC2";"Buy";"9054.2";"9136.7";"2020.01.14 17:15:00";"2020.01.17 01:18:00";"30.0";"1925.64";"8971.70020";"9136.70020";"-131322.02";"0.00";"IST";"PT";"2d 8h 3m";"-549.36"
"591";"USTEC_ICM_UTC2";"Buy";"9142.7";"9171.5";"2020.01.17 22:15:00";"2020.01.17 22:55:00";"30.0";"864.00";"9060.20020";"9225.20020";"-130458.02";"0.00";"IST";"End Of Friday (Time)";"40m 0s";"-0.00"
"592";"USTEC_ICM_UTC2";"Buy";"9158.9";"9241.4";"2020.01.20 16:45:00";"2020.01.22 17:43:00";"30.0";"2108.76";"9076.40039";"9241.40039";"-128349.27";"0.00";"IST";"PT";"2d 0h 58m";"-366.24"
"593";"USTEC_ICM_UTC2";"Buy";"9217.6";"9135.1";"2020.01.22 22:00:00";"2020.01.24 20:49:00";"30.0";"-2841.24";"9135.09961";"9300.09961";"-131190.50";"0.00";"IST";"SL";"1d 22h 49m";"-366.24"
"594";"USTEC_ICM_UTC2";"Buy";"9142.1";"9146.0";"2020.01.24 21:00:00";"2020.01.24 22:55:00";"30.0";"117.00";"9059.59961";"9224.59961";"-131073.50";"0.00";"IST";"End Of Friday (Time)";"1h 55m";"-0.00"
"595";"USTEC_ICM_UTC2";"Buy";"8967.3";"9049.8";"2020.01.27 16:45:00";"2020.01.28 17:34:00";"30.0";"2291.88";"8884.79980";"9049.79980";"-128781.63";"0.00";"IST";"PT";"1d 0h 49m";"-183.12"
"596";"USTEC_ICM_UTC2";"Buy";"9101.8";"9019.3";"2020.01.29 17:45:00";"2020.01.30 09:04:00";"30.0";"-2658.12";"9019.29980";"9184.29980";"-131439.75";"0.00";"IST";"SL";"15h 19m";"-183.12"
"597";"USTEC_ICM_UTC2";"Buy";"9098.9";"9181.4";"2020.01.30 16:45:00";"2020.01.30 23:01:00";"30.0";"2475.00";"9016.40039";"9181.40039";"-128964.74";"0.00";"IST";"PT";"6h 16m";"-0.00"
"598";"USTEC_ICM_UTC2";"Buy";"9039.5";"8998.3";"2020.01.31 18:15:00";"2020.01.31 22:55:00";"30.0";"-1236.00";"8957.00000";"9122.00000";"-130200.74";"0.00";"IST";"End Of Friday (Time)";"4h 40m";"-0.00"
"599";"USTEC_ICM_UTC2";"Buy";"9084.9";"9167.4";"2020.02.03 16:45:00";"2020.02.04 05:36:00";"30.0";"2291.88";"9002.40039";"9167.40039";"-127908.86";"0.00";"IST";"PT";"12h 51m";"-183.12"
"600";"USTEC_ICM_UTC2";"Buy";"9351.8";"9434.3";"2020.02.05 21:30:00";"2020.02.06 06:53:00";"30.0";"2291.88";"9269.29980";"9434.29980";"-125616.98";"0.00";"IST";"PT";"9h 23m";"-183.12"
"601";"USTEC_ICM_UTC2";"Buy";"9387.6";"9394.0";"2020.02.06 16:30:00";"2020.02.07 22:55:00";"30.0";"8.88";"9305.09961";"9470.09961";"-125608.10";"0.00";"IST";"End Of Friday (Time)";"1d 6h 25m";"-183.12"
"602";"USTEC_ICM_UTC2";"Buy";"9427.6";"9510.1";"2020.02.10 16:45:00";"2020.02.10 22:56:00";"30.0";"2475.00";"9345.09961";"9510.09961";"-123133.10";"0.00";"IST";"PT";"6h 11m";"-0.00"
"603";"USTEC_ICM_UTC2";"Buy";"9541.1";"9623.6";"2020.02.11 21:45:00";"2020.02.13 20:42:00";"30.0";"2108.76";"9458.59961";"9623.59961";"-121024.34";"0.00";"IST";"PT";"1d 22h 57m";"-366.24"
"604";"USTEC_ICM_UTC2";"Buy";"9593.0";"9618.1";"2020.02.13 22:45:00";"2020.02.14 22:55:00";"30.0";"569.88";"9510.50000";"9675.50000";"-120454.46";"0.00";"IST";"End Of Friday (Time)";"1d 0h 10m";"-183.12"
"605";"USTEC_ICM_UTC2";"Buy";"9594.8";"9677.3";"2020.02.18 16:45:00";"2020.02.19 16:05:00";"30.0";"2291.88";"9512.29980";"9677.29980";"-118162.59";"0.00";"IST";"PT";"23h 20m";"-183.12"
"606";"USTEC_ICM_UTC2";"Buy";"9738.5";"9656.0";"2020.02.19 21:45:00";"2020.02.20 18:14:00";"30.0";"-2658.12";"9656.00000";"9821.00000";"-120820.70";"0.00";"IST";"SL";"20h 29m";"-183.12"
"607";"USTEC_ICM_UTC2";"Buy";"9573.3";"9490.8";"2020.02.20 19:00:00";"2020.02.21 16:49:00";"30.0";"-2658.12";"9490.79980";"9655.79980";"-123478.82";"0.00";"IST";"SL";"21h 49m";"-183.12"
"608";"USTEC_ICM_UTC2";"Buy";"9513.4";"9430.9";"2020.02.21 17:30:00";"2020.02.21 20:48:00";"30.0";"-2475.00";"9430.90039";"9595.90039";"-125953.82";"0.00";"IST";"SL";"3h 18m";"-0.00"
"609";"USTEC_ICM_UTC2";"Buy";"9170.7";"9088.2";"2020.02.24 16:45:00";"2020.02.24 18:46:00";"30.0";"-2475.00";"9088.20020";"9253.20020";"-128428.82";"0.00";"IST";"SL";"2h 1m";"-0.00"
"610";"USTEC_ICM_UTC2";"Buy";"9151.6";"9069.1";"2020.02.25 16:30:00";"2020.02.25 17:24:00";"30.0";"-2475.00";"9069.09961";"9234.09961";"-130903.82";"0.00";"IST";"SL";"54m 0s";"-0.00"
"611";"USTEC_ICM_UTC2";"Buy";"8884.0";"8966.5";"2020.02.26 16:30:00";"2020.02.26 16:40:00";"30.0";"2475.00";"8801.50000";"8966.50000";"-128428.82";"0.00";"IST";"PT";"10m 0s";"-0.00"
"612";"USTEC_ICM_UTC2";"Buy";"8661.7";"8579.2";"2020.02.27 16:45:00";"2020.02.27 17:26:00";"30.0";"-2475.00";"8579.20020";"8744.20020";"-130903.82";"0.00";"IST";"SL";"41m 0s";"-0.00"
"613";"USTEC_ICM_UTC2";"Buy";"8232.0";"8149.5";"2020.02.28 16:45:00";"2020.02.28 17:02:00";"30.0";"-2475.00";"8149.50000";"8314.50000";"-133378.83";"0.00";"IST";"SL";"17m 0s";"-0.00"
"614";"USTEC_ICM_UTC2";"Buy";"8667.3";"8749.8";"2020.03.02 22:15:00";"2020.03.02 22:41:00";"30.0";"2475.00";"8584.79980";"8749.79980";"-130903.82";"0.00";"IST";"PT";"26m 0s";"-0.00"
"615";"USTEC_ICM_UTC2";"Buy";"8593.3";"8675.8";"2020.03.03 21:30:00";"2020.03.03 22:12:00";"30.0";"2475.00";"8510.79980";"8675.79980";"-128428.82";"0.00";"IST";"PT";"42m 0s";"-0.00"
"616";"USTEC_ICM_UTC2";"Buy";"8722.2";"8804.7";"2020.03.04 16:45:00";"2020.03.04 19:59:00";"30.0";"2475.00";"8639.70020";"8804.70020";"-125953.82";"0.00";"IST";"PT";"3h 14m";"-0.00"
"617";"USTEC_ICM_UTC2";"Buy";"8715.8";"8798.3";"2020.03.05 16:30:00";"2020.03.05 17:22:00";"30.0";"2475.00";"8633.29980";"8798.29980";"-123478.82";"0.00";"IST";"PT";"52m 0s";"-0.00"
"618";"USTEC_ICM_UTC2";"Buy";"8436.7";"8519.2";"2020.03.06 16:45:00";"2020.03.06 17:30:00";"30.0";"2475.00";"8354.20020";"8519.20020";"-121003.82";"0.00";"IST";"PT";"45m 0s";"-0.00"
"619";"USTEC_ICM_UTC2";"Buy";"8097.0";"8179.5";"2020.03.09 17:15:00";"2020.03.09 17:37:00";"30.0";"2475.00";"8014.50000";"8179.50000";"-118528.82";"0.00";"IST";"PT";"22m 0s";"-0.00"
"620";"USTEC_ICM_UTC2";"Buy";"8009.6";"8092.1";"2020.03.10 18:00:00";"2020.03.10 18:11:00";"30.0";"2475.00";"7927.10010";"8092.10010";"-116053.82";"0.00";"IST";"PT";"11m 0s";"-0.00"
"621";"USTEC_ICM_UTC2";"Buy";"8152.3";"8069.8";"2020.03.11 18:15:00";"2020.03.11 18:41:00";"30.0";"-2475.00";"8069.79980";"8234.79980";"-118528.82";"0.00";"IST";"SL";"26m 0s";"-0.00"
"622";"USTEC_ICM_UTC2";"Buy";"7587.0";"7504.5";"2020.03.12 17:00:00";"2020.03.12 17:11:00";"30.0";"-2475.00";"7504.50000";"7669.50000";"-121003.82";"0.00";"IST";"SL";"11m 0s";"-0.00"
"623";"USTEC_ICM_UTC2";"Buy";"7587.7";"7505.2";"2020.03.13 16:30:00";"2020.03.13 16:55:00";"30.0";"-2475.00";"7505.20020";"7670.20020";"-123478.82";"0.00";"IST";"SL";"25m 0s";"-0.00"
"624";"USTEC_ICM_UTC2";"Buy";"7465.9";"7383.4";"2020.03.16 18:15:00";"2020.03.16 18:51:00";"30.0";"-2475.00";"7383.39990";"7548.39990";"-125953.82";"0.00";"IST";"SL";"36m 0s";"-0.00"
"625";"USTEC_ICM_UTC2";"Buy";"7157.3";"7239.8";"2020.03.17 16:30:00";"2020.03.17 16:48:00";"30.0";"2475.00";"7074.79980";"7239.79980";"-123478.82";"0.00";"IST";"PT";"18m 0s";"-0.00"
"626";"USTEC_ICM_UTC2";"Buy";"7200.3";"7117.8";"2020.03.18 18:00:00";"2020.03.18 18:15:00";"30.0";"-2475.00";"7117.79980";"7282.79980";"-125953.82";"0.00";"IST";"SL";"15m 0s";"-0.00"
"627";"USTEC_ICM_UTC2";"Buy";"7325.2";"7407.7";"2020.03.19 17:15:00";"2020.03.19 17:26:00";"30.0";"2475.00";"7242.70020";"7407.70020";"-123478.82";"0.00";"IST";"PT";"11m 0s";"-0.00"
"628";"USTEC_ICM_UTC2";"Buy";"7233.3";"7315.8";"2020.03.20 18:45:00";"2020.03.20 19:02:00";"30.0";"2475.00";"7150.79980";"7315.79980";"-121003.82";"0.00";"IST";"PT";"17m 0s";"-0.00"
"629";"USTEC_ICM_UTC2";"Buy";"6853.2";"6935.7";"2020.03.23 18:15:00";"2020.03.23 18:18:00";"30.0";"2475.00";"6770.70020";"6935.70020";"-118528.82";"0.00";"IST";"PT";"3m 0s";"-0.00"
"630";"USTEC_ICM_UTC2";"Buy";"7519.8";"7602.3";"2020.03.24 21:45:00";"2020.03.25 00:28:00";"30.0";"2291.88";"7437.29980";"7602.29980";"-116236.95";"0.00";"IST";"PT";"2h 43m";"-183.12"
"631";"USTEC_ICM_UTC2";"Buy";"7488.6";"7571.1";"2020.03.25 16:45:00";"2020.03.25 18:04:00";"30.0";"2475.00";"7406.10010";"7571.10010";"-113761.95";"0.00";"IST";"PT";"1h 19m";"-0.00"
"632";"USTEC_ICM_UTC2";"Buy";"7735.6";"7818.1";"2020.03.26 17:30:00";"2020.03.26 21:50:00";"30.0";"2475.00";"7653.10010";"7818.10010";"-111286.95";"0.00";"IST";"PT";"4h 20m";"-0.00"
"633";"USTEC_ICM_UTC2";"Buy";"7629.7";"7712.2";"2020.03.27 17:00:00";"2020.03.27 17:17:00";"30.0";"2475.00";"7547.20020";"7712.20020";"-108811.95";"0.00";"IST";"PT";"17m 0s";"-0.00"
"634";"USTEC_ICM_UTC2";"Buy";"7678.7";"7761.2";"2020.03.30 16:45:00";"2020.03.30 17:15:00";"30.0";"2475.00";"7596.20020";"7761.20020";"-106336.95";"0.00";"IST";"PT";"30m 0s";"-0.00"
"635";"USTEC_ICM_UTC2";"Buy";"7888.7";"7806.2";"2020.03.31 21:45:00";"2020.03.31 22:19:00";"30.0";"-2475.00";"7806.20020";"7971.20020";"-108811.95";"0.00";"IST";"SL";"34m 0s";"-0.00"
"636";"USTEC_ICM_UTC2";"Buy";"7617.5";"7700.0";"2020.04.01 16:45:00";"2020.04.01 18:11:00";"30.0";"2475.00";"7535.00000";"7700.00000";"-106336.95";"0.00";"IST";"PT";"1h 26m";"-0.00"
"637";"USTEC_ICM_UTC2";"Buy";"7457.7";"7540.2";"2020.04.02 16:45:00";"2020.04.02 17:12:00";"30.0";"2475.00";"7375.20020";"7540.20020";"-103861.95";"0.00";"IST";"PT";"27m 0s";"-0.00"
"638";"USTEC_ICM_UTC2";"Buy";"7659.6";"7577.1";"2020.04.03 16:45:00";"2020.04.03 17:28:00";"30.0";"-2475.00";"7577.10010";"7742.10010";"-106336.95";"0.00";"IST";"SL";"43m 0s";"-0.00"
"639";"USTEC_ICM_UTC2";"Buy";"7948.9";"8031.4";"2020.04.06 21:45:00";"2020.04.06 22:50:00";"30.0";"2475.00";"7866.39990";"8031.39990";"-103861.95";"0.00";"IST";"PT";"1h 5m";"-0.00"
"640";"USTEC_ICM_UTC2";"Buy";"8139.2";"8056.7";"2020.04.07 22:15:00";"2020.04.07 22:32:00";"30.0";"-2475.00";"8056.70020";"8221.70020";"-106336.95";"0.00";"IST";"SL";"17m 0s";"-0.00"
"641";"USTEC_ICM_UTC2";"Buy";"8139.8";"8057.3";"2020.04.08 16:45:00";"2020.04.08 17:08:00";"30.0";"-2475.00";"8057.29980";"8222.29980";"-108811.95";"0.00";"IST";"SL";"23m 0s";"-0.00"
"642";"USTEC_ICM_UTC2";"Buy";"8230.6";"8148.1";"2020.04.09 21:45:00";"2020.04.13 02:19:00";"30.0";"-3207.48";"8148.10010";"8313.09961";"-112019.42";"0.00";"IST";"SL";"3d 4h 34m";"-732.48"
"643";"USTEC_ICM_UTC2";"Buy";"8202.1";"8284.6";"2020.04.13 16:30:00";"2020.04.13 22:19:00";"30.0";"2475.00";"8119.60010";"8284.59961";"-109544.42";"0.00";"IST";"PT";"5h 49m";"-0.00"
"644";"USTEC_ICM_UTC2";"Buy";"8543.1";"8625.6";"2020.04.15 17:15:00";"2020.04.15 21:18:00";"30.0";"2475.00";"8460.59961";"8625.59961";"-107069.42";"0.00";"IST";"PT";"4h 3m";"-0.00"
"645";"USTEC_ICM_UTC2";"Buy";"8697.2";"8930.2";"2020.04.16 21:30:00";"2020.04.17 01:00:00";"30.0";"6806.88";"8614.70020";"8779.70020";"-100262.55";"0.00";"IST";"PT";"3h 30m";"-183.12"
"646";"USTEC_ICM_UTC2";"Buy";"8775.6";"8832.1";"2020.04.17 18:15:00";"2020.04.17 22:55:00";"30.0";"1695.00";"8693.09961";"8858.09961";"-98567.55";"0.00";"IST";"End Of Friday (Time)";"4h 40m";"-0.00"
"647";"USTEC_ICM_UTC2";"Buy";"8800.7";"8718.2";"2020.04.20 17:30:00";"2020.04.20 23:06:00";"30.0";"-2475.00";"8718.20020";"8883.20020";"-101042.55";"0.00";"IST";"SL";"5h 36m";"-0.00"
"648";"USTEC_ICM_UTC2";"Buy";"8642.4";"8559.9";"2020.04.21 16:30:00";"2020.04.21 16:39:00";"30.0";"-2475.00";"8559.90039";"8724.90039";"-103517.55";"0.00";"IST";"SL";"9m 0s";"-0.00"
"649";"USTEC_ICM_UTC2";"Buy";"8577.8";"8660.3";"2020.04.22 16:45:00";"2020.04.22 20:52:00";"30.0";"2475.00";"8495.29980";"8660.29980";"-101042.55";"0.00";"IST";"PT";"4h 7m";"-0.00"
"650";"USTEC_ICM_UTC2";"Buy";"8683.3";"8585.8";"2020.04.23 21:30:00";"2020.04.24 01:00:00";"30.0";"-3108.12";"8600.79980";"8765.79980";"-104150.66";"0.00";"IST";"SL";"3h 30m";"-183.12"
"651";"USTEC_ICM_UTC2";"Buy";"8637.3";"8719.8";"2020.04.24 16:45:00";"2020.04.24 20:55:00";"30.0";"2475.00";"8554.79980";"8719.79980";"-101675.66";"0.00";"IST";"PT";"4h 10m";"-0.00"
"652";"USTEC_ICM_UTC2";"Buy";"8837.9";"8920.4";"2020.04.27 22:30:00";"2020.04.28 12:21:00";"30.0";"2291.88";"8755.40039";"8920.40039";"-99383.78";"0.00";"IST";"PT";"13h 51m";"-183.12"
"653";"USTEC_ICM_UTC2";"Buy";"8748.4";"8830.9";"2020.04.28 18:30:00";"2020.04.29 04:22:00";"30.0";"2291.88";"8665.90039";"8830.90039";"-97091.91";"0.00";"IST";"PT";"9h 52m";"-183.12"
"654";"USTEC_ICM_UTC2";"Buy";"8907.2";"8989.7";"2020.04.29 17:00:00";"2020.04.29 21:58:00";"30.0";"2475.00";"8824.70020";"8989.70020";"-94616.91";"0.00";"IST";"PT";"4h 58m";"-0.00"
"655";"USTEC_ICM_UTC2";"Buy";"8933.5";"8851.0";"2020.04.30 19:30:00";"2020.05.01 01:00:00";"30.0";"-2658.12";"8851.00000";"9016.00000";"-97275.02";"0.00";"IST";"SL";"5h 30m";"-183.12"
"656";"USTEC_ICM_UTC2";"Buy";"8861.7";"8779.2";"2020.05.01 17:15:00";"2020.05.01 18:32:00";"30.0";"-2475.00";"8779.20020";"8944.20020";"-99750.02";"0.00";"IST";"SL";"1h 17m";"-0.00"
"657";"USTEC_ICM_UTC2";"Buy";"8769.4";"8851.9";"2020.05.04 18:15:00";"2020.05.05 03:04:00";"30.0";"2291.88";"8686.90039";"8851.90039";"-97458.14";"0.00";"IST";"PT";"8h 49m";"-183.12"
"658";"USTEC_ICM_UTC2";"Buy";"9020.8";"9103.3";"2020.05.06 16:45:00";"2020.05.07 12:36:00";"30.0";"2291.88";"8938.29980";"9103.29980";"-95166.27";"0.00";"IST";"PT";"19h 51m";"-183.12"
"659";"USTEC_ICM_UTC2";"Buy";"9103.7";"9186.2";"2020.05.07 21:30:00";"2020.05.08 03:37:00";"30.0";"2291.88";"9021.20020";"9186.20020";"-92874.38";"0.00";"IST";"PT";"6h 7m";"-183.12"
"660";"USTEC_ICM_UTC2";"Buy";"9182.5";"9221.3";"2020.05.08 21:15:00";"2020.05.08 22:55:00";"30.0";"1164.00";"9100.00000";"9265.00000";"-91710.38";"0.00";"IST";"End Of Friday (Time)";"1h 40m";"-0.00"
"661";"USTEC_ICM_UTC2";"Buy";"9291.6";"9209.1";"2020.05.12 17:30:00";"2020.05.12 22:33:00";"30.0";"-2475.00";"9209.09961";"9374.09961";"-94185.38";"0.00";"IST";"SL";"5h 3m";"-0.00"
"662";"USTEC_ICM_UTC2";"Buy";"9085.0";"9167.5";"2020.05.13 16:45:00";"2020.05.13 17:06:00";"30.0";"2475.00";"9002.50000";"9167.50000";"-91710.38";"0.00";"IST";"PT";"21m 0s";"-0.00"
"663";"USTEC_ICM_UTC2";"Buy";"8901.6";"8984.1";"2020.05.14 17:45:00";"2020.05.14 19:55:00";"30.0";"2475.00";"8819.09961";"8984.09961";"-89235.38";"0.00";"IST";"PT";"2h 10m";"-0.00"
"664";"USTEC_ICM_UTC2";"Buy";"8993.1";"9075.6";"2020.05.15 18:30:00";"2020.05.15 20:00:00";"30.0";"2475.00";"8910.59961";"9075.59961";"-86760.38";"0.00";"IST";"PT";"1h 30m";"-0.00"
"665";"USTEC_ICM_UTC2";"Buy";"9348.9";"9431.4";"2020.05.18 21:15:00";"2020.05.20 16:30:00";"30.0";"2108.76";"9266.40039";"9431.40039";"-84651.63";"0.00";"IST";"PT";"1d 19h 15m";"-366.24"
"666";"USTEC_ICM_UTC2";"Buy";"9445.3";"9362.8";"2020.05.20 16:45:00";"2020.05.21 18:23:00";"30.0";"-2658.12";"9362.79980";"9527.79980";"-87309.74";"0.00";"IST";"SL";"1d 1h 38m";"-183.12"
"667";"USTEC_ICM_UTC2";"Buy";"9414.9";"9332.4";"2020.05.21 18:45:00";"2020.05.22 05:13:00";"30.0";"-2658.12";"9332.40039";"9497.40039";"-89967.87";"0.00";"IST";"SL";"10h 28m";"-183.12"
"668";"USTEC_ICM_UTC2";"Buy";"9342.2";"9406.7";"2020.05.22 16:45:00";"2020.05.22 22:55:00";"30.0";"1935.00";"9259.70020";"9424.70020";"-88032.87";"0.00";"IST";"End Of Friday (Time)";"6h 10m";"-0.00"
"669";"USTEC_ICM_UTC2";"Buy";"9529.0";"9446.5";"2020.05.26 17:30:00";"2020.05.26 18:37:00";"30.0";"-2475.00";"9446.50000";"9611.50000";"-90507.87";"0.00";"IST";"SL";"1h 7m";"-0.00"
"670";"USTEC_ICM_UTC2";"Buy";"9365.0";"9282.5";"2020.05.27 16:30:00";"2020.05.27 16:54:00";"30.0";"-2475.00";"9282.50000";"9447.50000";"-92982.87";"0.00";"IST";"SL";"24m 0s";"-0.00"
"671";"USTEC_ICM_UTC2";"Buy";"9551.2";"9468.7";"2020.05.28 22:15:00";"2020.05.28 22:29:00";"30.0";"-2475.00";"9468.70020";"9633.70020";"-95457.87";"0.00";"IST";"SL";"14m 0s";"-0.00"
"672";"USTEC_ICM_UTC2";"Buy";"9459.8";"9377.3";"2020.05.29 16:45:00";"2020.05.29 18:03:00";"30.0";"-2475.00";"9377.29980";"9542.29980";"-97932.87";"0.00";"IST";"SL";"1h 18m";"-0.00"
"673";"USTEC_ICM_UTC2";"Buy";"9600.0";"9517.5";"2020.06.01 21:45:00";"2020.06.02 18:08:00";"30.0";"-2658.12";"9517.50000";"9682.50000";"-100590.98";"0.00";"IST";"SL";"20h 23m";"-183.12"
"674";"USTEC_ICM_UTC2";"Buy";"9551.7";"9634.2";"2020.06.02 18:45:00";"2020.06.02 22:50:00";"30.0";"2475.00";"9469.20020";"9634.20020";"-98115.98";"0.00";"IST";"PT";"4h 5m";"-0.00"
"675";"USTEC_ICM_UTC2";"Buy";"9698.2";"9615.7";"2020.06.03 21:15:00";"2020.06.04 21:56:00";"30.0";"-2658.12";"9615.70020";"9780.70020";"-100774.10";"0.00";"IST";"SL";"1d 0h 41m";"-183.12"
"676";"USTEC_ICM_UTC2";"Buy";"9605.0";"9687.5";"2020.06.04 22:45:00";"2020.06.05 08:48:00";"30.0";"2291.88";"9522.50000";"9687.50000";"-98482.23";"0.00";"IST";"PT";"10h 3m";"-183.12"
"677";"USTEC_ICM_UTC2";"Buy";"9834.1";"9811.6";"2020.06.05 21:30:00";"2020.06.05 22:55:00";"30.0";"-675.00";"9751.59961";"9916.59961";"-99157.23";"0.00";"IST";"End Of Friday (Time)";"1h 25m";"-0.00"
"678";"USTEC_ICM_UTC2";"Buy";"9797.2";"9879.7";"2020.06.08 17:45:00";"2020.06.08 22:40:00";"30.0";"2475.00";"9714.70020";"9879.70020";"-96682.23";"0.00";"IST";"PT";"4h 55m";"-0.00"
"679";"USTEC_ICM_UTC2";"Buy";"9988.4";"10070.9";"2020.06.09 22:00:00";"2020.06.10 17:00:00";"30.0";"2291.88";"9905.90039";"10070.90039";"-94390.34";"0.00";"IST";"PT";"19h 0m";"-183.12"
"680";"USTEC_ICM_UTC2";"Buy";"10118.9";"10036.4";"2020.06.10 21:15:00";"2020.06.11 02:21:00";"30.0";"-2658.12";"10036.40039";"10201.40039";"-97048.47";"0.00";"IST";"SL";"5h 6m";"-183.12"
"681";"USTEC_ICM_UTC2";"Buy";"9964.7";"9882.2";"2020.06.11 17:15:00";"2020.06.11 18:00:00";"30.0";"-2475.00";"9882.20020";"10047.20020";"-99523.47";"0.00";"IST";"SL";"45m 0s";"-0.00"
"682";"USTEC_ICM_UTC2";"Buy";"9629.2";"9711.7";"2020.06.12 18:30:00";"2020.06.12 18:57:00";"30.0";"2475.00";"9546.70020";"9711.70020";"-97048.47";"0.00";"IST";"PT";"27m 0s";"-0.00"
"683";"USTEC_ICM_UTC2";"Buy";"9591.7";"9674.2";"2020.06.15 18:00:00";"2020.06.15 19:18:00";"30.0";"2475.00";"9509.20020";"9674.20020";"-94573.47";"0.00";"IST";"PT";"1h 18m";"-0.00"
"684";"USTEC_ICM_UTC2";"Buy";"9948.3";"10030.8";"2020.06.16 21:30:00";"2020.06.17 10:30:00";"30.0";"2291.88";"9865.79980";"10030.79980";"-92281.59";"0.00";"IST";"PT";"13h 0m";"-183.12"
"685";"USTEC_ICM_UTC2";"Buy";"9968.2";"10050.7";"2020.06.17 17:30:00";"2020.06.17 20:08:00";"30.0";"2475.00";"9885.70020";"10050.70020";"-89806.59";"0.00";"IST";"PT";"2h 38m";"-0.00"
"686";"USTEC_ICM_UTC2";"Buy";"9989.0";"10071.5";"2020.06.18 16:45:00";"2020.06.19 09:34:00";"30.0";"2291.88";"9906.50000";"10071.50000";"-87514.70";"0.00";"IST";"PT";"16h 49m";"-183.12"
"687";"USTEC_ICM_UTC2";"Buy";"10031.3";"9948.8";"2020.06.19 20:00:00";"2020.06.19 21:07:00";"30.0";"-2475.00";"9948.79980";"10113.79980";"-89989.70";"0.00";"IST";"SL";"1h 7m";"-0.00"
"688";"USTEC_ICM_UTC2";"Buy";"10001.4";"10083.9";"2020.06.22 16:45:00";"2020.06.22 19:04:00";"30.0";"2475.00";"9918.90039";"10083.90039";"-87514.70";"0.00";"IST";"PT";"2h 19m";"-0.00"
"689";"USTEC_ICM_UTC2";"Buy";"10279.6";"10197.1";"2020.06.23 21:45:00";"2020.06.23 22:50:00";"30.0";"-2475.00";"10197.09961";"10362.09961";"-89989.70";"0.00";"IST";"SL";"1h 5m";"-0.00"
"690";"USTEC_ICM_UTC2";"Buy";"10216.5";"10134.0";"2020.06.24 16:45:00";"2020.06.24 16:57:00";"30.0";"-2475.00";"10134.00000";"10299.00000";"-92464.70";"0.00";"IST";"SL";"12m 0s";"-0.00"
"691";"USTEC_ICM_UTC2";"Buy";"9979.4";"10061.9";"2020.06.25 17:15:00";"2020.06.25 22:22:00";"30.0";"2475.00";"9896.90039";"10061.90039";"-89989.70";"0.00";"IST";"PT";"5h 7m";"-0.00"
"692";"USTEC_ICM_UTC2";"Buy";"9971.4";"9888.9";"2020.06.26 17:15:00";"2020.06.26 17:38:00";"30.0";"-2475.00";"9888.90039";"10053.90039";"-92464.70";"0.00";"IST";"SL";"23m 0s";"-0.00"
"693";"USTEC_ICM_UTC2";"Buy";"9770.5";"9853.0";"2020.06.29 16:45:00";"2020.06.29 17:19:00";"30.0";"2475.00";"9688.00000";"9853.00000";"-89989.70";"0.00";"IST";"PT";"34m 0s";"-0.00"
"694";"USTEC_ICM_UTC2";"Buy";"10093.6";"10176.1";"2020.06.30 21:30:00";"2020.06.30 22:54:00";"30.0";"2475.00";"10011.09961";"10176.09961";"-87514.70";"0.00";"IST";"PT";"1h 24m";"-0.00"
"695";"USTEC_ICM_UTC2";"Buy";"10282.2";"10364.7";"2020.07.01 21:15:00";"2020.07.02 15:30:00";"30.0";"2291.88";"10199.70020";"10364.70020";"-85222.83";"0.00";"IST";"PT";"18h 15m";"-183.12"
"696";"USTEC_ICM_UTC2";"Buy";"10405.6";"10323.1";"2020.07.02 21:30:00";"2020.07.03 17:35:00";"30.0";"-2658.12";"10323.09961";"10488.09961";"-87880.95";"0.00";"IST";"SL";"20h 5m";"-183.12"
"697";"USTEC_ICM_UTC2";"Buy";"10345.2";"10427.7";"2020.07.03 18:15:00";"2020.07.06 03:59:00";"30.0";"1925.64";"10262.70020";"10427.70020";"-85955.30";"0.00";"IST";"PT";"2d 9h 44m";"-549.36"
"698";"USTEC_ICM_UTC2";"Buy";"10561.9";"10644.4";"2020.07.06 21:45:00";"2020.07.07 02:15:00";"30.0";"2291.88";"10479.40039";"10644.40039";"-83663.42";"0.00";"IST";"PT";"4h 30m";"-183.12"
"699";"USTEC_ICM_UTC2";"Buy";"10619.5";"10702.0";"2020.07.07 16:45:00";"2020.07.07 18:21:00";"30.0";"2475.00";"10537.00000";"10702.00000";"-81188.42";"0.00";"IST";"PT";"1h 36m";"-0.00"
"700";"USTEC_ICM_UTC2";"Buy";"10602.6";"10696.7";"2020.07.08 19:00:00";"2020.07.09 01:00:00";"30.0";"2638.71";"10520.09961";"10685.09961";"-78549.72";"0.00";"IST";"PT";"6h 0m";"-183.12"
"701";"USTEC_ICM_UTC2";"Buy";"10618.6";"10701.1";"2020.07.09 18:30:00";"2020.07.09 19:50:00";"30.0";"2475.00";"10536.09961";"10701.09961";"-76074.72";"0.00";"IST";"PT";"1h 20m";"-0.00"
"702";"USTEC_ICM_UTC2";"Buy";"10709.0";"10791.5";"2020.07.10 16:45:00";"2020.07.10 21:46:00";"30.0";"2475.00";"10626.50000";"10791.50000";"-73599.72";"0.00";"IST";"PT";"5h 1m";"-0.00"
"703";"USTEC_ICM_UTC2";"Buy";"10885.3";"10802.8";"2020.07.13 22:00:00";"2020.07.13 22:05:00";"30.0";"-2475.00";"10802.79980";"10967.79980";"-76074.72";"0.00";"IST";"SL";"5m 0s";"-0.00"
"704";"USTEC_ICM_UTC2";"Buy";"10621.4";"10538.9";"2020.07.14 16:45:00";"2020.07.14 16:48:00";"30.0";"-2475.00";"10538.90039";"10703.90039";"-78549.72";"0.00";"IST";"SL";"3m 0s";"-0.00"
"705";"USTEC_ICM_UTC2";"Buy";"10627.8";"10710.3";"2020.07.15 19:30:00";"2020.07.15 21:03:00";"30.0";"2475.00";"10545.29980";"10710.29980";"-76074.72";"0.00";"IST";"PT";"1h 33m";"-0.00"
"706";"USTEC_ICM_UTC2";"Buy";"10594.0";"10511.5";"2020.07.16 16:45:00";"2020.07.16 18:02:00";"30.0";"-2475.00";"10511.50000";"10676.50000";"-78549.72";"0.00";"IST";"SL";"1h 17m";"-0.00"
"707";"USTEC_ICM_UTC2";"Buy";"10617.8";"10637.3";"2020.07.17 17:15:00";"2020.07.17 22:55:00";"30.0";"585.00";"10535.29980";"10700.29980";"-77964.72";"0.00";"IST";"End Of Friday (Time)";"5h 40m";"-0.00"
"708";"USTEC_ICM_UTC2";"Buy";"10849.9";"10932.4";"2020.07.22 16:45:00";"2020.07.23 09:47:00";"30.0";"2291.88";"10767.40039";"10932.40039";"-75672.84";"0.00";"IST";"PT";"17h 2m";"-183.12"
"709";"USTEC_ICM_UTC2";"Buy";"10855.1";"10772.6";"2020.07.23 16:30:00";"2020.07.23 19:03:00";"30.0";"-2475.00";"10772.59961";"10937.59961";"-78147.84";"0.00";"IST";"SL";"2h 33m";"-0.00"
"710";"USTEC_ICM_UTC2";"Buy";"10371.9";"10454.4";"2020.07.24 16:45:00";"2020.07.24 17:21:00";"30.0";"2475.00";"10289.40039";"10454.40039";"-75672.84";"0.00";"IST";"PT";"36m 0s";"-0.00"
"711";"USTEC_ICM_UTC2";"Buy";"10641.7";"10724.2";"2020.07.27 21:15:00";"2020.07.28 03:02:00";"30.0";"2291.88";"10559.20020";"10724.20020";"-73380.95";"0.00";"IST";"PT";"5h 47m";"-183.12"
"712";"USTEC_ICM_UTC2";"Buy";"10623.8";"10541.3";"2020.07.28 16:45:00";"2020.07.28 22:50:00";"30.0";"-2475.00";"10541.29980";"10706.29980";"-75855.95";"0.00";"IST";"SL";"6h 5m";"-0.00"
"713";"USTEC_ICM_UTC2";"Buy";"10631.0";"10548.5";"2020.07.29 17:15:00";"2020.07.30 11:55:00";"30.0";"-2658.12";"10548.50000";"10713.50000";"-78514.08";"0.00";"IST";"SL";"18h 40m";"-183.12"
"714";"USTEC_ICM_UTC2";"Buy";"10578.9";"10661.4";"2020.07.30 16:30:00";"2020.07.30 18:43:00";"30.0";"2475.00";"10496.40039";"10661.40039";"-76039.08";"0.00";"IST";"PT";"2h 13m";"-0.00"
"715";"USTEC_ICM_UTC2";"Buy";"10787.3";"10869.8";"2020.07.31 21:45:00";"2020.07.31 22:37:00";"30.0";"2475.00";"10704.79980";"10869.79980";"-73564.08";"0.00";"IST";"PT";"52m 0s";"-0.00"
"716";"USTEC_ICM_UTC2";"Buy";"11065.3";"11147.8";"2020.08.03 21:15:00";"2020.08.05 10:50:00";"30.0";"2108.76";"10982.79980";"11147.79980";"-71455.31";"0.00";"IST";"PT";"1d 13h 35m";"-366.24"
"717";"USTEC_ICM_UTC2";"Buy";"11126.1";"11208.6";"2020.08.05 21:15:00";"2020.08.06 20:55:00";"30.0";"2291.88";"11043.59961";"11208.59961";"-69163.44";"0.00";"IST";"PT";"23h 40m";"-183.12"
"718";"USTEC_ICM_UTC2";"Buy";"11124.4";"11133.9";"2020.08.07 20:45:00";"2020.08.07 22:55:00";"30.0";"285.00";"11041.90039";"11206.90039";"-68878.44";"0.00";"IST";"End Of Friday (Time)";"2h 10m";"-0.00"
"719";"USTEC_ICM_UTC2";"Buy";"11145.9";"11063.4";"2020.08.10 16:30:00";"2020.08.10 17:22:00";"30.0";"-2475.00";"11063.40039";"11228.40039";"-71353.44";"0.00";"IST";"SL";"52m 0s";"-0.00"
"720";"USTEC_ICM_UTC2";"Buy";"11035.9";"10953.4";"2020.08.11 16:30:00";"2020.08.11 17:08:00";"30.0";"-2475.00";"10953.40039";"11118.40039";"-73828.44";"0.00";"IST";"SL";"38m 0s";"-0.00"
"721";"USTEC_ICM_UTC2";"Buy";"11103.7";"11186.2";"2020.08.12 17:30:00";"2020.08.12 21:00:00";"30.0";"2475.00";"11021.20020";"11186.20020";"-71353.44";"0.00";"IST";"PT";"3h 30m";"-0.00"
"722";"USTEC_ICM_UTC2";"Buy";"11159.3";"11241.8";"2020.08.13 22:00:00";"2020.08.14 09:20:00";"30.0";"2291.88";"11076.79980";"11241.79980";"-69061.55";"0.00";"IST";"PT";"11h 20m";"-183.12"
"723";"USTEC_ICM_UTC2";"Buy";"11203.9";"11121.4";"2020.08.14 16:45:00";"2020.08.14 17:20:00";"30.0";"-2475.00";"11121.40039";"11286.40039";"-71536.55";"0.00";"IST";"SL";"35m 0s";"-0.00"
"724";"USTEC_ICM_UTC2";"Buy";"11291.6";"11374.1";"2020.08.17 21:15:00";"2020.08.18 16:38:00";"30.0";"2291.88";"11209.09961";"11374.09961";"-69244.68";"0.00";"IST";"PT";"19h 23m";"-183.12"
"725";"USTEC_ICM_UTC2";"Buy";"11391.7";"11309.2";"2020.08.18 21:30:00";"2020.08.19 22:50:00";"30.0";"-2658.12";"11309.20020";"11474.20020";"-71902.80";"0.00";"IST";"SL";"1d 1h 20m";"-183.12"
"726";"USTEC_ICM_UTC2";"Buy";"11341.7";"11424.2";"2020.08.20 16:45:00";"2020.08.20 18:57:00";"30.0";"2475.00";"11259.20020";"11424.20020";"-69427.80";"0.00";"IST";"PT";"2h 12m";"-0.00"
"727";"USTEC_ICM_UTC2";"Buy";"11538.6";"11557.1";"2020.08.21 21:15:00";"2020.08.21 22:55:00";"30.0";"555.00";"11456.09961";"11621.09961";"-68872.80";"0.00";"IST";"End Of Friday (Time)";"1h 40m";"-0.00"
"728";"USTEC_ICM_UTC2";"Buy";"11612.6";"11695.1";"2020.08.24 21:15:00";"2020.08.25 18:20:00";"30.0";"2291.88";"11530.09961";"11695.09961";"-66580.91";"0.00";"IST";"PT";"21h 5m";"-183.12"
"729";"USTEC_ICM_UTC2";"Buy";"11635.1";"11717.6";"2020.08.25 19:15:00";"2020.08.25 22:26:00";"30.0";"2475.00";"11552.59961";"11717.59961";"-64105.92";"0.00";"IST";"PT";"3h 11m";"-0.00"
"730";"USTEC_ICM_UTC2";"Buy";"11957.3";"11874.8";"2020.08.26 21:15:00";"2020.08.26 21:57:00";"30.0";"-2475.00";"11874.79980";"12039.79980";"-66580.91";"0.00";"IST";"SL";"42m 0s";"-0.00"
"731";"USTEC_ICM_UTC2";"Buy";"11926.7";"12009.2";"2020.08.27 20:30:00";"2020.08.28 06:02:00";"30.0";"2291.88";"11844.20020";"12009.20020";"-64289.04";"0.00";"IST";"PT";"9h 32m";"-183.12"
"732";"USTEC_ICM_UTC2";"Buy";"11984.1";"11988.1";"2020.08.28 17:15:00";"2020.08.28 22:55:00";"30.0";"120.00";"11901.59961";"12066.59961";"-64169.04";"0.00";"IST";"End Of Friday (Time)";"5h 40m";"-0.00"
"733";"USTEC_ICM_UTC2";"Buy";"12019.7";"12102.2";"2020.08.31 16:30:00";"2020.08.31 18:11:00";"30.0";"2475.00";"11937.20020";"12102.20020";"-61694.04";"0.00";"IST";"PT";"1h 41m";"-0.00"
"734";"USTEC_ICM_UTC2";"Buy";"12294.5";"12377.0";"2020.09.02 19:15:00";"2020.09.02 20:23:00";"30.0";"2475.00";"12212.00000";"12377.00000";"-59219.04";"0.00";"IST";"PT";"1h 8m";"-0.00"
"735";"USTEC_ICM_UTC2";"Buy";"12157.5";"12075.0";"2020.09.03 16:45:00";"2020.09.03 17:20:00";"30.0";"-2475.00";"12075.00000";"12240.00000";"-61694.04";"0.00";"IST";"SL";"35m 0s";"-0.00"
"736";"USTEC_ICM_UTC2";"Buy";"11715.5";"11798.0";"2020.09.04 16:30:00";"2020.09.04 16:32:00";"30.0";"2475.00";"11633.00000";"11798.00000";"-59219.04";"0.00";"IST";"PT";"2m 0s";"-0.00"
"737";"USTEC_ICM_UTC2";"Buy";"11476.4";"11558.9";"2020.09.07 16:45:00";"2020.09.08 01:26:00";"30.0";"2291.88";"11393.90039";"11558.90039";"-56927.16";"0.00";"IST";"PT";"8h 41m";"-183.12"
"738";"USTEC_ICM_UTC2";"Buy";"11159.4";"11241.9";"2020.09.08 16:45:00";"2020.09.08 16:53:00";"30.0";"2475.00";"11076.90039";"11241.90039";"-54452.16";"0.00";"IST";"PT";"8m 0s";"-0.00"
"739";"USTEC_ICM_UTC2";"Buy";"11262.9";"11345.4";"2020.09.09 17:15:00";"2020.09.09 17:27:00";"30.0";"2475.00";"11180.40039";"11345.40039";"-51977.16";"0.00";"IST";"PT";"12m 0s";"-0.00"
"740";"USTEC_ICM_UTC2";"Buy";"11484.8";"11402.3";"2020.09.10 18:30:00";"2020.09.10 19:04:00";"30.0";"-2475.00";"11402.29980";"11567.29980";"-54452.16";"0.00";"IST";"SL";"34m 0s";"-0.00"
"741";"USTEC_ICM_UTC2";"Buy";"11204.6";"11122.1";"2020.09.11 17:30:00";"2020.09.11 18:59:00";"30.0";"-2475.00";"11122.09961";"11287.09961";"-56927.16";"0.00";"IST";"SL";"1h 29m";"-0.00"
"742";"USTEC_ICM_UTC2";"Buy";"11244.9";"11327.4";"2020.09.14 16:30:00";"2020.09.14 17:06:00";"30.0";"2475.00";"11162.40039";"11327.40039";"-54452.16";"0.00";"IST";"PT";"36m 0s";"-0.00"
"743";"USTEC_ICM_UTC2";"Buy";"11449.6";"11367.1";"2020.09.15 21:45:00";"2020.09.15 22:37:00";"30.0";"-2475.00";"11367.09961";"11532.09961";"-56927.16";"0.00";"IST";"SL";"52m 0s";"-0.00"
"744";"USTEC_ICM_UTC2";"Buy";"11436.6";"11354.1";"2020.09.16 16:45:00";"2020.09.16 17:45:00";"30.0";"-2475.00";"11354.09961";"11519.09961";"-59402.16";"0.00";"IST";"SL";"1h 0m";"-0.00"
"745";"USTEC_ICM_UTC2";"Buy";"11004.9";"11087.4";"2020.09.17 16:45:00";"2020.09.17 17:00:00";"30.0";"2475.00";"10922.40039";"11087.40039";"-56927.16";"0.00";"IST";"PT";"15m 0s";"-0.00"
"746";"USTEC_ICM_UTC2";"Buy";"11100.3";"11017.8";"2020.09.18 17:15:00";"2020.09.18 17:35:00";"30.0";"-2475.00";"11017.79980";"11182.79980";"-59402.16";"0.00";"IST";"SL";"20m 0s";"-0.00"
"747";"USTEC_ICM_UTC2";"Buy";"10799.3";"10716.8";"2020.09.21 16:45:00";"2020.09.21 17:30:00";"30.0";"-2475.00";"10716.79980";"10881.79980";"-61877.16";"0.00";"IST";"SL";"45m 0s";"-0.00"
"748";"USTEC_ICM_UTC2";"Buy";"11020.5";"10938.0";"2020.09.23 19:30:00";"2020.09.23 21:15:00";"30.0";"-2475.00";"10938.00000";"11103.00000";"-64352.16";"0.00";"IST";"SL";"1h 45m";"-0.00"
"749";"USTEC_ICM_UTC2";"Buy";"10911.7";"10994.2";"2020.09.24 18:00:00";"2020.09.24 19:05:00";"30.0";"2475.00";"10829.20020";"10994.20020";"-61877.16";"0.00";"IST";"PT";"1h 5m";"-0.00"
"750";"USTEC_ICM_UTC2";"Buy";"10871.0";"10953.5";"2020.09.25 17:15:00";"2020.09.25 17:23:00";"30.0";"2475.00";"10788.50000";"10953.50000";"-59402.16";"0.00";"IST";"PT";"8m 0s";"-0.00"
"751";"USTEC_ICM_UTC2";"Buy";"11347.6";"11430.1";"2020.09.28 22:00:00";"2020.09.29 02:53:00";"30.0";"2291.88";"11265.09961";"11430.09961";"-57110.28";"0.00";"IST";"PT";"4h 53m";"-183.12"
"752";"USTEC_ICM_UTC2";"Buy";"11338.8";"11421.3";"2020.09.29 18:15:00";"2020.09.30 05:16:00";"30.0";"2291.88";"11256.29980";"11421.29980";"-54818.40";"0.00";"IST";"PT";"11h 1m";"-183.12"
"753";"USTEC_ICM_UTC2";"Buy";"11344.6";"11427.1";"2020.09.30 16:45:00";"2020.09.30 16:58:00";"30.0";"2475.00";"11262.09961";"11427.09961";"-52343.40";"0.00";"IST";"PT";"13m 0s";"-0.00"
"754";"USTEC_ICM_UTC2";"Buy";"11582.8";"11500.3";"2020.10.01 21:45:00";"2020.10.02 07:55:00";"30.0";"-2658.12";"11500.29980";"11665.29980";"-55001.52";"0.00";"IST";"SL";"10h 10m";"-183.12"
"755";"USTEC_ICM_UTC2";"Buy";"11325.1";"11407.6";"2020.10.02 16:30:00";"2020.10.02 16:38:00";"30.0";"2475.00";"11242.59961";"11407.59961";"-52526.52";"0.00";"IST";"PT";"8m 0s";"-0.00"
"756";"USTEC_ICM_UTC2";"Buy";"11340.1";"11422.6";"2020.10.05 16:30:00";"2020.10.05 17:13:00";"30.0";"2475.00";"11257.59961";"11422.59961";"-50051.52";"0.00";"IST";"PT";"43m 0s";"-0.00"
"757";"USTEC_ICM_UTC2";"Buy";"11464.8";"11382.3";"2020.10.06 16:45:00";"2020.10.06 18:50:00";"30.0";"-2475.00";"11382.29980";"11547.29980";"-52526.52";"0.00";"IST";"SL";"2h 5m";"-0.00"
"758";"USTEC_ICM_UTC2";"Buy";"11398.0";"11480.5";"2020.10.07 16:30:00";"2020.10.07 20:03:00";"30.0";"2475.00";"11315.50000";"11480.50000";"-50051.52";"0.00";"IST";"PT";"3h 33m";"-0.00"
"759";"USTEC_ICM_UTC2";"Buy";"11544.5";"11627.0";"2020.10.08 21:30:00";"2020.10.09 15:52:00";"30.0";"2291.88";"11462.00000";"11627.00000";"-47759.64";"0.00";"IST";"PT";"18h 22m";"-183.12"
"760";"USTEC_ICM_UTC2";"Buy";"11711.7";"11713.5";"2020.10.09 22:30:00";"2020.10.09 22:55:00";"30.0";"54.00";"11629.20020";"11794.20020";"-47705.64";"0.00";"IST";"End Of Friday (Time)";"25m 0s";"-0.00"
"761";"USTEC_ICM_UTC2";"Buy";"12069.1";"12151.6";"2020.10.13 17:15:00";"2020.10.13 18:15:00";"30.0";"2475.00";"11986.59961";"12151.59961";"-45230.64";"0.00";"IST";"PT";"1h 0m";"-0.00"
"762";"USTEC_ICM_UTC2";"Buy";"12118.5";"12036.0";"2020.10.14 16:30:00";"2020.10.14 17:34:00";"30.0";"-2475.00";"12036.00000";"12201.00000";"-47705.64";"0.00";"IST";"SL";"1h 4m";"-0.00"
"763";"USTEC_ICM_UTC2";"Buy";"11863.2";"11780.7";"2020.10.15 16:45:00";"2020.10.15 17:34:00";"30.0";"-2475.00";"11780.70020";"11945.70020";"-50180.64";"0.00";"IST";"SL";"49m 0s";"-0.00"
"764";"USTEC_ICM_UTC2";"Buy";"11954.3";"11871.8";"2020.10.16 21:45:00";"2020.10.16 22:51:00";"30.0";"-2475.00";"11871.79980";"12036.79980";"-52655.64";"0.00";"IST";"SL";"1h 6m";"-0.00"
"765";"USTEC_ICM_UTC2";"Buy";"11785.2";"11702.7";"2020.10.19 17:45:00";"2020.10.19 21:39:00";"30.0";"-2475.00";"11702.70020";"11867.70020";"-55130.64";"0.00";"IST";"SL";"3h 54m";"-0.00"
"766";"USTEC_ICM_UTC2";"Buy";"11662.4";"11744.9";"2020.10.20 18:30:00";"2020.10.20 19:34:00";"30.0";"2475.00";"11579.90039";"11744.90039";"-52655.64";"0.00";"IST";"PT";"1h 4m";"-0.00"
"767";"USTEC_ICM_UTC2";"Buy";"11680.4";"11762.9";"2020.10.21 16:30:00";"2020.10.21 16:48:00";"30.0";"2475.00";"11597.90039";"11762.90039";"-50180.64";"0.00";"IST";"PT";"18m 0s";"-0.00"
"768";"USTEC_ICM_UTC2";"Buy";"11698.1";"11615.6";"2020.10.22 16:30:00";"2020.10.22 17:23:00";"30.0";"-2475.00";"11615.59961";"11780.59961";"-52655.64";"0.00";"IST";"SL";"53m 0s";"-0.00"
"769";"USTEC_ICM_UTC2";"Buy";"11628.8";"11683.9";"2020.10.23 16:45:00";"2020.10.23 22:55:00";"30.0";"1653.03";"11546.29980";"11711.29980";"-51002.61";"0.00";"IST";"End Of Friday (Time)";"6h 10m";"-0.00"
"770";"USTEC_ICM_UTC2";"Buy";"11492.8";"11410.3";"2020.10.26 18:00:00";"2020.10.26 19:06:00";"30.0";"-2475.00";"11410.29980";"11575.29980";"-53477.61";"0.00";"IST";"SL";"1h 6m";"-0.00"
"771";"USTEC_ICM_UTC2";"Buy";"11549.4";"11631.9";"2020.10.27 16:45:00";"2020.10.27 21:41:00";"30.0";"2475.00";"11466.90039";"11631.90039";"-51002.61";"0.00";"IST";"PT";"4h 56m";"-0.00"
"772";"USTEC_ICM_UTC2";"Buy";"11263.7";"11181.2";"2020.10.28 16:45:00";"2020.10.28 19:16:00";"30.0";"-2475.00";"11181.20020";"11346.20020";"-53477.61";"0.00";"IST";"SL";"2h 31m";"-0.00"
"773";"USTEC_ICM_UTC2";"Buy";"11336.3";"11418.8";"2020.10.29 17:30:00";"2020.10.29 20:13:00";"30.0";"2475.00";"11253.79980";"11418.79980";"-51002.61";"0.00";"IST";"PT";"2h 43m";"-0.00"
"774";"USTEC_ICM_UTC2";"Buy";"11079.3";"10996.8";"2020.10.30 17:15:00";"2020.10.30 17:47:00";"30.0";"-2475.00";"10996.79980";"11161.79980";"-53477.61";"0.00";"IST";"SL";"32m 0s";"-0.00"
"775";"USTEC_ICM_UTC2";"Buy";"11181.6";"11099.1";"2020.11.02 17:30:00";"2020.11.02 18:16:00";"30.0";"-2475.00";"11099.09961";"11264.09961";"-55952.61";"0.00";"IST";"SL";"46m 0s";"-0.00"
"776";"USTEC_ICM_UTC2";"Buy";"11264.6";"11347.1";"2020.11.03 21:30:00";"2020.11.04 01:39:00";"30.0";"2291.88";"11182.09961";"11347.09961";"-53660.73";"0.00";"IST";"PT";"4h 9m";"-183.12"
"777";"USTEC_ICM_UTC2";"Buy";"11803.1";"11885.6";"2020.11.04 21:15:00";"2020.11.05 05:28:00";"30.0";"2291.88";"11720.59961";"11885.59961";"-51368.85";"0.00";"IST";"PT";"8h 13m";"-183.12"
"778";"USTEC_ICM_UTC2";"Buy";"12051.8";"11969.3";"2020.11.05 22:45:00";"2020.11.06 05:58:00";"30.0";"-2658.12";"11969.29980";"12134.29980";"-54026.97";"0.00";"IST";"SL";"7h 13m";"-183.12"
"779";"USTEC_ICM_UTC2";"Buy";"11966.5";"12049.0";"2020.11.06 17:15:00";"2020.11.06 18:35:00";"30.0";"2475.00";"11884.00000";"12049.00000";"-51551.97";"0.00";"IST";"PT";"1h 20m";"-0.00"
"780";"USTEC_ICM_UTC2";"Buy";"12016.3";"11933.8";"2020.11.09 22:00:00";"2020.11.09 22:50:00";"30.0";"-2475.00";"11933.79980";"12098.79980";"-54026.97";"0.00";"IST";"SL";"50m 0s";"-0.00"
"781";"USTEC_ICM_UTC2";"Buy";"11661.2";"11578.7";"2020.11.10 16:45:00";"2020.11.10 17:28:00";"30.0";"-2475.00";"11578.70020";"11743.70020";"-56501.97";"0.00";"IST";"SL";"43m 0s";"-0.00"
"782";"USTEC_ICM_UTC2";"Buy";"11727.0";"11809.5";"2020.11.11 16:30:00";"2020.11.11 16:42:00";"30.0";"2475.00";"11644.50000";"11809.50000";"-54026.97";"0.00";"IST";"PT";"12m 0s";"-0.00"
"783";"USTEC_ICM_UTC2";"Buy";"11810.0";"11892.5";"2020.11.12 20:30:00";"2020.11.13 08:42:00";"30.0";"2291.88";"11727.50000";"11892.50000";"-51735.09";"0.00";"IST";"PT";"12h 12m";"-183.12"
"784";"USTEC_ICM_UTC2";"Buy";"11894.5";"11812.0";"2020.11.13 16:30:00";"2020.11.13 17:57:00";"30.0";"-2475.00";"11812.00000";"11977.00000";"-54210.09";"0.00";"IST";"SL";"1h 27m";"-0.00"
"785";"USTEC_ICM_UTC2";"Buy";"11979.8";"12081.0";"2020.11.16 22:30:00";"2020.11.17 01:00:00";"30.0";"2853.39";"11897.29980";"12062.29980";"-51356.70";"0.00";"IST";"PT";"2h 30m";"-183.12"
"786";"USTEC_ICM_UTC2";"Buy";"12032.9";"11950.4";"2020.11.17 16:30:00";"2020.11.18 02:26:00";"30.0";"-2658.12";"11950.40039";"12115.40039";"-54014.82";"0.00";"IST";"SL";"9h 56m";"-183.12"
"787";"USTEC_ICM_UTC2";"Buy";"11980.4";"11897.9";"2020.11.18 16:45:00";"2020.11.18 22:59:00";"30.0";"-2475.00";"11897.90039";"12062.90039";"-56489.82";"0.00";"IST";"SL";"6h 14m";"-0.00"
"788";"USTEC_ICM_UTC2";"Buy";"11897.0";"11979.5";"2020.11.19 16:45:00";"2020.11.19 21:38:00";"30.0";"2475.00";"11814.50000";"11979.50000";"-54014.82";"0.00";"IST";"PT";"4h 53m";"-0.00"
"789";"USTEC_ICM_UTC2";"Buy";"11991.7";"11918.2";"2020.11.20 21:30:00";"2020.11.20 22:55:00";"30.0";"-2205.00";"11909.20020";"12074.20020";"-56219.82";"0.00";"IST";"End Of Friday (Time)";"1h 25m";"-0.00"
"790";"USTEC_ICM_UTC2";"Buy";"11911.5";"11829.0";"2020.11.23 18:00:00";"2020.11.23 18:11:00";"30.0";"-2475.00";"11829.00000";"11994.00000";"-58694.82";"0.00";"IST";"SL";"11m 0s";"-0.00"
"791";"USTEC_ICM_UTC2";"Buy";"11951.5";"12034.0";"2020.11.24 16:30:00";"2020.11.24 18:49:00";"30.0";"2475.00";"11869.00000";"12034.00000";"-56219.82";"0.00";"IST";"PT";"2h 19m";"-0.00"
"792";"USTEC_ICM_UTC2";"Buy";"12136.1";"12218.6";"2020.11.25 21:45:00";"2020.11.26 10:11:00";"30.0";"2291.88";"12053.59961";"12218.59961";"-53927.94";"0.00";"IST";"PT";"12h 26m";"-183.12"
"793";"USTEC_ICM_UTC2";"Buy";"12169.3";"12251.8";"2020.11.30 18:15:00";"2020.11.30 21:26:00";"30.0";"2475.00";"12086.79980";"12251.79980";"-51452.94";"0.00";"IST";"PT";"3h 11m";"-0.00"
"794";"USTEC_ICM_UTC2";"Buy";"12442.2";"12359.7";"2020.12.01 22:45:00";"2020.12.02 16:33:00";"30.0";"-2658.12";"12359.70020";"12524.70020";"-54111.06";"0.00";"IST";"SL";"17h 48m";"-183.12"
"795";"USTEC_ICM_UTC2";"Buy";"12322.5";"12405.0";"2020.12.02 16:45:00";"2020.12.02 17:12:00";"30.0";"2475.00";"12240.00000";"12405.00000";"-51636.06";"0.00";"IST";"PT";"27m 0s";"-0.00"
"796";"USTEC_ICM_UTC2";"Buy";"12484.6";"12516.1";"2020.12.03 21:15:00";"2020.12.04 22:55:00";"30.0";"761.88";"12402.09961";"12567.09961";"-50874.18";"0.00";"IST";"End Of Friday (Time)";"1d 1h 40m";"-183.12"
"797";"USTEC_ICM_UTC2";"Buy";"12576.6";"12663.1";"2020.12.07 21:30:00";"2020.12.09 01:00:00";"30.0";"2229.36";"12494.09961";"12659.09961";"-48644.82";"0.00";"IST";"PT";"1d 3h 30m";"-366.24"
"798";"USTEC_ICM_UTC2";"Buy";"12600.5";"12518.0";"2020.12.09 17:45:00";"2020.12.09 19:37:00";"30.0";"-2475.00";"12518.00000";"12683.00000";"-51119.82";"0.00";"IST";"SL";"1h 52m";"-0.00"
"799";"USTEC_ICM_UTC2";"Buy";"12265.3";"12347.8";"2020.12.10 16:30:00";"2020.12.10 16:50:00";"30.0";"2475.00";"12182.79980";"12347.79980";"-48644.82";"0.00";"IST";"PT";"20m 0s";"-0.00"
"800";"USTEC_ICM_UTC2";"Buy";"12330.5";"12248.0";"2020.12.11 16:30:00";"2020.12.11 19:22:00";"30.0";"-2475.00";"12248.00000";"12413.00000";"-51119.82";"0.00";"IST";"SL";"2h 52m";"-0.00"
"801";"USTEC_ICM_UTC2";"Buy";"12515.5";"12433.0";"2020.12.14 22:00:00";"2020.12.15 04:22:00";"30.0";"-2658.12";"12433.00000";"12598.00000";"-53777.94";"0.00";"IST";"SL";"6h 22m";"-183.12"
"802";"USTEC_ICM_UTC2";"Buy";"12503.3";"12585.8";"2020.12.15 18:45:00";"2020.12.15 22:24:00";"30.0";"2475.00";"12420.79980";"12585.79980";"-51302.94";"0.00";"IST";"PT";"3h 39m";"-0.00"
"803";"USTEC_ICM_UTC2";"Buy";"12620.5";"12703.0";"2020.12.16 21:15:00";"2020.12.17 06:28:00";"30.0";"2291.88";"12538.00000";"12703.00000";"-49011.06";"0.00";"IST";"PT";"9h 13m";"-183.12"
"804";"USTEC_ICM_UTC2";"Buy";"12725.4";"12642.9";"2020.12.17 21:30:00";"2020.12.18 22:12:00";"30.0";"-2658.12";"12642.90039";"12807.90039";"-51669.18";"0.00";"IST";"SL";"1d 0h 42m";"-183.12"
"805";"USTEC_ICM_UTC2";"Buy";"12636.6";"12688.8";"2020.12.18 22:30:00";"2020.12.18 22:55:00";"30.0";"1566.00";"12554.09961";"12719.09961";"-50103.18";"0.00";"IST";"End Of Friday (Time)";"25m 0s";"-0.00"
"806";"USTEC_ICM_UTC2";"Buy";"12498.5";"12581.0";"2020.12.21 18:00:00";"2020.12.21 18:38:00";"30.0";"2475.00";"12416.00000";"12581.00000";"-47628.18";"0.00";"IST";"PT";"38m 0s";"-0.00"
"807";"USTEC_ICM_UTC2";"Buy";"12680.9";"12763.4";"2020.12.22 19:15:00";"2020.12.28 03:38:00";"30.0";"1376.28";"12598.40039";"12763.40039";"-46251.90";"0.00";"IST";"PT";"5d 8h 23m";"-1098.72"
"808";"USTEC_ICM_UTC2";"Buy";"12850.1";"12883.9";"2020.12.29 22:00:00";"2020.12.31 23:14:00";"30.0";"1014.00";"12767.59961";"12932.59961";"-45237.90";"0.00";"IST";"EndTest";"2d 1h 14m";"-0.00"
