"Ticket";"Symbol";"Type";"Open price";"Close price";"Open time";"Close time";"Size";"Profit/Loss";"Stop Loss price level";"Profit Target price level";"Balance";"Slippage ($)";"Sample type";"Close type";"Time in trade";"Comm/Swap"
"1";"USTEC_ICM_UTC2";"Buy";"4261.0";"4232.6";"2015.01.02 17:15:00";"2015.01.02 22:55:00";"30.0";"-852.00";"4178.50000";"4343.50000";"49148.00";"0.00";"IST";"End Of Friday (Time)";"5h 40m";"-0.00"
"2";"USTEC_ICM_UTC2";"Buy";"4183.5";"4101.0";"2015.01.05 18:00:00";"2015.01.06 19:08:00";"30.0";"-2658.12";"4101.00000";"4266.00000";"46489.88";"0.00";"IST";"SL";"1d 1h 8m";"-183.12"
"3";"USTEC_ICM_UTC2";"Buy";"4131.9";"4214.4";"2015.01.07 18:30:00";"2015.01.08 17:00:00";"30.0";"2291.88";"4049.39990";"4214.39990";"48781.76";"0.00";"IST";"PT";"22h 30m";"-183.12"
"4";"USTEC_ICM_UTC2";"Buy";"4236.0";"4216.9";"2015.01.08 19:30:00";"2015.01.09 22:55:00";"30.0";"-756.12";"4153.50000";"4318.50000";"48025.64";"0.00";"IST";"End Of Friday (Time)";"1d 3h 25m";"-183.12"
"5";"USTEC_ICM_UTC2";"Buy";"4194.0";"4111.5";"2015.01.12 16:45:00";"2015.01.14 15:36:00";"30.0";"-2841.24";"4111.50000";"4276.50000";"45184.40";"0.00";"IST";"SL";"1d 22h 51m";"-366.24"
"6";"USTEC_ICM_UTC2";"Buy";"4153.9";"4071.4";"2015.01.14 17:15:00";"2015.01.16 02:11:00";"30.0";"-2841.24";"4071.39990";"4236.39990";"42343.16";"0.00";"IST";"SL";"1d 8h 56m";"-366.24"
"7";"USTEC_ICM_UTC2";"Buy";"4079.0";"4141.0";"2015.01.16 17:15:00";"2015.01.16 22:55:00";"30.0";"1860.00";"3996.50000";"4161.50000";"44203.16";"0.00";"IST";"End Of Friday (Time)";"5h 40m";"-0.00"
"8";"USTEC_ICM_UTC2";"Buy";"4150.0";"4232.5";"2015.01.19 17:30:00";"2015.01.22 17:57:00";"30.0";"1925.64";"4067.50000";"4232.50000";"46128.80";"0.00";"IST";"PT";"3d 0h 27m";"-549.36"
"9";"USTEC_ICM_UTC2";"Buy";"4234.8";"4273.9";"2015.01.22 19:00:00";"2015.01.23 22:55:00";"30.0";"989.88";"4152.29980";"4317.29980";"47118.68";"0.00";"IST";"End Of Friday (Time)";"1d 3h 55m";"-183.12"
"10";"USTEC_ICM_UTC2";"Buy";"4265.6";"4183.1";"2015.01.26 17:45:00";"2015.01.27 16:52:00";"30.0";"-2658.12";"4183.10010";"4348.10010";"44460.56";"0.00";"IST";"SL";"23h 7m";"-183.12"
"11";"USTEC_ICM_UTC2";"Buy";"4192.3";"4109.8";"2015.01.27 22:00:00";"2015.01.29 16:46:00";"30.0";"-2841.24";"4109.79980";"4274.79980";"41619.32";"0.00";"IST";"SL";"1d 18h 46m";"-366.24"
"12";"USTEC_ICM_UTC2";"Buy";"4202.2";"4149.5";"2015.01.30 16:45:00";"2015.01.30 22:55:00";"30.0";"-1581.00";"4119.70020";"4284.70020";"40038.32";"0.00";"IST";"End Of Friday (Time)";"6h 10m";"-0.00"
"13";"USTEC_ICM_UTC2";"Buy";"4149.6";"4232.1";"2015.02.02 19:15:00";"2015.02.04 18:25:00";"30.0";"2108.76";"4067.10010";"4232.10010";"42147.08";"0.00";"IST";"PT";"1d 23h 10m";"-366.24"
"14";"USTEC_ICM_UTC2";"Buy";"4233.9";"4224.7";"2015.02.04 21:45:00";"2015.02.06 22:55:00";"30.0";"-642.24";"4151.39990";"4316.39990";"41504.84";"0.00";"IST";"End Of Friday (Time)";"2d 1h 10m";"-366.24"
"15";"USTEC_ICM_UTC2";"Buy";"4212.9";"4295.4";"2015.02.09 22:15:00";"2015.02.11 16:42:00";"30.0";"2108.76";"4130.39990";"4295.39990";"43613.60";"0.00";"IST";"PT";"1d 18h 27m";"-366.24"
"16";"USTEC_ICM_UTC2";"Buy";"4299.9";"4380.5";"2015.02.11 18:15:00";"2015.02.13 22:55:00";"30.0";"2051.76";"4217.39990";"4382.39990";"45665.36";"0.00";"IST";"End Of Friday (Time)";"2d 4h 40m";"-366.24"
"17";"USTEC_ICM_UTC2";"Buy";"4385.0";"4437.8";"2015.02.16 17:15:00";"2015.02.20 22:55:00";"30.0";"851.52";"4302.50000";"4467.50000";"46516.88";"0.00";"IST";"End Of Friday (Time)";"4d 5h 40m";"-732.48"
"18";"USTEC_ICM_UTC2";"Buy";"4439.2";"4437.8";"2015.02.23 19:45:00";"2015.02.27 22:55:00";"30.0";"-774.48";"4356.70020";"4521.70020";"45742.40";"0.00";"IST";"End Of Friday (Time)";"4d 3h 10m";"-732.48"
"19";"USTEC_ICM_UTC2";"Buy";"4468.5";"4395.5";"2015.03.02 21:15:00";"2015.03.06 22:55:00";"30.0";"-2922.48";"4386.00000";"4551.00000";"42819.92";"0.00";"IST";"End Of Friday (Time)";"4d 1h 40m";"-732.48"
"20";"USTEC_ICM_UTC2";"Buy";"4406.0";"4323.5";"2015.03.09 16:45:00";"2015.03.11 15:40:00";"30.0";"-2841.24";"4323.50000";"4488.50000";"39978.68";"0.00";"IST";"SL";"1d 22h 55m";"-366.24"
"21";"USTEC_ICM_UTC2";"Buy";"4317.9";"4312.7";"2015.03.11 16:45:00";"2015.03.13 22:55:00";"30.0";"-522.24";"4235.39990";"4400.39990";"39456.44";"0.00";"IST";"End Of Friday (Time)";"2d 6h 10m";"-366.24"
"22";"USTEC_ICM_UTC2";"Buy";"4369.0";"4451.5";"2015.03.16 21:45:00";"2015.03.20 13:52:00";"30.0";"1742.52";"4286.50000";"4451.50000";"41198.96";"0.00";"IST";"PT";"3d 16h 7m";"-732.48"
"23";"USTEC_ICM_UTC2";"Buy";"4466.9";"4454.6";"2015.03.20 17:15:00";"2015.03.20 22:55:00";"30.0";"-369.00";"4384.39990";"4549.39990";"40829.96";"0.00";"IST";"End Of Friday (Time)";"5h 40m";"-0.00"
"24";"USTEC_ICM_UTC2";"Buy";"4458.2";"4375.7";"2015.03.23 18:00:00";"2015.03.25 17:39:00";"30.0";"-2841.24";"4375.70020";"4540.70020";"37988.72";"0.00";"IST";"SL";"1d 23h 39m";"-366.24"
"25";"USTEC_ICM_UTC2";"Buy";"4372.5";"4290.0";"2015.03.25 17:45:00";"2015.03.26 11:00:00";"30.0";"-2658.12";"4290.00000";"4455.00000";"35330.60";"0.00";"IST";"SL";"17h 15m";"-183.12"
"26";"USTEC_ICM_UTC2";"Buy";"4296.1";"4332.9";"2015.03.26 16:30:00";"2015.03.27 22:55:00";"30.0";"920.88";"4213.60010";"4378.60010";"36251.48";"0.00";"IST";"End Of Friday (Time)";"1d 6h 25m";"-183.12"
"27";"USTEC_ICM_UTC2";"Buy";"4369.9";"4287.4";"2015.03.31 17:45:00";"2015.04.01 03:56:00";"30.0";"-2658.12";"4287.39990";"4452.39990";"33593.36";"0.00";"IST";"SL";"10h 11m";"-183.12"
"28";"USTEC_ICM_UTC2";"Buy";"4336.1";"4418.6";"2015.04.01 16:30:00";"2015.04.10 20:46:00";"30.0";"826.92";"4253.60010";"4418.60010";"34420.28";"0.00";"IST";"PT";"9d 4h 16m";"-1648.08"
"29";"USTEC_ICM_UTC2";"Buy";"4419.6";"4419.7";"2015.04.10 22:30:00";"2015.04.10 22:55:00";"30.0";"3.00";"4337.10010";"4502.10010";"34423.28";"0.00";"IST";"End Of Friday (Time)";"25m 0s";"-0.00"
"30";"USTEC_ICM_UTC2";"Buy";"4425.0";"4342.5";"2015.04.13 20:15:00";"2015.04.17 20:55:00";"30.0";"-3207.48";"4342.50000";"4507.50000";"31215.80";"0.00";"IST";"SL";"4d 0h 40m";"-732.48"
"31";"USTEC_ICM_UTC2";"Buy";"4415.2";"4499.0";"2015.04.20 20:45:00";"2015.04.24 09:00:00";"30.0";"1781.25";"4332.70020";"4497.70020";"32997.05";"0.00";"IST";"PT";"3d 12h 15m";"-732.48"
"32";"USTEC_ICM_UTC2";"Buy";"4531.5";"4537.0";"2015.04.24 18:00:00";"2015.04.24 22:55:00";"30.0";"165.00";"4449.00000";"4614.00000";"33162.05";"0.00";"IST";"End Of Friday (Time)";"4h 55m";"-0.00"
"33";"USTEC_ICM_UTC2";"Buy";"4534.0";"4451.5";"2015.04.27 20:15:00";"2015.04.30 17:01:00";"30.0";"-3024.36";"4451.50000";"4616.50000";"30137.69";"0.00";"IST";"SL";"2d 20h 46m";"-549.36"
"34";"USTEC_ICM_UTC2";"Buy";"4456.0";"4475.5";"2015.04.30 18:45:00";"2015.05.01 22:55:00";"30.0";"401.88";"4373.50000";"4538.50000";"30539.57";"0.00";"IST";"End Of Friday (Time)";"1d 4h 10m";"-183.12"
"35";"USTEC_ICM_UTC2";"Buy";"4489.9";"4407.4";"2015.05.04 16:30:00";"2015.05.05 21:50:00";"30.0";"-2658.12";"4407.39990";"4572.39990";"27881.45";"0.00";"IST";"SL";"1d 5h 20m";"-183.12"
"36";"USTEC_ICM_UTC2";"Buy";"4414.5";"4461.2";"2015.05.05 22:00:00";"2015.05.08 22:55:00";"30.0";"851.64";"4332.00000";"4497.00000";"28733.09";"0.00";"IST";"End Of Friday (Time)";"3d 0h 55m";"-549.36"
"37";"USTEC_ICM_UTC2";"Buy";"4458.7";"4490.9";"2015.05.11 16:45:00";"2015.05.15 22:55:00";"30.0";"233.52";"4376.20020";"4541.20020";"28966.61";"0.00";"IST";"End Of Friday (Time)";"4d 6h 10m";"-732.48"
"38";"USTEC_ICM_UTC2";"Buy";"4498.8";"4530.0";"2015.05.18 18:15:00";"2015.05.22 22:55:00";"30.0";"203.52";"4416.29980";"4581.29980";"29170.13";"0.00";"IST";"End Of Friday (Time)";"4d 4h 40m";"-732.48"
"39";"USTEC_ICM_UTC2";"Buy";"4535.0";"4511.9";"2015.05.25 19:15:00";"2015.05.29 22:55:00";"30.0";"-1425.48";"4452.50000";"4617.50000";"27744.65";"0.00";"IST";"End Of Friday (Time)";"4d 3h 40m";"-732.48"
"40";"USTEC_ICM_UTC2";"Buy";"4530.5";"4477.9";"2015.06.01 21:15:00";"2015.06.05 22:55:00";"30.0";"-2310.48";"4448.00000";"4613.00000";"25434.17";"0.00";"IST";"End Of Friday (Time)";"4d 1h 40m";"-732.48"
"41";"USTEC_ICM_UTC2";"Buy";"4459.0";"4455.0";"2015.06.08 18:15:00";"2015.06.12 22:55:00";"30.0";"-852.48";"4376.50000";"4541.50000";"24581.69";"0.00";"IST";"End Of Friday (Time)";"4d 4h 40m";"-732.48"
"42";"USTEC_ICM_UTC2";"Buy";"4426.0";"4508.5";"2015.06.15 18:15:00";"2015.06.18 16:47:00";"30.0";"1925.64";"4343.50000";"4508.50000";"26507.33";"0.00";"IST";"PT";"2d 22h 32m";"-549.36"
"43";"USTEC_ICM_UTC2";"Buy";"4533.0";"4517.5";"2015.06.18 18:30:00";"2015.06.19 22:55:00";"30.0";"-648.12";"4450.50000";"4615.50000";"25859.21";"0.00";"IST";"End Of Friday (Time)";"1d 4h 25m";"-183.12"
"44";"USTEC_ICM_UTC2";"Buy";"4549.0";"4466.5";"2015.06.22 17:45:00";"2015.06.26 20:24:00";"30.0";"-3207.48";"4466.50000";"4631.50000";"22651.73";"0.00";"IST";"SL";"4d 2h 39m";"-732.48"
"45";"USTEC_ICM_UTC2";"Buy";"4483.9";"4483.9";"2015.06.26 22:45:00";"2015.06.26 22:55:00";"30.0";"0.00";"4401.39990";"4566.39990";"22651.73";"0.00";"IST";"End Of Friday (Time)";"10m 0s";"-0.00"
"46";"USTEC_ICM_UTC2";"Buy";"4429.0";"4346.5";"2015.06.29 18:30:00";"2015.07.07 18:32:00";"30.0";"-3939.96";"4346.50000";"4511.50000";"18711.77";"0.00";"IST";"SL";"8d 0h 2m";"-1464.96"
"47";"USTEC_ICM_UTC2";"Buy";"4371.0";"4427.5";"2015.07.08 18:30:00";"2015.07.10 22:55:00";"30.0";"1328.76";"4288.50000";"4453.50000";"20040.53";"0.00";"IST";"End Of Friday (Time)";"2d 4h 25m";"-366.24"
"48";"USTEC_ICM_UTC2";"Buy";"4485.9";"4568.4";"2015.07.13 19:15:00";"2015.07.16 16:09:00";"30.0";"1925.64";"4403.39990";"4568.39990";"21966.17";"0.00";"IST";"PT";"2d 20h 54m";"-549.36"
"49";"USTEC_ICM_UTC2";"Buy";"4567.9";"4650.4";"2015.07.16 17:30:00";"2015.07.17 21:27:00";"30.0";"2291.88";"4485.39990";"4650.39990";"24258.05";"0.00";"IST";"PT";"1d 3h 57m";"-183.12"
"50";"USTEC_ICM_UTC2";"Buy";"4685.8";"4603.3";"2015.07.20 20:45:00";"2015.07.22 16:13:00";"30.0";"-2841.24";"4603.29980";"4768.29980";"21416.81";"0.00";"IST";"SL";"1d 19h 28m";"-366.24"
"51";"USTEC_ICM_UTC2";"Buy";"4631.9";"4562.0";"2015.07.22 22:00:00";"2015.07.24 22:55:00";"30.0";"-2463.24";"4549.39990";"4714.39990";"18953.57";"0.00";"IST";"End Of Friday (Time)";"2d 0h 55m";"-366.24"
"52";"USTEC_ICM_UTC2";"Buy";"4536.6";"4590.5";"2015.07.27 17:30:00";"2015.07.31 22:55:00";"30.0";"884.52";"4454.10010";"4619.10010";"19838.09";"0.00";"IST";"End Of Friday (Time)";"4d 5h 25m";"-732.48"
"53";"USTEC_ICM_UTC2";"Buy";"4566.0";"4517.3";"2015.08.03 22:15:00";"2015.08.07 22:55:00";"30.0";"-2193.48";"4483.50000";"4648.50000";"17644.61";"0.00";"IST";"End Of Friday (Time)";"4d 0h 40m";"-732.48"
"54";"USTEC_ICM_UTC2";"Buy";"4570.3";"4487.8";"2015.08.10 19:30:00";"2015.08.12 09:00:00";"30.0";"-2841.24";"4487.79980";"4652.79980";"14803.37";"0.00";"IST";"SL";"1d 13h 30m";"-366.24"
"55";"USTEC_ICM_UTC2";"Buy";"4508.2";"4530.9";"2015.08.12 21:30:00";"2015.08.14 22:55:00";"30.0";"314.76";"4425.70020";"4590.70020";"15118.13";"0.00";"IST";"End Of Friday (Time)";"2d 1h 25m";"-366.24"
"56";"USTEC_ICM_UTC2";"Buy";"4550.2";"4467.7";"2015.08.17 19:30:00";"2015.08.20 12:28:00";"30.0";"-3024.36";"4467.70020";"4632.70020";"12093.77";"0.00";"IST";"SL";"2d 16h 58m";"-549.36"
"57";"USTEC_ICM_UTC2";"Buy";"4259.0";"4210.9";"2015.08.21 21:45:00";"2015.08.21 22:55:00";"30.0";"-1443.00";"4176.50000";"4341.50000";"10650.77";"0.00";"IST";"End Of Friday (Time)";"1h 10m";"-0.00"
"58";"USTEC_ICM_UTC2";"Buy";"3997.5";"4080.0";"2015.08.24 16:30:00";"2015.08.24 17:21:00";"30.0";"2475.00";"3915.00000";"4080.00000";"13125.77";"0.00";"IST";"PT";"51m 0s";"-0.00"
"59";"USTEC_ICM_UTC2";"Buy";"4141.5";"4059.0";"2015.08.25 21:30:00";"2015.08.25 22:45:00";"30.0";"-2475.00";"4059.00000";"4224.00000";"10650.77";"0.00";"IST";"SL";"1h 15m";"-0.00"
"60";"USTEC_ICM_UTC2";"Buy";"4124.0";"4206.5";"2015.08.26 17:15:00";"2015.08.26 22:42:00";"30.0";"2475.00";"4041.50000";"4206.50000";"13125.77";"0.00";"IST";"PT";"5h 27m";"-0.00"
"61";"USTEC_ICM_UTC2";"Buy";"4304.0";"4321.0";"2015.08.27 18:00:00";"2015.08.28 22:55:00";"30.0";"326.88";"4221.50000";"4386.50000";"13452.65";"0.00";"IST";"End Of Friday (Time)";"1d 4h 55m";"-183.12"
"62";"USTEC_ICM_UTC2";"Buy";"4285.0";"4186.0";"2015.08.31 17:15:00";"2015.09.01 09:00:00";"30.0";"-3153.15";"4202.50000";"4367.50000";"10299.50";"0.00";"IST";"SL";"15h 45m";"-183.12"
"63";"USTEC_ICM_UTC2";"Buy";"4208.0";"4125.5";"2015.09.01 16:45:00";"2015.09.01 22:43:00";"30.0";"-2475.00";"4125.50000";"4290.50000";"7824.50";"0.00";"IST";"SL";"5h 58m";"-0.00"
"64";"USTEC_ICM_UTC2";"Buy";"4176.9";"4263.0";"2015.09.02 17:45:00";"2015.09.03 09:00:00";"30.0";"2398.89";"4094.39990";"4259.39990";"10223.39";"0.00";"IST";"PT";"15h 15m";"-183.12"
"65";"USTEC_ICM_UTC2";"Buy";"4297.0";"4195.2";"2015.09.03 18:00:00";"2015.09.04 09:00:00";"30.0";"-3237.27";"4214.50000";"4379.50000";"6986.12";"0.00";"IST";"SL";"15h 0m";"-183.12"
"66";"USTEC_ICM_UTC2";"Buy";"4181.1";"4196.0";"2015.09.04 19:30:00";"2015.09.04 22:55:00";"30.0";"447.00";"4098.60010";"4263.60010";"7433.12";"0.00";"IST";"End Of Friday (Time)";"3h 25m";"-0.00"
"67";"USTEC_ICM_UTC2";"Buy";"4218.0";"4300.5";"2015.09.07 16:30:00";"2015.09.08 22:38:00";"30.0";"2291.88";"4135.50000";"4300.50000";"9725.00";"0.00";"IST";"PT";"1d 6h 8m";"-183.12"
"68";"USTEC_ICM_UTC2";"Buy";"4296.0";"4313.9";"2015.09.09 21:00:00";"2015.09.11 22:55:00";"30.0";"170.76";"4213.50000";"4378.50000";"9895.76";"0.00";"IST";"End Of Friday (Time)";"2d 1h 55m";"-366.24"
"69";"USTEC_ICM_UTC2";"Buy";"4309.5";"4392.0";"2015.09.14 18:00:00";"2015.09.17 09:11:00";"30.0";"1925.64";"4227.00000";"4392.00000";"11821.40";"0.00";"IST";"PT";"2d 15h 11m";"-549.36"
"70";"USTEC_ICM_UTC2";"Buy";"4382.7";"4325.2";"2015.09.17 16:45:00";"2015.09.18 22:55:00";"30.0";"-1908.12";"4300.20020";"4465.20020";"9913.28";"0.00";"IST";"End Of Friday (Time)";"1d 6h 10m";"-183.12"
"71";"USTEC_ICM_UTC2";"Buy";"4357.0";"4274.5";"2015.09.21 17:30:00";"2015.09.22 12:56:00";"30.0";"-2658.12";"4274.50000";"4439.50000";"7255.16";"0.00";"IST";"SL";"19h 26m";"-183.12"
"72";"USTEC_ICM_UTC2";"Buy";"4255.8";"4225.1";"2015.09.22 19:45:00";"2015.09.25 22:55:00";"30.0";"-1470.36";"4173.29980";"4338.29980";"5784.80";"0.00";"IST";"End Of Friday (Time)";"3d 3h 10m";"-549.36"
"73";"USTEC_ICM_UTC2";"Buy";"4203.4";"4120.9";"2015.09.28 16:45:00";"2015.09.28 19:55:00";"30.0";"-2475.00";"4120.89990";"4285.89990";"3309.80";"0.00";"IST";"SL";"3h 10m";"-0.00"
"74";"USTEC_ICM_UTC2";"Buy";"4120.4";"4219.0";"2015.09.29 18:45:00";"2015.10.01 09:00:00";"30.0";"2590.35";"4037.89990";"4202.89990";"5900.15";"0.00";"IST";"PT";"1d 14h 15m";"-366.24"
"75";"USTEC_ICM_UTC2";"Buy";"4194.0";"4263.1";"2015.10.02 19:15:00";"2015.10.02 22:55:00";"30.0";"2073.00";"4111.50000";"4276.50000";"7973.15";"0.00";"IST";"End Of Friday (Time)";"3h 40m";"-0.00"
"76";"USTEC_ICM_UTC2";"Buy";"4300.5";"4366.8";"2015.10.05 18:45:00";"2015.10.09 22:55:00";"30.0";"1256.52";"4218.00000";"4383.00000";"9229.67";"0.00";"IST";"End Of Friday (Time)";"4d 4h 10m";"-732.48"
"77";"USTEC_ICM_UTC2";"Buy";"4371.8";"4434.3";"2015.10.12 17:30:00";"2015.10.16 22:55:00";"30.0";"1142.52";"4289.29980";"4454.29980";"10372.19";"0.00";"IST";"End Of Friday (Time)";"4d 5h 25m";"-732.48"
"78";"USTEC_ICM_UTC2";"Buy";"4448.0";"4582.1";"2015.10.21 18:30:00";"2015.10.23 09:00:00";"30.0";"3657.48";"4365.50000";"4530.50000";"14029.67";"0.00";"IST";"PT";"1d 14h 30m";"-366.24"
"79";"USTEC_ICM_UTC2";"Buy";"4601.4";"4627.9";"2015.10.23 17:30:00";"2015.10.23 22:55:00";"30.0";"795.00";"4518.89990";"4683.89990";"14824.67";"0.00";"IST";"End Of Friday (Time)";"5h 25m";"-0.00"
"80";"USTEC_ICM_UTC2";"Buy";"4625.0";"4707.5";"2015.10.26 20:00:00";"2015.11.03 18:34:00";"30.0";"1010.04";"4542.50000";"4707.50000";"15834.71";"0.00";"IST";"PT";"7d 22h 34m";"-1464.96"
"81";"USTEC_ICM_UTC2";"Buy";"4730.4";"4701.5";"2015.11.03 21:45:00";"2015.11.06 22:55:00";"30.0";"-1416.36";"4647.89990";"4812.89990";"14418.35";"0.00";"IST";"End Of Friday (Time)";"3d 1h 10m";"-549.36"
"82";"USTEC_ICM_UTC2";"Buy";"4644.0";"4561.5";"2015.11.09 22:15:00";"2015.11.13 16:45:00";"30.0";"-3207.48";"4561.50000";"4726.50000";"11210.87";"0.00";"IST";"SL";"3d 18h 30m";"-732.48"
"83";"USTEC_ICM_UTC2";"Buy";"4523.4";"4506.7";"2015.11.13 21:30:00";"2015.11.13 22:55:00";"30.0";"-501.00";"4440.89990";"4605.89990";"10709.87";"0.00";"IST";"End Of Friday (Time)";"1h 25m";"-0.00"
"84";"USTEC_ICM_UTC2";"Buy";"4501.2";"4583.7";"2015.11.16 18:00:00";"2015.11.17 13:07:00";"30.0";"2291.88";"4418.70020";"4583.70020";"13001.75";"0.00";"IST";"PT";"19h 7m";"-183.12"
"85";"USTEC_ICM_UTC2";"Buy";"4583.0";"4665.5";"2015.11.17 17:45:00";"2015.11.19 10:13:00";"30.0";"2108.76";"4500.50000";"4665.50000";"15110.51";"0.00";"IST";"PT";"1d 16h 28m";"-366.24"
"86";"USTEC_ICM_UTC2";"Buy";"4656.8";"4682.7";"2015.11.19 22:15:00";"2015.11.20 22:55:00";"30.0";"593.88";"4574.29980";"4739.29980";"15704.39";"0.00";"IST";"End Of Friday (Time)";"1d 0h 40m";"-183.12"
"87";"USTEC_ICM_UTC2";"Buy";"4700.3";"4617.8";"2015.11.23 17:30:00";"2015.12.03 20:02:00";"30.0";"-4306.20";"4617.79980";"4782.79980";"11398.19";"0.00";"IST";"SL";"10d 2h 32m";"-1831.20"
"88";"USTEC_ICM_UTC2";"Buy";"4698.4";"4714.8";"2015.12.04 19:45:00";"2015.12.04 22:55:00";"30.0";"492.00";"4615.89990";"4780.89990";"11890.19";"0.00";"IST";"End Of Friday (Time)";"3h 10m";"-0.00"
"89";"USTEC_ICM_UTC2";"Buy";"4679.7";"4597.2";"2015.12.07 21:45:00";"2015.12.09 19:43:00";"30.0";"-2841.24";"4597.20020";"4762.20020";"9048.95";"0.00";"IST";"SL";"1d 21h 58m";"-366.24"
"90";"USTEC_ICM_UTC2";"Buy";"4599.8";"4536.0";"2015.12.09 21:30:00";"2015.12.11 22:55:00";"30.0";"-2280.24";"4517.29980";"4682.29980";"6768.71";"0.00";"IST";"End Of Friday (Time)";"2d 1h 25m";"-366.24"
"91";"USTEC_ICM_UTC2";"Buy";"4534.0";"4616.5";"2015.12.14 21:45:00";"2015.12.15 16:33:00";"30.0";"2291.88";"4451.50000";"4616.50000";"9060.59";"0.00";"IST";"PT";"18h 48m";"-183.12"
"92";"USTEC_ICM_UTC2";"Buy";"4624.8";"4542.3";"2015.12.15 21:30:00";"2015.12.18 19:30:00";"30.0";"-3024.36";"4542.29980";"4707.29980";"6036.23";"0.00";"IST";"SL";"2d 22h 0m";"-549.36"
"93";"USTEC_ICM_UTC2";"Buy";"4548.0";"4630.5";"2015.12.21 21:15:00";"2015.12.24 16:35:00";"30.0";"1925.64";"4465.50000";"4630.50000";"7961.87";"0.00";"IST";"PT";"2d 19h 20m";"-549.36"
"94";"USTEC_ICM_UTC2";"Buy";"4629.9";"4547.4";"2015.12.24 18:00:00";"2016.01.04 09:00:00";"30.0";"-4489.32";"4547.39990";"4712.39990";"3472.55";"0.00";"IST";"SL";"10d 15h 0m";"-2014.32"
"95";"USTEC_ICM_UTC2";"Buy";"4453.7";"4371.2";"2016.01.04 18:30:00";"2016.01.07 09:40:00";"30.0";"-3024.36";"4371.20020";"4536.20020";"448.19";"0.00";"IST";"SL";"2d 15h 10m";"-549.36"
"96";"USTEC_ICM_UTC2";"Buy";"4360.0";"4277.5";"2016.01.07 17:15:00";"2016.01.08 22:46:00";"30.0";"-2658.12";"4277.50000";"4442.50000";"-2209.93";"0.00";"IST";"SL";"1d 5h 31m";"-183.12"
"97";"USTEC_ICM_UTC2";"Buy";"4293.0";"4210.5";"2016.01.11 16:45:00";"2016.01.13 21:17:00";"30.0";"-2841.24";"4210.50000";"4375.50000";"-5051.17";"0.00";"IST";"SL";"2d 4h 32m";"-366.24"
"98";"USTEC_ICM_UTC2";"Buy";"4261.9";"4179.4";"2016.01.14 20:15:00";"2016.01.15 12:35:00";"30.0";"-2658.12";"4179.39990";"4344.39990";"-7709.29";"0.00";"IST";"SL";"16h 20m";"-183.12"
"99";"USTEC_ICM_UTC2";"Buy";"4123.0";"4141.0";"2016.01.15 19:15:00";"2016.01.15 22:55:00";"30.0";"540.00";"4040.50000";"4205.50000";"-7169.29";"0.00";"IST";"End Of Friday (Time)";"3h 40m";"-0.00"
"100";"USTEC_ICM_UTC2";"Buy";"4140.9";"4058.4";"2016.01.18 18:30:00";"2016.01.20 10:31:00";"30.0";"-2841.24";"4058.39990";"4223.39990";"-10010.53";"0.00";"IST";"SL";"1d 16h 1m";"-366.24"
"101";"USTEC_ICM_UTC2";"Buy";"4165.7";"4248.2";"2016.01.21 20:45:00";"2016.01.22 17:18:00";"30.0";"2291.88";"4083.19995";"4248.20020";"-7718.65";"0.00";"IST";"PT";"20h 33m";"-183.12"
"102";"USTEC_ICM_UTC2";"Buy";"4243.8";"4258.3";"2016.01.22 20:30:00";"2016.01.22 22:55:00";"30.0";"435.00";"4161.29980";"4326.29980";"-7283.65";"0.00";"IST";"End Of Friday (Time)";"2h 25m";"-0.00"
"103";"USTEC_ICM_UTC2";"Buy";"4244.9";"4162.4";"2016.01.25 17:45:00";"2016.01.26 09:57:00";"30.0";"-2658.12";"4162.39990";"4327.39990";"-9941.77";"0.00";"IST";"SL";"16h 12m";"-183.12"
"104";"USTEC_ICM_UTC2";"Buy";"4225.3";"4142.8";"2016.01.26 18:45:00";"2016.01.27 21:56:00";"30.0";"-2658.12";"4142.79980";"4307.79980";"-12599.89";"0.00";"IST";"SL";"1d 3h 11m";"-183.12"
"105";"USTEC_ICM_UTC2";"Buy";"4178.9";"4261.4";"2016.01.28 22:45:00";"2016.01.29 22:26:00";"30.0";"2291.88";"4096.39990";"4261.39990";"-10308.01";"0.00";"IST";"PT";"23h 41m";"-183.12"
"106";"USTEC_ICM_UTC2";"Buy";"4260.0";"4177.5";"2016.02.01 17:15:00";"2016.02.03 16:55:00";"30.0";"-2841.24";"4177.50000";"4342.50000";"-13149.25";"0.00";"IST";"SL";"1d 23h 40m";"-366.24"
"107";"USTEC_ICM_UTC2";"Buy";"4113.6";"4207.2";"2016.02.03 20:45:00";"2016.02.04 09:00:00";"30.0";"2624.97";"4031.10010";"4196.10010";"-10524.28";"0.00";"IST";"PT";"12h 15m";"-183.12"
"108";"USTEC_ICM_UTC2";"Buy";"4164.7";"4082.2";"2016.02.04 19:45:00";"2016.02.05 17:28:00";"30.0";"-2658.12";"4082.19995";"4247.20020";"-13182.40";"0.00";"IST";"SL";"21h 43m";"-183.12"
"109";"USTEC_ICM_UTC2";"Buy";"3903.6";"3986.1";"2016.02.08 21:45:00";"2016.02.09 16:54:00";"30.0";"2291.88";"3821.10010";"3986.10010";"-10890.52";"0.00";"IST";"PT";"19h 9m";"-183.12"
"110";"USTEC_ICM_UTC2";"Buy";"3988.1";"3905.6";"2016.02.09 22:15:00";"2016.02.11 10:35:00";"30.0";"-2841.24";"3905.60010";"4070.60010";"-13731.76";"0.00";"IST";"SL";"1d 12h 20m";"-366.24"
"111";"USTEC_ICM_UTC2";"Buy";"3934.0";"4016.5";"2016.02.11 16:45:00";"2016.02.12 13:55:00";"30.0";"2291.88";"3851.50000";"4016.50000";"-11439.88";"0.00";"IST";"PT";"21h 10m";"-183.12"
"112";"USTEC_ICM_UTC2";"Buy";"4002.1";"4016.7";"2016.02.12 20:00:00";"2016.02.12 22:55:00";"30.0";"438.00";"3919.60010";"4084.60010";"-11001.88";"0.00";"IST";"End Of Friday (Time)";"2h 55m";"-0.00"
"113";"USTEC_ICM_UTC2";"Buy";"4078.1";"4160.6";"2016.02.15 18:30:00";"2016.02.17 17:18:00";"30.0";"2108.76";"3995.60010";"4160.60010";"-8893.12";"0.00";"IST";"PT";"1d 22h 48m";"-366.24"
"114";"USTEC_ICM_UTC2";"Buy";"4177.8";"4165.4";"2016.02.17 19:15:00";"2016.02.19 22:55:00";"30.0";"-738.24";"4095.30005";"4260.29980";"-9631.36";"0.00";"IST";"End Of Friday (Time)";"2d 3h 40m";"-366.24"
"115";"USTEC_ICM_UTC2";"Buy";"4222.8";"4140.3";"2016.02.22 20:15:00";"2016.02.24 11:20:00";"30.0";"-2841.24";"4140.29980";"4305.29980";"-12472.60";"0.00";"IST";"SL";"1d 15h 5m";"-366.24"
"116";"USTEC_ICM_UTC2";"Buy";"4104.1";"4186.6";"2016.02.24 18:15:00";"2016.02.24 22:08:00";"30.0";"2475.00";"4021.60010";"4186.60010";"-9997.60";"0.00";"IST";"PT";"3h 53m";"-0.00"
"117";"USTEC_ICM_UTC2";"Buy";"4189.2";"4271.7";"2016.02.25 16:45:00";"2016.02.26 10:03:00";"30.0";"2291.88";"4106.70020";"4271.70020";"-7705.72";"0.00";"IST";"PT";"17h 18m";"-183.12"
"118";"USTEC_ICM_UTC2";"Buy";"4261.5";"4239.1";"2016.02.26 17:00:00";"2016.02.26 22:55:00";"30.0";"-672.00";"4179.00000";"4344.00000";"-8377.72";"0.00";"IST";"End Of Friday (Time)";"5h 55m";"-0.00"
"119";"USTEC_ICM_UTC2";"Buy";"4246.7";"4329.2";"2016.02.29 18:00:00";"2016.03.01 22:09:00";"30.0";"2291.88";"4164.20020";"4329.20020";"-6085.84";"0.00";"IST";"PT";"1d 4h 9m";"-183.12"
"120";"USTEC_ICM_UTC2";"Buy";"4333.3";"4326.8";"2016.03.02 17:15:00";"2016.03.04 22:55:00";"30.0";"-561.24";"4250.79980";"4415.79980";"-6647.08";"0.00";"IST";"End Of Friday (Time)";"2d 5h 40m";"-366.24"
"121";"USTEC_ICM_UTC2";"Buy";"4311.0";"4357.7";"2016.03.07 18:15:00";"2016.03.11 22:55:00";"30.0";"668.52";"4228.50000";"4393.50000";"-5978.56";"0.00";"IST";"End Of Friday (Time)";"4d 4h 40m";"-732.48"
"122";"USTEC_ICM_UTC2";"Buy";"4363.6";"4446.1";"2016.03.14 18:00:00";"2016.03.22 19:29:00";"30.0";"1010.04";"4281.10010";"4446.10010";"-4968.52";"0.00";"IST";"PT";"8d 1h 29m";"-1464.96"
"123";"USTEC_ICM_UTC2";"Buy";"4440.1";"4522.6";"2016.03.22 21:15:00";"2016.04.01 21:41:00";"30.0";"643.80";"4357.60010";"4522.60010";"-4324.72";"0.00";"IST";"PT";"10d 0h 26m";"-1831.20"
"124";"USTEC_ICM_UTC2";"Buy";"4519.1";"4469.5";"2016.04.04 17:45:00";"2016.04.08 22:55:00";"30.0";"-2220.48";"4436.60010";"4601.60010";"-6545.20";"0.00";"IST";"End Of Friday (Time)";"4d 5h 10m";"-732.48"
"125";"USTEC_ICM_UTC2";"Buy";"4504.5";"4542.9";"2016.04.11 17:45:00";"2016.04.15 22:55:00";"30.0";"419.52";"4422.00000";"4587.00000";"-6125.68";"0.00";"IST";"End Of Friday (Time)";"4d 5h 10m";"-732.48"
"126";"USTEC_ICM_UTC2";"Buy";"4561.0";"4478.5";"2016.04.18 22:00:00";"2016.04.22 17:12:00";"30.0";"-3207.48";"4478.50000";"4643.50000";"-9333.16";"0.00";"IST";"SL";"3d 19h 12m";"-732.48"
"127";"USTEC_ICM_UTC2";"Buy";"4477.4";"4473.7";"2016.04.22 17:15:00";"2016.04.22 22:55:00";"30.0";"-111.00";"4394.89990";"4559.89990";"-9444.16";"0.00";"IST";"End Of Friday (Time)";"5h 40m";"-0.00"
"128";"USTEC_ICM_UTC2";"Buy";"4459.4";"4376.9";"2016.04.25 17:15:00";"2016.04.28 22:15:00";"30.0";"-3024.36";"4376.89990";"4541.89990";"-12468.52";"0.00";"IST";"SL";"3d 5h 0m";"-549.36"
"129";"USTEC_ICM_UTC2";"Buy";"4333.7";"4340.2";"2016.04.29 18:15:00";"2016.04.29 22:55:00";"30.0";"195.00";"4251.20020";"4416.20020";"-12273.52";"0.00";"IST";"End Of Friday (Time)";"4h 40m";"-0.00"
"130";"USTEC_ICM_UTC2";"Buy";"4337.8";"4325.8";"2016.05.02 18:00:00";"2016.05.06 22:55:00";"30.0";"-1092.48";"4255.29980";"4420.29980";"-13366.00";"0.00";"IST";"End Of Friday (Time)";"4d 4h 55m";"-732.48"
"131";"USTEC_ICM_UTC2";"Buy";"4350.5";"4325.4";"2016.05.09 19:30:00";"2016.05.13 22:55:00";"30.0";"-1485.48";"4268.00000";"4433.00000";"-14851.48";"0.00";"IST";"End Of Friday (Time)";"4d 3h 25m";"-732.48"
"132";"USTEC_ICM_UTC2";"Buy";"4346.2";"4361.8";"2016.05.16 17:30:00";"2016.05.20 22:55:00";"30.0";"-264.48";"4263.70020";"4428.70020";"-15115.96";"0.00";"IST";"End Of Friday (Time)";"4d 5h 25m";"-732.48"
"133";"USTEC_ICM_UTC2";"Buy";"4376.3";"4458.8";"2016.05.23 17:15:00";"2016.05.25 09:17:00";"30.0";"2108.76";"4293.79980";"4458.79980";"-13007.20";"0.00";"IST";"PT";"1d 16h 2m";"-366.24"
"134";"USTEC_ICM_UTC2";"Buy";"4487.3";"4509.4";"2016.05.25 20:15:00";"2016.05.27 22:55:00";"30.0";"296.76";"4404.79980";"4569.79980";"-12710.44";"0.00";"IST";"End Of Friday (Time)";"2d 2h 40m";"-366.24"
"135";"USTEC_ICM_UTC2";"Buy";"4523.4";"4512.5";"2016.05.30 18:30:00";"2016.06.03 22:55:00";"30.0";"-1059.48";"4440.89990";"4605.89990";"-13769.92";"0.00";"IST";"End Of Friday (Time)";"4d 4h 25m";"-732.48"
"136";"USTEC_ICM_UTC2";"Buy";"4519.8";"4458.3";"2016.06.06 17:30:00";"2016.06.10 22:55:00";"30.0";"-2577.48";"4437.29980";"4602.29980";"-16347.40";"0.00";"IST";"End Of Friday (Time)";"4d 5h 25m";"-732.48"
"137";"USTEC_ICM_UTC2";"Buy";"4450.7";"4368.2";"2016.06.13 18:15:00";"2016.06.16 17:22:00";"30.0";"-3024.36";"4368.20020";"4533.20020";"-19371.76";"0.00";"IST";"SL";"2d 23h 7m";"-549.36"
"138";"USTEC_ICM_UTC2";"Buy";"4402.9";"4371.9";"2016.06.16 20:45:00";"2016.06.17 22:55:00";"30.0";"-1113.12";"4320.39990";"4485.39990";"-20484.88";"0.00";"IST";"End Of Friday (Time)";"1d 2h 10m";"-183.12"
"139";"USTEC_ICM_UTC2";"Buy";"4439.6";"4254.8";"2016.06.20 17:15:00";"2016.06.24 09:00:00";"30.0";"-6277.35";"4357.10010";"4522.10010";"-26762.23";"0.00";"IST";"SL";"3d 15h 45m";"-732.48"
"140";"USTEC_ICM_UTC2";"Buy";"4362.2";"4279.7";"2016.06.24 17:15:00";"2016.06.24 22:14:00";"30.0";"-2475.00";"4279.70020";"4444.70020";"-29237.23";"0.00";"IST";"SL";"4h 59m";"-0.00"
"141";"USTEC_ICM_UTC2";"Buy";"4193.1";"4275.6";"2016.06.27 22:15:00";"2016.06.28 21:50:00";"30.0";"2291.88";"4110.60010";"4275.60010";"-26945.35";"0.00";"IST";"PT";"23h 35m";"-183.12"
"142";"USTEC_ICM_UTC2";"Buy";"4323.2";"4405.7";"2016.06.29 16:30:00";"2016.06.30 19:24:00";"30.0";"2291.88";"4240.70020";"4405.70020";"-24653.47";"0.00";"IST";"PT";"1d 2h 54m";"-183.12"
"143";"USTEC_ICM_UTC2";"Buy";"4417.6";"4439.8";"2016.06.30 22:30:00";"2016.07.01 22:55:00";"30.0";"482.88";"4335.10010";"4500.10010";"-24170.59";"0.00";"IST";"End Of Friday (Time)";"1d 0h 25m";"-183.12"
"144";"USTEC_ICM_UTC2";"Buy";"4398.1";"4480.6";"2016.07.05 19:00:00";"2016.07.08 15:30:00";"30.0";"1925.64";"4315.60010";"4480.60010";"-22244.95";"0.00";"IST";"PT";"2d 20h 30m";"-549.36"
"145";"USTEC_ICM_UTC2";"Buy";"4519.8";"4527.2";"2016.07.08 18:30:00";"2016.07.08 22:55:00";"30.0";"222.00";"4437.29980";"4602.29980";"-22022.95";"0.00";"IST";"End Of Friday (Time)";"4h 25m";"-0.00"
"146";"USTEC_ICM_UTC2";"Buy";"4562.4";"4587.5";"2016.07.11 19:15:00";"2016.07.15 22:55:00";"30.0";"20.52";"4479.89990";"4644.89990";"-22002.43";"0.00";"IST";"End Of Friday (Time)";"4d 3h 40m";"-732.48"
"147";"USTEC_ICM_UTC2";"Buy";"4626.1";"4663.1";"2016.07.18 18:45:00";"2016.07.22 22:55:00";"30.0";"377.52";"4543.60010";"4708.60010";"-21624.91";"0.00";"IST";"End Of Friday (Time)";"4d 4h 10m";"-732.48"
"148";"USTEC_ICM_UTC2";"Buy";"4655.0";"4737.5";"2016.07.25 19:00:00";"2016.07.29 18:09:00";"30.0";"1742.52";"4572.50000";"4737.50000";"-19882.39";"0.00";"IST";"PT";"3d 23h 9m";"-732.48"
"149";"USTEC_ICM_UTC2";"Buy";"4742.8";"4735.0";"2016.07.29 19:15:00";"2016.07.29 22:55:00";"30.0";"-234.00";"4660.29980";"4825.29980";"-20116.39";"0.00";"IST";"End Of Friday (Time)";"3h 40m";"-0.00"
"150";"USTEC_ICM_UTC2";"Buy";"4764.0";"4789.5";"2016.08.01 18:45:00";"2016.08.05 22:55:00";"30.0";"32.52";"4681.50000";"4846.50000";"-20083.87";"0.00";"IST";"End Of Friday (Time)";"4d 4h 10m";"-732.48"
"151";"USTEC_ICM_UTC2";"Buy";"4780.0";"4804.8";"2016.08.08 18:45:00";"2016.08.12 22:55:00";"30.0";"11.52";"4697.50000";"4862.50000";"-20072.35";"0.00";"IST";"End Of Friday (Time)";"4d 4h 10m";"-732.48"
"152";"USTEC_ICM_UTC2";"Buy";"4836.2";"4805.5";"2016.08.15 20:00:00";"2016.08.19 22:55:00";"30.0";"-1653.48";"4753.70020";"4918.70020";"-21725.83";"0.00";"IST";"End Of Friday (Time)";"4d 2h 55m";"-732.48"
"153";"USTEC_ICM_UTC2";"Buy";"4815.9";"4780.7";"2016.08.22 17:30:00";"2016.08.26 22:55:00";"30.0";"-1788.48";"4733.39990";"4898.39990";"-23514.31";"0.00";"IST";"End Of Friday (Time)";"4d 5h 25m";"-732.48"
"154";"USTEC_ICM_UTC2";"Buy";"4793.9";"4796.7";"2016.08.29 17:15:00";"2016.09.02 22:55:00";"30.0";"-648.48";"4711.39990";"4876.39990";"-24162.79";"0.00";"IST";"End Of Friday (Time)";"4d 5h 40m";"-732.48"
"155";"USTEC_ICM_UTC2";"Buy";"4821.5";"4739.0";"2016.09.06 19:30:00";"2016.09.09 18:44:00";"30.0";"-3024.36";"4739.00000";"4904.00000";"-27187.15";"0.00";"IST";"SL";"2d 23h 14m";"-549.36"
"156";"USTEC_ICM_UTC2";"Buy";"4689.1";"4771.6";"2016.09.12 16:45:00";"2016.09.12 22:42:00";"30.0";"2475.00";"4606.60010";"4771.60010";"-24712.15";"0.00";"IST";"PT";"5h 57m";"-0.00"
"157";"USTEC_ICM_UTC2";"Buy";"4723.6";"4806.1";"2016.09.13 22:30:00";"2016.09.15 18:33:00";"30.0";"2108.76";"4641.10010";"4806.10010";"-22603.39";"0.00";"IST";"PT";"1d 20h 3m";"-366.24"
"158";"USTEC_ICM_UTC2";"Buy";"4802.7";"4817.8";"2016.09.15 19:15:00";"2016.09.16 22:55:00";"30.0";"269.88";"4720.20020";"4885.20020";"-22333.51";"0.00";"IST";"End Of Friday (Time)";"1d 3h 40m";"-183.12"
"159";"USTEC_ICM_UTC2";"Buy";"4799.1";"4881.6";"2016.09.19 21:00:00";"2016.09.22 16:29:00";"30.0";"1925.64";"4716.60010";"4881.60010";"-20407.87";"0.00";"IST";"PT";"2d 19h 29m";"-549.36"
"160";"USTEC_ICM_UTC2";"Buy";"4887.7";"4864.7";"2016.09.22 19:45:00";"2016.09.23 22:55:00";"30.0";"-873.12";"4805.20020";"4970.20020";"-21280.99";"0.00";"IST";"End Of Friday (Time)";"1d 3h 10m";"-183.12"
"161";"USTEC_ICM_UTC2";"Buy";"4818.2";"4885.2";"2016.09.26 18:15:00";"2016.09.30 22:55:00";"30.0";"1277.52";"4735.70020";"4900.70020";"-20003.47";"0.00";"IST";"End Of Friday (Time)";"4d 4h 40m";"-732.48"
"162";"USTEC_ICM_UTC2";"Buy";"4868.4";"4867.2";"2016.10.03 17:45:00";"2016.10.07 22:55:00";"30.0";"-768.48";"4785.89990";"4950.89990";"-20771.95";"0.00";"IST";"End Of Friday (Time)";"4d 5h 10m";"-732.48"
"163";"USTEC_ICM_UTC2";"Buy";"4903.5";"4821.0";"2016.10.10 18:15:00";"2016.10.11 20:44:00";"30.0";"-2658.12";"4821.00000";"4986.00000";"-23430.07";"0.00";"IST";"SL";"1d 2h 29m";"-183.12"
"164";"USTEC_ICM_UTC2";"Buy";"4825.2";"4811.0";"2016.10.12 19:15:00";"2016.10.14 22:55:00";"30.0";"-792.24";"4742.70020";"4907.70020";"-24222.31";"0.00";"IST";"End Of Friday (Time)";"2d 3h 40m";"-366.24"
"165";"USTEC_ICM_UTC2";"Buy";"4807.8";"4851.5";"2016.10.17 16:30:00";"2016.10.21 22:55:00";"30.0";"578.52";"4725.29980";"4890.29980";"-23643.79";"0.00";"IST";"End Of Friday (Time)";"4d 6h 25m";"-732.48"
"166";"USTEC_ICM_UTC2";"Buy";"4900.5";"4817.9";"2016.10.24 18:30:00";"2016.10.28 09:00:00";"30.0";"-3211.41";"4818.00000";"4983.00000";"-26855.20";"0.00";"IST";"SL";"3d 14h 30m";"-732.48"
"167";"USTEC_ICM_UTC2";"Buy";"4829.7";"4802.8";"2016.10.28 16:45:00";"2016.10.28 22:55:00";"30.0";"-807.00";"4747.20020";"4912.20020";"-27662.20";"0.00";"IST";"End Of Friday (Time)";"6h 10m";"-0.00"
"168";"USTEC_ICM_UTC2";"Buy";"4811.0";"4728.5";"2016.10.31 21:15:00";"2016.11.01 20:15:00";"30.0";"-2658.12";"4728.50000";"4893.50000";"-30320.32";"0.00";"IST";"SL";"23h 0m";"-183.12"
"169";"USTEC_ICM_UTC2";"Buy";"4745.5";"4663.0";"2016.11.01 21:15:00";"2016.11.04 15:29:00";"30.0";"-3024.36";"4663.00000";"4828.00000";"-33344.68";"0.00";"IST";"SL";"2d 18h 14m";"-549.36"
"170";"USTEC_ICM_UTC2";"Buy";"4692.6";"4775.1";"2016.11.04 17:15:00";"2016.11.07 19:02:00";"30.0";"1925.64";"4610.10010";"4775.10010";"-31419.04";"0.00";"IST";"PT";"3d 1h 47m";"-549.36"
"171";"USTEC_ICM_UTC2";"Buy";"4773.1";"4594.8";"2016.11.07 19:15:00";"2016.11.09 09:00:00";"30.0";"-5715.21";"4690.60010";"4855.60010";"-37134.25";"0.00";"IST";"SL";"1d 13h 45m";"-366.24"
"172";"USTEC_ICM_UTC2";"Buy";"4823.3";"4740.8";"2016.11.09 20:15:00";"2016.11.10 17:28:00";"30.0";"-2658.12";"4740.79980";"4905.79980";"-39792.37";"0.00";"IST";"SL";"21h 13m";"-183.12"
"173";"USTEC_ICM_UTC2";"Buy";"4718.4";"4754.0";"2016.11.10 19:00:00";"2016.11.11 22:55:00";"30.0";"884.88";"4635.89990";"4800.89990";"-38907.49";"0.00";"IST";"End Of Friday (Time)";"1d 3h 55m";"-183.12"
"174";"USTEC_ICM_UTC2";"Buy";"4693.1";"4775.6";"2016.11.14 18:00:00";"2016.11.15 17:10:00";"30.0";"2291.88";"4610.60010";"4775.60010";"-36615.61";"0.00";"IST";"PT";"23h 10m";"-183.12"
"175";"USTEC_ICM_UTC2";"Buy";"4771.8";"4809.5";"2016.11.15 17:15:00";"2016.11.18 22:55:00";"30.0";"581.64";"4689.29980";"4854.29980";"-36033.97";"0.00";"IST";"End Of Friday (Time)";"3d 5h 40m";"-549.36"
"176";"USTEC_ICM_UTC2";"Buy";"4849.0";"4766.5";"2016.11.21 18:45:00";"2016.12.01 17:30:00";"30.0";"-4306.20";"4766.50000";"4931.50000";"-40340.17";"0.00";"IST";"SL";"9d 22h 45m";"-1831.20"
"177";"USTEC_ICM_UTC2";"Buy";"4739.5";"4736.6";"2016.12.01 19:30:00";"2016.12.02 22:55:00";"30.0";"-270.12";"4657.00000";"4822.00000";"-40610.29";"0.00";"IST";"End Of Friday (Time)";"1d 3h 25m";"-183.12"
"178";"USTEC_ICM_UTC2";"Buy";"4783.8";"4866.3";"2016.12.05 18:30:00";"2016.12.08 18:08:00";"30.0";"1925.64";"4701.29980";"4866.29980";"-38684.65";"0.00";"IST";"PT";"2d 23h 38m";"-549.36"
"179";"USTEC_ICM_UTC2";"Buy";"4863.2";"4891.8";"2016.12.08 20:00:00";"2016.12.09 22:55:00";"30.0";"674.88";"4780.70020";"4945.70020";"-38009.77";"0.00";"IST";"End Of Friday (Time)";"1d 2h 55m";"-183.12"
"180";"USTEC_ICM_UTC2";"Buy";"4946.1";"4915.4";"2016.12.13 18:00:00";"2016.12.16 22:55:00";"30.0";"-1470.36";"4863.60010";"5028.60010";"-39480.13";"0.00";"IST";"End Of Friday (Time)";"3d 4h 55m";"-549.36"
"181";"USTEC_ICM_UTC2";"Buy";"4927.1";"4937.4";"2016.12.19 16:45:00";"2016.12.23 22:55:00";"30.0";"-423.48";"4844.60010";"5009.60010";"-39903.61";"0.00";"IST";"End Of Friday (Time)";"4d 6h 10m";"-732.48"
"182";"USTEC_ICM_UTC2";"Buy";"4948.9";"4866.4";"2016.12.27 16:30:00";"2016.12.30 19:41:00";"30.0";"-3024.36";"4866.39990";"5031.39990";"-42927.97";"0.00";"IST";"SL";"3d 3h 11m";"-549.36"
"183";"USTEC_ICM_UTC2";"Buy";"4920.3";"5002.8";"2017.01.03 17:15:00";"2017.01.06 18:49:00";"30.0";"1925.64";"4837.79980";"5002.79980";"-41002.33";"0.00";"IST";"PT";"3d 1h 34m";"-549.36"
"184";"USTEC_ICM_UTC2";"Buy";"5017.2";"5012.3";"2017.01.06 21:45:00";"2017.01.06 22:55:00";"30.0";"-147.00";"4934.70020";"5099.70020";"-41149.33";"0.00";"IST";"End Of Friday (Time)";"1h 10m";"-0.00"
"185";"USTEC_ICM_UTC2";"Buy";"5023.4";"5057.8";"2017.01.09 19:00:00";"2017.01.13 22:55:00";"30.0";"299.52";"4940.89990";"5105.89990";"-40849.81";"0.00";"IST";"End Of Friday (Time)";"4d 3h 55m";"-732.48"
"186";"USTEC_ICM_UTC2";"Buy";"5056.8";"5057.9";"2017.01.16 19:00:00";"2017.01.20 22:55:00";"30.0";"-699.48";"4974.29980";"5139.29980";"-41549.29";"0.00";"IST";"End Of Friday (Time)";"4d 3h 55m";"-732.48"
"187";"USTEC_ICM_UTC2";"Buy";"5047.1";"5129.6";"2017.01.23 18:45:00";"2017.01.25 16:24:00";"30.0";"2108.76";"4964.60010";"5129.60010";"-39440.53";"0.00";"IST";"PT";"1d 21h 39m";"-366.24"
"188";"USTEC_ICM_UTC2";"Buy";"5138.7";"5163.8";"2017.01.25 17:45:00";"2017.01.27 22:55:00";"30.0";"386.76";"5056.20020";"5221.20020";"-39053.77";"0.00";"IST";"End Of Friday (Time)";"2d 5h 10m";"-366.24"
"189";"USTEC_ICM_UTC2";"Buy";"5149.4";"5160.6";"2017.01.30 16:30:00";"2017.02.03 22:55:00";"30.0";"-396.48";"5066.89990";"5231.89990";"-39450.25";"0.00";"IST";"End Of Friday (Time)";"4d 6h 25m";"-732.48"
"190";"USTEC_ICM_UTC2";"Buy";"5155.6";"5226.6";"2017.02.06 18:00:00";"2017.02.10 22:55:00";"30.0";"1397.52";"5073.10010";"5238.10010";"-38052.73";"0.00";"IST";"End Of Friday (Time)";"4d 4h 55m";"-732.48"
"191";"USTEC_ICM_UTC2";"Buy";"5249.6";"5318.6";"2017.02.13 17:45:00";"2017.02.17 22:55:00";"30.0";"1337.52";"5167.10010";"5332.10010";"-36715.21";"0.00";"IST";"End Of Friday (Time)";"4d 5h 10m";"-732.48"
"192";"USTEC_ICM_UTC2";"Buy";"5343.0";"5339.0";"2017.02.20 19:30:00";"2017.02.24 22:55:00";"30.0";"-852.48";"5260.50000";"5425.50000";"-37567.69";"0.00";"IST";"End Of Friday (Time)";"4d 3h 25m";"-732.48"
"193";"USTEC_ICM_UTC2";"Buy";"5335.7";"5371.3";"2017.02.27 20:15:00";"2017.03.03 22:55:00";"30.0";"335.52";"5253.20020";"5418.20020";"-37232.17";"0.00";"IST";"End Of Friday (Time)";"4d 2h 40m";"-732.48"
"194";"USTEC_ICM_UTC2";"Buy";"5343.9";"5384.3";"2017.03.06 19:00:00";"2017.03.10 22:55:00";"30.0";"479.52";"5261.39990";"5426.39990";"-36752.65";"0.00";"IST";"End Of Friday (Time)";"4d 3h 55m";"-732.48"
"195";"USTEC_ICM_UTC2";"Buy";"5387.1";"5442.1";"2017.03.13 17:45:00";"2017.03.31 22:55:00";"30.0";"-1646.16";"5304.60010";"5469.60010";"-38398.81";"0.00";"IST";"End Of Friday (Time)";"18d 5h 10m";"-3296.16"
"196";"USTEC_ICM_UTC2";"Buy";"5439.2";"5420.4";"2017.04.03 17:15:00";"2017.04.07 22:55:00";"30.0";"-1296.48";"5356.70020";"5521.70020";"-39695.29";"0.00";"IST";"End Of Friday (Time)";"4d 5h 40m";"-732.48"
"197";"USTEC_ICM_UTC2";"Buy";"5434.1";"5441.6";"2017.04.10 17:15:00";"2017.04.21 22:55:00";"30.0";"-1789.32";"5351.60010";"5516.60010";"-41484.61";"0.00";"IST";"End Of Friday (Time)";"11d 5h 40m";"-2014.32"
"198";"USTEC_ICM_UTC2";"Buy";"5504.7";"5589.0";"2017.04.24 18:00:00";"2017.04.28 09:00:00";"30.0";"1795.59";"5422.20020";"5587.20020";"-39689.02";"0.00";"IST";"PT";"3d 15h 0m";"-732.48"
"199";"USTEC_ICM_UTC2";"Buy";"5582.1";"5583.6";"2017.04.28 22:15:00";"2017.04.28 22:55:00";"30.0";"45.00";"5499.60010";"5664.60010";"-39644.02";"0.00";"IST";"End Of Friday (Time)";"40m 0s";"-0.00"
"200";"USTEC_ICM_UTC2";"Buy";"5603.1";"5642.8";"2017.05.01 16:30:00";"2017.05.05 22:55:00";"30.0";"458.52";"5520.60010";"5685.60010";"-39185.50";"0.00";"IST";"End Of Friday (Time)";"4d 6h 25m";"-732.48"
"201";"USTEC_ICM_UTC2";"Buy";"5647.5";"5682.1";"2017.05.08 20:15:00";"2017.05.12 22:55:00";"30.0";"305.52";"5565.00000";"5730.00000";"-38879.98";"0.00";"IST";"End Of Friday (Time)";"4d 2h 40m";"-732.48"
"202";"USTEC_ICM_UTC2";"Buy";"5715.4";"5632.9";"2017.05.16 17:00:00";"2017.05.17 17:54:00";"30.0";"-2658.12";"5632.89990";"5797.89990";"-41538.10";"0.00";"IST";"SL";"1d 0h 54m";"-183.12"
"203";"USTEC_ICM_UTC2";"Buy";"5589.4";"5671.9";"2017.05.18 16:45:00";"2017.05.19 19:54:00";"30.0";"2291.88";"5506.89990";"5671.89990";"-39246.22";"0.00";"IST";"PT";"1d 3h 9m";"-183.12"
"204";"USTEC_ICM_UTC2";"Buy";"5656.5";"5650.2";"2017.05.19 22:15:00";"2017.05.19 22:55:00";"30.0";"-189.00";"5574.00000";"5739.00000";"-39435.22";"0.00";"IST";"End Of Friday (Time)";"40m 0s";"-0.00"
"205";"USTEC_ICM_UTC2";"Buy";"5689.5";"5772.0";"2017.05.22 19:00:00";"2017.05.25 18:09:00";"30.0";"1925.64";"5607.00000";"5772.00000";"-37509.58";"0.00";"IST";"PT";"2d 23h 9m";"-549.36"
"206";"USTEC_ICM_UTC2";"Buy";"5774.1";"5786.3";"2017.05.25 18:15:00";"2017.05.26 22:55:00";"30.0";"182.88";"5691.60010";"5856.60010";"-37326.70";"0.00";"IST";"End Of Friday (Time)";"1d 4h 40m";"-183.12"
"207";"USTEC_ICM_UTC2";"Buy";"5792.2";"5874.7";"2017.05.30 17:15:00";"2017.06.02 21:19:00";"30.0";"1925.64";"5709.70020";"5874.70020";"-35401.06";"0.00";"IST";"PT";"3d 4h 4m";"-549.36"
"208";"USTEC_ICM_UTC2";"Buy";"5885.0";"5802.5";"2017.06.05 17:30:00";"2017.06.09 20:11:00";"30.0";"-3207.48";"5802.50000";"5967.50000";"-38608.54";"0.00";"IST";"SL";"4d 2h 41m";"-732.48"
"209";"USTEC_ICM_UTC2";"Buy";"5746.4";"5663.9";"2017.06.13 20:15:00";"2017.06.15 11:45:00";"30.0";"-2841.24";"5663.89990";"5828.89990";"-41449.78";"0.00";"IST";"SL";"1d 15h 30m";"-366.24"
"210";"USTEC_ICM_UTC2";"Buy";"5653.7";"5678.8";"2017.06.15 17:45:00";"2017.06.16 22:55:00";"30.0";"569.88";"5571.20020";"5736.20020";"-40879.90";"0.00";"IST";"End Of Friday (Time)";"1d 5h 10m";"-183.12"
"211";"USTEC_ICM_UTC2";"Buy";"5758.2";"5802.2";"2017.06.19 17:15:00";"2017.06.23 22:55:00";"30.0";"587.52";"5675.70020";"5840.70020";"-40292.38";"0.00";"IST";"End Of Friday (Time)";"4d 5h 40m";"-732.48"
"212";"USTEC_ICM_UTC2";"Buy";"5820.5";"5738.0";"2017.06.26 17:15:00";"2017.06.27 16:31:00";"30.0";"-2658.12";"5738.00000";"5903.00000";"-42950.50";"0.00";"IST";"SL";"23h 16m";"-183.12"
"213";"USTEC_ICM_UTC2";"Buy";"5757.3";"5674.8";"2017.06.27 17:45:00";"2017.06.27 22:51:00";"30.0";"-2475.00";"5674.79980";"5839.79980";"-45425.50";"0.00";"IST";"SL";"5h 6m";"-0.00"
"214";"USTEC_ICM_UTC2";"Buy";"5691.6";"5609.1";"2017.06.28 16:30:00";"2017.06.29 20:26:00";"30.0";"-2658.12";"5609.10010";"5774.10010";"-48083.62";"0.00";"IST";"SL";"1d 3h 56m";"-183.12"
"215";"USTEC_ICM_UTC2";"Buy";"5661.6";"5660.1";"2017.06.30 18:15:00";"2017.06.30 22:55:00";"30.0";"-45.00";"5579.10010";"5744.10010";"-48128.62";"0.00";"IST";"End Of Friday (Time)";"4h 40m";"-0.00"
"216";"USTEC_ICM_UTC2";"Buy";"5634.4";"5658.4";"2017.07.05 19:00:00";"2017.07.07 22:55:00";"30.0";"353.76";"5551.89990";"5716.89990";"-47774.86";"0.00";"IST";"End Of Friday (Time)";"2d 3h 55m";"-366.24"
"217";"USTEC_ICM_UTC2";"Buy";"5687.1";"5769.6";"2017.07.10 19:45:00";"2017.07.12 20:06:00";"30.0";"2108.76";"5604.60010";"5769.60010";"-45666.10";"0.00";"IST";"PT";"2d 0h 21m";"-366.24"
"218";"USTEC_ICM_UTC2";"Buy";"5772.0";"5837.9";"2017.07.12 20:45:00";"2017.07.14 22:55:00";"30.0";"1610.76";"5689.50000";"5854.50000";"-44055.34";"0.00";"IST";"End Of Friday (Time)";"2d 2h 10m";"-366.24"
"219";"USTEC_ICM_UTC2";"Buy";"5841.0";"5923.5";"2017.07.17 22:45:00";"2017.07.20 14:56:00";"30.0";"1925.64";"5758.50000";"5923.50000";"-42129.70";"0.00";"IST";"PT";"2d 16h 11m";"-549.36"
"220";"USTEC_ICM_UTC2";"Buy";"5918.0";"5915.5";"2017.07.20 16:45:00";"2017.07.21 22:55:00";"30.0";"-258.12";"5835.50000";"6000.50000";"-42387.82";"0.00";"IST";"End Of Friday (Time)";"1d 6h 10m";"-183.12"
"221";"USTEC_ICM_UTC2";"Buy";"5929.6";"5847.1";"2017.07.24 20:45:00";"2017.07.27 20:39:00";"30.0";"-3024.36";"5847.10010";"6012.10010";"-45412.18";"0.00";"IST";"SL";"2d 23h 54m";"-549.36"
"222";"USTEC_ICM_UTC2";"Buy";"5897.0";"5908.5";"2017.07.28 17:15:00";"2017.07.28 22:55:00";"30.0";"345.00";"5814.50000";"5979.50000";"-45067.18";"0.00";"IST";"End Of Friday (Time)";"5h 40m";"-0.00"
"223";"USTEC_ICM_UTC2";"Buy";"5895.1";"5893.5";"2017.07.31 17:15:00";"2017.08.04 22:55:00";"30.0";"-780.48";"5812.60010";"5977.60010";"-45847.66";"0.00";"IST";"End Of Friday (Time)";"4d 5h 40m";"-732.48"
"224";"USTEC_ICM_UTC2";"Buy";"5926.1";"5843.6";"2017.08.07 20:30:00";"2017.08.10 17:03:00";"30.0";"-3024.36";"5843.60010";"6008.60010";"-48872.02";"0.00";"IST";"SL";"2d 20h 33m";"-549.36"
"225";"USTEC_ICM_UTC2";"Buy";"5814.9";"5830.1";"2017.08.11 17:15:00";"2017.08.11 22:55:00";"30.0";"456.00";"5732.39990";"5897.39990";"-48416.02";"0.00";"IST";"End Of Friday (Time)";"5h 40m";"-0.00"
"226";"USTEC_ICM_UTC2";"Buy";"5898.3";"5815.8";"2017.08.14 19:15:00";"2017.08.17 21:18:00";"30.0";"-3024.36";"5815.79980";"5980.79980";"-51440.38";"0.00";"IST";"SL";"3d 2h 3m";"-549.36"
"227";"USTEC_ICM_UTC2";"Buy";"5814.2";"5793.9";"2017.08.18 20:15:00";"2017.08.18 22:55:00";"30.0";"-609.00";"5731.70020";"5896.70020";"-52049.38";"0.00";"IST";"End Of Friday (Time)";"2h 40m";"-0.00"
"228";"USTEC_ICM_UTC2";"Buy";"5784.6";"5867.1";"2017.08.21 20:00:00";"2017.08.22 19:02:00";"30.0";"2291.88";"5702.10010";"5867.10010";"-49757.50";"0.00";"IST";"PT";"23h 2m";"-183.12"
"229";"USTEC_ICM_UTC2";"Buy";"5871.4";"5826.6";"2017.08.22 19:15:00";"2017.08.25 22:55:00";"30.0";"-1893.36";"5788.89990";"5953.89990";"-51650.86";"0.00";"IST";"End Of Friday (Time)";"3d 3h 40m";"-549.36"
"230";"USTEC_ICM_UTC2";"Buy";"5851.6";"5934.1";"2017.08.28 18:00:00";"2017.08.30 20:51:00";"30.0";"2108.76";"5769.10010";"5934.10010";"-49542.10";"0.00";"IST";"PT";"2d 2h 51m";"-366.24"
"231";"USTEC_ICM_UTC2";"Buy";"5938.9";"5990.4";"2017.08.30 21:30:00";"2017.09.01 22:55:00";"30.0";"1178.76";"5856.39990";"6021.39990";"-48363.34";"0.00";"IST";"End Of Friday (Time)";"2d 1h 25m";"-366.24"
"232";"USTEC_ICM_UTC2";"Buy";"5967.9";"5910.5";"2017.09.05 16:30:00";"2017.09.08 22:55:00";"30.0";"-2271.36";"5885.39990";"6050.39990";"-50634.70";"0.00";"IST";"End Of Friday (Time)";"3d 6h 25m";"-549.36"
"233";"USTEC_ICM_UTC2";"Buy";"5987.9";"5987.0";"2017.09.11 17:15:00";"2017.09.15 22:55:00";"30.0";"-759.48";"5905.39990";"6070.39990";"-51394.18";"0.00";"IST";"End Of Friday (Time)";"4d 5h 40m";"-732.48"
"234";"USTEC_ICM_UTC2";"Buy";"6008.0";"5925.5";"2017.09.18 18:45:00";"2017.09.20 21:36:00";"30.0";"-2841.24";"5925.50000";"6090.50000";"-54235.42";"0.00";"IST";"SL";"2d 2h 51m";"-366.24"
"235";"USTEC_ICM_UTC2";"Buy";"5959.9";"5934.2";"2017.09.20 22:30:00";"2017.09.22 22:55:00";"30.0";"-1137.24";"5877.39990";"6042.39990";"-55372.66";"0.00";"IST";"End Of Friday (Time)";"2d 0h 25m";"-366.24"
"236";"USTEC_ICM_UTC2";"Buy";"5875.8";"5958.3";"2017.09.25 17:45:00";"2017.09.29 18:16:00";"30.0";"1742.52";"5793.29980";"5958.29980";"-53630.14";"0.00";"IST";"PT";"4d 0h 31m";"-732.48"
"237";"USTEC_ICM_UTC2";"Buy";"5996.9";"6062.3";"2017.10.02 18:00:00";"2017.10.06 22:55:00";"30.0";"1229.52";"5914.39990";"6079.39990";"-52400.62";"0.00";"IST";"End Of Friday (Time)";"4d 4h 55m";"-732.48"
"238";"USTEC_ICM_UTC2";"Buy";"6070.8";"6091.6";"2017.10.09 17:45:00";"2017.10.13 22:55:00";"30.0";"-108.48";"5988.29980";"6153.29980";"-52509.10";"0.00";"IST";"End Of Friday (Time)";"4d 5h 10m";"-732.48"
"239";"USTEC_ICM_UTC2";"Buy";"6105.5";"6100.8";"2017.10.17 17:45:00";"2017.10.20 22:55:00";"30.0";"-690.36";"6023.00000";"6188.00000";"-53199.46";"0.00";"IST";"End Of Friday (Time)";"3d 5h 10m";"-549.36"
"240";"USTEC_ICM_UTC2";"Buy";"6089.5";"6172.0";"2017.10.23 21:45:00";"2017.10.27 17:13:00";"30.0";"1742.52";"6007.00000";"6172.00000";"-51456.94";"0.00";"IST";"PT";"3d 19h 28m";"-732.48"
"241";"USTEC_ICM_UTC2";"Buy";"6204.0";"6216.9";"2017.10.27 20:15:00";"2017.10.27 22:55:00";"30.0";"387.00";"6121.50000";"6286.50000";"-51069.94";"0.00";"IST";"End Of Friday (Time)";"2h 40m";"-0.00"
"242";"USTEC_ICM_UTC2";"Buy";"6218.2";"6300.7";"2017.10.30 19:45:00";"2017.11.06 16:34:00";"30.0";"1193.16";"6135.70020";"6300.70020";"-49876.78";"0.00";"IST";"PT";"6d 20h 49m";"-1281.84"
"243";"USTEC_ICM_UTC2";"Buy";"6307.6";"6309.6";"2017.11.06 16:45:00";"2017.11.10 22:55:00";"30.0";"-672.48";"6225.10010";"6390.10010";"-50549.26";"0.00";"IST";"End Of Friday (Time)";"4d 6h 10m";"-732.48"
"244";"USTEC_ICM_UTC2";"Buy";"6316.1";"6233.6";"2017.11.13 19:30:00";"2017.11.15 16:39:00";"30.0";"-2841.24";"6233.60010";"6398.60010";"-53390.50";"0.00";"IST";"SL";"1d 21h 9m";"-366.24"
"245";"USTEC_ICM_UTC2";"Buy";"6261.9";"6344.4";"2017.11.15 20:15:00";"2017.11.16 19:32:00";"30.0";"2291.88";"6179.39990";"6344.39990";"-51098.62";"0.00";"IST";"PT";"23h 17m";"-183.12"
"246";"USTEC_ICM_UTC2";"Buy";"6349.3";"6315.6";"2017.11.16 21:45:00";"2017.11.17 22:55:00";"30.0";"-1194.12";"6266.79980";"6431.79980";"-52292.74";"0.00";"IST";"End Of Friday (Time)";"1d 1h 10m";"-183.12"
"247";"USTEC_ICM_UTC2";"Buy";"6306.1";"6388.6";"2017.11.20 19:30:00";"2017.11.22 21:43:00";"30.0";"2108.76";"6223.60010";"6388.60010";"-50183.98";"0.00";"IST";"PT";"2d 2h 13m";"-366.24"
"248";"USTEC_ICM_UTC2";"Buy";"6385.3";"6302.8";"2017.11.23 16:30:00";"2017.11.29 18:41:00";"30.0";"-3573.72";"6302.79980";"6467.79980";"-53757.70";"0.00";"IST";"SL";"6d 2h 11m";"-1098.72"
"249";"USTEC_ICM_UTC2";"Buy";"6310.8";"6337.8";"2017.11.29 21:00:00";"2017.12.01 22:55:00";"30.0";"443.76";"6228.29980";"6393.29980";"-53313.94";"0.00";"IST";"End Of Friday (Time)";"2d 1h 55m";"-366.24"
"250";"USTEC_ICM_UTC2";"Buy";"6295.2";"6339.2";"2017.12.04 21:30:00";"2017.12.08 22:55:00";"30.0";"587.52";"6212.70020";"6377.70020";"-52726.42";"0.00";"IST";"End Of Friday (Time)";"4d 1h 25m";"-732.48"
"251";"USTEC_ICM_UTC2";"Buy";"6365.1";"6447.6";"2017.12.11 17:45:00";"2017.12.15 19:02:00";"30.0";"1742.52";"6282.60010";"6447.60010";"-50983.90";"0.00";"IST";"PT";"4d 1h 17m";"-732.48"
"252";"USTEC_ICM_UTC2";"Buy";"6462.7";"6458.9";"2017.12.15 21:30:00";"2017.12.15 22:55:00";"30.0";"-114.00";"6380.20020";"6545.20020";"-51097.90";"0.00";"IST";"End Of Friday (Time)";"1h 25m";"-0.00"
"253";"USTEC_ICM_UTC2";"Buy";"6518.8";"6467.4";"2017.12.18 20:30:00";"2017.12.22 22:55:00";"30.0";"-2274.48";"6436.29980";"6601.29980";"-53372.38";"0.00";"IST";"End Of Friday (Time)";"4d 2h 25m";"-732.48"
"254";"USTEC_ICM_UTC2";"Buy";"6442.4";"6399.3";"2017.12.26 20:15:00";"2017.12.29 22:55:00";"30.0";"-1842.36";"6359.89990";"6524.89990";"-55214.74";"0.00";"IST";"End Of Friday (Time)";"3d 2h 40m";"-549.36"
"255";"USTEC_ICM_UTC2";"Buy";"6500.2";"6589.2";"2018.01.02 20:45:00";"2018.01.04 09:05:00";"30.0";"2303.73";"6417.70020";"6582.70020";"-52911.01";"0.00";"IST";"PT";"1d 12h 20m";"-366.24"
"256";"USTEC_ICM_UTC2";"Buy";"6592.8";"6653.6";"2018.01.04 18:15:00";"2018.01.05 22:55:00";"30.0";"1640.88";"6510.29980";"6675.29980";"-51270.13";"0.00";"IST";"End Of Friday (Time)";"1d 4h 40m";"-183.12"
"257";"USTEC_ICM_UTC2";"Buy";"6678.0";"6760.5";"2018.01.08 21:00:00";"2018.01.12 21:30:00";"30.0";"1742.52";"6595.50000";"6760.50000";"-49527.61";"0.00";"IST";"PT";"4d 0h 30m";"-732.48"
"258";"USTEC_ICM_UTC2";"Buy";"6768.0";"6831.0";"2018.01.15 16:45:00";"2018.01.19 22:55:00";"30.0";"1157.52";"6685.50000";"6850.50000";"-48370.09";"0.00";"IST";"End Of Friday (Time)";"4d 6h 10m";"-732.48"
"259";"USTEC_ICM_UTC2";"Buy";"6889.1";"6971.6";"2018.01.22 20:15:00";"2018.01.24 12:37:00";"30.0";"2108.76";"6806.60010";"6971.60010";"-46261.33";"0.00";"IST";"PT";"1d 16h 22m";"-366.24"
"260";"USTEC_ICM_UTC2";"Buy";"6983.1";"6900.6";"2018.01.24 17:45:00";"2018.01.24 19:46:00";"30.0";"-2475.00";"6900.60010";"7065.60010";"-48736.33";"0.00";"IST";"SL";"2h 1m";"-0.00"
"261";"USTEC_ICM_UTC2";"Buy";"6964.0";"7014.2";"2018.01.25 16:30:00";"2018.01.26 22:55:00";"30.0";"1322.88";"6881.50000";"7046.50000";"-47413.45";"0.00";"IST";"End Of Friday (Time)";"1d 6h 25m";"-183.12"
"262";"USTEC_ICM_UTC2";"Buy";"7004.5";"6922.0";"2018.01.29 20:00:00";"2018.01.30 16:13:00";"30.0";"-2658.12";"6922.00000";"7087.00000";"-50071.57";"0.00";"IST";"SL";"20h 13m";"-183.12"
"263";"USTEC_ICM_UTC2";"Buy";"6917.4";"6834.9";"2018.01.30 20:00:00";"2018.02.02 16:51:00";"30.0";"-3024.36";"6834.89990";"6999.89990";"-53095.93";"0.00";"IST";"SL";"2d 20h 51m";"-549.36"
"264";"USTEC_ICM_UTC2";"Buy";"6829.2";"6746.7";"2018.02.02 17:15:00";"2018.02.05 09:23:00";"30.0";"-3024.36";"6746.70020";"6911.70020";"-56120.29";"0.00";"IST";"SL";"2d 16h 8m";"-549.36"
"265";"USTEC_ICM_UTC2";"Buy";"6484.3";"6566.8";"2018.02.06 18:30:00";"2018.02.06 19:30:00";"30.0";"2475.00";"6401.79980";"6566.79980";"-53645.29";"0.00";"IST";"PT";"1h 0m";"-0.00"
"266";"USTEC_ICM_UTC2";"Buy";"6561.2";"6478.7";"2018.02.08 16:45:00";"2018.02.08 17:55:00";"30.0";"-2475.00";"6478.70020";"6643.70020";"-56120.29";"0.00";"IST";"SL";"1h 10m";"-0.00"
"267";"USTEC_ICM_UTC2";"Buy";"6324.6";"6242.1";"2018.02.09 18:45:00";"2018.02.09 19:09:00";"30.0";"-2475.00";"6242.10010";"6407.10010";"-58595.29";"0.00";"IST";"SL";"24m 0s";"-0.00"
"268";"USTEC_ICM_UTC2";"Buy";"6515.8";"6598.3";"2018.02.12 20:00:00";"2018.02.14 17:20:00";"30.0";"2108.76";"6433.29980";"6598.29980";"-56486.53";"0.00";"IST";"PT";"1d 21h 20m";"-366.24"
"269";"USTEC_ICM_UTC2";"Buy";"6777.8";"6785.2";"2018.02.15 20:15:00";"2018.02.16 22:55:00";"30.0";"38.88";"6695.29980";"6860.29980";"-56447.65";"0.00";"IST";"End Of Friday (Time)";"1d 2h 40m";"-183.12"
"270";"USTEC_ICM_UTC2";"Buy";"6788.7";"6871.2";"2018.02.20 18:00:00";"2018.02.21 21:07:00";"30.0";"2291.88";"6706.20020";"6871.20020";"-54155.77";"0.00";"IST";"PT";"1d 3h 7m";"-183.12"
"271";"USTEC_ICM_UTC2";"Buy";"6792.8";"6875.3";"2018.02.22 17:15:00";"2018.02.23 21:55:00";"30.0";"2291.88";"6710.29980";"6875.29980";"-51863.89";"0.00";"IST";"PT";"1d 4h 40m";"-183.12"
"272";"USTEC_ICM_UTC2";"Buy";"6950.3";"6867.8";"2018.02.26 17:15:00";"2018.02.28 22:50:00";"30.0";"-2841.24";"6867.79980";"7032.79980";"-54705.13";"0.00";"IST";"SL";"2d 5h 35m";"-366.24"
"273";"USTEC_ICM_UTC2";"Buy";"6860.5";"6778.0";"2018.03.01 19:00:00";"2018.03.01 20:01:00";"30.0";"-2475.00";"6778.00000";"6943.00000";"-57180.13";"0.00";"IST";"SL";"1h 1m";"-0.00"
"274";"USTEC_ICM_UTC2";"Buy";"6668.0";"6750.5";"2018.03.02 16:30:00";"2018.03.02 18:58:00";"30.0";"2475.00";"6585.50000";"6750.50000";"-54705.13";"0.00";"IST";"PT";"2h 28m";"-0.00"
"275";"USTEC_ICM_UTC2";"Buy";"6755.6";"6838.1";"2018.03.05 17:15:00";"2018.03.05 18:22:00";"30.0";"2475.00";"6673.10010";"6838.10010";"-52230.13";"0.00";"IST";"PT";"1h 7m";"-0.00"
"276";"USTEC_ICM_UTC2";"Buy";"6870.2";"6952.7";"2018.03.07 17:15:00";"2018.03.08 14:04:00";"30.0";"2291.88";"6787.70020";"6952.70020";"-49938.25";"0.00";"IST";"PT";"20h 49m";"-183.12"
"277";"USTEC_ICM_UTC2";"Buy";"6960.8";"7043.3";"2018.03.08 16:45:00";"2018.03.09 17:35:00";"30.0";"2291.88";"6878.29980";"7043.29980";"-47646.37";"0.00";"IST";"PT";"1d 0h 50m";"-183.12"
"278";"USTEC_ICM_UTC2";"Buy";"7069.1";"7091.0";"2018.03.09 19:15:00";"2018.03.09 22:55:00";"30.0";"657.00";"6986.60010";"7151.60010";"-46989.37";"0.00";"IST";"End Of Friday (Time)";"3h 40m";"-0.00"
"279";"USTEC_ICM_UTC2";"Buy";"7137.0";"7054.5";"2018.03.12 16:45:00";"2018.03.13 18:08:00";"30.0";"-2658.12";"7054.50000";"7219.50000";"-49647.49";"0.00";"IST";"SL";"1d 1h 23m";"-183.12"
"280";"USTEC_ICM_UTC2";"Buy";"7082.0";"6964.4";"2018.03.13 18:30:00";"2018.03.19 08:05:00";"30.0";"-4627.95";"6999.50000";"7164.50000";"-54275.44";"0.00";"IST";"SL";"5d 13h 35m";"-1098.72"
"281";"USTEC_ICM_UTC2";"Buy";"6828.1";"6910.6";"2018.03.19 20:45:00";"2018.03.21 18:57:00";"30.0";"2108.76";"6745.60010";"6910.60010";"-52166.68";"0.00";"IST";"PT";"1d 22h 12m";"-366.24"
"282";"USTEC_ICM_UTC2";"Buy";"6638.1";"6555.6";"2018.03.26 17:15:00";"2018.03.26 18:17:00";"30.0";"-2475.00";"6555.60010";"6720.60010";"-54641.68";"0.00";"IST";"SL";"1h 2m";"-0.00"
"283";"USTEC_ICM_UTC2";"Buy";"6450.9";"6533.4";"2018.03.28 17:45:00";"2018.03.28 19:14:00";"30.0";"2475.00";"6368.39990";"6533.39990";"-52166.68";"0.00";"IST";"PT";"1h 29m";"-0.00"
"284";"USTEC_ICM_UTC2";"Buy";"6553.7";"6636.2";"2018.03.29 20:30:00";"2018.03.29 22:04:00";"30.0";"2475.00";"6471.20020";"6636.20020";"-49691.68";"0.00";"IST";"PT";"1h 34m";"-0.00"
"285";"USTEC_ICM_UTC2";"Buy";"6469.9";"6387.4";"2018.04.02 17:15:00";"2018.04.02 18:36:00";"30.0";"-2475.00";"6387.39990";"6552.39990";"-52166.68";"0.00";"IST";"SL";"1h 21m";"-0.00"
"286";"USTEC_ICM_UTC2";"Buy";"6450.3";"6367.8";"2018.04.03 16:30:00";"2018.04.03 17:10:00";"30.0";"-2475.00";"6367.79980";"6532.79980";"-54641.68";"0.00";"IST";"SL";"40m 0s";"-0.00"
"287";"USTEC_ICM_UTC2";"Buy";"6332.2";"6414.7";"2018.04.04 16:30:00";"2018.04.04 17:59:00";"30.0";"2475.00";"6249.70020";"6414.70020";"-52166.68";"0.00";"IST";"PT";"1h 29m";"-0.00"
"288";"USTEC_ICM_UTC2";"Buy";"6622.2";"6510.8";"2018.04.05 18:45:00";"2018.04.06 09:05:00";"30.0";"-3526.02";"6539.70020";"6704.70020";"-55692.70";"0.00";"IST";"SL";"14h 20m";"-183.12"
"289";"USTEC_ICM_UTC2";"Buy";"6542.9";"6625.4";"2018.04.09 17:30:00";"2018.04.10 22:09:00";"30.0";"2291.88";"6460.39990";"6625.39990";"-53400.82";"0.00";"IST";"PT";"1d 4h 39m";"-183.12"
"290";"USTEC_ICM_UTC2";"Buy";"6612.5";"6695.0";"2018.04.11 21:45:00";"2018.04.13 16:02:00";"30.0";"2108.76";"6530.00000";"6695.00000";"-51292.06";"0.00";"IST";"PT";"1d 18h 17m";"-366.24"
"291";"USTEC_ICM_UTC2";"Buy";"6693.0";"6610.5";"2018.04.13 16:45:00";"2018.04.13 22:05:00";"30.0";"-2475.00";"6610.50000";"6775.50000";"-53767.06";"0.00";"IST";"SL";"5h 20m";"-0.00"
"292";"USTEC_ICM_UTC2";"Buy";"6673.3";"6755.8";"2018.04.16 19:45:00";"2018.04.17 16:43:00";"30.0";"2291.88";"6590.79980";"6755.79980";"-51475.18";"0.00";"IST";"PT";"20h 58m";"-183.12"
"293";"USTEC_ICM_UTC2";"Buy";"6813.4";"6730.9";"2018.04.17 20:45:00";"2018.04.20 10:52:00";"30.0";"-3024.36";"6730.89990";"6895.89990";"-54499.54";"0.00";"IST";"SL";"2d 14h 7m";"-549.36"
"294";"USTEC_ICM_UTC2";"Buy";"6672.6";"6662.9";"2018.04.20 19:15:00";"2018.04.20 22:55:00";"30.0";"-291.00";"6590.10010";"6755.10010";"-54790.54";"0.00";"IST";"End Of Friday (Time)";"3h 40m";"-0.00"
"295";"USTEC_ICM_UTC2";"Buy";"6702.3";"6619.8";"2018.04.23 18:00:00";"2018.04.23 21:53:00";"30.0";"-2475.00";"6619.79980";"6784.79980";"-57265.54";"0.00";"IST";"SL";"3h 53m";"-0.00"
"296";"USTEC_ICM_UTC2";"Buy";"6590.8";"6508.3";"2018.04.24 18:30:00";"2018.04.24 20:21:00";"30.0";"-2475.00";"6508.29980";"6673.29980";"-59740.54";"0.00";"IST";"SL";"1h 51m";"-0.00"
"297";"USTEC_ICM_UTC2";"Buy";"6498.0";"6581.4";"2018.04.25 21:15:00";"2018.04.26 01:00:00";"30.0";"2317.65";"6415.50000";"6580.50000";"-57422.89";"0.00";"IST";"PT";"3h 45m";"-183.12"
"298";"USTEC_ICM_UTC2";"Buy";"6622.9";"6705.4";"2018.04.26 17:45:00";"2018.04.26 23:03:00";"30.0";"2475.00";"6540.39990";"6705.39990";"-54947.89";"0.00";"IST";"PT";"5h 18m";"-0.00"
"299";"USTEC_ICM_UTC2";"Buy";"6605.6";"6688.1";"2018.05.01 18:00:00";"2018.05.01 23:02:00";"30.0";"2475.00";"6523.10010";"6688.10010";"-52472.89";"0.00";"IST";"PT";"5h 2m";"-0.00"
"300";"USTEC_ICM_UTC2";"Buy";"6694.8";"6612.3";"2018.05.02 21:45:00";"2018.05.03 14:54:00";"30.0";"-2658.12";"6612.29980";"6777.29980";"-55131.01";"0.00";"IST";"SL";"17h 9m";"-183.12"
"301";"USTEC_ICM_UTC2";"Buy";"6588.1";"6670.6";"2018.05.03 17:30:00";"2018.05.04 17:09:00";"30.0";"2291.88";"6505.60010";"6670.60010";"-52839.13";"0.00";"IST";"PT";"23h 39m";"-183.12"
"302";"USTEC_ICM_UTC2";"Buy";"6746.1";"6761.4";"2018.05.04 18:45:00";"2018.05.04 22:55:00";"30.0";"459.00";"6663.60010";"6828.60010";"-52380.13";"0.00";"IST";"End Of Friday (Time)";"4h 10m";"-0.00"
"303";"USTEC_ICM_UTC2";"Buy";"6822.0";"6904.5";"2018.05.07 17:15:00";"2018.05.10 04:22:00";"30.0";"1925.64";"6739.50000";"6904.50000";"-50454.49";"0.00";"IST";"PT";"2d 11h 7m";"-549.36"
"304";"USTEC_ICM_UTC2";"Buy";"6923.6";"6944.8";"2018.05.10 17:15:00";"2018.05.11 22:55:00";"30.0";"452.88";"6841.10010";"7006.10010";"-50001.61";"0.00";"IST";"End Of Friday (Time)";"1d 5h 40m";"-183.12"
"305";"USTEC_ICM_UTC2";"Buy";"6992.8";"6910.3";"2018.05.14 17:15:00";"2018.05.15 15:49:00";"30.0";"-2658.12";"6910.29980";"7075.29980";"-52659.73";"0.00";"IST";"SL";"22h 34m";"-183.12"
"306";"USTEC_ICM_UTC2";"Buy";"6871.3";"6869.6";"2018.05.15 19:30:00";"2018.05.18 22:55:00";"30.0";"-600.36";"6788.79980";"6953.79980";"-53260.09";"0.00";"IST";"End Of Friday (Time)";"3d 3h 25m";"-549.36"
"307";"USTEC_ICM_UTC2";"Buy";"6938.3";"6855.8";"2018.05.21 17:15:00";"2018.05.23 10:24:00";"30.0";"-2841.24";"6855.79980";"7020.79980";"-56101.33";"0.00";"IST";"SL";"1d 17h 9m";"-366.24"
"308";"USTEC_ICM_UTC2";"Buy";"6955.0";"6960.3";"2018.05.24 22:00:00";"2018.05.25 22:55:00";"30.0";"-24.12";"6872.50000";"7037.50000";"-56125.45";"0.00";"IST";"End Of Friday (Time)";"1d 0h 55m";"-183.12"
"309";"USTEC_ICM_UTC2";"Buy";"6991.7";"6909.2";"2018.05.28 19:45:00";"2018.05.29 11:29:00";"30.0";"-2658.12";"6909.20020";"7074.20020";"-58783.57";"0.00";"IST";"SL";"15h 44m";"-183.12"
"310";"USTEC_ICM_UTC2";"Buy";"6924.6";"7007.1";"2018.05.29 16:30:00";"2018.05.31 18:40:00";"30.0";"2108.76";"6842.10010";"7007.10010";"-56674.81";"0.00";"IST";"PT";"2d 2h 10m";"-366.24"
"311";"USTEC_ICM_UTC2";"Buy";"6992.0";"7074.5";"2018.05.31 20:30:00";"2018.06.01 18:46:00";"30.0";"2291.88";"6909.50000";"7074.50000";"-54382.93";"0.00";"IST";"PT";"22h 16m";"-183.12"
"312";"USTEC_ICM_UTC2";"Buy";"7076.2";"7078.0";"2018.06.01 19:30:00";"2018.06.01 22:55:00";"30.0";"54.00";"6993.70020";"7158.70020";"-54328.93";"0.00";"IST";"End Of Friday (Time)";"3h 25m";"-0.00"
"313";"USTEC_ICM_UTC2";"Buy";"7137.1";"7219.6";"2018.06.04 20:45:00";"2018.06.07 04:17:00";"30.0";"1925.64";"7054.60010";"7219.60010";"-52403.29";"0.00";"IST";"PT";"2d 7h 32m";"-549.36"
"314";"USTEC_ICM_UTC2";"Buy";"7157.1";"7155.5";"2018.06.08 21:15:00";"2018.06.08 22:55:00";"30.0";"-48.00";"7074.60010";"7239.60010";"-52451.29";"0.00";"IST";"End Of Friday (Time)";"1h 40m";"-0.00"
"315";"USTEC_ICM_UTC2";"Buy";"7183.1";"7265.6";"2018.06.11 19:15:00";"2018.06.14 17:05:00";"30.0";"1925.64";"7100.60010";"7265.60010";"-50525.65";"0.00";"IST";"PT";"2d 21h 50m";"-549.36"
"316";"USTEC_ICM_UTC2";"Buy";"7267.9";"7252.0";"2018.06.14 17:15:00";"2018.06.15 22:55:00";"30.0";"-660.12";"7185.39990";"7350.39990";"-51185.77";"0.00";"IST";"End Of Friday (Time)";"1d 5h 40m";"-183.12"
"317";"USTEC_ICM_UTC2";"Buy";"7196.0";"7278.5";"2018.06.19 19:00:00";"2018.06.20 16:42:00";"30.0";"2291.88";"7113.50000";"7278.50000";"-48893.89";"0.00";"IST";"PT";"21h 42m";"-183.12"
"318";"USTEC_ICM_UTC2";"Buy";"7283.3";"7200.8";"2018.06.20 18:30:00";"2018.06.22 01:02:00";"30.0";"-2841.24";"7200.79980";"7365.79980";"-51735.13";"0.00";"IST";"SL";"1d 6h 32m";"-366.24"
"319";"USTEC_ICM_UTC2";"Buy";"7214.2";"7207.5";"2018.06.22 20:00:00";"2018.06.22 22:55:00";"30.0";"-201.00";"7131.70020";"7296.70020";"-51936.13";"0.00";"IST";"End Of Friday (Time)";"2h 55m";"-0.00"
"320";"USTEC_ICM_UTC2";"Buy";"7059.6";"6977.1";"2018.06.26 18:45:00";"2018.06.27 22:54:00";"30.0";"-2658.12";"6977.10010";"7142.10010";"-54594.25";"0.00";"IST";"SL";"1d 4h 9m";"-183.12"
"321";"USTEC_ICM_UTC2";"Buy";"6994.4";"7076.9";"2018.06.28 19:15:00";"2018.06.29 07:37:00";"30.0";"2291.88";"6911.89990";"7076.89990";"-52302.37";"0.00";"IST";"PT";"12h 22m";"-183.12"
"322";"USTEC_ICM_UTC2";"Buy";"7067.9";"7053.5";"2018.06.29 20:00:00";"2018.06.29 22:55:00";"30.0";"-432.00";"6985.39990";"7150.39990";"-52734.37";"0.00";"IST";"End Of Friday (Time)";"2h 55m";"-0.00"
"323";"USTEC_ICM_UTC2";"Buy";"6994.9";"7077.4";"2018.07.02 16:45:00";"2018.07.02 21:30:00";"30.0";"2475.00";"6912.39990";"7077.39990";"-50259.37";"0.00";"IST";"PT";"4h 45m";"-0.00"
"324";"USTEC_ICM_UTC2";"Buy";"7022.6";"7105.1";"2018.07.04 19:30:00";"2018.07.05 22:04:00";"30.0";"2291.88";"6940.10010";"7105.10010";"-47967.49";"0.00";"IST";"PT";"1d 2h 34m";"-183.12"
"325";"USTEC_ICM_UTC2";"Buy";"7153.2";"7202.9";"2018.07.06 17:45:00";"2018.07.06 22:55:00";"30.0";"1491.00";"7070.70020";"7235.70020";"-46476.49";"0.00";"IST";"End Of Friday (Time)";"5h 10m";"-0.00"
"326";"USTEC_ICM_UTC2";"Buy";"7252.5";"7335.0";"2018.07.11 17:15:00";"2018.07.12 18:48:00";"30.0";"2291.88";"7170.00000";"7335.00000";"-44184.61";"0.00";"IST";"PT";"1d 1h 33m";"-183.12"
"327";"USTEC_ICM_UTC2";"Buy";"7348.0";"7378.1";"2018.07.12 19:30:00";"2018.07.13 22:55:00";"30.0";"719.88";"7265.50000";"7430.50000";"-43464.73";"0.00";"IST";"End Of Friday (Time)";"1d 3h 25m";"-183.12"
"328";"USTEC_ICM_UTC2";"Buy";"7368.1";"7285.6";"2018.07.16 18:19:00";"2018.07.17 09:02:00";"30.0";"-2658.12";"7285.60010";"7450.60010";"-46122.85";"0.00";"IST";"SL";"14h 43m";"-183.12"
"329";"USTEC_ICM_UTC2";"Buy";"7405.6";"7345.9";"2018.07.17 19:30:00";"2018.07.20 22:55:00";"30.0";"-2340.36";"7323.10010";"7488.10010";"-48463.21";"0.00";"IST";"End Of Friday (Time)";"3d 3h 25m";"-549.36"
"330";"USTEC_ICM_UTC2";"Buy";"7344.3";"7426.8";"2018.07.23 17:45:00";"2018.07.24 04:43:00";"30.0";"2291.88";"7261.79980";"7426.79980";"-46171.33";"0.00";"IST";"PT";"10h 58m";"-183.12"
"331";"USTEC_ICM_UTC2";"Buy";"7466.5";"7384.0";"2018.07.24 16:45:00";"2018.07.24 20:23:00";"30.0";"-2475.00";"7384.00000";"7549.00000";"-48646.33";"0.00";"IST";"SL";"3h 38m";"-0.00"
"332";"USTEC_ICM_UTC2";"Buy";"7405.8";"7488.3";"2018.07.25 16:30:00";"2018.07.25 22:40:00";"30.0";"2475.00";"7323.29980";"7488.29980";"-46171.33";"0.00";"IST";"PT";"6h 10m";"-0.00"
"333";"USTEC_ICM_UTC2";"Buy";"7403.6";"7321.1";"2018.07.26 21:00:00";"2018.07.27 19:32:00";"30.0";"-2658.12";"7321.10010";"7486.10010";"-48829.45";"0.00";"IST";"SL";"22h 32m";"-183.12"
"334";"USTEC_ICM_UTC2";"Buy";"7226.2";"7308.7";"2018.07.30 17:45:00";"2018.08.02 18:26:00";"30.0";"1925.64";"7143.70020";"7308.70020";"-46903.81";"0.00";"IST";"PT";"3d 0h 41m";"-549.36"
"335";"USTEC_ICM_UTC2";"Buy";"7344.8";"7391.5";"2018.08.02 20:00:00";"2018.08.03 22:55:00";"30.0";"1217.88";"7262.29980";"7427.29980";"-45685.93";"0.00";"IST";"End Of Friday (Time)";"1d 2h 55m";"-183.12"
"336";"USTEC_ICM_UTC2";"Buy";"7414.5";"7497.0";"2018.08.06 18:45:00";"2018.08.09 20:50:00";"30.0";"1925.64";"7332.00000";"7497.00000";"-43760.29";"0.00";"IST";"PT";"3d 2h 5m";"-549.36"
"337";"USTEC_ICM_UTC2";"Buy";"7455.9";"7373.4";"2018.08.14 19:30:00";"2018.08.15 14:45:00";"30.0";"-2658.12";"7373.39990";"7538.39990";"-46418.41";"0.00";"IST";"SL";"19h 15m";"-183.12"
"338";"USTEC_ICM_UTC2";"Buy";"7331.1";"7413.6";"2018.08.15 18:45:00";"2018.08.16 13:06:00";"30.0";"2291.88";"7248.60010";"7413.60010";"-44126.53";"0.00";"IST";"PT";"18h 21m";"-183.12"
"339";"USTEC_ICM_UTC2";"Buy";"7406.8";"7324.3";"2018.08.16 17:45:00";"2018.08.17 17:12:00";"30.0";"-2658.12";"7324.29980";"7489.29980";"-46784.65";"0.00";"IST";"SL";"23h 27m";"-183.12"
"340";"USTEC_ICM_UTC2";"Buy";"7323.5";"7381.5";"2018.08.17 17:15:00";"2018.08.17 22:55:00";"30.0";"1740.00";"7241.00000";"7406.00000";"-45044.65";"0.00";"IST";"End Of Friday (Time)";"5h 40m";"-0.00"
"341";"USTEC_ICM_UTC2";"Buy";"7347.6";"7430.1";"2018.08.20 18:15:00";"2018.08.21 19:01:00";"30.0";"2291.88";"7265.10010";"7430.10010";"-42752.77";"0.00";"IST";"PT";"1d 0h 46m";"-183.12"
"342";"USTEC_ICM_UTC2";"Buy";"7432.0";"7349.5";"2018.08.21 20:30:00";"2018.08.22 02:04:00";"30.0";"-2658.12";"7349.50000";"7514.50000";"-45410.89";"0.00";"IST";"SL";"5h 34m";"-183.12"
"343";"USTEC_ICM_UTC2";"Buy";"7418.2";"7487.2";"2018.08.22 18:00:00";"2018.08.24 22:55:00";"30.0";"1703.76";"7335.70020";"7500.70020";"-43707.13";"0.00";"IST";"End Of Friday (Time)";"2d 4h 55m";"-366.24"
"344";"USTEC_ICM_UTC2";"Buy";"7519.2";"7601.7";"2018.08.27 16:45:00";"2018.08.29 16:40:00";"30.0";"2108.76";"7436.70020";"7601.70020";"-41598.37";"0.00";"IST";"PT";"1d 23h 55m";"-366.24"
"345";"USTEC_ICM_UTC2";"Buy";"7645.0";"7656.4";"2018.08.29 19:00:00";"2018.08.31 22:55:00";"30.0";"-24.24";"7562.50000";"7727.50000";"-41622.61";"0.00";"IST";"End Of Friday (Time)";"2d 3h 55m";"-366.24"
"346";"USTEC_ICM_UTC2";"Buy";"7671.7";"7589.2";"2018.09.03 18:15:00";"2018.09.04 16:40:00";"30.0";"-2658.12";"7589.20020";"7754.20020";"-44280.73";"0.00";"IST";"SL";"22h 25m";"-183.12"
"347";"USTEC_ICM_UTC2";"Buy";"7632.0";"7549.5";"2018.09.04 18:30:00";"2018.09.05 17:01:00";"30.0";"-2658.12";"7549.50000";"7714.50000";"-46938.85";"0.00";"IST";"SL";"22h 31m";"-183.12"
"348";"USTEC_ICM_UTC2";"Buy";"7541.9";"7459.4";"2018.09.05 21:00:00";"2018.09.06 17:13:00";"30.0";"-2658.12";"7459.39990";"7624.39990";"-49596.97";"0.00";"IST";"SL";"20h 13m";"-183.12"
"349";"USTEC_ICM_UTC2";"Buy";"7479.9";"7426.2";"2018.09.07 18:30:00";"2018.09.07 22:55:00";"30.0";"-1611.00";"7397.39990";"7562.39990";"-51207.97";"0.00";"IST";"End Of Friday (Time)";"4h 25m";"-0.00"
"350";"USTEC_ICM_UTC2";"Buy";"7452.0";"7534.5";"2018.09.10 19:00:00";"2018.09.12 11:19:00";"30.0";"2108.76";"7369.50000";"7534.50000";"-49099.21";"0.00";"IST";"PT";"1d 16h 19m";"-366.24"
"351";"USTEC_ICM_UTC2";"Buy";"7492.1";"7574.6";"2018.09.12 22:45:00";"2018.09.13 19:02:00";"30.0";"2291.88";"7409.60010";"7574.60010";"-46807.33";"0.00";"IST";"PT";"20h 17m";"-183.12"
"352";"USTEC_ICM_UTC2";"Buy";"7562.4";"7549.9";"2018.09.13 21:45:00";"2018.09.14 22:55:00";"30.0";"-558.12";"7479.89990";"7644.89990";"-47365.45";"0.00";"IST";"End Of Friday (Time)";"1d 1h 10m";"-183.12"
"353";"USTEC_ICM_UTC2";"Buy";"7480.5";"7398.0";"2018.09.17 19:00:00";"2018.09.18 01:59:00";"30.0";"-2658.12";"7398.00000";"7563.00000";"-50023.57";"0.00";"IST";"SL";"6h 59m";"-183.12"
"354";"USTEC_ICM_UTC2";"Buy";"7514.2";"7596.7";"2018.09.18 18:00:00";"2018.09.21 09:44:00";"30.0";"1925.64";"7431.70020";"7596.70020";"-48097.93";"0.00";"IST";"PT";"2d 15h 44m";"-549.36"
"355";"USTEC_ICM_UTC2";"Buy";"7581.9";"7533.3";"2018.09.21 17:00:00";"2018.09.21 22:55:00";"30.0";"-1458.00";"7499.39990";"7664.39990";"-49555.93";"0.00";"IST";"End Of Friday (Time)";"5h 55m";"-0.00"
"356";"USTEC_ICM_UTC2";"Buy";"7502.6";"7585.1";"2018.09.24 18:15:00";"2018.09.26 05:23:00";"30.0";"2108.76";"7420.10010";"7585.10010";"-47447.17";"0.00";"IST";"PT";"1d 11h 8m";"-366.24"
"357";"USTEC_ICM_UTC2";"Buy";"7575.8";"7621.6";"2018.09.26 17:15:00";"2018.09.28 22:55:00";"30.0";"1007.76";"7493.29980";"7658.29980";"-46439.41";"0.00";"IST";"End Of Friday (Time)";"2d 5h 40m";"-366.24"
"358";"USTEC_ICM_UTC2";"Buy";"7629.3";"7546.8";"2018.10.02 16:45:00";"2018.10.04 17:01:00";"30.0";"-2841.24";"7546.79980";"7711.79980";"-49280.65";"0.00";"IST";"SL";"2d 0h 16m";"-366.24"
"359";"USTEC_ICM_UTC2";"Buy";"7501.1";"7418.6";"2018.10.04 18:45:00";"2018.10.05 18:10:00";"30.0";"-2658.12";"7418.60010";"7583.60010";"-51938.77";"0.00";"IST";"SL";"23h 25m";"-183.12"
"360";"USTEC_ICM_UTC2";"Buy";"7409.9";"7414.3";"2018.10.05 22:45:00";"2018.10.05 22:55:00";"30.0";"132.00";"7327.39990";"7492.39990";"-51806.77";"0.00";"IST";"End Of Friday (Time)";"10m 0s";"-0.00"
"361";"USTEC_ICM_UTC2";"Buy";"7371.6";"7289.1";"2018.10.09 17:15:00";"2018.10.10 16:38:00";"30.0";"-2658.12";"7289.10010";"7454.10010";"-54464.89";"0.00";"IST";"SL";"23h 23m";"-183.12"
"362";"USTEC_ICM_UTC2";"Buy";"7199.8";"7117.3";"2018.10.10 20:00:00";"2018.10.10 22:19:00";"30.0";"-2475.00";"7117.29980";"7282.29980";"-56939.89";"0.00";"IST";"SL";"2h 19m";"-0.00"
"363";"USTEC_ICM_UTC2";"Buy";"7054.6";"6972.1";"2018.10.11 17:30:00";"2018.10.11 18:04:00";"30.0";"-2475.00";"6972.10010";"7137.10010";"-59414.89";"0.00";"IST";"SL";"34m 0s";"-0.00"
"364";"USTEC_ICM_UTC2";"Buy";"7141.0";"7058.5";"2018.10.12 17:45:00";"2018.10.12 19:27:00";"30.0";"-2475.00";"7058.50000";"7223.50000";"-61889.89";"0.00";"IST";"SL";"1h 42m";"-0.00"
"365";"USTEC_ICM_UTC2";"Buy";"7133.3";"7050.8";"2018.10.15 20:45:00";"2018.10.16 01:06:00";"30.0";"-2658.12";"7050.79980";"7215.79980";"-64548.01";"0.00";"IST";"SL";"4h 21m";"-183.12"
"366";"USTEC_ICM_UTC2";"Buy";"7229.5";"7312.0";"2018.10.16 20:15:00";"2018.10.16 23:04:00";"30.0";"2475.00";"7147.00000";"7312.00000";"-62073.01";"0.00";"IST";"PT";"2h 49m";"-0.00"
"367";"USTEC_ICM_UTC2";"Buy";"7312.8";"7230.3";"2018.10.17 16:30:00";"2018.10.17 17:24:00";"30.0";"-2475.00";"7230.29980";"7395.29980";"-64548.01";"0.00";"IST";"SL";"54m 0s";"-0.00"
"368";"USTEC_ICM_UTC2";"Buy";"7249.4";"7166.9";"2018.10.18 16:30:00";"2018.10.18 18:29:00";"30.0";"-2475.00";"7166.89990";"7331.89990";"-67023.02";"0.00";"IST";"SL";"1h 59m";"-0.00"
"369";"USTEC_ICM_UTC2";"Buy";"7128.7";"7120.4";"2018.10.19 22:30:00";"2018.10.19 22:55:00";"30.0";"-249.00";"7046.20020";"7211.20020";"-67272.02";"0.00";"IST";"End Of Friday (Time)";"25m 0s";"-0.00"
"370";"USTEC_ICM_UTC2";"Buy";"7114.8";"7032.3";"2018.10.22 17:15:00";"2018.10.23 09:40:00";"30.0";"-2658.12";"7032.29980";"7197.29980";"-69930.13";"0.00";"IST";"SL";"16h 25m";"-183.12"
"371";"USTEC_ICM_UTC2";"Buy";"7011.1";"7093.6";"2018.10.23 16:30:00";"2018.10.23 21:16:00";"30.0";"2475.00";"6928.60010";"7093.60010";"-67455.13";"0.00";"IST";"PT";"4h 46m";"-0.00"
"372";"USTEC_ICM_UTC2";"Buy";"7108.6";"7026.1";"2018.10.24 16:30:00";"2018.10.24 18:03:00";"30.0";"-2475.00";"7026.10010";"7191.10010";"-69930.13";"0.00";"IST";"SL";"1h 33m";"-0.00"
"373";"USTEC_ICM_UTC2";"Buy";"6957.2";"7039.7";"2018.10.25 18:15:00";"2018.10.25 21:34:00";"30.0";"2475.00";"6874.70020";"7039.70020";"-67455.13";"0.00";"IST";"PT";"3h 19m";"-0.00"
"374";"USTEC_ICM_UTC2";"Buy";"6924.9";"6842.4";"2018.10.26 19:45:00";"2018.10.26 21:48:00";"30.0";"-2475.00";"6842.39990";"7007.39990";"-69930.13";"0.00";"IST";"SL";"2h 3m";"-0.00"
"375";"USTEC_ICM_UTC2";"Buy";"6919.5";"6837.0";"2018.10.29 16:45:00";"2018.10.29 18:02:00";"30.0";"-2475.00";"6837.00000";"7002.00000";"-72405.13";"0.00";"IST";"SL";"1h 17m";"-0.00"
"376";"USTEC_ICM_UTC2";"Buy";"6696.9";"6779.4";"2018.10.30 19:30:00";"2018.10.30 21:11:00";"30.0";"2475.00";"6614.39990";"6779.39990";"-69930.13";"0.00";"IST";"PT";"1h 41m";"-0.00"
"377";"USTEC_ICM_UTC2";"Buy";"7013.6";"7096.1";"2018.10.31 21:00:00";"2018.11.02 08:07:00";"30.0";"2108.76";"6931.10010";"7096.10010";"-67821.38";"0.00";"IST";"PT";"1d 11h 7m";"-366.24"
"378";"USTEC_ICM_UTC2";"Buy";"6961.5";"6879.0";"2018.11.02 21:00:00";"2018.11.05 17:10:00";"30.0";"-3024.36";"6879.00000";"7044.00000";"-70845.73";"0.00";"IST";"SL";"2d 20h 10m";"-549.36"
"379";"USTEC_ICM_UTC2";"Buy";"6939.5";"7022.0";"2018.11.05 21:30:00";"2018.11.06 16:58:00";"30.0";"2291.88";"6857.00000";"7022.00000";"-68553.85";"0.00";"IST";"PT";"19h 28m";"-183.12"
"380";"USTEC_ICM_UTC2";"Buy";"6988.5";"7071.0";"2018.11.06 20:15:00";"2018.11.07 04:10:00";"30.0";"2291.88";"6906.00000";"7071.00000";"-66261.98";"0.00";"IST";"PT";"7h 55m";"-183.12"
"381";"USTEC_ICM_UTC2";"Buy";"7110.5";"7193.0";"2018.11.07 17:15:00";"2018.11.07 22:55:00";"30.0";"2475.00";"7028.00000";"7193.00000";"-63786.97";"0.00";"IST";"PT";"5h 40m";"-0.00"
"382";"USTEC_ICM_UTC2";"Buy";"7168.7";"7086.2";"2018.11.08 16:30:00";"2018.11.09 13:35:00";"30.0";"-2658.12";"7086.20020";"7251.20020";"-66445.09";"0.00";"IST";"SL";"21h 5m";"-183.12"
"383";"USTEC_ICM_UTC2";"Buy";"7069.9";"6987.4";"2018.11.09 16:45:00";"2018.11.09 21:13:00";"30.0";"-2475.00";"6987.39990";"7152.39990";"-68920.09";"0.00";"IST";"SL";"4h 28m";"-0.00"
"384";"USTEC_ICM_UTC2";"Buy";"6862.8";"6945.3";"2018.11.12 22:30:00";"2018.11.13 18:18:00";"30.0";"2291.88";"6780.29980";"6945.29980";"-66628.21";"0.00";"IST";"PT";"19h 48m";"-183.12"
"385";"USTEC_ICM_UTC2";"Buy";"6845.2";"6762.7";"2018.11.13 21:15:00";"2018.11.14 20:11:00";"30.0";"-2658.12";"6762.70020";"6927.70020";"-69286.34";"0.00";"IST";"SL";"22h 56m";"-183.12"
"386";"USTEC_ICM_UTC2";"Buy";"6781.4";"6863.9";"2018.11.15 20:15:00";"2018.11.15 20:45:00";"30.0";"2475.00";"6698.89990";"6863.89990";"-66811.34";"0.00";"IST";"PT";"30m 0s";"-0.00"
"387";"USTEC_ICM_UTC2";"Buy";"6863.5";"6874.8";"2018.11.16 17:30:00";"2018.11.16 22:55:00";"30.0";"339.00";"6781.00000";"6946.00000";"-66472.34";"0.00";"IST";"End Of Friday (Time)";"5h 25m";"-0.00"
"388";"USTEC_ICM_UTC2";"Buy";"6585.3";"6502.8";"2018.11.20 19:15:00";"2018.11.20 22:03:00";"30.0";"-2475.00";"6502.79980";"6667.79980";"-68947.34";"0.00";"IST";"SL";"2h 48m";"-0.00"
"389";"USTEC_ICM_UTC2";"Buy";"6587.7";"6505.2";"2018.11.21 17:45:00";"2018.11.22 18:00:00";"30.0";"-2658.12";"6505.20020";"6670.20020";"-71605.45";"0.00";"IST";"SL";"1d 0h 15m";"-183.12"
"390";"USTEC_ICM_UTC2";"Buy";"6513.4";"6595.9";"2018.11.22 19:45:00";"2018.11.26 10:00:00";"30.0";"1742.52";"6430.89990";"6595.89990";"-69862.94";"0.00";"IST";"PT";"3d 14h 15m";"-732.48"
"391";"USTEC_ICM_UTC2";"Buy";"6618.0";"6700.5";"2018.11.26 16:45:00";"2018.11.27 09:34:00";"30.0";"2291.88";"6535.50000";"6700.50000";"-67571.05";"0.00";"IST";"PT";"16h 49m";"-183.12"
"392";"USTEC_ICM_UTC2";"Buy";"6671.4";"6753.9";"2018.11.27 17:45:00";"2018.11.28 16:30:00";"30.0";"2291.88";"6588.89990";"6753.89990";"-65279.18";"0.00";"IST";"PT";"22h 45m";"-183.12"
"393";"USTEC_ICM_UTC2";"Buy";"6732.7";"6815.2";"2018.11.28 17:15:00";"2018.11.28 19:09:00";"30.0";"2475.00";"6650.20020";"6815.20020";"-62804.18";"0.00";"IST";"PT";"1h 54m";"-0.00"
"394";"USTEC_ICM_UTC2";"Buy";"6923.6";"6925.4";"2018.11.29 22:30:00";"2018.11.30 22:55:00";"30.0";"-129.12";"6841.10010";"7006.10010";"-62933.29";"0.00";"IST";"End Of Friday (Time)";"1d 0h 25m";"-183.12"
"395";"USTEC_ICM_UTC2";"Buy";"7038.2";"6955.7";"2018.12.03 18:00:00";"2018.12.04 19:07:00";"30.0";"-2658.12";"6955.70020";"7120.70020";"-65591.41";"0.00";"IST";"SL";"1d 1h 7m";"-183.12"
"396";"USTEC_ICM_UTC2";"Buy";"6851.7";"6769.2";"2018.12.04 20:30:00";"2018.12.06 01:00:00";"30.0";"-2841.24";"6769.20020";"6934.20020";"-68432.66";"0.00";"IST";"SL";"1d 4h 30m";"-366.24"
"397";"USTEC_ICM_UTC2";"Buy";"6670.1";"6752.6";"2018.12.06 18:00:00";"2018.12.06 19:24:00";"30.0";"2475.00";"6587.60010";"6752.60010";"-65957.66";"0.00";"IST";"PT";"1h 24m";"-0.00"
"398";"USTEC_ICM_UTC2";"Buy";"6779.4";"6696.9";"2018.12.07 17:15:00";"2018.12.07 18:15:00";"30.0";"-2475.00";"6696.89990";"6861.89990";"-68432.66";"0.00";"IST";"SL";"1h 0m";"-0.00"
"399";"USTEC_ICM_UTC2";"Buy";"6804.2";"6721.7";"2018.12.12 16:30:00";"2018.12.13 21:27:00";"30.0";"-2658.12";"6721.70020";"6886.70020";"-71090.77";"0.00";"IST";"SL";"1d 4h 57m";"-183.12"
"400";"USTEC_ICM_UTC2";"Buy";"6687.7";"6605.2";"2018.12.14 17:00:00";"2018.12.14 21:42:00";"30.0";"-2475.00";"6605.20020";"6770.20020";"-73565.77";"0.00";"IST";"SL";"4h 42m";"-0.00"
"401";"USTEC_ICM_UTC2";"Buy";"6513.5";"6431.0";"2018.12.18 17:30:00";"2018.12.19 21:12:00";"30.0";"-2658.12";"6431.00000";"6596.00000";"-76223.89";"0.00";"IST";"SL";"1d 3h 42m";"-183.12"
"402";"USTEC_ICM_UTC2";"Buy";"6372.7";"6290.2";"2018.12.19 22:15:00";"2018.12.20 06:40:00";"30.0";"-2658.12";"6290.20020";"6455.20020";"-78882.02";"0.00";"IST";"SL";"8h 25m";"-183.12"
"403";"USTEC_ICM_UTC2";"Buy";"6365.0";"6282.5";"2018.12.20 17:15:00";"2018.12.20 18:20:00";"30.0";"-2475.00";"6282.50000";"6447.50000";"-81357.02";"0.00";"IST";"SL";"1h 5m";"-0.00"
"404";"USTEC_ICM_UTC2";"Buy";"6238.9";"6156.4";"2018.12.21 18:00:00";"2018.12.21 19:00:00";"30.0";"-2475.00";"6156.39990";"6321.39990";"-83832.02";"0.00";"IST";"SL";"1h 0m";"-0.00"
"405";"USTEC_ICM_UTC2";"Buy";"6002.1";"5919.6";"2018.12.24 16:30:00";"2018.12.24 19:56:00";"30.0";"-2475.00";"5919.60010";"6084.60010";"-86307.02";"0.00";"IST";"SL";"3h 26m";"-0.00"
"406";"USTEC_ICM_UTC2";"Buy";"5955.5";"6038.0";"2018.12.26 16:30:00";"2018.12.26 18:57:00";"30.0";"2475.00";"5873.00000";"6038.00000";"-83832.02";"0.00";"IST";"PT";"2h 27m";"-0.00"
"407";"USTEC_ICM_UTC2";"Buy";"6174.2";"6091.7";"2018.12.27 16:45:00";"2018.12.27 17:30:00";"30.0";"-2475.00";"6091.70020";"6256.70020";"-86307.02";"0.00";"IST";"SL";"45m 0s";"-0.00"
"408";"USTEC_ICM_UTC2";"Buy";"6288.0";"6370.5";"2018.12.28 18:30:00";"2018.12.28 21:44:00";"30.0";"2475.00";"6205.50000";"6370.50000";"-83832.02";"0.00";"IST";"PT";"3h 14m";"-0.00"
"409";"USTEC_ICM_UTC2";"Buy";"6349.9";"6267.4";"2018.12.31 16:45:00";"2019.01.02 06:03:00";"30.0";"-2841.24";"6267.39990";"6432.39990";"-86673.26";"0.00";"IST";"SL";"1d 13h 18m";"-366.24"
"410";"USTEC_ICM_UTC2";"Buy";"6365.2";"6221.8";"2019.01.02 21:15:00";"2019.01.03 01:00:00";"30.0";"-4486.02";"6282.70020";"6447.70020";"-91159.27";"0.00";"IST";"SL";"3h 45m";"-183.12"
"411";"USTEC_ICM_UTC2";"Buy";"6264.9";"6182.4";"2019.01.03 16:30:00";"2019.01.03 17:16:00";"30.0";"-2475.00";"6182.39990";"6347.39990";"-93634.27";"0.00";"IST";"SL";"46m 0s";"-0.00"
"412";"USTEC_ICM_UTC2";"Buy";"6248.4";"6330.9";"2019.01.04 16:30:00";"2019.01.04 17:24:00";"30.0";"2475.00";"6165.89990";"6330.89990";"-91159.27";"0.00";"IST";"PT";"54m 0s";"-0.00"
"413";"USTEC_ICM_UTC2";"Buy";"6516.0";"6598.5";"2019.01.07 20:45:00";"2019.01.09 16:54:00";"30.0";"2108.76";"6433.50000";"6598.50000";"-89050.52";"0.00";"IST";"PT";"1d 20h 9m";"-366.24"
"414";"USTEC_ICM_UTC2";"Buy";"6609.6";"6527.1";"2019.01.09 19:30:00";"2019.01.10 10:18:00";"30.0";"-2658.12";"6527.10010";"6692.10010";"-91708.63";"0.00";"IST";"SL";"14h 48m";"-183.12"
"415";"USTEC_ICM_UTC2";"Buy";"6535.6";"6618.1";"2019.01.10 16:45:00";"2019.01.10 22:32:00";"30.0";"2475.00";"6453.10010";"6618.10010";"-89233.63";"0.00";"IST";"PT";"5h 47m";"-0.00"
"416";"USTEC_ICM_UTC2";"Buy";"6585.9";"6601.4";"2019.01.11 17:45:00";"2019.01.11 22:55:00";"30.0";"465.00";"6503.39990";"6668.39990";"-88768.63";"0.00";"IST";"End Of Friday (Time)";"5h 10m";"-0.00"
"417";"USTEC_ICM_UTC2";"Buy";"6559.6";"6642.1";"2019.01.14 19:15:00";"2019.01.15 17:00:00";"30.0";"2291.88";"6477.10010";"6642.10010";"-86476.76";"0.00";"IST";"PT";"21h 45m";"-183.12"
"418";"USTEC_ICM_UTC2";"Buy";"6663.6";"6746.1";"2019.01.15 21:15:00";"2019.01.17 21:48:00";"30.0";"2108.76";"6581.10010";"6746.10010";"-84367.99";"0.00";"IST";"PT";"2d 0h 33m";"-366.24"
"419";"USTEC_ICM_UTC2";"Buy";"6740.1";"6768.6";"2019.01.18 17:00:00";"2019.01.18 22:55:00";"30.0";"855.00";"6657.60010";"6822.60010";"-83512.99";"0.00";"IST";"End Of Friday (Time)";"5h 55m";"-0.00"
"420";"USTEC_ICM_UTC2";"Buy";"6726.5";"6644.0";"2019.01.22 16:45:00";"2019.01.22 20:10:00";"30.0";"-2475.00";"6644.00000";"6809.00000";"-85987.99";"0.00";"IST";"SL";"3h 25m";"-0.00"
"421";"USTEC_ICM_UTC2";"Buy";"6622.5";"6705.0";"2019.01.23 21:45:00";"2019.01.24 17:16:00";"30.0";"2291.88";"6540.00000";"6705.00000";"-83696.12";"0.00";"IST";"PT";"19h 31m";"-183.12"
"422";"USTEC_ICM_UTC2";"Buy";"6705.5";"6788.0";"2019.01.24 17:30:00";"2019.01.25 18:44:00";"30.0";"2291.88";"6623.00000";"6788.00000";"-81404.23";"0.00";"IST";"PT";"1d 1h 14m";"-183.12"
"423";"USTEC_ICM_UTC2";"Buy";"6784.5";"6778.4";"2019.01.25 20:15:00";"2019.01.25 22:55:00";"30.0";"-183.00";"6702.00000";"6867.00000";"-81587.23";"0.00";"IST";"End Of Friday (Time)";"2h 40m";"-0.00"
"424";"USTEC_ICM_UTC2";"Buy";"6644.7";"6727.2";"2019.01.29 20:30:00";"2019.01.30 16:39:00";"30.0";"2291.88";"6562.20020";"6727.20020";"-79295.35";"0.00";"IST";"PT";"20h 9m";"-183.12"
"425";"USTEC_ICM_UTC2";"Buy";"6719.1";"6801.6";"2019.01.30 18:45:00";"2019.01.30 21:22:00";"30.0";"2475.00";"6636.60010";"6801.60010";"-76820.35";"0.00";"IST";"PT";"2h 37m";"-0.00"
"426";"USTEC_ICM_UTC2";"Buy";"6902.3";"6870.9";"2019.01.31 20:45:00";"2019.02.01 22:55:00";"30.0";"-1125.12";"6819.79980";"6984.79980";"-77945.48";"0.00";"IST";"End Of Friday (Time)";"1d 2h 10m";"-183.12"
"427";"USTEC_ICM_UTC2";"Buy";"6945.8";"7028.3";"2019.02.04 22:45:00";"2019.02.05 22:26:00";"30.0";"2291.88";"6863.29980";"7028.29980";"-75653.59";"0.00";"IST";"PT";"23h 41m";"-183.12"
"428";"USTEC_ICM_UTC2";"Buy";"6976.4";"6893.9";"2019.02.06 17:15:00";"2019.02.07 18:27:00";"30.0";"-2658.12";"6893.89990";"7058.89990";"-78311.72";"0.00";"IST";"SL";"1d 1h 12m";"-183.12"
"429";"USTEC_ICM_UTC2";"Buy";"6886.3";"6893.8";"2019.02.07 20:45:00";"2019.02.08 22:55:00";"30.0";"41.88";"6803.79980";"6968.79980";"-78269.84";"0.00";"IST";"End Of Friday (Time)";"1d 2h 10m";"-183.12"
"430";"USTEC_ICM_UTC2";"Buy";"6926.7";"7009.2";"2019.02.11 17:15:00";"2019.02.12 18:00:00";"30.0";"2291.88";"6844.20020";"7009.20020";"-75977.95";"0.00";"IST";"PT";"1d 0h 45m";"-183.12"
"431";"USTEC_ICM_UTC2";"Buy";"7008.3";"7044.3";"2019.02.12 22:00:00";"2019.02.15 22:55:00";"30.0";"530.64";"6925.79980";"7090.79980";"-75447.31";"0.00";"IST";"End Of Friday (Time)";"3d 0h 55m";"-549.36"
"432";"USTEC_ICM_UTC2";"Buy";"7069.8";"7076.1";"2019.02.18 19:00:00";"2019.02.22 22:55:00";"30.0";"-543.48";"6987.29980";"7152.29980";"-75990.80";"0.00";"IST";"End Of Friday (Time)";"4d 3h 55m";"-732.48"
"433";"USTEC_ICM_UTC2";"Buy";"7151.2";"7068.7";"2019.02.25 18:30:00";"2019.02.26 06:18:00";"30.0";"-2658.12";"7068.70020";"7233.70020";"-78648.91";"0.00";"IST";"SL";"11h 48m";"-183.12"
"434";"USTEC_ICM_UTC2";"Buy";"7121.1";"7149.2";"2019.02.26 17:45:00";"2019.03.01 22:55:00";"30.0";"293.64";"7038.60010";"7203.60010";"-78355.27";"0.00";"IST";"End Of Friday (Time)";"3d 5h 10m";"-549.36"
"435";"USTEC_ICM_UTC2";"Buy";"7206.9";"7124.4";"2019.03.04 16:45:00";"2019.03.04 18:41:00";"30.0";"-2475.00";"7124.39990";"7289.39990";"-80830.27";"0.00";"IST";"SL";"1h 56m";"-0.00"
"436";"USTEC_ICM_UTC2";"Buy";"7154.1";"7071.6";"2019.03.05 17:45:00";"2019.03.07 16:37:00";"30.0";"-2841.24";"7071.60010";"7236.60010";"-83671.52";"0.00";"IST";"SL";"1d 22h 52m";"-366.24"
"437";"USTEC_ICM_UTC2";"Buy";"7061.5";"6979.0";"2019.03.07 20:30:00";"2019.03.08 09:29:00";"30.0";"-2658.12";"6979.00000";"7144.00000";"-86329.63";"0.00";"IST";"SL";"12h 59m";"-183.12"
"438";"USTEC_ICM_UTC2";"Buy";"6979.6";"7010.4";"2019.03.08 19:00:00";"2019.03.08 22:55:00";"30.0";"924.00";"6897.10010";"7062.10010";"-85405.63";"0.00";"IST";"End Of Friday (Time)";"3h 55m";"-0.00"
"439";"USTEC_ICM_UTC2";"Buy";"7142.0";"7224.5";"2019.03.11 18:15:00";"2019.03.13 13:51:00";"30.0";"2108.76";"7059.50000";"7224.50000";"-83296.88";"0.00";"IST";"PT";"1d 19h 36m";"-366.24"
"440";"USTEC_ICM_UTC2";"Buy";"7239.1";"7321.6";"2019.03.13 16:30:00";"2019.03.15 18:12:00";"30.0";"2108.76";"7156.60010";"7321.60010";"-81188.12";"0.00";"IST";"PT";"2d 1h 42m";"-366.24"
"441";"USTEC_ICM_UTC2";"Buy";"7316.0";"7398.5";"2019.03.15 21:15:00";"2019.03.20 20:06:00";"30.0";"1559.40";"7233.50000";"7398.50000";"-79628.72";"0.00";"IST";"PT";"4d 22h 51m";"-915.60"
"442";"USTEC_ICM_UTC2";"Buy";"7443.5";"7361.0";"2019.03.21 18:30:00";"2019.03.22 17:58:00";"30.0";"-2658.12";"7361.00000";"7526.00000";"-82286.84";"0.00";"IST";"SL";"23h 28m";"-183.12"
"443";"USTEC_ICM_UTC2";"Buy";"7353.9";"7271.4";"2019.03.22 18:00:00";"2019.03.25 03:00:00";"30.0";"-3024.36";"7271.39990";"7436.39990";"-85311.20";"0.00";"IST";"SL";"2d 9h 0m";"-549.36"
"444";"USTEC_ICM_UTC2";"Buy";"7304.5";"7387.0";"2019.03.25 18:00:00";"2019.03.26 15:33:00";"30.0";"2291.88";"7222.00000";"7387.00000";"-83019.31";"0.00";"IST";"PT";"21h 33m";"-183.12"
"445";"USTEC_ICM_UTC2";"Buy";"7381.8";"7299.3";"2019.03.26 17:30:00";"2019.03.27 17:16:00";"30.0";"-2658.12";"7299.29980";"7464.29980";"-85677.44";"0.00";"IST";"SL";"23h 46m";"-183.12"
"446";"USTEC_ICM_UTC2";"Buy";"7336.7";"7419.2";"2019.03.28 16:45:00";"2019.04.01 01:01:00";"30.0";"1742.52";"7254.20020";"7419.20020";"-83934.91";"0.00";"IST";"PT";"3d 8h 16m";"-732.48"
"447";"USTEC_ICM_UTC2";"Buy";"7475.0";"7557.5";"2019.04.01 22:30:00";"2019.04.03 17:33:00";"30.0";"2108.76";"7392.50000";"7557.50000";"-81826.16";"0.00";"IST";"PT";"1d 19h 3m";"-366.24"
"448";"USTEC_ICM_UTC2";"Buy";"7581.9";"7499.4";"2019.04.03 19:30:00";"2019.04.04 19:43:00";"30.0";"-2658.12";"7499.39990";"7664.39990";"-84484.27";"0.00";"IST";"SL";"1d 0h 13m";"-183.12"
"449";"USTEC_ICM_UTC2";"Buy";"7578.0";"7573.3";"2019.04.05 17:15:00";"2019.04.05 22:55:00";"30.0";"-141.00";"7495.50000";"7660.50000";"-84625.27";"0.00";"IST";"End Of Friday (Time)";"5h 40m";"-0.00"
"450";"USTEC_ICM_UTC2";"Buy";"7578.1";"7620.0";"2019.04.08 18:45:00";"2019.04.12 22:55:00";"30.0";"524.52";"7495.60010";"7660.60010";"-84100.76";"0.00";"IST";"End Of Friday (Time)";"4d 4h 10m";"-732.48"
"451";"USTEC_ICM_UTC2";"Buy";"7612.1";"7694.6";"2019.04.15 17:15:00";"2019.04.17 15:46:00";"30.0";"2108.76";"7529.60010";"7694.60010";"-81991.99";"0.00";"IST";"PT";"1d 22h 31m";"-366.24"
"452";"USTEC_ICM_UTC2";"Buy";"7678.8";"7761.3";"2019.04.17 19:30:00";"2019.04.23 16:56:00";"30.0";"1376.28";"7596.29980";"7761.29980";"-80615.72";"0.00";"IST";"PT";"5d 21h 26m";"-1098.72"
"453";"USTEC_ICM_UTC2";"Buy";"7798.7";"7812.9";"2019.04.23 19:00:00";"2019.04.26 22:55:00";"30.0";"-123.36";"7716.20020";"7881.20020";"-80739.08";"0.00";"IST";"End Of Friday (Time)";"3d 3h 55m";"-549.36"
"454";"USTEC_ICM_UTC2";"Buy";"7761.0";"7843.5";"2019.04.30 17:45:00";"2019.05.01 06:11:00";"30.0";"2291.88";"7678.50000";"7843.50000";"-78447.20";"0.00";"IST";"PT";"12h 26m";"-183.12"
"455";"USTEC_ICM_UTC2";"Buy";"7824.5";"7742.0";"2019.05.01 17:45:00";"2019.05.01 23:01:00";"30.0";"-2475.00";"7742.00000";"7907.00000";"-80922.20";"0.00";"IST";"SL";"5h 16m";"-0.00"
"456";"USTEC_ICM_UTC2";"Buy";"7708.5";"7791.0";"2019.05.02 20:15:00";"2019.05.03 16:55:00";"30.0";"2291.88";"7626.00000";"7791.00000";"-78630.31";"0.00";"IST";"PT";"20h 40m";"-183.12"
"457";"USTEC_ICM_UTC2";"Buy";"7844.8";"7845.1";"2019.05.03 21:00:00";"2019.05.03 22:55:00";"30.0";"9.00";"7762.29980";"7927.29980";"-78621.31";"0.00";"IST";"End Of Friday (Time)";"1h 55m";"-0.00"
"458";"USTEC_ICM_UTC2";"Buy";"7763.5";"7681.0";"2019.05.06 18:00:00";"2019.05.07 17:02:00";"30.0";"-2658.12";"7681.00000";"7846.00000";"-81279.44";"0.00";"IST";"SL";"23h 2m";"-183.12"
"459";"USTEC_ICM_UTC2";"Buy";"7677.1";"7594.6";"2019.05.07 17:15:00";"2019.05.07 21:31:00";"30.0";"-2475.00";"7594.60010";"7759.60010";"-83754.44";"0.00";"IST";"SL";"4h 16m";"-0.00"
"460";"USTEC_ICM_UTC2";"Buy";"7617.4";"7534.9";"2019.05.08 16:30:00";"2019.05.09 16:04:00";"30.0";"-2658.12";"7534.89990";"7699.89990";"-86412.55";"0.00";"IST";"SL";"23h 34m";"-183.12"
"461";"USTEC_ICM_UTC2";"Buy";"7521.9";"7604.4";"2019.05.09 19:00:00";"2019.05.09 19:41:00";"30.0";"2475.00";"7439.39990";"7604.39990";"-83937.55";"0.00";"IST";"PT";"41m 0s";"-0.00"
"462";"USTEC_ICM_UTC2";"Buy";"7365.0";"7282.5";"2019.05.13 17:15:00";"2019.05.14 01:01:00";"30.0";"-2658.12";"7282.50000";"7447.50000";"-86595.68";"0.00";"IST";"SL";"7h 46m";"-183.12"
"463";"USTEC_ICM_UTC2";"Buy";"7378.2";"7460.7";"2019.05.15 16:45:00";"2019.05.15 17:29:00";"30.0";"2475.00";"7295.70020";"7460.70020";"-84120.68";"0.00";"IST";"PT";"44m 0s";"-0.00"
"464";"USTEC_ICM_UTC2";"Buy";"7620.6";"7538.1";"2019.05.16 19:15:00";"2019.05.17 11:30:00";"30.0";"-2658.12";"7538.10010";"7703.10010";"-86778.80";"0.00";"IST";"SL";"16h 15m";"-183.12"
"465";"USTEC_ICM_UTC2";"Buy";"7593.4";"7510.9";"2019.05.17 18:00:00";"2019.05.17 22:10:00";"30.0";"-2475.00";"7510.89990";"7675.89990";"-89253.80";"0.00";"IST";"SL";"4h 10m";"-0.00"
"466";"USTEC_ICM_UTC2";"Buy";"7391.1";"7308.6";"2019.05.20 18:45:00";"2019.05.23 13:05:00";"30.0";"-3024.36";"7308.60010";"7473.60010";"-92278.16";"0.00";"IST";"SL";"2d 18h 20m";"-549.36"
"467";"USTEC_ICM_UTC2";"Buy";"7319.6";"7300.3";"2019.05.23 17:45:00";"2019.05.24 22:55:00";"30.0";"-762.12";"7237.10010";"7402.10010";"-93040.27";"0.00";"IST";"End Of Friday (Time)";"1d 5h 10m";"-183.12"
"468";"USTEC_ICM_UTC2";"Buy";"7306.1";"7223.6";"2019.05.27 18:15:00";"2019.05.29 09:21:00";"30.0";"-2841.24";"7223.60010";"7388.60010";"-95881.52";"0.00";"IST";"SL";"1d 15h 6m";"-366.24"
"469";"USTEC_ICM_UTC2";"Buy";"7226.5";"7144.0";"2019.05.29 16:45:00";"2019.05.31 10:54:00";"30.0";"-2841.24";"7144.00000";"7309.00000";"-98722.76";"0.00";"IST";"SL";"1d 18h 9m";"-366.24"
"470";"USTEC_ICM_UTC2";"Buy";"7170.4";"7134.0";"2019.05.31 19:00:00";"2019.05.31 22:55:00";"30.0";"-1092.00";"7087.89990";"7252.89990";"-99814.76";"0.00";"IST";"End Of Friday (Time)";"3h 55m";"-0.00"
"471";"USTEC_ICM_UTC2";"Buy";"7054.5";"6972.0";"2019.06.03 17:15:00";"2019.06.03 20:31:00";"30.0";"-2475.00";"6972.00000";"7137.00000";"-102289.76";"0.00";"IST";"SL";"3h 16m";"-0.00"
"472";"USTEC_ICM_UTC2";"Buy";"7035.5";"7118.0";"2019.06.04 16:45:00";"2019.06.04 18:23:00";"30.0";"2475.00";"6953.00000";"7118.00000";"-99814.76";"0.00";"IST";"PT";"1h 38m";"-0.00"
"473";"USTEC_ICM_UTC2";"Buy";"7167.6";"7250.1";"2019.06.05 17:45:00";"2019.06.06 10:48:00";"30.0";"2291.88";"7085.10010";"7250.10010";"-97522.88";"0.00";"IST";"PT";"17h 3m";"-183.12"
"474";"USTEC_ICM_UTC2";"Buy";"7231.3";"7313.8";"2019.06.06 20:30:00";"2019.06.07 13:59:00";"30.0";"2291.88";"7148.79980";"7313.79980";"-95231.00";"0.00";"IST";"PT";"17h 29m";"-183.12"
"475";"USTEC_ICM_UTC2";"Buy";"7312.8";"7395.3";"2019.06.07 16:30:00";"2019.06.07 17:30:00";"30.0";"2475.00";"7230.29980";"7395.29980";"-92756.00";"0.00";"IST";"PT";"1h 0m";"-0.00"
"476";"USTEC_ICM_UTC2";"Buy";"7463.5";"7546.0";"2019.06.10 16:30:00";"2019.06.10 17:47:00";"30.0";"2475.00";"7381.00000";"7546.00000";"-90281.00";"0.00";"IST";"PT";"1h 17m";"-0.00"
"477";"USTEC_ICM_UTC2";"Buy";"7546.7";"7464.2";"2019.06.11 17:45:00";"2019.06.12 17:30:00";"30.0";"-2658.12";"7464.20020";"7629.20020";"-92939.12";"0.00";"IST";"SL";"23h 45m";"-183.12"
"478";"USTEC_ICM_UTC2";"Buy";"7478.4";"7489.0";"2019.06.12 18:30:00";"2019.06.14 22:55:00";"30.0";"-48.24";"7395.89990";"7560.89990";"-92987.36";"0.00";"IST";"End Of Friday (Time)";"2d 4h 25m";"-366.24"
"479";"USTEC_ICM_UTC2";"Buy";"7539.8";"7622.3";"2019.06.17 18:15:00";"2019.06.18 16:39:00";"30.0";"2291.88";"7457.29980";"7622.29980";"-90695.48";"0.00";"IST";"PT";"22h 24m";"-183.12"
"480";"USTEC_ICM_UTC2";"Buy";"7679.6";"7762.1";"2019.06.18 18:15:00";"2019.06.20 11:45:00";"30.0";"2108.76";"7597.10010";"7762.10010";"-88586.72";"0.00";"IST";"PT";"1d 17h 30m";"-366.24"
"481";"USTEC_ICM_UTC2";"Buy";"7751.5";"7731.3";"2019.06.20 16:45:00";"2019.06.21 22:55:00";"30.0";"-789.12";"7669.00000";"7834.00000";"-89375.84";"0.00";"IST";"End Of Friday (Time)";"1d 6h 10m";"-183.12"
"482";"USTEC_ICM_UTC2";"Buy";"7742.9";"7660.4";"2019.06.24 17:15:00";"2019.06.25 17:48:00";"30.0";"-2658.12";"7660.39990";"7825.39990";"-92033.95";"0.00";"IST";"SL";"1d 0h 33m";"-183.12"
"483";"USTEC_ICM_UTC2";"Buy";"7591.6";"7674.1";"2019.06.25 22:45:00";"2019.06.26 16:37:00";"30.0";"2291.88";"7509.10010";"7674.10010";"-89742.08";"0.00";"IST";"PT";"17h 52m";"-183.12"
"484";"USTEC_ICM_UTC2";"Buy";"7644.5";"7649.8";"2019.06.26 18:15:00";"2019.06.28 22:55:00";"30.0";"-207.24";"7562.00000";"7727.00000";"-89949.32";"0.00";"IST";"End Of Friday (Time)";"2d 4h 40m";"-366.24"
"485";"USTEC_ICM_UTC2";"Buy";"7778.7";"7861.2";"2019.07.01 19:15:00";"2019.07.03 20:00:00";"30.0";"2108.76";"7696.20020";"7861.20020";"-87840.55";"0.00";"IST";"PT";"2d 0h 45m";"-366.24"
"486";"USTEC_ICM_UTC2";"Buy";"7877.6";"7795.1";"2019.07.04 19:00:00";"2019.07.05 16:10:00";"30.0";"-2658.12";"7795.10010";"7960.10010";"-90498.68";"0.00";"IST";"SL";"21h 10m";"-183.12"
"487";"USTEC_ICM_UTC2";"Buy";"7784.9";"7867.4";"2019.07.09 17:15:00";"2019.07.10 15:49:00";"30.0";"2291.88";"7702.39990";"7867.39990";"-88206.80";"0.00";"IST";"PT";"22h 34m";"-183.12"
"488";"USTEC_ICM_UTC2";"Buy";"7900.9";"7938.2";"2019.07.11 17:45:00";"2019.07.12 22:55:00";"30.0";"935.88";"7818.39990";"7983.39990";"-87270.91";"0.00";"IST";"End Of Friday (Time)";"1d 5h 10m";"-183.12"
"489";"USTEC_ICM_UTC2";"Buy";"7960.8";"7878.3";"2019.07.15 16:30:00";"2019.07.17 23:04:00";"30.0";"-2841.24";"7878.29980";"8043.29980";"-90112.16";"0.00";"IST";"SL";"2d 6h 34m";"-366.24"
"490";"USTEC_ICM_UTC2";"Buy";"7875.9";"7958.4";"2019.07.18 17:15:00";"2019.07.19 16:28:00";"30.0";"2291.88";"7793.39990";"7958.39990";"-87820.28";"0.00";"IST";"PT";"23h 13m";"-183.12"
"491";"USTEC_ICM_UTC2";"Buy";"7955.1";"7872.6";"2019.07.19 16:30:00";"2019.07.19 21:24:00";"30.0";"-2475.00";"7872.60010";"8037.60010";"-90295.28";"0.00";"IST";"SL";"4h 54m";"-0.00"
"492";"USTEC_ICM_UTC2";"Buy";"7887.5";"7970.0";"2019.07.22 18:45:00";"2019.07.24 17:33:00";"30.0";"2108.76";"7805.00000";"7970.00000";"-88186.52";"0.00";"IST";"PT";"1d 22h 48m";"-366.24"
"493";"USTEC_ICM_UTC2";"Buy";"7964.0";"8022.1";"2019.07.24 18:15:00";"2019.07.26 22:55:00";"30.0";"1376.76";"7881.50000";"8046.50000";"-86809.76";"0.00";"IST";"End Of Friday (Time)";"2d 4h 40m";"-366.24"
"494";"USTEC_ICM_UTC2";"Buy";"7976.0";"7893.5";"2019.07.29 16:45:00";"2019.07.31 21:43:00";"30.0";"-2841.24";"7893.50000";"8058.50000";"-89651.00";"0.00";"IST";"SL";"2d 4h 58m";"-366.24"
"495";"USTEC_ICM_UTC2";"Buy";"7988.1";"7905.6";"2019.08.01 20:15:00";"2019.08.01 20:33:00";"30.0";"-2475.00";"7905.60010";"8070.60010";"-92126.00";"0.00";"IST";"SL";"18m 0s";"-0.00"
"496";"USTEC_ICM_UTC2";"Buy";"7733.8";"7651.3";"2019.08.02 16:45:00";"2019.08.02 17:40:00";"30.0";"-2475.00";"7651.29980";"7816.29980";"-94601.00";"0.00";"IST";"SL";"55m 0s";"-0.00"
"497";"USTEC_ICM_UTC2";"Buy";"7507.3";"7424.8";"2019.08.05 17:00:00";"2019.08.05 19:55:00";"30.0";"-2475.00";"7424.79980";"7589.79980";"-97076.00";"0.00";"IST";"SL";"2h 55m";"-0.00"
"498";"USTEC_ICM_UTC2";"Buy";"7453.8";"7536.3";"2019.08.06 18:15:00";"2019.08.06 21:32:00";"30.0";"2475.00";"7371.29980";"7536.29980";"-94601.00";"0.00";"IST";"PT";"3h 17m";"-0.00"
"499";"USTEC_ICM_UTC2";"Buy";"7490.0";"7572.5";"2019.08.07 20:15:00";"2019.08.08 04:23:00";"30.0";"2291.88";"7407.50000";"7572.50000";"-92309.12";"0.00";"IST";"PT";"8h 8m";"-183.12"
"500";"USTEC_ICM_UTC2";"Buy";"7590.6";"7673.1";"2019.08.08 16:45:00";"2019.08.08 18:39:00";"30.0";"2475.00";"7508.10010";"7673.10010";"-89834.12";"0.00";"IST";"PT";"1h 54m";"-0.00"
"501";"USTEC_ICM_UTC2";"Buy";"7656.3";"7659.1";"2019.08.09 17:15:00";"2019.08.09 22:55:00";"30.0";"84.00";"7573.79980";"7738.79980";"-89750.12";"0.00";"IST";"End Of Friday (Time)";"5h 40m";"-0.00"
"502";"USTEC_ICM_UTC2";"Buy";"7607.0";"7524.5";"2019.08.12 20:15:00";"2019.08.13 09:42:00";"30.0";"-2658.12";"7524.50000";"7689.50000";"-92408.23";"0.00";"IST";"SL";"13h 27m";"-183.12"
"503";"USTEC_ICM_UTC2";"Buy";"7729.1";"7646.6";"2019.08.13 19:30:00";"2019.08.14 13:25:00";"30.0";"-2658.12";"7646.60010";"7811.60010";"-95066.36";"0.00";"IST";"SL";"17h 55m";"-183.12"
"504";"USTEC_ICM_UTC2";"Buy";"7571.7";"7489.2";"2019.08.14 17:15:00";"2019.08.14 19:57:00";"30.0";"-2475.00";"7489.20020";"7654.20020";"-97541.36";"0.00";"IST";"SL";"2h 42m";"-0.00"
"505";"USTEC_ICM_UTC2";"Buy";"7505.4";"7587.9";"2019.08.15 16:30:00";"2019.08.16 12:07:00";"30.0";"2291.88";"7422.89990";"7587.89990";"-95249.48";"0.00";"IST";"PT";"19h 37m";"-183.12"
"506";"USTEC_ICM_UTC2";"Buy";"7565.8";"7609.9";"2019.08.16 17:15:00";"2019.08.16 22:55:00";"30.0";"1323.00";"7483.29980";"7648.29980";"-93926.48";"0.00";"IST";"End Of Friday (Time)";"5h 40m";"-0.00"
"507";"USTEC_ICM_UTC2";"Buy";"7725.5";"7643.0";"2019.08.19 22:30:00";"2019.08.21 01:00:00";"30.0";"-2841.24";"7643.00000";"7808.00000";"-96767.72";"0.00";"IST";"SL";"1d 2h 30m";"-366.24"
"508";"USTEC_ICM_UTC2";"Buy";"7738.6";"7656.1";"2019.08.21 17:15:00";"2019.08.22 17:36:00";"30.0";"-2658.12";"7656.10010";"7821.10010";"-99425.84";"0.00";"IST";"SL";"1d 0h 21m";"-183.12"
"509";"USTEC_ICM_UTC2";"Buy";"7716.8";"7634.3";"2019.08.22 20:30:00";"2019.08.23 15:26:00";"30.0";"-2658.12";"7634.29980";"7799.29980";"-102083.96";"0.00";"IST";"SL";"18h 56m";"-183.12"
"510";"USTEC_ICM_UTC2";"Buy";"7707.3";"7624.8";"2019.08.23 17:45:00";"2019.08.23 18:02:00";"30.0";"-2475.00";"7624.79980";"7789.79980";"-104558.96";"0.00";"IST";"SL";"17m 0s";"-0.00"
"511";"USTEC_ICM_UTC2";"Buy";"7552.8";"7635.3";"2019.08.26 22:15:00";"2019.08.27 16:08:00";"30.0";"2291.88";"7470.29980";"7635.29980";"-102267.08";"0.00";"IST";"PT";"17h 53m";"-183.12"
"512";"USTEC_ICM_UTC2";"Buy";"7566.5";"7649.0";"2019.08.27 19:30:00";"2019.08.29 10:14:00";"30.0";"2108.76";"7484.00000";"7649.00000";"-100158.32";"0.00";"IST";"PT";"1d 14h 44m";"-366.24"
"513";"USTEC_ICM_UTC2";"Buy";"7655.3";"7737.8";"2019.09.02 18:30:00";"2019.09.05 03:09:00";"30.0";"1925.64";"7572.79980";"7737.79980";"-98232.68";"0.00";"IST";"PT";"2d 8h 39m";"-549.36"
"514";"USTEC_ICM_UTC2";"Buy";"7800.9";"7883.4";"2019.09.05 16:30:00";"2019.09.06 12:24:00";"30.0";"2291.88";"7718.39990";"7883.39990";"-95940.80";"0.00";"IST";"PT";"19h 54m";"-183.12"
"515";"USTEC_ICM_UTC2";"Buy";"7854.9";"7852.9";"2019.09.06 20:00:00";"2019.09.06 22:55:00";"30.0";"-60.00";"7772.39990";"7937.39990";"-96000.80";"0.00";"IST";"End Of Friday (Time)";"2h 55m";"-0.00"
"516";"USTEC_ICM_UTC2";"Buy";"7792.9";"7875.4";"2019.09.10 16:30:00";"2019.09.11 18:54:00";"30.0";"2291.88";"7710.39990";"7875.39990";"-93708.92";"0.00";"IST";"PT";"1d 2h 24m";"-183.12"
"517";"USTEC_ICM_UTC2";"Buy";"7880.8";"7963.3";"2019.09.11 19:45:00";"2019.09.12 17:10:00";"30.0";"2291.88";"7798.29980";"7963.29980";"-91417.04";"0.00";"IST";"PT";"21h 25m";"-183.12"
"518";"USTEC_ICM_UTC2";"Buy";"7949.6";"7895.0";"2019.09.12 17:15:00";"2019.09.13 22:55:00";"30.0";"-1821.12";"7867.10010";"8032.10010";"-93238.16";"0.00";"IST";"End Of Friday (Time)";"1d 5h 40m";"-183.12"
"519";"USTEC_ICM_UTC2";"Buy";"7849.9";"7932.4";"2019.09.16 18:45:00";"2019.09.19 16:37:00";"30.0";"1925.64";"7767.39990";"7932.39990";"-91312.52";"0.00";"IST";"PT";"2d 21h 52m";"-549.36"
"520";"USTEC_ICM_UTC2";"Buy";"7938.5";"7856.0";"2019.09.19 17:15:00";"2019.09.20 19:37:00";"30.0";"-2658.12";"7856.00000";"8021.00000";"-93970.64";"0.00";"IST";"SL";"1d 2h 22m";"-183.12"
"521";"USTEC_ICM_UTC2";"Buy";"7844.0";"7829.9";"2019.09.20 22:15:00";"2019.09.20 22:55:00";"30.0";"-423.00";"7761.50000";"7926.50000";"-94393.64";"0.00";"IST";"End Of Friday (Time)";"40m 0s";"-0.00"
"522";"USTEC_ICM_UTC2";"Buy";"7804.6";"7722.1";"2019.09.23 18:15:00";"2019.09.24 19:23:00";"30.0";"-2658.12";"7722.10010";"7887.10010";"-97051.76";"0.00";"IST";"SL";"1d 1h 8m";"-183.12"
"523";"USTEC_ICM_UTC2";"Buy";"7748.3";"7665.8";"2019.09.25 19:45:00";"2019.09.27 20:32:00";"30.0";"-2841.24";"7665.79980";"7830.79980";"-99893.00";"0.00";"IST";"SL";"2d 0h 47m";"-366.24"
"524";"USTEC_ICM_UTC2";"Buy";"7723.6";"7806.1";"2019.09.30 18:00:00";"2019.10.01 16:36:00";"30.0";"2291.88";"7641.10010";"7806.10010";"-97601.12";"0.00";"IST";"PT";"22h 36m";"-183.12"
"525";"USTEC_ICM_UTC2";"Buy";"7557.1";"7474.6";"2019.10.02 18:00:00";"2019.10.03 17:06:00";"30.0";"-2658.12";"7474.60010";"7639.60010";"-100259.24";"0.00";"IST";"SL";"23h 6m";"-183.12"
"526";"USTEC_ICM_UTC2";"Buy";"7485.6";"7568.1";"2019.10.03 17:15:00";"2019.10.03 18:03:00";"30.0";"2475.00";"7403.10010";"7568.10010";"-97784.24";"0.00";"IST";"PT";"48m 0s";"-0.00"
"527";"USTEC_ICM_UTC2";"Buy";"7703.0";"7754.1";"2019.10.04 17:15:00";"2019.10.04 22:55:00";"30.0";"1533.00";"7620.50000";"7785.50000";"-96251.24";"0.00";"IST";"End Of Friday (Time)";"5h 40m";"-0.00"
"528";"USTEC_ICM_UTC2";"Buy";"7739.6";"7657.1";"2019.10.07 17:15:00";"2019.10.08 14:00:00";"30.0";"-2658.12";"7657.10010";"7822.10010";"-98909.36";"0.00";"IST";"SL";"20h 45m";"-183.12"
"529";"USTEC_ICM_UTC2";"Buy";"7655.4";"7572.9";"2019.10.08 19:30:00";"2019.10.10 01:59:00";"30.0";"-2841.24";"7572.89990";"7737.89990";"-101750.60";"0.00";"IST";"SL";"1d 6h 29m";"-366.24"
"530";"USTEC_ICM_UTC2";"Buy";"7726.2";"7808.7";"2019.10.10 21:30:00";"2019.10.11 11:10:00";"30.0";"2291.88";"7643.70020";"7808.70020";"-99458.72";"0.00";"IST";"PT";"13h 40m";"-183.12"
"531";"USTEC_ICM_UTC2";"Buy";"7885.3";"7853.3";"2019.10.11 18:45:00";"2019.10.11 22:55:00";"30.0";"-960.00";"7802.79980";"7967.79980";"-100418.72";"0.00";"IST";"End Of Friday (Time)";"4h 10m";"-0.00"
"532";"USTEC_ICM_UTC2";"Buy";"7858.7";"7941.2";"2019.10.14 17:45:00";"2019.10.15 17:59:00";"30.0";"2291.88";"7776.20020";"7941.20020";"-98126.84";"0.00";"IST";"PT";"1d 0h 14m";"-183.12"
"533";"USTEC_ICM_UTC2";"Buy";"7934.7";"7852.2";"2019.10.15 19:45:00";"2019.10.18 19:17:00";"30.0";"-3024.36";"7852.20020";"8017.20020";"-101151.20";"0.00";"IST";"SL";"2d 23h 32m";"-549.36"
"534";"USTEC_ICM_UTC2";"Buy";"7886.7";"7886.0";"2019.10.18 21:30:00";"2019.10.18 22:55:00";"30.0";"-21.00";"7804.20020";"7969.20020";"-101172.20";"0.00";"IST";"End Of Friday (Time)";"1h 25m";"-0.00"
"535";"USTEC_ICM_UTC2";"Buy";"7902.4";"7819.9";"2019.10.21 17:15:00";"2019.10.23 03:02:00";"30.0";"-2841.24";"7819.89990";"7984.89990";"-104013.44";"0.00";"IST";"SL";"1d 9h 47m";"-366.24"
"536";"USTEC_ICM_UTC2";"Buy";"7888.6";"7971.1";"2019.10.23 18:30:00";"2019.10.24 19:02:00";"30.0";"2291.88";"7806.10010";"7971.10010";"-101721.56";"0.00";"IST";"PT";"1d 0h 32m";"-183.12"
"537";"USTEC_ICM_UTC2";"Buy";"8019.2";"8022.3";"2019.10.25 21:00:00";"2019.10.25 22:55:00";"30.0";"93.00";"7936.70020";"8101.70020";"-101628.56";"0.00";"IST";"End Of Friday (Time)";"1h 55m";"-0.00"
"538";"USTEC_ICM_UTC2";"Buy";"8093.7";"8176.2";"2019.10.28 17:00:00";"2019.11.04 03:36:00";"30.0";"1193.16";"8011.20020";"8176.20020";"-100435.40";"0.00";"IST";"PT";"6d 10h 36m";"-1281.84"
"539";"USTEC_ICM_UTC2";"Buy";"8205.2";"8248.4";"2019.11.04 17:15:00";"2019.11.08 22:55:00";"30.0";"563.52";"8122.70020";"8287.70020";"-99871.88";"0.00";"IST";"End Of Friday (Time)";"4d 5h 40m";"-732.48"
"540";"USTEC_ICM_UTC2";"Buy";"8239.6";"8307.9";"2019.11.11 20:15:00";"2019.11.15 22:55:00";"30.0";"1316.55";"8157.10010";"8322.09961";"-98555.33";"0.00";"IST";"End Of Friday (Time)";"4d 2h 40m";"-732.48"
"541";"USTEC_ICM_UTC2";"Buy";"8302.3";"8264.7";"2019.11.18 17:45:00";"2019.11.22 22:55:00";"30.0";"-1860.48";"8219.79980";"8384.79980";"-100415.81";"0.00";"IST";"End Of Friday (Time)";"4d 5h 10m";"-732.48"
"542";"USTEC_ICM_UTC2";"Buy";"8361.5";"8444.0";"2019.11.25 18:15:00";"2019.11.27 22:59:00";"30.0";"2108.76";"8279.00000";"8444.00000";"-98307.05";"0.00";"IST";"PT";"2d 4h 44m";"-366.24"
"543";"USTEC_ICM_UTC2";"Buy";"8435.9";"8353.4";"2019.11.28 17:00:00";"2019.12.02 16:40:00";"30.0";"-3207.48";"8353.40039";"8518.40039";"-101514.53";"0.00";"IST";"SL";"3d 23h 40m";"-732.48"
"544";"USTEC_ICM_UTC2";"Buy";"8202.3";"8284.8";"2019.12.03 19:00:00";"2019.12.04 11:08:00";"30.0";"2291.88";"8119.79980";"8284.79980";"-99222.65";"0.00";"IST";"PT";"16h 8m";"-183.12"
"545";"USTEC_ICM_UTC2";"Buy";"8302.8";"8385.3";"2019.12.04 19:15:00";"2019.12.06 16:45:00";"30.0";"2108.76";"8220.29980";"8385.29980";"-97113.89";"0.00";"IST";"PT";"1d 21h 30m";"-366.24"
"546";"USTEC_ICM_UTC2";"Buy";"8391.9";"8396.3";"2019.12.06 18:30:00";"2019.12.06 22:55:00";"30.0";"131.97";"8309.40039";"8474.40039";"-96981.92";"0.00";"IST";"End Of Friday (Time)";"4h 25m";"-0.00"
"547";"USTEC_ICM_UTC2";"Buy";"8418.3";"8335.8";"2019.12.09 17:15:00";"2019.12.10 10:50:00";"30.0";"-2658.12";"8335.79980";"8500.79980";"-99640.04";"0.00";"IST";"SL";"17h 35m";"-183.12"
"548";"USTEC_ICM_UTC2";"Buy";"8372.7";"8455.2";"2019.12.11 16:30:00";"2019.12.12 16:39:00";"30.0";"2291.88";"8290.20020";"8455.20020";"-97348.16";"0.00";"IST";"PT";"1d 0h 9m";"-183.12"
"549";"USTEC_ICM_UTC2";"Buy";"8483.2";"8400.7";"2019.12.12 17:15:00";"2019.12.12 19:23:00";"30.0";"-2475.00";"8400.70020";"8565.70020";"-99823.16";"0.00";"IST";"SL";"2h 8m";"-0.00"
"550";"USTEC_ICM_UTC2";"Buy";"8560.8";"8643.3";"2019.12.16 16:45:00";"2019.12.19 23:03:00";"30.0";"1925.64";"8478.29980";"8643.29980";"-97897.52";"0.00";"IST";"PT";"3d 6h 18m";"-549.36"
"551";"USTEC_ICM_UTC2";"Buy";"8657.5";"8679.3";"2019.12.20 17:00:00";"2019.12.20 22:55:00";"30.0";"654.00";"8575.00000";"8740.00000";"-97243.52";"0.00";"IST";"End Of Friday (Time)";"5h 55m";"-0.00"
"552";"USTEC_ICM_UTC2";"Buy";"8702.0";"8784.5";"2019.12.23 21:45:00";"2019.12.27 02:15:00";"30.0";"1742.52";"8619.50000";"8784.50000";"-95501.00";"0.00";"IST";"PT";"3d 4h 30m";"-732.48"
"553";"USTEC_ICM_UTC2";"Buy";"8784.8";"8762.6";"2019.12.27 19:15:00";"2019.12.27 22:55:00";"30.0";"-666.00";"8702.29980";"8867.29980";"-96167.00";"0.00";"IST";"End Of Friday (Time)";"3h 40m";"-0.00"
"554";"USTEC_ICM_UTC2";"Buy";"8763.2";"8680.7";"2019.12.30 16:30:00";"2019.12.30 17:13:00";"30.0";"-2475.00";"8680.70020";"8845.70020";"-98642.00";"0.00";"IST";"SL";"43m 0s";"-0.00"
"555";"USTEC_ICM_UTC2";"Buy";"8704.8";"8787.3";"2019.12.31 17:15:00";"2020.01.02 11:06:00";"30.0";"2108.76";"8622.29980";"8787.29980";"-96533.24";"0.00";"IST";"PT";"1d 17h 51m";"-366.24"
"556";"USTEC_ICM_UTC2";"Buy";"8802.3";"8884.8";"2020.01.02 17:15:00";"2020.01.03 01:10:00";"30.0";"2291.88";"8719.79980";"8884.79980";"-94241.36";"0.00";"IST";"PT";"7h 55m";"-183.12"
"557";"USTEC_ICM_UTC2";"Buy";"8808.4";"8802.9";"2020.01.03 17:15:00";"2020.01.03 22:55:00";"30.0";"-165.00";"8725.90039";"8890.90039";"-94406.36";"0.00";"IST";"End Of Friday (Time)";"5h 40m";"-0.00"
"558";"USTEC_ICM_UTC2";"Buy";"8759.0";"8841.5";"2020.01.06 16:45:00";"2020.01.06 22:50:00";"30.0";"2475.00";"8676.50000";"8841.50000";"-91931.36";"0.00";"IST";"PT";"6h 5m";"-0.00"
"559";"USTEC_ICM_UTC2";"Buy";"8860.7";"8778.2";"2020.01.07 20:00:00";"2020.01.08 01:22:00";"30.0";"-2658.12";"8778.20020";"8943.20020";"-94589.48";"0.00";"IST";"SL";"5h 22m";"-183.12"
"560";"USTEC_ICM_UTC2";"Buy";"8923.6";"9006.1";"2020.01.08 20:30:00";"2020.01.10 02:30:00";"30.0";"2108.76";"8841.09961";"9006.09961";"-92480.72";"0.00";"IST";"PT";"1d 6h 0m";"-366.24"
"561";"USTEC_ICM_UTC2";"Buy";"9022.1";"8966.9";"2020.01.10 17:45:00";"2020.01.10 22:55:00";"30.0";"-1655.97";"8939.59961";"9104.59961";"-94136.69";"0.00";"IST";"End Of Friday (Time)";"5h 10m";"-0.00"
"562";"USTEC_ICM_UTC2";"Buy";"9051.2";"9133.7";"2020.01.13 20:15:00";"2020.01.17 01:18:00";"30.0";"1742.52";"8968.70020";"9133.70020";"-92394.17";"0.00";"IST";"PT";"3d 5h 3m";"-732.48"
"563";"USTEC_ICM_UTC2";"Buy";"9146.3";"9171.5";"2020.01.17 17:00:00";"2020.01.17 22:55:00";"30.0";"756.00";"9063.79980";"9228.79980";"-91638.17";"0.00";"IST";"End Of Friday (Time)";"5h 55m";"-0.00"
"564";"USTEC_ICM_UTC2";"Buy";"9158.9";"9241.4";"2020.01.20 16:45:00";"2020.01.22 17:43:00";"30.0";"2108.76";"9076.40039";"9241.40039";"-89529.41";"0.00";"IST";"PT";"2d 0h 58m";"-366.24"
"565";"USTEC_ICM_UTC2";"Buy";"9208.9";"9126.4";"2020.01.22 18:15:00";"2020.01.24 20:52:00";"30.0";"-2841.24";"9126.40039";"9291.40039";"-92370.65";"0.00";"IST";"SL";"2d 2h 37m";"-366.24"
"566";"USTEC_ICM_UTC2";"Buy";"8979.6";"9062.1";"2020.01.27 17:30:00";"2020.01.28 17:42:00";"30.0";"2291.88";"8897.09961";"9062.09961";"-90078.77";"0.00";"IST";"PT";"1d 0h 12m";"-183.12"
"567";"USTEC_ICM_UTC2";"Buy";"9137.3";"9054.8";"2020.01.29 20:30:00";"2020.01.30 04:47:00";"30.0";"-2658.12";"9054.79980";"9219.79980";"-92736.89";"0.00";"IST";"SL";"8h 17m";"-183.12"
"568";"USTEC_ICM_UTC2";"Buy";"9098.9";"9181.4";"2020.01.30 16:45:00";"2020.01.30 23:01:00";"30.0";"2475.00";"9016.40039";"9181.40039";"-90261.89";"0.00";"IST";"PT";"6h 16m";"-0.00"
"569";"USTEC_ICM_UTC2";"Buy";"8993.5";"8998.3";"2020.01.31 20:45:00";"2020.01.31 22:55:00";"30.0";"144.00";"8911.00000";"9076.00000";"-90117.89";"0.00";"IST";"End Of Friday (Time)";"2h 10m";"-0.00"
"570";"USTEC_ICM_UTC2";"Buy";"9107.1";"9189.6";"2020.02.03 20:30:00";"2020.02.04 08:55:00";"30.0";"2291.88";"9024.59961";"9189.59961";"-87826.01";"0.00";"IST";"PT";"12h 25m";"-183.12"
"571";"USTEC_ICM_UTC2";"Buy";"9289.8";"9372.3";"2020.02.04 18:15:00";"2020.02.05 10:34:00";"30.0";"2291.88";"9207.29980";"9372.29980";"-85534.13";"0.00";"IST";"PT";"16h 19m";"-183.12"
"572";"USTEC_ICM_UTC2";"Buy";"9443.6";"9394.0";"2020.02.06 19:45:00";"2020.02.07 22:55:00";"30.0";"-1671.12";"9361.09961";"9526.09961";"-87205.25";"0.00";"IST";"End Of Friday (Time)";"1d 3h 10m";"-183.12"
"573";"USTEC_ICM_UTC2";"Buy";"9572.5";"9618.1";"2020.02.11 20:00:00";"2020.02.14 22:55:00";"30.0";"818.64";"9490.00000";"9655.00000";"-86386.61";"0.00";"IST";"End Of Friday (Time)";"3d 2h 55m";"-549.36"
"574";"USTEC_ICM_UTC2";"Buy";"9657.0";"9574.5";"2020.02.17 19:15:00";"2020.02.18 01:08:00";"30.0";"-2658.12";"9574.50000";"9739.50000";"-89044.73";"0.00";"IST";"SL";"5h 53m";"-183.12"
"575";"USTEC_ICM_UTC2";"Buy";"9594.8";"9677.3";"2020.02.18 16:45:00";"2020.02.19 16:05:00";"30.0";"2291.88";"9512.29980";"9677.29980";"-86752.85";"0.00";"IST";"PT";"23h 20m";"-183.12"
"576";"USTEC_ICM_UTC2";"Buy";"9712.2";"9629.7";"2020.02.19 18:00:00";"2020.02.20 18:17:00";"30.0";"-2658.12";"9629.70020";"9794.70020";"-89410.97";"0.00";"IST";"SL";"1d 0h 17m";"-183.12"
"577";"USTEC_ICM_UTC2";"Buy";"9621.5";"9539.0";"2020.02.20 21:45:00";"2020.02.21 08:34:00";"30.0";"-2658.12";"9539.00000";"9704.00000";"-92069.09";"0.00";"IST";"SL";"10h 49m";"-183.12"
"578";"USTEC_ICM_UTC2";"Buy";"9491.5";"9409.0";"2020.02.21 19:45:00";"2020.02.21 20:54:00";"30.0";"-2475.00";"9409.00000";"9574.00000";"-94544.09";"0.00";"IST";"SL";"1h 9m";"-0.00"
"579";"USTEC_ICM_UTC2";"Buy";"9151.6";"9069.1";"2020.02.25 16:30:00";"2020.02.25 17:24:00";"30.0";"-2475.00";"9069.09961";"9234.09961";"-97019.09";"0.00";"IST";"SL";"54m 0s";"-0.00"
"580";"USTEC_ICM_UTC2";"Buy";"8969.3";"8886.8";"2020.02.26 17:15:00";"2020.02.26 19:08:00";"30.0";"-2475.00";"8886.79980";"9051.79980";"-99494.09";"0.00";"IST";"SL";"1h 53m";"-0.00"
"581";"USTEC_ICM_UTC2";"Buy";"8653.8";"8571.3";"2020.02.27 17:15:00";"2020.02.27 17:26:00";"30.0";"-2475.00";"8571.29980";"8736.29980";"-101969.09";"0.00";"IST";"SL";"11m 0s";"-0.00"
"582";"USTEC_ICM_UTC2";"Buy";"8178.4";"8260.9";"2020.02.28 17:15:00";"2020.02.28 17:53:00";"30.0";"2475.00";"8095.89990";"8260.90039";"-99494.09";"0.00";"IST";"PT";"38m 0s";"-0.00"
"583";"USTEC_ICM_UTC2";"Buy";"8697.4";"8614.9";"2020.03.02 20:15:00";"2020.03.02 21:38:00";"30.0";"-2475.00";"8614.90039";"8779.90039";"-101969.09";"0.00";"IST";"SL";"1h 23m";"-0.00"
"584";"USTEC_ICM_UTC2";"Buy";"8944.6";"8862.1";"2020.03.03 17:45:00";"2020.03.03 18:06:00";"30.0";"-2475.00";"8862.09961";"9027.09961";"-104444.09";"0.00";"IST";"SL";"21m 0s";"-0.00"
"585";"USTEC_ICM_UTC2";"Buy";"8746.0";"8828.5";"2020.03.04 16:30:00";"2020.03.04 20:04:00";"30.0";"2475.00";"8663.50000";"8828.50000";"-101969.09";"0.00";"IST";"PT";"3h 34m";"-0.00"
"586";"USTEC_ICM_UTC2";"Buy";"8715.8";"8798.3";"2020.03.05 16:30:00";"2020.03.05 17:22:00";"30.0";"2475.00";"8633.29980";"8798.29980";"-99494.09";"0.00";"IST";"PT";"52m 0s";"-0.00"
"587";"USTEC_ICM_UTC2";"Buy";"8442.2";"8524.7";"2020.03.06 17:15:00";"2020.03.06 17:30:00";"30.0";"2475.00";"8359.70020";"8524.70020";"-97019.09";"0.00";"IST";"PT";"15m 0s";"-0.00"
"588";"USTEC_ICM_UTC2";"Buy";"8032.4";"7949.9";"2020.03.09 21:00:00";"2020.03.09 21:59:00";"30.0";"-2475.00";"7949.89990";"8114.89990";"-99494.09";"0.00";"IST";"SL";"59m 0s";"-0.00"
"589";"USTEC_ICM_UTC2";"Buy";"8059.8";"8142.3";"2020.03.10 20:00:00";"2020.03.10 20:41:00";"30.0";"2475.00";"7977.29980";"8142.29980";"-97019.09";"0.00";"IST";"PT";"41m 0s";"-0.00"
"590";"USTEC_ICM_UTC2";"Buy";"8115.0";"8032.5";"2020.03.11 16:45:00";"2020.03.11 19:03:00";"30.0";"-2475.00";"8032.50000";"8197.50000";"-99494.09";"0.00";"IST";"SL";"2h 18m";"-0.00"
"591";"USTEC_ICM_UTC2";"Buy";"7587.0";"7504.5";"2020.03.12 17:00:00";"2020.03.12 17:11:00";"30.0";"-2475.00";"7504.50000";"7669.50000";"-101969.09";"0.00";"IST";"SL";"11m 0s";"-0.00"
"592";"USTEC_ICM_UTC2";"Buy";"7446.7";"7364.2";"2020.03.13 17:00:00";"2020.03.13 17:33:00";"30.0";"-2475.00";"7364.20020";"7529.20020";"-104444.09";"0.00";"IST";"SL";"33m 0s";"-0.00"
"593";"USTEC_ICM_UTC2";"Buy";"7286.6";"7204.1";"2020.03.16 21:15:00";"2020.03.16 21:31:00";"30.0";"-2475.00";"7204.10010";"7369.10010";"-106919.09";"0.00";"IST";"SL";"16m 0s";"-0.00"
"594";"USTEC_ICM_UTC2";"Buy";"7417.2";"7499.7";"2020.03.19 20:30:00";"2020.03.19 20:41:00";"30.0";"2475.00";"7334.70020";"7499.70020";"-104444.09";"0.00";"IST";"PT";"11m 0s";"-0.00"
"595";"USTEC_ICM_UTC2";"Buy";"7162.2";"7079.7";"2020.03.20 20:45:00";"2020.03.20 21:17:00";"30.0";"-2475.00";"7079.70020";"7244.70020";"-106919.09";"0.00";"IST";"SL";"32m 0s";"-0.00"
"596";"USTEC_ICM_UTC2";"Buy";"6993.0";"6910.5";"2020.03.23 20:30:00";"2020.03.23 21:20:00";"30.0";"-2475.00";"6910.50000";"7075.50000";"-109394.09";"0.00";"IST";"SL";"50m 0s";"-0.00"
"597";"USTEC_ICM_UTC2";"Buy";"7385.4";"7467.9";"2020.03.24 17:00:00";"2020.03.24 17:41:00";"30.0";"2475.00";"7302.89990";"7467.89990";"-106919.09";"0.00";"IST";"PT";"41m 0s";"-0.00"
"598";"USTEC_ICM_UTC2";"Buy";"7724.6";"7807.1";"2020.03.26 19:15:00";"2020.03.26 21:32:00";"30.0";"2475.00";"7642.10010";"7807.10010";"-104444.09";"0.00";"IST";"PT";"2h 17m";"-0.00"
"599";"USTEC_ICM_UTC2";"Buy";"7624.2";"7706.7";"2020.03.27 16:45:00";"2020.03.27 17:17:00";"30.0";"2475.00";"7541.70020";"7706.70020";"-101969.09";"0.00";"IST";"PT";"32m 0s";"-0.00"
"600";"USTEC_ICM_UTC2";"Buy";"7755.6";"7838.1";"2020.03.30 17:15:00";"2020.03.30 18:29:00";"30.0";"2475.00";"7673.10010";"7838.10010";"-99494.09";"0.00";"IST";"PT";"1h 14m";"-0.00"
"601";"USTEC_ICM_UTC2";"Buy";"7823.1";"7740.6";"2020.03.31 22:15:00";"2020.04.01 01:23:00";"30.0";"-2658.12";"7740.60010";"7905.60010";"-102152.21";"0.00";"IST";"SL";"3h 8m";"-183.12"
"602";"USTEC_ICM_UTC2";"Buy";"7583.2";"7665.7";"2020.04.01 16:30:00";"2020.04.01 17:38:00";"30.0";"2475.00";"7500.70020";"7665.70020";"-99677.21";"0.00";"IST";"PT";"1h 8m";"-0.00"
"603";"USTEC_ICM_UTC2";"Buy";"7528.2";"7610.7";"2020.04.02 17:15:00";"2020.04.02 17:35:00";"30.0";"2475.00";"7445.70020";"7610.70020";"-97202.21";"0.00";"IST";"PT";"20m 0s";"-0.00"
"604";"USTEC_ICM_UTC2";"Buy";"7659.6";"7577.1";"2020.04.03 16:45:00";"2020.04.03 17:28:00";"30.0";"-2475.00";"7577.10010";"7742.10010";"-99677.21";"0.00";"IST";"SL";"43m 0s";"-0.00"
"605";"USTEC_ICM_UTC2";"Buy";"7881.8";"7964.3";"2020.04.06 18:15:00";"2020.04.06 20:49:00";"30.0";"2475.00";"7799.29980";"7964.29980";"-97202.21";"0.00";"IST";"PT";"2h 34m";"-0.00"
"606";"USTEC_ICM_UTC2";"Buy";"8139.8";"8057.3";"2020.04.08 16:45:00";"2020.04.08 17:08:00";"30.0";"-2475.00";"8057.29980";"8222.29980";"-99677.21";"0.00";"IST";"SL";"23m 0s";"-0.00"
"607";"USTEC_ICM_UTC2";"Buy";"8220.9";"8138.4";"2020.04.09 18:30:00";"2020.04.13 02:26:00";"30.0";"-3207.48";"8138.39990";"8303.40039";"-102884.69";"0.00";"IST";"SL";"3d 7h 56m";"-732.48"
"608";"USTEC_ICM_UTC2";"Buy";"8202.1";"8284.6";"2020.04.13 16:30:00";"2020.04.13 22:19:00";"30.0";"2475.00";"8119.60010";"8284.59961";"-100409.69";"0.00";"IST";"PT";"5h 49m";"-0.00"
"609";"USTEC_ICM_UTC2";"Buy";"8594.9";"8677.4";"2020.04.14 18:00:00";"2020.04.14 20:30:00";"30.0";"2475.00";"8512.40039";"8677.40039";"-97934.69";"0.00";"IST";"PT";"2h 30m";"-0.00"
"610";"USTEC_ICM_UTC2";"Buy";"8584.6";"8667.1";"2020.04.15 21:00:00";"2020.04.15 22:01:00";"30.0";"2475.00";"8502.09961";"8667.09961";"-95459.69";"0.00";"IST";"PT";"1h 1m";"-0.00"
"611";"USTEC_ICM_UTC2";"Buy";"8681.6";"8764.1";"2020.04.16 16:45:00";"2020.04.16 18:25:00";"30.0";"2475.00";"8599.09961";"8764.09961";"-92984.69";"0.00";"IST";"PT";"1h 40m";"-0.00"
"612";"USTEC_ICM_UTC2";"Buy";"8777.5";"8832.1";"2020.04.17 17:45:00";"2020.04.17 22:55:00";"30.0";"1638.00";"8695.00000";"8860.00000";"-91346.69";"0.00";"IST";"End Of Friday (Time)";"5h 10m";"-0.00"
"613";"USTEC_ICM_UTC2";"Buy";"8827.1";"8744.6";"2020.04.20 19:15:00";"2020.04.20 21:59:00";"30.0";"-2475.00";"8744.59961";"8909.59961";"-93821.69";"0.00";"IST";"SL";"2h 44m";"-0.00"
"614";"USTEC_ICM_UTC2";"Buy";"8608.6";"8691.1";"2020.04.22 19:00:00";"2020.04.22 21:57:00";"30.0";"2475.00";"8526.09961";"8691.09961";"-91346.69";"0.00";"IST";"PT";"2h 57m";"-0.00"
"615";"USTEC_ICM_UTC2";"Buy";"8740.3";"8657.8";"2020.04.23 17:15:00";"2020.04.23 19:45:00";"30.0";"-2475.00";"8657.79980";"8822.79980";"-93821.69";"0.00";"IST";"SL";"2h 30m";"-0.00"
"616";"USTEC_ICM_UTC2";"Buy";"8660.8";"8743.3";"2020.04.24 19:00:00";"2020.04.24 21:39:00";"30.0";"2475.00";"8578.29980";"8743.29980";"-91346.69";"0.00";"IST";"PT";"2h 39m";"-0.00"
"617";"USTEC_ICM_UTC2";"Buy";"8844.5";"8927.0";"2020.04.27 16:45:00";"2020.04.28 12:26:00";"30.0";"2291.88";"8762.00000";"8927.00000";"-89054.81";"0.00";"IST";"PT";"19h 41m";"-183.12"
"618";"USTEC_ICM_UTC2";"Buy";"8915.2";"8832.7";"2020.04.28 16:30:00";"2020.04.28 17:00:00";"30.0";"-2475.00";"8832.70020";"8997.70020";"-91529.81";"0.00";"IST";"SL";"30m 0s";"-0.00"
"619";"USTEC_ICM_UTC2";"Buy";"8943.3";"9025.8";"2020.04.29 17:30:00";"2020.04.29 23:11:00";"30.0";"2475.00";"8860.79980";"9025.79980";"-89054.81";"0.00";"IST";"PT";"5h 41m";"-0.00"
"620";"USTEC_ICM_UTC2";"Buy";"8961.4";"8852.6";"2020.04.30 17:45:00";"2020.05.01 01:00:00";"30.0";"-3447.72";"8878.90039";"9043.90039";"-92502.53";"0.00";"IST";"SL";"7h 15m";"-183.12"
"621";"USTEC_ICM_UTC2";"Buy";"8840.7";"8758.2";"2020.05.01 17:45:00";"2020.05.01 18:48:00";"30.0";"-2475.00";"8758.20020";"8923.20020";"-94977.53";"0.00";"IST";"SL";"1h 3m";"-0.00"
"622";"USTEC_ICM_UTC2";"Buy";"8997.9";"8915.4";"2020.05.05 19:00:00";"2020.05.05 22:37:00";"30.0";"-2475.00";"8915.40039";"9080.40039";"-97452.53";"0.00";"IST";"SL";"3h 37m";"-0.00"
"623";"USTEC_ICM_UTC2";"Buy";"8967.3";"9049.8";"2020.05.06 17:15:00";"2020.05.06 17:45:00";"30.0";"2475.00";"8884.79980";"9049.79980";"-94977.53";"0.00";"IST";"PT";"30m 0s";"-0.00"
"624";"USTEC_ICM_UTC2";"Buy";"9125.6";"9208.1";"2020.05.07 20:00:00";"2020.05.08 05:16:00";"30.0";"2291.88";"9043.09961";"9208.09961";"-92685.65";"0.00";"IST";"PT";"9h 16m";"-183.12"
"625";"USTEC_ICM_UTC2";"Buy";"9211.7";"9221.3";"2020.05.08 19:15:00";"2020.05.08 22:55:00";"30.0";"288.00";"9129.20020";"9294.20020";"-92397.65";"0.00";"IST";"End Of Friday (Time)";"3h 40m";"-0.00"
"626";"USTEC_ICM_UTC2";"Buy";"9270.0";"9352.5";"2020.05.11 18:30:00";"2020.05.12 16:32:00";"30.0";"2291.88";"9187.50000";"9352.50000";"-90105.77";"0.00";"IST";"PT";"22h 2m";"-183.12"
"627";"USTEC_ICM_UTC2";"Buy";"8911.0";"8993.5";"2020.05.13 22:00:00";"2020.05.13 22:52:00";"30.0";"2475.00";"8828.50000";"8993.50000";"-87630.77";"0.00";"IST";"PT";"52m 0s";"-0.00"
"628";"USTEC_ICM_UTC2";"Buy";"8988.9";"9071.4";"2020.05.14 20:00:00";"2020.05.14 22:50:00";"30.0";"2475.00";"8906.40039";"9071.40039";"-85155.77";"0.00";"IST";"PT";"2h 50m";"-0.00"
"629";"USTEC_ICM_UTC2";"Buy";"9003.7";"9086.2";"2020.05.15 19:00:00";"2020.05.15 20:03:00";"30.0";"2475.00";"8921.20020";"9086.20020";"-82680.77";"0.00";"IST";"PT";"1h 3m";"-0.00"
"630";"USTEC_ICM_UTC2";"Buy";"9336.1";"9418.6";"2020.05.18 19:00:00";"2020.05.19 09:59:00";"30.0";"2291.88";"9253.59961";"9418.59961";"-80388.89";"0.00";"IST";"PT";"14h 59m";"-183.12"
"631";"USTEC_ICM_UTC2";"Buy";"9376.0";"9293.5";"2020.05.19 17:45:00";"2020.05.19 23:01:00";"30.0";"-2475.00";"9293.50000";"9458.50000";"-82863.89";"0.00";"IST";"SL";"5h 16m";"-0.00"
"632";"USTEC_ICM_UTC2";"Buy";"9445.3";"9362.8";"2020.05.20 16:45:00";"2020.05.21 18:23:00";"30.0";"-2658.12";"9362.79980";"9527.79980";"-85522.01";"0.00";"IST";"SL";"1d 1h 38m";"-183.12"
"633";"USTEC_ICM_UTC2";"Buy";"9409.0";"9326.5";"2020.05.21 20:45:00";"2020.05.22 05:13:00";"30.0";"-2658.12";"9326.50000";"9491.50000";"-88180.13";"0.00";"IST";"SL";"8h 28m";"-183.12"
"634";"USTEC_ICM_UTC2";"Buy";"9342.2";"9406.7";"2020.05.22 16:45:00";"2020.05.22 22:55:00";"30.0";"1935.00";"9259.70020";"9424.70020";"-86245.13";"0.00";"IST";"End Of Friday (Time)";"6h 10m";"-0.00"
"635";"USTEC_ICM_UTC2";"Buy";"9529.0";"9446.5";"2020.05.25 17:15:00";"2020.05.26 18:37:00";"30.0";"-2658.12";"9446.50000";"9611.50000";"-88903.25";"0.00";"IST";"SL";"1d 1h 22m";"-183.12"
"636";"USTEC_ICM_UTC2";"Buy";"9471.8";"9389.3";"2020.05.26 21:00:00";"2020.05.26 22:43:00";"30.0";"-2475.00";"9389.29980";"9554.29980";"-91378.25";"0.00";"IST";"SL";"1h 43m";"-0.00"
"637";"USTEC_ICM_UTC2";"Buy";"9409.5";"9327.0";"2020.05.27 22:30:00";"2020.05.28 15:55:00";"30.0";"-2658.12";"9327.00000";"9492.00000";"-94036.38";"0.00";"IST";"SL";"17h 25m";"-183.12"
"638";"USTEC_ICM_UTC2";"Buy";"9489.4";"9406.9";"2020.05.28 18:15:00";"2020.05.28 22:50:00";"30.0";"-2475.00";"9406.90039";"9571.90039";"-96511.38";"0.00";"IST";"SL";"4h 35m";"-0.00"
"639";"USTEC_ICM_UTC2";"Buy";"9411.3";"9493.8";"2020.05.29 17:30:00";"2020.05.29 21:27:00";"30.0";"2475.00";"9328.79980";"9493.79980";"-94036.38";"0.00";"IST";"PT";"3h 57m";"-0.00"
"640";"USTEC_ICM_UTC2";"Buy";"9564.8";"9647.3";"2020.06.01 18:15:00";"2020.06.02 11:45:00";"30.0";"2291.88";"9482.29980";"9647.29980";"-91744.49";"0.00";"IST";"PT";"17h 30m";"-183.12"
"641";"USTEC_ICM_UTC2";"Buy";"9605.7";"9688.2";"2020.06.02 22:30:00";"2020.06.03 03:58:00";"30.0";"2291.88";"9523.20020";"9688.20020";"-89452.61";"0.00";"IST";"PT";"5h 28m";"-183.12"
"642";"USTEC_ICM_UTC2";"Buy";"9680.2";"9597.7";"2020.06.03 21:00:00";"2020.06.04 22:00:00";"30.0";"-2658.12";"9597.70020";"9762.70020";"-92110.73";"0.00";"IST";"SL";"1d 1h 0m";"-183.12"
"643";"USTEC_ICM_UTC2";"Buy";"9791.6";"9811.6";"2020.06.05 18:15:00";"2020.06.05 22:55:00";"30.0";"600.00";"9709.09961";"9874.09961";"-91510.73";"0.00";"IST";"End Of Friday (Time)";"4h 40m";"-0.00"
"644";"USTEC_ICM_UTC2";"Buy";"9823.1";"9905.6";"2020.06.08 20:15:00";"2020.06.09 08:50:00";"30.0";"2291.88";"9740.59961";"9905.59961";"-89218.85";"0.00";"IST";"PT";"12h 35m";"-183.12"
"645";"USTEC_ICM_UTC2";"Buy";"9859.9";"9942.4";"2020.06.09 16:30:00";"2020.06.09 17:45:00";"30.0";"2475.00";"9777.40039";"9942.40039";"-86743.85";"0.00";"IST";"PT";"1h 15m";"-0.00"
"646";"USTEC_ICM_UTC2";"Buy";"10040.3";"10122.8";"2020.06.10 16:30:00";"2020.06.10 21:15:00";"30.0";"2475.00";"9957.79980";"10122.79980";"-84268.85";"0.00";"IST";"PT";"4h 45m";"-0.00"
"647";"USTEC_ICM_UTC2";"Buy";"9881.6";"9799.1";"2020.06.11 18:15:00";"2020.06.11 19:19:00";"30.0";"-2475.00";"9799.09961";"9964.09961";"-86743.85";"0.00";"IST";"SL";"1h 4m";"-0.00"
"648";"USTEC_ICM_UTC2";"Buy";"9644.5";"9670.3";"2020.06.12 22:15:00";"2020.06.12 22:55:00";"30.0";"774.00";"9562.00000";"9727.00000";"-85969.85";"0.00";"IST";"End Of Friday (Time)";"40m 0s";"-0.00"
"649";"USTEC_ICM_UTC2";"Buy";"9674.7";"9757.2";"2020.06.15 19:45:00";"2020.06.15 21:02:00";"30.0";"2475.00";"9592.20020";"9757.20020";"-83494.85";"0.00";"IST";"PT";"1h 17m";"-0.00"
"650";"USTEC_ICM_UTC2";"Buy";"9966.1";"9883.6";"2020.06.16 20:15:00";"2020.06.16 22:18:00";"30.0";"-2475.00";"9883.59961";"10048.59961";"-85969.85";"0.00";"IST";"SL";"2h 3m";"-0.00"
"651";"USTEC_ICM_UTC2";"Buy";"10024.1";"9941.6";"2020.06.17 16:45:00";"2020.06.18 03:06:00";"30.0";"-2658.12";"9941.59961";"10106.59961";"-88627.97";"0.00";"IST";"SL";"10h 21m";"-183.12"
"652";"USTEC_ICM_UTC2";"Buy";"10006.3";"10088.8";"2020.06.18 20:45:00";"2020.06.19 15:00:00";"30.0";"2291.88";"9923.79980";"10088.79980";"-86336.09";"0.00";"IST";"PT";"18h 15m";"-183.12"
"653";"USTEC_ICM_UTC2";"Buy";"10098.7";"10016.2";"2020.06.19 17:00:00";"2020.06.19 19:13:00";"30.0";"-2475.00";"10016.20020";"10181.20020";"-88811.09";"0.00";"IST";"SL";"2h 13m";"-0.00"
"654";"USTEC_ICM_UTC2";"Buy";"10110.7";"10028.2";"2020.06.22 21:30:00";"2020.06.23 04:23:00";"30.0";"-2658.12";"10028.20020";"10193.20020";"-91469.21";"0.00";"IST";"SL";"6h 53m";"-183.12"
"655";"USTEC_ICM_UTC2";"Buy";"10273.4";"10190.9";"2020.06.23 19:45:00";"2020.06.23 22:51:00";"30.0";"-2475.00";"10190.90039";"10355.90039";"-93944.21";"0.00";"IST";"SL";"3h 6m";"-0.00"
"656";"USTEC_ICM_UTC2";"Buy";"10179.1";"10096.6";"2020.06.24 16:30:00";"2020.06.24 17:01:00";"30.0";"-2475.00";"10096.59961";"10261.59961";"-96419.21";"0.00";"IST";"SL";"31m 0s";"-0.00"
"657";"USTEC_ICM_UTC2";"Buy";"10010.6";"10093.1";"2020.06.25 19:00:00";"2020.06.25 22:54:00";"30.0";"2475.00";"9928.09961";"10093.09961";"-93944.21";"0.00";"IST";"PT";"3h 54m";"-0.00"
"658";"USTEC_ICM_UTC2";"Buy";"9927.3";"9844.8";"2020.06.26 21:15:00";"2020.06.26 22:54:00";"30.0";"-2475.00";"9844.79980";"10009.79980";"-96419.21";"0.00";"IST";"SL";"1h 39m";"-0.00"
"659";"USTEC_ICM_UTC2";"Buy";"9906.2";"9995.2";"2020.06.29 19:00:00";"2020.06.30 01:00:00";"30.0";"2485.68";"9823.70020";"9988.70020";"-93933.53";"0.00";"IST";"PT";"6h 0m";"-183.12"
"660";"USTEC_ICM_UTC2";"Buy";"10083.6";"10166.1";"2020.06.30 18:30:00";"2020.06.30 22:52:00";"30.0";"2475.00";"10001.09961";"10166.09961";"-91458.53";"0.00";"IST";"PT";"4h 22m";"-0.00"
"661";"USTEC_ICM_UTC2";"Buy";"10193.3";"10275.8";"2020.07.01 17:15:00";"2020.07.01 19:38:00";"30.0";"2475.00";"10110.79980";"10275.79980";"-88983.53";"0.00";"IST";"PT";"2h 23m";"-0.00"
"662";"USTEC_ICM_UTC2";"Buy";"10399.2";"10481.7";"2020.07.02 20:00:00";"2020.07.06 04:50:00";"30.0";"1742.52";"10316.70020";"10481.70020";"-87241.02";"0.00";"IST";"PT";"3d 8h 50m";"-732.48"
"663";"USTEC_ICM_UTC2";"Buy";"10584.5";"10667.0";"2020.07.06 20:30:00";"2020.07.07 03:17:00";"30.0";"2291.88";"10502.00000";"10667.00000";"-84949.13";"0.00";"IST";"PT";"6h 47m";"-183.12"
"664";"USTEC_ICM_UTC2";"Buy";"10673.5";"10591.0";"2020.07.07 18:00:00";"2020.07.07 21:30:00";"30.0";"-2475.00";"10591.00000";"10756.00000";"-87424.13";"0.00";"IST";"SL";"3h 30m";"-0.00"
"665";"USTEC_ICM_UTC2";"Buy";"10608.1";"10696.7";"2020.07.08 20:30:00";"2020.07.09 01:00:00";"30.0";"2473.71";"10525.59961";"10690.59961";"-84950.42";"0.00";"IST";"PT";"4h 30m";"-183.12"
"666";"USTEC_ICM_UTC2";"Buy";"10661.6";"10579.1";"2020.07.09 17:45:00";"2020.07.09 18:05:00";"30.0";"-2475.00";"10579.09961";"10744.09961";"-87425.42";"0.00";"IST";"SL";"20m 0s";"-0.00"
"667";"USTEC_ICM_UTC2";"Buy";"10709.0";"10791.5";"2020.07.10 16:45:00";"2020.07.10 21:46:00";"30.0";"2475.00";"10626.50000";"10791.50000";"-84950.42";"0.00";"IST";"PT";"5h 1m";"-0.00"
"668";"USTEC_ICM_UTC2";"Buy";"10950.0";"11032.5";"2020.07.13 16:30:00";"2020.07.13 17:56:00";"30.0";"2475.00";"10867.50000";"11032.50000";"-82475.42";"0.00";"IST";"PT";"1h 26m";"-0.00"
"669";"USTEC_ICM_UTC2";"Buy";"10381.8";"10464.3";"2020.07.14 17:15:00";"2020.07.14 17:29:00";"30.0";"2475.00";"10299.29980";"10464.29980";"-80000.42";"0.00";"IST";"PT";"14m 0s";"-0.00"
"670";"USTEC_ICM_UTC2";"Buy";"10735.8";"10653.3";"2020.07.15 16:30:00";"2020.07.15 18:06:00";"30.0";"-2475.00";"10653.29980";"10818.29980";"-82475.42";"0.00";"IST";"SL";"1h 36m";"-0.00"
"671";"USTEC_ICM_UTC2";"Buy";"10594.0";"10511.5";"2020.07.16 16:45:00";"2020.07.16 18:02:00";"30.0";"-2475.00";"10511.50000";"10676.50000";"-84950.42";"0.00";"IST";"SL";"1h 17m";"-0.00"
"672";"USTEC_ICM_UTC2";"Buy";"10633.3";"10637.3";"2020.07.17 19:45:00";"2020.07.17 22:55:00";"30.0";"120.00";"10550.79980";"10715.79980";"-84830.42";"0.00";"IST";"End Of Friday (Time)";"3h 10m";"-0.00"
"673";"USTEC_ICM_UTC2";"Buy";"10862.9";"10945.4";"2020.07.20 20:45:00";"2020.07.20 22:30:00";"30.0";"2475.00";"10780.40039";"10945.40039";"-82355.42";"0.00";"IST";"PT";"1h 45m";"-0.00"
"674";"USTEC_ICM_UTC2";"Buy";"10849.9";"10932.4";"2020.07.22 16:45:00";"2020.07.23 09:47:00";"30.0";"2291.88";"10767.40039";"10932.40039";"-80063.54";"0.00";"IST";"PT";"17h 2m";"-183.12"
"675";"USTEC_ICM_UTC2";"Buy";"10827.8";"10745.3";"2020.07.23 17:30:00";"2020.07.23 19:10:00";"30.0";"-2475.00";"10745.29980";"10910.29980";"-82538.54";"0.00";"IST";"SL";"1h 40m";"-0.00"
"676";"USTEC_ICM_UTC2";"Buy";"10426.8";"10344.3";"2020.07.24 16:30:00";"2020.07.24 16:38:00";"30.0";"-2475.00";"10344.29980";"10509.29980";"-85013.54";"0.00";"IST";"SL";"8m 0s";"-0.00"
"677";"USTEC_ICM_UTC2";"Buy";"10620.3";"10537.8";"2020.07.27 16:45:00";"2020.07.27 18:36:00";"30.0";"-2475.00";"10537.79980";"10702.79980";"-87488.54";"0.00";"IST";"SL";"1h 51m";"-0.00"
"678";"USTEC_ICM_UTC2";"Buy";"10633.8";"10551.3";"2020.07.28 18:30:00";"2020.07.28 22:34:00";"30.0";"-2475.00";"10551.29980";"10716.29980";"-89963.54";"0.00";"IST";"SL";"4h 4m";"-0.00"
"679";"USTEC_ICM_UTC2";"Buy";"10656.1";"10573.6";"2020.07.29 17:45:00";"2020.07.30 10:31:00";"30.0";"-2658.12";"10573.59961";"10738.59961";"-92621.66";"0.00";"IST";"SL";"16h 46m";"-183.12"
"680";"USTEC_ICM_UTC2";"Buy";"10600.8";"10683.3";"2020.07.30 18:15:00";"2020.07.30 19:01:00";"30.0";"2475.00";"10518.29980";"10683.29980";"-90146.66";"0.00";"IST";"PT";"46m 0s";"-0.00"
"681";"USTEC_ICM_UTC2";"Buy";"11027.0";"11109.5";"2020.08.03 17:45:00";"2020.08.05 06:30:00";"30.0";"2108.76";"10944.50000";"11109.50000";"-88037.90";"0.00";"IST";"PT";"1d 12h 45m";"-366.24"
"682";"USTEC_ICM_UTC2";"Buy";"11111.3";"11193.8";"2020.08.05 18:45:00";"2020.08.06 20:30:00";"30.0";"2291.88";"11028.79980";"11193.79980";"-85746.02";"0.00";"IST";"PT";"1d 1h 45m";"-183.12"
"683";"USTEC_ICM_UTC2";"Buy";"11206.6";"11289.1";"2020.08.06 21:00:00";"2020.08.07 03:25:00";"30.0";"2291.88";"11124.09961";"11289.09961";"-83454.14";"0.00";"IST";"PT";"6h 25m";"-183.12"
"684";"USTEC_ICM_UTC2";"Buy";"11237.9";"11155.4";"2020.08.07 17:30:00";"2020.08.07 19:52:00";"30.0";"-2475.00";"11155.40039";"11320.40039";"-85929.14";"0.00";"IST";"SL";"2h 22m";"-0.00"
"685";"USTEC_ICM_UTC2";"Buy";"11145.9";"11063.4";"2020.08.10 16:30:00";"2020.08.10 17:22:00";"30.0";"-2475.00";"11063.40039";"11228.40039";"-88404.14";"0.00";"IST";"SL";"52m 0s";"-0.00"
"686";"USTEC_ICM_UTC2";"Buy";"11008.5";"11091.0";"2020.08.11 17:30:00";"2020.08.11 19:45:00";"30.0";"2475.00";"10926.00000";"11091.00000";"-85929.14";"0.00";"IST";"PT";"2h 15m";"-0.00"
"687";"USTEC_ICM_UTC2";"Buy";"11117.0";"11199.5";"2020.08.12 18:00:00";"2020.08.13 15:41:00";"30.0";"2291.88";"11034.50000";"11199.50000";"-83637.27";"0.00";"IST";"PT";"21h 41m";"-183.12"
"688";"USTEC_ICM_UTC2";"Buy";"11204.5";"11122.0";"2020.08.13 17:15:00";"2020.08.14 17:20:00";"30.0";"-2658.12";"11122.00000";"11287.00000";"-86295.38";"0.00";"IST";"SL";"1d 0h 5m";"-183.12"
"689";"USTEC_ICM_UTC2";"Buy";"11156.1";"11166.2";"2020.08.14 18:30:00";"2020.08.14 22:55:00";"30.0";"303.03";"11073.59961";"11238.59961";"-85992.35";"0.00";"IST";"End Of Friday (Time)";"4h 25m";"-0.00"
"690";"USTEC_ICM_UTC2";"Buy";"11268.2";"11350.7";"2020.08.17 18:15:00";"2020.08.18 15:30:00";"30.0";"2291.88";"11185.70020";"11350.70020";"-83700.48";"0.00";"IST";"PT";"21h 15m";"-183.12"
"691";"USTEC_ICM_UTC2";"Buy";"11329.6";"11412.1";"2020.08.18 17:15:00";"2020.08.18 22:14:00";"30.0";"2475.00";"11247.09961";"11412.09961";"-81225.48";"0.00";"IST";"PT";"4h 59m";"-0.00"
"692";"USTEC_ICM_UTC2";"Buy";"11422.8";"11340.3";"2020.08.19 18:45:00";"2020.08.19 21:20:00";"30.0";"-2475.00";"11340.29980";"11505.29980";"-83700.48";"0.00";"IST";"SL";"2h 35m";"-0.00"
"693";"USTEC_ICM_UTC2";"Buy";"11400.3";"11482.8";"2020.08.20 18:30:00";"2020.08.20 22:10:00";"30.0";"2475.00";"11317.79980";"11482.79980";"-81225.48";"0.00";"IST";"PT";"3h 40m";"-0.00"
"694";"USTEC_ICM_UTC2";"Buy";"11527.3";"11557.1";"2020.08.21 17:30:00";"2020.08.21 22:55:00";"30.0";"894.00";"11444.79980";"11609.79980";"-80331.48";"0.00";"IST";"End Of Friday (Time)";"5h 25m";"-0.00"
"695";"USTEC_ICM_UTC2";"Buy";"11691.0";"11608.5";"2020.08.24 16:30:00";"2020.08.24 17:04:00";"30.0";"-2475.00";"11608.50000";"11773.50000";"-82806.48";"0.00";"IST";"SL";"34m 0s";"-0.00"
"696";"USTEC_ICM_UTC2";"Buy";"11619.7";"11702.2";"2020.08.25 17:15:00";"2020.08.25 21:58:00";"30.0";"2475.00";"11537.20020";"11702.20020";"-80331.48";"0.00";"IST";"PT";"4h 43m";"-0.00"
"697";"USTEC_ICM_UTC2";"Buy";"11930.2";"12012.7";"2020.08.26 19:15:00";"2020.08.27 16:16:00";"30.0";"2291.88";"11847.70020";"12012.70020";"-78039.59";"0.00";"IST";"PT";"21h 1m";"-183.12"
"698";"USTEC_ICM_UTC2";"Buy";"11982.6";"11900.1";"2020.08.27 17:00:00";"2020.08.27 19:48:00";"30.0";"-2475.00";"11900.09961";"12065.09961";"-80514.59";"0.00";"IST";"SL";"2h 48m";"-0.00"
"699";"USTEC_ICM_UTC2";"Buy";"11989.8";"11988.1";"2020.08.28 17:45:00";"2020.08.28 22:55:00";"30.0";"-51.00";"11907.29980";"12072.29980";"-80565.59";"0.00";"IST";"End Of Friday (Time)";"5h 10m";"-0.00"
"700";"USTEC_ICM_UTC2";"Buy";"12141.1";"12223.6";"2020.08.31 22:30:00";"2020.09.01 10:23:00";"30.0";"2291.88";"12058.59961";"12223.59961";"-78273.71";"0.00";"IST";"PT";"11h 53m";"-183.12"
"701";"USTEC_ICM_UTC2";"Buy";"12243.5";"12326.0";"2020.09.01 19:45:00";"2020.09.02 01:53:00";"30.0";"2291.88";"12161.00000";"12326.00000";"-75981.84";"0.00";"IST";"PT";"6h 8m";"-183.12"
"702";"USTEC_ICM_UTC2";"Buy";"11972.3";"11889.8";"2020.09.03 17:45:00";"2020.09.03 18:08:00";"30.0";"-2475.00";"11889.79980";"12054.79980";"-78456.84";"0.00";"IST";"SL";"23m 0s";"-0.00"
"703";"USTEC_ICM_UTC2";"Buy";"11506.1";"11423.6";"2020.09.07 19:30:00";"2020.09.08 11:18:00";"30.0";"-2658.12";"11423.59961";"11588.59961";"-81114.95";"0.00";"IST";"SL";"15h 48m";"-183.12"
"704";"USTEC_ICM_UTC2";"Buy";"11241.6";"11159.1";"2020.09.08 20:30:00";"2020.09.08 21:37:00";"30.0";"-2475.00";"11159.09961";"11324.09961";"-83589.95";"0.00";"IST";"SL";"1h 7m";"-0.00"
"705";"USTEC_ICM_UTC2";"Buy";"11369.5";"11452.0";"2020.09.09 18:45:00";"2020.09.09 20:00:00";"30.0";"2475.00";"11287.00000";"11452.00000";"-81114.95";"0.00";"IST";"PT";"1h 15m";"-0.00"
"706";"USTEC_ICM_UTC2";"Buy";"11519.6";"11437.1";"2020.09.10 16:30:00";"2020.09.10 17:57:00";"30.0";"-2475.00";"11437.09961";"11602.09961";"-83589.95";"0.00";"IST";"SL";"1h 27m";"-0.00"
"707";"USTEC_ICM_UTC2";"Buy";"11208.1";"11125.6";"2020.09.11 18:00:00";"2020.09.11 18:59:00";"30.0";"-2475.00";"11125.59961";"11290.59961";"-86064.95";"0.00";"IST";"SL";"59m 0s";"-0.00"
"708";"USTEC_ICM_UTC2";"Buy";"11244.9";"11327.4";"2020.09.14 16:30:00";"2020.09.14 17:06:00";"30.0";"2475.00";"11162.40039";"11327.40039";"-83589.95";"0.00";"IST";"PT";"36m 0s";"-0.00"
"709";"USTEC_ICM_UTC2";"Buy";"11460.9";"11378.4";"2020.09.15 18:45:00";"2020.09.15 22:37:00";"30.0";"-2475.00";"11378.40039";"11543.40039";"-86064.95";"0.00";"IST";"SL";"3h 52m";"-0.00"
"710";"USTEC_ICM_UTC2";"Buy";"11375.6";"11293.1";"2020.09.16 17:45:00";"2020.09.16 22:11:00";"30.0";"-2475.00";"11293.09961";"11458.09961";"-88539.95";"0.00";"IST";"SL";"4h 26m";"-0.00"
"711";"USTEC_ICM_UTC2";"Buy";"11114.1";"11031.6";"2020.09.17 18:30:00";"2020.09.17 18:51:00";"30.0";"-2475.00";"11031.59961";"11196.59961";"-91014.95";"0.00";"IST";"SL";"21m 0s";"-0.00"
"712";"USTEC_ICM_UTC2";"Buy";"11106.7";"11024.2";"2020.09.18 16:45:00";"2020.09.18 17:35:00";"30.0";"-2475.00";"11024.20020";"11189.20020";"-93489.95";"0.00";"IST";"SL";"50m 0s";"-0.00"
"713";"USTEC_ICM_UTC2";"Buy";"10725.6";"10808.1";"2020.09.21 17:30:00";"2020.09.21 18:52:00";"30.0";"2475.00";"10643.09961";"10808.09961";"-91014.95";"0.00";"IST";"PT";"1h 22m";"-0.00"
"714";"USTEC_ICM_UTC2";"Buy";"11063.5";"11146.0";"2020.09.22 19:45:00";"2020.09.22 21:06:00";"30.0";"2475.00";"10981.00000";"11146.00000";"-88539.95";"0.00";"IST";"PT";"1h 21m";"-0.00"
"715";"USTEC_ICM_UTC2";"Buy";"10926.9";"11009.4";"2020.09.24 18:30:00";"2020.09.24 20:31:00";"30.0";"2475.00";"10844.40039";"11009.40039";"-86064.95";"0.00";"IST";"PT";"2h 1m";"-0.00"
"716";"USTEC_ICM_UTC2";"Buy";"10984.2";"11066.7";"2020.09.25 19:00:00";"2020.09.25 20:43:00";"30.0";"2475.00";"10901.70020";"11066.70020";"-83589.95";"0.00";"IST";"PT";"1h 43m";"-0.00"
"717";"USTEC_ICM_UTC2";"Buy";"11358.6";"11441.1";"2020.09.28 22:30:00";"2020.09.29 03:37:00";"30.0";"2291.88";"11276.09961";"11441.09961";"-81298.07";"0.00";"IST";"PT";"5h 7m";"-183.12"
"718";"USTEC_ICM_UTC2";"Buy";"11380.2";"11297.7";"2020.09.29 17:15:00";"2020.09.30 06:27:00";"30.0";"-2658.12";"11297.70020";"11462.70020";"-83956.20";"0.00";"IST";"SL";"13h 12m";"-183.12"
"719";"USTEC_ICM_UTC2";"Buy";"11344.6";"11427.1";"2020.09.30 16:45:00";"2020.09.30 16:58:00";"30.0";"2475.00";"11262.09961";"11427.09961";"-81481.20";"0.00";"IST";"PT";"13m 0s";"-0.00"
"720";"USTEC_ICM_UTC2";"Buy";"11522.3";"11604.8";"2020.10.01 17:15:00";"2020.10.01 22:04:00";"30.0";"2475.00";"11439.79980";"11604.79980";"-79006.20";"0.00";"IST";"PT";"4h 49m";"-0.00"
"721";"USTEC_ICM_UTC2";"Buy";"11474.9";"11392.4";"2020.10.02 17:15:00";"2020.10.02 18:05:00";"30.0";"-2475.00";"11392.40039";"11557.40039";"-81481.20";"0.00";"IST";"SL";"50m 0s";"-0.00"
"722";"USTEC_ICM_UTC2";"Buy";"11340.1";"11422.6";"2020.10.05 16:30:00";"2020.10.05 17:13:00";"30.0";"2475.00";"11257.59961";"11422.59961";"-79006.20";"0.00";"IST";"PT";"43m 0s";"-0.00"
"723";"USTEC_ICM_UTC2";"Buy";"11464.8";"11382.3";"2020.10.06 16:45:00";"2020.10.06 18:50:00";"30.0";"-2475.00";"11382.29980";"11547.29980";"-81481.20";"0.00";"IST";"SL";"2h 5m";"-0.00"
"724";"USTEC_ICM_UTC2";"Buy";"11398.0";"11480.5";"2020.10.07 16:30:00";"2020.10.07 20:03:00";"30.0";"2475.00";"11315.50000";"11480.50000";"-79006.20";"0.00";"IST";"PT";"3h 33m";"-0.00"
"725";"USTEC_ICM_UTC2";"Buy";"11568.3";"11650.8";"2020.10.08 19:45:00";"2020.10.09 16:52:00";"30.0";"2291.88";"11485.79980";"11650.79980";"-76714.31";"0.00";"IST";"PT";"21h 7m";"-183.12"
"726";"USTEC_ICM_UTC2";"Buy";"11700.0";"11713.5";"2020.10.09 19:45:00";"2020.10.09 22:55:00";"30.0";"405.00";"11617.50000";"11782.50000";"-76309.31";"0.00";"IST";"End Of Friday (Time)";"3h 10m";"-0.00"
"727";"USTEC_ICM_UTC2";"Buy";"12101.7";"12184.2";"2020.10.13 17:00:00";"2020.10.13 18:32:00";"30.0";"2475.00";"12019.20020";"12184.20020";"-73834.31";"0.00";"IST";"PT";"1h 32m";"-0.00"
"728";"USTEC_ICM_UTC2";"Buy";"12061.0";"11978.5";"2020.10.14 17:30:00";"2020.10.14 18:59:00";"30.0";"-2475.00";"11978.50000";"12143.50000";"-76309.31";"0.00";"IST";"SL";"1h 29m";"-0.00"
"729";"USTEC_ICM_UTC2";"Buy";"11862.3";"11944.8";"2020.10.15 21:15:00";"2020.10.16 04:04:00";"30.0";"2291.88";"11779.79980";"11944.79980";"-74017.44";"0.00";"IST";"PT";"6h 49m";"-183.12"
"730";"USTEC_ICM_UTC2";"Buy";"11757.0";"11674.5";"2020.10.19 21:00:00";"2020.10.19 21:50:00";"30.0";"-2475.00";"11674.50000";"11839.50000";"-76492.44";"0.00";"IST";"SL";"50m 0s";"-0.00"
"731";"USTEC_ICM_UTC2";"Buy";"11694.8";"11777.3";"2020.10.20 19:00:00";"2020.10.20 20:24:00";"30.0";"2475.00";"11612.29980";"11777.29980";"-74017.44";"0.00";"IST";"PT";"1h 24m";"-0.00"
"732";"USTEC_ICM_UTC2";"Buy";"11654.8";"11737.3";"2020.10.21 20:00:00";"2020.10.21 21:32:00";"30.0";"2475.00";"11572.29980";"11737.29980";"-71542.44";"0.00";"IST";"PT";"1h 32m";"-0.00"
"733";"USTEC_ICM_UTC2";"Buy";"11616.8";"11699.3";"2020.10.22 20:00:00";"2020.10.23 15:18:00";"30.0";"2291.88";"11534.29980";"11699.29980";"-69250.55";"0.00";"IST";"PT";"19h 18m";"-183.12"
"734";"USTEC_ICM_UTC2";"Buy";"11672.1";"11683.9";"2020.10.23 22:45:00";"2020.10.23 22:55:00";"30.0";"354.03";"11589.59961";"11754.59961";"-68896.52";"0.00";"IST";"End Of Friday (Time)";"10m 0s";"-0.00"
"735";"USTEC_ICM_UTC2";"Buy";"11498.2";"11415.7";"2020.10.26 18:30:00";"2020.10.26 19:02:00";"30.0";"-2475.00";"11415.70020";"11580.70020";"-71371.52";"0.00";"IST";"SL";"32m 0s";"-0.00"
"736";"USTEC_ICM_UTC2";"Buy";"11516.5";"11599.0";"2020.10.27 16:30:00";"2020.10.27 17:13:00";"30.0";"2475.00";"11434.00000";"11599.00000";"-68896.52";"0.00";"IST";"PT";"43m 0s";"-0.00"
"737";"USTEC_ICM_UTC2";"Buy";"11239.2";"11156.7";"2020.10.28 21:15:00";"2020.10.28 21:55:00";"30.0";"-2475.00";"11156.70020";"11321.70020";"-71371.52";"0.00";"IST";"SL";"40m 0s";"-0.00"
"738";"USTEC_ICM_UTC2";"Buy";"11297.0";"11379.5";"2020.10.29 18:00:00";"2020.10.29 19:30:00";"30.0";"2475.00";"11214.50000";"11379.50000";"-68896.52";"0.00";"IST";"PT";"1h 30m";"-0.00"
"739";"USTEC_ICM_UTC2";"Buy";"10973.0";"11055.5";"2020.10.30 20:45:00";"2020.10.30 21:59:00";"30.0";"2475.00";"10890.50000";"11055.50000";"-66421.52";"0.00";"IST";"PT";"1h 14m";"-0.00"
"740";"USTEC_ICM_UTC2";"Buy";"11091.2";"11008.7";"2020.11.02 19:30:00";"2020.11.02 20:08:00";"30.0";"-2475.00";"11008.70020";"11173.70020";"-68896.52";"0.00";"IST";"SL";"38m 0s";"-0.00"
"741";"USTEC_ICM_UTC2";"Buy";"11309.4";"11226.9";"2020.11.03 20:00:00";"2020.11.03 23:01:00";"30.0";"-2475.00";"11226.90039";"11391.90039";"-71371.52";"0.00";"IST";"SL";"3h 1m";"-0.00"
"742";"USTEC_ICM_UTC2";"Buy";"11812.1";"11894.6";"2020.11.04 20:00:00";"2020.11.05 05:29:00";"30.0";"2291.88";"11729.59961";"11894.59961";"-69079.64";"0.00";"IST";"PT";"9h 29m";"-183.12"
"743";"USTEC_ICM_UTC2";"Buy";"12019.1";"12101.6";"2020.11.05 19:45:00";"2020.11.05 21:41:00";"30.0";"2475.00";"11936.59961";"12101.59961";"-66604.64";"0.00";"IST";"PT";"1h 56m";"-0.00"
"744";"USTEC_ICM_UTC2";"Buy";"12088.5";"12103.3";"2020.11.06 20:45:00";"2020.11.06 22:55:00";"30.0";"444.00";"12006.00000";"12171.00000";"-66160.64";"0.00";"IST";"End Of Friday (Time)";"2h 10m";"-0.00"
"745";"USTEC_ICM_UTC2";"Buy";"12093.5";"12011.0";"2020.11.09 20:45:00";"2020.11.09 21:24:00";"30.0";"-2475.00";"12011.00000";"12176.00000";"-68635.64";"0.00";"IST";"SL";"39m 0s";"-0.00"
"746";"USTEC_ICM_UTC2";"Buy";"11645.1";"11562.6";"2020.11.10 17:15:00";"2020.11.10 17:34:00";"30.0";"-2475.00";"11562.59961";"11727.59961";"-71110.64";"0.00";"IST";"SL";"19m 0s";"-0.00"
"747";"USTEC_ICM_UTC2";"Buy";"11825.0";"11907.5";"2020.11.11 17:15:00";"2020.11.11 23:03:00";"30.0";"2475.00";"11742.50000";"11907.50000";"-68635.64";"0.00";"IST";"PT";"5h 48m";"-0.00"
"748";"USTEC_ICM_UTC2";"Buy";"11963.9";"11881.4";"2020.11.12 17:15:00";"2020.11.12 18:40:00";"30.0";"-2475.00";"11881.40039";"12046.40039";"-71110.64";"0.00";"IST";"SL";"1h 25m";"-0.00"
"749";"USTEC_ICM_UTC2";"Buy";"11859.7";"11942.2";"2020.11.13 17:15:00";"2020.11.13 22:32:00";"30.0";"2475.00";"11777.20020";"11942.20020";"-68635.64";"0.00";"IST";"PT";"5h 17m";"-0.00"
"750";"USTEC_ICM_UTC2";"Buy";"12020.3";"11937.8";"2020.11.16 18:00:00";"2020.11.16 20:41:00";"30.0";"-2475.00";"11937.79980";"12102.79980";"-71110.64";"0.00";"IST";"SL";"2h 41m";"-0.00"
"751";"USTEC_ICM_UTC2";"Buy";"11995.9";"11913.4";"2020.11.17 22:15:00";"2020.11.18 22:52:00";"30.0";"-2658.12";"11913.40039";"12078.40039";"-73768.77";"0.00";"IST";"SL";"1d 0h 37m";"-183.12"
"752";"USTEC_ICM_UTC2";"Buy";"11914.0";"11996.5";"2020.11.19 17:30:00";"2020.11.19 22:35:00";"30.0";"2475.00";"11831.50000";"11996.50000";"-71293.77";"0.00";"IST";"PT";"5h 5m";"-0.00"
"753";"USTEC_ICM_UTC2";"Buy";"11982.2";"11918.2";"2020.11.20 21:15:00";"2020.11.20 22:55:00";"30.0";"-1920.00";"11899.70020";"12064.70020";"-73213.77";"0.00";"IST";"End Of Friday (Time)";"1h 40m";"-0.00"
"754";"USTEC_ICM_UTC2";"Buy";"11884.8";"11967.3";"2020.11.23 21:30:00";"2020.11.24 01:44:00";"30.0";"2291.88";"11802.29980";"11967.29980";"-70921.88";"0.00";"IST";"PT";"4h 14m";"-183.12"
"755";"USTEC_ICM_UTC2";"Buy";"11951.5";"12034.0";"2020.11.24 16:30:00";"2020.11.24 18:49:00";"30.0";"2475.00";"11869.00000";"12034.00000";"-68446.88";"0.00";"IST";"PT";"2h 19m";"-0.00"
"756";"USTEC_ICM_UTC2";"Buy";"12191.8";"12274.3";"2020.11.26 17:15:00";"2020.11.27 17:18:00";"30.0";"2291.88";"12109.29980";"12274.29980";"-66155.01";"0.00";"IST";"PT";"1d 0h 3m";"-183.12"
"757";"USTEC_ICM_UTC2";"Buy";"12213.1";"12295.6";"2020.11.30 19:30:00";"2020.11.30 23:01:00";"30.0";"2475.00";"12130.59961";"12295.59961";"-63680.00";"0.00";"IST";"PT";"3h 31m";"-0.00"
"758";"USTEC_ICM_UTC2";"Buy";"12369.8";"12452.3";"2020.12.01 16:45:00";"2020.12.01 19:01:00";"30.0";"2475.00";"12287.29980";"12452.29980";"-61205.00";"0.00";"IST";"PT";"2h 16m";"-0.00"
"759";"USTEC_ICM_UTC2";"Buy";"12446.0";"12528.5";"2020.12.02 18:45:00";"2020.12.03 17:13:00";"30.0";"2291.88";"12363.50000";"12528.50000";"-58913.13";"0.00";"IST";"PT";"22h 28m";"-183.12"
"760";"USTEC_ICM_UTC2";"Buy";"12524.2";"12516.1";"2020.12.03 17:15:00";"2020.12.04 22:55:00";"30.0";"-426.15";"12441.70020";"12606.70020";"-59339.27";"0.00";"IST";"End Of Friday (Time)";"1d 5h 40m";"-183.12"
"761";"USTEC_ICM_UTC2";"Buy";"12593.3";"12510.8";"2020.12.07 17:15:00";"2020.12.08 17:21:00";"30.0";"-2658.12";"12510.79980";"12675.79980";"-61997.39";"0.00";"IST";"SL";"1d 0h 6m";"-183.12"
"762";"USTEC_ICM_UTC2";"Buy";"12546.1";"12628.6";"2020.12.08 17:45:00";"2020.12.08 20:38:00";"30.0";"2475.00";"12463.59961";"12628.59961";"-59522.39";"0.00";"IST";"PT";"2h 53m";"-0.00"
"763";"USTEC_ICM_UTC2";"Buy";"12594.1";"12511.6";"2020.12.09 18:15:00";"2020.12.09 19:39:00";"30.0";"-2475.00";"12511.59961";"12676.59961";"-61997.39";"0.00";"IST";"SL";"1h 24m";"-0.00"
"764";"USTEC_ICM_UTC2";"Buy";"12383.9";"12301.4";"2020.12.10 19:00:00";"2020.12.11 12:58:00";"30.0";"-2658.12";"12301.40039";"12466.40039";"-64655.52";"0.00";"IST";"SL";"17h 58m";"-183.12"
"765";"USTEC_ICM_UTC2";"Buy";"12333.0";"12250.5";"2020.12.11 17:45:00";"2020.12.11 19:21:00";"30.0";"-2475.00";"12250.50000";"12415.50000";"-67130.52";"0.00";"IST";"SL";"1h 36m";"-0.00"
"766";"USTEC_ICM_UTC2";"Buy";"12534.8";"12452.3";"2020.12.14 19:00:00";"2020.12.14 22:50:00";"30.0";"-2475.00";"12452.29980";"12617.29980";"-69605.52";"0.00";"IST";"SL";"3h 50m";"-0.00"
"767";"USTEC_ICM_UTC2";"Buy";"12511.2";"12593.7";"2020.12.15 19:15:00";"2020.12.15 22:59:00";"30.0";"2475.00";"12428.70020";"12593.70020";"-67130.52";"0.00";"IST";"PT";"3h 44m";"-0.00"
"768";"USTEC_ICM_UTC2";"Buy";"12615.3";"12697.8";"2020.12.16 16:30:00";"2020.12.16 22:31:00";"30.0";"2475.00";"12532.79980";"12697.79980";"-64655.52";"0.00";"IST";"PT";"6h 1m";"-0.00"
"769";"USTEC_ICM_UTC2";"Buy";"12714.0";"12631.5";"2020.12.17 17:15:00";"2020.12.18 22:22:00";"30.0";"-2658.12";"12631.50000";"12796.50000";"-67313.63";"0.00";"IST";"SL";"1d 5h 7m";"-183.12"
"770";"USTEC_ICM_UTC2";"Buy";"12686.8";"12604.3";"2020.12.21 21:15:00";"2020.12.22 18:44:00";"30.0";"-2658.12";"12604.29980";"12769.29980";"-69971.76";"0.00";"IST";"SL";"21h 29m";"-183.12"
"771";"USTEC_ICM_UTC2";"Buy";"12699.2";"12781.7";"2020.12.22 21:45:00";"2020.12.28 05:04:00";"30.0";"1376.28";"12616.70020";"12781.70020";"-68595.48";"0.00";"IST";"PT";"5d 7h 19m";"-1098.72"
"772";"USTEC_ICM_UTC2";"Buy";"12845.0";"12883.9";"2020.12.29 19:15:00";"2020.12.31 23:14:00";"30.0";"1166.97";"12762.50000";"12927.50000";"-67428.51";"0.00";"IST";"EndTest";"2d 3h 59m";"-0.00"
