"Ticket";"Symbol";"Type";"Open price";"Close price";"Open time";"Close time";"Size";"Profit/Loss";"Stop Loss price level";"Profit Target price level";"Balance";"Slippage ($)";"Sample type";"Close type";"Time in trade";"Comm/Swap"
"1";"USTEC_ICM_UTC2";"Buy";"4221.4";"4232.6";"2015.01.02 19:00:00";"2015.01.02 22:55:00";"30.0";"336.00";"4138.89990";"4303.89990";"50336.00";"0.00";"IST";"End Of Friday (Time)";"3h 55m";"-0.00"
"2";"USTEC_ICM_UTC2";"Buy";"4206.4";"4123.9";"2015.01.05 16:30:00";"2015.01.06 18:33:00";"30.0";"-2658.12";"4123.89990";"4288.89990";"47677.88";"0.00";"IST";"SL";"1d 2h 3m";"-183.12"
"3";"USTEC_ICM_UTC2";"Buy";"4122.0";"4204.5";"2015.01.06 20:00:00";"2015.01.08 16:40:00";"30.0";"2108.76";"4039.50000";"4204.50000";"49786.64";"0.00";"IST";"PT";"1d 20h 40m";"-366.24"
"4";"USTEC_ICM_UTC2";"Buy";"4209.9";"4216.9";"2015.01.08 16:45:00";"2015.01.09 22:55:00";"30.0";"26.88";"4127.39990";"4292.39990";"49813.52";"0.00";"IST";"End Of Friday (Time)";"1d 6h 10m";"-183.12"
"5";"USTEC_ICM_UTC2";"Buy";"4221.9";"4139.4";"2015.01.12 16:30:00";"2015.01.13 21:13:00";"30.0";"-2658.12";"4139.39990";"4304.39990";"47155.40";"0.00";"IST";"SL";"1d 4h 43m";"-183.12"
"6";"USTEC_ICM_UTC2";"Buy";"4145.9";"4063.4";"2015.01.13 22:00:00";"2015.01.16 02:15:00";"30.0";"-3024.36";"4063.39990";"4228.39990";"44131.04";"0.00";"IST";"SL";"2d 4h 15m";"-549.36"
"7";"USTEC_ICM_UTC2";"Buy";"4119.7";"4141.0";"2015.01.16 20:00:00";"2015.01.16 22:55:00";"30.0";"639.00";"4037.19995";"4202.20020";"44770.04";"0.00";"IST";"End Of Friday (Time)";"2h 55m";"-0.00"
"8";"USTEC_ICM_UTC2";"Buy";"4147.1";"4229.6";"2015.01.19 18:00:00";"2015.01.22 17:55:00";"30.0";"1925.64";"4064.60010";"4229.60010";"46695.68";"0.00";"IST";"PT";"2d 23h 55m";"-549.36"
"9";"USTEC_ICM_UTC2";"Buy";"4238.0";"4273.9";"2015.01.22 19:30:00";"2015.01.23 22:55:00";"30.0";"893.88";"4155.50000";"4320.50000";"47589.56";"0.00";"IST";"End Of Friday (Time)";"1d 3h 25m";"-183.12"
"10";"USTEC_ICM_UTC2";"Buy";"4262.7";"4180.2";"2015.01.26 17:30:00";"2015.01.27 17:00:00";"30.0";"-2658.12";"4180.20020";"4345.20020";"44931.44";"0.00";"IST";"SL";"23h 30m";"-183.12"
"11";"USTEC_ICM_UTC2";"Buy";"4174.2";"4149.5";"2015.01.27 18:30:00";"2015.01.30 22:55:00";"30.0";"-1290.36";"4091.69995";"4256.70020";"43641.08";"0.00";"IST";"End Of Friday (Time)";"3d 4h 25m";"-549.36"
"12";"USTEC_ICM_UTC2";"Buy";"4122.2";"4204.7";"2015.02.02 17:45:00";"2015.02.03 10:57:00";"30.0";"2291.88";"4039.69995";"4204.70020";"45932.96";"0.00";"IST";"PT";"17h 12m";"-183.12"
"13";"USTEC_ICM_UTC2";"Buy";"4181.8";"4264.3";"2015.02.03 18:00:00";"2015.02.06 15:31:00";"30.0";"1925.64";"4099.29980";"4264.29980";"47858.60";"0.00";"IST";"PT";"2d 21h 31m";"-549.36"
"14";"USTEC_ICM_UTC2";"Buy";"4257.1";"4224.7";"2015.02.06 17:30:00";"2015.02.06 22:55:00";"30.0";"-972.00";"4174.60010";"4339.60010";"46886.60";"0.00";"IST";"End Of Friday (Time)";"5h 25m";"-0.00"
"15";"USTEC_ICM_UTC2";"Buy";"4211.6";"4294.1";"2015.02.09 16:30:00";"2015.02.11 16:41:00";"30.0";"2108.76";"4129.10010";"4294.10010";"48995.36";"0.00";"IST";"PT";"2d 0h 11m";"-366.24"
"16";"USTEC_ICM_UTC2";"Buy";"4290.1";"4372.6";"2015.02.11 21:00:00";"2015.02.13 22:06:00";"30.0";"2108.76";"4207.60010";"4372.60010";"51104.12";"0.00";"IST";"PT";"2d 1h 6m";"-366.24"
"17";"USTEC_ICM_UTC2";"Buy";"4384.3";"4437.8";"2015.02.16 17:30:00";"2015.02.20 22:55:00";"30.0";"872.52";"4301.79980";"4466.79980";"51976.64";"0.00";"IST";"End Of Friday (Time)";"4d 5h 25m";"-732.48"
"18";"USTEC_ICM_UTC2";"Buy";"4439.0";"4437.8";"2015.02.23 18:00:00";"2015.02.27 22:55:00";"30.0";"-768.48";"4356.50000";"4521.50000";"51208.16";"0.00";"IST";"End Of Friday (Time)";"4d 4h 55m";"-732.48"
"19";"USTEC_ICM_UTC2";"Buy";"4476.2";"4393.7";"2015.03.02 18:45:00";"2015.03.06 22:33:00";"30.0";"-3207.48";"4393.70020";"4558.70020";"48000.68";"0.00";"IST";"SL";"4d 3h 48m";"-732.48"
"20";"USTEC_ICM_UTC2";"Buy";"4400.0";"4317.5";"2015.03.09 16:30:00";"2015.03.11 16:44:00";"30.0";"-2841.24";"4317.50000";"4482.50000";"45159.44";"0.00";"IST";"SL";"2d 0h 14m";"-366.24"
"21";"USTEC_ICM_UTC2";"Buy";"4321.9";"4312.7";"2015.03.11 17:00:00";"2015.03.13 22:55:00";"30.0";"-642.24";"4239.39990";"4404.39990";"44517.20";"0.00";"IST";"End Of Friday (Time)";"2d 5h 55m";"-366.24"
"22";"USTEC_ICM_UTC2";"Buy";"4356.0";"4438.5";"2015.03.16 19:00:00";"2015.03.18 21:15:00";"30.0";"2108.76";"4273.50000";"4438.50000";"46625.96";"0.00";"IST";"PT";"2d 2h 15m";"-366.24"
"23";"USTEC_ICM_UTC2";"Buy";"4432.2";"4454.6";"2015.03.19 19:45:00";"2015.03.20 22:55:00";"30.0";"488.88";"4349.70020";"4514.70020";"47114.84";"0.00";"IST";"End Of Friday (Time)";"1d 3h 10m";"-183.12"
"24";"USTEC_ICM_UTC2";"Buy";"4457.1";"4374.6";"2015.03.23 19:00:00";"2015.03.25 17:40:00";"30.0";"-2841.24";"4374.60010";"4539.60010";"44273.60";"0.00";"IST";"SL";"1d 22h 40m";"-366.24"
"25";"USTEC_ICM_UTC2";"Buy";"4366.5";"4284.0";"2015.03.25 18:30:00";"2015.03.26 11:09:00";"30.0";"-2658.12";"4284.00000";"4449.00000";"41615.48";"0.00";"IST";"SL";"16h 39m";"-183.12"
"26";"USTEC_ICM_UTC2";"Buy";"4335.1";"4332.9";"2015.03.26 20:00:00";"2015.03.27 22:55:00";"30.0";"-249.12";"4252.60010";"4417.60010";"41366.36";"0.00";"IST";"End Of Friday (Time)";"1d 2h 55m";"-183.12"
"27";"USTEC_ICM_UTC2";"Buy";"4373.0";"4290.5";"2015.03.30 18:15:00";"2015.04.01 03:55:00";"30.0";"-2841.24";"4290.50000";"4455.50000";"38525.12";"0.00";"IST";"SL";"1d 9h 40m";"-366.24"
"28";"USTEC_ICM_UTC2";"Buy";"4298.6";"4381.1";"2015.04.01 17:45:00";"2015.04.08 21:20:00";"30.0";"1193.16";"4216.10010";"4381.10010";"39718.28";"0.00";"IST";"PT";"7d 3h 35m";"-1281.84"
"29";"USTEC_ICM_UTC2";"Buy";"4375.3";"4419.7";"2015.04.09 19:00:00";"2015.04.10 22:55:00";"30.0";"1148.88";"4292.79980";"4457.79980";"40867.16";"0.00";"IST";"End Of Friday (Time)";"1d 3h 55m";"-183.12"
"30";"USTEC_ICM_UTC2";"Buy";"4433.0";"4350.5";"2015.04.13 20:00:00";"2015.04.17 17:06:00";"30.0";"-3207.48";"4350.50000";"4515.50000";"37659.68";"0.00";"IST";"SL";"3d 21h 6m";"-732.48"
"31";"USTEC_ICM_UTC2";"Buy";"4353.6";"4350.7";"2015.04.17 18:00:00";"2015.04.17 22:55:00";"30.0";"-87.00";"4271.10010";"4436.10010";"37572.68";"0.00";"IST";"End Of Friday (Time)";"4h 55m";"-0.00"
"32";"USTEC_ICM_UTC2";"Buy";"4413.5";"4496.0";"2015.04.20 20:30:00";"2015.04.23 22:16:00";"30.0";"1925.64";"4331.00000";"4496.00000";"39498.32";"0.00";"IST";"PT";"3d 1h 46m";"-549.36"
"33";"USTEC_ICM_UTC2";"Buy";"4528.3";"4537.0";"2015.04.24 17:45:00";"2015.04.24 22:55:00";"30.0";"261.00";"4445.79980";"4610.79980";"39759.32";"0.00";"IST";"End Of Friday (Time)";"5h 10m";"-0.00"
"34";"USTEC_ICM_UTC2";"Buy";"4551.0";"4468.5";"2015.04.27 18:45:00";"2015.04.29 19:30:00";"30.0";"-2841.24";"4468.50000";"4633.50000";"36918.08";"0.00";"IST";"SL";"2d 0h 45m";"-366.24"
"35";"USTEC_ICM_UTC2";"Buy";"4476.4";"4393.9";"2015.04.29 20:15:00";"2015.04.30 22:12:00";"30.0";"-2658.12";"4393.89990";"4558.89990";"34259.96";"0.00";"IST";"SL";"1d 1h 57m";"-183.12"
"36";"USTEC_ICM_UTC2";"Buy";"4402.0";"4475.5";"2015.04.30 22:15:00";"2015.05.01 22:55:00";"30.0";"2021.88";"4319.50000";"4484.50000";"36281.84";"0.00";"IST";"End Of Friday (Time)";"1d 0h 40m";"-183.12"
"37";"USTEC_ICM_UTC2";"Buy";"4503.8";"4421.3";"2015.05.04 16:45:00";"2015.05.05 18:25:00";"30.0";"-2658.12";"4421.29980";"4586.29980";"33623.72";"0.00";"IST";"SL";"1d 1h 40m";"-183.12"
"38";"USTEC_ICM_UTC2";"Buy";"4431.4";"4348.9";"2015.05.05 19:15:00";"2015.05.06 21:42:00";"30.0";"-2658.12";"4348.89990";"4513.89990";"30965.60";"0.00";"IST";"SL";"1d 2h 27m";"-183.12"
"39";"USTEC_ICM_UTC2";"Buy";"4376.0";"4458.5";"2015.05.07 16:30:00";"2015.05.08 16:45:00";"30.0";"2291.88";"4293.50000";"4458.50000";"33257.48";"0.00";"IST";"PT";"1d 0h 15m";"-183.12"
"40";"USTEC_ICM_UTC2";"Buy";"4463.0";"4461.2";"2015.05.08 18:45:00";"2015.05.08 22:55:00";"30.0";"-54.00";"4380.50000";"4545.50000";"33203.48";"0.00";"IST";"End Of Friday (Time)";"4h 10m";"-0.00"
"41";"USTEC_ICM_UTC2";"Buy";"4456.2";"4490.9";"2015.05.11 18:15:00";"2015.05.15 22:55:00";"30.0";"308.52";"4373.70020";"4538.70020";"33512.00";"0.00";"IST";"End Of Friday (Time)";"4d 4h 40m";"-732.48"
"42";"USTEC_ICM_UTC2";"Buy";"4517.0";"4530.0";"2015.05.18 22:30:00";"2015.05.22 22:55:00";"30.0";"-342.48";"4434.50000";"4599.50000";"33169.52";"0.00";"IST";"End Of Friday (Time)";"4d 0h 25m";"-732.48"
"43";"USTEC_ICM_UTC2";"Buy";"4523.6";"4511.9";"2015.05.25 20:00:00";"2015.05.29 22:55:00";"30.0";"-1083.48";"4441.10010";"4606.10010";"32086.04";"0.00";"IST";"End Of Friday (Time)";"4d 2h 55m";"-732.48"
"44";"USTEC_ICM_UTC2";"Buy";"4534.0";"4451.5";"2015.06.01 16:30:00";"2015.06.05 16:41:00";"30.0";"-3207.48";"4451.50000";"4616.50000";"28878.56";"0.00";"IST";"SL";"4d 0h 11m";"-732.48"
"45";"USTEC_ICM_UTC2";"Buy";"4460.0";"4477.9";"2015.06.05 16:45:00";"2015.06.05 22:55:00";"30.0";"537.00";"4377.50000";"4542.50000";"29415.56";"0.00";"IST";"End Of Friday (Time)";"6h 10m";"-0.00"
"46";"USTEC_ICM_UTC2";"Buy";"4465.0";"4455.0";"2015.06.08 16:45:00";"2015.06.12 22:55:00";"30.0";"-1032.48";"4382.50000";"4547.50000";"28383.08";"0.00";"IST";"End Of Friday (Time)";"4d 6h 10m";"-732.48"
"47";"USTEC_ICM_UTC2";"Buy";"4407.9";"4490.4";"2015.06.15 17:30:00";"2015.06.18 16:30:00";"30.0";"1925.64";"4325.39990";"4490.39990";"30308.72";"0.00";"IST";"PT";"2d 23h 0m";"-549.36"
"48";"USTEC_ICM_UTC2";"Buy";"4535.9";"4517.5";"2015.06.18 19:45:00";"2015.06.19 22:55:00";"30.0";"-735.12";"4453.39990";"4618.39990";"29573.60";"0.00";"IST";"End Of Friday (Time)";"1d 3h 10m";"-183.12"
"49";"USTEC_ICM_UTC2";"Buy";"4544.0";"4483.9";"2015.06.22 16:30:00";"2015.06.26 22:55:00";"30.0";"-2535.48";"4461.50000";"4626.50000";"27038.12";"0.00";"IST";"End Of Friday (Time)";"4d 6h 25m";"-732.48"
"50";"USTEC_ICM_UTC2";"Buy";"4425.9";"4343.4";"2015.06.29 18:15:00";"2015.07.07 18:34:00";"30.0";"-3939.96";"4343.39990";"4508.39990";"23098.16";"0.00";"IST";"SL";"8d 0h 19m";"-1464.96"
"51";"USTEC_ICM_UTC2";"Buy";"4392.8";"4427.5";"2015.07.08 16:45:00";"2015.07.10 22:55:00";"30.0";"674.76";"4310.29980";"4475.29980";"23772.92";"0.00";"IST";"End Of Friday (Time)";"2d 6h 10m";"-366.24"
"52";"USTEC_ICM_UTC2";"Buy";"4486.4";"4568.9";"2015.07.13 19:00:00";"2015.07.16 16:09:00";"30.0";"1925.64";"4403.89990";"4568.89990";"25698.56";"0.00";"IST";"PT";"2d 21h 9m";"-549.36"
"53";"USTEC_ICM_UTC2";"Buy";"4569.0";"4651.5";"2015.07.16 17:00:00";"2015.07.17 21:34:00";"30.0";"2291.88";"4486.50000";"4651.50000";"27990.44";"0.00";"IST";"PT";"1d 4h 34m";"-183.12"
"54";"USTEC_ICM_UTC2";"Buy";"4674.0";"4591.5";"2015.07.20 18:00:00";"2015.07.23 22:12:00";"30.0";"-3024.36";"4591.50000";"4756.50000";"24966.08";"0.00";"IST";"SL";"3d 4h 12m";"-549.36"
"55";"USTEC_ICM_UTC2";"Buy";"4620.1";"4562.0";"2015.07.24 17:00:00";"2015.07.24 22:55:00";"30.0";"-1743.00";"4537.60010";"4702.60010";"23223.08";"0.00";"IST";"End Of Friday (Time)";"5h 55m";"-0.00"
"56";"USTEC_ICM_UTC2";"Buy";"4534.2";"4616.7";"2015.07.27 17:15:00";"2015.07.31 15:58:00";"30.0";"1742.52";"4451.70020";"4616.70020";"24965.60";"0.00";"IST";"PT";"3d 22h 43m";"-732.48"
"57";"USTEC_ICM_UTC2";"Buy";"4608.0";"4590.5";"2015.07.31 17:45:00";"2015.07.31 22:55:00";"30.0";"-525.00";"4525.50000";"4690.50000";"24440.60";"0.00";"IST";"End Of Friday (Time)";"5h 10m";"-0.00"
"58";"USTEC_ICM_UTC2";"Buy";"4596.4";"4513.9";"2015.08.03 18:15:00";"2015.08.06 18:59:00";"30.0";"-3024.36";"4513.89990";"4678.89990";"21416.24";"0.00";"IST";"SL";"3d 0h 44m";"-549.36"
"59";"USTEC_ICM_UTC2";"Buy";"4502.1";"4517.3";"2015.08.07 19:15:00";"2015.08.07 22:55:00";"30.0";"456.00";"4419.60010";"4584.60010";"21872.24";"0.00";"IST";"End Of Friday (Time)";"3h 40m";"-0.00"
"60";"USTEC_ICM_UTC2";"Buy";"4564.9";"4482.4";"2015.08.10 18:15:00";"2015.08.12 09:18:00";"30.0";"-2841.24";"4482.39990";"4647.39990";"19031.00";"0.00";"IST";"SL";"1d 15h 3m";"-366.24"
"61";"USTEC_ICM_UTC2";"Buy";"4463.0";"4549.0";"2015.08.12 17:00:00";"2015.08.13 09:00:00";"30.0";"2396.94";"4380.50000";"4545.50000";"21427.94";"0.00";"IST";"PT";"16h 0m";"-183.12"
"62";"USTEC_ICM_UTC2";"Buy";"4522.3";"4530.9";"2015.08.13 17:00:00";"2015.08.14 22:55:00";"30.0";"74.88";"4439.79980";"4604.79980";"21502.82";"0.00";"IST";"End Of Friday (Time)";"1d 5h 55m";"-183.12"
"63";"USTEC_ICM_UTC2";"Buy";"4515.0";"4432.5";"2015.08.17 16:45:00";"2015.08.20 17:20:00";"30.0";"-3024.36";"4432.50000";"4597.50000";"18478.46";"0.00";"IST";"SL";"3d 0h 35m";"-549.36"
"64";"USTEC_ICM_UTC2";"Buy";"4425.3";"4339.0";"2015.08.20 18:15:00";"2015.08.21 09:00:00";"30.0";"-2772.48";"4342.79980";"4507.79980";"15705.98";"0.00";"IST";"SL";"14h 45m";"-183.12"
"65";"USTEC_ICM_UTC2";"Buy";"4294.1";"4211.6";"2015.08.21 19:15:00";"2015.08.21 22:15:00";"30.0";"-2475.00";"4211.60010";"4376.60010";"13230.98";"0.00";"IST";"SL";"3h 0m";"-0.00"
"66";"USTEC_ICM_UTC2";"Buy";"4087.0";"4004.5";"2015.08.24 21:45:00";"2015.08.24 22:22:00";"30.0";"-2475.00";"4004.50000";"4169.50000";"10755.98";"0.00";"IST";"SL";"37m 0s";"-0.00"
"67";"USTEC_ICM_UTC2";"Buy";"4143.3";"4060.8";"2015.08.25 16:45:00";"2015.08.25 22:45:00";"30.0";"-2475.00";"4060.80005";"4225.79980";"8280.98";"0.00";"IST";"SL";"6h 0m";"-0.00"
"68";"USTEC_ICM_UTC2";"Buy";"4107.0";"4189.5";"2015.08.26 18:00:00";"2015.08.26 22:11:00";"30.0";"2475.00";"4024.50000";"4189.50000";"10755.98";"0.00";"IST";"PT";"4h 11m";"-0.00"
"69";"USTEC_ICM_UTC2";"Buy";"4311.0";"4321.0";"2015.08.27 18:15:00";"2015.08.28 22:55:00";"30.0";"116.88";"4228.50000";"4393.50000";"10872.86";"0.00";"IST";"End Of Friday (Time)";"1d 4h 40m";"-183.12"
"70";"USTEC_ICM_UTC2";"Buy";"4302.9";"4186.0";"2015.08.31 16:30:00";"2015.09.01 09:00:00";"30.0";"-3690.15";"4220.39990";"4385.39990";"7182.71";"0.00";"IST";"SL";"16h 30m";"-183.12"
"71";"USTEC_ICM_UTC2";"Buy";"4166.0";"4248.5";"2015.09.01 16:30:00";"2015.09.02 22:59:00";"30.0";"2291.88";"4083.50000";"4248.50000";"9474.59";"0.00";"IST";"PT";"1d 6h 29m";"-183.12"
"72";"USTEC_ICM_UTC2";"Buy";"4280.0";"4195.2";"2015.09.03 16:45:00";"2015.09.04 09:00:00";"30.0";"-2727.27";"4197.50000";"4362.50000";"6747.32";"0.00";"IST";"SL";"16h 15m";"-183.12"
"73";"USTEC_ICM_UTC2";"Buy";"4203.0";"4196.0";"2015.09.04 16:45:00";"2015.09.04 22:55:00";"30.0";"-210.00";"4120.50000";"4285.50000";"6537.32";"0.00";"IST";"End Of Friday (Time)";"6h 10m";"-0.00"
"74";"USTEC_ICM_UTC2";"Buy";"4219.1";"4301.6";"2015.09.07 18:15:00";"2015.09.08 22:49:00";"30.0";"2291.88";"4136.60010";"4301.60010";"8829.20";"0.00";"IST";"PT";"1d 4h 34m";"-183.12"
"75";"USTEC_ICM_UTC2";"Buy";"4310.0";"4313.9";"2015.09.09 18:30:00";"2015.09.11 22:55:00";"30.0";"-249.24";"4227.50000";"4392.50000";"8579.96";"0.00";"IST";"End Of Friday (Time)";"2d 4h 25m";"-366.24"
"76";"USTEC_ICM_UTC2";"Buy";"4316.0";"4398.5";"2015.09.14 17:45:00";"2015.09.17 20:19:00";"30.0";"1925.64";"4233.50000";"4398.50000";"10505.60";"0.00";"IST";"PT";"3d 2h 34m";"-549.36"
"77";"USTEC_ICM_UTC2";"Buy";"4398.7";"4316.2";"2015.09.17 21:30:00";"2015.09.18 16:17:00";"30.0";"-2658.12";"4316.20020";"4481.20020";"7847.48";"0.00";"IST";"SL";"18h 47m";"-183.12"
"78";"USTEC_ICM_UTC2";"Buy";"4339.4";"4325.2";"2015.09.18 20:30:00";"2015.09.18 22:55:00";"30.0";"-426.00";"4256.89990";"4421.89990";"7421.48";"0.00";"IST";"End Of Friday (Time)";"2h 25m";"-0.00"
"79";"USTEC_ICM_UTC2";"Buy";"4350.0";"4267.5";"2015.09.21 17:00:00";"2015.09.22 13:06:00";"30.0";"-2658.12";"4267.50000";"4432.50000";"4763.36";"0.00";"IST";"SL";"20h 6m";"-183.12"
"80";"USTEC_ICM_UTC2";"Buy";"4246.0";"4225.1";"2015.09.22 18:30:00";"2015.09.25 22:55:00";"30.0";"-1176.36";"4163.50000";"4328.50000";"3587.00";"0.00";"IST";"End Of Friday (Time)";"3d 4h 25m";"-549.36"
"81";"USTEC_ICM_UTC2";"Buy";"4168.6";"4086.1";"2015.09.28 18:00:00";"2015.09.29 09:00:00";"30.0";"-2658.12";"4086.10010";"4251.10010";"928.88";"0.00";"IST";"SL";"15h 0m";"-183.12"
"82";"USTEC_ICM_UTC2";"Buy";"4137.3";"4054.8";"2015.09.29 17:15:00";"2015.09.29 22:27:00";"30.0";"-2475.00";"4054.80005";"4219.79980";"-1546.12";"0.00";"IST";"SL";"5h 12m";"-0.00"
"83";"USTEC_ICM_UTC2";"Buy";"4140.2";"4222.7";"2015.09.30 16:30:00";"2015.10.01 09:37:00";"30.0";"2291.88";"4057.69995";"4222.70020";"745.76";"0.00";"IST";"PT";"17h 7m";"-183.12"
"84";"USTEC_ICM_UTC2";"Buy";"4151.7";"4234.2";"2015.10.01 16:45:00";"2015.10.02 22:08:00";"30.0";"2291.88";"4069.19995";"4234.20020";"3037.64";"0.00";"IST";"PT";"1d 5h 23m";"-183.12"
"85";"USTEC_ICM_UTC2";"Buy";"4301.0";"4366.8";"2015.10.05 17:00:00";"2015.10.09 22:55:00";"30.0";"1241.52";"4218.50000";"4383.50000";"4279.16";"0.00";"IST";"End Of Friday (Time)";"4d 5h 55m";"-732.48"
"86";"USTEC_ICM_UTC2";"Buy";"4382.0";"4434.3";"2015.10.12 18:15:00";"2015.10.16 22:55:00";"30.0";"836.52";"4299.50000";"4464.50000";"5115.68";"0.00";"IST";"End Of Friday (Time)";"4d 4h 40m";"-732.48"
"87";"USTEC_ICM_UTC2";"Buy";"4426.2";"4582.1";"2015.10.19 16:45:00";"2015.10.23 09:00:00";"30.0";"3945.24";"4343.70020";"4508.70020";"9060.92";"0.00";"IST";"PT";"3d 16h 15m";"-732.48"
"88";"USTEC_ICM_UTC2";"Buy";"4610.3";"4627.9";"2015.10.23 17:15:00";"2015.10.23 22:55:00";"30.0";"528.00";"4527.79980";"4692.79980";"9588.92";"0.00";"IST";"End Of Friday (Time)";"5h 40m";"-0.00"
"89";"USTEC_ICM_UTC2";"Buy";"4628.0";"4710.5";"2015.10.26 16:45:00";"2015.11.03 18:37:00";"30.0";"1010.04";"4545.50000";"4710.50000";"10598.96";"0.00";"IST";"PT";"8d 1h 52m";"-1464.96"
"90";"USTEC_ICM_UTC2";"Buy";"4719.0";"4701.5";"2015.11.04 17:00:00";"2015.11.06 22:55:00";"30.0";"-891.24";"4636.50000";"4801.50000";"9707.72";"0.00";"IST";"End Of Friday (Time)";"2d 5h 55m";"-366.24"
"91";"USTEC_ICM_UTC2";"Buy";"4678.5";"4596.0";"2015.11.09 17:00:00";"2015.11.12 22:49:00";"30.0";"-3024.36";"4596.00000";"4761.00000";"6683.36";"0.00";"IST";"SL";"3d 5h 49m";"-549.36"
"92";"USTEC_ICM_UTC2";"Buy";"4542.9";"4506.7";"2015.11.13 17:30:00";"2015.11.13 22:55:00";"30.0";"-1086.00";"4460.39990";"4625.39990";"5597.36";"0.00";"IST";"End Of Friday (Time)";"5h 25m";"-0.00"
"93";"USTEC_ICM_UTC2";"Buy";"4498.7";"4581.2";"2015.11.16 18:45:00";"2015.11.17 12:52:00";"30.0";"2291.88";"4416.20020";"4581.20020";"7889.24";"0.00";"IST";"PT";"18h 7m";"-183.12"
"94";"USTEC_ICM_UTC2";"Buy";"4573.0";"4655.5";"2015.11.17 17:30:00";"2015.11.18 22:55:00";"30.0";"2291.88";"4490.50000";"4655.50000";"10181.12";"0.00";"IST";"PT";"1d 5h 25m";"-183.12"
"95";"USTEC_ICM_UTC2";"Buy";"4662.7";"4682.7";"2015.11.19 17:00:00";"2015.11.20 22:55:00";"30.0";"416.88";"4580.20020";"4745.20020";"10598.00";"0.00";"IST";"End Of Friday (Time)";"1d 5h 55m";"-183.12"
"96";"USTEC_ICM_UTC2";"Buy";"4694.4";"4611.9";"2015.11.23 16:45:00";"2015.12.03 20:49:00";"30.0";"-4306.20";"4611.89990";"4776.89990";"6291.80";"0.00";"IST";"SL";"10d 4h 4m";"-1831.20"
"97";"USTEC_ICM_UTC2";"Buy";"4587.3";"4669.8";"2015.12.03 21:45:00";"2015.12.04 17:38:00";"30.0";"2291.88";"4504.79980";"4669.79980";"8583.68";"0.00";"IST";"PT";"19h 53m";"-183.12"
"98";"USTEC_ICM_UTC2";"Buy";"4681.5";"4714.8";"2015.12.04 19:30:00";"2015.12.04 22:55:00";"30.0";"999.00";"4599.00000";"4764.00000";"9582.68";"0.00";"IST";"End Of Friday (Time)";"3h 25m";"-0.00"
"99";"USTEC_ICM_UTC2";"Buy";"4719.7";"4637.2";"2015.12.07 16:30:00";"2015.12.09 19:18:00";"30.0";"-2841.24";"4637.20020";"4802.20020";"6741.44";"0.00";"IST";"SL";"2d 2h 48m";"-366.24"
"100";"USTEC_ICM_UTC2";"Buy";"4601.9";"4536.0";"2015.12.09 20:30:00";"2015.12.11 22:55:00";"30.0";"-2343.24";"4519.39990";"4684.39990";"4398.20";"0.00";"IST";"End Of Friday (Time)";"2d 2h 25m";"-366.24"
"101";"USTEC_ICM_UTC2";"Buy";"4509.8";"4592.3";"2015.12.14 17:30:00";"2015.12.15 10:34:00";"30.0";"2291.88";"4427.29980";"4592.29980";"6690.08";"0.00";"IST";"PT";"17h 4m";"-183.12"
"102";"USTEC_ICM_UTC2";"Buy";"4624.8";"4542.3";"2015.12.15 19:30:00";"2015.12.18 19:30:00";"30.0";"-3024.36";"4542.29980";"4707.29980";"3665.72";"0.00";"IST";"SL";"3d 0h 0m";"-549.36"
"103";"USTEC_ICM_UTC2";"Buy";"4539.7";"4523.6";"2015.12.18 19:45:00";"2015.12.18 22:55:00";"30.0";"-483.00";"4457.20020";"4622.20020";"3182.72";"0.00";"IST";"End Of Friday (Time)";"3h 10m";"-0.00"
"104";"USTEC_ICM_UTC2";"Buy";"4550.5";"4633.0";"2015.12.21 17:30:00";"2015.12.24 16:36:00";"30.0";"1925.64";"4468.00000";"4633.00000";"5108.36";"0.00";"IST";"PT";"2d 23h 6m";"-549.36"
"105";"USTEC_ICM_UTC2";"Buy";"4630.0";"4547.5";"2015.12.24 18:30:00";"2016.01.04 09:00:00";"30.0";"-4489.32";"4547.50000";"4712.50000";"619.04";"0.00";"IST";"SL";"10d 14h 30m";"-2014.32"
"106";"USTEC_ICM_UTC2";"Buy";"4446.9";"4364.4";"2016.01.04 18:15:00";"2016.01.07 09:44:00";"30.0";"-3024.36";"4364.39990";"4529.39990";"-2405.32";"0.00";"IST";"SL";"2d 15h 29m";"-549.36"
"107";"USTEC_ICM_UTC2";"Buy";"4362.9";"4280.4";"2016.01.07 19:45:00";"2016.01.08 22:45:00";"30.0";"-2658.12";"4280.39990";"4445.39990";"-5063.44";"0.00";"IST";"SL";"1d 3h 0m";"-183.12"
"108";"USTEC_ICM_UTC2";"Buy";"4258.9";"4341.4";"2016.01.11 18:00:00";"2016.01.12 16:37:00";"30.0";"2291.88";"4176.39990";"4341.39990";"-2771.56";"0.00";"IST";"PT";"22h 37m";"-183.12"
"109";"USTEC_ICM_UTC2";"Buy";"4341.9";"4259.4";"2016.01.12 17:00:00";"2016.01.13 20:32:00";"30.0";"-2658.12";"4259.39990";"4424.39990";"-5429.68";"0.00";"IST";"SL";"1d 3h 32m";"-183.12"
"110";"USTEC_ICM_UTC2";"Buy";"4213.9";"4296.4";"2016.01.13 22:30:00";"2016.01.14 21:52:00";"30.0";"2291.88";"4131.39990";"4296.39990";"-3137.80";"0.00";"IST";"PT";"23h 22m";"-183.12"
"111";"USTEC_ICM_UTC2";"Buy";"4150.9";"4141.0";"2016.01.15 17:00:00";"2016.01.15 22:55:00";"30.0";"-297.00";"4068.39990";"4233.39990";"-3434.80";"0.00";"IST";"End Of Friday (Time)";"5h 55m";"-0.00"
"112";"USTEC_ICM_UTC2";"Buy";"4137.9";"4220.4";"2016.01.18 17:00:00";"2016.01.19 10:15:00";"30.0";"2291.88";"4055.39990";"4220.39990";"-1142.92";"0.00";"IST";"PT";"17h 15m";"-183.12"
"113";"USTEC_ICM_UTC2";"Buy";"4180.9";"4074.4";"2016.01.19 17:45:00";"2016.01.20 09:00:00";"30.0";"-3379.59";"4098.39990";"4263.39990";"-4522.51";"0.00";"IST";"SL";"15h 15m";"-183.12"
"114";"USTEC_ICM_UTC2";"Buy";"4037.9";"4120.4";"2016.01.20 17:45:00";"2016.01.20 22:06:00";"30.0";"2475.00";"3955.39990";"4120.39990";"-2047.51";"0.00";"IST";"PT";"4h 21m";"-0.00"
"115";"USTEC_ICM_UTC2";"Buy";"4164.2";"4246.7";"2016.01.21 17:30:00";"2016.01.22 17:18:00";"30.0";"2291.88";"4081.69995";"4246.70020";"244.37";"0.00";"IST";"PT";"23h 48m";"-183.12"
"116";"USTEC_ICM_UTC2";"Buy";"4226.7";"4258.3";"2016.01.22 18:45:00";"2016.01.22 22:55:00";"30.0";"948.00";"4144.20020";"4309.20020";"1192.37";"0.00";"IST";"End Of Friday (Time)";"4h 10m";"-0.00"
"117";"USTEC_ICM_UTC2";"Buy";"4246.6";"4164.1";"2016.01.25 16:30:00";"2016.01.26 09:38:00";"30.0";"-2658.12";"4164.10010";"4329.10010";"-1465.75";"0.00";"IST";"SL";"17h 8m";"-183.12"
"118";"USTEC_ICM_UTC2";"Buy";"4211.2";"4128.7";"2016.01.26 17:30:00";"2016.01.27 22:02:00";"30.0";"-2658.12";"4128.70020";"4293.70020";"-4123.87";"0.00";"IST";"SL";"1d 4h 32m";"-183.12"
"119";"USTEC_ICM_UTC2";"Buy";"4165.8";"4248.3";"2016.01.28 18:15:00";"2016.01.29 19:25:00";"30.0";"2291.88";"4083.30005";"4248.29980";"-1831.99";"0.00";"IST";"PT";"1d 1h 10m";"-183.12"
"120";"USTEC_ICM_UTC2";"Buy";"4252.0";"4272.9";"2016.01.29 21:00:00";"2016.01.29 22:55:00";"30.0";"627.00";"4169.50000";"4334.50000";"-1204.99";"0.00";"IST";"End Of Friday (Time)";"1h 55m";"-0.00"
"121";"USTEC_ICM_UTC2";"Buy";"4272.0";"4189.5";"2016.02.01 20:30:00";"2016.02.02 21:28:00";"30.0";"-2658.12";"4189.50000";"4354.50000";"-3863.11";"0.00";"IST";"SL";"1d 0h 58m";"-183.12"
"122";"USTEC_ICM_UTC2";"Buy";"4184.9";"4102.4";"2016.02.02 22:15:00";"2016.02.03 20:58:00";"30.0";"-2658.12";"4102.39990";"4267.39990";"-6521.23";"0.00";"IST";"SL";"22h 43m";"-183.12"
"123";"USTEC_ICM_UTC2";"Buy";"4163.5";"4081.0";"2016.02.03 21:30:00";"2016.02.05 17:28:00";"30.0";"-2841.24";"4081.00000";"4246.00000";"-9362.47";"0.00";"IST";"SL";"1d 19h 58m";"-366.24"
"124";"USTEC_ICM_UTC2";"Buy";"4048.4";"4007.7";"2016.02.05 19:15:00";"2016.02.05 22:55:00";"30.0";"-1221.00";"3965.89990";"4130.89990";"-10583.47";"0.00";"IST";"End Of Friday (Time)";"3h 40m";"-0.00"
"125";"USTEC_ICM_UTC2";"Buy";"3899.1";"3981.6";"2016.02.08 21:00:00";"2016.02.09 11:14:00";"30.0";"2291.88";"3816.60010";"3981.60010";"-8291.59";"0.00";"IST";"PT";"14h 14m";"-183.12"
"126";"USTEC_ICM_UTC2";"Buy";"3958.0";"4040.5";"2016.02.09 16:45:00";"2016.02.10 17:32:00";"30.0";"2291.88";"3875.50000";"4040.50000";"-5999.71";"0.00";"IST";"PT";"1d 0h 47m";"-183.12"
"127";"USTEC_ICM_UTC2";"Buy";"3992.9";"3910.4";"2016.02.10 18:45:00";"2016.02.11 10:24:00";"30.0";"-2658.12";"3910.39990";"4075.39990";"-8657.83";"0.00";"IST";"SL";"15h 39m";"-183.12"
"128";"USTEC_ICM_UTC2";"Buy";"3930.6";"4013.1";"2016.02.11 19:15:00";"2016.02.12 13:49:00";"30.0";"2291.88";"3848.10010";"4013.10010";"-6365.95";"0.00";"IST";"PT";"18h 34m";"-183.12"
"129";"USTEC_ICM_UTC2";"Buy";"3980.8";"4016.7";"2016.02.12 17:45:00";"2016.02.12 22:55:00";"30.0";"1077.00";"3898.30005";"4063.30005";"-5288.95";"0.00";"IST";"End Of Friday (Time)";"5h 10m";"-0.00"
"130";"USTEC_ICM_UTC2";"Buy";"4076.9";"4159.4";"2016.02.15 17:15:00";"2016.02.17 17:17:00";"30.0";"2108.76";"3994.39990";"4159.39990";"-3180.19";"0.00";"IST";"PT";"2d 0h 2m";"-366.24"
"131";"USTEC_ICM_UTC2";"Buy";"4173.9";"4165.4";"2016.02.17 19:00:00";"2016.02.19 22:55:00";"30.0";"-621.24";"4091.39990";"4256.39990";"-3801.43";"0.00";"IST";"End Of Friday (Time)";"2d 3h 55m";"-366.24"
"132";"USTEC_ICM_UTC2";"Buy";"4221.4";"4138.9";"2016.02.22 17:00:00";"2016.02.24 11:20:00";"30.0";"-2841.24";"4138.89990";"4303.89990";"-6642.67";"0.00";"IST";"SL";"1d 18h 20m";"-366.24"
"133";"USTEC_ICM_UTC2";"Buy";"4108.4";"4190.9";"2016.02.24 18:00:00";"2016.02.24 22:09:00";"30.0";"2475.00";"4025.89990";"4190.89990";"-4167.67";"0.00";"IST";"PT";"4h 9m";"-0.00"
"134";"USTEC_ICM_UTC2";"Buy";"4210.7";"4293.2";"2016.02.25 16:30:00";"2016.02.26 12:02:00";"30.0";"2291.88";"4128.20020";"4293.20020";"-1875.79";"0.00";"IST";"PT";"19h 32m";"-183.12"
"135";"USTEC_ICM_UTC2";"Buy";"4262.1";"4239.1";"2016.02.26 16:45:00";"2016.02.26 22:55:00";"30.0";"-690.00";"4179.60010";"4344.60010";"-2565.79";"0.00";"IST";"End Of Friday (Time)";"6h 10m";"-0.00"
"136";"USTEC_ICM_UTC2";"Buy";"4251.1";"4355.3";"2016.02.29 20:15:00";"2016.03.02 09:00:00";"30.0";"2760.03";"4168.60010";"4333.60010";"194.24";"0.00";"IST";"PT";"1d 12h 45m";"-366.24"
"137";"USTEC_ICM_UTC2";"Buy";"4319.9";"4326.8";"2016.03.02 17:00:00";"2016.03.04 22:55:00";"30.0";"-159.24";"4237.39990";"4402.39990";"35.00";"0.00";"IST";"End Of Friday (Time)";"2d 5h 55m";"-366.24"
"138";"USTEC_ICM_UTC2";"Buy";"4305.1";"4357.7";"2016.03.07 16:30:00";"2016.03.11 22:55:00";"30.0";"845.52";"4222.60010";"4387.60010";"880.52";"0.00";"IST";"End Of Friday (Time)";"4d 6h 25m";"-732.48"
"139";"USTEC_ICM_UTC2";"Buy";"4374.4";"4456.9";"2016.03.14 21:00:00";"2016.03.29 21:02:00";"30.0";"-271.80";"4291.89990";"4456.89990";"608.72";"0.00";"IST";"PT";"15d 0h 2m";"-2746.80"
"140";"USTEC_ICM_UTC2";"Buy";"4515.2";"4526.5";"2016.03.30 17:00:00";"2016.04.01 22:55:00";"30.0";"-27.24";"4432.70020";"4597.70020";"581.48";"0.00";"IST";"End Of Friday (Time)";"2d 5h 55m";"-366.24"
"141";"USTEC_ICM_UTC2";"Buy";"4524.8";"4469.5";"2016.04.04 17:30:00";"2016.04.08 22:55:00";"30.0";"-2391.48";"4442.29980";"4607.29980";"-1810.00";"0.00";"IST";"End Of Friday (Time)";"4d 5h 25m";"-732.48"
"142";"USTEC_ICM_UTC2";"Buy";"4485.1";"4567.6";"2016.04.11 18:45:00";"2016.04.14 20:03:00";"30.0";"1925.64";"4402.60010";"4567.60010";"115.64";"0.00";"IST";"PT";"3d 1h 18m";"-549.36"
"143";"USTEC_ICM_UTC2";"Buy";"4552.8";"4542.9";"2016.04.14 21:45:00";"2016.04.15 22:55:00";"30.0";"-480.12";"4470.29980";"4635.29980";"-364.48";"0.00";"IST";"End Of Friday (Time)";"1d 1h 10m";"-183.12"
"144";"USTEC_ICM_UTC2";"Buy";"4559.9";"4477.4";"2016.04.18 19:45:00";"2016.04.22 17:12:00";"30.0";"-3207.48";"4477.39990";"4642.39990";"-3571.96";"0.00";"IST";"SL";"3d 21h 27m";"-732.48"
"145";"USTEC_ICM_UTC2";"Buy";"4445.3";"4473.7";"2016.04.22 18:30:00";"2016.04.22 22:55:00";"30.0";"852.00";"4362.79980";"4527.79980";"-2719.96";"0.00";"IST";"End Of Friday (Time)";"4h 25m";"-0.00"
"146";"USTEC_ICM_UTC2";"Buy";"4456.5";"4374.0";"2016.04.25 18:45:00";"2016.04.28 22:15:00";"30.0";"-3024.36";"4374.00000";"4539.00000";"-5744.32";"0.00";"IST";"SL";"3d 3h 30m";"-549.36"
"147";"USTEC_ICM_UTC2";"Buy";"4357.4";"4340.2";"2016.04.29 16:30:00";"2016.04.29 22:55:00";"30.0";"-516.00";"4274.89990";"4439.89990";"-6260.32";"0.00";"IST";"End Of Friday (Time)";"6h 25m";"-0.00"
"148";"USTEC_ICM_UTC2";"Buy";"4338.1";"4325.8";"2016.05.02 17:00:00";"2016.05.06 22:55:00";"30.0";"-1101.48";"4255.60010";"4420.60010";"-7361.80";"0.00";"IST";"End Of Friday (Time)";"4d 5h 55m";"-732.48"
"149";"USTEC_ICM_UTC2";"Buy";"4354.7";"4325.4";"2016.05.09 17:00:00";"2016.05.13 22:55:00";"30.0";"-1611.48";"4272.20020";"4437.20020";"-8973.28";"0.00";"IST";"End Of Friday (Time)";"4d 5h 55m";"-732.48"
"150";"USTEC_ICM_UTC2";"Buy";"4331.9";"4361.8";"2016.05.16 16:30:00";"2016.05.20 22:55:00";"30.0";"164.52";"4249.39990";"4414.39990";"-8808.76";"0.00";"IST";"End Of Friday (Time)";"4d 6h 25m";"-732.48"
"151";"USTEC_ICM_UTC2";"Buy";"4375.7";"4458.2";"2016.05.23 18:30:00";"2016.05.25 09:16:00";"30.0";"2108.76";"4293.20020";"4458.20020";"-6700.00";"0.00";"IST";"PT";"1d 14h 46m";"-366.24"
"152";"USTEC_ICM_UTC2";"Buy";"4471.5";"4509.4";"2016.05.25 17:00:00";"2016.05.27 22:55:00";"30.0";"770.76";"4389.00000";"4554.00000";"-5929.24";"0.00";"IST";"End Of Friday (Time)";"2d 5h 55m";"-366.24"
"153";"USTEC_ICM_UTC2";"Buy";"4518.9";"4512.5";"2016.05.30 17:30:00";"2016.06.03 22:55:00";"30.0";"-924.48";"4436.39990";"4601.39990";"-6853.72";"0.00";"IST";"End Of Friday (Time)";"4d 5h 25m";"-732.48"
"154";"USTEC_ICM_UTC2";"Buy";"4517.4";"4458.3";"2016.06.06 20:00:00";"2016.06.10 22:55:00";"30.0";"-2505.48";"4434.89990";"4599.89990";"-9359.20";"0.00";"IST";"End Of Friday (Time)";"4d 2h 55m";"-732.48"
"155";"USTEC_ICM_UTC2";"Buy";"4453.6";"4371.1";"2016.06.13 17:00:00";"2016.06.16 17:01:00";"30.0";"-3024.36";"4371.10010";"4536.10010";"-12383.56";"0.00";"IST";"SL";"3d 0h 1m";"-549.36"
"156";"USTEC_ICM_UTC2";"Buy";"4366.3";"4371.9";"2016.06.16 17:45:00";"2016.06.17 22:55:00";"30.0";"-15.12";"4283.79980";"4448.79980";"-12398.68";"0.00";"IST";"End Of Friday (Time)";"1d 5h 10m";"-183.12"
"157";"USTEC_ICM_UTC2";"Buy";"4425.2";"4254.8";"2016.06.20 16:30:00";"2016.06.24 09:00:00";"30.0";"-5845.35";"4342.70020";"4507.70020";"-18244.03";"0.00";"IST";"SL";"3d 16h 30m";"-732.48"
"158";"USTEC_ICM_UTC2";"Buy";"4332.8";"4307.6";"2016.06.24 19:00:00";"2016.06.24 22:55:00";"30.0";"-756.00";"4250.29980";"4415.29980";"-19000.03";"0.00";"IST";"End Of Friday (Time)";"3h 55m";"-0.00"
"159";"USTEC_ICM_UTC2";"Buy";"4205.6";"4288.1";"2016.06.27 17:30:00";"2016.06.28 22:13:00";"30.0";"2291.88";"4123.10010";"4288.10010";"-16708.15";"0.00";"IST";"PT";"1d 4h 43m";"-183.12"
"160";"USTEC_ICM_UTC2";"Buy";"4363.8";"4446.3";"2016.06.29 20:45:00";"2016.07.01 17:16:00";"30.0";"2108.76";"4281.29980";"4446.29980";"-14599.39";"0.00";"IST";"PT";"1d 20h 31m";"-366.24"
"161";"USTEC_ICM_UTC2";"Buy";"4433.6";"4439.8";"2016.07.01 20:30:00";"2016.07.01 22:55:00";"30.0";"186.00";"4351.10010";"4516.10010";"-14413.39";"0.00";"IST";"End Of Friday (Time)";"2h 25m";"-0.00"
"162";"USTEC_ICM_UTC2";"Buy";"4442.4";"4524.9";"2016.07.04 17:00:00";"2016.07.08 21:28:00";"30.0";"1742.52";"4359.89990";"4524.89990";"-12670.87";"0.00";"IST";"PT";"4d 4h 28m";"-732.48"
"163";"USTEC_ICM_UTC2";"Buy";"4526.9";"4527.2";"2016.07.08 21:45:00";"2016.07.08 22:55:00";"30.0";"9.00";"4444.39990";"4609.39990";"-12661.87";"0.00";"IST";"End Of Friday (Time)";"1h 10m";"-0.00"
"164";"USTEC_ICM_UTC2";"Buy";"4562.0";"4587.5";"2016.07.11 21:15:00";"2016.07.15 22:55:00";"30.0";"32.52";"4479.50000";"4644.50000";"-12629.35";"0.00";"IST";"End Of Friday (Time)";"4d 1h 40m";"-732.48"
"165";"USTEC_ICM_UTC2";"Buy";"4595.0";"4663.1";"2016.07.18 16:45:00";"2016.07.22 22:55:00";"30.0";"1310.52";"4512.50000";"4677.50000";"-11318.83";"0.00";"IST";"End Of Friday (Time)";"4d 6h 10m";"-732.48"
"166";"USTEC_ICM_UTC2";"Buy";"4661.4";"4735.0";"2016.07.25 16:30:00";"2016.07.29 22:55:00";"30.0";"1475.52";"4578.89990";"4743.89990";"-9843.31";"0.00";"IST";"End Of Friday (Time)";"4d 6h 25m";"-732.48"
"167";"USTEC_ICM_UTC2";"Buy";"4733.7";"4789.5";"2016.08.01 16:45:00";"2016.08.05 22:55:00";"30.0";"941.52";"4651.20020";"4816.20020";"-8901.79";"0.00";"IST";"End Of Friday (Time)";"4d 6h 10m";"-732.48"
"168";"USTEC_ICM_UTC2";"Buy";"4789.8";"4804.8";"2016.08.08 16:45:00";"2016.08.12 22:55:00";"30.0";"-282.48";"4707.29980";"4872.29980";"-9184.27";"0.00";"IST";"End Of Friday (Time)";"4d 6h 10m";"-732.48"
"169";"USTEC_ICM_UTC2";"Buy";"4824.9";"4805.5";"2016.08.15 17:00:00";"2016.08.19 22:55:00";"30.0";"-1314.48";"4742.39990";"4907.39990";"-10498.75";"0.00";"IST";"End Of Friday (Time)";"4d 5h 55m";"-732.48"
"170";"USTEC_ICM_UTC2";"Buy";"4800.6";"4780.7";"2016.08.22 17:15:00";"2016.08.26 22:55:00";"30.0";"-1329.48";"4718.10010";"4883.10010";"-11828.23";"0.00";"IST";"End Of Friday (Time)";"4d 5h 40m";"-732.48"
"171";"USTEC_ICM_UTC2";"Buy";"4797.6";"4796.7";"2016.08.29 18:45:00";"2016.09.02 22:55:00";"30.0";"-759.48";"4715.10010";"4880.10010";"-12587.71";"0.00";"IST";"End Of Friday (Time)";"4d 4h 10m";"-732.48"
"172";"USTEC_ICM_UTC2";"Buy";"4785.8";"4703.3";"2016.09.05 18:00:00";"2016.09.09 20:49:00";"30.0";"-3207.48";"4703.29980";"4868.29980";"-15795.19";"0.00";"IST";"SL";"4d 2h 49m";"-732.48"
"173";"USTEC_ICM_UTC2";"Buy";"4708.4";"4692.6";"2016.09.09 21:00:00";"2016.09.09 22:55:00";"30.0";"-474.00";"4625.89990";"4790.89990";"-16269.19";"0.00";"IST";"End Of Friday (Time)";"1h 55m";"-0.00"
"174";"USTEC_ICM_UTC2";"Buy";"4737.7";"4820.2";"2016.09.12 20:00:00";"2016.09.15 21:16:00";"30.0";"1925.64";"4655.20020";"4820.20020";"-14343.55";"0.00";"IST";"PT";"3d 1h 16m";"-549.36"
"175";"USTEC_ICM_UTC2";"Buy";"4811.3";"4817.8";"2016.09.16 17:45:00";"2016.09.16 22:55:00";"30.0";"195.00";"4728.79980";"4893.79980";"-14148.55";"0.00";"IST";"End Of Friday (Time)";"5h 10m";"-0.00"
"176";"USTEC_ICM_UTC2";"Buy";"4842.9";"4864.7";"2016.09.19 17:00:00";"2016.09.23 22:55:00";"30.0";"-78.48";"4760.39990";"4925.39990";"-14227.03";"0.00";"IST";"End Of Friday (Time)";"4d 5h 55m";"-732.48"
"177";"USTEC_ICM_UTC2";"Buy";"4829.5";"4885.2";"2016.09.26 17:30:00";"2016.09.30 22:55:00";"30.0";"938.52";"4747.00000";"4912.00000";"-13288.51";"0.00";"IST";"End Of Friday (Time)";"4d 5h 25m";"-732.48"
"178";"USTEC_ICM_UTC2";"Buy";"4859.4";"4867.2";"2016.10.03 16:45:00";"2016.10.07 22:55:00";"30.0";"-498.48";"4776.89990";"4941.89990";"-13786.99";"0.00";"IST";"End Of Friday (Time)";"4d 6h 10m";"-732.48"
"179";"USTEC_ICM_UTC2";"Buy";"4896.7";"4814.2";"2016.10.10 19:15:00";"2016.10.11 20:54:00";"30.0";"-2658.12";"4814.20020";"4979.20020";"-16445.11";"0.00";"IST";"SL";"1d 1h 39m";"-183.12"
"180";"USTEC_ICM_UTC2";"Buy";"4825.2";"4811.0";"2016.10.12 17:30:00";"2016.10.14 22:55:00";"30.0";"-792.24";"4742.70020";"4907.70020";"-17237.35";"0.00";"IST";"End Of Friday (Time)";"2d 5h 25m";"-366.24"
"181";"USTEC_ICM_UTC2";"Buy";"4806.9";"4851.5";"2016.10.17 19:00:00";"2016.10.21 22:55:00";"30.0";"605.52";"4724.39990";"4889.39990";"-16631.83";"0.00";"IST";"End Of Friday (Time)";"4d 3h 55m";"-732.48"
"182";"USTEC_ICM_UTC2";"Buy";"4902.5";"4817.9";"2016.10.24 20:30:00";"2016.10.28 09:00:00";"30.0";"-3271.41";"4820.00000";"4985.00000";"-19903.24";"0.00";"IST";"SL";"3d 12h 30m";"-732.48"
"183";"USTEC_ICM_UTC2";"Buy";"4832.9";"4802.8";"2016.10.28 17:00:00";"2016.10.28 22:55:00";"30.0";"-903.00";"4750.39990";"4915.39990";"-20806.24";"0.00";"IST";"End Of Friday (Time)";"5h 55m";"-0.00"
"184";"USTEC_ICM_UTC2";"Buy";"4808.5";"4726.0";"2016.10.31 16:45:00";"2016.11.01 20:17:00";"30.0";"-2658.12";"4726.00000";"4891.00000";"-23464.36";"0.00";"IST";"SL";"1d 3h 32m";"-183.12"
"185";"USTEC_ICM_UTC2";"Buy";"4750.5";"4668.0";"2016.11.01 20:45:00";"2016.11.04 15:28:00";"30.0";"-3024.36";"4668.00000";"4833.00000";"-26488.72";"0.00";"IST";"SL";"2d 18h 43m";"-549.36"
"186";"USTEC_ICM_UTC2";"Buy";"4683.7";"4766.2";"2016.11.04 16:30:00";"2016.11.07 18:13:00";"30.0";"1925.64";"4601.20020";"4766.20020";"-24563.08";"0.00";"IST";"PT";"3d 1h 43m";"-549.36"
"187";"USTEC_ICM_UTC2";"Buy";"4771.6";"4594.8";"2016.11.07 20:30:00";"2016.11.09 09:00:00";"30.0";"-5670.21";"4689.10010";"4854.10010";"-30233.29";"0.00";"IST";"SL";"1d 12h 30m";"-366.24"
"188";"USTEC_ICM_UTC2";"Buy";"4788.6";"4871.1";"2016.11.09 18:15:00";"2016.11.10 10:16:00";"30.0";"2291.88";"4706.10010";"4871.10010";"-27941.41";"0.00";"IST";"PT";"16h 1m";"-183.12"
"189";"USTEC_ICM_UTC2";"Buy";"4822.6";"4740.1";"2016.11.10 17:00:00";"2016.11.10 17:28:00";"30.0";"-2475.00";"4740.10010";"4905.10010";"-30416.41";"0.00";"IST";"SL";"28m 0s";"-0.00"
"190";"USTEC_ICM_UTC2";"Buy";"4719.9";"4754.0";"2016.11.11 18:15:00";"2016.11.11 22:55:00";"30.0";"1023.00";"4637.39990";"4802.39990";"-29393.41";"0.00";"IST";"End Of Friday (Time)";"4h 40m";"-0.00"
"191";"USTEC_ICM_UTC2";"Buy";"4707.1";"4789.6";"2016.11.14 17:45:00";"2016.11.16 17:36:00";"30.0";"2108.76";"4624.60010";"4789.60010";"-27284.65";"0.00";"IST";"PT";"1d 23h 51m";"-366.24"
"192";"USTEC_ICM_UTC2";"Buy";"4788.6";"4809.5";"2016.11.16 21:00:00";"2016.11.18 22:55:00";"30.0";"260.76";"4706.10010";"4871.10010";"-27023.89";"0.00";"IST";"End Of Friday (Time)";"2d 1h 55m";"-366.24"
"193";"USTEC_ICM_UTC2";"Buy";"4846.4";"4763.9";"2016.11.21 18:30:00";"2016.12.01 17:31:00";"30.0";"-4306.20";"4763.89990";"4928.89990";"-31330.09";"0.00";"IST";"SL";"9d 23h 1m";"-1831.20"
"194";"USTEC_ICM_UTC2";"Buy";"4756.4";"4736.6";"2016.12.01 18:30:00";"2016.12.02 22:55:00";"30.0";"-777.12";"4673.89990";"4838.89990";"-32107.21";"0.00";"IST";"End Of Friday (Time)";"1d 4h 25m";"-183.12"
"195";"USTEC_ICM_UTC2";"Buy";"4780.0";"4862.5";"2016.12.05 20:15:00";"2016.12.08 16:45:00";"30.0";"1925.64";"4697.50000";"4862.50000";"-30181.57";"0.00";"IST";"PT";"2d 20h 30m";"-549.36"
"196";"USTEC_ICM_UTC2";"Buy";"4861.5";"4891.8";"2016.12.08 19:15:00";"2016.12.09 22:55:00";"30.0";"725.88";"4779.00000";"4944.00000";"-29455.69";"0.00";"IST";"End Of Friday (Time)";"1d 3h 40m";"-183.12"
"197";"USTEC_ICM_UTC2";"Buy";"4873.3";"4955.8";"2016.12.12 17:15:00";"2016.12.13 18:49:00";"30.0";"2291.88";"4790.79980";"4955.79980";"-27163.81";"0.00";"IST";"PT";"1d 1h 34m";"-183.12"
"198";"USTEC_ICM_UTC2";"Buy";"4951.1";"4915.4";"2016.12.13 20:15:00";"2016.12.16 22:55:00";"30.0";"-1620.36";"4868.60010";"5033.60010";"-28784.17";"0.00";"IST";"End Of Friday (Time)";"3d 2h 40m";"-549.36"
"199";"USTEC_ICM_UTC2";"Buy";"4920.9";"4937.4";"2016.12.19 16:30:00";"2016.12.23 22:55:00";"30.0";"-237.48";"4838.39990";"5003.39990";"-29021.65";"0.00";"IST";"End Of Friday (Time)";"4d 6h 25m";"-732.48"
"200";"USTEC_ICM_UTC2";"Buy";"4973.3";"4890.8";"2016.12.27 19:00:00";"2016.12.30 16:57:00";"30.0";"-3024.36";"4890.79980";"5055.79980";"-32046.01";"0.00";"IST";"SL";"2d 21h 57m";"-549.36"
"201";"USTEC_ICM_UTC2";"Buy";"4876.2";"4853.4";"2016.12.30 18:15:00";"2016.12.30 22:55:00";"30.0";"-684.00";"4793.70020";"4958.70020";"-32730.01";"0.00";"IST";"End Of Friday (Time)";"4h 40m";"-0.00"
"202";"USTEC_ICM_UTC2";"Buy";"4905.0";"4987.5";"2017.01.03 17:00:00";"2017.01.06 17:54:00";"30.0";"1925.64";"4822.50000";"4987.50000";"-30804.37";"0.00";"IST";"PT";"3d 0h 54m";"-549.36"
"203";"USTEC_ICM_UTC2";"Buy";"5018.1";"5012.3";"2017.01.06 21:30:00";"2017.01.06 22:55:00";"30.0";"-174.00";"4935.60010";"5100.60010";"-30978.37";"0.00";"IST";"End Of Friday (Time)";"1h 25m";"-0.00"
"204";"USTEC_ICM_UTC2";"Buy";"5029.9";"5057.8";"2017.01.09 22:15:00";"2017.01.13 22:55:00";"30.0";"104.52";"4947.39990";"5112.39990";"-30873.85";"0.00";"IST";"End Of Friday (Time)";"4d 0h 40m";"-732.48"
"205";"USTEC_ICM_UTC2";"Buy";"5057.0";"5057.9";"2017.01.16 18:15:00";"2017.01.20 22:55:00";"30.0";"-705.48";"4974.50000";"5139.50000";"-31579.33";"0.00";"IST";"End Of Friday (Time)";"4d 4h 40m";"-732.48"
"206";"USTEC_ICM_UTC2";"Buy";"5048.2";"5130.7";"2017.01.23 18:30:00";"2017.01.25 16:26:00";"30.0";"2108.76";"4965.70020";"5130.70020";"-29470.57";"0.00";"IST";"PT";"1d 21h 56m";"-366.24"
"207";"USTEC_ICM_UTC2";"Buy";"5139.9";"5163.8";"2017.01.25 19:30:00";"2017.01.27 22:55:00";"30.0";"350.76";"5057.39990";"5222.39990";"-29119.81";"0.00";"IST";"End Of Friday (Time)";"2d 3h 25m";"-366.24"
"208";"USTEC_ICM_UTC2";"Buy";"5105.2";"5160.6";"2017.01.30 18:00:00";"2017.02.03 22:55:00";"30.0";"929.52";"5022.70020";"5187.70020";"-28190.29";"0.00";"IST";"End Of Friday (Time)";"4d 4h 55m";"-732.48"
"209";"USTEC_ICM_UTC2";"Buy";"5160.6";"5226.6";"2017.02.06 21:15:00";"2017.02.10 22:55:00";"30.0";"1247.52";"5078.10010";"5243.10010";"-26942.77";"0.00";"IST";"End Of Friday (Time)";"4d 1h 40m";"-732.48"
"210";"USTEC_ICM_UTC2";"Buy";"5260.5";"5318.6";"2017.02.13 21:30:00";"2017.02.17 22:55:00";"30.0";"1010.52";"5178.00000";"5343.00000";"-25932.25";"0.00";"IST";"End Of Friday (Time)";"4d 1h 25m";"-732.48"
"211";"USTEC_ICM_UTC2";"Buy";"5332.4";"5339.0";"2017.02.21 16:30:00";"2017.02.24 22:55:00";"30.0";"-351.36";"5249.89990";"5414.89990";"-26283.61";"0.00";"IST";"End Of Friday (Time)";"3d 6h 25m";"-549.36"
"212";"USTEC_ICM_UTC2";"Buy";"5331.7";"5371.3";"2017.02.27 16:30:00";"2017.03.03 22:55:00";"30.0";"455.52";"5249.20020";"5414.20020";"-25828.09";"0.00";"IST";"End Of Friday (Time)";"4d 6h 25m";"-732.48"
"213";"USTEC_ICM_UTC2";"Buy";"5353.4";"5384.3";"2017.03.06 16:30:00";"2017.03.10 22:55:00";"30.0";"194.52";"5270.89990";"5435.89990";"-25633.57";"0.00";"IST";"End Of Friday (Time)";"4d 6h 25m";"-732.48"
"214";"USTEC_ICM_UTC2";"Buy";"5387.0";"5442.1";"2017.03.13 17:30:00";"2017.03.31 22:55:00";"30.0";"-1643.16";"5304.50000";"5469.50000";"-27276.73";"0.00";"IST";"End Of Friday (Time)";"18d 5h 25m";"-3296.16"
"215";"USTEC_ICM_UTC2";"Buy";"5415.0";"5420.4";"2017.04.03 19:00:00";"2017.04.07 22:55:00";"30.0";"-570.48";"5332.50000";"5497.50000";"-27847.21";"0.00";"IST";"End Of Friday (Time)";"4d 3h 55m";"-732.48"
"216";"USTEC_ICM_UTC2";"Buy";"5424.4";"5441.6";"2017.04.10 16:30:00";"2017.04.21 22:55:00";"30.0";"-1498.32";"5341.89990";"5506.89990";"-29345.53";"0.00";"IST";"End Of Friday (Time)";"11d 6h 25m";"-2014.32"
"217";"USTEC_ICM_UTC2";"Buy";"5505.6";"5589.0";"2017.04.24 17:00:00";"2017.04.28 09:00:00";"30.0";"1768.59";"5423.10010";"5588.10010";"-27576.94";"0.00";"IST";"PT";"3d 16h 0m";"-732.48"
"218";"USTEC_ICM_UTC2";"Buy";"5590.3";"5583.6";"2017.04.28 16:45:00";"2017.04.28 22:55:00";"30.0";"-201.00";"5507.79980";"5672.79980";"-27777.94";"0.00";"IST";"End Of Friday (Time)";"6h 10m";"-0.00"
"219";"USTEC_ICM_UTC2";"Buy";"5609.6";"5642.8";"2017.05.01 17:00:00";"2017.05.05 22:55:00";"30.0";"263.52";"5527.10010";"5692.10010";"-27514.42";"0.00";"IST";"End Of Friday (Time)";"4d 5h 55m";"-732.48"
"220";"USTEC_ICM_UTC2";"Buy";"5646.6";"5682.1";"2017.05.08 16:30:00";"2017.05.12 22:55:00";"30.0";"332.52";"5564.10010";"5729.10010";"-27181.90";"0.00";"IST";"End Of Friday (Time)";"4d 6h 25m";"-732.48"
"221";"USTEC_ICM_UTC2";"Buy";"5697.1";"5614.6";"2017.05.15 16:45:00";"2017.05.17 21:16:00";"30.0";"-2841.24";"5614.60010";"5779.60010";"-30023.14";"0.00";"IST";"SL";"2d 4h 31m";"-366.24"
"222";"USTEC_ICM_UTC2";"Buy";"5609.6";"5650.2";"2017.05.17 21:30:00";"2017.05.19 22:55:00";"30.0";"851.76";"5527.10010";"5692.10010";"-29171.38";"0.00";"IST";"End Of Friday (Time)";"2d 1h 25m";"-366.24"
"223";"USTEC_ICM_UTC2";"Buy";"5684.0";"5766.5";"2017.05.22 18:45:00";"2017.05.25 17:31:00";"30.0";"1925.64";"5601.50000";"5766.50000";"-27245.74";"0.00";"IST";"PT";"2d 22h 46m";"-549.36"
"224";"USTEC_ICM_UTC2";"Buy";"5786.8";"5786.3";"2017.05.25 21:15:00";"2017.05.26 22:55:00";"30.0";"-198.12";"5704.29980";"5869.29980";"-27443.86";"0.00";"IST";"End Of Friday (Time)";"1d 1h 40m";"-183.12"
"225";"USTEC_ICM_UTC2";"Buy";"5797.9";"5880.4";"2017.05.29 16:30:00";"2017.06.02 22:36:00";"30.0";"1742.52";"5715.39990";"5880.39990";"-25701.34";"0.00";"IST";"PT";"4d 6h 6m";"-732.48"
"226";"USTEC_ICM_UTC2";"Buy";"5878.5";"5878.1";"2017.06.02 22:45:00";"2017.06.02 22:55:00";"30.0";"-12.00";"5796.00000";"5961.00000";"-25713.34";"0.00";"IST";"End Of Friday (Time)";"10m 0s";"-0.00"
"227";"USTEC_ICM_UTC2";"Buy";"5881.5";"5799.0";"2017.06.05 19:15:00";"2017.06.09 20:11:00";"30.0";"-3207.48";"5799.00000";"5964.00000";"-28920.82";"0.00";"IST";"SL";"4d 0h 56m";"-732.48"
"228";"USTEC_ICM_UTC2";"Buy";"5750.8";"5728.7";"2017.06.09 22:30:00";"2017.06.09 22:55:00";"30.0";"-663.00";"5668.29980";"5833.29980";"-29583.82";"0.00";"IST";"End Of Friday (Time)";"25m 0s";"-0.00"
"229";"USTEC_ICM_UTC2";"Buy";"5665.4";"5747.9";"2017.06.12 17:30:00";"2017.06.13 16:32:00";"30.0";"2291.88";"5582.89990";"5747.89990";"-27291.94";"0.00";"IST";"PT";"23h 2m";"-183.12"
"230";"USTEC_ICM_UTC2";"Buy";"5736.8";"5654.3";"2017.06.13 18:45:00";"2017.06.15 13:14:00";"30.0";"-2841.24";"5654.29980";"5819.29980";"-30133.18";"0.00";"IST";"SL";"1d 18h 29m";"-366.24"
"231";"USTEC_ICM_UTC2";"Buy";"5644.7";"5678.8";"2017.06.15 17:30:00";"2017.06.16 22:55:00";"30.0";"839.88";"5562.20020";"5727.20020";"-29293.30";"0.00";"IST";"End Of Friday (Time)";"1d 5h 25m";"-183.12"
"232";"USTEC_ICM_UTC2";"Buy";"5756.0";"5802.2";"2017.06.19 19:15:00";"2017.06.23 22:55:00";"30.0";"653.52";"5673.50000";"5838.50000";"-28639.78";"0.00";"IST";"End Of Friday (Time)";"4d 3h 40m";"-732.48"
"233";"USTEC_ICM_UTC2";"Buy";"5835.1";"5752.6";"2017.06.26 16:30:00";"2017.06.27 11:00:00";"30.0";"-2658.12";"5752.60010";"5917.60010";"-31297.90";"0.00";"IST";"SL";"18h 30m";"-183.12"
"234";"USTEC_ICM_UTC2";"Buy";"5697.0";"5614.5";"2017.06.27 20:45:00";"2017.06.29 20:21:00";"30.0";"-2841.24";"5614.50000";"5779.50000";"-34139.14";"0.00";"IST";"SL";"1d 23h 36m";"-366.24"
"235";"USTEC_ICM_UTC2";"Buy";"5615.8";"5660.1";"2017.06.29 21:00:00";"2017.06.30 22:55:00";"30.0";"1145.88";"5533.29980";"5698.29980";"-32993.26";"0.00";"IST";"End Of Friday (Time)";"1d 1h 55m";"-183.12"
"236";"USTEC_ICM_UTC2";"Buy";"5628.2";"5658.4";"2017.07.05 18:00:00";"2017.07.07 22:55:00";"30.0";"539.76";"5545.70020";"5710.70020";"-32453.50";"0.00";"IST";"End Of Friday (Time)";"2d 4h 55m";"-366.24"
"237";"USTEC_ICM_UTC2";"Buy";"5672.7";"5755.2";"2017.07.10 16:45:00";"2017.07.12 15:49:00";"30.0";"2108.76";"5590.20020";"5755.20020";"-30344.74";"0.00";"IST";"PT";"1d 23h 4m";"-366.24"
"238";"USTEC_ICM_UTC2";"Buy";"5754.0";"5836.5";"2017.07.12 17:45:00";"2017.07.14 21:10:00";"30.0";"2108.76";"5671.50000";"5836.50000";"-28235.98";"0.00";"IST";"PT";"2d 3h 25m";"-366.24"
"239";"USTEC_ICM_UTC2";"Buy";"5840.0";"5837.9";"2017.07.14 22:30:00";"2017.07.14 22:55:00";"30.0";"-63.00";"5757.50000";"5922.50000";"-28298.98";"0.00";"IST";"End Of Friday (Time)";"25m 0s";"-0.00"
"240";"USTEC_ICM_UTC2";"Buy";"5847.6";"5930.1";"2017.07.17 16:45:00";"2017.07.20 15:18:00";"30.0";"1925.64";"5765.10010";"5930.10010";"-26373.34";"0.00";"IST";"PT";"2d 22h 33m";"-549.36"
"241";"USTEC_ICM_UTC2";"Buy";"5914.1";"5915.5";"2017.07.20 18:00:00";"2017.07.21 22:55:00";"30.0";"-141.12";"5831.60010";"5996.60010";"-26514.46";"0.00";"IST";"End Of Friday (Time)";"1d 4h 55m";"-183.12"
"242";"USTEC_ICM_UTC2";"Buy";"5919.9";"5908.5";"2017.07.24 19:00:00";"2017.07.28 22:55:00";"30.0";"-1074.48";"5837.39990";"6002.39990";"-27588.94";"0.00";"IST";"End Of Friday (Time)";"4d 3h 55m";"-732.48"
"243";"USTEC_ICM_UTC2";"Buy";"5925.1";"5893.5";"2017.07.31 16:45:00";"2017.08.04 22:55:00";"30.0";"-1680.48";"5842.60010";"6007.60010";"-29269.42";"0.00";"IST";"End Of Friday (Time)";"4d 6h 10m";"-732.48"
"244";"USTEC_ICM_UTC2";"Buy";"5927.0";"5844.5";"2017.08.07 20:15:00";"2017.08.10 17:03:00";"30.0";"-3024.36";"5844.50000";"6009.50000";"-32293.78";"0.00";"IST";"SL";"2d 20h 48m";"-549.36"
"245";"USTEC_ICM_UTC2";"Buy";"5850.4";"5767.9";"2017.08.10 18:00:00";"2017.08.11 11:22:00";"30.0";"-2658.12";"5767.89990";"5932.89990";"-34951.90";"0.00";"IST";"SL";"17h 22m";"-183.12"
"246";"USTEC_ICM_UTC2";"Buy";"5819.6";"5830.1";"2017.08.11 18:45:00";"2017.08.11 22:55:00";"30.0";"315.00";"5737.10010";"5902.10010";"-34636.90";"0.00";"IST";"End Of Friday (Time)";"4h 10m";"-0.00"
"247";"USTEC_ICM_UTC2";"Buy";"5882.6";"5800.1";"2017.08.14 16:45:00";"2017.08.17 22:42:00";"30.0";"-3024.36";"5800.10010";"5965.10010";"-37661.26";"0.00";"IST";"SL";"3d 5h 57m";"-549.36"
"248";"USTEC_ICM_UTC2";"Buy";"5799.6";"5793.9";"2017.08.18 17:45:00";"2017.08.18 22:55:00";"30.0";"-171.00";"5717.10010";"5882.10010";"-37832.26";"0.00";"IST";"End Of Friday (Time)";"5h 10m";"-0.00"
"249";"USTEC_ICM_UTC2";"Buy";"5763.1";"5845.6";"2017.08.21 18:00:00";"2017.08.22 17:19:00";"30.0";"2291.88";"5680.60010";"5845.60010";"-35540.38";"0.00";"IST";"PT";"23h 19m";"-183.12"
"250";"USTEC_ICM_UTC2";"Buy";"5866.9";"5826.6";"2017.08.22 20:30:00";"2017.08.25 22:55:00";"30.0";"-1758.36";"5784.39990";"5949.39990";"-37298.74";"0.00";"IST";"End Of Friday (Time)";"3d 2h 25m";"-549.36"
"251";"USTEC_ICM_UTC2";"Buy";"5836.0";"5918.5";"2017.08.28 17:30:00";"2017.08.30 20:11:00";"30.0";"2108.76";"5753.50000";"5918.50000";"-35189.98";"0.00";"IST";"PT";"2d 2h 41m";"-366.24"
"252";"USTEC_ICM_UTC2";"Buy";"5936.4";"5990.4";"2017.08.30 22:30:00";"2017.09.01 22:55:00";"30.0";"1253.76";"5853.89990";"6018.89990";"-33936.22";"0.00";"IST";"End Of Friday (Time)";"2d 0h 25m";"-366.24"
"253";"USTEC_ICM_UTC2";"Buy";"5963.4";"5910.5";"2017.09.04 16:45:00";"2017.09.08 22:55:00";"30.0";"-2319.48";"5880.89990";"6045.89990";"-36255.70";"0.00";"IST";"End Of Friday (Time)";"4d 6h 10m";"-732.48"
"254";"USTEC_ICM_UTC2";"Buy";"5974.1";"5987.0";"2017.09.11 19:00:00";"2017.09.15 22:55:00";"30.0";"-345.48";"5891.60010";"6056.60010";"-36601.18";"0.00";"IST";"End Of Friday (Time)";"4d 3h 55m";"-732.48"
"255";"USTEC_ICM_UTC2";"Buy";"6001.6";"5919.1";"2017.09.18 16:45:00";"2017.09.21 17:22:00";"30.0";"-3024.36";"5919.10010";"6084.10010";"-39625.54";"0.00";"IST";"SL";"3d 0h 37m";"-549.36"
"256";"USTEC_ICM_UTC2";"Buy";"5915.6";"5934.2";"2017.09.21 17:45:00";"2017.09.22 22:55:00";"30.0";"374.88";"5833.10010";"5998.10010";"-39250.66";"0.00";"IST";"End Of Friday (Time)";"1d 5h 10m";"-183.12"
"257";"USTEC_ICM_UTC2";"Buy";"5893.0";"5975.5";"2017.09.25 16:45:00";"2017.09.29 19:42:00";"30.0";"1742.52";"5810.50000";"5975.50000";"-37508.14";"0.00";"IST";"PT";"4d 2h 57m";"-732.48"
"258";"USTEC_ICM_UTC2";"Buy";"5974.7";"5977.9";"2017.09.29 21:00:00";"2017.09.29 22:55:00";"30.0";"96.00";"5892.20020";"6057.20020";"-37412.14";"0.00";"IST";"End Of Friday (Time)";"1h 55m";"-0.00"
"259";"USTEC_ICM_UTC2";"Buy";"6000.3";"6062.3";"2017.10.02 17:00:00";"2017.10.06 22:55:00";"30.0";"1127.52";"5917.79980";"6082.79980";"-36284.62";"0.00";"IST";"End Of Friday (Time)";"4d 5h 55m";"-732.48"
"260";"USTEC_ICM_UTC2";"Buy";"6070.3";"6091.6";"2017.10.09 16:45:00";"2017.10.13 22:55:00";"30.0";"-93.48";"5987.79980";"6152.79980";"-36378.10";"0.00";"IST";"End Of Friday (Time)";"4d 6h 10m";"-732.48"
"261";"USTEC_ICM_UTC2";"Buy";"6109.1";"6100.8";"2017.10.16 18:30:00";"2017.10.20 22:55:00";"30.0";"-981.48";"6026.60010";"6191.60010";"-37359.58";"0.00";"IST";"End Of Friday (Time)";"4d 4h 25m";"-732.48"
"262";"USTEC_ICM_UTC2";"Buy";"6094.0";"6011.5";"2017.10.23 18:30:00";"2017.10.25 19:29:00";"30.0";"-2841.24";"6011.50000";"6176.50000";"-40200.82";"0.00";"IST";"SL";"2d 0h 59m";"-366.24"
"263";"USTEC_ICM_UTC2";"Buy";"6013.0";"6097.8";"2017.10.25 19:30:00";"2017.10.27 09:05:00";"30.0";"2176.83";"5930.50000";"6095.50000";"-38023.99";"0.00";"IST";"PT";"1d 13h 35m";"-366.24"
"264";"USTEC_ICM_UTC2";"Buy";"6153.5";"6216.9";"2017.10.27 17:00:00";"2017.10.27 22:55:00";"30.0";"1902.00";"6071.00000";"6236.00000";"-36121.99";"0.00";"IST";"End Of Friday (Time)";"5h 55m";"-0.00"
"265";"USTEC_ICM_UTC2";"Buy";"6221.1";"6303.6";"2017.10.30 19:00:00";"2017.11.06 16:37:00";"30.0";"1193.16";"6138.60010";"6303.60010";"-34928.83";"0.00";"IST";"PT";"6d 21h 37m";"-1281.84"
"266";"USTEC_ICM_UTC2";"Buy";"6306.0";"6309.6";"2017.11.06 19:30:00";"2017.11.10 22:55:00";"30.0";"-624.48";"6223.50000";"6388.50000";"-35553.31";"0.00";"IST";"End Of Friday (Time)";"4d 3h 25m";"-732.48"
"267";"USTEC_ICM_UTC2";"Buy";"6297.8";"6315.6";"2017.11.13 16:45:00";"2017.11.17 22:55:00";"30.0";"-198.48";"6215.29980";"6380.29980";"-35751.79";"0.00";"IST";"End Of Friday (Time)";"4d 6h 10m";"-732.48"
"268";"USTEC_ICM_UTC2";"Buy";"6314.6";"6397.1";"2017.11.20 18:15:00";"2017.11.24 17:33:00";"30.0";"1742.52";"6232.10010";"6397.10010";"-34009.27";"0.00";"IST";"PT";"3d 23h 18m";"-732.48"
"269";"USTEC_ICM_UTC2";"Buy";"6398.7";"6316.2";"2017.11.24 17:45:00";"2017.11.29 17:57:00";"30.0";"-3390.60";"6316.20020";"6481.20020";"-37399.87";"0.00";"IST";"SL";"5d 0h 12m";"-915.60"
"270";"USTEC_ICM_UTC2";"Buy";"6301.6";"6337.8";"2017.11.29 18:45:00";"2017.12.01 22:55:00";"30.0";"719.76";"6219.10010";"6384.10010";"-36680.11";"0.00";"IST";"End Of Friday (Time)";"2d 4h 10m";"-366.24"
"271";"USTEC_ICM_UTC2";"Buy";"6374.8";"6292.3";"2017.12.04 16:30:00";"2017.12.04 17:50:00";"30.0";"-2475.00";"6292.29980";"6457.29980";"-39155.11";"0.00";"IST";"SL";"1h 20m";"-0.00"
"272";"USTEC_ICM_UTC2";"Buy";"6297.3";"6339.2";"2017.12.05 20:00:00";"2017.12.08 22:55:00";"30.0";"707.64";"6214.79980";"6379.79980";"-38447.47";"0.00";"IST";"End Of Friday (Time)";"3d 2h 55m";"-549.36"
"273";"USTEC_ICM_UTC2";"Buy";"6389.4";"6458.9";"2017.12.11 21:15:00";"2017.12.15 22:55:00";"30.0";"1352.52";"6306.89990";"6471.89990";"-37094.95";"0.00";"IST";"End Of Friday (Time)";"4d 1h 40m";"-732.48"
"274";"USTEC_ICM_UTC2";"Buy";"6504.9";"6467.4";"2017.12.18 16:30:00";"2017.12.22 22:55:00";"30.0";"-1857.48";"6422.39990";"6587.39990";"-38952.43";"0.00";"IST";"End Of Friday (Time)";"4d 6h 25m";"-732.48"
"275";"USTEC_ICM_UTC2";"Buy";"6434.9";"6399.3";"2017.12.26 17:30:00";"2017.12.29 22:55:00";"30.0";"-1617.36";"6352.39990";"6517.39990";"-40569.79";"0.00";"IST";"End Of Friday (Time)";"3d 5h 25m";"-549.36"
"276";"USTEC_ICM_UTC2";"Buy";"6498.1";"6580.6";"2018.01.02 20:30:00";"2018.01.03 22:50:00";"30.0";"2291.88";"6415.60010";"6580.60010";"-38277.91";"0.00";"IST";"PT";"1d 2h 20m";"-183.12"
"277";"USTEC_ICM_UTC2";"Buy";"6599.6";"6653.6";"2018.01.04 17:45:00";"2018.01.05 22:55:00";"30.0";"1436.88";"6517.10010";"6682.10010";"-36841.03";"0.00";"IST";"End Of Friday (Time)";"1d 5h 10m";"-183.12"
"278";"USTEC_ICM_UTC2";"Buy";"6676.6";"6759.1";"2018.01.08 20:45:00";"2018.01.12 21:18:00";"30.0";"1742.52";"6594.10010";"6759.10010";"-35098.51";"0.00";"IST";"PT";"4d 0h 33m";"-732.48"
"279";"USTEC_ICM_UTC2";"Buy";"6752.6";"6760.7";"2018.01.12 22:30:00";"2018.01.12 22:55:00";"30.0";"243.00";"6670.10010";"6835.10010";"-34855.51";"0.00";"IST";"End Of Friday (Time)";"25m 0s";"-0.00"
"280";"USTEC_ICM_UTC2";"Buy";"6772.1";"6831.0";"2018.01.15 16:30:00";"2018.01.19 22:55:00";"30.0";"1034.52";"6689.60010";"6854.60010";"-33820.99";"0.00";"IST";"End Of Friday (Time)";"4d 6h 25m";"-732.48"
"281";"USTEC_ICM_UTC2";"Buy";"6844.2";"6937.0";"2018.01.22 17:00:00";"2018.01.23 09:05:00";"30.0";"2599.95";"6761.70020";"6926.70020";"-31221.04";"0.00";"IST";"PT";"16h 5m";"-183.12"
"282";"USTEC_ICM_UTC2";"Buy";"6940.2";"7014.2";"2018.01.23 16:45:00";"2018.01.26 22:55:00";"30.0";"1670.64";"6857.70020";"7022.70020";"-29550.40";"0.00";"IST";"End Of Friday (Time)";"3d 6h 10m";"-549.36"
"283";"USTEC_ICM_UTC2";"Buy";"7006.8";"6924.3";"2018.01.29 16:45:00";"2018.01.30 16:01:00";"30.0";"-2658.12";"6924.29980";"7089.29980";"-32208.52";"0.00";"IST";"SL";"23h 16m";"-183.12"
"284";"USTEC_ICM_UTC2";"Buy";"6903.7";"6821.2";"2018.01.30 17:00:00";"2018.02.02 17:02:00";"30.0";"-3024.36";"6821.20020";"6986.20020";"-35232.88";"0.00";"IST";"SL";"3d 0h 2m";"-549.36"
"285";"USTEC_ICM_UTC2";"Buy";"6820.4";"6737.9";"2018.02.02 19:15:00";"2018.02.05 10:01:00";"30.0";"-3024.36";"6737.89990";"6902.89990";"-38257.24";"0.00";"IST";"SL";"2d 14h 46m";"-549.36"
"286";"USTEC_ICM_UTC2";"Buy";"6727.9";"6645.4";"2018.02.05 19:30:00";"2018.02.05 21:51:00";"30.0";"-2475.00";"6645.39990";"6810.39990";"-40732.24";"0.00";"IST";"SL";"2h 21m";"-0.00"
"287";"USTEC_ICM_UTC2";"Buy";"6480.8";"6563.3";"2018.02.06 18:45:00";"2018.02.06 19:29:00";"30.0";"2475.00";"6398.29980";"6563.29980";"-38257.24";"0.00";"IST";"PT";"44m 0s";"-0.00"
"288";"USTEC_ICM_UTC2";"Buy";"6644.5";"6562.0";"2018.02.07 16:30:00";"2018.02.08 09:33:00";"30.0";"-2658.12";"6562.00000";"6727.00000";"-40915.36";"0.00";"IST";"SL";"17h 3m";"-183.12"
"289";"USTEC_ICM_UTC2";"Buy";"6533.4";"6450.9";"2018.02.08 17:45:00";"2018.02.08 19:22:00";"30.0";"-2475.00";"6450.89990";"6615.89990";"-43390.36";"0.00";"IST";"SL";"1h 37m";"-0.00"
"290";"USTEC_ICM_UTC2";"Buy";"6318.1";"6235.6";"2018.02.09 18:30:00";"2018.02.09 19:14:00";"30.0";"-2475.00";"6235.60010";"6400.60010";"-45865.36";"0.00";"IST";"SL";"44m 0s";"-0.00"
"291";"USTEC_ICM_UTC2";"Buy";"6512.8";"6430.3";"2018.02.12 16:45:00";"2018.02.12 17:27:00";"30.0";"-2475.00";"6430.29980";"6595.29980";"-48340.36";"0.00";"IST";"SL";"42m 0s";"-0.00"
"292";"USTEC_ICM_UTC2";"Buy";"6496.0";"6578.5";"2018.02.13 16:45:00";"2018.02.14 09:34:00";"30.0";"2291.88";"6413.50000";"6578.50000";"-46048.48";"0.00";"IST";"PT";"16h 49m";"-183.12"
"293";"USTEC_ICM_UTC2";"Buy";"6543.9";"6626.4";"2018.02.14 16:35:00";"2018.02.14 18:39:00";"30.0";"2475.00";"6461.39990";"6626.39990";"-43573.48";"0.00";"IST";"PT";"2h 4m";"-0.00"
"294";"USTEC_ICM_UTC2";"Buy";"6730.7";"6826.4";"2018.02.15 18:30:00";"2018.02.16 09:05:00";"30.0";"2686.68";"6648.20020";"6813.20020";"-40886.80";"0.00";"IST";"PT";"14h 35m";"-183.12"
"295";"USTEC_ICM_UTC2";"Buy";"6800.3";"6785.2";"2018.02.16 17:00:00";"2018.02.16 22:55:00";"30.0";"-453.00";"6717.79980";"6882.79980";"-41339.80";"0.00";"IST";"End Of Friday (Time)";"5h 55m";"-0.00"
"296";"USTEC_ICM_UTC2";"Buy";"6800.2";"6717.7";"2018.02.19 16:30:00";"2018.02.20 12:06:00";"30.0";"-2658.12";"6717.70020";"6882.70020";"-43997.92";"0.00";"IST";"SL";"19h 36m";"-183.12"
"297";"USTEC_ICM_UTC2";"Buy";"6835.1";"6752.6";"2018.02.20 21:00:00";"2018.02.20 22:20:00";"30.0";"-2475.00";"6752.60010";"6917.60010";"-46472.92";"0.00";"IST";"SL";"1h 20m";"-0.00"
"298";"USTEC_ICM_UTC2";"Buy";"6834.0";"6724.6";"2018.02.21 20:15:00";"2018.02.22 09:05:00";"30.0";"-3466.35";"6751.50000";"6916.50000";"-49939.27";"0.00";"IST";"SL";"12h 50m";"-183.12"
"299";"USTEC_ICM_UTC2";"Buy";"6812.2";"6888.3";"2018.02.22 19:15:00";"2018.02.23 22:55:00";"30.0";"2099.88";"6729.70020";"6894.70020";"-47839.39";"0.00";"IST";"End Of Friday (Time)";"1d 3h 40m";"-183.12"
"300";"USTEC_ICM_UTC2";"Buy";"6954.3";"6871.8";"2018.02.26 16:45:00";"2018.02.28 22:50:00";"30.0";"-2841.24";"6871.79980";"7036.79980";"-50680.63";"0.00";"IST";"SL";"2d 6h 5m";"-366.24"
"301";"USTEC_ICM_UTC2";"Buy";"6862.2";"6779.7";"2018.03.01 17:30:00";"2018.03.01 20:01:00";"30.0";"-2475.00";"6779.70020";"6944.70020";"-53155.63";"0.00";"IST";"SL";"2h 31m";"-0.00"
"302";"USTEC_ICM_UTC2";"Buy";"6769.4";"6811.9";"2018.03.02 21:15:00";"2018.03.02 22:55:00";"30.0";"1275.00";"6686.89990";"6851.89990";"-51880.63";"0.00";"IST";"End Of Friday (Time)";"1h 40m";"-0.00"
"303";"USTEC_ICM_UTC2";"Buy";"6777.2";"6859.7";"2018.03.05 17:00:00";"2018.03.05 18:45:00";"30.0";"2475.00";"6694.70020";"6859.70020";"-49405.63";"0.00";"IST";"PT";"1h 45m";"-0.00"
"304";"USTEC_ICM_UTC2";"Buy";"6916.2";"6831.5";"2018.03.06 16:30:00";"2018.03.07 09:05:00";"30.0";"-2725.02";"6833.70020";"6998.70020";"-52130.65";"0.00";"IST";"SL";"16h 35m";"-183.12"
"305";"USTEC_ICM_UTC2";"Buy";"6884.1";"6966.6";"2018.03.07 20:00:00";"2018.03.08 16:35:00";"30.0";"2291.88";"6801.60010";"6966.60010";"-49838.77";"0.00";"IST";"PT";"20h 35m";"-183.12"
"306";"USTEC_ICM_UTC2";"Buy";"6953.9";"7036.4";"2018.03.08 17:00:00";"2018.03.09 17:15:00";"30.0";"2291.88";"6871.39990";"7036.39990";"-47546.89";"0.00";"IST";"PT";"1d 0h 15m";"-183.12"
"307";"USTEC_ICM_UTC2";"Buy";"7065.8";"7091.0";"2018.03.09 19:30:00";"2018.03.09 22:55:00";"30.0";"756.00";"6983.29980";"7148.29980";"-46790.89";"0.00";"IST";"End Of Friday (Time)";"3h 25m";"-0.00"
"308";"USTEC_ICM_UTC2";"Buy";"7139.0";"7056.5";"2018.03.12 18:00:00";"2018.03.13 18:07:00";"30.0";"-2658.12";"7056.50000";"7221.50000";"-49449.01";"0.00";"IST";"SL";"1d 0h 7m";"-183.12"
"309";"USTEC_ICM_UTC2";"Buy";"7065.0";"6964.4";"2018.03.13 18:15:00";"2018.03.19 08:05:00";"30.0";"-4117.95";"6982.50000";"7147.50000";"-53566.96";"0.00";"IST";"SL";"5d 13h 50m";"-1098.72"
"310";"USTEC_ICM_UTC2";"Buy";"6887.4";"6804.9";"2018.03.19 17:00:00";"2018.03.19 20:40:00";"30.0";"-2475.00";"6804.89990";"6969.89990";"-56041.96";"0.00";"IST";"SL";"3h 40m";"-0.00"
"311";"USTEC_ICM_UTC2";"Buy";"6882.0";"6799.5";"2018.03.20 16:45:00";"2018.03.22 09:59:00";"30.0";"-2841.24";"6799.50000";"6964.50000";"-58883.20";"0.00";"IST";"SL";"1d 17h 14m";"-366.24"
"312";"USTEC_ICM_UTC2";"Buy";"6758.7";"6611.1";"2018.03.22 18:30:00";"2018.03.23 08:05:00";"30.0";"-4612.35";"6676.20020";"6841.20020";"-63495.55";"0.00";"IST";"SL";"13h 35m";"-183.12"
"313";"USTEC_ICM_UTC2";"Buy";"6699.5";"6617.0";"2018.03.23 17:00:00";"2018.03.23 17:59:00";"30.0";"-2475.00";"6617.00000";"6782.00000";"-65970.55";"0.00";"IST";"SL";"59m 0s";"-0.00"
"314";"USTEC_ICM_UTC2";"Buy";"6652.6";"6570.1";"2018.03.26 16:45:00";"2018.03.26 18:09:00";"30.0";"-2475.00";"6570.10010";"6735.10010";"-68445.55";"0.00";"IST";"SL";"1h 24m";"-0.00"
"315";"USTEC_ICM_UTC2";"Buy";"6769.2";"6686.7";"2018.03.27 16:45:00";"2018.03.27 20:40:00";"30.0";"-2475.00";"6686.70020";"6851.70020";"-70920.55";"0.00";"IST";"SL";"3h 55m";"-0.00"
"316";"USTEC_ICM_UTC2";"Buy";"6460.3";"6542.8";"2018.03.28 16:45:00";"2018.03.28 17:05:00";"30.0";"2475.00";"6377.79980";"6542.79980";"-68445.55";"0.00";"IST";"PT";"20m 0s";"-0.00"
"317";"USTEC_ICM_UTC2";"Buy";"6446.9";"6529.4";"2018.03.29 17:00:00";"2018.03.29 17:52:00";"30.0";"2475.00";"6364.39990";"6529.39990";"-65970.55";"0.00";"IST";"PT";"52m 0s";"-0.00"
"318";"USTEC_ICM_UTC2";"Buy";"6415.8";"6333.3";"2018.04.02 18:15:00";"2018.04.02 21:02:00";"30.0";"-2475.00";"6333.29980";"6498.29980";"-68445.55";"0.00";"IST";"SL";"2h 47m";"-0.00"
"319";"USTEC_ICM_UTC2";"Buy";"6429.5";"6347.0";"2018.04.03 18:00:00";"2018.04.04 11:07:00";"30.0";"-2658.12";"6347.00000";"6512.00000";"-71103.67";"0.00";"IST";"SL";"17h 7m";"-183.12"
"320";"USTEC_ICM_UTC2";"Buy";"6452.3";"6534.8";"2018.04.04 21:00:00";"2018.04.04 22:09:00";"30.0";"2475.00";"6369.79980";"6534.79980";"-68628.67";"0.00";"IST";"PT";"1h 9m";"-0.00"
"321";"USTEC_ICM_UTC2";"Buy";"6608.8";"6510.8";"2018.04.05 17:00:00";"2018.04.06 09:05:00";"30.0";"-3124.02";"6526.29980";"6691.29980";"-71752.70";"0.00";"IST";"SL";"16h 5m";"-183.12"
"322";"USTEC_ICM_UTC2";"Buy";"6539.0";"6456.5";"2018.04.06 18:45:00";"2018.04.06 20:59:00";"30.0";"-2475.00";"6456.50000";"6621.50000";"-74227.70";"0.00";"IST";"SL";"2h 14m";"-0.00"
"323";"USTEC_ICM_UTC2";"Buy";"6487.9";"6570.4";"2018.04.09 16:45:00";"2018.04.09 18:33:00";"30.0";"2475.00";"6405.39990";"6570.39990";"-71752.70";"0.00";"IST";"PT";"1h 48m";"-0.00"
"324";"USTEC_ICM_UTC2";"Buy";"6545.6";"6628.1";"2018.04.10 17:00:00";"2018.04.10 22:10:00";"30.0";"2475.00";"6463.10010";"6628.10010";"-69277.70";"0.00";"IST";"PT";"5h 10m";"-0.00"
"325";"USTEC_ICM_UTC2";"Buy";"6608.6";"6691.1";"2018.04.11 20:45:00";"2018.04.13 15:32:00";"30.0";"2108.76";"6526.10010";"6691.10010";"-67168.93";"0.00";"IST";"PT";"1d 18h 47m";"-366.24"
"326";"USTEC_ICM_UTC2";"Buy";"6633.5";"6632.4";"2018.04.13 18:15:00";"2018.04.13 22:55:00";"30.0";"-33.00";"6551.00000";"6716.00000";"-67201.93";"0.00";"IST";"End Of Friday (Time)";"4h 40m";"-0.00"
"327";"USTEC_ICM_UTC2";"Buy";"6671.6";"6754.1";"2018.04.16 17:30:00";"2018.04.17 16:40:00";"30.0";"2291.88";"6589.10010";"6754.10010";"-64910.05";"0.00";"IST";"PT";"23h 10m";"-183.12"
"328";"USTEC_ICM_UTC2";"Buy";"6755.7";"6838.2";"2018.04.17 17:00:00";"2018.04.18 11:17:00";"30.0";"2291.88";"6673.20020";"6838.20020";"-62618.17";"0.00";"IST";"PT";"18h 17m";"-183.12"
"329";"USTEC_ICM_UTC2";"Buy";"6829.7";"6747.2";"2018.04.18 18:00:00";"2018.04.20 10:28:00";"30.0";"-2841.24";"6747.20020";"6912.20020";"-65459.41";"0.00";"IST";"SL";"1d 16h 28m";"-366.24"
"330";"USTEC_ICM_UTC2";"Buy";"6723.4";"6662.9";"2018.04.20 17:45:00";"2018.04.20 22:55:00";"30.0";"-1815.00";"6640.89990";"6805.89990";"-67274.41";"0.00";"IST";"End Of Friday (Time)";"5h 10m";"-0.00"
"331";"USTEC_ICM_UTC2";"Buy";"6677.4";"6594.9";"2018.04.23 17:00:00";"2018.04.24 18:01:00";"30.0";"-2658.12";"6594.89990";"6759.89990";"-69932.53";"0.00";"IST";"SL";"1d 1h 1m";"-183.12"
"332";"USTEC_ICM_UTC2";"Buy";"6580.3";"6497.8";"2018.04.24 18:15:00";"2018.04.24 20:52:00";"30.0";"-2475.00";"6497.79980";"6662.79980";"-72407.53";"0.00";"IST";"SL";"2h 37m";"-0.00"
"333";"USTEC_ICM_UTC2";"Buy";"6506.5";"6589.0";"2018.04.25 17:45:00";"2018.04.26 01:00:00";"30.0";"2291.88";"6424.00000";"6589.00000";"-70115.66";"0.00";"IST";"PT";"7h 15m";"-183.12"
"334";"USTEC_ICM_UTC2";"Buy";"6605.4";"6687.9";"2018.04.26 17:00:00";"2018.04.26 23:02:00";"30.0";"2475.00";"6522.89990";"6687.89990";"-67640.66";"0.00";"IST";"PT";"6h 2m";"-0.00"
"335";"USTEC_ICM_UTC2";"Buy";"6675.2";"6659.7";"2018.04.27 18:30:00";"2018.04.27 22:55:00";"30.0";"-465.00";"6592.70020";"6757.70020";"-68105.66";"0.00";"IST";"End Of Friday (Time)";"4h 25m";"-0.00"
"336";"USTEC_ICM_UTC2";"Buy";"6690.5";"6608.0";"2018.04.30 17:00:00";"2018.04.30 19:08:00";"30.0";"-2475.00";"6608.00000";"6773.00000";"-70580.66";"0.00";"IST";"SL";"2h 8m";"-0.00"
"337";"USTEC_ICM_UTC2";"Buy";"6613.1";"6710.0";"2018.05.01 17:00:00";"2018.05.02 01:00:00";"30.0";"2722.95";"6530.60010";"6695.60010";"-67857.70";"0.00";"IST";"PT";"8h 0m";"-183.12"
"338";"USTEC_ICM_UTC2";"Buy";"6697.6";"6615.1";"2018.05.02 16:30:00";"2018.05.03 14:52:00";"30.0";"-2658.12";"6615.10010";"6780.10010";"-70515.83";"0.00";"IST";"SL";"22h 22m";"-183.12"
"339";"USTEC_ICM_UTC2";"Buy";"6553.9";"6636.4";"2018.05.03 18:30:00";"2018.05.03 19:53:00";"30.0";"2475.00";"6471.39990";"6636.39990";"-68040.83";"0.00";"IST";"PT";"1h 23m";"-0.00"
"340";"USTEC_ICM_UTC2";"Buy";"6754.1";"6761.4";"2018.05.04 19:45:00";"2018.05.04 22:55:00";"30.0";"219.00";"6671.60010";"6836.60010";"-67821.83";"0.00";"IST";"End Of Friday (Time)";"3h 10m";"-0.00"
"341";"USTEC_ICM_UTC2";"Buy";"6842.8";"6925.3";"2018.05.07 18:30:00";"2018.05.10 16:43:00";"30.0";"1925.64";"6760.29980";"6925.29980";"-65896.19";"0.00";"IST";"PT";"2d 22h 13m";"-549.36"
"342";"USTEC_ICM_UTC2";"Buy";"6953.8";"6944.8";"2018.05.10 21:30:00";"2018.05.11 22:55:00";"30.0";"-453.12";"6871.29980";"7036.29980";"-66349.30";"0.00";"IST";"End Of Friday (Time)";"1d 1h 25m";"-183.12"
"343";"USTEC_ICM_UTC2";"Buy";"6992.5";"6910.0";"2018.05.14 19:30:00";"2018.05.15 15:50:00";"30.0";"-2658.12";"6910.00000";"7075.00000";"-69007.42";"0.00";"IST";"SL";"20h 20m";"-183.12"
"344";"USTEC_ICM_UTC2";"Buy";"6880.5";"6869.6";"2018.05.15 16:45:00";"2018.05.18 22:55:00";"30.0";"-876.36";"6798.00000";"6963.00000";"-69883.78";"0.00";"IST";"End Of Friday (Time)";"3d 6h 10m";"-549.36"
"345";"USTEC_ICM_UTC2";"Buy";"6910.8";"6828.3";"2018.05.21 19:15:00";"2018.05.23 11:25:00";"30.0";"-2841.24";"6828.29980";"6993.29980";"-72725.02";"0.00";"IST";"SL";"1d 16h 10m";"-366.24"
"346";"USTEC_ICM_UTC2";"Buy";"6893.2";"6975.7";"2018.05.23 21:00:00";"2018.05.25 04:33:00";"30.0";"2108.76";"6810.70020";"6975.70020";"-70616.27";"0.00";"IST";"PT";"1d 7h 33m";"-366.24"
"347";"USTEC_ICM_UTC2";"Buy";"6943.4";"6960.3";"2018.05.25 16:45:00";"2018.05.25 22:55:00";"30.0";"507.00";"6860.89990";"7025.89990";"-70109.27";"0.00";"IST";"End Of Friday (Time)";"6h 10m";"-0.00"
"348";"USTEC_ICM_UTC2";"Buy";"6968.2";"6885.7";"2018.05.28 16:30:00";"2018.05.29 19:14:00";"30.0";"-2658.12";"6885.70020";"7050.70020";"-72767.38";"0.00";"IST";"SL";"1d 2h 44m";"-183.12"
"349";"USTEC_ICM_UTC2";"Buy";"6916.5";"6999.0";"2018.05.29 19:45:00";"2018.05.31 18:39:00";"30.0";"2108.76";"6834.00000";"6999.00000";"-70658.63";"0.00";"IST";"PT";"1d 22h 54m";"-366.24"
"350";"USTEC_ICM_UTC2";"Buy";"7016.5";"7078.0";"2018.05.31 18:45:00";"2018.06.01 22:55:00";"30.0";"1661.88";"6934.00000";"7099.00000";"-68996.74";"0.00";"IST";"End Of Friday (Time)";"1d 4h 10m";"-183.12"
"351";"USTEC_ICM_UTC2";"Buy";"7140.5";"7223.0";"2018.06.04 21:30:00";"2018.06.07 05:29:00";"30.0";"1925.64";"7058.00000";"7223.00000";"-67071.10";"0.00";"IST";"PT";"2d 7h 59m";"-549.36"
"352";"USTEC_ICM_UTC2";"Buy";"7163.1";"7080.6";"2018.06.07 18:30:00";"2018.06.08 11:19:00";"30.0";"-2658.12";"7080.60010";"7245.60010";"-69729.23";"0.00";"IST";"SL";"16h 49m";"-183.12"
"353";"USTEC_ICM_UTC2";"Buy";"7142.9";"7155.5";"2018.06.08 18:15:00";"2018.06.08 22:55:00";"30.0";"378.00";"7060.39990";"7225.39990";"-69351.23";"0.00";"IST";"End Of Friday (Time)";"4h 40m";"-0.00"
"354";"USTEC_ICM_UTC2";"Buy";"7162.2";"7244.7";"2018.06.11 18:15:00";"2018.06.13 17:36:00";"30.0";"2108.76";"7079.70020";"7244.70020";"-67242.46";"0.00";"IST";"PT";"1d 23h 21m";"-366.24"
"355";"USTEC_ICM_UTC2";"Buy";"7238.8";"7252.0";"2018.06.13 21:00:00";"2018.06.15 22:55:00";"30.0";"29.76";"7156.29980";"7321.29980";"-67212.70";"0.00";"IST";"End Of Friday (Time)";"2d 1h 55m";"-366.24"
"356";"USTEC_ICM_UTC2";"Buy";"7248.8";"7166.3";"2018.06.18 20:30:00";"2018.06.19 05:14:00";"30.0";"-2658.12";"7166.29980";"7331.29980";"-69870.83";"0.00";"IST";"SL";"8h 44m";"-183.12"
"357";"USTEC_ICM_UTC2";"Buy";"7153.1";"7235.6";"2018.06.19 17:45:00";"2018.06.20 02:59:00";"30.0";"2291.88";"7070.60010";"7235.60010";"-67578.95";"0.00";"IST";"PT";"9h 14m";"-183.12"
"358";"USTEC_ICM_UTC2";"Buy";"7284.8";"7202.3";"2018.06.20 18:45:00";"2018.06.22 01:02:00";"30.0";"-2841.24";"7202.29980";"7367.29980";"-70420.19";"0.00";"IST";"SL";"1d 6h 17m";"-366.24"
"359";"USTEC_ICM_UTC2";"Buy";"7206.2";"7207.5";"2018.06.22 16:45:00";"2018.06.22 22:55:00";"30.0";"39.00";"7123.70020";"7288.70020";"-70381.19";"0.00";"IST";"End Of Friday (Time)";"6h 10m";"-0.00"
"360";"USTEC_ICM_UTC2";"Buy";"7094.9";"7012.4";"2018.06.25 17:00:00";"2018.06.25 19:06:00";"30.0";"-2475.00";"7012.39990";"7177.39990";"-72856.19";"0.00";"IST";"SL";"2h 6m";"-0.00"
"361";"USTEC_ICM_UTC2";"Buy";"7056.6";"6974.1";"2018.06.26 18:30:00";"2018.06.27 22:58:00";"30.0";"-2658.12";"6974.10010";"7139.10010";"-75514.30";"0.00";"IST";"SL";"1d 4h 28m";"-183.12"
"362";"USTEC_ICM_UTC2";"Buy";"6998.5";"7081.0";"2018.06.28 20:15:00";"2018.06.29 10:27:00";"30.0";"2291.88";"6916.00000";"7081.00000";"-73222.42";"0.00";"IST";"PT";"14h 12m";"-183.12"
"363";"USTEC_ICM_UTC2";"Buy";"7091.4";"7053.5";"2018.06.29 16:45:00";"2018.06.29 22:55:00";"30.0";"-1137.00";"7008.89990";"7173.89990";"-74359.42";"0.00";"IST";"End Of Friday (Time)";"6h 10m";"-0.00"
"364";"USTEC_ICM_UTC2";"Buy";"6982.3";"7064.8";"2018.07.02 16:30:00";"2018.07.02 21:08:00";"30.0";"2475.00";"6899.79980";"7064.79980";"-71884.42";"0.00";"IST";"PT";"4h 38m";"-0.00"
"365";"USTEC_ICM_UTC2";"Buy";"7098.9";"7016.4";"2018.07.03 17:45:00";"2018.07.03 19:52:00";"30.0";"-2475.00";"7016.39990";"7181.39990";"-74359.42";"0.00";"IST";"SL";"2h 7m";"-0.00"
"366";"USTEC_ICM_UTC2";"Buy";"7007.4";"7089.9";"2018.07.04 17:45:00";"2018.07.05 19:18:00";"30.0";"2291.88";"6924.89990";"7089.89990";"-72067.55";"0.00";"IST";"PT";"1d 1h 33m";"-183.12"
"367";"USTEC_ICM_UTC2";"Buy";"7083.0";"7165.5";"2018.07.05 21:30:00";"2018.07.06 18:09:00";"30.0";"2291.88";"7000.50000";"7165.50000";"-69775.66";"0.00";"IST";"PT";"20h 39m";"-183.12"
"368";"USTEC_ICM_UTC2";"Buy";"7199.2";"7202.9";"2018.07.06 20:30:00";"2018.07.06 22:55:00";"30.0";"111.00";"7116.70020";"7281.70020";"-69664.66";"0.00";"IST";"End Of Friday (Time)";"2h 25m";"-0.00"
"369";"USTEC_ICM_UTC2";"Buy";"7245.4";"7327.9";"2018.07.09 18:15:00";"2018.07.12 17:36:00";"30.0";"1925.64";"7162.89990";"7327.89990";"-67739.02";"0.00";"IST";"PT";"2d 23h 21m";"-549.36"
"370";"USTEC_ICM_UTC2";"Buy";"7351.7";"7378.1";"2018.07.12 21:45:00";"2018.07.13 22:55:00";"30.0";"608.88";"7269.20020";"7434.20020";"-67130.15";"0.00";"IST";"End Of Friday (Time)";"1d 1h 10m";"-183.12"
"371";"USTEC_ICM_UTC2";"Buy";"7384.9";"7301.8";"2018.07.16 16:45:00";"2018.07.17 01:00:00";"30.0";"-2677.32";"7302.39990";"7467.39990";"-69807.47";"0.00";"IST";"SL";"8h 15m";"-183.12"
"372";"USTEC_ICM_UTC2";"Buy";"7324.3";"7406.8";"2018.07.17 17:00:00";"2018.07.17 20:11:00";"30.0";"2475.00";"7241.79980";"7406.79980";"-67332.47";"0.00";"IST";"PT";"3h 11m";"-0.00"
"373";"USTEC_ICM_UTC2";"Buy";"7390.0";"7345.9";"2018.07.18 18:15:00";"2018.07.20 22:55:00";"30.0";"-1689.24";"7307.50000";"7472.50000";"-69021.70";"0.00";"IST";"End Of Friday (Time)";"2d 4h 40m";"-366.24"
"374";"USTEC_ICM_UTC2";"Buy";"7321.8";"7404.3";"2018.07.23 17:00:00";"2018.07.23 23:05:00";"30.0";"2475.00";"7239.29980";"7404.29980";"-66546.70";"0.00";"IST";"PT";"6h 5m";"-0.00"
"375";"USTEC_ICM_UTC2";"Buy";"7422.3";"7504.8";"2018.07.24 19:00:00";"2018.07.25 22:50:00";"30.0";"2291.88";"7339.79980";"7504.79980";"-64254.82";"0.00";"IST";"PT";"1d 3h 50m";"-183.12"
"376";"USTEC_ICM_UTC2";"Buy";"7414.6";"7332.1";"2018.07.26 16:45:00";"2018.07.27 19:27:00";"30.0";"-2658.12";"7332.10010";"7497.10010";"-66912.95";"0.00";"IST";"SL";"1d 2h 42m";"-183.12"
"377";"USTEC_ICM_UTC2";"Buy";"7285.0";"7295.9";"2018.07.27 20:45:00";"2018.07.27 22:55:00";"30.0";"327.00";"7202.50000";"7367.50000";"-66585.95";"0.00";"IST";"End Of Friday (Time)";"2h 10m";"-0.00"
"378";"USTEC_ICM_UTC2";"Buy";"7233.8";"7316.3";"2018.07.30 17:30:00";"2018.08.02 18:30:00";"30.0";"1925.64";"7151.29980";"7316.29980";"-64660.30";"0.00";"IST";"PT";"3d 1h 0m";"-549.36"
"379";"USTEC_ICM_UTC2";"Buy";"7370.8";"7391.5";"2018.08.02 22:30:00";"2018.08.03 22:55:00";"30.0";"437.88";"7288.29980";"7453.29980";"-64222.43";"0.00";"IST";"End Of Friday (Time)";"1d 0h 25m";"-183.12"
"380";"USTEC_ICM_UTC2";"Buy";"7389.7";"7472.2";"2018.08.06 16:30:00";"2018.08.07 16:35:00";"30.0";"2291.88";"7307.20020";"7472.20020";"-61930.55";"0.00";"IST";"PT";"1d 0h 5m";"-183.12"
"381";"USTEC_ICM_UTC2";"Buy";"7463.7";"7381.2";"2018.08.07 19:15:00";"2018.08.10 21:30:00";"30.0";"-3024.36";"7381.20020";"7546.20020";"-64954.91";"0.00";"IST";"SL";"3d 2h 15m";"-549.36"
"382";"USTEC_ICM_UTC2";"Buy";"7394.4";"7408.6";"2018.08.10 21:45:00";"2018.08.10 22:55:00";"30.0";"426.00";"7311.89990";"7476.89990";"-64528.91";"0.00";"IST";"End Of Friday (Time)";"1h 10m";"-0.00"
"383";"USTEC_ICM_UTC2";"Buy";"7450.1";"7367.6";"2018.08.13 17:00:00";"2018.08.15 16:58:00";"30.0";"-2841.24";"7367.60010";"7532.60010";"-67370.15";"0.00";"IST";"SL";"1d 23h 58m";"-366.24"
"384";"USTEC_ICM_UTC2";"Buy";"7335.0";"7417.5";"2018.08.15 18:30:00";"2018.08.16 13:51:00";"30.0";"2291.88";"7252.50000";"7417.50000";"-65078.27";"0.00";"IST";"PT";"19h 21m";"-183.12"
"385";"USTEC_ICM_UTC2";"Buy";"7394.0";"7311.5";"2018.08.16 16:45:00";"2018.08.17 17:26:00";"30.0";"-2658.12";"7311.50000";"7476.50000";"-67736.38";"0.00";"IST";"SL";"1d 0h 41m";"-183.12"
"386";"USTEC_ICM_UTC2";"Buy";"7328.5";"7381.5";"2018.08.17 18:00:00";"2018.08.17 22:55:00";"30.0";"1590.00";"7246.00000";"7411.00000";"-66146.38";"0.00";"IST";"End Of Friday (Time)";"4h 55m";"-0.00"
"387";"USTEC_ICM_UTC2";"Buy";"7371.7";"7454.2";"2018.08.20 16:45:00";"2018.08.23 16:53:00";"30.0";"1925.64";"7289.20020";"7454.20020";"-64220.75";"0.00";"IST";"PT";"3d 0h 8m";"-549.36"
"388";"USTEC_ICM_UTC2";"Buy";"7420.5";"7487.2";"2018.08.23 19:15:00";"2018.08.24 22:55:00";"30.0";"1817.88";"7338.00000";"7503.00000";"-62402.87";"0.00";"IST";"End Of Friday (Time)";"1d 3h 40m";"-183.12"
"389";"USTEC_ICM_UTC2";"Buy";"7533.5";"7616.0";"2018.08.27 17:00:00";"2018.08.29 17:35:00";"30.0";"2108.76";"7451.00000";"7616.00000";"-60294.11";"0.00";"IST";"PT";"2d 0h 35m";"-366.24"
"390";"USTEC_ICM_UTC2";"Buy";"7649.1";"7656.4";"2018.08.29 20:15:00";"2018.08.31 22:55:00";"30.0";"-147.24";"7566.60010";"7731.60010";"-60441.34";"0.00";"IST";"End Of Friday (Time)";"2d 2h 40m";"-366.24"
"391";"USTEC_ICM_UTC2";"Buy";"7666.7";"7584.2";"2018.09.03 16:45:00";"2018.09.04 16:42:00";"30.0";"-2658.12";"7584.20020";"7749.20020";"-63099.46";"0.00";"IST";"SL";"23h 57m";"-183.12"
"392";"USTEC_ICM_UTC2";"Buy";"7619.1";"7536.6";"2018.09.04 17:30:00";"2018.09.05 17:02:00";"30.0";"-2658.12";"7536.60010";"7701.60010";"-65757.59";"0.00";"IST";"SL";"23h 32m";"-183.12"
"393";"USTEC_ICM_UTC2";"Buy";"7501.8";"7419.3";"2018.09.05 18:15:00";"2018.09.06 18:07:00";"30.0";"-2658.12";"7419.29980";"7584.29980";"-68415.70";"0.00";"IST";"SL";"23h 52m";"-183.12"
"394";"USTEC_ICM_UTC2";"Buy";"7447.0";"7426.2";"2018.09.06 19:00:00";"2018.09.07 22:55:00";"30.0";"-807.12";"7364.50000";"7529.50000";"-69222.83";"0.00";"IST";"End Of Friday (Time)";"1d 3h 55m";"-183.12"
"395";"USTEC_ICM_UTC2";"Buy";"7428.6";"7511.1";"2018.09.10 18:00:00";"2018.09.11 18:59:00";"30.0";"2291.88";"7346.10010";"7511.10010";"-66930.95";"0.00";"IST";"PT";"1d 0h 59m";"-183.12"
"396";"USTEC_ICM_UTC2";"Buy";"7501.0";"7583.5";"2018.09.11 21:15:00";"2018.09.14 09:28:00";"30.0";"1925.64";"7418.50000";"7583.50000";"-65005.30";"0.00";"IST";"PT";"2d 12h 13m";"-549.36"
"397";"USTEC_ICM_UTC2";"Buy";"7575.9";"7549.9";"2018.09.14 16:45:00";"2018.09.14 22:55:00";"30.0";"-780.00";"7493.39990";"7658.39990";"-65785.30";"0.00";"IST";"End Of Friday (Time)";"6h 10m";"-0.00"
"398";"USTEC_ICM_UTC2";"Buy";"7470.3";"7552.8";"2018.09.17 18:30:00";"2018.09.20 16:43:00";"30.0";"1925.64";"7387.79980";"7552.79980";"-63859.66";"0.00";"IST";"PT";"2d 22h 13m";"-549.36"
"399";"USTEC_ICM_UTC2";"Buy";"7552.6";"7533.3";"2018.09.20 17:00:00";"2018.09.21 22:55:00";"30.0";"-762.12";"7470.10010";"7635.10010";"-64621.79";"0.00";"IST";"End Of Friday (Time)";"1d 5h 55m";"-183.12"
"400";"USTEC_ICM_UTC2";"Buy";"7498.8";"7581.3";"2018.09.24 17:00:00";"2018.09.26 04:33:00";"30.0";"2108.76";"7416.29980";"7581.29980";"-62513.03";"0.00";"IST";"PT";"1d 11h 33m";"-366.24"
"401";"USTEC_ICM_UTC2";"Buy";"7608.9";"7621.6";"2018.09.26 20:15:00";"2018.09.28 22:55:00";"30.0";"14.76";"7526.39990";"7691.39990";"-62498.27";"0.00";"IST";"End Of Friday (Time)";"2d 2h 40m";"-366.24"
"402";"USTEC_ICM_UTC2";"Buy";"7672.1";"7589.6";"2018.10.01 16:30:00";"2018.10.04 09:02:00";"30.0";"-3024.36";"7589.60010";"7754.60010";"-65522.63";"0.00";"IST";"SL";"2d 16h 32m";"-549.36"
"403";"USTEC_ICM_UTC2";"Buy";"7523.4";"7440.9";"2018.10.04 18:15:00";"2018.10.04 21:18:00";"30.0";"-2475.00";"7440.89990";"7605.89990";"-67997.63";"0.00";"IST";"SL";"3h 3m";"-0.00"
"404";"USTEC_ICM_UTC2";"Buy";"7458.9";"7376.4";"2018.10.05 17:45:00";"2018.10.05 18:47:00";"30.0";"-2475.00";"7376.39990";"7541.39990";"-70472.63";"0.00";"IST";"SL";"1h 2m";"-0.00"
"405";"USTEC_ICM_UTC2";"Buy";"7395.3";"7312.8";"2018.10.08 17:00:00";"2018.10.08 18:39:00";"30.0";"-2475.00";"7312.79980";"7477.79980";"-72947.63";"0.00";"IST";"SL";"1h 39m";"-0.00"
"406";"USTEC_ICM_UTC2";"Buy";"7384.9";"7302.4";"2018.10.09 19:30:00";"2018.10.10 16:35:00";"30.0";"-2658.12";"7302.39990";"7467.39990";"-75605.74";"0.00";"IST";"SL";"21h 5m";"-183.12"
"407";"USTEC_ICM_UTC2";"Buy";"7284.6";"7202.1";"2018.10.10 16:45:00";"2018.10.10 18:09:00";"30.0";"-2475.00";"7202.10010";"7367.10010";"-78080.74";"0.00";"IST";"SL";"1h 24m";"-0.00"
"408";"USTEC_ICM_UTC2";"Buy";"7030.3";"6947.8";"2018.10.11 18:45:00";"2018.10.11 21:42:00";"30.0";"-2475.00";"6947.79980";"7112.79980";"-80555.74";"0.00";"IST";"SL";"2h 57m";"-0.00"
"409";"USTEC_ICM_UTC2";"Buy";"7126.3";"7043.8";"2018.10.12 18:00:00";"2018.10.12 19:41:00";"30.0";"-2475.00";"7043.79980";"7208.79980";"-83030.74";"0.00";"IST";"SL";"1h 41m";"-0.00"
"410";"USTEC_ICM_UTC2";"Buy";"7131.4";"7048.9";"2018.10.15 16:30:00";"2018.10.15 17:19:00";"30.0";"-2475.00";"7048.89990";"7213.89990";"-85505.74";"0.00";"IST";"SL";"49m 0s";"-0.00"
"411";"USTEC_ICM_UTC2";"Buy";"7227.7";"7310.2";"2018.10.16 20:00:00";"2018.10.16 23:04:00";"30.0";"2475.00";"7145.20020";"7310.20020";"-83030.74";"0.00";"IST";"PT";"3h 4m";"-0.00"
"412";"USTEC_ICM_UTC2";"Buy";"7227.2";"7144.7";"2018.10.17 18:00:00";"2018.10.18 18:35:00";"30.0";"-2658.12";"7144.70020";"7309.70020";"-85688.87";"0.00";"IST";"SL";"1d 0h 35m";"-183.12"
"413";"USTEC_ICM_UTC2";"Buy";"7161.9";"7079.4";"2018.10.18 19:45:00";"2018.10.19 21:06:00";"30.0";"-2658.12";"7079.39990";"7244.39990";"-88346.98";"0.00";"IST";"SL";"1d 1h 21m";"-183.12"
"414";"USTEC_ICM_UTC2";"Buy";"7103.7";"7120.4";"2018.10.19 21:45:00";"2018.10.19 22:55:00";"30.0";"501.00";"7021.20020";"7186.20020";"-87845.98";"0.00";"IST";"End Of Friday (Time)";"1h 10m";"-0.00"
"415";"USTEC_ICM_UTC2";"Buy";"7129.4";"7046.9";"2018.10.22 16:45:00";"2018.10.23 09:00:00";"30.0";"-2658.12";"7046.89990";"7211.89990";"-90504.11";"0.00";"IST";"SL";"16h 15m";"-183.12"
"416";"USTEC_ICM_UTC2";"Buy";"6990.4";"7072.9";"2018.10.23 18:15:00";"2018.10.23 20:03:00";"30.0";"2475.00";"6907.89990";"7072.89990";"-88029.11";"0.00";"IST";"PT";"1h 48m";"-0.00"
"417";"USTEC_ICM_UTC2";"Buy";"7030.6";"6948.1";"2018.10.24 19:15:00";"2018.10.24 20:31:00";"30.0";"-2475.00";"6948.10010";"7113.10010";"-90504.11";"0.00";"IST";"SL";"1h 16m";"-0.00"
"418";"USTEC_ICM_UTC2";"Buy";"6904.9";"6987.4";"2018.10.25 16:45:00";"2018.10.25 18:22:00";"30.0";"2475.00";"6822.39990";"6987.39990";"-88029.11";"0.00";"IST";"PT";"1h 37m";"-0.00"
"419";"USTEC_ICM_UTC2";"Buy";"6836.3";"6918.8";"2018.10.26 18:30:00";"2018.10.26 19:44:00";"30.0";"2475.00";"6753.79980";"6918.79980";"-85554.11";"0.00";"IST";"PT";"1h 14m";"-0.00"
"420";"USTEC_ICM_UTC2";"Buy";"6941.6";"6859.1";"2018.10.29 16:30:00";"2018.10.29 17:20:00";"30.0";"-2475.00";"6859.10010";"7024.10010";"-88029.11";"0.00";"IST";"SL";"50m 0s";"-0.00"
"421";"USTEC_ICM_UTC2";"Buy";"6766.7";"6684.2";"2018.10.30 17:30:00";"2018.10.30 19:32:00";"30.0";"-2475.00";"6684.20020";"6849.20020";"-90504.11";"0.00";"IST";"SL";"2h 2m";"-0.00"
"422";"USTEC_ICM_UTC2";"Buy";"6935.5";"7018.0";"2018.10.31 17:45:00";"2018.10.31 19:20:00";"30.0";"2475.00";"6853.00000";"7018.00000";"-88029.11";"0.00";"IST";"PT";"1h 35m";"-0.00"
"423";"USTEC_ICM_UTC2";"Buy";"7047.4";"6964.9";"2018.11.01 19:15:00";"2018.11.02 00:00:00";"30.0";"-2658.12";"6964.89990";"7129.89990";"-90687.23";"0.00";"IST";"SL";"4h 45m";"-183.12"
"424";"USTEC_ICM_UTC2";"Buy";"6966.1";"6883.6";"2018.11.02 17:15:00";"2018.11.05 17:03:00";"30.0";"-3024.36";"6883.60010";"7048.60010";"-93711.59";"0.00";"IST";"SL";"2d 23h 48m";"-549.36"
"425";"USTEC_ICM_UTC2";"Buy";"6907.4";"6989.9";"2018.11.05 18:00:00";"2018.11.06 16:36:00";"30.0";"2291.88";"6824.89990";"6989.89990";"-91419.70";"0.00";"IST";"PT";"22h 36m";"-183.12"
"426";"USTEC_ICM_UTC2";"Buy";"6975.4";"7057.9";"2018.11.06 18:45:00";"2018.11.07 04:07:00";"30.0";"2291.88";"6892.89990";"7057.89990";"-89127.83";"0.00";"IST";"PT";"9h 22m";"-183.12"
"427";"USTEC_ICM_UTC2";"Buy";"7081.8";"7164.3";"2018.11.07 16:45:00";"2018.11.07 18:56:00";"30.0";"2475.00";"6999.29980";"7164.29980";"-86652.83";"0.00";"IST";"PT";"2h 11m";"-0.00"
"428";"USTEC_ICM_UTC2";"Buy";"7152.7";"7070.2";"2018.11.08 16:45:00";"2018.11.09 16:38:00";"30.0";"-2658.12";"7070.20020";"7235.20020";"-89310.95";"0.00";"IST";"SL";"23h 53m";"-183.12"
"429";"USTEC_ICM_UTC2";"Buy";"7076.0";"6993.5";"2018.11.09 17:00:00";"2018.11.09 21:09:00";"30.0";"-2475.00";"6993.50000";"7158.50000";"-91785.95";"0.00";"IST";"SL";"4h 9m";"-0.00"
"430";"USTEC_ICM_UTC2";"Buy";"6886.8";"6804.3";"2018.11.12 17:45:00";"2018.11.13 02:44:00";"30.0";"-2658.12";"6804.29980";"6969.29980";"-94444.07";"0.00";"IST";"SL";"8h 59m";"-183.12"
"431";"USTEC_ICM_UTC2";"Buy";"6855.8";"6938.3";"2018.11.13 16:30:00";"2018.11.13 18:11:00";"30.0";"2475.00";"6773.29980";"6938.29980";"-91969.07";"0.00";"IST";"PT";"1h 41m";"-0.00"
"432";"USTEC_ICM_UTC2";"Buy";"6828.0";"6745.5";"2018.11.14 18:00:00";"2018.11.14 21:02:00";"30.0";"-2475.00";"6745.50000";"6910.50000";"-94444.07";"0.00";"IST";"SL";"3h 2m";"-0.00"
"433";"USTEC_ICM_UTC2";"Buy";"6748.8";"6831.3";"2018.11.15 17:00:00";"2018.11.15 20:23:00";"30.0";"2475.00";"6666.29980";"6831.29980";"-91969.07";"0.00";"IST";"PT";"3h 23m";"-0.00"
"434";"USTEC_ICM_UTC2";"Buy";"6820.8";"6874.8";"2018.11.16 19:30:00";"2018.11.16 22:55:00";"30.0";"1620.00";"6738.29980";"6903.29980";"-90349.07";"0.00";"IST";"End Of Friday (Time)";"3h 25m";"-0.00"
"435";"USTEC_ICM_UTC2";"Buy";"6809.1";"6726.6";"2018.11.19 16:45:00";"2018.11.19 17:24:00";"30.0";"-2475.00";"6726.60010";"6891.60010";"-92824.07";"0.00";"IST";"SL";"39m 0s";"-0.00"
"436";"USTEC_ICM_UTC2";"Buy";"6489.6";"6572.1";"2018.11.20 16:30:00";"2018.11.20 17:41:00";"30.0";"2475.00";"6407.10010";"6572.10010";"-90349.07";"0.00";"IST";"PT";"1h 11m";"-0.00"
"437";"USTEC_ICM_UTC2";"Buy";"6610.8";"6528.3";"2018.11.21 16:30:00";"2018.11.22 11:20:00";"30.0";"-2658.12";"6528.29980";"6693.29980";"-93007.19";"0.00";"IST";"SL";"18h 50m";"-183.12"
"438";"USTEC_ICM_UTC2";"Buy";"6517.0";"6599.5";"2018.11.22 18:45:00";"2018.11.26 10:01:00";"30.0";"1742.52";"6434.50000";"6599.50000";"-91264.66";"0.00";"IST";"PT";"3d 15h 16m";"-732.48"
"439";"USTEC_ICM_UTC2";"Buy";"6616.3";"6698.8";"2018.11.26 16:30:00";"2018.11.27 09:34:00";"30.0";"2291.88";"6533.79980";"6698.79980";"-88972.79";"0.00";"IST";"PT";"17h 4m";"-183.12"
"440";"USTEC_ICM_UTC2";"Buy";"6685.8";"6768.3";"2018.11.27 20:45:00";"2018.11.28 19:02:00";"30.0";"2291.88";"6603.29980";"6768.29980";"-86680.91";"0.00";"IST";"PT";"22h 17m";"-183.12"
"441";"USTEC_ICM_UTC2";"Buy";"6875.5";"6925.4";"2018.11.28 22:15:00";"2018.11.30 22:55:00";"30.0";"1130.76";"6793.00000";"6958.00000";"-85550.15";"0.00";"IST";"End Of Friday (Time)";"2d 0h 40m";"-366.24"
"442";"USTEC_ICM_UTC2";"Buy";"7070.1";"6987.6";"2018.12.03 16:45:00";"2018.12.04 07:28:00";"30.0";"-2658.12";"6987.60010";"7152.60010";"-88208.27";"0.00";"IST";"SL";"14h 43m";"-183.12"
"443";"USTEC_ICM_UTC2";"Buy";"7024.4";"6941.9";"2018.12.04 17:00:00";"2018.12.04 19:08:00";"30.0";"-2475.00";"6941.89990";"7106.89990";"-90683.27";"0.00";"IST";"SL";"2h 8m";"-0.00"
"444";"USTEC_ICM_UTC2";"Buy";"6666.6";"6749.1";"2018.12.06 17:00:00";"2018.12.06 19:23:00";"30.0";"2475.00";"6584.10010";"6749.10010";"-88208.27";"0.00";"IST";"PT";"2h 23m";"-0.00"
"445";"USTEC_ICM_UTC2";"Buy";"6674.4";"6618.8";"2018.12.07 19:00:00";"2018.12.07 22:55:00";"30.0";"-1668.00";"6591.89990";"6756.89990";"-89876.27";"0.00";"IST";"End Of Friday (Time)";"3h 55m";"-0.00"
"446";"USTEC_ICM_UTC2";"Buy";"6597.0";"6679.5";"2018.12.10 17:00:00";"2018.12.10 21:32:00";"30.0";"2475.00";"6514.50000";"6679.50000";"-87401.27";"0.00";"IST";"PT";"4h 32m";"-0.00"
"447";"USTEC_ICM_UTC2";"Buy";"6771.6";"6689.1";"2018.12.11 17:45:00";"2018.12.11 19:18:00";"30.0";"-2475.00";"6689.10010";"6854.10010";"-89876.27";"0.00";"IST";"SL";"1h 33m";"-0.00"
"448";"USTEC_ICM_UTC2";"Buy";"6861.6";"6779.1";"2018.12.12 20:00:00";"2018.12.12 21:43:00";"30.0";"-2475.00";"6779.10010";"6944.10010";"-92351.27";"0.00";"IST";"SL";"1h 43m";"-0.00"
"449";"USTEC_ICM_UTC2";"Buy";"6751.3";"6668.8";"2018.12.13 19:00:00";"2018.12.14 10:23:00";"30.0";"-2658.12";"6668.79980";"6833.79980";"-95009.39";"0.00";"IST";"SL";"15h 23m";"-183.12"
"450";"USTEC_ICM_UTC2";"Buy";"6658.1";"6601.4";"2018.12.14 19:45:00";"2018.12.14 22:55:00";"30.0";"-1701.00";"6575.60010";"6740.60010";"-96710.39";"0.00";"IST";"End Of Friday (Time)";"3h 10m";"-0.00"
"451";"USTEC_ICM_UTC2";"Buy";"6571.7";"6489.2";"2018.12.17 16:30:00";"2018.12.17 20:37:00";"30.0";"-2475.00";"6489.20020";"6654.20020";"-99185.39";"0.00";"IST";"SL";"4h 7m";"-0.00"
"452";"USTEC_ICM_UTC2";"Buy";"6514.3";"6431.8";"2018.12.18 16:45:00";"2018.12.19 21:12:00";"30.0";"-2658.12";"6431.79980";"6596.79980";"-101843.51";"0.00";"IST";"SL";"1d 4h 27m";"-183.12"
"453";"USTEC_ICM_UTC2";"Buy";"6376.6";"6294.1";"2018.12.19 22:00:00";"2018.12.19 22:05:00";"30.0";"-2475.00";"6294.10010";"6459.10010";"-104318.51";"0.00";"IST";"SL";"5m 0s";"-0.00"
"454";"USTEC_ICM_UTC2";"Buy";"6333.3";"6250.8";"2018.12.20 16:45:00";"2018.12.20 18:42:00";"30.0";"-2475.00";"6250.79980";"6415.79980";"-106793.51";"0.00";"IST";"SL";"1h 57m";"-0.00"
"455";"USTEC_ICM_UTC2";"Buy";"6281.8";"6199.3";"2018.12.21 17:30:00";"2018.12.21 18:07:00";"30.0";"-2475.00";"6199.29980";"6364.29980";"-109268.51";"0.00";"IST";"SL";"37m 0s";"-0.00"
"456";"USTEC_ICM_UTC2";"Buy";"5992.3";"6074.8";"2018.12.24 17:30:00";"2018.12.24 17:42:00";"30.0";"2475.00";"5909.79980";"6074.79980";"-106793.51";"0.00";"IST";"PT";"12m 0s";"-0.00"
"457";"USTEC_ICM_UTC2";"Buy";"5996.4";"6078.9";"2018.12.26 18:30:00";"2018.12.26 19:12:00";"30.0";"2475.00";"5913.89990";"6078.89990";"-104318.51";"0.00";"IST";"PT";"42m 0s";"-0.00"
"458";"USTEC_ICM_UTC2";"Buy";"6124.5";"6042.0";"2018.12.27 18:15:00";"2018.12.27 21:18:00";"30.0";"-2475.00";"6042.00000";"6207.00000";"-106793.51";"0.00";"IST";"SL";"3h 3m";"-0.00"
"459";"USTEC_ICM_UTC2";"Buy";"6318.9";"6236.4";"2018.12.28 17:00:00";"2018.12.28 17:37:00";"30.0";"-2475.00";"6236.39990";"6401.39990";"-109268.51";"0.00";"IST";"SL";"37m 0s";"-0.00"
"460";"USTEC_ICM_UTC2";"Buy";"6341.7";"6259.2";"2018.12.31 16:30:00";"2019.01.02 06:03:00";"30.0";"-2841.24";"6259.20020";"6424.20020";"-112109.75";"0.00";"IST";"SL";"1d 13h 33m";"-366.24"
"461";"USTEC_ICM_UTC2";"Buy";"6353.2";"6221.8";"2019.01.02 19:45:00";"2019.01.03 01:00:00";"30.0";"-4126.02";"6270.70020";"6435.70020";"-116235.77";"0.00";"IST";"SL";"5h 15m";"-183.12"
"462";"USTEC_ICM_UTC2";"Buy";"6215.6";"6133.1";"2019.01.03 18:30:00";"2019.01.04 02:16:00";"30.0";"-2658.12";"6133.10010";"6298.10010";"-118893.89";"0.00";"IST";"SL";"7h 46m";"-183.12"
"463";"USTEC_ICM_UTC2";"Buy";"6430.3";"6407.0";"2019.01.04 21:45:00";"2019.01.04 22:55:00";"30.0";"-699.00";"6347.79980";"6512.79980";"-119592.89";"0.00";"IST";"End Of Friday (Time)";"1h 10m";"-0.00"
"464";"USTEC_ICM_UTC2";"Buy";"6502.6";"6585.1";"2019.01.07 22:30:00";"2019.01.09 04:36:00";"30.0";"2108.76";"6420.10010";"6585.10010";"-117484.13";"0.00";"IST";"PT";"1d 6h 6m";"-366.24"
"465";"USTEC_ICM_UTC2";"Buy";"6595.0";"6601.4";"2019.01.09 17:00:00";"2019.01.11 22:55:00";"30.0";"-174.24";"6512.50000";"6677.50000";"-117658.37";"0.00";"IST";"End Of Friday (Time)";"2d 5h 55m";"-366.24"
"466";"USTEC_ICM_UTC2";"Buy";"6522.9";"6605.4";"2019.01.14 17:00:00";"2019.01.15 16:36:00";"30.0";"2291.88";"6440.39990";"6605.39990";"-115366.48";"0.00";"IST";"PT";"23h 36m";"-183.12"
"467";"USTEC_ICM_UTC2";"Buy";"6635.7";"6718.2";"2019.01.15 18:30:00";"2019.01.16 16:46:00";"30.0";"2291.88";"6553.20020";"6718.20020";"-113074.61";"0.00";"IST";"PT";"22h 16m";"-183.12"
"468";"USTEC_ICM_UTC2";"Buy";"6694.1";"6611.6";"2019.01.16 18:30:00";"2019.01.17 09:42:00";"30.0";"-2658.12";"6611.60010";"6776.60010";"-115732.73";"0.00";"IST";"SL";"15h 12m";"-183.12"
"469";"USTEC_ICM_UTC2";"Buy";"6673.6";"6756.1";"2019.01.17 20:00:00";"2019.01.18 16:18:00";"30.0";"2291.88";"6591.10010";"6756.10010";"-113440.85";"0.00";"IST";"PT";"20h 18m";"-183.12"
"470";"USTEC_ICM_UTC2";"Buy";"6778.3";"6768.6";"2019.01.18 22:15:00";"2019.01.18 22:55:00";"30.0";"-291.00";"6695.79980";"6860.79980";"-113731.85";"0.00";"IST";"End Of Friday (Time)";"40m 0s";"-0.00"
"471";"USTEC_ICM_UTC2";"Buy";"6747.5";"6665.0";"2019.01.21 17:30:00";"2019.01.22 19:02:00";"30.0";"-2658.12";"6665.00000";"6830.00000";"-116389.97";"0.00";"IST";"SL";"1d 1h 32m";"-183.12"
"472";"USTEC_ICM_UTC2";"Buy";"6672.6";"6590.1";"2019.01.22 20:00:00";"2019.01.23 19:08:00";"30.0";"-2658.12";"6590.10010";"6755.10010";"-119048.09";"0.00";"IST";"SL";"23h 8m";"-183.12"
"473";"USTEC_ICM_UTC2";"Buy";"6623.2";"6705.7";"2019.01.23 20:00:00";"2019.01.24 17:16:00";"30.0";"2291.88";"6540.70020";"6705.70020";"-116756.21";"0.00";"IST";"PT";"21h 16m";"-183.12"
"474";"USTEC_ICM_UTC2";"Buy";"6700.7";"6783.2";"2019.01.24 19:00:00";"2019.01.25 18:07:00";"30.0";"2291.88";"6618.20020";"6783.20020";"-114464.33";"0.00";"IST";"PT";"23h 7m";"-183.12"
"475";"USTEC_ICM_UTC2";"Buy";"6794.4";"6778.4";"2019.01.25 20:45:00";"2019.01.25 22:55:00";"30.0";"-480.00";"6711.89990";"6876.89990";"-114944.33";"0.00";"IST";"End Of Friday (Time)";"2h 10m";"-0.00"
"476";"USTEC_ICM_UTC2";"Buy";"6687.9";"6770.4";"2019.01.28 17:45:00";"2019.01.30 21:00:00";"30.0";"2108.76";"6605.39990";"6770.39990";"-112835.57";"0.00";"IST";"PT";"2d 3h 15m";"-366.24"
"477";"USTEC_ICM_UTC2";"Buy";"6869.2";"6870.9";"2019.01.31 17:00:00";"2019.02.01 22:55:00";"30.0";"-132.12";"6786.70020";"6951.70020";"-112967.69";"0.00";"IST";"End Of Friday (Time)";"1d 5h 55m";"-183.12"
"478";"USTEC_ICM_UTC2";"Buy";"6950.8";"7033.3";"2019.02.04 21:00:00";"2019.02.06 16:33:00";"30.0";"2108.76";"6868.29980";"7033.29980";"-110858.93";"0.00";"IST";"PT";"1d 19h 33m";"-366.24"
"479";"USTEC_ICM_UTC2";"Buy";"7015.1";"6932.6";"2019.02.06 18:00:00";"2019.02.07 16:30:00";"30.0";"-2658.12";"6932.60010";"7097.60010";"-113517.05";"0.00";"IST";"SL";"22h 30m";"-183.12"
"480";"USTEC_ICM_UTC2";"Buy";"6947.1";"6864.6";"2019.02.07 17:30:00";"2019.02.07 18:34:00";"30.0";"-2475.00";"6864.60010";"7029.60010";"-115992.05";"0.00";"IST";"SL";"1h 4m";"-0.00"
"481";"USTEC_ICM_UTC2";"Buy";"6851.1";"6893.8";"2019.02.08 19:15:00";"2019.02.08 22:55:00";"30.0";"1281.00";"6768.60010";"6933.60010";"-114711.05";"0.00";"IST";"End Of Friday (Time)";"3h 40m";"-0.00"
"482";"USTEC_ICM_UTC2";"Buy";"6924.4";"7006.9";"2019.02.11 17:00:00";"2019.02.12 18:00:00";"30.0";"2291.88";"6841.89990";"7006.89990";"-112419.17";"0.00";"IST";"PT";"1d 1h 0m";"-183.12"
"483";"USTEC_ICM_UTC2";"Buy";"7002.8";"7085.3";"2019.02.12 20:00:00";"2019.02.15 16:28:00";"30.0";"1925.64";"6920.29980";"7085.29980";"-110493.53";"0.00";"IST";"PT";"2d 20h 28m";"-549.36"
"484";"USTEC_ICM_UTC2";"Buy";"7054.5";"7044.3";"2019.02.15 17:45:00";"2019.02.15 22:55:00";"30.0";"-306.00";"6972.00000";"7137.00000";"-110799.53";"0.00";"IST";"End Of Friday (Time)";"5h 10m";"-0.00"
"485";"USTEC_ICM_UTC2";"Buy";"7071.8";"7076.1";"2019.02.18 19:30:00";"2019.02.22 22:55:00";"30.0";"-603.48";"6989.29980";"7154.29980";"-111403.01";"0.00";"IST";"End Of Friday (Time)";"4d 3h 25m";"-732.48"
"486";"USTEC_ICM_UTC2";"Buy";"7158.7";"7076.2";"2019.02.25 18:15:00";"2019.02.26 04:27:00";"30.0";"-2658.12";"7076.20020";"7241.20020";"-114061.13";"0.00";"IST";"SL";"10h 12m";"-183.12"
"487";"USTEC_ICM_UTC2";"Buy";"7093.9";"7149.2";"2019.02.26 16:30:00";"2019.03.01 22:55:00";"30.0";"1109.64";"7011.39990";"7176.39990";"-112951.49";"0.00";"IST";"End Of Friday (Time)";"3d 6h 25m";"-549.36"
"488";"USTEC_ICM_UTC2";"Buy";"7096.2";"7013.7";"2019.03.04 20:00:00";"2019.03.07 21:41:00";"30.0";"-3024.36";"7013.70020";"7178.70020";"-115975.85";"0.00";"IST";"SL";"3d 1h 41m";"-549.36"
"489";"USTEC_ICM_UTC2";"Buy";"7010.8";"7010.4";"2019.03.07 22:00:00";"2019.03.08 22:55:00";"30.0";"-195.12";"6928.29980";"7093.29980";"-116170.97";"0.00";"IST";"End Of Friday (Time)";"1d 0h 55m";"-183.12"
"490";"USTEC_ICM_UTC2";"Buy";"7155.7";"7238.2";"2019.03.11 19:45:00";"2019.03.13 15:24:00";"30.0";"2108.76";"7073.20020";"7238.20020";"-114062.21";"0.00";"IST";"PT";"1d 19h 39m";"-366.24"
"491";"USTEC_ICM_UTC2";"Buy";"7273.1";"7355.6";"2019.03.13 19:00:00";"2019.03.19 12:52:00";"30.0";"1376.28";"7190.60010";"7355.60010";"-112685.93";"0.00";"IST";"PT";"5d 17h 52m";"-1098.72"
"492";"USTEC_ICM_UTC2";"Buy";"7350.8";"7433.3";"2019.03.19 16:30:00";"2019.03.21 16:53:00";"30.0";"2108.76";"7268.29980";"7433.29980";"-110577.17";"0.00";"IST";"PT";"2d 0h 23m";"-366.24"
"493";"USTEC_ICM_UTC2";"Buy";"7455.3";"7372.8";"2019.03.21 19:15:00";"2019.03.22 17:46:00";"30.0";"-2658.12";"7372.79980";"7537.79980";"-113235.29";"0.00";"IST";"SL";"22h 31m";"-183.12"
"494";"USTEC_ICM_UTC2";"Buy";"7348.9";"7266.4";"2019.03.22 18:45:00";"2019.03.25 03:02:00";"30.0";"-3024.36";"7266.39990";"7431.39990";"-116259.65";"0.00";"IST";"SL";"2d 8h 17m";"-549.36"
"495";"USTEC_ICM_UTC2";"Buy";"7313.3";"7395.8";"2019.03.25 17:00:00";"2019.03.26 15:45:00";"30.0";"2291.88";"7230.79980";"7395.79980";"-113967.77";"0.00";"IST";"PT";"22h 45m";"-183.12"
"496";"USTEC_ICM_UTC2";"Buy";"7353.9";"7271.4";"2019.03.26 18:45:00";"2019.03.27 17:34:00";"30.0";"-2658.12";"7271.39990";"7436.39990";"-116625.89";"0.00";"IST";"SL";"22h 49m";"-183.12"
"497";"USTEC_ICM_UTC2";"Buy";"7282.9";"7365.4";"2019.03.27 18:30:00";"2019.03.29 15:01:00";"30.0";"2108.76";"7200.39990";"7365.39990";"-114517.13";"0.00";"IST";"PT";"1d 20h 31m";"-366.24"
"498";"USTEC_ICM_UTC2";"Buy";"7367.5";"7450.0";"2019.03.29 16:30:00";"2019.04.01 05:12:00";"30.0";"1925.64";"7285.00000";"7450.00000";"-112591.49";"0.00";"IST";"PT";"2d 12h 42m";"-549.36"
"499";"USTEC_ICM_UTC2";"Buy";"7441.4";"7523.9";"2019.04.01 16:45:00";"2019.04.03 03:55:00";"30.0";"2108.76";"7358.89990";"7523.89990";"-110482.73";"0.00";"IST";"PT";"1d 11h 10m";"-366.24"
"500";"USTEC_ICM_UTC2";"Buy";"7542.3";"7573.3";"2019.04.03 16:45:00";"2019.04.05 22:55:00";"30.0";"563.76";"7459.79980";"7624.79980";"-109918.97";"0.00";"IST";"End Of Friday (Time)";"2d 6h 10m";"-366.24"
"501";"USTEC_ICM_UTC2";"Buy";"7551.5";"7634.0";"2019.04.08 17:00:00";"2019.04.11 04:31:00";"30.0";"1925.64";"7469.00000";"7634.00000";"-107993.33";"0.00";"IST";"PT";"2d 11h 31m";"-549.36"
"502";"USTEC_ICM_UTC2";"Buy";"7622.9";"7620.0";"2019.04.11 16:30:00";"2019.04.12 22:55:00";"30.0";"-270.12";"7540.39990";"7705.39990";"-108263.45";"0.00";"IST";"End Of Friday (Time)";"1d 6h 25m";"-183.12"
"503";"USTEC_ICM_UTC2";"Buy";"7602.2";"7684.7";"2019.04.15 18:15:00";"2019.04.17 15:03:00";"30.0";"2108.76";"7519.70020";"7684.70020";"-106154.69";"0.00";"IST";"PT";"1d 20h 48m";"-366.24"
"504";"USTEC_ICM_UTC2";"Buy";"7689.0";"7771.5";"2019.04.17 17:45:00";"2019.04.23 17:04:00";"30.0";"1376.28";"7606.50000";"7771.50000";"-104778.41";"0.00";"IST";"PT";"5d 23h 19m";"-1098.72"
"505";"USTEC_ICM_UTC2";"Buy";"7809.6";"7812.9";"2019.04.23 21:30:00";"2019.04.26 22:55:00";"30.0";"-450.36";"7727.10010";"7892.10010";"-105228.77";"0.00";"IST";"End Of Friday (Time)";"3d 1h 25m";"-549.36"
"506";"USTEC_ICM_UTC2";"Buy";"7837.8";"7755.3";"2019.04.29 19:30:00";"2019.04.30 17:58:00";"30.0";"-2658.12";"7755.29980";"7920.29980";"-107886.89";"0.00";"IST";"SL";"22h 28m";"-183.12"
"507";"USTEC_ICM_UTC2";"Buy";"7757.9";"7840.4";"2019.04.30 19:00:00";"2019.05.01 05:46:00";"30.0";"2291.88";"7675.39990";"7840.39990";"-105595.01";"0.00";"IST";"PT";"10h 46m";"-183.12"
"508";"USTEC_ICM_UTC2";"Buy";"7824.0";"7741.5";"2019.05.01 16:45:00";"2019.05.01 23:01:00";"30.0";"-2475.00";"7741.50000";"7906.50000";"-108070.01";"0.00";"IST";"SL";"6h 16m";"-0.00"
"509";"USTEC_ICM_UTC2";"Buy";"7761.6";"7679.1";"2019.05.02 16:45:00";"2019.05.02 18:47:00";"30.0";"-2475.00";"7679.10010";"7844.10010";"-110545.01";"0.00";"IST";"SL";"2h 2m";"-0.00"
"510";"USTEC_ICM_UTC2";"Buy";"7829.8";"7845.1";"2019.05.03 19:30:00";"2019.05.03 22:55:00";"30.0";"459.00";"7747.29980";"7912.29980";"-110086.01";"0.00";"IST";"End Of Friday (Time)";"3h 25m";"-0.00"
"511";"USTEC_ICM_UTC2";"Buy";"7674.6";"7757.1";"2019.05.06 16:30:00";"2019.05.06 17:51:00";"30.0";"2475.00";"7592.10010";"7757.10010";"-107611.01";"0.00";"IST";"PT";"1h 21m";"-0.00"
"512";"USTEC_ICM_UTC2";"Buy";"7697.6";"7615.1";"2019.05.07 17:00:00";"2019.05.07 20:21:00";"30.0";"-2475.00";"7615.10010";"7780.10010";"-110086.01";"0.00";"IST";"SL";"3h 21m";"-0.00"
"513";"USTEC_ICM_UTC2";"Buy";"7660.4";"7577.9";"2019.05.08 19:45:00";"2019.05.09 05:47:00";"30.0";"-2658.12";"7577.89990";"7742.89990";"-112744.13";"0.00";"IST";"SL";"10h 2m";"-183.12"
"514";"USTEC_ICM_UTC2";"Buy";"7519.5";"7602.0";"2019.05.09 16:45:00";"2019.05.09 19:41:00";"30.0";"2475.00";"7437.00000";"7602.00000";"-110269.13";"0.00";"IST";"PT";"2h 56m";"-0.00"
"515";"USTEC_ICM_UTC2";"Buy";"7436.7";"7519.2";"2019.05.10 18:45:00";"2019.05.10 19:53:00";"30.0";"2475.00";"7354.20020";"7519.20020";"-107794.13";"0.00";"IST";"PT";"1h 8m";"-0.00"
"516";"USTEC_ICM_UTC2";"Buy";"7381.4";"7298.9";"2019.05.13 17:45:00";"2019.05.14 01:00:00";"30.0";"-2658.12";"7298.89990";"7463.89990";"-110452.25";"0.00";"IST";"SL";"7h 15m";"-183.12"
"517";"USTEC_ICM_UTC2";"Buy";"7353.5";"7436.0";"2019.05.14 17:00:00";"2019.05.14 18:50:00";"30.0";"2475.00";"7271.00000";"7436.00000";"-107977.25";"0.00";"IST";"PT";"1h 50m";"-0.00"
"518";"USTEC_ICM_UTC2";"Buy";"7354.1";"7436.6";"2019.05.15 16:30:00";"2019.05.15 17:15:00";"30.0";"2475.00";"7271.60010";"7436.60010";"-105502.25";"0.00";"IST";"PT";"45m 0s";"-0.00"
"519";"USTEC_ICM_UTC2";"Buy";"7566.4";"7504.6";"2019.05.16 17:00:00";"2019.05.17 22:55:00";"30.0";"-2037.12";"7483.89990";"7648.89990";"-107539.37";"0.00";"IST";"End Of Friday (Time)";"1d 5h 55m";"-183.12"
"520";"USTEC_ICM_UTC2";"Buy";"7396.0";"7313.5";"2019.05.20 20:45:00";"2019.05.23 12:42:00";"30.0";"-3024.36";"7313.50000";"7478.50000";"-110563.73";"0.00";"IST";"SL";"2d 15h 57m";"-549.36"
"521";"USTEC_ICM_UTC2";"Buy";"7314.6";"7300.3";"2019.05.23 17:30:00";"2019.05.24 22:55:00";"30.0";"-612.12";"7232.10010";"7397.10010";"-111175.85";"0.00";"IST";"End Of Friday (Time)";"1d 5h 25m";"-183.12"
"522";"USTEC_ICM_UTC2";"Buy";"7306.0";"7223.5";"2019.05.27 17:15:00";"2019.05.29 09:21:00";"30.0";"-2841.24";"7223.50000";"7388.50000";"-114017.09";"0.00";"IST";"SL";"1d 16h 6m";"-366.24"
"523";"USTEC_ICM_UTC2";"Buy";"7231.4";"7148.9";"2019.05.29 16:30:00";"2019.05.31 10:52:00";"30.0";"-2841.24";"7148.89990";"7313.89990";"-116858.33";"0.00";"IST";"SL";"1d 18h 22m";"-366.24"
"524";"USTEC_ICM_UTC2";"Buy";"7157.6";"7134.0";"2019.05.31 17:30:00";"2019.05.31 22:55:00";"30.0";"-708.00";"7075.10010";"7240.10010";"-117566.33";"0.00";"IST";"End Of Friday (Time)";"5h 25m";"-0.00"
"525";"USTEC_ICM_UTC2";"Buy";"7081.8";"6999.3";"2019.06.03 17:45:00";"2019.06.03 19:24:00";"30.0";"-2475.00";"6999.29980";"7164.29980";"-120041.33";"0.00";"IST";"SL";"1h 39m";"-0.00"
"526";"USTEC_ICM_UTC2";"Buy";"7081.0";"7163.5";"2019.06.04 17:30:00";"2019.06.04 22:57:00";"30.0";"2475.00";"6998.50000";"7163.50000";"-117566.33";"0.00";"IST";"PT";"5h 27m";"-0.00"
"527";"USTEC_ICM_UTC2";"Buy";"7233.8";"7151.3";"2019.06.05 16:30:00";"2019.06.05 17:49:00";"30.0";"-2475.00";"7151.29980";"7316.29980";"-120041.33";"0.00";"IST";"SL";"1h 19m";"-0.00"
"528";"USTEC_ICM_UTC2";"Buy";"7222.1";"7304.6";"2019.06.06 16:45:00";"2019.06.07 11:10:00";"30.0";"2291.88";"7139.60010";"7304.60010";"-117749.45";"0.00";"IST";"PT";"18h 25m";"-183.12"
"529";"USTEC_ICM_UTC2";"Buy";"7419.9";"7412.9";"2019.06.07 19:15:00";"2019.06.07 22:55:00";"30.0";"-210.00";"7337.39990";"7502.39990";"-117959.45";"0.00";"IST";"End Of Friday (Time)";"3h 40m";"-0.00"
"530";"USTEC_ICM_UTC2";"Buy";"7505.9";"7588.4";"2019.06.10 16:45:00";"2019.06.11 16:30:00";"30.0";"2291.88";"7423.39990";"7588.39990";"-115667.57";"0.00";"IST";"PT";"23h 45m";"-183.12"
"531";"USTEC_ICM_UTC2";"Buy";"7574.0";"7491.5";"2019.06.11 17:30:00";"2019.06.11 19:54:00";"30.0";"-2475.00";"7491.50000";"7656.50000";"-118142.57";"0.00";"IST";"SL";"2h 24m";"-0.00"
"532";"USTEC_ICM_UTC2";"Buy";"7472.4";"7489.0";"2019.06.12 18:15:00";"2019.06.14 22:55:00";"30.0";"131.76";"7389.89990";"7554.89990";"-118010.81";"0.00";"IST";"End Of Friday (Time)";"2d 4h 40m";"-366.24"
"533";"USTEC_ICM_UTC2";"Buy";"7495.0";"7577.5";"2019.06.17 16:30:00";"2019.06.18 11:40:00";"30.0";"2291.88";"7412.50000";"7577.50000";"-115718.93";"0.00";"IST";"PT";"19h 10m";"-183.12"
"534";"USTEC_ICM_UTC2";"Buy";"7650.8";"7733.3";"2019.06.18 16:45:00";"2019.06.20 06:48:00";"30.0";"2108.76";"7568.29980";"7733.29980";"-113610.17";"0.00";"IST";"PT";"1d 14h 3m";"-366.24"
"535";"USTEC_ICM_UTC2";"Buy";"7736.5";"7731.3";"2019.06.20 17:30:00";"2019.06.21 22:55:00";"30.0";"-339.12";"7654.00000";"7819.00000";"-113949.29";"0.00";"IST";"End Of Friday (Time)";"1d 5h 25m";"-183.12"
"536";"USTEC_ICM_UTC2";"Buy";"7736.5";"7654.0";"2019.06.24 16:45:00";"2019.06.25 17:56:00";"30.0";"-2658.12";"7654.00000";"7819.00000";"-116607.41";"0.00";"IST";"SL";"1d 1h 11m";"-183.12"
"537";"USTEC_ICM_UTC2";"Buy";"7660.1";"7649.8";"2019.06.25 18:00:00";"2019.06.28 22:55:00";"30.0";"-858.36";"7577.60010";"7742.60010";"-117465.77";"0.00";"IST";"End Of Friday (Time)";"3d 4h 55m";"-549.36"
"538";"USTEC_ICM_UTC2";"Buy";"7812.1";"7834.8";"2019.07.01 16:30:00";"2019.07.05 22:55:00";"30.0";"-51.48";"7729.60010";"7894.60010";"-117517.25";"0.00";"IST";"End Of Friday (Time)";"4d 6h 25m";"-732.48"
"539";"USTEC_ICM_UTC2";"Buy";"7766.1";"7848.6";"2019.07.08 16:45:00";"2019.07.10 15:33:00";"30.0";"2108.76";"7683.60010";"7848.60010";"-115408.49";"0.00";"IST";"PT";"1d 22h 48m";"-366.24"
"540";"USTEC_ICM_UTC2";"Buy";"7872.6";"7938.2";"2019.07.10 18:15:00";"2019.07.12 22:55:00";"30.0";"1601.76";"7790.10010";"7955.10010";"-113806.73";"0.00";"IST";"End Of Friday (Time)";"2d 4h 40m";"-366.24"
"541";"USTEC_ICM_UTC2";"Buy";"7951.7";"7869.2";"2019.07.15 17:30:00";"2019.07.17 23:07:00";"30.0";"-2841.24";"7869.20020";"8034.20020";"-116647.97";"0.00";"IST";"SL";"2d 5h 37m";"-366.24"
"542";"USTEC_ICM_UTC2";"Buy";"7846.9";"7931.9";"2019.07.18 19:30:00";"2019.07.19 01:00:00";"30.0";"2365.98";"7764.39990";"7929.39990";"-114281.99";"0.00";"IST";"PT";"5h 30m";"-183.12"
"543";"USTEC_ICM_UTC2";"Buy";"7915.3";"7846.7";"2019.07.19 18:30:00";"2019.07.19 22:55:00";"30.0";"-2058.00";"7832.79980";"7997.79980";"-116339.99";"0.00";"IST";"End Of Friday (Time)";"4h 25m";"-0.00"
"544";"USTEC_ICM_UTC2";"Buy";"7881.8";"7964.3";"2019.07.22 18:30:00";"2019.07.23 23:09:00";"30.0";"2291.88";"7799.29980";"7964.29980";"-114048.11";"0.00";"IST";"PT";"1d 4h 39m";"-183.12"
"545";"USTEC_ICM_UTC2";"Buy";"7969.8";"8022.1";"2019.07.24 19:30:00";"2019.07.26 22:55:00";"30.0";"1202.76";"7887.29980";"8052.29980";"-112845.35";"0.00";"IST";"End Of Friday (Time)";"2d 3h 25m";"-366.24"
"546";"USTEC_ICM_UTC2";"Buy";"7960.1";"7877.6";"2019.07.29 18:00:00";"2019.07.31 21:45:00";"30.0";"-2841.24";"7877.60010";"8042.60010";"-115686.59";"0.00";"IST";"SL";"2d 3h 45m";"-366.24"
"547";"USTEC_ICM_UTC2";"Buy";"7896.0";"7813.5";"2019.07.31 22:30:00";"2019.08.01 01:01:00";"30.0";"-2658.12";"7813.50000";"7978.50000";"-118344.71";"0.00";"IST";"SL";"2h 31m";"-183.12"
"548";"USTEC_ICM_UTC2";"Buy";"7985.8";"7903.3";"2019.08.01 20:00:00";"2019.08.01 20:34:00";"30.0";"-2475.00";"7903.29980";"8068.29980";"-120819.71";"0.00";"IST";"SL";"34m 0s";"-0.00"
"549";"USTEC_ICM_UTC2";"Buy";"7675.3";"7679.5";"2019.08.02 18:30:00";"2019.08.02 22:55:00";"30.0";"126.00";"7592.79980";"7757.79980";"-120693.71";"0.00";"IST";"End Of Friday (Time)";"4h 25m";"-0.00"
"550";"USTEC_ICM_UTC2";"Buy";"7531.6";"7449.1";"2019.08.05 16:30:00";"2019.08.05 19:01:00";"30.0";"-2475.00";"7449.10010";"7614.10010";"-123168.71";"0.00";"IST";"SL";"2h 31m";"-0.00"
"551";"USTEC_ICM_UTC2";"Buy";"7483.7";"7401.2";"2019.08.06 16:30:00";"2019.08.07 16:45:00";"30.0";"-2658.12";"7401.20020";"7566.20020";"-125826.83";"0.00";"IST";"SL";"1d 0h 15m";"-183.12"
"552";"USTEC_ICM_UTC2";"Buy";"7484.1";"7566.6";"2019.08.07 20:00:00";"2019.08.07 22:39:00";"30.0";"2475.00";"7401.60010";"7566.60010";"-123351.83";"0.00";"IST";"PT";"2h 39m";"-0.00"
"553";"USTEC_ICM_UTC2";"Buy";"7698.8";"7616.3";"2019.08.08 21:15:00";"2019.08.09 17:34:00";"30.0";"-2658.12";"7616.29980";"7781.29980";"-126009.95";"0.00";"IST";"SL";"20h 19m";"-183.12"
"554";"USTEC_ICM_UTC2";"Buy";"7637.5";"7659.1";"2019.08.09 18:15:00";"2019.08.09 22:55:00";"30.0";"648.00";"7555.00000";"7720.00000";"-125361.95";"0.00";"IST";"End Of Friday (Time)";"4h 40m";"-0.00"
"555";"USTEC_ICM_UTC2";"Buy";"7585.3";"7667.8";"2019.08.12 20:45:00";"2019.08.13 16:46:00";"30.0";"2291.88";"7502.79980";"7667.79980";"-123070.07";"0.00";"IST";"PT";"20h 1m";"-183.12"
"556";"USTEC_ICM_UTC2";"Buy";"7737.6";"7655.1";"2019.08.13 19:15:00";"2019.08.14 13:18:00";"30.0";"-2658.12";"7655.10010";"7820.10010";"-125728.19";"0.00";"IST";"SL";"18h 3m";"-183.12"
"557";"USTEC_ICM_UTC2";"Buy";"7517.2";"7434.7";"2019.08.14 19:00:00";"2019.08.15 12:49:00";"30.0";"-2658.12";"7434.70020";"7599.70020";"-128386.31";"0.00";"IST";"SL";"17h 49m";"-183.12"
"558";"USTEC_ICM_UTC2";"Buy";"7489.8";"7572.3";"2019.08.15 17:30:00";"2019.08.16 11:34:00";"30.0";"2291.88";"7407.29980";"7572.29980";"-126094.43";"0.00";"IST";"PT";"18h 4m";"-183.12"
"559";"USTEC_ICM_UTC2";"Buy";"7562.8";"7609.9";"2019.08.16 17:00:00";"2019.08.16 22:55:00";"30.0";"1413.00";"7480.29980";"7645.29980";"-124681.43";"0.00";"IST";"End Of Friday (Time)";"5h 55m";"-0.00"
"560";"USTEC_ICM_UTC2";"Buy";"7717.0";"7634.5";"2019.08.19 18:00:00";"2019.08.23 15:26:00";"30.0";"-3207.48";"7634.50000";"7799.50000";"-127888.91";"0.00";"IST";"SL";"3d 21h 26m";"-732.48"
"561";"USTEC_ICM_UTC2";"Buy";"7528.5";"7450.1";"2019.08.23 19:45:00";"2019.08.23 22:55:00";"30.0";"-2352.00";"7446.00000";"7611.00000";"-130240.91";"0.00";"IST";"End Of Friday (Time)";"3h 10m";"-0.00"
"562";"USTEC_ICM_UTC2";"Buy";"7524.6";"7607.1";"2019.08.26 17:30:00";"2019.08.27 14:08:00";"30.0";"2291.88";"7442.10010";"7607.10010";"-127949.03";"0.00";"IST";"PT";"20h 38m";"-183.12"
"563";"USTEC_ICM_UTC2";"Buy";"7587.8";"7505.3";"2019.08.27 18:15:00";"2019.08.28 16:35:00";"30.0";"-2658.12";"7505.29980";"7670.29980";"-130607.15";"0.00";"IST";"SL";"22h 20m";"-183.12"
"564";"USTEC_ICM_UTC2";"Buy";"7564.4";"7646.9";"2019.08.28 20:15:00";"2019.08.29 10:14:00";"30.0";"2291.88";"7481.89990";"7646.89990";"-128315.27";"0.00";"IST";"PT";"13h 59m";"-183.12"
"565";"USTEC_ICM_UTC2";"Buy";"7702.1";"7675.8";"2019.08.29 16:45:00";"2019.08.30 22:55:00";"30.0";"-972.12";"7619.60010";"7784.60010";"-129287.39";"0.00";"IST";"End Of Friday (Time)";"1d 6h 10m";"-183.12"
"566";"USTEC_ICM_UTC2";"Buy";"7642.6";"7725.1";"2019.09.02 17:00:00";"2019.09.05 03:04:00";"30.0";"1925.64";"7560.10010";"7725.10010";"-127361.75";"0.00";"IST";"PT";"2d 10h 4m";"-549.36"
"567";"USTEC_ICM_UTC2";"Buy";"7848.9";"7852.9";"2019.09.05 19:00:00";"2019.09.06 22:55:00";"30.0";"-63.12";"7766.39990";"7931.39990";"-127424.87";"0.00";"IST";"End Of Friday (Time)";"1d 3h 55m";"-183.12"
"568";"USTEC_ICM_UTC2";"Buy";"7870.0";"7787.5";"2019.09.09 18:00:00";"2019.09.10 10:41:00";"30.0";"-2658.12";"7787.50000";"7952.50000";"-130082.99";"0.00";"IST";"SL";"16h 41m";"-183.12"
"569";"USTEC_ICM_UTC2";"Buy";"7775.5";"7858.0";"2019.09.10 17:45:00";"2019.09.11 17:13:00";"30.0";"2291.88";"7693.00000";"7858.00000";"-127791.11";"0.00";"IST";"PT";"23h 28m";"-183.12"
"570";"USTEC_ICM_UTC2";"Buy";"7872.6";"7955.1";"2019.09.11 20:45:00";"2019.09.12 17:10:00";"30.0";"2291.88";"7790.10010";"7955.10010";"-125499.23";"0.00";"IST";"PT";"20h 25m";"-183.12"
"571";"USTEC_ICM_UTC2";"Buy";"7940.7";"7895.0";"2019.09.12 18:45:00";"2019.09.13 22:55:00";"30.0";"-1554.12";"7858.20020";"8023.20020";"-127053.35";"0.00";"IST";"End Of Friday (Time)";"1d 4h 10m";"-183.12"
"572";"USTEC_ICM_UTC2";"Buy";"7855.1";"7937.6";"2019.09.16 16:45:00";"2019.09.19 16:38:00";"30.0";"1925.64";"7772.60010";"7937.60010";"-125127.71";"0.00";"IST";"PT";"2d 23h 53m";"-549.36"
"573";"USTEC_ICM_UTC2";"Buy";"7928.1";"7845.6";"2019.09.19 19:00:00";"2019.09.20 20:13:00";"30.0";"-2658.12";"7845.60010";"8010.60010";"-127785.83";"0.00";"IST";"SL";"1d 1h 13m";"-183.12"
"574";"USTEC_ICM_UTC2";"Buy";"7832.3";"7829.9";"2019.09.20 20:30:00";"2019.09.20 22:55:00";"30.0";"-72.00";"7749.79980";"7914.79980";"-127857.83";"0.00";"IST";"End Of Friday (Time)";"2h 25m";"-0.00"
"575";"USTEC_ICM_UTC2";"Buy";"7820.9";"7738.4";"2019.09.23 18:30:00";"2019.09.24 19:23:00";"30.0";"-2658.12";"7738.39990";"7903.39990";"-130515.95";"0.00";"IST";"SL";"1d 0h 53m";"-183.12"
"576";"USTEC_ICM_UTC2";"Buy";"7728.6";"7646.1";"2019.09.24 19:30:00";"2019.09.25 17:01:00";"30.0";"-2658.12";"7646.10010";"7811.10010";"-133174.08";"0.00";"IST";"SL";"21h 31m";"-183.12"
"577";"USTEC_ICM_UTC2";"Buy";"7695.6";"7778.1";"2019.09.25 17:30:00";"2019.09.25 21:13:00";"30.0";"2475.00";"7613.10010";"7778.10010";"-130699.07";"0.00";"IST";"PT";"3h 43m";"-0.00"
"578";"USTEC_ICM_UTC2";"Buy";"7754.5";"7672.0";"2019.09.26 17:00:00";"2019.09.27 20:00:00";"30.0";"-2658.12";"7672.00000";"7837.00000";"-133357.19";"0.00";"IST";"SL";"1d 3h 0m";"-183.12"
"579";"USTEC_ICM_UTC2";"Buy";"7683.1";"7677.7";"2019.09.27 21:00:00";"2019.09.27 22:55:00";"30.0";"-162.00";"7600.60010";"7765.60010";"-133519.19";"0.00";"IST";"End Of Friday (Time)";"1h 55m";"-0.00"
"580";"USTEC_ICM_UTC2";"Buy";"7708.2";"7790.7";"2019.09.30 16:30:00";"2019.10.01 04:02:00";"30.0";"2291.88";"7625.70020";"7790.70020";"-131227.31";"0.00";"IST";"PT";"11h 32m";"-183.12"
"581";"USTEC_ICM_UTC2";"Buy";"7725.9";"7643.4";"2019.10.01 18:45:00";"2019.10.02 10:32:00";"30.0";"-2658.12";"7643.39990";"7808.39990";"-133885.44";"0.00";"IST";"SL";"15h 47m";"-183.12"
"582";"USTEC_ICM_UTC2";"Buy";"7597.7";"7515.2";"2019.10.02 16:45:00";"2019.10.02 19:47:00";"30.0";"-2475.00";"7515.20020";"7680.20020";"-136360.44";"0.00";"IST";"SL";"3h 2m";"-0.00"
"583";"USTEC_ICM_UTC2";"Buy";"7587.9";"7670.4";"2019.10.03 18:30:00";"2019.10.04 15:31:00";"30.0";"2291.88";"7505.39990";"7670.39990";"-134068.55";"0.00";"IST";"PT";"21h 1m";"-183.12"
"584";"USTEC_ICM_UTC2";"Buy";"7708.8";"7754.1";"2019.10.04 18:15:00";"2019.10.04 22:55:00";"30.0";"1359.00";"7626.29980";"7791.29980";"-132709.55";"0.00";"IST";"End Of Friday (Time)";"4h 40m";"-0.00"
"585";"USTEC_ICM_UTC2";"Buy";"7720.1";"7637.6";"2019.10.07 16:45:00";"2019.10.08 16:51:00";"30.0";"-2658.12";"7637.60010";"7802.60010";"-135367.67";"0.00";"IST";"SL";"1d 0h 6m";"-183.12"
"586";"USTEC_ICM_UTC2";"Buy";"7639.8";"7722.3";"2019.10.08 17:45:00";"2019.10.10 16:50:00";"30.0";"2108.76";"7557.29980";"7722.29980";"-133258.91";"0.00";"IST";"PT";"1d 23h 5m";"-366.24"
"587";"USTEC_ICM_UTC2";"Buy";"7733.5";"7816.0";"2019.10.10 20:15:00";"2019.10.11 11:29:00";"30.0";"2291.88";"7651.00000";"7816.00000";"-130967.03";"0.00";"IST";"PT";"15h 14m";"-183.12"
"588";"USTEC_ICM_UTC2";"Buy";"7855.3";"7853.3";"2019.10.11 16:45:00";"2019.10.11 22:55:00";"30.0";"-60.00";"7772.79980";"7937.79980";"-131027.03";"0.00";"IST";"End Of Friday (Time)";"6h 10m";"-0.00"
"589";"USTEC_ICM_UTC2";"Buy";"7847.6";"7930.1";"2019.10.14 20:30:00";"2019.10.15 17:40:00";"30.0";"2291.88";"7765.10010";"7930.10010";"-128735.15";"0.00";"IST";"PT";"21h 10m";"-183.12"
"590";"USTEC_ICM_UTC2";"Buy";"7945.4";"7862.9";"2019.10.15 20:15:00";"2019.10.18 18:57:00";"30.0";"-3024.36";"7862.89990";"8027.89990";"-131759.52";"0.00";"IST";"SL";"2d 22h 42m";"-549.36"
"591";"USTEC_ICM_UTC2";"Buy";"7857.9";"7886.0";"2019.10.18 19:00:00";"2019.10.18 22:55:00";"30.0";"843.00";"7775.39990";"7940.39990";"-130916.52";"0.00";"IST";"End Of Friday (Time)";"3h 55m";"-0.00"
"592";"USTEC_ICM_UTC2";"Buy";"7918.3";"7835.8";"2019.10.21 17:45:00";"2019.10.23 01:00:00";"30.0";"-2841.24";"7835.79980";"8000.79980";"-133757.75";"0.00";"IST";"SL";"1d 7h 15m";"-366.24"
"593";"USTEC_ICM_UTC2";"Buy";"7879.3";"7961.8";"2019.10.23 20:00:00";"2019.10.24 18:32:00";"30.0";"2291.88";"7796.79980";"7961.79980";"-131465.88";"0.00";"IST";"PT";"22h 32m";"-183.12"
"594";"USTEC_ICM_UTC2";"Buy";"7957.2";"8022.3";"2019.10.24 20:00:00";"2019.10.25 22:55:00";"30.0";"1769.88";"7874.70020";"8039.70020";"-129695.99";"0.00";"IST";"End Of Friday (Time)";"1d 2h 55m";"-183.12"
"595";"USTEC_ICM_UTC2";"Buy";"8105.0";"8022.5";"2019.10.28 18:00:00";"2019.10.30 16:03:00";"30.0";"-2841.24";"8022.50000";"8187.50000";"-132537.23";"0.00";"IST";"SL";"1d 22h 3m";"-366.24"
"596";"USTEC_ICM_UTC2";"Buy";"8048.6";"8131.1";"2019.10.30 16:45:00";"2019.11.01 15:53:00";"30.0";"2108.76";"7966.10010";"8131.10010";"-130428.47";"0.00";"IST";"PT";"1d 23h 8m";"-366.24"
"597";"USTEC_ICM_UTC2";"Buy";"8116.5";"8199.0";"2019.11.01 18:15:00";"2019.11.04 12:02:00";"30.0";"1925.64";"8034.00000";"8199.00000";"-128502.83";"0.00";"IST";"PT";"2d 17h 47m";"-549.36"
"598";"USTEC_ICM_UTC2";"Buy";"8212.4";"8248.4";"2019.11.04 17:45:00";"2019.11.08 22:55:00";"30.0";"347.52";"8129.89990";"8294.90039";"-128155.31";"0.00";"IST";"End Of Friday (Time)";"4d 5h 10m";"-732.48"
"599";"USTEC_ICM_UTC2";"Buy";"8223.6";"8306.1";"2019.11.11 17:15:00";"2019.11.15 16:28:00";"30.0";"1742.52";"8141.10010";"8306.09961";"-126412.79";"0.00";"IST";"PT";"3d 23h 13m";"-732.48"
"600";"USTEC_ICM_UTC2";"Buy";"8302.3";"8307.9";"2019.11.15 17:45:00";"2019.11.15 22:55:00";"30.0";"168.03";"8219.79980";"8384.79980";"-126244.77";"0.00";"IST";"End Of Friday (Time)";"5h 10m";"-0.00"
"601";"USTEC_ICM_UTC2";"Buy";"8283.4";"8365.9";"2019.11.18 17:30:00";"2019.11.19 13:04:00";"30.0";"2291.88";"8200.90039";"8365.90039";"-123952.88";"0.00";"IST";"PT";"19h 34m";"-183.12"
"602";"USTEC_ICM_UTC2";"Buy";"8358.1";"8275.6";"2019.11.19 16:30:00";"2019.11.20 19:57:00";"30.0";"-2658.12";"8275.59961";"8440.59961";"-126611.00";"0.00";"IST";"SL";"1d 3h 27m";"-183.12"
"603";"USTEC_ICM_UTC2";"Buy";"8271.3";"8264.7";"2019.11.20 20:00:00";"2019.11.22 22:55:00";"30.0";"-564.24";"8188.79980";"8353.79980";"-127175.24";"0.00";"IST";"End Of Friday (Time)";"2d 2h 55m";"-366.24"
"604";"USTEC_ICM_UTC2";"Buy";"8358.1";"8440.6";"2019.11.25 20:30:00";"2019.11.27 20:36:00";"30.0";"2108.76";"8275.59961";"8440.59961";"-125066.48";"0.00";"IST";"PT";"2d 0h 6m";"-366.24"
"605";"USTEC_ICM_UTC2";"Buy";"8438.0";"8355.5";"2019.11.27 22:00:00";"2019.12.02 16:40:00";"30.0";"-3390.60";"8355.50000";"8520.50000";"-128457.09";"0.00";"IST";"SL";"4d 18h 40m";"-915.60"
"606";"USTEC_ICM_UTC2";"Buy";"8364.9";"8282.4";"2019.12.02 16:45:00";"2019.12.02 17:35:00";"30.0";"-2475.00";"8282.40039";"8447.40039";"-130932.09";"0.00";"IST";"SL";"50m 0s";"-0.00"
"607";"USTEC_ICM_UTC2";"Buy";"8200.3";"8282.8";"2019.12.03 17:00:00";"2019.12.04 11:08:00";"30.0";"2291.88";"8117.79980";"8282.79980";"-128640.20";"0.00";"IST";"PT";"18h 8m";"-183.12"
"608";"USTEC_ICM_UTC2";"Buy";"8304.4";"8386.9";"2019.12.04 18:15:00";"2019.12.06 16:46:00";"30.0";"2108.76";"8221.90039";"8386.90039";"-126531.45";"0.00";"IST";"PT";"1d 22h 31m";"-366.24"
"609";"USTEC_ICM_UTC2";"Buy";"8391.3";"8396.3";"2019.12.06 18:45:00";"2019.12.06 22:55:00";"30.0";"150.00";"8308.79980";"8473.79980";"-126381.45";"0.00";"IST";"End Of Friday (Time)";"4h 10m";"-0.00"
"610";"USTEC_ICM_UTC2";"Buy";"8382.7";"8300.2";"2019.12.09 16:30:00";"2019.12.10 13:27:00";"30.0";"-2658.12";"8300.20020";"8465.20020";"-129039.56";"0.00";"IST";"SL";"20h 57m";"-183.12"
"611";"USTEC_ICM_UTC2";"Buy";"8389.7";"8472.2";"2019.12.10 17:30:00";"2019.12.12 17:01:00";"30.0";"2108.76";"8307.20020";"8472.20020";"-126930.80";"0.00";"IST";"PT";"1d 23h 31m";"-366.24"
"612";"USTEC_ICM_UTC2";"Buy";"8424.2";"8506.7";"2019.12.12 20:00:00";"2019.12.13 03:14:00";"30.0";"2291.88";"8341.70020";"8506.70020";"-124638.92";"0.00";"IST";"PT";"7h 14m";"-183.12"
"613";"USTEC_ICM_UTC2";"Buy";"8476.6";"8486.2";"2019.12.13 17:00:00";"2019.12.13 22:55:00";"30.0";"288.03";"8394.09961";"8559.09961";"-124350.89";"0.00";"IST";"End Of Friday (Time)";"5h 55m";"-0.00"
"614";"USTEC_ICM_UTC2";"Buy";"8586.6";"8669.1";"2019.12.16 19:30:00";"2019.12.20 16:21:00";"30.0";"1742.52";"8504.09961";"8669.09961";"-122608.38";"0.00";"IST";"PT";"3d 20h 51m";"-732.48"
"615";"USTEC_ICM_UTC2";"Buy";"8671.8";"8679.3";"2019.12.20 17:30:00";"2019.12.20 22:55:00";"30.0";"225.00";"8589.29980";"8754.29980";"-122383.38";"0.00";"IST";"End Of Friday (Time)";"5h 25m";"-0.00"
"616";"USTEC_ICM_UTC2";"Buy";"8698.0";"8780.5";"2019.12.23 17:00:00";"2019.12.27 01:20:00";"30.0";"1742.52";"8615.50000";"8780.50000";"-120640.85";"0.00";"IST";"PT";"3d 8h 20m";"-732.48"
"617";"USTEC_ICM_UTC2";"Buy";"8756.7";"8762.6";"2019.12.27 17:00:00";"2019.12.27 22:55:00";"30.0";"176.97";"8674.20020";"8839.20020";"-120463.88";"0.00";"IST";"End Of Friday (Time)";"5h 55m";"-0.00"
"618";"USTEC_ICM_UTC2";"Buy";"8694.6";"8777.1";"2019.12.30 17:00:00";"2020.01.02 10:11:00";"30.0";"1925.64";"8612.09961";"8777.09961";"-118538.24";"0.00";"IST";"PT";"2d 17h 11m";"-549.36"
"619";"USTEC_ICM_UTC2";"Buy";"8811.4";"8728.9";"2020.01.02 18:15:00";"2020.01.03 12:52:00";"30.0";"-2658.12";"8728.90039";"8893.90039";"-121196.36";"0.00";"IST";"SL";"18h 37m";"-183.12"
"620";"USTEC_ICM_UTC2";"Buy";"8825.0";"8802.9";"2020.01.03 22:00:00";"2020.01.03 22:55:00";"30.0";"-663.00";"8742.50000";"8907.50000";"-121859.36";"0.00";"IST";"End Of Friday (Time)";"55m 0s";"-0.00"
"621";"USTEC_ICM_UTC2";"Buy";"8807.1";"8724.6";"2020.01.06 20:00:00";"2020.01.08 01:40:00";"30.0";"-2841.24";"8724.59961";"8889.59961";"-124700.60";"0.00";"IST";"SL";"1d 5h 40m";"-366.24"
"622";"USTEC_ICM_UTC2";"Buy";"8875.8";"8958.3";"2020.01.08 17:00:00";"2020.01.09 09:16:00";"30.0";"2291.88";"8793.29980";"8958.29980";"-122408.73";"0.00";"IST";"PT";"16h 16m";"-183.12"
"623";"USTEC_ICM_UTC2";"Buy";"8984.0";"8966.9";"2020.01.09 19:15:00";"2020.01.10 22:55:00";"30.0";"-696.12";"8901.50000";"9066.50000";"-123104.84";"0.00";"IST";"End Of Friday (Time)";"1d 3h 40m";"-183.12"
"624";"USTEC_ICM_UTC2";"Buy";"9018.1";"9100.6";"2020.01.13 17:00:00";"2020.01.16 16:45:00";"30.0";"1925.64";"8935.59961";"9100.59961";"-121179.20";"0.00";"IST";"PT";"2d 23h 45m";"-549.36"
"625";"USTEC_ICM_UTC2";"Buy";"9081.2";"9163.7";"2020.01.16 19:00:00";"2020.01.17 15:39:00";"30.0";"2291.88";"8998.70020";"9163.70020";"-118887.32";"0.00";"IST";"PT";"20h 39m";"-183.12"
"626";"USTEC_ICM_UTC2";"Buy";"9152.1";"9171.5";"2020.01.17 17:30:00";"2020.01.17 22:55:00";"30.0";"582.00";"9069.59961";"9234.59961";"-118305.32";"0.00";"IST";"End Of Friday (Time)";"5h 25m";"-0.00"
"627";"USTEC_ICM_UTC2";"Buy";"9162.3";"9244.8";"2020.01.20 18:45:00";"2020.01.24 01:02:00";"30.0";"1742.52";"9079.79980";"9244.79980";"-116562.80";"0.00";"IST";"PT";"3d 6h 17m";"-732.48"
"628";"USTEC_ICM_UTC2";"Buy";"9263.2";"9180.7";"2020.01.24 16:30:00";"2020.01.24 19:09:00";"30.0";"-2475.00";"9180.70020";"9345.70020";"-119037.80";"0.00";"IST";"SL";"2h 39m";"-0.00"
"629";"USTEC_ICM_UTC2";"Buy";"8975.3";"9057.8";"2020.01.27 17:00:00";"2020.01.28 17:40:00";"30.0";"2291.88";"8892.79980";"9057.79980";"-116745.92";"0.00";"IST";"PT";"1d 0h 40m";"-183.12"
"630";"USTEC_ICM_UTC2";"Buy";"9094.1";"9011.6";"2020.01.28 21:00:00";"2020.01.30 09:06:00";"30.0";"-2841.24";"9011.59961";"9176.59961";"-119587.16";"0.00";"IST";"SL";"1d 12h 6m";"-366.24"
"631";"USTEC_ICM_UTC2";"Buy";"9059.8";"9142.3";"2020.01.30 18:30:00";"2020.01.30 23:00:00";"30.0";"2475.00";"8977.29980";"9142.29980";"-117112.16";"0.00";"IST";"PT";"4h 30m";"-0.00"
"632";"USTEC_ICM_UTC2";"Buy";"9024.2";"8998.3";"2020.01.31 18:30:00";"2020.01.31 22:55:00";"30.0";"-777.00";"8941.70020";"9106.70020";"-117889.16";"0.00";"IST";"End Of Friday (Time)";"4h 25m";"-0.00"
"633";"USTEC_ICM_UTC2";"Buy";"9126.1";"9208.6";"2020.02.03 19:30:00";"2020.02.04 10:23:00";"30.0";"2291.88";"9043.59961";"9208.59961";"-115597.28";"0.00";"IST";"PT";"14h 53m";"-183.12"
"634";"USTEC_ICM_UTC2";"Buy";"9260.2";"9342.7";"2020.02.04 17:00:00";"2020.02.04 21:42:00";"30.0";"2475.00";"9177.70020";"9342.70020";"-113122.28";"0.00";"IST";"PT";"4h 42m";"-0.00"
"635";"USTEC_ICM_UTC2";"Buy";"9350.0";"9432.5";"2020.02.05 18:30:00";"2020.02.06 06:50:00";"30.0";"2291.88";"9267.50000";"9432.50000";"-110830.41";"0.00";"IST";"PT";"12h 20m";"-183.12"
"636";"USTEC_ICM_UTC2";"Buy";"9405.6";"9394.0";"2020.02.06 17:15:00";"2020.02.07 22:55:00";"30.0";"-531.12";"9323.09961";"9488.09961";"-111361.52";"0.00";"IST";"End Of Friday (Time)";"1d 5h 40m";"-183.12"
"637";"USTEC_ICM_UTC2";"Buy";"9464.1";"9546.6";"2020.02.10 20:15:00";"2020.02.11 03:15:00";"30.0";"2291.88";"9381.59961";"9546.59961";"-109069.64";"0.00";"IST";"PT";"7h 0m";"-183.12"
"638";"USTEC_ICM_UTC2";"Buy";"9562.9";"9645.4";"2020.02.11 19:45:00";"2020.02.14 05:02:00";"30.0";"1925.64";"9480.40039";"9645.40039";"-107144.00";"0.00";"IST";"PT";"2d 9h 17m";"-549.36"
"639";"USTEC_ICM_UTC2";"Buy";"9611.2";"9618.1";"2020.02.14 16:30:00";"2020.02.14 22:55:00";"30.0";"206.97";"9528.70020";"9693.70020";"-106937.03";"0.00";"IST";"End Of Friday (Time)";"6h 25m";"-0.00"
"640";"USTEC_ICM_UTC2";"Buy";"9655.1";"9572.6";"2020.02.17 16:45:00";"2020.02.18 01:08:00";"30.0";"-2658.12";"9572.59961";"9737.59961";"-109595.16";"0.00";"IST";"SL";"8h 23m";"-183.12"
"641";"USTEC_ICM_UTC2";"Buy";"9591.7";"9674.2";"2020.02.18 19:30:00";"2020.02.19 14:58:00";"30.0";"2291.88";"9509.20020";"9674.20020";"-107303.27";"0.00";"IST";"PT";"19h 28m";"-183.12"
"642";"USTEC_ICM_UTC2";"Buy";"9727.4";"9644.9";"2020.02.19 19:45:00";"2020.02.20 18:15:00";"30.0";"-2658.12";"9644.90039";"9809.90039";"-109961.39";"0.00";"IST";"SL";"22h 30m";"-183.12"
"643";"USTEC_ICM_UTC2";"Buy";"9581.6";"9499.1";"2020.02.21 16:30:00";"2020.02.21 16:47:00";"30.0";"-2475.00";"9499.09961";"9664.09961";"-112436.39";"0.00";"IST";"SL";"17m 0s";"-0.00"
"644";"USTEC_ICM_UTC2";"Buy";"9177.5";"9095.0";"2020.02.24 17:00:00";"2020.02.24 18:41:00";"30.0";"-2475.00";"9095.00000";"9260.00000";"-114911.39";"0.00";"IST";"SL";"1h 41m";"-0.00"
"645";"USTEC_ICM_UTC2";"Buy";"9116.2";"9033.7";"2020.02.25 16:45:00";"2020.02.25 17:28:00";"30.0";"-2475.00";"9033.70020";"9198.70020";"-117386.39";"0.00";"IST";"SL";"43m 0s";"-0.00"
"646";"USTEC_ICM_UTC2";"Buy";"8925.6";"8843.1";"2020.02.26 20:00:00";"2020.02.26 20:37:00";"30.0";"-2475.00";"8843.09961";"9008.09961";"-119861.39";"0.00";"IST";"SL";"37m 0s";"-0.00"
"647";"USTEC_ICM_UTC2";"Buy";"8665.4";"8582.9";"2020.02.27 17:00:00";"2020.02.27 17:25:00";"30.0";"-2475.00";"8582.90039";"8747.90039";"-122336.39";"0.00";"IST";"SL";"25m 0s";"-0.00"
"648";"USTEC_ICM_UTC2";"Buy";"8181.0";"8263.5";"2020.02.28 17:00:00";"2020.02.28 17:53:00";"30.0";"2475.00";"8098.50000";"8263.50000";"-119861.39";"0.00";"IST";"PT";"53m 0s";"-0.00"
"649";"USTEC_ICM_UTC2";"Buy";"8552.4";"8634.9";"2020.03.02 18:00:00";"2020.03.02 18:14:00";"30.0";"2475.00";"8469.90039";"8634.90039";"-117386.39";"0.00";"IST";"PT";"14m 0s";"-0.00"
"650";"USTEC_ICM_UTC2";"Buy";"8810.9";"8728.4";"2020.03.03 19:15:00";"2020.03.03 20:05:00";"30.0";"-2475.00";"8728.40039";"8893.40039";"-119861.39";"0.00";"IST";"SL";"50m 0s";"-0.00"
"651";"USTEC_ICM_UTC2";"Buy";"8694.6";"8777.1";"2020.03.04 17:00:00";"2020.03.04 17:19:00";"30.0";"2475.00";"8612.09961";"8777.09961";"-117386.39";"0.00";"IST";"PT";"19m 0s";"-0.00"
"652";"USTEC_ICM_UTC2";"Buy";"8701.0";"8618.5";"2020.03.05 20:45:00";"2020.03.05 22:26:00";"30.0";"-2475.00";"8618.50000";"8783.50000";"-119861.39";"0.00";"IST";"SL";"1h 41m";"-0.00"
"653";"USTEC_ICM_UTC2";"Buy";"8423.1";"8340.6";"2020.03.06 20:00:00";"2020.03.06 21:40:00";"30.0";"-2475.00";"8340.59961";"8505.59961";"-122336.39";"0.00";"IST";"SL";"1h 40m";"-0.00"
"654";"USTEC_ICM_UTC2";"Buy";"8098.9";"8016.4";"2020.03.09 19:30:00";"2020.03.09 19:52:00";"30.0";"-2475.00";"8016.39990";"8181.39990";"-124811.39";"0.00";"IST";"SL";"22m 0s";"-0.00"
"655";"USTEC_ICM_UTC2";"Buy";"8123.1";"8040.6";"2020.03.10 18:15:00";"2020.03.10 18:32:00";"30.0";"-2475.00";"8040.60010";"8205.59961";"-127286.39";"0.00";"IST";"SL";"17m 0s";"-0.00"
"656";"USTEC_ICM_UTC2";"Buy";"8018.3";"7935.8";"2020.03.11 19:45:00";"2020.03.11 21:07:00";"30.0";"-2475.00";"7935.79980";"8100.79980";"-129761.39";"0.00";"IST";"SL";"1h 22m";"-0.00"
"657";"USTEC_ICM_UTC2";"Buy";"7534.6";"7617.1";"2020.03.12 16:45:00";"2020.03.12 16:54:00";"30.0";"2475.00";"7452.10010";"7617.10010";"-127286.39";"0.00";"IST";"PT";"9m 0s";"-0.00"
"658";"USTEC_ICM_UTC2";"Buy";"7521.6";"7439.1";"2020.03.13 16:45:00";"2020.03.13 17:27:00";"30.0";"-2475.00";"7439.10010";"7604.10010";"-129761.39";"0.00";"IST";"SL";"42m 0s";"-0.00"
"659";"USTEC_ICM_UTC2";"Buy";"7401.8";"7484.3";"2020.03.16 16:45:00";"2020.03.16 17:10:00";"30.0";"2475.00";"7319.29980";"7484.29980";"-127286.39";"0.00";"IST";"PT";"25m 0s";"-0.00"
"660";"USTEC_ICM_UTC2";"Buy";"7205.2";"7287.7";"2020.03.17 16:45:00";"2020.03.17 17:06:00";"30.0";"2475.00";"7122.70020";"7287.70020";"-124811.39";"0.00";"IST";"PT";"21m 0s";"-0.00"
"661";"USTEC_ICM_UTC2";"Buy";"7133.2";"7050.7";"2020.03.18 18:15:00";"2020.03.18 18:54:00";"30.0";"-2475.00";"7050.70020";"7215.70020";"-127286.39";"0.00";"IST";"SL";"39m 0s";"-0.00"
"662";"USTEC_ICM_UTC2";"Buy";"7362.1";"7444.6";"2020.03.19 19:00:00";"2020.03.19 19:51:00";"30.0";"2475.00";"7279.60010";"7444.60010";"-124811.39";"0.00";"IST";"PT";"51m 0s";"-0.00"
"663";"USTEC_ICM_UTC2";"Buy";"7428.5";"7346.0";"2020.03.20 16:30:00";"2020.03.20 17:21:00";"30.0";"-2475.00";"7346.00000";"7511.00000";"-127286.39";"0.00";"IST";"SL";"51m 0s";"-0.00"
"664";"USTEC_ICM_UTC2";"Buy";"6921.2";"7003.7";"2020.03.23 18:30:00";"2020.03.23 18:42:00";"30.0";"2475.00";"6838.70020";"7003.70020";"-124811.39";"0.00";"IST";"PT";"12m 0s";"-0.00"
"665";"USTEC_ICM_UTC2";"Buy";"7361.3";"7443.8";"2020.03.24 20:00:00";"2020.03.24 20:56:00";"30.0";"2475.00";"7278.79980";"7443.79980";"-122336.39";"0.00";"IST";"PT";"56m 0s";"-0.00"
"666";"USTEC_ICM_UTC2";"Buy";"7523.0";"7605.5";"2020.03.25 17:00:00";"2020.03.25 18:24:00";"30.0";"2475.00";"7440.50000";"7605.50000";"-119861.39";"0.00";"IST";"PT";"1h 24m";"-0.00"
"667";"USTEC_ICM_UTC2";"Buy";"7776.5";"7694.0";"2020.03.26 19:00:00";"2020.03.26 19:22:00";"30.0";"-2475.00";"7694.00000";"7859.00000";"-122336.39";"0.00";"IST";"SL";"22m 0s";"-0.00"
"668";"USTEC_ICM_UTC2";"Buy";"7626.1";"7708.6";"2020.03.27 16:30:00";"2020.03.27 17:17:00";"30.0";"2475.00";"7543.60010";"7708.60010";"-119861.39";"0.00";"IST";"PT";"47m 0s";"-0.00"
"669";"USTEC_ICM_UTC2";"Buy";"7837.4";"7919.9";"2020.03.30 19:45:00";"2020.03.31 04:02:00";"30.0";"2291.88";"7754.89990";"7919.89990";"-117569.52";"0.00";"IST";"PT";"8h 17m";"-183.12"
"670";"USTEC_ICM_UTC2";"Buy";"7861.8";"7944.3";"2020.03.31 16:30:00";"2020.03.31 17:14:00";"30.0";"2475.00";"7779.29980";"7944.29980";"-115094.52";"0.00";"IST";"PT";"44m 0s";"-0.00"
"671";"USTEC_ICM_UTC2";"Buy";"7547.2";"7464.7";"2020.04.01 20:30:00";"2020.04.01 22:24:00";"30.0";"-2475.00";"7464.70020";"7629.70020";"-117569.52";"0.00";"IST";"SL";"1h 54m";"-0.00"
"672";"USTEC_ICM_UTC2";"Buy";"7487.8";"7570.3";"2020.04.02 17:00:00";"2020.04.02 17:31:00";"30.0";"2475.00";"7405.29980";"7570.29980";"-115094.52";"0.00";"IST";"PT";"31m 0s";"-0.00"
"673";"USTEC_ICM_UTC2";"Buy";"7608.0";"7525.5";"2020.04.03 16:30:00";"2020.04.03 18:46:00";"30.0";"-2475.00";"7525.50000";"7690.50000";"-117569.52";"0.00";"IST";"SL";"2h 16m";"-0.00"
"674";"USTEC_ICM_UTC2";"Buy";"7963.9";"8046.4";"2020.04.06 22:00:00";"2020.04.06 22:50:00";"30.0";"2475.00";"7881.39990";"8046.39990";"-115094.52";"0.00";"IST";"PT";"50m 0s";"-0.00"
"675";"USTEC_ICM_UTC2";"Buy";"8244.6";"8162.1";"2020.04.07 16:45:00";"2020.04.07 17:13:00";"30.0";"-2475.00";"8162.10010";"8327.09961";"-117569.52";"0.00";"IST";"SL";"28m 0s";"-0.00"
"676";"USTEC_ICM_UTC2";"Buy";"8100.1";"8182.6";"2020.04.08 17:45:00";"2020.04.08 18:26:00";"30.0";"2475.00";"8017.60010";"8182.60010";"-115094.52";"0.00";"IST";"PT";"41m 0s";"-0.00"
"677";"USTEC_ICM_UTC2";"Buy";"8241.3";"8151.8";"2020.04.09 18:00:00";"2020.04.13 02:00:00";"30.0";"-3418.38";"8158.79980";"8323.79980";"-118512.89";"0.00";"IST";"SL";"3d 8h 0m";"-732.48"
"678";"USTEC_ICM_UTC2";"Buy";"8211.3";"8293.8";"2020.04.13 16:45:00";"2020.04.13 22:21:00";"30.0";"2475.00";"8128.79980";"8293.79980";"-116037.89";"0.00";"IST";"PT";"5h 36m";"-0.00"
"679";"USTEC_ICM_UTC2";"Buy";"8597.3";"8679.8";"2020.04.14 19:00:00";"2020.04.14 20:34:00";"30.0";"2475.00";"8514.79980";"8679.79980";"-113562.89";"0.00";"IST";"PT";"1h 34m";"-0.00"
"680";"USTEC_ICM_UTC2";"Buy";"8513.8";"8596.3";"2020.04.15 16:45:00";"2020.04.15 19:50:00";"30.0";"2475.00";"8431.29980";"8596.29980";"-111087.89";"0.00";"IST";"PT";"3h 5m";"-0.00"
"681";"USTEC_ICM_UTC2";"Buy";"8704.5";"8787.0";"2020.04.16 17:45:00";"2020.04.16 18:54:00";"30.0";"2475.00";"8622.00000";"8787.00000";"-108612.89";"0.00";"IST";"PT";"1h 9m";"-0.00"
"682";"USTEC_ICM_UTC2";"Buy";"8835.0";"8752.5";"2020.04.17 17:00:00";"2020.04.17 17:49:00";"30.0";"-2475.00";"8752.50000";"8917.50000";"-111087.89";"0.00";"IST";"SL";"49m 0s";"-0.00"
"683";"USTEC_ICM_UTC2";"Buy";"8831.2";"8748.7";"2020.04.20 21:00:00";"2020.04.20 21:58:00";"30.0";"-2475.00";"8748.70020";"8913.70020";"-113562.89";"0.00";"IST";"SL";"58m 0s";"-0.00"
"684";"USTEC_ICM_UTC2";"Buy";"8548.9";"8466.4";"2020.04.21 17:30:00";"2020.04.21 17:49:00";"30.0";"-2475.00";"8466.40039";"8631.40039";"-116037.89";"0.00";"IST";"SL";"19m 0s";"-0.00"
"685";"USTEC_ICM_UTC2";"Buy";"8586.1";"8668.6";"2020.04.22 17:30:00";"2020.04.22 21:21:00";"30.0";"2475.00";"8503.59961";"8668.59961";"-113562.89";"0.00";"IST";"PT";"3h 51m";"-0.00"
"686";"USTEC_ICM_UTC2";"Buy";"8772.1";"8689.6";"2020.04.23 19:30:00";"2020.04.23 19:45:00";"30.0";"-2475.00";"8689.59961";"8854.59961";"-116037.89";"0.00";"IST";"SL";"15m 0s";"-0.00"
"687";"USTEC_ICM_UTC2";"Buy";"8601.4";"8683.9";"2020.04.24 17:00:00";"2020.04.24 19:28:00";"30.0";"2475.00";"8518.90039";"8683.90039";"-113562.89";"0.00";"IST";"PT";"2h 28m";"-0.00"
"688";"USTEC_ICM_UTC2";"Buy";"8869.4";"8951.9";"2020.04.27 16:30:00";"2020.04.28 13:00:00";"30.0";"2291.88";"8786.90039";"8951.90039";"-111271.02";"0.00";"IST";"PT";"20h 30m";"-183.12"
"689";"USTEC_ICM_UTC2";"Buy";"8750.3";"8667.8";"2020.04.28 18:45:00";"2020.04.28 22:54:00";"30.0";"-2475.00";"8667.79980";"8832.79980";"-113746.02";"0.00";"IST";"SL";"4h 9m";"-0.00"
"690";"USTEC_ICM_UTC2";"Buy";"8964.0";"9046.5";"2020.04.29 19:30:00";"2020.04.29 23:14:00";"30.0";"2475.00";"8881.50000";"9046.50000";"-111271.02";"0.00";"IST";"PT";"3h 44m";"-0.00"
"691";"USTEC_ICM_UTC2";"Buy";"8979.4";"8896.9";"2020.04.30 16:45:00";"2020.04.30 23:05:00";"30.0";"-2475.00";"8896.90039";"9061.90039";"-113746.02";"0.00";"IST";"SL";"6h 20m";"-0.00"
"692";"USTEC_ICM_UTC2";"Buy";"8697.1";"8703.6";"2020.05.01 19:45:00";"2020.05.01 22:55:00";"30.0";"195.00";"8614.59961";"8779.59961";"-113551.02";"0.00";"IST";"End Of Friday (Time)";"3h 10m";"-0.00"
"693";"USTEC_ICM_UTC2";"Buy";"8681.6";"8764.1";"2020.05.04 16:30:00";"2020.05.04 17:05:00";"30.0";"2475.00";"8599.09961";"8764.09961";"-111076.02";"0.00";"IST";"PT";"35m 0s";"-0.00"
"694";"USTEC_ICM_UTC2";"Buy";"8969.5";"9052.0";"2020.05.05 17:00:00";"2020.05.06 17:49:00";"30.0";"2291.88";"8887.00000";"9052.00000";"-108784.13";"0.00";"IST";"PT";"1d 0h 49m";"-183.12"
"695";"USTEC_ICM_UTC2";"Buy";"9036.1";"8953.6";"2020.05.06 19:45:00";"2020.05.06 23:11:00";"30.0";"-2475.00";"8953.59961";"9118.59961";"-111259.13";"0.00";"IST";"SL";"3h 26m";"-0.00"
"696";"USTEC_ICM_UTC2";"Buy";"9096.6";"9179.1";"2020.05.07 17:00:00";"2020.05.08 03:37:00";"30.0";"2291.88";"9014.09961";"9179.09961";"-108967.25";"0.00";"IST";"PT";"10h 37m";"-183.12"
"697";"USTEC_ICM_UTC2";"Buy";"9192.4";"9221.3";"2020.05.08 17:30:00";"2020.05.08 22:55:00";"30.0";"866.97";"9109.90039";"9274.90039";"-108100.28";"0.00";"IST";"End Of Friday (Time)";"5h 25m";"-0.00"
"698";"USTEC_ICM_UTC2";"Buy";"9313.1";"9230.6";"2020.05.12 17:45:00";"2020.05.12 22:21:00";"30.0";"-2475.00";"9230.59961";"9395.59961";"-110575.28";"0.00";"IST";"SL";"4h 36m";"-0.00"
"699";"USTEC_ICM_UTC2";"Buy";"9122.9";"9205.4";"2020.05.13 17:00:00";"2020.05.13 17:34:00";"30.0";"2475.00";"9040.40039";"9205.40039";"-108100.28";"0.00";"IST";"PT";"34m 0s";"-0.00"
"700";"USTEC_ICM_UTC2";"Buy";"8941.6";"8859.1";"2020.05.14 16:30:00";"2020.05.14 17:29:00";"30.0";"-2475.00";"8859.09961";"9024.09961";"-110575.28";"0.00";"IST";"SL";"59m 0s";"-0.00"
"701";"USTEC_ICM_UTC2";"Buy";"8989.2";"9071.7";"2020.05.15 18:45:00";"2020.05.15 19:42:00";"30.0";"2475.00";"8906.70020";"9071.70020";"-108100.28";"0.00";"IST";"PT";"57m 0s";"-0.00"
"702";"USTEC_ICM_UTC2";"Buy";"9271.0";"9353.5";"2020.05.18 17:00:00";"2020.05.18 20:18:00";"30.0";"2475.00";"9188.50000";"9353.50000";"-105625.28";"0.00";"IST";"PT";"3h 18m";"-0.00"
"703";"USTEC_ICM_UTC2";"Buy";"9402.7";"9320.2";"2020.05.19 20:15:00";"2020.05.19 22:51:00";"30.0";"-2475.00";"9320.20020";"9485.20020";"-108100.28";"0.00";"IST";"SL";"2h 36m";"-0.00"
"704";"USTEC_ICM_UTC2";"Buy";"9493.6";"9411.1";"2020.05.20 18:30:00";"2020.05.21 17:35:00";"30.0";"-2658.12";"9411.09961";"9576.09961";"-110758.41";"0.00";"IST";"SL";"23h 5m";"-183.12"
"705";"USTEC_ICM_UTC2";"Buy";"9402.9";"9320.4";"2020.05.21 19:00:00";"2020.05.22 05:54:00";"30.0";"-2658.12";"9320.40039";"9485.40039";"-113416.52";"0.00";"IST";"SL";"10h 54m";"-183.12"
"706";"USTEC_ICM_UTC2";"Buy";"9399.8";"9406.7";"2020.05.22 17:00:00";"2020.05.22 22:55:00";"30.0";"207.00";"9317.29980";"9482.29980";"-113209.52";"0.00";"IST";"End Of Friday (Time)";"5h 55m";"-0.00"
"707";"USTEC_ICM_UTC2";"Buy";"9533.4";"9450.9";"2020.05.25 18:15:00";"2020.05.26 18:32:00";"30.0";"-2658.12";"9450.90039";"9615.90039";"-115867.64";"0.00";"IST";"SL";"1d 0h 17m";"-183.12"
"708";"USTEC_ICM_UTC2";"Buy";"9456.2";"9373.7";"2020.05.26 19:30:00";"2020.05.27 16:28:00";"30.0";"-2658.12";"9373.70020";"9538.70020";"-118525.77";"0.00";"IST";"SL";"20h 58m";"-183.12"
"709";"USTEC_ICM_UTC2";"Buy";"9228.1";"9310.6";"2020.05.27 17:45:00";"2020.05.27 19:08:00";"30.0";"2475.00";"9145.59961";"9310.59961";"-116050.77";"0.00";"IST";"PT";"1h 23m";"-0.00"
"710";"USTEC_ICM_UTC2";"Buy";"9386.6";"9469.1";"2020.05.28 16:30:00";"2020.05.28 17:08:00";"30.0";"2475.00";"9304.09961";"9469.09961";"-113575.77";"0.00";"IST";"PT";"38m 0s";"-0.00"
"711";"USTEC_ICM_UTC2";"Buy";"9462.7";"9380.2";"2020.05.29 17:00:00";"2020.05.29 18:03:00";"30.0";"-2475.00";"9380.20020";"9545.20020";"-116050.77";"0.00";"IST";"SL";"1h 3m";"-0.00"
"712";"USTEC_ICM_UTC2";"Buy";"9560.3";"9642.8";"2020.06.01 16:45:00";"2020.06.02 11:32:00";"30.0";"2291.88";"9477.79980";"9642.79980";"-113758.88";"0.00";"IST";"PT";"18h 47m";"-183.12"
"713";"USTEC_ICM_UTC2";"Buy";"9611.2";"9528.7";"2020.06.02 17:30:00";"2020.06.02 18:03:00";"30.0";"-2475.00";"9528.70020";"9693.70020";"-116233.88";"0.00";"IST";"SL";"33m 0s";"-0.00"
"714";"USTEC_ICM_UTC2";"Buy";"9680.3";"9597.8";"2020.06.03 16:30:00";"2020.06.04 22:00:00";"30.0";"-2658.12";"9597.79980";"9762.79980";"-118892.01";"0.00";"IST";"SL";"1d 5h 30m";"-183.12"
"715";"USTEC_ICM_UTC2";"Buy";"9827.9";"9811.6";"2020.06.05 20:45:00";"2020.06.05 22:55:00";"30.0";"-489.03";"9745.40039";"9910.40039";"-119381.03";"0.00";"IST";"End Of Friday (Time)";"2h 10m";"-0.00"
"716";"USTEC_ICM_UTC2";"Buy";"9803.7";"9886.2";"2020.06.08 18:00:00";"2020.06.08 22:50:00";"30.0";"2475.00";"9721.20020";"9886.20020";"-116906.03";"0.00";"IST";"PT";"4h 50m";"-0.00"
"717";"USTEC_ICM_UTC2";"Buy";"9969.6";"10052.1";"2020.06.09 19:30:00";"2020.06.10 16:32:00";"30.0";"2291.88";"9887.09961";"10052.09961";"-114614.16";"0.00";"IST";"PT";"21h 2m";"-183.12"
"718";"USTEC_ICM_UTC2";"Buy";"10059.4";"10141.9";"2020.06.10 18:15:00";"2020.06.10 21:20:00";"30.0";"2475.00";"9976.90039";"10141.90039";"-112139.16";"0.00";"IST";"PT";"3h 5m";"-0.00"
"719";"USTEC_ICM_UTC2";"Buy";"9877.9";"9795.4";"2020.06.11 18:45:00";"2020.06.11 19:19:00";"30.0";"-2475.00";"9795.40039";"9960.40039";"-114614.16";"0.00";"IST";"SL";"34m 0s";"-0.00"
"720";"USTEC_ICM_UTC2";"Buy";"9718.5";"9636.0";"2020.06.12 19:00:00";"2020.06.12 19:45:00";"30.0";"-2475.00";"9636.00000";"9801.00000";"-117089.16";"0.00";"IST";"SL";"45m 0s";"-0.00"
"721";"USTEC_ICM_UTC2";"Buy";"9945.4";"9862.9";"2020.06.16 17:45:00";"2020.06.16 17:59:00";"30.0";"-2475.00";"9862.90039";"10027.90039";"-119564.16";"0.00";"IST";"SL";"14m 0s";"-0.00"
"722";"USTEC_ICM_UTC2";"Buy";"10013.1";"9930.6";"2020.06.17 16:30:00";"2020.06.18 03:17:00";"30.0";"-2658.12";"9930.59961";"10095.59961";"-122222.27";"0.00";"IST";"SL";"10h 47m";"-183.12"
"723";"USTEC_ICM_UTC2";"Buy";"10006.7";"10089.2";"2020.06.18 18:00:00";"2020.06.19 15:00:00";"30.0";"2291.88";"9924.20020";"10089.20020";"-119930.40";"0.00";"IST";"PT";"21h 0m";"-183.12"
"724";"USTEC_ICM_UTC2";"Buy";"10104.8";"10022.3";"2020.06.19 16:45:00";"2020.06.19 19:13:00";"30.0";"-2475.00";"10022.29980";"10187.29980";"-122405.40";"0.00";"IST";"SL";"2h 28m";"-0.00"
"725";"USTEC_ICM_UTC2";"Buy";"10032.5";"10115.0";"2020.06.22 17:00:00";"2020.06.22 19:47:00";"30.0";"2475.00";"9950.00000";"10115.00000";"-119930.40";"0.00";"IST";"PT";"2h 47m";"-0.00"
"726";"USTEC_ICM_UTC2";"Buy";"10193.7";"10276.2";"2020.06.23 16:30:00";"2020.06.23 19:00:00";"30.0";"2475.00";"10111.20020";"10276.20020";"-117455.40";"0.00";"IST";"PT";"2h 30m";"-0.00"
"727";"USTEC_ICM_UTC2";"Buy";"10098.8";"10016.3";"2020.06.24 17:45:00";"2020.06.24 18:15:00";"30.0";"-2475.00";"10016.29980";"10181.29980";"-119930.40";"0.00";"IST";"SL";"30m 0s";"-0.00"
"728";"USTEC_ICM_UTC2";"Buy";"10010.1";"10092.6";"2020.06.25 17:30:00";"2020.06.25 22:54:00";"30.0";"2475.00";"9927.59961";"10092.59961";"-117455.40";"0.00";"IST";"PT";"5h 24m";"-0.00"
"729";"USTEC_ICM_UTC2";"Buy";"10032.4";"9949.9";"2020.06.26 17:00:00";"2020.06.26 17:16:00";"30.0";"-2475.00";"9949.90039";"10114.90039";"-119930.40";"0.00";"IST";"SL";"16m 0s";"-0.00"
"730";"USTEC_ICM_UTC2";"Buy";"9806.6";"9889.1";"2020.06.29 17:00:00";"2020.06.29 17:50:00";"30.0";"2475.00";"9724.09961";"9889.09961";"-117455.40";"0.00";"IST";"PT";"50m 0s";"-0.00"
"731";"USTEC_ICM_UTC2";"Buy";"9959.2";"10041.7";"2020.06.30 16:30:00";"2020.06.30 16:56:00";"30.0";"2475.00";"9876.70020";"10041.70020";"-114980.40";"0.00";"IST";"PT";"26m 0s";"-0.00"
"732";"USTEC_ICM_UTC2";"Buy";"10273.7";"10356.2";"2020.07.01 21:00:00";"2020.07.02 15:30:00";"30.0";"2291.88";"10191.20020";"10356.20020";"-112688.52";"0.00";"IST";"PT";"18h 30m";"-183.12"
"733";"USTEC_ICM_UTC2";"Buy";"10360.7";"10443.2";"2020.07.02 18:15:00";"2020.07.06 04:01:00";"30.0";"1742.52";"10278.20020";"10443.20020";"-110945.99";"0.00";"IST";"PT";"3d 9h 46m";"-732.48"
"734";"USTEC_ICM_UTC2";"Buy";"10572.4";"10654.9";"2020.07.06 20:15:00";"2020.07.07 02:33:00";"30.0";"2291.88";"10489.90039";"10654.90039";"-108654.12";"0.00";"IST";"PT";"6h 18m";"-183.12"
"735";"USTEC_ICM_UTC2";"Buy";"10648.1";"10565.6";"2020.07.07 20:00:00";"2020.07.07 22:09:00";"30.0";"-2475.00";"10565.59961";"10730.59961";"-111129.12";"0.00";"IST";"SL";"2h 9m";"-0.00"
"736";"USTEC_ICM_UTC2";"Buy";"10605.3";"10696.7";"2020.07.08 19:15:00";"2020.07.09 01:00:00";"30.0";"2557.68";"10522.79980";"10687.79980";"-108571.44";"0.00";"IST";"PT";"5h 45m";"-183.12"
"737";"USTEC_ICM_UTC2";"Buy";"10724.8";"10642.3";"2020.07.09 17:30:00";"2020.07.09 17:50:00";"30.0";"-2475.00";"10642.29980";"10807.29980";"-111046.44";"0.00";"IST";"SL";"20m 0s";"-0.00"
"738";"USTEC_ICM_UTC2";"Buy";"10738.5";"10821.0";"2020.07.10 17:45:00";"2020.07.10 22:29:00";"30.0";"2475.00";"10656.00000";"10821.00000";"-108571.44";"0.00";"IST";"PT";"4h 44m";"-0.00"
"739";"USTEC_ICM_UTC2";"Buy";"11005.7";"10923.2";"2020.07.13 16:45:00";"2020.07.13 21:04:00";"30.0";"-2475.00";"10923.20020";"11088.20020";"-111046.44";"0.00";"IST";"SL";"4h 19m";"-0.00"
"740";"USTEC_ICM_UTC2";"Buy";"10487.5";"10405.0";"2020.07.14 17:00:00";"2020.07.14 17:11:00";"30.0";"-2475.00";"10405.00000";"10570.00000";"-113521.44";"0.00";"IST";"SL";"11m 0s";"-0.00"
"741";"USTEC_ICM_UTC2";"Buy";"10586.7";"10669.2";"2020.07.15 19:00:00";"2020.07.15 20:10:00";"30.0";"2475.00";"10504.20020";"10669.20020";"-111046.44";"0.00";"IST";"PT";"1h 10m";"-0.00"
"742";"USTEC_ICM_UTC2";"Buy";"10525.6";"10608.1";"2020.07.16 18:00:00";"2020.07.16 20:12:00";"30.0";"2475.00";"10443.09961";"10608.09961";"-108571.44";"0.00";"IST";"PT";"2h 12m";"-0.00"
"743";"USTEC_ICM_UTC2";"Buy";"10568.6";"10651.1";"2020.07.17 17:30:00";"2020.07.17 21:12:00";"30.0";"2475.00";"10486.09961";"10651.09961";"-106096.44";"0.00";"IST";"PT";"3h 42m";"-0.00"
"744";"USTEC_ICM_UTC2";"Buy";"10698.3";"10780.8";"2020.07.20 17:00:00";"2020.07.20 17:27:00";"30.0";"2475.00";"10615.79980";"10780.79980";"-103621.44";"0.00";"IST";"PT";"27m 0s";"-0.00"
"745";"USTEC_ICM_UTC2";"Buy";"10876.3";"10793.8";"2020.07.21 19:45:00";"2020.07.22 11:45:00";"30.0";"-2658.12";"10793.79980";"10958.79980";"-106279.55";"0.00";"IST";"SL";"16h 0m";"-183.12"
"746";"USTEC_ICM_UTC2";"Buy";"10889.2";"10806.7";"2020.07.22 17:00:00";"2020.07.22 17:52:00";"30.0";"-2475.00";"10806.70020";"10971.70020";"-108754.55";"0.00";"IST";"SL";"52m 0s";"-0.00"
"747";"USTEC_ICM_UTC2";"Buy";"10804.1";"10721.6";"2020.07.23 17:15:00";"2020.07.23 19:26:00";"30.0";"-2475.00";"10721.59961";"10886.59961";"-111229.55";"0.00";"IST";"SL";"2h 11m";"-0.00"
"748";"USTEC_ICM_UTC2";"Buy";"10461.1";"10478.0";"2020.07.24 17:30:00";"2020.07.24 22:55:00";"30.0";"507.00";"10378.59961";"10543.59961";"-110722.55";"0.00";"IST";"End Of Friday (Time)";"5h 25m";"-0.00"
"749";"USTEC_ICM_UTC2";"Buy";"10559.3";"10641.8";"2020.07.27 16:30:00";"2020.07.27 17:00:00";"30.0";"2475.00";"10476.79980";"10641.79980";"-108247.55";"0.00";"IST";"PT";"30m 0s";"-0.00"
"750";"USTEC_ICM_UTC2";"Buy";"10613.5";"10531.0";"2020.07.28 17:45:00";"2020.07.28 22:51:00";"30.0";"-2475.00";"10531.00000";"10696.00000";"-110722.55";"0.00";"IST";"SL";"5h 6m";"-0.00"
"751";"USTEC_ICM_UTC2";"Buy";"10600.4";"10682.9";"2020.07.29 16:30:00";"2020.07.29 21:38:00";"30.0";"2475.00";"10517.90039";"10682.90039";"-108247.55";"0.00";"IST";"PT";"5h 8m";"-0.00"
"752";"USTEC_ICM_UTC2";"Buy";"10598.8";"10681.3";"2020.07.30 16:45:00";"2020.07.30 18:55:00";"30.0";"2475.00";"10516.29980";"10681.29980";"-105772.55";"0.00";"IST";"PT";"2h 10m";"-0.00"
"753";"USTEC_ICM_UTC2";"Buy";"10793.6";"10711.1";"2020.07.31 18:00:00";"2020.07.31 19:56:00";"30.0";"-2475.00";"10711.09961";"10876.09961";"-108247.55";"0.00";"IST";"SL";"1h 56m";"-0.00"
"754";"USTEC_ICM_UTC2";"Buy";"11053.6";"11136.1";"2020.08.03 18:30:00";"2020.08.05 09:46:00";"30.0";"2108.76";"10971.09961";"11136.09961";"-106138.80";"0.00";"IST";"PT";"1d 15h 16m";"-366.24"
"755";"USTEC_ICM_UTC2";"Buy";"11115.8";"11198.3";"2020.08.05 16:30:00";"2020.08.06 20:50:00";"30.0";"2291.88";"11033.29980";"11198.29980";"-103846.91";"0.00";"IST";"PT";"1d 4h 20m";"-183.12"
"756";"USTEC_ICM_UTC2";"Buy";"11198.1";"11115.6";"2020.08.07 19:45:00";"2020.08.07 20:09:00";"30.0";"-2475.00";"11115.59961";"11280.59961";"-106321.91";"0.00";"IST";"SL";"24m 0s";"-0.00"
"757";"USTEC_ICM_UTC2";"Buy";"11008.9";"11091.4";"2020.08.10 18:45:00";"2020.08.10 19:55:00";"30.0";"2475.00";"10926.40039";"11091.40039";"-103846.91";"0.00";"IST";"PT";"1h 10m";"-0.00"
"758";"USTEC_ICM_UTC2";"Buy";"11016.2";"10933.7";"2020.08.11 17:00:00";"2020.08.11 22:18:00";"30.0";"-2475.00";"10933.70020";"11098.70020";"-106321.91";"0.00";"IST";"SL";"5h 18m";"-0.00"
"759";"USTEC_ICM_UTC2";"Buy";"10968.7";"11051.2";"2020.08.12 16:30:00";"2020.08.12 16:52:00";"30.0";"2475.00";"10886.20020";"11051.20020";"-103846.91";"0.00";"IST";"PT";"22m 0s";"-0.00"
"760";"USTEC_ICM_UTC2";"Buy";"11253.8";"11171.3";"2020.08.13 19:30:00";"2020.08.13 21:21:00";"30.0";"-2475.00";"11171.29980";"11336.29980";"-106321.91";"0.00";"IST";"SL";"1h 51m";"-0.00"
"761";"USTEC_ICM_UTC2";"Buy";"11180.4";"11166.2";"2020.08.14 17:00:00";"2020.08.14 22:55:00";"30.0";"-426.00";"11097.90039";"11262.90039";"-106747.91";"0.00";"IST";"End Of Friday (Time)";"5h 55m";"-0.00"
"762";"USTEC_ICM_UTC2";"Buy";"11246.8";"11329.3";"2020.08.17 18:45:00";"2020.08.18 12:44:00";"30.0";"2291.88";"11164.29980";"11329.29980";"-104456.04";"0.00";"IST";"PT";"17h 59m";"-183.12"
"763";"USTEC_ICM_UTC2";"Buy";"11351.4";"11433.9";"2020.08.18 18:15:00";"2020.08.19 18:59:00";"30.0";"2291.88";"11268.90039";"11433.90039";"-102164.16";"0.00";"IST";"PT";"1d 0h 44m";"-183.12"
"764";"USTEC_ICM_UTC2";"Buy";"11362.5";"11280.0";"2020.08.19 22:15:00";"2020.08.20 04:14:00";"30.0";"-2658.12";"11280.00000";"11445.00000";"-104822.27";"0.00";"IST";"SL";"5h 59m";"-183.12"
"765";"USTEC_ICM_UTC2";"Buy";"11371.7";"11454.2";"2020.08.20 17:00:00";"2020.08.20 21:35:00";"30.0";"2475.00";"11289.20020";"11454.20020";"-102347.27";"0.00";"IST";"PT";"4h 35m";"-0.00"
"766";"USTEC_ICM_UTC2";"Buy";"11543.7";"11557.1";"2020.08.21 19:30:00";"2020.08.21 22:55:00";"30.0";"401.97";"11461.20020";"11626.20020";"-101945.30";"0.00";"IST";"End Of Friday (Time)";"3h 25m";"-0.00"
"767";"USTEC_ICM_UTC2";"Buy";"11712.8";"11630.3";"2020.08.24 16:45:00";"2020.08.24 16:54:00";"30.0";"-2475.00";"11630.29980";"11795.29980";"-104420.30";"0.00";"IST";"SL";"9m 0s";"-0.00"
"768";"USTEC_ICM_UTC2";"Buy";"11624.4";"11706.9";"2020.08.25 17:00:00";"2020.08.25 22:11:00";"30.0";"2475.00";"11541.90039";"11706.90039";"-101945.30";"0.00";"IST";"PT";"5h 11m";"-0.00"
"769";"USTEC_ICM_UTC2";"Buy";"11955.5";"12038.0";"2020.08.26 22:30:00";"2020.08.27 16:22:00";"30.0";"2291.88";"11873.00000";"12038.00000";"-99653.42";"0.00";"IST";"PT";"17h 52m";"-183.12"
"770";"USTEC_ICM_UTC2";"Buy";"12002.0";"11919.5";"2020.08.27 17:45:00";"2020.08.27 19:38:00";"30.0";"-2475.00";"11919.50000";"12084.50000";"-102128.42";"0.00";"IST";"SL";"1h 53m";"-0.00"
"771";"USTEC_ICM_UTC2";"Buy";"11996.8";"11988.1";"2020.08.28 18:45:00";"2020.08.28 22:55:00";"30.0";"-261.00";"11914.29980";"12079.29980";"-102389.42";"0.00";"IST";"End Of Friday (Time)";"4h 10m";"-0.00"
"772";"USTEC_ICM_UTC2";"Buy";"12044.2";"12126.7";"2020.08.31 16:45:00";"2020.08.31 20:19:00";"30.0";"2475.00";"11961.70020";"12126.70020";"-99914.42";"0.00";"IST";"PT";"3h 34m";"-0.00"
"773";"USTEC_ICM_UTC2";"Buy";"12182.7";"12265.2";"2020.09.01 16:45:00";"2020.09.01 17:27:00";"30.0";"2475.00";"12100.20020";"12265.20020";"-97439.42";"0.00";"IST";"PT";"42m 0s";"-0.00"
"774";"USTEC_ICM_UTC2";"Buy";"12433.2";"12350.7";"2020.09.02 16:30:00";"2020.09.02 16:51:00";"30.0";"-2475.00";"12350.70020";"12515.70020";"-99914.42";"0.00";"IST";"SL";"21m 0s";"-0.00"
"775";"USTEC_ICM_UTC2";"Buy";"12176.0";"12093.5";"2020.09.03 17:00:00";"2020.09.03 17:19:00";"30.0";"-2475.00";"12093.50000";"12258.50000";"-102389.42";"0.00";"IST";"SL";"19m 0s";"-0.00"
"776";"USTEC_ICM_UTC2";"Buy";"11343.6";"11426.1";"2020.09.04 18:45:00";"2020.09.04 18:51:00";"30.0";"2475.00";"11261.09961";"11426.09961";"-99914.42";"0.00";"IST";"PT";"6m 0s";"-0.00"
"777";"USTEC_ICM_UTC2";"Buy";"11476.4";"11558.9";"2020.09.07 16:45:00";"2020.09.08 01:26:00";"30.0";"2291.88";"11393.90039";"11558.90039";"-97622.55";"0.00";"IST";"PT";"8h 41m";"-183.12"
"778";"USTEC_ICM_UTC2";"Buy";"11226.6";"11144.1";"2020.09.08 19:30:00";"2020.09.08 21:40:00";"30.0";"-2475.00";"11144.09961";"11309.09961";"-100097.55";"0.00";"IST";"SL";"2h 10m";"-0.00"
"779";"USTEC_ICM_UTC2";"Buy";"11437.5";"11355.0";"2020.09.09 21:45:00";"2020.09.09 23:00:00";"30.0";"-2475.00";"11355.00000";"11520.00000";"-102572.55";"0.00";"IST";"SL";"1h 15m";"-0.00"
"780";"USTEC_ICM_UTC2";"Buy";"11491.7";"11409.2";"2020.09.10 18:45:00";"2020.09.10 19:04:00";"30.0";"-2475.00";"11409.20020";"11574.20020";"-105047.55";"0.00";"IST";"SL";"19m 0s";"-0.00"
"781";"USTEC_ICM_UTC2";"Buy";"11203.2";"11120.7";"2020.09.11 16:45:00";"2020.09.11 17:10:00";"30.0";"-2475.00";"11120.70020";"11285.70020";"-107522.55";"0.00";"IST";"SL";"25m 0s";"-0.00"
"782";"USTEC_ICM_UTC2";"Buy";"11338.8";"11256.3";"2020.09.14 19:00:00";"2020.09.14 20:06:00";"30.0";"-2475.00";"11256.29980";"11421.29980";"-109997.55";"0.00";"IST";"SL";"1h 6m";"-0.00"
"783";"USTEC_ICM_UTC2";"Buy";"11453.6";"11371.1";"2020.09.15 18:30:00";"2020.09.15 22:37:00";"30.0";"-2475.00";"11371.09961";"11536.09961";"-112472.55";"0.00";"IST";"SL";"4h 7m";"-0.00"
"784";"USTEC_ICM_UTC2";"Buy";"11460.7";"11378.2";"2020.09.16 17:00:00";"2020.09.16 17:44:00";"30.0";"-2475.00";"11378.20020";"11543.20020";"-114947.55";"0.00";"IST";"SL";"44m 0s";"-0.00"
"785";"USTEC_ICM_UTC2";"Buy";"11077.8";"11160.3";"2020.09.17 17:00:00";"2020.09.17 18:15:00";"30.0";"2475.00";"10995.29980";"11160.29980";"-112472.55";"0.00";"IST";"PT";"1h 15m";"-0.00"
"786";"USTEC_ICM_UTC2";"Buy";"11037.8";"10955.3";"2020.09.18 17:45:00";"2020.09.18 18:00:00";"30.0";"-2475.00";"10955.29980";"11120.29980";"-114947.55";"0.00";"IST";"SL";"15m 0s";"-0.00"
"787";"USTEC_ICM_UTC2";"Buy";"10756.4";"10838.9";"2020.09.21 18:15:00";"2020.09.21 19:04:00";"30.0";"2475.00";"10673.90039";"10838.90039";"-112472.55";"0.00";"IST";"PT";"49m 0s";"-0.00"
"788";"USTEC_ICM_UTC2";"Buy";"11058.3";"10975.8";"2020.09.22 17:30:00";"2020.09.22 17:59:00";"30.0";"-2475.00";"10975.79980";"11140.79980";"-114947.55";"0.00";"IST";"SL";"29m 0s";"-0.00"
"789";"USTEC_ICM_UTC2";"Buy";"11169.1";"11086.6";"2020.09.23 16:30:00";"2020.09.23 17:05:00";"30.0";"-2475.00";"11086.59961";"11251.59961";"-117422.55";"0.00";"IST";"SL";"35m 0s";"-0.00"
"790";"USTEC_ICM_UTC2";"Buy";"10781.8";"10864.3";"2020.09.24 16:45:00";"2020.09.24 16:50:00";"30.0";"2475.00";"10699.29980";"10864.29980";"-114947.55";"0.00";"IST";"PT";"5m 0s";"-0.00"
"791";"USTEC_ICM_UTC2";"Buy";"10955.4";"11037.9";"2020.09.25 17:30:00";"2020.09.25 18:25:00";"30.0";"2475.00";"10872.90039";"11037.90039";"-112472.55";"0.00";"IST";"PT";"55m 0s";"-0.00"
"792";"USTEC_ICM_UTC2";"Buy";"11290.8";"11373.3";"2020.09.28 17:45:00";"2020.09.28 23:00:00";"30.0";"2475.00";"11208.29980";"11373.29980";"-109997.55";"0.00";"IST";"PT";"5h 15m";"-0.00"
"793";"USTEC_ICM_UTC2";"Buy";"11360.0";"11277.5";"2020.09.29 18:30:00";"2020.09.30 06:37:00";"30.0";"-2658.12";"11277.50000";"11442.50000";"-112655.66";"0.00";"IST";"SL";"12h 7m";"-183.12"
"794";"USTEC_ICM_UTC2";"Buy";"11507.6";"11425.1";"2020.09.30 19:15:00";"2020.09.30 21:47:00";"30.0";"-2475.00";"11425.09961";"11590.09961";"-115130.66";"0.00";"IST";"SL";"2h 32m";"-0.00"
"795";"USTEC_ICM_UTC2";"Buy";"11533.8";"11451.3";"2020.10.01 17:00:00";"2020.10.02 08:01:00";"30.0";"-2658.12";"11451.29980";"11616.29980";"-117788.79";"0.00";"IST";"SL";"15h 1m";"-183.12"
"796";"USTEC_ICM_UTC2";"Buy";"11352.7";"11270.2";"2020.10.02 19:45:00";"2020.10.02 21:40:00";"30.0";"-2475.00";"11270.20020";"11435.20020";"-120263.79";"0.00";"IST";"SL";"1h 55m";"-0.00"
"797";"USTEC_ICM_UTC2";"Buy";"11462.6";"11380.1";"2020.10.05 19:30:00";"2020.10.06 18:50:00";"30.0";"-2658.12";"11380.09961";"11545.09961";"-122921.91";"0.00";"IST";"SL";"23h 20m";"-183.12"
"798";"USTEC_ICM_UTC2";"Buy";"11442.0";"11524.5";"2020.10.06 19:30:00";"2020.10.06 21:44:00";"30.0";"2475.00";"11359.50000";"11524.50000";"-120446.91";"0.00";"IST";"PT";"2h 14m";"-0.00"
"799";"USTEC_ICM_UTC2";"Buy";"11436.2";"11518.7";"2020.10.07 18:15:00";"2020.10.07 22:11:00";"30.0";"2475.00";"11353.70020";"11518.70020";"-117971.91";"0.00";"IST";"PT";"3h 56m";"-0.00"
"800";"USTEC_ICM_UTC2";"Buy";"11519.9";"11602.4";"2020.10.08 17:30:00";"2020.10.09 05:35:00";"30.0";"2291.88";"11437.40039";"11602.40039";"-115680.02";"0.00";"IST";"PT";"12h 5m";"-183.12"
"801";"USTEC_ICM_UTC2";"Buy";"11701.5";"11713.5";"2020.10.09 21:15:00";"2020.10.09 22:55:00";"30.0";"360.00";"11619.00000";"11784.00000";"-115320.02";"0.00";"IST";"End Of Friday (Time)";"1h 40m";"-0.00"
"802";"USTEC_ICM_UTC2";"Buy";"11900.4";"11982.9";"2020.10.12 17:00:00";"2020.10.12 17:57:00";"30.0";"2475.00";"11817.90039";"11982.90039";"-112845.02";"0.00";"IST";"PT";"57m 0s";"-0.00"
"803";"USTEC_ICM_UTC2";"Buy";"12054.4";"12136.9";"2020.10.13 16:45:00";"2020.10.13 18:08:00";"30.0";"2475.00";"11971.90039";"12136.90039";"-110370.02";"0.00";"IST";"PT";"1h 23m";"-0.00"
"804";"USTEC_ICM_UTC2";"Buy";"12140.6";"12058.1";"2020.10.14 17:00:00";"2020.10.14 17:26:00";"30.0";"-2475.00";"12058.09961";"12223.09961";"-112845.02";"0.00";"IST";"SL";"26m 0s";"-0.00"
"805";"USTEC_ICM_UTC2";"Buy";"11828.9";"11911.4";"2020.10.15 18:15:00";"2020.10.15 22:26:00";"30.0";"2475.00";"11746.40039";"11911.40039";"-110370.02";"0.00";"IST";"PT";"4h 11m";"-0.00"
"806";"USTEC_ICM_UTC2";"Buy";"11926.1";"11857.2";"2020.10.16 19:15:00";"2020.10.16 22:55:00";"30.0";"-2066.97";"11843.59961";"12008.59961";"-112437.00";"0.00";"IST";"End Of Friday (Time)";"3h 40m";"-0.00"
"807";"USTEC_ICM_UTC2";"Buy";"11922.0";"11839.5";"2020.10.19 16:30:00";"2020.10.19 17:09:00";"30.0";"-2475.00";"11839.50000";"12004.50000";"-114912.00";"0.00";"IST";"SL";"39m 0s";"-0.00"
"808";"USTEC_ICM_UTC2";"Buy";"11662.1";"11744.6";"2020.10.20 18:45:00";"2020.10.20 19:34:00";"30.0";"2475.00";"11579.59961";"11744.59961";"-112437.00";"0.00";"IST";"PT";"49m 0s";"-0.00"
"809";"USTEC_ICM_UTC2";"Buy";"11674.8";"11757.3";"2020.10.21 19:00:00";"2020.10.21 21:56:00";"30.0";"2475.00";"11592.29980";"11757.29980";"-109962.00";"0.00";"IST";"PT";"2h 56m";"-0.00"
"810";"USTEC_ICM_UTC2";"Buy";"11715.3";"11632.8";"2020.10.22 16:45:00";"2020.10.22 17:20:00";"30.0";"-2475.00";"11632.79980";"11797.79980";"-112437.00";"0.00";"IST";"SL";"35m 0s";"-0.00"
"811";"USTEC_ICM_UTC2";"Buy";"11607.7";"11683.9";"2020.10.23 17:45:00";"2020.10.23 22:55:00";"30.0";"2286.00";"11525.20020";"11690.20020";"-110151.00";"0.00";"IST";"End Of Friday (Time)";"5h 10m";"-0.00"
"812";"USTEC_ICM_UTC2";"Buy";"11496.1";"11413.6";"2020.10.26 18:15:00";"2020.10.26 19:06:00";"30.0";"-2475.00";"11413.59961";"11578.59961";"-112626.00";"0.00";"IST";"SL";"51m 0s";"-0.00"
"813";"USTEC_ICM_UTC2";"Buy";"11568.6";"11486.1";"2020.10.27 17:00:00";"2020.10.28 10:16:00";"30.0";"-2658.12";"11486.09961";"11651.09961";"-115284.12";"0.00";"IST";"SL";"17h 16m";"-183.12"
"814";"USTEC_ICM_UTC2";"Buy";"11232.6";"11150.1";"2020.10.28 17:30:00";"2020.10.28 21:56:00";"30.0";"-2475.00";"11150.09961";"11315.09961";"-117759.12";"0.00";"IST";"SL";"4h 26m";"-0.00"
"815";"USTEC_ICM_UTC2";"Buy";"11075.2";"10992.7";"2020.10.30 16:30:00";"2020.10.30 19:36:00";"30.0";"-2475.00";"10992.70020";"11157.70020";"-120234.12";"0.00";"IST";"SL";"3h 6m";"-0.00"
"816";"USTEC_ICM_UTC2";"Buy";"11180.4";"11097.9";"2020.11.02 16:45:00";"2020.11.02 18:16:00";"30.0";"-2475.00";"11097.90039";"11262.90039";"-122709.12";"0.00";"IST";"SL";"1h 31m";"-0.00"
"817";"USTEC_ICM_UTC2";"Buy";"11307.9";"11225.4";"2020.11.03 19:00:00";"2020.11.03 23:01:00";"30.0";"-2475.00";"11225.40039";"11390.40039";"-125184.12";"0.00";"IST";"SL";"4h 1m";"-0.00"
"818";"USTEC_ICM_UTC2";"Buy";"11657.1";"11739.6";"2020.11.04 17:00:00";"2020.11.04 17:12:00";"30.0";"2475.00";"11574.59961";"11739.59961";"-122709.12";"0.00";"IST";"PT";"12m 0s";"-0.00"
"819";"USTEC_ICM_UTC2";"Buy";"12073.8";"11991.3";"2020.11.05 17:00:00";"2020.11.05 19:24:00";"30.0";"-2475.00";"11991.29980";"12156.29980";"-125184.12";"0.00";"IST";"SL";"2h 24m";"-0.00"
"820";"USTEC_ICM_UTC2";"Buy";"11999.8";"12082.3";"2020.11.06 17:30:00";"2020.11.06 20:03:00";"30.0";"2475.00";"11917.29980";"12082.29980";"-122709.12";"0.00";"IST";"PT";"2h 33m";"-0.00"
"821";"USTEC_ICM_UTC2";"Buy";"12238.9";"12156.4";"2020.11.09 17:30:00";"2020.11.09 17:48:00";"30.0";"-2475.00";"12156.40039";"12321.40039";"-125184.12";"0.00";"IST";"SL";"18m 0s";"-0.00"
"822";"USTEC_ICM_UTC2";"Buy";"11663.7";"11746.2";"2020.11.10 18:30:00";"2020.11.10 19:11:00";"30.0";"2475.00";"11581.20020";"11746.20020";"-122709.12";"0.00";"IST";"PT";"41m 0s";"-0.00"
"823";"USTEC_ICM_UTC2";"Buy";"11795.2";"11877.7";"2020.11.11 17:00:00";"2020.11.11 19:09:00";"30.0";"2475.00";"11712.70020";"11877.70020";"-120234.12";"0.00";"IST";"PT";"2h 9m";"-0.00"
"824";"USTEC_ICM_UTC2";"Buy";"11872.5";"11790.0";"2020.11.12 19:30:00";"2020.11.12 22:04:00";"30.0";"-2475.00";"11790.00000";"11955.00000";"-122709.12";"0.00";"IST";"SL";"2h 34m";"-0.00"
"825";"USTEC_ICM_UTC2";"Buy";"11915.0";"11832.5";"2020.11.13 16:45:00";"2020.11.13 17:39:00";"30.0";"-2475.00";"11832.50000";"11997.50000";"-125184.12";"0.00";"IST";"SL";"54m 0s";"-0.00"
"826";"USTEC_ICM_UTC2";"Buy";"11989.5";"12081.0";"2020.11.16 19:15:00";"2020.11.17 01:00:00";"30.0";"2562.39";"11907.00000";"12072.00000";"-122621.73";"0.00";"IST";"PT";"5h 45m";"-183.12"
"827";"USTEC_ICM_UTC2";"Buy";"12002.0";"11919.5";"2020.11.17 16:45:00";"2020.11.18 08:30:00";"30.0";"-2658.12";"11919.50000";"12084.50000";"-125279.84";"0.00";"IST";"SL";"15h 45m";"-183.12"
"828";"USTEC_ICM_UTC2";"Buy";"11932.0";"12014.5";"2020.11.18 17:00:00";"2020.11.18 19:01:00";"30.0";"2475.00";"11849.50000";"12014.50000";"-122804.84";"0.00";"IST";"PT";"2h 1m";"-0.00"
"829";"USTEC_ICM_UTC2";"Buy";"11922.1";"12004.6";"2020.11.19 17:00:00";"2020.11.20 06:44:00";"30.0";"2291.88";"11839.59961";"12004.59961";"-120512.97";"0.00";"IST";"PT";"13h 44m";"-183.12"
"830";"USTEC_ICM_UTC2";"Buy";"11984.3";"11918.2";"2020.11.20 16:30:00";"2020.11.20 22:55:00";"30.0";"-1983.00";"11901.79980";"12066.79980";"-122495.97";"0.00";"IST";"End Of Friday (Time)";"6h 25m";"-0.00"
"831";"USTEC_ICM_UTC2";"Buy";"11948.8";"11866.3";"2020.11.23 16:30:00";"2020.11.23 18:09:00";"30.0";"-2475.00";"11866.29980";"12031.29980";"-124970.97";"0.00";"IST";"SL";"1h 39m";"-0.00"
"832";"USTEC_ICM_UTC2";"Buy";"11916.1";"11998.6";"2020.11.24 17:30:00";"2020.11.24 18:03:00";"30.0";"2475.00";"11833.59961";"11998.59961";"-122495.97";"0.00";"IST";"PT";"33m 0s";"-0.00"
"833";"USTEC_ICM_UTC2";"Buy";"12134.2";"12216.7";"2020.11.25 18:15:00";"2020.11.26 10:11:00";"30.0";"2291.88";"12051.70020";"12216.70020";"-120204.09";"0.00";"IST";"PT";"15h 56m";"-183.12"
"834";"USTEC_ICM_UTC2";"Buy";"12198.2";"12280.7";"2020.11.26 18:30:00";"2020.11.27 17:21:00";"30.0";"2291.88";"12115.70020";"12280.70020";"-117912.20";"0.00";"IST";"PT";"22h 51m";"-183.12"
"835";"USTEC_ICM_UTC2";"Buy";"12273.0";"12190.5";"2020.11.30 16:30:00";"2020.11.30 17:34:00";"30.0";"-2475.00";"12190.50000";"12355.50000";"-120387.20";"0.00";"IST";"SL";"1h 4m";"-0.00"
"836";"USTEC_ICM_UTC2";"Buy";"12373.2";"12455.7";"2020.12.01 16:30:00";"2020.12.01 19:02:00";"30.0";"2475.00";"12290.70020";"12455.70020";"-117912.20";"0.00";"IST";"PT";"2h 32m";"-0.00"
"837";"USTEC_ICM_UTC2";"Buy";"12376.8";"12459.3";"2020.12.02 17:00:00";"2020.12.02 18:53:00";"30.0";"2475.00";"12294.29980";"12459.29980";"-115437.20";"0.00";"IST";"PT";"1h 53m";"-0.00"
"838";"USTEC_ICM_UTC2";"Buy";"12484.0";"12516.1";"2020.12.03 16:45:00";"2020.12.04 22:55:00";"30.0";"779.88";"12401.50000";"12566.50000";"-114657.33";"0.00";"IST";"End Of Friday (Time)";"1d 6h 10m";"-183.12"
"839";"USTEC_ICM_UTC2";"Buy";"12572.8";"12663.1";"2020.12.07 20:00:00";"2020.12.09 01:00:00";"30.0";"2343.33";"12490.29980";"12655.29980";"-112314.00";"0.00";"IST";"PT";"1d 5h 0m";"-366.24"
"840";"USTEC_ICM_UTC2";"Buy";"12616.8";"12534.3";"2020.12.09 18:00:00";"2020.12.09 19:22:00";"30.0";"-2475.00";"12534.29980";"12699.29980";"-114789.00";"0.00";"IST";"SL";"1h 22m";"-0.00"
"841";"USTEC_ICM_UTC2";"Buy";"12377.6";"12295.1";"2020.12.10 17:00:00";"2020.12.11 12:58:00";"30.0";"-2658.12";"12295.09961";"12460.09961";"-117447.12";"0.00";"IST";"SL";"19h 58m";"-183.12"
"842";"USTEC_ICM_UTC2";"Buy";"12258.6";"12341.1";"2020.12.11 19:30:00";"2020.12.11 20:54:00";"30.0";"2475.00";"12176.09961";"12341.09961";"-114972.12";"0.00";"IST";"PT";"1h 24m";"-0.00"
"843";"USTEC_ICM_UTC2";"Buy";"12527.0";"12444.5";"2020.12.14 19:15:00";"2020.12.15 04:22:00";"30.0";"-2658.12";"12444.50000";"12609.50000";"-117630.23";"0.00";"IST";"SL";"9h 7m";"-183.12"
"844";"USTEC_ICM_UTC2";"Buy";"12497.8";"12580.3";"2020.12.15 19:00:00";"2020.12.15 22:00:00";"30.0";"2475.00";"12415.29980";"12580.29980";"-115155.23";"0.00";"IST";"PT";"3h 0m";"-0.00"
"845";"USTEC_ICM_UTC2";"Buy";"12599.1";"12681.6";"2020.12.16 17:00:00";"2020.12.16 22:05:00";"30.0";"2475.00";"12516.59961";"12681.59961";"-112680.23";"0.00";"IST";"PT";"5h 5m";"-0.00"
"846";"USTEC_ICM_UTC2";"Buy";"12702.1";"12784.6";"2020.12.17 18:00:00";"2020.12.18 16:20:00";"30.0";"2291.88";"12619.59961";"12784.59961";"-110388.36";"0.00";"IST";"PT";"22h 20m";"-183.12"
"847";"USTEC_ICM_UTC2";"Buy";"12713.6";"12631.1";"2020.12.18 17:45:00";"2020.12.18 22:22:00";"30.0";"-2475.00";"12631.09961";"12796.09961";"-112863.36";"0.00";"IST";"SL";"4h 37m";"-0.00"
"848";"USTEC_ICM_UTC2";"Buy";"12548.2";"12630.7";"2020.12.21 18:30:00";"2020.12.21 19:30:00";"30.0";"2475.00";"12465.70020";"12630.70020";"-110388.36";"0.00";"IST";"PT";"1h 0m";"-0.00"
"849";"USTEC_ICM_UTC2";"Buy";"12698.3";"12615.8";"2020.12.22 17:15:00";"2020.12.22 18:37:00";"30.0";"-2475.00";"12615.79980";"12780.79980";"-112863.36";"0.00";"IST";"SL";"1h 22m";"-0.00"
"850";"USTEC_ICM_UTC2";"Buy";"12692.6";"12775.1";"2020.12.23 17:30:00";"2020.12.28 04:49:00";"30.0";"1559.40";"12610.09961";"12775.09961";"-111303.96";"0.00";"IST";"PT";"4d 11h 19m";"-915.60"
"851";"USTEC_ICM_UTC2";"Buy";"12815.3";"12897.8";"2020.12.28 18:00:00";"2020.12.29 09:51:00";"30.0";"2291.88";"12732.79980";"12897.79980";"-109012.08";"0.00";"IST";"PT";"15h 51m";"-183.12"
"852";"USTEC_ICM_UTC2";"Buy";"12886.4";"12803.9";"2020.12.29 18:00:00";"2020.12.31 18:58:00";"30.0";"-2841.24";"12803.90039";"12968.90039";"-111853.32";"0.00";"IST";"SL";"2d 0h 58m";"-366.24"
"853";"USTEC_ICM_UTC2";"Buy";"12834.4";"12883.9";"2020.12.31 19:45:00";"2020.12.31 23:14:00";"30.0";"1484.97";"12751.90039";"12916.90039";"-110368.34";"0.00";"IST";"EndTest";"3h 29m";"-0.00"
