"Ticket";"Symbol";"Type";"Open price";"Close price";"Open time";"Close time";"Size";"Profit/Loss";"Stop Loss price level";"Profit Target price level";"Balance";"Slippage ($)";"Sample type";"Close type";"Time in trade";"Comm/Swap"
"1";"USTEC_ICM_UTC2";"Buy";"4226.0";"4232.6";"2015.01.02 18:00:00";"2015.01.02 22:55:00";"30.0";"198.00";"4143.50000";"4308.50000";"50198.00";"0.00";"IST";"End Of Friday (Time)";"4h 55m";"-0.00"
"2";"USTEC_ICM_UTC2";"Buy";"4158.4";"4240.9";"2015.01.06 17:00:00";"2015.01.08 18:00:00";"30.0";"2108.76";"4075.89990";"4240.89990";"52306.76";"0.00";"IST";"PT";"2d 1h 0m";"-366.24"
"3";"USTEC_ICM_UTC2";"Buy";"4235.9";"4216.9";"2015.01.08 18:45:00";"2015.01.09 22:55:00";"30.0";"-753.12";"4153.39990";"4318.39990";"51553.64";"0.00";"IST";"End Of Friday (Time)";"1d 4h 10m";"-183.12"
"4";"USTEC_ICM_UTC2";"Buy";"4249.4";"4166.9";"2015.01.13 18:00:00";"2015.01.13 20:51:00";"30.0";"-2475.00";"4166.89990";"4331.89990";"49078.64";"0.00";"IST";"SL";"2h 51m";"-0.00"
"5";"USTEC_ICM_UTC2";"Buy";"4146.9";"4064.4";"2015.01.14 18:00:00";"2015.01.16 02:14:00";"30.0";"-2841.24";"4064.39990";"4229.39990";"46237.40";"0.00";"IST";"SL";"1d 8h 14m";"-366.24"
"6";"USTEC_ICM_UTC2";"Buy";"4099.4";"4141.0";"2015.01.16 17:30:00";"2015.01.16 22:55:00";"30.0";"1248.00";"4016.89990";"4181.89990";"47485.40";"0.00";"IST";"End Of Friday (Time)";"5h 25m";"-0.00"
"7";"USTEC_ICM_UTC2";"Buy";"4151.3";"4233.8";"2015.01.19 17:45:00";"2015.01.22 17:59:00";"30.0";"1925.64";"4068.80005";"4233.79980";"49411.04";"0.00";"IST";"PT";"3d 0h 14m";"-549.36"
"8";"USTEC_ICM_UTC2";"Buy";"4231.7";"4273.9";"2015.01.22 19:15:00";"2015.01.23 22:55:00";"30.0";"1082.88";"4149.20020";"4314.20020";"50493.92";"0.00";"IST";"End Of Friday (Time)";"1d 3h 40m";"-183.12"
"9";"USTEC_ICM_UTC2";"Buy";"4262.1";"4179.6";"2015.01.26 17:00:00";"2015.01.27 17:00:00";"30.0";"-2658.12";"4179.60010";"4344.60010";"47835.80";"0.00";"IST";"SL";"1d 0h 0m";"-183.12"
"10";"USTEC_ICM_UTC2";"Buy";"4196.8";"4114.3";"2015.01.27 21:15:00";"2015.01.29 16:41:00";"30.0";"-2841.24";"4114.29980";"4279.29980";"44994.56";"0.00";"IST";"SL";"1d 19h 26m";"-366.24"
"11";"USTEC_ICM_UTC2";"Buy";"4120.7";"4203.2";"2015.01.29 17:15:00";"2015.01.29 23:57:00";"30.0";"2475.00";"4038.19995";"4203.20020";"47469.56";"0.00";"IST";"PT";"6h 42m";"-0.00"
"12";"USTEC_ICM_UTC2";"Buy";"4177.9";"4149.5";"2015.01.30 18:00:00";"2015.01.30 22:55:00";"30.0";"-852.00";"4095.39990";"4260.39990";"46617.56";"0.00";"IST";"End Of Friday (Time)";"4h 55m";"-0.00"
"13";"USTEC_ICM_UTC2";"Buy";"4113.3";"4195.8";"2015.02.02 17:30:00";"2015.02.03 10:24:00";"30.0";"2291.88";"4030.80005";"4195.79980";"48909.44";"0.00";"IST";"PT";"16h 54m";"-183.12"
"14";"USTEC_ICM_UTC2";"Buy";"4226.8";"4224.7";"2015.02.04 20:00:00";"2015.02.06 22:55:00";"30.0";"-429.24";"4144.29980";"4309.29980";"48480.20";"0.00";"IST";"End Of Friday (Time)";"2d 2h 55m";"-366.24"
"15";"USTEC_ICM_UTC2";"Buy";"4216.7";"4299.2";"2015.02.09 18:15:00";"2015.02.11 17:40:00";"30.0";"2108.76";"4134.20020";"4299.20020";"50588.96";"0.00";"IST";"PT";"1d 23h 25m";"-366.24"
"16";"USTEC_ICM_UTC2";"Buy";"4300.9";"4380.5";"2015.02.11 19:00:00";"2015.02.13 22:55:00";"30.0";"2021.76";"4218.39990";"4383.39990";"52610.72";"0.00";"IST";"End Of Friday (Time)";"2d 3h 55m";"-366.24"
"17";"USTEC_ICM_UTC2";"Buy";"4385.2";"4437.8";"2015.02.16 17:45:00";"2015.02.20 22:55:00";"30.0";"845.52";"4302.70020";"4467.70020";"53456.24";"0.00";"IST";"End Of Friday (Time)";"4d 5h 10m";"-732.48"
"18";"USTEC_ICM_UTC2";"Buy";"4442.4";"4437.8";"2015.02.23 17:00:00";"2015.02.27 22:55:00";"30.0";"-870.48";"4359.89990";"4524.89990";"52585.76";"0.00";"IST";"End Of Friday (Time)";"4d 5h 55m";"-732.48"
"19";"USTEC_ICM_UTC2";"Buy";"4469.7";"4395.5";"2015.03.02 18:15:00";"2015.03.06 22:55:00";"30.0";"-2958.48";"4387.20020";"4552.20020";"49627.28";"0.00";"IST";"End Of Friday (Time)";"4d 4h 40m";"-732.48"
"20";"USTEC_ICM_UTC2";"Buy";"4398.7";"4316.2";"2015.03.09 18:30:00";"2015.03.11 16:46:00";"30.0";"-2841.24";"4316.20020";"4481.20020";"46786.04";"0.00";"IST";"SL";"1d 22h 16m";"-366.24"
"21";"USTEC_ICM_UTC2";"Buy";"4326.5";"4312.7";"2015.03.12 18:30:00";"2015.03.13 22:55:00";"30.0";"-597.12";"4244.00000";"4409.00000";"46188.92";"0.00";"IST";"End Of Friday (Time)";"1d 4h 25m";"-183.12"
"22";"USTEC_ICM_UTC2";"Buy";"4356.1";"4438.6";"2015.03.16 17:00:00";"2015.03.18 21:15:00";"30.0";"2108.76";"4273.60010";"4438.60010";"48297.68";"0.00";"IST";"PT";"2d 4h 15m";"-366.24"
"23";"USTEC_ICM_UTC2";"Buy";"4429.0";"4454.6";"2015.03.18 22:15:00";"2015.03.20 22:55:00";"30.0";"401.76";"4346.50000";"4511.50000";"48699.44";"0.00";"IST";"End Of Friday (Time)";"2d 0h 40m";"-366.24"
"24";"USTEC_ICM_UTC2";"Buy";"4456.8";"4374.3";"2015.03.23 17:30:00";"2015.03.25 17:40:00";"30.0";"-2841.24";"4374.29980";"4539.29980";"45858.20";"0.00";"IST";"SL";"2d 0h 10m";"-366.24"
"25";"USTEC_ICM_UTC2";"Buy";"4296.1";"4332.9";"2015.03.26 16:30:00";"2015.03.27 22:55:00";"30.0";"920.88";"4213.60010";"4378.60010";"46779.08";"0.00";"IST";"End Of Friday (Time)";"1d 6h 25m";"-183.12"
"26";"USTEC_ICM_UTC2";"Buy";"4366.0";"4283.5";"2015.03.30 17:45:00";"2015.04.01 03:56:00";"30.0";"-2841.24";"4283.50000";"4448.50000";"43937.84";"0.00";"IST";"SL";"1d 10h 11m";"-366.24"
"27";"USTEC_ICM_UTC2";"Buy";"4322.9";"4405.4";"2015.04.02 17:00:00";"2015.04.09 23:04:00";"30.0";"1193.16";"4240.39990";"4405.39990";"45131.00";"0.00";"IST";"PT";"7d 6h 4m";"-1281.84"
"28";"USTEC_ICM_UTC2";"Buy";"4414.2";"4419.7";"2015.04.10 19:15:00";"2015.04.10 22:55:00";"30.0";"165.00";"4331.70020";"4496.70020";"45296.00";"0.00";"IST";"End Of Friday (Time)";"3h 40m";"-0.00"
"29";"USTEC_ICM_UTC2";"Buy";"4439.2";"4356.7";"2015.04.13 18:30:00";"2015.04.17 17:03:00";"30.0";"-3207.48";"4356.70020";"4521.70020";"42088.52";"0.00";"IST";"SL";"3d 22h 33m";"-732.48"
"30";"USTEC_ICM_UTC2";"Buy";"4344.6";"4350.7";"2015.04.17 21:45:00";"2015.04.17 22:55:00";"30.0";"183.00";"4262.10010";"4427.10010";"42271.52";"0.00";"IST";"End Of Friday (Time)";"1h 10m";"-0.00"
"31";"USTEC_ICM_UTC2";"Buy";"4417.9";"4500.4";"2015.04.20 20:15:00";"2015.04.24 09:06:00";"30.0";"1742.52";"4335.39990";"4500.39990";"44014.04";"0.00";"IST";"PT";"3d 12h 51m";"-732.48"
"32";"USTEC_ICM_UTC2";"Buy";"4529.0";"4537.0";"2015.04.24 17:30:00";"2015.04.24 22:55:00";"30.0";"240.00";"4446.50000";"4611.50000";"44254.04";"0.00";"IST";"End Of Friday (Time)";"5h 25m";"-0.00"
"33";"USTEC_ICM_UTC2";"Buy";"4561.0";"4478.5";"2015.04.27 17:00:00";"2015.04.29 19:12:00";"30.0";"-2841.24";"4478.50000";"4643.50000";"41412.80";"0.00";"IST";"SL";"2d 2h 12m";"-366.24"
"34";"USTEC_ICM_UTC2";"Buy";"4492.9";"4410.4";"2015.04.29 22:30:00";"2015.04.30 21:58:00";"30.0";"-2658.12";"4410.39990";"4575.39990";"38754.68";"0.00";"IST";"SL";"23h 28m";"-183.12"
"35";"USTEC_ICM_UTC2";"Buy";"4449.0";"4475.5";"2015.05.01 18:00:00";"2015.05.01 22:55:00";"30.0";"795.00";"4366.50000";"4531.50000";"39549.68";"0.00";"IST";"End Of Friday (Time)";"4h 55m";"-0.00"
"36";"USTEC_ICM_UTC2";"Buy";"4495.9";"4413.4";"2015.05.04 18:15:00";"2015.05.05 20:20:00";"30.0";"-2658.12";"4413.39990";"4578.39990";"36891.56";"0.00";"IST";"SL";"1d 2h 5m";"-183.12"
"37";"USTEC_ICM_UTC2";"Buy";"4389.0";"4461.2";"2015.05.06 16:44:00";"2015.05.08 22:55:00";"30.0";"1799.76";"4306.50000";"4471.50000";"38691.32";"0.00";"IST";"End Of Friday (Time)";"2d 6h 11m";"-366.24"
"38";"USTEC_ICM_UTC2";"Buy";"4451.5";"4490.9";"2015.05.11 18:00:00";"2015.05.15 22:55:00";"30.0";"449.52";"4369.00000";"4534.00000";"39140.84";"0.00";"IST";"End Of Friday (Time)";"4d 4h 55m";"-732.48"
"39";"USTEC_ICM_UTC2";"Buy";"4498.8";"4530.0";"2015.05.18 18:15:00";"2015.05.22 22:55:00";"30.0";"203.52";"4416.29980";"4581.29980";"39344.36";"0.00";"IST";"End Of Friday (Time)";"4d 4h 40m";"-732.48"
"40";"USTEC_ICM_UTC2";"Buy";"4533.0";"4511.9";"2015.05.25 18:00:00";"2015.05.29 22:55:00";"30.0";"-1365.48";"4450.50000";"4615.50000";"37978.88";"0.00";"IST";"End Of Friday (Time)";"4d 4h 55m";"-732.48"
"41";"USTEC_ICM_UTC2";"Buy";"4493.0";"4477.9";"2015.06.01 17:15:00";"2015.06.05 22:55:00";"30.0";"-1185.48";"4410.50000";"4575.50000";"36793.40";"0.00";"IST";"End Of Friday (Time)";"4d 5h 40m";"-732.48"
"42";"USTEC_ICM_UTC2";"Buy";"4475.9";"4393.4";"2015.06.08 16:30:00";"2015.06.09 17:31:00";"30.0";"-2658.12";"4393.39990";"4558.39990";"34135.28";"0.00";"IST";"SL";"1d 1h 1m";"-183.12"
"43";"USTEC_ICM_UTC2";"Buy";"4424.9";"4507.4";"2015.06.09 19:45:00";"2015.06.11 16:32:00";"30.0";"2108.76";"4342.39990";"4507.39990";"36244.04";"0.00";"IST";"PT";"1d 20h 47m";"-366.24"
"44";"USTEC_ICM_UTC2";"Buy";"4492.0";"4455.0";"2015.06.11 18:00:00";"2015.06.12 22:55:00";"30.0";"-1293.12";"4409.50000";"4574.50000";"34950.92";"0.00";"IST";"End Of Friday (Time)";"1d 4h 55m";"-183.12"
"45";"USTEC_ICM_UTC2";"Buy";"4429.9";"4512.4";"2015.06.15 20:00:00";"2015.06.18 17:06:00";"30.0";"1925.64";"4347.39990";"4512.39990";"36876.56";"0.00";"IST";"PT";"2d 21h 6m";"-549.36"
"46";"USTEC_ICM_UTC2";"Buy";"4536.9";"4517.5";"2015.06.18 19:30:00";"2015.06.19 22:55:00";"30.0";"-765.12";"4454.39990";"4619.39990";"36111.44";"0.00";"IST";"End Of Friday (Time)";"1d 3h 25m";"-183.12"
"47";"USTEC_ICM_UTC2";"Buy";"4547.9";"4483.9";"2015.06.23 22:30:00";"2015.06.26 22:55:00";"30.0";"-2469.36";"4465.39990";"4630.39990";"33642.08";"0.00";"IST";"End Of Friday (Time)";"3d 0h 25m";"-549.36"
"48";"USTEC_ICM_UTC2";"Buy";"4433.9";"4351.4";"2015.06.29 18:00:00";"2015.07.07 17:42:00";"30.0";"-3939.96";"4351.39990";"4516.39990";"29702.12";"0.00";"IST";"SL";"7d 23h 42m";"-1464.96"
"49";"USTEC_ICM_UTC2";"Buy";"4418.0";"4427.5";"2015.07.07 21:45:00";"2015.07.10 22:55:00";"30.0";"-264.36";"4335.50000";"4500.50000";"29437.76";"0.00";"IST";"End Of Friday (Time)";"3d 1h 10m";"-549.36"
"50";"USTEC_ICM_UTC2";"Buy";"4481.4";"4563.9";"2015.07.13 18:00:00";"2015.07.16 11:34:00";"30.0";"1925.64";"4398.89990";"4563.89990";"31363.40";"0.00";"IST";"PT";"2d 17h 34m";"-549.36"
"51";"USTEC_ICM_UTC2";"Buy";"4569.0";"4651.5";"2015.07.16 17:00:00";"2015.07.17 21:34:00";"30.0";"2291.88";"4486.50000";"4651.50000";"33655.28";"0.00";"IST";"PT";"1d 4h 34m";"-183.12"
"52";"USTEC_ICM_UTC2";"Buy";"4653.9";"4657.9";"2015.07.17 22:30:00";"2015.07.17 22:55:00";"30.0";"120.00";"4571.39990";"4736.39990";"33775.28";"0.00";"IST";"End Of Friday (Time)";"25m 0s";"-0.00"
"53";"USTEC_ICM_UTC2";"Buy";"4683.0";"4600.5";"2015.07.20 21:15:00";"2015.07.22 16:17:00";"30.0";"-2841.24";"4600.50000";"4765.50000";"30934.04";"0.00";"IST";"SL";"1d 19h 2m";"-366.24"
"54";"USTEC_ICM_UTC2";"Buy";"4635.0";"4552.5";"2015.07.22 18:00:00";"2015.07.24 22:42:00";"30.0";"-2841.24";"4552.50000";"4717.50000";"28092.80";"0.00";"IST";"SL";"2d 4h 42m";"-366.24"
"55";"USTEC_ICM_UTC2";"Buy";"4540.5";"4590.5";"2015.07.27 17:00:00";"2015.07.31 22:55:00";"30.0";"767.52";"4458.00000";"4623.00000";"28860.32";"0.00";"IST";"End Of Friday (Time)";"4d 5h 55m";"-732.48"
"56";"USTEC_ICM_UTC2";"Buy";"4596.1";"4513.6";"2015.08.03 16:30:00";"2015.08.06 18:59:00";"30.0";"-3024.36";"4513.60010";"4678.60010";"25835.96";"0.00";"IST";"SL";"3d 2h 29m";"-549.36"
"57";"USTEC_ICM_UTC2";"Buy";"4529.9";"4517.3";"2015.08.07 17:00:00";"2015.08.07 22:55:00";"30.0";"-378.00";"4447.39990";"4612.39990";"25457.96";"0.00";"IST";"End Of Friday (Time)";"5h 55m";"-0.00"
"58";"USTEC_ICM_UTC2";"Buy";"4569.9";"4487.4";"2015.08.10 20:00:00";"2015.08.12 09:00:00";"30.0";"-2841.24";"4487.39990";"4652.39990";"22616.72";"0.00";"IST";"SL";"1d 13h 0m";"-366.24"
"59";"USTEC_ICM_UTC2";"Buy";"4463.0";"4549.0";"2015.08.12 17:00:00";"2015.08.13 09:00:00";"30.0";"2396.94";"4380.50000";"4545.50000";"25013.66";"0.00";"IST";"PT";"16h 0m";"-183.12"
"60";"USTEC_ICM_UTC2";"Buy";"4552.0";"4530.9";"2015.08.13 21:15:00";"2015.08.14 22:55:00";"30.0";"-816.12";"4469.50000";"4634.50000";"24197.54";"0.00";"IST";"End Of Friday (Time)";"1d 1h 40m";"-183.12"
"61";"USTEC_ICM_UTC2";"Buy";"4549.0";"4466.5";"2015.08.17 19:00:00";"2015.08.20 12:28:00";"30.0";"-3024.36";"4466.50000";"4631.50000";"21173.18";"0.00";"IST";"SL";"2d 17h 28m";"-549.36"
"62";"USTEC_ICM_UTC2";"Buy";"4434.5";"4339.0";"2015.08.20 17:45:00";"2015.08.21 09:00:00";"30.0";"-3048.48";"4352.00000";"4517.00000";"18124.70";"0.00";"IST";"SL";"15h 15m";"-183.12"
"63";"USTEC_ICM_UTC2";"Buy";"4306.8";"4224.3";"2015.08.21 18:00:00";"2015.08.21 22:11:00";"30.0";"-2475.00";"4224.29980";"4389.29980";"15649.70";"0.00";"IST";"SL";"4h 11m";"-0.00"
"64";"USTEC_ICM_UTC2";"Buy";"4045.7";"3963.2";"2015.08.24 16:45:00";"2015.08.24 16:53:00";"30.0";"-2475.00";"3963.19995";"4128.20020";"13174.70";"0.00";"IST";"SL";"8m 0s";"-0.00"
"65";"USTEC_ICM_UTC2";"Buy";"4161.7";"4079.2";"2015.08.25 17:00:00";"2015.08.25 22:39:00";"30.0";"-2475.00";"4079.19995";"4244.20020";"10699.70";"0.00";"IST";"SL";"5h 39m";"-0.00"
"66";"USTEC_ICM_UTC2";"Buy";"4114.9";"4197.4";"2015.08.26 16:45:00";"2015.08.26 22:20:00";"30.0";"2475.00";"4032.39990";"4197.39990";"13174.70";"0.00";"IST";"PT";"5h 35m";"-0.00"
"67";"USTEC_ICM_UTC2";"Buy";"4318.1";"4321.0";"2015.08.28 16:45:00";"2015.08.28 22:55:00";"30.0";"87.00";"4235.60010";"4400.60010";"13261.70";"0.00";"IST";"End Of Friday (Time)";"6h 10m";"-0.00"
"68";"USTEC_ICM_UTC2";"Buy";"4308.0";"4186.0";"2015.08.31 18:30:00";"2015.09.01 09:00:00";"30.0";"-3843.15";"4225.50000";"4390.50000";"9418.55";"0.00";"IST";"SL";"14h 30m";"-183.12"
"69";"USTEC_ICM_UTC2";"Buy";"4218.5";"4136.0";"2015.09.01 17:30:00";"2015.09.01 22:40:00";"30.0";"-2475.00";"4136.00000";"4301.00000";"6943.55";"0.00";"IST";"SL";"5h 10m";"-0.00"
"70";"USTEC_ICM_UTC2";"Buy";"4204.0";"4286.5";"2015.09.02 17:15:00";"2015.09.03 10:46:00";"30.0";"2291.88";"4121.50000";"4286.50000";"9235.43";"0.00";"IST";"PT";"17h 31m";"-183.12"
"71";"USTEC_ICM_UTC2";"Buy";"4193.4";"4196.0";"2015.09.04 18:30:00";"2015.09.04 22:55:00";"30.0";"78.00";"4110.89990";"4275.89990";"9313.43";"0.00";"IST";"End Of Friday (Time)";"4h 25m";"-0.00"
"72";"USTEC_ICM_UTC2";"Buy";"4298.0";"4313.9";"2015.09.08 22:45:00";"2015.09.11 22:55:00";"30.0";"-72.36";"4215.50000";"4380.50000";"9241.07";"0.00";"IST";"End Of Friday (Time)";"3d 0h 10m";"-549.36"
"73";"USTEC_ICM_UTC2";"Buy";"4316.0";"4398.5";"2015.09.15 17:00:00";"2015.09.17 20:19:00";"30.0";"2108.76";"4233.50000";"4398.50000";"11349.83";"0.00";"IST";"PT";"2d 3h 19m";"-366.24"
"74";"USTEC_ICM_UTC2";"Buy";"4398.7";"4316.2";"2015.09.17 21:30:00";"2015.09.18 16:17:00";"30.0";"-2658.12";"4316.20020";"4481.20020";"8691.71";"0.00";"IST";"SL";"18h 47m";"-183.12"
"75";"USTEC_ICM_UTC2";"Buy";"4337.6";"4325.2";"2015.09.18 19:45:00";"2015.09.18 22:55:00";"30.0";"-372.00";"4255.10010";"4420.10010";"8319.71";"0.00";"IST";"End Of Friday (Time)";"3h 10m";"-0.00"
"76";"USTEC_ICM_UTC2";"Buy";"4350.0";"4267.5";"2015.09.21 17:00:00";"2015.09.22 13:06:00";"30.0";"-2658.12";"4267.50000";"4432.50000";"5661.59";"0.00";"IST";"SL";"20h 6m";"-183.12"
"77";"USTEC_ICM_UTC2";"Buy";"4243.2";"4225.1";"2015.09.22 20:15:00";"2015.09.25 22:55:00";"30.0";"-1092.36";"4160.70020";"4325.70020";"4569.23";"0.00";"IST";"End Of Friday (Time)";"3d 2h 40m";"-549.36"
"78";"USTEC_ICM_UTC2";"Buy";"4170.3";"4087.8";"2015.09.28 17:30:00";"2015.09.29 09:00:00";"30.0";"-2658.12";"4087.80005";"4252.79980";"1911.11";"0.00";"IST";"SL";"15h 30m";"-183.12"
"79";"USTEC_ICM_UTC2";"Buy";"4122.9";"4219.0";"2015.09.29 17:00:00";"2015.10.01 09:00:00";"30.0";"2515.35";"4040.39990";"4205.39990";"4426.46";"0.00";"IST";"PT";"1d 16h 0m";"-366.24"
"80";"USTEC_ICM_UTC2";"Buy";"4212.6";"4263.1";"2015.10.02 21:00:00";"2015.10.02 22:55:00";"30.0";"1515.00";"4130.10010";"4295.10010";"5941.46";"0.00";"IST";"End Of Friday (Time)";"1h 55m";"-0.00"
"81";"USTEC_ICM_UTC2";"Buy";"4332.0";"4366.8";"2015.10.05 22:15:00";"2015.10.09 22:55:00";"30.0";"311.52";"4249.50000";"4414.50000";"6252.98";"0.00";"IST";"End Of Friday (Time)";"4d 0h 40m";"-732.48"
"82";"USTEC_ICM_UTC2";"Buy";"4370.9";"4434.3";"2015.10.12 17:45:00";"2015.10.16 22:55:00";"30.0";"1169.52";"4288.39990";"4453.39990";"7422.50";"0.00";"IST";"End Of Friday (Time)";"4d 5h 10m";"-732.48"
"83";"USTEC_ICM_UTC2";"Buy";"4458.7";"4582.1";"2015.10.19 19:45:00";"2015.10.23 09:00:00";"30.0";"2970.24";"4376.20020";"4541.20020";"10392.74";"0.00";"IST";"PT";"3d 13h 15m";"-732.48"
"84";"USTEC_ICM_UTC2";"Buy";"4627.0";"4627.9";"2015.10.23 17:00:00";"2015.10.23 22:55:00";"30.0";"27.00";"4544.50000";"4709.50000";"10419.74";"0.00";"IST";"End Of Friday (Time)";"5h 55m";"-0.00"
"85";"USTEC_ICM_UTC2";"Buy";"4626.0";"4708.5";"2015.10.26 17:45:00";"2015.11.03 18:35:00";"30.0";"1010.04";"4543.50000";"4708.50000";"11429.78";"0.00";"IST";"PT";"8d 0h 50m";"-1464.96"
"86";"USTEC_ICM_UTC2";"Buy";"4717.2";"4701.5";"2015.11.03 20:00:00";"2015.11.06 22:55:00";"30.0";"-1020.36";"4634.70020";"4799.70020";"10409.42";"0.00";"IST";"End Of Friday (Time)";"3d 2h 55m";"-549.36"
"87";"USTEC_ICM_UTC2";"Buy";"4633.2";"4550.7";"2015.11.10 20:45:00";"2015.11.13 17:05:00";"30.0";"-3024.36";"4550.70020";"4715.70020";"7385.06";"0.00";"IST";"SL";"2d 20h 20m";"-549.36"
"88";"USTEC_ICM_UTC2";"Buy";"4536.6";"4506.7";"2015.11.13 17:45:00";"2015.11.13 22:55:00";"30.0";"-897.00";"4454.10010";"4619.10010";"6488.06";"0.00";"IST";"End Of Friday (Time)";"5h 10m";"-0.00"
"89";"USTEC_ICM_UTC2";"Buy";"4511.5";"4594.0";"2015.11.16 16:45:00";"2015.11.17 18:31:00";"30.0";"2291.88";"4429.00000";"4594.00000";"8779.94";"0.00";"IST";"PT";"1d 1h 46m";"-183.12"
"90";"USTEC_ICM_UTC2";"Buy";"4593.0";"4675.5";"2015.11.18 17:00:00";"2015.11.19 20:05:00";"30.0";"2291.88";"4510.50000";"4675.50000";"11071.82";"0.00";"IST";"PT";"1d 3h 5m";"-183.12"
"91";"USTEC_ICM_UTC2";"Buy";"4668.9";"4682.7";"2015.11.19 21:00:00";"2015.11.20 22:55:00";"30.0";"230.88";"4586.39990";"4751.39990";"11302.70";"0.00";"IST";"End Of Friday (Time)";"1d 1h 55m";"-183.12"
"92";"USTEC_ICM_UTC2";"Buy";"4700.3";"4617.8";"2015.11.23 17:30:00";"2015.12.03 20:02:00";"30.0";"-4306.20";"4617.79980";"4782.79980";"6996.50";"0.00";"IST";"SL";"10d 2h 32m";"-1831.20"
"93";"USTEC_ICM_UTC2";"Buy";"4621.6";"4704.1";"2015.12.04 16:30:00";"2015.12.04 19:59:00";"30.0";"2475.00";"4539.10010";"4704.10010";"9471.50";"0.00";"IST";"PT";"3h 29m";"-0.00"
"94";"USTEC_ICM_UTC2";"Buy";"4680.2";"4597.7";"2015.12.08 17:45:00";"2015.12.09 19:43:00";"30.0";"-2658.12";"4597.70020";"4762.70020";"6813.38";"0.00";"IST";"SL";"1d 1h 58m";"-183.12"
"95";"USTEC_ICM_UTC2";"Buy";"4642.8";"4560.3";"2015.12.10 22:45:00";"2015.12.11 18:35:00";"30.0";"-2658.12";"4560.29980";"4725.29980";"4155.26";"0.00";"IST";"SL";"19h 50m";"-183.12"
"96";"USTEC_ICM_UTC2";"Buy";"4535.9";"4536.0";"2015.12.11 22:45:00";"2015.12.11 22:55:00";"30.0";"3.00";"4453.39990";"4618.39990";"4158.26";"0.00";"IST";"End Of Friday (Time)";"10m 0s";"-0.00"
"97";"USTEC_ICM_UTC2";"Buy";"4528.9";"4611.4";"2015.12.14 17:00:00";"2015.12.15 15:56:00";"30.0";"2291.88";"4446.39990";"4611.39990";"6450.14";"0.00";"IST";"PT";"22h 56m";"-183.12"
"98";"USTEC_ICM_UTC2";"Buy";"4619.7";"4537.2";"2015.12.15 18:30:00";"2015.12.18 19:36:00";"30.0";"-3024.36";"4537.20020";"4702.20020";"3425.78";"0.00";"IST";"SL";"3d 1h 6m";"-549.36"
"99";"USTEC_ICM_UTC2";"Buy";"4532.4";"4523.6";"2015.12.18 20:00:00";"2015.12.18 22:55:00";"30.0";"-264.00";"4449.89990";"4614.89990";"3161.78";"0.00";"IST";"End Of Friday (Time)";"2h 55m";"-0.00"
"100";"USTEC_ICM_UTC2";"Buy";"4550.6";"4633.1";"2015.12.21 17:15:00";"2015.12.24 16:36:00";"30.0";"1925.64";"4468.10010";"4633.10010";"5087.42";"0.00";"IST";"PT";"2d 23h 21m";"-549.36"
"101";"USTEC_ICM_UTC2";"Buy";"4637.0";"4547.9";"2015.12.24 19:00:00";"2016.01.04 09:00:00";"30.0";"-4686.63";"4554.50000";"4719.50000";"400.79";"0.00";"IST";"SL";"10d 14h 0m";"-2014.32"
"102";"USTEC_ICM_UTC2";"Buy";"4451.7";"4369.2";"2016.01.04 18:00:00";"2016.01.07 09:40:00";"30.0";"-3024.36";"4369.20020";"4534.20020";"-2623.57";"0.00";"IST";"SL";"2d 15h 40m";"-549.36"
"103";"USTEC_ICM_UTC2";"Buy";"4372.0";"4289.5";"2016.01.07 17:30:00";"2016.01.08 18:33:00";"30.0";"-2658.12";"4289.50000";"4454.50000";"-5281.69";"0.00";"IST";"SL";"1d 1h 3m";"-183.12"
"104";"USTEC_ICM_UTC2";"Buy";"4317.0";"4267.8";"2016.01.08 21:45:00";"2016.01.08 22:55:00";"30.0";"-1476.00";"4234.50000";"4399.50000";"-6757.69";"0.00";"IST";"End Of Friday (Time)";"1h 10m";"-0.00"
"105";"USTEC_ICM_UTC2";"Buy";"4283.8";"4366.3";"2016.01.11 17:15:00";"2016.01.13 10:45:00";"30.0";"2108.76";"4201.29980";"4366.29980";"-4648.93";"0.00";"IST";"PT";"1d 17h 30m";"-366.24"
"106";"USTEC_ICM_UTC2";"Buy";"4164.9";"4247.4";"2016.01.14 17:15:00";"2016.01.14 19:32:00";"30.0";"2475.00";"4082.39990";"4247.39990";"-2173.93";"0.00";"IST";"PT";"2h 17m";"-0.00"
"107";"USTEC_ICM_UTC2";"Buy";"4142.0";"4141.0";"2016.01.15 18:30:00";"2016.01.15 22:55:00";"30.0";"-30.00";"4059.50000";"4224.50000";"-2203.93";"0.00";"IST";"End Of Friday (Time)";"4h 25m";"-0.00"
"108";"USTEC_ICM_UTC2";"Buy";"4051.9";"4134.4";"2016.01.20 17:30:00";"2016.01.20 22:15:00";"30.0";"2475.00";"3969.39990";"4134.39990";"271.07";"0.00";"IST";"PT";"4h 45m";"-0.00"
"109";"USTEC_ICM_UTC2";"Buy";"4158.3";"4240.8";"2016.01.21 18:30:00";"2016.01.22 17:00:00";"30.0";"2291.88";"4075.80005";"4240.79980";"2562.95";"0.00";"IST";"PT";"22h 30m";"-183.12"
"110";"USTEC_ICM_UTC2";"Buy";"4251.1";"4258.3";"2016.01.22 22:00:00";"2016.01.22 22:55:00";"30.0";"216.00";"4168.60010";"4333.60010";"2778.95";"0.00";"IST";"End Of Friday (Time)";"55m 0s";"-0.00"
"111";"USTEC_ICM_UTC2";"Buy";"4246.0";"4163.5";"2016.01.25 18:00:00";"2016.01.26 09:57:00";"30.0";"-2658.12";"4163.50000";"4328.50000";"120.83";"0.00";"IST";"SL";"15h 57m";"-183.12"
"112";"USTEC_ICM_UTC2";"Buy";"4209.9";"4127.4";"2016.01.26 17:15:00";"2016.01.27 22:02:00";"30.0";"-2658.12";"4127.39990";"4292.39990";"-2537.29";"0.00";"IST";"SL";"1d 4h 47m";"-183.12"
"113";"USTEC_ICM_UTC2";"Buy";"4156.0";"4238.5";"2016.01.28 18:00:00";"2016.01.29 18:54:00";"30.0";"2291.88";"4073.50000";"4238.50000";"-245.41";"0.00";"IST";"PT";"1d 0h 54m";"-183.12"
"114";"USTEC_ICM_UTC2";"Buy";"4255.0";"4272.9";"2016.01.29 20:45:00";"2016.01.29 22:55:00";"30.0";"537.00";"4172.50000";"4337.50000";"291.59";"0.00";"IST";"End Of Friday (Time)";"2h 10m";"-0.00"
"115";"USTEC_ICM_UTC2";"Buy";"4274.0";"4191.5";"2016.02.01 18:45:00";"2016.02.02 21:24:00";"30.0";"-2658.12";"4191.50000";"4356.50000";"-2366.53";"0.00";"IST";"SL";"1d 2h 39m";"-183.12"
"116";"USTEC_ICM_UTC2";"Buy";"4123.3";"4207.2";"2016.02.03 17:30:00";"2016.02.04 09:00:00";"30.0";"2333.97";"4040.80005";"4205.79980";"-32.56";"0.00";"IST";"PT";"15h 30m";"-183.12"
"117";"USTEC_ICM_UTC2";"Buy";"4140.9";"4058.4";"2016.02.04 21:30:00";"2016.02.05 18:05:00";"30.0";"-2658.12";"4058.39990";"4223.39990";"-2690.68";"0.00";"IST";"SL";"20h 35m";"-183.12"
"118";"USTEC_ICM_UTC2";"Buy";"3944.7";"4027.2";"2016.02.08 17:00:00";"2016.02.10 17:25:00";"30.0";"2108.76";"3862.19995";"4027.19995";"-581.92";"0.00";"IST";"PT";"2d 0h 25m";"-366.24"
"119";"USTEC_ICM_UTC2";"Buy";"4002.9";"3920.4";"2016.02.10 18:30:00";"2016.02.11 10:20:00";"30.0";"-2658.12";"3920.39990";"4085.39990";"-3240.04";"0.00";"IST";"SL";"15h 50m";"-183.12"
"120";"USTEC_ICM_UTC2";"Buy";"3923.2";"4005.7";"2016.02.11 18:00:00";"2016.02.12 11:33:00";"30.0";"2291.88";"3840.69995";"4005.69995";"-948.16";"0.00";"IST";"PT";"17h 33m";"-183.12"
"121";"USTEC_ICM_UTC2";"Buy";"4090.4";"4172.9";"2016.02.16 20:00:00";"2016.02.17 17:56:00";"30.0";"2291.88";"4007.89990";"4172.89990";"1343.72";"0.00";"IST";"PT";"21h 56m";"-183.12"
"122";"USTEC_ICM_UTC2";"Buy";"4173.9";"4165.4";"2016.02.17 18:45:00";"2016.02.19 22:55:00";"30.0";"-621.24";"4091.39990";"4256.39990";"722.48";"0.00";"IST";"End Of Friday (Time)";"2d 4h 10m";"-366.24"
"123";"USTEC_ICM_UTC2";"Buy";"4211.6";"4129.1";"2016.02.23 16:45:00";"2016.02.24 11:36:00";"30.0";"-2658.12";"4129.10010";"4294.10010";"-1935.64";"0.00";"IST";"SL";"18h 51m";"-183.12"
"124";"USTEC_ICM_UTC2";"Buy";"4101.2";"4183.7";"2016.02.24 17:15:00";"2016.02.24 21:26:00";"30.0";"2475.00";"4018.69995";"4183.70020";"539.36";"0.00";"IST";"PT";"4h 11m";"-0.00"
"125";"USTEC_ICM_UTC2";"Buy";"4221.7";"4239.1";"2016.02.25 22:15:00";"2016.02.26 22:55:00";"30.0";"338.88";"4139.20020";"4304.20020";"878.24";"0.00";"IST";"End Of Friday (Time)";"1d 0h 40m";"-183.12"
"126";"USTEC_ICM_UTC2";"Buy";"4255.9";"4355.3";"2016.02.29 19:30:00";"2016.03.02 09:00:00";"30.0";"2616.03";"4173.39990";"4338.39990";"3494.27";"0.00";"IST";"PT";"1d 13h 30m";"-366.24"
"127";"USTEC_ICM_UTC2";"Buy";"4309.7";"4326.8";"2016.03.02 21:30:00";"2016.03.04 22:55:00";"30.0";"146.76";"4227.20020";"4392.20020";"3641.03";"0.00";"IST";"End Of Friday (Time)";"2d 1h 25m";"-366.24"
"128";"USTEC_ICM_UTC2";"Buy";"4290.5";"4357.7";"2016.03.07 17:30:00";"2016.03.11 22:55:00";"30.0";"1283.52";"4208.00000";"4373.00000";"4924.55";"0.00";"IST";"End Of Friday (Time)";"4d 5h 25m";"-732.48"
"129";"USTEC_ICM_UTC2";"Buy";"4367.1";"4449.6";"2016.03.14 17:30:00";"2016.03.22 19:36:00";"30.0";"1010.04";"4284.60010";"4449.60010";"5934.59";"0.00";"IST";"PT";"8d 2h 6m";"-1464.96"
"130";"USTEC_ICM_UTC2";"Buy";"4447.9";"4530.4";"2016.03.22 20:45:00";"2016.04.01 22:45:00";"30.0";"643.80";"4365.39990";"4530.39990";"6578.39";"0.00";"IST";"PT";"10d 2h 0m";"-1831.20"
"131";"USTEC_ICM_UTC2";"Buy";"4473.9";"4469.5";"2016.04.05 16:45:00";"2016.04.08 22:55:00";"30.0";"-681.36";"4391.39990";"4556.39990";"5897.03";"0.00";"IST";"End Of Friday (Time)";"3d 6h 10m";"-549.36"
"132";"USTEC_ICM_UTC2";"Buy";"4503.1";"4542.9";"2016.04.11 17:00:00";"2016.04.15 22:55:00";"30.0";"461.52";"4420.60010";"4585.60010";"6358.55";"0.00";"IST";"End Of Friday (Time)";"4d 5h 55m";"-732.48"
"133";"USTEC_ICM_UTC2";"Buy";"4553.0";"4470.5";"2016.04.18 18:45:00";"2016.04.22 17:19:00";"30.0";"-3207.48";"4470.50000";"4635.50000";"3151.07";"0.00";"IST";"SL";"3d 22h 34m";"-732.48"
"134";"USTEC_ICM_UTC2";"Buy";"4446.4";"4473.7";"2016.04.22 18:15:00";"2016.04.22 22:55:00";"30.0";"819.00";"4363.89990";"4528.89990";"3970.07";"0.00";"IST";"End Of Friday (Time)";"4h 40m";"-0.00"
"135";"USTEC_ICM_UTC2";"Buy";"4458.9";"4376.4";"2016.04.25 19:15:00";"2016.04.28 22:15:00";"30.0";"-3024.36";"4376.39990";"4541.39990";"945.71";"0.00";"IST";"SL";"3d 3h 0m";"-549.36"
"136";"USTEC_ICM_UTC2";"Buy";"4356.5";"4340.2";"2016.04.29 16:45:00";"2016.04.29 22:55:00";"30.0";"-489.00";"4274.00000";"4439.00000";"456.71";"0.00";"IST";"End Of Friday (Time)";"6h 10m";"-0.00"
"137";"USTEC_ICM_UTC2";"Buy";"4340.2";"4325.8";"2016.05.03 19:30:00";"2016.05.06 22:55:00";"30.0";"-981.36";"4257.70020";"4422.70020";"-524.65";"0.00";"IST";"End Of Friday (Time)";"3d 3h 25m";"-549.36"
"138";"USTEC_ICM_UTC2";"Buy";"4378.6";"4325.4";"2016.05.10 18:30:00";"2016.05.13 22:55:00";"30.0";"-2145.36";"4296.10010";"4461.10010";"-2670.01";"0.00";"IST";"End Of Friday (Time)";"3d 4h 25m";"-549.36"
"139";"USTEC_ICM_UTC2";"Buy";"4349.2";"4361.8";"2016.05.16 17:00:00";"2016.05.20 22:55:00";"30.0";"-354.48";"4266.70020";"4431.70020";"-3024.49";"0.00";"IST";"End Of Friday (Time)";"4d 5h 55m";"-732.48"
"140";"USTEC_ICM_UTC2";"Buy";"4377.3";"4459.8";"2016.05.23 18:15:00";"2016.05.25 09:21:00";"30.0";"2108.76";"4294.79980";"4459.79980";"-915.73";"0.00";"IST";"PT";"1d 15h 6m";"-366.24"
"141";"USTEC_ICM_UTC2";"Buy";"4480.4";"4509.4";"2016.05.25 21:45:00";"2016.05.27 22:55:00";"30.0";"503.76";"4397.89990";"4562.89990";"-411.97";"0.00";"IST";"End Of Friday (Time)";"2d 1h 10m";"-366.24"
"142";"USTEC_ICM_UTC2";"Buy";"4517.7";"4512.5";"2016.05.30 17:00:00";"2016.06.03 22:55:00";"30.0";"-888.48";"4435.20020";"4600.20020";"-1300.45";"0.00";"IST";"End Of Friday (Time)";"4d 5h 55m";"-732.48"
"143";"USTEC_ICM_UTC2";"Buy";"4528.0";"4458.3";"2016.06.06 18:45:00";"2016.06.10 22:55:00";"30.0";"-2823.48";"4445.50000";"4610.50000";"-4123.93";"0.00";"IST";"End Of Friday (Time)";"4d 4h 10m";"-732.48"
"144";"USTEC_ICM_UTC2";"Buy";"4437.6";"4371.9";"2016.06.13 16:45:00";"2016.06.17 22:55:00";"30.0";"-2703.48";"4355.10010";"4520.10010";"-6827.41";"0.00";"IST";"End Of Friday (Time)";"4d 6h 10m";"-732.48"
"145";"USTEC_ICM_UTC2";"Buy";"4432.4";"4254.8";"2016.06.20 16:45:00";"2016.06.24 09:00:00";"30.0";"-6061.35";"4349.89990";"4514.89990";"-12888.76";"0.00";"IST";"SL";"3d 16h 15m";"-732.48"
"146";"USTEC_ICM_UTC2";"Buy";"4354.5";"4307.6";"2016.06.24 16:45:00";"2016.06.24 22:55:00";"30.0";"-1407.00";"4272.00000";"4437.00000";"-14295.76";"0.00";"IST";"End Of Friday (Time)";"6h 10m";"-0.00"
"147";"USTEC_ICM_UTC2";"Buy";"4228.4";"4310.9";"2016.06.27 17:00:00";"2016.06.29 11:11:00";"30.0";"2108.76";"4145.89990";"4310.89990";"-12187.00";"0.00";"IST";"PT";"1d 18h 11m";"-366.24"
"148";"USTEC_ICM_UTC2";"Buy";"4361.0";"4443.5";"2016.06.29 20:30:00";"2016.07.01 17:01:00";"30.0";"2108.76";"4278.50000";"4443.50000";"-10078.24";"0.00";"IST";"PT";"1d 20h 31m";"-366.24"
"149";"USTEC_ICM_UTC2";"Buy";"4446.8";"4439.8";"2016.07.01 19:00:00";"2016.07.01 22:55:00";"30.0";"-210.00";"4364.29980";"4529.29980";"-10288.24";"0.00";"IST";"End Of Friday (Time)";"3h 55m";"-0.00"
"150";"USTEC_ICM_UTC2";"Buy";"4403.9";"4486.4";"2016.07.05 18:30:00";"2016.07.08 15:30:00";"30.0";"1925.64";"4321.39990";"4486.39990";"-8362.60";"0.00";"IST";"PT";"2d 21h 0m";"-549.36"
"151";"USTEC_ICM_UTC2";"Buy";"4516.6";"4527.2";"2016.07.08 20:00:00";"2016.07.08 22:55:00";"30.0";"318.00";"4434.10010";"4599.10010";"-8044.60";"0.00";"IST";"End Of Friday (Time)";"2h 55m";"-0.00"
"152";"USTEC_ICM_UTC2";"Buy";"4562.5";"4587.5";"2016.07.11 21:00:00";"2016.07.15 22:55:00";"30.0";"17.52";"4480.00000";"4645.00000";"-8027.08";"0.00";"IST";"End Of Friday (Time)";"4d 1h 55m";"-732.48"
"153";"USTEC_ICM_UTC2";"Buy";"4625.4";"4663.1";"2016.07.18 19:00:00";"2016.07.22 22:55:00";"30.0";"398.52";"4542.89990";"4707.89990";"-7628.56";"0.00";"IST";"End Of Friday (Time)";"4d 3h 55m";"-732.48"
"154";"USTEC_ICM_UTC2";"Buy";"4660.1";"4742.6";"2016.07.25 18:30:00";"2016.07.29 19:05:00";"30.0";"1742.52";"4577.60010";"4742.60010";"-5886.04";"0.00";"IST";"PT";"4d 0h 35m";"-732.48"
"155";"USTEC_ICM_UTC2";"Buy";"4734.8";"4735.0";"2016.07.29 20:15:00";"2016.07.29 22:55:00";"30.0";"6.00";"4652.29980";"4817.29980";"-5880.04";"0.00";"IST";"End Of Friday (Time)";"2h 40m";"-0.00"
"156";"USTEC_ICM_UTC2";"Buy";"4748.3";"4789.5";"2016.08.01 19:45:00";"2016.08.05 22:55:00";"30.0";"503.52";"4665.79980";"4830.79980";"-5376.52";"0.00";"IST";"End Of Friday (Time)";"4d 3h 10m";"-732.48"
"157";"USTEC_ICM_UTC2";"Buy";"4809.7";"4804.8";"2016.08.09 19:15:00";"2016.08.12 22:55:00";"30.0";"-696.36";"4727.20020";"4892.20020";"-6072.88";"0.00";"IST";"End Of Friday (Time)";"3d 3h 40m";"-549.36"
"158";"USTEC_ICM_UTC2";"Buy";"4836.6";"4805.5";"2016.08.15 19:30:00";"2016.08.19 22:55:00";"30.0";"-1665.48";"4754.10010";"4919.10010";"-7738.36";"0.00";"IST";"End Of Friday (Time)";"4d 3h 25m";"-732.48"
"159";"USTEC_ICM_UTC2";"Buy";"4811.9";"4780.7";"2016.08.22 18:15:00";"2016.08.26 22:55:00";"30.0";"-1668.48";"4729.39990";"4894.39990";"-9406.84";"0.00";"IST";"End Of Friday (Time)";"4d 4h 40m";"-732.48"
"160";"USTEC_ICM_UTC2";"Buy";"4791.3";"4796.7";"2016.08.29 18:00:00";"2016.09.02 22:55:00";"30.0";"-570.48";"4708.79980";"4873.79980";"-9977.32";"0.00";"IST";"End Of Friday (Time)";"4d 4h 55m";"-732.48"
"161";"USTEC_ICM_UTC2";"Buy";"4807.4";"4724.9";"2016.09.06 17:45:00";"2016.09.09 19:18:00";"30.0";"-3024.36";"4724.89990";"4889.89990";"-13001.68";"0.00";"IST";"SL";"3d 1h 33m";"-549.36"
"162";"USTEC_ICM_UTC2";"Buy";"4689.1";"4771.6";"2016.09.12 16:45:00";"2016.09.12 22:42:00";"30.0";"2475.00";"4606.60010";"4771.60010";"-10526.68";"0.00";"IST";"PT";"5h 57m";"-0.00"
"163";"USTEC_ICM_UTC2";"Buy";"4720.6";"4803.1";"2016.09.13 21:45:00";"2016.09.15 18:30:00";"30.0";"2108.76";"4638.10010";"4803.10010";"-8417.92";"0.00";"IST";"PT";"1d 20h 45m";"-366.24"
"164";"USTEC_ICM_UTC2";"Buy";"4802.7";"4817.8";"2016.09.15 19:15:00";"2016.09.16 22:55:00";"30.0";"269.88";"4720.20020";"4885.20020";"-8148.04";"0.00";"IST";"End Of Friday (Time)";"1d 3h 40m";"-183.12"
"165";"USTEC_ICM_UTC2";"Buy";"4809.6";"4892.1";"2016.09.20 18:00:00";"2016.09.22 20:05:00";"30.0";"2108.76";"4727.10010";"4892.10010";"-6039.28";"0.00";"IST";"PT";"2d 2h 5m";"-366.24"
"166";"USTEC_ICM_UTC2";"Buy";"4878.2";"4864.7";"2016.09.23 19:15:00";"2016.09.23 22:55:00";"30.0";"-405.00";"4795.70020";"4960.70020";"-6444.28";"0.00";"IST";"End Of Friday (Time)";"3h 40m";"-0.00"
"167";"USTEC_ICM_UTC2";"Buy";"4822.2";"4885.2";"2016.09.26 17:00:00";"2016.09.30 22:55:00";"30.0";"1157.52";"4739.70020";"4904.70020";"-5286.76";"0.00";"IST";"End Of Friday (Time)";"4d 5h 55m";"-732.48"
"168";"USTEC_ICM_UTC2";"Buy";"4855.8";"4867.2";"2016.10.03 19:15:00";"2016.10.07 22:55:00";"30.0";"-390.48";"4773.29980";"4938.29980";"-5677.24";"0.00";"IST";"End Of Friday (Time)";"4d 3h 40m";"-732.48"
"169";"USTEC_ICM_UTC2";"Buy";"4900.0";"4817.5";"2016.10.10 18:45:00";"2016.10.11 20:45:00";"30.0";"-2658.12";"4817.50000";"4982.50000";"-8335.36";"0.00";"IST";"SL";"1d 2h 0m";"-183.12"
"170";"USTEC_ICM_UTC2";"Buy";"4820.5";"4811.0";"2016.10.12 17:00:00";"2016.10.14 22:55:00";"30.0";"-651.24";"4738.00000";"4903.00000";"-8986.60";"0.00";"IST";"End Of Friday (Time)";"2d 5h 55m";"-366.24"
"171";"USTEC_ICM_UTC2";"Buy";"4801.0";"4851.5";"2016.10.17 17:15:00";"2016.10.21 22:55:00";"30.0";"782.52";"4718.50000";"4883.50000";"-8204.08";"0.00";"IST";"End Of Friday (Time)";"4d 5h 40m";"-732.48"
"172";"USTEC_ICM_UTC2";"Buy";"4899.8";"4817.3";"2016.10.24 18:00:00";"2016.10.28 09:06:00";"30.0";"-3207.48";"4817.29980";"4982.29980";"-11411.56";"0.00";"IST";"SL";"3d 15h 6m";"-732.48"
"173";"USTEC_ICM_UTC2";"Buy";"4832.9";"4802.8";"2016.10.28 17:00:00";"2016.10.28 22:55:00";"30.0";"-903.00";"4750.39990";"4915.39990";"-12314.56";"0.00";"IST";"End Of Friday (Time)";"5h 55m";"-0.00"
"174";"USTEC_ICM_UTC2";"Buy";"4790.4";"4699.3";"2016.11.01 16:30:00";"2016.11.03 08:00:00";"30.0";"-3100.14";"4707.89990";"4872.89990";"-15414.70";"0.00";"IST";"SL";"1d 15h 30m";"-366.24"
"175";"USTEC_ICM_UTC2";"Buy";"4719.3";"4801.8";"2016.11.03 16:30:00";"2016.11.08 18:59:00";"30.0";"1559.40";"4636.79980";"4801.79980";"-13855.30";"0.00";"IST";"PT";"5d 2h 29m";"-915.60"
"176";"USTEC_ICM_UTC2";"Buy";"4823.9";"4594.8";"2016.11.08 20:00:00";"2016.11.09 09:00:00";"30.0";"-7056.09";"4741.39990";"4906.39990";"-20911.39";"0.00";"IST";"SL";"13h 0m";"-183.12"
"177";"USTEC_ICM_UTC2";"Buy";"4774.9";"4857.4";"2016.11.09 18:00:00";"2016.11.10 09:12:00";"30.0";"2291.88";"4692.39990";"4857.39990";"-18619.51";"0.00";"IST";"PT";"15h 12m";"-183.12"
"178";"USTEC_ICM_UTC2";"Buy";"4723.1";"4754.0";"2016.11.11 18:30:00";"2016.11.11 22:55:00";"30.0";"927.00";"4640.60010";"4805.60010";"-17692.51";"0.00";"IST";"End Of Friday (Time)";"4h 25m";"-0.00"
"179";"USTEC_ICM_UTC2";"Buy";"4721.5";"4804.0";"2016.11.14 22:00:00";"2016.11.17 18:11:00";"30.0";"1925.64";"4639.00000";"4804.00000";"-15766.87";"0.00";"IST";"PT";"2d 20h 11m";"-549.36"
"180";"USTEC_ICM_UTC2";"Buy";"4814.4";"4809.5";"2016.11.17 21:30:00";"2016.11.18 22:55:00";"30.0";"-330.12";"4731.89990";"4896.89990";"-16096.99";"0.00";"IST";"End Of Friday (Time)";"1d 1h 25m";"-183.12"
"181";"USTEC_ICM_UTC2";"Buy";"4837.8";"4755.3";"2016.11.21 16:45:00";"2016.12.01 17:40:00";"30.0";"-4306.20";"4755.29980";"4920.29980";"-20403.19";"0.00";"IST";"SL";"10d 0h 55m";"-1831.20"
"182";"USTEC_ICM_UTC2";"Buy";"4733.9";"4736.6";"2016.12.02 17:30:00";"2016.12.02 22:55:00";"30.0";"81.00";"4651.39990";"4816.39990";"-20322.19";"0.00";"IST";"End Of Friday (Time)";"5h 25m";"-0.00"
"183";"USTEC_ICM_UTC2";"Buy";"4775.3";"4857.8";"2016.12.05 17:00:00";"2016.12.08 16:39:00";"30.0";"1925.64";"4692.79980";"4857.79980";"-18396.55";"0.00";"IST";"PT";"2d 23h 39m";"-549.36"
"184";"USTEC_ICM_UTC2";"Buy";"4858.5";"4891.8";"2016.12.08 20:45:00";"2016.12.09 22:55:00";"30.0";"815.88";"4776.00000";"4941.00000";"-17580.67";"0.00";"IST";"End Of Friday (Time)";"1d 2h 10m";"-183.12"
"185";"USTEC_ICM_UTC2";"Buy";"4879.7";"4915.4";"2016.12.12 17:00:00";"2016.12.16 22:55:00";"30.0";"338.52";"4797.20020";"4962.20020";"-17242.15";"0.00";"IST";"End Of Friday (Time)";"4d 5h 55m";"-732.48"
"186";"USTEC_ICM_UTC2";"Buy";"4939.0";"4937.4";"2016.12.19 17:00:00";"2016.12.23 22:55:00";"30.0";"-780.48";"4856.50000";"5021.50000";"-18022.63";"0.00";"IST";"End Of Friday (Time)";"4d 5h 55m";"-732.48"
"187";"USTEC_ICM_UTC2";"Buy";"4964.5";"4882.0";"2016.12.27 16:45:00";"2016.12.30 16:57:00";"30.0";"-3024.36";"4882.00000";"5047.00000";"-21046.99";"0.00";"IST";"SL";"3d 0h 12m";"-549.36"
"188";"USTEC_ICM_UTC2";"Buy";"4897.0";"4979.5";"2017.01.03 16:45:00";"2017.01.06 16:59:00";"30.0";"1925.64";"4814.50000";"4979.50000";"-19121.35";"0.00";"IST";"PT";"3d 0h 14m";"-549.36"
"189";"USTEC_ICM_UTC2";"Buy";"5017.6";"5012.3";"2017.01.06 20:45:00";"2017.01.06 22:55:00";"30.0";"-159.00";"4935.10010";"5100.10010";"-19280.35";"0.00";"IST";"End Of Friday (Time)";"2h 10m";"-0.00"
"190";"USTEC_ICM_UTC2";"Buy";"5022.0";"5057.8";"2017.01.09 17:30:00";"2017.01.13 22:55:00";"30.0";"341.52";"4939.50000";"5104.50000";"-18938.83";"0.00";"IST";"End Of Friday (Time)";"4d 5h 25m";"-732.48"
"191";"USTEC_ICM_UTC2";"Buy";"5057.2";"5057.9";"2017.01.16 16:45:00";"2017.01.20 22:55:00";"30.0";"-711.48";"4974.70020";"5139.70020";"-19650.31";"0.00";"IST";"End Of Friday (Time)";"4d 6h 10m";"-732.48"
"192";"USTEC_ICM_UTC2";"Buy";"5045.4";"5127.9";"2017.01.23 18:00:00";"2017.01.25 15:39:00";"30.0";"2108.76";"4962.89990";"5127.89990";"-17541.55";"0.00";"IST";"PT";"1d 21h 39m";"-366.24"
"193";"USTEC_ICM_UTC2";"Buy";"5138.8";"5163.8";"2017.01.25 19:15:00";"2017.01.27 22:55:00";"30.0";"383.76";"5056.29980";"5221.29980";"-17157.79";"0.00";"IST";"End Of Friday (Time)";"2d 3h 40m";"-366.24"
"194";"USTEC_ICM_UTC2";"Buy";"5142.7";"5160.6";"2017.02.02 19:30:00";"2017.02.03 22:55:00";"30.0";"353.88";"5060.20020";"5225.20020";"-16803.91";"0.00";"IST";"End Of Friday (Time)";"1d 3h 25m";"-183.12"
"195";"USTEC_ICM_UTC2";"Buy";"5163.5";"5226.6";"2017.02.06 19:15:00";"2017.02.10 22:55:00";"30.0";"1160.52";"5081.00000";"5246.00000";"-15643.39";"0.00";"IST";"End Of Friday (Time)";"4d 3h 40m";"-732.48"
"196";"USTEC_ICM_UTC2";"Buy";"5250.9";"5318.6";"2017.02.13 18:00:00";"2017.02.17 22:55:00";"30.0";"1298.52";"5168.39990";"5333.39990";"-14344.87";"0.00";"IST";"End Of Friday (Time)";"4d 4h 55m";"-732.48"
"197";"USTEC_ICM_UTC2";"Buy";"5338.5";"5339.0";"2017.02.21 19:00:00";"2017.02.24 22:55:00";"30.0";"-534.36";"5256.00000";"5421.00000";"-14879.23";"0.00";"IST";"End Of Friday (Time)";"3d 3h 55m";"-549.36"
"198";"USTEC_ICM_UTC2";"Buy";"5335.7";"5371.3";"2017.02.27 20:15:00";"2017.03.03 22:55:00";"30.0";"335.52";"5253.20020";"5418.20020";"-14543.71";"0.00";"IST";"End Of Friday (Time)";"4d 2h 40m";"-732.48"
"199";"USTEC_ICM_UTC2";"Buy";"5362.1";"5384.3";"2017.03.06 21:15:00";"2017.03.10 22:55:00";"30.0";"-66.48";"5279.60010";"5444.60010";"-14610.19";"0.00";"IST";"End Of Friday (Time)";"4d 1h 40m";"-732.48"
"200";"USTEC_ICM_UTC2";"Buy";"5386.1";"5442.1";"2017.03.13 16:30:00";"2017.03.31 22:55:00";"30.0";"-1616.16";"5303.60010";"5468.60010";"-16226.35";"0.00";"IST";"End Of Friday (Time)";"18d 6h 25m";"-3296.16"
"201";"USTEC_ICM_UTC2";"Buy";"5444.4";"5420.4";"2017.04.03 17:30:00";"2017.04.07 22:55:00";"30.0";"-1452.48";"5361.89990";"5526.89990";"-17678.83";"0.00";"IST";"End Of Friday (Time)";"4d 5h 25m";"-732.48"
"202";"USTEC_ICM_UTC2";"Buy";"5432.9";"5441.6";"2017.04.10 18:15:00";"2017.04.21 22:55:00";"30.0";"-1753.32";"5350.39990";"5515.39990";"-19432.15";"0.00";"IST";"End Of Friday (Time)";"11d 4h 40m";"-2014.32"
"203";"USTEC_ICM_UTC2";"Buy";"5505.6";"5589.0";"2017.04.24 17:00:00";"2017.04.28 09:00:00";"30.0";"1768.59";"5423.10010";"5588.10010";"-17663.56";"0.00";"IST";"PT";"3d 16h 0m";"-732.48"
"204";"USTEC_ICM_UTC2";"Buy";"5607.6";"5642.8";"2017.05.01 16:45:00";"2017.05.05 22:55:00";"30.0";"323.52";"5525.10010";"5690.10010";"-17340.04";"0.00";"IST";"End Of Friday (Time)";"4d 6h 10m";"-732.48"
"205";"USTEC_ICM_UTC2";"Buy";"5644.2";"5682.1";"2017.05.08 18:45:00";"2017.05.12 22:55:00";"30.0";"404.52";"5561.70020";"5726.70020";"-16935.52";"0.00";"IST";"End Of Friday (Time)";"4d 4h 10m";"-732.48"
"206";"USTEC_ICM_UTC2";"Buy";"5697.1";"5614.6";"2017.05.15 16:45:00";"2017.05.17 21:16:00";"30.0";"-2841.24";"5614.60010";"5779.60010";"-19776.76";"0.00";"IST";"SL";"2d 4h 31m";"-366.24"
"207";"USTEC_ICM_UTC2";"Buy";"5621.1";"5650.2";"2017.05.18 18:15:00";"2017.05.19 22:55:00";"30.0";"689.88";"5538.60010";"5703.60010";"-19086.88";"0.00";"IST";"End Of Friday (Time)";"1d 4h 40m";"-183.12"
"208";"USTEC_ICM_UTC2";"Buy";"5692.6";"5775.1";"2017.05.22 20:00:00";"2017.05.25 18:18:00";"30.0";"1925.64";"5610.10010";"5775.10010";"-17161.24";"0.00";"IST";"PT";"2d 22h 18m";"-549.36"
"209";"USTEC_ICM_UTC2";"Buy";"5786.1";"5786.3";"2017.05.25 21:00:00";"2017.05.26 22:55:00";"30.0";"-177.12";"5703.60010";"5868.60010";"-17338.36";"0.00";"IST";"End Of Friday (Time)";"1d 1h 55m";"-183.12"
"210";"USTEC_ICM_UTC2";"Buy";"5796.6";"5879.1";"2017.05.30 16:45:00";"2017.06.02 22:35:00";"30.0";"1925.64";"5714.10010";"5879.10010";"-15412.72";"0.00";"IST";"PT";"3d 5h 50m";"-549.36"
"211";"USTEC_ICM_UTC2";"Buy";"5881.8";"5799.3";"2017.06.05 22:45:00";"2017.06.09 20:11:00";"30.0";"-3207.48";"5799.29980";"5964.29980";"-18620.20";"0.00";"IST";"SL";"3d 21h 26m";"-732.48"
"212";"USTEC_ICM_UTC2";"Buy";"5689.7";"5772.2";"2017.06.12 16:30:00";"2017.06.14 15:43:00";"30.0";"2108.76";"5607.20020";"5772.20020";"-16511.44";"0.00";"IST";"PT";"1d 23h 13m";"-366.24"
"213";"USTEC_ICM_UTC2";"Buy";"5652.1";"5678.8";"2017.06.15 17:15:00";"2017.06.16 22:55:00";"30.0";"617.88";"5569.60010";"5734.60010";"-15893.56";"0.00";"IST";"End Of Friday (Time)";"1d 5h 40m";"-183.12"
"214";"USTEC_ICM_UTC2";"Buy";"5759.0";"5802.2";"2017.06.19 18:30:00";"2017.06.23 22:55:00";"30.0";"563.52";"5676.50000";"5841.50000";"-15330.04";"0.00";"IST";"End Of Friday (Time)";"4d 4h 25m";"-732.48"
"215";"USTEC_ICM_UTC2";"Buy";"5741.7";"5655.4";"2017.06.27 17:00:00";"2017.06.28 09:00:00";"30.0";"-2773.05";"5659.20020";"5824.20020";"-18103.09";"0.00";"IST";"SL";"16h 0m";"-183.12"
"216";"USTEC_ICM_UTC2";"Buy";"5679.2";"5761.7";"2017.06.28 17:15:00";"2017.06.29 09:00:00";"30.0";"2291.88";"5596.70020";"5761.70020";"-15811.21";"0.00";"IST";"PT";"15h 45m";"-183.12"
"217";"USTEC_ICM_UTC2";"Buy";"5652.4";"5660.1";"2017.06.30 17:45:00";"2017.06.30 22:55:00";"30.0";"231.00";"5569.89990";"5734.89990";"-15580.21";"0.00";"IST";"End Of Friday (Time)";"5h 10m";"-0.00"
"218";"USTEC_ICM_UTC2";"Buy";"5666.6";"5569.7";"2017.07.03 17:00:00";"2017.07.04 09:00:00";"30.0";"-3091.02";"5584.10010";"5749.10010";"-18671.23";"0.00";"IST";"SL";"16h 0m";"-183.12"
"219";"USTEC_ICM_UTC2";"Buy";"5600.7";"5658.4";"2017.07.04 17:45:00";"2017.07.07 22:55:00";"30.0";"1181.64";"5518.20020";"5683.20020";"-17489.59";"0.00";"IST";"End Of Friday (Time)";"3d 5h 10m";"-549.36"
"220";"USTEC_ICM_UTC2";"Buy";"5689.6";"5772.1";"2017.07.10 20:15:00";"2017.07.12 20:38:00";"30.0";"2108.76";"5607.10010";"5772.10010";"-15380.83";"0.00";"IST";"PT";"2d 0h 23m";"-366.24"
"221";"USTEC_ICM_UTC2";"Buy";"5772.0";"5837.9";"2017.07.12 20:45:00";"2017.07.14 22:55:00";"30.0";"1610.76";"5689.50000";"5854.50000";"-13770.07";"0.00";"IST";"End Of Friday (Time)";"2d 2h 10m";"-366.24"
"222";"USTEC_ICM_UTC2";"Buy";"5859.0";"5915.5";"2017.07.18 20:00:00";"2017.07.21 22:55:00";"30.0";"1145.64";"5776.50000";"5941.50000";"-12624.43";"0.00";"IST";"End Of Friday (Time)";"3d 2h 55m";"-549.36"
"223";"USTEC_ICM_UTC2";"Buy";"5917.0";"5908.5";"2017.07.24 16:30:00";"2017.07.28 22:55:00";"30.0";"-987.48";"5834.50000";"5999.50000";"-13611.91";"0.00";"IST";"End Of Friday (Time)";"4d 6h 25m";"-732.48"
"224";"USTEC_ICM_UTC2";"Buy";"5925.1";"5893.5";"2017.07.31 16:45:00";"2017.08.04 22:55:00";"30.0";"-1680.48";"5842.60010";"6007.60010";"-15292.39";"0.00";"IST";"End Of Friday (Time)";"4d 6h 10m";"-732.48"
"225";"USTEC_ICM_UTC2";"Buy";"5912.9";"5830.4";"2017.08.07 17:00:00";"2017.08.10 17:08:00";"30.0";"-3024.36";"5830.39990";"5995.39990";"-18316.75";"0.00";"IST";"SL";"3d 0h 8m";"-549.36"
"226";"USTEC_ICM_UTC2";"Buy";"5814.9";"5830.1";"2017.08.11 17:15:00";"2017.08.11 22:55:00";"30.0";"456.00";"5732.39990";"5897.39990";"-17860.75";"0.00";"IST";"End Of Friday (Time)";"5h 40m";"-0.00"
"227";"USTEC_ICM_UTC2";"Buy";"5874.4";"5791.9";"2017.08.14 16:30:00";"2017.08.17 22:59:00";"30.0";"-3024.36";"5791.89990";"5956.89990";"-20885.11";"0.00";"IST";"SL";"3d 6h 29m";"-549.36"
"228";"USTEC_ICM_UTC2";"Buy";"5791.2";"5793.9";"2017.08.18 17:15:00";"2017.08.18 22:55:00";"30.0";"81.00";"5708.70020";"5873.70020";"-20804.11";"0.00";"IST";"End Of Friday (Time)";"5h 40m";"-0.00"
"229";"USTEC_ICM_UTC2";"Buy";"5780.6";"5863.1";"2017.08.21 17:00:00";"2017.08.22 18:38:00";"30.0";"2291.88";"5698.10010";"5863.10010";"-18512.23";"0.00";"IST";"PT";"1d 1h 38m";"-183.12"
"230";"USTEC_ICM_UTC2";"Buy";"5867.1";"5826.6";"2017.08.22 20:00:00";"2017.08.25 22:55:00";"30.0";"-1764.36";"5784.60010";"5949.60010";"-20276.59";"0.00";"IST";"End Of Friday (Time)";"3d 2h 55m";"-549.36"
"231";"USTEC_ICM_UTC2";"Buy";"5836.5";"5919.0";"2017.08.28 17:15:00";"2017.08.30 20:11:00";"30.0";"2108.76";"5754.00000";"5919.00000";"-18167.83";"0.00";"IST";"PT";"2d 2h 56m";"-366.24"
"232";"USTEC_ICM_UTC2";"Buy";"5933.5";"6016.0";"2017.08.30 22:15:00";"2017.09.01 15:34:00";"30.0";"2108.76";"5851.00000";"6016.00000";"-16059.07";"0.00";"IST";"PT";"1d 17h 19m";"-366.24"
"233";"USTEC_ICM_UTC2";"Buy";"5963.9";"5910.5";"2017.09.04 16:30:00";"2017.09.08 22:55:00";"30.0";"-2334.48";"5881.39990";"6046.39990";"-18393.55";"0.00";"IST";"End Of Friday (Time)";"4d 6h 25m";"-732.48"
"234";"USTEC_ICM_UTC2";"Buy";"5982.9";"5987.0";"2017.09.11 16:45:00";"2017.09.15 22:55:00";"30.0";"-609.48";"5900.39990";"6065.39990";"-19003.03";"0.00";"IST";"End Of Friday (Time)";"4d 6h 10m";"-732.48"
"235";"USTEC_ICM_UTC2";"Buy";"6002.3";"5919.8";"2017.09.18 20:15:00";"2017.09.21 17:22:00";"30.0";"-3024.36";"5919.79980";"6084.79980";"-22027.39";"0.00";"IST";"SL";"2d 21h 7m";"-549.36"
"236";"USTEC_ICM_UTC2";"Buy";"5941.7";"5934.2";"2017.09.21 22:15:00";"2017.09.22 22:55:00";"30.0";"-408.12";"5859.20020";"6024.20020";"-22435.51";"0.00";"IST";"End Of Friday (Time)";"1d 0h 40m";"-183.12"
"237";"USTEC_ICM_UTC2";"Buy";"5903.9";"5977.9";"2017.09.26 16:45:00";"2017.09.29 22:55:00";"30.0";"1670.64";"5821.39990";"5986.39990";"-20764.87";"0.00";"IST";"End Of Friday (Time)";"3d 6h 10m";"-549.36"
"238";"USTEC_ICM_UTC2";"Buy";"5991.0";"6062.3";"2017.10.03 20:15:00";"2017.10.06 22:55:00";"30.0";"1589.64";"5908.50000";"6073.50000";"-19175.23";"0.00";"IST";"End Of Friday (Time)";"3d 2h 40m";"-549.36"
"239";"USTEC_ICM_UTC2";"Buy";"6075.0";"6091.6";"2017.10.09 16:30:00";"2017.10.13 22:55:00";"30.0";"-234.48";"5992.50000";"6157.50000";"-19409.71";"0.00";"IST";"End Of Friday (Time)";"4d 6h 25m";"-732.48"
"240";"USTEC_ICM_UTC2";"Buy";"6121.0";"6100.8";"2017.10.17 22:45:00";"2017.10.20 22:55:00";"30.0";"-1155.36";"6038.50000";"6203.50000";"-20565.07";"0.00";"IST";"End Of Friday (Time)";"3d 0h 10m";"-549.36"
"241";"USTEC_ICM_UTC2";"Buy";"6095.6";"6013.1";"2017.10.23 17:30:00";"2017.10.25 19:24:00";"30.0";"-2841.24";"6013.10010";"6178.10010";"-23406.31";"0.00";"IST";"SL";"2d 1h 54m";"-366.24"
"242";"USTEC_ICM_UTC2";"Buy";"6052.5";"6135.0";"2017.10.25 22:15:00";"2017.10.27 15:45:00";"30.0";"2108.76";"5970.00000";"6135.00000";"-21297.55";"0.00";"IST";"PT";"1d 17h 30m";"-366.24"
"243";"USTEC_ICM_UTC2";"Buy";"6153.5";"6216.9";"2017.10.27 17:00:00";"2017.10.27 22:55:00";"30.0";"1902.00";"6071.00000";"6236.00000";"-19395.55";"0.00";"IST";"End Of Friday (Time)";"5h 55m";"-0.00"
"244";"USTEC_ICM_UTC2";"Buy";"6225.2";"6307.7";"2017.10.30 18:00:00";"2017.11.06 16:48:00";"30.0";"1193.16";"6142.70020";"6307.70020";"-18202.39";"0.00";"IST";"PT";"6d 22h 48m";"-1281.84"
"245";"USTEC_ICM_UTC2";"Buy";"6306.3";"6309.6";"2017.11.06 18:30:00";"2017.11.10 22:55:00";"30.0";"-633.48";"6223.79980";"6388.79980";"-18835.87";"0.00";"IST";"End Of Friday (Time)";"4d 4h 25m";"-732.48"
"246";"USTEC_ICM_UTC2";"Buy";"6316.6";"6234.1";"2017.11.13 19:00:00";"2017.11.15 16:39:00";"30.0";"-2841.24";"6234.10010";"6399.10010";"-21677.11";"0.00";"IST";"SL";"1d 21h 39m";"-366.24"
"247";"USTEC_ICM_UTC2";"Buy";"6236.4";"6318.9";"2017.11.15 17:00:00";"2017.11.16 17:34:00";"30.0";"2291.88";"6153.89990";"6318.89990";"-19385.23";"0.00";"IST";"PT";"1d 0h 34m";"-183.12"
"248";"USTEC_ICM_UTC2";"Buy";"6344.0";"6315.6";"2017.11.16 20:45:00";"2017.11.17 22:55:00";"30.0";"-1035.12";"6261.50000";"6426.50000";"-20420.35";"0.00";"IST";"End Of Friday (Time)";"1d 2h 10m";"-183.12"
"249";"USTEC_ICM_UTC2";"Buy";"6320.1";"6402.6";"2017.11.20 17:00:00";"2017.11.24 18:00:00";"30.0";"1742.52";"6237.60010";"6402.60010";"-18677.83";"0.00";"IST";"PT";"4d 1h 0m";"-732.48"
"250";"USTEC_ICM_UTC2";"Buy";"6408.1";"6325.6";"2017.11.24 20:00:00";"2017.11.29 17:23:00";"30.0";"-3390.60";"6325.60010";"6490.60010";"-22068.43";"0.00";"IST";"SL";"4d 21h 23m";"-915.60"
"251";"USTEC_ICM_UTC2";"Buy";"6330.9";"6248.4";"2017.11.30 17:00:00";"2017.12.01 18:32:00";"30.0";"-2658.12";"6248.39990";"6413.39990";"-24726.55";"0.00";"IST";"SL";"1d 1h 32m";"-183.12"
"252";"USTEC_ICM_UTC2";"Buy";"6301.1";"6337.8";"2017.12.01 19:00:00";"2017.12.01 22:55:00";"30.0";"1101.00";"6218.60010";"6383.60010";"-23625.55";"0.00";"IST";"End Of Friday (Time)";"3h 55m";"-0.00"
"253";"USTEC_ICM_UTC2";"Buy";"6293.5";"6339.2";"2017.12.05 16:45:00";"2017.12.08 22:55:00";"30.0";"821.64";"6211.00000";"6376.00000";"-22803.91";"0.00";"IST";"End Of Friday (Time)";"3d 6h 10m";"-549.36"
"254";"USTEC_ICM_UTC2";"Buy";"6365.1";"6447.6";"2017.12.11 17:45:00";"2017.12.15 19:02:00";"30.0";"1742.52";"6282.60010";"6447.60010";"-21061.39";"0.00";"IST";"PT";"4d 1h 17m";"-732.48"
"255";"USTEC_ICM_UTC2";"Buy";"6469.3";"6458.9";"2017.12.15 22:15:00";"2017.12.15 22:55:00";"30.0";"-312.00";"6386.79980";"6551.79980";"-21373.39";"0.00";"IST";"End Of Friday (Time)";"40m 0s";"-0.00"
"256";"USTEC_ICM_UTC2";"Buy";"6477.2";"6467.4";"2017.12.19 22:30:00";"2017.12.22 22:55:00";"30.0";"-843.36";"6394.70020";"6559.70020";"-22216.75";"0.00";"IST";"End Of Friday (Time)";"3d 0h 25m";"-549.36"
"257";"USTEC_ICM_UTC2";"Buy";"6443.9";"6399.3";"2017.12.26 20:30:00";"2017.12.29 22:55:00";"30.0";"-1887.36";"6361.39990";"6526.39990";"-24104.11";"0.00";"IST";"End Of Friday (Time)";"3d 2h 25m";"-549.36"
"258";"USTEC_ICM_UTC2";"Buy";"6493.2";"6575.7";"2018.01.02 19:00:00";"2018.01.03 19:46:00";"30.0";"2291.88";"6410.70020";"6575.70020";"-21812.23";"0.00";"IST";"PT";"1d 0h 46m";"-183.12"
"259";"USTEC_ICM_UTC2";"Buy";"6576.4";"6653.6";"2018.01.03 20:30:00";"2018.01.05 22:55:00";"30.0";"1949.76";"6493.89990";"6658.89990";"-19862.47";"0.00";"IST";"End Of Friday (Time)";"2d 2h 25m";"-366.24"
"260";"USTEC_ICM_UTC2";"Buy";"6675.1";"6757.6";"2018.01.08 19:30:00";"2018.01.12 19:59:00";"30.0";"1742.52";"6592.60010";"6757.60010";"-18119.95";"0.00";"IST";"PT";"4d 0h 29m";"-732.48"
"261";"USTEC_ICM_UTC2";"Buy";"6755.4";"6760.7";"2018.01.12 21:00:00";"2018.01.12 22:55:00";"30.0";"159.00";"6672.89990";"6837.89990";"-17960.95";"0.00";"IST";"End Of Friday (Time)";"1h 55m";"-0.00"
"262";"USTEC_ICM_UTC2";"Buy";"6828.8";"6746.3";"2018.01.16 16:45:00";"2018.01.16 21:17:00";"30.0";"-2475.00";"6746.29980";"6911.29980";"-20435.95";"0.00";"IST";"SL";"4h 32m";"-0.00"
"263";"USTEC_ICM_UTC2";"Buy";"6751.8";"6834.3";"2018.01.17 17:00:00";"2018.01.19 11:31:00";"30.0";"2108.76";"6669.29980";"6834.29980";"-18327.19";"0.00";"IST";"PT";"1d 18h 31m";"-366.24"
"264";"USTEC_ICM_UTC2";"Buy";"6821.6";"6831.0";"2018.01.19 17:30:00";"2018.01.19 22:55:00";"30.0";"282.00";"6739.10010";"6904.10010";"-18045.19";"0.00";"IST";"End Of Friday (Time)";"5h 25m";"-0.00"
"265";"USTEC_ICM_UTC2";"Buy";"6868.1";"6950.6";"2018.01.22 18:30:00";"2018.01.23 16:53:00";"30.0";"2291.88";"6785.60010";"6950.60010";"-15753.31";"0.00";"IST";"PT";"22h 23m";"-183.12"
"266";"USTEC_ICM_UTC2";"Buy";"6960.6";"6878.1";"2018.01.23 21:45:00";"2018.01.24 20:21:00";"30.0";"-2658.12";"6878.10010";"7043.10010";"-18411.43";"0.00";"IST";"SL";"22h 36m";"-183.12"
"267";"USTEC_ICM_UTC2";"Buy";"6915.4";"6997.9";"2018.01.25 17:15:00";"2018.01.26 22:13:00";"30.0";"2291.88";"6832.89990";"6997.89990";"-16119.55";"0.00";"IST";"PT";"1d 4h 58m";"-183.12"
"268";"USTEC_ICM_UTC2";"Buy";"6997.5";"6915.0";"2018.01.29 21:30:00";"2018.01.30 16:28:00";"30.0";"-2658.12";"6915.00000";"7080.00000";"-18777.67";"0.00";"IST";"SL";"18h 58m";"-183.12"
"269";"USTEC_ICM_UTC2";"Buy";"6923.8";"6841.3";"2018.01.30 19:00:00";"2018.02.02 13:36:00";"30.0";"-3024.36";"6841.29980";"7006.29980";"-21802.03";"0.00";"IST";"SL";"2d 18h 36m";"-549.36"
"270";"USTEC_ICM_UTC2";"Buy";"6859.2";"6776.7";"2018.02.02 16:45:00";"2018.02.02 22:04:00";"30.0";"-2475.00";"6776.70020";"6941.70020";"-24277.03";"0.00";"IST";"SL";"5h 19m";"-0.00"
"271";"USTEC_ICM_UTC2";"Buy";"6740.3";"6657.8";"2018.02.05 17:00:00";"2018.02.05 21:48:00";"30.0";"-2475.00";"6657.79980";"6822.79980";"-26752.03";"0.00";"IST";"SL";"4h 48m";"-0.00"
"272";"USTEC_ICM_UTC2";"Buy";"6510.5";"6593.0";"2018.02.06 16:45:00";"2018.02.06 16:54:00";"30.0";"2475.00";"6428.00000";"6593.00000";"-24277.03";"0.00";"IST";"PT";"9m 0s";"-0.00"
"273";"USTEC_ICM_UTC2";"Buy";"6687.2";"6604.7";"2018.02.07 19:15:00";"2018.02.07 20:13:00";"30.0";"-2475.00";"6604.70020";"6769.70020";"-26752.03";"0.00";"IST";"SL";"58m 0s";"-0.00"
"274";"USTEC_ICM_UTC2";"Buy";"6568.2";"6485.7";"2018.02.08 17:00:00";"2018.02.08 17:55:00";"30.0";"-2475.00";"6485.70020";"6650.70020";"-29227.03";"0.00";"IST";"SL";"55m 0s";"-0.00"
"275";"USTEC_ICM_UTC2";"Buy";"6382.7";"6300.2";"2018.02.09 17:30:00";"2018.02.09 17:47:00";"30.0";"-2475.00";"6300.20020";"6465.20020";"-31702.03";"0.00";"IST";"SL";"17m 0s";"-0.00"
"276";"USTEC_ICM_UTC2";"Buy";"6556.7";"6474.2";"2018.02.12 22:15:00";"2018.02.13 13:37:00";"30.0";"-2658.12";"6474.20020";"6639.20020";"-34360.15";"0.00";"IST";"SL";"15h 22m";"-183.12"
"277";"USTEC_ICM_UTC2";"Buy";"6516.4";"6598.9";"2018.02.13 18:30:00";"2018.02.14 17:20:00";"30.0";"2291.88";"6433.89990";"6598.89990";"-32068.27";"0.00";"IST";"PT";"22h 50m";"-183.12"
"278";"USTEC_ICM_UTC2";"Buy";"6625.3";"6716.9";"2018.02.14 19:45:00";"2018.02.15 09:05:00";"30.0";"2563.65";"6542.79980";"6707.79980";"-29504.62";"0.00";"IST";"PT";"13h 20m";"-183.12"
"279";"USTEC_ICM_UTC2";"Buy";"6763.6";"6846.1";"2018.02.15 21:00:00";"2018.02.16 10:35:00";"30.0";"2291.88";"6681.10010";"6846.10010";"-27212.74";"0.00";"IST";"PT";"13h 35m";"-183.12"
"280";"USTEC_ICM_UTC2";"Buy";"6785.9";"6868.4";"2018.02.19 17:00:00";"2018.02.21 21:07:00";"30.0";"2108.76";"6703.39990";"6868.39990";"-25103.98";"0.00";"IST";"PT";"2d 4h 7m";"-366.24"
"281";"USTEC_ICM_UTC2";"Buy";"6816.7";"6724.6";"2018.02.21 22:30:00";"2018.02.22 09:05:00";"30.0";"-2947.35";"6734.20020";"6899.20020";"-28051.33";"0.00";"IST";"SL";"10h 35m";"-183.12"
"282";"USTEC_ICM_UTC2";"Buy";"6806.2";"6888.7";"2018.02.22 16:45:00";"2018.02.23 22:24:00";"30.0";"2291.88";"6723.70020";"6888.70020";"-25759.45";"0.00";"IST";"PT";"1d 5h 39m";"-183.12"
"283";"USTEC_ICM_UTC2";"Buy";"6981.0";"6898.5";"2018.02.26 22:15:00";"2018.02.28 09:38:00";"30.0";"-2841.24";"6898.50000";"7063.50000";"-28600.69";"0.00";"IST";"SL";"1d 11h 23m";"-366.24"
"284";"USTEC_ICM_UTC2";"Buy";"6954.0";"6871.5";"2018.02.28 17:00:00";"2018.02.28 22:50:00";"30.0";"-2475.00";"6871.50000";"7036.50000";"-31075.69";"0.00";"IST";"SL";"5h 50m";"-0.00"
"285";"USTEC_ICM_UTC2";"Buy";"6833.9";"6751.4";"2018.03.01 17:15:00";"2018.03.01 20:44:00";"30.0";"-2475.00";"6751.39990";"6916.39990";"-33550.69";"0.00";"IST";"SL";"3h 29m";"-0.00"
"286";"USTEC_ICM_UTC2";"Buy";"6645.7";"6728.2";"2018.03.02 16:45:00";"2018.03.02 18:28:00";"30.0";"2475.00";"6563.20020";"6728.20020";"-31075.69";"0.00";"IST";"PT";"1h 43m";"-0.00"
"287";"USTEC_ICM_UTC2";"Buy";"6867.5";"6950.0";"2018.03.05 19:45:00";"2018.03.08 13:28:00";"30.0";"1925.64";"6785.00000";"6950.00000";"-29150.05";"0.00";"IST";"PT";"2d 17h 43m";"-549.36"
"288";"USTEC_ICM_UTC2";"Buy";"7021.2";"7091.0";"2018.03.09 17:00:00";"2018.03.09 22:55:00";"30.0";"2094.00";"6938.70020";"7103.70020";"-27056.05";"0.00";"IST";"End Of Friday (Time)";"5h 55m";"-0.00"
"289";"USTEC_ICM_UTC2";"Buy";"7130.9";"7048.4";"2018.03.12 20:30:00";"2018.03.13 21:04:00";"30.0";"-2658.12";"7048.39990";"7213.39990";"-29714.17";"0.00";"IST";"SL";"1d 0h 34m";"-183.12"
"290";"USTEC_ICM_UTC2";"Buy";"7066.2";"6964.4";"2018.03.14 16:45:00";"2018.03.19 08:05:00";"30.0";"-3970.83";"6983.70020";"7148.70020";"-33685.00";"0.00";"IST";"SL";"4d 15h 20m";"-915.60"
"291";"USTEC_ICM_UTC2";"Buy";"6929.6";"6847.1";"2018.03.19 16:30:00";"2018.03.19 17:44:00";"30.0";"-2475.00";"6847.10010";"7012.10010";"-36160.00";"0.00";"IST";"SL";"1h 14m";"-0.00"
"292";"USTEC_ICM_UTC2";"Buy";"6862.0";"6779.5";"2018.03.20 20:00:00";"2018.03.22 11:53:00";"30.0";"-2841.24";"6779.50000";"6944.50000";"-39001.24";"0.00";"IST";"SL";"1d 15h 53m";"-366.24"
"293";"USTEC_ICM_UTC2";"Buy";"6746.5";"6611.1";"2018.03.22 17:15:00";"2018.03.23 08:05:00";"30.0";"-4246.35";"6664.00000";"6829.00000";"-43247.59";"0.00";"IST";"SL";"14h 50m";"-183.12"
"294";"USTEC_ICM_UTC2";"Buy";"6688.8";"6606.3";"2018.03.23 16:45:00";"2018.03.23 19:01:00";"30.0";"-2475.00";"6606.29980";"6771.29980";"-45722.59";"0.00";"IST";"SL";"2h 16m";"-0.00"
"295";"USTEC_ICM_UTC2";"Buy";"6642.1";"6559.6";"2018.03.26 16:30:00";"2018.03.26 18:16:00";"30.0";"-2475.00";"6559.60010";"6724.60010";"-48197.59";"0.00";"IST";"SL";"1h 46m";"-0.00"
"296";"USTEC_ICM_UTC2";"Buy";"6497.5";"6415.0";"2018.03.28 16:30:00";"2018.03.28 17:47:00";"30.0";"-2475.00";"6415.00000";"6580.00000";"-50672.59";"0.00";"IST";"SL";"1h 17m";"-0.00"
"297";"USTEC_ICM_UTC2";"Buy";"6476.0";"6558.5";"2018.03.29 17:15:00";"2018.03.29 18:07:00";"30.0";"2475.00";"6393.50000";"6558.50000";"-48197.59";"0.00";"IST";"PT";"52m 0s";"-0.00"
"298";"USTEC_ICM_UTC2";"Buy";"6439.8";"6357.3";"2018.04.03 22:00:00";"2018.04.04 11:04:00";"30.0";"-2658.12";"6357.29980";"6522.29980";"-50855.71";"0.00";"IST";"SL";"13h 4m";"-183.12"
"299";"USTEC_ICM_UTC2";"Buy";"6415.2";"6497.7";"2018.04.04 18:00:00";"2018.04.04 21:18:00";"30.0";"2475.00";"6332.70020";"6497.70020";"-48380.71";"0.00";"IST";"PT";"3h 18m";"-0.00"
"300";"USTEC_ICM_UTC2";"Buy";"6524.3";"6441.8";"2018.04.06 18:30:00";"2018.04.06 21:25:00";"30.0";"-2475.00";"6441.79980";"6606.79980";"-50855.71";"0.00";"IST";"SL";"2h 55m";"-0.00"
"301";"USTEC_ICM_UTC2";"Buy";"6485.7";"6568.2";"2018.04.09 16:30:00";"2018.04.09 18:33:00";"30.0";"2475.00";"6403.20020";"6568.20020";"-48380.71";"0.00";"IST";"PT";"2h 3m";"-0.00"
"302";"USTEC_ICM_UTC2";"Buy";"6545.6";"6628.1";"2018.04.10 17:00:00";"2018.04.10 22:10:00";"30.0";"2475.00";"6463.10010";"6628.10010";"-45905.71";"0.00";"IST";"PT";"5h 10m";"-0.00"
"303";"USTEC_ICM_UTC2";"Buy";"6610.8";"6693.3";"2018.04.11 18:30:00";"2018.04.13 15:41:00";"30.0";"2108.76";"6528.29980";"6693.29980";"-43796.95";"0.00";"IST";"PT";"1d 21h 11m";"-366.24"
"304";"USTEC_ICM_UTC2";"Buy";"6693.0";"6610.5";"2018.04.13 16:45:00";"2018.04.13 22:05:00";"30.0";"-2475.00";"6610.50000";"6775.50000";"-46271.95";"0.00";"IST";"SL";"5h 20m";"-0.00"
"305";"USTEC_ICM_UTC2";"Buy";"6655.3";"6737.8";"2018.04.16 17:15:00";"2018.04.17 13:13:00";"30.0";"2291.88";"6572.79980";"6737.79980";"-43980.07";"0.00";"IST";"PT";"19h 58m";"-183.12"
"306";"USTEC_ICM_UTC2";"Buy";"6755.7";"6838.2";"2018.04.17 17:00:00";"2018.04.18 11:17:00";"30.0";"2291.88";"6673.20020";"6838.20020";"-41688.19";"0.00";"IST";"PT";"18h 17m";"-183.12"
"307";"USTEC_ICM_UTC2";"Buy";"6847.8";"6765.3";"2018.04.18 19:15:00";"2018.04.19 18:14:00";"30.0";"-2658.12";"6765.29980";"6930.29980";"-44346.31";"0.00";"IST";"SL";"22h 59m";"-183.12"
"308";"USTEC_ICM_UTC2";"Buy";"6768.3";"6685.8";"2018.04.19 21:45:00";"2018.04.20 18:10:00";"30.0";"-2658.12";"6685.79980";"6850.79980";"-47004.43";"0.00";"IST";"SL";"20h 25m";"-183.12"
"309";"USTEC_ICM_UTC2";"Buy";"6670.3";"6587.8";"2018.04.23 17:15:00";"2018.04.24 18:01:00";"30.0";"-2658.12";"6587.79980";"6752.79980";"-49662.55";"0.00";"IST";"SL";"1d 0h 46m";"-183.12"
"310";"USTEC_ICM_UTC2";"Buy";"6440.5";"6523.0";"2018.04.25 17:00:00";"2018.04.25 18:02:00";"30.0";"2475.00";"6358.00000";"6523.00000";"-47187.55";"0.00";"IST";"PT";"1h 2m";"-0.00"
"311";"USTEC_ICM_UTC2";"Buy";"6605.4";"6687.9";"2018.04.26 17:00:00";"2018.04.26 23:02:00";"30.0";"2475.00";"6522.89990";"6687.89990";"-44712.55";"0.00";"IST";"PT";"6h 2m";"-0.00"
"312";"USTEC_ICM_UTC2";"Buy";"6681.8";"6659.7";"2018.04.27 17:15:00";"2018.04.27 22:55:00";"30.0";"-663.00";"6599.29980";"6764.29980";"-45375.55";"0.00";"IST";"End Of Friday (Time)";"5h 40m";"-0.00"
"313";"USTEC_ICM_UTC2";"Buy";"6690.9";"6608.4";"2018.04.30 18:15:00";"2018.04.30 19:08:00";"30.0";"-2475.00";"6608.39990";"6773.39990";"-47850.55";"0.00";"IST";"SL";"53m 0s";"-0.00"
"314";"USTEC_ICM_UTC2";"Buy";"6612.4";"6710.0";"2018.05.01 18:30:00";"2018.05.02 01:00:00";"30.0";"2743.95";"6529.89990";"6694.89990";"-45106.60";"0.00";"IST";"PT";"6h 30m";"-183.12"
"315";"USTEC_ICM_UTC2";"Buy";"6686.3";"6603.8";"2018.05.02 22:15:00";"2018.05.03 14:55:00";"30.0";"-2658.12";"6603.79980";"6768.79980";"-47764.72";"0.00";"IST";"SL";"16h 40m";"-183.12"
"316";"USTEC_ICM_UTC2";"Buy";"6662.6";"6745.1";"2018.05.03 21:45:00";"2018.05.04 18:32:00";"30.0";"2291.88";"6580.10010";"6745.10010";"-45472.84";"0.00";"IST";"PT";"20h 47m";"-183.12"
"317";"USTEC_ICM_UTC2";"Buy";"6744.1";"6761.4";"2018.05.04 19:15:00";"2018.05.04 22:55:00";"30.0";"519.00";"6661.60010";"6826.60010";"-44953.84";"0.00";"IST";"End Of Friday (Time)";"3h 40m";"-0.00"
"318";"USTEC_ICM_UTC2";"Buy";"6827.8";"6910.3";"2018.05.07 17:45:00";"2018.05.10 05:21:00";"30.0";"1925.64";"6745.29980";"6910.29980";"-43028.20";"0.00";"IST";"PT";"2d 11h 36m";"-549.36"
"319";"USTEC_ICM_UTC2";"Buy";"6952.7";"6944.8";"2018.05.10 19:15:00";"2018.05.11 22:55:00";"30.0";"-420.12";"6870.20020";"7035.20020";"-43448.32";"0.00";"IST";"End Of Friday (Time)";"1d 3h 40m";"-183.12"
"320";"USTEC_ICM_UTC2";"Buy";"6992.0";"6909.5";"2018.05.14 18:30:00";"2018.05.15 15:50:00";"30.0";"-2658.12";"6909.50000";"7074.50000";"-46106.44";"0.00";"IST";"SL";"21h 20m";"-183.12"
"321";"USTEC_ICM_UTC2";"Buy";"6876.1";"6869.6";"2018.05.15 22:45:00";"2018.05.18 22:55:00";"30.0";"-744.36";"6793.60010";"6958.60010";"-46850.80";"0.00";"IST";"End Of Friday (Time)";"3d 0h 10m";"-549.36"
"322";"USTEC_ICM_UTC2";"Buy";"6918.3";"6835.8";"2018.05.21 16:30:00";"2018.05.23 11:16:00";"30.0";"-2841.24";"6835.79980";"7000.79980";"-49692.04";"0.00";"IST";"SL";"1d 18h 46m";"-366.24"
"323";"USTEC_ICM_UTC2";"Buy";"6842.0";"6924.5";"2018.05.23 16:30:00";"2018.05.23 21:09:00";"30.0";"2475.00";"6759.50000";"6924.50000";"-47217.04";"0.00";"IST";"PT";"4h 39m";"-0.00"
"324";"USTEC_ICM_UTC2";"Buy";"6951.4";"6960.3";"2018.05.24 21:00:00";"2018.05.25 22:55:00";"30.0";"83.88";"6868.89990";"7033.89990";"-47133.16";"0.00";"IST";"End Of Friday (Time)";"1d 1h 55m";"-183.12"
"325";"USTEC_ICM_UTC2";"Buy";"6989.5";"6907.0";"2018.05.28 19:15:00";"2018.05.29 11:29:00";"30.0";"-2658.12";"6907.00000";"7072.00000";"-49791.28";"0.00";"IST";"SL";"16h 14m";"-183.12"
"326";"USTEC_ICM_UTC2";"Buy";"6936.7";"7019.2";"2018.05.29 16:45:00";"2018.06.01 16:35:00";"30.0";"1925.64";"6854.20020";"7019.20020";"-47865.64";"0.00";"IST";"PT";"2d 23h 50m";"-549.36"
"327";"USTEC_ICM_UTC2";"Buy";"7083.1";"7078.0";"2018.06.01 20:15:00";"2018.06.01 22:55:00";"30.0";"-153.00";"7000.60010";"7165.60010";"-48018.64";"0.00";"IST";"End Of Friday (Time)";"2h 40m";"-0.00"
"328";"USTEC_ICM_UTC2";"Buy";"7141.3";"7223.8";"2018.06.04 21:15:00";"2018.06.07 09:29:00";"30.0";"1925.64";"7058.79980";"7223.79980";"-46093.00";"0.00";"IST";"PT";"2d 12h 14m";"-549.36"
"329";"USTEC_ICM_UTC2";"Buy";"7125.1";"7155.5";"2018.06.08 18:00:00";"2018.06.08 22:55:00";"30.0";"912.00";"7042.60010";"7207.60010";"-45181.00";"0.00";"IST";"End Of Friday (Time)";"4h 55m";"-0.00"
"330";"USTEC_ICM_UTC2";"Buy";"7162.6";"7245.1";"2018.06.11 18:00:00";"2018.06.13 18:03:00";"30.0";"2108.76";"7080.10010";"7245.10010";"-43072.24";"0.00";"IST";"PT";"2d 0h 3m";"-366.24"
"331";"USTEC_ICM_UTC2";"Buy";"7247.4";"7252.0";"2018.06.13 19:45:00";"2018.06.15 22:55:00";"30.0";"-228.24";"7164.89990";"7329.89990";"-43300.48";"0.00";"IST";"End Of Friday (Time)";"2d 3h 10m";"-366.24"
"332";"USTEC_ICM_UTC2";"Buy";"7210.5";"7293.0";"2018.06.18 17:00:00";"2018.06.20 19:00:00";"30.0";"2108.76";"7128.00000";"7293.00000";"-41191.72";"0.00";"IST";"PT";"2d 2h 0m";"-366.24"
"333";"USTEC_ICM_UTC2";"Buy";"7297.4";"7214.9";"2018.06.20 20:45:00";"2018.06.21 17:22:00";"30.0";"-2658.12";"7214.89990";"7379.89990";"-43849.84";"0.00";"IST";"SL";"20h 37m";"-183.12"
"334";"USTEC_ICM_UTC2";"Buy";"7223.6";"7207.5";"2018.06.21 17:45:00";"2018.06.22 22:55:00";"30.0";"-666.12";"7141.10010";"7306.10010";"-44515.96";"0.00";"IST";"End Of Friday (Time)";"1d 5h 10m";"-183.12"
"335";"USTEC_ICM_UTC2";"Buy";"7073.3";"6990.8";"2018.06.25 17:30:00";"2018.06.25 19:12:00";"30.0";"-2475.00";"6990.79980";"7155.79980";"-46990.96";"0.00";"IST";"SL";"1h 42m";"-0.00"
"336";"USTEC_ICM_UTC2";"Buy";"7065.8";"6983.3";"2018.06.26 16:30:00";"2018.06.27 22:14:00";"30.0";"-2658.12";"6983.29980";"7148.29980";"-49649.08";"0.00";"IST";"SL";"1d 5h 44m";"-183.12"
"337";"USTEC_ICM_UTC2";"Buy";"7005.8";"7088.3";"2018.06.28 18:00:00";"2018.06.29 11:17:00";"30.0";"2291.88";"6923.29980";"7088.29980";"-47357.20";"0.00";"IST";"PT";"17h 17m";"-183.12"
"338";"USTEC_ICM_UTC2";"Buy";"7088.4";"7053.5";"2018.06.29 17:45:00";"2018.06.29 22:55:00";"30.0";"-1047.00";"7005.89990";"7170.89990";"-48404.20";"0.00";"IST";"End Of Friday (Time)";"5h 10m";"-0.00"
"339";"USTEC_ICM_UTC2";"Buy";"6994.9";"7077.4";"2018.07.02 16:45:00";"2018.07.02 21:30:00";"30.0";"2475.00";"6912.39990";"7077.39990";"-45929.20";"0.00";"IST";"PT";"4h 45m";"-0.00"
"340";"USTEC_ICM_UTC2";"Buy";"7078.0";"7160.5";"2018.07.05 16:45:00";"2018.07.06 18:07:00";"30.0";"2291.88";"6995.50000";"7160.50000";"-43637.32";"0.00";"IST";"PT";"1d 1h 22m";"-183.12"
"341";"USTEC_ICM_UTC2";"Buy";"7197.0";"7202.9";"2018.07.06 20:15:00";"2018.07.06 22:55:00";"30.0";"177.00";"7114.50000";"7279.50000";"-43460.32";"0.00";"IST";"End Of Friday (Time)";"2h 40m";"-0.00"
"342";"USTEC_ICM_UTC2";"Buy";"7257.9";"7340.4";"2018.07.09 16:45:00";"2018.07.12 18:57:00";"30.0";"1925.64";"7175.39990";"7340.39990";"-41534.68";"0.00";"IST";"PT";"3d 2h 12m";"-549.36"
"343";"USTEC_ICM_UTC2";"Buy";"7349.8";"7378.1";"2018.07.12 20:00:00";"2018.07.13 22:55:00";"30.0";"665.88";"7267.29980";"7432.29980";"-40868.80";"0.00";"IST";"End Of Friday (Time)";"1d 2h 55m";"-183.12"
"344";"USTEC_ICM_UTC2";"Buy";"7376.1";"7293.6";"2018.07.16 17:45:00";"2018.07.17 05:11:00";"30.0";"-2658.12";"7293.60010";"7458.60010";"-43526.92";"0.00";"IST";"SL";"11h 26m";"-183.12"
"345";"USTEC_ICM_UTC2";"Buy";"7410.9";"7345.9";"2018.07.17 20:15:00";"2018.07.20 22:55:00";"30.0";"-2499.36";"7328.39990";"7493.39990";"-46026.29";"0.00";"IST";"End Of Friday (Time)";"3d 2h 40m";"-549.36"
"346";"USTEC_ICM_UTC2";"Buy";"7326.9";"7409.4";"2018.07.23 16:30:00";"2018.07.23 23:07:00";"30.0";"2475.00";"7244.39990";"7409.39990";"-43551.29";"0.00";"IST";"PT";"6h 37m";"-0.00"
"347";"USTEC_ICM_UTC2";"Buy";"7436.1";"7353.6";"2018.07.24 18:30:00";"2018.07.26 23:01:00";"30.0";"-2841.24";"7353.60010";"7518.60010";"-46392.52";"0.00";"IST";"SL";"2d 4h 31m";"-366.24"
"348";"USTEC_ICM_UTC2";"Buy";"7388.4";"7305.9";"2018.07.27 17:30:00";"2018.07.27 19:36:00";"30.0";"-2475.00";"7305.89990";"7470.89990";"-48867.52";"0.00";"IST";"SL";"2h 6m";"-0.00"
"349";"USTEC_ICM_UTC2";"Buy";"7295.7";"7213.2";"2018.07.30 16:30:00";"2018.07.30 16:45:00";"30.0";"-2475.00";"7213.20020";"7378.20020";"-51342.52";"0.00";"IST";"SL";"15m 0s";"-0.00"
"350";"USTEC_ICM_UTC2";"Buy";"7217.2";"7299.7";"2018.07.31 16:30:00";"2018.08.02 17:38:00";"30.0";"2108.76";"7134.70020";"7299.70020";"-49233.76";"0.00";"IST";"PT";"2d 1h 8m";"-366.24"
"351";"USTEC_ICM_UTC2";"Buy";"7308.3";"7390.8";"2018.08.02 18:30:00";"2018.08.03 14:15:00";"30.0";"2291.88";"7225.79980";"7390.79980";"-46941.88";"0.00";"IST";"PT";"19h 45m";"-183.12"
"352";"USTEC_ICM_UTC2";"Buy";"7381.4";"7391.5";"2018.08.03 17:15:00";"2018.08.03 22:55:00";"30.0";"303.00";"7298.89990";"7463.89990";"-46638.88";"0.00";"IST";"End Of Friday (Time)";"5h 40m";"-0.00"
"353";"USTEC_ICM_UTC2";"Buy";"7428.0";"7408.6";"2018.08.06 21:15:00";"2018.08.10 22:55:00";"30.0";"-1314.48";"7345.50000";"7510.50000";"-47953.36";"0.00";"IST";"End Of Friday (Time)";"4d 1h 40m";"-732.48"
"354";"USTEC_ICM_UTC2";"Buy";"7421.0";"7338.5";"2018.08.13 16:30:00";"2018.08.15 17:04:00";"30.0";"-2841.24";"7338.50000";"7503.50000";"-50794.61";"0.00";"IST";"SL";"2d 0h 34m";"-366.24"
"355";"USTEC_ICM_UTC2";"Buy";"7409.5";"7327.0";"2018.08.16 20:00:00";"2018.08.17 17:10:00";"30.0";"-2658.12";"7327.00000";"7492.00000";"-53452.72";"0.00";"IST";"SL";"21h 10m";"-183.12"
"356";"USTEC_ICM_UTC2";"Buy";"7318.5";"7381.5";"2018.08.17 17:45:00";"2018.08.17 22:55:00";"30.0";"1890.00";"7236.00000";"7401.00000";"-51562.72";"0.00";"IST";"End Of Friday (Time)";"5h 10m";"-0.00"
"357";"USTEC_ICM_UTC2";"Buy";"7375.8";"7458.3";"2018.08.20 22:30:00";"2018.08.23 17:14:00";"30.0";"1925.64";"7293.29980";"7458.29980";"-49637.08";"0.00";"IST";"PT";"2d 18h 44m";"-549.36"
"358";"USTEC_ICM_UTC2";"Buy";"7412.9";"7487.2";"2018.08.23 18:45:00";"2018.08.24 22:55:00";"30.0";"2045.88";"7330.39990";"7495.39990";"-47591.20";"0.00";"IST";"End Of Friday (Time)";"1d 4h 10m";"-183.12"
"359";"USTEC_ICM_UTC2";"Buy";"7533.5";"7616.0";"2018.08.27 17:00:00";"2018.08.29 17:35:00";"30.0";"2108.76";"7451.00000";"7616.00000";"-45482.45";"0.00";"IST";"PT";"2d 0h 35m";"-366.24"
"360";"USTEC_ICM_UTC2";"Buy";"7648.4";"7656.4";"2018.08.29 19:15:00";"2018.08.31 22:55:00";"30.0";"-126.24";"7565.89990";"7730.89990";"-45608.68";"0.00";"IST";"End Of Friday (Time)";"2d 3h 40m";"-366.24"
"361";"USTEC_ICM_UTC2";"Buy";"7663.9";"7581.4";"2018.09.03 16:30:00";"2018.09.04 16:42:00";"30.0";"-2658.12";"7581.39990";"7746.39990";"-48266.80";"0.00";"IST";"SL";"1d 0h 12m";"-183.12"
"362";"USTEC_ICM_UTC2";"Buy";"7515.4";"7432.9";"2018.09.05 17:45:00";"2018.09.06 17:48:00";"30.0";"-2658.12";"7432.89990";"7597.89990";"-50924.93";"0.00";"IST";"SL";"1d 0h 3m";"-183.12"
"363";"USTEC_ICM_UTC2";"Buy";"7482.6";"7426.2";"2018.09.07 18:45:00";"2018.09.07 22:55:00";"30.0";"-1692.00";"7400.10010";"7565.10010";"-52616.93";"0.00";"IST";"End Of Friday (Time)";"4h 10m";"-0.00"
"364";"USTEC_ICM_UTC2";"Buy";"7439.8";"7522.3";"2018.09.10 17:00:00";"2018.09.12 10:47:00";"30.0";"2108.76";"7357.29980";"7522.29980";"-50508.16";"0.00";"IST";"PT";"1d 17h 47m";"-366.24"
"365";"USTEC_ICM_UTC2";"Buy";"7467.1";"7549.6";"2018.09.12 21:30:00";"2018.09.13 16:35:00";"30.0";"2291.88";"7384.60010";"7549.60010";"-48216.29";"0.00";"IST";"PT";"19h 5m";"-183.12"
"366";"USTEC_ICM_UTC2";"Buy";"7546.3";"7549.9";"2018.09.13 18:00:00";"2018.09.14 22:55:00";"30.0";"-75.12";"7463.79980";"7628.79980";"-48291.40";"0.00";"IST";"End Of Friday (Time)";"1d 4h 55m";"-183.12"
"367";"USTEC_ICM_UTC2";"Buy";"7479.2";"7396.7";"2018.09.17 17:30:00";"2018.09.18 01:59:00";"30.0";"-2658.12";"7396.70020";"7561.70020";"-50949.52";"0.00";"IST";"SL";"8h 29m";"-183.12"
"368";"USTEC_ICM_UTC2";"Buy";"7514.2";"7596.7";"2018.09.18 18:00:00";"2018.09.21 09:44:00";"30.0";"1925.64";"7431.70020";"7596.70020";"-49023.88";"0.00";"IST";"PT";"2d 15h 44m";"-549.36"
"369";"USTEC_ICM_UTC2";"Buy";"7522.8";"7605.3";"2018.09.24 19:30:00";"2018.09.26 18:15:00";"30.0";"2108.76";"7440.29980";"7605.29980";"-46915.13";"0.00";"IST";"PT";"1d 22h 45m";"-366.24"
"370";"USTEC_ICM_UTC2";"Buy";"7605.5";"7621.6";"2018.09.26 19:30:00";"2018.09.28 22:55:00";"30.0";"116.76";"7523.00000";"7688.00000";"-46798.36";"0.00";"IST";"End Of Friday (Time)";"2d 3h 25m";"-366.24"
"371";"USTEC_ICM_UTC2";"Buy";"7693.6";"7611.1";"2018.10.01 18:00:00";"2018.10.02 11:49:00";"30.0";"-2658.12";"7611.10010";"7776.10010";"-49456.48";"0.00";"IST";"SL";"17h 49m";"-183.12"
"372";"USTEC_ICM_UTC2";"Buy";"7654.3";"7571.8";"2018.10.02 17:00:00";"2018.10.04 16:37:00";"30.0";"-2841.24";"7571.79980";"7736.79980";"-52297.72";"0.00";"IST";"SL";"1d 23h 37m";"-366.24"
"373";"USTEC_ICM_UTC2";"Buy";"7565.6";"7483.1";"2018.10.04 17:00:00";"2018.10.04 19:14:00";"30.0";"-2475.00";"7483.10010";"7648.10010";"-54772.72";"0.00";"IST";"SL";"2h 14m";"-0.00"
"374";"USTEC_ICM_UTC2";"Buy";"7477.0";"7394.5";"2018.10.05 17:30:00";"2018.10.05 18:21:00";"30.0";"-2475.00";"7394.50000";"7559.50000";"-57247.72";"0.00";"IST";"SL";"51m 0s";"-0.00"
"375";"USTEC_ICM_UTC2";"Buy";"7395.3";"7312.8";"2018.10.08 17:00:00";"2018.10.08 18:39:00";"30.0";"-2475.00";"7312.79980";"7477.79980";"-59722.72";"0.00";"IST";"SL";"1h 39m";"-0.00"
"376";"USTEC_ICM_UTC2";"Buy";"7412.0";"7329.5";"2018.10.09 18:30:00";"2018.10.10 15:25:00";"30.0";"-2658.12";"7329.50000";"7494.50000";"-62380.84";"0.00";"IST";"SL";"20h 55m";"-183.12"
"377";"USTEC_ICM_UTC2";"Buy";"7113.8";"7031.3";"2018.10.11 17:00:00";"2018.10.11 17:16:00";"30.0";"-2475.00";"7031.29980";"7196.29980";"-64855.84";"0.00";"IST";"SL";"16m 0s";"-0.00"
"378";"USTEC_ICM_UTC2";"Buy";"7090.0";"7172.5";"2018.10.15 17:00:00";"2018.10.16 16:59:00";"30.0";"2291.88";"7007.50000";"7172.50000";"-62563.96";"0.00";"IST";"PT";"23h 59m";"-183.12"
"379";"USTEC_ICM_UTC2";"Buy";"7181.6";"7264.1";"2018.10.16 18:00:00";"2018.10.16 22:19:00";"30.0";"2475.00";"7099.10010";"7264.10010";"-60088.96";"0.00";"IST";"PT";"4h 19m";"-0.00"
"380";"USTEC_ICM_UTC2";"Buy";"7248.0";"7165.5";"2018.10.17 17:30:00";"2018.10.18 18:29:00";"30.0";"-2658.12";"7165.50000";"7330.50000";"-62747.09";"0.00";"IST";"SL";"1d 0h 59m";"-183.12"
"381";"USTEC_ICM_UTC2";"Buy";"7200.0";"7117.5";"2018.10.19 18:15:00";"2018.10.19 19:24:00";"30.0";"-2475.00";"7117.50000";"7282.50000";"-65222.09";"0.00";"IST";"SL";"1h 9m";"-0.00"
"382";"USTEC_ICM_UTC2";"Buy";"7131.6";"7049.1";"2018.10.22 19:15:00";"2018.10.23 08:59:00";"30.0";"-2658.12";"7049.10010";"7214.10010";"-67880.20";"0.00";"IST";"SL";"13h 44m";"-183.12"
"383";"USTEC_ICM_UTC2";"Buy";"7008.7";"7091.2";"2018.10.23 16:45:00";"2018.10.23 21:16:00";"30.0";"2475.00";"6926.20020";"7091.20020";"-65405.20";"0.00";"IST";"PT";"4h 31m";"-0.00"
"384";"USTEC_ICM_UTC2";"Buy";"7073.3";"6990.8";"2018.10.24 17:15:00";"2018.10.24 18:09:00";"30.0";"-2475.00";"6990.79980";"7155.79980";"-67880.20";"0.00";"IST";"SL";"54m 0s";"-0.00"
"385";"USTEC_ICM_UTC2";"Buy";"6896.7";"6979.2";"2018.10.25 16:30:00";"2018.10.25 17:04:00";"30.0";"2475.00";"6814.20020";"6979.20020";"-65405.20";"0.00";"IST";"PT";"34m 0s";"-0.00"
"386";"USTEC_ICM_UTC2";"Buy";"6861.2";"6778.7";"2018.10.26 16:45:00";"2018.10.26 17:07:00";"30.0";"-2475.00";"6778.70020";"6943.70020";"-67880.20";"0.00";"IST";"SL";"22m 0s";"-0.00"
"387";"USTEC_ICM_UTC2";"Buy";"6712.0";"6794.5";"2018.10.30 17:00:00";"2018.10.30 17:49:00";"30.0";"2475.00";"6629.50000";"6794.50000";"-65405.20";"0.00";"IST";"PT";"49m 0s";"-0.00"
"388";"USTEC_ICM_UTC2";"Buy";"6985.8";"7068.3";"2018.10.31 17:30:00";"2018.11.01 21:44:00";"30.0";"2291.88";"6903.29980";"7068.29980";"-63113.32";"0.00";"IST";"PT";"1d 4h 14m";"-183.12"
"389";"USTEC_ICM_UTC2";"Buy";"6962.9";"6880.4";"2018.11.02 21:30:00";"2018.11.05 17:03:00";"30.0";"-3024.36";"6880.39990";"7045.39990";"-66137.69";"0.00";"IST";"SL";"2d 19h 33m";"-549.36"
"390";"USTEC_ICM_UTC2";"Buy";"6930.1";"7012.6";"2018.11.05 22:45:00";"2018.11.06 16:47:00";"30.0";"2291.88";"6847.60010";"7012.60010";"-63845.80";"0.00";"IST";"PT";"18h 2m";"-183.12"
"391";"USTEC_ICM_UTC2";"Buy";"6999.4";"7081.9";"2018.11.06 17:30:00";"2018.11.07 10:45:00";"30.0";"2291.88";"6916.89990";"7081.89990";"-61553.93";"0.00";"IST";"PT";"17h 15m";"-183.12"
"392";"USTEC_ICM_UTC2";"Buy";"7071.7";"7154.2";"2018.11.07 16:30:00";"2018.11.07 17:53:00";"30.0";"2475.00";"6989.20020";"7154.20020";"-59078.93";"0.00";"IST";"PT";"1h 23m";"-0.00"
"393";"USTEC_ICM_UTC2";"Buy";"7183.7";"7101.2";"2018.11.08 17:00:00";"2018.11.09 10:27:00";"30.0";"-2658.12";"7101.20020";"7266.20020";"-61737.05";"0.00";"IST";"SL";"17h 27m";"-183.12"
"394";"USTEC_ICM_UTC2";"Buy";"6860.6";"6943.1";"2018.11.12 22:00:00";"2018.11.13 18:18:00";"30.0";"2291.88";"6778.10010";"6943.10010";"-59445.16";"0.00";"IST";"PT";"20h 18m";"-183.12"
"395";"USTEC_ICM_UTC2";"Buy";"6897.4";"6814.9";"2018.11.13 19:30:00";"2018.11.13 21:46:00";"30.0";"-2475.00";"6814.89990";"6979.89990";"-61920.16";"0.00";"IST";"SL";"2h 16m";"-0.00"
"396";"USTEC_ICM_UTC2";"Buy";"6891.8";"6809.3";"2018.11.14 16:30:00";"2018.11.14 18:02:00";"30.0";"-2475.00";"6809.29980";"6974.29980";"-64395.16";"0.00";"IST";"SL";"1h 32m";"-0.00"
"397";"USTEC_ICM_UTC2";"Buy";"6802.2";"6884.7";"2018.11.15 19:45:00";"2018.11.15 21:28:00";"30.0";"2475.00";"6719.70020";"6884.70020";"-61920.16";"0.00";"IST";"PT";"1h 43m";"-0.00"
"398";"USTEC_ICM_UTC2";"Buy";"6858.5";"6874.8";"2018.11.16 17:00:00";"2018.11.16 22:55:00";"30.0";"489.00";"6776.00000";"6941.00000";"-61431.16";"0.00";"IST";"End Of Friday (Time)";"5h 55m";"-0.00"
"399";"USTEC_ICM_UTC2";"Buy";"6602.0";"6519.5";"2018.11.20 18:45:00";"2018.11.20 21:00:00";"30.0";"-2475.00";"6519.50000";"6684.50000";"-63906.16";"0.00";"IST";"SL";"2h 15m";"-0.00"
"400";"USTEC_ICM_UTC2";"Buy";"6586.3";"6503.8";"2018.11.21 17:15:00";"2018.11.22 18:00:00";"30.0";"-2658.12";"6503.79980";"6668.79980";"-66564.29";"0.00";"IST";"SL";"1d 0h 45m";"-183.12"
"401";"USTEC_ICM_UTC2";"Buy";"6556.3";"6638.8";"2018.11.23 17:45:00";"2018.11.26 11:22:00";"30.0";"1925.64";"6473.79980";"6638.79980";"-64638.64";"0.00";"IST";"PT";"2d 17h 37m";"-549.36"
"402";"USTEC_ICM_UTC2";"Buy";"6670.3";"6752.8";"2018.11.26 22:45:00";"2018.11.28 16:30:00";"30.0";"2108.76";"6587.79980";"6752.79980";"-62529.89";"0.00";"IST";"PT";"1d 17h 45m";"-366.24"
"403";"USTEC_ICM_UTC2";"Buy";"6846.0";"6928.5";"2018.11.28 20:30:00";"2018.11.29 21:51:00";"30.0";"2291.88";"6763.50000";"6928.50000";"-60238.00";"0.00";"IST";"PT";"1d 1h 21m";"-183.12"
"404";"USTEC_ICM_UTC2";"Buy";"6891.5";"6925.4";"2018.11.30 17:00:00";"2018.11.30 22:55:00";"30.0";"1017.00";"6809.00000";"6974.00000";"-59221.00";"0.00";"IST";"End Of Friday (Time)";"5h 55m";"-0.00"
"405";"USTEC_ICM_UTC2";"Buy";"7027.4";"6944.9";"2018.12.04 16:45:00";"2018.12.04 19:08:00";"30.0";"-2475.00";"6944.89990";"7109.89990";"-61696.00";"0.00";"IST";"SL";"2h 23m";"-0.00"
"406";"USTEC_ICM_UTC2";"Buy";"6656.8";"6739.3";"2018.12.06 16:30:00";"2018.12.06 19:15:00";"30.0";"2475.00";"6574.29980";"6739.29980";"-59221.00";"0.00";"IST";"PT";"2h 45m";"-0.00"
"407";"USTEC_ICM_UTC2";"Buy";"6831.6";"6749.1";"2018.12.07 16:45:00";"2018.12.07 17:24:00";"30.0";"-2475.00";"6749.10010";"6914.10010";"-61696.00";"0.00";"IST";"SL";"39m 0s";"-0.00"
"408";"USTEC_ICM_UTC2";"Buy";"6602.3";"6684.8";"2018.12.10 16:30:00";"2018.12.10 21:34:00";"30.0";"2475.00";"6519.79980";"6684.79980";"-59221.00";"0.00";"IST";"PT";"5h 4m";"-0.00"
"409";"USTEC_ICM_UTC2";"Buy";"6768.6";"6686.1";"2018.12.11 17:00:00";"2018.12.11 20:40:00";"30.0";"-2475.00";"6686.10010";"6851.10010";"-61696.00";"0.00";"IST";"SL";"3h 40m";"-0.00"
"410";"USTEC_ICM_UTC2";"Buy";"6829.6";"6747.1";"2018.12.12 17:15:00";"2018.12.12 23:01:00";"30.0";"-2475.00";"6747.10010";"6912.10010";"-64171.00";"0.00";"IST";"SL";"5h 46m";"-0.00"
"411";"USTEC_ICM_UTC2";"Buy";"6802.4";"6719.9";"2018.12.13 16:45:00";"2018.12.13 21:28:00";"30.0";"-2475.00";"6719.89990";"6884.89990";"-66646.01";"0.00";"IST";"SL";"4h 43m";"-0.00"
"412";"USTEC_ICM_UTC2";"Buy";"6687.7";"6605.2";"2018.12.14 17:00:00";"2018.12.14 21:42:00";"30.0";"-2475.00";"6605.20020";"6770.20020";"-69121.01";"0.00";"IST";"SL";"4h 42m";"-0.00"
"413";"USTEC_ICM_UTC2";"Buy";"6612.5";"6530.0";"2018.12.17 19:00:00";"2018.12.17 20:01:00";"30.0";"-2475.00";"6530.00000";"6695.00000";"-71596.01";"0.00";"IST";"SL";"1h 1m";"-0.00"
"414";"USTEC_ICM_UTC2";"Buy";"6518.4";"6435.9";"2018.12.18 17:00:00";"2018.12.18 22:09:00";"30.0";"-2475.00";"6435.89990";"6600.89990";"-74071.01";"0.00";"IST";"SL";"5h 9m";"-0.00"
"415";"USTEC_ICM_UTC2";"Buy";"6529.7";"6447.2";"2018.12.19 18:45:00";"2018.12.19 21:04:00";"30.0";"-2475.00";"6447.20020";"6612.20020";"-76546.01";"0.00";"IST";"SL";"2h 19m";"-0.00"
"416";"USTEC_ICM_UTC2";"Buy";"6268.3";"6185.8";"2018.12.21 16:45:00";"2018.12.21 18:07:00";"30.0";"-2475.00";"6185.79980";"6350.79980";"-79021.01";"0.00";"IST";"SL";"1h 22m";"-0.00"
"417";"USTEC_ICM_UTC2";"Buy";"5988.8";"5906.3";"2018.12.24 18:45:00";"2018.12.24 19:59:00";"30.0";"-2475.00";"5906.29980";"6071.29980";"-81496.01";"0.00";"IST";"SL";"1h 14m";"-0.00"
"418";"USTEC_ICM_UTC2";"Buy";"5955.5";"6038.0";"2018.12.26 16:30:00";"2018.12.26 18:57:00";"30.0";"2475.00";"5873.00000";"6038.00000";"-79021.01";"0.00";"IST";"PT";"2h 27m";"-0.00"
"419";"USTEC_ICM_UTC2";"Buy";"6137.0";"6054.5";"2018.12.27 17:15:00";"2018.12.27 20:51:00";"30.0";"-2475.00";"6054.50000";"6219.50000";"-81496.01";"0.00";"IST";"SL";"3h 36m";"-0.00"
"420";"USTEC_ICM_UTC2";"Buy";"6318.9";"6236.4";"2018.12.28 17:00:00";"2018.12.28 17:37:00";"30.0";"-2475.00";"6236.39990";"6401.39990";"-83971.01";"0.00";"IST";"SL";"37m 0s";"-0.00"
"421";"USTEC_ICM_UTC2";"Buy";"6305.6";"6223.1";"2018.12.31 21:45:00";"2019.01.02 10:03:00";"30.0";"-2841.24";"6223.10010";"6388.10010";"-86812.24";"0.00";"IST";"SL";"1d 12h 18m";"-366.24"
"422";"USTEC_ICM_UTC2";"Buy";"6324.8";"6221.8";"2019.01.02 19:30:00";"2019.01.03 01:00:00";"30.0";"-3274.02";"6242.29980";"6407.29980";"-90086.27";"0.00";"IST";"SL";"5h 30m";"-183.12"
"423";"USTEC_ICM_UTC2";"Buy";"6201.9";"6284.4";"2019.01.03 18:00:00";"2019.01.04 16:45:00";"30.0";"2291.88";"6119.39990";"6284.39990";"-87794.38";"0.00";"IST";"PT";"22h 45m";"-183.12"
"424";"USTEC_ICM_UTC2";"Buy";"6408.5";"6407.0";"2019.01.04 19:30:00";"2019.01.04 22:55:00";"30.0";"-45.00";"6326.00000";"6491.00000";"-87839.38";"0.00";"IST";"End Of Friday (Time)";"3h 25m";"-0.00"
"425";"USTEC_ICM_UTC2";"Buy";"6485.0";"6567.5";"2019.01.07 18:45:00";"2019.01.08 16:34:00";"30.0";"2291.88";"6402.50000";"6567.50000";"-85547.51";"0.00";"IST";"PT";"21h 49m";"-183.12"
"426";"USTEC_ICM_UTC2";"Buy";"6554.6";"6601.4";"2019.01.08 22:30:00";"2019.01.11 22:55:00";"30.0";"854.64";"6472.10010";"6637.10010";"-84692.87";"0.00";"IST";"End Of Friday (Time)";"3d 0h 25m";"-549.36"
"427";"USTEC_ICM_UTC2";"Buy";"6522.9";"6605.4";"2019.01.14 17:00:00";"2019.01.15 16:36:00";"30.0";"2291.88";"6440.39990";"6605.39990";"-82400.98";"0.00";"IST";"PT";"23h 36m";"-183.12"
"428";"USTEC_ICM_UTC2";"Buy";"6637.8";"6720.3";"2019.01.15 17:45:00";"2019.01.16 16:46:00";"30.0";"2291.88";"6555.29980";"6720.29980";"-80109.11";"0.00";"IST";"PT";"23h 1m";"-183.12"
"429";"USTEC_ICM_UTC2";"Buy";"6681.0";"6763.5";"2019.01.16 18:00:00";"2019.01.18 16:28:00";"30.0";"2108.76";"6598.50000";"6763.50000";"-78000.34";"0.00";"IST";"PT";"1d 22h 28m";"-366.24"
"430";"USTEC_ICM_UTC2";"Buy";"6753.1";"6768.6";"2019.01.18 17:30:00";"2019.01.18 22:55:00";"30.0";"465.00";"6670.60010";"6835.60010";"-77535.34";"0.00";"IST";"End Of Friday (Time)";"5h 25m";"-0.00"
"431";"USTEC_ICM_UTC2";"Buy";"6738.0";"6655.5";"2019.01.21 17:00:00";"2019.01.22 20:03:00";"30.0";"-2658.12";"6655.50000";"6820.50000";"-80193.47";"0.00";"IST";"SL";"1d 3h 3m";"-183.12"
"432";"USTEC_ICM_UTC2";"Buy";"6657.4";"6739.9";"2019.01.23 18:15:00";"2019.01.25 13:17:00";"30.0";"2108.76";"6574.89990";"6739.89990";"-78084.70";"0.00";"IST";"PT";"1d 19h 2m";"-366.24"
"433";"USTEC_ICM_UTC2";"Buy";"6761.8";"6778.4";"2019.01.25 17:00:00";"2019.01.25 22:55:00";"30.0";"498.00";"6679.29980";"6844.29980";"-77586.70";"0.00";"IST";"End Of Friday (Time)";"5h 55m";"-0.00"
"434";"USTEC_ICM_UTC2";"Buy";"6682.7";"6765.2";"2019.01.29 17:00:00";"2019.01.30 21:00:00";"30.0";"2291.88";"6600.20020";"6765.20020";"-75294.83";"0.00";"IST";"PT";"1d 4h 0m";"-183.12"
"435";"USTEC_ICM_UTC2";"Buy";"6793.6";"6876.1";"2019.01.30 21:15:00";"2019.01.31 17:03:00";"30.0";"2291.88";"6711.10010";"6876.10010";"-73002.95";"0.00";"IST";"PT";"19h 48m";"-183.12"
"436";"USTEC_ICM_UTC2";"Buy";"6912.7";"6870.9";"2019.01.31 20:00:00";"2019.02.01 22:55:00";"30.0";"-1437.12";"6830.20020";"6995.20020";"-74440.06";"0.00";"IST";"End Of Friday (Time)";"1d 2h 55m";"-183.12"
"437";"USTEC_ICM_UTC2";"Buy";"6942.3";"7024.8";"2019.02.04 19:00:00";"2019.02.05 18:04:00";"30.0";"2291.88";"6859.79980";"7024.79980";"-72148.19";"0.00";"IST";"PT";"23h 4m";"-183.12"
"438";"USTEC_ICM_UTC2";"Buy";"7014.6";"6932.1";"2019.02.05 18:45:00";"2019.02.07 16:30:00";"30.0";"-2841.24";"6932.10010";"7097.10010";"-74989.43";"0.00";"IST";"SL";"1d 21h 45m";"-366.24"
"439";"USTEC_ICM_UTC2";"Buy";"6886.1";"6893.8";"2019.02.07 22:30:00";"2019.02.08 22:55:00";"30.0";"47.88";"6803.60010";"6968.60010";"-74941.55";"0.00";"IST";"End Of Friday (Time)";"1d 0h 25m";"-183.12"
"440";"USTEC_ICM_UTC2";"Buy";"6926.7";"7009.2";"2019.02.11 17:15:00";"2019.02.12 18:00:00";"30.0";"2291.88";"6844.20020";"7009.20020";"-72649.66";"0.00";"IST";"PT";"1d 0h 45m";"-183.12"
"441";"USTEC_ICM_UTC2";"Buy";"7004.4";"7086.9";"2019.02.12 18:45:00";"2019.02.15 16:28:00";"30.0";"1925.64";"6921.89990";"7086.89990";"-70724.02";"0.00";"IST";"PT";"2d 21h 43m";"-549.36"
"442";"USTEC_ICM_UTC2";"Buy";"7040.8";"7044.3";"2019.02.15 17:15:00";"2019.02.15 22:55:00";"30.0";"105.00";"6958.29980";"7123.29980";"-70619.02";"0.00";"IST";"End Of Friday (Time)";"5h 40m";"-0.00"
"443";"USTEC_ICM_UTC2";"Buy";"7070.6";"7076.1";"2019.02.18 18:30:00";"2019.02.22 22:55:00";"30.0";"-567.48";"6988.10010";"7153.10010";"-71186.51";"0.00";"IST";"End Of Friday (Time)";"4d 4h 25m";"-732.48"
"444";"USTEC_ICM_UTC2";"Buy";"7145.2";"7062.7";"2019.02.25 17:30:00";"2019.02.27 17:11:00";"30.0";"-2841.24";"7062.70020";"7227.70020";"-74027.75";"0.00";"IST";"SL";"1d 23h 41m";"-366.24"
"445";"USTEC_ICM_UTC2";"Buy";"7071.4";"7153.9";"2019.02.27 17:45:00";"2019.03.01 16:30:00";"30.0";"2108.76";"6988.89990";"7153.89990";"-71918.98";"0.00";"IST";"PT";"1d 22h 45m";"-366.24"
"446";"USTEC_ICM_UTC2";"Buy";"7158.2";"7149.2";"2019.03.01 22:45:00";"2019.03.01 22:55:00";"30.0";"-270.00";"7075.70020";"7240.70020";"-72188.98";"0.00";"IST";"End Of Friday (Time)";"10m 0s";"-0.00"
"447";"USTEC_ICM_UTC2";"Buy";"7206.9";"7124.4";"2019.03.04 16:45:00";"2019.03.04 18:41:00";"30.0";"-2475.00";"7124.39990";"7289.39990";"-74663.98";"0.00";"IST";"SL";"1h 56m";"-0.00"
"448";"USTEC_ICM_UTC2";"Buy";"7163.0";"7080.5";"2019.03.05 19:15:00";"2019.03.07 09:24:00";"30.0";"-2841.24";"7080.50000";"7245.50000";"-77505.23";"0.00";"IST";"SL";"1d 14h 9m";"-366.24"
"449";"USTEC_ICM_UTC2";"Buy";"7036.9";"6954.4";"2019.03.07 17:15:00";"2019.03.08 15:31:00";"30.0";"-2658.12";"6954.39990";"7119.39990";"-80163.34";"0.00";"IST";"SL";"22h 16m";"-183.12"
"450";"USTEC_ICM_UTC2";"Buy";"6947.6";"7010.4";"2019.03.08 16:30:00";"2019.03.08 22:55:00";"30.0";"1884.00";"6865.10010";"7030.10010";"-78279.34";"0.00";"IST";"End Of Friday (Time)";"6h 25m";"-0.00"
"451";"USTEC_ICM_UTC2";"Buy";"7154.2";"7236.7";"2019.03.11 20:45:00";"2019.03.13 14:02:00";"30.0";"2108.76";"7071.70020";"7236.70020";"-76170.59";"0.00";"IST";"PT";"1d 17h 17m";"-366.24"
"452";"USTEC_ICM_UTC2";"Buy";"7241.8";"7324.3";"2019.03.13 16:45:00";"2019.03.15 18:15:00";"30.0";"2108.76";"7159.29980";"7324.29980";"-74061.83";"0.00";"IST";"PT";"2d 1h 30m";"-366.24"
"453";"USTEC_ICM_UTC2";"Buy";"7323.0";"7405.5";"2019.03.15 19:15:00";"2019.03.20 20:26:00";"30.0";"1559.40";"7240.50000";"7405.50000";"-72502.43";"0.00";"IST";"PT";"5d 1h 11m";"-915.60"
"454";"USTEC_ICM_UTC2";"Buy";"7399.0";"7481.5";"2019.03.20 21:30:00";"2019.03.21 20:19:00";"30.0";"2291.88";"7316.50000";"7481.50000";"-70210.55";"0.00";"IST";"PT";"22h 49m";"-183.12"
"455";"USTEC_ICM_UTC2";"Buy";"7494.9";"7412.4";"2019.03.21 21:30:00";"2019.03.22 15:55:00";"30.0";"-2658.12";"7412.39990";"7577.39990";"-72868.66";"0.00";"IST";"SL";"18h 25m";"-183.12"
"456";"USTEC_ICM_UTC2";"Buy";"7319.1";"7401.6";"2019.03.25 18:30:00";"2019.03.26 15:57:00";"30.0";"2291.88";"7236.60010";"7401.60010";"-70576.79";"0.00";"IST";"PT";"21h 27m";"-183.12"
"457";"USTEC_ICM_UTC2";"Buy";"7399.6";"7317.1";"2019.03.26 17:00:00";"2019.03.26 21:30:00";"30.0";"-2475.00";"7317.10010";"7482.10010";"-73051.79";"0.00";"IST";"SL";"4h 30m";"-0.00"
"458";"USTEC_ICM_UTC2";"Buy";"7302.3";"7384.8";"2019.03.27 21:00:00";"2019.03.29 22:14:00";"30.0";"2108.76";"7219.79980";"7384.79980";"-70943.02";"0.00";"IST";"PT";"2d 1h 14m";"-366.24"
"459";"USTEC_ICM_UTC2";"Buy";"7452.1";"7534.6";"2019.04.01 19:00:00";"2019.04.03 04:45:00";"30.0";"2108.76";"7369.60010";"7534.60010";"-68834.27";"0.00";"IST";"PT";"1d 9h 45m";"-366.24"
"460";"USTEC_ICM_UTC2";"Buy";"7575.1";"7573.3";"2019.04.03 20:15:00";"2019.04.05 22:55:00";"30.0";"-420.24";"7492.60010";"7657.60010";"-69254.51";"0.00";"IST";"End Of Friday (Time)";"2d 2h 40m";"-366.24"
"461";"USTEC_ICM_UTC2";"Buy";"7551.5";"7634.0";"2019.04.08 17:00:00";"2019.04.11 04:31:00";"30.0";"1925.64";"7469.00000";"7634.00000";"-67328.87";"0.00";"IST";"PT";"2d 11h 31m";"-549.36"
"462";"USTEC_ICM_UTC2";"Buy";"7598.4";"7620.0";"2019.04.11 17:15:00";"2019.04.12 22:55:00";"30.0";"464.88";"7515.89990";"7680.89990";"-66863.98";"0.00";"IST";"End Of Friday (Time)";"1d 5h 40m";"-183.12"
"463";"USTEC_ICM_UTC2";"Buy";"7666.9";"7749.4";"2019.04.16 18:15:00";"2019.04.23 16:43:00";"30.0";"1193.16";"7584.39990";"7749.39990";"-65670.83";"0.00";"IST";"PT";"6d 22h 28m";"-1281.84"
"464";"USTEC_ICM_UTC2";"Buy";"7771.9";"7854.4";"2019.04.23 18:15:00";"2019.04.25 08:17:00";"30.0";"2108.76";"7689.39990";"7854.39990";"-63562.07";"0.00";"IST";"PT";"1d 14h 2m";"-366.24"
"465";"USTEC_ICM_UTC2";"Buy";"7834.4";"7751.9";"2019.04.25 17:00:00";"2019.04.26 16:55:00";"30.0";"-2658.12";"7751.89990";"7916.89990";"-66220.19";"0.00";"IST";"SL";"23h 55m";"-183.12"
"466";"USTEC_ICM_UTC2";"Buy";"7766.1";"7812.9";"2019.04.26 17:15:00";"2019.04.26 22:55:00";"30.0";"1404.00";"7683.60010";"7848.60010";"-64816.19";"0.00";"IST";"End Of Friday (Time)";"5h 40m";"-0.00"
"467";"USTEC_ICM_UTC2";"Buy";"7831.3";"7748.8";"2019.04.29 18:45:00";"2019.04.30 18:01:00";"30.0";"-2658.12";"7748.79980";"7913.79980";"-67474.30";"0.00";"IST";"SL";"23h 16m";"-183.12"
"468";"USTEC_ICM_UTC2";"Buy";"7783.7";"7701.2";"2019.04.30 20:45:00";"2019.05.02 18:44:00";"30.0";"-2841.24";"7701.20020";"7866.20020";"-70315.55";"0.00";"IST";"SL";"1d 21h 59m";"-366.24"
"469";"USTEC_ICM_UTC2";"Buy";"7791.5";"7845.1";"2019.05.03 17:00:00";"2019.05.03 22:55:00";"30.0";"1608.00";"7709.00000";"7874.00000";"-68707.55";"0.00";"IST";"End Of Friday (Time)";"5h 55m";"-0.00"
"470";"USTEC_ICM_UTC2";"Buy";"7754.5";"7672.0";"2019.05.06 19:00:00";"2019.05.07 17:15:00";"30.0";"-2658.12";"7672.00000";"7837.00000";"-71365.66";"0.00";"IST";"SL";"22h 15m";"-183.12"
"471";"USTEC_ICM_UTC2";"Buy";"7663.0";"7580.5";"2019.05.08 18:00:00";"2019.05.09 05:38:00";"30.0";"-2658.12";"7580.50000";"7745.50000";"-74023.79";"0.00";"IST";"SL";"11h 38m";"-183.12"
"472";"USTEC_ICM_UTC2";"Buy";"7538.4";"7620.9";"2019.05.09 16:30:00";"2019.05.10 03:05:00";"30.0";"2291.88";"7455.89990";"7620.89990";"-71731.91";"0.00";"IST";"PT";"10h 35m";"-183.12"
"473";"USTEC_ICM_UTC2";"Buy";"7555.3";"7576.2";"2019.05.10 21:45:00";"2019.05.10 22:55:00";"30.0";"627.00";"7472.79980";"7637.79980";"-71104.91";"0.00";"IST";"End Of Friday (Time)";"1h 10m";"-0.00"
"474";"USTEC_ICM_UTC2";"Buy";"7430.1";"7347.6";"2019.05.14 19:45:00";"2019.05.15 15:44:00";"30.0";"-2658.12";"7347.60010";"7512.60010";"-73763.03";"0.00";"IST";"SL";"19h 59m";"-183.12"
"475";"USTEC_ICM_UTC2";"Buy";"7496.7";"7579.2";"2019.05.15 18:30:00";"2019.05.16 17:19:00";"30.0";"2291.88";"7414.20020";"7579.20020";"-71471.15";"0.00";"IST";"PT";"22h 49m";"-183.12"
"476";"USTEC_ICM_UTC2";"Buy";"7604.0";"7521.5";"2019.05.16 18:30:00";"2019.05.17 14:30:00";"30.0";"-2658.12";"7521.50000";"7686.50000";"-74129.27";"0.00";"IST";"SL";"20h 0m";"-183.12"
"477";"USTEC_ICM_UTC2";"Buy";"7547.9";"7504.6";"2019.05.17 19:30:00";"2019.05.17 22:55:00";"30.0";"-1299.00";"7465.39990";"7630.39990";"-75428.27";"0.00";"IST";"End Of Friday (Time)";"3h 25m";"-0.00"
"478";"USTEC_ICM_UTC2";"Buy";"7391.1";"7308.6";"2019.05.20 18:45:00";"2019.05.23 13:05:00";"30.0";"-3024.36";"7308.60010";"7473.60010";"-78452.63";"0.00";"IST";"SL";"2d 18h 20m";"-549.36"
"479";"USTEC_ICM_UTC2";"Buy";"7303.8";"7300.3";"2019.05.23 17:15:00";"2019.05.24 22:55:00";"30.0";"-288.12";"7221.29980";"7386.29980";"-78740.75";"0.00";"IST";"End Of Friday (Time)";"1d 5h 40m";"-183.12"
"480";"USTEC_ICM_UTC2";"Buy";"7306.8";"7224.3";"2019.05.27 16:45:00";"2019.05.29 09:21:00";"30.0";"-2841.24";"7224.29980";"7389.29980";"-81581.98";"0.00";"IST";"SL";"1d 16h 36m";"-366.24"
"481";"USTEC_ICM_UTC2";"Buy";"7188.2";"7134.0";"2019.05.29 19:00:00";"2019.05.31 22:55:00";"30.0";"-1992.24";"7105.70020";"7270.70020";"-83574.23";"0.00";"IST";"End Of Friday (Time)";"2d 3h 55m";"-366.24"
"482";"USTEC_ICM_UTC2";"Buy";"7098.8";"7016.3";"2019.06.03 16:45:00";"2019.06.03 19:21:00";"30.0";"-2475.00";"7016.29980";"7181.29980";"-86049.23";"0.00";"IST";"SL";"2h 36m";"-0.00"
"483";"USTEC_ICM_UTC2";"Buy";"7036.9";"7119.4";"2019.06.04 17:00:00";"2019.06.04 18:23:00";"30.0";"2475.00";"6954.39990";"7119.39990";"-83574.23";"0.00";"IST";"PT";"1h 23m";"-0.00"
"484";"USTEC_ICM_UTC2";"Buy";"7184.8";"7267.3";"2019.06.05 17:15:00";"2019.06.06 21:45:00";"30.0";"2291.88";"7102.29980";"7267.29980";"-81282.34";"0.00";"IST";"PT";"1d 4h 30m";"-183.12"
"485";"USTEC_ICM_UTC2";"Buy";"7418.9";"7412.9";"2019.06.07 19:00:00";"2019.06.07 22:55:00";"30.0";"-180.00";"7336.39990";"7501.39990";"-81462.34";"0.00";"IST";"End Of Friday (Time)";"3h 55m";"-0.00"
"486";"USTEC_ICM_UTC2";"Buy";"7543.1";"7460.6";"2019.06.10 20:15:00";"2019.06.12 17:31:00";"30.0";"-2841.24";"7460.60010";"7625.60010";"-84303.59";"0.00";"IST";"SL";"1d 21h 16m";"-366.24"
"487";"USTEC_ICM_UTC2";"Buy";"7474.2";"7489.0";"2019.06.12 18:00:00";"2019.06.14 22:55:00";"30.0";"77.76";"7391.70020";"7556.70020";"-84225.83";"0.00";"IST";"End Of Friday (Time)";"2d 4h 55m";"-366.24"
"488";"USTEC_ICM_UTC2";"Buy";"7540.7";"7623.2";"2019.06.17 17:45:00";"2019.06.18 16:39:00";"30.0";"2291.88";"7458.20020";"7623.20020";"-81933.95";"0.00";"IST";"PT";"22h 54m";"-183.12"
"489";"USTEC_ICM_UTC2";"Buy";"7656.1";"7738.6";"2019.06.18 19:15:00";"2019.06.20 09:29:00";"30.0";"2108.76";"7573.60010";"7738.60010";"-79825.19";"0.00";"IST";"PT";"1d 14h 14m";"-366.24"
"490";"USTEC_ICM_UTC2";"Buy";"7762.0";"7679.5";"2019.06.20 17:00:00";"2019.06.20 19:19:00";"30.0";"-2475.00";"7679.50000";"7844.50000";"-82300.19";"0.00";"IST";"SL";"2h 19m";"-0.00"
"491";"USTEC_ICM_UTC2";"Buy";"7730.9";"7731.3";"2019.06.21 19:45:00";"2019.06.21 22:55:00";"30.0";"12.00";"7648.39990";"7813.39990";"-82288.19";"0.00";"IST";"End Of Friday (Time)";"3h 10m";"-0.00"
"492";"USTEC_ICM_UTC2";"Buy";"7737.9";"7655.4";"2019.06.24 19:30:00";"2019.06.25 17:53:00";"30.0";"-2658.12";"7655.39990";"7820.39990";"-84946.30";"0.00";"IST";"SL";"22h 23m";"-183.12"
"493";"USTEC_ICM_UTC2";"Buy";"7658.3";"7649.8";"2019.06.26 17:45:00";"2019.06.28 22:55:00";"30.0";"-621.24";"7575.79980";"7740.79980";"-85567.55";"0.00";"IST";"End Of Friday (Time)";"2d 5h 10m";"-366.24"
"494";"USTEC_ICM_UTC2";"Buy";"7760.3";"7842.8";"2019.07.02 17:00:00";"2019.07.03 12:25:00";"30.0";"2291.88";"7677.79980";"7842.79980";"-83275.66";"0.00";"IST";"PT";"19h 25m";"-183.12"
"495";"USTEC_ICM_UTC2";"Buy";"7870.0";"7787.5";"2019.07.04 17:30:00";"2019.07.05 16:59:00";"30.0";"-2658.12";"7787.50000";"7952.50000";"-85933.79";"0.00";"IST";"SL";"23h 29m";"-183.12"
"496";"USTEC_ICM_UTC2";"Buy";"7838.3";"7834.8";"2019.07.05 20:30:00";"2019.07.05 22:55:00";"30.0";"-105.00";"7755.79980";"7920.79980";"-86038.79";"0.00";"IST";"End Of Friday (Time)";"2h 25m";"-0.00"
"497";"USTEC_ICM_UTC2";"Buy";"7792.4";"7874.9";"2019.07.08 16:30:00";"2019.07.10 15:50:00";"30.0";"2108.76";"7709.89990";"7874.89990";"-83930.03";"0.00";"IST";"PT";"1d 23h 20m";"-366.24"
"498";"USTEC_ICM_UTC2";"Buy";"7900.9";"7938.2";"2019.07.10 17:45:00";"2019.07.12 22:55:00";"30.0";"752.76";"7818.39990";"7983.39990";"-83177.27";"0.00";"IST";"End Of Friday (Time)";"2d 5h 10m";"-366.24"
"499";"USTEC_ICM_UTC2";"Buy";"7942.8";"7850.9";"2019.07.15 17:15:00";"2019.07.18 01:00:00";"30.0";"-3307.59";"7860.29980";"8025.29980";"-86484.86";"0.00";"IST";"SL";"2d 7h 45m";"-549.36"
"500";"USTEC_ICM_UTC2";"Buy";"7872.4";"7954.9";"2019.07.18 16:45:00";"2019.07.19 16:28:00";"30.0";"2291.88";"7789.89990";"7954.89990";"-84192.98";"0.00";"IST";"PT";"23h 43m";"-183.12"
"501";"USTEC_ICM_UTC2";"Buy";"7920.1";"7846.7";"2019.07.19 17:30:00";"2019.07.19 22:55:00";"30.0";"-2202.00";"7837.60010";"8002.60010";"-86394.98";"0.00";"IST";"End Of Friday (Time)";"5h 25m";"-0.00"
"502";"USTEC_ICM_UTC2";"Buy";"7881.8";"7964.3";"2019.07.22 16:45:00";"2019.07.23 23:09:00";"30.0";"2291.88";"7799.29980";"7964.29980";"-84103.10";"0.00";"IST";"PT";"1d 6h 24m";"-183.12"
"503";"USTEC_ICM_UTC2";"Buy";"7964.0";"8022.1";"2019.07.24 18:30:00";"2019.07.26 22:55:00";"30.0";"1376.76";"7881.50000";"8046.50000";"-82726.34";"0.00";"IST";"End Of Friday (Time)";"2d 4h 25m";"-366.24"
"504";"USTEC_ICM_UTC2";"Buy";"7954.8";"7872.3";"2019.07.29 17:30:00";"2019.07.31 21:45:00";"30.0";"-2841.24";"7872.29980";"8037.29980";"-85567.58";"0.00";"IST";"SL";"2d 4h 15m";"-366.24"
"505";"USTEC_ICM_UTC2";"Buy";"7993.8";"7911.3";"2019.08.01 19:45:00";"2019.08.01 20:30:00";"30.0";"-2475.00";"7911.29980";"8076.29980";"-88042.58";"0.00";"IST";"SL";"45m 0s";"-0.00"
"506";"USTEC_ICM_UTC2";"Buy";"7658.1";"7679.5";"2019.08.02 20:30:00";"2019.08.02 22:55:00";"30.0";"642.00";"7575.60010";"7740.60010";"-87400.58";"0.00";"IST";"End Of Friday (Time)";"2h 25m";"-0.00"
"507";"USTEC_ICM_UTC2";"Buy";"7515.7";"7433.2";"2019.08.06 22:30:00";"2019.08.07 15:50:00";"30.0";"-2658.12";"7433.20020";"7598.20020";"-90058.70";"0.00";"IST";"SL";"17h 20m";"-183.12"
"508";"USTEC_ICM_UTC2";"Buy";"7473.9";"7556.4";"2019.08.07 19:00:00";"2019.08.07 21:59:00";"30.0";"2475.00";"7391.39990";"7556.39990";"-87583.70";"0.00";"IST";"PT";"2h 59m";"-0.00"
"509";"USTEC_ICM_UTC2";"Buy";"7695.6";"7613.1";"2019.08.08 20:45:00";"2019.08.09 18:26:00";"30.0";"-2658.12";"7613.10010";"7778.10010";"-90241.82";"0.00";"IST";"SL";"21h 41m";"-183.12"
"510";"USTEC_ICM_UTC2";"Buy";"7668.0";"7659.1";"2019.08.09 21:30:00";"2019.08.09 22:55:00";"30.0";"-267.00";"7585.50000";"7750.50000";"-90508.82";"0.00";"IST";"End Of Friday (Time)";"1h 25m";"-0.00"
"511";"USTEC_ICM_UTC2";"Buy";"7596.6";"7514.1";"2019.08.12 18:30:00";"2019.08.13 12:30:00";"30.0";"-2658.12";"7514.10010";"7679.10010";"-93166.94";"0.00";"IST";"SL";"18h 0m";"-183.12"
"512";"USTEC_ICM_UTC2";"Buy";"7721.5";"7639.0";"2019.08.13 18:45:00";"2019.08.14 14:41:00";"30.0";"-2658.12";"7639.00000";"7804.00000";"-95825.05";"0.00";"IST";"SL";"19h 56m";"-183.12"
"513";"USTEC_ICM_UTC2";"Buy";"7502.5";"7420.0";"2019.08.14 22:00:00";"2019.08.15 13:17:00";"30.0";"-2658.12";"7420.00000";"7585.00000";"-98483.18";"0.00";"IST";"SL";"15h 17m";"-183.12"
"514";"USTEC_ICM_UTC2";"Buy";"7507.2";"7589.7";"2019.08.15 17:00:00";"2019.08.16 12:07:00";"30.0";"2291.88";"7424.70020";"7589.70020";"-96191.30";"0.00";"IST";"PT";"19h 7m";"-183.12"
"515";"USTEC_ICM_UTC2";"Buy";"7599.0";"7609.9";"2019.08.16 19:00:00";"2019.08.16 22:55:00";"30.0";"327.00";"7516.50000";"7681.50000";"-95864.30";"0.00";"IST";"End Of Friday (Time)";"3h 55m";"-0.00"
"516";"USTEC_ICM_UTC2";"Buy";"7706.8";"7624.3";"2019.08.19 16:30:00";"2019.08.23 16:50:00";"30.0";"-3207.48";"7624.29980";"7789.29980";"-99071.78";"0.00";"IST";"SL";"4d 0h 20m";"-732.48"
"517";"USTEC_ICM_UTC2";"Buy";"7622.9";"7540.4";"2019.08.27 17:00:00";"2019.08.27 19:43:00";"30.0";"-2475.00";"7540.39990";"7705.39990";"-101546.78";"0.00";"IST";"SL";"2h 43m";"-0.00"
"518";"USTEC_ICM_UTC2";"Buy";"7577.2";"7659.7";"2019.08.28 19:30:00";"2019.08.29 10:49:00";"30.0";"2291.88";"7494.70020";"7659.70020";"-99254.90";"0.00";"IST";"PT";"15h 19m";"-183.12"
"519";"USTEC_ICM_UTC2";"Buy";"7678.3";"7760.8";"2019.08.29 16:30:00";"2019.08.30 12:58:00";"30.0";"2291.88";"7595.79980";"7760.79980";"-96963.02";"0.00";"IST";"PT";"20h 28m";"-183.12"
"520";"USTEC_ICM_UTC2";"Buy";"7655.7";"7738.2";"2019.09.03 16:45:00";"2019.09.05 03:09:00";"30.0";"2108.76";"7573.20020";"7738.20020";"-94854.26";"0.00";"IST";"PT";"1d 10h 24m";"-366.24"
"521";"USTEC_ICM_UTC2";"Buy";"7858.1";"7852.9";"2019.09.05 18:15:00";"2019.09.06 22:55:00";"30.0";"-339.12";"7775.60010";"7940.60010";"-95193.38";"0.00";"IST";"End Of Friday (Time)";"1d 4h 40m";"-183.12"
"522";"USTEC_ICM_UTC2";"Buy";"7851.2";"7768.7";"2019.09.09 17:15:00";"2019.09.10 16:35:00";"30.0";"-2658.12";"7768.70020";"7933.70020";"-97851.50";"0.00";"IST";"SL";"23h 20m";"-183.12"
"523";"USTEC_ICM_UTC2";"Buy";"7760.0";"7842.5";"2019.09.10 17:00:00";"2019.09.11 16:40:00";"30.0";"2291.88";"7677.50000";"7842.50000";"-95559.62";"0.00";"IST";"PT";"23h 40m";"-183.12"
"524";"USTEC_ICM_UTC2";"Buy";"7858.2";"7940.7";"2019.09.11 18:15:00";"2019.09.12 02:25:00";"30.0";"2291.88";"7775.70020";"7940.70020";"-93267.74";"0.00";"IST";"PT";"8h 10m";"-183.12"
"525";"USTEC_ICM_UTC2";"Buy";"7931.5";"7895.0";"2019.09.12 16:30:00";"2019.09.13 22:55:00";"30.0";"-1278.12";"7849.00000";"8014.00000";"-94545.86";"0.00";"IST";"End Of Friday (Time)";"1d 6h 25m";"-183.12"
"526";"USTEC_ICM_UTC2";"Buy";"7837.0";"7919.5";"2019.09.16 16:30:00";"2019.09.19 16:32:00";"30.0";"1925.64";"7754.50000";"7919.50000";"-92620.22";"0.00";"IST";"PT";"3d 0h 2m";"-549.36"
"527";"USTEC_ICM_UTC2";"Buy";"7935.3";"7852.8";"2019.09.19 16:45:00";"2019.09.20 20:13:00";"30.0";"-2658.12";"7852.79980";"8017.79980";"-95278.34";"0.00";"IST";"SL";"1d 3h 28m";"-183.12"
"528";"USTEC_ICM_UTC2";"Buy";"7827.0";"7744.5";"2019.09.23 20:15:00";"2019.09.24 19:23:00";"30.0";"-2658.12";"7744.50000";"7909.50000";"-97936.46";"0.00";"IST";"SL";"23h 8m";"-183.12"
"529";"USTEC_ICM_UTC2";"Buy";"7695.6";"7778.1";"2019.09.25 17:30:00";"2019.09.25 21:13:00";"30.0";"2475.00";"7613.10010";"7778.10010";"-95461.46";"0.00";"IST";"PT";"3h 43m";"-0.00"
"530";"USTEC_ICM_UTC2";"Buy";"7794.1";"7711.6";"2019.09.26 16:30:00";"2019.09.27 18:38:00";"30.0";"-2658.12";"7711.60010";"7876.60010";"-98119.58";"0.00";"IST";"SL";"1d 2h 8m";"-183.12"
"531";"USTEC_ICM_UTC2";"Buy";"7721.2";"7803.7";"2019.09.30 18:15:00";"2019.10.01 09:17:00";"30.0";"2291.88";"7638.70020";"7803.70020";"-95827.70";"0.00";"IST";"PT";"15h 2m";"-183.12"
"532";"USTEC_ICM_UTC2";"Buy";"7765.4";"7682.9";"2019.10.01 17:30:00";"2019.10.01 20:32:00";"30.0";"-2475.00";"7682.89990";"7847.89990";"-98302.70";"0.00";"IST";"SL";"3h 2m";"-0.00"
"533";"USTEC_ICM_UTC2";"Buy";"7531.1";"7613.6";"2019.10.02 21:15:00";"2019.10.03 19:39:00";"30.0";"2291.88";"7448.60010";"7613.60010";"-96010.82";"0.00";"IST";"PT";"22h 24m";"-183.12"
"534";"USTEC_ICM_UTC2";"Buy";"7637.4";"7719.9";"2019.10.03 21:30:00";"2019.10.04 18:34:00";"30.0";"2291.88";"7554.89990";"7719.89990";"-93718.94";"0.00";"IST";"PT";"21h 4m";"-183.12"
"535";"USTEC_ICM_UTC2";"Buy";"7718.9";"7754.1";"2019.10.04 19:45:00";"2019.10.04 22:55:00";"30.0";"1056.00";"7636.39990";"7801.39990";"-92662.94";"0.00";"IST";"End Of Friday (Time)";"3h 10m";"-0.00"
"536";"USTEC_ICM_UTC2";"Buy";"7720.1";"7637.6";"2019.10.07 16:45:00";"2019.10.08 16:51:00";"30.0";"-2658.12";"7637.60010";"7802.60010";"-95321.06";"0.00";"IST";"SL";"1d 0h 6m";"-183.12"
"537";"USTEC_ICM_UTC2";"Buy";"7672.9";"7590.4";"2019.10.08 20:30:00";"2019.10.10 01:27:00";"30.0";"-2841.24";"7590.39990";"7755.39990";"-98162.30";"0.00";"IST";"SL";"1d 4h 57m";"-366.24"
"538";"USTEC_ICM_UTC2";"Buy";"7765.2";"7847.7";"2019.10.10 19:00:00";"2019.10.11 14:26:00";"30.0";"2291.88";"7682.70020";"7847.70020";"-95870.42";"0.00";"IST";"PT";"19h 26m";"-183.12"
"539";"USTEC_ICM_UTC2";"Buy";"7880.5";"7853.3";"2019.10.11 18:15:00";"2019.10.11 22:55:00";"30.0";"-816.00";"7798.00000";"7963.00000";"-96686.42";"0.00";"IST";"End Of Friday (Time)";"4h 40m";"-0.00"
"540";"USTEC_ICM_UTC2";"Buy";"7858.7";"7941.2";"2019.10.14 17:45:00";"2019.10.15 17:59:00";"30.0";"2291.88";"7776.20020";"7941.20020";"-94394.54";"0.00";"IST";"PT";"1d 0h 14m";"-183.12"
"541";"USTEC_ICM_UTC2";"Buy";"7938.9";"7856.4";"2019.10.15 19:00:00";"2019.10.18 18:58:00";"30.0";"-3024.36";"7856.39990";"8021.39990";"-97418.90";"0.00";"IST";"SL";"2d 23h 58m";"-549.36"
"542";"USTEC_ICM_UTC2";"Buy";"7905.5";"7823.0";"2019.10.21 16:30:00";"2019.10.23 03:01:00";"30.0";"-2841.24";"7823.00000";"7988.00000";"-100260.14";"0.00";"IST";"SL";"1d 10h 31m";"-366.24"
"543";"USTEC_ICM_UTC2";"Buy";"7878.4";"7960.9";"2019.10.23 18:00:00";"2019.10.24 18:30:00";"30.0";"2291.88";"7795.89990";"7960.89990";"-97968.26";"0.00";"IST";"PT";"1d 0h 30m";"-183.12"
"544";"USTEC_ICM_UTC2";"Buy";"7955.5";"8022.3";"2019.10.24 19:45:00";"2019.10.25 22:55:00";"30.0";"1820.88";"7873.00000";"8038.00000";"-96147.38";"0.00";"IST";"End Of Friday (Time)";"1d 3h 10m";"-183.12"
"545";"USTEC_ICM_UTC2";"Buy";"8107.7";"8025.2";"2019.10.28 17:45:00";"2019.10.30 16:03:00";"30.0";"-2841.24";"8025.20020";"8190.20020";"-98988.62";"0.00";"IST";"SL";"1d 22h 18m";"-366.24"
"546";"USTEC_ICM_UTC2";"Buy";"8046.8";"8129.3";"2019.10.30 16:30:00";"2019.10.31 10:16:00";"30.0";"2291.88";"7964.29980";"8129.29980";"-96696.74";"0.00";"IST";"PT";"17h 46m";"-183.12"
"547";"USTEC_ICM_UTC2";"Buy";"8061.3";"8143.8";"2019.10.31 20:30:00";"2019.11.01 16:02:00";"30.0";"2291.88";"7978.79980";"8143.79980";"-94404.86";"0.00";"IST";"PT";"19h 32m";"-183.12"
"548";"USTEC_ICM_UTC2";"Buy";"8143.9";"8226.4";"2019.11.01 17:00:00";"2019.11.04 16:41:00";"30.0";"1925.64";"8061.39990";"8226.40039";"-92479.22";"0.00";"IST";"PT";"2d 23h 41m";"-549.36"
"549";"USTEC_ICM_UTC2";"Buy";"8219.8";"8248.4";"2019.11.04 16:45:00";"2019.11.08 22:55:00";"30.0";"125.55";"8137.29980";"8302.29980";"-92353.67";"0.00";"IST";"End Of Friday (Time)";"4d 6h 10m";"-732.48"
"550";"USTEC_ICM_UTC2";"Buy";"8222.4";"8304.9";"2019.11.11 17:00:00";"2019.11.15 16:28:00";"30.0";"1742.52";"8139.89990";"8304.90039";"-90611.15";"0.00";"IST";"PT";"3d 23h 28m";"-732.48"
"551";"USTEC_ICM_UTC2";"Buy";"8296.3";"8307.9";"2019.11.15 17:15:00";"2019.11.15 22:55:00";"30.0";"348.03";"8213.79980";"8378.79980";"-90263.12";"0.00";"IST";"End Of Friday (Time)";"5h 40m";"-0.00"
"552";"USTEC_ICM_UTC2";"Buy";"8323.3";"8240.8";"2019.11.18 22:45:00";"2019.11.20 20:10:00";"30.0";"-2841.24";"8240.79980";"8405.79980";"-93104.36";"0.00";"IST";"SL";"1d 21h 25m";"-366.24"
"553";"USTEC_ICM_UTC2";"Buy";"8238.2";"8264.7";"2019.11.20 20:30:00";"2019.11.22 22:55:00";"30.0";"428.76";"8155.70020";"8320.70020";"-92675.60";"0.00";"IST";"End Of Friday (Time)";"2d 2h 25m";"-366.24"
"554";"USTEC_ICM_UTC2";"Buy";"8360.2";"8442.7";"2019.11.25 18:30:00";"2019.11.27 22:54:00";"30.0";"2108.76";"8277.70020";"8442.70020";"-90566.84";"0.00";"IST";"PT";"2d 4h 24m";"-366.24"
"555";"USTEC_ICM_UTC2";"Buy";"8436.9";"8354.4";"2019.11.28 16:30:00";"2019.12.02 16:40:00";"30.0";"-3207.48";"8354.40039";"8519.40039";"-93774.32";"0.00";"IST";"SL";"4d 0h 10m";"-732.48"
"556";"USTEC_ICM_UTC2";"Buy";"8326.8";"8244.3";"2019.12.02 22:45:00";"2019.12.03 15:11:00";"30.0";"-2658.12";"8244.29980";"8409.29980";"-96432.44";"0.00";"IST";"SL";"16h 26m";"-183.12"
"557";"USTEC_ICM_UTC2";"Buy";"8223.4";"8305.9";"2019.12.03 21:15:00";"2019.12.04 16:36:00";"30.0";"2291.88";"8140.89990";"8305.90039";"-94140.56";"0.00";"IST";"PT";"19h 21m";"-183.12"
"558";"USTEC_ICM_UTC2";"Buy";"8311.6";"8394.1";"2019.12.04 18:00:00";"2019.12.06 19:29:00";"30.0";"2108.76";"8229.09961";"8394.09961";"-92031.80";"0.00";"IST";"PT";"2d 1h 29m";"-366.24"
"559";"USTEC_ICM_UTC2";"Buy";"8398.9";"8396.3";"2019.12.06 21:15:00";"2019.12.06 22:55:00";"30.0";"-78.03";"8316.40039";"8481.40039";"-92109.83";"0.00";"IST";"End Of Friday (Time)";"1h 40m";"-0.00"
"560";"USTEC_ICM_UTC2";"Buy";"8411.6";"8329.1";"2019.12.09 18:00:00";"2019.12.10 10:52:00";"30.0";"-2658.12";"8329.09961";"8494.09961";"-94767.95";"0.00";"IST";"SL";"16h 52m";"-183.12"
"561";"USTEC_ICM_UTC2";"Buy";"8360.1";"8442.6";"2019.12.10 17:00:00";"2019.12.12 16:39:00";"30.0";"2108.76";"8277.59961";"8442.59961";"-92659.19";"0.00";"IST";"PT";"1d 23h 39m";"-366.24"
"562";"USTEC_ICM_UTC2";"Buy";"8420.6";"8503.1";"2019.12.12 19:15:00";"2019.12.13 01:55:00";"30.0";"2291.88";"8338.09961";"8503.09961";"-90367.31";"0.00";"IST";"PT";"6h 40m";"-183.12"
"563";"USTEC_ICM_UTC2";"Buy";"8495.0";"8486.2";"2019.12.13 21:00:00";"2019.12.13 22:55:00";"30.0";"-264.00";"8412.50000";"8577.50000";"-90631.31";"0.00";"IST";"End Of Friday (Time)";"1h 55m";"-0.00"
"564";"USTEC_ICM_UTC2";"Buy";"8582.2";"8664.7";"2019.12.16 18:30:00";"2019.12.20 15:49:00";"30.0";"1742.52";"8499.70020";"8664.70020";"-88888.79";"0.00";"IST";"PT";"3d 21h 19m";"-732.48"
"565";"USTEC_ICM_UTC2";"Buy";"8663.8";"8679.3";"2019.12.20 17:15:00";"2019.12.20 22:55:00";"30.0";"465.00";"8581.29980";"8746.29980";"-88423.79";"0.00";"IST";"End Of Friday (Time)";"5h 40m";"-0.00"
"566";"USTEC_ICM_UTC2";"Buy";"8704.1";"8786.6";"2019.12.23 16:30:00";"2019.12.27 02:31:00";"30.0";"1742.52";"8621.59961";"8786.59961";"-86681.27";"0.00";"IST";"PT";"3d 10h 1m";"-732.48"
"567";"USTEC_ICM_UTC2";"Buy";"8776.7";"8762.6";"2019.12.27 17:15:00";"2019.12.27 22:55:00";"30.0";"-423.03";"8694.20020";"8859.20020";"-87104.30";"0.00";"IST";"End Of Friday (Time)";"5h 40m";"-0.00"
"568";"USTEC_ICM_UTC2";"Buy";"8678.4";"8760.9";"2019.12.30 17:15:00";"2020.01.02 03:00:00";"30.0";"1925.64";"8595.90039";"8760.90039";"-85178.66";"0.00";"IST";"PT";"2d 9h 45m";"-549.36"
"569";"USTEC_ICM_UTC2";"Buy";"8821.9";"8739.4";"2020.01.02 16:45:00";"2020.01.03 12:49:00";"30.0";"-2658.12";"8739.40039";"8904.40039";"-87836.78";"0.00";"IST";"SL";"20h 4m";"-183.12"
"570";"USTEC_ICM_UTC2";"Buy";"8820.4";"8802.9";"2020.01.03 16:45:00";"2020.01.03 22:55:00";"30.0";"-525.00";"8737.90039";"8902.90039";"-88361.78";"0.00";"IST";"End Of Friday (Time)";"6h 10m";"-0.00"
"571";"USTEC_ICM_UTC2";"Buy";"8759.0";"8841.5";"2020.01.06 16:45:00";"2020.01.06 22:50:00";"30.0";"2475.00";"8676.50000";"8841.50000";"-85886.78";"0.00";"IST";"PT";"6h 5m";"-0.00"
"572";"USTEC_ICM_UTC2";"Buy";"8854.1";"8771.6";"2020.01.07 19:15:00";"2020.01.08 01:22:00";"30.0";"-2658.12";"8771.59961";"8936.59961";"-88544.90";"0.00";"IST";"SL";"6h 7m";"-183.12"
"573";"USTEC_ICM_UTC2";"Buy";"8869.4";"8951.9";"2020.01.08 16:45:00";"2020.01.08 22:26:00";"30.0";"2475.00";"8786.90039";"8951.90039";"-86069.90";"0.00";"IST";"PT";"5h 41m";"-0.00"
"574";"USTEC_ICM_UTC2";"Buy";"8987.9";"8966.9";"2020.01.09 17:30:00";"2020.01.10 22:55:00";"30.0";"-813.12";"8905.40039";"9070.40039";"-86883.02";"0.00";"IST";"End Of Friday (Time)";"1d 5h 25m";"-183.12"
"575";"USTEC_ICM_UTC2";"Buy";"9020.2";"9102.7";"2020.01.13 18:00:00";"2020.01.16 17:10:00";"30.0";"1925.64";"8937.70020";"9102.70020";"-84957.38";"0.00";"IST";"PT";"2d 23h 10m";"-549.36"
"576";"USTEC_ICM_UTC2";"Buy";"9097.8";"9171.5";"2020.01.16 22:30:00";"2020.01.17 22:55:00";"30.0";"2027.88";"9015.29980";"9180.29980";"-82929.50";"0.00";"IST";"End Of Friday (Time)";"1d 0h 25m";"-183.12"
"577";"USTEC_ICM_UTC2";"Buy";"9157.2";"9239.7";"2020.01.20 18:00:00";"2020.01.22 17:42:00";"30.0";"2108.76";"9074.70020";"9239.70020";"-80820.74";"0.00";"IST";"PT";"1d 23h 42m";"-366.24"
"578";"USTEC_ICM_UTC2";"Buy";"9218.3";"9135.8";"2020.01.22 18:30:00";"2020.01.24 20:49:00";"30.0";"-2841.24";"9135.79980";"9300.79980";"-83661.98";"0.00";"IST";"SL";"2d 2h 19m";"-366.24"
"579";"USTEC_ICM_UTC2";"Buy";"8991.6";"9074.1";"2020.01.27 20:30:00";"2020.01.28 18:19:00";"30.0";"2291.88";"8909.09961";"9074.09961";"-81370.10";"0.00";"IST";"PT";"21h 49m";"-183.12"
"580";"USTEC_ICM_UTC2";"Buy";"9076.7";"9159.2";"2020.01.28 18:30:00";"2020.01.30 23:01:00";"30.0";"2108.76";"8994.20020";"9159.20020";"-79261.34";"0.00";"IST";"PT";"2d 4h 31m";"-366.24"
"581";"USTEC_ICM_UTC2";"Buy";"9084.9";"9167.4";"2020.02.03 16:45:00";"2020.02.04 05:36:00";"30.0";"2291.88";"9002.40039";"9167.40039";"-76969.46";"0.00";"IST";"PT";"12h 51m";"-183.12"
"582";"USTEC_ICM_UTC2";"Buy";"9260.2";"9342.7";"2020.02.04 17:00:00";"2020.02.04 21:42:00";"30.0";"2475.00";"9177.70020";"9342.70020";"-74494.46";"0.00";"IST";"PT";"4h 42m";"-0.00"
"583";"USTEC_ICM_UTC2";"Buy";"9449.2";"9366.7";"2020.02.05 16:30:00";"2020.02.05 16:43:00";"30.0";"-2475.00";"9366.70020";"9531.70020";"-76969.46";"0.00";"IST";"SL";"13m 0s";"-0.00"
"584";"USTEC_ICM_UTC2";"Buy";"9424.3";"9394.0";"2020.02.06 19:15:00";"2020.02.07 22:55:00";"30.0";"-1092.12";"9341.79980";"9506.79980";"-78061.58";"0.00";"IST";"End Of Friday (Time)";"1d 3h 40m";"-183.12"
"585";"USTEC_ICM_UTC2";"Buy";"9463.5";"9546.0";"2020.02.10 18:30:00";"2020.02.11 03:15:00";"30.0";"2291.88";"9381.00000";"9546.00000";"-75769.70";"0.00";"IST";"PT";"8h 45m";"-183.12"
"586";"USTEC_ICM_UTC2";"Buy";"9548.9";"9631.4";"2020.02.11 17:00:00";"2020.02.13 20:46:00";"30.0";"2108.76";"9466.40039";"9631.40039";"-73660.94";"0.00";"IST";"PT";"2d 3h 46m";"-366.24"
"587";"USTEC_ICM_UTC2";"Buy";"9619.8";"9618.1";"2020.02.13 21:30:00";"2020.02.14 22:55:00";"30.0";"-234.12";"9537.29980";"9702.29980";"-73895.06";"0.00";"IST";"End Of Friday (Time)";"1d 1h 25m";"-183.12"
"588";"USTEC_ICM_UTC2";"Buy";"9659.5";"9577.0";"2020.02.17 19:45:00";"2020.02.18 01:02:00";"30.0";"-2658.12";"9577.00000";"9742.00000";"-76553.18";"0.00";"IST";"SL";"5h 17m";"-183.12"
"589";"USTEC_ICM_UTC2";"Buy";"9604.4";"9686.9";"2020.02.18 17:45:00";"2020.02.19 16:32:00";"30.0";"2291.88";"9521.90039";"9686.90039";"-74261.30";"0.00";"IST";"PT";"22h 47m";"-183.12"
"590";"USTEC_ICM_UTC2";"Buy";"9723.5";"9641.0";"2020.02.19 19:15:00";"2020.02.20 18:16:00";"30.0";"-2658.12";"9641.00000";"9806.00000";"-76919.42";"0.00";"IST";"SL";"23h 1m";"-183.12"
"591";"USTEC_ICM_UTC2";"Buy";"9615.3";"9532.8";"2020.02.20 22:30:00";"2020.02.21 09:13:00";"30.0";"-2658.12";"9532.79980";"9697.79980";"-79577.54";"0.00";"IST";"SL";"10h 43m";"-183.12"
"592";"USTEC_ICM_UTC2";"Buy";"9486.8";"9452.1";"2020.02.21 17:15:00";"2020.02.21 22:55:00";"30.0";"-1041.00";"9404.29980";"9569.29980";"-80618.54";"0.00";"IST";"End Of Friday (Time)";"5h 40m";"-0.00"
"593";"USTEC_ICM_UTC2";"Buy";"9147.4";"9064.9";"2020.02.24 18:00:00";"2020.02.24 19:09:00";"30.0";"-2475.00";"9064.90039";"9229.90039";"-83093.54";"0.00";"IST";"SL";"1h 9m";"-0.00"
"594";"USTEC_ICM_UTC2";"Buy";"8987.0";"8904.5";"2020.02.26 17:30:00";"2020.02.26 19:06:00";"30.0";"-2475.00";"8904.50000";"9069.50000";"-85568.54";"0.00";"IST";"SL";"1h 36m";"-0.00"
"595";"USTEC_ICM_UTC2";"Buy";"8637.0";"8554.5";"2020.02.27 21:00:00";"2020.02.27 22:30:00";"30.0";"-2475.00";"8554.50000";"8719.50000";"-88043.54";"0.00";"IST";"SL";"1h 30m";"-0.00"
"596";"USTEC_ICM_UTC2";"Buy";"8232.0";"8149.5";"2020.02.28 16:45:00";"2020.02.28 17:02:00";"30.0";"-2475.00";"8149.50000";"8314.50000";"-90518.54";"0.00";"IST";"SL";"17m 0s";"-0.00"
"597";"USTEC_ICM_UTC2";"Buy";"8510.7";"8593.2";"2020.03.02 17:00:00";"2020.03.02 18:11:00";"30.0";"2475.00";"8428.20020";"8593.20020";"-88043.54";"0.00";"IST";"PT";"1h 11m";"-0.00"
"598";"USTEC_ICM_UTC2";"Buy";"8866.9";"8949.4";"2020.03.03 17:15:00";"2020.03.03 17:45:00";"30.0";"2475.00";"8784.40039";"8949.40039";"-85568.54";"0.00";"IST";"PT";"30m 0s";"-0.00"
"599";"USTEC_ICM_UTC2";"Buy";"8857.9";"8940.4";"2020.03.04 21:30:00";"2020.03.04 22:56:00";"30.0";"2475.00";"8775.40039";"8940.40039";"-83093.54";"0.00";"IST";"PT";"1h 26m";"-0.00"
"600";"USTEC_ICM_UTC2";"Buy";"8688.3";"8605.8";"2020.03.05 20:00:00";"2020.03.06 04:00:00";"30.0";"-2658.12";"8605.79980";"8770.79980";"-85751.66";"0.00";"IST";"SL";"8h 0m";"-183.12"
"601";"USTEC_ICM_UTC2";"Buy";"8464.2";"8381.7";"2020.03.06 18:30:00";"2020.03.06 21:00:00";"30.0";"-2475.00";"8381.70020";"8546.70020";"-88226.66";"0.00";"IST";"SL";"2h 30m";"-0.00"
"602";"USTEC_ICM_UTC2";"Buy";"8097.0";"8179.5";"2020.03.09 17:15:00";"2020.03.09 17:37:00";"30.0";"2475.00";"8014.50000";"8179.50000";"-85751.66";"0.00";"IST";"PT";"22m 0s";"-0.00"
"603";"USTEC_ICM_UTC2";"Buy";"8131.7";"8049.2";"2020.03.11 17:15:00";"2020.03.11 18:49:00";"30.0";"-2475.00";"8049.20020";"8214.20020";"-88226.66";"0.00";"IST";"SL";"1h 34m";"-0.00"
"604";"USTEC_ICM_UTC2";"Buy";"7557.0";"7474.5";"2020.03.12 20:00:00";"2020.03.12 20:01:00";"30.0";"-2475.00";"7474.50000";"7639.50000";"-90701.66";"0.00";"IST";"SL";"1m 0s";"-0.00"
"605";"USTEC_ICM_UTC2";"Buy";"7401.7";"7319.2";"2020.03.16 19:15:00";"2020.03.16 19:32:00";"30.0";"-2475.00";"7319.20020";"7484.20020";"-93176.66";"0.00";"IST";"SL";"17m 0s";"-0.00"
"606";"USTEC_ICM_UTC2";"Buy";"7379.4";"7461.9";"2020.03.17 19:45:00";"2020.03.17 20:10:00";"30.0";"2475.00";"7296.89990";"7461.89990";"-90701.66";"0.00";"IST";"PT";"25m 0s";"-0.00"
"607";"USTEC_ICM_UTC2";"Buy";"7130.1";"7212.6";"2020.03.18 17:30:00";"2020.03.18 17:55:00";"30.0";"2475.00";"7047.60010";"7212.60010";"-88226.66";"0.00";"IST";"PT";"25m 0s";"-0.00"
"608";"USTEC_ICM_UTC2";"Buy";"7325.2";"7407.7";"2020.03.19 17:15:00";"2020.03.19 17:26:00";"30.0";"2475.00";"7242.70020";"7407.70020";"-85751.66";"0.00";"IST";"PT";"11m 0s";"-0.00"
"609";"USTEC_ICM_UTC2";"Buy";"6962.6";"6880.1";"2020.03.23 20:00:00";"2020.03.23 21:24:00";"30.0";"-2475.00";"6880.10010";"7045.10010";"-88226.66";"0.00";"IST";"SL";"1h 24m";"-0.00"
"610";"USTEC_ICM_UTC2";"Buy";"7419.2";"7501.7";"2020.03.24 17:30:00";"2020.03.24 18:28:00";"30.0";"2475.00";"7336.70020";"7501.70020";"-85751.66";"0.00";"IST";"PT";"58m 0s";"-0.00"
"611";"USTEC_ICM_UTC2";"Buy";"7688.6";"7606.1";"2020.03.25 20:30:00";"2020.03.25 21:45:00";"30.0";"-2475.00";"7606.10010";"7771.10010";"-88226.66";"0.00";"IST";"SL";"1h 15m";"-0.00"
"612";"USTEC_ICM_UTC2";"Buy";"7681.1";"7763.6";"2020.03.26 17:15:00";"2020.03.26 17:34:00";"30.0";"2475.00";"7598.60010";"7763.60010";"-85751.66";"0.00";"IST";"PT";"19m 0s";"-0.00"
"613";"USTEC_ICM_UTC2";"Buy";"7630.1";"7712.6";"2020.03.27 18:30:00";"2020.03.27 19:39:00";"30.0";"2475.00";"7547.60010";"7712.60010";"-83276.66";"0.00";"IST";"PT";"1h 9m";"-0.00"
"614";"USTEC_ICM_UTC2";"Buy";"7841.9";"7924.4";"2020.03.30 19:30:00";"2020.03.31 04:02:00";"30.0";"2291.88";"7759.39990";"7924.39990";"-80984.78";"0.00";"IST";"PT";"8h 32m";"-183.12"
"615";"USTEC_ICM_UTC2";"Buy";"7976.7";"7894.2";"2020.03.31 18:30:00";"2020.03.31 19:25:00";"30.0";"-2475.00";"7894.20020";"8059.20020";"-83459.78";"0.00";"IST";"SL";"55m 0s";"-0.00"
"616";"USTEC_ICM_UTC2";"Buy";"7530.5";"7448.0";"2020.04.01 20:00:00";"2020.04.01 22:38:00";"30.0";"-2475.00";"7448.00000";"7613.00000";"-85934.78";"0.00";"IST";"SL";"2h 38m";"-0.00"
"617";"USTEC_ICM_UTC2";"Buy";"7606.6";"7524.1";"2020.04.02 20:00:00";"2020.04.02 20:27:00";"30.0";"-2475.00";"7524.10010";"7689.10010";"-88409.78";"0.00";"IST";"SL";"27m 0s";"-0.00"
"618";"USTEC_ICM_UTC2";"Buy";"7659.6";"7577.1";"2020.04.03 16:45:00";"2020.04.03 17:28:00";"30.0";"-2475.00";"7577.10010";"7742.10010";"-90884.78";"0.00";"IST";"SL";"43m 0s";"-0.00"
"619";"USTEC_ICM_UTC2";"Buy";"7958.8";"8041.3";"2020.04.06 20:45:00";"2020.04.06 22:50:00";"30.0";"2475.00";"7876.29980";"8041.29980";"-88409.78";"0.00";"IST";"PT";"2h 5m";"-0.00"
"620";"USTEC_ICM_UTC2";"Buy";"8270.8";"8188.3";"2020.04.07 17:00:00";"2020.04.07 17:09:00";"30.0";"-2475.00";"8188.29980";"8353.29980";"-90884.78";"0.00";"IST";"SL";"9m 0s";"-0.00"
"621";"USTEC_ICM_UTC2";"Buy";"8167.9";"8250.4";"2020.04.08 19:30:00";"2020.04.08 22:54:00";"30.0";"2475.00";"8085.39990";"8250.40039";"-88409.78";"0.00";"IST";"PT";"3h 24m";"-0.00"
"622";"USTEC_ICM_UTC2";"Buy";"8320.0";"8237.5";"2020.04.09 17:00:00";"2020.04.09 17:09:00";"30.0";"-2475.00";"8237.50000";"8402.50000";"-90884.78";"0.00";"IST";"SL";"9m 0s";"-0.00"
"623";"USTEC_ICM_UTC2";"Buy";"8211.3";"8293.8";"2020.04.13 16:45:00";"2020.04.13 22:21:00";"30.0";"2475.00";"8128.79980";"8293.79980";"-88409.78";"0.00";"IST";"PT";"5h 36m";"-0.00"
"624";"USTEC_ICM_UTC2";"Buy";"8578.1";"8660.6";"2020.04.14 18:30:00";"2020.04.14 19:45:00";"30.0";"2475.00";"8495.59961";"8660.59961";"-85934.78";"0.00";"IST";"PT";"1h 15m";"-0.00"
"625";"USTEC_ICM_UTC2";"Buy";"8547.1";"8629.6";"2020.04.15 19:15:00";"2020.04.15 21:21:00";"30.0";"2475.00";"8464.59961";"8629.59961";"-83459.78";"0.00";"IST";"PT";"2h 6m";"-0.00"
"626";"USTEC_ICM_UTC2";"Buy";"8673.9";"8756.4";"2020.04.16 20:00:00";"2020.04.16 22:51:00";"30.0";"2475.00";"8591.40039";"8756.40039";"-80984.78";"0.00";"IST";"PT";"2h 51m";"-0.00"
"627";"USTEC_ICM_UTC2";"Buy";"8847.6";"8765.1";"2020.04.20 18:45:00";"2020.04.20 21:55:00";"30.0";"-2475.00";"8765.09961";"8930.09961";"-83459.78";"0.00";"IST";"SL";"3h 10m";"-0.00"
"628";"USTEC_ICM_UTC2";"Buy";"8459.0";"8541.5";"2020.04.21 22:30:00";"2020.04.22 09:48:00";"30.0";"2291.88";"8376.50000";"8541.50000";"-81167.90";"0.00";"IST";"PT";"11h 18m";"-183.12"
"629";"USTEC_ICM_UTC2";"Buy";"8691.5";"8609.0";"2020.04.22 22:45:00";"2020.04.23 03:18:00";"30.0";"-2658.12";"8609.00000";"8774.00000";"-83826.02";"0.00";"IST";"SL";"4h 33m";"-183.12"
"630";"USTEC_ICM_UTC2";"Buy";"8743.8";"8661.3";"2020.04.23 16:45:00";"2020.04.23 19:45:00";"30.0";"-2475.00";"8661.29980";"8826.29980";"-86301.02";"0.00";"IST";"SL";"3h 0m";"-0.00"
"631";"USTEC_ICM_UTC2";"Buy";"8639.9";"8722.4";"2020.04.24 17:15:00";"2020.04.24 20:58:00";"30.0";"2475.00";"8557.40039";"8722.40039";"-83826.02";"0.00";"IST";"PT";"3h 43m";"-0.00"
"632";"USTEC_ICM_UTC2";"Buy";"8907.2";"8989.7";"2020.04.29 17:00:00";"2020.04.29 21:58:00";"30.0";"2475.00";"8824.70020";"8989.70020";"-81351.02";"0.00";"IST";"PT";"4h 58m";"-0.00"
"633";"USTEC_ICM_UTC2";"Buy";"8951.5";"8852.6";"2020.04.30 22:15:00";"2020.05.01 01:00:00";"30.0";"-3150.72";"8869.00000";"9034.00000";"-84501.74";"0.00";"IST";"SL";"2h 45m";"-183.12"
"634";"USTEC_ICM_UTC2";"Buy";"8840.7";"8758.2";"2020.05.01 17:45:00";"2020.05.01 18:48:00";"30.0";"-2475.00";"8758.20020";"8923.20020";"-86976.74";"0.00";"IST";"SL";"1h 3m";"-0.00"
"635";"USTEC_ICM_UTC2";"Buy";"8745.8";"8828.3";"2020.05.04 18:00:00";"2020.05.04 22:56:00";"30.0";"2475.00";"8663.29980";"8828.29980";"-84501.74";"0.00";"IST";"PT";"4h 56m";"-0.00"
"636";"USTEC_ICM_UTC2";"Buy";"8917.8";"9000.3";"2020.05.05 16:30:00";"2020.05.05 19:00:00";"30.0";"2475.00";"8835.29980";"9000.29980";"-82026.74";"0.00";"IST";"PT";"2h 30m";"-0.00"
"637";"USTEC_ICM_UTC2";"Buy";"9025.6";"8943.1";"2020.05.06 19:15:00";"2020.05.07 01:57:00";"30.0";"-2658.12";"8943.09961";"9108.09961";"-84684.86";"0.00";"IST";"SL";"6h 42m";"-183.12"
"638";"USTEC_ICM_UTC2";"Buy";"9267.9";"9350.4";"2020.05.11 19:15:00";"2020.05.12 16:32:00";"30.0";"2291.88";"9185.40039";"9350.40039";"-82392.98";"0.00";"IST";"PT";"21h 17m";"-183.12"
"639";"USTEC_ICM_UTC2";"Buy";"9314.7";"9232.2";"2020.05.12 19:15:00";"2020.05.12 22:21:00";"30.0";"-2475.00";"9232.20020";"9397.20020";"-84867.98";"0.00";"IST";"SL";"3h 6m";"-0.00"
"640";"USTEC_ICM_UTC2";"Buy";"8994.6";"9077.1";"2020.05.14 21:30:00";"2020.05.14 22:50:00";"30.0";"2475.00";"8912.09961";"9077.09961";"-82392.98";"0.00";"IST";"PT";"1h 20m";"-0.00"
"641";"USTEC_ICM_UTC2";"Buy";"9094.2";"9135.8";"2020.05.15 21:15:00";"2020.05.15 22:55:00";"30.0";"1248.00";"9011.70020";"9176.70020";"-81144.98";"0.00";"IST";"End Of Friday (Time)";"1h 40m";"-0.00"
"642";"USTEC_ICM_UTC2";"Buy";"9274.5";"9357.0";"2020.05.18 17:15:00";"2020.05.18 20:21:00";"30.0";"2475.00";"9192.00000";"9357.00000";"-78669.98";"0.00";"IST";"PT";"3h 6m";"-0.00"
"643";"USTEC_ICM_UTC2";"Buy";"9400.8";"9318.3";"2020.05.19 18:00:00";"2020.05.19 22:52:00";"30.0";"-2475.00";"9318.29980";"9483.29980";"-81144.98";"0.00";"IST";"SL";"4h 52m";"-0.00"
"644";"USTEC_ICM_UTC2";"Buy";"9461.3";"9378.8";"2020.05.20 18:00:00";"2020.05.21 18:16:00";"30.0";"-2658.12";"9378.79980";"9543.79980";"-83803.10";"0.00";"IST";"SL";"1d 0h 16m";"-183.12"
"645";"USTEC_ICM_UTC2";"Buy";"9399.8";"9406.7";"2020.05.22 17:00:00";"2020.05.22 22:55:00";"30.0";"207.00";"9317.29980";"9482.29980";"-83596.10";"0.00";"IST";"End Of Friday (Time)";"5h 55m";"-0.00"
"646";"USTEC_ICM_UTC2";"Buy";"9530.8";"9448.3";"2020.05.25 19:30:00";"2020.05.26 18:32:00";"30.0";"-2658.12";"9448.29980";"9613.29980";"-86254.23";"0.00";"IST";"SL";"23h 2m";"-183.12"
"647";"USTEC_ICM_UTC2";"Buy";"9488.9";"9406.4";"2020.05.28 18:45:00";"2020.05.28 22:50:00";"30.0";"-2475.00";"9406.40039";"9571.40039";"-88729.23";"0.00";"IST";"SL";"4h 5m";"-0.00"
"648";"USTEC_ICM_UTC2";"Buy";"9445.7";"9528.2";"2020.05.29 16:30:00";"2020.05.29 22:04:00";"30.0";"2475.00";"9363.20020";"9528.20020";"-86254.23";"0.00";"IST";"PT";"5h 34m";"-0.00"
"649";"USTEC_ICM_UTC2";"Buy";"9564.8";"9647.3";"2020.06.01 18:15:00";"2020.06.02 11:45:00";"30.0";"2291.88";"9482.29980";"9647.29980";"-83962.34";"0.00";"IST";"PT";"17h 30m";"-183.12"
"650";"USTEC_ICM_UTC2";"Buy";"9611.1";"9693.6";"2020.06.02 22:00:00";"2020.06.03 04:02:00";"30.0";"2291.88";"9528.59961";"9693.59961";"-81670.46";"0.00";"IST";"PT";"6h 2m";"-183.12"
"651";"USTEC_ICM_UTC2";"Buy";"9717.3";"9634.8";"2020.06.03 22:30:00";"2020.06.04 19:56:00";"30.0";"-2658.12";"9634.79980";"9799.79980";"-84328.59";"0.00";"IST";"SL";"21h 26m";"-183.12"
"652";"USTEC_ICM_UTC2";"Buy";"9769.0";"9811.6";"2020.06.05 17:45:00";"2020.06.05 22:55:00";"30.0";"1278.00";"9686.50000";"9851.50000";"-83050.59";"0.00";"IST";"End Of Friday (Time)";"5h 10m";"-0.00"
"653";"USTEC_ICM_UTC2";"Buy";"9813.9";"9896.4";"2020.06.08 19:00:00";"2020.06.08 22:50:00";"30.0";"2475.00";"9731.40039";"9896.40039";"-80575.59";"0.00";"IST";"PT";"3h 50m";"-0.00"
"654";"USTEC_ICM_UTC2";"Buy";"9901.1";"9983.6";"2020.06.09 16:45:00";"2020.06.09 19:45:00";"30.0";"2475.00";"9818.59961";"9983.59961";"-78100.59";"0.00";"IST";"PT";"3h 0m";"-0.00"
"655";"USTEC_ICM_UTC2";"Buy";"10060.7";"10143.2";"2020.06.10 16:45:00";"2020.06.10 21:20:00";"30.0";"2475.00";"9978.20020";"10143.20020";"-75625.59";"0.00";"IST";"PT";"4h 35m";"-0.00"
"656";"USTEC_ICM_UTC2";"Buy";"9935.9";"9853.4";"2020.06.11 17:00:00";"2020.06.11 18:46:00";"30.0";"-2475.00";"9853.40039";"10018.40039";"-78100.59";"0.00";"IST";"SL";"1h 46m";"-0.00"
"657";"USTEC_ICM_UTC2";"Buy";"9629.2";"9711.7";"2020.06.12 18:30:00";"2020.06.12 18:57:00";"30.0";"2475.00";"9546.70020";"9711.70020";"-75625.59";"0.00";"IST";"PT";"27m 0s";"-0.00"
"658";"USTEC_ICM_UTC2";"Buy";"9591.7";"9674.2";"2020.06.15 18:00:00";"2020.06.15 19:18:00";"30.0";"2475.00";"9509.20020";"9674.20020";"-73150.59";"0.00";"IST";"PT";"1h 18m";"-0.00"
"659";"USTEC_ICM_UTC2";"Buy";"9988.3";"9905.8";"2020.06.16 17:00:00";"2020.06.16 17:53:00";"30.0";"-2475.00";"9905.79980";"10070.79980";"-75625.59";"0.00";"IST";"SL";"53m 0s";"-0.00"
"660";"USTEC_ICM_UTC2";"Buy";"10044.0";"9961.5";"2020.06.17 21:30:00";"2020.06.17 22:43:00";"30.0";"-2475.00";"9961.50000";"10126.50000";"-78100.59";"0.00";"IST";"SL";"1h 13m";"-0.00"
"661";"USTEC_ICM_UTC2";"Buy";"10110.8";"10028.3";"2020.06.19 16:30:00";"2020.06.19 19:13:00";"30.0";"-2475.00";"10028.29980";"10193.29980";"-80575.59";"0.00";"IST";"SL";"2h 43m";"-0.00"
"662";"USTEC_ICM_UTC2";"Buy";"10061.5";"10144.0";"2020.06.22 18:30:00";"2020.06.22 23:14:00";"30.0";"2475.00";"9979.00000";"10144.00000";"-78100.59";"0.00";"IST";"PT";"4h 44m";"-0.00"
"663";"USTEC_ICM_UTC2";"Buy";"10281.1";"10198.6";"2020.06.23 21:30:00";"2020.06.23 22:50:00";"30.0";"-2475.00";"10198.59961";"10363.59961";"-80575.59";"0.00";"IST";"SL";"1h 20m";"-0.00"
"664";"USTEC_ICM_UTC2";"Buy";"10216.5";"10134.0";"2020.06.24 16:45:00";"2020.06.24 16:57:00";"30.0";"-2475.00";"10134.00000";"10299.00000";"-83050.59";"0.00";"IST";"SL";"12m 0s";"-0.00"
"665";"USTEC_ICM_UTC2";"Buy";"10005.5";"10088.0";"2020.06.25 18:30:00";"2020.06.25 22:33:00";"30.0";"2475.00";"9923.00000";"10088.00000";"-80575.59";"0.00";"IST";"PT";"4h 3m";"-0.00"
"666";"USTEC_ICM_UTC2";"Buy";"9902.9";"9985.4";"2020.06.29 18:30:00";"2020.06.29 23:02:00";"30.0";"2475.00";"9820.40039";"9985.40039";"-78100.59";"0.00";"IST";"PT";"4h 32m";"-0.00"
"667";"USTEC_ICM_UTC2";"Buy";"10088.6";"10171.1";"2020.06.30 19:00:00";"2020.06.30 22:53:00";"30.0";"2475.00";"10006.09961";"10171.09961";"-75625.59";"0.00";"IST";"PT";"3h 53m";"-0.00"
"668";"USTEC_ICM_UTC2";"Buy";"10247.7";"10330.2";"2020.07.01 18:15:00";"2020.07.02 09:53:00";"30.0";"2291.88";"10165.20020";"10330.20020";"-73333.70";"0.00";"IST";"PT";"15h 38m";"-183.12"
"669";"USTEC_ICM_UTC2";"Buy";"10413.2";"10330.7";"2020.07.02 17:45:00";"2020.07.02 22:55:00";"30.0";"-2475.00";"10330.70020";"10495.70020";"-75808.70";"0.00";"IST";"SL";"5h 10m";"-0.00"
"670";"USTEC_ICM_UTC2";"Buy";"10596.4";"10678.9";"2020.07.06 19:45:00";"2020.07.07 17:32:00";"30.0";"2291.88";"10513.90039";"10678.90039";"-73516.82";"0.00";"IST";"PT";"21h 47m";"-183.12"
"671";"USTEC_ICM_UTC2";"Buy";"10673.5";"10591.0";"2020.07.07 18:00:00";"2020.07.07 21:30:00";"30.0";"-2475.00";"10591.00000";"10756.00000";"-75991.82";"0.00";"IST";"SL";"3h 30m";"-0.00"
"672";"USTEC_ICM_UTC2";"Buy";"10628.1";"10545.6";"2020.07.08 17:45:00";"2020.07.08 18:20:00";"30.0";"-2475.00";"10545.59961";"10710.59961";"-78466.82";"0.00";"IST";"SL";"35m 0s";"-0.00"
"673";"USTEC_ICM_UTC2";"Buy";"10744.2";"10661.7";"2020.07.09 16:30:00";"2020.07.09 17:43:00";"30.0";"-2475.00";"10661.70020";"10826.70020";"-80941.82";"0.00";"IST";"SL";"1h 13m";"-0.00"
"674";"USTEC_ICM_UTC2";"Buy";"10688.6";"10771.1";"2020.07.10 17:00:00";"2020.07.10 20:20:00";"30.0";"2475.00";"10606.09961";"10771.09961";"-78466.82";"0.00";"IST";"PT";"3h 20m";"-0.00"
"675";"USTEC_ICM_UTC2";"Buy";"10950.0";"11032.5";"2020.07.13 16:30:00";"2020.07.13 17:56:00";"30.0";"2475.00";"10867.50000";"11032.50000";"-75991.82";"0.00";"IST";"PT";"1h 26m";"-0.00"
"676";"USTEC_ICM_UTC2";"Buy";"10504.6";"10587.1";"2020.07.14 16:30:00";"2020.07.14 16:33:00";"30.0";"2475.00";"10422.09961";"10587.09961";"-73516.82";"0.00";"IST";"PT";"3m 0s";"-0.00"
"677";"USTEC_ICM_UTC2";"Buy";"10735.8";"10653.3";"2020.07.15 16:30:00";"2020.07.15 18:06:00";"30.0";"-2475.00";"10653.29980";"10818.29980";"-75991.82";"0.00";"IST";"SL";"1h 36m";"-0.00"
"678";"USTEC_ICM_UTC2";"Buy";"10570.4";"10652.9";"2020.07.16 17:00:00";"2020.07.16 22:36:00";"30.0";"2475.00";"10487.90039";"10652.90039";"-73516.82";"0.00";"IST";"PT";"5h 36m";"-0.00"
"679";"USTEC_ICM_UTC2";"Buy";"10617.8";"10637.3";"2020.07.17 17:15:00";"2020.07.17 22:55:00";"30.0";"585.00";"10535.29980";"10700.29980";"-72931.82";"0.00";"IST";"End Of Friday (Time)";"5h 40m";"-0.00"
"680";"USTEC_ICM_UTC2";"Buy";"10698.3";"10780.8";"2020.07.20 17:00:00";"2020.07.20 17:27:00";"30.0";"2475.00";"10615.79980";"10780.79980";"-70456.82";"0.00";"IST";"PT";"27m 0s";"-0.00"
"681";"USTEC_ICM_UTC2";"Buy";"10913.2";"10830.7";"2020.07.21 22:00:00";"2020.07.21 22:35:00";"30.0";"-2475.00";"10830.70020";"10995.70020";"-72931.82";"0.00";"IST";"SL";"35m 0s";"-0.00"
"682";"USTEC_ICM_UTC2";"Buy";"10849.9";"10932.4";"2020.07.22 16:45:00";"2020.07.23 09:47:00";"30.0";"2291.88";"10767.40039";"10932.40039";"-70639.95";"0.00";"IST";"PT";"17h 2m";"-183.12"
"683";"USTEC_ICM_UTC2";"Buy";"10426.8";"10344.3";"2020.07.24 16:30:00";"2020.07.24 16:38:00";"30.0";"-2475.00";"10344.29980";"10509.29980";"-73114.95";"0.00";"IST";"SL";"8m 0s";"-0.00"
"684";"USTEC_ICM_UTC2";"Buy";"10615.7";"10533.2";"2020.07.27 17:45:00";"2020.07.27 18:36:00";"30.0";"-2475.00";"10533.20020";"10698.20020";"-75589.95";"0.00";"IST";"SL";"51m 0s";"-0.00"
"685";"USTEC_ICM_UTC2";"Buy";"10599.2";"10681.7";"2020.07.28 17:00:00";"2020.07.29 21:38:00";"30.0";"2291.88";"10516.70020";"10681.70020";"-73298.06";"0.00";"IST";"PT";"1d 4h 38m";"-183.12"
"686";"USTEC_ICM_UTC2";"Buy";"10665.7";"10583.2";"2020.07.29 22:30:00";"2020.07.30 10:30:00";"30.0";"-2658.12";"10583.20020";"10748.20020";"-75956.19";"0.00";"IST";"SL";"12h 0m";"-183.12"
"687";"USTEC_ICM_UTC2";"Buy";"10578.9";"10661.4";"2020.07.30 16:30:00";"2020.07.30 18:43:00";"30.0";"2475.00";"10496.40039";"10661.40039";"-73481.19";"0.00";"IST";"PT";"2h 13m";"-0.00"
"688";"USTEC_ICM_UTC2";"Buy";"10906.8";"10824.3";"2020.07.31 16:30:00";"2020.07.31 16:36:00";"30.0";"-2475.00";"10824.29980";"10989.29980";"-75956.19";"0.00";"IST";"SL";"6m 0s";"-0.00"
"689";"USTEC_ICM_UTC2";"Buy";"11055.4";"11137.9";"2020.08.03 16:45:00";"2020.08.05 09:56:00";"30.0";"2108.76";"10972.90039";"11137.90039";"-73847.42";"0.00";"IST";"PT";"1d 17h 11m";"-366.24"
"690";"USTEC_ICM_UTC2";"Buy";"11129.3";"11211.8";"2020.08.05 21:45:00";"2020.08.06 21:01:00";"30.0";"2291.88";"11046.79980";"11211.79980";"-71555.55";"0.00";"IST";"PT";"23h 16m";"-183.12"
"691";"USTEC_ICM_UTC2";"Buy";"11241.3";"11158.8";"2020.08.07 17:45:00";"2020.08.07 19:52:00";"30.0";"-2475.00";"11158.79980";"11323.79980";"-74030.55";"0.00";"IST";"SL";"2h 7m";"-0.00"
"692";"USTEC_ICM_UTC2";"Buy";"11145.9";"11063.4";"2020.08.10 16:30:00";"2020.08.10 17:22:00";"30.0";"-2475.00";"11063.40039";"11228.40039";"-76505.55";"0.00";"IST";"SL";"52m 0s";"-0.00"
"693";"USTEC_ICM_UTC2";"Buy";"11074.2";"10991.7";"2020.08.11 20:30:00";"2020.08.11 21:30:00";"30.0";"-2475.00";"10991.70020";"11156.70020";"-78980.55";"0.00";"IST";"SL";"1h 0m";"-0.00"
"694";"USTEC_ICM_UTC2";"Buy";"11152.6";"11235.1";"2020.08.12 20:15:00";"2020.08.13 16:40:00";"30.0";"2291.88";"11070.09961";"11235.09961";"-76688.66";"0.00";"IST";"PT";"20h 25m";"-183.12"
"695";"USTEC_ICM_UTC2";"Buy";"11227.0";"11144.5";"2020.08.13 16:45:00";"2020.08.13 21:51:00";"30.0";"-2475.00";"11144.50000";"11309.50000";"-79163.66";"0.00";"IST";"SL";"5h 6m";"-0.00"
"696";"USTEC_ICM_UTC2";"Buy";"11196.6";"11114.1";"2020.08.14 16:30:00";"2020.08.14 17:28:00";"30.0";"-2475.00";"11114.09961";"11279.09961";"-81638.66";"0.00";"IST";"SL";"58m 0s";"-0.00"
"697";"USTEC_ICM_UTC2";"Buy";"11264.7";"11347.2";"2020.08.17 17:45:00";"2020.08.18 15:30:00";"30.0";"2291.88";"11182.20020";"11347.20020";"-79346.78";"0.00";"IST";"PT";"21h 45m";"-183.12"
"698";"USTEC_ICM_UTC2";"Buy";"11366.3";"11283.8";"2020.08.18 16:45:00";"2020.08.18 17:29:00";"30.0";"-2475.00";"11283.79980";"11448.79980";"-81821.78";"0.00";"IST";"SL";"44m 0s";"-0.00"
"699";"USTEC_ICM_UTC2";"Buy";"11422.4";"11339.9";"2020.08.19 20:15:00";"2020.08.19 21:20:00";"30.0";"-2475.00";"11339.90039";"11504.90039";"-84296.78";"0.00";"IST";"SL";"1h 5m";"-0.00"
"700";"USTEC_ICM_UTC2";"Buy";"11371.3";"11453.8";"2020.08.20 17:45:00";"2020.08.20 21:35:00";"30.0";"2475.00";"11288.79980";"11453.79980";"-81821.78";"0.00";"IST";"PT";"3h 50m";"-0.00"
"701";"USTEC_ICM_UTC2";"Buy";"11497.6";"11557.1";"2020.08.21 17:00:00";"2020.08.21 22:55:00";"30.0";"1785.00";"11415.09961";"11580.09961";"-80036.78";"0.00";"IST";"End Of Friday (Time)";"5h 55m";"-0.00"
"702";"USTEC_ICM_UTC2";"Buy";"11637.3";"11554.8";"2020.08.24 17:30:00";"2020.08.24 17:53:00";"30.0";"-2475.00";"11554.79980";"11719.79980";"-82511.78";"0.00";"IST";"SL";"23m 0s";"-0.00"
"703";"USTEC_ICM_UTC2";"Buy";"11660.6";"11743.1";"2020.08.25 19:00:00";"2020.08.26 02:29:00";"30.0";"2291.88";"11578.09961";"11743.09961";"-80219.91";"0.00";"IST";"PT";"7h 29m";"-183.12"
"704";"USTEC_ICM_UTC2";"Buy";"11907.8";"11990.3";"2020.08.26 20:00:00";"2020.08.26 23:12:00";"30.0";"2475.00";"11825.29980";"11990.29980";"-77744.91";"0.00";"IST";"PT";"3h 12m";"-0.00"
"705";"USTEC_ICM_UTC2";"Buy";"11982.6";"11900.1";"2020.08.27 17:00:00";"2020.08.27 19:48:00";"30.0";"-2475.00";"11900.09961";"12065.09961";"-80219.91";"0.00";"IST";"SL";"2h 48m";"-0.00"
"706";"USTEC_ICM_UTC2";"Buy";"11984.1";"11988.1";"2020.08.28 17:15:00";"2020.08.28 22:55:00";"30.0";"120.00";"11901.59961";"12066.59961";"-80099.91";"0.00";"IST";"End Of Friday (Time)";"5h 40m";"-0.00"
"707";"USTEC_ICM_UTC2";"Buy";"12070.6";"12153.1";"2020.08.31 18:45:00";"2020.08.31 21:53:00";"30.0";"2475.00";"11988.09961";"12153.09961";"-77624.91";"0.00";"IST";"PT";"3h 8m";"-0.00"
"708";"USTEC_ICM_UTC2";"Buy";"12270.1";"12352.6";"2020.09.01 22:15:00";"2020.09.02 02:55:00";"30.0";"2291.88";"12187.59961";"12352.59961";"-75333.02";"0.00";"IST";"PT";"4h 40m";"-183.12"
"709";"USTEC_ICM_UTC2";"Buy";"12433.2";"12350.7";"2020.09.02 16:30:00";"2020.09.02 16:51:00";"30.0";"-2475.00";"12350.70020";"12515.70020";"-77808.02";"0.00";"IST";"SL";"21m 0s";"-0.00"
"710";"USTEC_ICM_UTC2";"Buy";"11457.8";"11540.3";"2020.09.07 16:30:00";"2020.09.08 01:22:00";"30.0";"2291.88";"11375.29980";"11540.29980";"-75516.14";"0.00";"IST";"PT";"8h 52m";"-183.12"
"711";"USTEC_ICM_UTC2";"Buy";"11316.7";"11234.2";"2020.09.08 18:15:00";"2020.09.08 18:31:00";"30.0";"-2475.00";"11234.20020";"11399.20020";"-77991.14";"0.00";"IST";"SL";"16m 0s";"-0.00"
"712";"USTEC_ICM_UTC2";"Buy";"11262.9";"11345.4";"2020.09.09 17:15:00";"2020.09.09 17:27:00";"30.0";"2475.00";"11180.40039";"11345.40039";"-75516.14";"0.00";"IST";"PT";"12m 0s";"-0.00"
"713";"USTEC_ICM_UTC2";"Buy";"11549.7";"11467.2";"2020.09.10 17:15:00";"2020.09.10 17:46:00";"30.0";"-2475.00";"11467.20020";"11632.20020";"-77991.14";"0.00";"IST";"SL";"31m 0s";"-0.00"
"714";"USTEC_ICM_UTC2";"Buy";"11346.7";"11264.2";"2020.09.14 18:30:00";"2020.09.14 20:06:00";"30.0";"-2475.00";"11264.20020";"11429.20020";"-80466.14";"0.00";"IST";"SL";"1h 36m";"-0.00"
"715";"USTEC_ICM_UTC2";"Buy";"11432.2";"11514.7";"2020.09.15 18:00:00";"2020.09.16 11:08:00";"30.0";"2291.88";"11349.70020";"11514.70020";"-78174.27";"0.00";"IST";"PT";"17h 8m";"-183.12"
"716";"USTEC_ICM_UTC2";"Buy";"10969.1";"11051.6";"2020.09.17 19:45:00";"2020.09.17 20:49:00";"30.0";"2475.00";"10886.59961";"11051.59961";"-75699.27";"0.00";"IST";"PT";"1h 4m";"-0.00"
"717";"USTEC_ICM_UTC2";"Buy";"10826.1";"10743.6";"2020.09.21 17:00:00";"2020.09.21 17:27:00";"30.0";"-2475.00";"10743.59961";"10908.59961";"-78174.27";"0.00";"IST";"SL";"27m 0s";"-0.00"
"718";"USTEC_ICM_UTC2";"Buy";"11062.5";"10980.0";"2020.09.22 17:15:00";"2020.09.22 17:56:00";"30.0";"-2475.00";"10980.00000";"11145.00000";"-80649.27";"0.00";"IST";"SL";"41m 0s";"-0.00"
"719";"USTEC_ICM_UTC2";"Buy";"10911.7";"10994.2";"2020.09.24 18:00:00";"2020.09.24 19:05:00";"30.0";"2475.00";"10829.20020";"10994.20020";"-78174.27";"0.00";"IST";"PT";"1h 5m";"-0.00"
"720";"USTEC_ICM_UTC2";"Buy";"10921.8";"11004.3";"2020.09.25 17:00:00";"2020.09.25 18:12:00";"30.0";"2475.00";"10839.29980";"11004.29980";"-75699.27";"0.00";"IST";"PT";"1h 12m";"-0.00"
"721";"USTEC_ICM_UTC2";"Buy";"11357.1";"11274.6";"2020.09.28 16:30:00";"2020.09.28 16:50:00";"30.0";"-2475.00";"11274.59961";"11439.59961";"-78174.27";"0.00";"IST";"SL";"20m 0s";"-0.00"
"722";"USTEC_ICM_UTC2";"Buy";"11338.8";"11421.3";"2020.09.29 18:15:00";"2020.09.30 05:16:00";"30.0";"2291.88";"11256.29980";"11421.29980";"-75882.38";"0.00";"IST";"PT";"11h 1m";"-183.12"
"723";"USTEC_ICM_UTC2";"Buy";"11478.6";"11396.1";"2020.09.30 18:15:00";"2020.09.30 21:50:00";"30.0";"-2475.00";"11396.09961";"11561.09961";"-78357.38";"0.00";"IST";"SL";"3h 35m";"-0.00"
"724";"USTEC_ICM_UTC2";"Buy";"11564.3";"11481.8";"2020.10.01 16:30:00";"2020.10.02 07:59:00";"30.0";"-2658.12";"11481.79980";"11646.79980";"-81015.51";"0.00";"IST";"SL";"15h 29m";"-183.12"
"725";"USTEC_ICM_UTC2";"Buy";"11325.1";"11407.6";"2020.10.02 16:30:00";"2020.10.02 16:38:00";"30.0";"2475.00";"11242.59961";"11407.59961";"-78540.51";"0.00";"IST";"PT";"8m 0s";"-0.00"
"726";"USTEC_ICM_UTC2";"Buy";"11447.2";"11529.7";"2020.10.05 18:30:00";"2020.10.06 21:45:00";"30.0";"2291.88";"11364.70020";"11529.70020";"-76248.63";"0.00";"IST";"PT";"1d 3h 15m";"-183.12"
"727";"USTEC_ICM_UTC2";"Buy";"11339.1";"11222.9";"2020.10.06 22:30:00";"2020.10.07 01:00:00";"30.0";"-3669.09";"11256.59961";"11421.59961";"-79917.71";"0.00";"IST";"SL";"2h 30m";"-183.12"
"728";"USTEC_ICM_UTC2";"Buy";"11398.0";"11480.5";"2020.10.07 16:30:00";"2020.10.07 20:03:00";"30.0";"2475.00";"11315.50000";"11480.50000";"-77442.71";"0.00";"IST";"PT";"3h 33m";"-0.00"
"729";"USTEC_ICM_UTC2";"Buy";"11544.8";"11627.3";"2020.10.08 17:15:00";"2020.10.09 15:52:00";"30.0";"2291.88";"11462.29980";"11627.29980";"-75150.84";"0.00";"IST";"PT";"22h 37m";"-183.12"
"730";"USTEC_ICM_UTC2";"Buy";"11634.9";"11713.5";"2020.10.09 16:45:00";"2020.10.09 22:55:00";"30.0";"2358.00";"11552.40039";"11717.40039";"-72792.84";"0.00";"IST";"End Of Friday (Time)";"6h 10m";"-0.00"
"731";"USTEC_ICM_UTC2";"Buy";"11915.6";"11998.1";"2020.10.12 17:15:00";"2020.10.12 18:06:00";"30.0";"2475.00";"11833.09961";"11998.09961";"-70317.84";"0.00";"IST";"PT";"51m 0s";"-0.00"
"732";"USTEC_ICM_UTC2";"Buy";"12159.3";"12076.8";"2020.10.13 16:30:00";"2020.10.13 16:38:00";"30.0";"-2475.00";"12076.79980";"12241.79980";"-72792.84";"0.00";"IST";"SL";"8m 0s";"-0.00"
"733";"USTEC_ICM_UTC2";"Buy";"12140.6";"12058.1";"2020.10.14 17:00:00";"2020.10.14 17:26:00";"30.0";"-2475.00";"12058.09961";"12223.09961";"-75267.84";"0.00";"IST";"SL";"26m 0s";"-0.00"
"734";"USTEC_ICM_UTC2";"Buy";"11814.0";"11896.5";"2020.10.15 18:00:00";"2020.10.15 22:17:00";"30.0";"2475.00";"11731.50000";"11896.50000";"-72792.84";"0.00";"IST";"PT";"4h 17m";"-0.00"
"735";"USTEC_ICM_UTC2";"Buy";"11971.7";"11889.2";"2020.10.16 17:00:00";"2020.10.16 18:25:00";"30.0";"-2475.00";"11889.20020";"12054.20020";"-75267.84";"0.00";"IST";"SL";"1h 25m";"-0.00"
"736";"USTEC_ICM_UTC2";"Buy";"11761.0";"11678.5";"2020.10.20 21:30:00";"2020.10.20 22:10:00";"30.0";"-2475.00";"11678.50000";"11843.50000";"-77742.84";"0.00";"IST";"SL";"40m 0s";"-0.00"
"737";"USTEC_ICM_UTC2";"Buy";"11680.4";"11762.9";"2020.10.21 16:30:00";"2020.10.21 16:48:00";"30.0";"2475.00";"11597.90039";"11762.90039";"-75267.84";"0.00";"IST";"PT";"18m 0s";"-0.00"
"738";"USTEC_ICM_UTC2";"Buy";"11664.1";"11581.6";"2020.10.22 22:00:00";"2020.10.23 17:05:00";"30.0";"-2658.12";"11581.59961";"11746.59961";"-77925.95";"0.00";"IST";"SL";"19h 5m";"-183.12"
"739";"USTEC_ICM_UTC2";"Buy";"11621.3";"11683.9";"2020.10.23 17:30:00";"2020.10.23 22:55:00";"30.0";"1878.03";"11538.79980";"11703.79980";"-76047.92";"0.00";"IST";"End Of Friday (Time)";"5h 25m";"-0.00"
"740";"USTEC_ICM_UTC2";"Buy";"11503.1";"11420.6";"2020.10.26 17:30:00";"2020.10.26 19:01:00";"30.0";"-2475.00";"11420.59961";"11585.59961";"-78522.92";"0.00";"IST";"SL";"1h 31m";"-0.00"
"741";"USTEC_ICM_UTC2";"Buy";"11587.8";"11505.3";"2020.10.27 19:00:00";"2020.10.28 09:39:00";"30.0";"-2658.12";"11505.29980";"11670.29980";"-81181.05";"0.00";"IST";"SL";"14h 39m";"-183.12"
"742";"USTEC_ICM_UTC2";"Buy";"11310.3";"11392.8";"2020.10.29 18:15:00";"2020.10.29 19:55:00";"30.0";"2475.00";"11227.79980";"11392.79980";"-78706.05";"0.00";"IST";"PT";"1h 40m";"-0.00"
"743";"USTEC_ICM_UTC2";"Buy";"11135.1";"11052.6";"2020.11.02 18:00:00";"2020.11.02 19:38:00";"30.0";"-2475.00";"11052.59961";"11217.59961";"-81181.05";"0.00";"IST";"SL";"1h 38m";"-0.00"
"744";"USTEC_ICM_UTC2";"Buy";"11339.6";"11257.1";"2020.11.03 18:45:00";"2020.11.03 20:53:00";"30.0";"-2475.00";"11257.09961";"11422.09961";"-83656.05";"0.00";"IST";"SL";"2h 8m";"-0.00"
"745";"USTEC_ICM_UTC2";"Buy";"11637.7";"11720.2";"2020.11.04 16:30:00";"2020.11.04 17:06:00";"30.0";"2475.00";"11555.20020";"11720.20020";"-81181.05";"0.00";"IST";"PT";"36m 0s";"-0.00"
"746";"USTEC_ICM_UTC2";"Buy";"11966.5";"12049.0";"2020.11.06 17:15:00";"2020.11.06 18:35:00";"30.0";"2475.00";"11884.00000";"12049.00000";"-78706.05";"0.00";"IST";"PT";"1h 20m";"-0.00"
"747";"USTEC_ICM_UTC2";"Buy";"12194.3";"12111.8";"2020.11.09 18:30:00";"2020.11.09 19:02:00";"30.0";"-2475.00";"12111.79980";"12276.79980";"-81181.05";"0.00";"IST";"SL";"32m 0s";"-0.00"
"748";"USTEC_ICM_UTC2";"Buy";"11645.1";"11562.6";"2020.11.10 17:15:00";"2020.11.10 17:34:00";"30.0";"-2475.00";"11562.59961";"11727.59961";"-83656.05";"0.00";"IST";"SL";"19m 0s";"-0.00"
"749";"USTEC_ICM_UTC2";"Buy";"11825.0";"11907.5";"2020.11.11 18:15:00";"2020.11.11 23:03:00";"30.0";"2475.00";"11742.50000";"11907.50000";"-81181.05";"0.00";"IST";"PT";"4h 48m";"-0.00"
"750";"USTEC_ICM_UTC2";"Buy";"11902.0";"11819.5";"2020.11.12 19:00:00";"2020.11.12 19:50:00";"30.0";"-2475.00";"11819.50000";"11984.50000";"-83656.05";"0.00";"IST";"SL";"50m 0s";"-0.00"
"751";"USTEC_ICM_UTC2";"Buy";"12000.8";"12083.3";"2020.11.16 19:00:00";"2020.11.17 01:00:00";"30.0";"2291.88";"11918.29980";"12083.29980";"-81364.16";"0.00";"IST";"PT";"6h 0m";"-183.12"
"752";"USTEC_ICM_UTC2";"Buy";"12032.4";"11949.9";"2020.11.17 21:15:00";"2020.11.18 02:26:00";"30.0";"-2658.12";"11949.90039";"12114.90039";"-84022.29";"0.00";"IST";"SL";"5h 11m";"-183.12"
"753";"USTEC_ICM_UTC2";"Buy";"12008.1";"11925.6";"2020.11.18 20:15:00";"2020.11.18 22:49:00";"30.0";"-2475.00";"11925.59961";"12090.59961";"-86497.29";"0.00";"IST";"SL";"2h 34m";"-0.00"
"754";"USTEC_ICM_UTC2";"Buy";"11871.5";"11954.0";"2020.11.19 16:30:00";"2020.11.19 17:52:00";"30.0";"2475.00";"11789.00000";"11954.00000";"-84022.29";"0.00";"IST";"PT";"1h 22m";"-0.00"
"755";"USTEC_ICM_UTC2";"Buy";"11987.5";"11918.2";"2020.11.20 19:15:00";"2020.11.20 22:55:00";"30.0";"-2079.00";"11905.00000";"12070.00000";"-86101.29";"0.00";"IST";"End Of Friday (Time)";"3h 40m";"-0.00"
"756";"USTEC_ICM_UTC2";"Buy";"11905.3";"11822.8";"2020.11.23 17:45:00";"2020.11.23 18:14:00";"30.0";"-2475.00";"11822.79980";"11987.79980";"-88576.29";"0.00";"IST";"SL";"29m 0s";"-0.00"
"757";"USTEC_ICM_UTC2";"Buy";"11925.8";"12008.3";"2020.11.24 17:00:00";"2020.11.24 18:05:00";"30.0";"2475.00";"11843.29980";"12008.29980";"-86101.29";"0.00";"IST";"PT";"1h 5m";"-0.00"
"758";"USTEC_ICM_UTC2";"Buy";"12095.9";"12178.4";"2020.11.25 17:30:00";"2020.11.26 01:11:00";"30.0";"2291.88";"12013.40039";"12178.40039";"-83809.41";"0.00";"IST";"PT";"7h 41m";"-183.12"
"759";"USTEC_ICM_UTC2";"Buy";"12200.0";"12282.5";"2020.11.26 16:30:00";"2020.11.27 17:22:00";"30.0";"2291.88";"12117.50000";"12282.50000";"-81517.52";"0.00";"IST";"PT";"1d 0h 52m";"-183.12"
"760";"USTEC_ICM_UTC2";"Buy";"12292.1";"12209.6";"2020.11.27 18:15:00";"2020.11.30 08:16:00";"30.0";"-3024.36";"12209.59961";"12374.59961";"-84541.88";"0.00";"IST";"SL";"2d 14h 1m";"-549.36"
"761";"USTEC_ICM_UTC2";"Buy";"12241.1";"12158.6";"2020.11.30 17:15:00";"2020.11.30 17:38:00";"30.0";"-2475.00";"12158.59961";"12323.59961";"-87016.88";"0.00";"IST";"SL";"23m 0s";"-0.00"
"762";"USTEC_ICM_UTC2";"Buy";"12460.3";"12377.8";"2020.12.01 20:00:00";"2020.12.02 16:21:00";"30.0";"-2658.12";"12377.79980";"12542.79980";"-89675.01";"0.00";"IST";"SL";"20h 21m";"-183.12"
"763";"USTEC_ICM_UTC2";"Buy";"12437.8";"12520.3";"2020.12.02 20:00:00";"2020.12.03 17:07:00";"30.0";"2291.88";"12355.29980";"12520.29980";"-87383.13";"0.00";"IST";"PT";"21h 7m";"-183.12"
"764";"USTEC_ICM_UTC2";"Buy";"12490.0";"12516.1";"2020.12.03 18:30:00";"2020.12.04 22:55:00";"30.0";"599.88";"12407.50000";"12572.50000";"-86783.24";"0.00";"IST";"End Of Friday (Time)";"1d 4h 25m";"-183.12"
"765";"USTEC_ICM_UTC2";"Buy";"12588.8";"12506.3";"2020.12.07 18:00:00";"2020.12.08 17:22:00";"30.0";"-2658.12";"12506.29980";"12671.29980";"-89441.37";"0.00";"IST";"SL";"23h 22m";"-183.12"
"766";"USTEC_ICM_UTC2";"Buy";"12644.3";"12561.8";"2020.12.08 22:15:00";"2020.12.09 19:13:00";"30.0";"-2658.12";"12561.79980";"12726.79980";"-92099.48";"0.00";"IST";"SL";"20h 58m";"-183.12"
"767";"USTEC_ICM_UTC2";"Buy";"12397.7";"12315.2";"2020.12.10 19:15:00";"2020.12.11 10:40:00";"30.0";"-2658.12";"12315.20020";"12480.20020";"-94757.61";"0.00";"IST";"SL";"15h 25m";"-183.12"
"768";"USTEC_ICM_UTC2";"Buy";"12318.6";"12236.1";"2020.12.11 17:00:00";"2020.12.11 19:38:00";"30.0";"-2475.00";"12236.09961";"12401.09961";"-97232.61";"0.00";"IST";"SL";"2h 38m";"-0.00"
"769";"USTEC_ICM_UTC2";"Buy";"12525.6";"12443.1";"2020.12.14 18:30:00";"2020.12.15 04:22:00";"30.0";"-2658.12";"12443.09961";"12608.09961";"-99890.73";"0.00";"IST";"SL";"9h 52m";"-183.12"
"770";"USTEC_ICM_UTC2";"Buy";"12523.3";"12605.8";"2020.12.15 18:00:00";"2020.12.15 23:06:00";"30.0";"2475.00";"12440.79980";"12605.79980";"-97415.73";"0.00";"IST";"PT";"5h 6m";"-0.00"
"771";"USTEC_ICM_UTC2";"Buy";"12641.4";"12723.9";"2020.12.16 20:15:00";"2020.12.17 09:23:00";"30.0";"2291.88";"12558.90039";"12723.90039";"-95123.84";"0.00";"IST";"PT";"13h 8m";"-183.12"
"772";"USTEC_ICM_UTC2";"Buy";"12728.0";"12645.5";"2020.12.17 22:00:00";"2020.12.18 22:04:00";"30.0";"-2658.12";"12645.50000";"12810.50000";"-97781.97";"0.00";"IST";"SL";"1d 0h 4m";"-183.12"
"773";"USTEC_ICM_UTC2";"Buy";"12498.5";"12581.0";"2020.12.21 17:45:00";"2020.12.21 18:38:00";"30.0";"2475.00";"12416.00000";"12581.00000";"-95306.97";"0.00";"IST";"PT";"53m 0s";"-0.00"
"774";"USTEC_ICM_UTC2";"Buy";"12752.5";"12670.0";"2020.12.22 17:00:00";"2020.12.22 18:03:00";"30.0";"-2475.00";"12670.00000";"12835.00000";"-97781.97";"0.00";"IST";"SL";"1h 3m";"-0.00"
"775";"USTEC_ICM_UTC2";"Buy";"12712.7";"12630.2";"2020.12.23 21:45:00";"2020.12.23 23:11:00";"30.0";"-2475.00";"12630.20020";"12795.20020";"-100256.97";"0.00";"IST";"SL";"1h 26m";"-0.00"
"776";"USTEC_ICM_UTC2";"Buy";"12693.9";"12776.4";"2020.12.24 18:15:00";"2020.12.28 04:49:00";"30.0";"1742.52";"12611.40039";"12776.40039";"-98514.45";"0.00";"IST";"PT";"3d 10h 34m";"-732.48"
"777";"USTEC_ICM_UTC2";"Buy";"12828.0";"12910.5";"2020.12.28 19:15:00";"2020.12.29 16:33:00";"30.0";"2291.88";"12745.50000";"12910.50000";"-96222.56";"0.00";"IST";"PT";"21h 18m";"-183.12"
"778";"USTEC_ICM_UTC2";"Buy";"12901.3";"12818.8";"2020.12.30 16:30:00";"2020.12.31 18:53:00";"30.0";"-2658.12";"12818.79980";"12983.79980";"-98880.69";"0.00";"IST";"SL";"1d 2h 23m";"-183.12"
