"Ticket";"Symbol";"Type";"Open price";"Close price";"Open time";"Close time";"Size";"Profit/Loss";"Stop Loss price level";"Profit Target price level";"Balance";"Slippage ($)";"Sample type";"Close type";"Time in trade";"Comm/Swap"
"1";"USTEC_ICM_UTC2";"Buy";"4272.6";"4232.6";"2015.01.02 16:45:00";"2015.01.02 22:55:00";"30.0";"-1200.00";"4190.10010";"4355.10010";"48800.00";"0.00";"IST";"End Of Friday (Time)";"6h 10m";"-0.00"
"2";"USTEC_ICM_UTC2";"Buy";"4191.9";"4109.4";"2015.01.05 17:30:00";"2015.01.06 19:03:00";"30.0";"-2658.12";"4109.39990";"4274.39990";"46141.88";"0.00";"IST";"SL";"1d 1h 33m";"-183.12"
"3";"USTEC_ICM_UTC2";"Buy";"4114.8";"4197.3";"2015.01.06 19:45:00";"2015.01.08 03:48:00";"30.0";"2108.76";"4032.30005";"4197.29980";"48250.64";"0.00";"IST";"PT";"1d 8h 3m";"-366.24"
"4";"USTEC_ICM_UTC2";"Buy";"4218.0";"4216.9";"2015.01.09 21:00:00";"2015.01.09 22:55:00";"30.0";"-33.00";"4135.50000";"4300.50000";"48217.64";"0.00";"IST";"End Of Friday (Time)";"1h 55m";"-0.00"
"5";"USTEC_ICM_UTC2";"Buy";"4194.0";"4111.5";"2015.01.12 16:45:00";"2015.01.14 15:36:00";"30.0";"-2841.24";"4111.50000";"4276.50000";"45376.40";"0.00";"IST";"SL";"1d 22h 51m";"-366.24"
"6";"USTEC_ICM_UTC2";"Buy";"4153.9";"4071.4";"2015.01.14 17:15:00";"2015.01.16 02:11:00";"30.0";"-2841.24";"4071.39990";"4236.39990";"42535.16";"0.00";"IST";"SL";"1d 8h 56m";"-366.24"
"7";"USTEC_ICM_UTC2";"Buy";"4085.0";"4141.0";"2015.01.16 16:30:00";"2015.01.16 22:55:00";"30.0";"1680.00";"4002.50000";"4167.50000";"44215.16";"0.00";"IST";"End Of Friday (Time)";"6h 25m";"-0.00"
"8";"USTEC_ICM_UTC2";"Buy";"4159.5";"4242.0";"2015.01.20 21:15:00";"2015.01.22 21:30:00";"30.0";"2108.76";"4077.00000";"4242.00000";"46323.92";"0.00";"IST";"PT";"2d 0h 15m";"-366.24"
"9";"USTEC_ICM_UTC2";"Buy";"4289.9";"4273.9";"2015.01.23 20:45:00";"2015.01.23 22:55:00";"30.0";"-480.00";"4207.39990";"4372.39990";"45843.92";"0.00";"IST";"End Of Friday (Time)";"2h 10m";"-0.00"
"10";"USTEC_ICM_UTC2";"Buy";"4264.9";"4182.4";"2015.01.26 17:15:00";"2015.01.27 16:52:00";"30.0";"-2658.12";"4182.39990";"4347.39990";"43185.80";"0.00";"IST";"SL";"23h 37m";"-183.12"
"11";"USTEC_ICM_UTC2";"Buy";"4171.4";"4149.5";"2015.01.27 18:15:00";"2015.01.30 22:55:00";"30.0";"-1206.36";"4088.89990";"4253.89990";"41979.44";"0.00";"IST";"End Of Friday (Time)";"3d 4h 40m";"-549.36"
"12";"USTEC_ICM_UTC2";"Buy";"4132.8";"4215.3";"2015.02.02 16:45:00";"2015.02.03 16:45:00";"30.0";"2291.88";"4050.30005";"4215.29980";"44271.32";"0.00";"IST";"PT";"1d 0h 0m";"-183.12"
"13";"USTEC_ICM_UTC2";"Buy";"4209.4";"4224.7";"2015.02.03 21:45:00";"2015.02.06 22:55:00";"30.0";"-90.36";"4126.89990";"4291.89990";"44180.96";"0.00";"IST";"End Of Friday (Time)";"3d 1h 10m";"-549.36"
"14";"USTEC_ICM_UTC2";"Buy";"4213.5";"4296.0";"2015.02.09 17:30:00";"2015.02.11 16:57:00";"30.0";"2108.76";"4131.00000";"4296.00000";"46289.72";"0.00";"IST";"PT";"1d 23h 27m";"-366.24"
"15";"USTEC_ICM_UTC2";"Buy";"4285.0";"4367.5";"2015.02.11 20:45:00";"2015.02.13 18:49:00";"30.0";"2108.76";"4202.50000";"4367.50000";"48398.48";"0.00";"IST";"PT";"1d 22h 4m";"-366.24"
"16";"USTEC_ICM_UTC2";"Buy";"4361.3";"4380.5";"2015.02.13 21:15:00";"2015.02.13 22:55:00";"30.0";"576.00";"4278.79980";"4443.79980";"48974.48";"0.00";"IST";"End Of Friday (Time)";"1h 40m";"-0.00"
"17";"USTEC_ICM_UTC2";"Buy";"4372.5";"4437.8";"2015.02.16 20:55:00";"2015.02.20 22:55:00";"30.0";"1226.52";"4290.00000";"4455.00000";"50201.00";"0.00";"IST";"End Of Friday (Time)";"4d 2h 0m";"-732.48"
"18";"USTEC_ICM_UTC2";"Buy";"4444.6";"4437.8";"2015.02.23 21:15:00";"2015.02.27 22:55:00";"30.0";"-936.48";"4362.10010";"4527.10010";"49264.52";"0.00";"IST";"End Of Friday (Time)";"4d 1h 40m";"-732.48"
"19";"USTEC_ICM_UTC2";"Buy";"4468.0";"4395.5";"2015.03.02 20:45:00";"2015.03.06 22:55:00";"30.0";"-2907.48";"4385.50000";"4550.50000";"46357.04";"0.00";"IST";"End Of Friday (Time)";"4d 2h 10m";"-732.48"
"20";"USTEC_ICM_UTC2";"Buy";"4400.8";"4318.3";"2015.03.09 17:00:00";"2015.03.11 16:44:00";"30.0";"-2841.24";"4318.29980";"4483.29980";"43515.80";"0.00";"IST";"SL";"1d 23h 44m";"-366.24"
"21";"USTEC_ICM_UTC2";"Buy";"4317.9";"4312.7";"2015.03.11 16:45:00";"2015.03.13 22:55:00";"30.0";"-522.24";"4235.39990";"4400.39990";"42993.56";"0.00";"IST";"End Of Friday (Time)";"2d 6h 10m";"-366.24"
"22";"USTEC_ICM_UTC2";"Buy";"4364.0";"4446.5";"2015.03.16 20:30:00";"2015.03.20 13:35:00";"30.0";"1742.52";"4281.50000";"4446.50000";"44736.08";"0.00";"IST";"PT";"3d 17h 5m";"-732.48"
"23";"USTEC_ICM_UTC2";"Buy";"4474.7";"4454.6";"2015.03.20 21:00:00";"2015.03.20 22:55:00";"30.0";"-603.00";"4392.20020";"4557.20020";"44133.08";"0.00";"IST";"End Of Friday (Time)";"1h 55m";"-0.00"
"24";"USTEC_ICM_UTC2";"Buy";"4458.1";"4375.6";"2015.03.23 17:00:00";"2015.03.25 17:39:00";"30.0";"-2841.24";"4375.60010";"4540.60010";"41291.84";"0.00";"IST";"SL";"2d 0h 39m";"-366.24"
"25";"USTEC_ICM_UTC2";"Buy";"4373.8";"4291.3";"2015.03.25 18:15:00";"2015.03.26 10:58:00";"30.0";"-2658.12";"4291.29980";"4456.29980";"38633.72";"0.00";"IST";"SL";"16h 43m";"-183.12"
"26";"USTEC_ICM_UTC2";"Buy";"4310.5";"4332.9";"2015.03.26 16:45:00";"2015.03.27 22:55:00";"30.0";"488.88";"4228.00000";"4393.00000";"39122.60";"0.00";"IST";"End Of Friday (Time)";"1d 6h 10m";"-183.12"
"27";"USTEC_ICM_UTC2";"Buy";"4382.0";"4299.5";"2015.03.30 21:15:00";"2015.04.01 03:55:00";"30.0";"-2841.24";"4299.50000";"4464.50000";"36281.36";"0.00";"IST";"SL";"1d 6h 40m";"-366.24"
"28";"USTEC_ICM_UTC2";"Buy";"4336.1";"4418.6";"2015.04.01 16:30:00";"2015.04.10 20:46:00";"30.0";"826.92";"4253.60010";"4418.60010";"37108.28";"0.00";"IST";"PT";"9d 4h 16m";"-1648.08"
"29";"USTEC_ICM_UTC2";"Buy";"4419.0";"4336.5";"2015.04.13 21:15:00";"2015.04.17 21:15:00";"30.0";"-3207.48";"4336.50000";"4501.50000";"33900.80";"0.00";"IST";"SL";"4d 0h 0m";"-732.48"
"30";"USTEC_ICM_UTC2";"Buy";"4344.6";"4350.7";"2015.04.17 21:45:00";"2015.04.17 22:55:00";"30.0";"183.00";"4262.10010";"4427.10010";"34083.80";"0.00";"IST";"End Of Friday (Time)";"1h 10m";"-0.00"
"31";"USTEC_ICM_UTC2";"Buy";"4382.0";"4464.5";"2015.04.20 16:45:00";"2015.04.22 22:19:00";"30.0";"2108.76";"4299.50000";"4464.50000";"36192.56";"0.00";"IST";"PT";"2d 5h 34m";"-366.24"
"32";"USTEC_ICM_UTC2";"Buy";"4488.1";"4537.0";"2015.04.23 21:15:00";"2015.04.24 22:55:00";"30.0";"1283.88";"4405.60010";"4570.60010";"37476.44";"0.00";"IST";"End Of Friday (Time)";"1d 1h 40m";"-183.12"
"33";"USTEC_ICM_UTC2";"Buy";"4535.0";"4452.5";"2015.04.27 20:45:00";"2015.04.30 17:01:00";"30.0";"-3024.36";"4452.50000";"4617.50000";"34452.08";"0.00";"IST";"SL";"2d 20h 16m";"-549.36"
"34";"USTEC_ICM_UTC2";"Buy";"4461.0";"4475.5";"2015.04.30 18:15:00";"2015.05.01 22:55:00";"30.0";"251.88";"4378.50000";"4543.50000";"34703.96";"0.00";"IST";"End Of Friday (Time)";"1d 4h 40m";"-183.12"
"35";"USTEC_ICM_UTC2";"Buy";"4490.7";"4408.2";"2015.05.04 20:45:00";"2015.05.05 21:48:00";"30.0";"-2658.12";"4408.20020";"4573.20020";"32045.84";"0.00";"IST";"SL";"1d 1h 3m";"-183.12"
"36";"USTEC_ICM_UTC2";"Buy";"4415.5";"4461.2";"2015.05.05 22:15:00";"2015.05.08 22:55:00";"30.0";"821.64";"4333.00000";"4498.00000";"32867.48";"0.00";"IST";"End Of Friday (Time)";"3d 0h 40m";"-549.36"
"37";"USTEC_ICM_UTC2";"Buy";"4458.7";"4490.9";"2015.05.11 16:45:00";"2015.05.15 22:55:00";"30.0";"233.52";"4376.20020";"4541.20020";"33101.00";"0.00";"IST";"End Of Friday (Time)";"4d 6h 10m";"-732.48"
"38";"USTEC_ICM_UTC2";"Buy";"4489.8";"4530.0";"2015.05.18 17:45:00";"2015.05.22 22:55:00";"30.0";"473.52";"4407.29980";"4572.29980";"33574.52";"0.00";"IST";"End Of Friday (Time)";"4d 5h 10m";"-732.48"
"39";"USTEC_ICM_UTC2";"Buy";"4533.0";"4511.9";"2015.05.25 18:00:00";"2015.05.29 22:55:00";"30.0";"-1365.48";"4450.50000";"4615.50000";"32209.04";"0.00";"IST";"End Of Friday (Time)";"4d 4h 55m";"-732.48"
"40";"USTEC_ICM_UTC2";"Buy";"4515.9";"4477.9";"2015.06.01 16:45:00";"2015.06.05 22:55:00";"30.0";"-1872.48";"4433.39990";"4598.39990";"30336.56";"0.00";"IST";"End Of Friday (Time)";"4d 6h 10m";"-732.48"
"41";"USTEC_ICM_UTC2";"Buy";"4475.9";"4393.4";"2015.06.08 16:30:00";"2015.06.09 17:31:00";"30.0";"-2658.12";"4393.39990";"4558.39990";"27678.44";"0.00";"IST";"SL";"1d 1h 1m";"-183.12"
"42";"USTEC_ICM_UTC2";"Buy";"4416.9";"4499.4";"2015.06.09 18:00:00";"2015.06.11 16:27:00";"30.0";"2108.76";"4334.39990";"4499.39990";"29787.20";"0.00";"IST";"PT";"1d 22h 27m";"-366.24"
"43";"USTEC_ICM_UTC2";"Buy";"4493.9";"4455.0";"2015.06.11 20:45:00";"2015.06.12 22:55:00";"30.0";"-1350.12";"4411.39990";"4576.39990";"28437.08";"0.00";"IST";"End Of Friday (Time)";"1d 2h 10m";"-183.12"
"44";"USTEC_ICM_UTC2";"Buy";"4408.0";"4490.5";"2015.06.15 17:15:00";"2015.06.18 16:30:00";"30.0";"1925.64";"4325.50000";"4490.50000";"30362.72";"0.00";"IST";"PT";"2d 23h 15m";"-549.36"
"45";"USTEC_ICM_UTC2";"Buy";"4526.9";"4517.5";"2015.06.18 21:30:00";"2015.06.19 22:55:00";"30.0";"-465.12";"4444.39990";"4609.39990";"29897.60";"0.00";"IST";"End Of Friday (Time)";"1d 1h 25m";"-183.12"
"46";"USTEC_ICM_UTC2";"Buy";"4544.0";"4483.9";"2015.06.22 21:00:00";"2015.06.26 22:55:00";"30.0";"-2535.48";"4461.50000";"4626.50000";"27362.12";"0.00";"IST";"End Of Friday (Time)";"4d 1h 55m";"-732.48"
"47";"USTEC_ICM_UTC2";"Buy";"4440.0";"4357.5";"2015.06.29 17:30:00";"2015.07.07 17:40:00";"30.0";"-3939.96";"4357.50000";"4522.50000";"23422.16";"0.00";"IST";"SL";"8d 0h 10m";"-1464.96"
"48";"USTEC_ICM_UTC2";"Buy";"4402.8";"4427.5";"2015.07.07 20:45:00";"2015.07.10 22:55:00";"30.0";"191.64";"4320.29980";"4485.29980";"23613.80";"0.00";"IST";"End Of Friday (Time)";"3d 2h 10m";"-549.36"
"49";"USTEC_ICM_UTC2";"Buy";"4486.6";"4569.1";"2015.07.13 20:45:00";"2015.07.16 16:09:00";"30.0";"1925.64";"4404.10010";"4569.10010";"25539.44";"0.00";"IST";"PT";"2d 19h 24m";"-549.36"
"50";"USTEC_ICM_UTC2";"Buy";"4581.0";"4657.9";"2015.07.16 20:30:00";"2015.07.17 22:55:00";"30.0";"2123.88";"4498.50000";"4663.50000";"27663.32";"0.00";"IST";"End Of Friday (Time)";"1d 2h 25m";"-183.12"
"51";"USTEC_ICM_UTC2";"Buy";"4673.5";"4591.0";"2015.07.21 20:45:00";"2015.07.23 22:30:00";"30.0";"-2841.24";"4591.00000";"4756.00000";"24822.08";"0.00";"IST";"SL";"2d 1h 45m";"-366.24"
"52";"USTEC_ICM_UTC2";"Buy";"4599.5";"4562.0";"2015.07.23 22:45:00";"2015.07.24 22:55:00";"30.0";"-1308.12";"4517.00000";"4682.00000";"23513.96";"0.00";"IST";"End Of Friday (Time)";"1d 0h 10m";"-183.12"
"53";"USTEC_ICM_UTC2";"Buy";"4540.5";"4590.5";"2015.07.27 17:00:00";"2015.07.31 22:55:00";"30.0";"767.52";"4458.00000";"4623.00000";"24281.48";"0.00";"IST";"End Of Friday (Time)";"4d 5h 55m";"-732.48"
"54";"USTEC_ICM_UTC2";"Buy";"4589.2";"4506.7";"2015.08.03 18:00:00";"2015.08.07 15:38:00";"30.0";"-3207.48";"4506.70020";"4671.70020";"21074.00";"0.00";"IST";"SL";"3d 21h 38m";"-732.48"
"55";"USTEC_ICM_UTC2";"Buy";"4529.9";"4517.3";"2015.08.07 17:00:00";"2015.08.07 22:55:00";"30.0";"-378.00";"4447.39990";"4612.39990";"20696.00";"0.00";"IST";"End Of Friday (Time)";"5h 55m";"-0.00"
"56";"USTEC_ICM_UTC2";"Buy";"4574.1";"4491.6";"2015.08.10 20:45:00";"2015.08.11 21:05:00";"30.0";"-2658.12";"4491.60010";"4656.60010";"18037.88";"0.00";"IST";"SL";"1d 0h 20m";"-183.12"
"57";"USTEC_ICM_UTC2";"Buy";"4501.6";"4530.9";"2015.08.11 21:30:00";"2015.08.14 22:55:00";"30.0";"329.64";"4419.10010";"4584.10010";"18367.52";"0.00";"IST";"End Of Friday (Time)";"3d 1h 25m";"-549.36"
"58";"USTEC_ICM_UTC2";"Buy";"4549.0";"4466.5";"2015.08.18 20:30:00";"2015.08.20 12:28:00";"30.0";"-2841.24";"4466.50000";"4631.50000";"15526.28";"0.00";"IST";"SL";"1d 15h 58m";"-366.24"
"59";"USTEC_ICM_UTC2";"Buy";"4406.0";"4323.5";"2015.08.20 22:15:00";"2015.08.21 16:30:00";"30.0";"-2658.12";"4323.50000";"4488.50000";"12868.16";"0.00";"IST";"SL";"18h 15m";"-183.12"
"60";"USTEC_ICM_UTC2";"Buy";"4344.1";"4261.6";"2015.08.21 17:00:00";"2015.08.21 20:04:00";"30.0";"-2475.00";"4261.60010";"4426.60010";"10393.16";"0.00";"IST";"SL";"3h 4m";"-0.00"
"61";"USTEC_ICM_UTC2";"Buy";"3997.5";"4080.0";"2015.08.24 16:30:00";"2015.08.24 17:21:00";"30.0";"2475.00";"3915.00000";"4080.00000";"12868.16";"0.00";"IST";"PT";"51m 0s";"-0.00"
"62";"USTEC_ICM_UTC2";"Buy";"4178.3";"4095.8";"2015.08.25 16:30:00";"2015.08.25 22:32:00";"30.0";"-2475.00";"4095.80005";"4260.79980";"10393.16";"0.00";"IST";"SL";"6h 2m";"-0.00"
"63";"USTEC_ICM_UTC2";"Buy";"4114.9";"4197.4";"2015.08.26 16:45:00";"2015.08.26 22:20:00";"30.0";"2475.00";"4032.39990";"4197.39990";"12868.16";"0.00";"IST";"PT";"5h 35m";"-0.00"
"64";"USTEC_ICM_UTC2";"Buy";"4310.0";"4321.0";"2015.08.27 21:15:00";"2015.08.28 22:55:00";"30.0";"146.88";"4227.50000";"4392.50000";"13015.04";"0.00";"IST";"End Of Friday (Time)";"1d 1h 40m";"-183.12"
"65";"USTEC_ICM_UTC2";"Buy";"4300.9";"4186.0";"2015.08.31 17:30:00";"2015.09.01 09:00:00";"30.0";"-3630.15";"4218.39990";"4383.39990";"9384.89";"0.00";"IST";"SL";"15h 30m";"-183.12"
"66";"USTEC_ICM_UTC2";"Buy";"4208.0";"4125.5";"2015.09.01 16:45:00";"2015.09.01 22:43:00";"30.0";"-2475.00";"4125.50000";"4290.50000";"6909.89";"0.00";"IST";"SL";"5h 58m";"-0.00"
"67";"USTEC_ICM_UTC2";"Buy";"4204.0";"4286.5";"2015.09.02 17:15:00";"2015.09.03 10:46:00";"30.0";"2291.88";"4121.50000";"4286.50000";"9201.77";"0.00";"IST";"PT";"17h 31m";"-183.12"
"68";"USTEC_ICM_UTC2";"Buy";"4249.0";"4166.5";"2015.09.03 21:30:00";"2015.09.04 15:52:00";"30.0";"-2658.12";"4166.50000";"4331.50000";"6543.65";"0.00";"IST";"SL";"18h 22m";"-183.12"
"69";"USTEC_ICM_UTC2";"Buy";"4175.9";"4196.0";"2015.09.04 16:30:00";"2015.09.04 22:55:00";"30.0";"603.00";"4093.39990";"4258.39990";"7146.65";"0.00";"IST";"End Of Friday (Time)";"6h 25m";"-0.00"
"70";"USTEC_ICM_UTC2";"Buy";"4262.3";"4346.4";"2015.09.08 20:45:00";"2015.09.09 09:00:00";"30.0";"2340.69";"4179.79980";"4344.79980";"9487.34";"0.00";"IST";"PT";"12h 15m";"-183.12"
"71";"USTEC_ICM_UTC2";"Buy";"4318.1";"4235.6";"2015.09.09 20:30:00";"2015.09.10 15:34:00";"30.0";"-2658.12";"4235.60010";"4400.60010";"6829.22";"0.00";"IST";"SL";"19h 4m";"-183.12"
"72";"USTEC_ICM_UTC2";"Buy";"4265.7";"4313.9";"2015.09.10 17:30:00";"2015.09.11 22:55:00";"30.0";"1262.88";"4183.20020";"4348.20020";"8092.10";"0.00";"IST";"End Of Friday (Time)";"1d 5h 25m";"-183.12"
"73";"USTEC_ICM_UTC2";"Buy";"4299.1";"4381.6";"2015.09.14 20:30:00";"2015.09.16 19:39:00";"30.0";"2108.76";"4216.60010";"4381.60010";"10200.86";"0.00";"IST";"PT";"1d 23h 9m";"-366.24"
"74";"USTEC_ICM_UTC2";"Buy";"4376.0";"4325.2";"2015.09.16 21:00:00";"2015.09.18 22:55:00";"30.0";"-1890.24";"4293.50000";"4458.50000";"8310.62";"0.00";"IST";"End Of Friday (Time)";"2d 1h 55m";"-366.24"
"75";"USTEC_ICM_UTC2";"Buy";"4349.0";"4266.5";"2015.09.21 16:45:00";"2015.09.22 13:13:00";"30.0";"-2658.12";"4266.50000";"4431.50000";"5652.50";"0.00";"IST";"SL";"20h 28m";"-183.12"
"76";"USTEC_ICM_UTC2";"Buy";"4269.0";"4225.1";"2015.09.22 17:15:00";"2015.09.25 22:55:00";"30.0";"-1866.36";"4186.50000";"4351.50000";"3786.14";"0.00";"IST";"End Of Friday (Time)";"3d 5h 40m";"-549.36"
"77";"USTEC_ICM_UTC2";"Buy";"4203.4";"4120.9";"2015.09.28 16:45:00";"2015.09.28 19:55:00";"30.0";"-2475.00";"4120.89990";"4285.89990";"1311.14";"0.00";"IST";"SL";"3h 10m";"-0.00"
"78";"USTEC_ICM_UTC2";"Buy";"4122.9";"4219.0";"2015.09.29 17:00:00";"2015.10.01 09:00:00";"30.0";"2515.35";"4040.39990";"4205.39990";"3826.49";"0.00";"IST";"PT";"1d 16h 0m";"-366.24"
"79";"USTEC_ICM_UTC2";"Buy";"4136.0";"4218.5";"2015.10.01 20:30:00";"2015.10.02 10:20:00";"30.0";"2291.88";"4053.50000";"4218.50000";"6118.37";"0.00";"IST";"PT";"13h 50m";"-183.12"
"80";"USTEC_ICM_UTC2";"Buy";"4142.5";"4225.0";"2015.10.02 16:45:00";"2015.10.02 20:07:00";"30.0";"2475.00";"4060.00000";"4225.00000";"8593.37";"0.00";"IST";"PT";"3h 22m";"-0.00"
"81";"USTEC_ICM_UTC2";"Buy";"4308.0";"4366.8";"2015.10.06 21:15:00";"2015.10.09 22:55:00";"30.0";"1214.64";"4225.50000";"4390.50000";"9808.01";"0.00";"IST";"End Of Friday (Time)";"3d 1h 40m";"-549.36"
"82";"USTEC_ICM_UTC2";"Buy";"4373.1";"4434.3";"2015.10.12 18:00:00";"2015.10.16 22:55:00";"30.0";"1103.52";"4290.60010";"4455.60010";"10911.53";"0.00";"IST";"End Of Friday (Time)";"4d 4h 55m";"-732.48"
"83";"USTEC_ICM_UTC2";"Buy";"4443.1";"4582.1";"2015.10.19 21:00:00";"2015.10.23 09:00:00";"30.0";"3438.24";"4360.60010";"4525.60010";"14349.77";"0.00";"IST";"PT";"3d 12h 0m";"-732.48"
"84";"USTEC_ICM_UTC2";"Buy";"4623.9";"4627.9";"2015.10.23 20:30:00";"2015.10.23 22:55:00";"30.0";"120.00";"4541.39990";"4706.39990";"14469.77";"0.00";"IST";"End Of Friday (Time)";"2h 25m";"-0.00"
"85";"USTEC_ICM_UTC2";"Buy";"4627.9";"4710.4";"2015.10.26 20:45:00";"2015.11.03 18:37:00";"30.0";"1010.04";"4545.39990";"4710.39990";"15479.81";"0.00";"IST";"PT";"7d 21h 52m";"-1464.96"
"86";"USTEC_ICM_UTC2";"Buy";"4709.0";"4701.5";"2015.11.04 20:45:00";"2015.11.06 22:55:00";"30.0";"-591.24";"4626.50000";"4791.50000";"14888.57";"0.00";"IST";"End Of Friday (Time)";"2d 2h 10m";"-366.24"
"87";"USTEC_ICM_UTC2";"Buy";"4681.6";"4599.1";"2015.11.09 16:45:00";"2015.11.12 22:13:00";"30.0";"-3024.36";"4599.10010";"4764.10010";"11864.21";"0.00";"IST";"SL";"3d 5h 28m";"-549.36"
"88";"USTEC_ICM_UTC2";"Buy";"4609.7";"4527.2";"2015.11.12 22:30:00";"2015.11.13 18:15:00";"30.0";"-2658.12";"4527.20020";"4692.20020";"9206.09";"0.00";"IST";"SL";"19h 45m";"-183.12"
"89";"USTEC_ICM_UTC2";"Buy";"4542.9";"4506.7";"2015.11.13 19:00:00";"2015.11.13 22:55:00";"30.0";"-1086.00";"4460.39990";"4625.39990";"8120.09";"0.00";"IST";"End Of Friday (Time)";"3h 55m";"-0.00"
"90";"USTEC_ICM_UTC2";"Buy";"4511.5";"4594.0";"2015.11.16 16:45:00";"2015.11.17 18:31:00";"30.0";"2291.88";"4429.00000";"4594.00000";"10411.97";"0.00";"IST";"PT";"1d 1h 46m";"-183.12"
"91";"USTEC_ICM_UTC2";"Buy";"4586.0";"4668.5";"2015.11.17 21:00:00";"2015.11.19 10:17:00";"30.0";"2108.76";"4503.50000";"4668.50000";"12520.73";"0.00";"IST";"PT";"1d 13h 17m";"-366.24"
"92";"USTEC_ICM_UTC2";"Buy";"4686.8";"4682.7";"2015.11.20 21:15:00";"2015.11.20 22:55:00";"30.0";"-123.00";"4604.29980";"4769.29980";"12397.73";"0.00";"IST";"End Of Friday (Time)";"1h 40m";"-0.00"
"93";"USTEC_ICM_UTC2";"Buy";"4668.0";"4585.5";"2015.11.23 22:00:00";"2015.12.03 21:34:00";"30.0";"-4306.20";"4585.50000";"4750.50000";"8091.53";"0.00";"IST";"SL";"9d 23h 34m";"-1831.20"
"94";"USTEC_ICM_UTC2";"Buy";"4603.5";"4686.0";"2015.12.03 22:00:00";"2015.12.04 18:06:00";"30.0";"2291.88";"4521.00000";"4686.00000";"10383.41";"0.00";"IST";"PT";"20h 6m";"-183.12"
"95";"USTEC_ICM_UTC2";"Buy";"4683.6";"4714.8";"2015.12.04 19:15:00";"2015.12.04 22:55:00";"30.0";"936.00";"4601.10010";"4766.10010";"11319.41";"0.00";"IST";"End Of Friday (Time)";"3h 40m";"-0.00"
"96";"USTEC_ICM_UTC2";"Buy";"4689.8";"4607.3";"2015.12.07 21:15:00";"2015.12.09 19:37:00";"30.0";"-2841.24";"4607.29980";"4772.29980";"8478.17";"0.00";"IST";"SL";"1d 22h 22m";"-366.24"
"97";"USTEC_ICM_UTC2";"Buy";"4607.9";"4536.0";"2015.12.09 20:15:00";"2015.12.11 22:55:00";"30.0";"-2523.24";"4525.39990";"4690.39990";"5954.93";"0.00";"IST";"End Of Friday (Time)";"2d 2h 40m";"-366.24"
"98";"USTEC_ICM_UTC2";"Buy";"4525.8";"4608.3";"2015.12.14 16:45:00";"2015.12.15 15:56:00";"30.0";"2291.88";"4443.29980";"4608.29980";"8246.81";"0.00";"IST";"PT";"23h 11m";"-183.12"
"99";"USTEC_ICM_UTC2";"Buy";"4628.7";"4546.2";"2015.12.15 21:00:00";"2015.12.18 17:41:00";"30.0";"-3024.36";"4546.20020";"4711.20020";"5222.45";"0.00";"IST";"SL";"2d 20h 41m";"-549.36"
"100";"USTEC_ICM_UTC2";"Buy";"4565.3";"4523.6";"2015.12.18 18:00:00";"2015.12.18 22:55:00";"30.0";"-1251.00";"4482.79980";"4647.79980";"3971.45";"0.00";"IST";"End Of Friday (Time)";"4h 55m";"-0.00"
"101";"USTEC_ICM_UTC2";"Buy";"4550.6";"4633.1";"2015.12.21 17:15:00";"2015.12.24 16:36:00";"30.0";"1925.64";"4468.10010";"4633.10010";"5897.09";"0.00";"IST";"PT";"2d 23h 21m";"-549.36"
"102";"USTEC_ICM_UTC2";"Buy";"4589.9";"4672.4";"2015.12.28 18:30:00";"2015.12.29 17:05:00";"30.0";"2291.88";"4507.39990";"4672.39990";"8188.97";"0.00";"IST";"PT";"22h 35m";"-183.12"
"103";"USTEC_ICM_UTC2";"Buy";"4671.1";"4547.9";"2015.12.30 21:30:00";"2016.01.04 09:00:00";"30.0";"-4610.91";"4588.60010";"4753.60010";"3578.06";"0.00";"IST";"SL";"4d 11h 30m";"-915.60"
"104";"USTEC_ICM_UTC2";"Buy";"4490.3";"4407.8";"2016.01.04 16:30:00";"2016.01.06 13:02:00";"30.0";"-2841.24";"4407.79980";"4572.79980";"736.82";"0.00";"IST";"SL";"1d 20h 32m";"-366.24"
"105";"USTEC_ICM_UTC2";"Buy";"4457.9";"4375.4";"2016.01.06 17:30:00";"2016.01.07 09:00:00";"30.0";"-2658.12";"4375.39990";"4540.39990";"-1921.30";"0.00";"IST";"SL";"15h 30m";"-183.12"
"106";"USTEC_ICM_UTC2";"Buy";"4372.0";"4289.5";"2016.01.07 17:30:00";"2016.01.08 18:33:00";"30.0";"-2658.12";"4289.50000";"4454.50000";"-4579.42";"0.00";"IST";"SL";"1d 1h 3m";"-183.12"
"107";"USTEC_ICM_UTC2";"Buy";"4318.9";"4267.8";"2016.01.08 19:00:00";"2016.01.08 22:55:00";"30.0";"-1533.00";"4236.39990";"4401.39990";"-6112.42";"0.00";"IST";"End Of Friday (Time)";"3h 55m";"-0.00"
"108";"USTEC_ICM_UTC2";"Buy";"4287.9";"4370.4";"2016.01.11 17:45:00";"2016.01.13 10:50:00";"30.0";"2108.76";"4205.39990";"4370.39990";"-4003.66";"0.00";"IST";"PT";"1d 17h 5m";"-366.24"
"109";"USTEC_ICM_UTC2";"Buy";"4260.9";"4178.4";"2016.01.13 20:30:00";"2016.01.13 21:44:00";"30.0";"-2475.00";"4178.39990";"4343.39990";"-6478.66";"0.00";"IST";"SL";"1h 14m";"-0.00"
"110";"USTEC_ICM_UTC2";"Buy";"4211.9";"4294.4";"2016.01.14 17:30:00";"2016.01.14 21:50:00";"30.0";"2475.00";"4129.39990";"4294.39990";"-4003.66";"0.00";"IST";"PT";"4h 20m";"-0.00"
"111";"USTEC_ICM_UTC2";"Buy";"4152.9";"4141.0";"2016.01.15 22:00:00";"2016.01.15 22:55:00";"30.0";"-357.00";"4070.39990";"4235.39990";"-4360.66";"0.00";"IST";"End Of Friday (Time)";"55m 0s";"-0.00"
"112";"USTEC_ICM_UTC2";"Buy";"4135.8";"4218.3";"2016.01.18 16:45:00";"2016.01.19 10:09:00";"30.0";"2291.88";"4053.30005";"4218.29980";"-2068.78";"0.00";"IST";"PT";"17h 24m";"-183.12"
"113";"USTEC_ICM_UTC2";"Buy";"4141.0";"4058.5";"2016.01.19 21:00:00";"2016.01.20 10:31:00";"30.0";"-2658.12";"4058.50000";"4223.50000";"-4726.90";"0.00";"IST";"SL";"13h 31m";"-183.12"
"114";"USTEC_ICM_UTC2";"Buy";"4084.0";"4001.5";"2016.01.20 16:30:00";"2016.01.20 19:23:00";"30.0";"-2475.00";"4001.50000";"4166.50000";"-7201.90";"0.00";"IST";"SL";"2h 53m";"-0.00"
"115";"USTEC_ICM_UTC2";"Buy";"4160.9";"4243.4";"2016.01.21 21:00:00";"2016.01.22 17:13:00";"30.0";"2291.88";"4078.39990";"4243.39990";"-4910.02";"0.00";"IST";"PT";"20h 13m";"-183.12"
"116";"USTEC_ICM_UTC2";"Buy";"4243.8";"4258.3";"2016.01.22 20:30:00";"2016.01.22 22:55:00";"30.0";"435.00";"4161.29980";"4326.29980";"-4475.02";"0.00";"IST";"End Of Friday (Time)";"2h 25m";"-0.00"
"117";"USTEC_ICM_UTC2";"Buy";"4247.5";"4165.0";"2016.01.26 20:30:00";"2016.01.27 17:15:00";"30.0";"-2658.12";"4165.00000";"4330.00000";"-7133.14";"0.00";"IST";"SL";"20h 45m";"-183.12"
"118";"USTEC_ICM_UTC2";"Buy";"4180.8";"4263.3";"2016.01.27 17:45:00";"2016.01.29 22:28:00";"30.0";"2108.76";"4098.29980";"4263.29980";"-5024.38";"0.00";"IST";"PT";"2d 4h 43m";"-366.24"
"119";"USTEC_ICM_UTC2";"Buy";"4272.9";"4190.4";"2016.02.01 21:00:00";"2016.02.02 21:27:00";"30.0";"-2658.12";"4190.39990";"4355.39990";"-7682.50";"0.00";"IST";"SL";"1d 0h 27m";"-183.12"
"120";"USTEC_ICM_UTC2";"Buy";"4185.8";"4103.3";"2016.02.02 22:00:00";"2016.02.03 20:58:00";"30.0";"-2658.12";"4103.29980";"4268.29980";"-10340.62";"0.00";"IST";"SL";"22h 58m";"-183.12"
"121";"USTEC_ICM_UTC2";"Buy";"4128.0";"4045.5";"2016.02.03 21:15:00";"2016.02.05 18:22:00";"30.0";"-2841.24";"4045.50000";"4210.50000";"-13181.86";"0.00";"IST";"SL";"1d 21h 7m";"-366.24"
"122";"USTEC_ICM_UTC2";"Buy";"4055.3";"4007.7";"2016.02.05 19:00:00";"2016.02.05 22:55:00";"30.0";"-1428.00";"3972.80005";"4137.79980";"-14609.86";"0.00";"IST";"End Of Friday (Time)";"3h 55m";"-0.00"
"123";"USTEC_ICM_UTC2";"Buy";"3955.7";"4038.2";"2016.02.08 16:45:00";"2016.02.10 17:32:00";"30.0";"2108.76";"3873.19995";"4038.19995";"-12501.10";"0.00";"IST";"PT";"2d 0h 47m";"-366.24"
"124";"USTEC_ICM_UTC2";"Buy";"4004.1";"3921.6";"2016.02.10 21:45:00";"2016.02.11 10:20:00";"30.0";"-2658.12";"3921.60010";"4086.60010";"-15159.22";"0.00";"IST";"SL";"12h 35m";"-183.12"
"125";"USTEC_ICM_UTC2";"Buy";"3934.0";"4016.5";"2016.02.11 16:45:00";"2016.02.12 13:55:00";"30.0";"2291.88";"3851.50000";"4016.50000";"-12867.34";"0.00";"IST";"PT";"21h 10m";"-183.12"
"126";"USTEC_ICM_UTC2";"Buy";"3992.5";"4016.7";"2016.02.12 20:45:00";"2016.02.12 22:55:00";"30.0";"726.00";"3910.00000";"4075.00000";"-12141.34";"0.00";"IST";"End Of Friday (Time)";"2h 10m";"-0.00"
"127";"USTEC_ICM_UTC2";"Buy";"4092.8";"4175.3";"2016.02.16 21:00:00";"2016.02.17 17:58:00";"30.0";"2291.88";"4010.30005";"4175.29980";"-9849.46";"0.00";"IST";"PT";"20h 58m";"-183.12"
"128";"USTEC_ICM_UTC2";"Buy";"4196.7";"4165.4";"2016.02.17 20:30:00";"2016.02.19 22:55:00";"30.0";"-1305.24";"4114.20020";"4279.20020";"-11154.70";"0.00";"IST";"End Of Friday (Time)";"2d 2h 25m";"-366.24"
"129";"USTEC_ICM_UTC2";"Buy";"4235.2";"4152.7";"2016.02.22 20:45:00";"2016.02.24 10:15:00";"30.0";"-2841.24";"4152.70020";"4317.70020";"-13995.94";"0.00";"IST";"SL";"1d 13h 30m";"-366.24"
"130";"USTEC_ICM_UTC2";"Buy";"4109.1";"4191.6";"2016.02.24 17:45:00";"2016.02.24 22:09:00";"30.0";"2475.00";"4026.60010";"4191.60010";"-11520.94";"0.00";"IST";"PT";"4h 24m";"-0.00"
"131";"USTEC_ICM_UTC2";"Buy";"4216.8";"4239.1";"2016.02.25 21:30:00";"2016.02.26 22:55:00";"30.0";"485.88";"4134.29980";"4299.29980";"-11035.06";"0.00";"IST";"End Of Friday (Time)";"1d 1h 25m";"-183.12"
"132";"USTEC_ICM_UTC2";"Buy";"4237.3";"4319.8";"2016.02.29 16:45:00";"2016.03.01 21:46:00";"30.0";"2291.88";"4154.79980";"4319.79980";"-8743.18";"0.00";"IST";"PT";"1d 5h 1m";"-183.12"
"133";"USTEC_ICM_UTC2";"Buy";"4309.7";"4326.8";"2016.03.02 21:30:00";"2016.03.04 22:55:00";"30.0";"146.76";"4227.20020";"4392.20020";"-8596.42";"0.00";"IST";"End Of Friday (Time)";"2d 1h 25m";"-366.24"
"134";"USTEC_ICM_UTC2";"Buy";"4290.5";"4357.7";"2016.03.07 17:30:00";"2016.03.11 22:55:00";"30.0";"1283.52";"4208.00000";"4373.00000";"-7312.90";"0.00";"IST";"End Of Friday (Time)";"4d 5h 25m";"-732.48"
"135";"USTEC_ICM_UTC2";"Buy";"4370.7";"4453.2";"2016.03.14 20:45:00";"2016.03.29 20:51:00";"30.0";"-271.80";"4288.20020";"4453.20020";"-7584.70";"0.00";"IST";"PT";"15d 0h 6m";"-2746.80"
"136";"USTEC_ICM_UTC2";"Buy";"4452.7";"4526.5";"2016.03.29 21:00:00";"2016.04.01 22:55:00";"30.0";"1664.64";"4370.20020";"4535.20020";"-5920.06";"0.00";"IST";"End Of Friday (Time)";"3d 1h 55m";"-549.36"
"137";"USTEC_ICM_UTC2";"Buy";"4511.8";"4469.5";"2016.04.04 21:45:00";"2016.04.08 22:55:00";"30.0";"-2001.48";"4429.29980";"4594.29980";"-7921.54";"0.00";"IST";"End Of Friday (Time)";"4d 1h 10m";"-732.48"
"138";"USTEC_ICM_UTC2";"Buy";"4498.3";"4542.9";"2016.04.11 18:30:00";"2016.04.15 22:55:00";"30.0";"605.52";"4415.79980";"4580.79980";"-7316.02";"0.00";"IST";"End Of Friday (Time)";"4d 4h 25m";"-732.48"
"139";"USTEC_ICM_UTC2";"Buy";"4529.8";"4447.3";"2016.04.18 16:30:00";"2016.04.22 17:43:00";"30.0";"-3207.48";"4447.29980";"4612.29980";"-10523.50";"0.00";"IST";"SL";"4d 1h 13m";"-732.48"
"140";"USTEC_ICM_UTC2";"Buy";"4446.4";"4473.7";"2016.04.22 18:15:00";"2016.04.22 22:55:00";"30.0";"819.00";"4363.89990";"4528.89990";"-9704.50";"0.00";"IST";"End Of Friday (Time)";"4h 40m";"-0.00"
"141";"USTEC_ICM_UTC2";"Buy";"4468.3";"4385.8";"2016.04.25 16:45:00";"2016.04.27 17:19:00";"30.0";"-2841.24";"4385.79980";"4550.79980";"-12545.74";"0.00";"IST";"SL";"2d 0h 34m";"-366.24"
"142";"USTEC_ICM_UTC2";"Buy";"4389.9";"4307.4";"2016.04.27 18:00:00";"2016.04.29 18:46:00";"30.0";"-2841.24";"4307.39990";"4472.39990";"-15386.98";"0.00";"IST";"SL";"2d 0h 46m";"-366.24"
"143";"USTEC_ICM_UTC2";"Buy";"4317.8";"4340.2";"2016.04.29 19:00:00";"2016.04.29 22:55:00";"30.0";"672.00";"4235.29980";"4400.29980";"-14714.98";"0.00";"IST";"End Of Friday (Time)";"3h 55m";"-0.00"
"144";"USTEC_ICM_UTC2";"Buy";"4348.0";"4325.8";"2016.05.02 17:30:00";"2016.05.06 22:55:00";"30.0";"-1398.48";"4265.50000";"4430.50000";"-16113.46";"0.00";"IST";"End Of Friday (Time)";"4d 5h 25m";"-732.48"
"145";"USTEC_ICM_UTC2";"Buy";"4354.7";"4325.4";"2016.05.09 20:45:00";"2016.05.13 22:55:00";"30.0";"-1611.48";"4272.20020";"4437.20020";"-17724.94";"0.00";"IST";"End Of Friday (Time)";"4d 2h 10m";"-732.48"
"146";"USTEC_ICM_UTC2";"Buy";"4346.9";"4361.8";"2016.05.16 17:45:00";"2016.05.20 22:55:00";"30.0";"-285.48";"4264.39990";"4429.39990";"-18010.42";"0.00";"IST";"End Of Friday (Time)";"4d 5h 10m";"-732.48"
"147";"USTEC_ICM_UTC2";"Buy";"4379.5";"4462.0";"2016.05.23 16:45:00";"2016.05.25 09:23:00";"30.0";"2108.76";"4297.00000";"4462.00000";"-15901.66";"0.00";"IST";"PT";"1d 16h 38m";"-366.24"
"148";"USTEC_ICM_UTC2";"Buy";"4485.3";"4509.4";"2016.05.26 20:30:00";"2016.05.27 22:55:00";"30.0";"539.88";"4402.79980";"4567.79980";"-15361.78";"0.00";"IST";"End Of Friday (Time)";"1d 2h 25m";"-183.12"
"149";"USTEC_ICM_UTC2";"Buy";"4508.2";"4512.5";"2016.05.31 22:30:00";"2016.06.03 22:55:00";"30.0";"-420.36";"4425.70020";"4590.70020";"-15782.14";"0.00";"IST";"End Of Friday (Time)";"3d 0h 25m";"-549.36"
"150";"USTEC_ICM_UTC2";"Buy";"4523.7";"4458.3";"2016.06.06 17:00:00";"2016.06.10 22:55:00";"30.0";"-2694.48";"4441.20020";"4606.20020";"-18476.62";"0.00";"IST";"End Of Friday (Time)";"4d 5h 55m";"-732.48"
"151";"USTEC_ICM_UTC2";"Buy";"4437.6";"4371.9";"2016.06.13 16:45:00";"2016.06.17 22:55:00";"30.0";"-2703.48";"4355.10010";"4520.10010";"-21180.10";"0.00";"IST";"End Of Friday (Time)";"4d 6h 10m";"-732.48"
"152";"USTEC_ICM_UTC2";"Buy";"4432.4";"4254.8";"2016.06.20 16:45:00";"2016.06.24 09:00:00";"30.0";"-6061.35";"4349.89990";"4514.89990";"-27241.45";"0.00";"IST";"SL";"3d 16h 15m";"-732.48"
"153";"USTEC_ICM_UTC2";"Buy";"4354.5";"4307.6";"2016.06.24 16:45:00";"2016.06.24 22:55:00";"30.0";"-1407.00";"4272.00000";"4437.00000";"-28648.45";"0.00";"IST";"End Of Friday (Time)";"6h 10m";"-0.00"
"154";"USTEC_ICM_UTC2";"Buy";"4214.5";"4297.8";"2016.06.27 17:15:00";"2016.06.29 09:00:00";"30.0";"2133.21";"4132.00000";"4297.00000";"-26515.24";"0.00";"IST";"PT";"1d 15h 45m";"-366.24"
"155";"USTEC_ICM_UTC2";"Buy";"4364.4";"4446.9";"2016.06.29 21:00:00";"2016.07.01 17:17:00";"30.0";"2108.76";"4281.89990";"4446.89990";"-24406.48";"0.00";"IST";"PT";"1d 20h 17m";"-366.24"
"156";"USTEC_ICM_UTC2";"Buy";"4436.7";"4439.8";"2016.07.01 21:00:00";"2016.07.01 22:55:00";"30.0";"93.00";"4354.20020";"4519.20020";"-24313.48";"0.00";"IST";"End Of Friday (Time)";"1h 55m";"-0.00"
"157";"USTEC_ICM_UTC2";"Buy";"4405.2";"4487.7";"2016.07.05 16:45:00";"2016.07.08 15:44:00";"30.0";"1925.64";"4322.70020";"4487.70020";"-22387.84";"0.00";"IST";"PT";"2d 22h 59m";"-549.36"
"158";"USTEC_ICM_UTC2";"Buy";"4519.9";"4527.2";"2016.07.08 20:45:00";"2016.07.08 22:55:00";"30.0";"219.00";"4437.39990";"4602.39990";"-22168.84";"0.00";"IST";"End Of Friday (Time)";"2h 10m";"-0.00"
"159";"USTEC_ICM_UTC2";"Buy";"4562.5";"4587.5";"2016.07.11 21:00:00";"2016.07.15 22:55:00";"30.0";"17.52";"4480.00000";"4645.00000";"-22151.32";"0.00";"IST";"End Of Friday (Time)";"4d 1h 55m";"-732.48"
"160";"USTEC_ICM_UTC2";"Buy";"4592.6";"4663.1";"2016.07.18 16:30:00";"2016.07.22 22:55:00";"30.0";"1382.52";"4510.10010";"4675.10010";"-20768.80";"0.00";"IST";"End Of Friday (Time)";"4d 6h 25m";"-732.48"
"161";"USTEC_ICM_UTC2";"Buy";"4658.4";"4740.9";"2016.07.25 17:45:00";"2016.07.29 18:38:00";"30.0";"1742.52";"4575.89990";"4740.89990";"-19026.28";"0.00";"IST";"PT";"4d 0h 53m";"-732.48"
"162";"USTEC_ICM_UTC2";"Buy";"4732.7";"4735.0";"2016.07.29 22:45:00";"2016.07.29 22:55:00";"30.0";"69.00";"4650.20020";"4815.20020";"-18957.28";"0.00";"IST";"End Of Friday (Time)";"10m 0s";"-0.00"
"163";"USTEC_ICM_UTC2";"Buy";"4756.6";"4789.5";"2016.08.01 22:00:00";"2016.08.05 22:55:00";"30.0";"254.52";"4674.10010";"4839.10010";"-18702.76";"0.00";"IST";"End Of Friday (Time)";"4d 0h 55m";"-732.48"
"164";"USTEC_ICM_UTC2";"Buy";"4779.8";"4804.8";"2016.08.08 20:30:00";"2016.08.12 22:55:00";"30.0";"17.52";"4697.29980";"4862.29980";"-18685.24";"0.00";"IST";"End Of Friday (Time)";"4d 2h 25m";"-732.48"
"165";"USTEC_ICM_UTC2";"Buy";"4837.7";"4805.5";"2016.08.15 20:45:00";"2016.08.19 22:55:00";"30.0";"-1698.48";"4755.20020";"4920.20020";"-20383.72";"0.00";"IST";"End Of Friday (Time)";"4d 2h 10m";"-732.48"
"166";"USTEC_ICM_UTC2";"Buy";"4800.9";"4780.7";"2016.08.22 17:00:00";"2016.08.26 22:55:00";"30.0";"-1338.48";"4718.39990";"4883.39990";"-21722.20";"0.00";"IST";"End Of Friday (Time)";"4d 5h 55m";"-732.48"
"167";"USTEC_ICM_UTC2";"Buy";"4798.4";"4796.7";"2016.08.29 16:45:00";"2016.09.02 22:55:00";"30.0";"-783.48";"4715.89990";"4880.89990";"-22505.68";"0.00";"IST";"End Of Friday (Time)";"4d 6h 10m";"-732.48"
"168";"USTEC_ICM_UTC2";"Buy";"4786.1";"4703.6";"2016.09.05 17:45:00";"2016.09.09 20:49:00";"30.0";"-3207.48";"4703.60010";"4868.60010";"-25713.16";"0.00";"IST";"SL";"4d 3h 4m";"-732.48"
"169";"USTEC_ICM_UTC2";"Buy";"4721.5";"4804.0";"2016.09.12 18:15:00";"2016.09.15 18:30:00";"30.0";"1925.64";"4639.00000";"4804.00000";"-23787.52";"0.00";"IST";"PT";"3d 0h 15m";"-549.36"
"170";"USTEC_ICM_UTC2";"Buy";"4814.6";"4817.8";"2016.09.15 20:45:00";"2016.09.16 22:55:00";"30.0";"-87.12";"4732.10010";"4897.10010";"-23874.64";"0.00";"IST";"End Of Friday (Time)";"1d 2h 10m";"-183.12"
"171";"USTEC_ICM_UTC2";"Buy";"4801.6";"4884.1";"2016.09.19 20:30:00";"2016.09.22 16:35:00";"30.0";"1925.64";"4719.10010";"4884.10010";"-21949.00";"0.00";"IST";"PT";"2d 20h 5m";"-549.36"
"172";"USTEC_ICM_UTC2";"Buy";"4864.8";"4864.7";"2016.09.23 21:30:00";"2016.09.23 22:55:00";"30.0";"-3.00";"4782.29980";"4947.29980";"-21952.00";"0.00";"IST";"End Of Friday (Time)";"1h 25m";"-0.00"
"173";"USTEC_ICM_UTC2";"Buy";"4831.9";"4885.2";"2016.09.26 16:30:00";"2016.09.30 22:55:00";"30.0";"866.52";"4749.39990";"4914.39990";"-21085.48";"0.00";"IST";"End Of Friday (Time)";"4d 6h 25m";"-732.48"
"174";"USTEC_ICM_UTC2";"Buy";"4861.1";"4867.2";"2016.10.03 22:15:00";"2016.10.07 22:55:00";"30.0";"-549.48";"4778.60010";"4943.60010";"-21634.96";"0.00";"IST";"End Of Friday (Time)";"4d 0h 40m";"-732.48"
"175";"USTEC_ICM_UTC2";"Buy";"4888.6";"4806.1";"2016.10.10 16:30:00";"2016.10.11 21:17:00";"30.0";"-2658.12";"4806.10010";"4971.10010";"-24293.08";"0.00";"IST";"SL";"1d 4h 47m";"-183.12"
"176";"USTEC_ICM_UTC2";"Buy";"4813.8";"4811.0";"2016.10.11 22:00:00";"2016.10.14 22:55:00";"30.0";"-633.36";"4731.29980";"4896.29980";"-24926.44";"0.00";"IST";"End Of Friday (Time)";"3d 0h 55m";"-549.36"
"177";"USTEC_ICM_UTC2";"Buy";"4813.5";"4851.5";"2016.10.17 17:30:00";"2016.10.21 22:55:00";"30.0";"407.52";"4731.00000";"4896.00000";"-24518.92";"0.00";"IST";"End Of Friday (Time)";"4d 5h 25m";"-732.48"
"178";"USTEC_ICM_UTC2";"Buy";"4904.7";"4817.9";"2016.10.24 21:00:00";"2016.10.28 09:00:00";"30.0";"-3337.41";"4822.20020";"4987.20020";"-27856.33";"0.00";"IST";"SL";"3d 12h 0m";"-732.48"
"179";"USTEC_ICM_UTC2";"Buy";"4829.7";"4802.8";"2016.10.28 16:45:00";"2016.10.28 22:55:00";"30.0";"-807.00";"4747.20020";"4912.20020";"-28663.33";"0.00";"IST";"End Of Friday (Time)";"6h 10m";"-0.00"
"180";"USTEC_ICM_UTC2";"Buy";"4819.2";"4736.7";"2016.10.31 16:30:00";"2016.11.01 20:09:00";"30.0";"-2658.12";"4736.70020";"4901.70020";"-31321.45";"0.00";"IST";"SL";"1d 3h 39m";"-183.12"
"181";"USTEC_ICM_UTC2";"Buy";"4735.2";"4817.7";"2016.11.01 20:15:00";"2016.11.08 19:19:00";"30.0";"1193.16";"4652.70020";"4817.70020";"-30128.29";"0.00";"IST";"PT";"6d 23h 4m";"-1281.84"
"182";"USTEC_ICM_UTC2";"Buy";"4816.1";"4594.8";"2016.11.08 20:45:00";"2016.11.09 09:00:00";"30.0";"-6822.09";"4733.60010";"4898.60010";"-36950.38";"0.00";"IST";"SL";"12h 15m";"-183.12"
"183";"USTEC_ICM_UTC2";"Buy";"4774.9";"4857.4";"2016.11.09 18:00:00";"2016.11.10 09:12:00";"30.0";"2291.88";"4692.39990";"4857.39990";"-34658.50";"0.00";"IST";"PT";"15h 12m";"-183.12"
"184";"USTEC_ICM_UTC2";"Buy";"4762.5";"4754.0";"2016.11.10 21:45:00";"2016.11.11 22:55:00";"30.0";"-438.12";"4680.00000";"4845.00000";"-35096.63";"0.00";"IST";"End Of Friday (Time)";"1d 1h 10m";"-183.12"
"185";"USTEC_ICM_UTC2";"Buy";"4705.5";"4788.0";"2016.11.14 21:30:00";"2016.11.16 17:35:00";"30.0";"2108.76";"4623.00000";"4788.00000";"-32987.86";"0.00";"IST";"PT";"1d 20h 5m";"-366.24"
"186";"USTEC_ICM_UTC2";"Buy";"4789.9";"4809.5";"2016.11.16 20:45:00";"2016.11.18 22:55:00";"30.0";"221.76";"4707.39990";"4872.39990";"-32766.10";"0.00";"IST";"End Of Friday (Time)";"2d 2h 10m";"-366.24"
"187";"USTEC_ICM_UTC2";"Buy";"4837.8";"4755.3";"2016.11.21 16:45:00";"2016.12.01 17:40:00";"30.0";"-4306.20";"4755.29980";"4920.29980";"-37072.30";"0.00";"IST";"SL";"10d 0h 55m";"-1831.20"
"188";"USTEC_ICM_UTC2";"Buy";"4748.0";"4736.6";"2016.12.01 18:15:00";"2016.12.02 22:55:00";"30.0";"-525.12";"4665.50000";"4830.50000";"-37597.42";"0.00";"IST";"End Of Friday (Time)";"1d 4h 40m";"-183.12"
"189";"USTEC_ICM_UTC2";"Buy";"4773.2";"4855.7";"2016.12.05 21:45:00";"2016.12.08 16:39:00";"30.0";"1925.64";"4690.70020";"4855.70020";"-35671.79";"0.00";"IST";"PT";"2d 18h 54m";"-549.36"
"190";"USTEC_ICM_UTC2";"Buy";"4858.5";"4891.8";"2016.12.08 20:45:00";"2016.12.09 22:55:00";"30.0";"815.88";"4776.00000";"4941.00000";"-34855.90";"0.00";"IST";"End Of Friday (Time)";"1d 2h 10m";"-183.12"
"191";"USTEC_ICM_UTC2";"Buy";"4879.7";"4915.4";"2016.12.12 17:00:00";"2016.12.16 22:55:00";"30.0";"338.52";"4797.20020";"4962.20020";"-34517.38";"0.00";"IST";"End Of Friday (Time)";"4d 5h 55m";"-732.48"
"192";"USTEC_ICM_UTC2";"Buy";"4927.1";"4937.4";"2016.12.19 16:45:00";"2016.12.23 22:55:00";"30.0";"-423.48";"4844.60010";"5009.60010";"-34940.86";"0.00";"IST";"End Of Friday (Time)";"4d 6h 10m";"-732.48"
"193";"USTEC_ICM_UTC2";"Buy";"4975.9";"4893.4";"2016.12.27 20:30:00";"2016.12.30 16:56:00";"30.0";"-3024.36";"4893.39990";"5058.39990";"-37965.22";"0.00";"IST";"SL";"2d 20h 26m";"-549.36"
"194";"USTEC_ICM_UTC2";"Buy";"4856.2";"4853.4";"2016.12.30 21:30:00";"2016.12.30 22:55:00";"30.0";"-84.00";"4773.70020";"4938.70020";"-38049.22";"0.00";"IST";"End Of Friday (Time)";"1h 25m";"-0.00"
"195";"USTEC_ICM_UTC2";"Buy";"4897.0";"4979.5";"2017.01.03 16:45:00";"2017.01.06 16:59:00";"30.0";"1925.64";"4814.50000";"4979.50000";"-36123.58";"0.00";"IST";"PT";"3d 0h 14m";"-549.36"
"196";"USTEC_ICM_UTC2";"Buy";"5020.6";"5012.3";"2017.01.06 21:15:00";"2017.01.06 22:55:00";"30.0";"-249.00";"4938.10010";"5103.10010";"-36372.58";"0.00";"IST";"End Of Friday (Time)";"1h 40m";"-0.00"
"197";"USTEC_ICM_UTC2";"Buy";"5026.2";"5057.8";"2017.01.09 22:00:00";"2017.01.13 22:55:00";"30.0";"215.52";"4943.70020";"5108.70020";"-36157.06";"0.00";"IST";"End Of Friday (Time)";"4d 0h 55m";"-732.48"
"198";"USTEC_ICM_UTC2";"Buy";"5055.8";"5057.9";"2017.01.16 17:30:00";"2017.01.20 22:55:00";"30.0";"-669.48";"4973.29980";"5138.29980";"-36826.54";"0.00";"IST";"End Of Friday (Time)";"4d 5h 25m";"-732.48"
"199";"USTEC_ICM_UTC2";"Buy";"5043.6";"5126.1";"2017.01.23 18:15:00";"2017.01.25 14:53:00";"30.0";"2108.76";"4961.10010";"5126.10010";"-34717.78";"0.00";"IST";"PT";"1d 20h 38m";"-366.24"
"200";"USTEC_ICM_UTC2";"Buy";"5149.5";"5163.8";"2017.01.25 20:45:00";"2017.01.27 22:55:00";"30.0";"62.76";"5067.00000";"5232.00000";"-34655.02";"0.00";"IST";"End Of Friday (Time)";"2d 2h 10m";"-366.24"
"201";"USTEC_ICM_UTC2";"Buy";"5107.3";"5160.6";"2017.01.30 17:45:00";"2017.02.03 22:55:00";"30.0";"866.52";"5024.79980";"5189.79980";"-33788.50";"0.00";"IST";"End Of Friday (Time)";"4d 5h 10m";"-732.48"
"202";"USTEC_ICM_UTC2";"Buy";"5158.9";"5226.6";"2017.02.06 17:30:00";"2017.02.10 22:55:00";"30.0";"1298.52";"5076.39990";"5241.39990";"-32489.98";"0.00";"IST";"End Of Friday (Time)";"4d 5h 25m";"-732.48"
"203";"USTEC_ICM_UTC2";"Buy";"5259.8";"5318.6";"2017.02.13 20:30:00";"2017.02.17 22:55:00";"30.0";"1031.52";"5177.29980";"5342.29980";"-31458.46";"0.00";"IST";"End Of Friday (Time)";"4d 2h 25m";"-732.48"
"204";"USTEC_ICM_UTC2";"Buy";"5341.2";"5339.0";"2017.02.21 21:15:00";"2017.02.24 22:55:00";"30.0";"-615.36";"5258.70020";"5423.70020";"-32073.82";"0.00";"IST";"End Of Friday (Time)";"3d 1h 40m";"-549.36"
"205";"USTEC_ICM_UTC2";"Buy";"5341.8";"5371.3";"2017.02.27 22:00:00";"2017.03.03 22:55:00";"30.0";"152.52";"5259.29980";"5424.29980";"-31921.30";"0.00";"IST";"End Of Friday (Time)";"4d 0h 55m";"-732.48"
"206";"USTEC_ICM_UTC2";"Buy";"5363.3";"5384.3";"2017.03.06 21:45:00";"2017.03.10 22:55:00";"30.0";"-102.48";"5280.79980";"5445.79980";"-32023.78";"0.00";"IST";"End Of Friday (Time)";"4d 1h 10m";"-732.48"
"207";"USTEC_ICM_UTC2";"Buy";"5386.2";"5442.1";"2017.03.13 16:45:00";"2017.03.31 22:55:00";"30.0";"-1619.16";"5303.70020";"5468.70020";"-33642.94";"0.00";"IST";"End Of Friday (Time)";"18d 6h 10m";"-3296.16"
"208";"USTEC_ICM_UTC2";"Buy";"5419.1";"5420.4";"2017.04.03 19:30:00";"2017.04.07 22:55:00";"30.0";"-693.48";"5336.60010";"5501.60010";"-34336.42";"0.00";"IST";"End Of Friday (Time)";"4d 3h 25m";"-732.48"
"209";"USTEC_ICM_UTC2";"Buy";"5433.9";"5441.6";"2017.04.10 20:45:00";"2017.04.21 22:55:00";"30.0";"-1783.32";"5351.39990";"5516.39990";"-36119.74";"0.00";"IST";"End Of Friday (Time)";"11d 2h 10m";"-2014.32"
"210";"USTEC_ICM_UTC2";"Buy";"5504.5";"5589.0";"2017.04.24 21:15:00";"2017.04.28 09:00:00";"30.0";"1801.59";"5422.00000";"5587.00000";"-34318.15";"0.00";"IST";"PT";"3d 11h 45m";"-732.48"
"211";"USTEC_ICM_UTC2";"Buy";"5580.4";"5583.6";"2017.04.28 21:45:00";"2017.04.28 22:55:00";"30.0";"96.00";"5497.89990";"5662.89990";"-34222.15";"0.00";"IST";"End Of Friday (Time)";"1h 10m";"-0.00"
"212";"USTEC_ICM_UTC2";"Buy";"5628.6";"5642.8";"2017.05.01 20:30:00";"2017.05.05 22:55:00";"30.0";"-306.48";"5546.10010";"5711.10010";"-34528.63";"0.00";"IST";"End Of Friday (Time)";"4d 2h 25m";"-732.48"
"213";"USTEC_ICM_UTC2";"Buy";"5648.2";"5682.1";"2017.05.08 20:30:00";"2017.05.12 22:55:00";"30.0";"284.52";"5565.70020";"5730.70020";"-34244.11";"0.00";"IST";"End Of Friday (Time)";"4d 2h 25m";"-732.48"
"214";"USTEC_ICM_UTC2";"Buy";"5700.2";"5617.7";"2017.05.15 22:00:00";"2017.05.17 18:04:00";"30.0";"-2841.24";"5617.70020";"5782.70020";"-37085.35";"0.00";"IST";"SL";"1d 20h 4m";"-366.24"
"215";"USTEC_ICM_UTC2";"Buy";"5605.4";"5650.2";"2017.05.17 22:15:00";"2017.05.19 22:55:00";"30.0";"977.76";"5522.89990";"5687.89990";"-36107.59";"0.00";"IST";"End Of Friday (Time)";"2d 0h 40m";"-366.24"
"216";"USTEC_ICM_UTC2";"Buy";"5693.0";"5775.5";"2017.05.22 21:30:00";"2017.05.25 18:30:00";"30.0";"1925.64";"5610.50000";"5775.50000";"-34181.95";"0.00";"IST";"PT";"2d 21h 0m";"-549.36"
"217";"USTEC_ICM_UTC2";"Buy";"5786.1";"5786.3";"2017.05.25 21:00:00";"2017.05.26 22:55:00";"30.0";"-177.12";"5703.60010";"5868.60010";"-34359.07";"0.00";"IST";"End Of Friday (Time)";"1d 1h 55m";"-183.12"
"218";"USTEC_ICM_UTC2";"Buy";"5796.6";"5879.1";"2017.05.30 16:45:00";"2017.06.02 22:35:00";"30.0";"1925.64";"5714.10010";"5879.10010";"-32433.43";"0.00";"IST";"PT";"3d 5h 50m";"-549.36"
"219";"USTEC_ICM_UTC2";"Buy";"5880.0";"5797.5";"2017.06.05 21:30:00";"2017.06.09 20:12:00";"30.0";"-3207.48";"5797.50000";"5962.50000";"-35640.91";"0.00";"IST";"SL";"3d 22h 42m";"-732.48"
"220";"USTEC_ICM_UTC2";"Buy";"5780.9";"5698.4";"2017.06.09 20:45:00";"2017.06.09 21:48:00";"30.0";"-2475.00";"5698.39990";"5863.39990";"-38115.91";"0.00";"IST";"SL";"1h 3m";"-0.00"
"221";"USTEC_ICM_UTC2";"Buy";"5689.7";"5772.2";"2017.06.12 16:30:00";"2017.06.14 15:43:00";"30.0";"2108.76";"5607.20020";"5772.20020";"-36007.15";"0.00";"IST";"PT";"1d 23h 13m";"-366.24"
"222";"USTEC_ICM_UTC2";"Buy";"5762.3";"5679.8";"2017.06.14 21:15:00";"2017.06.14 22:14:00";"30.0";"-2475.00";"5679.79980";"5844.79980";"-38482.15";"0.00";"IST";"SL";"59m 0s";"-0.00"
"223";"USTEC_ICM_UTC2";"Buy";"5652.1";"5678.8";"2017.06.15 17:15:00";"2017.06.16 22:55:00";"30.0";"617.88";"5569.60010";"5734.60010";"-37864.27";"0.00";"IST";"End Of Friday (Time)";"1d 5h 40m";"-183.12"
"224";"USTEC_ICM_UTC2";"Buy";"5749.6";"5802.2";"2017.06.20 21:00:00";"2017.06.23 22:55:00";"30.0";"1028.64";"5667.10010";"5832.10010";"-36835.63";"0.00";"IST";"End Of Friday (Time)";"3d 1h 55m";"-549.36"
"225";"USTEC_ICM_UTC2";"Buy";"5793.0";"5710.5";"2017.06.26 20:45:00";"2017.06.27 20:10:00";"30.0";"-2658.12";"5710.50000";"5875.50000";"-39493.75";"0.00";"IST";"SL";"23h 25m";"-183.12"
"226";"USTEC_ICM_UTC2";"Buy";"5679.2";"5761.7";"2017.06.28 17:15:00";"2017.06.29 09:00:00";"30.0";"2291.88";"5596.70020";"5761.70020";"-37201.88";"0.00";"IST";"PT";"15h 45m";"-183.12"
"227";"USTEC_ICM_UTC2";"Buy";"5621.0";"5660.1";"2017.06.29 20:45:00";"2017.06.30 22:55:00";"30.0";"989.88";"5538.50000";"5703.50000";"-36211.99";"0.00";"IST";"End Of Friday (Time)";"1d 2h 10m";"-183.12"
"228";"USTEC_ICM_UTC2";"Buy";"5664.3";"5569.7";"2017.07.03 16:45:00";"2017.07.04 09:00:00";"30.0";"-3022.02";"5581.79980";"5746.79980";"-39234.01";"0.00";"IST";"SL";"16h 15m";"-183.12"
"229";"USTEC_ICM_UTC2";"Buy";"5605.7";"5658.4";"2017.07.04 16:30:00";"2017.07.07 22:55:00";"30.0";"1031.64";"5523.20020";"5688.20020";"-38202.38";"0.00";"IST";"End Of Friday (Time)";"3d 6h 25m";"-549.36"
"230";"USTEC_ICM_UTC2";"Buy";"5699.2";"5781.7";"2017.07.10 21:00:00";"2017.07.12 22:12:00";"30.0";"2108.76";"5616.70020";"5781.70020";"-36093.61";"0.00";"IST";"PT";"2d 1h 12m";"-366.24"
"231";"USTEC_ICM_UTC2";"Buy";"5785.9";"5837.9";"2017.07.13 21:30:00";"2017.07.14 22:55:00";"30.0";"1376.88";"5703.39990";"5868.39990";"-34716.73";"0.00";"IST";"End Of Friday (Time)";"1d 1h 25m";"-183.12"
"232";"USTEC_ICM_UTC2";"Buy";"5834.6";"5917.1";"2017.07.17 21:45:00";"2017.07.19 19:05:00";"30.0";"2108.76";"5752.10010";"5917.10010";"-32607.97";"0.00";"IST";"PT";"1d 21h 20m";"-366.24"
"233";"USTEC_ICM_UTC2";"Buy";"5918.3";"5915.5";"2017.07.19 20:45:00";"2017.07.21 22:55:00";"30.0";"-450.24";"5835.79980";"6000.79980";"-33058.21";"0.00";"IST";"End Of Friday (Time)";"2d 2h 10m";"-366.24"
"234";"USTEC_ICM_UTC2";"Buy";"5917.0";"5908.5";"2017.07.24 16:30:00";"2017.07.28 22:55:00";"30.0";"-987.48";"5834.50000";"5999.50000";"-34045.69";"0.00";"IST";"End Of Friday (Time)";"4d 6h 25m";"-732.48"
"235";"USTEC_ICM_UTC2";"Buy";"5873.3";"5893.5";"2017.07.31 20:45:00";"2017.08.04 22:55:00";"30.0";"-126.48";"5790.79980";"5955.79980";"-34172.17";"0.00";"IST";"End Of Friday (Time)";"4d 2h 10m";"-732.48"
"236";"USTEC_ICM_UTC2";"Buy";"5923.5";"5841.0";"2017.08.07 21:15:00";"2017.08.10 17:03:00";"30.0";"-3024.36";"5841.00000";"6006.00000";"-37196.53";"0.00";"IST";"SL";"2d 19h 48m";"-549.36"
"237";"USTEC_ICM_UTC2";"Buy";"5852.6";"5770.1";"2017.08.10 17:45:00";"2017.08.11 11:15:00";"30.0";"-2658.12";"5770.10010";"5935.10010";"-39854.65";"0.00";"IST";"SL";"17h 30m";"-183.12"
"238";"USTEC_ICM_UTC2";"Buy";"5822.4";"5830.1";"2017.08.11 17:45:00";"2017.08.11 22:55:00";"30.0";"231.00";"5739.89990";"5904.89990";"-39623.65";"0.00";"IST";"End Of Friday (Time)";"5h 10m";"-0.00"
"239";"USTEC_ICM_UTC2";"Buy";"5902.4";"5819.9";"2017.08.14 21:15:00";"2017.08.17 20:03:00";"30.0";"-3024.36";"5819.89990";"5984.89990";"-42648.01";"0.00";"IST";"SL";"2d 22h 48m";"-549.36"
"240";"USTEC_ICM_UTC2";"Buy";"5828.0";"5793.9";"2017.08.17 20:30:00";"2017.08.18 22:55:00";"30.0";"-1206.12";"5745.50000";"5910.50000";"-43854.13";"0.00";"IST";"End Of Friday (Time)";"1d 2h 25m";"-183.12"
"241";"USTEC_ICM_UTC2";"Buy";"5796.6";"5826.6";"2017.08.21 16:45:00";"2017.08.25 22:55:00";"30.0";"167.52";"5714.10010";"5879.10010";"-43686.61";"0.00";"IST";"End Of Friday (Time)";"4d 6h 10m";"-732.48"
"242";"USTEC_ICM_UTC2";"Buy";"5836.5";"5919.0";"2017.08.28 17:15:00";"2017.08.30 20:11:00";"30.0";"2108.76";"5754.00000";"5919.00000";"-41577.85";"0.00";"IST";"PT";"2d 2h 56m";"-366.24"
"243";"USTEC_ICM_UTC2";"Buy";"5981.2";"5990.4";"2017.08.31 21:00:00";"2017.09.01 22:55:00";"30.0";"92.88";"5898.70020";"6063.70020";"-41484.97";"0.00";"IST";"End Of Friday (Time)";"1d 1h 55m";"-183.12"
"244";"USTEC_ICM_UTC2";"Buy";"5963.9";"5910.5";"2017.09.04 16:30:00";"2017.09.08 22:55:00";"30.0";"-2334.48";"5881.39990";"6046.39990";"-43819.45";"0.00";"IST";"End Of Friday (Time)";"4d 6h 25m";"-732.48"
"245";"USTEC_ICM_UTC2";"Buy";"5982.9";"5987.0";"2017.09.11 16:45:00";"2017.09.15 22:55:00";"30.0";"-609.48";"5900.39990";"6065.39990";"-44428.93";"0.00";"IST";"End Of Friday (Time)";"4d 6h 10m";"-732.48"
"246";"USTEC_ICM_UTC2";"Buy";"5993.5";"5911.0";"2017.09.18 16:30:00";"2017.09.22 20:16:00";"30.0";"-3207.48";"5911.00000";"6076.00000";"-47636.41";"0.00";"IST";"SL";"4d 3h 46m";"-732.48"
"247";"USTEC_ICM_UTC2";"Buy";"5928.9";"5934.2";"2017.09.22 22:00:00";"2017.09.22 22:55:00";"30.0";"159.00";"5846.39990";"6011.39990";"-47477.41";"0.00";"IST";"End Of Friday (Time)";"55m 0s";"-0.00"
"248";"USTEC_ICM_UTC2";"Buy";"5906.5";"5977.9";"2017.09.25 16:30:00";"2017.09.29 22:55:00";"30.0";"1409.52";"5824.00000";"5989.00000";"-46067.89";"0.00";"IST";"End Of Friday (Time)";"4d 6h 25m";"-732.48"
"249";"USTEC_ICM_UTC2";"Buy";"5976.8";"6059.3";"2017.10.02 21:00:00";"2017.10.05 22:04:00";"30.0";"1925.64";"5894.29980";"6059.29980";"-44142.25";"0.00";"IST";"PT";"3d 1h 4m";"-549.36"
"250";"USTEC_ICM_UTC2";"Buy";"6058.2";"6062.3";"2017.10.06 21:00:00";"2017.10.06 22:55:00";"30.0";"123.00";"5975.70020";"6140.70020";"-44019.25";"0.00";"IST";"End Of Friday (Time)";"1h 55m";"-0.00"
"251";"USTEC_ICM_UTC2";"Buy";"6069.4";"6091.6";"2017.10.09 20:30:00";"2017.10.13 22:55:00";"30.0";"-66.48";"5986.89990";"6151.89990";"-44085.73";"0.00";"IST";"End Of Friday (Time)";"4d 2h 25m";"-732.48"
"252";"USTEC_ICM_UTC2";"Buy";"6105.1";"6100.8";"2017.10.16 20:30:00";"2017.10.20 22:55:00";"30.0";"-861.48";"6022.60010";"6187.60010";"-44947.21";"0.00";"IST";"End Of Friday (Time)";"4d 2h 25m";"-732.48"
"253";"USTEC_ICM_UTC2";"Buy";"6091.8";"6174.3";"2017.10.23 21:15:00";"2017.10.27 17:15:00";"30.0";"1742.52";"6009.29980";"6174.29980";"-43204.69";"0.00";"IST";"PT";"3d 20h 0m";"-732.48"
"254";"USTEC_ICM_UTC2";"Buy";"6209.2";"6216.9";"2017.10.27 20:45:00";"2017.10.27 22:55:00";"30.0";"231.00";"6126.70020";"6291.70020";"-42973.69";"0.00";"IST";"End Of Friday (Time)";"2h 10m";"-0.00"
"255";"USTEC_ICM_UTC2";"Buy";"6224.9";"6307.4";"2017.10.30 21:45:00";"2017.11.06 16:48:00";"30.0";"1193.16";"6142.39990";"6307.39990";"-41780.53";"0.00";"IST";"PT";"6d 19h 3m";"-1281.84"
"256";"USTEC_ICM_UTC2";"Buy";"6314.6";"6309.6";"2017.11.06 22:00:00";"2017.11.10 22:55:00";"30.0";"-882.48";"6232.10010";"6397.10010";"-42663.01";"0.00";"IST";"End Of Friday (Time)";"4d 0h 55m";"-732.48"
"257";"USTEC_ICM_UTC2";"Buy";"6315.7";"6233.2";"2017.11.13 20:45:00";"2017.11.15 16:39:00";"30.0";"-2841.24";"6233.20020";"6398.20020";"-45504.25";"0.00";"IST";"SL";"1d 19h 54m";"-366.24"
"258";"USTEC_ICM_UTC2";"Buy";"6249.0";"6331.5";"2017.11.15 17:15:00";"2017.11.16 18:03:00";"30.0";"2291.88";"6166.50000";"6331.50000";"-43212.37";"0.00";"IST";"PT";"1d 0h 48m";"-183.12"
"259";"USTEC_ICM_UTC2";"Buy";"6347.9";"6315.6";"2017.11.16 21:00:00";"2017.11.17 22:55:00";"30.0";"-1152.12";"6265.39990";"6430.39990";"-44364.49";"0.00";"IST";"End Of Friday (Time)";"1d 1h 55m";"-183.12"
"260";"USTEC_ICM_UTC2";"Buy";"6320.9";"6403.4";"2017.11.20 16:45:00";"2017.11.24 18:05:00";"30.0";"1742.52";"6238.39990";"6403.39990";"-42621.97";"0.00";"IST";"PT";"4d 1h 20m";"-732.48"
"261";"USTEC_ICM_UTC2";"Buy";"6410.3";"6327.8";"2017.11.27 20:45:00";"2017.11.29 17:22:00";"30.0";"-2841.24";"6327.79980";"6492.79980";"-45463.21";"0.00";"IST";"SL";"1d 20h 37m";"-366.24"
"262";"USTEC_ICM_UTC2";"Buy";"6313.4";"6337.8";"2017.11.29 18:30:00";"2017.12.01 22:55:00";"30.0";"365.76";"6230.89990";"6395.89990";"-45097.45";"0.00";"IST";"End Of Friday (Time)";"2d 4h 25m";"-366.24"
"263";"USTEC_ICM_UTC2";"Buy";"6322.9";"6240.4";"2017.12.04 21:00:00";"2017.12.05 12:23:00";"30.0";"-2658.12";"6240.39990";"6405.39990";"-47755.57";"0.00";"IST";"SL";"15h 23m";"-183.12"
"264";"USTEC_ICM_UTC2";"Buy";"6293.5";"6339.2";"2017.12.05 16:45:00";"2017.12.08 22:55:00";"30.0";"821.64";"6211.00000";"6376.00000";"-46933.93";"0.00";"IST";"End Of Friday (Time)";"3d 6h 10m";"-549.36"
"265";"USTEC_ICM_UTC2";"Buy";"6365.1";"6447.6";"2017.12.11 17:15:00";"2017.12.15 19:02:00";"30.0";"1742.52";"6282.60010";"6447.60010";"-45191.41";"0.00";"IST";"PT";"4d 1h 47m";"-732.48"
"266";"USTEC_ICM_UTC2";"Buy";"6460.1";"6458.9";"2017.12.15 21:00:00";"2017.12.15 22:55:00";"30.0";"-36.00";"6377.60010";"6542.60010";"-45227.41";"0.00";"IST";"End Of Friday (Time)";"1h 55m";"-0.00"
"267";"USTEC_ICM_UTC2";"Buy";"6519.9";"6467.4";"2017.12.18 22:00:00";"2017.12.22 22:55:00";"30.0";"-2307.48";"6437.39990";"6602.39990";"-47534.89";"0.00";"IST";"End Of Friday (Time)";"4d 0h 55m";"-732.48"
"268";"USTEC_ICM_UTC2";"Buy";"6439.0";"6399.3";"2017.12.26 16:30:00";"2017.12.29 22:55:00";"30.0";"-1740.36";"6356.50000";"6521.50000";"-49275.25";"0.00";"IST";"End Of Friday (Time)";"3d 6h 25m";"-549.36"
"269";"USTEC_ICM_UTC2";"Buy";"6432.9";"6515.4";"2018.01.02 16:30:00";"2018.01.03 09:05:00";"30.0";"2291.88";"6350.39990";"6515.39990";"-46983.37";"0.00";"IST";"PT";"16h 35m";"-183.12"
"270";"USTEC_ICM_UTC2";"Buy";"6571.0";"6653.5";"2018.01.03 21:15:00";"2018.01.05 22:50:00";"30.0";"2108.76";"6488.50000";"6653.50000";"-44874.61";"0.00";"IST";"PT";"2d 1h 35m";"-366.24"
"271";"USTEC_ICM_UTC2";"Buy";"6678.0";"6760.5";"2018.01.08 21:00:00";"2018.01.12 21:30:00";"30.0";"1742.52";"6595.50000";"6760.50000";"-43132.09";"0.00";"IST";"PT";"4d 0h 30m";"-732.48"
"272";"USTEC_ICM_UTC2";"Buy";"6775.5";"6831.0";"2018.01.16 20:30:00";"2018.01.19 22:55:00";"30.0";"1115.64";"6693.00000";"6858.00000";"-42016.45";"0.00";"IST";"End Of Friday (Time)";"3d 2h 25m";"-549.36"
"273";"USTEC_ICM_UTC2";"Buy";"6837.6";"6937.0";"2018.01.22 16:45:00";"2018.01.23 09:05:00";"30.0";"2797.95";"6755.10010";"6920.10010";"-39218.50";"0.00";"IST";"PT";"16h 20m";"-183.12"
"274";"USTEC_ICM_UTC2";"Buy";"6961.6";"6879.1";"2018.01.23 20:45:00";"2018.01.24 20:18:00";"30.0";"-2658.12";"6879.10010";"7044.10010";"-41876.63";"0.00";"IST";"SL";"23h 33m";"-183.12"
"275";"USTEC_ICM_UTC2";"Buy";"6921.9";"7004.4";"2018.01.24 20:45:00";"2018.01.26 22:44:00";"30.0";"2108.76";"6839.39990";"7004.39990";"-39767.86";"0.00";"IST";"PT";"2d 1h 59m";"-366.24"
"276";"USTEC_ICM_UTC2";"Buy";"7002.2";"6919.7";"2018.01.29 21:15:00";"2018.01.30 16:14:00";"30.0";"-2658.12";"6919.70020";"7084.70020";"-42425.98";"0.00";"IST";"SL";"18h 59m";"-183.12"
"277";"USTEC_ICM_UTC2";"Buy";"6926.7";"6844.2";"2018.01.30 16:45:00";"2018.02.02 13:35:00";"30.0";"-3024.36";"6844.20020";"7009.20020";"-45450.34";"0.00";"IST";"SL";"2d 20h 50m";"-549.36"
"278";"USTEC_ICM_UTC2";"Buy";"6859.2";"6776.7";"2018.02.02 16:45:00";"2018.02.02 22:04:00";"30.0";"-2475.00";"6776.70020";"6941.70020";"-47925.34";"0.00";"IST";"SL";"5h 19m";"-0.00"
"279";"USTEC_ICM_UTC2";"Buy";"6703.0";"6785.5";"2018.02.05 16:45:00";"2018.02.05 17:20:00";"30.0";"2475.00";"6620.50000";"6785.50000";"-45450.34";"0.00";"IST";"PT";"35m 0s";"-0.00"
"280";"USTEC_ICM_UTC2";"Buy";"6510.5";"6593.0";"2018.02.06 16:45:00";"2018.02.06 16:54:00";"30.0";"2475.00";"6428.00000";"6593.00000";"-42975.34";"0.00";"IST";"PT";"9m 0s";"-0.00"
"281";"USTEC_ICM_UTC2";"Buy";"6650.4";"6567.9";"2018.02.07 20:45:00";"2018.02.08 09:18:00";"30.0";"-2658.12";"6567.89990";"6732.89990";"-45633.46";"0.00";"IST";"SL";"12h 33m";"-183.12"
"282";"USTEC_ICM_UTC2";"Buy";"6548.7";"6466.2";"2018.02.08 17:30:00";"2018.02.08 18:22:00";"30.0";"-2475.00";"6466.20020";"6631.20020";"-48108.46";"0.00";"IST";"SL";"52m 0s";"-0.00"
"283";"USTEC_ICM_UTC2";"Buy";"6347.0";"6264.5";"2018.02.09 18:15:00";"2018.02.09 19:06:00";"30.0";"-2475.00";"6264.50000";"6429.50000";"-50583.46";"0.00";"IST";"SL";"51m 0s";"-0.00"
"284";"USTEC_ICM_UTC2";"Buy";"6517.2";"6599.7";"2018.02.12 20:45:00";"2018.02.14 17:20:00";"30.0";"2108.76";"6434.70020";"6599.70020";"-48474.70";"0.00";"IST";"PT";"1d 20h 35m";"-366.24"
"285";"USTEC_ICM_UTC2";"Buy";"6781.1";"6785.2";"2018.02.16 21:45:00";"2018.02.16 22:55:00";"30.0";"123.00";"6698.60010";"6863.60010";"-48351.70";"0.00";"IST";"End Of Friday (Time)";"1h 10m";"-0.00"
"286";"USTEC_ICM_UTC2";"Buy";"6768.9";"6851.4";"2018.02.19 17:15:00";"2018.02.21 18:30:00";"30.0";"2108.76";"6686.39990";"6851.39990";"-46242.95";"0.00";"IST";"PT";"2d 1h 15m";"-366.24"
"287";"USTEC_ICM_UTC2";"Buy";"6840.3";"6724.6";"2018.02.21 20:30:00";"2018.02.22 09:05:00";"30.0";"-3655.35";"6757.79980";"6922.79980";"-49898.29";"0.00";"IST";"SL";"12h 35m";"-183.12"
"288";"USTEC_ICM_UTC2";"Buy";"6773.0";"6855.5";"2018.02.22 21:15:00";"2018.02.23 21:43:00";"30.0";"2291.88";"6690.50000";"6855.50000";"-47606.41";"0.00";"IST";"PT";"1d 0h 28m";"-183.12"
"289";"USTEC_ICM_UTC2";"Buy";"6979.4";"6896.9";"2018.02.26 21:15:00";"2018.02.28 09:39:00";"30.0";"-2841.24";"6896.89990";"7061.89990";"-50447.65";"0.00";"IST";"SL";"1d 12h 24m";"-366.24"
"290";"USTEC_ICM_UTC2";"Buy";"6923.9";"6841.4";"2018.02.28 18:30:00";"2018.03.01 12:22:00";"30.0";"-2658.12";"6841.39990";"7006.39990";"-53105.77";"0.00";"IST";"SL";"17h 52m";"-183.12"
"291";"USTEC_ICM_UTC2";"Buy";"6804.0";"6721.5";"2018.03.01 20:00:00";"2018.03.01 20:59:00";"30.0";"-2475.00";"6721.50000";"6886.50000";"-55580.77";"0.00";"IST";"SL";"59m 0s";"-0.00"
"292";"USTEC_ICM_UTC2";"Buy";"6645.7";"6728.2";"2018.03.02 16:45:00";"2018.03.02 18:28:00";"30.0";"2475.00";"6563.20020";"6728.20020";"-53105.77";"0.00";"IST";"PT";"1h 43m";"-0.00"
"293";"USTEC_ICM_UTC2";"Buy";"6914.6";"6831.5";"2018.03.06 21:45:00";"2018.03.07 09:05:00";"30.0";"-2677.02";"6832.10010";"6997.10010";"-55782.79";"0.00";"IST";"SL";"11h 20m";"-183.12"
"294";"USTEC_ICM_UTC2";"Buy";"6860.2";"6942.7";"2018.03.07 16:30:00";"2018.03.08 09:11:00";"30.0";"2291.88";"6777.70020";"6942.70020";"-53490.91";"0.00";"IST";"PT";"16h 41m";"-183.12"
"295";"USTEC_ICM_UTC2";"Buy";"6944.2";"7026.7";"2018.03.08 21:00:00";"2018.03.09 15:36:00";"30.0";"2291.88";"6861.70020";"7026.70020";"-51199.04";"0.00";"IST";"PT";"18h 36m";"-183.12"
"296";"USTEC_ICM_UTC2";"Buy";"7076.8";"7091.0";"2018.03.09 21:00:00";"2018.03.09 22:55:00";"30.0";"426.00";"6994.29980";"7159.29980";"-50773.04";"0.00";"IST";"End Of Friday (Time)";"1h 55m";"-0.00"
"297";"USTEC_ICM_UTC2";"Buy";"7125.3";"7042.8";"2018.03.12 20:45:00";"2018.03.13 21:12:00";"30.0";"-2658.12";"7042.79980";"7207.79980";"-53431.15";"0.00";"IST";"SL";"1d 0h 27m";"-183.12"
"298";"USTEC_ICM_UTC2";"Buy";"7043.2";"6960.7";"2018.03.13 21:15:00";"2018.03.19 08:08:00";"30.0";"-3573.72";"6960.70020";"7125.70020";"-57004.88";"0.00";"IST";"SL";"5d 10h 53m";"-1098.72"
"299";"USTEC_ICM_UTC2";"Buy";"6902.1";"6819.6";"2018.03.19 16:45:00";"2018.03.19 18:49:00";"30.0";"-2475.00";"6819.60010";"6984.60010";"-59479.88";"0.00";"IST";"SL";"2h 4m";"-0.00"
"300";"USTEC_ICM_UTC2";"Buy";"6887.2";"6804.7";"2018.03.20 16:30:00";"2018.03.22 09:56:00";"30.0";"-2841.24";"6804.70020";"6969.70020";"-62321.11";"0.00";"IST";"SL";"1d 17h 26m";"-366.24"
"301";"USTEC_ICM_UTC2";"Buy";"6731.4";"6611.1";"2018.03.22 17:30:00";"2018.03.23 08:05:00";"30.0";"-3793.35";"6648.89990";"6813.89990";"-66114.46";"0.00";"IST";"SL";"14h 35m";"-183.12"
"302";"USTEC_ICM_UTC2";"Buy";"6688.8";"6606.3";"2018.03.23 16:45:00";"2018.03.23 19:01:00";"30.0";"-2475.00";"6606.29980";"6771.29980";"-68589.46";"0.00";"IST";"SL";"2h 16m";"-0.00"
"303";"USTEC_ICM_UTC2";"Buy";"6642.1";"6559.6";"2018.03.26 16:30:00";"2018.03.26 18:16:00";"30.0";"-2475.00";"6559.60010";"6724.60010";"-71064.46";"0.00";"IST";"SL";"1h 46m";"-0.00"
"304";"USTEC_ICM_UTC2";"Buy";"6629.2";"6546.7";"2018.03.27 21:30:00";"2018.03.27 22:26:00";"30.0";"-2475.00";"6546.70020";"6711.70020";"-73539.46";"0.00";"IST";"SL";"56m 0s";"-0.00"
"305";"USTEC_ICM_UTC2";"Buy";"6497.5";"6415.0";"2018.03.28 16:30:00";"2018.03.28 17:47:00";"30.0";"-2475.00";"6415.00000";"6580.00000";"-76014.46";"0.00";"IST";"SL";"1h 17m";"-0.00"
"306";"USTEC_ICM_UTC2";"Buy";"6474.9";"6557.4";"2018.03.29 16:45:00";"2018.03.29 18:01:00";"30.0";"2475.00";"6392.39990";"6557.39990";"-73539.46";"0.00";"IST";"PT";"1h 16m";"-0.00"
"307";"USTEC_ICM_UTC2";"Buy";"6437.2";"6354.7";"2018.04.03 16:45:00";"2018.04.03 17:15:00";"30.0";"-2475.00";"6354.70020";"6519.70020";"-76014.46";"0.00";"IST";"SL";"30m 0s";"-0.00"
"308";"USTEC_ICM_UTC2";"Buy";"6376.7";"6459.2";"2018.04.04 16:45:00";"2018.04.04 18:31:00";"30.0";"2475.00";"6294.20020";"6459.20020";"-73539.46";"0.00";"IST";"PT";"1h 46m";"-0.00"
"309";"USTEC_ICM_UTC2";"Buy";"6572.7";"6490.2";"2018.04.05 21:15:00";"2018.04.06 20:47:00";"30.0";"-2658.12";"6490.20020";"6655.20020";"-76197.59";"0.00";"IST";"SL";"23h 32m";"-183.12"
"310";"USTEC_ICM_UTC2";"Buy";"6436.6";"6450.5";"2018.04.06 22:15:00";"2018.04.06 22:55:00";"30.0";"417.00";"6354.10010";"6519.10010";"-75780.59";"0.00";"IST";"End Of Friday (Time)";"40m 0s";"-0.00"
"311";"USTEC_ICM_UTC2";"Buy";"6485.7";"6568.2";"2018.04.09 16:30:00";"2018.04.09 18:33:00";"30.0";"2475.00";"6403.20020";"6568.20020";"-73305.59";"0.00";"IST";"PT";"2h 3m";"-0.00"
"312";"USTEC_ICM_UTC2";"Buy";"6544.6";"6627.1";"2018.04.10 16:45:00";"2018.04.10 22:09:00";"30.0";"2475.00";"6462.10010";"6627.10010";"-70830.59";"0.00";"IST";"PT";"5h 24m";"-0.00"
"313";"USTEC_ICM_UTC2";"Buy";"6619.7";"6702.2";"2018.04.11 20:30:00";"2018.04.13 16:42:00";"30.0";"2108.76";"6537.20020";"6702.20020";"-68721.83";"0.00";"IST";"PT";"1d 20h 12m";"-366.24"
"314";"USTEC_ICM_UTC2";"Buy";"6660.3";"6632.4";"2018.04.13 21:00:00";"2018.04.13 22:55:00";"30.0";"-837.00";"6577.79980";"6742.79980";"-69558.83";"0.00";"IST";"End Of Friday (Time)";"1h 55m";"-0.00"
"315";"USTEC_ICM_UTC2";"Buy";"6655.3";"6737.8";"2018.04.16 17:15:00";"2018.04.17 13:13:00";"30.0";"2291.88";"6572.79980";"6737.79980";"-67266.95";"0.00";"IST";"PT";"19h 58m";"-183.12"
"316";"USTEC_ICM_UTC2";"Buy";"6815.3";"6732.8";"2018.04.17 21:00:00";"2018.04.20 10:42:00";"30.0";"-3024.36";"6732.79980";"6897.79980";"-70291.30";"0.00";"IST";"SL";"2d 13h 42m";"-549.36"
"317";"USTEC_ICM_UTC2";"Buy";"6729.6";"6647.1";"2018.04.20 17:30:00";"2018.04.20 22:07:00";"30.0";"-2475.00";"6647.10010";"6812.10010";"-72766.30";"0.00";"IST";"SL";"4h 37m";"-0.00"
"318";"USTEC_ICM_UTC2";"Buy";"6678.6";"6596.1";"2018.04.23 16:45:00";"2018.04.24 17:40:00";"30.0";"-2658.12";"6596.10010";"6761.10010";"-75424.42";"0.00";"IST";"SL";"1d 0h 55m";"-183.12"
"319";"USTEC_ICM_UTC2";"Buy";"6600.3";"6517.8";"2018.04.24 18:00:00";"2018.04.24 19:37:00";"30.0";"-2475.00";"6517.79980";"6682.79980";"-77899.42";"0.00";"IST";"SL";"1h 37m";"-0.00"
"320";"USTEC_ICM_UTC2";"Buy";"6472.6";"6581.4";"2018.04.25 17:30:00";"2018.04.26 01:00:00";"30.0";"3079.65";"6390.10010";"6555.10010";"-74819.77";"0.00";"IST";"PT";"7h 30m";"-183.12"
"321";"USTEC_ICM_UTC2";"Buy";"6656.1";"6659.7";"2018.04.27 21:15:00";"2018.04.27 22:55:00";"30.0";"108.00";"6573.60010";"6738.60010";"-74711.77";"0.00";"IST";"End Of Friday (Time)";"1h 40m";"-0.00"
"322";"USTEC_ICM_UTC2";"Buy";"6688.5";"6606.0";"2018.04.30 16:45:00";"2018.04.30 19:11:00";"30.0";"-2475.00";"6606.00000";"6771.00000";"-77186.77";"0.00";"IST";"SL";"2h 26m";"-0.00"
"323";"USTEC_ICM_UTC2";"Buy";"6578.0";"6660.5";"2018.05.01 16:45:00";"2018.05.01 22:33:00";"30.0";"2475.00";"6495.50000";"6660.50000";"-74711.77";"0.00";"IST";"PT";"5h 48m";"-0.00"
"324";"USTEC_ICM_UTC2";"Buy";"6708.9";"6626.4";"2018.05.02 21:15:00";"2018.05.03 01:00:00";"30.0";"-2658.12";"6626.39990";"6791.39990";"-77369.89";"0.00";"IST";"SL";"3h 45m";"-183.12"
"325";"USTEC_ICM_UTC2";"Buy";"6612.4";"6694.9";"2018.05.03 16:30:00";"2018.05.04 17:26:00";"30.0";"2291.88";"6529.89990";"6694.89990";"-75078.02";"0.00";"IST";"PT";"1d 0h 56m";"-183.12"
"326";"USTEC_ICM_UTC2";"Buy";"6766.6";"6761.4";"2018.05.04 21:00:00";"2018.05.04 22:55:00";"30.0";"-156.00";"6684.10010";"6849.10010";"-75234.02";"0.00";"IST";"End Of Friday (Time)";"1h 55m";"-0.00"
"327";"USTEC_ICM_UTC2";"Buy";"6832.1";"6914.6";"2018.05.07 20:45:00";"2018.05.10 15:51:00";"30.0";"1925.64";"6749.60010";"6914.60010";"-73308.38";"0.00";"IST";"PT";"2d 19h 6m";"-549.36"
"328";"USTEC_ICM_UTC2";"Buy";"6939.0";"6944.8";"2018.05.11 21:30:00";"2018.05.11 22:55:00";"30.0";"174.00";"6856.50000";"7021.50000";"-73134.38";"0.00";"IST";"End Of Friday (Time)";"1h 25m";"-0.00"
"329";"USTEC_ICM_UTC2";"Buy";"6975.3";"6892.8";"2018.05.14 20:45:00";"2018.05.15 16:32:00";"30.0";"-2658.12";"6892.79980";"7057.79980";"-75792.49";"0.00";"IST";"SL";"19h 47m";"-183.12"
"330";"USTEC_ICM_UTC2";"Buy";"6882.1";"6869.6";"2018.05.15 17:30:00";"2018.05.18 22:55:00";"30.0";"-924.36";"6799.60010";"6964.60010";"-76716.85";"0.00";"IST";"End Of Friday (Time)";"3d 5h 25m";"-549.36"
"331";"USTEC_ICM_UTC2";"Buy";"6918.3";"6835.8";"2018.05.21 16:30:00";"2018.05.23 11:16:00";"30.0";"-2841.24";"6835.79980";"7000.79980";"-79558.09";"0.00";"IST";"SL";"1d 18h 46m";"-366.24"
"332";"USTEC_ICM_UTC2";"Buy";"6842.0";"6924.5";"2018.05.23 16:30:00";"2018.05.23 21:09:00";"30.0";"2475.00";"6759.50000";"6924.50000";"-77083.09";"0.00";"IST";"PT";"4h 39m";"-0.00"
"333";"USTEC_ICM_UTC2";"Buy";"6952.8";"6960.3";"2018.05.24 21:15:00";"2018.05.25 22:55:00";"30.0";"41.88";"6870.29980";"7035.29980";"-77041.21";"0.00";"IST";"End Of Friday (Time)";"1d 1h 40m";"-183.12"
"334";"USTEC_ICM_UTC2";"Buy";"6936.7";"7019.2";"2018.05.29 16:45:00";"2018.06.01 16:35:00";"30.0";"1925.64";"6854.20020";"7019.20020";"-75115.58";"0.00";"IST";"PT";"2d 23h 50m";"-549.36"
"335";"USTEC_ICM_UTC2";"Buy";"7024.5";"7078.0";"2018.06.01 16:45:00";"2018.06.01 22:55:00";"30.0";"1605.00";"6942.00000";"7107.00000";"-73510.58";"0.00";"IST";"End Of Friday (Time)";"6h 10m";"-0.00"
"336";"USTEC_ICM_UTC2";"Buy";"7141.3";"7223.8";"2018.06.04 21:15:00";"2018.06.07 09:29:00";"30.0";"1925.64";"7058.79980";"7223.79980";"-71584.94";"0.00";"IST";"PT";"2d 12h 14m";"-549.36"
"337";"USTEC_ICM_UTC2";"Buy";"7122.7";"7155.5";"2018.06.07 21:00:00";"2018.06.08 22:55:00";"30.0";"800.88";"7040.20020";"7205.20020";"-70784.05";"0.00";"IST";"End Of Friday (Time)";"1d 1h 55m";"-183.12"
"338";"USTEC_ICM_UTC2";"Buy";"7183.7";"7266.2";"2018.06.11 22:00:00";"2018.06.14 17:05:00";"30.0";"1925.64";"7101.20020";"7266.20020";"-68858.41";"0.00";"IST";"PT";"2d 19h 5m";"-549.36"
"339";"USTEC_ICM_UTC2";"Buy";"7267.9";"7252.0";"2018.06.14 17:15:00";"2018.06.15 22:55:00";"30.0";"-660.12";"7185.39990";"7350.39990";"-69518.53";"0.00";"IST";"End Of Friday (Time)";"1d 5h 40m";"-183.12"
"340";"USTEC_ICM_UTC2";"Buy";"7245.8";"7163.3";"2018.06.18 20:15:00";"2018.06.19 09:00:00";"30.0";"-2658.12";"7163.29980";"7328.29980";"-72176.66";"0.00";"IST";"SL";"12h 45m";"-183.12"
"341";"USTEC_ICM_UTC2";"Buy";"7172.1";"7254.6";"2018.06.19 18:00:00";"2018.06.20 15:46:00";"30.0";"2291.88";"7089.60010";"7254.60010";"-69884.77";"0.00";"IST";"PT";"21h 46m";"-183.12"
"342";"USTEC_ICM_UTC2";"Buy";"7304.0";"7221.5";"2018.06.20 21:00:00";"2018.06.21 17:19:00";"30.0";"-2658.12";"7221.50000";"7386.50000";"-72542.90";"0.00";"IST";"SL";"20h 19m";"-183.12"
"343";"USTEC_ICM_UTC2";"Buy";"7238.4";"7207.5";"2018.06.21 21:15:00";"2018.06.22 22:55:00";"30.0";"-1110.12";"7155.89990";"7320.89990";"-73653.02";"0.00";"IST";"End Of Friday (Time)";"1d 1h 40m";"-183.12"
"344";"USTEC_ICM_UTC2";"Buy";"7109.0";"7026.5";"2018.06.25 16:45:00";"2018.06.25 18:34:00";"30.0";"-2475.00";"7026.50000";"7191.50000";"-76128.02";"0.00";"IST";"SL";"1h 49m";"-0.00"
"345";"USTEC_ICM_UTC2";"Buy";"7085.3";"7002.8";"2018.06.26 16:45:00";"2018.06.27 11:05:00";"30.0";"-2658.12";"7002.79980";"7167.79980";"-78786.13";"0.00";"IST";"SL";"18h 20m";"-183.12"
"346";"USTEC_ICM_UTC2";"Buy";"7036.8";"6954.3";"2018.06.27 20:45:00";"2018.06.28 15:17:00";"30.0";"-2658.12";"6954.29980";"7119.29980";"-81444.26";"0.00";"IST";"SL";"18h 32m";"-183.12"
"347";"USTEC_ICM_UTC2";"Buy";"6989.3";"7071.8";"2018.06.28 17:45:00";"2018.06.29 05:59:00";"30.0";"2291.88";"6906.79980";"7071.79980";"-79152.38";"0.00";"IST";"PT";"12h 14m";"-183.12"
"348";"USTEC_ICM_UTC2";"Buy";"7083.8";"7053.5";"2018.06.29 22:00:00";"2018.06.29 22:55:00";"30.0";"-909.00";"7001.29980";"7166.29980";"-80061.38";"0.00";"IST";"End Of Friday (Time)";"55m 0s";"-0.00"
"349";"USTEC_ICM_UTC2";"Buy";"6994.9";"7077.4";"2018.07.02 16:45:00";"2018.07.02 21:30:00";"30.0";"2475.00";"6912.39990";"7077.39990";"-77586.38";"0.00";"IST";"PT";"4h 45m";"-0.00"
"350";"USTEC_ICM_UTC2";"Buy";"7017.9";"7100.4";"2018.07.04 17:30:00";"2018.07.05 22:01:00";"30.0";"2291.88";"6935.39990";"7100.39990";"-75294.49";"0.00";"IST";"PT";"1d 4h 31m";"-183.12"
"351";"USTEC_ICM_UTC2";"Buy";"7203.8";"7202.9";"2018.07.06 22:00:00";"2018.07.06 22:55:00";"30.0";"-27.00";"7121.29980";"7286.29980";"-75321.49";"0.00";"IST";"End Of Friday (Time)";"55m 0s";"-0.00"
"352";"USTEC_ICM_UTC2";"Buy";"7253.5";"7336.0";"2018.07.09 21:30:00";"2018.07.12 18:48:00";"30.0";"1925.64";"7171.00000";"7336.00000";"-73395.86";"0.00";"IST";"PT";"2d 21h 18m";"-549.36"
"353";"USTEC_ICM_UTC2";"Buy";"7357.1";"7378.1";"2018.07.12 20:30:00";"2018.07.13 22:55:00";"30.0";"446.88";"7274.60010";"7439.60010";"-72948.98";"0.00";"IST";"End Of Friday (Time)";"1d 2h 25m";"-183.12"
"354";"USTEC_ICM_UTC2";"Buy";"7377.0";"7294.5";"2018.07.16 16:30:00";"2018.07.17 05:10:00";"30.0";"-2658.12";"7294.50000";"7459.50000";"-75607.09";"0.00";"IST";"SL";"12h 40m";"-183.12"
"355";"USTEC_ICM_UTC2";"Buy";"7314.0";"7396.5";"2018.07.17 16:45:00";"2018.07.17 19:22:00";"30.0";"2475.00";"7231.50000";"7396.50000";"-73132.09";"0.00";"IST";"PT";"2h 37m";"-0.00"
"356";"USTEC_ICM_UTC2";"Buy";"7397.6";"7345.9";"2018.07.18 20:30:00";"2018.07.20 22:55:00";"30.0";"-1917.24";"7315.10010";"7480.10010";"-75049.34";"0.00";"IST";"End Of Friday (Time)";"2d 2h 25m";"-366.24"
"357";"USTEC_ICM_UTC2";"Buy";"7317.5";"7400.0";"2018.07.23 16:45:00";"2018.07.23 23:04:00";"30.0";"2475.00";"7235.00000";"7400.00000";"-72574.34";"0.00";"IST";"PT";"6h 19m";"-0.00"
"358";"USTEC_ICM_UTC2";"Buy";"7393.8";"7476.3";"2018.07.24 21:00:00";"2018.07.25 21:38:00";"30.0";"2291.88";"7311.29980";"7476.29980";"-70282.45";"0.00";"IST";"PT";"1d 0h 38m";"-183.12"
"359";"USTEC_ICM_UTC2";"Buy";"7405.8";"7323.3";"2018.07.26 16:30:00";"2018.07.27 19:32:00";"30.0";"-2658.12";"7323.29980";"7488.29980";"-72940.58";"0.00";"IST";"SL";"1d 3h 2m";"-183.12"
"360";"USTEC_ICM_UTC2";"Buy";"7280.9";"7295.9";"2018.07.27 20:30:00";"2018.07.27 22:55:00";"30.0";"450.00";"7198.39990";"7363.39990";"-72490.58";"0.00";"IST";"End Of Friday (Time)";"2h 25m";"-0.00"
"361";"USTEC_ICM_UTC2";"Buy";"7295.7";"7213.2";"2018.07.30 16:30:00";"2018.07.30 16:45:00";"30.0";"-2475.00";"7213.20020";"7378.20020";"-74965.58";"0.00";"IST";"SL";"15m 0s";"-0.00"
"362";"USTEC_ICM_UTC2";"Buy";"7217.2";"7299.7";"2018.07.31 16:30:00";"2018.08.02 17:38:00";"30.0";"2108.76";"7134.70020";"7299.70020";"-72856.81";"0.00";"IST";"PT";"2d 1h 8m";"-366.24"
"363";"USTEC_ICM_UTC2";"Buy";"7308.3";"7390.8";"2018.08.02 18:30:00";"2018.08.03 14:15:00";"30.0";"2291.88";"7225.79980";"7390.79980";"-70564.94";"0.00";"IST";"PT";"19h 45m";"-183.12"
"364";"USTEC_ICM_UTC2";"Buy";"7389.1";"7391.5";"2018.08.03 21:00:00";"2018.08.03 22:55:00";"30.0";"72.00";"7306.60010";"7471.60010";"-70492.94";"0.00";"IST";"End Of Friday (Time)";"1h 55m";"-0.00"
"365";"USTEC_ICM_UTC2";"Buy";"7471.7";"7389.2";"2018.08.07 21:00:00";"2018.08.10 21:28:00";"30.0";"-3024.36";"7389.20020";"7554.20020";"-73517.30";"0.00";"IST";"SL";"3d 0h 28m";"-549.36"
"366";"USTEC_ICM_UTC2";"Buy";"7383.2";"7408.6";"2018.08.10 21:30:00";"2018.08.10 22:55:00";"30.0";"762.00";"7300.70020";"7465.70020";"-72755.30";"0.00";"IST";"End Of Friday (Time)";"1h 25m";"-0.00"
"367";"USTEC_ICM_UTC2";"Buy";"7435.9";"7353.4";"2018.08.13 16:45:00";"2018.08.15 17:00:00";"30.0";"-2841.24";"7353.39990";"7518.39990";"-75596.54";"0.00";"IST";"SL";"2d 0h 15m";"-366.24"
"368";"USTEC_ICM_UTC2";"Buy";"7328.4";"7410.9";"2018.08.15 17:45:00";"2018.08.16 13:06:00";"30.0";"2291.88";"7245.89990";"7410.89990";"-73304.66";"0.00";"IST";"PT";"19h 21m";"-183.12"
"369";"USTEC_ICM_UTC2";"Buy";"7406.3";"7323.8";"2018.08.16 16:30:00";"2018.08.17 17:12:00";"30.0";"-2658.12";"7323.79980";"7488.79980";"-75962.77";"0.00";"IST";"SL";"1d 0h 42m";"-183.12"
"370";"USTEC_ICM_UTC2";"Buy";"7318.5";"7381.5";"2018.08.17 17:45:00";"2018.08.17 22:55:00";"30.0";"1890.00";"7236.00000";"7401.00000";"-74072.77";"0.00";"IST";"End Of Friday (Time)";"5h 10m";"-0.00"
"371";"USTEC_ICM_UTC2";"Buy";"7378.4";"7460.9";"2018.08.20 21:45:00";"2018.08.23 17:21:00";"30.0";"1925.64";"7295.89990";"7460.89990";"-72147.13";"0.00";"IST";"PT";"2d 19h 36m";"-549.36"
"372";"USTEC_ICM_UTC2";"Buy";"7434.6";"7487.2";"2018.08.23 20:30:00";"2018.08.24 22:55:00";"30.0";"1394.88";"7352.10010";"7517.10010";"-70752.26";"0.00";"IST";"End Of Friday (Time)";"1d 2h 25m";"-183.12"
"373";"USTEC_ICM_UTC2";"Buy";"7554.6";"7637.1";"2018.08.27 20:45:00";"2018.08.29 18:21:00";"30.0";"2108.76";"7472.10010";"7637.10010";"-68643.49";"0.00";"IST";"PT";"1d 21h 36m";"-366.24"
"374";"USTEC_ICM_UTC2";"Buy";"7650.1";"7656.4";"2018.08.29 21:15:00";"2018.08.31 22:55:00";"30.0";"-177.24";"7567.60010";"7732.60010";"-68820.73";"0.00";"IST";"End Of Friday (Time)";"2d 1h 40m";"-366.24"
"375";"USTEC_ICM_UTC2";"Buy";"7663.9";"7581.4";"2018.09.03 16:30:00";"2018.09.04 16:42:00";"30.0";"-2658.12";"7581.39990";"7746.39990";"-71478.86";"0.00";"IST";"SL";"1d 0h 12m";"-183.12"
"376";"USTEC_ICM_UTC2";"Buy";"7528.2";"7445.7";"2018.09.05 18:00:00";"2018.09.06 17:38:00";"30.0";"-2658.12";"7445.70020";"7610.70020";"-74136.98";"0.00";"IST";"SL";"23h 38m";"-183.12"
"377";"USTEC_ICM_UTC2";"Buy";"7449.6";"7426.2";"2018.09.06 17:45:00";"2018.09.07 22:55:00";"30.0";"-885.12";"7367.10010";"7532.10010";"-75022.09";"0.00";"IST";"End Of Friday (Time)";"1d 5h 10m";"-183.12"
"378";"USTEC_ICM_UTC2";"Buy";"7436.1";"7518.6";"2018.09.10 17:45:00";"2018.09.11 19:09:00";"30.0";"2291.88";"7353.60010";"7518.60010";"-72730.22";"0.00";"IST";"PT";"1d 1h 24m";"-183.12"
"379";"USTEC_ICM_UTC2";"Buy";"7496.4";"7578.9";"2018.09.11 21:00:00";"2018.09.14 09:25:00";"30.0";"1925.64";"7413.89990";"7578.89990";"-70804.58";"0.00";"IST";"PT";"2d 12h 25m";"-549.36"
"380";"USTEC_ICM_UTC2";"Buy";"7536.7";"7549.9";"2018.09.14 20:30:00";"2018.09.14 22:55:00";"30.0";"396.00";"7454.20020";"7619.20020";"-70408.58";"0.00";"IST";"End Of Friday (Time)";"2h 25m";"-0.00"
"381";"USTEC_ICM_UTC2";"Buy";"7472.8";"7555.3";"2018.09.17 17:45:00";"2018.09.20 16:44:00";"30.0";"1925.64";"7390.29980";"7555.29980";"-68482.94";"0.00";"IST";"PT";"2d 22h 59m";"-549.36"
"382";"USTEC_ICM_UTC2";"Buy";"7575.6";"7533.3";"2018.09.20 22:00:00";"2018.09.21 22:55:00";"30.0";"-1452.12";"7493.10010";"7658.10010";"-69935.05";"0.00";"IST";"End Of Friday (Time)";"1d 0h 55m";"-183.12"
"383";"USTEC_ICM_UTC2";"Buy";"7483.5";"7566.0";"2018.09.24 16:45:00";"2018.09.25 13:34:00";"30.0";"2291.88";"7401.00000";"7566.00000";"-67643.18";"0.00";"IST";"PT";"20h 49m";"-183.12"
"384";"USTEC_ICM_UTC2";"Buy";"7561.4";"7643.9";"2018.09.25 21:15:00";"2018.09.27 17:09:00";"30.0";"2108.76";"7478.89990";"7643.89990";"-65534.42";"0.00";"IST";"PT";"1d 19h 54m";"-366.24"
"385";"USTEC_ICM_UTC2";"Buy";"7601.1";"7621.6";"2018.09.28 17:15:00";"2018.09.28 22:55:00";"30.0";"615.00";"7518.60010";"7683.60010";"-64919.42";"0.00";"IST";"End Of Friday (Time)";"5h 40m";"-0.00"
"386";"USTEC_ICM_UTC2";"Buy";"7654.8";"7572.3";"2018.10.01 22:00:00";"2018.10.04 16:37:00";"30.0";"-3024.36";"7572.29980";"7737.29980";"-67943.77";"0.00";"IST";"SL";"2d 18h 37m";"-549.36"
"387";"USTEC_ICM_UTC2";"Buy";"7516.6";"7434.1";"2018.10.04 18:00:00";"2018.10.04 21:20:00";"30.0";"-2475.00";"7434.10010";"7599.10010";"-70418.77";"0.00";"IST";"SL";"3h 20m";"-0.00"
"388";"USTEC_ICM_UTC2";"Buy";"7502.3";"7419.8";"2018.10.05 16:45:00";"2018.10.05 18:10:00";"30.0";"-2475.00";"7419.79980";"7584.79980";"-72893.77";"0.00";"IST";"SL";"1h 25m";"-0.00"
"389";"USTEC_ICM_UTC2";"Buy";"7381.1";"7298.6";"2018.10.08 16:45:00";"2018.10.08 18:40:00";"30.0";"-2475.00";"7298.60010";"7463.60010";"-75368.77";"0.00";"IST";"SL";"1h 55m";"-0.00"
"390";"USTEC_ICM_UTC2";"Buy";"7358.0";"7275.5";"2018.10.09 16:30:00";"2018.10.10 16:47:00";"30.0";"-2658.12";"7275.50000";"7440.50000";"-78026.90";"0.00";"IST";"SL";"1d 0h 17m";"-183.12"
"391";"USTEC_ICM_UTC2";"Buy";"7244.8";"7162.3";"2018.10.10 17:30:00";"2018.10.10 21:41:00";"30.0";"-2475.00";"7162.29980";"7327.29980";"-80501.90";"0.00";"IST";"SL";"4h 11m";"-0.00"
"392";"USTEC_ICM_UTC2";"Buy";"7041.9";"6959.4";"2018.10.11 17:45:00";"2018.10.11 18:12:00";"30.0";"-2475.00";"6959.39990";"7124.39990";"-82976.90";"0.00";"IST";"SL";"27m 0s";"-0.00"
"393";"USTEC_ICM_UTC2";"Buy";"7084.8";"7167.3";"2018.10.12 21:00:00";"2018.10.12 22:51:00";"30.0";"2475.00";"7002.29980";"7167.29980";"-80501.90";"0.00";"IST";"PT";"1h 51m";"-0.00"
"394";"USTEC_ICM_UTC2";"Buy";"7103.2";"7185.7";"2018.10.15 16:45:00";"2018.10.16 18:13:00";"30.0";"2291.88";"7020.70020";"7185.70020";"-78210.02";"0.00";"IST";"PT";"1d 1h 28m";"-183.12"
"395";"USTEC_ICM_UTC2";"Buy";"7264.3";"7181.8";"2018.10.17 21:15:00";"2018.10.18 18:21:00";"30.0";"-2658.12";"7181.79980";"7346.79980";"-80868.13";"0.00";"IST";"SL";"21h 6m";"-183.12"
"396";"USTEC_ICM_UTC2";"Buy";"7131.1";"7213.6";"2018.10.18 19:15:00";"2018.10.19 16:45:00";"30.0";"2291.88";"7048.60010";"7213.60010";"-78576.26";"0.00";"IST";"PT";"21h 30m";"-183.12"
"397";"USTEC_ICM_UTC2";"Buy";"7207.8";"7125.3";"2018.10.19 17:45:00";"2018.10.19 19:20:00";"30.0";"-2475.00";"7125.29980";"7290.29980";"-81051.26";"0.00";"IST";"SL";"1h 35m";"-0.00"
"398";"USTEC_ICM_UTC2";"Buy";"7144.9";"7062.4";"2018.10.22 16:30:00";"2018.10.23 08:50:00";"30.0";"-2658.12";"7062.39990";"7227.39990";"-83709.38";"0.00";"IST";"SL";"16h 20m";"-183.12"
"399";"USTEC_ICM_UTC2";"Buy";"7008.7";"7091.2";"2018.10.23 16:45:00";"2018.10.23 21:16:00";"30.0";"2475.00";"6926.20020";"7091.20020";"-81234.38";"0.00";"IST";"PT";"4h 31m";"-0.00"
"400";"USTEC_ICM_UTC2";"Buy";"6938.8";"6856.3";"2018.10.24 21:00:00";"2018.10.24 22:35:00";"30.0";"-2475.00";"6856.29980";"7021.29980";"-83709.38";"0.00";"IST";"SL";"1h 35m";"-0.00"
"401";"USTEC_ICM_UTC2";"Buy";"6896.7";"6979.2";"2018.10.25 16:30:00";"2018.10.25 17:04:00";"30.0";"2475.00";"6814.20020";"6979.20020";"-81234.38";"0.00";"IST";"PT";"34m 0s";"-0.00"
"402";"USTEC_ICM_UTC2";"Buy";"6861.2";"6778.7";"2018.10.26 16:45:00";"2018.10.26 17:07:00";"30.0";"-2475.00";"6778.70020";"6943.70020";"-83709.38";"0.00";"IST";"SL";"22m 0s";"-0.00"
"403";"USTEC_ICM_UTC2";"Buy";"6769.8";"6687.3";"2018.10.29 20:45:00";"2018.10.29 21:08:00";"30.0";"-2475.00";"6687.29980";"6852.29980";"-86184.38";"0.00";"IST";"SL";"23m 0s";"-0.00"
"404";"USTEC_ICM_UTC2";"Buy";"6719.3";"6801.8";"2018.10.30 17:15:00";"2018.10.30 17:50:00";"30.0";"2475.00";"6636.79980";"6801.79980";"-83709.38";"0.00";"IST";"PT";"35m 0s";"-0.00"
"405";"USTEC_ICM_UTC2";"Buy";"7025.4";"6942.9";"2018.10.31 21:15:00";"2018.11.01 15:50:00";"30.0";"-2658.12";"6942.89990";"7107.89990";"-86367.50";"0.00";"IST";"SL";"18h 35m";"-183.12"
"406";"USTEC_ICM_UTC2";"Buy";"7000.3";"7082.8";"2018.11.01 16:45:00";"2018.11.02 07:04:00";"30.0";"2291.88";"6917.79980";"7082.79980";"-84075.62";"0.00";"IST";"PT";"14h 19m";"-183.12"
"407";"USTEC_ICM_UTC2";"Buy";"6971.5";"6889.0";"2018.11.02 20:30:00";"2018.11.05 17:02:00";"30.0";"-3024.36";"6889.00000";"7054.00000";"-87099.98";"0.00";"IST";"SL";"2d 20h 32m";"-549.36"
"408";"USTEC_ICM_UTC2";"Buy";"6880.1";"6962.6";"2018.11.05 17:45:00";"2018.11.06 16:32:00";"30.0";"2291.88";"6797.60010";"6962.60010";"-84808.09";"0.00";"IST";"PT";"22h 47m";"-183.12"
"409";"USTEC_ICM_UTC2";"Buy";"6977.1";"7059.6";"2018.11.06 20:30:00";"2018.11.07 04:07:00";"30.0";"2291.88";"6894.60010";"7059.60010";"-82516.22";"0.00";"IST";"PT";"7h 37m";"-183.12"
"410";"USTEC_ICM_UTC2";"Buy";"7168.7";"7086.2";"2018.11.07 21:15:00";"2018.11.09 13:35:00";"30.0";"-2841.24";"7086.20020";"7251.20020";"-85357.46";"0.00";"IST";"SL";"1d 16h 20m";"-366.24"
"411";"USTEC_ICM_UTC2";"Buy";"7069.9";"6987.4";"2018.11.09 16:45:00";"2018.11.09 21:13:00";"30.0";"-2475.00";"6987.39990";"7152.39990";"-87832.46";"0.00";"IST";"SL";"4h 28m";"-0.00"
"412";"USTEC_ICM_UTC2";"Buy";"6921.1";"6838.6";"2018.11.12 17:30:00";"2018.11.12 18:15:00";"30.0";"-2475.00";"6838.60010";"7003.60010";"-90307.46";"0.00";"IST";"SL";"45m 0s";"-0.00"
"413";"USTEC_ICM_UTC2";"Buy";"6876.0";"6793.5";"2018.11.13 16:45:00";"2018.11.14 10:22:00";"30.0";"-2658.12";"6793.50000";"6958.50000";"-92965.58";"0.00";"IST";"SL";"17h 37m";"-183.12"
"414";"USTEC_ICM_UTC2";"Buy";"6891.8";"6809.3";"2018.11.14 16:30:00";"2018.11.14 18:02:00";"30.0";"-2475.00";"6809.29980";"6974.29980";"-95440.58";"0.00";"IST";"SL";"1h 32m";"-0.00"
"415";"USTEC_ICM_UTC2";"Buy";"6796.1";"6713.6";"2018.11.15 16:45:00";"2018.11.15 17:34:00";"30.0";"-2475.00";"6713.60010";"6878.60010";"-97915.58";"0.00";"IST";"SL";"49m 0s";"-0.00"
"416";"USTEC_ICM_UTC2";"Buy";"6843.8";"6874.8";"2018.11.16 21:15:00";"2018.11.16 22:55:00";"30.0";"930.00";"6761.29980";"6926.29980";"-96985.58";"0.00";"IST";"End Of Friday (Time)";"1h 40m";"-0.00"
"417";"USTEC_ICM_UTC2";"Buy";"6690.0";"6607.5";"2018.11.19 20:45:00";"2018.11.20 09:11:00";"30.0";"-2658.12";"6607.50000";"6772.50000";"-99643.70";"0.00";"IST";"SL";"12h 26m";"-183.12"
"418";"USTEC_ICM_UTC2";"Buy";"6541.1";"6458.6";"2018.11.20 16:45:00";"2018.11.20 17:12:00";"30.0";"-2475.00";"6458.60010";"6623.60010";"-102118.70";"0.00";"IST";"SL";"27m 0s";"-0.00"
"419";"USTEC_ICM_UTC2";"Buy";"6586.3";"6503.8";"2018.11.21 17:15:00";"2018.11.22 18:00:00";"30.0";"-2658.12";"6503.79980";"6668.79980";"-104776.82";"0.00";"IST";"SL";"1d 0h 45m";"-183.12"
"420";"USTEC_ICM_UTC2";"Buy";"6515.0";"6597.5";"2018.11.22 18:30:00";"2018.11.26 10:00:00";"30.0";"1742.52";"6432.50000";"6597.50000";"-103034.30";"0.00";"IST";"PT";"3d 15h 30m";"-732.48"
"421";"USTEC_ICM_UTC2";"Buy";"6642.2";"6724.7";"2018.11.26 21:00:00";"2018.11.28 06:23:00";"30.0";"2108.76";"6559.70020";"6724.70020";"-100925.54";"0.00";"IST";"PT";"1d 9h 23m";"-366.24"
"422";"USTEC_ICM_UTC2";"Buy";"6846.0";"6928.5";"2018.11.28 20:30:00";"2018.11.29 21:51:00";"30.0";"2291.88";"6763.50000";"6928.50000";"-98633.66";"0.00";"IST";"PT";"1d 1h 21m";"-183.12"
"423";"USTEC_ICM_UTC2";"Buy";"6892.4";"6925.4";"2018.11.30 20:30:00";"2018.11.30 22:55:00";"30.0";"990.00";"6809.89990";"6974.89990";"-97643.66";"0.00";"IST";"End Of Friday (Time)";"2h 25m";"-0.00"
"424";"USTEC_ICM_UTC2";"Buy";"7043.4";"6960.9";"2018.12.03 21:30:00";"2018.12.04 19:05:00";"30.0";"-2658.12";"6960.89990";"7125.89990";"-100301.78";"0.00";"IST";"SL";"21h 35m";"-183.12"
"425";"USTEC_ICM_UTC2";"Buy";"6883.1";"6800.6";"2018.12.04 20:00:00";"2018.12.04 22:33:00";"30.0";"-2475.00";"6800.60010";"6965.60010";"-102776.78";"0.00";"IST";"SL";"2h 33m";"-0.00"
"426";"USTEC_ICM_UTC2";"Buy";"6715.0";"6632.5";"2018.12.06 16:45:00";"2018.12.06 18:27:00";"30.0";"-2475.00";"6632.50000";"6797.50000";"-105251.78";"0.00";"IST";"SL";"1h 42m";"-0.00"
"427";"USTEC_ICM_UTC2";"Buy";"6680.8";"6598.3";"2018.12.07 20:45:00";"2018.12.07 22:02:00";"30.0";"-2475.00";"6598.29980";"6763.29980";"-107726.78";"0.00";"IST";"SL";"1h 17m";"-0.00"
"428";"USTEC_ICM_UTC2";"Buy";"6666.0";"6583.5";"2018.12.10 16:45:00";"2018.12.10 16:53:00";"30.0";"-2475.00";"6583.50000";"6748.50000";"-110201.78";"0.00";"IST";"SL";"8m 0s";"-0.00"
"429";"USTEC_ICM_UTC2";"Buy";"6706.3";"6788.8";"2018.12.11 20:30:00";"2018.12.12 11:37:00";"30.0";"2291.88";"6623.79980";"6788.79980";"-107909.90";"0.00";"IST";"PT";"15h 7m";"-183.12"
"430";"USTEC_ICM_UTC2";"Buy";"6801.2";"6718.7";"2018.12.12 22:00:00";"2018.12.14 03:01:00";"30.0";"-2841.24";"6718.70020";"6883.70020";"-110751.14";"0.00";"IST";"SL";"1d 5h 1m";"-366.24"
"431";"USTEC_ICM_UTC2";"Buy";"6684.9";"6602.4";"2018.12.14 16:30:00";"2018.12.14 21:44:00";"30.0";"-2475.00";"6602.39990";"6767.39990";"-113226.14";"0.00";"IST";"SL";"5h 14m";"-0.00"
"432";"USTEC_ICM_UTC2";"Buy";"6566.7";"6484.2";"2018.12.17 17:15:00";"2018.12.17 21:03:00";"30.0";"-2475.00";"6484.20020";"6649.20020";"-115701.14";"0.00";"IST";"SL";"3h 48m";"-0.00"
"433";"USTEC_ICM_UTC2";"Buy";"6498.6";"6416.1";"2018.12.18 16:30:00";"2018.12.19 21:44:00";"30.0";"-2658.12";"6416.10010";"6581.10010";"-118359.26";"0.00";"IST";"SL";"1d 5h 14m";"-183.12"
"434";"USTEC_ICM_UTC2";"Buy";"6417.9";"6335.4";"2018.12.19 21:45:00";"2018.12.19 22:02:00";"30.0";"-2475.00";"6335.39990";"6500.39990";"-120834.26";"0.00";"IST";"SL";"17m 0s";"-0.00"
"435";"USTEC_ICM_UTC2";"Buy";"6315.3";"6232.8";"2018.12.20 16:30:00";"2018.12.20 18:46:00";"30.0";"-2475.00";"6232.79980";"6397.79980";"-123309.26";"0.00";"IST";"SL";"2h 16m";"-0.00"
"436";"USTEC_ICM_UTC2";"Buy";"6277.3";"6194.8";"2018.12.21 17:15:00";"2018.12.21 18:07:00";"30.0";"-2475.00";"6194.79980";"6359.79980";"-125784.26";"0.00";"IST";"SL";"52m 0s";"-0.00"
"437";"USTEC_ICM_UTC2";"Buy";"5978.5";"6061.0";"2018.12.24 16:45:00";"2018.12.24 17:41:00";"30.0";"2475.00";"5896.00000";"6061.00000";"-123309.26";"0.00";"IST";"PT";"56m 0s";"-0.00"
"438";"USTEC_ICM_UTC2";"Buy";"5996.4";"6078.9";"2018.12.26 18:30:00";"2018.12.26 19:12:00";"30.0";"2475.00";"5913.89990";"6078.89990";"-120834.26";"0.00";"IST";"PT";"42m 0s";"-0.00"
"439";"USTEC_ICM_UTC2";"Buy";"6075.5";"6158.0";"2018.12.27 21:30:00";"2018.12.27 22:12:00";"30.0";"2475.00";"5993.00000";"6158.00000";"-118359.26";"0.00";"IST";"PT";"42m 0s";"-0.00"
"440";"USTEC_ICM_UTC2";"Buy";"6291.2";"6373.7";"2018.12.28 20:30:00";"2018.12.28 21:51:00";"30.0";"2475.00";"6208.70020";"6373.70020";"-115884.26";"0.00";"IST";"PT";"1h 21m";"-0.00"
"441";"USTEC_ICM_UTC2";"Buy";"6349.9";"6267.4";"2018.12.31 16:45:00";"2019.01.02 06:03:00";"30.0";"-2841.24";"6267.39990";"6432.39990";"-118725.50";"0.00";"IST";"SL";"1d 13h 18m";"-366.24"
"442";"USTEC_ICM_UTC2";"Buy";"6353.2";"6221.8";"2019.01.02 19:45:00";"2019.01.03 01:00:00";"30.0";"-4126.02";"6270.70020";"6435.70020";"-122851.52";"0.00";"IST";"SL";"5h 15m";"-183.12"
"443";"USTEC_ICM_UTC2";"Buy";"6264.9";"6182.4";"2019.01.03 16:30:00";"2019.01.03 17:16:00";"30.0";"-2475.00";"6182.39990";"6347.39990";"-125326.52";"0.00";"IST";"SL";"46m 0s";"-0.00"
"444";"USTEC_ICM_UTC2";"Buy";"6248.4";"6330.9";"2019.01.04 16:30:00";"2019.01.04 17:24:00";"30.0";"2475.00";"6165.89990";"6330.89990";"-122851.52";"0.00";"IST";"PT";"54m 0s";"-0.00"
"445";"USTEC_ICM_UTC2";"Buy";"6541.4";"6623.9";"2019.01.08 21:30:00";"2019.01.09 21:01:00";"30.0";"2291.88";"6458.89990";"6623.89990";"-120559.64";"0.00";"IST";"PT";"23h 31m";"-183.12"
"446";"USTEC_ICM_UTC2";"Buy";"6619.6";"6537.1";"2019.01.09 21:15:00";"2019.01.10 10:06:00";"30.0";"-2658.12";"6537.10010";"6702.10010";"-123217.76";"0.00";"IST";"SL";"12h 51m";"-183.12"
"447";"USTEC_ICM_UTC2";"Buy";"6535.6";"6618.1";"2019.01.10 16:45:00";"2019.01.10 22:32:00";"30.0";"2475.00";"6453.10010";"6618.10010";"-120742.76";"0.00";"IST";"PT";"5h 47m";"-0.00"
"448";"USTEC_ICM_UTC2";"Buy";"6568.6";"6601.4";"2019.01.11 16:45:00";"2019.01.11 22:55:00";"30.0";"984.00";"6486.10010";"6651.10010";"-119758.76";"0.00";"IST";"End Of Friday (Time)";"6h 10m";"-0.00"
"449";"USTEC_ICM_UTC2";"Buy";"6531.1";"6613.6";"2019.01.14 16:45:00";"2019.01.15 16:36:00";"30.0";"2291.88";"6448.60010";"6613.60010";"-117466.88";"0.00";"IST";"PT";"23h 51m";"-183.12"
"450";"USTEC_ICM_UTC2";"Buy";"6672.3";"6754.8";"2019.01.15 20:45:00";"2019.01.18 16:18:00";"30.0";"1925.64";"6589.79980";"6754.79980";"-115541.23";"0.00";"IST";"PT";"2d 19h 33m";"-549.36"
"451";"USTEC_ICM_UTC2";"Buy";"6777.1";"6768.6";"2019.01.18 22:00:00";"2019.01.18 22:55:00";"30.0";"-255.00";"6694.60010";"6859.60010";"-115796.23";"0.00";"IST";"End Of Friday (Time)";"55m 0s";"-0.00"
"452";"USTEC_ICM_UTC2";"Buy";"6744.8";"6662.3";"2019.01.21 17:15:00";"2019.01.22 20:00:00";"30.0";"-2658.12";"6662.29980";"6827.29980";"-118454.36";"0.00";"IST";"SL";"1d 2h 45m";"-183.12"
"453";"USTEC_ICM_UTC2";"Buy";"6646.0";"6728.5";"2019.01.22 20:45:00";"2019.01.25 05:40:00";"30.0";"1925.64";"6563.50000";"6728.50000";"-116528.72";"0.00";"IST";"PT";"2d 8h 55m";"-549.36"
"454";"USTEC_ICM_UTC2";"Buy";"6792.6";"6778.4";"2019.01.25 20:30:00";"2019.01.25 22:55:00";"30.0";"-426.00";"6710.10010";"6875.10010";"-116954.72";"0.00";"IST";"End Of Friday (Time)";"2h 25m";"-0.00"
"455";"USTEC_ICM_UTC2";"Buy";"6662.1";"6744.6";"2019.01.28 17:15:00";"2019.01.30 19:19:00";"30.0";"2108.76";"6579.60010";"6744.60010";"-114845.96";"0.00";"IST";"PT";"2d 2h 4m";"-366.24"
"456";"USTEC_ICM_UTC2";"Buy";"6793.6";"6876.1";"2019.01.30 21:15:00";"2019.01.31 17:03:00";"30.0";"2291.88";"6711.10010";"6876.10010";"-112554.08";"0.00";"IST";"PT";"19h 48m";"-183.12"
"457";"USTEC_ICM_UTC2";"Buy";"6914.4";"6870.9";"2019.01.31 21:00:00";"2019.02.01 22:55:00";"30.0";"-1488.12";"6831.89990";"6996.89990";"-114042.20";"0.00";"IST";"End Of Friday (Time)";"1d 1h 55m";"-183.12"
"458";"USTEC_ICM_UTC2";"Buy";"6945.8";"7028.3";"2019.02.04 20:45:00";"2019.02.05 22:26:00";"30.0";"2291.88";"6863.29980";"7028.29980";"-111750.32";"0.00";"IST";"PT";"1d 1h 41m";"-183.12"
"459";"USTEC_ICM_UTC2";"Buy";"7021.3";"6938.8";"2019.02.06 16:30:00";"2019.02.07 15:14:00";"30.0";"-2658.12";"6938.79980";"7103.79980";"-114408.44";"0.00";"IST";"SL";"22h 44m";"-183.12"
"460";"USTEC_ICM_UTC2";"Buy";"6935.6";"6853.1";"2019.02.07 17:15:00";"2019.02.07 19:04:00";"30.0";"-2475.00";"6853.10010";"7018.10010";"-116883.44";"0.00";"IST";"SL";"1h 49m";"-0.00"
"461";"USTEC_ICM_UTC2";"Buy";"6859.9";"6893.8";"2019.02.08 16:45:00";"2019.02.08 22:55:00";"30.0";"1017.00";"6777.39990";"6942.39990";"-115866.44";"0.00";"IST";"End Of Friday (Time)";"6h 10m";"-0.00"
"462";"USTEC_ICM_UTC2";"Buy";"6911.6";"6994.1";"2019.02.11 21:15:00";"2019.02.12 17:55:00";"30.0";"2291.88";"6829.10010";"6994.10010";"-113574.56";"0.00";"IST";"PT";"20h 40m";"-183.12"
"463";"USTEC_ICM_UTC2";"Buy";"7005.9";"7044.3";"2019.02.12 20:30:00";"2019.02.15 22:55:00";"30.0";"602.64";"6923.39990";"7088.39990";"-112971.92";"0.00";"IST";"End Of Friday (Time)";"3d 2h 25m";"-549.36"
"464";"USTEC_ICM_UTC2";"Buy";"7062.1";"7076.1";"2019.02.18 16:30:00";"2019.02.22 22:55:00";"30.0";"-312.48";"6979.60010";"7144.60010";"-113284.40";"0.00";"IST";"End Of Friday (Time)";"4d 6h 25m";"-732.48"
"465";"USTEC_ICM_UTC2";"Buy";"7121.3";"7149.2";"2019.02.25 20:30:00";"2019.03.01 22:55:00";"30.0";"104.52";"7038.79980";"7203.79980";"-113179.88";"0.00";"IST";"End Of Friday (Time)";"4d 2h 25m";"-732.48"
"466";"USTEC_ICM_UTC2";"Buy";"7113.6";"7031.1";"2019.03.04 20:30:00";"2019.03.07 17:17:00";"30.0";"-3024.36";"7031.10010";"7196.10010";"-116204.24";"0.00";"IST";"SL";"2d 20h 47m";"-549.36"
"467";"USTEC_ICM_UTC2";"Buy";"7025.4";"6942.9";"2019.03.07 17:45:00";"2019.03.08 16:06:00";"30.0";"-2658.12";"6942.89990";"7107.89990";"-118862.36";"0.00";"IST";"SL";"22h 21m";"-183.12"
"468";"USTEC_ICM_UTC2";"Buy";"6951.2";"7010.4";"2019.03.08 16:45:00";"2019.03.08 22:55:00";"30.0";"1776.00";"6868.70020";"7033.70020";"-117086.36";"0.00";"IST";"End Of Friday (Time)";"6h 10m";"-0.00"
"469";"USTEC_ICM_UTC2";"Buy";"7154.2";"7236.7";"2019.03.11 20:45:00";"2019.03.13 14:02:00";"30.0";"2108.76";"7071.70020";"7236.70020";"-114977.60";"0.00";"IST";"PT";"1d 17h 17m";"-366.24"
"470";"USTEC_ICM_UTC2";"Buy";"7244.6";"7327.1";"2019.03.14 16:45:00";"2019.03.15 18:24:00";"30.0";"2291.88";"7162.10010";"7327.10010";"-112685.72";"0.00";"IST";"PT";"1d 1h 39m";"-183.12"
"471";"USTEC_ICM_UTC2";"Buy";"7323.8";"7406.3";"2019.03.15 20:45:00";"2019.03.20 20:26:00";"30.0";"1559.40";"7241.29980";"7406.29980";"-111126.32";"0.00";"IST";"PT";"4d 23h 41m";"-915.60"
"472";"USTEC_ICM_UTC2";"Buy";"7383.3";"7300.8";"2019.03.22 21:00:00";"2019.03.25 02:32:00";"30.0";"-3024.36";"7300.79980";"7465.79980";"-114150.68";"0.00";"IST";"SL";"2d 5h 32m";"-549.36"
"473";"USTEC_ICM_UTC2";"Buy";"7287.4";"7369.9";"2019.03.25 16:45:00";"2019.03.26 14:06:00";"30.0";"2291.88";"7204.89990";"7369.89990";"-111858.80";"0.00";"IST";"PT";"21h 21m";"-183.12"
"474";"USTEC_ICM_UTC2";"Buy";"7334.1";"7251.6";"2019.03.26 21:00:00";"2019.03.27 17:44:00";"30.0";"-2658.12";"7251.60010";"7416.60010";"-114516.92";"0.00";"IST";"SL";"20h 44m";"-183.12"
"475";"USTEC_ICM_UTC2";"Buy";"7269.8";"7352.3";"2019.03.27 18:15:00";"2019.03.29 09:10:00";"30.0";"2108.76";"7187.29980";"7352.29980";"-112408.16";"0.00";"IST";"PT";"1d 14h 55m";"-366.24"
"476";"USTEC_ICM_UTC2";"Buy";"7369.0";"7451.5";"2019.03.29 20:30:00";"2019.04.01 05:12:00";"30.0";"1925.64";"7286.50000";"7451.50000";"-110482.52";"0.00";"IST";"PT";"2d 8h 42m";"-549.36"
"477";"USTEC_ICM_UTC2";"Buy";"7466.9";"7549.4";"2019.04.01 20:45:00";"2019.04.03 11:01:00";"30.0";"2108.76";"7384.39990";"7549.39990";"-108373.76";"0.00";"IST";"PT";"1d 14h 16m";"-366.24"
"478";"USTEC_ICM_UTC2";"Buy";"7549.6";"7573.3";"2019.04.03 21:30:00";"2019.04.05 22:55:00";"30.0";"344.76";"7467.10010";"7632.10010";"-108029.00";"0.00";"IST";"End Of Friday (Time)";"2d 1h 25m";"-366.24"
"479";"USTEC_ICM_UTC2";"Buy";"7539.8";"7622.3";"2019.04.08 16:45:00";"2019.04.11 01:29:00";"30.0";"1925.64";"7457.29980";"7622.29980";"-106103.36";"0.00";"IST";"PT";"2d 8h 44m";"-549.36"
"480";"USTEC_ICM_UTC2";"Buy";"7589.3";"7620.0";"2019.04.11 22:15:00";"2019.04.12 22:55:00";"30.0";"737.88";"7506.79980";"7671.79980";"-105365.48";"0.00";"IST";"End Of Friday (Time)";"1d 0h 40m";"-183.12"
"481";"USTEC_ICM_UTC2";"Buy";"7592.9";"7675.4";"2019.04.15 18:00:00";"2019.04.17 04:59:00";"30.0";"2108.76";"7510.39990";"7675.39990";"-103256.72";"0.00";"IST";"PT";"1d 10h 59m";"-366.24"
"482";"USTEC_ICM_UTC2";"Buy";"7677.9";"7760.4";"2019.04.17 20:30:00";"2019.04.23 16:56:00";"30.0";"1376.28";"7595.39990";"7760.39990";"-101880.44";"0.00";"IST";"PT";"5d 20h 26m";"-1098.72"
"483";"USTEC_ICM_UTC2";"Buy";"7809.2";"7812.9";"2019.04.23 21:15:00";"2019.04.26 22:55:00";"30.0";"-438.36";"7726.70020";"7891.70020";"-102318.80";"0.00";"IST";"End Of Friday (Time)";"3d 1h 40m";"-549.36"
"484";"USTEC_ICM_UTC2";"Buy";"7836.9";"7754.4";"2019.04.29 20:45:00";"2019.04.30 17:58:00";"30.0";"-2658.12";"7754.39990";"7919.39990";"-104976.92";"0.00";"IST";"SL";"21h 13m";"-183.12"
"485";"USTEC_ICM_UTC2";"Buy";"7751.5";"7834.0";"2019.04.30 18:45:00";"2019.05.01 05:00:00";"30.0";"2291.88";"7669.00000";"7834.00000";"-102685.04";"0.00";"IST";"PT";"10h 15m";"-183.12"
"486";"USTEC_ICM_UTC2";"Buy";"7826.8";"7744.3";"2019.05.01 20:45:00";"2019.05.01 23:00:00";"30.0";"-2475.00";"7744.29980";"7909.29980";"-105160.04";"0.00";"IST";"SL";"2h 15m";"-0.00"
"487";"USTEC_ICM_UTC2";"Buy";"7750.6";"7833.1";"2019.05.02 16:30:00";"2019.05.03 19:34:00";"30.0";"2291.88";"7668.10010";"7833.10010";"-102868.16";"0.00";"IST";"PT";"1d 3h 4m";"-183.12"
"488";"USTEC_ICM_UTC2";"Buy";"7843.0";"7845.1";"2019.05.03 20:30:00";"2019.05.03 22:55:00";"30.0";"63.00";"7760.50000";"7925.50000";"-102805.16";"0.00";"IST";"End Of Friday (Time)";"2h 25m";"-0.00"
"489";"USTEC_ICM_UTC2";"Buy";"7730.1";"7647.6";"2019.05.06 16:45:00";"2019.05.07 17:51:00";"30.0";"-2658.12";"7647.60010";"7812.60010";"-105463.28";"0.00";"IST";"SL";"1d 1h 6m";"-183.12"
"490";"USTEC_ICM_UTC2";"Buy";"7613.1";"7530.6";"2019.05.07 21:00:00";"2019.05.09 16:07:00";"30.0";"-2841.24";"7530.60010";"7695.60010";"-108304.52";"0.00";"IST";"SL";"1d 19h 7m";"-366.24"
"491";"USTEC_ICM_UTC2";"Buy";"7538.4";"7620.9";"2019.05.09 16:30:00";"2019.05.10 03:05:00";"30.0";"2291.88";"7455.89990";"7620.89990";"-106012.64";"0.00";"IST";"PT";"10h 35m";"-183.12"
"492";"USTEC_ICM_UTC2";"Buy";"7442.1";"7524.6";"2019.05.10 18:30:00";"2019.05.10 19:53:00";"30.0";"2475.00";"7359.60010";"7524.60010";"-103537.64";"0.00";"IST";"PT";"1h 23m";"-0.00"
"493";"USTEC_ICM_UTC2";"Buy";"7393.7";"7311.2";"2019.05.13 16:30:00";"2019.05.13 20:11:00";"30.0";"-2475.00";"7311.20020";"7476.20020";"-106012.64";"0.00";"IST";"SL";"3h 41m";"-0.00"
"494";"USTEC_ICM_UTC2";"Buy";"7383.4";"7465.9";"2019.05.14 16:45:00";"2019.05.15 17:42:00";"30.0";"2291.88";"7300.89990";"7465.89990";"-103720.76";"0.00";"IST";"PT";"1d 0h 57m";"-183.12"
"495";"USTEC_ICM_UTC2";"Buy";"7496.5";"7579.0";"2019.05.15 20:30:00";"2019.05.16 17:18:00";"30.0";"2291.88";"7414.00000";"7579.00000";"-101428.88";"0.00";"IST";"PT";"20h 48m";"-183.12"
"496";"USTEC_ICM_UTC2";"Buy";"7601.6";"7519.1";"2019.05.16 21:30:00";"2019.05.17 14:51:00";"30.0";"-2658.12";"7519.10010";"7684.10010";"-104087.00";"0.00";"IST";"SL";"17h 21m";"-183.12"
"497";"USTEC_ICM_UTC2";"Buy";"7543.3";"7504.6";"2019.05.17 16:45:00";"2019.05.17 22:55:00";"30.0";"-1161.00";"7460.79980";"7625.79980";"-105248.00";"0.00";"IST";"End Of Friday (Time)";"6h 10m";"-0.00"
"498";"USTEC_ICM_UTC2";"Buy";"7397.2";"7314.7";"2019.05.20 16:30:00";"2019.05.23 12:40:00";"30.0";"-3024.36";"7314.70020";"7479.70020";"-108272.36";"0.00";"IST";"SL";"2d 20h 10m";"-549.36"
"499";"USTEC_ICM_UTC2";"Buy";"7335.2";"7300.3";"2019.05.23 16:30:00";"2019.05.24 22:55:00";"30.0";"-1230.12";"7252.70020";"7417.70020";"-109502.48";"0.00";"IST";"End Of Friday (Time)";"1d 6h 25m";"-183.12"
"500";"USTEC_ICM_UTC2";"Buy";"7306.0";"7223.5";"2019.05.27 16:30:00";"2019.05.29 09:21:00";"30.0";"-2841.24";"7223.50000";"7388.50000";"-112343.72";"0.00";"IST";"SL";"1d 16h 51m";"-366.24"
"501";"USTEC_ICM_UTC2";"Buy";"7226.5";"7144.0";"2019.05.29 16:45:00";"2019.05.31 10:54:00";"30.0";"-2841.24";"7144.00000";"7309.00000";"-115184.96";"0.00";"IST";"SL";"1d 18h 9m";"-366.24"
"502";"USTEC_ICM_UTC2";"Buy";"7157.8";"7134.0";"2019.05.31 16:30:00";"2019.05.31 22:55:00";"30.0";"-714.00";"7075.29980";"7240.29980";"-115898.96";"0.00";"IST";"End Of Friday (Time)";"6h 25m";"-0.00"
"503";"USTEC_ICM_UTC2";"Buy";"7098.8";"7016.3";"2019.06.03 16:45:00";"2019.06.03 19:21:00";"30.0";"-2475.00";"7016.29980";"7181.29980";"-118373.96";"0.00";"IST";"SL";"2h 36m";"-0.00"
"504";"USTEC_ICM_UTC2";"Buy";"7035.5";"7118.0";"2019.06.04 16:45:00";"2019.06.04 18:23:00";"30.0";"2475.00";"6953.00000";"7118.00000";"-115898.96";"0.00";"IST";"PT";"1h 38m";"-0.00"
"505";"USTEC_ICM_UTC2";"Buy";"7209.0";"7291.5";"2019.06.05 21:15:00";"2019.06.06 22:34:00";"30.0";"2291.88";"7126.50000";"7291.50000";"-113607.08";"0.00";"IST";"PT";"1d 1h 19m";"-183.12"
"506";"USTEC_ICM_UTC2";"Buy";"7431.1";"7412.9";"2019.06.07 21:30:00";"2019.06.07 22:55:00";"30.0";"-546.00";"7348.60010";"7513.60010";"-114153.08";"0.00";"IST";"End Of Friday (Time)";"1h 25m";"-0.00"
"507";"USTEC_ICM_UTC2";"Buy";"7519.9";"7437.4";"2019.06.10 21:45:00";"2019.06.13 05:09:00";"30.0";"-3024.36";"7437.39990";"7602.39990";"-117177.44";"0.00";"IST";"SL";"2d 7h 24m";"-549.36"
"508";"USTEC_ICM_UTC2";"Buy";"7508.5";"7489.0";"2019.06.13 20:45:00";"2019.06.14 22:55:00";"30.0";"-768.12";"7426.00000";"7591.00000";"-117945.56";"0.00";"IST";"End Of Friday (Time)";"1d 2h 10m";"-183.12"
"509";"USTEC_ICM_UTC2";"Buy";"7538.8";"7621.3";"2019.06.17 20:45:00";"2019.06.18 16:39:00";"30.0";"2291.88";"7456.29980";"7621.29980";"-115653.68";"0.00";"IST";"PT";"19h 54m";"-183.12"
"510";"USTEC_ICM_UTC2";"Buy";"7649.5";"7732.0";"2019.06.18 21:00:00";"2019.06.20 06:21:00";"30.0";"2108.76";"7567.00000";"7732.00000";"-113544.92";"0.00";"IST";"PT";"1d 9h 21m";"-366.24"
"511";"USTEC_ICM_UTC2";"Buy";"7715.8";"7731.3";"2019.06.20 21:15:00";"2019.06.21 22:55:00";"30.0";"281.88";"7633.29980";"7798.29980";"-113263.04";"0.00";"IST";"End Of Friday (Time)";"1d 1h 40m";"-183.12"
"512";"USTEC_ICM_UTC2";"Buy";"7739.4";"7656.9";"2019.06.24 16:30:00";"2019.06.25 17:52:00";"30.0";"-2658.12";"7656.89990";"7821.89990";"-115921.16";"0.00";"IST";"SL";"1d 1h 22m";"-183.12"
"513";"USTEC_ICM_UTC2";"Buy";"7661.9";"7649.8";"2019.06.25 18:30:00";"2019.06.28 22:55:00";"30.0";"-912.36";"7579.39990";"7744.39990";"-116833.52";"0.00";"IST";"End Of Friday (Time)";"3d 4h 25m";"-549.36"
"514";"USTEC_ICM_UTC2";"Buy";"7749.3";"7831.8";"2019.07.01 20:45:00";"2019.07.03 11:09:00";"30.0";"2108.76";"7666.79980";"7831.79980";"-114724.76";"0.00";"IST";"PT";"1d 14h 24m";"-366.24"
"515";"USTEC_ICM_UTC2";"Buy";"7802.9";"7834.8";"2019.07.05 16:45:00";"2019.07.05 22:55:00";"30.0";"957.00";"7720.39990";"7885.39990";"-113767.76";"0.00";"IST";"End Of Friday (Time)";"6h 10m";"-0.00"
"516";"USTEC_ICM_UTC2";"Buy";"7792.4";"7874.9";"2019.07.08 16:30:00";"2019.07.10 15:50:00";"30.0";"2108.76";"7709.89990";"7874.89990";"-111659.00";"0.00";"IST";"PT";"1d 23h 20m";"-366.24"
"517";"USTEC_ICM_UTC2";"Buy";"7893.3";"7938.2";"2019.07.10 21:15:00";"2019.07.12 22:55:00";"30.0";"980.76";"7810.79980";"7975.79980";"-110678.24";"0.00";"IST";"End Of Friday (Time)";"2d 1h 40m";"-366.24"
"518";"USTEC_ICM_UTC2";"Buy";"7963.3";"7880.8";"2019.07.15 22:00:00";"2019.07.17 23:03:00";"30.0";"-2841.24";"7880.79980";"8045.79980";"-113519.48";"0.00";"IST";"SL";"2d 1h 3m";"-366.24"
"519";"USTEC_ICM_UTC2";"Buy";"7872.4";"7954.9";"2019.07.18 16:45:00";"2019.07.19 16:28:00";"30.0";"2291.88";"7789.89990";"7954.89990";"-111227.60";"0.00";"IST";"PT";"23h 43m";"-183.12"
"520";"USTEC_ICM_UTC2";"Buy";"7902.0";"7846.7";"2019.07.19 21:00:00";"2019.07.19 22:55:00";"30.0";"-1659.00";"7819.50000";"7984.50000";"-112886.60";"0.00";"IST";"End Of Friday (Time)";"1h 55m";"-0.00"
"521";"USTEC_ICM_UTC2";"Buy";"7881.8";"7964.3";"2019.07.22 16:45:00";"2019.07.23 23:09:00";"30.0";"2291.88";"7799.29980";"7964.29980";"-110594.72";"0.00";"IST";"PT";"1d 6h 24m";"-183.12"
"522";"USTEC_ICM_UTC2";"Buy";"7973.0";"8022.1";"2019.07.24 21:15:00";"2019.07.26 22:55:00";"30.0";"1106.76";"7890.50000";"8055.50000";"-109487.96";"0.00";"IST";"End Of Friday (Time)";"2d 1h 40m";"-366.24"
"523";"USTEC_ICM_UTC2";"Buy";"7961.8";"7879.3";"2019.07.29 17:45:00";"2019.07.31 21:45:00";"30.0";"-2841.24";"7879.29980";"8044.29980";"-112329.20";"0.00";"IST";"SL";"2d 4h 0m";"-366.24"
"524";"USTEC_ICM_UTC2";"Buy";"7876.3";"7958.8";"2019.07.31 22:15:00";"2019.08.01 17:30:00";"30.0";"2291.88";"7793.79980";"7958.79980";"-110037.32";"0.00";"IST";"PT";"19h 15m";"-183.12"
"525";"USTEC_ICM_UTC2";"Buy";"7810.0";"7727.5";"2019.08.01 22:00:00";"2019.08.02 11:53:00";"30.0";"-2658.12";"7727.50000";"7892.50000";"-112695.44";"0.00";"IST";"SL";"13h 53m";"-183.12"
"526";"USTEC_ICM_UTC2";"Buy";"7677.3";"7679.5";"2019.08.02 18:15:00";"2019.08.02 22:55:00";"30.0";"66.00";"7594.79980";"7759.79980";"-112629.44";"0.00";"IST";"End Of Friday (Time)";"4h 40m";"-0.00"
"527";"USTEC_ICM_UTC2";"Buy";"7493.6";"7411.1";"2019.08.05 17:15:00";"2019.08.05 19:59:00";"30.0";"-2475.00";"7411.10010";"7576.10010";"-115104.44";"0.00";"IST";"SL";"2h 44m";"-0.00"
"528";"USTEC_ICM_UTC2";"Buy";"7479.6";"7397.1";"2019.08.06 17:15:00";"2019.08.07 16:45:00";"30.0";"-2658.12";"7397.10010";"7562.10010";"-117762.56";"0.00";"IST";"SL";"23h 30m";"-183.12"
"529";"USTEC_ICM_UTC2";"Buy";"7537.3";"7619.8";"2019.08.07 20:45:00";"2019.08.08 17:00:00";"30.0";"2291.88";"7454.79980";"7619.79980";"-115470.68";"0.00";"IST";"PT";"20h 15m";"-183.12"
"530";"USTEC_ICM_UTC2";"Buy";"7697.1";"7614.6";"2019.08.08 21:00:00";"2019.08.09 18:26:00";"30.0";"-2658.12";"7614.60010";"7779.60010";"-118128.80";"0.00";"IST";"SL";"21h 26m";"-183.12"
"531";"USTEC_ICM_UTC2";"Buy";"7597.4";"7679.9";"2019.08.09 19:00:00";"2019.08.09 20:31:00";"30.0";"2475.00";"7514.89990";"7679.89990";"-115653.80";"0.00";"IST";"PT";"1h 31m";"-0.00"
"532";"USTEC_ICM_UTC2";"Buy";"7584.4";"7666.9";"2019.08.12 16:45:00";"2019.08.13 16:46:00";"30.0";"2291.88";"7501.89990";"7666.89990";"-113361.92";"0.00";"IST";"PT";"1d 0h 1m";"-183.12"
"533";"USTEC_ICM_UTC2";"Buy";"7748.5";"7666.0";"2019.08.13 21:30:00";"2019.08.14 13:08:00";"30.0";"-2658.12";"7666.00000";"7831.00000";"-116020.04";"0.00";"IST";"SL";"15h 38m";"-183.12"
"534";"USTEC_ICM_UTC2";"Buy";"7599.0";"7516.5";"2019.08.14 16:45:00";"2019.08.14 18:46:00";"30.0";"-2475.00";"7516.50000";"7681.50000";"-118495.04";"0.00";"IST";"SL";"2h 1m";"-0.00"
"535";"USTEC_ICM_UTC2";"Buy";"7506.2";"7588.7";"2019.08.15 17:15:00";"2019.08.16 12:07:00";"30.0";"2291.88";"7423.70020";"7588.70020";"-116203.16";"0.00";"IST";"PT";"18h 52m";"-183.12"
"536";"USTEC_ICM_UTC2";"Buy";"7609.1";"7609.9";"2019.08.16 22:15:00";"2019.08.16 22:55:00";"30.0";"24.00";"7526.60010";"7691.60010";"-116179.16";"0.00";"IST";"End Of Friday (Time)";"40m 0s";"-0.00"
"537";"USTEC_ICM_UTC2";"Buy";"7724.5";"7642.0";"2019.08.19 22:00:00";"2019.08.23 15:25:00";"30.0";"-3207.48";"7642.00000";"7807.00000";"-119386.64";"0.00";"IST";"SL";"3d 17h 25m";"-732.48"
"538";"USTEC_ICM_UTC2";"Buy";"7660.2";"7577.7";"2019.08.23 16:45:00";"2019.08.23 18:09:00";"30.0";"-2475.00";"7577.70020";"7742.70020";"-121861.64";"0.00";"IST";"SL";"1h 24m";"-0.00"
"539";"USTEC_ICM_UTC2";"Buy";"7519.3";"7601.8";"2019.08.26 17:15:00";"2019.08.27 14:08:00";"30.0";"2291.88";"7436.79980";"7601.79980";"-119569.76";"0.00";"IST";"PT";"20h 53m";"-183.12"
"540";"USTEC_ICM_UTC2";"Buy";"7551.7";"7634.2";"2019.08.27 20:30:00";"2019.08.29 10:13:00";"30.0";"2108.76";"7469.20020";"7634.20020";"-117461.00";"0.00";"IST";"PT";"1d 13h 43m";"-366.24"
"541";"USTEC_ICM_UTC2";"Buy";"7714.5";"7675.8";"2019.08.29 20:45:00";"2019.08.30 22:55:00";"30.0";"-1344.12";"7632.00000";"7797.00000";"-118805.12";"0.00";"IST";"End Of Friday (Time)";"1d 2h 10m";"-183.12"
"542";"USTEC_ICM_UTC2";"Buy";"7640.7";"7723.2";"2019.09.02 16:45:00";"2019.09.04 10:42:00";"30.0";"2108.76";"7558.20020";"7723.20020";"-116696.36";"0.00";"IST";"PT";"1d 17h 57m";"-366.24"
"543";"USTEC_ICM_UTC2";"Buy";"7708.4";"7790.9";"2019.09.04 21:45:00";"2019.09.05 04:37:00";"30.0";"2291.88";"7625.89990";"7790.89990";"-114404.48";"0.00";"IST";"PT";"6h 52m";"-183.12"
"544";"USTEC_ICM_UTC2";"Buy";"7853.4";"7852.9";"2019.09.05 21:15:00";"2019.09.06 22:55:00";"30.0";"-198.12";"7770.89990";"7935.89990";"-114602.60";"0.00";"IST";"End Of Friday (Time)";"1d 1h 40m";"-183.12"
"545";"USTEC_ICM_UTC2";"Buy";"7861.8";"7779.3";"2019.09.09 17:45:00";"2019.09.10 11:15:00";"30.0";"-2658.12";"7779.29980";"7944.29980";"-117260.72";"0.00";"IST";"SL";"17h 30m";"-183.12"
"546";"USTEC_ICM_UTC2";"Buy";"7779.5";"7862.0";"2019.09.10 17:30:00";"2019.09.11 17:14:00";"30.0";"2291.88";"7697.00000";"7862.00000";"-114968.84";"0.00";"IST";"PT";"23h 44m";"-183.12"
"547";"USTEC_ICM_UTC2";"Buy";"7869.0";"7951.5";"2019.09.11 22:15:00";"2019.09.12 02:26:00";"30.0";"2291.88";"7786.50000";"7951.50000";"-112676.96";"0.00";"IST";"PT";"4h 11m";"-183.12"
"548";"USTEC_ICM_UTC2";"Buy";"7953.9";"7895.0";"2019.09.12 20:45:00";"2019.09.13 22:55:00";"30.0";"-1950.12";"7871.39990";"8036.39990";"-114627.08";"0.00";"IST";"End Of Friday (Time)";"1d 2h 10m";"-183.12"
"549";"USTEC_ICM_UTC2";"Buy";"7837.0";"7919.5";"2019.09.16 16:30:00";"2019.09.19 16:32:00";"30.0";"1925.64";"7754.50000";"7919.50000";"-112701.44";"0.00";"IST";"PT";"3d 0h 2m";"-549.36"
"550";"USTEC_ICM_UTC2";"Buy";"7908.8";"7826.3";"2019.09.19 21:00:00";"2019.09.20 20:13:00";"30.0";"-2658.12";"7826.29980";"7991.29980";"-115359.56";"0.00";"IST";"SL";"23h 13m";"-183.12"
"551";"USTEC_ICM_UTC2";"Buy";"7813.3";"7829.9";"2019.09.20 20:15:00";"2019.09.20 22:55:00";"30.0";"498.00";"7730.79980";"7895.79980";"-114861.56";"0.00";"IST";"End Of Friday (Time)";"2h 40m";"-0.00"
"552";"USTEC_ICM_UTC2";"Buy";"7815.1";"7732.6";"2019.09.23 16:45:00";"2019.09.24 19:23:00";"30.0";"-2658.12";"7732.60010";"7897.60010";"-117519.68";"0.00";"IST";"SL";"1d 2h 38m";"-183.12"
"553";"USTEC_ICM_UTC2";"Buy";"7709.9";"7792.4";"2019.09.24 20:45:00";"2019.09.25 21:48:00";"30.0";"2291.88";"7627.39990";"7792.39990";"-115227.80";"0.00";"IST";"PT";"1d 1h 3m";"-183.12"
"554";"USTEC_ICM_UTC2";"Buy";"7755.6";"7672.9";"2019.09.26 20:45:00";"2019.09.27 20:00:00";"30.0";"-2665.32";"7673.10010";"7838.10010";"-117893.13";"0.00";"IST";"SL";"23h 15m";"-183.12"
"555";"USTEC_ICM_UTC2";"Buy";"7682.7";"7677.7";"2019.09.27 20:45:00";"2019.09.27 22:55:00";"30.0";"-150.00";"7600.20020";"7765.20020";"-118043.13";"0.00";"IST";"End Of Friday (Time)";"2h 10m";"-0.00"
"556";"USTEC_ICM_UTC2";"Buy";"7719.7";"7802.2";"2019.09.30 17:30:00";"2019.10.01 09:17:00";"30.0";"2291.88";"7637.20020";"7802.20020";"-115751.24";"0.00";"IST";"PT";"15h 47m";"-183.12"
"557";"USTEC_ICM_UTC2";"Buy";"7680.1";"7597.6";"2019.10.01 21:00:00";"2019.10.02 16:38:00";"30.0";"-2658.12";"7597.60010";"7762.60010";"-118409.36";"0.00";"IST";"SL";"19h 38m";"-183.12"
"558";"USTEC_ICM_UTC2";"Buy";"7583.1";"7500.6";"2019.10.02 17:30:00";"2019.10.03 17:00:00";"30.0";"-2658.12";"7500.60010";"7665.60010";"-121067.48";"0.00";"IST";"SL";"23h 30m";"-183.12"
"559";"USTEC_ICM_UTC2";"Buy";"7587.3";"7669.8";"2019.10.03 18:15:00";"2019.10.04 08:14:00";"30.0";"2291.88";"7504.79980";"7669.79980";"-118775.60";"0.00";"IST";"PT";"13h 59m";"-183.12"
"560";"USTEC_ICM_UTC2";"Buy";"7726.3";"7754.1";"2019.10.04 20:30:00";"2019.10.04 22:55:00";"30.0";"834.00";"7643.79980";"7808.79980";"-117941.60";"0.00";"IST";"End Of Friday (Time)";"2h 25m";"-0.00"
"561";"USTEC_ICM_UTC2";"Buy";"7776.4";"7693.9";"2019.10.07 20:45:00";"2019.10.08 13:07:00";"30.0";"-2658.12";"7693.89990";"7858.89990";"-120599.72";"0.00";"IST";"SL";"16h 22m";"-183.12"
"562";"USTEC_ICM_UTC2";"Buy";"7632.5";"7715.0";"2019.10.08 17:30:00";"2019.10.09 21:54:00";"30.0";"2291.88";"7550.00000";"7715.00000";"-118307.84";"0.00";"IST";"PT";"1d 4h 24m";"-183.12"
"563";"USTEC_ICM_UTC2";"Buy";"7684.8";"7767.3";"2019.10.10 16:30:00";"2019.10.10 18:05:00";"30.0";"2475.00";"7602.29980";"7767.29980";"-115832.84";"0.00";"IST";"PT";"1h 35m";"-0.00"
"564";"USTEC_ICM_UTC2";"Buy";"7874.2";"7853.3";"2019.10.11 20:30:00";"2019.10.11 22:55:00";"30.0";"-627.00";"7791.70020";"7956.70020";"-116459.84";"0.00";"IST";"End Of Friday (Time)";"2h 25m";"-0.00"
"565";"USTEC_ICM_UTC2";"Buy";"7850.1";"7932.6";"2019.10.14 17:15:00";"2019.10.15 17:40:00";"30.0";"2291.88";"7767.60010";"7932.60010";"-114167.96";"0.00";"IST";"PT";"1d 0h 25m";"-183.12"
"566";"USTEC_ICM_UTC2";"Buy";"7955.3";"7872.8";"2019.10.15 21:00:00";"2019.10.18 18:50:00";"30.0";"-3024.36";"7872.79980";"8037.79980";"-117192.32";"0.00";"IST";"SL";"2d 21h 50m";"-549.36"
"567";"USTEC_ICM_UTC2";"Buy";"7857.3";"7886.0";"2019.10.18 20:00:00";"2019.10.18 22:55:00";"30.0";"861.00";"7774.79980";"7939.79980";"-116331.32";"0.00";"IST";"End Of Friday (Time)";"2h 55m";"-0.00"
"568";"USTEC_ICM_UTC2";"Buy";"7905.5";"7823.0";"2019.10.21 16:30:00";"2019.10.23 03:01:00";"30.0";"-2841.24";"7823.00000";"7988.00000";"-119172.56";"0.00";"IST";"SL";"1d 10h 31m";"-366.24"
"569";"USTEC_ICM_UTC2";"Buy";"7857.9";"7940.4";"2019.10.23 17:45:00";"2019.10.24 14:59:00";"30.0";"2291.88";"7775.39990";"7940.39990";"-116880.68";"0.00";"IST";"PT";"21h 14m";"-183.12"
"570";"USTEC_ICM_UTC2";"Buy";"7950.5";"8033.0";"2019.10.24 21:15:00";"2019.10.25 18:48:00";"30.0";"2291.88";"7868.00000";"8033.00000";"-114588.80";"0.00";"IST";"PT";"21h 33m";"-183.12"
"571";"USTEC_ICM_UTC2";"Buy";"8024.7";"8022.3";"2019.10.25 20:30:00";"2019.10.25 22:55:00";"30.0";"-72.00";"7942.20020";"8107.20020";"-114660.80";"0.00";"IST";"End Of Friday (Time)";"2h 25m";"-0.00"
"572";"USTEC_ICM_UTC2";"Buy";"8113.5";"8031.0";"2019.10.28 20:45:00";"2019.10.30 16:03:00";"30.0";"-2841.24";"8031.00000";"8196.00000";"-117502.04";"0.00";"IST";"SL";"1d 19h 18m";"-366.24"
"573";"USTEC_ICM_UTC2";"Buy";"8046.8";"8129.3";"2019.10.30 16:30:00";"2019.10.31 10:16:00";"30.0";"2291.88";"7964.29980";"8129.29980";"-115210.16";"0.00";"IST";"PT";"17h 46m";"-183.12"
"574";"USTEC_ICM_UTC2";"Buy";"8061.3";"8143.8";"2019.10.31 20:30:00";"2019.11.01 16:02:00";"30.0";"2291.88";"7978.79980";"8143.79980";"-112918.28";"0.00";"IST";"PT";"19h 32m";"-183.12"
"575";"USTEC_ICM_UTC2";"Buy";"8145.4";"8227.9";"2019.11.01 21:45:00";"2019.11.04 16:42:00";"30.0";"1925.64";"8062.89990";"8227.90039";"-110992.64";"0.00";"IST";"PT";"2d 18h 57m";"-549.36"
"576";"USTEC_ICM_UTC2";"Buy";"8217.6";"8248.4";"2019.11.04 20:30:00";"2019.11.08 22:55:00";"30.0";"191.55";"8135.10010";"8300.09961";"-110801.09";"0.00";"IST";"End Of Friday (Time)";"4d 2h 25m";"-732.48"
"577";"USTEC_ICM_UTC2";"Buy";"8222.4";"8304.9";"2019.11.11 17:00:00";"2019.11.15 16:28:00";"30.0";"1742.52";"8139.89990";"8304.90039";"-109058.57";"0.00";"IST";"PT";"3d 23h 28m";"-732.48"
"578";"USTEC_ICM_UTC2";"Buy";"8303.9";"8307.9";"2019.11.15 20:30:00";"2019.11.15 22:55:00";"30.0";"120.00";"8221.40039";"8386.40039";"-108938.57";"0.00";"IST";"End Of Friday (Time)";"2h 25m";"-0.00"
"579";"USTEC_ICM_UTC2";"Buy";"8329.3";"8246.8";"2019.11.18 21:15:00";"2019.11.20 20:09:00";"30.0";"-2841.24";"8246.79980";"8411.79980";"-111779.81";"0.00";"IST";"SL";"1d 22h 54m";"-366.24"
"580";"USTEC_ICM_UTC2";"Buy";"8241.4";"8264.7";"2019.11.20 20:45:00";"2019.11.22 22:55:00";"30.0";"332.76";"8158.89990";"8323.90039";"-111447.05";"0.00";"IST";"End Of Friday (Time)";"2d 2h 10m";"-366.24"
"581";"USTEC_ICM_UTC2";"Buy";"8360.5";"8443.0";"2019.11.25 22:15:00";"2019.11.27 22:54:00";"30.0";"2108.76";"8278.00000";"8443.00000";"-109338.29";"0.00";"IST";"PT";"2d 0h 39m";"-366.24"
"582";"USTEC_ICM_UTC2";"Buy";"8436.9";"8354.4";"2019.11.28 16:30:00";"2019.12.02 16:40:00";"30.0";"-3207.48";"8354.40039";"8519.40039";"-112545.77";"0.00";"IST";"SL";"4d 0h 10m";"-732.48"
"583";"USTEC_ICM_UTC2";"Buy";"8326.8";"8244.3";"2019.12.02 22:45:00";"2019.12.03 15:11:00";"30.0";"-2658.12";"8244.29980";"8409.29980";"-115203.89";"0.00";"IST";"SL";"16h 26m";"-183.12"
"584";"USTEC_ICM_UTC2";"Buy";"8199.3";"8281.8";"2019.12.03 16:45:00";"2019.12.04 11:08:00";"30.0";"2291.88";"8116.79980";"8281.79980";"-112912.02";"0.00";"IST";"PT";"18h 23m";"-183.12"
"585";"USTEC_ICM_UTC2";"Buy";"8298.9";"8381.4";"2019.12.04 16:45:00";"2019.12.06 16:45:00";"30.0";"2108.76";"8216.40039";"8381.40039";"-110803.25";"0.00";"IST";"PT";"2d 0h 0m";"-366.24"
"586";"USTEC_ICM_UTC2";"Buy";"8391.8";"8309.3";"2019.12.09 20:45:00";"2019.12.10 13:27:00";"30.0";"-2658.12";"8309.29980";"8474.29980";"-113461.38";"0.00";"IST";"SL";"16h 42m";"-183.12"
"587";"USTEC_ICM_UTC2";"Buy";"8375.7";"8458.2";"2019.12.10 17:15:00";"2019.12.12 16:39:00";"30.0";"2108.76";"8293.20020";"8458.20020";"-111352.61";"0.00";"IST";"PT";"1d 23h 24m";"-366.24"
"588";"USTEC_ICM_UTC2";"Buy";"8423.9";"8506.4";"2019.12.12 21:15:00";"2019.12.13 03:14:00";"30.0";"2291.88";"8341.40039";"8506.40039";"-109060.73";"0.00";"IST";"PT";"5h 59m";"-183.12"
"589";"USTEC_ICM_UTC2";"Buy";"8490.5";"8486.2";"2019.12.13 20:45:00";"2019.12.13 22:55:00";"30.0";"-129.00";"8408.00000";"8573.00000";"-109189.73";"0.00";"IST";"End Of Friday (Time)";"2h 10m";"-0.00"
"590";"USTEC_ICM_UTC2";"Buy";"8585.6";"8668.1";"2019.12.16 21:00:00";"2019.12.20 16:21:00";"30.0";"1742.52";"8503.09961";"8668.09961";"-107447.21";"0.00";"IST";"PT";"3d 19h 21m";"-732.48"
"591";"USTEC_ICM_UTC2";"Buy";"8683.4";"8679.3";"2019.12.20 21:45:00";"2019.12.20 22:55:00";"30.0";"-123.03";"8600.90039";"8765.90039";"-107570.24";"0.00";"IST";"End Of Friday (Time)";"1h 10m";"-0.00"
"592";"USTEC_ICM_UTC2";"Buy";"8704.4";"8786.9";"2019.12.23 21:15:00";"2019.12.27 02:31:00";"30.0";"1742.52";"8621.90039";"8786.90039";"-105827.73";"0.00";"IST";"PT";"3d 5h 16m";"-732.48"
"593";"USTEC_ICM_UTC2";"Buy";"8772.2";"8762.6";"2019.12.27 21:00:00";"2019.12.27 22:55:00";"30.0";"-288.03";"8689.70020";"8854.70020";"-106115.75";"0.00";"IST";"End Of Friday (Time)";"1h 55m";"-0.00"
"594";"USTEC_ICM_UTC2";"Buy";"8700.9";"8783.4";"2019.12.30 17:45:00";"2020.01.02 10:52:00";"30.0";"1925.64";"8618.40039";"8783.40039";"-104190.11";"0.00";"IST";"PT";"2d 17h 7m";"-549.36"
"595";"USTEC_ICM_UTC2";"Buy";"8827.6";"8745.1";"2020.01.02 21:00:00";"2020.01.03 11:47:00";"30.0";"-2658.12";"8745.09961";"8910.09961";"-106848.23";"0.00";"IST";"SL";"14h 47m";"-183.12"
"596";"USTEC_ICM_UTC2";"Buy";"8811.6";"8802.9";"2020.01.03 17:30:00";"2020.01.03 22:55:00";"30.0";"-260.97";"8729.09961";"8894.09961";"-107109.20";"0.00";"IST";"End Of Friday (Time)";"5h 25m";"-0.00"
"597";"USTEC_ICM_UTC2";"Buy";"8759.0";"8841.5";"2020.01.06 16:45:00";"2020.01.06 22:50:00";"30.0";"2475.00";"8676.50000";"8841.50000";"-104634.20";"0.00";"IST";"PT";"6h 5m";"-0.00"
"598";"USTEC_ICM_UTC2";"Buy";"8852.8";"8770.3";"2020.01.07 21:45:00";"2020.01.08 01:22:00";"30.0";"-2658.12";"8770.29980";"8935.29980";"-107292.32";"0.00";"IST";"SL";"3h 37m";"-183.12"
"599";"USTEC_ICM_UTC2";"Buy";"8869.4";"8951.9";"2020.01.08 16:45:00";"2020.01.08 22:26:00";"30.0";"2475.00";"8786.90039";"8951.90039";"-104817.32";"0.00";"IST";"PT";"5h 41m";"-0.00"
"600";"USTEC_ICM_UTC2";"Buy";"8986.2";"8966.9";"2020.01.09 21:45:00";"2020.01.10 22:55:00";"30.0";"-762.12";"8903.70020";"9068.70020";"-105579.45";"0.00";"IST";"End Of Friday (Time)";"1d 1h 10m";"-183.12"
"601";"USTEC_ICM_UTC2";"Buy";"9001.0";"9083.5";"2020.01.13 16:30:00";"2020.01.14 01:49:00";"30.0";"2291.88";"8918.50000";"9083.50000";"-103287.56";"0.00";"IST";"PT";"9h 19m";"-183.12"
"602";"USTEC_ICM_UTC2";"Buy";"9047.4";"9129.9";"2020.01.14 20:45:00";"2020.01.17 01:17:00";"30.0";"1925.64";"8964.90039";"9129.90039";"-101361.92";"0.00";"IST";"PT";"2d 4h 32m";"-549.36"
"603";"USTEC_ICM_UTC2";"Buy";"9148.1";"9171.5";"2020.01.17 21:00:00";"2020.01.17 22:55:00";"30.0";"702.00";"9065.59961";"9230.59961";"-100659.92";"0.00";"IST";"End Of Friday (Time)";"1h 55m";"-0.00"
"604";"USTEC_ICM_UTC2";"Buy";"9158.9";"9241.4";"2020.01.20 16:45:00";"2020.01.22 17:43:00";"30.0";"2108.76";"9076.40039";"9241.40039";"-98551.16";"0.00";"IST";"PT";"2d 0h 58m";"-366.24"
"605";"USTEC_ICM_UTC2";"Buy";"9217.6";"9135.1";"2020.01.22 22:00:00";"2020.01.24 20:49:00";"30.0";"-2841.24";"9135.09961";"9300.09961";"-101392.41";"0.00";"IST";"SL";"1d 22h 49m";"-366.24"
"606";"USTEC_ICM_UTC2";"Buy";"9113.9";"9146.0";"2020.01.24 21:45:00";"2020.01.24 22:55:00";"30.0";"963.00";"9031.40039";"9196.40039";"-100429.41";"0.00";"IST";"End Of Friday (Time)";"1h 10m";"-0.00"
"607";"USTEC_ICM_UTC2";"Buy";"8967.3";"9049.8";"2020.01.27 16:45:00";"2020.01.28 17:34:00";"30.0";"2291.88";"8884.79980";"9049.79980";"-98137.52";"0.00";"IST";"PT";"1d 0h 49m";"-183.12"
"608";"USTEC_ICM_UTC2";"Buy";"9094.1";"9011.6";"2020.01.28 21:00:00";"2020.01.30 09:06:00";"30.0";"-2841.24";"9011.59961";"9176.59961";"-100978.77";"0.00";"IST";"SL";"1d 12h 6m";"-366.24"
"609";"USTEC_ICM_UTC2";"Buy";"9098.9";"9181.4";"2020.01.30 16:45:00";"2020.01.30 23:01:00";"30.0";"2475.00";"9016.40039";"9181.40039";"-98503.77";"0.00";"IST";"PT";"6h 16m";"-0.00"
"610";"USTEC_ICM_UTC2";"Buy";"9025.2";"8998.3";"2020.01.31 21:15:00";"2020.01.31 22:55:00";"30.0";"-807.00";"8942.70020";"9107.70020";"-99310.77";"0.00";"IST";"End Of Friday (Time)";"1h 40m";"-0.00"
"611";"USTEC_ICM_UTC2";"Buy";"9084.9";"9167.4";"2020.02.03 16:45:00";"2020.02.04 05:36:00";"30.0";"2291.88";"9002.40039";"9167.40039";"-97018.88";"0.00";"IST";"PT";"12h 51m";"-183.12"
"612";"USTEC_ICM_UTC2";"Buy";"9322.7";"9405.2";"2020.02.04 20:45:00";"2020.02.05 10:38:00";"30.0";"2291.88";"9240.20020";"9405.20020";"-94727.00";"0.00";"IST";"PT";"13h 53m";"-183.12"
"613";"USTEC_ICM_UTC2";"Buy";"9349.4";"9431.9";"2020.02.05 20:45:00";"2020.02.06 06:50:00";"30.0";"2291.88";"9266.90039";"9431.90039";"-92435.13";"0.00";"IST";"PT";"10h 5m";"-183.12"
"614";"USTEC_ICM_UTC2";"Buy";"9368.1";"9457.8";"2020.02.06 16:45:00";"2020.02.07 01:00:00";"30.0";"2507.88";"9285.59961";"9450.59961";"-89927.24";"0.00";"IST";"PT";"8h 15m";"-183.12"
"615";"USTEC_ICM_UTC2";"Buy";"9387.8";"9394.0";"2020.02.07 16:45:00";"2020.02.07 22:55:00";"30.0";"186.00";"9305.29980";"9470.29980";"-89741.24";"0.00";"IST";"End Of Friday (Time)";"6h 10m";"-0.00"
"616";"USTEC_ICM_UTC2";"Buy";"9427.6";"9510.1";"2020.02.10 16:45:00";"2020.02.10 22:56:00";"30.0";"2475.00";"9345.09961";"9510.09961";"-87266.24";"0.00";"IST";"PT";"6h 11m";"-0.00"
"617";"USTEC_ICM_UTC2";"Buy";"9541.1";"9623.6";"2020.02.11 21:45:00";"2020.02.13 20:42:00";"30.0";"2108.76";"9458.59961";"9623.59961";"-85157.48";"0.00";"IST";"PT";"1d 22h 57m";"-366.24"
"618";"USTEC_ICM_UTC2";"Buy";"9603.1";"9618.1";"2020.02.14 20:45:00";"2020.02.14 22:55:00";"30.0";"450.00";"9520.59961";"9685.59961";"-84707.48";"0.00";"IST";"End Of Friday (Time)";"2h 10m";"-0.00"
"619";"USTEC_ICM_UTC2";"Buy";"9594.8";"9677.3";"2020.02.18 16:45:00";"2020.02.19 16:05:00";"30.0";"2291.88";"9512.29980";"9677.29980";"-82415.60";"0.00";"IST";"PT";"23h 20m";"-183.12"
"620";"USTEC_ICM_UTC2";"Buy";"9725.8";"9643.3";"2020.02.19 21:00:00";"2020.02.20 18:16:00";"30.0";"-2658.12";"9643.29980";"9808.29980";"-85073.73";"0.00";"IST";"SL";"21h 16m";"-183.12"
"621";"USTEC_ICM_UTC2";"Buy";"9549.6";"9632.1";"2020.02.20 19:30:00";"2020.02.20 22:56:00";"30.0";"2475.00";"9467.09961";"9632.09961";"-82598.73";"0.00";"IST";"PT";"3h 26m";"-0.00"
"622";"USTEC_ICM_UTC2";"Buy";"9513.4";"9430.9";"2020.02.21 17:30:00";"2020.02.21 20:48:00";"30.0";"-2475.00";"9430.90039";"9595.90039";"-85073.73";"0.00";"IST";"SL";"3h 18m";"-0.00"
"623";"USTEC_ICM_UTC2";"Buy";"9170.7";"9088.2";"2020.02.24 16:45:00";"2020.02.24 18:46:00";"30.0";"-2475.00";"9088.20020";"9253.20020";"-87548.73";"0.00";"IST";"SL";"2h 1m";"-0.00"
"624";"USTEC_ICM_UTC2";"Buy";"9151.6";"9069.1";"2020.02.25 16:30:00";"2020.02.25 17:24:00";"30.0";"-2475.00";"9069.09961";"9234.09961";"-90023.73";"0.00";"IST";"SL";"54m 0s";"-0.00"
"625";"USTEC_ICM_UTC2";"Buy";"8884.0";"8966.5";"2020.02.26 16:30:00";"2020.02.26 16:40:00";"30.0";"2475.00";"8801.50000";"8966.50000";"-87548.73";"0.00";"IST";"PT";"10m 0s";"-0.00"
"626";"USTEC_ICM_UTC2";"Buy";"8661.7";"8579.2";"2020.02.27 16:45:00";"2020.02.27 17:26:00";"30.0";"-2475.00";"8579.20020";"8744.20020";"-90023.73";"0.00";"IST";"SL";"41m 0s";"-0.00"
"627";"USTEC_ICM_UTC2";"Buy";"8232.0";"8149.5";"2020.02.28 16:45:00";"2020.02.28 17:02:00";"30.0";"-2475.00";"8149.50000";"8314.50000";"-92498.73";"0.00";"IST";"SL";"17m 0s";"-0.00"
"628";"USTEC_ICM_UTC2";"Buy";"8678.4";"8595.9";"2020.03.02 21:00:00";"2020.03.02 21:40:00";"30.0";"-2475.00";"8595.90039";"8760.90039";"-94973.73";"0.00";"IST";"SL";"40m 0s";"-0.00"
"629";"USTEC_ICM_UTC2";"Buy";"8545.5";"8628.0";"2020.03.03 21:45:00";"2020.03.03 21:54:00";"30.0";"2475.00";"8463.00000";"8628.00000";"-92498.73";"0.00";"IST";"PT";"9m 0s";"-0.00"
"630";"USTEC_ICM_UTC2";"Buy";"8722.2";"8804.7";"2020.03.04 16:45:00";"2020.03.04 19:59:00";"30.0";"2475.00";"8639.70020";"8804.70020";"-90023.73";"0.00";"IST";"PT";"3h 14m";"-0.00"
"631";"USTEC_ICM_UTC2";"Buy";"8711.4";"8628.9";"2020.03.05 20:30:00";"2020.03.05 22:16:00";"30.0";"-2475.00";"8628.90039";"8793.90039";"-92498.73";"0.00";"IST";"SL";"1h 46m";"-0.00"
"632";"USTEC_ICM_UTC2";"Buy";"8386.8";"8469.3";"2020.03.06 16:30:00";"2020.03.06 17:16:00";"30.0";"2475.00";"8304.29980";"8469.29980";"-90023.73";"0.00";"IST";"PT";"46m 0s";"-0.00"
"633";"USTEC_ICM_UTC2";"Buy";"8097.0";"8179.5";"2020.03.09 17:15:00";"2020.03.09 17:37:00";"30.0";"2475.00";"8014.50000";"8179.50000";"-87548.73";"0.00";"IST";"PT";"22m 0s";"-0.00"
"634";"USTEC_ICM_UTC2";"Buy";"8092.2";"8174.7";"2020.03.10 20:30:00";"2020.03.10 20:41:00";"30.0";"2475.00";"8009.70020";"8174.70020";"-85073.73";"0.00";"IST";"PT";"11m 0s";"-0.00"
"635";"USTEC_ICM_UTC2";"Buy";"8152.3";"8069.8";"2020.03.11 18:15:00";"2020.03.11 18:41:00";"30.0";"-2475.00";"8069.79980";"8234.79980";"-87548.73";"0.00";"IST";"SL";"26m 0s";"-0.00"
"636";"USTEC_ICM_UTC2";"Buy";"7543.4";"7460.9";"2020.03.12 16:30:00";"2020.03.12 17:19:00";"30.0";"-2475.00";"7460.89990";"7625.89990";"-90023.73";"0.00";"IST";"SL";"49m 0s";"-0.00"
"637";"USTEC_ICM_UTC2";"Buy";"7587.7";"7505.2";"2020.03.13 16:30:00";"2020.03.13 16:55:00";"30.0";"-2475.00";"7505.20020";"7670.20020";"-92498.73";"0.00";"IST";"SL";"25m 0s";"-0.00"
"638";"USTEC_ICM_UTC2";"Buy";"7157.3";"7239.8";"2020.03.17 16:30:00";"2020.03.17 16:48:00";"30.0";"2475.00";"7074.79980";"7239.79980";"-90023.73";"0.00";"IST";"PT";"18m 0s";"-0.00"
"639";"USTEC_ICM_UTC2";"Buy";"7200.3";"7117.8";"2020.03.18 18:00:00";"2020.03.18 18:15:00";"30.0";"-2475.00";"7117.79980";"7282.79980";"-92498.73";"0.00";"IST";"SL";"15m 0s";"-0.00"
"640";"USTEC_ICM_UTC2";"Buy";"7417.2";"7499.7";"2020.03.19 20:30:00";"2020.03.19 20:41:00";"30.0";"2475.00";"7334.70020";"7499.70020";"-90023.73";"0.00";"IST";"PT";"11m 0s";"-0.00"
"641";"USTEC_ICM_UTC2";"Buy";"7150.7";"7068.2";"2020.03.20 21:30:00";"2020.03.20 21:46:00";"30.0";"-2475.00";"7068.20020";"7233.20020";"-92498.73";"0.00";"IST";"SL";"16m 0s";"-0.00"
"642";"USTEC_ICM_UTC2";"Buy";"6853.2";"6935.7";"2020.03.23 18:15:00";"2020.03.23 18:18:00";"30.0";"2475.00";"6770.70020";"6935.70020";"-90023.73";"0.00";"IST";"PT";"3m 0s";"-0.00"
"643";"USTEC_ICM_UTC2";"Buy";"7380.9";"7463.4";"2020.03.24 20:30:00";"2020.03.24 20:58:00";"30.0";"2475.00";"7298.39990";"7463.39990";"-87548.73";"0.00";"IST";"PT";"28m 0s";"-0.00"
"644";"USTEC_ICM_UTC2";"Buy";"7698.8";"7616.3";"2020.03.25 21:00:00";"2020.03.25 21:44:00";"30.0";"-2475.00";"7616.29980";"7781.29980";"-90023.73";"0.00";"IST";"SL";"44m 0s";"-0.00"
"645";"USTEC_ICM_UTC2";"Buy";"7735.6";"7818.1";"2020.03.26 17:30:00";"2020.03.26 21:50:00";"30.0";"2475.00";"7653.10010";"7818.10010";"-87548.73";"0.00";"IST";"PT";"4h 20m";"-0.00"
"646";"USTEC_ICM_UTC2";"Buy";"7721.1";"7803.6";"2020.03.27 20:30:00";"2020.03.27 21:26:00";"30.0";"2475.00";"7638.60010";"7803.60010";"-85073.73";"0.00";"IST";"PT";"56m 0s";"-0.00"
"647";"USTEC_ICM_UTC2";"Buy";"7678.7";"7761.2";"2020.03.30 16:45:00";"2020.03.30 17:15:00";"30.0";"2475.00";"7596.20020";"7761.20020";"-82598.73";"0.00";"IST";"PT";"30m 0s";"-0.00"
"648";"USTEC_ICM_UTC2";"Buy";"7877.1";"7794.6";"2020.03.31 20:45:00";"2020.03.31 22:20:00";"30.0";"-2475.00";"7794.60010";"7959.60010";"-85073.73";"0.00";"IST";"SL";"1h 35m";"-0.00"
"649";"USTEC_ICM_UTC2";"Buy";"7617.5";"7700.0";"2020.04.01 16:45:00";"2020.04.01 18:11:00";"30.0";"2475.00";"7535.00000";"7700.00000";"-82598.73";"0.00";"IST";"PT";"1h 26m";"-0.00"
"650";"USTEC_ICM_UTC2";"Buy";"7457.7";"7540.2";"2020.04.02 16:45:00";"2020.04.02 17:12:00";"30.0";"2475.00";"7375.20020";"7540.20020";"-80123.73";"0.00";"IST";"PT";"27m 0s";"-0.00"
"651";"USTEC_ICM_UTC2";"Buy";"7659.6";"7577.1";"2020.04.03 16:45:00";"2020.04.03 17:28:00";"30.0";"-2475.00";"7577.10010";"7742.10010";"-82598.73";"0.00";"IST";"SL";"43m 0s";"-0.00"
"652";"USTEC_ICM_UTC2";"Buy";"7958.8";"8041.3";"2020.04.06 20:45:00";"2020.04.06 22:50:00";"30.0";"2475.00";"7876.29980";"8041.29980";"-80123.73";"0.00";"IST";"PT";"2h 5m";"-0.00"
"653";"USTEC_ICM_UTC2";"Buy";"8139.2";"8056.7";"2020.04.07 22:15:00";"2020.04.07 22:32:00";"30.0";"-2475.00";"8056.70020";"8221.70020";"-82598.73";"0.00";"IST";"SL";"17m 0s";"-0.00"
"654";"USTEC_ICM_UTC2";"Buy";"8139.8";"8057.3";"2020.04.08 16:45:00";"2020.04.08 17:08:00";"30.0";"-2475.00";"8057.29980";"8222.29980";"-85073.73";"0.00";"IST";"SL";"23m 0s";"-0.00"
"655";"USTEC_ICM_UTC2";"Buy";"8269.1";"8186.6";"2020.04.09 20:45:00";"2020.04.09 21:52:00";"30.0";"-2475.00";"8186.60010";"8351.59961";"-87548.73";"0.00";"IST";"SL";"1h 7m";"-0.00"
"656";"USTEC_ICM_UTC2";"Buy";"8202.1";"8284.6";"2020.04.13 16:30:00";"2020.04.13 22:19:00";"30.0";"2475.00";"8119.60010";"8284.59961";"-85073.73";"0.00";"IST";"PT";"5h 49m";"-0.00"
"657";"USTEC_ICM_UTC2";"Buy";"8666.3";"8583.8";"2020.04.14 20:30:00";"2020.04.15 11:49:00";"30.0";"-2658.12";"8583.79980";"8748.79980";"-87731.84";"0.00";"IST";"SL";"15h 19m";"-183.12"
"658";"USTEC_ICM_UTC2";"Buy";"8588.3";"8670.8";"2020.04.15 20:30:00";"2020.04.16 09:34:00";"30.0";"2291.88";"8505.79980";"8670.79980";"-85439.96";"0.00";"IST";"PT";"13h 4m";"-183.12"
"659";"USTEC_ICM_UTC2";"Buy";"8697.2";"8930.2";"2020.04.16 21:30:00";"2020.04.17 01:00:00";"30.0";"6806.88";"8614.70020";"8779.70020";"-78633.09";"0.00";"IST";"PT";"3h 30m";"-183.12"
"660";"USTEC_ICM_UTC2";"Buy";"8747.6";"8830.1";"2020.04.17 20:30:00";"2020.04.17 22:50:00";"30.0";"2475.00";"8665.09961";"8830.09961";"-76158.09";"0.00";"IST";"PT";"2h 20m";"-0.00"
"661";"USTEC_ICM_UTC2";"Buy";"8800.7";"8718.2";"2020.04.20 17:30:00";"2020.04.20 23:06:00";"30.0";"-2475.00";"8718.20020";"8883.20020";"-78633.09";"0.00";"IST";"SL";"5h 36m";"-0.00"
"662";"USTEC_ICM_UTC2";"Buy";"8642.4";"8559.9";"2020.04.21 16:30:00";"2020.04.21 16:39:00";"30.0";"-2475.00";"8559.90039";"8724.90039";"-81108.09";"0.00";"IST";"SL";"9m 0s";"-0.00"
"663";"USTEC_ICM_UTC2";"Buy";"8577.8";"8660.3";"2020.04.22 16:45:00";"2020.04.22 20:52:00";"30.0";"2475.00";"8495.29980";"8660.29980";"-78633.09";"0.00";"IST";"PT";"4h 7m";"-0.00"
"664";"USTEC_ICM_UTC2";"Buy";"8683.3";"8585.8";"2020.04.23 21:30:00";"2020.04.24 01:00:00";"30.0";"-3108.12";"8600.79980";"8765.79980";"-81741.20";"0.00";"IST";"SL";"3h 30m";"-183.12"
"665";"USTEC_ICM_UTC2";"Buy";"8637.3";"8719.8";"2020.04.24 16:45:00";"2020.04.24 20:55:00";"30.0";"2475.00";"8554.79980";"8719.79980";"-79266.20";"0.00";"IST";"PT";"4h 10m";"-0.00"
"666";"USTEC_ICM_UTC2";"Buy";"8814.6";"8897.1";"2020.04.27 21:00:00";"2020.04.28 12:19:00";"30.0";"2291.88";"8732.09961";"8897.09961";"-76974.33";"0.00";"IST";"PT";"15h 19m";"-183.12"
"667";"USTEC_ICM_UTC2";"Buy";"8737.2";"8819.7";"2020.04.28 22:30:00";"2020.04.29 04:11:00";"30.0";"2291.88";"8654.70020";"8819.70020";"-74682.45";"0.00";"IST";"PT";"5h 41m";"-183.12"
"668";"USTEC_ICM_UTC2";"Buy";"8907.2";"8989.7";"2020.04.29 17:00:00";"2020.04.29 21:58:00";"30.0";"2475.00";"8824.70020";"8989.70020";"-72207.45";"0.00";"IST";"PT";"4h 58m";"-0.00"
"669";"USTEC_ICM_UTC2";"Buy";"8964.5";"8852.6";"2020.04.30 21:15:00";"2020.05.01 01:00:00";"30.0";"-3540.72";"8882.00000";"9047.00000";"-75748.16";"0.00";"IST";"SL";"3h 45m";"-183.12"
"670";"USTEC_ICM_UTC2";"Buy";"8861.7";"8779.2";"2020.05.01 17:15:00";"2020.05.01 18:32:00";"30.0";"-2475.00";"8779.20020";"8944.20020";"-78223.16";"0.00";"IST";"SL";"1h 17m";"-0.00"
"671";"USTEC_ICM_UTC2";"Buy";"8769.4";"8851.9";"2020.05.04 18:15:00";"2020.05.05 03:04:00";"30.0";"2291.88";"8686.90039";"8851.90039";"-75931.28";"0.00";"IST";"PT";"8h 49m";"-183.12"
"672";"USTEC_ICM_UTC2";"Buy";"9000.0";"8917.5";"2020.05.05 20:30:00";"2020.05.05 22:37:00";"30.0";"-2475.00";"8917.50000";"9082.50000";"-78406.28";"0.00";"IST";"SL";"2h 7m";"-0.00"
"673";"USTEC_ICM_UTC2";"Buy";"9045.7";"8963.2";"2020.05.06 20:30:00";"2020.05.06 23:07:00";"30.0";"-2475.00";"8963.20020";"9128.20020";"-80881.28";"0.00";"IST";"SL";"2h 37m";"-0.00"
"674";"USTEC_ICM_UTC2";"Buy";"9182.5";"9221.3";"2020.05.08 21:15:00";"2020.05.08 22:55:00";"30.0";"1164.00";"9100.00000";"9265.00000";"-79717.28";"0.00";"IST";"End Of Friday (Time)";"1h 40m";"-0.00"
"675";"USTEC_ICM_UTC2";"Buy";"9300.8";"9218.3";"2020.05.12 21:00:00";"2020.05.12 22:24:00";"30.0";"-2475.00";"9218.29980";"9383.29980";"-82192.28";"0.00";"IST";"SL";"1h 24m";"-0.00"
"676";"USTEC_ICM_UTC2";"Buy";"9085.0";"9167.5";"2020.05.13 16:45:00";"2020.05.13 17:06:00";"30.0";"2475.00";"9002.50000";"9167.50000";"-79717.28";"0.00";"IST";"PT";"21m 0s";"-0.00"
"677";"USTEC_ICM_UTC2";"Buy";"8901.6";"8984.1";"2020.05.14 17:45:00";"2020.05.14 19:55:00";"30.0";"2475.00";"8819.09961";"8984.09961";"-77242.28";"0.00";"IST";"PT";"2h 10m";"-0.00"
"678";"USTEC_ICM_UTC2";"Buy";"9094.2";"9135.8";"2020.05.15 21:15:00";"2020.05.15 22:55:00";"30.0";"1248.00";"9011.70020";"9176.70020";"-75994.28";"0.00";"IST";"End Of Friday (Time)";"1h 40m";"-0.00"
"679";"USTEC_ICM_UTC2";"Buy";"9409.0";"9326.5";"2020.05.19 20:30:00";"2020.05.19 22:51:00";"30.0";"-2475.00";"9326.50000";"9491.50000";"-78469.28";"0.00";"IST";"SL";"2h 21m";"-0.00"
"680";"USTEC_ICM_UTC2";"Buy";"9445.3";"9362.8";"2020.05.20 16:45:00";"2020.05.21 18:23:00";"30.0";"-2658.12";"9362.79980";"9527.79980";"-81127.41";"0.00";"IST";"SL";"1d 1h 38m";"-183.12"
"681";"USTEC_ICM_UTC2";"Buy";"9414.9";"9332.4";"2020.05.21 18:45:00";"2020.05.22 05:13:00";"30.0";"-2658.12";"9332.40039";"9497.40039";"-83785.52";"0.00";"IST";"SL";"10h 28m";"-183.12"
"682";"USTEC_ICM_UTC2";"Buy";"9342.2";"9406.7";"2020.05.22 16:45:00";"2020.05.22 22:55:00";"30.0";"1935.00";"9259.70020";"9424.70020";"-81850.52";"0.00";"IST";"End Of Friday (Time)";"6h 10m";"-0.00"
"683";"USTEC_ICM_UTC2";"Buy";"9441.0";"9358.5";"2020.05.26 22:15:00";"2020.05.27 16:33:00";"30.0";"-2658.12";"9358.50000";"9523.50000";"-84508.65";"0.00";"IST";"SL";"18h 18m";"-183.12"
"684";"USTEC_ICM_UTC2";"Buy";"9295.9";"9213.4";"2020.05.27 17:30:00";"2020.05.27 17:42:00";"30.0";"-2475.00";"9213.40039";"9378.40039";"-86983.65";"0.00";"IST";"SL";"12m 0s";"-0.00"
"685";"USTEC_ICM_UTC2";"Buy";"9472.2";"9554.7";"2020.05.28 17:15:00";"2020.05.28 19:52:00";"30.0";"2475.00";"9389.70020";"9554.70020";"-84508.65";"0.00";"IST";"PT";"2h 37m";"-0.00"
"686";"USTEC_ICM_UTC2";"Buy";"9459.8";"9377.3";"2020.05.29 16:45:00";"2020.05.29 18:03:00";"30.0";"-2475.00";"9377.29980";"9542.29980";"-86983.65";"0.00";"IST";"SL";"1h 18m";"-0.00"
"687";"USTEC_ICM_UTC2";"Buy";"9611.1";"9693.6";"2020.06.02 22:00:00";"2020.06.03 04:02:00";"30.0";"2291.88";"9528.59961";"9693.59961";"-84691.77";"0.00";"IST";"PT";"6h 2m";"-183.12"
"688";"USTEC_ICM_UTC2";"Buy";"9687.6";"9605.1";"2020.06.03 20:30:00";"2020.06.04 21:58:00";"30.0";"-2658.12";"9605.09961";"9770.09961";"-87349.88";"0.00";"IST";"SL";"1d 1h 28m";"-183.12"
"689";"USTEC_ICM_UTC2";"Buy";"9605.0";"9687.5";"2020.06.04 22:45:00";"2020.06.05 08:48:00";"30.0";"2291.88";"9522.50000";"9687.50000";"-85058.01";"0.00";"IST";"PT";"10h 3m";"-183.12"
"690";"USTEC_ICM_UTC2";"Buy";"9841.7";"9811.6";"2020.06.05 20:30:00";"2020.06.05 22:55:00";"30.0";"-903.03";"9759.20020";"9924.20020";"-85961.04";"0.00";"IST";"End Of Friday (Time)";"2h 25m";"-0.00"
"691";"USTEC_ICM_UTC2";"Buy";"9826.3";"9908.8";"2020.06.08 19:45:00";"2020.06.09 16:54:00";"30.0";"2291.88";"9743.79980";"9908.79980";"-83669.16";"0.00";"IST";"PT";"21h 9m";"-183.12"
"692";"USTEC_ICM_UTC2";"Buy";"9994.4";"10076.9";"2020.06.09 20:30:00";"2020.06.10 17:09:00";"30.0";"2291.88";"9911.90039";"10076.90039";"-81377.27";"0.00";"IST";"PT";"20h 39m";"-183.12"
"693";"USTEC_ICM_UTC2";"Buy";"10118.9";"10036.4";"2020.06.10 21:15:00";"2020.06.11 02:21:00";"30.0";"-2658.12";"10036.40039";"10201.40039";"-84035.40";"0.00";"IST";"SL";"5h 6m";"-183.12"
"694";"USTEC_ICM_UTC2";"Buy";"9900.9";"9818.4";"2020.06.11 18:30:00";"2020.06.11 19:15:00";"30.0";"-2475.00";"9818.40039";"9983.40039";"-86510.40";"0.00";"IST";"SL";"45m 0s";"-0.00"
"695";"USTEC_ICM_UTC2";"Buy";"9665.7";"9583.2";"2020.06.12 18:45:00";"2020.06.12 20:32:00";"30.0";"-2475.00";"9583.20020";"9748.20020";"-88985.40";"0.00";"IST";"SL";"1h 47m";"-0.00"
"696";"USTEC_ICM_UTC2";"Buy";"9591.7";"9674.2";"2020.06.15 18:00:00";"2020.06.15 19:18:00";"30.0";"2475.00";"9509.20020";"9674.20020";"-86510.40";"0.00";"IST";"PT";"1h 18m";"-0.00"
"697";"USTEC_ICM_UTC2";"Buy";"9966.8";"9884.3";"2020.06.16 20:30:00";"2020.06.16 22:18:00";"30.0";"-2475.00";"9884.29980";"10049.29980";"-88985.40";"0.00";"IST";"SL";"1h 48m";"-0.00"
"698";"USTEC_ICM_UTC2";"Buy";"9989.0";"10071.5";"2020.06.18 16:45:00";"2020.06.19 09:34:00";"30.0";"2291.88";"9906.50000";"10071.50000";"-86693.52";"0.00";"IST";"PT";"16h 49m";"-183.12"
"699";"USTEC_ICM_UTC2";"Buy";"9964.4";"10017.9";"2020.06.19 21:00:00";"2020.06.19 22:55:00";"30.0";"1605.00";"9881.90039";"10046.90039";"-85088.52";"0.00";"IST";"End Of Friday (Time)";"1h 55m";"-0.00"
"700";"USTEC_ICM_UTC2";"Buy";"10001.4";"10083.9";"2020.06.22 16:45:00";"2020.06.22 19:04:00";"30.0";"2475.00";"9918.90039";"10083.90039";"-82613.52";"0.00";"IST";"PT";"2h 19m";"-0.00"
"701";"USTEC_ICM_UTC2";"Buy";"10216.5";"10134.0";"2020.06.24 16:45:00";"2020.06.24 16:57:00";"30.0";"-2475.00";"10134.00000";"10299.00000";"-85088.52";"0.00";"IST";"SL";"12m 0s";"-0.00"
"702";"USTEC_ICM_UTC2";"Buy";"9979.4";"10061.9";"2020.06.25 17:15:00";"2020.06.25 22:22:00";"30.0";"2475.00";"9896.90039";"10061.90039";"-82613.52";"0.00";"IST";"PT";"5h 7m";"-0.00"
"703";"USTEC_ICM_UTC2";"Buy";"9927.3";"9844.8";"2020.06.26 21:15:00";"2020.06.26 22:54:00";"30.0";"-2475.00";"9844.79980";"10009.79980";"-85088.52";"0.00";"IST";"SL";"1h 39m";"-0.00"
"704";"USTEC_ICM_UTC2";"Buy";"9770.5";"9853.0";"2020.06.29 16:45:00";"2020.06.29 17:19:00";"30.0";"2475.00";"9688.00000";"9853.00000";"-82613.52";"0.00";"IST";"PT";"34m 0s";"-0.00"
"705";"USTEC_ICM_UTC2";"Buy";"10063.4";"10145.9";"2020.06.30 20:45:00";"2020.06.30 22:50:00";"30.0";"2475.00";"9980.90039";"10145.90039";"-80138.52";"0.00";"IST";"PT";"2h 5m";"-0.00"
"706";"USTEC_ICM_UTC2";"Buy";"10261.3";"10343.8";"2020.07.01 20:45:00";"2020.07.02 11:35:00";"30.0";"2291.88";"10178.79980";"10343.79980";"-77846.63";"0.00";"IST";"PT";"14h 50m";"-183.12"
"707";"USTEC_ICM_UTC2";"Buy";"10406.6";"10324.1";"2020.07.02 20:30:00";"2020.07.03 17:35:00";"30.0";"-2658.12";"10324.09961";"10489.09961";"-80504.76";"0.00";"IST";"SL";"21h 5m";"-183.12"
"708";"USTEC_ICM_UTC2";"Buy";"10345.2";"10427.7";"2020.07.03 18:15:00";"2020.07.06 03:59:00";"30.0";"1925.64";"10262.70020";"10427.70020";"-78579.12";"0.00";"IST";"PT";"2d 9h 44m";"-549.36"
"709";"USTEC_ICM_UTC2";"Buy";"10585.3";"10667.8";"2020.07.06 20:45:00";"2020.07.07 03:21:00";"30.0";"2291.88";"10502.79980";"10667.79980";"-76287.23";"0.00";"IST";"PT";"6h 36m";"-183.12"
"710";"USTEC_ICM_UTC2";"Buy";"10643.8";"10561.3";"2020.07.07 20:45:00";"2020.07.07 22:14:00";"30.0";"-2475.00";"10561.29980";"10726.29980";"-78762.23";"0.00";"IST";"SL";"1h 29m";"-0.00"
"711";"USTEC_ICM_UTC2";"Buy";"10602.6";"10696.7";"2020.07.08 19:00:00";"2020.07.09 01:00:00";"30.0";"2638.71";"10520.09961";"10685.09961";"-76123.52";"0.00";"IST";"PT";"6h 0m";"-183.12"
"712";"USTEC_ICM_UTC2";"Buy";"10718.5";"10801.0";"2020.07.09 21:15:00";"2020.07.10 21:58:00";"30.0";"2291.88";"10636.00000";"10801.00000";"-73831.65";"0.00";"IST";"PT";"1d 0h 43m";"-183.12"
"713";"USTEC_ICM_UTC2";"Buy";"11022.5";"10940.0";"2020.07.13 20:30:00";"2020.07.13 21:03:00";"30.0";"-2475.00";"10940.00000";"11105.00000";"-76306.65";"0.00";"IST";"SL";"33m 0s";"-0.00"
"714";"USTEC_ICM_UTC2";"Buy";"10621.4";"10538.9";"2020.07.14 16:45:00";"2020.07.14 16:48:00";"30.0";"-2475.00";"10538.90039";"10703.90039";"-78781.65";"0.00";"IST";"SL";"3m 0s";"-0.00"
"715";"USTEC_ICM_UTC2";"Buy";"10701.9";"10619.4";"2020.07.15 21:45:00";"2020.07.16 03:18:00";"30.0";"-2658.12";"10619.40039";"10784.40039";"-81439.77";"0.00";"IST";"SL";"5h 33m";"-183.12"
"716";"USTEC_ICM_UTC2";"Buy";"10594.0";"10511.5";"2020.07.16 16:45:00";"2020.07.16 18:02:00";"30.0";"-2475.00";"10511.50000";"10676.50000";"-83914.77";"0.00";"IST";"SL";"1h 17m";"-0.00"
"717";"USTEC_ICM_UTC2";"Buy";"10655.7";"10637.3";"2020.07.17 21:15:00";"2020.07.17 22:55:00";"30.0";"-552.00";"10573.20020";"10738.20020";"-84466.77";"0.00";"IST";"End Of Friday (Time)";"1h 40m";"-0.00"
"718";"USTEC_ICM_UTC2";"Buy";"10849.9";"10932.4";"2020.07.22 16:45:00";"2020.07.23 09:47:00";"30.0";"2291.88";"10767.40039";"10932.40039";"-82174.89";"0.00";"IST";"PT";"17h 2m";"-183.12"
"719";"USTEC_ICM_UTC2";"Buy";"10579.7";"10497.2";"2020.07.23 21:45:00";"2020.07.24 06:42:00";"30.0";"-2658.12";"10497.20020";"10662.20020";"-84833.01";"0.00";"IST";"SL";"8h 57m";"-183.12"
"720";"USTEC_ICM_UTC2";"Buy";"10411.6";"10494.1";"2020.07.24 17:15:00";"2020.07.24 17:57:00";"30.0";"2475.00";"10329.09961";"10494.09961";"-82358.01";"0.00";"IST";"PT";"42m 0s";"-0.00"
"721";"USTEC_ICM_UTC2";"Buy";"10641.7";"10724.2";"2020.07.27 21:15:00";"2020.07.28 03:02:00";"30.0";"2291.88";"10559.20020";"10724.20020";"-80066.13";"0.00";"IST";"PT";"5h 47m";"-183.12"
"722";"USTEC_ICM_UTC2";"Buy";"10631.0";"10548.5";"2020.07.29 17:15:00";"2020.07.30 11:55:00";"30.0";"-2658.12";"10548.50000";"10713.50000";"-82724.25";"0.00";"IST";"SL";"18h 40m";"-183.12"
"723";"USTEC_ICM_UTC2";"Buy";"10787.3";"10869.8";"2020.07.31 21:45:00";"2020.07.31 22:37:00";"30.0";"2475.00";"10704.79980";"10869.79980";"-80249.25";"0.00";"IST";"PT";"52m 0s";"-0.00"
"724";"USTEC_ICM_UTC2";"Buy";"11065.3";"11147.8";"2020.08.03 21:15:00";"2020.08.05 10:50:00";"30.0";"2108.76";"10982.79980";"11147.79980";"-78140.48";"0.00";"IST";"PT";"1d 13h 35m";"-366.24"
"725";"USTEC_ICM_UTC2";"Buy";"11126.1";"11208.6";"2020.08.05 21:15:00";"2020.08.06 20:55:00";"30.0";"2291.88";"11043.59961";"11208.59961";"-75848.61";"0.00";"IST";"PT";"23h 40m";"-183.12"
"726";"USTEC_ICM_UTC2";"Buy";"11124.4";"11133.9";"2020.08.07 20:45:00";"2020.08.07 22:55:00";"30.0";"285.00";"11041.90039";"11206.90039";"-75563.61";"0.00";"IST";"End Of Friday (Time)";"2h 10m";"-0.00"
"727";"USTEC_ICM_UTC2";"Buy";"11145.9";"11063.4";"2020.08.10 16:30:00";"2020.08.10 17:22:00";"30.0";"-2475.00";"11063.40039";"11228.40039";"-78038.61";"0.00";"IST";"SL";"52m 0s";"-0.00"
"728";"USTEC_ICM_UTC2";"Buy";"11074.2";"10991.7";"2020.08.11 20:30:00";"2020.08.11 21:30:00";"30.0";"-2475.00";"10991.70020";"11156.70020";"-80513.61";"0.00";"IST";"SL";"1h 0m";"-0.00"
"729";"USTEC_ICM_UTC2";"Buy";"11117.0";"11199.5";"2020.08.12 18:00:00";"2020.08.13 15:41:00";"30.0";"2291.88";"11034.50000";"11199.50000";"-78221.73";"0.00";"IST";"PT";"21h 41m";"-183.12"
"730";"USTEC_ICM_UTC2";"Buy";"11218.0";"11135.5";"2020.08.13 21:00:00";"2020.08.14 17:17:00";"30.0";"-2658.12";"11135.50000";"11300.50000";"-80879.85";"0.00";"IST";"SL";"20h 17m";"-183.12"
"731";"USTEC_ICM_UTC2";"Buy";"11123.5";"11166.2";"2020.08.14 18:00:00";"2020.08.14 22:55:00";"30.0";"1281.00";"11041.00000";"11206.00000";"-79598.85";"0.00";"IST";"End Of Friday (Time)";"4h 55m";"-0.00"
"732";"USTEC_ICM_UTC2";"Buy";"11234.6";"11317.1";"2020.08.17 16:30:00";"2020.08.18 12:33:00";"30.0";"2291.88";"11152.09961";"11317.09961";"-77306.97";"0.00";"IST";"PT";"20h 3m";"-183.12"
"733";"USTEC_ICM_UTC2";"Buy";"11389.0";"11306.5";"2020.08.18 20:45:00";"2020.08.19 22:50:00";"30.0";"-2658.12";"11306.50000";"11471.50000";"-79965.09";"0.00";"IST";"SL";"1d 2h 5m";"-183.12"
"734";"USTEC_ICM_UTC2";"Buy";"11341.7";"11424.2";"2020.08.20 16:45:00";"2020.08.20 18:57:00";"30.0";"2475.00";"11259.20020";"11424.20020";"-77490.09";"0.00";"IST";"PT";"2h 12m";"-0.00"
"735";"USTEC_ICM_UTC2";"Buy";"11529.7";"11557.1";"2020.08.21 20:45:00";"2020.08.21 22:55:00";"30.0";"821.97";"11447.20020";"11612.20020";"-76668.12";"0.00";"IST";"End Of Friday (Time)";"2h 10m";"-0.00"
"736";"USTEC_ICM_UTC2";"Buy";"11612.6";"11695.1";"2020.08.24 21:15:00";"2020.08.25 18:20:00";"30.0";"2291.88";"11530.09961";"11695.09961";"-74376.23";"0.00";"IST";"PT";"21h 5m";"-183.12"
"737";"USTEC_ICM_UTC2";"Buy";"11671.0";"11753.5";"2020.08.25 19:45:00";"2020.08.26 02:48:00";"30.0";"2291.88";"11588.50000";"11753.50000";"-72084.36";"0.00";"IST";"PT";"7h 3m";"-183.12"
"738";"USTEC_ICM_UTC2";"Buy";"11957.3";"11874.8";"2020.08.26 21:15:00";"2020.08.26 21:57:00";"30.0";"-2475.00";"11874.79980";"12039.79980";"-74559.36";"0.00";"IST";"SL";"42m 0s";"-0.00"
"739";"USTEC_ICM_UTC2";"Buy";"11926.7";"12009.2";"2020.08.27 20:30:00";"2020.08.28 06:02:00";"30.0";"2291.88";"11844.20020";"12009.20020";"-72267.48";"0.00";"IST";"PT";"9h 32m";"-183.12"
"740";"USTEC_ICM_UTC2";"Buy";"11984.1";"11988.1";"2020.08.28 17:15:00";"2020.08.28 22:55:00";"30.0";"120.00";"11901.59961";"12066.59961";"-72147.48";"0.00";"IST";"End Of Friday (Time)";"5h 40m";"-0.00"
"741";"USTEC_ICM_UTC2";"Buy";"12258.3";"12340.8";"2020.09.01 20:30:00";"2020.09.02 02:24:00";"30.0";"2291.88";"12175.79980";"12340.79980";"-69855.60";"0.00";"IST";"PT";"5h 54m";"-183.12"
"742";"USTEC_ICM_UTC2";"Buy";"12379.7";"12297.2";"2020.09.02 21:30:00";"2020.09.03 12:59:00";"30.0";"-2658.12";"12297.20020";"12462.20020";"-72513.72";"0.00";"IST";"SL";"15h 29m";"-183.12"
"743";"USTEC_ICM_UTC2";"Buy";"12157.5";"12075.0";"2020.09.03 16:45:00";"2020.09.03 17:20:00";"30.0";"-2475.00";"12075.00000";"12240.00000";"-74988.72";"0.00";"IST";"SL";"35m 0s";"-0.00"
"744";"USTEC_ICM_UTC2";"Buy";"11715.5";"11798.0";"2020.09.04 16:30:00";"2020.09.04 16:32:00";"30.0";"2475.00";"11633.00000";"11798.00000";"-72513.72";"0.00";"IST";"PT";"2m 0s";"-0.00"
"745";"USTEC_ICM_UTC2";"Buy";"11476.4";"11558.9";"2020.09.07 16:45:00";"2020.09.08 01:26:00";"30.0";"2291.88";"11393.90039";"11558.90039";"-70221.84";"0.00";"IST";"PT";"8h 41m";"-183.12"
"746";"USTEC_ICM_UTC2";"Buy";"11272.4";"11189.9";"2020.09.08 20:45:00";"2020.09.08 21:22:00";"30.0";"-2475.00";"11189.90039";"11354.90039";"-72696.84";"0.00";"IST";"SL";"37m 0s";"-0.00"
"747";"USTEC_ICM_UTC2";"Buy";"11262.9";"11345.4";"2020.09.09 17:15:00";"2020.09.09 17:27:00";"30.0";"2475.00";"11180.40039";"11345.40039";"-70221.84";"0.00";"IST";"PT";"12m 0s";"-0.00"
"748";"USTEC_ICM_UTC2";"Buy";"11224.6";"11142.1";"2020.09.10 22:00:00";"2020.09.10 22:08:00";"30.0";"-2475.00";"11142.09961";"11307.09961";"-72696.84";"0.00";"IST";"SL";"8m 0s";"-0.00"
"749";"USTEC_ICM_UTC2";"Buy";"11246.3";"11163.8";"2020.09.11 16:30:00";"2020.09.11 16:56:00";"30.0";"-2475.00";"11163.79980";"11328.79980";"-75171.84";"0.00";"IST";"SL";"26m 0s";"-0.00"
"750";"USTEC_ICM_UTC2";"Buy";"11244.9";"11327.4";"2020.09.14 16:30:00";"2020.09.14 17:06:00";"30.0";"2475.00";"11162.40039";"11327.40039";"-72696.84";"0.00";"IST";"PT";"36m 0s";"-0.00"
"751";"USTEC_ICM_UTC2";"Buy";"11449.6";"11367.1";"2020.09.15 21:45:00";"2020.09.15 22:37:00";"30.0";"-2475.00";"11367.09961";"11532.09961";"-75171.84";"0.00";"IST";"SL";"52m 0s";"-0.00"
"752";"USTEC_ICM_UTC2";"Buy";"11369.9";"11287.4";"2020.09.16 21:00:00";"2020.09.16 22:27:00";"30.0";"-2475.00";"11287.40039";"11452.40039";"-77646.84";"0.00";"IST";"SL";"1h 27m";"-0.00"
"753";"USTEC_ICM_UTC2";"Buy";"11004.9";"11087.4";"2020.09.17 16:45:00";"2020.09.17 17:00:00";"30.0";"2475.00";"10922.40039";"11087.40039";"-75171.84";"0.00";"IST";"PT";"15m 0s";"-0.00"
"754";"USTEC_ICM_UTC2";"Buy";"11061.6";"10979.1";"2020.09.18 17:30:00";"2020.09.18 17:53:00";"30.0";"-2475.00";"10979.09961";"11144.09961";"-77646.84";"0.00";"IST";"SL";"23m 0s";"-0.00"
"755";"USTEC_ICM_UTC2";"Buy";"10799.3";"10716.8";"2020.09.21 16:45:00";"2020.09.21 17:30:00";"30.0";"-2475.00";"10716.79980";"10881.79980";"-80121.84";"0.00";"IST";"SL";"45m 0s";"-0.00"
"756";"USTEC_ICM_UTC2";"Buy";"10869.9";"10787.4";"2020.09.23 22:30:00";"2020.09.24 02:22:00";"30.0";"-2658.12";"10787.40039";"10952.40039";"-82779.96";"0.00";"IST";"SL";"3h 52m";"-183.12"
"757";"USTEC_ICM_UTC2";"Buy";"10911.7";"10994.2";"2020.09.24 18:00:00";"2020.09.24 19:05:00";"30.0";"2475.00";"10829.20020";"10994.20020";"-80304.96";"0.00";"IST";"PT";"1h 5m";"-0.00"
"758";"USTEC_ICM_UTC2";"Buy";"10871.0";"10953.5";"2020.09.25 17:15:00";"2020.09.25 17:23:00";"30.0";"2475.00";"10788.50000";"10953.50000";"-77829.96";"0.00";"IST";"PT";"8m 0s";"-0.00"
"759";"USTEC_ICM_UTC2";"Buy";"11341.8";"11424.3";"2020.09.28 21:15:00";"2020.09.29 02:22:00";"30.0";"2291.88";"11259.29980";"11424.29980";"-75538.08";"0.00";"IST";"PT";"5h 7m";"-183.12"
"760";"USTEC_ICM_UTC2";"Buy";"11344.4";"11426.9";"2020.09.29 20:45:00";"2020.09.30 05:16:00";"30.0";"2291.88";"11261.90039";"11426.90039";"-73246.20";"0.00";"IST";"PT";"8h 31m";"-183.12"
"761";"USTEC_ICM_UTC2";"Buy";"11344.6";"11427.1";"2020.09.30 16:45:00";"2020.09.30 16:58:00";"30.0";"2475.00";"11262.09961";"11427.09961";"-70771.20";"0.00";"IST";"PT";"13m 0s";"-0.00"
"762";"USTEC_ICM_UTC2";"Buy";"11571.1";"11488.6";"2020.10.01 20:45:00";"2020.10.02 07:59:00";"30.0";"-2658.12";"11488.59961";"11653.59961";"-73429.32";"0.00";"IST";"SL";"11h 14m";"-183.12"
"763";"USTEC_ICM_UTC2";"Buy";"11325.1";"11407.6";"2020.10.02 16:30:00";"2020.10.02 16:38:00";"30.0";"2475.00";"11242.59961";"11407.59961";"-70954.32";"0.00";"IST";"PT";"8m 0s";"-0.00"
"764";"USTEC_ICM_UTC2";"Buy";"11340.1";"11422.6";"2020.10.05 16:30:00";"2020.10.05 17:13:00";"30.0";"2475.00";"11257.59961";"11422.59961";"-68479.32";"0.00";"IST";"PT";"43m 0s";"-0.00"
"765";"USTEC_ICM_UTC2";"Buy";"11468.7";"11386.2";"2020.10.06 20:45:00";"2020.10.06 21:52:00";"30.0";"-2475.00";"11386.20020";"11551.20020";"-70954.32";"0.00";"IST";"SL";"1h 7m";"-0.00"
"766";"USTEC_ICM_UTC2";"Buy";"11398.0";"11480.5";"2020.10.07 16:30:00";"2020.10.07 20:03:00";"30.0";"2475.00";"11315.50000";"11480.50000";"-68479.32";"0.00";"IST";"PT";"3h 33m";"-0.00"
"767";"USTEC_ICM_UTC2";"Buy";"11544.5";"11627.0";"2020.10.08 21:30:00";"2020.10.09 15:52:00";"30.0";"2291.88";"11462.00000";"11627.00000";"-66187.44";"0.00";"IST";"PT";"18h 22m";"-183.12"
"768";"USTEC_ICM_UTC2";"Buy";"11705.0";"11713.5";"2020.10.09 21:00:00";"2020.10.09 22:55:00";"30.0";"255.00";"11622.50000";"11787.50000";"-65932.44";"0.00";"IST";"End Of Friday (Time)";"1h 55m";"-0.00"
"769";"USTEC_ICM_UTC2";"Buy";"12141.1";"12058.6";"2020.10.12 20:30:00";"2020.10.13 03:35:00";"30.0";"-2658.12";"12058.59961";"12223.59961";"-68590.56";"0.00";"IST";"SL";"7h 5m";"-183.12"
"770";"USTEC_ICM_UTC2";"Buy";"12112.0";"12029.5";"2020.10.13 20:30:00";"2020.10.13 21:30:00";"30.0";"-2475.00";"12029.50000";"12194.50000";"-71065.56";"0.00";"IST";"SL";"1h 0m";"-0.00"
"771";"USTEC_ICM_UTC2";"Buy";"12118.5";"12036.0";"2020.10.14 16:30:00";"2020.10.14 17:34:00";"30.0";"-2475.00";"12036.00000";"12201.00000";"-73540.56";"0.00";"IST";"SL";"1h 4m";"-0.00"
"772";"USTEC_ICM_UTC2";"Buy";"11863.2";"11780.7";"2020.10.15 16:45:00";"2020.10.15 17:34:00";"30.0";"-2475.00";"11780.70020";"11945.70020";"-76015.56";"0.00";"IST";"SL";"49m 0s";"-0.00"
"773";"USTEC_ICM_UTC2";"Buy";"11941.0";"11858.5";"2020.10.16 21:00:00";"2020.10.16 22:54:00";"30.0";"-2475.00";"11858.50000";"12023.50000";"-78490.56";"0.00";"IST";"SL";"1h 54m";"-0.00"
"774";"USTEC_ICM_UTC2";"Buy";"11838.7";"11756.2";"2020.10.19 18:15:00";"2020.10.19 20:47:00";"30.0";"-2475.00";"11756.20020";"11921.20020";"-80965.56";"0.00";"IST";"SL";"2h 32m";"-0.00"
"775";"USTEC_ICM_UTC2";"Buy";"11686.8";"11769.3";"2020.10.20 16:45:00";"2020.10.20 20:14:00";"30.0";"2475.00";"11604.29980";"11769.29980";"-78490.56";"0.00";"IST";"PT";"3h 29m";"-0.00"
"776";"USTEC_ICM_UTC2";"Buy";"11680.4";"11762.9";"2020.10.21 16:30:00";"2020.10.21 16:48:00";"30.0";"2475.00";"11597.90039";"11762.90039";"-76015.56";"0.00";"IST";"PT";"18m 0s";"-0.00"
"777";"USTEC_ICM_UTC2";"Buy";"11698.1";"11615.6";"2020.10.22 16:30:00";"2020.10.22 17:23:00";"30.0";"-2475.00";"11615.59961";"11780.59961";"-78490.56";"0.00";"IST";"SL";"53m 0s";"-0.00"
"778";"USTEC_ICM_UTC2";"Buy";"11621.3";"11683.9";"2020.10.23 17:30:00";"2020.10.23 22:55:00";"30.0";"1878.03";"11538.79980";"11703.79980";"-76612.53";"0.00";"IST";"End Of Friday (Time)";"5h 25m";"-0.00"
"779";"USTEC_ICM_UTC2";"Buy";"11492.8";"11410.3";"2020.10.26 18:00:00";"2020.10.26 19:06:00";"30.0";"-2475.00";"11410.29980";"11575.29980";"-79087.53";"0.00";"IST";"SL";"1h 6m";"-0.00"
"780";"USTEC_ICM_UTC2";"Buy";"11549.4";"11631.9";"2020.10.27 16:45:00";"2020.10.27 21:41:00";"30.0";"2475.00";"11466.90039";"11631.90039";"-76612.53";"0.00";"IST";"PT";"4h 56m";"-0.00"
"781";"USTEC_ICM_UTC2";"Buy";"11267.3";"11184.8";"2020.10.28 17:15:00";"2020.10.28 19:13:00";"30.0";"-2475.00";"11184.79980";"11349.79980";"-79087.53";"0.00";"IST";"SL";"1h 58m";"-0.00"
"782";"USTEC_ICM_UTC2";"Buy";"11320.8";"11403.3";"2020.10.29 17:15:00";"2020.10.29 20:00:00";"30.0";"2475.00";"11238.29980";"11403.29980";"-76612.53";"0.00";"IST";"PT";"2h 45m";"-0.00"
"783";"USTEC_ICM_UTC2";"Buy";"11079.3";"10996.8";"2020.10.30 17:15:00";"2020.10.30 17:47:00";"30.0";"-2475.00";"10996.79980";"11161.79980";"-79087.53";"0.00";"IST";"SL";"32m 0s";"-0.00"
"784";"USTEC_ICM_UTC2";"Buy";"11153.8";"11071.3";"2020.11.02 16:30:00";"2020.11.02 18:38:00";"30.0";"-2475.00";"11071.29980";"11236.29980";"-81562.53";"0.00";"IST";"SL";"2h 8m";"-0.00"
"785";"USTEC_ICM_UTC2";"Buy";"11157.7";"11240.2";"2020.11.03 16:30:00";"2020.11.03 17:03:00";"30.0";"2475.00";"11075.20020";"11240.20020";"-79087.53";"0.00";"IST";"PT";"33m 0s";"-0.00"
"786";"USTEC_ICM_UTC2";"Buy";"11766.2";"11848.7";"2020.11.04 20:45:00";"2020.11.05 03:00:00";"30.0";"2291.88";"11683.70020";"11848.70020";"-76795.65";"0.00";"IST";"PT";"6h 15m";"-183.12"
"787";"USTEC_ICM_UTC2";"Buy";"11966.5";"12049.0";"2020.11.06 17:15:00";"2020.11.06 18:35:00";"30.0";"2475.00";"11884.00000";"12049.00000";"-74320.65";"0.00";"IST";"PT";"1h 20m";"-0.00"
"788";"USTEC_ICM_UTC2";"Buy";"12016.3";"11933.8";"2020.11.09 22:00:00";"2020.11.09 22:50:00";"30.0";"-2475.00";"11933.79980";"12098.79980";"-76795.65";"0.00";"IST";"SL";"50m 0s";"-0.00"
"789";"USTEC_ICM_UTC2";"Buy";"11645.1";"11562.6";"2020.11.10 17:15:00";"2020.11.10 17:34:00";"30.0";"-2475.00";"11562.59961";"11727.59961";"-79270.65";"0.00";"IST";"SL";"19m 0s";"-0.00"
"790";"USTEC_ICM_UTC2";"Buy";"11829.7";"11912.2";"2020.11.11 16:45:00";"2020.11.11 23:03:00";"30.0";"2475.00";"11747.20020";"11912.20020";"-76795.65";"0.00";"IST";"PT";"6h 18m";"-0.00"
"791";"USTEC_ICM_UTC2";"Buy";"11835.1";"11917.6";"2020.11.12 20:45:00";"2020.11.13 10:02:00";"30.0";"2291.88";"11752.59961";"11917.59961";"-74503.77";"0.00";"IST";"PT";"13h 17m";"-183.12"
"792";"USTEC_ICM_UTC2";"Buy";"11894.5";"11812.0";"2020.11.13 16:30:00";"2020.11.13 17:57:00";"30.0";"-2475.00";"11812.00000";"11977.00000";"-76978.77";"0.00";"IST";"SL";"1h 27m";"-0.00"
"793";"USTEC_ICM_UTC2";"Buy";"11952.0";"12034.5";"2020.11.16 20:30:00";"2020.11.16 23:03:00";"30.0";"2475.00";"11869.50000";"12034.50000";"-74503.77";"0.00";"IST";"PT";"2h 33m";"-0.00"
"794";"USTEC_ICM_UTC2";"Buy";"12032.4";"11949.9";"2020.11.17 21:15:00";"2020.11.18 02:26:00";"30.0";"-2658.12";"11949.90039";"12114.90039";"-77161.89";"0.00";"IST";"SL";"5h 11m";"-183.12"
"795";"USTEC_ICM_UTC2";"Buy";"11980.4";"11897.9";"2020.11.18 16:45:00";"2020.11.18 22:59:00";"30.0";"-2475.00";"11897.90039";"12062.90039";"-79636.89";"0.00";"IST";"SL";"6h 14m";"-0.00"
"796";"USTEC_ICM_UTC2";"Buy";"11897.0";"11979.5";"2020.11.19 16:45:00";"2020.11.19 21:38:00";"30.0";"2475.00";"11814.50000";"11979.50000";"-77161.89";"0.00";"IST";"PT";"4h 53m";"-0.00"
"797";"USTEC_ICM_UTC2";"Buy";"11996.7";"11918.2";"2020.11.20 20:30:00";"2020.11.20 22:55:00";"30.0";"-2355.00";"11914.20020";"12079.20020";"-79516.89";"0.00";"IST";"End Of Friday (Time)";"2h 25m";"-0.00"
"798";"USTEC_ICM_UTC2";"Buy";"11911.5";"11829.0";"2020.11.23 18:00:00";"2020.11.23 18:11:00";"30.0";"-2475.00";"11829.00000";"11994.00000";"-81991.89";"0.00";"IST";"SL";"11m 0s";"-0.00"
"799";"USTEC_ICM_UTC2";"Buy";"11951.5";"12034.0";"2020.11.24 16:30:00";"2020.11.24 18:49:00";"30.0";"2475.00";"11869.00000";"12034.00000";"-79516.89";"0.00";"IST";"PT";"2h 19m";"-0.00"
"800";"USTEC_ICM_UTC2";"Buy";"12141.9";"12224.4";"2020.11.25 21:00:00";"2020.11.27 15:35:00";"30.0";"2108.76";"12059.40039";"12224.40039";"-77408.13";"0.00";"IST";"PT";"1d 18h 35m";"-366.24"
"801";"USTEC_ICM_UTC2";"Buy";"12169.3";"12251.8";"2020.11.30 18:15:00";"2020.11.30 21:26:00";"30.0";"2475.00";"12086.79980";"12251.79980";"-74933.13";"0.00";"IST";"PT";"3h 11m";"-0.00"
"802";"USTEC_ICM_UTC2";"Buy";"12322.5";"12405.0";"2020.12.02 16:45:00";"2020.12.02 17:12:00";"30.0";"2475.00";"12240.00000";"12405.00000";"-72458.13";"0.00";"IST";"PT";"27m 0s";"-0.00"
"803";"USTEC_ICM_UTC2";"Buy";"12495.3";"12516.1";"2020.12.03 20:30:00";"2020.12.04 22:55:00";"30.0";"440.88";"12412.79980";"12577.79980";"-72017.25";"0.00";"IST";"End Of Friday (Time)";"1d 2h 25m";"-183.12"
"804";"USTEC_ICM_UTC2";"Buy";"12551.0";"12633.5";"2020.12.07 20:45:00";"2020.12.08 20:44:00";"30.0";"2291.88";"12468.50000";"12633.50000";"-69725.37";"0.00";"IST";"PT";"23h 59m";"-183.12"
"805";"USTEC_ICM_UTC2";"Buy";"12407.8";"12325.3";"2020.12.09 21:30:00";"2020.12.09 22:25:00";"30.0";"-2475.00";"12325.29980";"12490.29980";"-72200.37";"0.00";"IST";"SL";"55m 0s";"-0.00"
"806";"USTEC_ICM_UTC2";"Buy";"12312.6";"12395.1";"2020.12.10 16:45:00";"2020.12.10 17:08:00";"30.0";"2475.00";"12230.09961";"12395.09961";"-69725.37";"0.00";"IST";"PT";"23m 0s";"-0.00"
"807";"USTEC_ICM_UTC2";"Buy";"12330.5";"12248.0";"2020.12.11 16:30:00";"2020.12.11 19:22:00";"30.0";"-2475.00";"12248.00000";"12413.00000";"-72200.37";"0.00";"IST";"SL";"2h 52m";"-0.00"
"808";"USTEC_ICM_UTC2";"Buy";"12504.5";"12422.0";"2020.12.14 20:45:00";"2020.12.15 04:23:00";"30.0";"-2658.12";"12422.00000";"12587.00000";"-74858.49";"0.00";"IST";"SL";"7h 38m";"-183.12"
"809";"USTEC_ICM_UTC2";"Buy";"12544.3";"12626.8";"2020.12.15 20:45:00";"2020.12.16 10:20:00";"30.0";"2291.88";"12461.79980";"12626.79980";"-72566.61";"0.00";"IST";"PT";"13h 35m";"-183.12"
"810";"USTEC_ICM_UTC2";"Buy";"12650.5";"12733.0";"2020.12.16 20:45:00";"2020.12.17 09:43:00";"30.0";"2291.88";"12568.00000";"12733.00000";"-70274.73";"0.00";"IST";"PT";"12h 58m";"-183.12"
"811";"USTEC_ICM_UTC2";"Buy";"12732.0";"12649.5";"2020.12.17 21:00:00";"2020.12.18 22:02:00";"30.0";"-2658.12";"12649.50000";"12814.50000";"-72932.85";"0.00";"IST";"SL";"1d 1h 2m";"-183.12"
"812";"USTEC_ICM_UTC2";"Buy";"12524.1";"12606.6";"2020.12.21 18:15:00";"2020.12.21 19:21:00";"30.0";"2475.00";"12441.59961";"12606.59961";"-70457.85";"0.00";"IST";"PT";"1h 6m";"-0.00"
"813";"USTEC_ICM_UTC2";"Buy";"12752.5";"12670.0";"2020.12.22 17:00:00";"2020.12.22 18:03:00";"30.0";"-2475.00";"12670.00000";"12835.00000";"-72932.85";"0.00";"IST";"SL";"1h 3m";"-0.00"
"814";"USTEC_ICM_UTC2";"Buy";"12719.7";"12637.2";"2020.12.23 16:30:00";"2020.12.23 23:10:00";"30.0";"-2475.00";"12637.20020";"12802.20020";"-75407.85";"0.00";"IST";"SL";"6h 40m";"-0.00"
"815";"USTEC_ICM_UTC2";"Buy";"12719.5";"12802.0";"2020.12.24 16:45:00";"2020.12.28 13:15:00";"30.0";"1742.52";"12637.00000";"12802.00000";"-73665.33";"0.00";"IST";"PT";"3d 20h 30m";"-732.48"
"816";"USTEC_ICM_UTC2";"Buy";"12846.9";"12883.9";"2020.12.28 20:30:00";"2020.12.31 23:14:00";"30.0";"1109.97";"12764.40039";"12929.40039";"-72555.36";"0.00";"IST";"EndTest";"3d 2h 44m";"-0.00"
