"Ticket";"Symbol";"Type";"Open price";"Close price";"Open time";"Close time";"Size";"Profit/Loss";"Stop Loss price level";"Profit Target price level";"Balance";"Slippage ($)";"Sample type";"Close type";"Time in trade";"Comm/Swap"
"1";"USTEC_ICM_UTC2";"Buy";"4215.3";"4232.6";"2015.01.02 18:30:00";"2015.01.02 22:55:00";"30.0";"519.00";"4132.79980";"4297.79980";"50519.00";"0.00";"IST";"End Of Friday (Time)";"4h 25m";"-0.00"
"2";"USTEC_ICM_UTC2";"Buy";"4210.9";"4128.4";"2015.01.05 16:45:00";"2015.01.06 18:23:00";"30.0";"-2658.12";"4128.39990";"4293.39990";"47860.88";"0.00";"IST";"SL";"1d 1h 38m";"-183.12"
"3";"USTEC_ICM_UTC2";"Buy";"4102.0";"4184.5";"2015.01.06 19:30:00";"2015.01.08 03:37:00";"30.0";"2108.76";"4019.50000";"4184.50000";"49969.64";"0.00";"IST";"PT";"1d 8h 7m";"-366.24"
"4";"USTEC_ICM_UTC2";"Buy";"4225.9";"4216.9";"2015.01.08 17:45:00";"2015.01.09 22:55:00";"30.0";"-453.12";"4143.39990";"4308.39990";"49516.52";"0.00";"IST";"End Of Friday (Time)";"1d 5h 10m";"-183.12"
"5";"USTEC_ICM_UTC2";"Buy";"4221.9";"4139.4";"2015.01.12 16:30:00";"2015.01.13 21:13:00";"30.0";"-2658.12";"4139.39990";"4304.39990";"46858.40";"0.00";"IST";"SL";"1d 4h 43m";"-183.12"
"6";"USTEC_ICM_UTC2";"Buy";"4145.9";"4063.4";"2015.01.13 22:00:00";"2015.01.16 02:15:00";"30.0";"-3024.36";"4063.39990";"4228.39990";"43834.04";"0.00";"IST";"SL";"2d 4h 15m";"-549.36"
"7";"USTEC_ICM_UTC2";"Buy";"4125.7";"4208.2";"2015.01.20 18:45:00";"2015.01.21 18:01:00";"30.0";"2291.88";"4043.19995";"4208.20020";"46125.92";"0.00";"IST";"PT";"23h 16m";"-183.12"
"8";"USTEC_ICM_UTC2";"Buy";"4182.0";"4264.5";"2015.01.21 21:15:00";"2015.01.22 22:02:00";"30.0";"2291.88";"4099.50000";"4264.50000";"48417.80";"0.00";"IST";"PT";"1d 0h 47m";"-183.12"
"9";"USTEC_ICM_UTC2";"Buy";"4270.0";"4273.9";"2015.01.22 22:15:00";"2015.01.23 22:55:00";"30.0";"-66.12";"4187.50000";"4352.50000";"48351.68";"0.00";"IST";"End Of Friday (Time)";"1d 0h 40m";"-183.12"
"10";"USTEC_ICM_UTC2";"Buy";"4265.6";"4183.1";"2015.01.26 17:45:00";"2015.01.27 16:52:00";"30.0";"-2658.12";"4183.10010";"4348.10010";"45693.56";"0.00";"IST";"SL";"23h 7m";"-183.12"
"11";"USTEC_ICM_UTC2";"Buy";"4152.4";"4234.9";"2015.01.27 17:45:00";"2015.01.28 05:58:00";"30.0";"2291.88";"4069.89990";"4234.89990";"47985.44";"0.00";"IST";"PT";"12h 13m";"-183.12"
"12";"USTEC_ICM_UTC2";"Buy";"4223.0";"4140.5";"2015.01.28 17:00:00";"2015.01.28 22:59:00";"30.0";"-2475.00";"4140.50000";"4305.50000";"45510.44";"0.00";"IST";"SL";"5h 59m";"-0.00"
"13";"USTEC_ICM_UTC2";"Buy";"4119.4";"4201.9";"2015.01.29 18:00:00";"2015.01.29 23:52:00";"30.0";"2475.00";"4036.89990";"4201.89990";"47985.44";"0.00";"IST";"PT";"5h 52m";"-0.00"
"14";"USTEC_ICM_UTC2";"Buy";"4178.1";"4149.5";"2015.01.30 16:30:00";"2015.01.30 22:55:00";"30.0";"-858.00";"4095.60010";"4260.60010";"47127.44";"0.00";"IST";"End Of Friday (Time)";"6h 25m";"-0.00"
"15";"USTEC_ICM_UTC2";"Buy";"4132.8";"4215.3";"2015.02.02 16:45:00";"2015.02.03 16:45:00";"30.0";"2291.88";"4050.30005";"4215.29980";"49419.32";"0.00";"IST";"PT";"1d 0h 0m";"-183.12"
"16";"USTEC_ICM_UTC2";"Buy";"4195.0";"4224.7";"2015.02.03 18:45:00";"2015.02.06 22:55:00";"30.0";"341.64";"4112.50000";"4277.50000";"49760.96";"0.00";"IST";"End Of Friday (Time)";"3d 4h 10m";"-549.36"
"17";"USTEC_ICM_UTC2";"Buy";"4222.7";"4305.2";"2015.02.09 17:00:00";"2015.02.11 22:26:00";"30.0";"2108.76";"4140.20020";"4305.20020";"51869.72";"0.00";"IST";"PT";"2d 5h 26m";"-366.24"
"18";"USTEC_ICM_UTC2";"Buy";"4362.8";"4380.5";"2015.02.13 18:30:00";"2015.02.13 22:55:00";"30.0";"531.00";"4280.29980";"4445.29980";"52400.72";"0.00";"IST";"End Of Friday (Time)";"4h 25m";"-0.00"
"19";"USTEC_ICM_UTC2";"Buy";"4371.1";"4437.8";"2015.02.16 20:15:00";"2015.02.20 22:55:00";"30.0";"1268.52";"4288.60010";"4453.60010";"53669.24";"0.00";"IST";"End Of Friday (Time)";"4d 2h 40m";"-732.48"
"20";"USTEC_ICM_UTC2";"Buy";"4444.7";"4437.8";"2015.02.24 17:45:00";"2015.02.27 22:55:00";"30.0";"-756.36";"4362.20020";"4527.20020";"52912.88";"0.00";"IST";"End Of Friday (Time)";"3d 5h 10m";"-549.36"
"21";"USTEC_ICM_UTC2";"Buy";"4475.4";"4392.9";"2015.03.02 17:30:00";"2015.03.06 22:33:00";"30.0";"-3207.48";"4392.89990";"4557.89990";"49705.40";"0.00";"IST";"SL";"4d 5h 3m";"-732.48"
"22";"USTEC_ICM_UTC2";"Buy";"4391.7";"4395.5";"2015.03.06 22:45:00";"2015.03.06 22:55:00";"30.0";"114.00";"4309.20020";"4474.20020";"49819.40";"0.00";"IST";"End Of Friday (Time)";"10m 0s";"-0.00"
"23";"USTEC_ICM_UTC2";"Buy";"4410.0";"4327.5";"2015.03.09 17:45:00";"2015.03.11 15:37:00";"30.0";"-2841.24";"4327.50000";"4492.50000";"46978.16";"0.00";"IST";"SL";"1d 21h 52m";"-366.24"
"24";"USTEC_ICM_UTC2";"Buy";"4332.0";"4312.7";"2015.03.11 16:30:00";"2015.03.13 22:55:00";"30.0";"-945.24";"4249.50000";"4414.50000";"46032.92";"0.00";"IST";"End Of Friday (Time)";"2d 6h 25m";"-366.24"
"25";"USTEC_ICM_UTC2";"Buy";"4359.4";"4441.9";"2015.03.16 20:15:00";"2015.03.19 02:28:00";"30.0";"1925.64";"4276.89990";"4441.89990";"47958.56";"0.00";"IST";"PT";"2d 6h 13m";"-549.36"
"26";"USTEC_ICM_UTC2";"Buy";"4432.0";"4454.6";"2015.03.19 18:00:00";"2015.03.20 22:55:00";"30.0";"494.88";"4349.50000";"4514.50000";"48453.44";"0.00";"IST";"End Of Friday (Time)";"1d 4h 55m";"-183.12"
"27";"USTEC_ICM_UTC2";"Buy";"4462.5";"4380.0";"2015.03.23 16:45:00";"2015.03.25 17:39:00";"30.0";"-2841.24";"4380.00000";"4545.00000";"45612.20";"0.00";"IST";"SL";"2d 0h 54m";"-366.24"
"28";"USTEC_ICM_UTC2";"Buy";"4366.5";"4284.0";"2015.03.25 18:30:00";"2015.03.26 11:09:00";"30.0";"-2658.12";"4284.00000";"4449.00000";"42954.08";"0.00";"IST";"SL";"16h 39m";"-183.12"
"29";"USTEC_ICM_UTC2";"Buy";"4303.0";"4332.9";"2015.03.26 17:15:00";"2015.03.27 22:55:00";"30.0";"713.88";"4220.50000";"4385.50000";"43667.96";"0.00";"IST";"End Of Friday (Time)";"1d 5h 40m";"-183.12"
"30";"USTEC_ICM_UTC2";"Buy";"4362.9";"4280.4";"2015.03.30 17:30:00";"2015.04.01 03:56:00";"30.0";"-2841.24";"4280.39990";"4445.39990";"40826.72";"0.00";"IST";"SL";"1d 10h 26m";"-366.24"
"31";"USTEC_ICM_UTC2";"Buy";"4290.4";"4372.9";"2015.04.01 17:00:00";"2015.04.07 17:23:00";"30.0";"1376.28";"4207.89990";"4372.89990";"42203.00";"0.00";"IST";"PT";"6d 0h 23m";"-1098.72"
"32";"USTEC_ICM_UTC2";"Buy";"4374.0";"4419.7";"2015.04.07 17:45:00";"2015.04.10 22:55:00";"30.0";"821.64";"4291.50000";"4456.50000";"43024.64";"0.00";"IST";"End Of Friday (Time)";"3d 5h 10m";"-549.36"
"33";"USTEC_ICM_UTC2";"Buy";"4435.2";"4352.7";"2015.04.13 19:15:00";"2015.04.17 17:06:00";"30.0";"-3207.48";"4352.70020";"4517.70020";"39817.16";"0.00";"IST";"SL";"3d 21h 51m";"-732.48"
"34";"USTEC_ICM_UTC2";"Buy";"4355.4";"4350.7";"2015.04.17 18:15:00";"2015.04.17 22:55:00";"30.0";"-141.00";"4272.89990";"4437.89990";"39676.16";"0.00";"IST";"End Of Friday (Time)";"4h 40m";"-0.00"
"35";"USTEC_ICM_UTC2";"Buy";"4437.9";"4520.4";"2015.04.21 18:45:00";"2015.04.24 11:17:00";"30.0";"1925.64";"4355.39990";"4520.39990";"41601.80";"0.00";"IST";"PT";"2d 16h 32m";"-549.36"
"36";"USTEC_ICM_UTC2";"Buy";"4522.0";"4537.0";"2015.04.24 16:45:00";"2015.04.24 22:55:00";"30.0";"450.00";"4439.50000";"4604.50000";"42051.80";"0.00";"IST";"End Of Friday (Time)";"6h 10m";"-0.00"
"37";"USTEC_ICM_UTC2";"Buy";"4531.0";"4448.5";"2015.04.27 21:00:00";"2015.04.30 17:18:00";"30.0";"-3024.36";"4448.50000";"4613.50000";"39027.44";"0.00";"IST";"SL";"2d 20h 18m";"-549.36"
"38";"USTEC_ICM_UTC2";"Buy";"4461.0";"4475.5";"2015.04.30 18:15:00";"2015.05.01 22:55:00";"30.0";"251.88";"4378.50000";"4543.50000";"39279.32";"0.00";"IST";"End Of Friday (Time)";"1d 4h 40m";"-183.12"
"39";"USTEC_ICM_UTC2";"Buy";"4499.5";"4417.0";"2015.05.04 19:30:00";"2015.05.05 18:33:00";"30.0";"-2658.12";"4417.00000";"4582.00000";"36621.20";"0.00";"IST";"SL";"23h 3m";"-183.12"
"40";"USTEC_ICM_UTC2";"Buy";"4431.4";"4348.9";"2015.05.05 19:15:00";"2015.05.06 21:42:00";"30.0";"-2658.12";"4348.89990";"4513.89990";"33963.08";"0.00";"IST";"SL";"1d 2h 27m";"-183.12"
"41";"USTEC_ICM_UTC2";"Buy";"4358.8";"4441.3";"2015.05.06 22:00:00";"2015.05.08 15:35:00";"30.0";"2108.76";"4276.29980";"4441.29980";"36071.84";"0.00";"IST";"PT";"1d 17h 35m";"-366.24"
"42";"USTEC_ICM_UTC2";"Buy";"4450.9";"4490.9";"2015.05.11 18:45:00";"2015.05.15 22:55:00";"30.0";"467.52";"4368.39990";"4533.39990";"36539.36";"0.00";"IST";"End Of Friday (Time)";"4d 4h 10m";"-732.48"
"43";"USTEC_ICM_UTC2";"Buy";"4488.9";"4530.0";"2015.05.18 17:30:00";"2015.05.22 22:55:00";"30.0";"500.52";"4406.39990";"4571.39990";"37039.88";"0.00";"IST";"End Of Friday (Time)";"4d 5h 25m";"-732.48"
"44";"USTEC_ICM_UTC2";"Buy";"4532.0";"4511.9";"2015.05.25 17:45:00";"2015.05.29 22:55:00";"30.0";"-1335.48";"4449.50000";"4614.50000";"35704.40";"0.00";"IST";"End Of Friday (Time)";"4d 5h 10m";"-732.48"
"45";"USTEC_ICM_UTC2";"Buy";"4512.0";"4477.9";"2015.06.01 18:00:00";"2015.06.05 22:55:00";"30.0";"-1755.48";"4429.50000";"4594.50000";"33948.92";"0.00";"IST";"End Of Friday (Time)";"4d 4h 55m";"-732.48"
"46";"USTEC_ICM_UTC2";"Buy";"4457.0";"4455.0";"2015.06.08 18:00:00";"2015.06.12 22:55:00";"30.0";"-792.48";"4374.50000";"4539.50000";"33156.44";"0.00";"IST";"End Of Friday (Time)";"4d 4h 55m";"-732.48"
"47";"USTEC_ICM_UTC2";"Buy";"4407.9";"4490.4";"2015.06.15 17:30:00";"2015.06.18 16:30:00";"30.0";"1925.64";"4325.39990";"4490.39990";"35082.08";"0.00";"IST";"PT";"2d 23h 0m";"-549.36"
"48";"USTEC_ICM_UTC2";"Buy";"4531.0";"4517.5";"2015.06.18 21:45:00";"2015.06.19 22:55:00";"30.0";"-588.12";"4448.50000";"4613.50000";"34493.96";"0.00";"IST";"End Of Friday (Time)";"1d 1h 10m";"-183.12"
"49";"USTEC_ICM_UTC2";"Buy";"4543.9";"4483.9";"2015.06.22 16:45:00";"2015.06.26 22:55:00";"30.0";"-2532.48";"4461.39990";"4626.39990";"31961.48";"0.00";"IST";"End Of Friday (Time)";"4d 6h 10m";"-732.48"
"50";"USTEC_ICM_UTC2";"Buy";"4420.9";"4427.5";"2015.06.29 19:30:00";"2015.07.10 22:55:00";"30.0";"-1816.32";"4338.39990";"4503.39990";"30145.16";"0.00";"IST";"End Of Friday (Time)";"11d 3h 25m";"-2014.32"
"51";"USTEC_ICM_UTC2";"Buy";"4457.9";"4540.4";"2015.07.13 16:30:00";"2015.07.15 16:48:00";"30.0";"2108.76";"4375.39990";"4540.39990";"32253.92";"0.00";"IST";"PT";"2d 0h 18m";"-366.24"
"52";"USTEC_ICM_UTC2";"Buy";"4543.0";"4625.5";"2015.07.15 18:45:00";"2015.07.17 12:00:00";"30.0";"2108.76";"4460.50000";"4625.50000";"34362.68";"0.00";"IST";"PT";"1d 17h 15m";"-366.24"
"53";"USTEC_ICM_UTC2";"Buy";"4642.9";"4657.9";"2015.07.17 18:30:00";"2015.07.17 22:55:00";"30.0";"450.00";"4560.39990";"4725.39990";"34812.68";"0.00";"IST";"End Of Friday (Time)";"4h 25m";"-0.00"
"54";"USTEC_ICM_UTC2";"Buy";"4676.9";"4594.4";"2015.07.20 18:15:00";"2015.07.23 22:11:00";"30.0";"-3024.36";"4594.39990";"4759.39990";"31788.32";"0.00";"IST";"SL";"3d 3h 56m";"-549.36"
"55";"USTEC_ICM_UTC2";"Buy";"4620.1";"4562.0";"2015.07.24 17:00:00";"2015.07.24 22:55:00";"30.0";"-1743.00";"4537.60010";"4702.60010";"30045.32";"0.00";"IST";"End Of Friday (Time)";"5h 55m";"-0.00"
"56";"USTEC_ICM_UTC2";"Buy";"4536.6";"4590.5";"2015.07.27 17:30:00";"2015.07.31 22:55:00";"30.0";"884.52";"4454.10010";"4619.10010";"30929.84";"0.00";"IST";"End Of Friday (Time)";"4d 5h 25m";"-732.48"
"57";"USTEC_ICM_UTC2";"Buy";"4602.0";"4519.5";"2015.08.03 18:45:00";"2015.08.06 18:35:00";"30.0";"-3024.36";"4519.50000";"4684.50000";"27905.48";"0.00";"IST";"SL";"2d 23h 50m";"-549.36"
"58";"USTEC_ICM_UTC2";"Buy";"4514.5";"4517.3";"2015.08.06 19:00:00";"2015.08.07 22:55:00";"30.0";"-99.12";"4432.00000";"4597.00000";"27806.36";"0.00";"IST";"End Of Friday (Time)";"1d 3h 55m";"-183.12"
"59";"USTEC_ICM_UTC2";"Buy";"4567.0";"4484.5";"2015.08.11 16:45:00";"2015.08.12 09:00:00";"30.0";"-2658.12";"4484.50000";"4649.50000";"25148.24";"0.00";"IST";"SL";"16h 15m";"-183.12"
"60";"USTEC_ICM_UTC2";"Buy";"4443.9";"4526.4";"2015.08.12 18:00:00";"2015.08.12 21:59:00";"30.0";"2475.00";"4361.39990";"4526.39990";"27623.24";"0.00";"IST";"PT";"3h 59m";"-0.00"
"61";"USTEC_ICM_UTC2";"Buy";"4528.0";"4530.9";"2015.08.13 18:15:00";"2015.08.14 22:55:00";"30.0";"-96.12";"4445.50000";"4610.50000";"27527.12";"0.00";"IST";"End Of Friday (Time)";"1d 4h 40m";"-183.12"
"62";"USTEC_ICM_UTC2";"Buy";"4535.4";"4452.9";"2015.08.17 17:45:00";"2015.08.20 17:04:00";"30.0";"-3024.36";"4452.89990";"4617.89990";"24502.76";"0.00";"IST";"SL";"2d 23h 19m";"-549.36"
"63";"USTEC_ICM_UTC2";"Buy";"4425.3";"4339.0";"2015.08.20 18:15:00";"2015.08.21 09:00:00";"30.0";"-2772.48";"4342.79980";"4507.79980";"21730.28";"0.00";"IST";"SL";"14h 45m";"-183.12"
"64";"USTEC_ICM_UTC2";"Buy";"4333.0";"4250.5";"2015.08.21 17:30:00";"2015.08.21 21:48:00";"30.0";"-2475.00";"4250.50000";"4415.50000";"19255.28";"0.00";"IST";"SL";"4h 18m";"-0.00"
"65";"USTEC_ICM_UTC2";"Buy";"3997.5";"4080.0";"2015.08.24 16:30:00";"2015.08.24 17:21:00";"30.0";"2475.00";"3915.00000";"4080.00000";"21730.28";"0.00";"IST";"PT";"51m 0s";"-0.00"
"66";"USTEC_ICM_UTC2";"Buy";"4161.7";"4079.2";"2015.08.25 17:00:00";"2015.08.25 22:39:00";"30.0";"-2475.00";"4079.19995";"4244.20020";"19255.28";"0.00";"IST";"SL";"5h 39m";"-0.00"
"67";"USTEC_ICM_UTC2";"Buy";"4081.9";"4164.4";"2015.08.26 19:15:00";"2015.08.26 22:07:00";"30.0";"2475.00";"3999.39990";"4164.39990";"21730.28";"0.00";"IST";"PT";"2h 52m";"-0.00"
"68";"USTEC_ICM_UTC2";"Buy";"4312.0";"4321.0";"2015.08.28 17:45:00";"2015.08.28 22:55:00";"30.0";"270.00";"4229.50000";"4394.50000";"22000.28";"0.00";"IST";"End Of Friday (Time)";"5h 10m";"-0.00"
"69";"USTEC_ICM_UTC2";"Buy";"4205.9";"4123.4";"2015.09.01 17:00:00";"2015.09.01 22:43:00";"30.0";"-2475.00";"4123.39990";"4288.39990";"19525.28";"0.00";"IST";"SL";"5h 43m";"-0.00"
"70";"USTEC_ICM_UTC2";"Buy";"4195.0";"4277.5";"2015.09.02 18:45:00";"2015.09.03 10:23:00";"30.0";"2291.88";"4112.50000";"4277.50000";"21817.16";"0.00";"IST";"PT";"15h 38m";"-183.12"
"71";"USTEC_ICM_UTC2";"Buy";"4285.0";"4195.2";"2015.09.03 18:30:00";"2015.09.04 09:00:00";"30.0";"-2877.27";"4202.50000";"4367.50000";"18939.89";"0.00";"IST";"SL";"14h 30m";"-183.12"
"72";"USTEC_ICM_UTC2";"Buy";"4192.0";"4196.0";"2015.09.04 17:15:00";"2015.09.04 22:55:00";"30.0";"120.00";"4109.50000";"4274.50000";"19059.89";"0.00";"IST";"End Of Friday (Time)";"5h 40m";"-0.00"
"73";"USTEC_ICM_UTC2";"Buy";"4211.6";"4294.1";"2015.09.07 17:45:00";"2015.09.08 22:32:00";"30.0";"2291.88";"4129.10010";"4294.10010";"21351.77";"0.00";"IST";"PT";"1d 4h 47m";"-183.12"
"74";"USTEC_ICM_UTC2";"Buy";"4306.9";"4313.9";"2015.09.09 18:45:00";"2015.09.11 22:55:00";"30.0";"-156.24";"4224.39990";"4389.39990";"21195.53";"0.00";"IST";"End Of Friday (Time)";"2d 4h 10m";"-366.24"
"75";"USTEC_ICM_UTC2";"Buy";"4339.2";"4421.7";"2015.09.14 16:30:00";"2015.09.17 21:43:00";"30.0";"1925.64";"4256.70020";"4421.70020";"23121.17";"0.00";"IST";"PT";"3d 5h 13m";"-549.36"
"76";"USTEC_ICM_UTC2";"Buy";"4316.9";"4325.2";"2015.09.18 16:30:00";"2015.09.18 22:55:00";"30.0";"249.00";"4234.39990";"4399.39990";"23370.17";"0.00";"IST";"End Of Friday (Time)";"6h 25m";"-0.00"
"77";"USTEC_ICM_UTC2";"Buy";"4351.0";"4268.5";"2015.09.21 18:45:00";"2015.09.22 13:05:00";"30.0";"-2658.12";"4268.50000";"4433.50000";"20712.05";"0.00";"IST";"SL";"18h 20m";"-183.12"
"78";"USTEC_ICM_UTC2";"Buy";"4269.0";"4225.1";"2015.09.22 17:15:00";"2015.09.25 22:55:00";"30.0";"-1866.36";"4186.50000";"4351.50000";"18845.69";"0.00";"IST";"End Of Friday (Time)";"3d 5h 40m";"-549.36"
"79";"USTEC_ICM_UTC2";"Buy";"4145.8";"4063.3";"2015.09.28 18:30:00";"2015.09.29 22:20:00";"30.0";"-2658.12";"4063.30005";"4228.29980";"16187.57";"0.00";"IST";"SL";"1d 3h 50m";"-183.12"
"80";"USTEC_ICM_UTC2";"Buy";"4133.3";"4219.0";"2015.09.30 20:00:00";"2015.10.01 09:00:00";"30.0";"2386.47";"4050.80005";"4215.79980";"18574.04";"0.00";"IST";"PT";"13h 0m";"-183.12"
"81";"USTEC_ICM_UTC2";"Buy";"4159.9";"4242.4";"2015.10.01 17:45:00";"2015.10.02 22:15:00";"30.0";"2291.88";"4077.39990";"4242.39990";"20865.92";"0.00";"IST";"PT";"1d 4h 30m";"-183.12"
"82";"USTEC_ICM_UTC2";"Buy";"4287.0";"4369.5";"2015.10.06 18:45:00";"2015.10.09 17:35:00";"30.0";"1925.64";"4204.50000";"4369.50000";"22791.56";"0.00";"IST";"PT";"2d 22h 50m";"-549.36"
"83";"USTEC_ICM_UTC2";"Buy";"4360.5";"4366.8";"2015.10.09 18:45:00";"2015.10.09 22:55:00";"30.0";"189.00";"4278.00000";"4443.00000";"22980.56";"0.00";"IST";"End Of Friday (Time)";"4h 10m";"-0.00"
"84";"USTEC_ICM_UTC2";"Buy";"4379.6";"4434.3";"2015.10.12 16:30:00";"2015.10.16 22:55:00";"30.0";"908.52";"4297.10010";"4462.10010";"23889.08";"0.00";"IST";"End Of Friday (Time)";"4d 6h 25m";"-732.48"
"85";"USTEC_ICM_UTC2";"Buy";"4426.2";"4582.1";"2015.10.19 16:45:00";"2015.10.23 09:00:00";"30.0";"3945.24";"4343.70020";"4508.70020";"27834.32";"0.00";"IST";"PT";"3d 16h 15m";"-732.48"
"86";"USTEC_ICM_UTC2";"Buy";"4603.2";"4627.9";"2015.10.23 19:00:00";"2015.10.23 22:55:00";"30.0";"741.00";"4520.70020";"4685.70020";"28575.32";"0.00";"IST";"End Of Friday (Time)";"3h 55m";"-0.00"
"87";"USTEC_ICM_UTC2";"Buy";"4633.0";"4715.5";"2015.10.26 17:15:00";"2015.11.03 18:59:00";"30.0";"1010.04";"4550.50000";"4715.50000";"29585.36";"0.00";"IST";"PT";"8d 1h 44m";"-1464.96"
"88";"USTEC_ICM_UTC2";"Buy";"4709.0";"4701.5";"2015.11.04 18:00:00";"2015.11.06 22:55:00";"30.0";"-591.24";"4626.50000";"4791.50000";"28994.12";"0.00";"IST";"End Of Friday (Time)";"2d 4h 55m";"-366.24"
"89";"USTEC_ICM_UTC2";"Buy";"4643.0";"4560.5";"2015.11.09 19:45:00";"2015.11.13 16:46:00";"30.0";"-3207.48";"4560.50000";"4725.50000";"25786.64";"0.00";"IST";"SL";"3d 21h 1m";"-732.48"
"90";"USTEC_ICM_UTC2";"Buy";"4544.0";"4506.7";"2015.11.13 18:00:00";"2015.11.13 22:55:00";"30.0";"-1119.00";"4461.50000";"4626.50000";"24667.64";"0.00";"IST";"End Of Friday (Time)";"4h 55m";"-0.00"
"91";"USTEC_ICM_UTC2";"Buy";"4497.4";"4579.9";"2015.11.16 16:30:00";"2015.11.17 11:45:00";"30.0";"2291.88";"4414.89990";"4579.89990";"26959.52";"0.00";"IST";"PT";"19h 15m";"-183.12"
"92";"USTEC_ICM_UTC2";"Buy";"4573.0";"4655.5";"2015.11.17 17:30:00";"2015.11.18 22:55:00";"30.0";"2291.88";"4490.50000";"4655.50000";"29251.40";"0.00";"IST";"PT";"1d 5h 25m";"-183.12"
"93";"USTEC_ICM_UTC2";"Buy";"4659.2";"4682.7";"2015.11.19 17:15:00";"2015.11.20 22:55:00";"30.0";"521.88";"4576.70020";"4741.70020";"29773.28";"0.00";"IST";"End Of Friday (Time)";"1d 5h 40m";"-183.12"
"94";"USTEC_ICM_UTC2";"Buy";"4690.4";"4607.9";"2015.11.23 20:00:00";"2015.12.03 20:54:00";"30.0";"-4306.20";"4607.89990";"4772.89990";"25467.08";"0.00";"IST";"SL";"10d 0h 54m";"-1831.20"
"95";"USTEC_ICM_UTC2";"Buy";"4606.3";"4688.8";"2015.12.03 21:00:00";"2015.12.04 19:34:00";"30.0";"2291.88";"4523.79980";"4688.79980";"27758.96";"0.00";"IST";"PT";"22h 34m";"-183.12"
"96";"USTEC_ICM_UTC2";"Buy";"4709.3";"4626.8";"2015.12.07 16:45:00";"2015.12.09 19:22:00";"30.0";"-2841.24";"4626.79980";"4791.79980";"24917.72";"0.00";"IST";"SL";"2d 2h 37m";"-366.24"
"97";"USTEC_ICM_UTC2";"Buy";"4600.9";"4536.0";"2015.12.09 20:45:00";"2015.12.11 22:55:00";"30.0";"-2313.24";"4518.39990";"4683.39990";"22604.48";"0.00";"IST";"End Of Friday (Time)";"2d 2h 10m";"-366.24"
"98";"USTEC_ICM_UTC2";"Buy";"4525.8";"4608.3";"2015.12.14 16:45:00";"2015.12.15 15:56:00";"30.0";"2291.88";"4443.29980";"4608.29980";"24896.36";"0.00";"IST";"PT";"23h 11m";"-183.12"
"99";"USTEC_ICM_UTC2";"Buy";"4633.0";"4550.5";"2015.12.15 17:00:00";"2015.12.18 09:10:00";"30.0";"-3024.36";"4550.50000";"4715.50000";"21872.00";"0.00";"IST";"SL";"2d 16h 10m";"-549.36"
"100";"USTEC_ICM_UTC2";"Buy";"4566.1";"4523.6";"2015.12.18 18:30:00";"2015.12.18 22:55:00";"30.0";"-1275.00";"4483.60010";"4648.60010";"20597.00";"0.00";"IST";"End Of Friday (Time)";"4h 25m";"-0.00"
"101";"USTEC_ICM_UTC2";"Buy";"4537.2";"4619.7";"2015.12.21 19:15:00";"2015.12.23 17:01:00";"30.0";"2108.76";"4454.70020";"4619.70020";"22705.76";"0.00";"IST";"PT";"1d 21h 46m";"-366.24"
"102";"USTEC_ICM_UTC2";"Buy";"4615.0";"4697.5";"2015.12.23 19:30:00";"2015.12.29 20:56:00";"30.0";"1376.28";"4532.50000";"4697.50000";"24082.04";"0.00";"IST";"PT";"6d 1h 26m";"-1098.72"
"103";"USTEC_ICM_UTC2";"Buy";"4668.0";"4547.9";"2015.12.30 18:45:00";"2016.01.04 09:00:00";"30.0";"-4517.91";"4585.50000";"4750.50000";"19564.13";"0.00";"IST";"SL";"4d 14h 15m";"-915.60"
"104";"USTEC_ICM_UTC2";"Buy";"4457.4";"4374.9";"2016.01.04 19:15:00";"2016.01.07 09:00:00";"30.0";"-3024.36";"4374.89990";"4539.89990";"16539.77";"0.00";"IST";"SL";"2d 13h 45m";"-549.36"
"105";"USTEC_ICM_UTC2";"Buy";"4362.9";"4280.4";"2016.01.07 19:45:00";"2016.01.08 22:45:00";"30.0";"-2658.12";"4280.39990";"4445.39990";"13881.65";"0.00";"IST";"SL";"1d 3h 0m";"-183.12"
"106";"USTEC_ICM_UTC2";"Buy";"4256.9";"4339.4";"2016.01.11 18:15:00";"2016.01.12 15:15:00";"30.0";"2291.88";"4174.39990";"4339.39990";"16173.53";"0.00";"IST";"PT";"21h 0m";"-183.12"
"107";"USTEC_ICM_UTC2";"Buy";"4312.9";"4230.4";"2016.01.12 19:15:00";"2016.01.13 20:58:00";"30.0";"-2658.12";"4230.39990";"4395.39990";"13515.41";"0.00";"IST";"SL";"1d 1h 43m";"-183.12"
"108";"USTEC_ICM_UTC2";"Buy";"4213.9";"4296.4";"2016.01.13 22:30:00";"2016.01.14 21:52:00";"30.0";"2291.88";"4131.39990";"4296.39990";"15807.29";"0.00";"IST";"PT";"23h 22m";"-183.12"
"109";"USTEC_ICM_UTC2";"Buy";"4151.9";"4141.0";"2016.01.15 17:15:00";"2016.01.15 22:55:00";"30.0";"-327.00";"4069.39990";"4234.39990";"15480.29";"0.00";"IST";"End Of Friday (Time)";"5h 40m";"-0.00"
"110";"USTEC_ICM_UTC2";"Buy";"4144.9";"4062.4";"2016.01.18 17:45:00";"2016.01.20 10:24:00";"30.0";"-2841.24";"4062.39990";"4227.39990";"12639.05";"0.00";"IST";"SL";"1d 16h 39m";"-366.24"
"111";"USTEC_ICM_UTC2";"Buy";"4038.2";"4120.7";"2016.01.20 20:30:00";"2016.01.20 22:06:00";"30.0";"2475.00";"3955.69995";"4120.70020";"15114.05";"0.00";"IST";"PT";"1h 36m";"-0.00"
"112";"USTEC_ICM_UTC2";"Buy";"4165.1";"4247.6";"2016.01.21 17:45:00";"2016.01.22 17:18:00";"30.0";"2291.88";"4082.60010";"4247.60010";"17405.93";"0.00";"IST";"PT";"23h 33m";"-183.12"
"113";"USTEC_ICM_UTC2";"Buy";"4248.0";"4165.5";"2016.01.25 17:00:00";"2016.01.26 09:37:00";"30.0";"-2658.12";"4165.50000";"4330.50000";"14747.81";"0.00";"IST";"SL";"16h 37m";"-183.12"
"114";"USTEC_ICM_UTC2";"Buy";"4204.4";"4121.9";"2016.01.26 16:45:00";"2016.01.27 22:06:00";"30.0";"-2658.12";"4121.89990";"4286.89990";"12089.69";"0.00";"IST";"SL";"1d 5h 21m";"-183.12"
"115";"USTEC_ICM_UTC2";"Buy";"4165.8";"4248.3";"2016.01.28 18:15:00";"2016.01.29 19:25:00";"30.0";"2291.88";"4083.30005";"4248.29980";"14381.57";"0.00";"IST";"PT";"1d 1h 10m";"-183.12"
"116";"USTEC_ICM_UTC2";"Buy";"4272.9";"4190.4";"2016.02.01 18:15:00";"2016.02.02 21:27:00";"30.0";"-2658.12";"4190.39990";"4355.39990";"11723.45";"0.00";"IST";"SL";"1d 3h 12m";"-183.12"
"117";"USTEC_ICM_UTC2";"Buy";"4184.9";"4102.4";"2016.02.02 22:15:00";"2016.02.03 20:58:00";"30.0";"-2658.12";"4102.39990";"4267.39990";"9065.33";"0.00";"IST";"SL";"22h 43m";"-183.12"
"118";"USTEC_ICM_UTC2";"Buy";"4175.4";"4092.9";"2016.02.03 21:45:00";"2016.02.05 17:24:00";"30.0";"-2841.24";"4092.89990";"4257.89990";"6224.09";"0.00";"IST";"SL";"1d 19h 39m";"-366.24"
"119";"USTEC_ICM_UTC2";"Buy";"4092.0";"4009.5";"2016.02.05 17:45:00";"2016.02.05 21:17:00";"30.0";"-2475.00";"4009.50000";"4174.50000";"3749.09";"0.00";"IST";"SL";"3h 32m";"-0.00"
"120";"USTEC_ICM_UTC2";"Buy";"3944.7";"4027.2";"2016.02.08 17:00:00";"2016.02.10 17:25:00";"30.0";"2108.76";"3862.19995";"4027.19995";"5857.85";"0.00";"IST";"PT";"2d 0h 25m";"-366.24"
"121";"USTEC_ICM_UTC2";"Buy";"4027.7";"3945.2";"2016.02.10 17:30:00";"2016.02.11 09:10:00";"30.0";"-2658.12";"3945.19995";"4110.20020";"3199.73";"0.00";"IST";"SL";"15h 40m";"-183.12"
"122";"USTEC_ICM_UTC2";"Buy";"3927.3";"4009.8";"2016.02.11 19:00:00";"2016.02.12 13:49:00";"30.0";"2291.88";"3844.80005";"4009.80005";"5491.61";"0.00";"IST";"PT";"18h 49m";"-183.12"
"123";"USTEC_ICM_UTC2";"Buy";"4007.0";"4016.7";"2016.02.12 19:15:00";"2016.02.12 22:55:00";"30.0";"291.00";"3924.50000";"4089.50000";"5782.61";"0.00";"IST";"End Of Friday (Time)";"3h 40m";"-0.00"
"124";"USTEC_ICM_UTC2";"Buy";"4074.1";"4156.6";"2016.02.16 16:30:00";"2016.02.17 17:13:00";"30.0";"2291.88";"3991.60010";"4156.60010";"8074.49";"0.00";"IST";"PT";"1d 0h 43m";"-183.12"
"125";"USTEC_ICM_UTC2";"Buy";"4174.7";"4165.4";"2016.02.17 18:00:00";"2016.02.19 22:55:00";"30.0";"-645.24";"4092.19995";"4257.20020";"7429.25";"0.00";"IST";"End Of Friday (Time)";"2d 4h 55m";"-366.24"
"126";"USTEC_ICM_UTC2";"Buy";"4221.4";"4138.9";"2016.02.22 17:00:00";"2016.02.24 11:20:00";"30.0";"-2841.24";"4138.89990";"4303.89990";"4588.01";"0.00";"IST";"SL";"1d 18h 20m";"-366.24"
"127";"USTEC_ICM_UTC2";"Buy";"4104.1";"4186.6";"2016.02.24 18:15:00";"2016.02.24 22:08:00";"30.0";"2475.00";"4021.60010";"4186.60010";"7063.01";"0.00";"IST";"PT";"3h 53m";"-0.00"
"128";"USTEC_ICM_UTC2";"Buy";"4191.6";"4274.1";"2016.02.25 18:00:00";"2016.02.26 10:04:00";"30.0";"2291.88";"4109.10010";"4274.10010";"9354.89";"0.00";"IST";"PT";"16h 4m";"-183.12"
"129";"USTEC_ICM_UTC2";"Buy";"4253.8";"4239.1";"2016.02.26 18:15:00";"2016.02.26 22:55:00";"30.0";"-441.00";"4171.29980";"4336.29980";"8913.89";"0.00";"IST";"End Of Friday (Time)";"4h 40m";"-0.00"
"130";"USTEC_ICM_UTC2";"Buy";"4234.7";"4317.2";"2016.03.01 16:45:00";"2016.03.01 20:46:00";"30.0";"2475.00";"4152.20020";"4317.20020";"11388.89";"0.00";"IST";"PT";"4h 1m";"-0.00"
"131";"USTEC_ICM_UTC2";"Buy";"4333.3";"4326.8";"2016.03.02 17:15:00";"2016.03.04 22:55:00";"30.0";"-561.24";"4250.79980";"4415.79980";"10827.65";"0.00";"IST";"End Of Friday (Time)";"2d 5h 40m";"-366.24"
"132";"USTEC_ICM_UTC2";"Buy";"4311.0";"4357.7";"2016.03.07 18:15:00";"2016.03.11 22:55:00";"30.0";"668.52";"4228.50000";"4393.50000";"11496.17";"0.00";"IST";"End Of Friday (Time)";"4d 4h 40m";"-732.48"
"133";"USTEC_ICM_UTC2";"Buy";"4365.2";"4447.7";"2016.03.14 17:15:00";"2016.03.22 19:34:00";"30.0";"1010.04";"4282.70020";"4447.70020";"12506.21";"0.00";"IST";"PT";"8d 2h 19m";"-1464.96"
"134";"USTEC_ICM_UTC2";"Buy";"4420.2";"4502.7";"2016.03.23 16:45:00";"2016.03.30 13:29:00";"30.0";"1193.16";"4337.70020";"4502.70020";"13699.37";"0.00";"IST";"PT";"6d 20h 44m";"-1281.84"
"135";"USTEC_ICM_UTC2";"Buy";"4487.5";"4526.5";"2016.03.30 19:30:00";"2016.04.01 22:55:00";"30.0";"803.76";"4405.00000";"4570.00000";"14503.13";"0.00";"IST";"End Of Friday (Time)";"2d 3h 25m";"-366.24"
"136";"USTEC_ICM_UTC2";"Buy";"4525.8";"4469.5";"2016.04.04 17:15:00";"2016.04.08 22:55:00";"30.0";"-2421.48";"4443.29980";"4608.29980";"12081.65";"0.00";"IST";"End Of Friday (Time)";"4d 5h 40m";"-732.48"
"137";"USTEC_ICM_UTC2";"Buy";"4505.6";"4542.9";"2016.04.11 20:00:00";"2016.04.15 22:55:00";"30.0";"386.52";"4423.10010";"4588.10010";"12468.17";"0.00";"IST";"End Of Friday (Time)";"4d 2h 55m";"-732.48"
"138";"USTEC_ICM_UTC2";"Buy";"4529.8";"4447.3";"2016.04.18 16:30:00";"2016.04.22 17:43:00";"30.0";"-3207.48";"4447.29980";"4612.29980";"9260.69";"0.00";"IST";"SL";"4d 1h 13m";"-732.48"
"139";"USTEC_ICM_UTC2";"Buy";"4454.2";"4473.7";"2016.04.22 18:45:00";"2016.04.22 22:55:00";"30.0";"585.00";"4371.70020";"4536.70020";"9845.69";"0.00";"IST";"End Of Friday (Time)";"4h 10m";"-0.00"
"140";"USTEC_ICM_UTC2";"Buy";"4469.5";"4387.0";"2016.04.25 20:00:00";"2016.04.27 17:19:00";"30.0";"-2841.24";"4387.00000";"4552.00000";"7004.45";"0.00";"IST";"SL";"1d 21h 19m";"-366.24"
"141";"USTEC_ICM_UTC2";"Buy";"4391.7";"4309.2";"2016.04.27 18:15:00";"2016.04.29 18:36:00";"30.0";"-2841.24";"4309.20020";"4474.20020";"4163.21";"0.00";"IST";"SL";"2d 0h 21m";"-366.24"
"142";"USTEC_ICM_UTC2";"Buy";"4311.8";"4340.2";"2016.04.29 19:15:00";"2016.04.29 22:55:00";"30.0";"852.00";"4229.29980";"4394.29980";"5015.21";"0.00";"IST";"End Of Friday (Time)";"3h 40m";"-0.00"
"143";"USTEC_ICM_UTC2";"Buy";"4363.2";"4280.7";"2016.05.02 21:00:00";"2016.05.06 15:42:00";"30.0";"-3207.48";"4280.70020";"4445.70020";"1807.73";"0.00";"IST";"SL";"3d 18h 42m";"-732.48"
"144";"USTEC_ICM_UTC2";"Buy";"4310.1";"4325.8";"2016.05.06 16:45:00";"2016.05.06 22:55:00";"30.0";"471.00";"4227.60010";"4392.60010";"2278.73";"0.00";"IST";"End Of Friday (Time)";"6h 10m";"-0.00"
"145";"USTEC_ICM_UTC2";"Buy";"4353.0";"4325.4";"2016.05.09 17:15:00";"2016.05.13 22:55:00";"30.0";"-1560.48";"4270.50000";"4435.50000";"718.25";"0.00";"IST";"End Of Friday (Time)";"4d 5h 40m";"-732.48"
"146";"USTEC_ICM_UTC2";"Buy";"4349.2";"4361.8";"2016.05.16 17:00:00";"2016.05.20 22:55:00";"30.0";"-354.48";"4266.70020";"4431.70020";"363.77";"0.00";"IST";"End Of Friday (Time)";"4d 5h 55m";"-732.48"
"147";"USTEC_ICM_UTC2";"Buy";"4376.3";"4458.8";"2016.05.23 17:15:00";"2016.05.25 09:17:00";"30.0";"2108.76";"4293.79980";"4458.79980";"2472.53";"0.00";"IST";"PT";"1d 16h 2m";"-366.24"
"148";"USTEC_ICM_UTC2";"Buy";"4474.6";"4509.4";"2016.05.25 17:30:00";"2016.05.27 22:55:00";"30.0";"677.76";"4392.10010";"4557.10010";"3150.29";"0.00";"IST";"End Of Friday (Time)";"2d 5h 25m";"-366.24"
"149";"USTEC_ICM_UTC2";"Buy";"4524.3";"4512.5";"2016.05.30 19:30:00";"2016.06.03 22:55:00";"30.0";"-1086.48";"4441.79980";"4606.79980";"2063.81";"0.00";"IST";"End Of Friday (Time)";"4d 3h 25m";"-732.48"
"150";"USTEC_ICM_UTC2";"Buy";"4530.1";"4447.6";"2016.06.07 17:00:00";"2016.06.10 22:10:00";"30.0";"-3024.36";"4447.60010";"4612.60010";"-960.55";"0.00";"IST";"SL";"3d 5h 10m";"-549.36"
"151";"USTEC_ICM_UTC2";"Buy";"4447.3";"4458.3";"2016.06.10 22:15:00";"2016.06.10 22:55:00";"30.0";"330.00";"4364.79980";"4529.79980";"-630.55";"0.00";"IST";"End Of Friday (Time)";"40m 0s";"-0.00"
"152";"USTEC_ICM_UTC2";"Buy";"4453.6";"4371.1";"2016.06.13 17:00:00";"2016.06.16 17:01:00";"30.0";"-3024.36";"4371.10010";"4536.10010";"-3654.91";"0.00";"IST";"SL";"3d 0h 1m";"-549.36"
"153";"USTEC_ICM_UTC2";"Buy";"4366.3";"4371.9";"2016.06.16 17:45:00";"2016.06.17 22:55:00";"30.0";"-15.12";"4283.79980";"4448.79980";"-3670.03";"0.00";"IST";"End Of Friday (Time)";"1d 5h 10m";"-183.12"
"154";"USTEC_ICM_UTC2";"Buy";"4428.5";"4254.8";"2016.06.20 20:15:00";"2016.06.24 09:00:00";"30.0";"-5944.35";"4346.00000";"4511.00000";"-9614.38";"0.00";"IST";"SL";"3d 12h 45m";"-732.48"
"155";"USTEC_ICM_UTC2";"Buy";"4351.0";"4307.6";"2016.06.24 17:45:00";"2016.06.24 22:55:00";"30.0";"-1302.00";"4268.50000";"4433.50000";"-10916.38";"0.00";"IST";"End Of Friday (Time)";"5h 10m";"-0.00"
"156";"USTEC_ICM_UTC2";"Buy";"4228.4";"4310.9";"2016.06.27 17:00:00";"2016.06.29 11:11:00";"30.0";"2108.76";"4145.89990";"4310.89990";"-8807.62";"0.00";"IST";"PT";"1d 18h 11m";"-366.24"
"157";"USTEC_ICM_UTC2";"Buy";"4376.0";"4439.8";"2016.06.30 16:30:00";"2016.07.01 22:55:00";"30.0";"1730.88";"4293.50000";"4458.50000";"-7076.74";"0.00";"IST";"End Of Friday (Time)";"1d 6h 25m";"-183.12"
"158";"USTEC_ICM_UTC2";"Buy";"4402.4";"4484.9";"2016.07.05 18:00:00";"2016.07.08 15:30:00";"30.0";"1925.64";"4319.89990";"4484.89990";"-5151.10";"0.00";"IST";"PT";"2d 21h 30m";"-549.36"
"159";"USTEC_ICM_UTC2";"Buy";"4504.3";"4527.2";"2016.07.08 17:30:00";"2016.07.08 22:55:00";"30.0";"687.00";"4421.79980";"4586.79980";"-4464.10";"0.00";"IST";"End Of Friday (Time)";"5h 25m";"-0.00"
"160";"USTEC_ICM_UTC2";"Buy";"4577.7";"4587.5";"2016.07.12 22:15:00";"2016.07.15 22:55:00";"30.0";"-255.36";"4495.20020";"4660.20020";"-4719.46";"0.00";"IST";"End Of Friday (Time)";"3d 0h 40m";"-549.36"
"161";"USTEC_ICM_UTC2";"Buy";"4625.8";"4663.1";"2016.07.18 21:00:00";"2016.07.22 22:55:00";"30.0";"386.52";"4543.29980";"4708.29980";"-4332.94";"0.00";"IST";"End Of Friday (Time)";"4d 1h 55m";"-732.48"
"162";"USTEC_ICM_UTC2";"Buy";"4660.1";"4742.6";"2016.07.25 18:30:00";"2016.07.29 19:05:00";"30.0";"1742.52";"4577.60010";"4742.60010";"-2590.42";"0.00";"IST";"PT";"4d 0h 35m";"-732.48"
"163";"USTEC_ICM_UTC2";"Buy";"4759.4";"4789.5";"2016.08.01 17:45:00";"2016.08.05 22:55:00";"30.0";"170.52";"4676.89990";"4841.89990";"-2419.90";"0.00";"IST";"End Of Friday (Time)";"4d 5h 10m";"-732.48"
"164";"USTEC_ICM_UTC2";"Buy";"4789.8";"4804.8";"2016.08.08 16:45:00";"2016.08.12 22:55:00";"30.0";"-282.48";"4707.29980";"4872.29980";"-2702.38";"0.00";"IST";"End Of Friday (Time)";"4d 6h 10m";"-732.48"
"165";"USTEC_ICM_UTC2";"Buy";"4828.3";"4805.5";"2016.08.15 17:15:00";"2016.08.19 22:55:00";"30.0";"-1416.48";"4745.79980";"4910.79980";"-4118.86";"0.00";"IST";"End Of Friday (Time)";"4d 5h 40m";"-732.48"
"166";"USTEC_ICM_UTC2";"Buy";"4814.6";"4780.7";"2016.08.22 17:45:00";"2016.08.26 22:55:00";"30.0";"-1749.48";"4732.10010";"4897.10010";"-5868.34";"0.00";"IST";"End Of Friday (Time)";"4d 5h 10m";"-732.48"
"167";"USTEC_ICM_UTC2";"Buy";"4769.6";"4796.7";"2016.08.30 18:45:00";"2016.09.02 22:55:00";"30.0";"263.64";"4687.10010";"4852.10010";"-5604.70";"0.00";"IST";"End Of Friday (Time)";"3d 4h 10m";"-549.36"
"168";"USTEC_ICM_UTC2";"Buy";"4788.4";"4705.9";"2016.09.05 17:00:00";"2016.09.09 20:44:00";"30.0";"-3207.48";"4705.89990";"4870.89990";"-8812.18";"0.00";"IST";"SL";"4d 3h 44m";"-732.48"
"169";"USTEC_ICM_UTC2";"Buy";"4708.4";"4692.6";"2016.09.09 21:00:00";"2016.09.09 22:55:00";"30.0";"-474.00";"4625.89990";"4790.89990";"-9286.18";"0.00";"IST";"End Of Friday (Time)";"1h 55m";"-0.00"
"170";"USTEC_ICM_UTC2";"Buy";"4766.3";"4817.8";"2016.09.12 21:45:00";"2016.09.16 22:55:00";"30.0";"812.52";"4683.79980";"4848.79980";"-8473.66";"0.00";"IST";"End Of Friday (Time)";"4d 1h 10m";"-732.48"
"171";"USTEC_ICM_UTC2";"Buy";"4842.9";"4864.7";"2016.09.19 17:00:00";"2016.09.23 22:55:00";"30.0";"-78.48";"4760.39990";"4925.39990";"-8552.14";"0.00";"IST";"End Of Friday (Time)";"4d 5h 55m";"-732.48"
"172";"USTEC_ICM_UTC2";"Buy";"4832.3";"4885.2";"2016.09.26 17:45:00";"2016.09.30 22:55:00";"30.0";"854.52";"4749.79980";"4914.79980";"-7697.62";"0.00";"IST";"End Of Friday (Time)";"4d 5h 10m";"-732.48"
"173";"USTEC_ICM_UTC2";"Buy";"4859.4";"4867.2";"2016.10.03 16:45:00";"2016.10.07 22:55:00";"30.0";"-498.48";"4776.89990";"4941.89990";"-8196.10";"0.00";"IST";"End Of Friday (Time)";"4d 6h 10m";"-732.48"
"174";"USTEC_ICM_UTC2";"Buy";"4900.8";"4818.3";"2016.10.10 20:30:00";"2016.10.11 20:45:00";"30.0";"-2658.12";"4818.29980";"4983.29980";"-10854.22";"0.00";"IST";"SL";"1d 0h 15m";"-183.12"
"175";"USTEC_ICM_UTC2";"Buy";"4812.4";"4811.0";"2016.10.11 21:45:00";"2016.10.14 22:55:00";"30.0";"-591.36";"4729.89990";"4894.89990";"-11445.58";"0.00";"IST";"End Of Friday (Time)";"3d 1h 10m";"-549.36"
"176";"USTEC_ICM_UTC2";"Buy";"4806.7";"4851.5";"2016.10.17 18:00:00";"2016.10.21 22:55:00";"30.0";"611.52";"4724.20020";"4889.20020";"-10834.06";"0.00";"IST";"End Of Friday (Time)";"4d 4h 55m";"-732.48"
"177";"USTEC_ICM_UTC2";"Buy";"4904.8";"4817.9";"2016.10.25 17:30:00";"2016.10.28 09:00:00";"30.0";"-3157.29";"4822.29980";"4987.29980";"-13991.35";"0.00";"IST";"SL";"2d 15h 30m";"-549.36"
"178";"USTEC_ICM_UTC2";"Buy";"4841.4";"4802.8";"2016.10.28 20:00:00";"2016.10.28 22:55:00";"30.0";"-1158.00";"4758.89990";"4923.89990";"-15149.35";"0.00";"IST";"End Of Friday (Time)";"2h 55m";"-0.00"
"179";"USTEC_ICM_UTC2";"Buy";"4812.7";"4730.2";"2016.10.31 17:00:00";"2016.11.01 20:15:00";"30.0";"-2658.12";"4730.20020";"4895.20020";"-17807.47";"0.00";"IST";"SL";"1d 3h 15m";"-183.12"
"180";"USTEC_ICM_UTC2";"Buy";"4745.3";"4662.8";"2016.11.01 21:00:00";"2016.11.04 15:29:00";"30.0";"-3024.36";"4662.79980";"4827.79980";"-20831.83";"0.00";"IST";"SL";"2d 18h 29m";"-549.36"
"181";"USTEC_ICM_UTC2";"Buy";"4685.6";"4768.1";"2016.11.04 17:00:00";"2016.11.07 18:14:00";"30.0";"1925.64";"4603.10010";"4768.10010";"-18906.19";"0.00";"IST";"PT";"3d 1h 14m";"-549.36"
"182";"USTEC_ICM_UTC2";"Buy";"4760.9";"4594.8";"2016.11.08 17:15:00";"2016.11.09 09:00:00";"30.0";"-5166.09";"4678.39990";"4843.39990";"-24072.28";"0.00";"IST";"SL";"15h 45m";"-183.12"
"183";"USTEC_ICM_UTC2";"Buy";"4765.1";"4854.5";"2016.11.09 16:45:00";"2016.11.10 09:00:00";"30.0";"2498.04";"4682.60010";"4847.60010";"-21574.24";"0.00";"IST";"PT";"16h 15m";"-183.12"
"184";"USTEC_ICM_UTC2";"Buy";"4774.9";"4692.4";"2016.11.10 17:15:00";"2016.11.10 17:39:00";"30.0";"-2475.00";"4692.39990";"4857.39990";"-24049.24";"0.00";"IST";"SL";"24m 0s";"-0.00"
"185";"USTEC_ICM_UTC2";"Buy";"4699.7";"4782.2";"2016.11.14 18:45:00";"2016.11.16 17:34:00";"30.0";"2108.76";"4617.20020";"4782.20020";"-21940.48";"0.00";"IST";"PT";"1d 22h 49m";"-366.24"
"186";"USTEC_ICM_UTC2";"Buy";"4786.1";"4809.5";"2016.11.16 17:45:00";"2016.11.18 22:55:00";"30.0";"335.76";"4703.60010";"4868.60010";"-21604.72";"0.00";"IST";"End Of Friday (Time)";"2d 5h 10m";"-366.24"
"187";"USTEC_ICM_UTC2";"Buy";"4849.0";"4766.5";"2016.11.21 18:45:00";"2016.12.01 17:30:00";"30.0";"-4306.20";"4766.50000";"4931.50000";"-25910.92";"0.00";"IST";"SL";"9d 22h 45m";"-1831.20"
"188";"USTEC_ICM_UTC2";"Buy";"4751.5";"4736.6";"2016.12.01 17:45:00";"2016.12.02 22:55:00";"30.0";"-630.12";"4669.00000";"4834.00000";"-26541.04";"0.00";"IST";"End Of Friday (Time)";"1d 5h 10m";"-183.12"
"189";"USTEC_ICM_UTC2";"Buy";"4765.5";"4848.0";"2016.12.05 16:30:00";"2016.12.07 22:06:00";"30.0";"2108.76";"4683.00000";"4848.00000";"-24432.28";"0.00";"IST";"PT";"2d 5h 36m";"-366.24"
"190";"USTEC_ICM_UTC2";"Buy";"4851.4";"4891.8";"2016.12.08 22:30:00";"2016.12.09 22:55:00";"30.0";"1028.88";"4768.89990";"4933.89990";"-23403.40";"0.00";"IST";"End Of Friday (Time)";"1d 0h 25m";"-183.12"
"191";"USTEC_ICM_UTC2";"Buy";"4860.2";"4942.7";"2016.12.12 20:15:00";"2016.12.13 17:25:00";"30.0";"2291.88";"4777.70020";"4942.70020";"-21111.52";"0.00";"IST";"PT";"21h 10m";"-183.12"
"192";"USTEC_ICM_UTC2";"Buy";"4942.1";"4915.4";"2016.12.14 17:15:00";"2016.12.16 22:55:00";"30.0";"-1167.24";"4859.60010";"5024.60010";"-22278.76";"0.00";"IST";"End Of Friday (Time)";"2d 5h 40m";"-366.24"
"193";"USTEC_ICM_UTC2";"Buy";"4951.6";"4937.4";"2016.12.19 20:00:00";"2016.12.23 22:55:00";"30.0";"-1158.48";"4869.10010";"5034.10010";"-23437.24";"0.00";"IST";"End Of Friday (Time)";"4d 2h 55m";"-732.48"
"194";"USTEC_ICM_UTC2";"Buy";"4980.8";"4898.3";"2016.12.27 18:30:00";"2016.12.30 16:56:00";"30.0";"-3024.36";"4898.29980";"5063.29980";"-26461.60";"0.00";"IST";"SL";"2d 22h 26m";"-549.36"
"195";"USTEC_ICM_UTC2";"Buy";"4875.4";"4853.4";"2016.12.30 17:45:00";"2016.12.30 22:55:00";"30.0";"-660.00";"4792.89990";"4957.89990";"-27121.60";"0.00";"IST";"End Of Friday (Time)";"5h 10m";"-0.00"
"196";"USTEC_ICM_UTC2";"Buy";"4919.1";"5001.6";"2017.01.03 17:30:00";"2017.01.06 18:47:00";"30.0";"1925.64";"4836.60010";"5001.60010";"-25195.96";"0.00";"IST";"PT";"3d 1h 17m";"-549.36"
"197";"USTEC_ICM_UTC2";"Buy";"5033.0";"5057.8";"2017.01.09 22:30:00";"2017.01.13 22:55:00";"30.0";"11.52";"4950.50000";"5115.50000";"-25184.44";"0.00";"IST";"End Of Friday (Time)";"4d 0h 25m";"-732.48"
"198";"USTEC_ICM_UTC2";"Buy";"5044.2";"5057.9";"2017.01.17 16:30:00";"2017.01.20 22:55:00";"30.0";"-138.36";"4961.70020";"5126.70020";"-25322.80";"0.00";"IST";"End Of Friday (Time)";"3d 6h 25m";"-549.36"
"199";"USTEC_ICM_UTC2";"Buy";"5047.1";"5129.6";"2017.01.23 18:45:00";"2017.01.25 16:24:00";"30.0";"2108.76";"4964.60010";"5129.60010";"-23214.04";"0.00";"IST";"PT";"1d 21h 39m";"-366.24"
"200";"USTEC_ICM_UTC2";"Buy";"5141.9";"5163.8";"2017.01.25 20:00:00";"2017.01.27 22:55:00";"30.0";"290.76";"5059.39990";"5224.39990";"-22923.28";"0.00";"IST";"End Of Friday (Time)";"2d 2h 55m";"-366.24"
"201";"USTEC_ICM_UTC2";"Buy";"5149.4";"5160.6";"2017.01.30 16:30:00";"2017.02.03 22:55:00";"30.0";"-396.48";"5066.89990";"5231.89990";"-23319.76";"0.00";"IST";"End Of Friday (Time)";"4d 6h 25m";"-732.48"
"202";"USTEC_ICM_UTC2";"Buy";"5150.4";"5232.9";"2017.02.06 16:30:00";"2017.02.10 20:17:00";"30.0";"1742.52";"5067.89990";"5232.89990";"-21577.24";"0.00";"IST";"PT";"4d 3h 47m";"-732.48"
"203";"USTEC_ICM_UTC2";"Buy";"5251.5";"5318.6";"2017.02.14 18:45:00";"2017.02.17 22:55:00";"30.0";"1463.64";"5169.00000";"5334.00000";"-20113.60";"0.00";"IST";"End Of Friday (Time)";"3d 4h 10m";"-549.36"
"204";"USTEC_ICM_UTC2";"Buy";"5333.5";"5339.0";"2017.02.20 17:30:00";"2017.02.24 22:55:00";"30.0";"-567.48";"5251.00000";"5416.00000";"-20681.08";"0.00";"IST";"End Of Friday (Time)";"4d 5h 25m";"-732.48"
"205";"USTEC_ICM_UTC2";"Buy";"5331.7";"5371.3";"2017.02.27 16:30:00";"2017.03.03 22:55:00";"30.0";"455.52";"5249.20020";"5414.20020";"-20225.56";"0.00";"IST";"End Of Friday (Time)";"4d 6h 25m";"-732.48"
"206";"USTEC_ICM_UTC2";"Buy";"5348.2";"5384.3";"2017.03.06 16:45:00";"2017.03.10 22:55:00";"30.0";"350.52";"5265.70020";"5430.70020";"-19875.04";"0.00";"IST";"End Of Friday (Time)";"4d 6h 10m";"-732.48"
"207";"USTEC_ICM_UTC2";"Buy";"5386.1";"5442.1";"2017.03.13 16:30:00";"2017.03.31 22:55:00";"30.0";"-1616.16";"5303.60010";"5468.60010";"-21491.20";"0.00";"IST";"End Of Friday (Time)";"18d 6h 25m";"-3296.16"
"208";"USTEC_ICM_UTC2";"Buy";"5415.0";"5420.4";"2017.04.03 19:00:00";"2017.04.07 22:55:00";"30.0";"-570.48";"5332.50000";"5497.50000";"-22061.68";"0.00";"IST";"End Of Friday (Time)";"4d 3h 55m";"-732.48"
"209";"USTEC_ICM_UTC2";"Buy";"5429.4";"5441.6";"2017.04.10 20:00:00";"2017.04.21 22:55:00";"30.0";"-1648.32";"5346.89990";"5511.89990";"-23710.00";"0.00";"IST";"End Of Friday (Time)";"11d 2h 55m";"-2014.32"
"210";"USTEC_ICM_UTC2";"Buy";"5552.5";"5583.6";"2017.04.26 20:15:00";"2017.04.28 22:55:00";"30.0";"566.76";"5470.00000";"5635.00000";"-23143.24";"0.00";"IST";"End Of Friday (Time)";"2d 2h 40m";"-366.24"
"211";"USTEC_ICM_UTC2";"Buy";"5621.4";"5642.8";"2017.05.01 18:45:00";"2017.05.05 22:55:00";"30.0";"-90.48";"5538.89990";"5703.89990";"-23233.72";"0.00";"IST";"End Of Friday (Time)";"4d 4h 10m";"-732.48"
"212";"USTEC_ICM_UTC2";"Buy";"5640.7";"5682.1";"2017.05.08 17:00:00";"2017.05.12 22:55:00";"30.0";"509.52";"5558.20020";"5723.20020";"-22724.20";"0.00";"IST";"End Of Friday (Time)";"4d 5h 55m";"-732.48"
"213";"USTEC_ICM_UTC2";"Buy";"5688.5";"5606.0";"2017.05.15 16:30:00";"2017.05.17 21:36:00";"30.0";"-2841.24";"5606.00000";"5771.00000";"-25565.44";"0.00";"IST";"SL";"2d 5h 6m";"-366.24"
"214";"USTEC_ICM_UTC2";"Buy";"5603.1";"5650.2";"2017.05.17 22:30:00";"2017.05.19 22:55:00";"30.0";"1046.76";"5520.60010";"5685.60010";"-24518.68";"0.00";"IST";"End Of Friday (Time)";"2d 0h 25m";"-366.24"
"215";"USTEC_ICM_UTC2";"Buy";"5705.7";"5788.2";"2017.05.23 19:15:00";"2017.05.25 21:22:00";"30.0";"2108.76";"5623.20020";"5788.20020";"-22409.92";"0.00";"IST";"PT";"2d 2h 7m";"-366.24"
"216";"USTEC_ICM_UTC2";"Buy";"5775.3";"5786.3";"2017.05.26 16:45:00";"2017.05.26 22:55:00";"30.0";"330.00";"5692.79980";"5857.79980";"-22079.92";"0.00";"IST";"End Of Friday (Time)";"6h 10m";"-0.00"
"217";"USTEC_ICM_UTC2";"Buy";"5793.3";"5875.8";"2017.05.29 19:00:00";"2017.06.02 22:23:00";"30.0";"1742.52";"5710.79980";"5875.79980";"-20337.40";"0.00";"IST";"PT";"4d 3h 23m";"-732.48"
"218";"USTEC_ICM_UTC2";"Buy";"5889.3";"5806.8";"2017.06.05 17:45:00";"2017.06.09 20:10:00";"30.0";"-3207.48";"5806.79980";"5971.79980";"-23544.88";"0.00";"IST";"SL";"4d 2h 25m";"-732.48"
"219";"USTEC_ICM_UTC2";"Buy";"5800.6";"5718.1";"2017.06.09 20:30:00";"2017.06.09 21:46:00";"30.0";"-2475.00";"5718.10010";"5883.10010";"-26019.88";"0.00";"IST";"SL";"1h 16m";"-0.00"
"220";"USTEC_ICM_UTC2";"Buy";"5689.7";"5772.2";"2017.06.12 16:30:00";"2017.06.14 15:43:00";"30.0";"2108.76";"5607.20020";"5772.20020";"-23911.12";"0.00";"IST";"PT";"1d 23h 13m";"-366.24"
"221";"USTEC_ICM_UTC2";"Buy";"5756.0";"5673.5";"2017.06.14 18:15:00";"2017.06.15 10:26:00";"30.0";"-2658.12";"5673.50000";"5838.50000";"-26569.24";"0.00";"IST";"SL";"16h 11m";"-183.12"
"222";"USTEC_ICM_UTC2";"Buy";"5665.0";"5678.8";"2017.06.15 18:00:00";"2017.06.16 22:55:00";"30.0";"230.88";"5582.50000";"5747.50000";"-26338.36";"0.00";"IST";"End Of Friday (Time)";"1d 4h 55m";"-183.12"
"223";"USTEC_ICM_UTC2";"Buy";"5765.7";"5802.2";"2017.06.20 16:45:00";"2017.06.23 22:55:00";"30.0";"545.64";"5683.20020";"5848.20020";"-25792.72";"0.00";"IST";"End Of Friday (Time)";"3d 6h 10m";"-549.36"
"224";"USTEC_ICM_UTC2";"Buy";"5779.6";"5697.1";"2017.06.26 18:30:00";"2017.06.27 20:39:00";"30.0";"-2658.12";"5697.10010";"5862.10010";"-28450.84";"0.00";"IST";"SL";"1d 2h 9m";"-183.12"
"225";"USTEC_ICM_UTC2";"Buy";"5695.7";"5613.2";"2017.06.27 21:00:00";"2017.06.29 20:24:00";"30.0";"-2841.24";"5613.20020";"5778.20020";"-31292.08";"0.00";"IST";"SL";"1d 23h 24m";"-366.24"
"226";"USTEC_ICM_UTC2";"Buy";"5627.7";"5660.1";"2017.06.29 21:15:00";"2017.06.30 22:55:00";"30.0";"788.88";"5545.20020";"5710.20020";"-30503.20";"0.00";"IST";"End Of Friday (Time)";"1d 1h 40m";"-183.12"
"227";"USTEC_ICM_UTC2";"Buy";"5664.3";"5569.7";"2017.07.03 16:45:00";"2017.07.04 09:00:00";"30.0";"-3022.02";"5581.79980";"5746.79980";"-33525.22";"0.00";"IST";"SL";"16h 15m";"-183.12"
"228";"USTEC_ICM_UTC2";"Buy";"5573.1";"5655.6";"2017.07.04 19:45:00";"2017.07.05 20:24:00";"30.0";"2291.88";"5490.60010";"5655.60010";"-31233.34";"0.00";"IST";"PT";"1d 0h 39m";"-183.12"
"229";"USTEC_ICM_UTC2";"Buy";"5597.3";"5658.4";"2017.07.06 17:00:00";"2017.07.07 22:55:00";"30.0";"1649.88";"5514.79980";"5679.79980";"-29583.46";"0.00";"IST";"End Of Friday (Time)";"1d 5h 55m";"-183.12"
"230";"USTEC_ICM_UTC2";"Buy";"5650.9";"5733.4";"2017.07.10 17:00:00";"2017.07.12 13:31:00";"30.0";"2108.76";"5568.39990";"5733.39990";"-27474.70";"0.00";"IST";"PT";"1d 20h 31m";"-366.24"
"231";"USTEC_ICM_UTC2";"Buy";"5764.9";"5837.9";"2017.07.12 19:00:00";"2017.07.14 22:55:00";"30.0";"1823.76";"5682.39990";"5847.39990";"-25650.94";"0.00";"IST";"End Of Friday (Time)";"2d 3h 55m";"-366.24"
"232";"USTEC_ICM_UTC2";"Buy";"5854.4";"5915.5";"2017.07.17 17:00:00";"2017.07.21 22:55:00";"30.0";"1100.52";"5771.89990";"5936.89990";"-24550.42";"0.00";"IST";"End Of Friday (Time)";"4d 5h 55m";"-732.48"
"233";"USTEC_ICM_UTC2";"Buy";"5926.5";"5844.0";"2017.07.24 19:30:00";"2017.07.27 20:39:00";"30.0";"-3024.36";"5844.00000";"6009.00000";"-27574.78";"0.00";"IST";"SL";"3d 1h 9m";"-549.36"
"234";"USTEC_ICM_UTC2";"Buy";"5896.9";"5908.5";"2017.07.27 21:15:00";"2017.07.28 22:55:00";"30.0";"164.88";"5814.39990";"5979.39990";"-27409.90";"0.00";"IST";"End Of Friday (Time)";"1d 1h 40m";"-183.12"
"235";"USTEC_ICM_UTC2";"Buy";"5880.1";"5893.5";"2017.07.31 18:30:00";"2017.08.04 22:55:00";"30.0";"-330.48";"5797.60010";"5962.60010";"-27740.38";"0.00";"IST";"End Of Friday (Time)";"4d 4h 25m";"-732.48"
"236";"USTEC_ICM_UTC2";"Buy";"5908.4";"5825.9";"2017.08.07 16:30:00";"2017.08.10 18:45:00";"30.0";"-3024.36";"5825.89990";"5990.89990";"-30764.74";"0.00";"IST";"SL";"3d 2h 15m";"-549.36"
"237";"USTEC_ICM_UTC2";"Buy";"5810.5";"5830.1";"2017.08.10 19:45:00";"2017.08.11 22:55:00";"30.0";"404.88";"5728.00000";"5893.00000";"-30359.86";"0.00";"IST";"End Of Friday (Time)";"1d 3h 10m";"-183.12"
"238";"USTEC_ICM_UTC2";"Buy";"5899.5";"5817.0";"2017.08.15 18:00:00";"2017.08.17 20:15:00";"30.0";"-2841.24";"5817.00000";"5982.00000";"-33201.10";"0.00";"IST";"SL";"2d 2h 15m";"-366.24"
"239";"USTEC_ICM_UTC2";"Buy";"5833.4";"5793.9";"2017.08.17 21:00:00";"2017.08.18 22:55:00";"30.0";"-1368.12";"5750.89990";"5915.89990";"-34569.22";"0.00";"IST";"End Of Friday (Time)";"1d 1h 55m";"-183.12"
"240";"USTEC_ICM_UTC2";"Buy";"5783.0";"5865.5";"2017.08.21 19:15:00";"2017.08.22 19:01:00";"30.0";"2291.88";"5700.50000";"5865.50000";"-32277.34";"0.00";"IST";"PT";"23h 46m";"-183.12"
"241";"USTEC_ICM_UTC2";"Buy";"5856.5";"5826.6";"2017.08.23 17:00:00";"2017.08.25 22:55:00";"30.0";"-1263.24";"5774.00000";"5939.00000";"-33540.58";"0.00";"IST";"End Of Friday (Time)";"2d 5h 55m";"-366.24"
"242";"USTEC_ICM_UTC2";"Buy";"5850.4";"5932.9";"2017.08.28 18:15:00";"2017.08.30 20:47:00";"30.0";"2108.76";"5767.89990";"5932.89990";"-31431.82";"0.00";"IST";"PT";"2d 2h 32m";"-366.24"
"243";"USTEC_ICM_UTC2";"Buy";"5990.4";"5990.4";"2017.09.01 18:00:00";"2017.09.01 22:55:00";"30.0";"0.00";"5907.89990";"6072.89990";"-31431.82";"0.00";"IST";"End Of Friday (Time)";"4h 55m";"-0.00"
"244";"USTEC_ICM_UTC2";"Buy";"5966.5";"5910.5";"2017.09.05 17:30:00";"2017.09.08 22:55:00";"30.0";"-2229.36";"5884.00000";"6049.00000";"-33661.18";"0.00";"IST";"End Of Friday (Time)";"3d 5h 25m";"-549.36"
"245";"USTEC_ICM_UTC2";"Buy";"5987.9";"5987.0";"2017.09.11 17:15:00";"2017.09.15 22:55:00";"30.0";"-759.48";"5905.39990";"6070.39990";"-34420.66";"0.00";"IST";"End Of Friday (Time)";"4d 5h 40m";"-732.48"
"246";"USTEC_ICM_UTC2";"Buy";"6001.6";"5919.1";"2017.09.18 16:45:00";"2017.09.21 17:22:00";"30.0";"-3024.36";"5919.10010";"6084.10010";"-37445.02";"0.00";"IST";"SL";"3d 0h 37m";"-549.36"
"247";"USTEC_ICM_UTC2";"Buy";"5915.6";"5934.2";"2017.09.21 17:45:00";"2017.09.22 22:55:00";"30.0";"374.88";"5833.10010";"5998.10010";"-37070.14";"0.00";"IST";"End Of Friday (Time)";"1d 5h 10m";"-183.12"
"248";"USTEC_ICM_UTC2";"Buy";"5906.5";"5977.9";"2017.09.25 16:30:00";"2017.09.29 22:55:00";"30.0";"1409.52";"5824.00000";"5989.00000";"-35660.62";"0.00";"IST";"End Of Friday (Time)";"4d 6h 25m";"-732.48"
"249";"USTEC_ICM_UTC2";"Buy";"5998.5";"6062.3";"2017.10.02 17:15:00";"2017.10.06 22:55:00";"30.0";"1181.52";"5916.00000";"6081.00000";"-34479.10";"0.00";"IST";"End Of Friday (Time)";"4d 5h 40m";"-732.48"
"250";"USTEC_ICM_UTC2";"Buy";"6073.3";"6091.6";"2017.10.09 19:00:00";"2017.10.13 22:55:00";"30.0";"-183.48";"5990.79980";"6155.79980";"-34662.58";"0.00";"IST";"End Of Friday (Time)";"4d 3h 55m";"-732.48"
"251";"USTEC_ICM_UTC2";"Buy";"6104.3";"6100.8";"2017.10.17 17:30:00";"2017.10.20 22:55:00";"30.0";"-654.36";"6021.79980";"6186.79980";"-35316.94";"0.00";"IST";"End Of Friday (Time)";"3d 5h 25m";"-549.36"
"252";"USTEC_ICM_UTC2";"Buy";"6093.1";"6010.6";"2017.10.23 18:15:00";"2017.10.25 19:30:00";"30.0";"-2841.24";"6010.60010";"6175.60010";"-38158.18";"0.00";"IST";"SL";"2d 1h 15m";"-366.24"
"253";"USTEC_ICM_UTC2";"Buy";"6027.9";"6110.4";"2017.10.25 19:45:00";"2017.10.27 10:31:00";"30.0";"2108.76";"5945.39990";"6110.39990";"-36049.42";"0.00";"IST";"PT";"1d 14h 46m";"-366.24"
"254";"USTEC_ICM_UTC2";"Buy";"6208.1";"6216.9";"2017.10.27 19:30:00";"2017.10.27 22:55:00";"30.0";"264.00";"6125.60010";"6290.60010";"-35785.42";"0.00";"IST";"End Of Friday (Time)";"3h 25m";"-0.00"
"255";"USTEC_ICM_UTC2";"Buy";"6244.0";"6327.9";"2017.10.30 16:45:00";"2017.11.07 09:05:00";"30.0";"1051.11";"6161.50000";"6326.50000";"-34734.31";"0.00";"IST";"PT";"7d 16h 20m";"-1464.96"
"256";"USTEC_ICM_UTC2";"Buy";"6313.5";"6309.6";"2017.11.07 18:45:00";"2017.11.10 22:55:00";"30.0";"-666.36";"6231.00000";"6396.00000";"-35400.67";"0.00";"IST";"End Of Friday (Time)";"3d 4h 10m";"-549.36"
"257";"USTEC_ICM_UTC2";"Buy";"6286.0";"6315.6";"2017.11.13 16:30:00";"2017.11.17 22:55:00";"30.0";"155.52";"6203.50000";"6368.50000";"-35245.15";"0.00";"IST";"End Of Friday (Time)";"4d 6h 25m";"-732.48"
"258";"USTEC_ICM_UTC2";"Buy";"6311.1";"6393.6";"2017.11.20 18:30:00";"2017.11.24 15:03:00";"30.0";"1742.52";"6228.60010";"6393.60010";"-33502.63";"0.00";"IST";"PT";"3d 20h 33m";"-732.48"
"259";"USTEC_ICM_UTC2";"Buy";"6401.5";"6319.0";"2017.11.24 18:00:00";"2017.11.29 17:25:00";"30.0";"-3390.60";"6319.00000";"6484.00000";"-36893.23";"0.00";"IST";"SL";"4d 23h 25m";"-915.60"
"260";"USTEC_ICM_UTC2";"Buy";"6301.6";"6337.8";"2017.11.29 18:45:00";"2017.12.01 22:55:00";"30.0";"719.76";"6219.10010";"6384.10010";"-36173.47";"0.00";"IST";"End Of Friday (Time)";"2d 4h 10m";"-366.24"
"261";"USTEC_ICM_UTC2";"Buy";"6296.9";"6339.2";"2017.12.04 19:00:00";"2017.12.08 22:55:00";"30.0";"536.52";"6214.39990";"6379.39990";"-35636.95";"0.00";"IST";"End Of Friday (Time)";"4d 3h 55m";"-732.48"
"262";"USTEC_ICM_UTC2";"Buy";"6345.2";"6427.7";"2017.12.11 16:30:00";"2017.12.15 18:04:00";"30.0";"1742.52";"6262.70020";"6427.70020";"-33894.43";"0.00";"IST";"PT";"4d 1h 34m";"-732.48"
"263";"USTEC_ICM_UTC2";"Buy";"6505.4";"6467.4";"2017.12.18 16:45:00";"2017.12.22 22:55:00";"30.0";"-1872.48";"6422.89990";"6587.89990";"-35766.91";"0.00";"IST";"End Of Friday (Time)";"4d 6h 10m";"-732.48"
"264";"USTEC_ICM_UTC2";"Buy";"6439.0";"6399.3";"2017.12.26 16:30:00";"2017.12.29 22:55:00";"30.0";"-1740.36";"6356.50000";"6521.50000";"-37507.27";"0.00";"IST";"End Of Friday (Time)";"3d 6h 25m";"-549.36"
"265";"USTEC_ICM_UTC2";"Buy";"6551.7";"6634.2";"2018.01.03 17:00:00";"2018.01.05 17:57:00";"30.0";"2108.76";"6469.20020";"6634.20020";"-35398.51";"0.00";"IST";"PT";"2d 0h 57m";"-366.24"
"266";"USTEC_ICM_UTC2";"Buy";"6634.3";"6653.6";"2018.01.05 18:00:00";"2018.01.05 22:55:00";"30.0";"579.00";"6551.79980";"6716.79980";"-34819.51";"0.00";"IST";"End Of Friday (Time)";"4h 55m";"-0.00"
"267";"USTEC_ICM_UTC2";"Buy";"6653.4";"6735.9";"2018.01.08 16:30:00";"2018.01.12 17:39:00";"30.0";"1742.52";"6570.89990";"6735.89990";"-33076.99";"0.00";"IST";"PT";"4d 1h 9m";"-732.48"
"268";"USTEC_ICM_UTC2";"Buy";"6745.0";"6760.7";"2018.01.12 17:45:00";"2018.01.12 22:55:00";"30.0";"471.00";"6662.50000";"6827.50000";"-32605.99";"0.00";"IST";"End Of Friday (Time)";"5h 10m";"-0.00"
"269";"USTEC_ICM_UTC2";"Buy";"6771.9";"6831.0";"2018.01.15 18:15:00";"2018.01.19 22:55:00";"30.0";"1040.52";"6689.39990";"6854.39990";"-31565.47";"0.00";"IST";"End Of Friday (Time)";"4d 4h 40m";"-732.48"
"270";"USTEC_ICM_UTC2";"Buy";"6952.3";"7014.2";"2018.01.23 17:15:00";"2018.01.26 22:55:00";"30.0";"1307.64";"6869.79980";"7034.79980";"-30257.83";"0.00";"IST";"End Of Friday (Time)";"3d 5h 40m";"-549.36"
"271";"USTEC_ICM_UTC2";"Buy";"6993.1";"6910.6";"2018.01.29 19:00:00";"2018.01.30 16:30:00";"30.0";"-2658.12";"6910.60010";"7075.60010";"-32915.95";"0.00";"IST";"SL";"21h 30m";"-183.12"
"272";"USTEC_ICM_UTC2";"Buy";"6906.2";"6823.7";"2018.01.30 17:15:00";"2018.02.02 16:55:00";"30.0";"-3024.36";"6823.70020";"6988.70020";"-35940.31";"0.00";"IST";"SL";"2d 23h 40m";"-549.36"
"273";"USTEC_ICM_UTC2";"Buy";"6855.5";"6773.0";"2018.02.02 18:15:00";"2018.02.02 22:05:00";"30.0";"-2475.00";"6773.00000";"6938.00000";"-38415.31";"0.00";"IST";"SL";"3h 50m";"-0.00"
"274";"USTEC_ICM_UTC2";"Buy";"6700.0";"6782.5";"2018.02.05 16:30:00";"2018.02.05 17:19:00";"30.0";"2475.00";"6617.50000";"6782.50000";"-35940.31";"0.00";"IST";"PT";"49m 0s";"-0.00"
"275";"USTEC_ICM_UTC2";"Buy";"6481.9";"6564.4";"2018.02.06 17:45:00";"2018.02.06 19:30:00";"30.0";"2475.00";"6399.39990";"6564.39990";"-33465.31";"0.00";"IST";"PT";"1h 45m";"-0.00"
"276";"USTEC_ICM_UTC2";"Buy";"6641.7";"6559.2";"2018.02.07 21:00:00";"2018.02.08 09:34:00";"30.0";"-2658.12";"6559.20020";"6724.20020";"-36123.43";"0.00";"IST";"SL";"12h 34m";"-183.12"
"277";"USTEC_ICM_UTC2";"Buy";"6596.2";"6513.7";"2018.02.08 16:30:00";"2018.02.08 17:50:00";"30.0";"-2475.00";"6513.70020";"6678.70020";"-38598.43";"0.00";"IST";"SL";"1h 20m";"-0.00"
"278";"USTEC_ICM_UTC2";"Buy";"6318.1";"6235.6";"2018.02.09 18:30:00";"2018.02.09 19:14:00";"30.0";"-2475.00";"6235.60010";"6400.60010";"-41073.43";"0.00";"IST";"SL";"44m 0s";"-0.00"
"279";"USTEC_ICM_UTC2";"Buy";"6515.5";"6598.0";"2018.02.13 17:15:00";"2018.02.14 17:20:00";"30.0";"2291.88";"6433.00000";"6598.00000";"-38781.55";"0.00";"IST";"PT";"1d 0h 5m";"-183.12"
"280";"USTEC_ICM_UTC2";"Buy";"6745.4";"6827.9";"2018.02.15 17:30:00";"2018.02.16 09:15:00";"30.0";"2291.88";"6662.89990";"6827.89990";"-36489.67";"0.00";"IST";"PT";"15h 45m";"-183.12"
"281";"USTEC_ICM_UTC2";"Buy";"6800.3";"6785.2";"2018.02.16 17:00:00";"2018.02.16 22:55:00";"30.0";"-453.00";"6717.79980";"6882.79980";"-36942.67";"0.00";"IST";"End Of Friday (Time)";"5h 55m";"-0.00"
"282";"USTEC_ICM_UTC2";"Buy";"6800.2";"6717.7";"2018.02.19 16:30:00";"2018.02.20 12:06:00";"30.0";"-2658.12";"6717.70020";"6882.70020";"-39600.79";"0.00";"IST";"SL";"19h 36m";"-183.12"
"283";"USTEC_ICM_UTC2";"Buy";"6770.6";"6853.1";"2018.02.20 16:45:00";"2018.02.21 18:32:00";"30.0";"2291.88";"6688.10010";"6853.10010";"-37308.91";"0.00";"IST";"PT";"1d 1h 47m";"-183.12"
"284";"USTEC_ICM_UTC2";"Buy";"6840.3";"6724.6";"2018.02.21 20:30:00";"2018.02.22 09:05:00";"30.0";"-3655.35";"6757.79980";"6922.79980";"-40964.26";"0.00";"IST";"SL";"12h 35m";"-183.12"
"285";"USTEC_ICM_UTC2";"Buy";"6818.5";"6888.3";"2018.02.22 18:15:00";"2018.02.23 22:55:00";"30.0";"1910.88";"6736.00000";"6901.00000";"-39053.38";"0.00";"IST";"End Of Friday (Time)";"1d 4h 40m";"-183.12"
"286";"USTEC_ICM_UTC2";"Buy";"6957.5";"6875.0";"2018.02.26 19:15:00";"2018.02.28 22:49:00";"30.0";"-2841.24";"6875.00000";"7040.00000";"-41894.62";"0.00";"IST";"SL";"2d 3h 34m";"-366.24"
"287";"USTEC_ICM_UTC2";"Buy";"6832.5";"6750.0";"2018.03.01 18:00:00";"2018.03.01 20:44:00";"30.0";"-2475.00";"6750.00000";"6915.00000";"-44369.62";"0.00";"IST";"SL";"2h 44m";"-0.00"
"288";"USTEC_ICM_UTC2";"Buy";"6668.0";"6750.5";"2018.03.02 16:30:00";"2018.03.02 18:58:00";"30.0";"2475.00";"6585.50000";"6750.50000";"-41894.62";"0.00";"IST";"PT";"2h 28m";"-0.00"
"289";"USTEC_ICM_UTC2";"Buy";"6755.6";"6838.1";"2018.03.05 17:15:00";"2018.03.05 18:22:00";"30.0";"2475.00";"6673.10010";"6838.10010";"-39419.62";"0.00";"IST";"PT";"1h 7m";"-0.00"
"290";"USTEC_ICM_UTC2";"Buy";"6892.1";"6974.6";"2018.03.06 19:30:00";"2018.03.09 10:53:00";"30.0";"1925.64";"6809.60010";"6974.60010";"-37493.98";"0.00";"IST";"PT";"2d 15h 23m";"-549.36"
"291";"USTEC_ICM_UTC2";"Buy";"7053.0";"7091.0";"2018.03.09 18:15:00";"2018.03.09 22:55:00";"30.0";"1140.00";"6970.50000";"7135.50000";"-36353.98";"0.00";"IST";"End Of Friday (Time)";"4h 40m";"-0.00"
"292";"USTEC_ICM_UTC2";"Buy";"7150.0";"7067.5";"2018.03.12 18:15:00";"2018.03.13 18:07:00";"30.0";"-2658.12";"7067.50000";"7232.50000";"-39012.10";"0.00";"IST";"SL";"23h 52m";"-183.12"
"293";"USTEC_ICM_UTC2";"Buy";"7082.0";"6964.4";"2018.03.13 18:30:00";"2018.03.19 08:05:00";"30.0";"-4627.95";"6999.50000";"7164.50000";"-43640.05";"0.00";"IST";"SL";"5d 13h 35m";"-1098.72"
"294";"USTEC_ICM_UTC2";"Buy";"6835.9";"6918.4";"2018.03.19 18:45:00";"2018.03.21 20:00:00";"30.0";"2108.76";"6753.39990";"6918.39990";"-41531.29";"0.00";"IST";"PT";"2d 1h 15m";"-366.24"
"295";"USTEC_ICM_UTC2";"Buy";"6866.8";"6784.3";"2018.03.21 21:45:00";"2018.03.22 11:28:00";"30.0";"-2658.12";"6784.29980";"6949.29980";"-44189.41";"0.00";"IST";"SL";"13h 43m";"-183.12"
"296";"USTEC_ICM_UTC2";"Buy";"6766.8";"6684.3";"2018.03.22 16:45:00";"2018.03.22 21:47:00";"30.0";"-2475.00";"6684.29980";"6849.29980";"-46664.41";"0.00";"IST";"SL";"5h 2m";"-0.00"
"297";"USTEC_ICM_UTC2";"Buy";"6699.5";"6617.0";"2018.03.23 17:00:00";"2018.03.23 17:59:00";"30.0";"-2475.00";"6617.00000";"6782.00000";"-49139.41";"0.00";"IST";"SL";"59m 0s";"-0.00"
"298";"USTEC_ICM_UTC2";"Buy";"6602.2";"6684.7";"2018.03.26 19:00:00";"2018.03.26 21:21:00";"30.0";"2475.00";"6519.70020";"6684.70020";"-46664.41";"0.00";"IST";"PT";"2h 21m";"-0.00"
"299";"USTEC_ICM_UTC2";"Buy";"6743.9";"6661.4";"2018.03.27 18:15:00";"2018.03.27 20:52:00";"30.0";"-2475.00";"6661.39990";"6826.39990";"-49139.41";"0.00";"IST";"SL";"2h 37m";"-0.00"
"300";"USTEC_ICM_UTC2";"Buy";"6512.3";"6429.8";"2018.03.28 17:00:00";"2018.03.28 17:46:00";"30.0";"-2475.00";"6429.79980";"6594.79980";"-51614.41";"0.00";"IST";"SL";"46m 0s";"-0.00"
"301";"USTEC_ICM_UTC2";"Buy";"6553.1";"6635.6";"2018.03.29 18:00:00";"2018.03.29 22:04:00";"30.0";"2475.00";"6470.60010";"6635.60010";"-49139.41";"0.00";"IST";"PT";"4h 4m";"-0.00"
"302";"USTEC_ICM_UTC2";"Buy";"6384.8";"6467.3";"2018.04.02 19:00:00";"2018.04.03 18:08:00";"30.0";"2291.88";"6302.29980";"6467.29980";"-46847.53";"0.00";"IST";"PT";"23h 8m";"-183.12"
"303";"USTEC_ICM_UTC2";"Buy";"6445.1";"6362.6";"2018.04.03 18:15:00";"2018.04.03 21:44:00";"30.0";"-2475.00";"6362.60010";"6527.60010";"-49322.53";"0.00";"IST";"SL";"3h 29m";"-0.00"
"304";"USTEC_ICM_UTC2";"Buy";"6509.6";"6599.2";"2018.04.04 21:30:00";"2018.04.05 09:05:00";"30.0";"2503.68";"6427.10010";"6592.10010";"-46818.85";"0.00";"IST";"PT";"11h 35m";"-183.12"
"305";"USTEC_ICM_UTC2";"Buy";"6622.2";"6510.8";"2018.04.05 18:45:00";"2018.04.06 09:05:00";"30.0";"-3526.02";"6539.70020";"6704.70020";"-50344.87";"0.00";"IST";"SL";"14h 20m";"-183.12"
"306";"USTEC_ICM_UTC2";"Buy";"6547.1";"6464.6";"2018.04.06 19:00:00";"2018.04.06 20:53:00";"30.0";"-2475.00";"6464.60010";"6629.60010";"-52819.87";"0.00";"IST";"SL";"1h 53m";"-0.00"
"307";"USTEC_ICM_UTC2";"Buy";"6522.5";"6605.0";"2018.04.09 17:15:00";"2018.04.09 19:14:00";"30.0";"2475.00";"6440.00000";"6605.00000";"-50344.87";"0.00";"IST";"PT";"1h 59m";"-0.00"
"308";"USTEC_ICM_UTC2";"Buy";"6544.6";"6627.1";"2018.04.10 16:45:00";"2018.04.10 22:09:00";"30.0";"2475.00";"6462.10010";"6627.10010";"-47869.87";"0.00";"IST";"PT";"5h 24m";"-0.00"
"309";"USTEC_ICM_UTC2";"Buy";"6643.7";"6632.4";"2018.04.11 19:15:00";"2018.04.13 22:55:00";"30.0";"-705.24";"6561.20020";"6726.20020";"-48575.11";"0.00";"IST";"End Of Friday (Time)";"2d 3h 40m";"-366.24"
"310";"USTEC_ICM_UTC2";"Buy";"6655.8";"6738.3";"2018.04.16 18:00:00";"2018.04.17 13:13:00";"30.0";"2291.88";"6573.29980";"6738.29980";"-46283.23";"0.00";"IST";"PT";"19h 13m";"-183.12"
"311";"USTEC_ICM_UTC2";"Buy";"6811.3";"6728.8";"2018.04.18 17:30:00";"2018.04.20 10:52:00";"30.0";"-2841.24";"6728.79980";"6893.79980";"-49124.47";"0.00";"IST";"SL";"1d 17h 22m";"-366.24"
"312";"USTEC_ICM_UTC2";"Buy";"6752.9";"6670.4";"2018.04.20 16:30:00";"2018.04.20 18:29:00";"30.0";"-2475.00";"6670.39990";"6835.39990";"-51599.47";"0.00";"IST";"SL";"1h 59m";"-0.00"
"313";"USTEC_ICM_UTC2";"Buy";"6702.3";"6619.8";"2018.04.23 18:00:00";"2018.04.23 21:53:00";"30.0";"-2475.00";"6619.79980";"6784.79980";"-54074.47";"0.00";"IST";"SL";"3h 53m";"-0.00"
"314";"USTEC_ICM_UTC2";"Buy";"6653.7";"6571.2";"2018.04.24 17:15:00";"2018.04.24 18:07:00";"30.0";"-2475.00";"6571.20020";"6736.20020";"-56549.47";"0.00";"IST";"SL";"52m 0s";"-0.00"
"315";"USTEC_ICM_UTC2";"Buy";"6506.5";"6589.0";"2018.04.25 17:45:00";"2018.04.26 01:00:00";"30.0";"2291.88";"6424.00000";"6589.00000";"-54257.59";"0.00";"IST";"PT";"7h 15m";"-183.12"
"316";"USTEC_ICM_UTC2";"Buy";"6646.5";"6659.7";"2018.04.27 17:45:00";"2018.04.27 22:55:00";"30.0";"396.00";"6564.00000";"6729.00000";"-53861.59";"0.00";"IST";"End Of Friday (Time)";"5h 10m";"-0.00"
"317";"USTEC_ICM_UTC2";"Buy";"6670.3";"6587.8";"2018.04.30 16:30:00";"2018.05.01 16:28:00";"30.0";"-2658.12";"6587.79980";"6752.79980";"-56519.71";"0.00";"IST";"SL";"23h 58m";"-183.12"
"318";"USTEC_ICM_UTC2";"Buy";"6622.1";"6710.0";"2018.05.01 17:30:00";"2018.05.02 01:00:00";"30.0";"2452.95";"6539.60010";"6704.60010";"-54066.76";"0.00";"IST";"PT";"7h 30m";"-183.12"
"319";"USTEC_ICM_UTC2";"Buy";"6697.6";"6615.1";"2018.05.02 16:30:00";"2018.05.03 14:52:00";"30.0";"-2658.12";"6615.10010";"6780.10010";"-56724.88";"0.00";"IST";"SL";"22h 22m";"-183.12"
"320";"USTEC_ICM_UTC2";"Buy";"6594.9";"6677.4";"2018.05.03 16:45:00";"2018.05.04 17:11:00";"30.0";"2291.88";"6512.39990";"6677.39990";"-54433.00";"0.00";"IST";"PT";"1d 0h 26m";"-183.12"
"321";"USTEC_ICM_UTC2";"Buy";"6699.8";"6782.3";"2018.05.04 17:30:00";"2018.05.04 21:42:00";"30.0";"2475.00";"6617.29980";"6782.29980";"-51958.00";"0.00";"IST";"PT";"4h 12m";"-0.00"
"322";"USTEC_ICM_UTC2";"Buy";"6842.8";"6925.3";"2018.05.07 18:30:00";"2018.05.10 16:43:00";"30.0";"1925.64";"6760.29980";"6925.29980";"-50032.36";"0.00";"IST";"PT";"2d 22h 13m";"-549.36"
"323";"USTEC_ICM_UTC2";"Buy";"6953.0";"6944.8";"2018.05.10 22:00:00";"2018.05.11 22:55:00";"30.0";"-429.12";"6870.50000";"7035.50000";"-50461.48";"0.00";"IST";"End Of Friday (Time)";"1d 0h 55m";"-183.12"
"324";"USTEC_ICM_UTC2";"Buy";"6993.0";"6910.5";"2018.05.14 19:45:00";"2018.05.15 15:49:00";"30.0";"-2658.12";"6910.50000";"7075.50000";"-53119.60";"0.00";"IST";"SL";"20h 4m";"-183.12"
"325";"USTEC_ICM_UTC2";"Buy";"6880.5";"6869.6";"2018.05.15 16:45:00";"2018.05.18 22:55:00";"30.0";"-876.36";"6798.00000";"6963.00000";"-53995.96";"0.00";"IST";"End Of Friday (Time)";"3d 6h 10m";"-549.36"
"326";"USTEC_ICM_UTC2";"Buy";"6905.5";"6823.0";"2018.05.21 19:30:00";"2018.05.23 12:42:00";"30.0";"-2841.24";"6823.00000";"6988.00000";"-56837.20";"0.00";"IST";"SL";"1d 17h 12m";"-366.24"
"327";"USTEC_ICM_UTC2";"Buy";"6883.2";"6965.7";"2018.05.23 19:00:00";"2018.05.24 10:22:00";"30.0";"2291.88";"6800.70020";"6965.70020";"-54545.32";"0.00";"IST";"PT";"15h 22m";"-183.12"
"328";"USTEC_ICM_UTC2";"Buy";"6944.3";"6960.3";"2018.05.24 16:45:00";"2018.05.25 22:55:00";"30.0";"296.88";"6861.79980";"7026.79980";"-54248.44";"0.00";"IST";"End Of Friday (Time)";"1d 6h 10m";"-183.12"
"329";"USTEC_ICM_UTC2";"Buy";"6973.9";"6891.4";"2018.05.28 16:45:00";"2018.05.29 11:32:00";"30.0";"-2658.12";"6891.39990";"7056.39990";"-56906.56";"0.00";"IST";"SL";"18h 47m";"-183.12"
"330";"USTEC_ICM_UTC2";"Buy";"6913.0";"6995.5";"2018.05.29 18:45:00";"2018.05.31 11:29:00";"30.0";"2108.76";"6830.50000";"6995.50000";"-54797.80";"0.00";"IST";"PT";"1d 16h 44m";"-366.24"
"331";"USTEC_ICM_UTC2";"Buy";"6988.3";"7070.8";"2018.05.31 17:15:00";"2018.06.01 18:35:00";"30.0";"2291.88";"6905.79980";"7070.79980";"-52505.92";"0.00";"IST";"PT";"1d 1h 20m";"-183.12"
"332";"USTEC_ICM_UTC2";"Buy";"7161.5";"7079.0";"2018.06.05 16:45:00";"2018.06.08 11:19:00";"30.0";"-3024.36";"7079.00000";"7244.00000";"-55530.29";"0.00";"IST";"SL";"2d 18h 34m";"-549.36"
"333";"USTEC_ICM_UTC2";"Buy";"7131.8";"7155.5";"2018.06.08 18:45:00";"2018.06.08 22:55:00";"30.0";"711.00";"7049.29980";"7214.29980";"-54819.29";"0.00";"IST";"End Of Friday (Time)";"4h 10m";"-0.00"
"334";"USTEC_ICM_UTC2";"Buy";"7176.8";"7259.3";"2018.06.11 18:45:00";"2018.06.13 18:36:00";"30.0";"2108.76";"7094.29980";"7259.29980";"-52710.52";"0.00";"IST";"PT";"1d 23h 51m";"-366.24"
"335";"USTEC_ICM_UTC2";"Buy";"7229.0";"7252.0";"2018.06.13 21:15:00";"2018.06.15 22:55:00";"30.0";"323.76";"7146.50000";"7311.50000";"-52386.76";"0.00";"IST";"End Of Friday (Time)";"2d 1h 40m";"-366.24"
"336";"USTEC_ICM_UTC2";"Buy";"7210.5";"7293.0";"2018.06.18 17:00:00";"2018.06.20 19:00:00";"30.0";"2108.76";"7128.00000";"7293.00000";"-50278.00";"0.00";"IST";"PT";"2d 2h 0m";"-366.24"
"337";"USTEC_ICM_UTC2";"Buy";"7288.6";"7206.1";"2018.06.21 17:00:00";"2018.06.21 22:43:00";"30.0";"-2475.00";"7206.10010";"7371.10010";"-52753.00";"0.00";"IST";"SL";"5h 43m";"-0.00"
"338";"USTEC_ICM_UTC2";"Buy";"7182.2";"7207.5";"2018.06.22 17:45:00";"2018.06.22 22:55:00";"30.0";"759.00";"7099.70020";"7264.70020";"-51994.00";"0.00";"IST";"End Of Friday (Time)";"5h 10m";"-0.00"
"339";"USTEC_ICM_UTC2";"Buy";"7060.8";"6978.3";"2018.06.25 18:00:00";"2018.06.25 21:52:00";"30.0";"-2475.00";"6978.29980";"7143.29980";"-54469.00";"0.00";"IST";"SL";"3h 52m";"-0.00"
"340";"USTEC_ICM_UTC2";"Buy";"7059.6";"6977.1";"2018.06.26 18:45:00";"2018.06.27 22:54:00";"30.0";"-2658.12";"6977.10010";"7142.10010";"-57127.13";"0.00";"IST";"SL";"1d 4h 9m";"-183.12"
"341";"USTEC_ICM_UTC2";"Buy";"6976.8";"7059.3";"2018.06.28 16:45:00";"2018.06.29 05:36:00";"30.0";"2291.88";"6894.29980";"7059.29980";"-54835.24";"0.00";"IST";"PT";"12h 51m";"-183.12"
"342";"USTEC_ICM_UTC2";"Buy";"7083.4";"7053.5";"2018.06.29 20:45:00";"2018.06.29 22:55:00";"30.0";"-897.00";"7000.89990";"7165.89990";"-55732.24";"0.00";"IST";"End Of Friday (Time)";"2h 10m";"-0.00"
"343";"USTEC_ICM_UTC2";"Buy";"6994.9";"7077.4";"2018.07.02 16:45:00";"2018.07.02 21:30:00";"30.0";"2475.00";"6912.39990";"7077.39990";"-53257.24";"0.00";"IST";"PT";"4h 45m";"-0.00"
"344";"USTEC_ICM_UTC2";"Buy";"7098.9";"7016.4";"2018.07.03 17:45:00";"2018.07.03 19:52:00";"30.0";"-2475.00";"7016.39990";"7181.39990";"-55732.24";"0.00";"IST";"SL";"2h 7m";"-0.00"
"345";"USTEC_ICM_UTC2";"Buy";"7019.7";"7102.2";"2018.07.04 16:45:00";"2018.07.05 22:02:00";"30.0";"2291.88";"6937.20020";"7102.20020";"-53440.36";"0.00";"IST";"PT";"1d 5h 17m";"-183.12"
"346";"USTEC_ICM_UTC2";"Buy";"7095.9";"7178.4";"2018.07.05 22:30:00";"2018.07.06 18:29:00";"30.0";"2291.88";"7013.39990";"7178.39990";"-51148.48";"0.00";"IST";"PT";"19h 59m";"-183.12"
"347";"USTEC_ICM_UTC2";"Buy";"7245.4";"7327.9";"2018.07.09 18:15:00";"2018.07.12 17:36:00";"30.0";"1925.64";"7162.89990";"7327.89990";"-49222.84";"0.00";"IST";"PT";"2d 23h 21m";"-549.36"
"348";"USTEC_ICM_UTC2";"Buy";"7375.4";"7378.1";"2018.07.13 17:15:00";"2018.07.13 22:55:00";"30.0";"81.00";"7292.89990";"7457.89990";"-49141.84";"0.00";"IST";"End Of Friday (Time)";"5h 40m";"-0.00"
"349";"USTEC_ICM_UTC2";"Buy";"7370.3";"7287.8";"2018.07.16 19:00:00";"2018.07.17 08:51:00";"30.0";"-2658.12";"7287.79980";"7452.79980";"-51799.96";"0.00";"IST";"SL";"13h 51m";"-183.12"
"350";"USTEC_ICM_UTC2";"Buy";"7332.2";"7414.7";"2018.07.17 17:15:00";"2018.07.17 22:24:00";"30.0";"2475.00";"7249.70020";"7414.70020";"-49324.96";"0.00";"IST";"PT";"5h 9m";"-0.00"
"351";"USTEC_ICM_UTC2";"Buy";"7402.6";"7345.9";"2018.07.18 16:30:00";"2018.07.20 22:55:00";"30.0";"-2067.24";"7320.10010";"7485.10010";"-51392.20";"0.00";"IST";"End Of Friday (Time)";"2d 6h 25m";"-366.24"
"352";"USTEC_ICM_UTC2";"Buy";"7422.3";"7504.8";"2018.07.24 19:00:00";"2018.07.25 22:50:00";"30.0";"2291.88";"7339.79980";"7504.79980";"-49100.32";"0.00";"IST";"PT";"1d 3h 50m";"-183.12"
"353";"USTEC_ICM_UTC2";"Buy";"7418.1";"7335.6";"2018.07.26 17:15:00";"2018.07.27 19:03:00";"30.0";"-2658.12";"7335.60010";"7500.60010";"-51758.45";"0.00";"IST";"SL";"1d 1h 48m";"-183.12"
"354";"USTEC_ICM_UTC2";"Buy";"7285.0";"7295.9";"2018.07.27 20:45:00";"2018.07.27 22:55:00";"30.0";"327.00";"7202.50000";"7367.50000";"-51431.45";"0.00";"IST";"End Of Friday (Time)";"2h 10m";"-0.00"
"355";"USTEC_ICM_UTC2";"Buy";"7226.2";"7308.7";"2018.07.30 17:45:00";"2018.08.02 18:26:00";"30.0";"1925.64";"7143.70020";"7308.70020";"-49505.80";"0.00";"IST";"PT";"3d 0h 41m";"-549.36"
"356";"USTEC_ICM_UTC2";"Buy";"7373.1";"7391.5";"2018.08.03 18:00:00";"2018.08.03 22:55:00";"30.0";"552.00";"7290.60010";"7455.60010";"-48953.80";"0.00";"IST";"End Of Friday (Time)";"4h 55m";"-0.00"
"357";"USTEC_ICM_UTC2";"Buy";"7389.7";"7472.2";"2018.08.06 16:30:00";"2018.08.07 16:35:00";"30.0";"2291.88";"7307.20020";"7472.20020";"-46661.93";"0.00";"IST";"PT";"1d 0h 5m";"-183.12"
"358";"USTEC_ICM_UTC2";"Buy";"7463.7";"7381.2";"2018.08.07 19:15:00";"2018.08.10 21:30:00";"30.0";"-3024.36";"7381.20020";"7546.20020";"-49686.29";"0.00";"IST";"SL";"3d 2h 15m";"-549.36"
"359";"USTEC_ICM_UTC2";"Buy";"7394.4";"7408.6";"2018.08.10 21:45:00";"2018.08.10 22:55:00";"30.0";"426.00";"7311.89990";"7476.89990";"-49260.29";"0.00";"IST";"End Of Friday (Time)";"1h 10m";"-0.00"
"360";"USTEC_ICM_UTC2";"Buy";"7416.8";"7334.3";"2018.08.13 19:45:00";"2018.08.15 17:05:00";"30.0";"-2841.24";"7334.29980";"7499.29980";"-52101.52";"0.00";"IST";"SL";"1d 21h 20m";"-366.24"
"361";"USTEC_ICM_UTC2";"Buy";"7341.9";"7381.5";"2018.08.15 17:15:00";"2018.08.17 22:55:00";"30.0";"821.76";"7259.39990";"7424.39990";"-51279.77";"0.00";"IST";"End Of Friday (Time)";"2d 5h 40m";"-366.24"
"362";"USTEC_ICM_UTC2";"Buy";"7347.6";"7430.1";"2018.08.20 18:00:00";"2018.08.21 19:01:00";"30.0";"2291.88";"7265.10010";"7430.10010";"-48987.88";"0.00";"IST";"PT";"1d 1h 1m";"-183.12"
"363";"USTEC_ICM_UTC2";"Buy";"7434.9";"7352.4";"2018.08.21 19:30:00";"2018.08.22 01:59:00";"30.0";"-2658.12";"7352.39990";"7517.39990";"-51646.00";"0.00";"IST";"SL";"6h 29m";"-183.12"
"364";"USTEC_ICM_UTC2";"Buy";"7380.7";"7463.2";"2018.08.22 16:30:00";"2018.08.23 17:21:00";"30.0";"2291.88";"7298.20020";"7463.20020";"-49354.13";"0.00";"IST";"PT";"1d 0h 51m";"-183.12"
"365";"USTEC_ICM_UTC2";"Buy";"7467.1";"7487.2";"2018.08.23 17:30:00";"2018.08.24 22:55:00";"30.0";"419.88";"7384.60010";"7549.60010";"-48934.25";"0.00";"IST";"End Of Friday (Time)";"1d 5h 25m";"-183.12"
"366";"USTEC_ICM_UTC2";"Buy";"7557.1";"7639.6";"2018.08.27 20:00:00";"2018.08.29 18:23:00";"30.0";"2108.76";"7474.60010";"7639.60010";"-46825.48";"0.00";"IST";"PT";"1d 22h 23m";"-366.24"
"367";"USTEC_ICM_UTC2";"Buy";"7652.1";"7656.4";"2018.08.30 17:15:00";"2018.08.31 22:55:00";"30.0";"-54.12";"7569.60010";"7734.60010";"-46879.61";"0.00";"IST";"End Of Friday (Time)";"1d 5h 40m";"-183.12"
"368";"USTEC_ICM_UTC2";"Buy";"7667.4";"7584.9";"2018.09.03 17:15:00";"2018.09.04 16:42:00";"30.0";"-2658.12";"7584.89990";"7749.89990";"-49537.72";"0.00";"IST";"SL";"23h 27m";"-183.12"
"369";"USTEC_ICM_UTC2";"Buy";"7620.4";"7537.9";"2018.09.04 17:45:00";"2018.09.05 17:02:00";"30.0";"-2658.12";"7537.89990";"7702.89990";"-52195.84";"0.00";"IST";"SL";"23h 17m";"-183.12"
"370";"USTEC_ICM_UTC2";"Buy";"7504.4";"7421.9";"2018.09.05 18:30:00";"2018.09.06 17:53:00";"30.0";"-2658.12";"7421.89990";"7586.89990";"-54853.96";"0.00";"IST";"SL";"23h 23m";"-183.12"
"371";"USTEC_ICM_UTC2";"Buy";"7439.4";"7426.2";"2018.09.06 18:00:00";"2018.09.07 22:55:00";"30.0";"-579.12";"7356.89990";"7521.89990";"-55433.09";"0.00";"IST";"End Of Friday (Time)";"1d 4h 55m";"-183.12"
"372";"USTEC_ICM_UTC2";"Buy";"7428.6";"7511.1";"2018.09.10 18:00:00";"2018.09.11 18:59:00";"30.0";"2291.88";"7346.10010";"7511.10010";"-53141.20";"0.00";"IST";"PT";"1d 0h 59m";"-183.12"
"373";"USTEC_ICM_UTC2";"Buy";"7513.3";"7430.8";"2018.09.11 19:00:00";"2018.09.12 17:32:00";"30.0";"-2658.12";"7430.79980";"7595.79980";"-55799.32";"0.00";"IST";"SL";"22h 32m";"-183.12"
"374";"USTEC_ICM_UTC2";"Buy";"7470.6";"7553.1";"2018.09.12 18:45:00";"2018.09.13 16:36:00";"30.0";"2291.88";"7388.10010";"7553.10010";"-53507.45";"0.00";"IST";"PT";"21h 51m";"-183.12"
"375";"USTEC_ICM_UTC2";"Buy";"7562.9";"7549.9";"2018.09.13 18:45:00";"2018.09.14 22:55:00";"30.0";"-573.12";"7480.39990";"7645.39990";"-54080.57";"0.00";"IST";"End Of Friday (Time)";"1d 4h 10m";"-183.12"
"376";"USTEC_ICM_UTC2";"Buy";"7499.9";"7417.4";"2018.09.17 16:45:00";"2018.09.18 01:20:00";"30.0";"-2658.12";"7417.39990";"7582.39990";"-56738.68";"0.00";"IST";"SL";"8h 35m";"-183.12"
"377";"USTEC_ICM_UTC2";"Buy";"7503.3";"7585.8";"2018.09.18 17:30:00";"2018.09.21 07:01:00";"30.0";"1925.64";"7420.79980";"7585.79980";"-54813.05";"0.00";"IST";"PT";"2d 13h 31m";"-549.36"
"378";"USTEC_ICM_UTC2";"Buy";"7566.9";"7533.3";"2018.09.21 18:45:00";"2018.09.21 22:55:00";"30.0";"-1008.00";"7484.39990";"7649.39990";"-55821.05";"0.00";"IST";"End Of Friday (Time)";"4h 10m";"-0.00"
"379";"USTEC_ICM_UTC2";"Buy";"7509.1";"7591.6";"2018.09.24 17:15:00";"2018.09.26 05:58:00";"30.0";"2108.76";"7426.60010";"7591.60010";"-53712.29";"0.00";"IST";"PT";"1d 12h 43m";"-366.24"
"380";"USTEC_ICM_UTC2";"Buy";"7575.8";"7621.6";"2018.09.26 17:15:00";"2018.09.28 22:55:00";"30.0";"1007.76";"7493.29980";"7658.29980";"-52704.52";"0.00";"IST";"End Of Friday (Time)";"2d 5h 40m";"-366.24"
"381";"USTEC_ICM_UTC2";"Buy";"7672.1";"7589.6";"2018.10.01 16:30:00";"2018.10.04 09:02:00";"30.0";"-3024.36";"7589.60010";"7754.60010";"-55728.89";"0.00";"IST";"SL";"2d 16h 32m";"-549.36"
"382";"USTEC_ICM_UTC2";"Buy";"7601.4";"7518.9";"2018.10.04 16:30:00";"2018.10.04 17:25:00";"30.0";"-2475.00";"7518.89990";"7683.89990";"-58203.89";"0.00";"IST";"SL";"55m 0s";"-0.00"
"383";"USTEC_ICM_UTC2";"Buy";"7488.0";"7405.5";"2018.10.05 16:30:00";"2018.10.05 18:17:00";"30.0";"-2475.00";"7405.50000";"7570.50000";"-60678.89";"0.00";"IST";"SL";"1h 47m";"-0.00"
"384";"USTEC_ICM_UTC2";"Buy";"7412.4";"7329.9";"2018.10.08 17:15:00";"2018.10.08 18:33:00";"30.0";"-2475.00";"7329.89990";"7494.89990";"-63153.89";"0.00";"IST";"SL";"1h 18m";"-0.00"
"385";"USTEC_ICM_UTC2";"Buy";"7358.0";"7275.5";"2018.10.09 16:30:00";"2018.10.10 16:47:00";"30.0";"-2658.12";"7275.50000";"7440.50000";"-65812.01";"0.00";"IST";"SL";"1d 0h 17m";"-183.12"
"386";"USTEC_ICM_UTC2";"Buy";"7235.2";"7152.7";"2018.10.10 17:00:00";"2018.10.10 21:44:00";"30.0";"-2475.00";"7152.70020";"7317.70020";"-68287.01";"0.00";"IST";"SL";"4h 44m";"-0.00"
"387";"USTEC_ICM_UTC2";"Buy";"7012.4";"7094.9";"2018.10.11 18:00:00";"2018.10.11 19:24:00";"30.0";"2475.00";"6929.89990";"7094.89990";"-65812.01";"0.00";"IST";"PT";"1h 24m";"-0.00"
"388";"USTEC_ICM_UTC2";"Buy";"7028.3";"7110.8";"2018.10.12 19:45:00";"2018.10.12 21:56:00";"30.0";"2475.00";"6945.79980";"7110.79980";"-63337.00";"0.00";"IST";"PT";"2h 11m";"-0.00"
"389";"USTEC_ICM_UTC2";"Buy";"7095.3";"7177.8";"2018.10.15 18:00:00";"2018.10.16 17:03:00";"30.0";"2291.88";"7012.79980";"7177.79980";"-61045.13";"0.00";"IST";"PT";"23h 3m";"-183.12"
"390";"USTEC_ICM_UTC2";"Buy";"7206.3";"7288.8";"2018.10.16 18:45:00";"2018.10.16 22:50:00";"30.0";"2475.00";"7123.79980";"7288.79980";"-58570.13";"0.00";"IST";"PT";"4h 5m";"-0.00"
"391";"USTEC_ICM_UTC2";"Buy";"7312.8";"7230.3";"2018.10.17 16:30:00";"2018.10.17 17:24:00";"30.0";"-2475.00";"7230.29980";"7395.29980";"-61045.13";"0.00";"IST";"SL";"54m 0s";"-0.00"
"392";"USTEC_ICM_UTC2";"Buy";"7230.4";"7147.9";"2018.10.18 18:00:00";"2018.10.18 18:35:00";"30.0";"-2475.00";"7147.89990";"7312.89990";"-63520.13";"0.00";"IST";"SL";"35m 0s";"-0.00"
"393";"USTEC_ICM_UTC2";"Buy";"7203.5";"7121.0";"2018.10.19 17:00:00";"2018.10.19 19:21:00";"30.0";"-2475.00";"7121.00000";"7286.00000";"-65995.13";"0.00";"IST";"SL";"2h 21m";"-0.00"
"394";"USTEC_ICM_UTC2";"Buy";"7165.9";"7083.4";"2018.10.22 18:15:00";"2018.10.23 05:40:00";"30.0";"-2658.12";"7083.39990";"7248.39990";"-68653.24";"0.00";"IST";"SL";"11h 25m";"-183.12"
"395";"USTEC_ICM_UTC2";"Buy";"6943.1";"7025.6";"2018.10.23 17:15:00";"2018.10.23 19:12:00";"30.0";"2475.00";"6860.60010";"7025.60010";"-66178.24";"0.00";"IST";"PT";"1h 57m";"-0.00"
"396";"USTEC_ICM_UTC2";"Buy";"6998.8";"6916.3";"2018.10.24 18:15:00";"2018.10.24 21:06:00";"30.0";"-2475.00";"6916.29980";"7081.29980";"-68653.24";"0.00";"IST";"SL";"2h 51m";"-0.00"
"397";"USTEC_ICM_UTC2";"Buy";"6942.8";"7025.3";"2018.10.25 17:00:00";"2018.10.25 21:28:00";"30.0";"2475.00";"6860.29980";"7025.29980";"-66178.24";"0.00";"IST";"PT";"4h 28m";"-0.00"
"398";"USTEC_ICM_UTC2";"Buy";"6827.0";"6909.5";"2018.10.26 18:45:00";"2018.10.26 19:43:00";"30.0";"2475.00";"6744.50000";"6909.50000";"-63703.25";"0.00";"IST";"PT";"58m 0s";"-0.00"
"399";"USTEC_ICM_UTC2";"Buy";"6919.5";"6837.0";"2018.10.29 16:45:00";"2018.10.29 18:02:00";"30.0";"-2475.00";"6837.00000";"7002.00000";"-66178.24";"0.00";"IST";"SL";"1h 17m";"-0.00"
"400";"USTEC_ICM_UTC2";"Buy";"6756.7";"6674.2";"2018.10.30 16:30:00";"2018.10.30 19:33:00";"30.0";"-2475.00";"6674.20020";"6839.20020";"-68653.24";"0.00";"IST";"SL";"3h 3m";"-0.00"
"401";"USTEC_ICM_UTC2";"Buy";"6983.0";"7065.5";"2018.10.31 18:45:00";"2018.11.01 21:44:00";"30.0";"2291.88";"6900.50000";"7065.50000";"-66361.37";"0.00";"IST";"PT";"1d 2h 59m";"-183.12"
"402";"USTEC_ICM_UTC2";"Buy";"6946.0";"6863.5";"2018.11.02 20:00:00";"2018.11.05 17:21:00";"30.0";"-3024.36";"6863.50000";"7028.50000";"-69385.73";"0.00";"IST";"SL";"2d 21h 21m";"-549.36"
"403";"USTEC_ICM_UTC2";"Buy";"6902.9";"6985.4";"2018.11.05 18:15:00";"2018.11.06 16:35:00";"30.0";"2291.88";"6820.39990";"6985.39990";"-67093.84";"0.00";"IST";"PT";"22h 20m";"-183.12"
"404";"USTEC_ICM_UTC2";"Buy";"6975.4";"7057.9";"2018.11.06 18:45:00";"2018.11.07 04:07:00";"30.0";"2291.88";"6892.89990";"7057.89990";"-64801.96";"0.00";"IST";"PT";"9h 22m";"-183.12"
"405";"USTEC_ICM_UTC2";"Buy";"7110.5";"7193.0";"2018.11.07 17:15:00";"2018.11.07 22:55:00";"30.0";"2475.00";"7028.00000";"7193.00000";"-62326.96";"0.00";"IST";"PT";"5h 40m";"-0.00"
"406";"USTEC_ICM_UTC2";"Buy";"7170.8";"7088.3";"2018.11.08 18:00:00";"2018.11.09 13:35:00";"30.0";"-2658.12";"7088.29980";"7253.29980";"-64985.09";"0.00";"IST";"SL";"19h 35m";"-183.12"
"407";"USTEC_ICM_UTC2";"Buy";"7049.4";"7049.6";"2018.11.09 18:00:00";"2018.11.09 22:55:00";"30.0";"6.00";"6966.89990";"7131.89990";"-64979.09";"0.00";"IST";"End Of Friday (Time)";"4h 55m";"-0.00"
"408";"USTEC_ICM_UTC2";"Buy";"6985.8";"6903.3";"2018.11.12 16:30:00";"2018.11.12 17:05:00";"30.0";"-2475.00";"6903.29980";"7068.29980";"-67454.09";"0.00";"IST";"SL";"35m 0s";"-0.00"
"409";"USTEC_ICM_UTC2";"Buy";"6870.4";"6787.9";"2018.11.13 17:45:00";"2018.11.14 10:31:00";"30.0";"-2658.12";"6787.89990";"6952.89990";"-70112.20";"0.00";"IST";"SL";"16h 46m";"-183.12"
"410";"USTEC_ICM_UTC2";"Buy";"6809.6";"6727.1";"2018.11.14 19:30:00";"2018.11.15 16:12:00";"30.0";"-2658.12";"6727.10010";"6892.10010";"-72770.33";"0.00";"IST";"SL";"20h 42m";"-183.12"
"411";"USTEC_ICM_UTC2";"Buy";"6748.8";"6831.3";"2018.11.15 17:00:00";"2018.11.15 20:23:00";"30.0";"2475.00";"6666.29980";"6831.29980";"-70295.33";"0.00";"IST";"PT";"3h 23m";"-0.00"
"412";"USTEC_ICM_UTC2";"Buy";"6825.3";"6874.8";"2018.11.16 16:30:00";"2018.11.16 22:55:00";"30.0";"1485.00";"6742.79980";"6907.79980";"-68810.33";"0.00";"IST";"End Of Friday (Time)";"6h 25m";"-0.00"
"413";"USTEC_ICM_UTC2";"Buy";"6784.0";"6701.5";"2018.11.19 17:00:00";"2018.11.19 18:33:00";"30.0";"-2475.00";"6701.50000";"6866.50000";"-71285.33";"0.00";"IST";"SL";"1h 33m";"-0.00"
"414";"USTEC_ICM_UTC2";"Buy";"6489.6";"6572.1";"2018.11.20 16:30:00";"2018.11.20 17:41:00";"30.0";"2475.00";"6407.10010";"6572.10010";"-68810.33";"0.00";"IST";"PT";"1h 11m";"-0.00"
"415";"USTEC_ICM_UTC2";"Buy";"6626.8";"6544.3";"2018.11.21 18:30:00";"2018.11.22 10:54:00";"30.0";"-2658.12";"6544.29980";"6709.29980";"-71468.45";"0.00";"IST";"SL";"16h 24m";"-183.12"
"416";"USTEC_ICM_UTC2";"Buy";"6521.8";"6604.3";"2018.11.22 19:00:00";"2018.11.26 10:01:00";"30.0";"1742.52";"6439.29980";"6604.29980";"-69725.93";"0.00";"IST";"PT";"3d 15h 1m";"-732.48"
"417";"USTEC_ICM_UTC2";"Buy";"6616.3";"6698.8";"2018.11.26 16:30:00";"2018.11.27 09:34:00";"30.0";"2291.88";"6533.79980";"6698.79980";"-67434.05";"0.00";"IST";"PT";"17h 4m";"-183.12"
"418";"USTEC_ICM_UTC2";"Buy";"6639.5";"6722.0";"2018.11.27 16:30:00";"2018.11.28 01:00:00";"30.0";"2291.88";"6557.00000";"6722.00000";"-65142.17";"0.00";"IST";"PT";"8h 30m";"-183.12"
"419";"USTEC_ICM_UTC2";"Buy";"6722.0";"6804.5";"2018.11.28 18:30:00";"2018.11.28 19:05:00";"30.0";"2475.00";"6639.50000";"6804.50000";"-62667.17";"0.00";"IST";"PT";"35m 0s";"-0.00"
"420";"USTEC_ICM_UTC2";"Buy";"6887.6";"6925.4";"2018.11.29 19:00:00";"2018.11.30 22:55:00";"30.0";"950.88";"6805.10010";"6970.10010";"-61716.29";"0.00";"IST";"End Of Friday (Time)";"1d 3h 55m";"-183.12"
"421";"USTEC_ICM_UTC2";"Buy";"7070.1";"6987.6";"2018.12.03 16:45:00";"2018.12.04 07:28:00";"30.0";"-2658.12";"6987.60010";"7152.60010";"-64374.41";"0.00";"IST";"SL";"14h 43m";"-183.12"
"422";"USTEC_ICM_UTC2";"Buy";"6872.2";"6789.7";"2018.12.04 20:15:00";"2018.12.04 22:52:00";"30.0";"-2475.00";"6789.70020";"6954.70020";"-66849.41";"0.00";"IST";"SL";"2h 37m";"-0.00"
"423";"USTEC_ICM_UTC2";"Buy";"6710.6";"6793.1";"2018.12.06 17:45:00";"2018.12.06 19:56:00";"30.0";"2475.00";"6628.10010";"6793.10010";"-64374.41";"0.00";"IST";"PT";"2h 11m";"-0.00"
"424";"USTEC_ICM_UTC2";"Buy";"6698.9";"6616.4";"2018.12.07 18:30:00";"2018.12.07 21:55:00";"30.0";"-2475.00";"6616.39990";"6781.39990";"-66849.41";"0.00";"IST";"SL";"3h 25m";"-0.00"
"425";"USTEC_ICM_UTC2";"Buy";"6645.9";"6563.4";"2018.12.10 17:15:00";"2018.12.10 18:01:00";"30.0";"-2475.00";"6563.39990";"6728.39990";"-69324.41";"0.00";"IST";"SL";"46m 0s";"-0.00"
"426";"USTEC_ICM_UTC2";"Buy";"6708.4";"6790.9";"2018.12.11 19:30:00";"2018.12.12 11:49:00";"30.0";"2291.88";"6625.89990";"6790.89990";"-67032.52";"0.00";"IST";"PT";"16h 19m";"-183.12"
"427";"USTEC_ICM_UTC2";"Buy";"6785.8";"6703.3";"2018.12.12 22:30:00";"2018.12.14 03:03:00";"30.0";"-2841.24";"6703.29980";"6868.29980";"-69873.77";"0.00";"IST";"SL";"1d 4h 33m";"-366.24"
"428";"USTEC_ICM_UTC2";"Buy";"6684.9";"6602.4";"2018.12.14 17:45:00";"2018.12.14 21:44:00";"30.0";"-2475.00";"6602.39990";"6767.39990";"-72348.77";"0.00";"IST";"SL";"3h 59m";"-0.00"
"429";"USTEC_ICM_UTC2";"Buy";"6521.6";"6604.1";"2018.12.17 16:45:00";"2018.12.17 18:07:00";"30.0";"2475.00";"6439.10010";"6604.10010";"-69873.77";"0.00";"IST";"PT";"1h 22m";"-0.00"
"430";"USTEC_ICM_UTC2";"Buy";"6504.0";"6421.5";"2018.12.18 17:15:00";"2018.12.19 21:13:00";"30.0";"-2658.12";"6421.50000";"6586.50000";"-72531.88";"0.00";"IST";"SL";"1d 3h 58m";"-183.12"
"431";"USTEC_ICM_UTC2";"Buy";"6438.9";"6521.4";"2018.12.19 21:15:00";"2018.12.19 21:36:00";"30.0";"2475.00";"6356.39990";"6521.39990";"-70056.88";"0.00";"IST";"PT";"21m 0s";"-0.00"
"432";"USTEC_ICM_UTC2";"Buy";"6365.0";"6282.5";"2018.12.20 17:15:00";"2018.12.20 18:20:00";"30.0";"-2475.00";"6282.50000";"6447.50000";"-72531.88";"0.00";"IST";"SL";"1h 5m";"-0.00"
"433";"USTEC_ICM_UTC2";"Buy";"6268.4";"6185.9";"2018.12.21 16:30:00";"2018.12.21 18:07:00";"30.0";"-2475.00";"6185.89990";"6350.89990";"-75006.88";"0.00";"IST";"SL";"1h 37m";"-0.00"
"434";"USTEC_ICM_UTC2";"Buy";"6039.3";"5956.8";"2018.12.24 18:00:00";"2018.12.24 18:49:00";"30.0";"-2475.00";"5956.79980";"6121.79980";"-77481.88";"0.00";"IST";"SL";"49m 0s";"-0.00"
"435";"USTEC_ICM_UTC2";"Buy";"6051.9";"6134.4";"2018.12.26 19:00:00";"2018.12.26 20:52:00";"30.0";"2475.00";"5969.39990";"6134.39990";"-75006.88";"0.00";"IST";"PT";"1h 52m";"-0.00"
"436";"USTEC_ICM_UTC2";"Buy";"6124.5";"6042.0";"2018.12.27 18:15:00";"2018.12.27 21:18:00";"30.0";"-2475.00";"6042.00000";"6207.00000";"-77481.88";"0.00";"IST";"SL";"3h 3m";"-0.00"
"437";"USTEC_ICM_UTC2";"Buy";"6275.8";"6358.3";"2018.12.28 18:15:00";"2018.12.28 21:38:00";"30.0";"2475.00";"6193.29980";"6358.29980";"-75006.88";"0.00";"IST";"PT";"3h 23m";"-0.00"
"438";"USTEC_ICM_UTC2";"Buy";"6293.3";"6210.8";"2018.12.31 18:00:00";"2019.01.02 10:15:00";"30.0";"-2841.24";"6210.79980";"6375.79980";"-77848.13";"0.00";"IST";"SL";"1d 16h 15m";"-366.24"
"439";"USTEC_ICM_UTC2";"Buy";"6196.3";"6278.8";"2019.01.02 16:30:00";"2019.01.02 17:09:00";"30.0";"2475.00";"6113.79980";"6278.79980";"-75373.13";"0.00";"IST";"PT";"39m 0s";"-0.00"
"440";"USTEC_ICM_UTC2";"Buy";"6215.6";"6133.1";"2019.01.03 18:30:00";"2019.01.04 02:16:00";"30.0";"-2658.12";"6133.10010";"6298.10010";"-78031.25";"0.00";"IST";"SL";"7h 46m";"-183.12"
"441";"USTEC_ICM_UTC2";"Buy";"6278.4";"6360.9";"2019.01.04 16:45:00";"2019.01.04 17:30:00";"30.0";"2475.00";"6195.89990";"6360.89990";"-75556.25";"0.00";"IST";"PT";"45m 0s";"-0.00"
"442";"USTEC_ICM_UTC2";"Buy";"6497.0";"6579.5";"2019.01.07 22:15:00";"2019.01.09 03:44:00";"30.0";"2108.76";"6414.50000";"6579.50000";"-73447.48";"0.00";"IST";"PT";"1d 5h 29m";"-366.24"
"443";"USTEC_ICM_UTC2";"Buy";"6604.2";"6521.7";"2019.01.09 19:00:00";"2019.01.10 16:52:00";"30.0";"-2658.12";"6521.70020";"6686.70020";"-76105.61";"0.00";"IST";"SL";"21h 52m";"-183.12"
"444";"USTEC_ICM_UTC2";"Buy";"6585.9";"6601.4";"2019.01.10 18:00:00";"2019.01.11 22:55:00";"30.0";"281.88";"6503.39990";"6668.39990";"-75823.73";"0.00";"IST";"End Of Friday (Time)";"1d 4h 55m";"-183.12"
"445";"USTEC_ICM_UTC2";"Buy";"6552.3";"6634.8";"2019.01.14 18:30:00";"2019.01.15 16:50:00";"30.0";"2291.88";"6469.79980";"6634.79980";"-73531.84";"0.00";"IST";"PT";"22h 20m";"-183.12"
"446";"USTEC_ICM_UTC2";"Buy";"6632.1";"6714.6";"2019.01.15 17:30:00";"2019.01.16 16:46:00";"30.0";"2291.88";"6549.60010";"6714.60010";"-71239.97";"0.00";"IST";"PT";"23h 16m";"-183.12"
"447";"USTEC_ICM_UTC2";"Buy";"6694.2";"6611.7";"2019.01.16 18:45:00";"2019.01.17 09:42:00";"30.0";"-2658.12";"6611.70020";"6776.70020";"-73898.09";"0.00";"IST";"SL";"14h 57m";"-183.12"
"448";"USTEC_ICM_UTC2";"Buy";"6785.9";"6768.6";"2019.01.18 18:00:00";"2019.01.18 22:55:00";"30.0";"-519.00";"6703.39990";"6868.39990";"-74417.09";"0.00";"IST";"End Of Friday (Time)";"4h 55m";"-0.00"
"449";"USTEC_ICM_UTC2";"Buy";"6742.3";"6659.8";"2019.01.21 18:00:00";"2019.01.22 20:00:00";"30.0";"-2658.12";"6659.79980";"6824.79980";"-77075.21";"0.00";"IST";"SL";"1d 2h 0m";"-183.12"
"450";"USTEC_ICM_UTC2";"Buy";"6646.0";"6728.5";"2019.01.22 20:15:00";"2019.01.25 05:40:00";"30.0";"1925.64";"6563.50000";"6728.50000";"-75149.57";"0.00";"IST";"PT";"2d 9h 25m";"-549.36"
"451";"USTEC_ICM_UTC2";"Buy";"6783.4";"6778.4";"2019.01.25 22:45:00";"2019.01.25 22:55:00";"30.0";"-150.00";"6700.89990";"6865.89990";"-75299.57";"0.00";"IST";"End Of Friday (Time)";"10m 0s";"-0.00"
"452";"USTEC_ICM_UTC2";"Buy";"6692.1";"6774.6";"2019.01.28 16:30:00";"2019.01.30 21:04:00";"30.0";"2108.76";"6609.60010";"6774.60010";"-73190.80";"0.00";"IST";"PT";"2d 4h 34m";"-366.24"
"453";"USTEC_ICM_UTC2";"Buy";"6869.2";"6870.9";"2019.01.31 17:00:00";"2019.02.01 22:55:00";"30.0";"-132.12";"6786.70020";"6951.70020";"-73322.93";"0.00";"IST";"End Of Friday (Time)";"1d 5h 55m";"-183.12"
"454";"USTEC_ICM_UTC2";"Buy";"6874.8";"6957.3";"2019.02.04 16:45:00";"2019.02.04 22:59:00";"30.0";"2475.00";"6792.29980";"6957.29980";"-70847.93";"0.00";"IST";"PT";"6h 14m";"-0.00"
"455";"USTEC_ICM_UTC2";"Buy";"7001.8";"6919.3";"2019.02.05 19:30:00";"2019.02.07 16:35:00";"30.0";"-2841.24";"6919.29980";"7084.29980";"-73689.16";"0.00";"IST";"SL";"1d 21h 5m";"-366.24"
"456";"USTEC_ICM_UTC2";"Buy";"6936.6";"6854.1";"2019.02.07 17:45:00";"2019.02.07 19:03:00";"30.0";"-2475.00";"6854.10010";"7019.10010";"-76164.16";"0.00";"IST";"SL";"1h 18m";"-0.00"
"457";"USTEC_ICM_UTC2";"Buy";"6868.3";"6893.8";"2019.02.08 17:45:00";"2019.02.08 22:55:00";"30.0";"765.00";"6785.79980";"6950.79980";"-75399.16";"0.00";"IST";"End Of Friday (Time)";"5h 10m";"-0.00"
"458";"USTEC_ICM_UTC2";"Buy";"6922.9";"7005.4";"2019.02.11 18:00:00";"2019.02.12 18:00:00";"30.0";"2291.88";"6840.39990";"7005.39990";"-73107.29";"0.00";"IST";"PT";"1d 0h 0m";"-183.12"
"459";"USTEC_ICM_UTC2";"Buy";"7018.6";"7044.3";"2019.02.13 18:45:00";"2019.02.15 22:55:00";"30.0";"404.76";"6936.10010";"7101.10010";"-72702.53";"0.00";"IST";"End Of Friday (Time)";"2d 4h 10m";"-366.24"
"460";"USTEC_ICM_UTC2";"Buy";"7070.8";"7076.1";"2019.02.18 17:45:00";"2019.02.22 22:55:00";"30.0";"-573.48";"6988.29980";"7153.29980";"-73276.01";"0.00";"IST";"End Of Friday (Time)";"4d 5h 10m";"-732.48"
"461";"USTEC_ICM_UTC2";"Buy";"7158.7";"7076.2";"2019.02.25 18:15:00";"2019.02.26 04:27:00";"30.0";"-2658.12";"7076.20020";"7241.20020";"-75934.13";"0.00";"IST";"SL";"10h 12m";"-183.12"
"462";"USTEC_ICM_UTC2";"Buy";"7121.1";"7149.2";"2019.02.26 17:45:00";"2019.03.01 22:55:00";"30.0";"293.64";"7038.60010";"7203.60010";"-75640.48";"0.00";"IST";"End Of Friday (Time)";"3d 5h 10m";"-549.36"
"463";"USTEC_ICM_UTC2";"Buy";"7085.1";"7167.6";"2019.03.04 19:45:00";"2019.03.05 18:37:00";"30.0";"2291.88";"7002.60010";"7167.60010";"-73348.61";"0.00";"IST";"PT";"22h 52m";"-183.12"
"464";"USTEC_ICM_UTC2";"Buy";"7169.5";"7087.0";"2019.03.05 21:45:00";"2019.03.07 09:02:00";"30.0";"-2841.24";"7087.00000";"7252.00000";"-76189.84";"0.00";"IST";"SL";"1d 11h 17m";"-366.24"
"465";"USTEC_ICM_UTC2";"Buy";"7045.3";"6962.8";"2019.03.07 18:00:00";"2019.03.08 15:30:00";"30.0";"-2658.12";"6962.79980";"7127.79980";"-78847.97";"0.00";"IST";"SL";"21h 30m";"-183.12"
"466";"USTEC_ICM_UTC2";"Buy";"6961.4";"7010.4";"2019.03.08 17:00:00";"2019.03.08 22:55:00";"30.0";"1470.00";"6878.89990";"7043.89990";"-77377.97";"0.00";"IST";"End Of Friday (Time)";"5h 55m";"-0.00"
"467";"USTEC_ICM_UTC2";"Buy";"7108.5";"7191.0";"2019.03.11 16:45:00";"2019.03.12 00:57:00";"30.0";"2291.88";"7026.00000";"7191.00000";"-75086.09";"0.00";"IST";"PT";"8h 12m";"-183.12"
"468";"USTEC_ICM_UTC2";"Buy";"7188.1";"7270.6";"2019.03.12 16:30:00";"2019.03.13 17:08:00";"30.0";"2291.88";"7105.60010";"7270.60010";"-72794.21";"0.00";"IST";"PT";"1d 0h 38m";"-183.12"
"469";"USTEC_ICM_UTC2";"Buy";"7250.6";"7333.1";"2019.03.14 16:30:00";"2019.03.18 15:58:00";"30.0";"1742.52";"7168.10010";"7333.10010";"-71051.69";"0.00";"IST";"PT";"3d 23h 28m";"-732.48"
"470";"USTEC_ICM_UTC2";"Buy";"7339.0";"7421.5";"2019.03.18 16:30:00";"2019.03.20 20:34:00";"30.0";"2108.76";"7256.50000";"7421.50000";"-68942.93";"0.00";"IST";"PT";"2d 4h 4m";"-366.24"
"471";"USTEC_ICM_UTC2";"Buy";"7412.8";"7495.3";"2019.03.20 20:45:00";"2019.03.21 20:39:00";"30.0";"2291.88";"7330.29980";"7495.29980";"-66651.05";"0.00";"IST";"PT";"23h 54m";"-183.12"
"472";"USTEC_ICM_UTC2";"Buy";"7412.4";"7329.9";"2019.03.22 17:00:00";"2019.03.22 21:55:00";"30.0";"-2475.00";"7329.89990";"7494.89990";"-69126.05";"0.00";"IST";"SL";"4h 55m";"-0.00"
"473";"USTEC_ICM_UTC2";"Buy";"7313.3";"7395.8";"2019.03.25 17:00:00";"2019.03.26 15:45:00";"30.0";"2291.88";"7230.79980";"7395.79980";"-66834.17";"0.00";"IST";"PT";"22h 45m";"-183.12"
"474";"USTEC_ICM_UTC2";"Buy";"7353.9";"7271.4";"2019.03.26 18:45:00";"2019.03.27 17:34:00";"30.0";"-2658.12";"7271.39990";"7436.39990";"-69492.29";"0.00";"IST";"SL";"22h 49m";"-183.12"
"475";"USTEC_ICM_UTC2";"Buy";"7282.9";"7365.4";"2019.03.27 18:30:00";"2019.03.29 15:01:00";"30.0";"2108.76";"7200.39990";"7365.39990";"-67383.53";"0.00";"IST";"PT";"1d 20h 31m";"-366.24"
"476";"USTEC_ICM_UTC2";"Buy";"7359.6";"7442.1";"2019.03.29 18:00:00";"2019.04.01 03:08:00";"30.0";"1925.64";"7277.10010";"7442.10010";"-65457.89";"0.00";"IST";"PT";"2d 9h 8m";"-549.36"
"477";"USTEC_ICM_UTC2";"Buy";"7441.1";"7523.6";"2019.04.01 18:00:00";"2019.04.03 03:54:00";"30.0";"2108.76";"7358.60010";"7523.60010";"-63349.13";"0.00";"IST";"PT";"1d 9h 54m";"-366.24"
"478";"USTEC_ICM_UTC2";"Buy";"7539.2";"7573.3";"2019.04.03 22:00:00";"2019.04.05 22:55:00";"30.0";"656.76";"7456.70020";"7621.70020";"-62692.37";"0.00";"IST";"End Of Friday (Time)";"2d 0h 55m";"-366.24"
"479";"USTEC_ICM_UTC2";"Buy";"7539.8";"7622.3";"2019.04.08 16:45:00";"2019.04.11 01:29:00";"30.0";"1925.64";"7457.29980";"7622.29980";"-60766.73";"0.00";"IST";"PT";"2d 8h 44m";"-549.36"
"480";"USTEC_ICM_UTC2";"Buy";"7622.9";"7620.0";"2019.04.11 16:30:00";"2019.04.12 22:55:00";"30.0";"-270.12";"7540.39990";"7705.39990";"-61036.85";"0.00";"IST";"End Of Friday (Time)";"1d 6h 25m";"-183.12"
"481";"USTEC_ICM_UTC2";"Buy";"7605.7";"7688.2";"2019.04.15 18:30:00";"2019.04.17 15:11:00";"30.0";"2108.76";"7523.20020";"7688.20020";"-58928.09";"0.00";"IST";"PT";"1d 20h 41m";"-366.24"
"482";"USTEC_ICM_UTC2";"Buy";"7677.7";"7760.2";"2019.04.17 18:00:00";"2019.04.23 16:56:00";"30.0";"1376.28";"7595.20020";"7760.20020";"-57551.81";"0.00";"IST";"PT";"5d 22h 56m";"-1098.72"
"483";"USTEC_ICM_UTC2";"Buy";"7814.7";"7812.9";"2019.04.24 17:30:00";"2019.04.26 22:55:00";"30.0";"-420.24";"7732.20020";"7897.20020";"-57972.05";"0.00";"IST";"End Of Friday (Time)";"2d 5h 25m";"-366.24"
"484";"USTEC_ICM_UTC2";"Buy";"7822.9";"7740.4";"2019.04.29 16:30:00";"2019.04.30 18:03:00";"30.0";"-2658.12";"7740.39990";"7905.39990";"-60630.17";"0.00";"IST";"SL";"1d 1h 33m";"-183.12"
"485";"USTEC_ICM_UTC2";"Buy";"7757.9";"7840.4";"2019.04.30 19:00:00";"2019.05.01 05:46:00";"30.0";"2291.88";"7675.39990";"7840.39990";"-58338.29";"0.00";"IST";"PT";"10h 46m";"-183.12"
"486";"USTEC_ICM_UTC2";"Buy";"7824.1";"7741.6";"2019.05.01 17:00:00";"2019.05.01 23:01:00";"30.0";"-2475.00";"7741.60010";"7906.60010";"-60813.29";"0.00";"IST";"SL";"6h 1m";"-0.00"
"487";"USTEC_ICM_UTC2";"Buy";"7791.4";"7708.9";"2019.05.02 17:15:00";"2019.05.02 18:42:00";"30.0";"-2475.00";"7708.89990";"7873.89990";"-63288.29";"0.00";"IST";"SL";"1h 27m";"-0.00"
"488";"USTEC_ICM_UTC2";"Buy";"7825.5";"7845.1";"2019.05.03 19:45:00";"2019.05.03 22:55:00";"30.0";"588.00";"7743.00000";"7908.00000";"-62700.29";"0.00";"IST";"End Of Friday (Time)";"3h 10m";"-0.00"
"489";"USTEC_ICM_UTC2";"Buy";"7746.4";"7663.9";"2019.05.06 17:30:00";"2019.05.07 17:41:00";"30.0";"-2658.12";"7663.89990";"7828.89990";"-65358.41";"0.00";"IST";"SL";"1d 0h 11m";"-183.12"
"490";"USTEC_ICM_UTC2";"Buy";"7656.4";"7573.9";"2019.05.07 18:45:00";"2019.05.07 22:36:00";"30.0";"-2475.00";"7573.89990";"7738.89990";"-67833.41";"0.00";"IST";"SL";"3h 51m";"-0.00"
"491";"USTEC_ICM_UTC2";"Buy";"7636.1";"7553.6";"2019.05.08 17:00:00";"2019.05.09 10:25:00";"30.0";"-2658.12";"7553.60010";"7718.60010";"-70491.53";"0.00";"IST";"SL";"17h 25m";"-183.12"
"492";"USTEC_ICM_UTC2";"Buy";"7519.5";"7602.0";"2019.05.09 16:45:00";"2019.05.09 19:41:00";"30.0";"2475.00";"7437.00000";"7602.00000";"-68016.53";"0.00";"IST";"PT";"2h 56m";"-0.00"
"493";"USTEC_ICM_UTC2";"Buy";"7550.5";"7468.0";"2019.05.10 16:30:00";"2019.05.10 17:38:00";"30.0";"-2475.00";"7468.00000";"7633.00000";"-70491.53";"0.00";"IST";"SL";"1h 8m";"-0.00"
"494";"USTEC_ICM_UTC2";"Buy";"7418.2";"7335.7";"2019.05.13 16:45:00";"2019.05.13 18:16:00";"30.0";"-2475.00";"7335.70020";"7500.70020";"-72966.53";"0.00";"IST";"SL";"1h 31m";"-0.00"
"495";"USTEC_ICM_UTC2";"Buy";"7397.1";"7479.6";"2019.05.14 17:45:00";"2019.05.15 18:25:00";"30.0";"2291.88";"7314.60010";"7479.60010";"-70674.65";"0.00";"IST";"PT";"1d 0h 40m";"-183.12"
"496";"USTEC_ICM_UTC2";"Buy";"7518.9";"7601.4";"2019.05.15 21:45:00";"2019.05.16 17:32:00";"30.0";"2291.88";"7436.39990";"7601.39990";"-68382.77";"0.00";"IST";"PT";"19h 47m";"-183.12"
"497";"USTEC_ICM_UTC2";"Buy";"7606.1";"7523.6";"2019.05.16 17:45:00";"2019.05.17 14:30:00";"30.0";"-2658.12";"7523.60010";"7688.60010";"-71040.89";"0.00";"IST";"SL";"20h 45m";"-183.12"
"498";"USTEC_ICM_UTC2";"Buy";"7543.3";"7504.6";"2019.05.17 16:45:00";"2019.05.17 22:55:00";"30.0";"-1161.00";"7460.79980";"7625.79980";"-72201.89";"0.00";"IST";"End Of Friday (Time)";"6h 10m";"-0.00"
"499";"USTEC_ICM_UTC2";"Buy";"7364.0";"7446.5";"2019.05.20 16:45:00";"2019.05.21 13:24:00";"30.0";"2291.88";"7281.50000";"7446.50000";"-69910.01";"0.00";"IST";"PT";"20h 39m";"-183.12"
"500";"USTEC_ICM_UTC2";"Buy";"7438.8";"7356.3";"2019.05.21 16:30:00";"2019.05.23 09:38:00";"30.0";"-2841.24";"7356.29980";"7521.29980";"-72751.25";"0.00";"IST";"SL";"1d 17h 8m";"-366.24"
"501";"USTEC_ICM_UTC2";"Buy";"7323.3";"7300.3";"2019.05.23 18:00:00";"2019.05.24 22:55:00";"30.0";"-873.12";"7240.79980";"7405.79980";"-73624.37";"0.00";"IST";"End Of Friday (Time)";"1d 4h 55m";"-183.12"
"502";"USTEC_ICM_UTC2";"Buy";"7319.6";"7237.1";"2019.05.28 18:30:00";"2019.05.29 04:58:00";"30.0";"-2658.12";"7237.10010";"7402.10010";"-76282.49";"0.00";"IST";"SL";"10h 28m";"-183.12"
"503";"USTEC_ICM_UTC2";"Buy";"7221.9";"7139.4";"2019.05.29 17:00:00";"2019.05.31 12:30:00";"30.0";"-2841.24";"7139.39990";"7304.39990";"-79123.73";"0.00";"IST";"SL";"1d 19h 30m";"-366.24"
"504";"USTEC_ICM_UTC2";"Buy";"7171.1";"7134.0";"2019.05.31 18:00:00";"2019.05.31 22:55:00";"30.0";"-1113.00";"7088.60010";"7253.60010";"-80236.73";"0.00";"IST";"End Of Friday (Time)";"4h 55m";"-0.00"
"505";"USTEC_ICM_UTC2";"Buy";"7084.0";"7001.5";"2019.06.03 18:00:00";"2019.06.03 19:24:00";"30.0";"-2475.00";"7001.50000";"7166.50000";"-82711.73";"0.00";"IST";"SL";"1h 24m";"-0.00"
"506";"USTEC_ICM_UTC2";"Buy";"7086.3";"7168.8";"2019.06.04 18:00:00";"2019.06.04 22:58:00";"30.0";"2475.00";"7003.79980";"7168.79980";"-80236.73";"0.00";"IST";"PT";"4h 58m";"-0.00"
"507";"USTEC_ICM_UTC2";"Buy";"7233.8";"7151.3";"2019.06.05 16:30:00";"2019.06.05 17:49:00";"30.0";"-2475.00";"7151.29980";"7316.29980";"-82711.73";"0.00";"IST";"SL";"1h 19m";"-0.00"
"508";"USTEC_ICM_UTC2";"Buy";"7222.1";"7304.6";"2019.06.06 16:45:00";"2019.06.07 11:10:00";"30.0";"2291.88";"7139.60010";"7304.60010";"-80419.85";"0.00";"IST";"PT";"18h 25m";"-183.12"
"509";"USTEC_ICM_UTC2";"Buy";"7348.1";"7430.6";"2019.06.07 16:45:00";"2019.06.07 17:57:00";"30.0";"2475.00";"7265.60010";"7430.60010";"-77944.85";"0.00";"IST";"PT";"1h 12m";"-0.00"
"510";"USTEC_ICM_UTC2";"Buy";"7527.1";"7444.6";"2019.06.10 20:45:00";"2019.06.13 05:09:00";"30.0";"-3024.36";"7444.60010";"7609.60010";"-80969.21";"0.00";"IST";"SL";"2d 8h 24m";"-549.36"
"511";"USTEC_ICM_UTC2";"Buy";"7500.3";"7489.0";"2019.06.13 16:30:00";"2019.06.14 22:55:00";"30.0";"-522.12";"7417.79980";"7582.79980";"-81491.33";"0.00";"IST";"End Of Friday (Time)";"1d 6h 25m";"-183.12"
"512";"USTEC_ICM_UTC2";"Buy";"7532.1";"7614.6";"2019.06.17 19:45:00";"2019.06.18 15:26:00";"30.0";"2291.88";"7449.60010";"7614.60010";"-79199.45";"0.00";"IST";"PT";"19h 41m";"-183.12"
"513";"USTEC_ICM_UTC2";"Buy";"7654.6";"7737.1";"2019.06.18 19:45:00";"2019.06.20 09:28:00";"30.0";"2108.76";"7572.10010";"7737.10010";"-77090.69";"0.00";"IST";"PT";"1d 13h 43m";"-366.24"
"514";"USTEC_ICM_UTC2";"Buy";"7722.3";"7731.3";"2019.06.20 18:45:00";"2019.06.21 22:55:00";"30.0";"86.88";"7639.79980";"7804.79980";"-77003.81";"0.00";"IST";"End Of Friday (Time)";"1d 4h 10m";"-183.12"
"515";"USTEC_ICM_UTC2";"Buy";"7732.3";"7649.8";"2019.06.24 18:00:00";"2019.06.25 19:37:00";"30.0";"-2658.12";"7649.79980";"7814.79980";"-79661.93";"0.00";"IST";"SL";"1d 1h 37m";"-183.12"
"516";"USTEC_ICM_UTC2";"Buy";"7630.7";"7649.8";"2019.06.25 21:00:00";"2019.06.28 22:55:00";"30.0";"23.64";"7548.20020";"7713.20020";"-79638.29";"0.00";"IST";"End Of Friday (Time)";"3d 1h 55m";"-549.36"
"517";"USTEC_ICM_UTC2";"Buy";"7749.8";"7832.3";"2019.07.01 20:15:00";"2019.07.03 11:09:00";"30.0";"2108.76";"7667.29980";"7832.29980";"-77529.53";"0.00";"IST";"PT";"1d 14h 54m";"-366.24"
"518";"USTEC_ICM_UTC2";"Buy";"7816.1";"7834.8";"2019.07.03 16:30:00";"2019.07.05 22:55:00";"30.0";"194.76";"7733.60010";"7898.60010";"-77334.77";"0.00";"IST";"End Of Friday (Time)";"2d 6h 25m";"-366.24"
"519";"USTEC_ICM_UTC2";"Buy";"7776.3";"7858.8";"2019.07.08 17:45:00";"2019.07.10 15:34:00";"30.0";"2108.76";"7693.79980";"7858.79980";"-75226.01";"0.00";"IST";"PT";"1d 21h 49m";"-366.24"
"520";"USTEC_ICM_UTC2";"Buy";"7891.3";"7938.2";"2019.07.10 19:15:00";"2019.07.12 22:55:00";"30.0";"1040.76";"7808.79980";"7973.79980";"-74185.25";"0.00";"IST";"End Of Friday (Time)";"2d 3h 40m";"-366.24"
"521";"USTEC_ICM_UTC2";"Buy";"7950.8";"7868.3";"2019.07.15 18:00:00";"2019.07.17 23:07:00";"30.0";"-2841.24";"7868.29980";"8033.29980";"-77026.49";"0.00";"IST";"SL";"2d 5h 7m";"-366.24"
"522";"USTEC_ICM_UTC2";"Buy";"7868.7";"7951.2";"2019.07.18 17:45:00";"2019.07.19 01:08:00";"30.0";"2291.88";"7786.20020";"7951.20020";"-74734.61";"0.00";"IST";"PT";"7h 23m";"-183.12"
"523";"USTEC_ICM_UTC2";"Buy";"7911.8";"7846.7";"2019.07.19 18:00:00";"2019.07.19 22:55:00";"30.0";"-1953.00";"7829.29980";"7994.29980";"-76687.61";"0.00";"IST";"End Of Friday (Time)";"4h 55m";"-0.00"
"524";"USTEC_ICM_UTC2";"Buy";"7890.0";"7972.5";"2019.07.22 19:00:00";"2019.07.24 17:35:00";"30.0";"2108.76";"7807.50000";"7972.50000";"-74578.85";"0.00";"IST";"PT";"1d 22h 35m";"-366.24"
"525";"USTEC_ICM_UTC2";"Buy";"7972.5";"8022.1";"2019.07.24 17:45:00";"2019.07.26 22:55:00";"30.0";"1121.76";"7890.00000";"8055.00000";"-73457.09";"0.00";"IST";"End Of Friday (Time)";"2d 5h 10m";"-366.24"
"526";"USTEC_ICM_UTC2";"Buy";"7960.1";"7877.6";"2019.07.29 18:00:00";"2019.07.31 21:45:00";"30.0";"-2841.24";"7877.60010";"8042.60010";"-76298.33";"0.00";"IST";"SL";"2d 3h 45m";"-366.24"
"527";"USTEC_ICM_UTC2";"Buy";"7883.8";"7966.3";"2019.07.31 22:45:00";"2019.08.01 17:43:00";"30.0";"2291.88";"7801.29980";"7966.29980";"-74006.45";"0.00";"IST";"PT";"18h 58m";"-183.12"
"528";"USTEC_ICM_UTC2";"Buy";"7808.3";"7725.8";"2019.08.01 21:30:00";"2019.08.02 12:15:00";"30.0";"-2658.12";"7725.79980";"7890.79980";"-76664.57";"0.00";"IST";"SL";"14h 45m";"-183.12"
"529";"USTEC_ICM_UTC2";"Buy";"7647.8";"7679.5";"2019.08.02 18:00:00";"2019.08.02 22:55:00";"30.0";"951.00";"7565.29980";"7730.29980";"-75713.57";"0.00";"IST";"End Of Friday (Time)";"4h 55m";"-0.00"
"530";"USTEC_ICM_UTC2";"Buy";"7531.6";"7449.1";"2019.08.05 16:30:00";"2019.08.05 19:01:00";"30.0";"-2475.00";"7449.10010";"7614.10010";"-78188.57";"0.00";"IST";"SL";"2h 31m";"-0.00"
"531";"USTEC_ICM_UTC2";"Buy";"7477.2";"7559.7";"2019.08.06 19:15:00";"2019.08.07 12:44:00";"30.0";"2291.88";"7394.70020";"7559.70020";"-75896.69";"0.00";"IST";"PT";"17h 29m";"-183.12"
"532";"USTEC_ICM_UTC2";"Buy";"7427.8";"7510.3";"2019.08.07 17:00:00";"2019.08.07 17:50:00";"30.0";"2475.00";"7345.29980";"7510.29980";"-73421.69";"0.00";"IST";"PT";"50m 0s";"-0.00"
"533";"USTEC_ICM_UTC2";"Buy";"7598.0";"7680.5";"2019.08.09 18:30:00";"2019.08.09 20:31:00";"30.0";"2475.00";"7515.50000";"7680.50000";"-70946.69";"0.00";"IST";"PT";"2h 1m";"-0.00"
"534";"USTEC_ICM_UTC2";"Buy";"7609.0";"7526.5";"2019.08.12 18:00:00";"2019.08.13 09:42:00";"30.0";"-2658.12";"7526.50000";"7691.50000";"-73604.81";"0.00";"IST";"SL";"15h 42m";"-183.12"
"535";"USTEC_ICM_UTC2";"Buy";"7770.0";"7687.5";"2019.08.13 17:30:00";"2019.08.13 18:26:00";"30.0";"-2475.00";"7687.50000";"7852.50000";"-76079.81";"0.00";"IST";"SL";"56m 0s";"-0.00"
"536";"USTEC_ICM_UTC2";"Buy";"7596.4";"7513.9";"2019.08.14 16:30:00";"2019.08.14 18:46:00";"30.0";"-2475.00";"7513.89990";"7678.89990";"-78554.81";"0.00";"IST";"SL";"2h 16m";"-0.00"
"537";"USTEC_ICM_UTC2";"Buy";"7482.9";"7565.4";"2019.08.15 16:45:00";"2019.08.16 11:34:00";"30.0";"2291.88";"7400.39990";"7565.39990";"-76262.93";"0.00";"IST";"PT";"18h 49m";"-183.12"
"538";"USTEC_ICM_UTC2";"Buy";"7565.8";"7609.9";"2019.08.16 17:15:00";"2019.08.16 22:55:00";"30.0";"1323.00";"7483.29980";"7648.29980";"-74939.93";"0.00";"IST";"End Of Friday (Time)";"5h 40m";"-0.00"
"539";"USTEC_ICM_UTC2";"Buy";"7725.3";"7642.8";"2019.08.19 18:30:00";"2019.08.21 01:00:00";"30.0";"-2841.24";"7642.79980";"7807.79980";"-77781.17";"0.00";"IST";"SL";"1d 6h 30m";"-366.24"
"540";"USTEC_ICM_UTC2";"Buy";"7743.4";"7660.9";"2019.08.21 18:30:00";"2019.08.22 17:33:00";"30.0";"-2658.12";"7660.89990";"7825.89990";"-80439.29";"0.00";"IST";"SL";"23h 3m";"-183.12"
"541";"USTEC_ICM_UTC2";"Buy";"7689.1";"7606.6";"2019.08.22 18:45:00";"2019.08.23 18:07:00";"30.0";"-2658.12";"7606.60010";"7771.60010";"-83097.41";"0.00";"IST";"SL";"23h 22m";"-183.12"
"542";"USTEC_ICM_UTC2";"Buy";"7570.4";"7487.9";"2019.08.23 18:15:00";"2019.08.23 20:22:00";"30.0";"-2475.00";"7487.89990";"7652.89990";"-85572.41";"0.00";"IST";"SL";"2h 7m";"-0.00"
"543";"USTEC_ICM_UTC2";"Buy";"7534.8";"7617.3";"2019.08.26 18:00:00";"2019.08.27 15:27:00";"30.0";"2291.88";"7452.29980";"7617.29980";"-83280.53";"0.00";"IST";"PT";"21h 27m";"-183.12"
"544";"USTEC_ICM_UTC2";"Buy";"7580.9";"7498.4";"2019.08.27 18:45:00";"2019.08.28 16:39:00";"30.0";"-2658.12";"7498.39990";"7663.39990";"-85938.65";"0.00";"IST";"SL";"21h 54m";"-183.12"
"545";"USTEC_ICM_UTC2";"Buy";"7571.6";"7654.1";"2019.08.28 21:15:00";"2019.08.29 10:14:00";"30.0";"2291.88";"7489.10010";"7654.10010";"-83646.77";"0.00";"IST";"PT";"12h 59m";"-183.12"
"546";"USTEC_ICM_UTC2";"Buy";"7703.6";"7675.8";"2019.08.29 18:30:00";"2019.08.30 22:55:00";"30.0";"-1017.12";"7621.10010";"7786.10010";"-84663.89";"0.00";"IST";"End Of Friday (Time)";"1d 4h 25m";"-183.12"
"547";"USTEC_ICM_UTC2";"Buy";"7660.8";"7578.3";"2019.09.02 17:45:00";"2019.09.02 18:50:00";"30.0";"-2475.00";"7578.29980";"7743.29980";"-87138.89";"0.00";"IST";"SL";"1h 5m";"-0.00"
"548";"USTEC_ICM_UTC2";"Buy";"7608.8";"7691.3";"2019.09.03 18:15:00";"2019.09.04 09:09:00";"30.0";"2291.88";"7526.29980";"7691.29980";"-84847.01";"0.00";"IST";"PT";"14h 54m";"-183.12"
"549";"USTEC_ICM_UTC2";"Buy";"7689.6";"7772.1";"2019.09.04 18:30:00";"2019.09.05 04:29:00";"30.0";"2291.88";"7607.10010";"7772.10010";"-82555.13";"0.00";"IST";"PT";"9h 59m";"-183.12"
"550";"USTEC_ICM_UTC2";"Buy";"7843.9";"7852.9";"2019.09.05 20:15:00";"2019.09.06 22:55:00";"30.0";"86.88";"7761.39990";"7926.39990";"-82468.25";"0.00";"IST";"End Of Friday (Time)";"1d 2h 40m";"-183.12"
"551";"USTEC_ICM_UTC2";"Buy";"7870.0";"7787.5";"2019.09.09 18:00:00";"2019.09.10 10:41:00";"30.0";"-2658.12";"7787.50000";"7952.50000";"-85126.37";"0.00";"IST";"SL";"16h 41m";"-183.12"
"552";"USTEC_ICM_UTC2";"Buy";"7779.5";"7862.0";"2019.09.10 17:30:00";"2019.09.11 17:14:00";"30.0";"2291.88";"7697.00000";"7862.00000";"-82834.49";"0.00";"IST";"PT";"23h 44m";"-183.12"
"553";"USTEC_ICM_UTC2";"Buy";"7870.1";"7952.6";"2019.09.11 22:30:00";"2019.09.12 02:27:00";"30.0";"2291.88";"7787.60010";"7952.60010";"-80542.61";"0.00";"IST";"PT";"3h 57m";"-183.12"
"554";"USTEC_ICM_UTC2";"Buy";"7932.1";"7895.0";"2019.09.12 18:00:00";"2019.09.13 22:55:00";"30.0";"-1296.12";"7849.60010";"8014.60010";"-81838.73";"0.00";"IST";"End Of Friday (Time)";"1d 4h 55m";"-183.12"
"555";"USTEC_ICM_UTC2";"Buy";"7852.6";"7935.1";"2019.09.16 22:00:00";"2019.09.19 16:37:00";"30.0";"1925.64";"7770.10010";"7935.10010";"-79913.09";"0.00";"IST";"PT";"2d 18h 37m";"-549.36"
"556";"USTEC_ICM_UTC2";"Buy";"7944.2";"7861.7";"2019.09.19 17:45:00";"2019.09.20 18:44:00";"30.0";"-2658.12";"7861.70020";"8026.70020";"-82571.21";"0.00";"IST";"SL";"1d 0h 59m";"-183.12"
"557";"USTEC_ICM_UTC2";"Buy";"7866.4";"7829.9";"2019.09.20 18:45:00";"2019.09.20 22:55:00";"30.0";"-1095.00";"7783.89990";"7948.89990";"-83666.21";"0.00";"IST";"End Of Friday (Time)";"4h 10m";"-0.00"
"558";"USTEC_ICM_UTC2";"Buy";"7863.9";"7781.4";"2019.09.24 16:45:00";"2019.09.24 18:39:00";"30.0";"-2475.00";"7781.39990";"7946.39990";"-86141.21";"0.00";"IST";"SL";"1h 54m";"-0.00"
"559";"USTEC_ICM_UTC2";"Buy";"7722.6";"7805.1";"2019.09.25 18:00:00";"2019.09.25 22:10:00";"30.0";"2475.00";"7640.10010";"7805.10010";"-83666.21";"0.00";"IST";"PT";"4h 10m";"-0.00"
"560";"USTEC_ICM_UTC2";"Buy";"7754.5";"7672.0";"2019.09.26 17:00:00";"2019.09.27 20:00:00";"30.0";"-2658.12";"7672.00000";"7837.00000";"-86324.33";"0.00";"IST";"SL";"1d 3h 0m";"-183.12"
"561";"USTEC_ICM_UTC2";"Buy";"7682.7";"7677.7";"2019.09.27 20:45:00";"2019.09.27 22:55:00";"30.0";"-150.00";"7600.20020";"7765.20020";"-86474.33";"0.00";"IST";"End Of Friday (Time)";"2h 10m";"-0.00"
"562";"USTEC_ICM_UTC2";"Buy";"7707.1";"7789.6";"2019.09.30 16:45:00";"2019.10.01 04:02:00";"30.0";"2291.88";"7624.60010";"7789.60010";"-84182.45";"0.00";"IST";"PT";"11h 17m";"-183.12"
"563";"USTEC_ICM_UTC2";"Buy";"7815.7";"7733.2";"2019.10.01 16:45:00";"2019.10.01 17:59:00";"30.0";"-2475.00";"7733.20020";"7898.20020";"-86657.45";"0.00";"IST";"SL";"1h 14m";"-0.00"
"564";"USTEC_ICM_UTC2";"Buy";"7563.4";"7480.9";"2019.10.02 17:45:00";"2019.10.03 17:01:00";"30.0";"-2658.12";"7480.89990";"7645.89990";"-89315.57";"0.00";"IST";"SL";"23h 16m";"-183.12"
"565";"USTEC_ICM_UTC2";"Buy";"7587.9";"7670.4";"2019.10.03 18:30:00";"2019.10.04 15:31:00";"30.0";"2291.88";"7505.39990";"7670.39990";"-87023.70";"0.00";"IST";"PT";"21h 1m";"-183.12"
"566";"USTEC_ICM_UTC2";"Buy";"7721.4";"7754.1";"2019.10.04 19:15:00";"2019.10.04 22:55:00";"30.0";"981.00";"7638.89990";"7803.89990";"-86042.70";"0.00";"IST";"End Of Friday (Time)";"3h 40m";"-0.00"
"567";"USTEC_ICM_UTC2";"Buy";"7747.4";"7664.9";"2019.10.07 17:30:00";"2019.10.08 14:00:00";"30.0";"-2658.12";"7664.89990";"7829.89990";"-88700.81";"0.00";"IST";"SL";"20h 30m";"-183.12"
"568";"USTEC_ICM_UTC2";"Buy";"7639.8";"7722.3";"2019.10.08 17:45:00";"2019.10.10 16:50:00";"30.0";"2108.76";"7557.29980";"7722.29980";"-86592.05";"0.00";"IST";"PT";"1d 23h 5m";"-366.24"
"569";"USTEC_ICM_UTC2";"Buy";"7735.8";"7818.3";"2019.10.10 22:15:00";"2019.10.11 11:29:00";"30.0";"2291.88";"7653.29980";"7818.29980";"-84300.17";"0.00";"IST";"PT";"13h 14m";"-183.12"
"570";"USTEC_ICM_UTC2";"Buy";"7874.2";"7853.3";"2019.10.11 20:30:00";"2019.10.11 22:55:00";"30.0";"-627.00";"7791.70020";"7956.70020";"-84927.17";"0.00";"IST";"End Of Friday (Time)";"2h 25m";"-0.00"
"571";"USTEC_ICM_UTC2";"Buy";"7847.5";"7930.0";"2019.10.14 20:45:00";"2019.10.15 17:40:00";"30.0";"2291.88";"7765.00000";"7930.00000";"-82635.29";"0.00";"IST";"PT";"20h 55m";"-183.12"
"572";"USTEC_ICM_UTC2";"Buy";"7934.6";"7852.1";"2019.10.15 17:45:00";"2019.10.18 19:17:00";"30.0";"-3024.36";"7852.10010";"8017.10010";"-85659.65";"0.00";"IST";"SL";"3d 1h 32m";"-549.36"
"573";"USTEC_ICM_UTC2";"Buy";"7870.4";"7886.0";"2019.10.18 20:15:00";"2019.10.18 22:55:00";"30.0";"468.00";"7787.89990";"7952.89990";"-85191.65";"0.00";"IST";"End Of Friday (Time)";"2h 40m";"-0.00"
"574";"USTEC_ICM_UTC2";"Buy";"7927.3";"7844.8";"2019.10.21 18:15:00";"2019.10.22 23:02:00";"30.0";"-2658.12";"7844.79980";"8009.79980";"-87849.77";"0.00";"IST";"SL";"1d 4h 47m";"-183.12"
"575";"USTEC_ICM_UTC2";"Buy";"7888.6";"7971.1";"2019.10.23 18:30:00";"2019.10.24 19:02:00";"30.0";"2291.88";"7806.10010";"7971.10010";"-85557.89";"0.00";"IST";"PT";"1d 0h 32m";"-183.12"
"576";"USTEC_ICM_UTC2";"Buy";"7953.5";"8022.3";"2019.10.24 20:30:00";"2019.10.25 22:55:00";"30.0";"1880.88";"7871.00000";"8036.00000";"-83677.02";"0.00";"IST";"End Of Friday (Time)";"1d 2h 25m";"-183.12"
"577";"USTEC_ICM_UTC2";"Buy";"8069.8";"8152.3";"2019.10.29 17:15:00";"2019.11.01 16:03:00";"30.0";"1925.64";"7987.29980";"8152.29980";"-81751.38";"0.00";"IST";"PT";"2d 22h 48m";"-549.36"
"578";"USTEC_ICM_UTC2";"Buy";"8143.6";"8226.1";"2019.11.01 20:15:00";"2019.11.04 16:41:00";"30.0";"1925.64";"8061.10010";"8226.09961";"-79825.73";"0.00";"IST";"PT";"2d 20h 26m";"-549.36"
"579";"USTEC_ICM_UTC2";"Buy";"8206.6";"8248.4";"2019.11.04 19:45:00";"2019.11.08 22:55:00";"30.0";"521.55";"8124.10010";"8289.09961";"-79304.18";"0.00";"IST";"End Of Friday (Time)";"4d 3h 10m";"-732.48"
"580";"USTEC_ICM_UTC2";"Buy";"8233.8";"8307.9";"2019.11.11 17:45:00";"2019.11.15 22:55:00";"30.0";"1490.55";"8151.29980";"8316.29980";"-77813.63";"0.00";"IST";"End Of Friday (Time)";"4d 5h 10m";"-732.48"
"581";"USTEC_ICM_UTC2";"Buy";"8307.4";"8224.9";"2019.11.18 16:30:00";"2019.11.20 20:16:00";"30.0";"-2841.24";"8224.90039";"8389.90039";"-80654.88";"0.00";"IST";"SL";"2d 3h 46m";"-366.24"
"582";"USTEC_ICM_UTC2";"Buy";"8257.1";"8264.7";"2019.11.20 21:00:00";"2019.11.22 22:55:00";"30.0";"-138.21";"8174.60010";"8339.59961";"-80793.08";"0.00";"IST";"End Of Friday (Time)";"2d 1h 55m";"-366.24"
"583";"USTEC_ICM_UTC2";"Buy";"8345.8";"8428.3";"2019.11.25 17:00:00";"2019.11.27 18:42:00";"30.0";"2108.76";"8263.29980";"8428.29980";"-78684.32";"0.00";"IST";"PT";"2d 1h 42m";"-366.24"
"584";"USTEC_ICM_UTC2";"Buy";"8433.8";"8351.3";"2019.11.29 17:15:00";"2019.12.02 16:50:00";"30.0";"-3024.36";"8351.29980";"8516.29980";"-81708.68";"0.00";"IST";"SL";"2d 23h 35m";"-549.36"
"585";"USTEC_ICM_UTC2";"Buy";"8294.5";"8212.0";"2019.12.02 18:45:00";"2019.12.03 16:04:00";"30.0";"-2658.12";"8212.00000";"8377.00000";"-84366.80";"0.00";"IST";"SL";"21h 19m";"-183.12"
"586";"USTEC_ICM_UTC2";"Buy";"8200.8";"8283.3";"2019.12.03 17:30:00";"2019.12.04 11:08:00";"30.0";"2291.88";"8118.29980";"8283.29980";"-82074.92";"0.00";"IST";"PT";"17h 38m";"-183.12"
"587";"USTEC_ICM_UTC2";"Buy";"8298.9";"8381.4";"2019.12.04 16:45:00";"2019.12.06 16:45:00";"30.0";"2108.76";"8216.40039";"8381.40039";"-79966.16";"0.00";"IST";"PT";"2d 0h 0m";"-366.24"
"588";"USTEC_ICM_UTC2";"Buy";"8387.8";"8305.3";"2019.12.09 19:45:00";"2019.12.10 13:27:00";"30.0";"-2658.12";"8305.29980";"8470.29980";"-82624.28";"0.00";"IST";"SL";"17h 42m";"-183.12"
"589";"USTEC_ICM_UTC2";"Buy";"8383.9";"8466.4";"2019.12.10 17:45:00";"2019.12.12 17:00:00";"30.0";"2108.76";"8301.40039";"8466.40039";"-80515.52";"0.00";"IST";"PT";"1d 23h 15m";"-366.24"
"590";"USTEC_ICM_UTC2";"Buy";"8440.8";"8486.2";"2019.12.12 20:15:00";"2019.12.13 22:55:00";"30.0";"1178.88";"8358.29980";"8523.29980";"-79336.64";"0.00";"IST";"End Of Friday (Time)";"1d 2h 40m";"-183.12"
"591";"USTEC_ICM_UTC2";"Buy";"8574.5";"8657.0";"2019.12.17 19:15:00";"2019.12.20 15:10:00";"30.0";"1925.64";"8492.00000";"8657.00000";"-77411.00";"0.00";"IST";"PT";"2d 19h 55m";"-549.36"
"592";"USTEC_ICM_UTC2";"Buy";"8668.0";"8679.3";"2019.12.20 18:00:00";"2019.12.20 22:55:00";"30.0";"339.00";"8585.50000";"8750.50000";"-77072.00";"0.00";"IST";"End Of Friday (Time)";"4h 55m";"-0.00"
"593";"USTEC_ICM_UTC2";"Buy";"8699.6";"8782.1";"2019.12.23 17:45:00";"2019.12.27 01:25:00";"30.0";"1742.52";"8617.09961";"8782.09961";"-75329.48";"0.00";"IST";"PT";"3d 7h 40m";"-732.48"
"594";"USTEC_ICM_UTC2";"Buy";"8781.9";"8762.6";"2019.12.27 17:45:00";"2019.12.27 22:55:00";"30.0";"-579.03";"8699.40039";"8864.40039";"-75908.52";"0.00";"IST";"End Of Friday (Time)";"5h 10m";"-0.00"
"595";"USTEC_ICM_UTC2";"Buy";"8700.9";"8783.4";"2019.12.30 18:00:00";"2020.01.02 10:52:00";"30.0";"1925.64";"8618.40039";"8783.40039";"-73982.88";"0.00";"IST";"PT";"2d 16h 52m";"-549.36"
"596";"USTEC_ICM_UTC2";"Buy";"8796.4";"8879.3";"2020.01.02 17:30:00";"2020.01.03 01:00:00";"30.0";"2303.85";"8713.90039";"8878.90039";"-71679.02";"0.00";"IST";"PT";"7h 30m";"-183.12"
"597";"USTEC_ICM_UTC2";"Buy";"8821.3";"8802.9";"2020.01.03 22:15:00";"2020.01.03 22:55:00";"30.0";"-551.97";"8738.79980";"8903.79980";"-72230.99";"0.00";"IST";"End Of Friday (Time)";"40m 0s";"-0.00"
"598";"USTEC_ICM_UTC2";"Buy";"8801.7";"8719.2";"2020.01.06 17:30:00";"2020.01.08 01:41:00";"30.0";"-2841.24";"8719.20020";"8884.20020";"-75072.23";"0.00";"IST";"SL";"1d 8h 11m";"-366.24"
"599";"USTEC_ICM_UTC2";"Buy";"8910.0";"8992.5";"2020.01.08 19:00:00";"2020.01.09 16:30:00";"30.0";"2291.88";"8827.50000";"8992.50000";"-72780.35";"0.00";"IST";"PT";"21h 30m";"-183.12"
"600";"USTEC_ICM_UTC2";"Buy";"8975.4";"8966.9";"2020.01.09 20:45:00";"2020.01.10 22:55:00";"30.0";"-438.12";"8892.90039";"9057.90039";"-73218.47";"0.00";"IST";"End Of Friday (Time)";"1d 2h 10m";"-183.12"
"601";"USTEC_ICM_UTC2";"Buy";"9016.4";"9098.9";"2020.01.13 17:30:00";"2020.01.16 16:42:00";"30.0";"1925.64";"8933.90039";"9098.90039";"-71292.84";"0.00";"IST";"PT";"2d 23h 12m";"-549.36"
"602";"USTEC_ICM_UTC2";"Buy";"9081.2";"9163.7";"2020.01.16 19:00:00";"2020.01.17 15:39:00";"30.0";"2291.88";"8998.70020";"9163.70020";"-69000.95";"0.00";"IST";"PT";"20h 39m";"-183.12"
"603";"USTEC_ICM_UTC2";"Buy";"9136.5";"9171.5";"2020.01.17 18:00:00";"2020.01.17 22:55:00";"30.0";"1050.00";"9054.00000";"9219.00000";"-67950.95";"0.00";"IST";"End Of Friday (Time)";"4h 55m";"-0.00"
"604";"USTEC_ICM_UTC2";"Buy";"9180.0";"9262.5";"2020.01.21 19:15:00";"2020.01.24 10:07:00";"30.0";"1925.64";"9097.50000";"9262.50000";"-66025.31";"0.00";"IST";"PT";"2d 14h 52m";"-549.36"
"605";"USTEC_ICM_UTC2";"Buy";"9240.9";"9158.4";"2020.01.24 18:15:00";"2020.01.24 19:18:00";"30.0";"-2475.00";"9158.40039";"9323.40039";"-68500.31";"0.00";"IST";"SL";"1h 3m";"-0.00"
"606";"USTEC_ICM_UTC2";"Buy";"8961.2";"9043.7";"2020.01.27 17:15:00";"2020.01.28 17:25:00";"30.0";"2291.88";"8878.70020";"9043.70020";"-66208.43";"0.00";"IST";"PT";"1d 0h 10m";"-183.12"
"607";"USTEC_ICM_UTC2";"Buy";"9065.4";"9147.9";"2020.01.28 18:00:00";"2020.01.29 16:36:00";"30.0";"2291.88";"8982.90039";"9147.90039";"-63916.55";"0.00";"IST";"PT";"22h 36m";"-183.12"
"608";"USTEC_ICM_UTC2";"Buy";"9098.0";"9015.5";"2020.01.29 17:00:00";"2020.01.30 09:06:00";"30.0";"-2658.12";"9015.50000";"9180.50000";"-66574.67";"0.00";"IST";"SL";"16h 6m";"-183.12"
"609";"USTEC_ICM_UTC2";"Buy";"9041.8";"9124.3";"2020.01.30 17:45:00";"2020.01.30 22:43:00";"30.0";"2475.00";"8959.29980";"9124.29980";"-64099.67";"0.00";"IST";"PT";"4h 58m";"-0.00"
"610";"USTEC_ICM_UTC2";"Buy";"9039.5";"8998.3";"2020.01.31 18:15:00";"2020.01.31 22:55:00";"30.0";"-1236.00";"8957.00000";"9122.00000";"-65335.67";"0.00";"IST";"End Of Friday (Time)";"4h 40m";"-0.00"
"611";"USTEC_ICM_UTC2";"Buy";"9137.9";"9220.4";"2020.02.03 17:45:00";"2020.02.04 11:47:00";"30.0";"2291.88";"9055.40039";"9220.40039";"-63043.79";"0.00";"IST";"PT";"18h 2m";"-183.12"
"612";"USTEC_ICM_UTC2";"Buy";"9350.0";"9432.5";"2020.02.05 18:30:00";"2020.02.06 06:50:00";"30.0";"2291.88";"9267.50000";"9432.50000";"-60751.91";"0.00";"IST";"PT";"12h 20m";"-183.12"
"613";"USTEC_ICM_UTC2";"Buy";"9388.3";"9394.0";"2020.02.06 17:30:00";"2020.02.07 22:55:00";"30.0";"-12.12";"9305.79980";"9470.79980";"-60764.03";"0.00";"IST";"End Of Friday (Time)";"1d 5h 25m";"-183.12"
"614";"USTEC_ICM_UTC2";"Buy";"9437.2";"9519.7";"2020.02.10 17:15:00";"2020.02.10 23:02:00";"30.0";"2475.00";"9354.70020";"9519.70020";"-58289.03";"0.00";"IST";"PT";"5h 47m";"-0.00"
"615";"USTEC_ICM_UTC2";"Buy";"9590.9";"9508.4";"2020.02.11 18:15:00";"2020.02.11 22:09:00";"30.0";"-2475.00";"9508.40039";"9673.40039";"-60764.03";"0.00";"IST";"SL";"3h 54m";"-0.00"
"616";"USTEC_ICM_UTC2";"Buy";"9591.2";"9508.7";"2020.02.12 18:45:00";"2020.02.13 12:10:00";"30.0";"-2658.12";"9508.70020";"9673.70020";"-63422.15";"0.00";"IST";"SL";"17h 25m";"-183.12"
"617";"USTEC_ICM_UTC2";"Buy";"9587.3";"9618.1";"2020.02.13 17:45:00";"2020.02.14 22:55:00";"30.0";"740.88";"9504.79980";"9669.79980";"-62681.27";"0.00";"IST";"End Of Friday (Time)";"1d 5h 10m";"-183.12"
"618";"USTEC_ICM_UTC2";"Buy";"9655.1";"9572.6";"2020.02.17 16:45:00";"2020.02.18 01:08:00";"30.0";"-2658.12";"9572.59961";"9737.59961";"-65339.39";"0.00";"IST";"SL";"8h 23m";"-183.12"
"619";"USTEC_ICM_UTC2";"Buy";"9591.7";"9674.2";"2020.02.18 19:30:00";"2020.02.19 14:58:00";"30.0";"2291.88";"9509.20020";"9674.20020";"-63047.51";"0.00";"IST";"PT";"19h 28m";"-183.12"
"620";"USTEC_ICM_UTC2";"Buy";"9549.6";"9632.1";"2020.02.20 19:30:00";"2020.02.20 22:56:00";"30.0";"2475.00";"9467.09961";"9632.09961";"-60572.51";"0.00";"IST";"PT";"3h 26m";"-0.00"
"621";"USTEC_ICM_UTC2";"Buy";"9499.3";"9416.8";"2020.02.21 18:00:00";"2020.02.21 20:52:00";"30.0";"-2475.00";"9416.79980";"9581.79980";"-63047.51";"0.00";"IST";"SL";"2h 52m";"-0.00"
"622";"USTEC_ICM_UTC2";"Buy";"9194.0";"9111.5";"2020.02.24 17:15:00";"2020.02.24 17:33:00";"30.0";"-2475.00";"9111.50000";"9276.50000";"-65522.51";"0.00";"IST";"SL";"18m 0s";"-0.00"
"623";"USTEC_ICM_UTC2";"Buy";"8991.5";"8909.0";"2020.02.25 19:30:00";"2020.02.25 20:58:00";"30.0";"-2475.00";"8909.00000";"9074.00000";"-67997.52";"0.00";"IST";"SL";"1h 28m";"-0.00"
"624";"USTEC_ICM_UTC2";"Buy";"8925.6";"8843.1";"2020.02.26 20:00:00";"2020.02.26 20:37:00";"30.0";"-2475.00";"8843.09961";"9008.09961";"-70472.52";"0.00";"IST";"SL";"37m 0s";"-0.00"
"625";"USTEC_ICM_UTC2";"Buy";"8653.8";"8571.3";"2020.02.27 17:15:00";"2020.02.27 17:26:00";"30.0";"-2475.00";"8571.29980";"8736.29980";"-72947.52";"0.00";"IST";"SL";"11m 0s";"-0.00"
"626";"USTEC_ICM_UTC2";"Buy";"8178.4";"8260.9";"2020.02.28 17:15:00";"2020.02.28 17:53:00";"30.0";"2475.00";"8095.89990";"8260.90039";"-70472.52";"0.00";"IST";"PT";"38m 0s";"-0.00"
"627";"USTEC_ICM_UTC2";"Buy";"8510.7";"8593.2";"2020.03.02 17:00:00";"2020.03.02 18:11:00";"30.0";"2475.00";"8428.20020";"8593.20020";"-67997.52";"0.00";"IST";"PT";"1h 11m";"-0.00"
"628";"USTEC_ICM_UTC2";"Buy";"8901.0";"8818.5";"2020.03.03 16:30:00";"2020.03.03 16:36:00";"30.0";"-2475.00";"8818.50000";"8983.50000";"-70472.52";"0.00";"IST";"SL";"6m 0s";"-0.00"
"629";"USTEC_ICM_UTC2";"Buy";"8722.2";"8804.7";"2020.03.04 16:45:00";"2020.03.04 19:59:00";"30.0";"2475.00";"8639.70020";"8804.70020";"-67997.52";"0.00";"IST";"PT";"3h 14m";"-0.00"
"630";"USTEC_ICM_UTC2";"Buy";"8715.8";"8798.3";"2020.03.05 16:30:00";"2020.03.05 17:22:00";"30.0";"2475.00";"8633.29980";"8798.29980";"-65522.51";"0.00";"IST";"PT";"52m 0s";"-0.00"
"631";"USTEC_ICM_UTC2";"Buy";"8386.8";"8469.3";"2020.03.06 16:30:00";"2020.03.06 17:16:00";"30.0";"2475.00";"8304.29980";"8469.29980";"-63047.51";"0.00";"IST";"PT";"46m 0s";"-0.00"
"632";"USTEC_ICM_UTC2";"Buy";"8094.1";"8176.6";"2020.03.09 16:30:00";"2020.03.09 17:37:00";"30.0";"2475.00";"8011.60010";"8176.60010";"-60572.51";"0.00";"IST";"PT";"1h 7m";"-0.00"
"633";"USTEC_ICM_UTC2";"Buy";"8160.8";"8078.3";"2020.03.10 16:45:00";"2020.03.10 17:01:00";"30.0";"-2475.00";"8078.29980";"8243.29980";"-63047.51";"0.00";"IST";"SL";"16m 0s";"-0.00"
"634";"USTEC_ICM_UTC2";"Buy";"8141.8";"8059.3";"2020.03.11 16:30:00";"2020.03.11 18:42:00";"30.0";"-2475.00";"8059.29980";"8224.29980";"-65522.51";"0.00";"IST";"SL";"2h 12m";"-0.00"
"635";"USTEC_ICM_UTC2";"Buy";"7543.4";"7460.9";"2020.03.12 16:30:00";"2020.03.12 17:19:00";"30.0";"-2475.00";"7460.89990";"7625.89990";"-67997.52";"0.00";"IST";"SL";"49m 0s";"-0.00"
"636";"USTEC_ICM_UTC2";"Buy";"7391.2";"7473.7";"2020.03.13 18:30:00";"2020.03.13 18:33:00";"30.0";"2475.00";"7308.70020";"7473.70020";"-65522.51";"0.00";"IST";"PT";"3m 0s";"-0.00"
"637";"USTEC_ICM_UTC2";"Buy";"7461.9";"7379.4";"2020.03.16 17:45:00";"2020.03.16 18:51:00";"30.0";"-2475.00";"7379.39990";"7544.39990";"-67997.52";"0.00";"IST";"SL";"1h 6m";"-0.00"
"638";"USTEC_ICM_UTC2";"Buy";"7235.4";"7317.9";"2020.03.17 17:00:00";"2020.03.17 17:09:00";"30.0";"2475.00";"7152.89990";"7317.89990";"-65522.51";"0.00";"IST";"PT";"9m 0s";"-0.00"
"639";"USTEC_ICM_UTC2";"Buy";"7286.5";"7204.0";"2020.03.18 16:30:00";"2020.03.18 16:52:00";"30.0";"-2475.00";"7204.00000";"7369.00000";"-67997.52";"0.00";"IST";"SL";"22m 0s";"-0.00"
"640";"USTEC_ICM_UTC2";"Buy";"7427.2";"7344.7";"2020.03.20 16:45:00";"2020.03.20 17:21:00";"30.0";"-2475.00";"7344.70020";"7509.70020";"-70472.52";"0.00";"IST";"SL";"36m 0s";"-0.00"
"641";"USTEC_ICM_UTC2";"Buy";"7029.6";"6947.1";"2020.03.23 16:45:00";"2020.03.23 16:55:00";"30.0";"-2475.00";"6947.10010";"7112.10010";"-72947.52";"0.00";"IST";"SL";"10m 0s";"-0.00"
"642";"USTEC_ICM_UTC2";"Buy";"7318.3";"7400.8";"2020.03.24 20:15:00";"2020.03.24 20:35:00";"30.0";"2475.00";"7235.79980";"7400.79980";"-70472.52";"0.00";"IST";"PT";"20m 0s";"-0.00"
"643";"USTEC_ICM_UTC2";"Buy";"7518.1";"7600.6";"2020.03.25 17:15:00";"2020.03.25 18:22:00";"30.0";"2475.00";"7435.60010";"7600.60010";"-67997.52";"0.00";"IST";"PT";"1h 7m";"-0.00"
"644";"USTEC_ICM_UTC2";"Buy";"7647.2";"7729.7";"2020.03.27 17:45:00";"2020.03.27 19:41:00";"30.0";"2475.00";"7564.70020";"7729.70020";"-65522.51";"0.00";"IST";"PT";"1h 56m";"-0.00"
"645";"USTEC_ICM_UTC2";"Buy";"7679.9";"7762.4";"2020.03.30 16:30:00";"2020.03.30 17:15:00";"30.0";"2475.00";"7597.39990";"7762.39990";"-63047.51";"0.00";"IST";"PT";"45m 0s";"-0.00"
"646";"USTEC_ICM_UTC2";"Buy";"7861.8";"7944.3";"2020.03.31 16:30:00";"2020.03.31 17:14:00";"30.0";"2475.00";"7779.29980";"7944.29980";"-60572.51";"0.00";"IST";"PT";"44m 0s";"-0.00"
"647";"USTEC_ICM_UTC2";"Buy";"7639.2";"7556.7";"2020.04.01 17:15:00";"2020.04.01 19:38:00";"30.0";"-2475.00";"7556.70020";"7721.70020";"-63047.51";"0.00";"IST";"SL";"2h 23m";"-0.00"
"648";"USTEC_ICM_UTC2";"Buy";"7487.8";"7570.3";"2020.04.02 17:00:00";"2020.04.02 17:31:00";"30.0";"2475.00";"7405.29980";"7570.29980";"-60572.51";"0.00";"IST";"PT";"31m 0s";"-0.00"
"649";"USTEC_ICM_UTC2";"Buy";"7568.9";"7486.4";"2020.04.03 17:45:00";"2020.04.03 19:26:00";"30.0";"-2475.00";"7486.39990";"7651.39990";"-63047.51";"0.00";"IST";"SL";"1h 41m";"-0.00"
"650";"USTEC_ICM_UTC2";"Buy";"7865.7";"7948.2";"2020.04.06 18:00:00";"2020.04.06 20:00:00";"30.0";"2475.00";"7783.20020";"7948.20020";"-60572.51";"0.00";"IST";"PT";"2h 0m";"-0.00"
"651";"USTEC_ICM_UTC2";"Buy";"8139.6";"8222.1";"2020.04.07 17:30:00";"2020.04.07 19:05:00";"30.0";"2475.00";"8057.10010";"8222.09961";"-58097.51";"0.00";"IST";"PT";"1h 35m";"-0.00"
"652";"USTEC_ICM_UTC2";"Buy";"8171.7";"8254.2";"2020.04.08 19:00:00";"2020.04.09 09:59:00";"30.0";"2291.88";"8089.20020";"8254.20020";"-55805.63";"0.00";"IST";"PT";"14h 59m";"-183.12"
"653";"USTEC_ICM_UTC2";"Buy";"8295.8";"8213.3";"2020.04.09 16:30:00";"2020.04.09 17:17:00";"30.0";"-2475.00";"8213.29980";"8378.29980";"-58280.63";"0.00";"IST";"SL";"47m 0s";"-0.00"
"654";"USTEC_ICM_UTC2";"Buy";"8233.6";"8316.1";"2020.04.13 19:30:00";"2020.04.13 22:32:00";"30.0";"2475.00";"8151.10010";"8316.09961";"-55805.63";"0.00";"IST";"PT";"3h 2m";"-0.00"
"655";"USTEC_ICM_UTC2";"Buy";"8646.8";"8564.3";"2020.04.14 19:30:00";"2020.04.15 15:25:00";"30.0";"-2658.12";"8564.29980";"8729.29980";"-58463.75";"0.00";"IST";"SL";"19h 55m";"-183.12"
"656";"USTEC_ICM_UTC2";"Buy";"8532.2";"8614.7";"2020.04.15 17:00:00";"2020.04.15 21:14:00";"30.0";"2475.00";"8449.70020";"8614.70020";"-55988.75";"0.00";"IST";"PT";"4h 14m";"-0.00"
"657";"USTEC_ICM_UTC2";"Buy";"8681.6";"8764.1";"2020.04.16 16:45:00";"2020.04.16 18:25:00";"30.0";"2475.00";"8599.09961";"8764.09961";"-53513.75";"0.00";"IST";"PT";"1h 40m";"-0.00"
"658";"USTEC_ICM_UTC2";"Buy";"8857.8";"8775.3";"2020.04.17 16:30:00";"2020.04.17 16:41:00";"30.0";"-2475.00";"8775.29980";"8940.29980";"-55988.75";"0.00";"IST";"SL";"11m 0s";"-0.00"
"659";"USTEC_ICM_UTC2";"Buy";"8816.7";"8734.2";"2020.04.20 17:45:00";"2020.04.20 22:06:00";"30.0";"-2475.00";"8734.20020";"8899.20020";"-58463.75";"0.00";"IST";"SL";"4h 21m";"-0.00"
"660";"USTEC_ICM_UTC2";"Buy";"8417.1";"8499.6";"2020.04.21 19:00:00";"2020.04.21 21:10:00";"30.0";"2475.00";"8334.59961";"8499.59961";"-55988.75";"0.00";"IST";"PT";"2h 10m";"-0.00"
"661";"USTEC_ICM_UTC2";"Buy";"8687.4";"8769.9";"2020.04.23 16:30:00";"2020.04.23 17:30:00";"30.0";"2475.00";"8604.90039";"8769.90039";"-53513.75";"0.00";"IST";"PT";"1h 0m";"-0.00"
"662";"USTEC_ICM_UTC2";"Buy";"8651.3";"8733.8";"2020.04.24 18:00:00";"2020.04.24 21:00:00";"30.0";"2475.00";"8568.79980";"8733.79980";"-51038.75";"0.00";"IST";"PT";"3h 0m";"-0.00"
"663";"USTEC_ICM_UTC2";"Buy";"8838.3";"8920.8";"2020.04.27 19:15:00";"2020.04.28 12:21:00";"30.0";"2291.88";"8755.79980";"8920.79980";"-48746.88";"0.00";"IST";"PT";"17h 6m";"-183.12"
"664";"USTEC_ICM_UTC2";"Buy";"8915.2";"8832.7";"2020.04.28 16:30:00";"2020.04.28 17:00:00";"30.0";"-2475.00";"8832.70020";"8997.70020";"-51221.88";"0.00";"IST";"SL";"30m 0s";"-0.00"
"665";"USTEC_ICM_UTC2";"Buy";"8873.0";"8955.5";"2020.04.29 16:30:00";"2020.04.29 19:11:00";"30.0";"2475.00";"8790.50000";"8955.50000";"-48746.88";"0.00";"IST";"PT";"2h 41m";"-0.00"
"666";"USTEC_ICM_UTC2";"Buy";"9008.8";"8926.3";"2020.04.30 17:00:00";"2020.04.30 19:02:00";"30.0";"-2475.00";"8926.29980";"9091.29980";"-51221.88";"0.00";"IST";"SL";"2h 2m";"-0.00"
"667";"USTEC_ICM_UTC2";"Buy";"8861.7";"8779.2";"2020.05.01 17:15:00";"2020.05.01 18:32:00";"30.0";"-2475.00";"8779.20020";"8944.20020";"-53696.88";"0.00";"IST";"SL";"1h 17m";"-0.00"
"668";"USTEC_ICM_UTC2";"Buy";"8759.6";"8842.1";"2020.05.04 21:00:00";"2020.05.05 03:01:00";"30.0";"2291.88";"8677.09961";"8842.09961";"-51404.99";"0.00";"IST";"PT";"6h 1m";"-183.12"
"669";"USTEC_ICM_UTC2";"Buy";"8999.2";"9081.7";"2020.05.06 16:30:00";"2020.05.07 10:15:00";"30.0";"2291.88";"8916.70020";"9081.70020";"-49113.11";"0.00";"IST";"PT";"17h 45m";"-183.12"
"670";"USTEC_ICM_UTC2";"Buy";"9110.1";"9192.6";"2020.05.07 19:15:00";"2020.05.08 04:07:00";"30.0";"2291.88";"9027.59961";"9192.59961";"-46821.23";"0.00";"IST";"PT";"8h 52m";"-183.12"
"671";"USTEC_ICM_UTC2";"Buy";"9166.5";"9221.3";"2020.05.08 16:30:00";"2020.05.08 22:55:00";"30.0";"1644.00";"9084.00000";"9249.00000";"-45177.23";"0.00";"IST";"End Of Friday (Time)";"6h 25m";"-0.00"
"672";"USTEC_ICM_UTC2";"Buy";"9164.6";"9247.1";"2020.05.11 16:30:00";"2020.05.11 17:06:00";"30.0";"2475.00";"9082.09961";"9247.09961";"-42702.23";"0.00";"IST";"PT";"36m 0s";"-0.00"
"673";"USTEC_ICM_UTC2";"Buy";"9319.3";"9236.8";"2020.05.12 18:00:00";"2020.05.12 22:19:00";"30.0";"-2475.00";"9236.79980";"9401.79980";"-45177.23";"0.00";"IST";"SL";"4h 19m";"-0.00"
"674";"USTEC_ICM_UTC2";"Buy";"9189.0";"9106.5";"2020.05.13 17:45:00";"2020.05.13 18:21:00";"30.0";"-2475.00";"9106.50000";"9271.50000";"-47652.23";"0.00";"IST";"SL";"36m 0s";"-0.00"
"675";"USTEC_ICM_UTC2";"Buy";"8941.6";"8859.1";"2020.05.14 16:30:00";"2020.05.14 17:29:00";"30.0";"-2475.00";"8859.09961";"9024.09961";"-50127.23";"0.00";"IST";"SL";"59m 0s";"-0.00"
"676";"USTEC_ICM_UTC2";"Buy";"9011.2";"9093.7";"2020.05.15 16:45:00";"2020.05.15 20:10:00";"30.0";"2475.00";"8928.70020";"9093.70020";"-47652.23";"0.00";"IST";"PT";"3h 25m";"-0.00"
"677";"USTEC_ICM_UTC2";"Buy";"9334.5";"9417.0";"2020.05.18 18:15:00";"2020.05.19 09:58:00";"30.0";"2291.88";"9252.00000";"9417.00000";"-45360.36";"0.00";"IST";"PT";"15h 43m";"-183.12"
"678";"USTEC_ICM_UTC2";"Buy";"9388.4";"9305.9";"2020.05.21 18:30:00";"2020.05.22 06:26:00";"30.0";"-2658.12";"9305.90039";"9470.90039";"-48018.47";"0.00";"IST";"SL";"11h 56m";"-183.12"
"679";"USTEC_ICM_UTC2";"Buy";"9352.5";"9406.7";"2020.05.22 18:00:00";"2020.05.22 22:55:00";"30.0";"1626.00";"9270.00000";"9435.00000";"-46392.47";"0.00";"IST";"End Of Friday (Time)";"4h 55m";"-0.00"
"680";"USTEC_ICM_UTC2";"Buy";"9544.5";"9462.0";"2020.05.26 16:45:00";"2020.05.26 18:26:00";"30.0";"-2475.00";"9462.00000";"9627.00000";"-48867.47";"0.00";"IST";"SL";"1h 41m";"-0.00"
"681";"USTEC_ICM_UTC2";"Buy";"9228.1";"9310.6";"2020.05.27 17:45:00";"2020.05.27 19:08:00";"30.0";"2475.00";"9145.59961";"9310.59961";"-46392.47";"0.00";"IST";"PT";"1h 23m";"-0.00"
"682";"USTEC_ICM_UTC2";"Buy";"9386.6";"9469.1";"2020.05.28 16:30:00";"2020.05.28 17:08:00";"30.0";"2475.00";"9304.09961";"9469.09961";"-43917.47";"0.00";"IST";"PT";"38m 0s";"-0.00"
"683";"USTEC_ICM_UTC2";"Buy";"9411.3";"9493.8";"2020.05.29 17:30:00";"2020.05.29 21:27:00";"30.0";"2475.00";"9328.79980";"9493.79980";"-41442.47";"0.00";"IST";"PT";"3h 57m";"-0.00"
"684";"USTEC_ICM_UTC2";"Buy";"9571.9";"9654.4";"2020.06.01 17:15:00";"2020.06.02 12:27:00";"30.0";"2291.88";"9489.40039";"9654.40039";"-39150.59";"0.00";"IST";"PT";"19h 12m";"-183.12"
"685";"USTEC_ICM_UTC2";"Buy";"9559.4";"9641.9";"2020.06.02 18:00:00";"2020.06.02 22:50:00";"30.0";"2475.00";"9476.90039";"9641.90039";"-36675.59";"0.00";"IST";"PT";"4h 50m";"-0.00"
"686";"USTEC_ICM_UTC2";"Buy";"9687.3";"9604.8";"2020.06.03 16:45:00";"2020.06.04 21:58:00";"30.0";"-2658.12";"9604.79980";"9769.79980";"-39333.71";"0.00";"IST";"SL";"1d 5h 13m";"-183.12"
"687";"USTEC_ICM_UTC2";"Buy";"9673.1";"9755.6";"2020.06.05 16:30:00";"2020.06.05 16:44:00";"30.0";"2475.00";"9590.59961";"9755.59961";"-36858.71";"0.00";"IST";"PT";"14m 0s";"-0.00"
"688";"USTEC_ICM_UTC2";"Buy";"9810.8";"9893.3";"2020.06.08 16:30:00";"2020.06.08 22:50:00";"30.0";"2475.00";"9728.29980";"9893.29980";"-34383.71";"0.00";"IST";"PT";"6h 20m";"-0.00"
"689";"USTEC_ICM_UTC2";"Buy";"9992.5";"10075.0";"2020.06.09 22:45:00";"2020.06.10 17:08:00";"30.0";"2291.88";"9910.00000";"10075.00000";"-32091.83";"0.00";"IST";"PT";"18h 23m";"-183.12"
"690";"USTEC_ICM_UTC2";"Buy";"10062.6";"10145.1";"2020.06.10 18:45:00";"2020.06.10 21:29:00";"30.0";"2475.00";"9980.09961";"10145.09961";"-29616.83";"0.00";"IST";"PT";"2h 44m";"-0.00"
"691";"USTEC_ICM_UTC2";"Buy";"9926.8";"9844.3";"2020.06.11 16:30:00";"2020.06.11 19:06:00";"30.0";"-2475.00";"9844.29980";"10009.29980";"-32091.83";"0.00";"IST";"SL";"2h 36m";"-0.00"
"692";"USTEC_ICM_UTC2";"Buy";"9797.2";"9714.7";"2020.06.12 16:30:00";"2020.06.12 17:50:00";"30.0";"-2475.00";"9714.70020";"9879.70020";"-34566.84";"0.00";"IST";"SL";"1h 20m";"-0.00"
"693";"USTEC_ICM_UTC2";"Buy";"9583.6";"9666.1";"2020.06.15 17:45:00";"2020.06.15 19:07:00";"30.0";"2475.00";"9501.09961";"9666.09961";"-32091.83";"0.00";"IST";"PT";"1h 22m";"-0.00"
"694";"USTEC_ICM_UTC2";"Buy";"9938.2";"10020.7";"2020.06.16 19:00:00";"2020.06.17 10:27:00";"30.0";"2291.88";"9855.70020";"10020.70020";"-29799.96";"0.00";"IST";"PT";"15h 27m";"-183.12"
"695";"USTEC_ICM_UTC2";"Buy";"10005.4";"9922.9";"2020.06.17 18:15:00";"2020.06.18 04:22:00";"30.0";"-2658.12";"9922.90039";"10087.90039";"-32458.07";"0.00";"IST";"SL";"10h 7m";"-183.12"
"696";"USTEC_ICM_UTC2";"Buy";"9985.1";"10067.6";"2020.06.18 18:45:00";"2020.06.19 09:22:00";"30.0";"2291.88";"9902.59961";"10067.59961";"-30166.20";"0.00";"IST";"PT";"14h 37m";"-183.12"
"697";"USTEC_ICM_UTC2";"Buy";"10022.8";"9940.3";"2020.06.19 20:15:00";"2020.06.19 21:17:00";"30.0";"-2475.00";"9940.29980";"10105.29980";"-32641.20";"0.00";"IST";"SL";"1h 2m";"-0.00"
"698";"USTEC_ICM_UTC2";"Buy";"10056.9";"10139.4";"2020.06.22 17:45:00";"2020.06.22 23:08:00";"30.0";"2475.00";"9974.40039";"10139.40039";"-30166.20";"0.00";"IST";"PT";"5h 23m";"-0.00"
"699";"USTEC_ICM_UTC2";"Buy";"10004.7";"9922.2";"2020.06.24 19:30:00";"2020.06.25 10:16:00";"30.0";"-2658.12";"9922.20020";"10087.20020";"-32824.32";"0.00";"IST";"SL";"14h 46m";"-183.12"
"700";"USTEC_ICM_UTC2";"Buy";"10004.3";"10086.8";"2020.06.25 18:00:00";"2020.06.25 22:33:00";"30.0";"2475.00";"9921.79980";"10086.79980";"-30349.31";"0.00";"IST";"PT";"4h 33m";"-0.00"
"701";"USTEC_ICM_UTC2";"Buy";"9942.2";"9859.7";"2020.06.26 17:30:00";"2020.06.26 22:35:00";"30.0";"-2475.00";"9859.70020";"10024.70020";"-32824.32";"0.00";"IST";"SL";"5h 5m";"-0.00"
"702";"USTEC_ICM_UTC2";"Buy";"9853.7";"9936.2";"2020.06.29 17:30:00";"2020.06.29 19:35:00";"30.0";"2475.00";"9771.20020";"9936.20020";"-30349.31";"0.00";"IST";"PT";"2h 5m";"-0.00"
"703";"USTEC_ICM_UTC2";"Buy";"10044.6";"10127.1";"2020.06.30 17:15:00";"2020.06.30 22:34:00";"30.0";"2475.00";"9962.09961";"10127.09961";"-27874.31";"0.00";"IST";"PT";"5h 19m";"-0.00"
"704";"USTEC_ICM_UTC2";"Buy";"10161.2";"10243.7";"2020.07.01 16:30:00";"2020.07.01 18:14:00";"30.0";"2475.00";"10078.70020";"10243.70020";"-25399.31";"0.00";"IST";"PT";"1h 44m";"-0.00"
"705";"USTEC_ICM_UTC2";"Buy";"10391.2";"10473.7";"2020.07.02 19:15:00";"2020.07.06 04:42:00";"30.0";"1742.52";"10308.70020";"10473.70020";"-23656.79";"0.00";"IST";"PT";"3d 9h 27m";"-732.48"
"706";"USTEC_ICM_UTC2";"Buy";"10561.8";"10644.3";"2020.07.06 17:45:00";"2020.07.07 02:15:00";"30.0";"2291.88";"10479.29980";"10644.29980";"-21364.91";"0.00";"IST";"PT";"8h 30m";"-183.12"
"707";"USTEC_ICM_UTC2";"Buy";"10632.1";"10549.6";"2020.07.07 20:30:00";"2020.07.07 22:50:00";"30.0";"-2475.00";"10549.59961";"10714.59961";"-23839.91";"0.00";"IST";"SL";"2h 20m";"-0.00"
"708";"USTEC_ICM_UTC2";"Buy";"10628.1";"10545.6";"2020.07.08 17:45:00";"2020.07.08 18:20:00";"30.0";"-2475.00";"10545.59961";"10710.59961";"-26314.91";"0.00";"IST";"SL";"35m 0s";"-0.00"
"709";"USTEC_ICM_UTC2";"Buy";"10610.9";"10693.4";"2020.07.09 18:45:00";"2020.07.09 19:46:00";"30.0";"2475.00";"10528.40039";"10693.40039";"-23839.91";"0.00";"IST";"PT";"1h 1m";"-0.00"
"710";"USTEC_ICM_UTC2";"Buy";"10709.0";"10791.5";"2020.07.10 16:45:00";"2020.07.10 21:46:00";"30.0";"2475.00";"10626.50000";"10791.50000";"-21364.91";"0.00";"IST";"PT";"5h 1m";"-0.00"
"711";"USTEC_ICM_UTC2";"Buy";"10986.8";"10904.3";"2020.07.13 20:45:00";"2020.07.13 21:07:00";"30.0";"-2475.00";"10904.29980";"11069.29980";"-23839.91";"0.00";"IST";"SL";"22m 0s";"-0.00"
"712";"USTEC_ICM_UTC2";"Buy";"10487.5";"10405.0";"2020.07.14 17:00:00";"2020.07.14 17:11:00";"30.0";"-2475.00";"10405.00000";"10570.00000";"-26314.91";"0.00";"IST";"SL";"11m 0s";"-0.00"
"713";"USTEC_ICM_UTC2";"Buy";"10761.1";"10678.6";"2020.07.15 17:45:00";"2020.07.15 18:03:00";"30.0";"-2475.00";"10678.59961";"10843.59961";"-28789.91";"0.00";"IST";"SL";"18m 0s";"-0.00"
"714";"USTEC_ICM_UTC2";"Buy";"10629.8";"10637.3";"2020.07.17 18:30:00";"2020.07.17 22:55:00";"30.0";"225.00";"10547.29980";"10712.29980";"-28564.91";"0.00";"IST";"End Of Friday (Time)";"4h 25m";"-0.00"
"715";"USTEC_ICM_UTC2";"Buy";"10769.3";"10851.8";"2020.07.20 18:00:00";"2020.07.20 20:24:00";"30.0";"2475.00";"10686.79980";"10851.79980";"-26089.91";"0.00";"IST";"PT";"2h 24m";"-0.00"
"716";"USTEC_ICM_UTC2";"Buy";"10914.8";"10832.3";"2020.07.21 17:30:00";"2020.07.21 22:34:00";"30.0";"-2475.00";"10832.29980";"10997.29980";"-28564.91";"0.00";"IST";"SL";"5h 4m";"-0.00"
"717";"USTEC_ICM_UTC2";"Buy";"10845.7";"10928.2";"2020.07.22 19:00:00";"2020.07.23 09:47:00";"30.0";"2291.88";"10763.20020";"10928.20020";"-26273.04";"0.00";"IST";"PT";"14h 47m";"-183.12"
"718";"USTEC_ICM_UTC2";"Buy";"10852.4";"10769.9";"2020.07.23 16:45:00";"2020.07.23 19:03:00";"30.0";"-2475.00";"10769.90039";"10934.90039";"-28748.04";"0.00";"IST";"SL";"2h 18m";"-0.00"
"719";"USTEC_ICM_UTC2";"Buy";"10444.6";"10527.1";"2020.07.24 17:45:00";"2020.07.24 18:25:00";"30.0";"2475.00";"10362.09961";"10527.09961";"-26273.04";"0.00";"IST";"PT";"40m 0s";"-0.00"
"720";"USTEC_ICM_UTC2";"Buy";"10634.4";"10551.9";"2020.07.27 17:00:00";"2020.07.27 18:28:00";"30.0";"-2475.00";"10551.90039";"10716.90039";"-28748.04";"0.00";"IST";"SL";"1h 28m";"-0.00"
"721";"USTEC_ICM_UTC2";"Buy";"10636.8";"10554.3";"2020.07.28 18:00:00";"2020.07.28 22:34:00";"30.0";"-2475.00";"10554.29980";"10719.29980";"-31223.04";"0.00";"IST";"SL";"4h 34m";"-0.00"
"722";"USTEC_ICM_UTC2";"Buy";"10651.0";"10568.5";"2020.07.29 18:00:00";"2020.07.30 10:32:00";"30.0";"-2658.12";"10568.50000";"10733.50000";"-33881.16";"0.00";"IST";"SL";"16h 32m";"-183.12"
"723";"USTEC_ICM_UTC2";"Buy";"10562.3";"10644.8";"2020.07.30 17:15:00";"2020.07.30 18:33:00";"30.0";"2475.00";"10479.79980";"10644.79980";"-31406.15";"0.00";"IST";"PT";"1h 18m";"-0.00"
"724";"USTEC_ICM_UTC2";"Buy";"10825.8";"10743.3";"2020.07.31 18:15:00";"2020.07.31 19:34:00";"30.0";"-2475.00";"10743.29980";"10908.29980";"-33881.16";"0.00";"IST";"SL";"1h 19m";"-0.00"
"725";"USTEC_ICM_UTC2";"Buy";"11060.0";"11142.5";"2020.08.03 19:15:00";"2020.08.05 10:11:00";"30.0";"2108.76";"10977.50000";"11142.50000";"-31772.39";"0.00";"IST";"PT";"1d 14h 56m";"-366.24"
"726";"USTEC_ICM_UTC2";"Buy";"11124.1";"11206.6";"2020.08.05 17:00:00";"2020.08.06 20:51:00";"30.0";"2291.88";"11041.59961";"11206.59961";"-29480.52";"0.00";"IST";"PT";"1d 3h 51m";"-183.12"
"727";"USTEC_ICM_UTC2";"Buy";"11257.0";"11174.5";"2020.08.07 17:00:00";"2020.08.07 19:00:00";"30.0";"-2475.00";"11174.50000";"11339.50000";"-31955.52";"0.00";"IST";"SL";"2h 0m";"-0.00"
"728";"USTEC_ICM_UTC2";"Buy";"11008.9";"11091.4";"2020.08.10 18:45:00";"2020.08.10 19:55:00";"30.0";"2475.00";"10926.40039";"11091.40039";"-29480.52";"0.00";"IST";"PT";"1h 10m";"-0.00"
"729";"USTEC_ICM_UTC2";"Buy";"11016.2";"10933.7";"2020.08.11 17:00:00";"2020.08.11 22:18:00";"30.0";"-2475.00";"10933.70020";"11098.70020";"-31955.52";"0.00";"IST";"SL";"5h 18m";"-0.00"
"730";"USTEC_ICM_UTC2";"Buy";"11071.8";"11154.3";"2020.08.12 17:00:00";"2020.08.12 19:06:00";"30.0";"2475.00";"10989.29980";"11154.29980";"-29480.52";"0.00";"IST";"PT";"2h 6m";"-0.00"
"731";"USTEC_ICM_UTC2";"Buy";"11190.5";"11108.0";"2020.08.13 22:45:00";"2020.08.14 17:29:00";"30.0";"-2658.12";"11108.00000";"11273.00000";"-32138.63";"0.00";"IST";"SL";"18h 44m";"-183.12"
"732";"USTEC_ICM_UTC2";"Buy";"11140.0";"11166.2";"2020.08.14 18:15:00";"2020.08.14 22:55:00";"30.0";"786.00";"11057.50000";"11222.50000";"-31352.63";"0.00";"IST";"End Of Friday (Time)";"4h 40m";"-0.00"
"733";"USTEC_ICM_UTC2";"Buy";"11278.8";"11361.3";"2020.08.17 20:00:00";"2020.08.18 16:37:00";"30.0";"2291.88";"11196.29980";"11361.29980";"-29060.76";"0.00";"IST";"PT";"20h 37m";"-183.12"
"734";"USTEC_ICM_UTC2";"Buy";"11351.4";"11433.9";"2020.08.18 18:15:00";"2020.08.19 18:59:00";"30.0";"2291.88";"11268.90039";"11433.90039";"-26768.88";"0.00";"IST";"PT";"1d 0h 44m";"-183.12"
"735";"USTEC_ICM_UTC2";"Buy";"11425.5";"11343.0";"2020.08.19 19:30:00";"2020.08.19 21:20:00";"30.0";"-2475.00";"11343.00000";"11508.00000";"-29243.88";"0.00";"IST";"SL";"1h 50m";"-0.00"
"736";"USTEC_ICM_UTC2";"Buy";"11364.2";"11446.7";"2020.08.20 17:15:00";"2020.08.20 21:20:00";"30.0";"2475.00";"11281.70020";"11446.70020";"-26768.88";"0.00";"IST";"PT";"4h 5m";"-0.00"
"737";"USTEC_ICM_UTC2";"Buy";"11544.2";"11557.1";"2020.08.21 19:45:00";"2020.08.21 22:55:00";"30.0";"386.97";"11461.70020";"11626.70020";"-26381.91";"0.00";"IST";"End Of Friday (Time)";"3h 10m";"-0.00"
"738";"USTEC_ICM_UTC2";"Buy";"11616.8";"11699.3";"2020.08.24 18:45:00";"2020.08.25 21:35:00";"30.0";"2291.88";"11534.29980";"11699.29980";"-24090.03";"0.00";"IST";"PT";"1d 2h 50m";"-183.12"
"739";"USTEC_ICM_UTC2";"Buy";"11772.8";"11855.3";"2020.08.26 16:30:00";"2020.08.26 18:03:00";"30.0";"2475.00";"11690.29980";"11855.29980";"-21615.03";"0.00";"IST";"PT";"1h 33m";"-0.00"
"740";"USTEC_ICM_UTC2";"Buy";"12006.9";"11924.4";"2020.08.27 18:30:00";"2020.08.27 19:38:00";"30.0";"-2475.00";"11924.40039";"12089.40039";"-24090.03";"0.00";"IST";"SL";"1h 8m";"-0.00"
"741";"USTEC_ICM_UTC2";"Buy";"11994.2";"11988.1";"2020.08.28 19:15:00";"2020.08.28 22:55:00";"30.0";"-183.03";"11911.70020";"12076.70020";"-24273.06";"0.00";"IST";"End Of Friday (Time)";"3h 40m";"-0.00"
"742";"USTEC_ICM_UTC2";"Buy";"12046.3";"12128.8";"2020.08.31 17:15:00";"2020.08.31 20:24:00";"30.0";"2475.00";"11963.79980";"12128.79980";"-21798.06";"0.00";"IST";"PT";"3h 9m";"-0.00"
"743";"USTEC_ICM_UTC2";"Buy";"12204.9";"12287.4";"2020.09.01 17:00:00";"2020.09.01 22:58:00";"30.0";"2475.00";"12122.40039";"12287.40039";"-19323.06";"0.00";"IST";"PT";"5h 58m";"-0.00"
"744";"USTEC_ICM_UTC2";"Buy";"12307.4";"12224.9";"2020.09.02 17:45:00";"2020.09.02 18:36:00";"30.0";"-2475.00";"12224.90039";"12389.90039";"-21798.06";"0.00";"IST";"SL";"51m 0s";"-0.00"
"745";"USTEC_ICM_UTC2";"Buy";"12225.4";"12142.9";"2020.09.03 16:30:00";"2020.09.03 16:43:00";"30.0";"-2475.00";"12142.90039";"12307.90039";"-24273.06";"0.00";"IST";"SL";"13m 0s";"-0.00"
"746";"USTEC_ICM_UTC2";"Buy";"11698.1";"11615.6";"2020.09.04 16:45:00";"2020.09.04 16:47:00";"30.0";"-2475.00";"11615.59961";"11780.59961";"-26748.06";"0.00";"IST";"SL";"2m 0s";"-0.00"
"747";"USTEC_ICM_UTC2";"Buy";"11159.3";"11241.8";"2020.09.08 16:30:00";"2020.09.08 16:36:00";"30.0";"2475.00";"11076.79980";"11241.79980";"-24273.06";"0.00";"IST";"PT";"6m 0s";"-0.00"
"748";"USTEC_ICM_UTC2";"Buy";"11264.2";"11346.7";"2020.09.09 16:45:00";"2020.09.09 17:27:00";"30.0";"2475.00";"11181.70020";"11346.70020";"-21798.06";"0.00";"IST";"PT";"42m 0s";"-0.00"
"749";"USTEC_ICM_UTC2";"Buy";"11438.0";"11355.5";"2020.09.10 19:00:00";"2020.09.10 19:35:00";"30.0";"-2475.00";"11355.50000";"11520.50000";"-24273.06";"0.00";"IST";"SL";"35m 0s";"-0.00"
"750";"USTEC_ICM_UTC2";"Buy";"11203.2";"11120.7";"2020.09.11 16:45:00";"2020.09.11 17:10:00";"30.0";"-2475.00";"11120.70020";"11285.70020";"-26748.06";"0.00";"IST";"SL";"25m 0s";"-0.00"
"751";"USTEC_ICM_UTC2";"Buy";"11358.9";"11276.4";"2020.09.14 17:30:00";"2020.09.14 19:54:00";"30.0";"-2475.00";"11276.40039";"11441.40039";"-29223.06";"0.00";"IST";"SL";"2h 24m";"-0.00"
"752";"USTEC_ICM_UTC2";"Buy";"11460.9";"11378.4";"2020.09.15 18:45:00";"2020.09.15 22:37:00";"30.0";"-2475.00";"11378.40039";"11543.40039";"-31698.06";"0.00";"IST";"SL";"3h 52m";"-0.00"
"753";"USTEC_ICM_UTC2";"Buy";"11427.6";"11345.1";"2020.09.16 17:30:00";"2020.09.16 20:26:00";"30.0";"-2475.00";"11345.09961";"11510.09961";"-34173.05";"0.00";"IST";"SL";"2h 56m";"-0.00"
"754";"USTEC_ICM_UTC2";"Buy";"11077.8";"11160.3";"2020.09.17 17:00:00";"2020.09.17 18:15:00";"30.0";"2475.00";"10995.29980";"11160.29980";"-31698.06";"0.00";"IST";"PT";"1h 15m";"-0.00"
"755";"USTEC_ICM_UTC2";"Buy";"10920.2";"10837.7";"2020.09.18 18:45:00";"2020.09.18 20:09:00";"30.0";"-2475.00";"10837.70020";"11002.70020";"-34173.05";"0.00";"IST";"SL";"1h 24m";"-0.00"
"756";"USTEC_ICM_UTC2";"Buy";"10760.2";"10842.7";"2020.09.21 18:45:00";"2020.09.21 19:04:00";"30.0";"2475.00";"10677.70020";"10842.70020";"-31698.06";"0.00";"IST";"PT";"19m 0s";"-0.00"
"757";"USTEC_ICM_UTC2";"Buy";"10963.1";"11045.6";"2020.09.22 18:00:00";"2020.09.22 19:02:00";"30.0";"2475.00";"10880.59961";"11045.59961";"-29223.06";"0.00";"IST";"PT";"1h 2m";"-0.00"
"758";"USTEC_ICM_UTC2";"Buy";"11082.6";"11000.1";"2020.09.23 18:00:00";"2020.09.23 19:00:00";"30.0";"-2475.00";"11000.09961";"11165.09961";"-31698.06";"0.00";"IST";"SL";"1h 0m";"-0.00"
"759";"USTEC_ICM_UTC2";"Buy";"10738.1";"10820.6";"2020.09.24 16:30:00";"2020.09.24 16:46:00";"30.0";"2475.00";"10655.59961";"10820.59961";"-29223.06";"0.00";"IST";"PT";"16m 0s";"-0.00"
"760";"USTEC_ICM_UTC2";"Buy";"10984.8";"11067.3";"2020.09.25 18:00:00";"2020.09.25 20:44:00";"30.0";"2475.00";"10902.29980";"11067.29980";"-26748.06";"0.00";"IST";"PT";"2h 44m";"-0.00"
"761";"USTEC_ICM_UTC2";"Buy";"11256.9";"11339.4";"2020.09.28 18:00:00";"2020.09.28 20:34:00";"30.0";"2475.00";"11174.40039";"11339.40039";"-24273.06";"0.00";"IST";"PT";"2h 34m";"-0.00"
"762";"USTEC_ICM_UTC2";"Buy";"11336.7";"11419.2";"2020.09.29 19:00:00";"2020.09.30 05:16:00";"30.0";"2291.88";"11254.20020";"11419.20020";"-21981.18";"0.00";"IST";"PT";"10h 16m";"-183.12"
"763";"USTEC_ICM_UTC2";"Buy";"11509.7";"11427.2";"2020.09.30 21:00:00";"2020.09.30 21:44:00";"30.0";"-2475.00";"11427.20020";"11592.20020";"-24456.18";"0.00";"IST";"SL";"44m 0s";"-0.00"
"764";"USTEC_ICM_UTC2";"Buy";"11508.6";"11591.1";"2020.10.01 18:15:00";"2020.10.01 21:51:00";"30.0";"2475.00";"11426.09961";"11591.09961";"-21981.18";"0.00";"IST";"PT";"3h 36m";"-0.00"
"765";"USTEC_ICM_UTC2";"Buy";"11407.3";"11324.8";"2020.10.02 17:45:00";"2020.10.02 18:41:00";"30.0";"-2475.00";"11324.79980";"11489.79980";"-24456.18";"0.00";"IST";"SL";"56m 0s";"-0.00"
"766";"USTEC_ICM_UTC2";"Buy";"11371.6";"11454.1";"2020.10.05 16:45:00";"2020.10.05 19:11:00";"30.0";"2475.00";"11289.09961";"11454.09961";"-21981.18";"0.00";"IST";"PT";"2h 26m";"-0.00"
"767";"USTEC_ICM_UTC2";"Buy";"11434.1";"11516.6";"2020.10.06 19:15:00";"2020.10.06 21:43:00";"30.0";"2475.00";"11351.59961";"11516.59961";"-19506.18";"0.00";"IST";"PT";"2h 28m";"-0.00"
"768";"USTEC_ICM_UTC2";"Buy";"11443.5";"11526.0";"2020.10.07 18:30:00";"2020.10.08 04:55:00";"30.0";"2291.88";"11361.00000";"11526.00000";"-17214.30";"0.00";"IST";"PT";"10h 25m";"-183.12"
"769";"USTEC_ICM_UTC2";"Buy";"11568.9";"11651.4";"2020.10.08 19:15:00";"2020.10.09 16:52:00";"30.0";"2291.88";"11486.40039";"11651.40039";"-14922.42";"0.00";"IST";"PT";"21h 37m";"-183.12"
"770";"USTEC_ICM_UTC2";"Buy";"11708.5";"11713.5";"2020.10.09 22:45:00";"2020.10.09 22:55:00";"30.0";"150.00";"11626.00000";"11791.00000";"-14772.42";"0.00";"IST";"End Of Friday (Time)";"10m 0s";"-0.00"
"771";"USTEC_ICM_UTC2";"Buy";"11948.2";"12030.7";"2020.10.12 17:45:00";"2020.10.12 18:33:00";"30.0";"2475.00";"11865.70020";"12030.70020";"-12297.42";"0.00";"IST";"PT";"48m 0s";"-0.00"
"772";"USTEC_ICM_UTC2";"Buy";"12101.7";"12184.2";"2020.10.13 17:00:00";"2020.10.13 18:32:00";"30.0";"2475.00";"12019.20020";"12184.20020";"-9822.42";"0.00";"IST";"PT";"1h 32m";"-0.00"
"773";"USTEC_ICM_UTC2";"Buy";"12066.0";"11983.5";"2020.10.14 18:30:00";"2020.10.14 18:58:00";"30.0";"-2475.00";"11983.50000";"12148.50000";"-12297.42";"0.00";"IST";"SL";"28m 0s";"-0.00"
"774";"USTEC_ICM_UTC2";"Buy";"11803.1";"11885.6";"2020.10.15 17:30:00";"2020.10.15 22:16:00";"30.0";"2475.00";"11720.59961";"11885.59961";"-9822.42";"0.00";"IST";"PT";"4h 46m";"-0.00"
"775";"USTEC_ICM_UTC2";"Buy";"11936.1";"11857.2";"2020.10.16 19:30:00";"2020.10.16 22:55:00";"30.0";"-2366.97";"11853.59961";"12018.59961";"-12189.39";"0.00";"IST";"End Of Friday (Time)";"3h 25m";"-0.00"
"776";"USTEC_ICM_UTC2";"Buy";"11954.6";"11872.1";"2020.10.19 16:45:00";"2020.10.19 17:00:00";"30.0";"-2475.00";"11872.09961";"12037.09961";"-14664.39";"0.00";"IST";"SL";"15m 0s";"-0.00"
"777";"USTEC_ICM_UTC2";"Buy";"11694.8";"11777.3";"2020.10.20 19:00:00";"2020.10.20 20:24:00";"30.0";"2475.00";"11612.29980";"11777.29980";"-12189.39";"0.00";"IST";"PT";"1h 24m";"-0.00"
"778";"USTEC_ICM_UTC2";"Buy";"11680.4";"11762.9";"2020.10.21 16:30:00";"2020.10.21 16:48:00";"30.0";"2475.00";"11597.90039";"11762.90039";"-9714.39";"0.00";"IST";"PT";"18m 0s";"-0.00"
"779";"USTEC_ICM_UTC2";"Buy";"11616.8";"11699.3";"2020.10.22 18:30:00";"2020.10.23 15:18:00";"30.0";"2291.88";"11534.29980";"11699.29980";"-7422.51";"0.00";"IST";"PT";"20h 48m";"-183.12"
"780";"USTEC_ICM_UTC2";"Buy";"11616.1";"11683.9";"2020.10.23 18:00:00";"2020.10.23 22:55:00";"30.0";"2034.03";"11533.59961";"11698.59961";"-5388.48";"0.00";"IST";"End Of Friday (Time)";"4h 55m";"-0.00"
"781";"USTEC_ICM_UTC2";"Buy";"11498.2";"11415.7";"2020.10.26 18:30:00";"2020.10.26 19:02:00";"30.0";"-2475.00";"11415.70020";"11580.70020";"-7863.48";"0.00";"IST";"SL";"32m 0s";"-0.00"
"782";"USTEC_ICM_UTC2";"Buy";"11571.6";"11489.1";"2020.10.27 17:30:00";"2020.10.28 10:16:00";"30.0";"-2658.12";"11489.09961";"11654.09961";"-10521.60";"0.00";"IST";"SL";"16h 46m";"-183.12"
"783";"USTEC_ICM_UTC2";"Buy";"11267.3";"11184.8";"2020.10.28 17:15:00";"2020.10.28 19:13:00";"30.0";"-2475.00";"11184.79980";"11349.79980";"-12996.60";"0.00";"IST";"SL";"1h 58m";"-0.00"
"784";"USTEC_ICM_UTC2";"Buy";"11337.4";"11419.9";"2020.10.29 19:15:00";"2020.10.29 20:13:00";"30.0";"2475.00";"11254.90039";"11419.90039";"-10521.60";"0.00";"IST";"PT";"58m 0s";"-0.00"
"785";"USTEC_ICM_UTC2";"Buy";"11025.7";"11108.2";"2020.10.30 17:45:00";"2020.10.30 18:27:00";"30.0";"2475.00";"10943.20020";"11108.20020";"-8046.60";"0.00";"IST";"PT";"42m 0s";"-0.00"
"786";"USTEC_ICM_UTC2";"Buy";"11199.7";"11117.2";"2020.11.02 17:15:00";"2020.11.02 18:12:00";"30.0";"-2475.00";"11117.20020";"11282.20020";"-10521.60";"0.00";"IST";"SL";"57m 0s";"-0.00"
"787";"USTEC_ICM_UTC2";"Buy";"11346.8";"11264.3";"2020.11.03 18:00:00";"2020.11.03 20:52:00";"30.0";"-2475.00";"11264.29980";"11429.29980";"-12996.60";"0.00";"IST";"SL";"2h 52m";"-0.00"
"788";"USTEC_ICM_UTC2";"Buy";"11738.3";"11820.8";"2020.11.04 17:45:00";"2020.11.04 19:01:00";"30.0";"2475.00";"11655.79980";"11820.79980";"-10521.60";"0.00";"IST";"PT";"1h 16m";"-0.00"
"789";"USTEC_ICM_UTC2";"Buy";"12029.1";"12111.6";"2020.11.05 17:30:00";"2020.11.05 21:43:00";"30.0";"2475.00";"11946.59961";"12111.59961";"-8046.60";"0.00";"IST";"PT";"4h 13m";"-0.00"
"790";"USTEC_ICM_UTC2";"Buy";"11976.9";"12059.4";"2020.11.06 18:00:00";"2020.11.06 18:42:00";"30.0";"2475.00";"11894.40039";"12059.40039";"-5571.60";"0.00";"IST";"PT";"42m 0s";"-0.00"
"791";"USTEC_ICM_UTC2";"Buy";"12189.5";"12107.0";"2020.11.09 17:45:00";"2020.11.09 18:04:00";"30.0";"-2475.00";"12107.00000";"12272.00000";"-8046.60";"0.00";"IST";"SL";"19m 0s";"-0.00"
"792";"USTEC_ICM_UTC2";"Buy";"11663.7";"11746.2";"2020.11.10 18:30:00";"2020.11.10 19:11:00";"30.0";"2475.00";"11581.20020";"11746.20020";"-5571.60";"0.00";"IST";"PT";"41m 0s";"-0.00"
"793";"USTEC_ICM_UTC2";"Buy";"11800.4";"11882.9";"2020.11.11 17:45:00";"2020.11.11 19:09:00";"30.0";"2475.00";"11717.90039";"11882.90039";"-3096.60";"0.00";"IST";"PT";"1h 24m";"-0.00"
"794";"USTEC_ICM_UTC2";"Buy";"11872.5";"11790.0";"2020.11.12 19:30:00";"2020.11.12 22:04:00";"30.0";"-2475.00";"11790.00000";"11955.00000";"-5571.60";"0.00";"IST";"SL";"2h 34m";"-0.00"
"795";"USTEC_ICM_UTC2";"Buy";"11859.7";"11942.2";"2020.11.13 17:15:00";"2020.11.13 22:32:00";"30.0";"2475.00";"11777.20020";"11942.20020";"-3096.60";"0.00";"IST";"PT";"5h 17m";"-0.00"
"796";"USTEC_ICM_UTC2";"Buy";"11985.4";"12081.0";"2020.11.16 16:45:00";"2020.11.17 01:00:00";"30.0";"2685.36";"11902.90039";"12067.90039";"-411.24";"0.00";"IST";"PT";"8h 15m";"-183.12"
"797";"USTEC_ICM_UTC2";"Buy";"12038.7";"11956.2";"2020.11.17 18:00:00";"2020.11.18 02:09:00";"30.0";"-2658.12";"11956.20020";"12121.20020";"-3069.36";"0.00";"IST";"SL";"8h 9m";"-183.12"
"798";"USTEC_ICM_UTC2";"Buy";"11944.2";"12026.7";"2020.11.18 17:15:00";"2020.11.18 19:37:00";"30.0";"2475.00";"11861.70020";"12026.70020";"-594.36";"0.00";"IST";"PT";"2h 22m";"-0.00"
"799";"USTEC_ICM_UTC2";"Buy";"12000.9";"11918.4";"2020.11.20 17:45:00";"2020.11.20 22:54:00";"30.0";"-2475.00";"11918.40039";"12083.40039";"-3069.36";"0.00";"IST";"SL";"5h 9m";"-0.00"
"800";"USTEC_ICM_UTC2";"Buy";"11819.2";"11901.7";"2020.11.23 18:15:00";"2020.11.23 20:06:00";"30.0";"2475.00";"11736.70020";"11901.70020";"-594.36";"0.00";"IST";"PT";"1h 51m";"-0.00"
"801";"USTEC_ICM_UTC2";"Buy";"11893.8";"11976.3";"2020.11.24 16:45:00";"2020.11.24 17:48:00";"30.0";"2475.00";"11811.29980";"11976.29980";"1880.64";"0.00";"IST";"PT";"1h 3m";"-0.00"
"802";"USTEC_ICM_UTC2";"Buy";"12125.3";"12207.8";"2020.11.25 16:45:00";"2020.11.26 04:34:00";"30.0";"2291.88";"12042.79980";"12207.79980";"4172.52";"0.00";"IST";"PT";"11h 49m";"-183.12"
"803";"USTEC_ICM_UTC2";"Buy";"12261.3";"12178.8";"2020.11.27 20:00:00";"2020.11.30 17:36:00";"30.0";"-3024.36";"12178.79980";"12343.79980";"1148.16";"0.00";"IST";"SL";"2d 21h 36m";"-549.36"
"804";"USTEC_ICM_UTC2";"Buy";"12156.1";"12238.6";"2020.11.30 18:30:00";"2020.11.30 20:45:00";"30.0";"2475.00";"12073.59961";"12238.59961";"3623.16";"0.00";"IST";"PT";"2h 15m";"-0.00"
"805";"USTEC_ICM_UTC2";"Buy";"12449.1";"12366.6";"2020.12.01 19:00:00";"2020.12.02 16:32:00";"30.0";"-2658.12";"12366.59961";"12531.59961";"965.04";"0.00";"IST";"SL";"21h 32m";"-183.12"
"806";"USTEC_ICM_UTC2";"Buy";"12418.8";"12501.3";"2020.12.02 17:30:00";"2020.12.03 16:35:00";"30.0";"2291.88";"12336.29980";"12501.29980";"3256.92";"0.00";"IST";"PT";"23h 5m";"-183.12"
"807";"USTEC_ICM_UTC2";"Buy";"12510.2";"12516.1";"2020.12.03 19:00:00";"2020.12.04 22:55:00";"30.0";"-6.15";"12427.70020";"12592.70020";"3250.77";"0.00";"IST";"End Of Friday (Time)";"1d 3h 55m";"-183.12"
"808";"USTEC_ICM_UTC2";"Buy";"12569.7";"12652.2";"2020.12.07 21:00:00";"2020.12.08 21:30:00";"30.0";"2291.88";"12487.20020";"12652.20020";"5542.65";"0.00";"IST";"PT";"1d 0h 30m";"-183.12"
"809";"USTEC_ICM_UTC2";"Buy";"12616.8";"12534.3";"2020.12.09 18:00:00";"2020.12.09 19:22:00";"30.0";"-2475.00";"12534.29980";"12699.29980";"3067.65";"0.00";"IST";"SL";"1h 22m";"-0.00"
"810";"USTEC_ICM_UTC2";"Buy";"12380.8";"12298.3";"2020.12.10 17:15:00";"2020.12.11 12:58:00";"30.0";"-2658.12";"12298.29980";"12463.29980";"409.53";"0.00";"IST";"SL";"19h 43m";"-183.12"
"811";"USTEC_ICM_UTC2";"Buy";"12258.6";"12341.1";"2020.12.11 19:30:00";"2020.12.11 20:54:00";"30.0";"2475.00";"12176.09961";"12341.09961";"2884.53";"0.00";"IST";"PT";"1h 24m";"-0.00"
"812";"USTEC_ICM_UTC2";"Buy";"12421.4";"12503.9";"2020.12.14 16:30:00";"2020.12.14 16:48:00";"30.0";"2475.00";"12338.90039";"12503.90039";"5359.53";"0.00";"IST";"PT";"18m 0s";"-0.00"
"813";"USTEC_ICM_UTC2";"Buy";"12511.2";"12593.7";"2020.12.15 19:15:00";"2020.12.15 22:59:00";"30.0";"2475.00";"12428.70020";"12593.70020";"7834.53";"0.00";"IST";"PT";"3h 44m";"-0.00"
"814";"USTEC_ICM_UTC2";"Buy";"12628.2";"12710.7";"2020.12.16 17:45:00";"2020.12.17 08:28:00";"30.0";"2291.88";"12545.70020";"12710.70020";"10126.41";"0.00";"IST";"PT";"14h 43m";"-183.12"
"815";"USTEC_ICM_UTC2";"Buy";"12714.0";"12631.5";"2020.12.17 17:15:00";"2020.12.18 22:22:00";"30.0";"-2658.12";"12631.50000";"12796.50000";"7468.29";"0.00";"IST";"SL";"1d 5h 7m";"-183.12"
"816";"USTEC_ICM_UTC2";"Buy";"12581.7";"12499.2";"2020.12.21 16:30:00";"2020.12.21 17:14:00";"30.0";"-2475.00";"12499.20020";"12664.20020";"4993.29";"0.00";"IST";"SL";"44m 0s";"-0.00"
"817";"USTEC_ICM_UTC2";"Buy";"12708.8";"12626.3";"2020.12.22 18:00:00";"2020.12.22 18:36:00";"30.0";"-2475.00";"12626.29980";"12791.29980";"2518.29";"0.00";"IST";"SL";"36m 0s";"-0.00"
"818";"USTEC_ICM_UTC2";"Buy";"12691.9";"12774.4";"2020.12.23 17:45:00";"2020.12.28 04:30:00";"30.0";"1559.40";"12609.40039";"12774.40039";"4077.69";"0.00";"IST";"PT";"4d 10h 45m";"-915.60"
"819";"USTEC_ICM_UTC2";"Buy";"12815.3";"12897.8";"2020.12.28 18:00:00";"2020.12.29 09:51:00";"30.0";"2291.88";"12732.79980";"12897.79980";"6369.57";"0.00";"IST";"PT";"15h 51m";"-183.12"
"820";"USTEC_ICM_UTC2";"Buy";"12866.5";"12883.9";"2020.12.29 17:00:00";"2020.12.31 23:14:00";"30.0";"521.97";"12784.00000";"12949.00000";"6891.54";"0.00";"IST";"EndTest";"2d 6h 14m";"-0.00"
