"Ticket";"Symbol";"Type";"Open price";"Close price";"Open time";"Close time";"Size";"Profit/Loss";"Stop Loss price level";"Profit Target price level";"Balance";"Slippage ($)";"Sample type";"Close type";"Time in trade";"Comm/Swap"
"1";"USTEC_ICM_UTC2";"Buy";"4225.6";"4232.6";"2015.01.02 21:45:00";"2015.01.02 22:55:00";"30.0";"210.00";"4143.10010";"4308.10010";"50210.00";"0.00";"IST";"End Of Friday (Time)";"1h 10m";"-0.00"
"2";"USTEC_ICM_UTC2";"Buy";"4171.2";"4088.7";"2015.01.05 19:30:00";"2015.01.06 20:24:00";"30.0";"-2658.12";"4088.69995";"4253.70020";"47551.88";"0.00";"IST";"SL";"1d 0h 54m";"-183.12"
"3";"USTEC_ICM_UTC2";"Buy";"4101.0";"4183.5";"2015.01.06 20:30:00";"2015.01.08 03:34:00";"30.0";"2108.76";"4018.50000";"4183.50000";"49660.64";"0.00";"IST";"PT";"1d 7h 4m";"-366.24"
"4";"USTEC_ICM_UTC2";"Buy";"4221.9";"4216.9";"2015.01.08 17:30:00";"2015.01.09 22:55:00";"30.0";"-333.12";"4139.39990";"4304.39990";"49327.52";"0.00";"IST";"End Of Friday (Time)";"1d 5h 25m";"-183.12"
"5";"USTEC_ICM_UTC2";"Buy";"4182.9";"4100.4";"2015.01.12 18:15:00";"2015.01.15 11:51:00";"30.0";"-3024.36";"4100.39990";"4265.39990";"46303.16";"0.00";"IST";"SL";"2d 17h 36m";"-549.36"
"6";"USTEC_ICM_UTC2";"Buy";"4114.9";"4141.0";"2015.01.15 17:00:00";"2015.01.16 22:55:00";"30.0";"599.88";"4032.39990";"4197.39990";"46903.04";"0.00";"IST";"End Of Friday (Time)";"1d 5h 55m";"-183.12"
"7";"USTEC_ICM_UTC2";"Buy";"4151.6";"4234.1";"2015.01.19 16:45:00";"2015.01.22 17:59:00";"30.0";"1925.64";"4069.10010";"4234.10010";"48828.68";"0.00";"IST";"PT";"3d 1h 14m";"-549.36"
"8";"USTEC_ICM_UTC2";"Buy";"4234.8";"4273.9";"2015.01.22 18:00:00";"2015.01.23 22:55:00";"30.0";"989.88";"4152.29980";"4317.29980";"49818.56";"0.00";"IST";"End Of Friday (Time)";"1d 4h 55m";"-183.12"
"9";"USTEC_ICM_UTC2";"Buy";"4265.6";"4183.1";"2015.01.26 18:45:00";"2015.01.27 16:52:00";"30.0";"-2658.12";"4183.10010";"4348.10010";"47160.44";"0.00";"IST";"SL";"22h 7m";"-183.12"
"10";"USTEC_ICM_UTC2";"Buy";"4174.1";"4149.5";"2015.01.27 18:45:00";"2015.01.30 22:55:00";"30.0";"-1287.36";"4091.60010";"4256.60010";"45873.08";"0.00";"IST";"End Of Friday (Time)";"3d 4h 10m";"-549.36"
"11";"USTEC_ICM_UTC2";"Buy";"4161.8";"4244.3";"2015.02.02 19:00:00";"2015.02.04 22:25:00";"30.0";"2108.76";"4079.30005";"4244.29980";"47981.84";"0.00";"IST";"PT";"2d 3h 25m";"-366.24"
"12";"USTEC_ICM_UTC2";"Buy";"4247.8";"4224.7";"2015.02.04 22:30:00";"2015.02.06 22:55:00";"30.0";"-1059.24";"4165.29980";"4330.29980";"46922.60";"0.00";"IST";"End Of Friday (Time)";"2d 0h 25m";"-366.24"
"13";"USTEC_ICM_UTC2";"Buy";"4239.3";"4321.8";"2015.02.10 17:30:00";"2015.02.11 23:43:00";"30.0";"2291.88";"4156.79980";"4321.79980";"49214.48";"0.00";"IST";"PT";"1d 6h 13m";"-183.12"
"14";"USTEC_ICM_UTC2";"Buy";"4329.4";"4380.5";"2015.02.12 17:00:00";"2015.02.13 22:55:00";"30.0";"1349.88";"4246.89990";"4411.89990";"50564.36";"0.00";"IST";"End Of Friday (Time)";"1d 5h 55m";"-183.12"
"15";"USTEC_ICM_UTC2";"Buy";"4384.1";"4437.8";"2015.02.16 16:45:00";"2015.02.20 22:55:00";"30.0";"878.52";"4301.60010";"4466.60010";"51442.88";"0.00";"IST";"End Of Friday (Time)";"4d 6h 10m";"-732.48"
"16";"USTEC_ICM_UTC2";"Buy";"4442.4";"4437.8";"2015.02.23 17:00:00";"2015.02.27 22:55:00";"30.0";"-870.48";"4359.89990";"4524.89990";"50572.40";"0.00";"IST";"End Of Friday (Time)";"4d 5h 55m";"-732.48"
"17";"USTEC_ICM_UTC2";"Buy";"4472.9";"4390.4";"2015.03.02 17:15:00";"2015.03.06 22:40:00";"30.0";"-3207.48";"4390.39990";"4555.39990";"47364.92";"0.00";"IST";"SL";"4d 5h 25m";"-732.48"
"18";"USTEC_ICM_UTC2";"Buy";"4391.7";"4395.5";"2015.03.06 22:45:00";"2015.03.06 22:55:00";"30.0";"114.00";"4309.20020";"4474.20020";"47478.92";"0.00";"IST";"End Of Friday (Time)";"10m 0s";"-0.00"
"19";"USTEC_ICM_UTC2";"Buy";"4402.7";"4320.2";"2015.03.09 18:00:00";"2015.03.11 16:42:00";"30.0";"-2841.24";"4320.20020";"4485.20020";"44637.68";"0.00";"IST";"SL";"1d 22h 42m";"-366.24"
"20";"USTEC_ICM_UTC2";"Buy";"4331.0";"4312.7";"2015.03.11 17:45:00";"2015.03.13 22:55:00";"30.0";"-915.24";"4248.50000";"4413.50000";"43722.44";"0.00";"IST";"End Of Friday (Time)";"2d 5h 10m";"-366.24"
"21";"USTEC_ICM_UTC2";"Buy";"4350.0";"4432.5";"2015.03.16 16:45:00";"2015.03.18 21:12:00";"30.0";"2108.76";"4267.50000";"4432.50000";"45831.20";"0.00";"IST";"PT";"2d 4h 27m";"-366.24"
"22";"USTEC_ICM_UTC2";"Buy";"4431.1";"4454.6";"2015.03.18 21:30:00";"2015.03.20 22:55:00";"30.0";"338.76";"4348.60010";"4513.60010";"46169.96";"0.00";"IST";"End Of Friday (Time)";"2d 1h 25m";"-366.24"
"23";"USTEC_ICM_UTC2";"Buy";"4458.1";"4375.6";"2015.03.23 17:00:00";"2015.03.25 17:39:00";"30.0";"-2841.24";"4375.60010";"4540.60010";"43328.72";"0.00";"IST";"SL";"2d 0h 39m";"-366.24"
"24";"USTEC_ICM_UTC2";"Buy";"4353.5";"4332.9";"2015.03.25 20:15:00";"2015.03.27 22:55:00";"30.0";"-984.24";"4271.00000";"4436.00000";"42344.48";"0.00";"IST";"End Of Friday (Time)";"2d 2h 40m";"-366.24"
"25";"USTEC_ICM_UTC2";"Buy";"4370.9";"4288.4";"2015.03.30 17:15:00";"2015.04.01 03:56:00";"30.0";"-2841.24";"4288.39990";"4453.39990";"39503.24";"0.00";"IST";"SL";"1d 10h 41m";"-366.24"
"26";"USTEC_ICM_UTC2";"Buy";"4296.1";"4378.6";"2015.04.01 21:30:00";"2015.04.07 17:46:00";"30.0";"1376.28";"4213.60010";"4378.60010";"40879.52";"0.00";"IST";"PT";"5d 20h 16m";"-1098.72"
"27";"USTEC_ICM_UTC2";"Buy";"4374.0";"4419.7";"2015.04.07 18:00:00";"2015.04.10 22:55:00";"30.0";"821.64";"4291.50000";"4456.50000";"41701.16";"0.00";"IST";"End Of Friday (Time)";"3d 4h 55m";"-549.36"
"28";"USTEC_ICM_UTC2";"Buy";"4445.5";"4363.0";"2015.04.13 17:30:00";"2015.04.17 16:45:00";"30.0";"-3207.48";"4363.00000";"4528.00000";"38493.68";"0.00";"IST";"SL";"3d 23h 15m";"-732.48"
"29";"USTEC_ICM_UTC2";"Buy";"4356.2";"4350.7";"2015.04.17 19:00:00";"2015.04.17 22:55:00";"30.0";"-165.00";"4273.70020";"4438.70020";"38328.68";"0.00";"IST";"End Of Friday (Time)";"3h 55m";"-0.00"
"30";"USTEC_ICM_UTC2";"Buy";"4373.2";"4455.7";"2015.04.20 16:30:00";"2015.04.22 21:06:00";"30.0";"2108.76";"4290.70020";"4455.70020";"40437.44";"0.00";"IST";"PT";"2d 4h 36m";"-366.24"
"31";"USTEC_ICM_UTC2";"Buy";"4460.1";"4542.6";"2015.04.22 22:00:00";"2015.04.24 19:29:00";"30.0";"2108.76";"4377.60010";"4542.60010";"42546.20";"0.00";"IST";"PT";"1d 21h 29m";"-366.24"
"32";"USTEC_ICM_UTC2";"Buy";"4537.9";"4537.0";"2015.04.24 20:00:00";"2015.04.24 22:55:00";"30.0";"-27.00";"4455.39990";"4620.39990";"42519.20";"0.00";"IST";"End Of Friday (Time)";"2h 55m";"-0.00"
"33";"USTEC_ICM_UTC2";"Buy";"4555.0";"4472.5";"2015.04.27 16:45:00";"2015.04.29 19:18:00";"30.0";"-2841.24";"4472.50000";"4637.50000";"39677.96";"0.00";"IST";"SL";"2d 2h 33m";"-366.24"
"34";"USTEC_ICM_UTC2";"Buy";"4485.8";"4403.3";"2015.04.29 20:45:00";"2015.04.30 22:03:00";"30.0";"-2658.12";"4403.29980";"4568.29980";"37019.84";"0.00";"IST";"SL";"1d 1h 18m";"-183.12"
"35";"USTEC_ICM_UTC2";"Buy";"4455.5";"4475.5";"2015.05.01 17:30:00";"2015.05.01 22:55:00";"30.0";"600.00";"4373.00000";"4538.00000";"37619.84";"0.00";"IST";"End Of Friday (Time)";"5h 25m";"-0.00"
"36";"USTEC_ICM_UTC2";"Buy";"4508.6";"4426.1";"2015.05.04 17:15:00";"2015.05.05 18:05:00";"30.0";"-2658.12";"4426.10010";"4591.10010";"34961.72";"0.00";"IST";"SL";"1d 0h 50m";"-183.12"
"37";"USTEC_ICM_UTC2";"Buy";"4431.4";"4348.9";"2015.05.05 19:30:00";"2015.05.06 21:42:00";"30.0";"-2658.12";"4348.89990";"4513.89990";"32303.60";"0.00";"IST";"SL";"1d 2h 12m";"-183.12"
"38";"USTEC_ICM_UTC2";"Buy";"4367.9";"4450.4";"2015.05.06 22:45:00";"2015.05.08 15:42:00";"30.0";"2108.76";"4285.39990";"4450.39990";"34412.36";"0.00";"IST";"PT";"1d 16h 57m";"-366.24"
"39";"USTEC_ICM_UTC2";"Buy";"4457.0";"4461.2";"2015.05.08 17:15:00";"2015.05.08 22:55:00";"30.0";"126.00";"4374.50000";"4539.50000";"34538.36";"0.00";"IST";"End Of Friday (Time)";"5h 40m";"-0.00"
"40";"USTEC_ICM_UTC2";"Buy";"4449.9";"4490.9";"2015.05.11 17:45:00";"2015.05.15 22:55:00";"30.0";"497.52";"4367.39990";"4532.39990";"35035.88";"0.00";"IST";"End Of Friday (Time)";"4d 5h 10m";"-732.48"
"41";"USTEC_ICM_UTC2";"Buy";"4483.0";"4530.0";"2015.05.18 16:45:00";"2015.05.22 22:55:00";"30.0";"677.52";"4400.50000";"4565.50000";"35713.40";"0.00";"IST";"End Of Friday (Time)";"4d 6h 10m";"-732.48"
"42";"USTEC_ICM_UTC2";"Buy";"4533.0";"4511.9";"2015.05.25 18:00:00";"2015.05.29 22:55:00";"30.0";"-1365.48";"4450.50000";"4615.50000";"34347.92";"0.00";"IST";"End Of Friday (Time)";"4d 4h 55m";"-732.48"
"43";"USTEC_ICM_UTC2";"Buy";"4513.4";"4477.9";"2015.06.01 18:45:00";"2015.06.05 22:55:00";"30.0";"-1797.48";"4430.89990";"4595.89990";"32550.44";"0.00";"IST";"End Of Friday (Time)";"4d 4h 10m";"-732.48"
"44";"USTEC_ICM_UTC2";"Buy";"4461.9";"4455.0";"2015.06.08 17:00:00";"2015.06.12 22:55:00";"30.0";"-939.48";"4379.39990";"4544.39990";"31610.96";"0.00";"IST";"End Of Friday (Time)";"4d 5h 55m";"-732.48"
"45";"USTEC_ICM_UTC2";"Buy";"4433.9";"4516.4";"2015.06.15 21:45:00";"2015.06.18 17:07:00";"30.0";"1925.64";"4351.39990";"4516.39990";"33536.60";"0.00";"IST";"PT";"2d 19h 22m";"-549.36"
"46";"USTEC_ICM_UTC2";"Buy";"4522.0";"4517.5";"2015.06.18 17:15:00";"2015.06.19 22:55:00";"30.0";"-318.12";"4439.50000";"4604.50000";"33218.48";"0.00";"IST";"End Of Friday (Time)";"1d 5h 40m";"-183.12"
"47";"USTEC_ICM_UTC2";"Buy";"4546.0";"4483.9";"2015.06.22 17:30:00";"2015.06.26 22:55:00";"30.0";"-2595.48";"4463.50000";"4628.50000";"30623.00";"0.00";"IST";"End Of Friday (Time)";"4d 5h 25m";"-732.48"
"48";"USTEC_ICM_UTC2";"Buy";"4432.9";"4350.4";"2015.06.29 16:30:00";"2015.07.07 17:42:00";"30.0";"-3939.96";"4350.39990";"4515.39990";"26683.04";"0.00";"IST";"SL";"8d 1h 12m";"-1464.96"
"49";"USTEC_ICM_UTC2";"Buy";"4368.0";"4427.5";"2015.07.07 19:30:00";"2015.07.10 22:55:00";"30.0";"1235.64";"4285.50000";"4450.50000";"27918.68";"0.00";"IST";"End Of Friday (Time)";"3d 3h 25m";"-549.36"
"50";"USTEC_ICM_UTC2";"Buy";"4482.0";"4564.5";"2015.07.13 17:15:00";"2015.07.16 11:34:00";"30.0";"1925.64";"4399.50000";"4564.50000";"29844.32";"0.00";"IST";"PT";"2d 18h 19m";"-549.36"
"51";"USTEC_ICM_UTC2";"Buy";"4568.4";"4650.9";"2015.07.16 16:30:00";"2015.07.17 21:27:00";"30.0";"2291.88";"4485.89990";"4650.89990";"32136.20";"0.00";"IST";"PT";"1d 4h 57m";"-183.12"
"52";"USTEC_ICM_UTC2";"Buy";"4651.8";"4657.9";"2015.07.17 22:00:00";"2015.07.17 22:55:00";"30.0";"183.00";"4569.29980";"4734.29980";"32319.20";"0.00";"IST";"End Of Friday (Time)";"55m 0s";"-0.00"
"53";"USTEC_ICM_UTC2";"Buy";"4675.9";"4593.4";"2015.07.20 18:45:00";"2015.07.23 22:12:00";"30.0";"-3024.36";"4593.39990";"4758.39990";"29294.84";"0.00";"IST";"SL";"3d 3h 27m";"-549.36"
"54";"USTEC_ICM_UTC2";"Buy";"4557.0";"4562.0";"2015.07.24 22:45:00";"2015.07.24 22:55:00";"30.0";"150.00";"4474.50000";"4639.50000";"29444.84";"0.00";"IST";"End Of Friday (Time)";"10m 0s";"-0.00"
"55";"USTEC_ICM_UTC2";"Buy";"4525.9";"4608.4";"2015.07.27 21:30:00";"2015.07.31 10:20:00";"30.0";"1742.52";"4443.39990";"4608.39990";"31187.36";"0.00";"IST";"PT";"3d 12h 50m";"-732.48"
"56";"USTEC_ICM_UTC2";"Buy";"4615.0";"4590.5";"2015.07.31 16:30:00";"2015.07.31 22:55:00";"30.0";"-735.00";"4532.50000";"4697.50000";"30452.36";"0.00";"IST";"End Of Friday (Time)";"6h 25m";"-0.00"
"57";"USTEC_ICM_UTC2";"Buy";"4596.4";"4513.9";"2015.08.03 18:15:00";"2015.08.06 18:59:00";"30.0";"-3024.36";"4513.89990";"4678.89990";"27428.00";"0.00";"IST";"SL";"3d 0h 44m";"-549.36"
"58";"USTEC_ICM_UTC2";"Buy";"4518.0";"4517.3";"2015.08.06 20:00:00";"2015.08.07 22:55:00";"30.0";"-204.12";"4435.50000";"4600.50000";"27223.88";"0.00";"IST";"End Of Friday (Time)";"1d 2h 55m";"-183.12"
"59";"USTEC_ICM_UTC2";"Buy";"4564.9";"4482.4";"2015.08.10 17:00:00";"2015.08.12 09:18:00";"30.0";"-2841.24";"4482.39990";"4647.39990";"24382.64";"0.00";"IST";"SL";"1d 16h 18m";"-366.24"
"60";"USTEC_ICM_UTC2";"Buy";"4518.0";"4530.9";"2015.08.12 21:00:00";"2015.08.14 22:55:00";"30.0";"20.76";"4435.50000";"4600.50000";"24403.40";"0.00";"IST";"End Of Friday (Time)";"2d 1h 55m";"-366.24"
"61";"USTEC_ICM_UTC2";"Buy";"4535.4";"4452.9";"2015.08.17 17:45:00";"2015.08.20 17:04:00";"30.0";"-3024.36";"4452.89990";"4617.89990";"21379.04";"0.00";"IST";"SL";"2d 23h 19m";"-549.36"
"62";"USTEC_ICM_UTC2";"Buy";"4429.6";"4339.0";"2015.08.20 19:15:00";"2015.08.21 09:00:00";"30.0";"-2901.48";"4347.10010";"4512.10010";"18477.56";"0.00";"IST";"SL";"13h 45m";"-183.12"
"63";"USTEC_ICM_UTC2";"Buy";"4287.9";"4205.4";"2015.08.21 21:00:00";"2015.08.21 22:35:00";"30.0";"-2475.00";"4205.39990";"4370.39990";"16002.56";"0.00";"IST";"SL";"1h 35m";"-0.00"
"64";"USTEC_ICM_UTC2";"Buy";"4178.3";"4095.8";"2015.08.25 16:30:00";"2015.08.25 22:32:00";"30.0";"-2475.00";"4095.80005";"4260.79980";"13527.56";"0.00";"IST";"SL";"6h 2m";"-0.00"
"65";"USTEC_ICM_UTC2";"Buy";"4120.6";"4203.1";"2015.08.26 17:00:00";"2015.08.26 22:34:00";"30.0";"2475.00";"4038.10010";"4203.10010";"16002.56";"0.00";"IST";"PT";"5h 34m";"-0.00"
"66";"USTEC_ICM_UTC2";"Buy";"4283.0";"4321.0";"2015.08.27 16:30:00";"2015.08.28 22:55:00";"30.0";"956.88";"4200.50000";"4365.50000";"16959.44";"0.00";"IST";"End Of Friday (Time)";"1d 6h 25m";"-183.12"
"67";"USTEC_ICM_UTC2";"Buy";"4299.0";"4186.0";"2015.08.31 18:15:00";"2015.09.01 09:00:00";"30.0";"-3573.15";"4216.50000";"4381.50000";"13386.29";"0.00";"IST";"SL";"14h 45m";"-183.12"
"68";"USTEC_ICM_UTC2";"Buy";"4169.8";"4252.3";"2015.09.01 21:15:00";"2015.09.02 22:59:00";"30.0";"2291.88";"4087.30005";"4252.29980";"15678.17";"0.00";"IST";"PT";"1d 1h 44m";"-183.12"
"69";"USTEC_ICM_UTC2";"Buy";"4254.0";"4171.5";"2015.09.03 22:15:00";"2015.09.04 15:51:00";"30.0";"-2658.12";"4171.50000";"4336.50000";"13020.05";"0.00";"IST";"SL";"17h 36m";"-183.12"
"70";"USTEC_ICM_UTC2";"Buy";"4172.0";"4196.0";"2015.09.04 21:15:00";"2015.09.04 22:55:00";"30.0";"720.00";"4089.50000";"4254.50000";"13740.05";"0.00";"IST";"End Of Friday (Time)";"1h 40m";"-0.00"
"71";"USTEC_ICM_UTC2";"Buy";"4215.4";"4297.9";"2015.09.07 17:00:00";"2015.09.08 22:36:00";"30.0";"2291.88";"4132.89990";"4297.89990";"16031.93";"0.00";"IST";"PT";"1d 5h 36m";"-183.12"
"72";"USTEC_ICM_UTC2";"Buy";"4353.4";"4270.9";"2015.09.09 16:30:00";"2015.09.09 22:31:00";"30.0";"-2475.00";"4270.89990";"4435.89990";"13556.93";"0.00";"IST";"SL";"6h 1m";"-0.00"
"73";"USTEC_ICM_UTC2";"Buy";"4312.5";"4313.9";"2015.09.10 21:15:00";"2015.09.11 22:55:00";"30.0";"-141.12";"4230.00000";"4395.00000";"13415.81";"0.00";"IST";"End Of Friday (Time)";"1d 1h 40m";"-183.12"
"74";"USTEC_ICM_UTC2";"Buy";"4301.1";"4383.6";"2015.09.14 19:30:00";"2015.09.16 22:32:00";"30.0";"2108.76";"4218.60010";"4383.60010";"15524.57";"0.00";"IST";"PT";"2d 3h 2m";"-366.24"
"75";"USTEC_ICM_UTC2";"Buy";"4382.7";"4325.2";"2015.09.17 16:45:00";"2015.09.18 22:55:00";"30.0";"-1908.12";"4300.20020";"4465.20020";"13616.45";"0.00";"IST";"End Of Friday (Time)";"1d 6h 10m";"-183.12"
"76";"USTEC_ICM_UTC2";"Buy";"4370.9";"4288.4";"2015.09.21 17:45:00";"2015.09.22 11:28:00";"30.0";"-2658.12";"4288.39990";"4453.39990";"10958.33";"0.00";"IST";"SL";"17h 43m";"-183.12"
"77";"USTEC_ICM_UTC2";"Buy";"4269.0";"4225.1";"2015.09.22 17:15:00";"2015.09.25 22:55:00";"30.0";"-1866.36";"4186.50000";"4351.50000";"9091.97";"0.00";"IST";"End Of Friday (Time)";"3d 5h 40m";"-549.36"
"78";"USTEC_ICM_UTC2";"Buy";"4099.4";"4219.0";"2015.09.28 22:15:00";"2015.10.01 09:00:00";"30.0";"3037.23";"4016.89990";"4181.89990";"12129.20";"0.00";"IST";"PT";"2d 10h 45m";"-549.36"
"79";"USTEC_ICM_UTC2";"Buy";"4144.1";"4226.6";"2015.10.01 17:00:00";"2015.10.02 15:01:00";"30.0";"2291.88";"4061.60010";"4226.60010";"14421.08";"0.00";"IST";"PT";"22h 1m";"-183.12"
"80";"USTEC_ICM_UTC2";"Buy";"4139.9";"4222.4";"2015.10.02 17:15:00";"2015.10.02 20:03:00";"30.0";"2475.00";"4057.39990";"4222.39990";"16896.08";"0.00";"IST";"PT";"2h 48m";"-0.00"
"81";"USTEC_ICM_UTC2";"Buy";"4304.0";"4366.8";"2015.10.05 17:45:00";"2015.10.09 22:55:00";"30.0";"1151.52";"4221.50000";"4386.50000";"18047.60";"0.00";"IST";"End Of Friday (Time)";"4d 5h 10m";"-732.48"
"82";"USTEC_ICM_UTC2";"Buy";"4374.7";"4434.3";"2015.10.12 17:15:00";"2015.10.16 22:55:00";"30.0";"1055.52";"4292.20020";"4457.20020";"19103.12";"0.00";"IST";"End Of Friday (Time)";"4d 5h 40m";"-732.48"
"83";"USTEC_ICM_UTC2";"Buy";"4442.8";"4582.1";"2015.10.19 17:00:00";"2015.10.23 09:00:00";"30.0";"3447.24";"4360.29980";"4525.29980";"22550.36";"0.00";"IST";"PT";"3d 16h 0m";"-732.48"
"84";"USTEC_ICM_UTC2";"Buy";"4619.1";"4627.9";"2015.10.23 20:00:00";"2015.10.23 22:55:00";"30.0";"264.00";"4536.60010";"4701.60010";"22814.36";"0.00";"IST";"End Of Friday (Time)";"2h 55m";"-0.00"
"85";"USTEC_ICM_UTC2";"Buy";"4626.0";"4708.5";"2015.10.26 17:45:00";"2015.11.03 18:35:00";"30.0";"1010.04";"4543.50000";"4708.50000";"23824.40";"0.00";"IST";"PT";"8d 0h 50m";"-1464.96"
"86";"USTEC_ICM_UTC2";"Buy";"4716.4";"4701.5";"2015.11.03 19:00:00";"2015.11.06 22:55:00";"30.0";"-996.36";"4633.89990";"4798.89990";"22828.04";"0.00";"IST";"End Of Friday (Time)";"3d 3h 55m";"-549.36"
"87";"USTEC_ICM_UTC2";"Buy";"4678.5";"4596.0";"2015.11.09 17:00:00";"2015.11.12 22:49:00";"30.0";"-3024.36";"4596.00000";"4761.00000";"19803.68";"0.00";"IST";"SL";"3d 5h 49m";"-549.36"
"88";"USTEC_ICM_UTC2";"Buy";"4542.1";"4624.6";"2015.11.16 21:00:00";"2015.11.18 21:08:00";"30.0";"2108.76";"4459.60010";"4624.60010";"21912.44";"0.00";"IST";"PT";"2d 0h 8m";"-366.24"
"89";"USTEC_ICM_UTC2";"Buy";"4646.1";"4682.7";"2015.11.18 22:45:00";"2015.11.20 22:55:00";"30.0";"731.76";"4563.60010";"4728.60010";"22644.20";"0.00";"IST";"End Of Friday (Time)";"2d 0h 10m";"-366.24"
"90";"USTEC_ICM_UTC2";"Buy";"4695.2";"4612.7";"2015.11.23 17:00:00";"2015.12.03 20:04:00";"30.0";"-4306.20";"4612.70020";"4777.70020";"18338.00";"0.00";"IST";"SL";"10d 3h 4m";"-1831.20"
"91";"USTEC_ICM_UTC2";"Buy";"4595.1";"4677.6";"2015.12.03 22:30:00";"2015.12.04 17:56:00";"30.0";"2291.88";"4512.60010";"4677.60010";"20629.88";"0.00";"IST";"PT";"19h 26m";"-183.12"
"92";"USTEC_ICM_UTC2";"Buy";"4684.5";"4714.8";"2015.12.04 18:00:00";"2015.12.04 22:55:00";"30.0";"909.00";"4602.00000";"4767.00000";"21538.88";"0.00";"IST";"End Of Friday (Time)";"4h 55m";"-0.00"
"93";"USTEC_ICM_UTC2";"Buy";"4709.3";"4626.8";"2015.12.07 16:45:00";"2015.12.09 19:22:00";"30.0";"-2841.24";"4626.79980";"4791.79980";"18697.64";"0.00";"IST";"SL";"2d 2h 37m";"-366.24"
"94";"USTEC_ICM_UTC2";"Buy";"4600.9";"4536.0";"2015.12.09 20:45:00";"2015.12.11 22:55:00";"30.0";"-2313.24";"4518.39990";"4683.39990";"16384.40";"0.00";"IST";"End Of Friday (Time)";"2d 2h 10m";"-366.24"
"95";"USTEC_ICM_UTC2";"Buy";"4532.0";"4614.5";"2015.12.14 17:45:00";"2015.12.15 15:57:00";"30.0";"2291.88";"4449.50000";"4614.50000";"18676.28";"0.00";"IST";"PT";"22h 12m";"-183.12"
"96";"USTEC_ICM_UTC2";"Buy";"4611.5";"4529.0";"2015.12.15 16:30:00";"2015.12.18 22:14:00";"30.0";"-3024.36";"4529.00000";"4694.00000";"15651.92";"0.00";"IST";"SL";"3d 5h 44m";"-549.36"
"97";"USTEC_ICM_UTC2";"Buy";"4545.1";"4627.6";"2015.12.21 18:00:00";"2015.12.24 16:30:00";"30.0";"1925.64";"4462.60010";"4627.60010";"17577.56";"0.00";"IST";"PT";"2d 22h 30m";"-549.36"
"98";"USTEC_ICM_UTC2";"Buy";"4627.9";"4545.4";"2015.12.24 16:45:00";"2016.01.04 09:03:00";"30.0";"-4489.32";"4545.39990";"4710.39990";"13088.24";"0.00";"IST";"SL";"10d 16h 18m";"-2014.32"
"99";"USTEC_ICM_UTC2";"Buy";"4476.9";"4394.4";"2016.01.04 20:45:00";"2016.01.06 15:13:00";"30.0";"-2841.24";"4394.39990";"4559.39990";"10247.00";"0.00";"IST";"SL";"1d 18h 28m";"-366.24"
"100";"USTEC_ICM_UTC2";"Buy";"4349.0";"4267.8";"2016.01.07 16:30:00";"2016.01.08 22:55:00";"30.0";"-2619.12";"4266.50000";"4431.50000";"7627.88";"0.00";"IST";"End Of Friday (Time)";"1d 6h 25m";"-183.12"
"101";"USTEC_ICM_UTC2";"Buy";"4266.9";"4349.4";"2016.01.11 19:15:00";"2016.01.12 16:45:00";"30.0";"2291.88";"4184.39990";"4349.39990";"9919.76";"0.00";"IST";"PT";"21h 30m";"-183.12"
"102";"USTEC_ICM_UTC2";"Buy";"4309.0";"4226.5";"2016.01.12 18:15:00";"2016.01.13 20:59:00";"30.0";"-2658.12";"4226.50000";"4391.50000";"7261.64";"0.00";"IST";"SL";"1d 2h 44m";"-183.12"
"103";"USTEC_ICM_UTC2";"Buy";"4280.0";"4197.5";"2016.01.14 21:00:00";"2016.01.15 10:59:00";"30.0";"-2658.12";"4197.50000";"4362.50000";"4603.52";"0.00";"IST";"SL";"13h 59m";"-183.12"
"104";"USTEC_ICM_UTC2";"Buy";"4136.9";"4141.0";"2016.01.15 18:00:00";"2016.01.15 22:55:00";"30.0";"123.00";"4054.39990";"4219.39990";"4726.52";"0.00";"IST";"End Of Friday (Time)";"4h 55m";"-0.00"
"105";"USTEC_ICM_UTC2";"Buy";"4142.9";"4060.4";"2016.01.18 17:15:00";"2016.01.20 10:25:00";"30.0";"-2841.24";"4060.39990";"4225.39990";"1885.28";"0.00";"IST";"SL";"1d 17h 10m";"-366.24"
"106";"USTEC_ICM_UTC2";"Buy";"4084.0";"4001.5";"2016.01.20 16:30:00";"2016.01.20 19:23:00";"30.0";"-2475.00";"4001.50000";"4166.50000";"-589.72";"0.00";"IST";"SL";"2h 53m";"-0.00"
"107";"USTEC_ICM_UTC2";"Buy";"4157.8";"4240.3";"2016.01.21 18:00:00";"2016.01.22 17:00:00";"30.0";"2291.88";"4075.30005";"4240.29980";"1702.16";"0.00";"IST";"PT";"23h 0m";"-183.12"
"108";"USTEC_ICM_UTC2";"Buy";"4241.3";"4258.3";"2016.01.22 17:30:00";"2016.01.22 22:55:00";"30.0";"510.00";"4158.79980";"4323.79980";"2212.16";"0.00";"IST";"End Of Friday (Time)";"5h 25m";"-0.00"
"109";"USTEC_ICM_UTC2";"Buy";"4246.6";"4164.1";"2016.01.25 16:30:00";"2016.01.26 09:38:00";"30.0";"-2658.12";"4164.10010";"4329.10010";"-445.96";"0.00";"IST";"SL";"17h 8m";"-183.12"
"110";"USTEC_ICM_UTC2";"Buy";"4241.9";"4159.4";"2016.01.26 19:45:00";"2016.01.27 21:39:00";"30.0";"-2658.12";"4159.39990";"4324.39990";"-3104.08";"0.00";"IST";"SL";"1d 1h 54m";"-183.12"
"111";"USTEC_ICM_UTC2";"Buy";"4163.0";"4245.5";"2016.01.28 18:30:00";"2016.01.29 19:20:00";"30.0";"2291.88";"4080.50000";"4245.50000";"-812.20";"0.00";"IST";"PT";"1d 0h 50m";"-183.12"
"112";"USTEC_ICM_UTC2";"Buy";"4247.0";"4272.9";"2016.01.29 19:45:00";"2016.01.29 22:55:00";"30.0";"777.00";"4164.50000";"4329.50000";"-35.20";"0.00";"IST";"End Of Friday (Time)";"3h 10m";"-0.00"
"113";"USTEC_ICM_UTC2";"Buy";"4253.0";"4170.5";"2016.02.01 16:30:00";"2016.02.03 17:00:00";"30.0";"-2841.24";"4170.50000";"4335.50000";"-2876.44";"0.00";"IST";"SL";"2d 0h 30m";"-366.24"
"114";"USTEC_ICM_UTC2";"Buy";"4138.6";"4056.1";"2016.02.03 19:15:00";"2016.02.05 18:10:00";"30.0";"-2841.24";"4056.10010";"4221.10010";"-5717.68";"0.00";"IST";"SL";"1d 22h 55m";"-366.24"
"115";"USTEC_ICM_UTC2";"Buy";"4057.0";"4007.7";"2016.02.05 19:45:00";"2016.02.05 22:55:00";"30.0";"-1479.00";"3974.50000";"4139.50000";"-7196.68";"0.00";"IST";"End Of Friday (Time)";"3h 10m";"-0.00"
"116";"USTEC_ICM_UTC2";"Buy";"3946.7";"4029.2";"2016.02.08 16:30:00";"2016.02.10 17:28:00";"30.0";"2108.76";"3864.19995";"4029.19995";"-5087.92";"0.00";"IST";"PT";"2d 0h 58m";"-366.24"
"117";"USTEC_ICM_UTC2";"Buy";"4019.6";"3937.1";"2016.02.10 17:45:00";"2016.02.11 10:09:00";"30.0";"-2658.12";"3937.10010";"4102.10010";"-7746.04";"0.00";"IST";"SL";"16h 24m";"-183.12"
"118";"USTEC_ICM_UTC2";"Buy";"3952.1";"4016.7";"2016.02.11 17:00:00";"2016.02.12 22:55:00";"30.0";"1754.88";"3869.60010";"4034.60010";"-5991.16";"0.00";"IST";"End Of Friday (Time)";"1d 5h 55m";"-183.12"
"119";"USTEC_ICM_UTC2";"Buy";"4072.8";"4155.3";"2016.02.15 16:30:00";"2016.02.17 17:12:00";"30.0";"2108.76";"3990.30005";"4155.29980";"-3882.40";"0.00";"IST";"PT";"2d 0h 42m";"-366.24"
"120";"USTEC_ICM_UTC2";"Buy";"4170.0";"4165.4";"2016.02.17 17:45:00";"2016.02.19 22:55:00";"30.0";"-504.24";"4087.50000";"4252.50000";"-4386.64";"0.00";"IST";"End Of Friday (Time)";"2d 5h 10m";"-366.24"
"121";"USTEC_ICM_UTC2";"Buy";"4221.9";"4139.4";"2016.02.22 17:15:00";"2016.02.24 11:20:00";"30.0";"-2841.24";"4139.39990";"4304.39990";"-7227.88";"0.00";"IST";"SL";"1d 18h 5m";"-366.24"
"122";"USTEC_ICM_UTC2";"Buy";"4115.6";"4198.1";"2016.02.24 16:30:00";"2016.02.24 22:18:00";"30.0";"2475.00";"4033.10010";"4198.10010";"-4752.88";"0.00";"IST";"PT";"5h 48m";"-0.00"
"123";"USTEC_ICM_UTC2";"Buy";"4189.2";"4271.7";"2016.02.25 16:45:00";"2016.02.26 10:03:00";"30.0";"2291.88";"4106.70020";"4271.70020";"-2461.00";"0.00";"IST";"PT";"17h 18m";"-183.12"
"124";"USTEC_ICM_UTC2";"Buy";"4253.8";"4239.1";"2016.02.26 18:15:00";"2016.02.26 22:55:00";"30.0";"-441.00";"4171.29980";"4336.29980";"-2902.00";"0.00";"IST";"End Of Friday (Time)";"4h 40m";"-0.00"
"125";"USTEC_ICM_UTC2";"Buy";"4241.0";"4323.5";"2016.02.29 17:30:00";"2016.03.01 21:57:00";"30.0";"2291.88";"4158.50000";"4323.50000";"-610.12";"0.00";"IST";"PT";"1d 4h 27m";"-183.12"
"126";"USTEC_ICM_UTC2";"Buy";"4325.9";"4326.8";"2016.03.01 22:00:00";"2016.03.04 22:55:00";"30.0";"-522.36";"4243.39990";"4408.39990";"-1132.48";"0.00";"IST";"End Of Friday (Time)";"3d 0h 55m";"-549.36"
"127";"USTEC_ICM_UTC2";"Buy";"4309.5";"4357.7";"2016.03.07 16:45:00";"2016.03.11 22:55:00";"30.0";"713.52";"4227.00000";"4392.00000";"-418.96";"0.00";"IST";"End Of Friday (Time)";"4d 6h 10m";"-732.48"
"128";"USTEC_ICM_UTC2";"Buy";"4361.7";"4444.2";"2016.03.14 17:00:00";"2016.03.22 18:55:00";"30.0";"1010.04";"4279.20020";"4444.20020";"591.08";"0.00";"IST";"PT";"8d 1h 55m";"-1464.96"
"129";"USTEC_ICM_UTC2";"Buy";"4444.0";"4526.5";"2016.03.22 19:15:00";"2016.04.01 22:32:00";"30.0";"643.80";"4361.50000";"4526.50000";"1234.88";"0.00";"IST";"PT";"10d 3h 17m";"-1831.20"
"130";"USTEC_ICM_UTC2";"Buy";"4529.7";"4526.5";"2016.04.01 22:45:00";"2016.04.01 22:55:00";"30.0";"-96.00";"4447.20020";"4612.20020";"1138.88";"0.00";"IST";"End Of Friday (Time)";"10m 0s";"-0.00"
"131";"USTEC_ICM_UTC2";"Buy";"4525.8";"4469.5";"2016.04.04 17:15:00";"2016.04.08 22:55:00";"30.0";"-2421.48";"4443.29980";"4608.29980";"-1282.60";"0.00";"IST";"End Of Friday (Time)";"4d 5h 40m";"-732.48"
"132";"USTEC_ICM_UTC2";"Buy";"4495.2";"4542.9";"2016.04.11 16:30:00";"2016.04.15 22:55:00";"30.0";"698.52";"4412.70020";"4577.70020";"-584.08";"0.00";"IST";"End Of Friday (Time)";"4d 6h 25m";"-732.48"
"133";"USTEC_ICM_UTC2";"Buy";"4559.4";"4476.9";"2016.04.18 17:15:00";"2016.04.22 17:12:00";"30.0";"-3207.48";"4476.89990";"4641.89990";"-3791.56";"0.00";"IST";"SL";"3d 23h 57m";"-732.48"
"134";"USTEC_ICM_UTC2";"Buy";"4474.2";"4473.7";"2016.04.22 21:30:00";"2016.04.22 22:55:00";"30.0";"-15.00";"4391.70020";"4556.70020";"-3806.56";"0.00";"IST";"End Of Friday (Time)";"1h 25m";"-0.00"
"135";"USTEC_ICM_UTC2";"Buy";"4460.5";"4378.0";"2016.04.25 16:30:00";"2016.04.28 22:14:00";"30.0";"-3024.36";"4378.00000";"4543.00000";"-6830.92";"0.00";"IST";"SL";"3d 5h 44m";"-549.36"
"136";"USTEC_ICM_UTC2";"Buy";"4328.8";"4340.2";"2016.04.29 20:45:00";"2016.04.29 22:55:00";"30.0";"342.00";"4246.29980";"4411.29980";"-6488.92";"0.00";"IST";"End Of Friday (Time)";"2h 10m";"-0.00"
"137";"USTEC_ICM_UTC2";"Buy";"4338.1";"4325.8";"2016.05.02 17:00:00";"2016.05.06 22:55:00";"30.0";"-1101.48";"4255.60010";"4420.60010";"-7590.40";"0.00";"IST";"End Of Friday (Time)";"4d 5h 55m";"-732.48"
"138";"USTEC_ICM_UTC2";"Buy";"4353.0";"4325.4";"2016.05.09 17:15:00";"2016.05.13 22:55:00";"30.0";"-1560.48";"4270.50000";"4435.50000";"-9150.88";"0.00";"IST";"End Of Friday (Time)";"4d 5h 40m";"-732.48"
"139";"USTEC_ICM_UTC2";"Buy";"4346.2";"4361.8";"2016.05.16 17:30:00";"2016.05.20 22:55:00";"30.0";"-264.48";"4263.70020";"4428.70020";"-9415.36";"0.00";"IST";"End Of Friday (Time)";"4d 5h 25m";"-732.48"
"140";"USTEC_ICM_UTC2";"Buy";"4377.3";"4459.8";"2016.05.23 17:00:00";"2016.05.25 09:21:00";"30.0";"2108.76";"4294.79980";"4459.79980";"-7306.60";"0.00";"IST";"PT";"1d 16h 21m";"-366.24"
"141";"USTEC_ICM_UTC2";"Buy";"4475.5";"4509.4";"2016.05.25 17:45:00";"2016.05.27 22:55:00";"30.0";"650.76";"4393.00000";"4558.00000";"-6655.84";"0.00";"IST";"End Of Friday (Time)";"2d 5h 10m";"-366.24"
"142";"USTEC_ICM_UTC2";"Buy";"4516.6";"4512.5";"2016.05.30 16:45:00";"2016.06.03 22:55:00";"30.0";"-855.48";"4434.10010";"4599.10010";"-7511.32";"0.00";"IST";"End Of Friday (Time)";"4d 6h 10m";"-732.48"
"143";"USTEC_ICM_UTC2";"Buy";"4517.7";"4458.3";"2016.06.06 16:30:00";"2016.06.10 22:55:00";"30.0";"-2514.48";"4435.20020";"4600.20020";"-10025.80";"0.00";"IST";"End Of Friday (Time)";"4d 6h 25m";"-732.48"
"144";"USTEC_ICM_UTC2";"Buy";"4438.1";"4371.9";"2016.06.13 22:00:00";"2016.06.17 22:55:00";"30.0";"-2718.48";"4355.60010";"4520.60010";"-12744.28";"0.00";"IST";"End Of Friday (Time)";"4d 0h 55m";"-732.48"
"145";"USTEC_ICM_UTC2";"Buy";"4439.6";"4254.8";"2016.06.20 17:15:00";"2016.06.24 09:00:00";"30.0";"-6277.35";"4357.10010";"4522.10010";"-19021.63";"0.00";"IST";"SL";"3d 15h 45m";"-732.48"
"146";"USTEC_ICM_UTC2";"Buy";"4202.7";"4285.2";"2016.06.27 19:00:00";"2016.06.28 22:11:00";"30.0";"2291.88";"4120.20020";"4285.20020";"-16729.75";"0.00";"IST";"PT";"1d 3h 11m";"-183.12"
"147";"USTEC_ICM_UTC2";"Buy";"4287.5";"4370.0";"2016.06.28 22:15:00";"2016.06.29 21:25:00";"30.0";"2291.88";"4205.00000";"4370.00000";"-14437.87";"0.00";"IST";"PT";"23h 10m";"-183.12"
"148";"USTEC_ICM_UTC2";"Buy";"4369.4";"4451.9";"2016.06.29 21:30:00";"2016.07.01 17:41:00";"30.0";"2108.76";"4286.89990";"4451.89990";"-12329.11";"0.00";"IST";"PT";"1d 20h 11m";"-366.24"
"149";"USTEC_ICM_UTC2";"Buy";"4453.2";"4439.8";"2016.07.01 17:45:00";"2016.07.01 22:55:00";"30.0";"-402.00";"4370.70020";"4535.70020";"-12731.11";"0.00";"IST";"End Of Friday (Time)";"5h 10m";"-0.00"
"150";"USTEC_ICM_UTC2";"Buy";"4444.5";"4527.0";"2016.07.04 17:15:00";"2016.07.08 21:33:00";"30.0";"1742.52";"4362.00000";"4527.00000";"-10988.59";"0.00";"IST";"PT";"4d 4h 18m";"-732.48"
"151";"USTEC_ICM_UTC2";"Buy";"4529.2";"4527.2";"2016.07.08 22:15:00";"2016.07.08 22:55:00";"30.0";"-60.00";"4446.70020";"4611.70020";"-11048.59";"0.00";"IST";"End Of Friday (Time)";"40m 0s";"-0.00"
"152";"USTEC_ICM_UTC2";"Buy";"4543.2";"4587.5";"2016.07.11 16:30:00";"2016.07.15 22:55:00";"30.0";"596.52";"4460.70020";"4625.70020";"-10452.07";"0.00";"IST";"End Of Friday (Time)";"4d 6h 25m";"-732.48"
"153";"USTEC_ICM_UTC2";"Buy";"4615.6";"4663.1";"2016.07.18 17:30:00";"2016.07.22 22:55:00";"30.0";"692.52";"4533.10010";"4698.10010";"-9759.55";"0.00";"IST";"End Of Friday (Time)";"4d 5h 25m";"-732.48"
"154";"USTEC_ICM_UTC2";"Buy";"4659.9";"4742.4";"2016.07.25 21:45:00";"2016.07.29 19:05:00";"30.0";"1742.52";"4577.39990";"4742.39990";"-8017.03";"0.00";"IST";"PT";"3d 21h 20m";"-732.48"
"155";"USTEC_ICM_UTC2";"Buy";"4735.3";"4735.0";"2016.07.29 21:00:00";"2016.07.29 22:55:00";"30.0";"-9.00";"4652.79980";"4817.79980";"-8026.03";"0.00";"IST";"End Of Friday (Time)";"1h 55m";"-0.00"
"156";"USTEC_ICM_UTC2";"Buy";"4759.4";"4789.5";"2016.08.01 17:45:00";"2016.08.05 22:55:00";"30.0";"170.52";"4676.89990";"4841.89990";"-7855.51";"0.00";"IST";"End Of Friday (Time)";"4d 5h 10m";"-732.48"
"157";"USTEC_ICM_UTC2";"Buy";"4778.3";"4804.8";"2016.08.08 19:30:00";"2016.08.12 22:55:00";"30.0";"62.52";"4695.79980";"4860.79980";"-7792.99";"0.00";"IST";"End Of Friday (Time)";"4d 3h 25m";"-732.48"
"158";"USTEC_ICM_UTC2";"Buy";"4824.9";"4805.5";"2016.08.15 17:00:00";"2016.08.19 22:55:00";"30.0";"-1314.48";"4742.39990";"4907.39990";"-9107.47";"0.00";"IST";"End Of Friday (Time)";"4d 5h 55m";"-732.48"
"159";"USTEC_ICM_UTC2";"Buy";"4799.3";"4780.7";"2016.08.22 21:30:00";"2016.08.26 22:55:00";"30.0";"-1290.48";"4716.79980";"4881.79980";"-10397.95";"0.00";"IST";"End Of Friday (Time)";"4d 1h 25m";"-732.48"
"160";"USTEC_ICM_UTC2";"Buy";"4788.3";"4796.7";"2016.08.29 16:30:00";"2016.09.02 22:55:00";"30.0";"-480.48";"4705.79980";"4870.79980";"-10878.43";"0.00";"IST";"End Of Friday (Time)";"4d 6h 25m";"-732.48"
"161";"USTEC_ICM_UTC2";"Buy";"4793.8";"4711.3";"2016.09.05 16:30:00";"2016.09.09 20:15:00";"30.0";"-3207.48";"4711.29980";"4876.29980";"-14085.91";"0.00";"IST";"SL";"4d 3h 45m";"-732.48"
"162";"USTEC_ICM_UTC2";"Buy";"4716.8";"4799.3";"2016.09.12 18:00:00";"2016.09.15 18:07:00";"30.0";"1925.64";"4634.29980";"4799.29980";"-12160.27";"0.00";"IST";"PT";"3d 0h 7m";"-549.36"
"163";"USTEC_ICM_UTC2";"Buy";"4802.7";"4817.8";"2016.09.15 19:15:00";"2016.09.16 22:55:00";"30.0";"269.88";"4720.20020";"4885.20020";"-11890.39";"0.00";"IST";"End Of Friday (Time)";"1d 3h 40m";"-183.12"
"164";"USTEC_ICM_UTC2";"Buy";"4807.1";"4889.6";"2016.09.19 19:30:00";"2016.09.22 17:33:00";"30.0";"1925.64";"4724.60010";"4889.60010";"-9964.75";"0.00";"IST";"PT";"2d 22h 3m";"-549.36"
"165";"USTEC_ICM_UTC2";"Buy";"4887.3";"4864.7";"2016.09.22 19:30:00";"2016.09.23 22:55:00";"30.0";"-861.12";"4804.79980";"4969.79980";"-10825.87";"0.00";"IST";"End Of Friday (Time)";"1d 3h 25m";"-183.12"
"166";"USTEC_ICM_UTC2";"Buy";"4821.4";"4885.2";"2016.09.26 22:15:00";"2016.09.30 22:55:00";"30.0";"1181.52";"4738.89990";"4903.89990";"-9644.35";"0.00";"IST";"End Of Friday (Time)";"4d 0h 40m";"-732.48"
"167";"USTEC_ICM_UTC2";"Buy";"4862.1";"4867.2";"2016.10.03 21:15:00";"2016.10.07 22:55:00";"30.0";"-579.48";"4779.60010";"4944.60010";"-10223.83";"0.00";"IST";"End Of Friday (Time)";"4d 1h 40m";"-732.48"
"168";"USTEC_ICM_UTC2";"Buy";"4888.6";"4806.1";"2016.10.10 16:30:00";"2016.10.11 21:17:00";"30.0";"-2658.12";"4806.10010";"4971.10010";"-12881.95";"0.00";"IST";"SL";"1d 4h 47m";"-183.12"
"169";"USTEC_ICM_UTC2";"Buy";"4820.8";"4811.0";"2016.10.11 22:30:00";"2016.10.14 22:55:00";"30.0";"-843.36";"4738.29980";"4903.29980";"-13725.31";"0.00";"IST";"End Of Friday (Time)";"3d 0h 25m";"-549.36"
"170";"USTEC_ICM_UTC2";"Buy";"4806.7";"4851.5";"2016.10.17 18:00:00";"2016.10.21 22:55:00";"30.0";"611.52";"4724.20020";"4889.20020";"-13113.79";"0.00";"IST";"End Of Friday (Time)";"4d 4h 55m";"-732.48"
"171";"USTEC_ICM_UTC2";"Buy";"4882.7";"4800.2";"2016.10.24 16:30:00";"2016.10.28 10:09:00";"30.0";"-3207.48";"4800.20020";"4965.20020";"-16321.27";"0.00";"IST";"SL";"3d 17h 39m";"-732.48"
"172";"USTEC_ICM_UTC2";"Buy";"4841.1";"4802.8";"2016.10.28 18:15:00";"2016.10.28 22:55:00";"30.0";"-1149.00";"4758.60010";"4923.60010";"-17470.27";"0.00";"IST";"End Of Friday (Time)";"4h 40m";"-0.00"
"173";"USTEC_ICM_UTC2";"Buy";"4819.7";"4737.2";"2016.10.31 18:30:00";"2016.11.01 20:09:00";"30.0";"-2658.12";"4737.20020";"4902.20020";"-20128.39";"0.00";"IST";"SL";"1d 1h 39m";"-183.12"
"174";"USTEC_ICM_UTC2";"Buy";"4745.5";"4663.0";"2016.11.01 21:15:00";"2016.11.04 15:29:00";"30.0";"-3024.36";"4663.00000";"4828.00000";"-23152.75";"0.00";"IST";"SL";"2d 18h 14m";"-549.36"
"175";"USTEC_ICM_UTC2";"Buy";"4685.6";"4768.1";"2016.11.04 17:00:00";"2016.11.07 18:14:00";"30.0";"1925.64";"4603.10010";"4768.10010";"-21227.11";"0.00";"IST";"PT";"3d 1h 14m";"-549.36"
"176";"USTEC_ICM_UTC2";"Buy";"4770.5";"4594.8";"2016.11.07 20:00:00";"2016.11.09 09:00:00";"30.0";"-5637.21";"4688.00000";"4853.00000";"-26864.32";"0.00";"IST";"SL";"1d 13h 0m";"-366.24"
"177";"USTEC_ICM_UTC2";"Buy";"4746.2";"4828.7";"2016.11.09 16:30:00";"2016.11.09 18:52:00";"30.0";"2475.00";"4663.70020";"4828.70020";"-24389.32";"0.00";"IST";"PT";"2h 22m";"-0.00"
"178";"USTEC_ICM_UTC2";"Buy";"4854.0";"4771.5";"2016.11.10 16:45:00";"2016.11.10 17:19:00";"30.0";"-2475.00";"4771.50000";"4936.50000";"-26864.32";"0.00";"IST";"SL";"34m 0s";"-0.00"
"179";"USTEC_ICM_UTC2";"Buy";"4726.6";"4754.0";"2016.11.11 16:30:00";"2016.11.11 22:55:00";"30.0";"822.00";"4644.10010";"4809.10010";"-26042.32";"0.00";"IST";"End Of Friday (Time)";"6h 25m";"-0.00"
"180";"USTEC_ICM_UTC2";"Buy";"4751.0";"4833.5";"2016.11.14 16:30:00";"2016.11.18 09:13:00";"30.0";"1742.52";"4668.50000";"4833.50000";"-24299.80";"0.00";"IST";"PT";"3d 16h 43m";"-732.48"
"181";"USTEC_ICM_UTC2";"Buy";"4830.4";"4809.5";"2016.11.18 16:30:00";"2016.11.18 22:55:00";"30.0";"-627.00";"4747.89990";"4912.89990";"-24926.80";"0.00";"IST";"End Of Friday (Time)";"6h 25m";"-0.00"
"182";"USTEC_ICM_UTC2";"Buy";"4820.4";"4737.9";"2016.11.21 16:30:00";"2016.12.01 17:52:00";"30.0";"-4306.20";"4737.89990";"4902.89990";"-29233.00";"0.00";"IST";"SL";"10d 1h 22m";"-1831.20"
"183";"USTEC_ICM_UTC2";"Buy";"4733.2";"4736.6";"2016.12.01 20:45:00";"2016.12.02 22:55:00";"30.0";"-81.12";"4650.70020";"4815.70020";"-29314.12";"0.00";"IST";"End Of Friday (Time)";"1d 2h 10m";"-183.12"
"184";"USTEC_ICM_UTC2";"Buy";"4783.1";"4865.6";"2016.12.05 17:45:00";"2016.12.08 18:08:00";"30.0";"1925.64";"4700.60010";"4865.60010";"-27388.48";"0.00";"IST";"PT";"3d 0h 23m";"-549.36"
"185";"USTEC_ICM_UTC2";"Buy";"4865.7";"4891.8";"2016.12.08 18:15:00";"2016.12.09 22:55:00";"30.0";"599.88";"4783.20020";"4948.20020";"-26788.60";"0.00";"IST";"End Of Friday (Time)";"1d 4h 40m";"-183.12"
"186";"USTEC_ICM_UTC2";"Buy";"4864.8";"4947.3";"2016.12.12 18:45:00";"2016.12.13 17:26:00";"30.0";"2291.88";"4782.29980";"4947.29980";"-24496.72";"0.00";"IST";"PT";"22h 41m";"-183.12"
"187";"USTEC_ICM_UTC2";"Buy";"4947.6";"4915.4";"2016.12.13 17:30:00";"2016.12.16 22:55:00";"30.0";"-1515.36";"4865.10010";"5030.10010";"-26012.08";"0.00";"IST";"End Of Friday (Time)";"3d 5h 25m";"-549.36"
"188";"USTEC_ICM_UTC2";"Buy";"4937.9";"4937.4";"2016.12.19 17:30:00";"2016.12.23 22:55:00";"30.0";"-747.48";"4855.39990";"5020.39990";"-26759.56";"0.00";"IST";"End Of Friday (Time)";"4d 5h 25m";"-732.48"
"189";"USTEC_ICM_UTC2";"Buy";"4985.6";"4903.1";"2016.12.27 17:30:00";"2016.12.29 18:52:00";"30.0";"-2841.24";"4903.10010";"5068.10010";"-29600.80";"0.00";"IST";"SL";"2d 1h 22m";"-366.24"
"190";"USTEC_ICM_UTC2";"Buy";"4911.1";"4853.4";"2016.12.29 20:15:00";"2016.12.30 22:55:00";"30.0";"-1914.12";"4828.60010";"4993.60010";"-31514.92";"0.00";"IST";"End Of Friday (Time)";"1d 2h 40m";"-183.12"
"191";"USTEC_ICM_UTC2";"Buy";"4911.5";"4994.0";"2017.01.03 17:45:00";"2017.01.06 18:14:00";"30.0";"1925.64";"4829.00000";"4994.00000";"-29589.28";"0.00";"IST";"PT";"3d 0h 29m";"-549.36"
"192";"USTEC_ICM_UTC2";"Buy";"4996.2";"5012.3";"2017.01.06 18:30:00";"2017.01.06 22:55:00";"30.0";"483.00";"4913.70020";"5078.70020";"-29106.28";"0.00";"IST";"End Of Friday (Time)";"4h 25m";"-0.00"
"193";"USTEC_ICM_UTC2";"Buy";"5019.9";"5057.8";"2017.01.09 18:45:00";"2017.01.13 22:55:00";"30.0";"404.52";"4937.39990";"5102.39990";"-28701.76";"0.00";"IST";"End Of Friday (Time)";"4d 4h 10m";"-732.48"
"194";"USTEC_ICM_UTC2";"Buy";"5057.2";"5057.9";"2017.01.16 16:45:00";"2017.01.20 22:55:00";"30.0";"-711.48";"4974.70020";"5139.70020";"-29413.24";"0.00";"IST";"End Of Friday (Time)";"4d 6h 10m";"-732.48"
"195";"USTEC_ICM_UTC2";"Buy";"5058.4";"5140.9";"2017.01.23 16:30:00";"2017.01.25 18:03:00";"30.0";"2108.76";"4975.89990";"5140.89990";"-27304.48";"0.00";"IST";"PT";"2d 1h 33m";"-366.24"
"196";"USTEC_ICM_UTC2";"Buy";"5141.9";"5163.8";"2017.01.25 18:30:00";"2017.01.27 22:55:00";"30.0";"290.76";"5059.39990";"5224.39990";"-27013.72";"0.00";"IST";"End Of Friday (Time)";"2d 4h 25m";"-366.24"
"197";"USTEC_ICM_UTC2";"Buy";"5149.4";"5160.6";"2017.01.30 16:30:00";"2017.02.03 22:55:00";"30.0";"-396.48";"5066.89990";"5231.89990";"-27410.20";"0.00";"IST";"End Of Friday (Time)";"4d 6h 25m";"-732.48"
"198";"USTEC_ICM_UTC2";"Buy";"5163.5";"5226.6";"2017.02.06 19:00:00";"2017.02.10 22:55:00";"30.0";"1160.52";"5081.00000";"5246.00000";"-26249.68";"0.00";"IST";"End Of Friday (Time)";"4d 3h 55m";"-732.48"
"199";"USTEC_ICM_UTC2";"Buy";"5247.7";"5318.6";"2017.02.13 16:45:00";"2017.02.17 22:55:00";"30.0";"1394.52";"5165.20020";"5330.20020";"-24855.16";"0.00";"IST";"End Of Friday (Time)";"4d 6h 10m";"-732.48"
"200";"USTEC_ICM_UTC2";"Buy";"5333.5";"5339.0";"2017.02.20 16:30:00";"2017.02.24 22:55:00";"30.0";"-567.48";"5251.00000";"5416.00000";"-25422.64";"0.00";"IST";"End Of Friday (Time)";"4d 6h 25m";"-732.48"
"201";"USTEC_ICM_UTC2";"Buy";"5331.7";"5371.3";"2017.02.27 16:30:00";"2017.03.03 22:55:00";"30.0";"455.52";"5249.20020";"5414.20020";"-24967.12";"0.00";"IST";"End Of Friday (Time)";"4d 6h 25m";"-732.48"
"202";"USTEC_ICM_UTC2";"Buy";"5370.3";"5384.3";"2017.03.07 17:45:00";"2017.03.10 22:55:00";"30.0";"-129.36";"5287.79980";"5452.79980";"-25096.48";"0.00";"IST";"End Of Friday (Time)";"3d 5h 10m";"-549.36"
"203";"USTEC_ICM_UTC2";"Buy";"5387.1";"5442.1";"2017.03.13 17:45:00";"2017.03.31 22:55:00";"30.0";"-1646.16";"5304.60010";"5469.60010";"-26742.64";"0.00";"IST";"End Of Friday (Time)";"18d 5h 10m";"-3296.16"
"204";"USTEC_ICM_UTC2";"Buy";"5409.5";"5420.4";"2017.04.03 19:15:00";"2017.04.07 22:55:00";"30.0";"-405.48";"5327.00000";"5492.00000";"-27148.12";"0.00";"IST";"End Of Friday (Time)";"4d 3h 40m";"-732.48"
"205";"USTEC_ICM_UTC2";"Buy";"5436.1";"5353.6";"2017.04.10 16:45:00";"2017.04.13 22:59:00";"30.0";"-3024.36";"5353.60010";"5518.60010";"-30172.48";"0.00";"IST";"SL";"3d 6h 14m";"-549.36"
"206";"USTEC_ICM_UTC2";"Buy";"5383.2";"5441.6";"2017.04.17 17:30:00";"2017.04.21 22:55:00";"30.0";"1019.52";"5300.70020";"5465.70020";"-29152.96";"0.00";"IST";"End Of Friday (Time)";"4d 5h 25m";"-732.48"
"207";"USTEC_ICM_UTC2";"Buy";"5505.7";"5589.0";"2017.04.24 17:15:00";"2017.04.28 09:00:00";"30.0";"1765.59";"5423.20020";"5588.20020";"-27387.37";"0.00";"IST";"PT";"3d 15h 45m";"-732.48"
"208";"USTEC_ICM_UTC2";"Buy";"5585.9";"5583.6";"2017.04.28 20:00:00";"2017.04.28 22:55:00";"30.0";"-69.00";"5503.39990";"5668.39990";"-27456.37";"0.00";"IST";"End Of Friday (Time)";"2h 55m";"-0.00"
"209";"USTEC_ICM_UTC2";"Buy";"5603.1";"5642.8";"2017.05.01 16:30:00";"2017.05.05 22:55:00";"30.0";"458.52";"5520.60010";"5685.60010";"-26997.85";"0.00";"IST";"End Of Friday (Time)";"4d 6h 25m";"-732.48"
"210";"USTEC_ICM_UTC2";"Buy";"5642.5";"5682.1";"2017.05.08 18:15:00";"2017.05.12 22:55:00";"30.0";"455.52";"5560.00000";"5725.00000";"-26542.33";"0.00";"IST";"End Of Friday (Time)";"4d 4h 40m";"-732.48"
"211";"USTEC_ICM_UTC2";"Buy";"5702.9";"5620.4";"2017.05.15 18:15:00";"2017.05.17 18:03:00";"30.0";"-2841.24";"5620.39990";"5785.39990";"-29383.57";"0.00";"IST";"SL";"1d 23h 48m";"-366.24"
"212";"USTEC_ICM_UTC2";"Buy";"5634.4";"5551.9";"2017.05.17 20:30:00";"2017.05.18 12:53:00";"30.0";"-2658.12";"5551.89990";"5716.89990";"-32041.69";"0.00";"IST";"SL";"16h 23m";"-183.12"
"213";"USTEC_ICM_UTC2";"Buy";"5629.6";"5650.2";"2017.05.18 17:45:00";"2017.05.19 22:55:00";"30.0";"434.88";"5547.10010";"5712.10010";"-31606.81";"0.00";"IST";"End Of Friday (Time)";"1d 5h 10m";"-183.12"
"214";"USTEC_ICM_UTC2";"Buy";"5661.5";"5753.7";"2017.05.22 16:30:00";"2017.05.25 09:00:00";"30.0";"2215.74";"5579.00000";"5744.00000";"-29391.07";"0.00";"IST";"PT";"2d 16h 30m";"-549.36"
"215";"USTEC_ICM_UTC2";"Buy";"5766.3";"5786.3";"2017.05.25 17:45:00";"2017.05.26 22:55:00";"30.0";"416.88";"5683.79980";"5848.79980";"-28974.19";"0.00";"IST";"End Of Friday (Time)";"1d 5h 10m";"-183.12"
"216";"USTEC_ICM_UTC2";"Buy";"5784.1";"5866.6";"2017.05.30 16:30:00";"2017.06.02 20:25:00";"30.0";"1925.64";"5701.60010";"5866.60010";"-27048.55";"0.00";"IST";"PT";"3d 3h 55m";"-549.36"
"217";"USTEC_ICM_UTC2";"Buy";"5873.5";"5878.1";"2017.06.02 20:45:00";"2017.06.02 22:55:00";"30.0";"138.00";"5791.00000";"5956.00000";"-26910.55";"0.00";"IST";"End Of Friday (Time)";"2h 10m";"-0.00"
"218";"USTEC_ICM_UTC2";"Buy";"5883.7";"5801.2";"2017.06.05 17:00:00";"2017.06.09 20:11:00";"30.0";"-3207.48";"5801.20020";"5966.20020";"-30118.03";"0.00";"IST";"SL";"4d 3h 11m";"-732.48"
"219";"USTEC_ICM_UTC2";"Buy";"5683.4";"5765.9";"2017.06.12 20:45:00";"2017.06.14 14:42:00";"30.0";"2108.76";"5600.89990";"5765.89990";"-28009.27";"0.00";"IST";"PT";"1d 17h 57m";"-366.24"
"220";"USTEC_ICM_UTC2";"Buy";"5762.7";"5680.2";"2017.06.14 18:30:00";"2017.06.14 22:14:00";"30.0";"-2475.00";"5680.20020";"5845.20020";"-30484.27";"0.00";"IST";"SL";"3h 44m";"-0.00"
"221";"USTEC_ICM_UTC2";"Buy";"5680.0";"5678.8";"2017.06.15 20:45:00";"2017.06.16 22:55:00";"30.0";"-219.12";"5597.50000";"5762.50000";"-30703.39";"0.00";"IST";"End Of Friday (Time)";"1d 2h 10m";"-183.12"
"222";"USTEC_ICM_UTC2";"Buy";"5743.6";"5802.2";"2017.06.19 16:45:00";"2017.06.23 22:55:00";"30.0";"1025.52";"5661.10010";"5826.10010";"-29677.87";"0.00";"IST";"End Of Friday (Time)";"4d 6h 10m";"-732.48"
"223";"USTEC_ICM_UTC2";"Buy";"5786.9";"5704.4";"2017.06.26 19:30:00";"2017.06.27 20:38:00";"30.0";"-2658.12";"5704.39990";"5869.39990";"-32335.99";"0.00";"IST";"SL";"1d 1h 8m";"-183.12"
"224";"USTEC_ICM_UTC2";"Buy";"5717.5";"5635.0";"2017.06.28 18:15:00";"2017.06.29 18:31:00";"30.0";"-2658.12";"5635.00000";"5800.00000";"-34994.11";"0.00";"IST";"SL";"1d 0h 16m";"-183.12"
"225";"USTEC_ICM_UTC2";"Buy";"5634.5";"5660.1";"2017.06.29 22:00:00";"2017.06.30 22:55:00";"30.0";"584.88";"5552.00000";"5717.00000";"-34409.23";"0.00";"IST";"End Of Friday (Time)";"1d 0h 55m";"-183.12"
"226";"USTEC_ICM_UTC2";"Buy";"5679.1";"5569.7";"2017.07.03 16:30:00";"2017.07.04 09:00:00";"30.0";"-3466.02";"5596.60010";"5761.60010";"-37875.25";"0.00";"IST";"SL";"16h 30m";"-183.12"
"227";"USTEC_ICM_UTC2";"Buy";"5609.2";"5658.4";"2017.07.04 17:00:00";"2017.07.07 22:55:00";"30.0";"926.64";"5526.70020";"5691.70020";"-36948.61";"0.00";"IST";"End Of Friday (Time)";"3d 5h 55m";"-549.36"
"228";"USTEC_ICM_UTC2";"Buy";"5683.8";"5766.3";"2017.07.10 18:45:00";"2017.07.12 17:27:00";"30.0";"2108.76";"5601.29980";"5766.29980";"-34839.85";"0.00";"IST";"PT";"1d 22h 42m";"-366.24"
"229";"USTEC_ICM_UTC2";"Buy";"5759.6";"5842.1";"2017.07.12 19:15:00";"2017.07.14 22:37:00";"30.0";"2108.76";"5677.10010";"5842.10010";"-32731.09";"0.00";"IST";"PT";"2d 3h 22m";"-366.24"
"230";"USTEC_ICM_UTC2";"Buy";"5841.5";"5837.9";"2017.07.14 22:45:00";"2017.07.14 22:55:00";"30.0";"-108.00";"5759.00000";"5924.00000";"-32839.09";"0.00";"IST";"End Of Friday (Time)";"10m 0s";"-0.00"
"231";"USTEC_ICM_UTC2";"Buy";"5845.3";"5927.8";"2017.07.17 17:45:00";"2017.07.20 15:18:00";"30.0";"1925.64";"5762.79980";"5927.79980";"-30913.45";"0.00";"IST";"PT";"2d 21h 33m";"-549.36"
"232";"USTEC_ICM_UTC2";"Buy";"5919.9";"5915.5";"2017.07.20 18:45:00";"2017.07.21 22:55:00";"30.0";"-315.12";"5837.39990";"6002.39990";"-31228.57";"0.00";"IST";"End Of Friday (Time)";"1d 4h 10m";"-183.12"
"233";"USTEC_ICM_UTC2";"Buy";"5917.0";"5908.5";"2017.07.24 16:30:00";"2017.07.28 22:55:00";"30.0";"-987.48";"5834.50000";"5999.50000";"-32216.05";"0.00";"IST";"End Of Friday (Time)";"4d 6h 25m";"-732.48"
"234";"USTEC_ICM_UTC2";"Buy";"5883.9";"5893.5";"2017.07.31 22:15:00";"2017.08.04 22:55:00";"30.0";"-444.48";"5801.39990";"5966.39990";"-32660.53";"0.00";"IST";"End Of Friday (Time)";"4d 0h 40m";"-732.48"
"235";"USTEC_ICM_UTC2";"Buy";"5909.0";"5826.5";"2017.08.07 16:45:00";"2017.08.10 18:45:00";"30.0";"-3024.36";"5826.50000";"5991.50000";"-35684.89";"0.00";"IST";"SL";"3d 2h 0m";"-549.36"
"236";"USTEC_ICM_UTC2";"Buy";"5815.3";"5830.1";"2017.08.10 20:45:00";"2017.08.11 22:55:00";"30.0";"260.88";"5732.79980";"5897.79980";"-35424.01";"0.00";"IST";"End Of Friday (Time)";"1d 2h 10m";"-183.12"
"237";"USTEC_ICM_UTC2";"Buy";"5899.5";"5817.0";"2017.08.14 18:00:00";"2017.08.17 20:15:00";"30.0";"-3024.36";"5817.00000";"5982.00000";"-38448.37";"0.00";"IST";"SL";"3d 2h 15m";"-549.36"
"238";"USTEC_ICM_UTC2";"Buy";"5829.1";"5793.9";"2017.08.17 21:15:00";"2017.08.18 22:55:00";"30.0";"-1239.12";"5746.60010";"5911.60010";"-39687.49";"0.00";"IST";"End Of Friday (Time)";"1d 1h 40m";"-183.12"
"239";"USTEC_ICM_UTC2";"Buy";"5791.4";"5873.9";"2017.08.21 16:30:00";"2017.08.22 21:33:00";"30.0";"2291.88";"5708.89990";"5873.89990";"-37395.61";"0.00";"IST";"PT";"1d 5h 3m";"-183.12"
"240";"USTEC_ICM_UTC2";"Buy";"5874.8";"5826.6";"2017.08.22 21:45:00";"2017.08.25 22:55:00";"30.0";"-1995.36";"5792.29980";"5957.29980";"-39390.97";"0.00";"IST";"End Of Friday (Time)";"3d 1h 10m";"-549.36"
"241";"USTEC_ICM_UTC2";"Buy";"5841.0";"5923.5";"2017.08.28 16:30:00";"2017.08.30 20:26:00";"30.0";"2108.76";"5758.50000";"5923.50000";"-37282.21";"0.00";"IST";"PT";"2d 3h 56m";"-366.24"
"242";"USTEC_ICM_UTC2";"Buy";"5927.6";"6010.1";"2017.08.30 20:30:00";"2017.09.01 15:33:00";"30.0";"2108.76";"5845.10010";"6010.10010";"-35173.45";"0.00";"IST";"PT";"1d 19h 3m";"-366.24"
"243";"USTEC_ICM_UTC2";"Buy";"5993.9";"5990.4";"2017.09.01 19:30:00";"2017.09.01 22:55:00";"30.0";"-105.00";"5911.39990";"6076.39990";"-35278.45";"0.00";"IST";"End Of Friday (Time)";"3h 25m";"-0.00"
"244";"USTEC_ICM_UTC2";"Buy";"5972.7";"5890.2";"2017.09.04 18:00:00";"2017.09.05 20:02:00";"30.0";"-2658.12";"5890.20020";"6055.20020";"-37936.57";"0.00";"IST";"SL";"1d 2h 2m";"-183.12"
"245";"USTEC_ICM_UTC2";"Buy";"5917.9";"5910.5";"2017.09.05 21:15:00";"2017.09.08 22:55:00";"30.0";"-771.36";"5835.39990";"6000.39990";"-38707.93";"0.00";"IST";"End Of Friday (Time)";"3d 1h 40m";"-549.36"
"246";"USTEC_ICM_UTC2";"Buy";"5958.4";"5987.0";"2017.09.11 16:30:00";"2017.09.15 22:55:00";"30.0";"125.52";"5875.89990";"6040.89990";"-38582.41";"0.00";"IST";"End Of Friday (Time)";"4d 6h 25m";"-732.48"
"247";"USTEC_ICM_UTC2";"Buy";"6006.4";"5923.9";"2017.09.18 17:00:00";"2017.09.21 17:22:00";"30.0";"-3024.36";"5923.89990";"6088.89990";"-41606.77";"0.00";"IST";"SL";"3d 0h 22m";"-549.36"
"248";"USTEC_ICM_UTC2";"Buy";"5946.2";"5934.2";"2017.09.21 18:45:00";"2017.09.22 22:55:00";"30.0";"-543.12";"5863.70020";"6028.70020";"-42149.89";"0.00";"IST";"End Of Friday (Time)";"1d 4h 10m";"-183.12"
"249";"USTEC_ICM_UTC2";"Buy";"5860.7";"5943.2";"2017.09.25 20:15:00";"2017.09.27 21:15:00";"30.0";"2108.76";"5778.20020";"5943.20020";"-40041.13";"0.00";"IST";"PT";"2d 1h 0m";"-366.24"
"250";"USTEC_ICM_UTC2";"Buy";"5943.2";"5977.9";"2017.09.27 21:30:00";"2017.09.29 22:55:00";"30.0";"674.76";"5860.70020";"6025.70020";"-39366.37";"0.00";"IST";"End Of Friday (Time)";"2d 1h 25m";"-366.24"
"251";"USTEC_ICM_UTC2";"Buy";"5998.5";"6062.3";"2017.10.02 17:15:00";"2017.10.06 22:55:00";"30.0";"1181.52";"5916.00000";"6081.00000";"-38184.85";"0.00";"IST";"End Of Friday (Time)";"4d 5h 40m";"-732.48"
"252";"USTEC_ICM_UTC2";"Buy";"6070.3";"6091.6";"2017.10.09 16:45:00";"2017.10.13 22:55:00";"30.0";"-93.48";"5987.79980";"6152.79980";"-38278.33";"0.00";"IST";"End Of Friday (Time)";"4d 6h 10m";"-732.48"
"253";"USTEC_ICM_UTC2";"Buy";"6109.1";"6100.8";"2017.10.16 18:30:00";"2017.10.20 22:55:00";"30.0";"-981.48";"6026.60010";"6191.60010";"-39259.81";"0.00";"IST";"End Of Friday (Time)";"4d 4h 25m";"-732.48"
"254";"USTEC_ICM_UTC2";"Buy";"6111.8";"6029.3";"2017.10.23 16:45:00";"2017.10.25 18:13:00";"30.0";"-2841.24";"6029.29980";"6194.29980";"-42101.05";"0.00";"IST";"SL";"2d 1h 28m";"-366.24"
"255";"USTEC_ICM_UTC2";"Buy";"6030.4";"6112.9";"2017.10.25 18:15:00";"2017.10.27 12:36:00";"30.0";"2108.76";"5947.89990";"6112.89990";"-39992.29";"0.00";"IST";"PT";"1d 18h 21m";"-366.24"
"256";"USTEC_ICM_UTC2";"Buy";"6135.0";"6217.5";"2017.10.27 16:30:00";"2017.10.27 20:57:00";"30.0";"2475.00";"6052.50000";"6217.50000";"-37517.29";"0.00";"IST";"PT";"4h 27m";"-0.00"
"257";"USTEC_ICM_UTC2";"Buy";"6247.4";"6329.9";"2017.10.30 16:30:00";"2017.11.08 18:03:00";"30.0";"826.92";"6164.89990";"6329.89990";"-36690.37";"0.00";"IST";"PT";"9d 1h 33m";"-1648.08"
"258";"USTEC_ICM_UTC2";"Buy";"6328.0";"6309.6";"2017.11.08 18:45:00";"2017.11.10 22:55:00";"30.0";"-918.24";"6245.50000";"6410.50000";"-37608.61";"0.00";"IST";"End Of Friday (Time)";"2d 4h 10m";"-366.24"
"259";"USTEC_ICM_UTC2";"Buy";"6312.1";"6229.6";"2017.11.13 17:15:00";"2017.11.15 16:39:00";"30.0";"-2841.24";"6229.60010";"6394.60010";"-40449.85";"0.00";"IST";"SL";"1d 23h 24m";"-366.24"
"260";"USTEC_ICM_UTC2";"Buy";"6266.1";"6348.6";"2017.11.15 17:45:00";"2017.11.16 20:05:00";"30.0";"2291.88";"6183.60010";"6348.60010";"-38157.97";"0.00";"IST";"PT";"1d 2h 20m";"-183.12"
"261";"USTEC_ICM_UTC2";"Buy";"6344.3";"6315.6";"2017.11.16 20:30:00";"2017.11.17 22:55:00";"30.0";"-1044.12";"6261.79980";"6426.79980";"-39202.09";"0.00";"IST";"End Of Friday (Time)";"1d 2h 25m";"-183.12"
"262";"USTEC_ICM_UTC2";"Buy";"6311.6";"6394.1";"2017.11.20 21:15:00";"2017.11.24 15:13:00";"30.0";"1742.52";"6229.10010";"6394.10010";"-37459.57";"0.00";"IST";"PT";"3d 17h 58m";"-732.48"
"263";"USTEC_ICM_UTC2";"Buy";"6406.1";"6323.6";"2017.11.24 18:15:00";"2017.11.29 17:23:00";"30.0";"-3390.60";"6323.60010";"6488.60010";"-40850.17";"0.00";"IST";"SL";"4d 23h 8m";"-915.60"
"264";"USTEC_ICM_UTC2";"Buy";"6317.6";"6337.8";"2017.11.29 20:15:00";"2017.12.01 22:55:00";"30.0";"239.76";"6235.10010";"6400.10010";"-40610.41";"0.00";"IST";"End Of Friday (Time)";"2d 2h 40m";"-366.24"
"265";"USTEC_ICM_UTC2";"Buy";"6314.8";"6232.3";"2017.12.04 20:00:00";"2017.12.05 12:58:00";"30.0";"-2658.12";"6232.29980";"6397.29980";"-43268.53";"0.00";"IST";"SL";"16h 58m";"-183.12"
"266";"USTEC_ICM_UTC2";"Buy";"6305.4";"6339.2";"2017.12.05 17:30:00";"2017.12.08 22:55:00";"30.0";"464.64";"6222.89990";"6387.89990";"-42803.89";"0.00";"IST";"End Of Friday (Time)";"3d 5h 25m";"-549.36"
"267";"USTEC_ICM_UTC2";"Buy";"6345.2";"6427.7";"2017.12.11 16:30:00";"2017.12.15 18:04:00";"30.0";"1742.52";"6262.70020";"6427.70020";"-41061.37";"0.00";"IST";"PT";"4d 1h 34m";"-732.48"
"268";"USTEC_ICM_UTC2";"Buy";"6431.1";"6458.9";"2017.12.15 18:15:00";"2017.12.15 22:55:00";"30.0";"834.00";"6348.60010";"6513.60010";"-40227.37";"0.00";"IST";"End Of Friday (Time)";"4h 40m";"-0.00"
"269";"USTEC_ICM_UTC2";"Buy";"6514.1";"6467.4";"2017.12.18 17:30:00";"2017.12.22 22:55:00";"30.0";"-2133.48";"6431.60010";"6596.60010";"-42360.85";"0.00";"IST";"End Of Friday (Time)";"4d 5h 25m";"-732.48"
"270";"USTEC_ICM_UTC2";"Buy";"6439.0";"6399.3";"2017.12.26 16:30:00";"2017.12.29 22:55:00";"30.0";"-1740.36";"6356.50000";"6521.50000";"-44101.21";"0.00";"IST";"End Of Friday (Time)";"3d 6h 25m";"-549.36"
"271";"USTEC_ICM_UTC2";"Buy";"6473.3";"6555.8";"2018.01.02 17:00:00";"2018.01.03 17:02:00";"30.0";"2291.88";"6390.79980";"6555.79980";"-41809.33";"0.00";"IST";"PT";"1d 0h 2m";"-183.12"
"272";"USTEC_ICM_UTC2";"Buy";"6554.9";"6637.4";"2018.01.03 17:15:00";"2018.01.05 18:17:00";"30.0";"2108.76";"6472.39990";"6637.39990";"-39700.57";"0.00";"IST";"PT";"2d 1h 2m";"-366.24"
"273";"USTEC_ICM_UTC2";"Buy";"6638.8";"6653.6";"2018.01.05 18:30:00";"2018.01.05 22:55:00";"30.0";"444.00";"6556.29980";"6721.29980";"-39256.57";"0.00";"IST";"End Of Friday (Time)";"4h 25m";"-0.00"
"274";"USTEC_ICM_UTC2";"Buy";"6671.2";"6753.7";"2018.01.08 17:30:00";"2018.01.12 19:51:00";"30.0";"1742.52";"6588.70020";"6753.70020";"-37514.05";"0.00";"IST";"PT";"4d 2h 21m";"-732.48"
"275";"USTEC_ICM_UTC2";"Buy";"6755.4";"6760.7";"2018.01.12 20:15:00";"2018.01.12 22:55:00";"30.0";"159.00";"6672.89990";"6837.89990";"-37355.05";"0.00";"IST";"End Of Friday (Time)";"2h 40m";"-0.00"
"276";"USTEC_ICM_UTC2";"Buy";"6774.2";"6831.0";"2018.01.15 17:15:00";"2018.01.19 22:55:00";"30.0";"971.52";"6691.70020";"6856.70020";"-36383.53";"0.00";"IST";"End Of Friday (Time)";"4d 5h 40m";"-732.48"
"277";"USTEC_ICM_UTC2";"Buy";"6844.2";"6937.0";"2018.01.22 17:00:00";"2018.01.23 09:05:00";"30.0";"2599.95";"6761.70020";"6926.70020";"-33783.58";"0.00";"IST";"PT";"16h 5m";"-183.12"
"278";"USTEC_ICM_UTC2";"Buy";"6936.2";"7014.2";"2018.01.23 17:00:00";"2018.01.26 22:55:00";"30.0";"1790.64";"6853.70020";"7018.70020";"-31992.94";"0.00";"IST";"End Of Friday (Time)";"3d 5h 55m";"-549.36"
"279";"USTEC_ICM_UTC2";"Buy";"7003.0";"6920.5";"2018.01.29 20:45:00";"2018.01.30 16:14:00";"30.0";"-2658.12";"6920.50000";"7085.50000";"-34651.06";"0.00";"IST";"SL";"19h 29m";"-183.12"
"280";"USTEC_ICM_UTC2";"Buy";"6969.7";"6887.2";"2018.01.31 17:00:00";"2018.02.01 22:33:00";"30.0";"-2658.12";"6887.20020";"7052.20020";"-37309.18";"0.00";"IST";"SL";"1d 5h 33m";"-183.12"
"281";"USTEC_ICM_UTC2";"Buy";"6844.7";"6747.7";"2018.02.02 17:00:00";"2018.02.05 09:05:00";"30.0";"-3460.29";"6762.20020";"6927.20020";"-40769.47";"0.00";"IST";"SL";"2d 16h 5m";"-549.36"
"282";"USTEC_ICM_UTC2";"Buy";"6682.0";"6599.5";"2018.02.05 21:30:00";"2018.02.05 22:05:00";"30.0";"-2475.00";"6599.50000";"6764.50000";"-43244.47";"0.00";"IST";"SL";"35m 0s";"-0.00"
"283";"USTEC_ICM_UTC2";"Buy";"6504.4";"6586.9";"2018.02.06 21:00:00";"2018.02.06 21:55:00";"30.0";"2475.00";"6421.89990";"6586.89990";"-40769.47";"0.00";"IST";"PT";"55m 0s";"-0.00"
"284";"USTEC_ICM_UTC2";"Buy";"6644.5";"6562.0";"2018.02.07 16:30:00";"2018.02.08 09:33:00";"30.0";"-2658.12";"6562.00000";"6727.00000";"-43427.59";"0.00";"IST";"SL";"17h 3m";"-183.12"
"285";"USTEC_ICM_UTC2";"Buy";"6561.2";"6478.7";"2018.02.08 16:45:00";"2018.02.08 17:55:00";"30.0";"-2475.00";"6478.70020";"6643.70020";"-45902.59";"0.00";"IST";"SL";"1h 10m";"-0.00"
"286";"USTEC_ICM_UTC2";"Buy";"6382.7";"6300.2";"2018.02.09 17:30:00";"2018.02.09 17:47:00";"30.0";"-2475.00";"6300.20020";"6465.20020";"-48377.59";"0.00";"IST";"SL";"17m 0s";"-0.00"
"287";"USTEC_ICM_UTC2";"Buy";"6470.2";"6552.7";"2018.02.12 17:15:00";"2018.02.12 22:13:00";"30.0";"2475.00";"6387.70020";"6552.70020";"-45902.59";"0.00";"IST";"PT";"4h 58m";"-0.00"
"288";"USTEC_ICM_UTC2";"Buy";"6515.5";"6598.0";"2018.02.13 17:15:00";"2018.02.14 17:20:00";"30.0";"2291.88";"6433.00000";"6598.00000";"-43610.71";"0.00";"IST";"PT";"1d 0h 5m";"-183.12"
"289";"USTEC_ICM_UTC2";"Buy";"6602.1";"6684.6";"2018.02.14 17:30:00";"2018.02.14 22:47:00";"30.0";"2475.00";"6519.60010";"6684.60010";"-41135.71";"0.00";"IST";"PT";"5h 17m";"-0.00"
"290";"USTEC_ICM_UTC2";"Buy";"6745.4";"6827.9";"2018.02.15 17:30:00";"2018.02.16 09:15:00";"30.0";"2291.88";"6662.89990";"6827.89990";"-38843.83";"0.00";"IST";"PT";"15h 45m";"-183.12"
"291";"USTEC_ICM_UTC2";"Buy";"6817.7";"6785.2";"2018.02.16 17:30:00";"2018.02.16 22:55:00";"30.0";"-975.00";"6735.20020";"6900.20020";"-39818.83";"0.00";"IST";"End Of Friday (Time)";"5h 25m";"-0.00"
"292";"USTEC_ICM_UTC2";"Buy";"6783.4";"6865.9";"2018.02.19 16:45:00";"2018.02.21 21:06:00";"30.0";"2108.76";"6700.89990";"6865.89990";"-37710.07";"0.00";"IST";"PT";"2d 4h 21m";"-366.24"
"293";"USTEC_ICM_UTC2";"Buy";"6844.1";"6761.6";"2018.02.21 22:00:00";"2018.02.21 22:58:00";"30.0";"-2475.00";"6761.60010";"6926.60010";"-40185.07";"0.00";"IST";"SL";"58m 0s";"-0.00"
"294";"USTEC_ICM_UTC2";"Buy";"6789.3";"6871.8";"2018.02.22 16:30:00";"2018.02.23 21:50:00";"30.0";"2291.88";"6706.79980";"6871.79980";"-37893.19";"0.00";"IST";"PT";"1d 5h 20m";"-183.12"
"295";"USTEC_ICM_UTC2";"Buy";"6889.7";"6888.3";"2018.02.23 22:30:00";"2018.02.23 22:55:00";"30.0";"-42.00";"6807.20020";"6972.20020";"-37935.19";"0.00";"IST";"End Of Friday (Time)";"25m 0s";"-0.00"
"296";"USTEC_ICM_UTC2";"Buy";"6950.3";"6867.8";"2018.02.26 17:15:00";"2018.02.28 22:50:00";"30.0";"-2841.24";"6867.79980";"7032.79980";"-40776.43";"0.00";"IST";"SL";"2d 5h 35m";"-366.24"
"297";"USTEC_ICM_UTC2";"Buy";"6668.0";"6750.5";"2018.03.02 16:30:00";"2018.03.02 18:58:00";"30.0";"2475.00";"6585.50000";"6750.50000";"-38301.43";"0.00";"IST";"PT";"2h 28m";"-0.00"
"298";"USTEC_ICM_UTC2";"Buy";"6779.0";"6861.5";"2018.03.05 16:30:00";"2018.03.05 18:45:00";"30.0";"2475.00";"6696.50000";"6861.50000";"-35826.43";"0.00";"IST";"PT";"2h 15m";"-0.00"
"299";"USTEC_ICM_UTC2";"Buy";"6916.2";"6831.5";"2018.03.06 16:30:00";"2018.03.07 09:05:00";"30.0";"-2725.02";"6833.70020";"6998.70020";"-38551.45";"0.00";"IST";"SL";"16h 35m";"-183.12"
"300";"USTEC_ICM_UTC2";"Buy";"6898.1";"6980.6";"2018.03.07 18:15:00";"2018.03.09 15:30:00";"30.0";"2108.76";"6815.60010";"6980.60010";"-36442.69";"0.00";"IST";"PT";"1d 21h 15m";"-366.24"
"301";"USTEC_ICM_UTC2";"Buy";"7018.7";"7091.0";"2018.03.09 16:30:00";"2018.03.09 22:55:00";"30.0";"2169.00";"6936.20020";"7101.20020";"-34273.69";"0.00";"IST";"End Of Friday (Time)";"6h 25m";"-0.00"
"302";"USTEC_ICM_UTC2";"Buy";"7124.1";"7041.6";"2018.03.12 17:00:00";"2018.03.13 21:13:00";"30.0";"-2658.12";"7041.60010";"7206.60010";"-36931.81";"0.00";"IST";"SL";"1d 4h 13m";"-183.12"
"303";"USTEC_ICM_UTC2";"Buy";"7050.7";"6964.4";"2018.03.14 18:45:00";"2018.03.19 08:05:00";"30.0";"-3505.83";"6968.20020";"7133.20020";"-40437.64";"0.00";"IST";"SL";"4d 13h 20m";"-915.60"
"304";"USTEC_ICM_UTC2";"Buy";"6841.3";"6923.8";"2018.03.19 21:45:00";"2018.03.21 20:00:00";"30.0";"2108.76";"6758.79980";"6923.79980";"-38328.88";"0.00";"IST";"PT";"1d 22h 15m";"-366.24"
"305";"USTEC_ICM_UTC2";"Buy";"6867.5";"6785.0";"2018.03.21 20:45:00";"2018.03.22 11:27:00";"30.0";"-2658.12";"6785.00000";"6950.00000";"-40987.00";"0.00";"IST";"SL";"14h 42m";"-183.12"
"306";"USTEC_ICM_UTC2";"Buy";"6638.1";"6555.6";"2018.03.26 17:15:00";"2018.03.26 18:17:00";"30.0";"-2475.00";"6555.60010";"6720.60010";"-43462.00";"0.00";"IST";"SL";"1h 2m";"-0.00"
"307";"USTEC_ICM_UTC2";"Buy";"6743.9";"6661.4";"2018.03.27 18:15:00";"2018.03.27 20:52:00";"30.0";"-2475.00";"6661.39990";"6826.39990";"-45937.00";"0.00";"IST";"SL";"2h 37m";"-0.00"
"308";"USTEC_ICM_UTC2";"Buy";"6505.3";"6587.8";"2018.03.28 21:00:00";"2018.03.29 20:51:00";"30.0";"2291.88";"6422.79980";"6587.79980";"-43645.12";"0.00";"IST";"PT";"23h 51m";"-183.12"
"309";"USTEC_ICM_UTC2";"Buy";"6605.3";"6522.8";"2018.03.29 21:15:00";"2018.04.02 14:17:00";"30.0";"-3207.48";"6522.79980";"6687.79980";"-46852.60";"0.00";"IST";"SL";"3d 17h 2m";"-732.48"
"310";"USTEC_ICM_UTC2";"Buy";"6524.7";"6442.2";"2018.04.02 16:45:00";"2018.04.02 17:36:00";"30.0";"-2475.00";"6442.20020";"6607.20020";"-49327.60";"0.00";"IST";"SL";"51m 0s";"-0.00"
"311";"USTEC_ICM_UTC2";"Buy";"6445.1";"6362.6";"2018.04.03 18:15:00";"2018.04.03 21:44:00";"30.0";"-2475.00";"6362.60010";"6527.60010";"-51802.60";"0.00";"IST";"SL";"3h 29m";"-0.00"
"312";"USTEC_ICM_UTC2";"Buy";"6332.2";"6414.7";"2018.04.04 16:30:00";"2018.04.04 17:59:00";"30.0";"2475.00";"6249.70020";"6414.70020";"-49327.60";"0.00";"IST";"PT";"1h 29m";"-0.00"
"313";"USTEC_ICM_UTC2";"Buy";"6625.3";"6510.8";"2018.04.05 19:00:00";"2018.04.06 09:05:00";"30.0";"-3619.02";"6542.79980";"6707.79980";"-52946.62";"0.00";"IST";"SL";"14h 5m";"-183.12"
"314";"USTEC_ICM_UTC2";"Buy";"6561.0";"6478.5";"2018.04.06 17:15:00";"2018.04.06 20:49:00";"30.0";"-2475.00";"6478.50000";"6643.50000";"-55421.62";"0.00";"IST";"SL";"3h 34m";"-0.00"
"315";"USTEC_ICM_UTC2";"Buy";"6551.0";"6468.5";"2018.04.09 17:45:00";"2018.04.09 22:58:00";"30.0";"-2475.00";"6468.50000";"6633.50000";"-57896.62";"0.00";"IST";"SL";"5h 13m";"-0.00"
"316";"USTEC_ICM_UTC2";"Buy";"6594.1";"6676.6";"2018.04.10 17:45:00";"2018.04.12 17:20:00";"30.0";"2108.76";"6511.60010";"6676.60010";"-55787.86";"0.00";"IST";"PT";"1d 23h 35m";"-366.24"
"317";"USTEC_ICM_UTC2";"Buy";"6672.3";"6632.4";"2018.04.12 17:30:00";"2018.04.13 22:55:00";"30.0";"-1380.12";"6589.79980";"6754.79980";"-57167.98";"0.00";"IST";"End Of Friday (Time)";"1d 5h 25m";"-183.12"
"318";"USTEC_ICM_UTC2";"Buy";"6655.8";"6738.3";"2018.04.16 18:00:00";"2018.04.17 13:13:00";"30.0";"2291.88";"6573.29980";"6738.29980";"-54876.10";"0.00";"IST";"PT";"19h 13m";"-183.12"
"319";"USTEC_ICM_UTC2";"Buy";"6755.7";"6838.2";"2018.04.17 17:00:00";"2018.04.18 11:17:00";"30.0";"2291.88";"6673.20020";"6838.20020";"-52584.22";"0.00";"IST";"PT";"18h 17m";"-183.12"
"320";"USTEC_ICM_UTC2";"Buy";"6838.9";"6756.4";"2018.04.18 18:15:00";"2018.04.19 18:59:00";"30.0";"-2658.12";"6756.39990";"6921.39990";"-55242.34";"0.00";"IST";"SL";"1d 0h 44m";"-183.12"
"321";"USTEC_ICM_UTC2";"Buy";"6759.8";"6677.3";"2018.04.19 20:00:00";"2018.04.20 18:11:00";"30.0";"-2658.12";"6677.29980";"6842.29980";"-57900.46";"0.00";"IST";"SL";"22h 11m";"-183.12"
"322";"USTEC_ICM_UTC2";"Buy";"6682.9";"6662.9";"2018.04.20 21:00:00";"2018.04.20 22:55:00";"30.0";"-600.00";"6600.39990";"6765.39990";"-58500.46";"0.00";"IST";"End Of Friday (Time)";"1h 55m";"-0.00"
"323";"USTEC_ICM_UTC2";"Buy";"6702.3";"6619.8";"2018.04.23 18:00:00";"2018.04.23 21:53:00";"30.0";"-2475.00";"6619.79980";"6784.79980";"-60975.46";"0.00";"IST";"SL";"3h 53m";"-0.00"
"324";"USTEC_ICM_UTC2";"Buy";"6568.1";"6485.6";"2018.04.24 19:15:00";"2018.04.24 21:01:00";"30.0";"-2475.00";"6485.60010";"6650.60010";"-63450.46";"0.00";"IST";"SL";"1h 46m";"-0.00"
"325";"USTEC_ICM_UTC2";"Buy";"6440.5";"6523.0";"2018.04.25 17:00:00";"2018.04.25 18:02:00";"30.0";"2475.00";"6358.00000";"6523.00000";"-60975.46";"0.00";"IST";"PT";"1h 2m";"-0.00"
"326";"USTEC_ICM_UTC2";"Buy";"6638.4";"6720.9";"2018.04.26 17:15:00";"2018.04.26 23:04:00";"30.0";"2475.00";"6555.89990";"6720.89990";"-58500.46";"0.00";"IST";"PT";"5h 49m";"-0.00"
"327";"USTEC_ICM_UTC2";"Buy";"6650.5";"6659.7";"2018.04.27 19:00:00";"2018.04.27 22:55:00";"30.0";"276.00";"6568.00000";"6733.00000";"-58224.46";"0.00";"IST";"End Of Friday (Time)";"3h 55m";"-0.00"
"328";"USTEC_ICM_UTC2";"Buy";"6691.5";"6609.0";"2018.04.30 17:45:00";"2018.04.30 19:08:00";"30.0";"-2475.00";"6609.00000";"6774.00000";"-60699.46";"0.00";"IST";"SL";"1h 23m";"-0.00"
"329";"USTEC_ICM_UTC2";"Buy";"6624.5";"6710.0";"2018.05.01 17:45:00";"2018.05.02 01:00:00";"30.0";"2380.95";"6542.00000";"6707.00000";"-58318.51";"0.00";"IST";"PT";"7h 15m";"-183.12"
"330";"USTEC_ICM_UTC2";"Buy";"6673.6";"6591.1";"2018.05.02 19:45:00";"2018.05.03 16:40:00";"30.0";"-2658.12";"6591.10010";"6756.10010";"-60976.63";"0.00";"IST";"SL";"20h 55m";"-183.12"
"331";"USTEC_ICM_UTC2";"Buy";"6699.8";"6782.3";"2018.05.04 17:30:00";"2018.05.04 21:42:00";"30.0";"2475.00";"6617.29980";"6782.29980";"-58501.63";"0.00";"IST";"PT";"4h 12m";"-0.00"
"332";"USTEC_ICM_UTC2";"Buy";"6797.8";"6880.3";"2018.05.07 16:30:00";"2018.05.09 20:30:00";"30.0";"2108.76";"6715.29980";"6880.29980";"-56392.87";"0.00";"IST";"PT";"2d 4h 0m";"-366.24"
"333";"USTEC_ICM_UTC2";"Buy";"6884.1";"6966.6";"2018.05.09 20:45:00";"2018.05.10 22:50:00";"30.0";"2291.88";"6801.60010";"6966.60010";"-54100.99";"0.00";"IST";"PT";"1d 2h 5m";"-183.12"
"334";"USTEC_ICM_UTC2";"Buy";"6961.0";"6944.8";"2018.05.11 17:45:00";"2018.05.11 22:55:00";"30.0";"-486.00";"6878.50000";"7043.50000";"-54586.99";"0.00";"IST";"End Of Friday (Time)";"5h 10m";"-0.00"
"335";"USTEC_ICM_UTC2";"Buy";"6994.3";"6911.8";"2018.05.14 18:00:00";"2018.05.15 15:49:00";"30.0";"-2658.12";"6911.79980";"7076.79980";"-57245.11";"0.00";"IST";"SL";"21h 49m";"-183.12"
"336";"USTEC_ICM_UTC2";"Buy";"6871.4";"6869.6";"2018.05.15 20:45:00";"2018.05.18 22:55:00";"30.0";"-603.36";"6788.89990";"6953.89990";"-57848.47";"0.00";"IST";"End Of Friday (Time)";"3d 2h 10m";"-549.36"
"337";"USTEC_ICM_UTC2";"Buy";"6918.3";"6835.8";"2018.05.21 16:30:00";"2018.05.23 11:16:00";"30.0";"-2841.24";"6835.79980";"7000.79980";"-60689.71";"0.00";"IST";"SL";"1d 18h 46m";"-366.24"
"338";"USTEC_ICM_UTC2";"Buy";"6891.5";"6974.0";"2018.05.23 20:30:00";"2018.05.25 04:33:00";"30.0";"2108.76";"6809.00000";"6974.00000";"-58580.95";"0.00";"IST";"PT";"1d 8h 3m";"-366.24"
"339";"USTEC_ICM_UTC2";"Buy";"6977.0";"6960.3";"2018.05.25 17:45:00";"2018.05.25 22:55:00";"30.0";"-501.00";"6894.50000";"7059.50000";"-59081.95";"0.00";"IST";"End Of Friday (Time)";"5h 10m";"-0.00"
"340";"USTEC_ICM_UTC2";"Buy";"6977.2";"6894.7";"2018.05.28 17:15:00";"2018.05.29 11:32:00";"30.0";"-2658.12";"6894.70020";"7059.70020";"-61740.07";"0.00";"IST";"SL";"18h 17m";"-183.12"
"341";"USTEC_ICM_UTC2";"Buy";"6959.7";"7042.2";"2018.05.30 17:15:00";"2018.06.01 17:20:00";"30.0";"2108.76";"6877.20020";"7042.20020";"-59631.31";"0.00";"IST";"PT";"2d 0h 5m";"-366.24"
"342";"USTEC_ICM_UTC2";"Buy";"7048.2";"7078.0";"2018.06.01 17:30:00";"2018.06.01 22:55:00";"30.0";"894.00";"6965.70020";"7130.70020";"-58737.31";"0.00";"IST";"End Of Friday (Time)";"5h 25m";"-0.00"
"343";"USTEC_ICM_UTC2";"Buy";"7119.6";"7202.1";"2018.06.04 16:45:00";"2018.06.06 22:50:00";"30.0";"2108.76";"7037.10010";"7202.10010";"-56628.55";"0.00";"IST";"PT";"2d 6h 5m";"-366.24"
"344";"USTEC_ICM_UTC2";"Buy";"7198.1";"7115.6";"2018.06.07 17:00:00";"2018.06.07 20:41:00";"30.0";"-2475.00";"7115.60010";"7280.60010";"-59103.55";"0.00";"IST";"SL";"3h 41m";"-0.00"
"345";"USTEC_ICM_UTC2";"Buy";"7133.2";"7155.5";"2018.06.08 17:00:00";"2018.06.08 22:55:00";"30.0";"669.00";"7050.70020";"7215.70020";"-58434.55";"0.00";"IST";"End Of Friday (Time)";"5h 55m";"-0.00"
"346";"USTEC_ICM_UTC2";"Buy";"7144.5";"7227.0";"2018.06.11 16:30:00";"2018.06.13 04:35:00";"30.0";"2108.76";"7062.00000";"7227.00000";"-56325.79";"0.00";"IST";"PT";"1d 12h 5m";"-366.24"
"347";"USTEC_ICM_UTC2";"Buy";"7242.8";"7252.0";"2018.06.13 17:30:00";"2018.06.15 22:55:00";"30.0";"-90.24";"7160.29980";"7325.29980";"-56416.03";"0.00";"IST";"End Of Friday (Time)";"2d 5h 25m";"-366.24"
"348";"USTEC_ICM_UTC2";"Buy";"7207.5";"7290.0";"2018.06.18 16:30:00";"2018.06.20 18:58:00";"30.0";"2108.76";"7125.00000";"7290.00000";"-54307.27";"0.00";"IST";"PT";"2d 2h 28m";"-366.24"
"349";"USTEC_ICM_UTC2";"Buy";"7296.3";"7213.8";"2018.06.20 19:15:00";"2018.06.21 17:22:00";"30.0";"-2658.12";"7213.79980";"7378.79980";"-56965.39";"0.00";"IST";"SL";"22h 7m";"-183.12"
"350";"USTEC_ICM_UTC2";"Buy";"7246.1";"7207.5";"2018.06.21 19:15:00";"2018.06.22 22:55:00";"30.0";"-1341.12";"7163.60010";"7328.60010";"-58306.51";"0.00";"IST";"End Of Friday (Time)";"1d 3h 40m";"-183.12"
"351";"USTEC_ICM_UTC2";"Buy";"7078.1";"6995.6";"2018.06.26 17:00:00";"2018.06.27 11:50:00";"30.0";"-2658.12";"6995.60010";"7160.60010";"-60964.63";"0.00";"IST";"SL";"18h 50m";"-183.12"
"352";"USTEC_ICM_UTC2";"Buy";"7120.1";"7037.6";"2018.06.27 17:00:00";"2018.06.27 20:09:00";"30.0";"-2475.00";"7037.60010";"7202.60010";"-63439.63";"0.00";"IST";"SL";"3h 9m";"-0.00"
"353";"USTEC_ICM_UTC2";"Buy";"6993.0";"7075.5";"2018.06.28 17:00:00";"2018.06.29 07:32:00";"30.0";"2291.88";"6910.50000";"7075.50000";"-61147.75";"0.00";"IST";"PT";"14h 32m";"-183.12"
"354";"USTEC_ICM_UTC2";"Buy";"7085.9";"7053.5";"2018.06.29 18:30:00";"2018.06.29 22:55:00";"30.0";"-972.00";"7003.39990";"7168.39990";"-62119.75";"0.00";"IST";"End Of Friday (Time)";"4h 25m";"-0.00"
"355";"USTEC_ICM_UTC2";"Buy";"7035.3";"7117.8";"2018.07.02 18:15:00";"2018.07.03 10:09:00";"30.0";"2291.88";"6952.79980";"7117.79980";"-59827.88";"0.00";"IST";"PT";"15h 54m";"-183.12"
"356";"USTEC_ICM_UTC2";"Buy";"7081.8";"6996.9";"2018.07.03 18:00:00";"2018.07.04 01:02:00";"30.0";"-2731.32";"6999.29980";"7164.29980";"-62559.19";"0.00";"IST";"SL";"7h 2m";"-183.12"
"357";"USTEC_ICM_UTC2";"Buy";"7027.6";"7110.1";"2018.07.04 16:30:00";"2018.07.06 07:12:00";"30.0";"2108.76";"6945.10010";"7110.10010";"-60450.43";"0.00";"IST";"PT";"1d 14h 42m";"-366.24"
"358";"USTEC_ICM_UTC2";"Buy";"7143.2";"7202.9";"2018.07.06 17:00:00";"2018.07.06 22:55:00";"30.0";"1791.00";"7060.70020";"7225.70020";"-58659.43";"0.00";"IST";"End Of Friday (Time)";"5h 55m";"-0.00"
"359";"USTEC_ICM_UTC2";"Buy";"7245.6";"7328.1";"2018.07.09 18:30:00";"2018.07.12 17:36:00";"30.0";"1925.64";"7163.10010";"7328.10010";"-56733.79";"0.00";"IST";"PT";"2d 23h 6m";"-549.36"
"360";"USTEC_ICM_UTC2";"Buy";"7323.5";"7378.1";"2018.07.12 17:45:00";"2018.07.13 22:55:00";"30.0";"1454.88";"7241.00000";"7406.00000";"-55278.91";"0.00";"IST";"End Of Friday (Time)";"1d 5h 10m";"-183.12"
"361";"USTEC_ICM_UTC2";"Buy";"7381.1";"7298.6";"2018.07.16 19:30:00";"2018.07.17 01:01:00";"30.0";"-2658.12";"7298.60010";"7463.60010";"-57937.03";"0.00";"IST";"SL";"5h 31m";"-183.12"
"362";"USTEC_ICM_UTC2";"Buy";"7361.6";"7345.9";"2018.07.17 18:30:00";"2018.07.20 22:55:00";"30.0";"-1020.36";"7279.10010";"7444.10010";"-58957.39";"0.00";"IST";"End Of Friday (Time)";"3d 4h 25m";"-549.36"
"363";"USTEC_ICM_UTC2";"Buy";"7344.4";"7426.9";"2018.07.23 18:30:00";"2018.07.24 04:43:00";"30.0";"2291.88";"7261.89990";"7426.89990";"-56665.51";"0.00";"IST";"PT";"10h 13m";"-183.12"
"364";"USTEC_ICM_UTC2";"Buy";"7456.4";"7373.9";"2018.07.24 17:00:00";"2018.07.24 20:37:00";"30.0";"-2475.00";"7373.89990";"7538.89990";"-59140.51";"0.00";"IST";"SL";"3h 37m";"-0.00"
"365";"USTEC_ICM_UTC2";"Buy";"7411.9";"7494.4";"2018.07.25 17:15:00";"2018.07.25 22:47:00";"30.0";"2475.00";"7329.39990";"7494.39990";"-56665.51";"0.00";"IST";"PT";"5h 32m";"-0.00"
"366";"USTEC_ICM_UTC2";"Buy";"7414.6";"7332.1";"2018.07.26 16:45:00";"2018.07.27 19:27:00";"30.0";"-2658.12";"7332.10010";"7497.10010";"-59323.63";"0.00";"IST";"SL";"1d 2h 42m";"-183.12"
"367";"USTEC_ICM_UTC2";"Buy";"7285.1";"7295.9";"2018.07.27 21:30:00";"2018.07.27 22:55:00";"30.0";"324.00";"7202.60010";"7367.60010";"-58999.63";"0.00";"IST";"End Of Friday (Time)";"1h 25m";"-0.00"
"368";"USTEC_ICM_UTC2";"Buy";"7217.5";"7300.0";"2018.07.30 16:45:00";"2018.08.02 17:38:00";"30.0";"1925.64";"7135.00000";"7300.00000";"-57073.99";"0.00";"IST";"PT";"3d 0h 53m";"-549.36"
"369";"USTEC_ICM_UTC2";"Buy";"7295.9";"7378.4";"2018.08.02 17:45:00";"2018.08.02 22:46:00";"30.0";"2475.00";"7213.39990";"7378.39990";"-54598.99";"0.00";"IST";"PT";"5h 1m";"-0.00"
"370";"USTEC_ICM_UTC2";"Buy";"7387.2";"7391.5";"2018.08.03 17:45:00";"2018.08.03 22:55:00";"30.0";"129.00";"7304.70020";"7469.70020";"-54469.99";"0.00";"IST";"End Of Friday (Time)";"5h 10m";"-0.00"
"371";"USTEC_ICM_UTC2";"Buy";"7399.7";"7482.2";"2018.08.06 17:45:00";"2018.08.08 17:55:00";"30.0";"2108.76";"7317.20020";"7482.20020";"-52361.23";"0.00";"IST";"PT";"2d 0h 10m";"-366.24"
"372";"USTEC_ICM_UTC2";"Buy";"7479.5";"7397.0";"2018.08.08 18:30:00";"2018.08.10 20:48:00";"30.0";"-2841.24";"7397.00000";"7562.00000";"-55202.47";"0.00";"IST";"SL";"2d 2h 18m";"-366.24"
"373";"USTEC_ICM_UTC2";"Buy";"7464.4";"7381.9";"2018.08.13 17:30:00";"2018.08.15 14:30:00";"30.0";"-2841.24";"7381.89990";"7546.89990";"-58043.71";"0.00";"IST";"SL";"1d 21h 0m";"-366.24"
"374";"USTEC_ICM_UTC2";"Buy";"7364.1";"7381.5";"2018.08.15 17:00:00";"2018.08.17 22:55:00";"30.0";"155.76";"7281.60010";"7446.60010";"-57887.95";"0.00";"IST";"End Of Friday (Time)";"2d 5h 55m";"-366.24"
"375";"USTEC_ICM_UTC2";"Buy";"7363.9";"7446.4";"2018.08.20 19:15:00";"2018.08.23 16:46:00";"30.0";"1925.64";"7281.39990";"7446.39990";"-55962.31";"0.00";"IST";"PT";"2d 21h 31m";"-549.36"
"376";"USTEC_ICM_UTC2";"Buy";"7467.1";"7487.2";"2018.08.23 17:30:00";"2018.08.24 22:55:00";"30.0";"419.88";"7384.60010";"7549.60010";"-55542.43";"0.00";"IST";"End Of Friday (Time)";"1d 5h 25m";"-183.12"
"377";"USTEC_ICM_UTC2";"Buy";"7548.9";"7631.4";"2018.08.27 17:45:00";"2018.08.29 17:47:00";"30.0";"2108.76";"7466.39990";"7631.39990";"-53433.67";"0.00";"IST";"PT";"2d 0h 2m";"-366.24"
"378";"USTEC_ICM_UTC2";"Buy";"7630.7";"7656.4";"2018.08.29 18:00:00";"2018.08.31 22:55:00";"30.0";"404.76";"7548.20020";"7713.20020";"-53028.91";"0.00";"IST";"End Of Friday (Time)";"2d 4h 55m";"-366.24"
"379";"USTEC_ICM_UTC2";"Buy";"7668.2";"7585.7";"2018.09.03 17:30:00";"2018.09.04 16:42:00";"30.0";"-2658.12";"7585.70020";"7750.70020";"-55687.04";"0.00";"IST";"SL";"23h 12m";"-183.12"
"380";"USTEC_ICM_UTC2";"Buy";"7620.4";"7537.9";"2018.09.04 17:45:00";"2018.09.05 17:02:00";"30.0";"-2658.12";"7537.89990";"7702.89990";"-58345.15";"0.00";"IST";"SL";"23h 17m";"-183.12"
"381";"USTEC_ICM_UTC2";"Buy";"7537.2";"7454.7";"2018.09.05 19:15:00";"2018.09.06 17:35:00";"30.0";"-2658.12";"7454.70020";"7619.70020";"-61003.27";"0.00";"IST";"SL";"22h 20m";"-183.12"
"382";"USTEC_ICM_UTC2";"Buy";"7431.0";"7426.2";"2018.09.06 21:00:00";"2018.09.07 22:55:00";"30.0";"-327.12";"7348.50000";"7513.50000";"-61330.39";"0.00";"IST";"End Of Friday (Time)";"1d 1h 55m";"-183.12"
"383";"USTEC_ICM_UTC2";"Buy";"7443.6";"7526.1";"2018.09.10 18:15:00";"2018.09.12 10:49:00";"30.0";"2108.76";"7361.10010";"7526.10010";"-59221.63";"0.00";"IST";"PT";"1d 16h 34m";"-366.24"
"384";"USTEC_ICM_UTC2";"Buy";"7459.3";"7541.8";"2018.09.12 17:15:00";"2018.09.13 16:32:00";"30.0";"2291.88";"7376.79980";"7541.79980";"-56929.75";"0.00";"IST";"PT";"23h 17m";"-183.12"
"385";"USTEC_ICM_UTC2";"Buy";"7552.4";"7549.9";"2018.09.13 17:00:00";"2018.09.14 22:55:00";"30.0";"-258.12";"7469.89990";"7634.89990";"-57187.88";"0.00";"IST";"End Of Friday (Time)";"1d 5h 55m";"-183.12"
"386";"USTEC_ICM_UTC2";"Buy";"7528.1";"7445.6";"2018.09.17 16:30:00";"2018.09.17 22:20:00";"30.0";"-2475.00";"7445.60010";"7610.60010";"-59662.88";"0.00";"IST";"SL";"5h 50m";"-0.00"
"387";"USTEC_ICM_UTC2";"Buy";"7503.3";"7585.8";"2018.09.18 17:30:00";"2018.09.21 07:01:00";"30.0";"1925.64";"7420.79980";"7585.79980";"-57737.23";"0.00";"IST";"PT";"2d 13h 31m";"-549.36"
"388";"USTEC_ICM_UTC2";"Buy";"7581.9";"7533.3";"2018.09.21 17:00:00";"2018.09.21 22:55:00";"30.0";"-1458.00";"7499.39990";"7664.39990";"-59195.23";"0.00";"IST";"End Of Friday (Time)";"5h 55m";"-0.00"
"389";"USTEC_ICM_UTC2";"Buy";"7543.6";"7626.1";"2018.09.24 21:15:00";"2018.09.26 21:04:00";"30.0";"2108.76";"7461.10010";"7626.10010";"-57086.47";"0.00";"IST";"PT";"1d 23h 49m";"-366.24"
"390";"USTEC_ICM_UTC2";"Buy";"7616.5";"7621.6";"2018.09.26 22:00:00";"2018.09.28 22:55:00";"30.0";"-213.24";"7534.00000";"7699.00000";"-57299.71";"0.00";"IST";"End Of Friday (Time)";"2d 0h 55m";"-366.24"
"391";"USTEC_ICM_UTC2";"Buy";"7698.7";"7616.2";"2018.10.01 17:30:00";"2018.10.02 11:46:00";"30.0";"-2658.12";"7616.20020";"7781.20020";"-59957.83";"0.00";"IST";"SL";"18h 16m";"-183.12"
"392";"USTEC_ICM_UTC2";"Buy";"7677.4";"7594.9";"2018.10.02 18:45:00";"2018.10.04 05:03:00";"30.0";"-2841.24";"7594.89990";"7759.89990";"-62799.07";"0.00";"IST";"SL";"1d 10h 18m";"-366.24"
"393";"USTEC_ICM_UTC2";"Buy";"7482.2";"7399.7";"2018.10.04 22:00:00";"2018.10.05 18:18:00";"30.0";"-2658.12";"7399.70020";"7564.70020";"-65457.20";"0.00";"IST";"SL";"20h 18m";"-183.12"
"394";"USTEC_ICM_UTC2";"Buy";"7353.5";"7414.3";"2018.10.05 20:00:00";"2018.10.05 22:55:00";"30.0";"1824.00";"7271.00000";"7436.00000";"-63633.20";"0.00";"IST";"End Of Friday (Time)";"2h 55m";"-0.00"
"395";"USTEC_ICM_UTC2";"Buy";"7412.4";"7329.9";"2018.10.08 17:15:00";"2018.10.08 18:33:00";"30.0";"-2475.00";"7329.89990";"7494.89990";"-66108.20";"0.00";"IST";"SL";"1h 18m";"-0.00"
"396";"USTEC_ICM_UTC2";"Buy";"7371.6";"7289.1";"2018.10.09 17:15:00";"2018.10.10 16:38:00";"30.0";"-2658.12";"7289.10010";"7454.10010";"-68766.31";"0.00";"IST";"SL";"23h 23m";"-183.12"
"397";"USTEC_ICM_UTC2";"Buy";"7211.6";"7129.1";"2018.10.10 19:15:00";"2018.10.10 22:10:00";"30.0";"-2475.00";"7129.10010";"7294.10010";"-71241.31";"0.00";"IST";"SL";"2h 55m";"-0.00"
"398";"USTEC_ICM_UTC2";"Buy";"6996.3";"7078.8";"2018.10.11 22:45:00";"2018.10.12 03:15:00";"30.0";"2291.88";"6913.79980";"7078.79980";"-68949.44";"0.00";"IST";"PT";"4h 30m";"-183.12"
"399";"USTEC_ICM_UTC2";"Buy";"7081.0";"7163.5";"2018.10.12 20:45:00";"2018.10.12 22:50:00";"30.0";"2475.00";"6998.50000";"7163.50000";"-66474.44";"0.00";"IST";"PT";"2h 5m";"-0.00"
"400";"USTEC_ICM_UTC2";"Buy";"7103.2";"7185.7";"2018.10.15 16:45:00";"2018.10.16 18:13:00";"30.0";"2291.88";"7020.70020";"7185.70020";"-64182.55";"0.00";"IST";"PT";"1d 1h 28m";"-183.12"
"401";"USTEC_ICM_UTC2";"Buy";"7207.7";"7290.2";"2018.10.16 18:30:00";"2018.10.16 22:50:00";"30.0";"2475.00";"7125.20020";"7290.20020";"-61707.55";"0.00";"IST";"PT";"4h 20m";"-0.00"
"402";"USTEC_ICM_UTC2";"Buy";"7250.9";"7168.4";"2018.10.17 17:00:00";"2018.10.18 18:29:00";"30.0";"-2658.12";"7168.39990";"7333.39990";"-64365.68";"0.00";"IST";"SL";"1d 1h 29m";"-183.12"
"403";"USTEC_ICM_UTC2";"Buy";"7170.9";"7088.4";"2018.10.18 18:30:00";"2018.10.18 20:24:00";"30.0";"-2475.00";"7088.39990";"7253.39990";"-66840.67";"0.00";"IST";"SL";"1h 54m";"-0.00"
"404";"USTEC_ICM_UTC2";"Buy";"7126.8";"7120.4";"2018.10.19 20:45:00";"2018.10.19 22:55:00";"30.0";"-192.00";"7044.29980";"7209.29980";"-67032.67";"0.00";"IST";"End Of Friday (Time)";"2h 10m";"-0.00"
"405";"USTEC_ICM_UTC2";"Buy";"7144.9";"7062.4";"2018.10.22 16:30:00";"2018.10.23 08:50:00";"30.0";"-2658.12";"7062.39990";"7227.39990";"-69690.80";"0.00";"IST";"SL";"16h 20m";"-183.12"
"406";"USTEC_ICM_UTC2";"Buy";"7011.1";"7093.6";"2018.10.23 16:30:00";"2018.10.23 21:16:00";"30.0";"2475.00";"6928.60010";"7093.60010";"-67215.80";"0.00";"IST";"PT";"4h 46m";"-0.00"
"407";"USTEC_ICM_UTC2";"Buy";"7015.6";"6933.1";"2018.10.24 19:30:00";"2018.10.24 20:58:00";"30.0";"-2475.00";"6933.10010";"7098.10010";"-69690.80";"0.00";"IST";"SL";"1h 28m";"-0.00"
"408";"USTEC_ICM_UTC2";"Buy";"6963.0";"7045.5";"2018.10.25 17:30:00";"2018.10.25 21:40:00";"30.0";"2475.00";"6880.50000";"7045.50000";"-67215.80";"0.00";"IST";"PT";"4h 10m";"-0.00"
"409";"USTEC_ICM_UTC2";"Buy";"6782.0";"6864.5";"2018.10.26 16:30:00";"2018.10.26 16:45:00";"30.0";"2475.00";"6699.50000";"6864.50000";"-64740.79";"0.00";"IST";"PT";"15m 0s";"-0.00"
"410";"USTEC_ICM_UTC2";"Buy";"6919.5";"6837.0";"2018.10.29 16:45:00";"2018.10.29 18:02:00";"30.0";"-2475.00";"6837.00000";"7002.00000";"-67215.80";"0.00";"IST";"SL";"1h 17m";"-0.00"
"411";"USTEC_ICM_UTC2";"Buy";"6756.7";"6674.2";"2018.10.30 16:30:00";"2018.10.30 19:33:00";"30.0";"-2475.00";"6674.20020";"6839.20020";"-69690.80";"0.00";"IST";"SL";"3h 3m";"-0.00"
"412";"USTEC_ICM_UTC2";"Buy";"6998.0";"7080.5";"2018.10.31 16:30:00";"2018.11.02 07:04:00";"30.0";"2108.76";"6915.50000";"7080.50000";"-67582.03";"0.00";"IST";"PT";"1d 14h 34m";"-366.24"
"413";"USTEC_ICM_UTC2";"Buy";"6967.4";"6884.9";"2018.11.02 18:30:00";"2018.11.05 17:03:00";"30.0";"-3024.36";"6884.89990";"7049.89990";"-70606.39";"0.00";"IST";"SL";"2d 22h 33m";"-549.36"
"414";"USTEC_ICM_UTC2";"Buy";"6885.4";"6967.9";"2018.11.05 18:30:00";"2018.11.06 16:33:00";"30.0";"2291.88";"6802.89990";"6967.89990";"-68314.52";"0.00";"IST";"PT";"22h 3m";"-183.12"
"415";"USTEC_ICM_UTC2";"Buy";"7014.1";"6931.6";"2018.11.06 17:00:00";"2018.11.06 21:26:00";"30.0";"-2475.00";"6931.60010";"7096.60010";"-70789.52";"0.00";"IST";"SL";"4h 26m";"-0.00"
"416";"USTEC_ICM_UTC2";"Buy";"7082.5";"7165.0";"2018.11.07 17:00:00";"2018.11.07 18:56:00";"30.0";"2475.00";"7000.00000";"7165.00000";"-68314.52";"0.00";"IST";"PT";"1h 56m";"-0.00"
"417";"USTEC_ICM_UTC2";"Buy";"7165.9";"7083.4";"2018.11.08 19:30:00";"2018.11.09 13:38:00";"30.0";"-2658.12";"7083.39990";"7248.39990";"-70972.63";"0.00";"IST";"SL";"18h 8m";"-183.12"
"418";"USTEC_ICM_UTC2";"Buy";"7047.6";"7049.6";"2018.11.09 22:30:00";"2018.11.09 22:55:00";"30.0";"60.00";"6965.10010";"7130.10010";"-70912.63";"0.00";"IST";"End Of Friday (Time)";"25m 0s";"-0.00"
"419";"USTEC_ICM_UTC2";"Buy";"6985.8";"6903.3";"2018.11.12 16:30:00";"2018.11.12 17:05:00";"30.0";"-2475.00";"6903.29980";"7068.29980";"-73387.63";"0.00";"IST";"SL";"35m 0s";"-0.00"
"420";"USTEC_ICM_UTC2";"Buy";"6855.8";"6938.3";"2018.11.13 16:30:00";"2018.11.13 18:11:00";"30.0";"2475.00";"6773.29980";"6938.29980";"-70912.63";"0.00";"IST";"PT";"1h 41m";"-0.00"
"421";"USTEC_ICM_UTC2";"Buy";"6768.3";"6850.8";"2018.11.14 21:00:00";"2018.11.15 20:30:00";"30.0";"2291.88";"6685.79980";"6850.79980";"-68620.76";"0.00";"IST";"PT";"23h 30m";"-183.12"
"422";"USTEC_ICM_UTC2";"Buy";"6879.1";"6796.6";"2018.11.15 21:15:00";"2018.11.16 15:35:00";"30.0";"-2658.12";"6796.60010";"6961.60010";"-71278.88";"0.00";"IST";"SL";"18h 20m";"-183.12"
"423";"USTEC_ICM_UTC2";"Buy";"6813.1";"6895.6";"2018.11.16 16:45:00";"2018.11.16 19:47:00";"30.0";"2475.00";"6730.60010";"6895.60010";"-68803.88";"0.00";"IST";"PT";"3h 2m";"-0.00"
"424";"USTEC_ICM_UTC2";"Buy";"6713.9";"6631.4";"2018.11.19 18:30:00";"2018.11.19 21:04:00";"30.0";"-2475.00";"6631.39990";"6796.39990";"-71278.88";"0.00";"IST";"SL";"2h 34m";"-0.00"
"425";"USTEC_ICM_UTC2";"Buy";"6533.0";"6615.5";"2018.11.20 22:30:00";"2018.11.21 16:31:00";"30.0";"2291.88";"6450.50000";"6615.50000";"-68986.99";"0.00";"IST";"PT";"18h 1m";"-183.12"
"426";"USTEC_ICM_UTC2";"Buy";"6600.9";"6518.4";"2018.11.21 16:45:00";"2018.11.22 17:26:00";"30.0";"-2658.12";"6518.39990";"6683.39990";"-71645.12";"0.00";"IST";"SL";"1d 0h 41m";"-183.12"
"427";"USTEC_ICM_UTC2";"Buy";"6521.8";"6604.3";"2018.11.22 19:00:00";"2018.11.26 10:01:00";"30.0";"1742.52";"6439.29980";"6604.29980";"-69902.59";"0.00";"IST";"PT";"3d 15h 1m";"-732.48"
"428";"USTEC_ICM_UTC2";"Buy";"6616.3";"6698.8";"2018.11.26 16:30:00";"2018.11.27 09:34:00";"30.0";"2291.88";"6533.79980";"6698.79980";"-67610.72";"0.00";"IST";"PT";"17h 4m";"-183.12"
"429";"USTEC_ICM_UTC2";"Buy";"6639.5";"6722.0";"2018.11.27 16:30:00";"2018.11.28 01:00:00";"30.0";"2291.88";"6557.00000";"6722.00000";"-65318.84";"0.00";"IST";"PT";"8h 30m";"-183.12"
"430";"USTEC_ICM_UTC2";"Buy";"6735.4";"6817.9";"2018.11.28 18:45:00";"2018.11.28 19:09:00";"30.0";"2475.00";"6652.89990";"6817.89990";"-62843.84";"0.00";"IST";"PT";"24m 0s";"-0.00"
"431";"USTEC_ICM_UTC2";"Buy";"6887.6";"6925.4";"2018.11.29 19:00:00";"2018.11.30 22:55:00";"30.0";"950.88";"6805.10010";"6970.10010";"-61892.96";"0.00";"IST";"End Of Friday (Time)";"1d 3h 55m";"-183.12"
"432";"USTEC_ICM_UTC2";"Buy";"7038.2";"6955.7";"2018.12.03 18:00:00";"2018.12.04 19:07:00";"30.0";"-2658.12";"6955.70020";"7120.70020";"-64551.07";"0.00";"IST";"SL";"1d 1h 7m";"-183.12"
"433";"USTEC_ICM_UTC2";"Buy";"6870.2";"6787.7";"2018.12.04 21:45:00";"2018.12.04 22:56:00";"30.0";"-2475.00";"6787.70020";"6952.70020";"-67026.08";"0.00";"IST";"SL";"1h 11m";"-0.00"
"434";"USTEC_ICM_UTC2";"Buy";"6771.0";"6688.5";"2018.12.06 21:30:00";"2018.12.07 18:23:00";"30.0";"-2658.12";"6688.50000";"6853.50000";"-69684.20";"0.00";"IST";"SL";"20h 53m";"-183.12"
"435";"USTEC_ICM_UTC2";"Buy";"6695.5";"6613.0";"2018.12.07 19:15:00";"2018.12.07 21:55:00";"30.0";"-2475.00";"6613.00000";"6778.00000";"-72159.20";"0.00";"IST";"SL";"2h 40m";"-0.00"
"436";"USTEC_ICM_UTC2";"Buy";"6639.3";"6721.8";"2018.12.10 20:45:00";"2018.12.11 12:12:00";"30.0";"2291.88";"6556.79980";"6721.79980";"-69867.31";"0.00";"IST";"PT";"15h 27m";"-183.12"
"437";"USTEC_ICM_UTC2";"Buy";"6697.8";"6780.3";"2018.12.11 20:15:00";"2018.12.12 11:26:00";"30.0";"2291.88";"6615.29980";"6780.29980";"-67575.44";"0.00";"IST";"PT";"15h 11m";"-183.12"
"438";"USTEC_ICM_UTC2";"Buy";"6804.2";"6721.7";"2018.12.12 16:30:00";"2018.12.13 21:27:00";"30.0";"-2658.12";"6721.70020";"6886.70020";"-70233.55";"0.00";"IST";"SL";"1d 4h 57m";"-183.12"
"439";"USTEC_ICM_UTC2";"Buy";"6589.6";"6601.4";"2018.12.14 22:45:00";"2018.12.14 22:55:00";"30.0";"354.00";"6507.10010";"6672.10010";"-69879.55";"0.00";"IST";"End Of Friday (Time)";"10m 0s";"-0.00"
"440";"USTEC_ICM_UTC2";"Buy";"6513.5";"6431.0";"2018.12.18 17:30:00";"2018.12.19 21:12:00";"30.0";"-2658.12";"6431.00000";"6596.00000";"-72537.68";"0.00";"IST";"SL";"1d 3h 42m";"-183.12"
"441";"USTEC_ICM_UTC2";"Buy";"6497.4";"6414.9";"2018.12.19 21:30:00";"2018.12.19 21:47:00";"30.0";"-2475.00";"6414.89990";"6579.89990";"-75012.68";"0.00";"IST";"SL";"17m 0s";"-0.00"
"442";"USTEC_ICM_UTC2";"Buy";"6240.4";"6157.9";"2018.12.20 20:45:00";"2018.12.21 18:59:00";"30.0";"-2658.12";"6157.89990";"6322.89990";"-77670.80";"0.00";"IST";"SL";"22h 14m";"-183.12"
"443";"USTEC_ICM_UTC2";"Buy";"6039.3";"5956.8";"2018.12.24 18:00:00";"2018.12.24 18:49:00";"30.0";"-2475.00";"5956.79980";"6121.79980";"-80145.80";"0.00";"IST";"SL";"49m 0s";"-0.00"
"444";"USTEC_ICM_UTC2";"Buy";"5955.5";"6038.0";"2018.12.26 16:30:00";"2018.12.26 18:57:00";"30.0";"2475.00";"5873.00000";"6038.00000";"-77670.80";"0.00";"IST";"PT";"2h 27m";"-0.00"
"445";"USTEC_ICM_UTC2";"Buy";"6137.0";"6054.5";"2018.12.27 17:15:00";"2018.12.27 20:51:00";"30.0";"-2475.00";"6054.50000";"6219.50000";"-80145.80";"0.00";"IST";"SL";"3h 36m";"-0.00"
"446";"USTEC_ICM_UTC2";"Buy";"6318.9";"6236.4";"2018.12.28 17:00:00";"2018.12.28 17:37:00";"30.0";"-2475.00";"6236.39990";"6401.39990";"-82620.80";"0.00";"IST";"SL";"37m 0s";"-0.00"
"447";"USTEC_ICM_UTC2";"Buy";"6312.8";"6230.3";"2018.12.31 19:00:00";"2019.01.02 10:00:00";"30.0";"-2841.24";"6230.29980";"6395.29980";"-85462.04";"0.00";"IST";"SL";"1d 15h 0m";"-366.24"
"448";"USTEC_ICM_UTC2";"Buy";"6309.0";"6391.5";"2019.01.02 17:45:00";"2019.01.02 20:33:00";"30.0";"2475.00";"6226.50000";"6391.50000";"-82987.04";"0.00";"IST";"PT";"2h 48m";"-0.00"
"449";"USTEC_ICM_UTC2";"Buy";"6264.7";"6182.2";"2019.01.03 16:45:00";"2019.01.03 17:16:00";"30.0";"-2475.00";"6182.20020";"6347.20020";"-85462.04";"0.00";"IST";"SL";"31m 0s";"-0.00"
"450";"USTEC_ICM_UTC2";"Buy";"6287.9";"6370.4";"2019.01.04 17:15:00";"2019.01.04 17:59:00";"30.0";"2475.00";"6205.39990";"6370.39990";"-82987.04";"0.00";"IST";"PT";"44m 0s";"-0.00"
"451";"USTEC_ICM_UTC2";"Buy";"6426.6";"6509.1";"2019.01.07 17:00:00";"2019.01.07 19:00:00";"30.0";"2475.00";"6344.10010";"6509.10010";"-80512.04";"0.00";"IST";"PT";"2h 0m";"-0.00"
"452";"USTEC_ICM_UTC2";"Buy";"6551.1";"6468.6";"2019.01.08 16:30:00";"2019.01.08 17:51:00";"30.0";"-2475.00";"6468.60010";"6633.60010";"-82987.04";"0.00";"IST";"SL";"1h 21m";"-0.00"
"453";"USTEC_ICM_UTC2";"Buy";"6576.7";"6601.4";"2019.01.09 17:15:00";"2019.01.11 22:55:00";"30.0";"374.76";"6494.20020";"6659.20020";"-82612.27";"0.00";"IST";"End Of Friday (Time)";"2d 5h 40m";"-366.24"
"454";"USTEC_ICM_UTC2";"Buy";"6560.9";"6643.4";"2019.01.14 19:45:00";"2019.01.15 17:00:00";"30.0";"2291.88";"6478.39990";"6643.39990";"-80320.40";"0.00";"IST";"PT";"21h 15m";"-183.12"
"455";"USTEC_ICM_UTC2";"Buy";"6642.1";"6724.6";"2019.01.15 17:15:00";"2019.01.17 21:45:00";"30.0";"2108.76";"6559.60010";"6724.60010";"-78211.63";"0.00";"IST";"PT";"2d 4h 30m";"-366.24"
"456";"USTEC_ICM_UTC2";"Buy";"6699.3";"6781.8";"2019.01.17 22:15:00";"2019.01.18 17:45:00";"30.0";"2291.88";"6616.79980";"6781.79980";"-75919.76";"0.00";"IST";"PT";"19h 30m";"-183.12"
"457";"USTEC_ICM_UTC2";"Buy";"6793.9";"6768.6";"2019.01.18 18:15:00";"2019.01.18 22:55:00";"30.0";"-759.00";"6711.39990";"6876.39990";"-76678.76";"0.00";"IST";"End Of Friday (Time)";"4h 40m";"-0.00"
"458";"USTEC_ICM_UTC2";"Buy";"6734.8";"6652.3";"2019.01.21 16:45:00";"2019.01.22 20:07:00";"30.0";"-2658.12";"6652.29980";"6817.29980";"-79336.88";"0.00";"IST";"SL";"1d 3h 22m";"-183.12"
"459";"USTEC_ICM_UTC2";"Buy";"6641.8";"6724.3";"2019.01.22 21:15:00";"2019.01.25 05:40:00";"30.0";"1925.64";"6559.29980";"6724.29980";"-77411.23";"0.00";"IST";"PT";"2d 8h 25m";"-549.36"
"460";"USTEC_ICM_UTC2";"Buy";"6753.6";"6778.4";"2019.01.25 16:30:00";"2019.01.25 22:55:00";"30.0";"744.00";"6671.10010";"6836.10010";"-76667.23";"0.00";"IST";"End Of Friday (Time)";"6h 25m";"-0.00"
"461";"USTEC_ICM_UTC2";"Buy";"6683.5";"6766.0";"2019.01.28 18:15:00";"2019.01.30 21:00:00";"30.0";"2108.76";"6601.00000";"6766.00000";"-74558.48";"0.00";"IST";"PT";"2d 2h 45m";"-366.24"
"462";"USTEC_ICM_UTC2";"Buy";"6826.7";"6909.2";"2019.01.30 22:00:00";"2019.01.31 18:37:00";"30.0";"2291.88";"6744.20020";"6909.20020";"-72266.59";"0.00";"IST";"PT";"20h 37m";"-183.12"
"463";"USTEC_ICM_UTC2";"Buy";"6919.7";"6870.9";"2019.01.31 19:30:00";"2019.02.01 22:55:00";"30.0";"-1647.12";"6837.20020";"7002.20020";"-73913.72";"0.00";"IST";"End Of Friday (Time)";"1d 3h 25m";"-183.12"
"464";"USTEC_ICM_UTC2";"Buy";"6874.8";"6957.3";"2019.02.04 16:45:00";"2019.02.04 22:59:00";"30.0";"2475.00";"6792.29980";"6957.29980";"-71438.72";"0.00";"IST";"PT";"6h 14m";"-0.00"
"465";"USTEC_ICM_UTC2";"Buy";"7001.5";"6919.0";"2019.02.05 17:15:00";"2019.02.07 16:35:00";"30.0";"-2841.24";"6919.00000";"7084.00000";"-74279.95";"0.00";"IST";"SL";"1d 23h 20m";"-366.24"
"466";"USTEC_ICM_UTC2";"Buy";"6913.0";"6893.8";"2019.02.07 16:45:00";"2019.02.08 22:55:00";"30.0";"-759.12";"6830.50000";"6995.50000";"-75039.08";"0.00";"IST";"End Of Friday (Time)";"1d 6h 10m";"-183.12"
"467";"USTEC_ICM_UTC2";"Buy";"6931.3";"7013.8";"2019.02.11 17:45:00";"2019.02.12 20:51:00";"30.0";"2291.88";"6848.79980";"7013.79980";"-72747.20";"0.00";"IST";"PT";"1d 3h 6m";"-183.12"
"468";"USTEC_ICM_UTC2";"Buy";"7012.8";"7044.3";"2019.02.12 21:15:00";"2019.02.15 22:55:00";"30.0";"395.64";"6930.29980";"7095.29980";"-72351.55";"0.00";"IST";"End Of Friday (Time)";"3d 1h 40m";"-549.36"
"469";"USTEC_ICM_UTC2";"Buy";"7068.1";"7076.1";"2019.02.18 17:00:00";"2019.02.22 22:55:00";"30.0";"-492.48";"6985.60010";"7150.60010";"-72844.04";"0.00";"IST";"End Of Friday (Time)";"4d 5h 55m";"-732.48"
"470";"USTEC_ICM_UTC2";"Buy";"7154.5";"7072.0";"2019.02.25 17:15:00";"2019.02.26 06:14:00";"30.0";"-2658.12";"7072.00000";"7237.00000";"-75502.16";"0.00";"IST";"SL";"12h 59m";"-183.12"
"471";"USTEC_ICM_UTC2";"Buy";"7109.8";"7149.2";"2019.02.26 17:00:00";"2019.03.01 22:55:00";"30.0";"632.64";"7027.29980";"7192.29980";"-74869.52";"0.00";"IST";"End Of Friday (Time)";"3d 5h 55m";"-549.36"
"472";"USTEC_ICM_UTC2";"Buy";"7118.7";"7036.2";"2019.03.04 21:15:00";"2019.03.07 16:52:00";"30.0";"-3024.36";"7036.20020";"7201.20020";"-77893.88";"0.00";"IST";"SL";"2d 19h 37m";"-549.36"
"473";"USTEC_ICM_UTC2";"Buy";"7068.7";"6986.2";"2019.03.07 18:45:00";"2019.03.08 09:00:00";"30.0";"-2658.12";"6986.20020";"7151.20020";"-80552.00";"0.00";"IST";"SL";"14h 15m";"-183.12"
"474";"USTEC_ICM_UTC2";"Buy";"6974.4";"7010.4";"2019.03.08 21:00:00";"2019.03.08 22:55:00";"30.0";"1080.00";"6891.89990";"7056.89990";"-79472.00";"0.00";"IST";"End Of Friday (Time)";"1h 55m";"-0.00"
"475";"USTEC_ICM_UTC2";"Buy";"7104.0";"7186.5";"2019.03.11 16:30:00";"2019.03.12 00:56:00";"30.0";"2291.88";"7021.50000";"7186.50000";"-77180.12";"0.00";"IST";"PT";"8h 26m";"-183.12"
"476";"USTEC_ICM_UTC2";"Buy";"7192.9";"7275.4";"2019.03.12 17:15:00";"2019.03.13 17:15:00";"30.0";"2291.88";"7110.39990";"7275.39990";"-74888.23";"0.00";"IST";"PT";"1d 0h 0m";"-183.12"
"477";"USTEC_ICM_UTC2";"Buy";"7280.7";"7363.2";"2019.03.13 17:30:00";"2019.03.19 14:20:00";"30.0";"1376.28";"7198.20020";"7363.20020";"-73511.95";"0.00";"IST";"PT";"5d 20h 50m";"-1098.72"
"478";"USTEC_ICM_UTC2";"Buy";"7382.2";"7464.7";"2019.03.19 18:00:00";"2019.03.21 19:31:00";"30.0";"2108.76";"7299.70020";"7464.70020";"-71403.20";"0.00";"IST";"PT";"2d 1h 31m";"-366.24"
"479";"USTEC_ICM_UTC2";"Buy";"7466.6";"7384.1";"2019.03.21 20:00:00";"2019.03.22 17:42:00";"30.0";"-2658.12";"7384.10010";"7549.10010";"-74061.32";"0.00";"IST";"SL";"21h 42m";"-183.12"
"480";"USTEC_ICM_UTC2";"Buy";"7372.7";"7290.2";"2019.03.22 19:00:00";"2019.03.25 02:37:00";"30.0";"-3024.36";"7290.20020";"7455.20020";"-77085.68";"0.00";"IST";"SL";"2d 7h 37m";"-549.36"
"481";"USTEC_ICM_UTC2";"Buy";"7320.8";"7403.3";"2019.03.25 21:30:00";"2019.03.26 15:57:00";"30.0";"2291.88";"7238.29980";"7403.29980";"-74793.80";"0.00";"IST";"PT";"18h 27m";"-183.12"
"482";"USTEC_ICM_UTC2";"Buy";"7390.0";"7307.5";"2019.03.26 16:30:00";"2019.03.27 17:14:00";"30.0";"-2658.12";"7307.50000";"7472.50000";"-77451.91";"0.00";"IST";"SL";"1d 0h 44m";"-183.12"
"483";"USTEC_ICM_UTC2";"Buy";"7289.4";"7371.9";"2019.03.27 18:45:00";"2019.03.29 15:21:00";"30.0";"2108.76";"7206.89990";"7371.89990";"-75343.16";"0.00";"IST";"PT";"1d 20h 36m";"-366.24"
"484";"USTEC_ICM_UTC2";"Buy";"7359.6";"7442.1";"2019.03.29 18:00:00";"2019.04.01 03:08:00";"30.0";"1925.64";"7277.10010";"7442.10010";"-73417.52";"0.00";"IST";"PT";"2d 9h 8m";"-549.36"
"485";"USTEC_ICM_UTC2";"Buy";"7449.3";"7531.8";"2019.04.01 18:45:00";"2019.04.03 04:45:00";"30.0";"2108.76";"7366.79980";"7531.79980";"-71308.76";"0.00";"IST";"PT";"1d 10h 0m";"-366.24"
"486";"USTEC_ICM_UTC2";"Buy";"7541.3";"7573.3";"2019.04.03 16:30:00";"2019.04.05 22:55:00";"30.0";"593.76";"7458.79980";"7623.79980";"-70715.00";"0.00";"IST";"End Of Friday (Time)";"2d 6h 25m";"-366.24"
"487";"USTEC_ICM_UTC2";"Buy";"7551.5";"7634.0";"2019.04.08 17:00:00";"2019.04.11 04:31:00";"30.0";"1925.64";"7469.00000";"7634.00000";"-68789.36";"0.00";"IST";"PT";"2d 11h 31m";"-549.36"
"488";"USTEC_ICM_UTC2";"Buy";"7596.6";"7620.0";"2019.04.11 17:00:00";"2019.04.12 22:55:00";"30.0";"518.88";"7514.10010";"7679.10010";"-68270.48";"0.00";"IST";"End Of Friday (Time)";"1d 5h 55m";"-183.12"
"489";"USTEC_ICM_UTC2";"Buy";"7596.2";"7678.7";"2019.04.15 18:45:00";"2019.04.17 04:59:00";"30.0";"2108.76";"7513.70020";"7678.70020";"-66161.72";"0.00";"IST";"PT";"1d 10h 14m";"-366.24"
"490";"USTEC_ICM_UTC2";"Buy";"7677.4";"7759.9";"2019.04.17 17:00:00";"2019.04.23 16:56:00";"30.0";"1376.28";"7594.89990";"7759.89990";"-64785.44";"0.00";"IST";"PT";"5d 23h 56m";"-1098.72"
"491";"USTEC_ICM_UTC2";"Buy";"7759.4";"7841.9";"2019.04.23 17:00:00";"2019.04.25 03:02:00";"30.0";"2108.76";"7676.89990";"7841.89990";"-62676.68";"0.00";"IST";"PT";"1d 10h 2m";"-366.24"
"492";"USTEC_ICM_UTC2";"Buy";"7812.4";"7812.9";"2019.04.25 18:15:00";"2019.04.26 22:55:00";"30.0";"-168.12";"7729.89990";"7894.89990";"-62844.80";"0.00";"IST";"End Of Friday (Time)";"1d 4h 40m";"-183.12"
"493";"USTEC_ICM_UTC2";"Buy";"7828.6";"7746.1";"2019.04.29 16:45:00";"2019.04.30 18:02:00";"30.0";"-2658.12";"7746.10010";"7911.10010";"-65502.92";"0.00";"IST";"SL";"1d 1h 17m";"-183.12"
"494";"USTEC_ICM_UTC2";"Buy";"7783.2";"7700.7";"2019.04.30 21:30:00";"2019.05.02 18:44:00";"30.0";"-2841.24";"7700.70020";"7865.70020";"-68344.16";"0.00";"IST";"SL";"1d 21h 14m";"-366.24"
"495";"USTEC_ICM_UTC2";"Buy";"7714.6";"7797.1";"2019.05.02 21:00:00";"2019.05.03 17:01:00";"30.0";"2291.88";"7632.10010";"7797.10010";"-66052.27";"0.00";"IST";"PT";"20h 1m";"-183.12"
"496";"USTEC_ICM_UTC2";"Buy";"7825.8";"7845.1";"2019.05.03 18:15:00";"2019.05.03 22:55:00";"30.0";"579.00";"7743.29980";"7908.29980";"-65473.28";"0.00";"IST";"End Of Friday (Time)";"4h 40m";"-0.00"
"497";"USTEC_ICM_UTC2";"Buy";"7763.5";"7681.0";"2019.05.06 18:00:00";"2019.05.07 17:02:00";"30.0";"-2658.12";"7681.00000";"7846.00000";"-68131.40";"0.00";"IST";"SL";"23h 2m";"-183.12"
"498";"USTEC_ICM_UTC2";"Buy";"7677.1";"7594.6";"2019.05.07 17:15:00";"2019.05.07 21:31:00";"30.0";"-2475.00";"7594.60010";"7759.60010";"-70606.40";"0.00";"IST";"SL";"4h 16m";"-0.00"
"499";"USTEC_ICM_UTC2";"Buy";"7625.4";"7542.9";"2019.05.08 16:45:00";"2019.05.09 15:47:00";"30.0";"-2658.12";"7542.89990";"7707.89990";"-73264.52";"0.00";"IST";"SL";"23h 2m";"-183.12"
"500";"USTEC_ICM_UTC2";"Buy";"7582.8";"7500.3";"2019.05.09 20:45:00";"2019.05.10 17:15:00";"30.0";"-2658.12";"7500.29980";"7665.29980";"-75922.64";"0.00";"IST";"SL";"20h 30m";"-183.12"
"501";"USTEC_ICM_UTC2";"Buy";"7516.8";"7599.3";"2019.05.10 19:45:00";"2019.05.10 22:18:00";"30.0";"2475.00";"7434.29980";"7599.29980";"-73447.64";"0.00";"IST";"PT";"2h 33m";"-0.00"
"502";"USTEC_ICM_UTC2";"Buy";"7358.0";"7440.5";"2019.05.13 21:30:00";"2019.05.14 19:05:00";"30.0";"2291.88";"7275.50000";"7440.50000";"-71155.76";"0.00";"IST";"PT";"21h 35m";"-183.12"
"503";"USTEC_ICM_UTC2";"Buy";"7431.8";"7349.3";"2019.05.14 19:15:00";"2019.05.15 15:44:00";"30.0";"-2658.12";"7349.29980";"7514.29980";"-73813.88";"0.00";"IST";"SL";"20h 29m";"-183.12"
"504";"USTEC_ICM_UTC2";"Buy";"7459.3";"7541.8";"2019.05.15 17:30:00";"2019.05.16 13:15:00";"30.0";"2291.88";"7376.79980";"7541.79980";"-71522.00";"0.00";"IST";"PT";"19h 45m";"-183.12"
"505";"USTEC_ICM_UTC2";"Buy";"7596.2";"7513.7";"2019.05.16 17:30:00";"2019.05.17 15:02:00";"30.0";"-2658.12";"7513.70020";"7678.70020";"-74180.12";"0.00";"IST";"SL";"21h 32m";"-183.12"
"506";"USTEC_ICM_UTC2";"Buy";"7600.9";"7518.4";"2019.05.17 18:15:00";"2019.05.17 22:08:00";"30.0";"-2475.00";"7518.39990";"7683.39990";"-76655.12";"0.00";"IST";"SL";"3h 53m";"-0.00"
"507";"USTEC_ICM_UTC2";"Buy";"7438.8";"7356.3";"2019.05.21 16:30:00";"2019.05.23 09:38:00";"30.0";"-2841.24";"7356.29980";"7521.29980";"-79496.36";"0.00";"IST";"SL";"1d 17h 8m";"-366.24"
"508";"USTEC_ICM_UTC2";"Buy";"7274.8";"7357.3";"2019.05.23 21:00:00";"2019.05.24 16:30:00";"30.0";"2291.88";"7192.29980";"7357.29980";"-77204.48";"0.00";"IST";"PT";"19h 30m";"-183.12"
"509";"USTEC_ICM_UTC2";"Buy";"7347.2";"7300.3";"2019.05.24 17:15:00";"2019.05.24 22:55:00";"30.0";"-1407.00";"7264.70020";"7429.70020";"-78611.48";"0.00";"IST";"End Of Friday (Time)";"5h 40m";"-0.00"
"510";"USTEC_ICM_UTC2";"Buy";"7306.1";"7223.6";"2019.05.27 18:15:00";"2019.05.29 09:21:00";"30.0";"-2841.24";"7223.60010";"7388.60010";"-81452.72";"0.00";"IST";"SL";"1d 15h 6m";"-366.24"
"511";"USTEC_ICM_UTC2";"Buy";"7224.4";"7141.9";"2019.05.29 21:00:00";"2019.05.31 12:28:00";"30.0";"-2841.24";"7141.89990";"7306.89990";"-84293.96";"0.00";"IST";"SL";"1d 15h 28m";"-366.24"
"512";"USTEC_ICM_UTC2";"Buy";"7166.9";"7134.0";"2019.05.31 20:45:00";"2019.05.31 22:55:00";"30.0";"-987.00";"7084.39990";"7249.39990";"-85280.96";"0.00";"IST";"End Of Friday (Time)";"2h 10m";"-0.00"
"513";"USTEC_ICM_UTC2";"Buy";"6999.8";"7082.3";"2019.06.03 21:00:00";"2019.06.04 17:27:00";"30.0";"2291.88";"6917.29980";"7082.29980";"-82989.08";"0.00";"IST";"PT";"20h 27m";"-183.12"
"514";"USTEC_ICM_UTC2";"Buy";"7077.0";"7159.5";"2019.06.04 17:45:00";"2019.06.04 22:56:00";"30.0";"2475.00";"6994.50000";"7159.50000";"-80514.08";"0.00";"IST";"PT";"5h 11m";"-0.00"
"515";"USTEC_ICM_UTC2";"Buy";"7205.6";"7288.1";"2019.06.05 19:00:00";"2019.06.06 22:33:00";"30.0";"2291.88";"7123.10010";"7288.10010";"-78222.20";"0.00";"IST";"PT";"1d 3h 33m";"-183.12"
"516";"USTEC_ICM_UTC2";"Buy";"7348.1";"7430.6";"2019.06.07 16:45:00";"2019.06.07 17:57:00";"30.0";"2475.00";"7265.60010";"7430.60010";"-75747.20";"0.00";"IST";"PT";"1h 12m";"-0.00"
"517";"USTEC_ICM_UTC2";"Buy";"7463.5";"7546.0";"2019.06.10 16:30:00";"2019.06.10 17:47:00";"30.0";"2475.00";"7381.00000";"7546.00000";"-73272.20";"0.00";"IST";"PT";"1h 17m";"-0.00"
"518";"USTEC_ICM_UTC2";"Buy";"7563.9";"7481.4";"2019.06.11 17:00:00";"2019.06.12 09:00:00";"30.0";"-2658.12";"7481.39990";"7646.39990";"-75930.32";"0.00";"IST";"SL";"16h 0m";"-183.12"
"519";"USTEC_ICM_UTC2";"Buy";"7491.5";"7489.0";"2019.06.12 16:30:00";"2019.06.14 22:55:00";"30.0";"-441.24";"7409.00000";"7574.00000";"-76371.55";"0.00";"IST";"End Of Friday (Time)";"2d 6h 25m";"-366.24"
"520";"USTEC_ICM_UTC2";"Buy";"7538.3";"7620.8";"2019.06.17 17:30:00";"2019.06.18 16:39:00";"30.0";"2291.88";"7455.79980";"7620.79980";"-74079.68";"0.00";"IST";"PT";"23h 9m";"-183.12"
"521";"USTEC_ICM_UTC2";"Buy";"7675.7";"7758.2";"2019.06.18 17:15:00";"2019.06.20 11:33:00";"30.0";"2108.76";"7593.20020";"7758.20020";"-71970.92";"0.00";"IST";"PT";"1d 18h 18m";"-366.24"
"522";"USTEC_ICM_UTC2";"Buy";"7711.1";"7731.3";"2019.06.20 21:00:00";"2019.06.21 22:55:00";"30.0";"422.88";"7628.60010";"7793.60010";"-71548.04";"0.00";"IST";"End Of Friday (Time)";"1d 1h 55m";"-183.12"
"523";"USTEC_ICM_UTC2";"Buy";"7739.4";"7656.9";"2019.06.24 16:30:00";"2019.06.25 17:52:00";"30.0";"-2658.12";"7656.89990";"7821.89990";"-74206.16";"0.00";"IST";"SL";"1d 1h 22m";"-183.12"
"524";"USTEC_ICM_UTC2";"Buy";"7630.6";"7649.8";"2019.06.25 21:15:00";"2019.06.28 22:55:00";"30.0";"26.64";"7548.10010";"7713.10010";"-74179.52";"0.00";"IST";"End Of Friday (Time)";"3d 1h 40m";"-549.36"
"525";"USTEC_ICM_UTC2";"Buy";"7799.3";"7881.8";"2019.07.01 17:15:00";"2019.07.05 01:02:00";"30.0";"1742.52";"7716.79980";"7881.79980";"-72437.00";"0.00";"IST";"PT";"3d 7h 47m";"-732.48"
"526";"USTEC_ICM_UTC2";"Buy";"7793.0";"7834.8";"2019.07.05 17:15:00";"2019.07.05 22:55:00";"30.0";"1254.00";"7710.50000";"7875.50000";"-71183.00";"0.00";"IST";"End Of Friday (Time)";"5h 40m";"-0.00"
"527";"USTEC_ICM_UTC2";"Buy";"7776.0";"7858.5";"2019.07.08 18:30:00";"2019.07.10 15:34:00";"30.0";"2108.76";"7693.50000";"7858.50000";"-69074.24";"0.00";"IST";"PT";"1d 21h 4m";"-366.24"
"528";"USTEC_ICM_UTC2";"Buy";"7872.5";"7938.2";"2019.07.10 16:30:00";"2019.07.12 22:55:00";"30.0";"1604.76";"7790.00000";"7955.00000";"-67469.48";"0.00";"IST";"End Of Friday (Time)";"2d 6h 25m";"-366.24"
"529";"USTEC_ICM_UTC2";"Buy";"7952.3";"7869.8";"2019.07.15 18:45:00";"2019.07.17 23:07:00";"30.0";"-2841.24";"7869.79980";"8034.79980";"-70310.72";"0.00";"IST";"SL";"2d 4h 22m";"-366.24"
"530";"USTEC_ICM_UTC2";"Buy";"7856.1";"7938.6";"2019.07.18 21:00:00";"2019.07.19 01:01:00";"30.0";"2291.88";"7773.60010";"7938.60010";"-68018.84";"0.00";"IST";"PT";"4h 1m";"-183.12"
"531";"USTEC_ICM_UTC2";"Buy";"7889.5";"7846.7";"2019.07.19 18:45:00";"2019.07.19 22:55:00";"30.0";"-1284.00";"7807.00000";"7972.00000";"-69302.84";"0.00";"IST";"End Of Friday (Time)";"4h 10m";"-0.00"
"532";"USTEC_ICM_UTC2";"Buy";"7887.5";"7970.0";"2019.07.22 17:15:00";"2019.07.24 17:33:00";"30.0";"2108.76";"7805.00000";"7970.00000";"-67194.08";"0.00";"IST";"PT";"2d 0h 18m";"-366.24"
"533";"USTEC_ICM_UTC2";"Buy";"7972.5";"8022.1";"2019.07.24 17:45:00";"2019.07.26 22:55:00";"30.0";"1121.76";"7890.00000";"8055.00000";"-66072.32";"0.00";"IST";"End Of Friday (Time)";"2d 5h 10m";"-366.24"
"534";"USTEC_ICM_UTC2";"Buy";"8010.6";"7928.1";"2019.07.29 16:30:00";"2019.07.30 14:31:00";"30.0";"-2658.12";"7928.10010";"8093.10010";"-68730.44";"0.00";"IST";"SL";"22h 1m";"-183.12"
"535";"USTEC_ICM_UTC2";"Buy";"7952.5";"7870.0";"2019.07.30 18:00:00";"2019.07.31 21:46:00";"30.0";"-2658.12";"7870.00000";"8035.00000";"-71388.56";"0.00";"IST";"SL";"1d 3h 46m";"-183.12"
"536";"USTEC_ICM_UTC2";"Buy";"7985.3";"7902.8";"2019.08.01 18:00:00";"2019.08.01 20:34:00";"30.0";"-2475.00";"7902.79980";"8067.79980";"-73863.56";"0.00";"IST";"SL";"2h 34m";"-0.00"
"537";"USTEC_ICM_UTC2";"Buy";"7679.0";"7679.5";"2019.08.02 21:15:00";"2019.08.02 22:55:00";"30.0";"15.00";"7596.50000";"7761.50000";"-73848.56";"0.00";"IST";"End Of Friday (Time)";"1h 40m";"-0.00"
"538";"USTEC_ICM_UTC2";"Buy";"7407.6";"7325.1";"2019.08.05 21:00:00";"2019.08.06 01:01:00";"30.0";"-2658.12";"7325.10010";"7490.10010";"-76506.68";"0.00";"IST";"SL";"4h 1m";"-183.12"
"539";"USTEC_ICM_UTC2";"Buy";"7483.7";"7401.2";"2019.08.06 16:30:00";"2019.08.07 16:45:00";"30.0";"-2658.12";"7401.20020";"7566.20020";"-79164.80";"0.00";"IST";"SL";"1d 0h 15m";"-183.12"
"540";"USTEC_ICM_UTC2";"Buy";"7490.9";"7573.4";"2019.08.07 17:45:00";"2019.08.08 04:24:00";"30.0";"2291.88";"7408.39990";"7573.39990";"-76872.92";"0.00";"IST";"PT";"10h 39m";"-183.12"
"541";"USTEC_ICM_UTC2";"Buy";"7596.3";"7678.8";"2019.08.08 16:30:00";"2019.08.08 18:44:00";"30.0";"2475.00";"7513.79980";"7678.79980";"-74397.92";"0.00";"IST";"PT";"2h 14m";"-0.00"
"542";"USTEC_ICM_UTC2";"Buy";"7668.1";"7659.1";"2019.08.09 17:00:00";"2019.08.09 22:55:00";"30.0";"-270.00";"7585.60010";"7750.60010";"-74667.92";"0.00";"IST";"End Of Friday (Time)";"5h 55m";"-0.00"
"543";"USTEC_ICM_UTC2";"Buy";"7603.4";"7520.9";"2019.08.12 16:30:00";"2019.08.13 12:23:00";"30.0";"-2658.12";"7520.89990";"7685.89990";"-77326.04";"0.00";"IST";"SL";"19h 53m";"-183.12"
"544";"USTEC_ICM_UTC2";"Buy";"7733.7";"7651.2";"2019.08.13 17:15:00";"2019.08.14 13:24:00";"30.0";"-2658.12";"7651.20020";"7816.20020";"-79984.16";"0.00";"IST";"SL";"20h 9m";"-183.12"
"545";"USTEC_ICM_UTC2";"Buy";"7590.9";"7508.4";"2019.08.14 17:30:00";"2019.08.14 19:00:00";"30.0";"-2475.00";"7508.39990";"7673.39990";"-82459.16";"0.00";"IST";"SL";"1h 30m";"-0.00"
"546";"USTEC_ICM_UTC2";"Buy";"7505.4";"7587.9";"2019.08.15 16:30:00";"2019.08.16 12:07:00";"30.0";"2291.88";"7422.89990";"7587.89990";"-80167.28";"0.00";"IST";"PT";"19h 37m";"-183.12"
"547";"USTEC_ICM_UTC2";"Buy";"7548.1";"7609.9";"2019.08.16 16:30:00";"2019.08.16 22:55:00";"30.0";"1854.00";"7465.60010";"7630.60010";"-78313.28";"0.00";"IST";"End Of Friday (Time)";"6h 25m";"-0.00"
"548";"USTEC_ICM_UTC2";"Buy";"7706.8";"7624.3";"2019.08.19 16:30:00";"2019.08.23 16:50:00";"30.0";"-3207.48";"7624.29980";"7789.29980";"-81520.76";"0.00";"IST";"SL";"4d 0h 20m";"-732.48"
"549";"USTEC_ICM_UTC2";"Buy";"7672.7";"7590.2";"2019.08.23 17:15:00";"2019.08.23 18:08:00";"30.0";"-2475.00";"7590.20020";"7755.20020";"-83995.76";"0.00";"IST";"SL";"53m 0s";"-0.00"
"550";"USTEC_ICM_UTC2";"Buy";"7542.6";"7625.1";"2019.08.26 17:00:00";"2019.08.27 15:27:00";"30.0";"2291.88";"7460.10010";"7625.10010";"-81703.88";"0.00";"IST";"PT";"22h 27m";"-183.12"
"551";"USTEC_ICM_UTC2";"Buy";"7608.0";"7525.5";"2019.08.27 17:30:00";"2019.08.28 15:01:00";"30.0";"-2658.12";"7525.50000";"7690.50000";"-84362.00";"0.00";"IST";"SL";"21h 31m";"-183.12"
"552";"USTEC_ICM_UTC2";"Buy";"7534.4";"7616.9";"2019.08.28 16:30:00";"2019.08.29 10:13:00";"30.0";"2291.88";"7451.89990";"7616.89990";"-82070.12";"0.00";"IST";"PT";"17h 43m";"-183.12"
"553";"USTEC_ICM_UTC2";"Buy";"7700.8";"7675.8";"2019.08.29 17:30:00";"2019.08.30 22:55:00";"30.0";"-933.12";"7618.29980";"7783.29980";"-83003.24";"0.00";"IST";"End Of Friday (Time)";"1d 5h 25m";"-183.12"
"554";"USTEC_ICM_UTC2";"Buy";"7660.8";"7578.3";"2019.09.02 17:45:00";"2019.09.02 18:50:00";"30.0";"-2475.00";"7578.29980";"7743.29980";"-85478.24";"0.00";"IST";"SL";"1h 5m";"-0.00"
"555";"USTEC_ICM_UTC2";"Buy";"7623.1";"7705.6";"2019.09.03 17:30:00";"2019.09.04 09:16:00";"30.0";"2291.88";"7540.60010";"7705.60010";"-83186.36";"0.00";"IST";"PT";"15h 46m";"-183.12"
"556";"USTEC_ICM_UTC2";"Buy";"7697.3";"7779.8";"2019.09.04 19:15:00";"2019.09.05 04:31:00";"30.0";"2291.88";"7614.79980";"7779.79980";"-80894.48";"0.00";"IST";"PT";"9h 16m";"-183.12"
"557";"USTEC_ICM_UTC2";"Buy";"7867.1";"7852.9";"2019.09.05 17:30:00";"2019.09.06 22:55:00";"30.0";"-609.12";"7784.60010";"7949.60010";"-81503.60";"0.00";"IST";"End Of Friday (Time)";"1d 5h 25m";"-183.12"
"558";"USTEC_ICM_UTC2";"Buy";"7870.0";"7787.5";"2019.09.09 18:00:00";"2019.09.10 10:41:00";"30.0";"-2658.12";"7787.50000";"7952.50000";"-84161.72";"0.00";"IST";"SL";"16h 41m";"-183.12"
"559";"USTEC_ICM_UTC2";"Buy";"7795.6";"7878.1";"2019.09.10 19:45:00";"2019.09.11 19:00:00";"30.0";"2291.88";"7713.10010";"7878.10010";"-81869.84";"0.00";"IST";"PT";"23h 15m";"-183.12"
"560";"USTEC_ICM_UTC2";"Buy";"7883.5";"7966.0";"2019.09.11 19:15:00";"2019.09.12 17:10:00";"30.0";"2291.88";"7801.00000";"7966.00000";"-79577.96";"0.00";"IST";"PT";"21h 55m";"-183.12"
"561";"USTEC_ICM_UTC2";"Buy";"7957.5";"7895.0";"2019.09.12 17:45:00";"2019.09.13 22:55:00";"30.0";"-2058.12";"7875.00000";"8040.00000";"-81636.08";"0.00";"IST";"End Of Friday (Time)";"1d 5h 10m";"-183.12"
"562";"USTEC_ICM_UTC2";"Buy";"7850.5";"7933.0";"2019.09.16 22:45:00";"2019.09.19 16:37:00";"30.0";"1925.64";"7768.00000";"7933.00000";"-79710.44";"0.00";"IST";"PT";"2d 17h 52m";"-549.36"
"563";"USTEC_ICM_UTC2";"Buy";"7938.9";"7856.4";"2019.09.19 18:00:00";"2019.09.20 19:37:00";"30.0";"-2658.12";"7856.39990";"8021.39990";"-82368.56";"0.00";"IST";"SL";"1d 1h 37m";"-183.12"
"564";"USTEC_ICM_UTC2";"Buy";"7844.0";"7829.9";"2019.09.20 22:15:00";"2019.09.20 22:55:00";"30.0";"-423.00";"7761.50000";"7926.50000";"-82791.56";"0.00";"IST";"End Of Friday (Time)";"40m 0s";"-0.00"
"565";"USTEC_ICM_UTC2";"Buy";"7812.4";"7729.9";"2019.09.23 16:30:00";"2019.09.24 19:23:00";"30.0";"-2658.12";"7729.89990";"7894.89990";"-85449.68";"0.00";"IST";"SL";"1d 2h 53m";"-183.12"
"566";"USTEC_ICM_UTC2";"Buy";"7712.5";"7795.0";"2019.09.24 19:45:00";"2019.09.25 21:49:00";"30.0";"2291.88";"7630.00000";"7795.00000";"-83157.80";"0.00";"IST";"PT";"1d 2h 4m";"-183.12"
"567";"USTEC_ICM_UTC2";"Buy";"7809.9";"7727.4";"2019.09.25 22:30:00";"2019.09.26 18:19:00";"30.0";"-2658.12";"7727.39990";"7892.39990";"-85815.92";"0.00";"IST";"SL";"19h 49m";"-183.12"
"568";"USTEC_ICM_UTC2";"Buy";"7751.9";"7669.4";"2019.09.26 20:00:00";"2019.09.27 20:00:00";"30.0";"-2658.12";"7669.39990";"7834.39990";"-88474.04";"0.00";"IST";"SL";"1d 0h 0m";"-183.12"
"569";"USTEC_ICM_UTC2";"Buy";"7728.3";"7810.8";"2019.09.30 17:15:00";"2019.10.01 16:40:00";"30.0";"2291.88";"7645.79980";"7810.79980";"-86182.16";"0.00";"IST";"PT";"23h 25m";"-183.12"
"570";"USTEC_ICM_UTC2";"Buy";"7689.4";"7606.9";"2019.10.01 20:15:00";"2019.10.02 16:35:00";"30.0";"-2658.12";"7606.89990";"7771.89990";"-88840.28";"0.00";"IST";"SL";"20h 20m";"-183.12"
"571";"USTEC_ICM_UTC2";"Buy";"7527.4";"7609.9";"2019.10.02 20:45:00";"2019.10.03 19:32:00";"30.0";"2291.88";"7444.89990";"7609.89990";"-86548.40";"0.00";"IST";"PT";"22h 47m";"-183.12"
"572";"USTEC_ICM_UTC2";"Buy";"7617.6";"7700.1";"2019.10.03 20:30:00";"2019.10.04 16:58:00";"30.0";"2291.88";"7535.10010";"7700.10010";"-84256.52";"0.00";"IST";"PT";"20h 28m";"-183.12"
"573";"USTEC_ICM_UTC2";"Buy";"7690.6";"7754.1";"2019.10.04 17:30:00";"2019.10.04 22:55:00";"30.0";"1905.00";"7608.10010";"7773.10010";"-82351.52";"0.00";"IST";"End Of Friday (Time)";"5h 25m";"-0.00"
"574";"USTEC_ICM_UTC2";"Buy";"7758.5";"7676.0";"2019.10.07 18:00:00";"2019.10.08 13:21:00";"30.0";"-2658.12";"7676.00000";"7841.00000";"-85009.64";"0.00";"IST";"SL";"19h 21m";"-183.12"
"575";"USTEC_ICM_UTC2";"Buy";"7636.6";"7719.1";"2019.10.08 18:30:00";"2019.10.09 22:39:00";"30.0";"2291.88";"7554.10010";"7719.10010";"-82717.77";"0.00";"IST";"PT";"1d 4h 9m";"-183.12"
"576";"USTEC_ICM_UTC2";"Buy";"7734.2";"7816.7";"2019.10.10 17:15:00";"2019.10.11 11:29:00";"30.0";"2291.88";"7651.70020";"7816.70020";"-80425.88";"0.00";"IST";"PT";"18h 14m";"-183.12"
"577";"USTEC_ICM_UTC2";"Buy";"7874.2";"7853.3";"2019.10.11 17:15:00";"2019.10.11 22:55:00";"30.0";"-627.00";"7791.70020";"7956.70020";"-81052.88";"0.00";"IST";"End Of Friday (Time)";"5h 40m";"-0.00"
"578";"USTEC_ICM_UTC2";"Buy";"7858.7";"7941.2";"2019.10.14 17:45:00";"2019.10.15 17:59:00";"30.0";"2291.88";"7776.20020";"7941.20020";"-78761.00";"0.00";"IST";"PT";"1d 0h 14m";"-183.12"
"579";"USTEC_ICM_UTC2";"Buy";"7943.9";"7861.4";"2019.10.15 18:00:00";"2019.10.18 18:57:00";"30.0";"-3024.36";"7861.39990";"8026.39990";"-81785.36";"0.00";"IST";"SL";"3d 0h 57m";"-549.36"
"580";"USTEC_ICM_UTC2";"Buy";"7872.6";"7886.0";"2019.10.18 20:30:00";"2019.10.18 22:55:00";"30.0";"402.00";"7790.10010";"7955.10010";"-81383.36";"0.00";"IST";"End Of Friday (Time)";"2h 25m";"-0.00"
"581";"USTEC_ICM_UTC2";"Buy";"7927.3";"7844.8";"2019.10.21 18:15:00";"2019.10.22 23:02:00";"30.0";"-2658.12";"7844.79980";"8009.79980";"-84041.48";"0.00";"IST";"SL";"1d 4h 47m";"-183.12"
"582";"USTEC_ICM_UTC2";"Buy";"7876.5";"7959.0";"2019.10.23 22:30:00";"2019.10.24 18:30:00";"30.0";"2291.88";"7794.00000";"7959.00000";"-81749.60";"0.00";"IST";"PT";"20h 0m";"-183.12"
"583";"USTEC_ICM_UTC2";"Buy";"7964.0";"8022.3";"2019.10.24 18:45:00";"2019.10.25 22:55:00";"30.0";"1565.88";"7881.50000";"8046.50000";"-80183.72";"0.00";"IST";"End Of Friday (Time)";"1d 4h 10m";"-183.12"
"584";"USTEC_ICM_UTC2";"Buy";"8095.5";"8013.0";"2019.10.28 16:30:00";"2019.10.30 16:04:00";"30.0";"-2841.24";"8013.00000";"8178.00000";"-83024.96";"0.00";"IST";"SL";"1d 23h 34m";"-366.24"
"585";"USTEC_ICM_UTC2";"Buy";"8051.5";"8134.0";"2019.10.30 17:15:00";"2019.11.01 15:53:00";"30.0";"2108.76";"7969.00000";"8134.00000";"-80916.20";"0.00";"IST";"PT";"1d 22h 38m";"-366.24"
"586";"USTEC_ICM_UTC2";"Buy";"8147.4";"8229.9";"2019.11.01 16:30:00";"2019.11.05 01:34:00";"30.0";"1742.52";"8064.89990";"8229.90039";"-79173.68";"0.00";"IST";"PT";"3d 9h 4m";"-732.48"
"587";"USTEC_ICM_UTC2";"Buy";"8217.3";"8248.4";"2019.11.05 18:15:00";"2019.11.08 22:55:00";"30.0";"383.67";"8134.79980";"8299.79980";"-78790.02";"0.00";"IST";"End Of Friday (Time)";"3d 4h 40m";"-549.36"
"588";"USTEC_ICM_UTC2";"Buy";"8202.9";"8285.4";"2019.11.11 16:45:00";"2019.11.12 17:41:00";"30.0";"2291.88";"8120.39990";"8285.40039";"-76498.13";"0.00";"IST";"PT";"1d 0h 56m";"-183.12"
"589";"USTEC_ICM_UTC2";"Buy";"8286.1";"8307.9";"2019.11.12 17:45:00";"2019.11.15 22:55:00";"30.0";"104.67";"8203.59961";"8368.59961";"-76393.46";"0.00";"IST";"End Of Friday (Time)";"3d 5h 10m";"-549.36"
"590";"USTEC_ICM_UTC2";"Buy";"8275.4";"8357.9";"2019.11.18 16:45:00";"2019.11.19 11:44:00";"30.0";"2291.88";"8192.90039";"8357.90039";"-74101.59";"0.00";"IST";"PT";"18h 59m";"-183.12"
"591";"USTEC_ICM_UTC2";"Buy";"8344.6";"8262.1";"2019.11.19 16:45:00";"2019.11.20 19:58:00";"30.0";"-2658.12";"8262.09961";"8427.09961";"-76759.70";"0.00";"IST";"SL";"1d 3h 13m";"-183.12"
"592";"USTEC_ICM_UTC2";"Buy";"8251.3";"8264.7";"2019.11.20 21:15:00";"2019.11.22 22:55:00";"30.0";"35.76";"8168.79980";"8333.79980";"-76723.95";"0.00";"IST";"End Of Friday (Time)";"2d 1h 40m";"-366.24"
"593";"USTEC_ICM_UTC2";"Buy";"8355.0";"8437.5";"2019.11.25 17:30:00";"2019.11.27 20:14:00";"30.0";"2108.76";"8272.50000";"8437.50000";"-74615.18";"0.00";"IST";"PT";"2d 2h 44m";"-366.24"
"594";"USTEC_ICM_UTC2";"Buy";"8437.1";"8354.6";"2019.11.27 21:00:00";"2019.12.02 16:40:00";"30.0";"-3390.60";"8354.59961";"8519.59961";"-78005.78";"0.00";"IST";"SL";"4d 19h 40m";"-915.60"
"595";"USTEC_ICM_UTC2";"Buy";"8308.1";"8225.6";"2019.12.02 19:00:00";"2019.12.03 15:32:00";"30.0";"-2658.12";"8225.59961";"8390.59961";"-80663.91";"0.00";"IST";"SL";"20h 32m";"-183.12"
"596";"USTEC_ICM_UTC2";"Buy";"8201.9";"8284.4";"2019.12.03 18:15:00";"2019.12.04 11:08:00";"30.0";"2291.88";"8119.39990";"8284.40039";"-78372.02";"0.00";"IST";"PT";"16h 53m";"-183.12"
"597";"USTEC_ICM_UTC2";"Buy";"8298.9";"8381.4";"2019.12.04 16:45:00";"2019.12.06 16:45:00";"30.0";"2108.76";"8216.40039";"8381.40039";"-76263.27";"0.00";"IST";"PT";"2d 0h 0m";"-366.24"
"598";"USTEC_ICM_UTC2";"Buy";"8378.0";"8396.3";"2019.12.06 17:30:00";"2019.12.06 22:55:00";"30.0";"549.00";"8295.50000";"8460.50000";"-75714.27";"0.00";"IST";"End Of Friday (Time)";"5h 25m";"-0.00"
"599";"USTEC_ICM_UTC2";"Buy";"8391.8";"8309.3";"2019.12.09 20:45:00";"2019.12.10 13:27:00";"30.0";"-2658.12";"8309.29980";"8474.29980";"-78372.38";"0.00";"IST";"SL";"16h 42m";"-183.12"
"600";"USTEC_ICM_UTC2";"Buy";"8383.9";"8466.4";"2019.12.10 17:45:00";"2019.12.12 17:00:00";"30.0";"2108.76";"8301.40039";"8466.40039";"-76263.63";"0.00";"IST";"PT";"1d 23h 15m";"-366.24"
"601";"USTEC_ICM_UTC2";"Buy";"8490.3";"8407.8";"2019.12.12 17:30:00";"2019.12.12 19:22:00";"30.0";"-2475.00";"8407.79980";"8572.79980";"-78738.63";"0.00";"IST";"SL";"1h 52m";"-0.00"
"602";"USTEC_ICM_UTC2";"Buy";"8489.5";"8486.2";"2019.12.13 17:15:00";"2019.12.13 22:55:00";"30.0";"-99.00";"8407.00000";"8572.00000";"-78837.63";"0.00";"IST";"End Of Friday (Time)";"5h 40m";"-0.00"
"603";"USTEC_ICM_UTC2";"Buy";"8542.3";"8624.8";"2019.12.16 16:30:00";"2019.12.19 18:33:00";"30.0";"1925.64";"8459.79980";"8624.79980";"-76911.98";"0.00";"IST";"PT";"3d 2h 3m";"-549.36"
"604";"USTEC_ICM_UTC2";"Buy";"8624.4";"8679.3";"2019.12.19 19:00:00";"2019.12.20 22:55:00";"30.0";"1463.85";"8541.90039";"8706.90039";"-75448.13";"0.00";"IST";"End Of Friday (Time)";"1d 3h 55m";"-183.12"
"605";"USTEC_ICM_UTC2";"Buy";"8706.1";"8788.6";"2019.12.23 18:30:00";"2019.12.27 02:37:00";"30.0";"1742.52";"8623.59961";"8788.59961";"-73705.61";"0.00";"IST";"PT";"3d 8h 7m";"-732.48"
"606";"USTEC_ICM_UTC2";"Buy";"8786.9";"8762.6";"2019.12.27 18:00:00";"2019.12.27 22:55:00";"30.0";"-729.03";"8704.40039";"8869.40039";"-74434.64";"0.00";"IST";"End Of Friday (Time)";"4h 55m";"-0.00"
"607";"USTEC_ICM_UTC2";"Buy";"8763.2";"8680.7";"2019.12.30 16:30:00";"2019.12.30 17:13:00";"30.0";"-2475.00";"8680.70020";"8845.70020";"-76909.64";"0.00";"IST";"SL";"43m 0s";"-0.00"
"608";"USTEC_ICM_UTC2";"Buy";"8696.7";"8779.2";"2019.12.31 17:30:00";"2020.01.02 10:51:00";"30.0";"2108.76";"8614.20020";"8779.20020";"-74800.88";"0.00";"IST";"PT";"1d 17h 21m";"-366.24"
"609";"USTEC_ICM_UTC2";"Buy";"8796.4";"8879.3";"2020.01.02 17:30:00";"2020.01.03 01:00:00";"30.0";"2303.85";"8713.90039";"8878.90039";"-72497.03";"0.00";"IST";"PT";"7h 30m";"-183.12"
"610";"USTEC_ICM_UTC2";"Buy";"8801.5";"8802.9";"2020.01.03 18:15:00";"2020.01.03 22:55:00";"30.0";"42.00";"8719.00000";"8884.00000";"-72455.03";"0.00";"IST";"End Of Friday (Time)";"4h 40m";"-0.00"
"611";"USTEC_ICM_UTC2";"Buy";"8722.5";"8805.0";"2020.01.06 16:30:00";"2020.01.06 17:42:00";"30.0";"2475.00";"8640.00000";"8805.00000";"-69980.03";"0.00";"IST";"PT";"1h 12m";"-0.00"
"612";"USTEC_ICM_UTC2";"Buy";"8844.9";"8762.4";"2020.01.07 17:45:00";"2020.01.08 01:23:00";"30.0";"-2658.12";"8762.40039";"8927.40039";"-72638.16";"0.00";"IST";"SL";"7h 38m";"-183.12"
"613";"USTEC_ICM_UTC2";"Buy";"8843.4";"8925.9";"2020.01.08 16:30:00";"2020.01.08 19:57:00";"30.0";"2475.00";"8760.90039";"8925.90039";"-70163.16";"0.00";"IST";"PT";"3h 27m";"-0.00"
"614";"USTEC_ICM_UTC2";"Buy";"8983.7";"8966.9";"2020.01.09 17:15:00";"2020.01.10 22:55:00";"30.0";"-687.12";"8901.20020";"9066.20020";"-70850.27";"0.00";"IST";"End Of Friday (Time)";"1d 5h 40m";"-183.12"
"615";"USTEC_ICM_UTC2";"Buy";"9010.8";"9093.3";"2020.01.13 17:15:00";"2020.01.14 02:12:00";"30.0";"2291.88";"8928.29980";"9093.29980";"-68558.39";"0.00";"IST";"PT";"8h 57m";"-183.12"
"616";"USTEC_ICM_UTC2";"Buy";"9062.5";"9145.0";"2020.01.14 19:00:00";"2020.01.17 10:40:00";"30.0";"1925.64";"8980.00000";"9145.00000";"-66632.75";"0.00";"IST";"PT";"2d 15h 40m";"-549.36"
"617";"USTEC_ICM_UTC2";"Buy";"9140.7";"9171.5";"2020.01.17 19:15:00";"2020.01.17 22:55:00";"30.0";"924.00";"9058.20020";"9223.20020";"-65708.75";"0.00";"IST";"End Of Friday (Time)";"3h 40m";"-0.00"
"618";"USTEC_ICM_UTC2";"Buy";"9154.8";"9237.3";"2020.01.20 18:15:00";"2020.01.22 17:40:00";"30.0";"2108.76";"9072.29980";"9237.29980";"-63599.99";"0.00";"IST";"PT";"1d 23h 25m";"-366.24"
"619";"USTEC_ICM_UTC2";"Buy";"9208.9";"9126.4";"2020.01.22 18:15:00";"2020.01.24 20:52:00";"30.0";"-2841.24";"9126.40039";"9291.40039";"-66441.23";"0.00";"IST";"SL";"2d 2h 37m";"-366.24"
"620";"USTEC_ICM_UTC2";"Buy";"9151.6";"9146.0";"2020.01.24 22:30:00";"2020.01.24 22:55:00";"30.0";"-168.00";"9069.09961";"9234.09961";"-66609.23";"0.00";"IST";"End Of Friday (Time)";"25m 0s";"-0.00"
"621";"USTEC_ICM_UTC2";"Buy";"8985.6";"9068.1";"2020.01.27 21:45:00";"2020.01.28 17:52:00";"30.0";"2291.88";"8903.09961";"9068.09961";"-64317.35";"0.00";"IST";"PT";"20h 7m";"-183.12"
"622";"USTEC_ICM_UTC2";"Buy";"9065.4";"9147.9";"2020.01.28 18:00:00";"2020.01.29 16:36:00";"30.0";"2291.88";"8982.90039";"9147.90039";"-62025.47";"0.00";"IST";"PT";"22h 36m";"-183.12"
"623";"USTEC_ICM_UTC2";"Buy";"9098.0";"9015.5";"2020.01.29 17:00:00";"2020.01.30 09:06:00";"30.0";"-2658.12";"9015.50000";"9180.50000";"-64683.59";"0.00";"IST";"SL";"16h 6m";"-183.12"
"624";"USTEC_ICM_UTC2";"Buy";"9020.8";"9103.3";"2020.01.30 18:00:00";"2020.01.30 21:42:00";"30.0";"2475.00";"8938.29980";"9103.29980";"-62208.59";"0.00";"IST";"PT";"3h 42m";"-0.00"
"625";"USTEC_ICM_UTC2";"Buy";"9047.7";"8965.2";"2020.01.31 19:30:00";"2020.01.31 22:41:00";"30.0";"-2475.00";"8965.20020";"9130.20020";"-64683.59";"0.00";"IST";"SL";"3h 11m";"-0.00"
"626";"USTEC_ICM_UTC2";"Buy";"9149.1";"9066.6";"2020.02.03 17:30:00";"2020.02.04 01:01:00";"30.0";"-2658.12";"9066.59961";"9231.59961";"-67341.71";"0.00";"IST";"SL";"7h 31m";"-183.12"
"627";"USTEC_ICM_UTC2";"Buy";"9250.5";"9333.0";"2020.02.04 16:30:00";"2020.02.04 21:05:00";"30.0";"2475.00";"9168.00000";"9333.00000";"-64866.71";"0.00";"IST";"PT";"4h 35m";"-0.00"
"628";"USTEC_ICM_UTC2";"Buy";"9329.8";"9412.3";"2020.02.05 18:45:00";"2020.02.06 03:17:00";"30.0";"2291.88";"9247.29980";"9412.29980";"-62574.83";"0.00";"IST";"PT";"8h 32m";"-183.12"
"629";"USTEC_ICM_UTC2";"Buy";"9400.6";"9394.0";"2020.02.06 17:45:00";"2020.02.07 22:55:00";"30.0";"-381.12";"9318.09961";"9483.09961";"-62955.95";"0.00";"IST";"End Of Friday (Time)";"1d 5h 10m";"-183.12"
"630";"USTEC_ICM_UTC2";"Buy";"9437.2";"9519.7";"2020.02.10 17:15:00";"2020.02.10 23:02:00";"30.0";"2475.00";"9354.70020";"9519.70020";"-60480.95";"0.00";"IST";"PT";"5h 47m";"-0.00"
"631";"USTEC_ICM_UTC2";"Buy";"9557.9";"9640.4";"2020.02.11 16:45:00";"2020.02.14 05:02:00";"30.0";"1925.64";"9475.40039";"9640.40039";"-58555.31";"0.00";"IST";"PT";"2d 12h 17m";"-549.36"
"632";"USTEC_ICM_UTC2";"Buy";"9630.2";"9618.1";"2020.02.14 18:15:00";"2020.02.14 22:55:00";"30.0";"-363.03";"9547.70020";"9712.70020";"-58918.34";"0.00";"IST";"End Of Friday (Time)";"4h 40m";"-0.00"
"633";"USTEC_ICM_UTC2";"Buy";"9654.5";"9572.0";"2020.02.17 17:30:00";"2020.02.18 01:08:00";"30.0";"-2658.12";"9572.00000";"9737.00000";"-61576.46";"0.00";"IST";"SL";"7h 38m";"-183.12"
"634";"USTEC_ICM_UTC2";"Buy";"9612.9";"9695.4";"2020.02.18 20:45:00";"2020.02.19 16:32:00";"30.0";"2291.88";"9530.40039";"9695.40039";"-59284.58";"0.00";"IST";"PT";"19h 47m";"-183.12"
"635";"USTEC_ICM_UTC2";"Buy";"9692.1";"9609.6";"2020.02.19 16:45:00";"2020.02.20 18:26:00";"30.0";"-2658.12";"9609.59961";"9774.59961";"-61942.70";"0.00";"IST";"SL";"1d 1h 41m";"-183.12"
"636";"USTEC_ICM_UTC2";"Buy";"9546.0";"9628.5";"2020.02.20 19:45:00";"2020.02.20 21:36:00";"30.0";"2475.00";"9463.50000";"9628.50000";"-59467.70";"0.00";"IST";"PT";"1h 51m";"-0.00"
"637";"USTEC_ICM_UTC2";"Buy";"9581.6";"9499.1";"2020.02.21 16:30:00";"2020.02.21 16:47:00";"30.0";"-2475.00";"9499.09961";"9664.09961";"-61942.70";"0.00";"IST";"SL";"17m 0s";"-0.00"
"638";"USTEC_ICM_UTC2";"Buy";"9067.8";"9150.3";"2020.02.24 21:15:00";"2020.02.24 21:54:00";"30.0";"2475.00";"8985.29980";"9150.29980";"-59467.70";"0.00";"IST";"PT";"39m 0s";"-0.00"
"639";"USTEC_ICM_UTC2";"Buy";"9151.6";"9069.1";"2020.02.25 16:30:00";"2020.02.25 17:24:00";"30.0";"-2475.00";"9069.09961";"9234.09961";"-61942.70";"0.00";"IST";"SL";"54m 0s";"-0.00"
"640";"USTEC_ICM_UTC2";"Buy";"9003.2";"8920.7";"2020.02.26 18:00:00";"2020.02.26 19:04:00";"30.0";"-2475.00";"8920.70020";"9085.70020";"-64417.70";"0.00";"IST";"SL";"1h 4m";"-0.00"
"641";"USTEC_ICM_UTC2";"Buy";"8578.6";"8661.1";"2020.02.27 17:30:00";"2020.02.27 17:59:00";"30.0";"2475.00";"8496.09961";"8661.09961";"-61942.70";"0.00";"IST";"PT";"29m 0s";"-0.00"
"642";"USTEC_ICM_UTC2";"Buy";"8320.3";"8237.8";"2020.02.28 22:00:00";"2020.02.28 22:44:00";"30.0";"-2475.00";"8237.79980";"8402.79980";"-64417.70";"0.00";"IST";"SL";"44m 0s";"-0.00"
"643";"USTEC_ICM_UTC2";"Buy";"8530.3";"8447.8";"2020.03.02 16:45:00";"2020.03.02 17:08:00";"30.0";"-2475.00";"8447.79980";"8612.79980";"-66892.70";"0.00";"IST";"SL";"23m 0s";"-0.00"
"644";"USTEC_ICM_UTC2";"Buy";"8928.6";"8846.1";"2020.03.03 18:00:00";"2020.03.03 18:08:00";"30.0";"-2475.00";"8846.09961";"9011.09961";"-69367.70";"0.00";"IST";"SL";"8m 0s";"-0.00"
"645";"USTEC_ICM_UTC2";"Buy";"8746.0";"8828.5";"2020.03.04 16:30:00";"2020.03.04 20:04:00";"30.0";"2475.00";"8663.50000";"8828.50000";"-66892.70";"0.00";"IST";"PT";"3h 34m";"-0.00"
"646";"USTEC_ICM_UTC2";"Buy";"8767.5";"8850.0";"2020.03.05 16:45:00";"2020.03.05 18:13:00";"30.0";"2475.00";"8685.00000";"8850.00000";"-64417.70";"0.00";"IST";"PT";"1h 28m";"-0.00"
"647";"USTEC_ICM_UTC2";"Buy";"8399.7";"8482.2";"2020.03.06 21:00:00";"2020.03.06 22:50:00";"30.0";"2475.00";"8317.20020";"8482.20020";"-61942.70";"0.00";"IST";"PT";"1h 50m";"-0.00"
"648";"USTEC_ICM_UTC2";"Buy";"8032.4";"7949.9";"2020.03.09 21:00:00";"2020.03.09 21:59:00";"30.0";"-2475.00";"7949.89990";"8114.89990";"-64417.70";"0.00";"IST";"SL";"59m 0s";"-0.00"
"649";"USTEC_ICM_UTC2";"Buy";"8124.2";"8041.7";"2020.03.10 19:30:00";"2020.03.10 19:56:00";"30.0";"-2475.00";"8041.70020";"8206.70020";"-66892.70";"0.00";"IST";"SL";"26m 0s";"-0.00"
"650";"USTEC_ICM_UTC2";"Buy";"8115.0";"8032.5";"2020.03.11 16:45:00";"2020.03.11 19:03:00";"30.0";"-2475.00";"8032.50000";"8197.50000";"-69367.70";"0.00";"IST";"SL";"2h 18m";"-0.00"
"651";"USTEC_ICM_UTC2";"Buy";"7446.7";"7364.2";"2020.03.13 17:00:00";"2020.03.13 17:33:00";"30.0";"-2475.00";"7364.20020";"7529.20020";"-71842.70";"0.00";"IST";"SL";"33m 0s";"-0.00"
"652";"USTEC_ICM_UTC2";"Buy";"7441.1";"7358.6";"2020.03.16 18:45:00";"2020.03.16 18:53:00";"30.0";"-2475.00";"7358.60010";"7523.60010";"-74317.70";"0.00";"IST";"SL";"8m 0s";"-0.00"
"653";"USTEC_ICM_UTC2";"Buy";"7235.4";"7317.9";"2020.03.17 17:00:00";"2020.03.17 17:09:00";"30.0";"2475.00";"7152.89990";"7317.89990";"-71842.70";"0.00";"IST";"PT";"9m 0s";"-0.00"
"654";"USTEC_ICM_UTC2";"Buy";"7286.5";"7204.0";"2020.03.18 16:30:00";"2020.03.18 16:52:00";"30.0";"-2475.00";"7204.00000";"7369.00000";"-74317.70";"0.00";"IST";"SL";"22m 0s";"-0.00"
"655";"USTEC_ICM_UTC2";"Buy";"7270.8";"7353.3";"2020.03.19 16:45:00";"2020.03.19 17:21:00";"30.0";"2475.00";"7188.29980";"7353.29980";"-71842.70";"0.00";"IST";"PT";"36m 0s";"-0.00"
"656";"USTEC_ICM_UTC2";"Buy";"7425.6";"7343.1";"2020.03.20 17:15:00";"2020.03.20 17:23:00";"30.0";"-2475.00";"7343.10010";"7508.10010";"-74317.70";"0.00";"IST";"SL";"8m 0s";"-0.00"
"657";"USTEC_ICM_UTC2";"Buy";"7029.6";"6947.1";"2020.03.23 16:45:00";"2020.03.23 16:55:00";"30.0";"-2475.00";"6947.10010";"7112.10010";"-76792.70";"0.00";"IST";"SL";"10m 0s";"-0.00"
"658";"USTEC_ICM_UTC2";"Buy";"7451.1";"7533.6";"2020.03.24 18:15:00";"2020.03.24 18:39:00";"30.0";"2475.00";"7368.60010";"7533.60010";"-74317.70";"0.00";"IST";"PT";"24m 0s";"-0.00"
"659";"USTEC_ICM_UTC2";"Buy";"7518.1";"7600.6";"2020.03.25 17:15:00";"2020.03.25 18:22:00";"30.0";"2475.00";"7435.60010";"7600.60010";"-71842.70";"0.00";"IST";"PT";"1h 7m";"-0.00"
"660";"USTEC_ICM_UTC2";"Buy";"7674.0";"7756.5";"2020.03.26 16:30:00";"2020.03.26 17:32:00";"30.0";"2475.00";"7591.50000";"7756.50000";"-69367.70";"0.00";"IST";"PT";"1h 2m";"-0.00"
"661";"USTEC_ICM_UTC2";"Buy";"7620.7";"7703.2";"2020.03.27 18:00:00";"2020.03.27 19:35:00";"30.0";"2475.00";"7538.20020";"7703.20020";"-66892.70";"0.00";"IST";"PT";"1h 35m";"-0.00"
"662";"USTEC_ICM_UTC2";"Buy";"7679.9";"7762.4";"2020.03.30 16:30:00";"2020.03.30 17:15:00";"30.0";"2475.00";"7597.39990";"7762.39990";"-64417.70";"0.00";"IST";"PT";"45m 0s";"-0.00"
"663";"USTEC_ICM_UTC2";"Buy";"7864.6";"7947.1";"2020.03.31 16:45:00";"2020.03.31 17:14:00";"30.0";"2475.00";"7782.10010";"7947.10010";"-61942.70";"0.00";"IST";"PT";"29m 0s";"-0.00"
"664";"USTEC_ICM_UTC2";"Buy";"7557.8";"7475.3";"2020.04.01 21:00:00";"2020.04.01 22:08:00";"30.0";"-2475.00";"7475.29980";"7640.29980";"-64417.70";"0.00";"IST";"SL";"1h 8m";"-0.00"
"665";"USTEC_ICM_UTC2";"Buy";"7528.2";"7610.7";"2020.04.02 17:15:00";"2020.04.02 17:35:00";"30.0";"2475.00";"7445.70020";"7610.70020";"-61942.70";"0.00";"IST";"PT";"20m 0s";"-0.00"
"666";"USTEC_ICM_UTC2";"Buy";"7501.4";"7534.1";"2020.04.03 19:30:00";"2020.04.03 22:55:00";"30.0";"981.00";"7418.89990";"7583.89990";"-60961.70";"0.00";"IST";"End Of Friday (Time)";"3h 25m";"-0.00"
"667";"USTEC_ICM_UTC2";"Buy";"7881.8";"7964.3";"2020.04.06 18:15:00";"2020.04.06 20:49:00";"30.0";"2475.00";"7799.29980";"7964.29980";"-58486.70";"0.00";"IST";"PT";"2h 34m";"-0.00"
"668";"USTEC_ICM_UTC2";"Buy";"8244.6";"8162.1";"2020.04.07 16:45:00";"2020.04.07 17:13:00";"30.0";"-2475.00";"8162.10010";"8327.09961";"-60961.70";"0.00";"IST";"SL";"28m 0s";"-0.00"
"669";"USTEC_ICM_UTC2";"Buy";"8126.7";"8209.2";"2020.04.08 16:30:00";"2020.04.08 21:32:00";"30.0";"2475.00";"8044.20020";"8209.20020";"-58486.70";"0.00";"IST";"PT";"5h 2m";"-0.00"
"670";"USTEC_ICM_UTC2";"Buy";"8295.8";"8213.3";"2020.04.09 16:30:00";"2020.04.09 17:17:00";"30.0";"-2475.00";"8213.29980";"8378.29980";"-60961.70";"0.00";"IST";"SL";"47m 0s";"-0.00"
"671";"USTEC_ICM_UTC2";"Buy";"8231.1";"8313.6";"2020.04.13 19:45:00";"2020.04.13 22:32:00";"30.0";"2475.00";"8148.60010";"8313.59961";"-58486.70";"0.00";"IST";"PT";"2h 47m";"-0.00"
"672";"USTEC_ICM_UTC2";"Buy";"8550.4";"8632.9";"2020.04.14 16:45:00";"2020.04.14 19:16:00";"30.0";"2475.00";"8467.90039";"8632.90039";"-56011.70";"0.00";"IST";"PT";"2h 31m";"-0.00"
"673";"USTEC_ICM_UTC2";"Buy";"8532.2";"8614.7";"2020.04.15 17:00:00";"2020.04.15 21:14:00";"30.0";"2475.00";"8449.70020";"8614.70020";"-53536.70";"0.00";"IST";"PT";"4h 14m";"-0.00"
"674";"USTEC_ICM_UTC2";"Buy";"8690.3";"8607.8";"2020.04.16 16:30:00";"2020.04.16 17:12:00";"30.0";"-2475.00";"8607.79980";"8772.79980";"-56011.70";"0.00";"IST";"SL";"42m 0s";"-0.00"
"675";"USTEC_ICM_UTC2";"Buy";"8758.4";"8832.1";"2020.04.17 19:00:00";"2020.04.17 22:55:00";"30.0";"2210.97";"8675.90039";"8840.90039";"-53800.73";"0.00";"IST";"End Of Friday (Time)";"3h 55m";"-0.00"
"676";"USTEC_ICM_UTC2";"Buy";"8757.8";"8840.3";"2020.04.20 16:45:00";"2020.04.20 18:06:00";"30.0";"2475.00";"8675.29980";"8840.29980";"-51325.73";"0.00";"IST";"PT";"1h 21m";"-0.00"
"677";"USTEC_ICM_UTC2";"Buy";"8642.4";"8559.9";"2020.04.21 16:30:00";"2020.04.21 16:39:00";"30.0";"-2475.00";"8559.90039";"8724.90039";"-53800.73";"0.00";"IST";"SL";"9m 0s";"-0.00"
"678";"USTEC_ICM_UTC2";"Buy";"8599.8";"8682.3";"2020.04.22 18:15:00";"2020.04.22 21:40:00";"30.0";"2475.00";"8517.29980";"8682.29980";"-51325.73";"0.00";"IST";"PT";"3h 25m";"-0.00"
"679";"USTEC_ICM_UTC2";"Buy";"8687.4";"8769.9";"2020.04.23 16:30:00";"2020.04.23 17:30:00";"30.0";"2475.00";"8604.90039";"8769.90039";"-48850.73";"0.00";"IST";"PT";"1h 0m";"-0.00"
"680";"USTEC_ICM_UTC2";"Buy";"8655.5";"8738.0";"2020.04.24 16:30:00";"2020.04.24 21:06:00";"30.0";"2475.00";"8573.00000";"8738.00000";"-46375.73";"0.00";"IST";"PT";"4h 36m";"-0.00"
"681";"USTEC_ICM_UTC2";"Buy";"8857.6";"8940.1";"2020.04.27 19:00:00";"2020.04.28 12:50:00";"30.0";"2291.88";"8775.09961";"8940.09961";"-44083.86";"0.00";"IST";"PT";"17h 50m";"-183.12"
"682";"USTEC_ICM_UTC2";"Buy";"8915.2";"8832.7";"2020.04.28 16:30:00";"2020.04.28 17:00:00";"30.0";"-2475.00";"8832.70020";"8997.70020";"-46558.86";"0.00";"IST";"SL";"30m 0s";"-0.00"
"683";"USTEC_ICM_UTC2";"Buy";"8943.3";"9025.8";"2020.04.29 17:30:00";"2020.04.29 23:11:00";"30.0";"2475.00";"8860.79980";"9025.79980";"-44083.86";"0.00";"IST";"PT";"5h 41m";"-0.00"
"684";"USTEC_ICM_UTC2";"Buy";"8961.4";"8852.6";"2020.04.30 17:45:00";"2020.05.01 01:00:00";"30.0";"-3447.72";"8878.90039";"9043.90039";"-47531.57";"0.00";"IST";"SL";"7h 15m";"-183.12"
"685";"USTEC_ICM_UTC2";"Buy";"8697.5";"8703.6";"2020.05.01 20:45:00";"2020.05.01 22:55:00";"30.0";"183.00";"8615.00000";"8780.00000";"-47348.57";"0.00";"IST";"End Of Friday (Time)";"2h 10m";"-0.00"
"686";"USTEC_ICM_UTC2";"Buy";"8731.8";"8814.3";"2020.05.04 17:00:00";"2020.05.04 22:21:00";"30.0";"2475.00";"8649.29980";"8814.29980";"-44873.57";"0.00";"IST";"PT";"5h 21m";"-0.00"
"687";"USTEC_ICM_UTC2";"Buy";"8958.3";"9040.8";"2020.05.05 17:30:00";"2020.05.06 17:45:00";"30.0";"2291.88";"8875.79980";"9040.79980";"-42581.70";"0.00";"IST";"PT";"1d 0h 15m";"-183.12"
"688";"USTEC_ICM_UTC2";"Buy";"9033.8";"8951.3";"2020.05.06 18:15:00";"2020.05.07 01:25:00";"30.0";"-2658.12";"8951.29980";"9116.29980";"-45239.81";"0.00";"IST";"SL";"7h 10m";"-183.12"
"689";"USTEC_ICM_UTC2";"Buy";"9098.8";"9181.3";"2020.05.07 16:30:00";"2020.05.08 03:37:00";"30.0";"2291.88";"9016.29980";"9181.29980";"-42947.93";"0.00";"IST";"PT";"11h 7m";"-183.12"
"690";"USTEC_ICM_UTC2";"Buy";"9182.4";"9221.3";"2020.05.08 18:00:00";"2020.05.08 22:55:00";"30.0";"1166.97";"9099.90039";"9264.90039";"-41780.96";"0.00";"IST";"End Of Friday (Time)";"4h 55m";"-0.00"
"691";"USTEC_ICM_UTC2";"Buy";"9210.9";"9293.4";"2020.05.11 16:45:00";"2020.05.11 20:07:00";"30.0";"2475.00";"9128.40039";"9293.40039";"-39305.96";"0.00";"IST";"PT";"3h 22m";"-0.00"
"692";"USTEC_ICM_UTC2";"Buy";"9327.3";"9244.8";"2020.05.12 16:30:00";"2020.05.12 16:52:00";"30.0";"-2475.00";"9244.79980";"9409.79980";"-41780.96";"0.00";"IST";"SL";"22m 0s";"-0.00"
"693";"USTEC_ICM_UTC2";"Buy";"8932.6";"9015.1";"2020.05.14 18:30:00";"2020.05.14 20:30:00";"30.0";"2475.00";"8850.09961";"9015.09961";"-39305.96";"0.00";"IST";"PT";"2h 0m";"-0.00"
"694";"USTEC_ICM_UTC2";"Buy";"9058.0";"8975.5";"2020.05.15 17:15:00";"2020.05.15 18:00:00";"30.0";"-2475.00";"8975.50000";"9140.50000";"-41780.96";"0.00";"IST";"SL";"45m 0s";"-0.00"
"695";"USTEC_ICM_UTC2";"Buy";"9334.5";"9417.0";"2020.05.18 18:15:00";"2020.05.19 09:58:00";"30.0";"2291.88";"9252.00000";"9417.00000";"-39489.09";"0.00";"IST";"PT";"15h 43m";"-183.12"
"696";"USTEC_ICM_UTC2";"Buy";"9389.5";"9307.0";"2020.05.19 17:30:00";"2020.05.19 22:59:00";"30.0";"-2475.00";"9307.00000";"9472.00000";"-41964.09";"0.00";"IST";"SL";"5h 29m";"-0.00"
"697";"USTEC_ICM_UTC2";"Buy";"9459.7";"9377.2";"2020.05.20 17:30:00";"2020.05.21 18:17:00";"30.0";"-2658.12";"9377.20020";"9542.20020";"-44622.20";"0.00";"IST";"SL";"1d 0h 47m";"-183.12"
"698";"USTEC_ICM_UTC2";"Buy";"9406.1";"9323.6";"2020.05.21 21:00:00";"2020.05.22 05:54:00";"30.0";"-2658.12";"9323.59961";"9488.59961";"-47280.32";"0.00";"IST";"SL";"8h 54m";"-183.12"
"699";"USTEC_ICM_UTC2";"Buy";"9362.8";"9406.7";"2020.05.22 16:30:00";"2020.05.22 22:55:00";"30.0";"1317.00";"9280.29980";"9445.29980";"-45963.32";"0.00";"IST";"End Of Friday (Time)";"6h 25m";"-0.00"
"700";"USTEC_ICM_UTC2";"Buy";"9522.5";"9605.0";"2020.05.25 16:45:00";"2020.05.26 09:33:00";"30.0";"2291.88";"9440.00000";"9605.00000";"-43671.45";"0.00";"IST";"PT";"16h 48m";"-183.12"
"701";"USTEC_ICM_UTC2";"Buy";"9507.2";"9424.7";"2020.05.26 18:00:00";"2020.05.26 18:46:00";"30.0";"-2475.00";"9424.70020";"9589.70020";"-46146.45";"0.00";"IST";"SL";"46m 0s";"-0.00"
"702";"USTEC_ICM_UTC2";"Buy";"9279.6";"9362.1";"2020.05.27 19:00:00";"2020.05.27 21:00:00";"30.0";"2475.00";"9197.09961";"9362.09961";"-43671.45";"0.00";"IST";"PT";"2h 0m";"-0.00"
"703";"USTEC_ICM_UTC2";"Buy";"9434.7";"9517.2";"2020.05.28 17:00:00";"2020.05.28 18:59:00";"30.0";"2475.00";"9352.20020";"9517.20020";"-41196.45";"0.00";"IST";"PT";"1h 59m";"-0.00"
"704";"USTEC_ICM_UTC2";"Buy";"9411.3";"9493.8";"2020.05.29 17:30:00";"2020.05.29 21:27:00";"30.0";"2475.00";"9328.79980";"9493.79980";"-38721.45";"0.00";"IST";"PT";"3h 57m";"-0.00"
"705";"USTEC_ICM_UTC2";"Buy";"9554.7";"9637.2";"2020.06.01 17:00:00";"2020.06.02 11:18:00";"30.0";"2291.88";"9472.20020";"9637.20020";"-36429.57";"0.00";"IST";"PT";"18h 18m";"-183.12"
"706";"USTEC_ICM_UTC2";"Buy";"9570.2";"9652.7";"2020.06.02 17:45:00";"2020.06.02 22:57:00";"30.0";"2475.00";"9487.70020";"9652.70020";"-33954.57";"0.00";"IST";"PT";"5h 12m";"-0.00"
"707";"USTEC_ICM_UTC2";"Buy";"9687.3";"9604.8";"2020.06.03 16:45:00";"2020.06.04 21:58:00";"30.0";"-2658.12";"9604.79980";"9769.79980";"-36612.68";"0.00";"IST";"SL";"1d 5h 13m";"-183.12"
"708";"USTEC_ICM_UTC2";"Buy";"9764.7";"9847.2";"2020.06.05 16:45:00";"2020.06.05 20:25:00";"30.0";"2475.00";"9682.20020";"9847.20020";"-34137.68";"0.00";"IST";"PT";"3h 40m";"-0.00"
"709";"USTEC_ICM_UTC2";"Buy";"9810.8";"9893.3";"2020.06.08 16:30:00";"2020.06.08 22:50:00";"30.0";"2475.00";"9728.29980";"9893.29980";"-31662.69";"0.00";"IST";"PT";"6h 20m";"-0.00"
"710";"USTEC_ICM_UTC2";"Buy";"9901.1";"9983.6";"2020.06.09 16:45:00";"2020.06.09 19:45:00";"30.0";"2475.00";"9818.59961";"9983.59961";"-29187.69";"0.00";"IST";"PT";"3h 0m";"-0.00"
"711";"USTEC_ICM_UTC2";"Buy";"10040.3";"10122.8";"2020.06.10 16:30:00";"2020.06.10 21:15:00";"30.0";"2475.00";"9957.79980";"10122.79980";"-26712.69";"0.00";"IST";"PT";"4h 45m";"-0.00"
"712";"USTEC_ICM_UTC2";"Buy";"9926.8";"9844.3";"2020.06.11 16:30:00";"2020.06.11 19:06:00";"30.0";"-2475.00";"9844.29980";"10009.29980";"-29187.69";"0.00";"IST";"SL";"2h 36m";"-0.00"
"713";"USTEC_ICM_UTC2";"Buy";"9812.4";"9729.9";"2020.06.12 17:00:00";"2020.06.12 17:39:00";"30.0";"-2475.00";"9729.90039";"9894.90039";"-31662.69";"0.00";"IST";"SL";"39m 0s";"-0.00"
"714";"USTEC_ICM_UTC2";"Buy";"9592.8";"9675.3";"2020.06.15 17:30:00";"2020.06.15 19:19:00";"30.0";"2475.00";"9510.29980";"9675.29980";"-29187.69";"0.00";"IST";"PT";"1h 49m";"-0.00"
"715";"USTEC_ICM_UTC2";"Buy";"9997.8";"9915.3";"2020.06.16 17:15:00";"2020.06.16 17:52:00";"30.0";"-2475.00";"9915.29980";"10080.29980";"-31662.69";"0.00";"IST";"SL";"37m 0s";"-0.00"
"716";"USTEC_ICM_UTC2";"Buy";"10001.3";"9918.8";"2020.06.17 18:30:00";"2020.06.18 04:22:00";"30.0";"-2658.12";"9918.79980";"10083.79980";"-34320.80";"0.00";"IST";"SL";"9h 52m";"-183.12"
"717";"USTEC_ICM_UTC2";"Buy";"9990.0";"10072.5";"2020.06.18 17:15:00";"2020.06.19 09:34:00";"30.0";"2291.88";"9907.50000";"10072.50000";"-32028.93";"0.00";"IST";"PT";"16h 19m";"-183.12"
"718";"USTEC_ICM_UTC2";"Buy";"10006.2";"10017.9";"2020.06.19 22:15:00";"2020.06.19 22:55:00";"30.0";"351.00";"9923.70020";"10088.70020";"-31677.93";"0.00";"IST";"End Of Friday (Time)";"40m 0s";"-0.00"
"719";"USTEC_ICM_UTC2";"Buy";"10001.4";"10083.9";"2020.06.22 16:30:00";"2020.06.22 19:04:00";"30.0";"2475.00";"9918.90039";"10083.90039";"-29202.93";"0.00";"IST";"PT";"2h 34m";"-0.00"
"720";"USTEC_ICM_UTC2";"Buy";"10226.9";"10144.4";"2020.06.23 18:00:00";"2020.06.24 11:15:00";"30.0";"-2658.12";"10144.40039";"10309.40039";"-31861.04";"0.00";"IST";"SL";"17h 15m";"-183.12"
"721";"USTEC_ICM_UTC2";"Buy";"10179.1";"10096.6";"2020.06.24 16:30:00";"2020.06.24 17:01:00";"30.0";"-2475.00";"10096.59961";"10261.59961";"-34336.05";"0.00";"IST";"SL";"31m 0s";"-0.00"
"722";"USTEC_ICM_UTC2";"Buy";"10009.6";"10092.1";"2020.06.25 17:45:00";"2020.06.25 22:54:00";"30.0";"2475.00";"9927.09961";"10092.09961";"-31861.04";"0.00";"IST";"PT";"5h 9m";"-0.00"
"723";"USTEC_ICM_UTC2";"Buy";"9964.0";"9881.5";"2020.06.26 18:45:00";"2020.06.26 21:46:00";"30.0";"-2475.00";"9881.50000";"10046.50000";"-34336.05";"0.00";"IST";"SL";"3h 1m";"-0.00"
"724";"USTEC_ICM_UTC2";"Buy";"9882.9";"9965.4";"2020.06.29 17:45:00";"2020.06.29 23:00:00";"30.0";"2475.00";"9800.40039";"9965.40039";"-31861.04";"0.00";"IST";"PT";"5h 15m";"-0.00"
"725";"USTEC_ICM_UTC2";"Buy";"10038.2";"10120.7";"2020.06.30 17:30:00";"2020.06.30 22:27:00";"30.0";"2475.00";"9955.70020";"10120.70020";"-29386.04";"0.00";"IST";"PT";"4h 57m";"-0.00"
"726";"USTEC_ICM_UTC2";"Buy";"10233.0";"10315.5";"2020.07.01 18:00:00";"2020.07.01 22:33:00";"30.0";"2475.00";"10150.50000";"10315.50000";"-26911.04";"0.00";"IST";"PT";"4h 33m";"-0.00"
"727";"USTEC_ICM_UTC2";"Buy";"10379.9";"10462.4";"2020.07.02 16:30:00";"2020.07.06 04:32:00";"30.0";"1742.52";"10297.40039";"10462.40039";"-25168.53";"0.00";"IST";"PT";"3d 12h 2m";"-732.48"
"728";"USTEC_ICM_UTC2";"Buy";"10479.9";"10562.4";"2020.07.06 16:30:00";"2020.07.06 17:33:00";"30.0";"2475.00";"10397.40039";"10562.40039";"-22693.53";"0.00";"IST";"PT";"1h 3m";"-0.00"
"729";"USTEC_ICM_UTC2";"Buy";"10619.5";"10702.0";"2020.07.07 16:45:00";"2020.07.07 18:21:00";"30.0";"2475.00";"10537.00000";"10702.00000";"-20218.53";"0.00";"IST";"PT";"1h 36m";"-0.00"
"730";"USTEC_ICM_UTC2";"Buy";"10642.7";"10560.2";"2020.07.08 17:15:00";"2020.07.08 18:19:00";"30.0";"-2475.00";"10560.20020";"10725.20020";"-22693.53";"0.00";"IST";"SL";"1h 4m";"-0.00"
"731";"USTEC_ICM_UTC2";"Buy";"10678.1";"10760.6";"2020.07.09 19:45:00";"2020.07.09 22:00:00";"30.0";"2475.00";"10595.59961";"10760.59961";"-20218.53";"0.00";"IST";"PT";"2h 15m";"-0.00"
"732";"USTEC_ICM_UTC2";"Buy";"10747.4";"10664.9";"2020.07.10 16:30:00";"2020.07.10 17:00:00";"30.0";"-2475.00";"10664.90039";"10829.90039";"-22693.53";"0.00";"IST";"SL";"30m 0s";"-0.00"
"733";"USTEC_ICM_UTC2";"Buy";"11042.5";"10960.0";"2020.07.13 18:00:00";"2020.07.13 20:59:00";"30.0";"-2475.00";"10960.00000";"11125.00000";"-25168.53";"0.00";"IST";"SL";"2h 59m";"-0.00"
"734";"USTEC_ICM_UTC2";"Buy";"10604.6";"10687.1";"2020.07.14 21:00:00";"2020.07.14 22:52:00";"30.0";"2475.00";"10522.09961";"10687.09961";"-22693.53";"0.00";"IST";"PT";"1h 52m";"-0.00"
"735";"USTEC_ICM_UTC2";"Buy";"10718.8";"10636.3";"2020.07.15 17:15:00";"2020.07.15 18:07:00";"30.0";"-2475.00";"10636.29980";"10801.29980";"-25168.53";"0.00";"IST";"SL";"52m 0s";"-0.00"
"736";"USTEC_ICM_UTC2";"Buy";"10594.0";"10511.5";"2020.07.16 16:45:00";"2020.07.16 18:02:00";"30.0";"-2475.00";"10511.50000";"10676.50000";"-27643.53";"0.00";"IST";"SL";"1h 17m";"-0.00"
"737";"USTEC_ICM_UTC2";"Buy";"10629.8";"10637.3";"2020.07.17 18:30:00";"2020.07.17 22:55:00";"30.0";"225.00";"10547.29980";"10712.29980";"-27418.53";"0.00";"IST";"End Of Friday (Time)";"4h 25m";"-0.00"
"738";"USTEC_ICM_UTC2";"Buy";"10674.8";"10757.3";"2020.07.20 16:30:00";"2020.07.20 17:20:00";"30.0";"2475.00";"10592.29980";"10757.29980";"-24943.53";"0.00";"IST";"PT";"50m 0s";"-0.00"
"739";"USTEC_ICM_UTC2";"Buy";"10887.1";"10804.6";"2020.07.21 20:30:00";"2020.07.21 22:52:00";"30.0";"-2475.00";"10804.59961";"10969.59961";"-27418.53";"0.00";"IST";"SL";"2h 22m";"-0.00"
"740";"USTEC_ICM_UTC2";"Buy";"10865.0";"10947.5";"2020.07.22 19:15:00";"2020.07.23 09:47:00";"30.0";"2291.88";"10782.50000";"10947.50000";"-25126.64";"0.00";"IST";"PT";"14h 32m";"-183.12"
"741";"USTEC_ICM_UTC2";"Buy";"10827.8";"10745.3";"2020.07.23 17:30:00";"2020.07.23 19:10:00";"30.0";"-2475.00";"10745.29980";"10910.29980";"-27601.64";"0.00";"IST";"SL";"1h 40m";"-0.00"
"742";"USTEC_ICM_UTC2";"Buy";"10507.6";"10478.0";"2020.07.24 21:15:00";"2020.07.24 22:55:00";"30.0";"-888.00";"10425.09961";"10590.09961";"-28489.64";"0.00";"IST";"End Of Friday (Time)";"1h 40m";"-0.00"
"743";"USTEC_ICM_UTC2";"Buy";"10604.7";"10687.2";"2020.07.27 17:15:00";"2020.07.27 22:26:00";"30.0";"2475.00";"10522.20020";"10687.20020";"-26014.64";"0.00";"IST";"PT";"5h 11m";"-0.00"
"744";"USTEC_ICM_UTC2";"Buy";"10636.8";"10554.3";"2020.07.28 18:00:00";"2020.07.28 22:34:00";"30.0";"-2475.00";"10554.29980";"10719.29980";"-28489.64";"0.00";"IST";"SL";"4h 34m";"-0.00"
"745";"USTEC_ICM_UTC2";"Buy";"10656.1";"10573.6";"2020.07.29 17:45:00";"2020.07.30 10:31:00";"30.0";"-2658.12";"10573.59961";"10738.59961";"-31147.77";"0.00";"IST";"SL";"16h 46m";"-183.12"
"746";"USTEC_ICM_UTC2";"Buy";"10562.3";"10644.8";"2020.07.30 17:15:00";"2020.07.30 18:33:00";"30.0";"2475.00";"10479.79980";"10644.79980";"-28672.77";"0.00";"IST";"PT";"1h 18m";"-0.00"
"747";"USTEC_ICM_UTC2";"Buy";"10825.6";"10743.1";"2020.07.31 18:30:00";"2020.07.31 19:34:00";"30.0";"-2475.00";"10743.09961";"10908.09961";"-31147.77";"0.00";"IST";"SL";"1h 4m";"-0.00"
"748";"USTEC_ICM_UTC2";"Buy";"11040.5";"11123.0";"2020.08.03 17:15:00";"2020.08.05 09:43:00";"30.0";"2108.76";"10958.00000";"11123.00000";"-29039.01";"0.00";"IST";"PT";"1d 16h 28m";"-366.24"
"749";"USTEC_ICM_UTC2";"Buy";"11124.1";"11206.6";"2020.08.05 17:00:00";"2020.08.06 20:51:00";"30.0";"2291.88";"11041.59961";"11206.59961";"-26747.13";"0.00";"IST";"PT";"1d 3h 51m";"-183.12"
"750";"USTEC_ICM_UTC2";"Buy";"11206.6";"11289.1";"2020.08.06 21:00:00";"2020.08.07 03:25:00";"30.0";"2291.88";"11124.09961";"11289.09961";"-24455.25";"0.00";"IST";"PT";"6h 25m";"-183.12"
"751";"USTEC_ICM_UTC2";"Buy";"11235.7";"11153.2";"2020.08.07 16:45:00";"2020.08.07 19:52:00";"30.0";"-2475.00";"11153.20020";"11318.20020";"-26930.25";"0.00";"IST";"SL";"3h 7m";"-0.00"
"752";"USTEC_ICM_UTC2";"Buy";"11145.9";"11063.4";"2020.08.10 16:30:00";"2020.08.10 17:22:00";"30.0";"-2475.00";"11063.40039";"11228.40039";"-29405.25";"0.00";"IST";"SL";"52m 0s";"-0.00"
"753";"USTEC_ICM_UTC2";"Buy";"11016.2";"10933.7";"2020.08.11 17:00:00";"2020.08.11 22:18:00";"30.0";"-2475.00";"10933.70020";"11098.70020";"-31880.25";"0.00";"IST";"SL";"5h 18m";"-0.00"
"754";"USTEC_ICM_UTC2";"Buy";"11073.6";"11156.1";"2020.08.12 17:15:00";"2020.08.12 19:06:00";"30.0";"2475.00";"10991.09961";"11156.09961";"-29405.25";"0.00";"IST";"PT";"1h 51m";"-0.00"
"755";"USTEC_ICM_UTC2";"Buy";"11180.1";"11262.6";"2020.08.13 16:30:00";"2020.08.13 18:07:00";"30.0";"2475.00";"11097.59961";"11262.59961";"-26930.25";"0.00";"IST";"PT";"1h 37m";"-0.00"
"756";"USTEC_ICM_UTC2";"Buy";"11144.9";"11166.2";"2020.08.14 19:00:00";"2020.08.14 22:55:00";"30.0";"639.00";"11062.40039";"11227.40039";"-26291.25";"0.00";"IST";"End Of Friday (Time)";"3h 55m";"-0.00"
"757";"USTEC_ICM_UTC2";"Buy";"11260.2";"11342.7";"2020.08.17 17:15:00";"2020.08.18 15:29:00";"30.0";"2291.88";"11177.70020";"11342.70020";"-23999.37";"0.00";"IST";"PT";"22h 14m";"-183.12"
"758";"USTEC_ICM_UTC2";"Buy";"11355.6";"11438.1";"2020.08.18 18:30:00";"2020.08.19 19:01:00";"30.0";"2291.88";"11273.09961";"11438.09961";"-21707.49";"0.00";"IST";"PT";"1d 0h 31m";"-183.12"
"759";"USTEC_ICM_UTC2";"Buy";"11428.1";"11345.6";"2020.08.19 19:15:00";"2020.08.19 21:20:00";"30.0";"-2475.00";"11345.59961";"11510.59961";"-24182.49";"0.00";"IST";"SL";"2h 5m";"-0.00"
"760";"USTEC_ICM_UTC2";"Buy";"11364.2";"11446.7";"2020.08.20 17:15:00";"2020.08.20 21:20:00";"30.0";"2475.00";"11281.70020";"11446.70020";"-21707.49";"0.00";"IST";"PT";"4h 5m";"-0.00"
"761";"USTEC_ICM_UTC2";"Buy";"11479.8";"11562.3";"2020.08.21 17:15:00";"2020.08.21 21:56:00";"30.0";"2475.00";"11397.29980";"11562.29980";"-19232.49";"0.00";"IST";"PT";"4h 41m";"-0.00"
"762";"USTEC_ICM_UTC2";"Buy";"11576.4";"11658.9";"2020.08.24 21:45:00";"2020.08.25 03:58:00";"30.0";"2291.88";"11493.90039";"11658.90039";"-16940.61";"0.00";"IST";"PT";"6h 13m";"-183.12"
"763";"USTEC_ICM_UTC2";"Buy";"11617.9";"11700.4";"2020.08.25 17:30:00";"2020.08.25 21:58:00";"30.0";"2475.00";"11535.40039";"11700.40039";"-14465.61";"0.00";"IST";"PT";"4h 28m";"-0.00"
"764";"USTEC_ICM_UTC2";"Buy";"11790.7";"11873.2";"2020.08.26 17:00:00";"2020.08.26 18:35:00";"30.0";"2475.00";"11708.20020";"11873.20020";"-11990.61";"0.00";"IST";"PT";"1h 35m";"-0.00"
"765";"USTEC_ICM_UTC2";"Buy";"11982.6";"11900.1";"2020.08.27 17:00:00";"2020.08.27 19:48:00";"30.0";"-2475.00";"11900.09961";"12065.09961";"-14465.61";"0.00";"IST";"SL";"2h 48m";"-0.00"
"766";"USTEC_ICM_UTC2";"Buy";"12009.1";"11988.1";"2020.08.28 17:00:00";"2020.08.28 22:55:00";"30.0";"-630.00";"11926.59961";"12091.59961";"-15095.61";"0.00";"IST";"End Of Friday (Time)";"5h 55m";"-0.00"
"767";"USTEC_ICM_UTC2";"Buy";"12046.3";"12128.8";"2020.08.31 17:15:00";"2020.08.31 20:24:00";"30.0";"2475.00";"11963.79980";"12128.79980";"-12620.61";"0.00";"IST";"PT";"3h 9m";"-0.00"
"768";"USTEC_ICM_UTC2";"Buy";"12204.9";"12287.4";"2020.09.01 17:00:00";"2020.09.01 22:58:00";"30.0";"2475.00";"12122.40039";"12287.40039";"-10145.61";"0.00";"IST";"PT";"5h 58m";"-0.00"
"769";"USTEC_ICM_UTC2";"Buy";"12323.5";"12241.0";"2020.09.02 18:00:00";"2020.09.02 18:28:00";"30.0";"-2475.00";"12241.00000";"12406.00000";"-12620.61";"0.00";"IST";"SL";"28m 0s";"-0.00"
"770";"USTEC_ICM_UTC2";"Buy";"11784.7";"11702.2";"2020.09.03 21:00:00";"2020.09.03 22:01:00";"30.0";"-2475.00";"11702.20020";"11867.20020";"-15095.61";"0.00";"IST";"SL";"1h 1m";"-0.00"
"771";"USTEC_ICM_UTC2";"Buy";"11544.5";"11462.0";"2020.09.04 17:00:00";"2020.09.04 17:15:00";"30.0";"-2475.00";"11462.00000";"11627.00000";"-17570.61";"0.00";"IST";"SL";"15m 0s";"-0.00"
"772";"USTEC_ICM_UTC2";"Buy";"11457.8";"11540.3";"2020.09.07 16:30:00";"2020.09.08 01:22:00";"30.0";"2291.88";"11375.29980";"11540.29980";"-15278.73";"0.00";"IST";"PT";"8h 52m";"-183.12"
"773";"USTEC_ICM_UTC2";"Buy";"11159.3";"11241.8";"2020.09.08 16:30:00";"2020.09.08 16:36:00";"30.0";"2475.00";"11076.79980";"11241.79980";"-12803.73";"0.00";"IST";"PT";"6m 0s";"-0.00"
"774";"USTEC_ICM_UTC2";"Buy";"11444.5";"11362.0";"2020.09.09 19:45:00";"2020.09.09 23:00:00";"30.0";"-2475.00";"11362.00000";"11527.00000";"-15278.73";"0.00";"IST";"SL";"3h 15m";"-0.00"
"775";"USTEC_ICM_UTC2";"Buy";"11519.6";"11437.1";"2020.09.10 16:30:00";"2020.09.10 17:57:00";"30.0";"-2475.00";"11437.09961";"11602.09961";"-17753.73";"0.00";"IST";"SL";"1h 27m";"-0.00"
"776";"USTEC_ICM_UTC2";"Buy";"11244.1";"11161.6";"2020.09.11 18:15:00";"2020.09.11 18:30:00";"30.0";"-2475.00";"11161.59961";"11326.59961";"-20228.73";"0.00";"IST";"SL";"15m 0s";"-0.00"
"777";"USTEC_ICM_UTC2";"Buy";"11244.9";"11327.4";"2020.09.14 16:30:00";"2020.09.14 17:06:00";"30.0";"2475.00";"11162.40039";"11327.40039";"-17753.73";"0.00";"IST";"PT";"36m 0s";"-0.00"
"778";"USTEC_ICM_UTC2";"Buy";"11436.4";"11518.9";"2020.09.15 17:30:00";"2020.09.16 11:08:00";"30.0";"2291.88";"11353.90039";"11518.90039";"-15461.85";"0.00";"IST";"PT";"17h 38m";"-183.12"
"779";"USTEC_ICM_UTC2";"Buy";"11424.1";"11341.6";"2020.09.16 18:45:00";"2020.09.16 20:26:00";"30.0";"-2475.00";"11341.59961";"11506.59961";"-17936.85";"0.00";"IST";"SL";"1h 41m";"-0.00"
"780";"USTEC_ICM_UTC2";"Buy";"11041.7";"11124.2";"2020.09.17 20:45:00";"2020.09.18 02:03:00";"30.0";"2291.88";"10959.20020";"11124.20020";"-15644.97";"0.00";"IST";"PT";"5h 18m";"-183.12"
"781";"USTEC_ICM_UTC2";"Buy";"10885.1";"10946.8";"2020.09.18 21:30:00";"2020.09.18 22:55:00";"30.0";"1851.00";"10802.59961";"10967.59961";"-13793.97";"0.00";"IST";"End Of Friday (Time)";"1h 25m";"-0.00"
"782";"USTEC_ICM_UTC2";"Buy";"10799.3";"10716.8";"2020.09.21 16:45:00";"2020.09.21 17:30:00";"30.0";"-2475.00";"10716.79980";"10881.79980";"-16268.97";"0.00";"IST";"SL";"45m 0s";"-0.00"
"783";"USTEC_ICM_UTC2";"Buy";"11025.5";"10943.0";"2020.09.22 17:00:00";"2020.09.22 18:07:00";"30.0";"-2475.00";"10943.00000";"11108.00000";"-18743.97";"0.00";"IST";"SL";"1h 7m";"-0.00"
"784";"USTEC_ICM_UTC2";"Buy";"11169.1";"11086.6";"2020.09.23 16:30:00";"2020.09.23 17:05:00";"30.0";"-2475.00";"11086.59961";"11251.59961";"-21218.97";"0.00";"IST";"SL";"35m 0s";"-0.00"
"785";"USTEC_ICM_UTC2";"Buy";"11024.0";"10941.5";"2020.09.24 20:45:00";"2020.09.24 21:18:00";"30.0";"-2475.00";"10941.50000";"11106.50000";"-23693.97";"0.00";"IST";"SL";"33m 0s";"-0.00"
"786";"USTEC_ICM_UTC2";"Buy";"11012.4";"11094.9";"2020.09.25 18:15:00";"2020.09.25 21:07:00";"30.0";"2475.00";"10929.90039";"11094.90039";"-21218.97";"0.00";"IST";"PT";"2h 52m";"-0.00"
"787";"USTEC_ICM_UTC2";"Buy";"11256.9";"11339.4";"2020.09.28 18:00:00";"2020.09.28 20:34:00";"30.0";"2475.00";"11174.40039";"11339.40039";"-18743.97";"0.00";"IST";"PT";"2h 34m";"-0.00"
"788";"USTEC_ICM_UTC2";"Buy";"11326.4";"11408.9";"2020.09.29 17:45:00";"2020.09.30 05:15:00";"30.0";"2291.88";"11243.90039";"11408.90039";"-16452.09";"0.00";"IST";"PT";"11h 30m";"-183.12"
"789";"USTEC_ICM_UTC2";"Buy";"11430.7";"11513.2";"2020.09.30 17:00:00";"2020.09.30 19:31:00";"30.0";"2475.00";"11348.20020";"11513.20020";"-13977.09";"0.00";"IST";"PT";"2h 31m";"-0.00"
"790";"USTEC_ICM_UTC2";"Buy";"11564.3";"11481.8";"2020.10.01 16:30:00";"2020.10.02 07:59:00";"30.0";"-2658.12";"11481.79980";"11646.79980";"-16635.21";"0.00";"IST";"SL";"15h 29m";"-183.12"
"791";"USTEC_ICM_UTC2";"Buy";"11474.9";"11392.4";"2020.10.02 17:15:00";"2020.10.02 18:05:00";"30.0";"-2475.00";"11392.40039";"11557.40039";"-19110.21";"0.00";"IST";"SL";"50m 0s";"-0.00"
"792";"USTEC_ICM_UTC2";"Buy";"11340.1";"11422.6";"2020.10.05 16:30:00";"2020.10.05 17:13:00";"30.0";"2475.00";"11257.59961";"11422.59961";"-16635.21";"0.00";"IST";"PT";"43m 0s";"-0.00"
"793";"USTEC_ICM_UTC2";"Buy";"11460.7";"11378.2";"2020.10.06 17:45:00";"2020.10.06 18:50:00";"30.0";"-2475.00";"11378.20020";"11543.20020";"-19110.21";"0.00";"IST";"SL";"1h 5m";"-0.00"
"794";"USTEC_ICM_UTC2";"Buy";"11398.0";"11480.5";"2020.10.07 16:30:00";"2020.10.07 20:03:00";"30.0";"2475.00";"11315.50000";"11480.50000";"-16635.21";"0.00";"IST";"PT";"3h 33m";"-0.00"
"795";"USTEC_ICM_UTC2";"Buy";"11586.4";"11503.9";"2020.10.08 16:30:00";"2020.10.08 17:25:00";"30.0";"-2475.00";"11503.90039";"11668.90039";"-19110.21";"0.00";"IST";"SL";"55m 0s";"-0.00"
"796";"USTEC_ICM_UTC2";"Buy";"11645.9";"11713.5";"2020.10.09 17:30:00";"2020.10.09 22:55:00";"30.0";"2028.00";"11563.40039";"11728.40039";"-17082.21";"0.00";"IST";"End Of Friday (Time)";"5h 25m";"-0.00"
"797";"USTEC_ICM_UTC2";"Buy";"11948.2";"12030.7";"2020.10.12 17:45:00";"2020.10.12 18:33:00";"30.0";"2475.00";"11865.70020";"12030.70020";"-14607.21";"0.00";"IST";"PT";"48m 0s";"-0.00"
"798";"USTEC_ICM_UTC2";"Buy";"12158.5";"12076.0";"2020.10.13 18:45:00";"2020.10.13 20:09:00";"30.0";"-2475.00";"12076.00000";"12241.00000";"-17082.21";"0.00";"IST";"SL";"1h 24m";"-0.00"
"799";"USTEC_ICM_UTC2";"Buy";"12066.0";"11983.5";"2020.10.14 18:30:00";"2020.10.14 18:58:00";"30.0";"-2475.00";"11983.50000";"12148.50000";"-19557.21";"0.00";"IST";"SL";"28m 0s";"-0.00"
"800";"USTEC_ICM_UTC2";"Buy";"11783.4";"11865.9";"2020.10.15 16:30:00";"2020.10.15 16:46:00";"30.0";"2475.00";"11700.90039";"11865.90039";"-17082.21";"0.00";"IST";"PT";"16m 0s";"-0.00"
"801";"USTEC_ICM_UTC2";"Buy";"11971.5";"11889.0";"2020.10.16 16:30:00";"2020.10.16 18:25:00";"30.0";"-2475.00";"11889.00000";"12054.00000";"-19557.21";"0.00";"IST";"SL";"1h 55m";"-0.00"
"802";"USTEC_ICM_UTC2";"Buy";"11922.0";"11839.5";"2020.10.19 16:30:00";"2020.10.19 17:09:00";"30.0";"-2475.00";"11839.50000";"12004.50000";"-22032.21";"0.00";"IST";"SL";"39m 0s";"-0.00"
"803";"USTEC_ICM_UTC2";"Buy";"11763.0";"11680.5";"2020.10.20 21:00:00";"2020.10.20 22:10:00";"30.0";"-2475.00";"11680.50000";"11845.50000";"-24507.21";"0.00";"IST";"SL";"1h 10m";"-0.00"
"804";"USTEC_ICM_UTC2";"Buy";"11680.4";"11762.9";"2020.10.21 16:30:00";"2020.10.21 16:48:00";"30.0";"2475.00";"11597.90039";"11762.90039";"-22032.21";"0.00";"IST";"PT";"18m 0s";"-0.00"
"805";"USTEC_ICM_UTC2";"Buy";"11603.1";"11685.6";"2020.10.22 18:45:00";"2020.10.22 22:33:00";"30.0";"2475.00";"11520.59961";"11685.59961";"-19557.21";"0.00";"IST";"PT";"3h 48m";"-0.00"
"806";"USTEC_ICM_UTC2";"Buy";"11688.4";"11605.9";"2020.10.23 16:30:00";"2020.10.23 16:50:00";"30.0";"-2475.00";"11605.90039";"11770.90039";"-22032.21";"0.00";"IST";"SL";"20m 0s";"-0.00"
"807";"USTEC_ICM_UTC2";"Buy";"11636.4";"11553.9";"2020.10.26 16:30:00";"2020.10.26 16:56:00";"30.0";"-2475.00";"11553.90039";"11718.90039";"-24507.21";"0.00";"IST";"SL";"26m 0s";"-0.00"
"808";"USTEC_ICM_UTC2";"Buy";"11516.5";"11599.0";"2020.10.27 16:30:00";"2020.10.27 17:13:00";"30.0";"2475.00";"11434.00000";"11599.00000";"-22032.21";"0.00";"IST";"PT";"43m 0s";"-0.00"
"809";"USTEC_ICM_UTC2";"Buy";"11297.0";"11379.5";"2020.10.29 18:00:00";"2020.10.29 19:30:00";"30.0";"2475.00";"11214.50000";"11379.50000";"-19557.21";"0.00";"IST";"PT";"1h 30m";"-0.00"
"810";"USTEC_ICM_UTC2";"Buy";"11105.4";"11022.9";"2020.10.30 18:30:00";"2020.10.30 19:10:00";"30.0";"-2475.00";"11022.90039";"11187.90039";"-22032.21";"0.00";"IST";"SL";"40m 0s";"-0.00"
"811";"USTEC_ICM_UTC2";"Buy";"11191.3";"11108.8";"2020.11.02 17:00:00";"2020.11.02 18:12:00";"30.0";"-2475.00";"11108.79980";"11273.79980";"-24507.21";"0.00";"IST";"SL";"1h 12m";"-0.00"
"812";"USTEC_ICM_UTC2";"Buy";"11302.4";"11384.9";"2020.11.03 17:45:00";"2020.11.04 03:52:00";"30.0";"2291.88";"11219.90039";"11384.90039";"-22215.33";"0.00";"IST";"PT";"10h 7m";"-183.12"
"813";"USTEC_ICM_UTC2";"Buy";"11738.3";"11820.8";"2020.11.04 17:45:00";"2020.11.04 19:01:00";"30.0";"2475.00";"11655.79980";"11820.79980";"-19740.33";"0.00";"IST";"PT";"1h 16m";"-0.00"
"814";"USTEC_ICM_UTC2";"Buy";"12029.1";"12111.6";"2020.11.05 17:30:00";"2020.11.05 21:43:00";"30.0";"2475.00";"11946.59961";"12111.59961";"-17265.33";"0.00";"IST";"PT";"4h 13m";"-0.00"
"815";"USTEC_ICM_UTC2";"Buy";"11976.9";"12059.4";"2020.11.06 18:00:00";"2020.11.06 18:42:00";"30.0";"2475.00";"11894.40039";"12059.40039";"-14790.33";"0.00";"IST";"PT";"42m 0s";"-0.00"
"816";"USTEC_ICM_UTC2";"Buy";"12189.5";"12107.0";"2020.11.09 17:45:00";"2020.11.09 18:04:00";"30.0";"-2475.00";"12107.00000";"12272.00000";"-17265.33";"0.00";"IST";"SL";"19m 0s";"-0.00"
"817";"USTEC_ICM_UTC2";"Buy";"11601.8";"11684.3";"2020.11.10 21:30:00";"2020.11.11 04:06:00";"30.0";"2291.88";"11519.29980";"11684.29980";"-14973.45";"0.00";"IST";"PT";"6h 36m";"-183.12"
"818";"USTEC_ICM_UTC2";"Buy";"11825.0";"11907.5";"2020.11.11 17:15:00";"2020.11.11 23:03:00";"30.0";"2475.00";"11742.50000";"11907.50000";"-12498.45";"0.00";"IST";"PT";"5h 48m";"-0.00"
"819";"USTEC_ICM_UTC2";"Buy";"11936.0";"11853.5";"2020.11.12 17:00:00";"2020.11.12 19:46:00";"30.0";"-2475.00";"11853.50000";"12018.50000";"-14973.45";"0.00";"IST";"SL";"2h 46m";"-0.00"
"820";"USTEC_ICM_UTC2";"Buy";"11880.2";"11932.3";"2020.11.13 19:00:00";"2020.11.13 22:55:00";"30.0";"1563.00";"11797.70020";"11962.70020";"-13410.45";"0.00";"IST";"End Of Friday (Time)";"3h 55m";"-0.00"
"821";"USTEC_ICM_UTC2";"Buy";"11975.2";"12081.0";"2020.11.16 17:15:00";"2020.11.17 01:00:00";"30.0";"2991.36";"11892.70020";"12057.70020";"-10419.09";"0.00";"IST";"PT";"7h 45m";"-183.12"
"822";"USTEC_ICM_UTC2";"Buy";"12038.7";"11956.2";"2020.11.17 18:00:00";"2020.11.18 02:09:00";"30.0";"-2658.12";"11956.20020";"12121.20020";"-13077.21";"0.00";"IST";"SL";"8h 9m";"-183.12"
"823";"USTEC_ICM_UTC2";"Buy";"11979.1";"11896.6";"2020.11.18 18:00:00";"2020.11.18 22:59:00";"30.0";"-2475.00";"11896.59961";"12061.59961";"-15552.21";"0.00";"IST";"SL";"4h 59m";"-0.00"
"824";"USTEC_ICM_UTC2";"Buy";"11926.7";"12009.2";"2020.11.19 18:15:00";"2020.11.20 06:46:00";"30.0";"2291.88";"11844.20020";"12009.20020";"-13260.33";"0.00";"IST";"PT";"12h 31m";"-183.12"
"825";"USTEC_ICM_UTC2";"Buy";"12007.5";"11925.0";"2020.11.20 18:15:00";"2020.11.20 22:54:00";"30.0";"-2475.00";"11925.00000";"12090.00000";"-15735.33";"0.00";"IST";"SL";"4h 39m";"-0.00"
"826";"USTEC_ICM_UTC2";"Buy";"11948.8";"11866.3";"2020.11.23 16:30:00";"2020.11.23 18:09:00";"30.0";"-2475.00";"11866.29980";"12031.29980";"-18210.33";"0.00";"IST";"SL";"1h 39m";"-0.00"
"827";"USTEC_ICM_UTC2";"Buy";"12020.1";"12102.6";"2020.11.24 18:30:00";"2020.11.25 01:05:00";"30.0";"2291.88";"11937.59961";"12102.59961";"-15918.45";"0.00";"IST";"PT";"6h 35m";"-183.12"
"828";"USTEC_ICM_UTC2";"Buy";"12107.9";"12190.4";"2020.11.25 17:15:00";"2020.11.26 03:33:00";"30.0";"2291.88";"12025.40039";"12190.40039";"-13626.57";"0.00";"IST";"PT";"10h 18m";"-183.12"
"829";"USTEC_ICM_UTC2";"Buy";"12188.3";"12270.8";"2020.11.26 17:45:00";"2020.11.27 17:17:00";"30.0";"2291.88";"12105.79980";"12270.79980";"-11334.69";"0.00";"IST";"PT";"23h 32m";"-183.12"
"830";"USTEC_ICM_UTC2";"Buy";"12287.7";"12205.2";"2020.11.27 17:30:00";"2020.11.30 08:19:00";"30.0";"-3024.36";"12205.20020";"12370.20020";"-14359.05";"0.00";"IST";"SL";"2d 14h 49m";"-549.36"
"831";"USTEC_ICM_UTC2";"Buy";"12188.3";"12270.8";"2020.11.30 18:45:00";"2020.11.30 21:47:00";"30.0";"2475.00";"12105.79980";"12270.79980";"-11884.05";"0.00";"IST";"PT";"3h 2m";"-0.00"
"832";"USTEC_ICM_UTC2";"Buy";"12377.2";"12459.7";"2020.12.01 17:45:00";"2020.12.01 19:03:00";"30.0";"2475.00";"12294.70020";"12459.70020";"-9409.05";"0.00";"IST";"PT";"1h 18m";"-0.00"
"833";"USTEC_ICM_UTC2";"Buy";"12376.8";"12459.3";"2020.12.02 17:00:00";"2020.12.02 18:53:00";"30.0";"2475.00";"12294.29980";"12459.29980";"-6934.05";"0.00";"IST";"PT";"1h 53m";"-0.00"
"834";"USTEC_ICM_UTC2";"Buy";"12524.2";"12516.1";"2020.12.03 17:15:00";"2020.12.04 22:55:00";"30.0";"-426.15";"12441.70020";"12606.70020";"-7360.20";"0.00";"IST";"End Of Friday (Time)";"1d 5h 40m";"-183.12"
"835";"USTEC_ICM_UTC2";"Buy";"12589.1";"12506.6";"2020.12.07 17:30:00";"2020.12.08 17:22:00";"30.0";"-2658.12";"12506.59961";"12671.59961";"-10018.32";"0.00";"IST";"SL";"23h 52m";"-183.12"
"836";"USTEC_ICM_UTC2";"Buy";"12546.1";"12628.6";"2020.12.08 17:45:00";"2020.12.08 20:38:00";"30.0";"2475.00";"12463.59961";"12628.59961";"-7543.32";"0.00";"IST";"PT";"2h 53m";"-0.00"
"837";"USTEC_ICM_UTC2";"Buy";"12375.3";"12292.8";"2020.12.09 22:00:00";"2020.12.10 14:29:00";"30.0";"-2658.12";"12292.79980";"12457.79980";"-10201.44";"0.00";"IST";"SL";"16h 29m";"-183.12"
"838";"USTEC_ICM_UTC2";"Buy";"12436.9";"12354.4";"2020.12.10 18:30:00";"2020.12.10 19:55:00";"30.0";"-2475.00";"12354.40039";"12519.40039";"-12676.44";"0.00";"IST";"SL";"1h 25m";"-0.00"
"839";"USTEC_ICM_UTC2";"Buy";"12330.5";"12248.0";"2020.12.11 16:30:00";"2020.12.11 19:22:00";"30.0";"-2475.00";"12248.00000";"12413.00000";"-15151.44";"0.00";"IST";"SL";"2h 52m";"-0.00"
"840";"USTEC_ICM_UTC2";"Buy";"12534.6";"12452.1";"2020.12.14 17:30:00";"2020.12.14 22:50:00";"30.0";"-2475.00";"12452.09961";"12617.09961";"-17626.44";"0.00";"IST";"SL";"5h 20m";"-0.00"
"841";"USTEC_ICM_UTC2";"Buy";"12530.0";"12612.5";"2020.12.15 20:00:00";"2020.12.16 04:45:00";"30.0";"2291.88";"12447.50000";"12612.50000";"-15334.56";"0.00";"IST";"PT";"8h 45m";"-183.12"
"842";"USTEC_ICM_UTC2";"Buy";"12628.2";"12710.7";"2020.12.16 17:45:00";"2020.12.17 08:28:00";"30.0";"2291.88";"12545.70020";"12710.70020";"-13042.68";"0.00";"IST";"PT";"14h 43m";"-183.12"
"843";"USTEC_ICM_UTC2";"Buy";"12734.5";"12652.0";"2020.12.17 16:30:00";"2020.12.18 21:58:00";"30.0";"-2658.12";"12652.00000";"12817.00000";"-15700.80";"0.00";"IST";"SL";"1d 5h 28m";"-183.12"
"844";"USTEC_ICM_UTC2";"Buy";"12652.5";"12688.8";"2020.12.18 22:15:00";"2020.12.18 22:55:00";"30.0";"1089.00";"12570.00000";"12735.00000";"-14611.80";"0.00";"IST";"End Of Friday (Time)";"40m 0s";"-0.00"
"845";"USTEC_ICM_UTC2";"Buy";"12503.2";"12585.7";"2020.12.21 17:15:00";"2020.12.21 18:40:00";"30.0";"2475.00";"12420.70020";"12585.70020";"-12136.80";"0.00";"IST";"PT";"1h 25m";"-0.00"
"846";"USTEC_ICM_UTC2";"Buy";"12709.7";"12627.2";"2020.12.22 17:30:00";"2020.12.22 18:36:00";"30.0";"-2475.00";"12627.20020";"12792.20020";"-14611.80";"0.00";"IST";"SL";"1h 6m";"-0.00"
"847";"USTEC_ICM_UTC2";"Buy";"12691.9";"12774.4";"2020.12.23 17:45:00";"2020.12.28 04:30:00";"30.0";"1559.40";"12609.40039";"12774.40039";"-13052.40";"0.00";"IST";"PT";"4d 10h 45m";"-915.60"
"848";"USTEC_ICM_UTC2";"Buy";"12825.8";"12908.3";"2020.12.28 18:30:00";"2020.12.29 16:33:00";"30.0";"2291.88";"12743.29980";"12908.29980";"-10760.52";"0.00";"IST";"PT";"22h 3m";"-183.12"
"849";"USTEC_ICM_UTC2";"Buy";"12823.0";"12905.5";"2020.12.29 17:15:00";"2020.12.30 15:35:00";"30.0";"2291.88";"12740.50000";"12905.50000";"-8468.64";"0.00";"IST";"PT";"22h 20m";"-183.12"
"850";"USTEC_ICM_UTC2";"Buy";"12870.7";"12883.9";"2020.12.30 17:00:00";"2020.12.31 23:14:00";"30.0";"395.97";"12788.20020";"12953.20020";"-8072.67";"0.00";"IST";"EndTest";"1d 6h 14m";"-0.00"
