"Ticket";"Symbol";"Type";"Open price";"Close price";"Open time";"Close time";"Size";"Profit/Loss";"Stop Loss price level";"Profit Target price level";"Balance";"Slippage ($)";"Sample type";"Close type";"Time in trade";"Comm/Swap"
"1";"USTEC_ICM_UTC2";"Buy";"4222.3";"4232.6";"2015.01.02 19:30:00";"2015.01.02 22:55:00";"30.0";"309.00";"4139.79980";"4304.79980";"50309.00";"0.00";"IST";"End Of Friday (Time)";"3h 25m";"-0.00"
"2";"USTEC_ICM_UTC2";"Buy";"4210.9";"4128.4";"2015.01.05 16:45:00";"2015.01.06 18:23:00";"30.0";"-2658.12";"4128.39990";"4293.39990";"47650.88";"0.00";"IST";"SL";"1d 1h 38m";"-183.12"
"3";"USTEC_ICM_UTC2";"Buy";"4107.7";"4190.2";"2015.01.06 20:15:00";"2015.01.08 03:45:00";"30.0";"2108.76";"4025.19995";"4190.20020";"49759.64";"0.00";"IST";"PT";"1d 7h 30m";"-366.24"
"4";"USTEC_ICM_UTC2";"Buy";"4214.9";"4216.9";"2015.01.08 17:00:00";"2015.01.09 22:55:00";"30.0";"-123.12";"4132.39990";"4297.39990";"49636.52";"0.00";"IST";"End Of Friday (Time)";"1d 5h 55m";"-183.12"
"5";"USTEC_ICM_UTC2";"Buy";"4182.9";"4100.4";"2015.01.12 18:15:00";"2015.01.15 11:51:00";"30.0";"-3024.36";"4100.39990";"4265.39990";"46612.16";"0.00";"IST";"SL";"2d 17h 36m";"-549.36"
"6";"USTEC_ICM_UTC2";"Buy";"4128.0";"4141.0";"2015.01.15 18:00:00";"2015.01.16 22:55:00";"30.0";"206.88";"4045.50000";"4210.50000";"46819.04";"0.00";"IST";"End Of Friday (Time)";"1d 4h 55m";"-183.12"
"7";"USTEC_ICM_UTC2";"Buy";"4144.9";"4227.4";"2015.01.19 18:15:00";"2015.01.22 17:55:00";"30.0";"1925.64";"4062.39990";"4227.39990";"48744.68";"0.00";"IST";"PT";"2d 23h 40m";"-549.36"
"8";"USTEC_ICM_UTC2";"Buy";"4270.9";"4273.9";"2015.01.23 17:30:00";"2015.01.23 22:55:00";"30.0";"90.00";"4188.39990";"4353.39990";"48834.68";"0.00";"IST";"End Of Friday (Time)";"5h 25m";"-0.00"
"9";"USTEC_ICM_UTC2";"Buy";"4266.7";"4184.2";"2015.01.26 18:30:00";"2015.01.27 16:52:00";"30.0";"-2658.12";"4184.20020";"4349.20020";"46176.56";"0.00";"IST";"SL";"22h 22m";"-183.12"
"10";"USTEC_ICM_UTC2";"Buy";"4174.1";"4149.5";"2015.01.27 18:45:00";"2015.01.30 22:55:00";"30.0";"-1287.36";"4091.60010";"4256.60010";"44889.20";"0.00";"IST";"End Of Friday (Time)";"3d 4h 10m";"-549.36"
"11";"USTEC_ICM_UTC2";"Buy";"4155.6";"4238.1";"2015.02.02 18:30:00";"2015.02.04 21:04:00";"30.0";"2108.76";"4073.10010";"4238.10010";"46997.96";"0.00";"IST";"PT";"2d 2h 34m";"-366.24"
"12";"USTEC_ICM_UTC2";"Buy";"4232.5";"4224.7";"2015.02.05 17:15:00";"2015.02.06 22:55:00";"30.0";"-417.12";"4150.00000";"4315.00000";"46580.84";"0.00";"IST";"End Of Friday (Time)";"1d 5h 40m";"-183.12"
"13";"USTEC_ICM_UTC2";"Buy";"4222.7";"4305.2";"2015.02.09 17:00:00";"2015.02.11 22:26:00";"30.0";"2108.76";"4140.20020";"4305.20020";"48689.60";"0.00";"IST";"PT";"2d 5h 26m";"-366.24"
"14";"USTEC_ICM_UTC2";"Buy";"4326.9";"4380.5";"2015.02.12 17:30:00";"2015.02.13 22:55:00";"30.0";"1424.88";"4244.39990";"4409.39990";"50114.48";"0.00";"IST";"End Of Friday (Time)";"1d 5h 25m";"-183.12"
"15";"USTEC_ICM_UTC2";"Buy";"4384.3";"4437.8";"2015.02.16 17:30:00";"2015.02.20 22:55:00";"30.0";"872.52";"4301.79980";"4466.79980";"50987.00";"0.00";"IST";"End Of Friday (Time)";"4d 5h 25m";"-732.48"
"16";"USTEC_ICM_UTC2";"Buy";"4442.4";"4437.8";"2015.02.23 17:00:00";"2015.02.27 22:55:00";"30.0";"-870.48";"4359.89990";"4524.89990";"50116.52";"0.00";"IST";"End Of Friday (Time)";"4d 5h 55m";"-732.48"
"17";"USTEC_ICM_UTC2";"Buy";"4452.0";"4395.5";"2015.03.02 16:30:00";"2015.03.06 22:55:00";"30.0";"-2427.48";"4369.50000";"4534.50000";"47689.04";"0.00";"IST";"End Of Friday (Time)";"4d 6h 25m";"-732.48"
"18";"USTEC_ICM_UTC2";"Buy";"4402.7";"4320.2";"2015.03.09 18:00:00";"2015.03.11 16:42:00";"30.0";"-2841.24";"4320.20020";"4485.20020";"44847.80";"0.00";"IST";"SL";"1d 22h 42m";"-366.24"
"19";"USTEC_ICM_UTC2";"Buy";"4331.0";"4312.7";"2015.03.11 17:45:00";"2015.03.13 22:55:00";"30.0";"-915.24";"4248.50000";"4413.50000";"43932.56";"0.00";"IST";"End Of Friday (Time)";"2d 5h 10m";"-366.24"
"20";"USTEC_ICM_UTC2";"Buy";"4366.1";"4448.6";"2015.03.16 21:00:00";"2015.03.20 13:45:00";"30.0";"1742.52";"4283.60010";"4448.60010";"45675.08";"0.00";"IST";"PT";"3d 16h 45m";"-732.48"
"21";"USTEC_ICM_UTC2";"Buy";"4466.9";"4454.6";"2015.03.20 17:15:00";"2015.03.20 22:55:00";"30.0";"-369.00";"4384.39990";"4549.39990";"45306.08";"0.00";"IST";"End Of Friday (Time)";"5h 40m";"-0.00"
"22";"USTEC_ICM_UTC2";"Buy";"4456.4";"4373.9";"2015.03.23 19:15:00";"2015.03.25 17:40:00";"30.0";"-2841.24";"4373.89990";"4538.89990";"42464.84";"0.00";"IST";"SL";"1d 22h 25m";"-366.24"
"23";"USTEC_ICM_UTC2";"Buy";"4353.5";"4332.9";"2015.03.25 20:15:00";"2015.03.27 22:55:00";"30.0";"-984.24";"4271.00000";"4436.00000";"41480.60";"0.00";"IST";"End Of Friday (Time)";"2d 2h 40m";"-366.24"
"24";"USTEC_ICM_UTC2";"Buy";"4370.9";"4288.4";"2015.03.30 17:15:00";"2015.04.01 03:56:00";"30.0";"-2841.24";"4288.39990";"4453.39990";"38639.36";"0.00";"IST";"SL";"1d 10h 41m";"-366.24"
"25";"USTEC_ICM_UTC2";"Buy";"4303.0";"4385.5";"2015.04.01 18:30:00";"2015.04.09 00:13:00";"30.0";"1010.04";"4220.50000";"4385.50000";"39649.40";"0.00";"IST";"PT";"7d 5h 43m";"-1464.96"
"26";"USTEC_ICM_UTC2";"Buy";"4384.6";"4419.7";"2015.04.09 17:15:00";"2015.04.10 22:55:00";"30.0";"869.88";"4302.10010";"4467.10010";"40519.28";"0.00";"IST";"End Of Friday (Time)";"1d 5h 40m";"-183.12"
"27";"USTEC_ICM_UTC2";"Buy";"4426.4";"4343.9";"2015.04.13 16:30:00";"2015.04.17 20:54:00";"30.0";"-3207.48";"4343.89990";"4508.89990";"37311.80";"0.00";"IST";"SL";"4d 4h 24m";"-732.48"
"28";"USTEC_ICM_UTC2";"Buy";"4347.6";"4350.7";"2015.04.17 22:15:00";"2015.04.17 22:55:00";"30.0";"93.00";"4265.10010";"4430.10010";"37404.80";"0.00";"IST";"End Of Friday (Time)";"40m 0s";"-0.00"
"29";"USTEC_ICM_UTC2";"Buy";"4395.3";"4477.8";"2015.04.20 17:15:00";"2015.04.23 19:36:00";"30.0";"1925.64";"4312.79980";"4477.79980";"39330.44";"0.00";"IST";"PT";"3d 2h 21m";"-549.36"
"30";"USTEC_ICM_UTC2";"Buy";"4486.0";"4537.0";"2015.04.23 22:45:00";"2015.04.24 22:55:00";"30.0";"1346.88";"4403.50000";"4568.50000";"40677.32";"0.00";"IST";"End Of Friday (Time)";"1d 0h 10m";"-183.12"
"31";"USTEC_ICM_UTC2";"Buy";"4558.0";"4475.5";"2015.04.27 17:30:00";"2015.04.29 19:12:00";"30.0";"-2841.24";"4475.50000";"4640.50000";"37836.08";"0.00";"IST";"SL";"2d 1h 42m";"-366.24"
"32";"USTEC_ICM_UTC2";"Buy";"4472.8";"4475.5";"2015.04.29 20:30:00";"2015.05.01 22:55:00";"30.0";"-285.24";"4390.29980";"4555.29980";"37550.84";"0.00";"IST";"End Of Friday (Time)";"2d 2h 25m";"-366.24"
"33";"USTEC_ICM_UTC2";"Buy";"4510.0";"4427.5";"2015.05.04 17:00:00";"2015.05.05 18:05:00";"30.0";"-2658.12";"4427.50000";"4592.50000";"34892.72";"0.00";"IST";"SL";"1d 1h 5m";"-183.12"
"34";"USTEC_ICM_UTC2";"Buy";"4420.3";"4337.8";"2015.05.05 21:15:00";"2015.05.07 12:17:00";"30.0";"-2841.24";"4337.79980";"4502.79980";"32051.48";"0.00";"IST";"SL";"1d 15h 2m";"-366.24"
"35";"USTEC_ICM_UTC2";"Buy";"4392.9";"4461.2";"2015.05.07 18:15:00";"2015.05.08 22:55:00";"30.0";"1865.88";"4310.39990";"4475.39990";"33917.36";"0.00";"IST";"End Of Friday (Time)";"1d 4h 40m";"-183.12"
"36";"USTEC_ICM_UTC2";"Buy";"4450.9";"4490.9";"2015.05.11 18:45:00";"2015.05.15 22:55:00";"30.0";"467.52";"4368.39990";"4533.39990";"34384.88";"0.00";"IST";"End Of Friday (Time)";"4d 4h 10m";"-732.48"
"37";"USTEC_ICM_UTC2";"Buy";"4515.8";"4530.0";"2015.05.18 21:15:00";"2015.05.22 22:55:00";"30.0";"-306.48";"4433.29980";"4598.29980";"34078.40";"0.00";"IST";"End Of Friday (Time)";"4d 1h 40m";"-732.48"
"38";"USTEC_ICM_UTC2";"Buy";"4490.0";"4511.9";"2015.05.26 17:00:00";"2015.05.29 22:55:00";"30.0";"107.64";"4407.50000";"4572.50000";"34186.04";"0.00";"IST";"End Of Friday (Time)";"3d 5h 55m";"-549.36"
"39";"USTEC_ICM_UTC2";"Buy";"4505.9";"4477.9";"2015.06.01 17:00:00";"2015.06.05 22:55:00";"30.0";"-1572.48";"4423.39990";"4588.39990";"32613.56";"0.00";"IST";"End Of Friday (Time)";"4d 5h 55m";"-732.48"
"40";"USTEC_ICM_UTC2";"Buy";"4420.9";"4503.4";"2015.06.09 18:15:00";"2015.06.11 16:31:00";"30.0";"2108.76";"4338.39990";"4503.39990";"34722.32";"0.00";"IST";"PT";"1d 22h 16m";"-366.24"
"41";"USTEC_ICM_UTC2";"Buy";"4503.0";"4455.0";"2015.06.11 16:45:00";"2015.06.12 22:55:00";"30.0";"-1623.12";"4420.50000";"4585.50000";"33099.20";"0.00";"IST";"End Of Friday (Time)";"1d 6h 10m";"-183.12"
"42";"USTEC_ICM_UTC2";"Buy";"4434.9";"4517.4";"2015.06.15 21:30:00";"2015.06.18 17:08:00";"30.0";"1925.64";"4352.39990";"4517.39990";"35024.84";"0.00";"IST";"PT";"2d 19h 38m";"-549.36"
"43";"USTEC_ICM_UTC2";"Buy";"4543.9";"4483.9";"2015.06.22 16:45:00";"2015.06.26 22:55:00";"30.0";"-2532.48";"4461.39990";"4626.39990";"32492.36";"0.00";"IST";"End Of Friday (Time)";"4d 6h 10m";"-732.48"
"44";"USTEC_ICM_UTC2";"Buy";"4394.0";"4427.5";"2015.06.30 17:00:00";"2015.07.10 22:55:00";"30.0";"-826.20";"4311.50000";"4476.50000";"31666.16";"0.00";"IST";"End Of Friday (Time)";"10d 5h 55m";"-1831.20"
"45";"USTEC_ICM_UTC2";"Buy";"4475.5";"4558.0";"2015.07.13 17:00:00";"2015.07.16 09:02:00";"30.0";"1925.64";"4393.00000";"4558.00000";"33591.80";"0.00";"IST";"PT";"2d 16h 2m";"-549.36"
"46";"USTEC_ICM_UTC2";"Buy";"4567.9";"4650.4";"2015.07.16 17:30:00";"2015.07.17 21:27:00";"30.0";"2291.88";"4485.39990";"4650.39990";"35883.68";"0.00";"IST";"PT";"1d 3h 57m";"-183.12"
"47";"USTEC_ICM_UTC2";"Buy";"4651.0";"4657.9";"2015.07.17 21:45:00";"2015.07.17 22:55:00";"30.0";"207.00";"4568.50000";"4733.50000";"36090.68";"0.00";"IST";"End Of Friday (Time)";"1h 10m";"-0.00"
"48";"USTEC_ICM_UTC2";"Buy";"4664.0";"4581.5";"2015.07.20 16:45:00";"2015.07.24 20:13:00";"30.0";"-3207.48";"4581.50000";"4746.50000";"32883.20";"0.00";"IST";"SL";"4d 3h 28m";"-732.48"
"49";"USTEC_ICM_UTC2";"Buy";"4564.0";"4562.0";"2015.07.24 21:30:00";"2015.07.24 22:55:00";"30.0";"-60.00";"4481.50000";"4646.50000";"32823.20";"0.00";"IST";"End Of Friday (Time)";"1h 25m";"-0.00"
"50";"USTEC_ICM_UTC2";"Buy";"4536.6";"4590.5";"2015.07.27 17:30:00";"2015.07.31 22:55:00";"30.0";"884.52";"4454.10010";"4619.10010";"33707.72";"0.00";"IST";"End Of Friday (Time)";"4d 5h 25m";"-732.48"
"51";"USTEC_ICM_UTC2";"Buy";"4587.7";"4505.2";"2015.08.03 17:30:00";"2015.08.07 16:34:00";"30.0";"-3207.48";"4505.20020";"4670.20020";"30500.24";"0.00";"IST";"SL";"3d 23h 4m";"-732.48"
"52";"USTEC_ICM_UTC2";"Buy";"4505.0";"4517.3";"2015.08.07 17:30:00";"2015.08.07 22:55:00";"30.0";"369.00";"4422.50000";"4587.50000";"30869.24";"0.00";"IST";"End Of Friday (Time)";"5h 25m";"-0.00"
"53";"USTEC_ICM_UTC2";"Buy";"4567.5";"4485.0";"2015.08.10 17:15:00";"2015.08.12 09:00:00";"30.0";"-2841.24";"4485.00000";"4650.00000";"28028.00";"0.00";"IST";"SL";"1d 15h 45m";"-366.24"
"54";"USTEC_ICM_UTC2";"Buy";"4461.0";"4549.0";"2015.08.12 18:45:00";"2015.08.13 09:00:00";"30.0";"2456.94";"4378.50000";"4543.50000";"30484.94";"0.00";"IST";"PT";"14h 15m";"-183.12"
"55";"USTEC_ICM_UTC2";"Buy";"4528.0";"4530.9";"2015.08.13 18:15:00";"2015.08.14 22:55:00";"30.0";"-96.12";"4445.50000";"4610.50000";"30388.82";"0.00";"IST";"End Of Friday (Time)";"1d 4h 40m";"-183.12"
"56";"USTEC_ICM_UTC2";"Buy";"4535.4";"4452.9";"2015.08.17 17:45:00";"2015.08.20 17:04:00";"30.0";"-3024.36";"4452.89990";"4617.89990";"27364.46";"0.00";"IST";"SL";"2d 23h 19m";"-549.36"
"57";"USTEC_ICM_UTC2";"Buy";"4447.9";"4339.0";"2015.08.20 17:15:00";"2015.08.21 09:00:00";"30.0";"-3450.48";"4365.39990";"4530.39990";"23913.98";"0.00";"IST";"SL";"15h 45m";"-183.12"
"58";"USTEC_ICM_UTC2";"Buy";"4333.0";"4250.5";"2015.08.21 17:30:00";"2015.08.21 21:48:00";"30.0";"-2475.00";"4250.50000";"4415.50000";"21438.98";"0.00";"IST";"SL";"4h 18m";"-0.00"
"59";"USTEC_ICM_UTC2";"Buy";"4161.7";"4079.2";"2015.08.25 17:00:00";"2015.08.25 22:39:00";"30.0";"-2475.00";"4079.19995";"4244.20020";"18963.98";"0.00";"IST";"SL";"5h 39m";"-0.00"
"60";"USTEC_ICM_UTC2";"Buy";"4277.0";"4321.0";"2015.08.27 17:00:00";"2015.08.28 22:55:00";"30.0";"1136.88";"4194.50000";"4359.50000";"20100.86";"0.00";"IST";"End Of Friday (Time)";"1d 5h 55m";"-183.12"
"61";"USTEC_ICM_UTC2";"Buy";"4306.0";"4186.0";"2015.08.31 16:45:00";"2015.09.01 09:00:00";"30.0";"-3783.15";"4223.50000";"4388.50000";"16317.71";"0.00";"IST";"SL";"16h 15m";"-183.12"
"62";"USTEC_ICM_UTC2";"Buy";"4176.9";"4263.0";"2015.09.02 17:45:00";"2015.09.03 09:00:00";"30.0";"2398.89";"4094.39990";"4259.39990";"18716.60";"0.00";"IST";"PT";"15h 15m";"-183.12"
"63";"USTEC_ICM_UTC2";"Buy";"4251.0";"4168.5";"2015.09.03 22:00:00";"2015.09.04 15:52:00";"30.0";"-2658.12";"4168.50000";"4333.50000";"16058.48";"0.00";"IST";"SL";"17h 52m";"-183.12"
"64";"USTEC_ICM_UTC2";"Buy";"4192.0";"4196.0";"2015.09.04 17:15:00";"2015.09.04 22:55:00";"30.0";"120.00";"4109.50000";"4274.50000";"16178.48";"0.00";"IST";"End Of Friday (Time)";"5h 40m";"-0.00"
"65";"USTEC_ICM_UTC2";"Buy";"4272.0";"4354.5";"2015.09.08 17:15:00";"2015.09.09 09:58:00";"30.0";"2291.88";"4189.50000";"4354.50000";"18470.36";"0.00";"IST";"PT";"16h 43m";"-183.12"
"66";"USTEC_ICM_UTC2";"Buy";"4327.5";"4245.0";"2015.09.09 19:30:00";"2015.09.09 22:54:00";"30.0";"-2475.00";"4245.00000";"4410.00000";"15995.36";"0.00";"IST";"SL";"3h 24m";"-0.00"
"67";"USTEC_ICM_UTC2";"Buy";"4315.0";"4313.9";"2015.09.10 21:00:00";"2015.09.11 22:55:00";"30.0";"-216.12";"4232.50000";"4397.50000";"15779.24";"0.00";"IST";"End Of Friday (Time)";"1d 1h 55m";"-183.12"
"68";"USTEC_ICM_UTC2";"Buy";"4348.0";"4430.5";"2015.09.15 17:45:00";"2015.09.17 21:44:00";"30.0";"2108.76";"4265.50000";"4430.50000";"17888.00";"0.00";"IST";"PT";"2d 3h 59m";"-366.24"
"69";"USTEC_ICM_UTC2";"Buy";"4430.6";"4348.1";"2015.09.17 21:45:00";"2015.09.18 13:27:00";"30.0";"-2658.12";"4348.10010";"4513.10010";"15229.88";"0.00";"IST";"SL";"15h 42m";"-183.12"
"70";"USTEC_ICM_UTC2";"Buy";"4355.4";"4325.2";"2015.09.18 17:15:00";"2015.09.18 22:55:00";"30.0";"-906.00";"4272.89990";"4437.89990";"14323.88";"0.00";"IST";"End Of Friday (Time)";"5h 40m";"-0.00"
"71";"USTEC_ICM_UTC2";"Buy";"4367.0";"4284.5";"2015.09.21 18:00:00";"2015.09.22 11:51:00";"30.0";"-2658.12";"4284.50000";"4449.50000";"11665.76";"0.00";"IST";"SL";"17h 51m";"-183.12"
"72";"USTEC_ICM_UTC2";"Buy";"4268.0";"4225.1";"2015.09.22 17:00:00";"2015.09.25 22:55:00";"30.0";"-1836.36";"4185.50000";"4350.50000";"9829.40";"0.00";"IST";"End Of Friday (Time)";"3d 5h 55m";"-549.36"
"73";"USTEC_ICM_UTC2";"Buy";"4127.8";"4219.0";"2015.09.28 20:45:00";"2015.10.01 09:00:00";"30.0";"2185.23";"4045.30005";"4210.29980";"12014.63";"0.00";"IST";"PT";"2d 12h 15m";"-549.36"
"74";"USTEC_ICM_UTC2";"Buy";"4150.0";"4232.5";"2015.10.01 18:00:00";"2015.10.02 20:15:00";"30.0";"2291.88";"4067.50000";"4232.50000";"14306.51";"0.00";"IST";"PT";"1d 2h 15m";"-183.12"
"75";"USTEC_ICM_UTC2";"Buy";"4258.0";"4263.1";"2015.10.02 22:45:00";"2015.10.02 22:55:00";"30.0";"153.00";"4175.50000";"4340.50000";"14459.51";"0.00";"IST";"End Of Friday (Time)";"10m 0s";"-0.00"
"76";"USTEC_ICM_UTC2";"Buy";"4304.0";"4366.8";"2015.10.05 17:45:00";"2015.10.09 22:55:00";"30.0";"1151.52";"4221.50000";"4386.50000";"15611.03";"0.00";"IST";"End Of Friday (Time)";"4d 5h 10m";"-732.48"
"77";"USTEC_ICM_UTC2";"Buy";"4358.3";"4434.3";"2015.10.13 22:30:00";"2015.10.16 22:55:00";"30.0";"1730.64";"4275.79980";"4440.79980";"17341.67";"0.00";"IST";"End Of Friday (Time)";"3d 0h 25m";"-549.36"
"78";"USTEC_ICM_UTC2";"Buy";"4442.8";"4582.1";"2015.10.19 17:00:00";"2015.10.23 09:00:00";"30.0";"3447.24";"4360.29980";"4525.29980";"20788.91";"0.00";"IST";"PT";"3d 16h 0m";"-732.48"
"79";"USTEC_ICM_UTC2";"Buy";"4635.0";"4717.5";"2015.10.26 17:00:00";"2015.11.03 19:04:00";"30.0";"1010.04";"4552.50000";"4717.50000";"21798.95";"0.00";"IST";"PT";"8d 2h 4m";"-1464.96"
"80";"USTEC_ICM_UTC2";"Buy";"4719.0";"4701.5";"2015.11.04 19:30:00";"2015.11.06 22:55:00";"30.0";"-891.24";"4636.50000";"4801.50000";"20907.71";"0.00";"IST";"End Of Friday (Time)";"2d 3h 25m";"-366.24"
"81";"USTEC_ICM_UTC2";"Buy";"4623.2";"4540.7";"2015.11.10 17:30:00";"2015.11.13 17:15:00";"30.0";"-3024.36";"4540.70020";"4705.70020";"17883.35";"0.00";"IST";"SL";"2d 23h 45m";"-549.36"
"82";"USTEC_ICM_UTC2";"Buy";"4542.9";"4506.7";"2015.11.13 19:00:00";"2015.11.13 22:55:00";"30.0";"-1086.00";"4460.39990";"4625.39990";"16797.35";"0.00";"IST";"End Of Friday (Time)";"3h 55m";"-0.00"
"83";"USTEC_ICM_UTC2";"Buy";"4515.5";"4598.0";"2015.11.16 17:15:00";"2015.11.18 16:55:00";"30.0";"2108.76";"4433.00000";"4598.00000";"18906.11";"0.00";"IST";"PT";"1d 23h 40m";"-366.24"
"84";"USTEC_ICM_UTC2";"Buy";"4595.6";"4678.1";"2015.11.18 17:30:00";"2015.11.19 20:14:00";"30.0";"2291.88";"4513.10010";"4678.10010";"21197.99";"0.00";"IST";"PT";"1d 2h 44m";"-183.12"
"85";"USTEC_ICM_UTC2";"Buy";"4679.6";"4682.7";"2015.11.20 16:30:00";"2015.11.20 22:55:00";"30.0";"93.00";"4597.10010";"4762.10010";"21290.99";"0.00";"IST";"End Of Friday (Time)";"6h 25m";"-0.00"
"86";"USTEC_ICM_UTC2";"Buy";"4695.2";"4612.7";"2015.11.23 17:00:00";"2015.12.03 20:04:00";"30.0";"-4306.20";"4612.70020";"4777.70020";"16984.79";"0.00";"IST";"SL";"10d 3h 4m";"-1831.20"
"87";"USTEC_ICM_UTC2";"Buy";"4606.3";"4688.8";"2015.12.03 21:00:00";"2015.12.04 19:34:00";"30.0";"2291.88";"4523.79980";"4688.79980";"19276.67";"0.00";"IST";"PT";"22h 34m";"-183.12"
"88";"USTEC_ICM_UTC2";"Buy";"4689.6";"4607.1";"2015.12.07 19:15:00";"2015.12.09 19:37:00";"30.0";"-2841.24";"4607.10010";"4772.10010";"16435.43";"0.00";"IST";"SL";"2d 0h 22m";"-366.24"
"89";"USTEC_ICM_UTC2";"Buy";"4648.0";"4565.5";"2015.12.10 18:00:00";"2015.12.11 18:31:00";"30.0";"-2658.12";"4565.50000";"4730.50000";"13777.31";"0.00";"IST";"SL";"1d 0h 31m";"-183.12"
"90";"USTEC_ICM_UTC2";"Buy";"4510.9";"4593.4";"2015.12.14 18:15:00";"2015.12.15 10:36:00";"30.0";"2291.88";"4428.39990";"4593.39990";"16069.19";"0.00";"IST";"PT";"16h 21m";"-183.12"
"91";"USTEC_ICM_UTC2";"Buy";"4635.8";"4553.3";"2015.12.15 20:00:00";"2015.12.18 09:10:00";"30.0";"-3024.36";"4553.29980";"4718.29980";"13044.83";"0.00";"IST";"SL";"2d 13h 10m";"-549.36"
"92";"USTEC_ICM_UTC2";"Buy";"4566.1";"4523.6";"2015.12.18 18:30:00";"2015.12.18 22:55:00";"30.0";"-1275.00";"4483.60010";"4648.60010";"11769.83";"0.00";"IST";"End Of Friday (Time)";"4h 25m";"-0.00"
"93";"USTEC_ICM_UTC2";"Buy";"4552.8";"4635.3";"2015.12.21 17:45:00";"2015.12.24 18:55:00";"30.0";"1925.64";"4470.29980";"4635.29980";"13695.47";"0.00";"IST";"PT";"3d 1h 10m";"-549.36"
"94";"USTEC_ICM_UTC2";"Buy";"4594.9";"4677.4";"2015.12.28 19:15:00";"2015.12.29 17:30:00";"30.0";"2291.88";"4512.39990";"4677.39990";"15987.35";"0.00";"IST";"PT";"22h 15m";"-183.12"
"95";"USTEC_ICM_UTC2";"Buy";"4701.8";"4619.3";"2015.12.29 22:00:00";"2015.12.31 16:51:00";"30.0";"-2841.24";"4619.29980";"4784.29980";"13146.11";"0.00";"IST";"SL";"1d 18h 51m";"-366.24"
"96";"USTEC_ICM_UTC2";"Buy";"4460.8";"4378.3";"2016.01.04 19:00:00";"2016.01.07 09:00:00";"30.0";"-3024.36";"4378.29980";"4543.29980";"10121.75";"0.00";"IST";"SL";"2d 14h 0m";"-549.36"
"97";"USTEC_ICM_UTC2";"Buy";"4324.0";"4267.8";"2016.01.07 22:15:00";"2016.01.08 22:55:00";"30.0";"-1869.12";"4241.50000";"4406.50000";"8252.63";"0.00";"IST";"End Of Friday (Time)";"1d 0h 40m";"-183.12"
"98";"USTEC_ICM_UTC2";"Buy";"4256.9";"4339.4";"2016.01.11 18:15:00";"2016.01.12 15:15:00";"30.0";"2291.88";"4174.39990";"4339.39990";"10544.51";"0.00";"IST";"PT";"21h 0m";"-183.12"
"99";"USTEC_ICM_UTC2";"Buy";"4332.9";"4250.4";"2016.01.12 17:15:00";"2016.01.13 20:39:00";"30.0";"-2658.12";"4250.39990";"4415.39990";"7886.39";"0.00";"IST";"SL";"1d 3h 24m";"-183.12"
"100";"USTEC_ICM_UTC2";"Buy";"4223.9";"4306.4";"2016.01.14 18:00:00";"2016.01.14 22:06:00";"30.0";"2475.00";"4141.39990";"4306.39990";"10361.39";"0.00";"IST";"PT";"4h 6m";"-0.00"
"101";"USTEC_ICM_UTC2";"Buy";"4151.9";"4141.0";"2016.01.15 17:15:00";"2016.01.15 22:55:00";"30.0";"-327.00";"4069.39990";"4234.39990";"10034.39";"0.00";"IST";"End Of Friday (Time)";"5h 40m";"-0.00"
"102";"USTEC_ICM_UTC2";"Buy";"4167.9";"4074.4";"2016.01.19 18:00:00";"2016.01.20 09:00:00";"30.0";"-2989.59";"4085.39990";"4250.39990";"7044.80";"0.00";"IST";"SL";"15h 0m";"-183.12"
"103";"USTEC_ICM_UTC2";"Buy";"4029.3";"4111.8";"2016.01.20 19:00:00";"2016.01.20 21:58:00";"30.0";"2475.00";"3946.80005";"4111.79980";"9519.80";"0.00";"IST";"PT";"2h 58m";"-0.00"
"104";"USTEC_ICM_UTC2";"Buy";"4165.1";"4247.6";"2016.01.21 17:45:00";"2016.01.22 17:18:00";"30.0";"2291.88";"4082.60010";"4247.60010";"11811.68";"0.00";"IST";"PT";"23h 33m";"-183.12"
"105";"USTEC_ICM_UTC2";"Buy";"4248.0";"4165.5";"2016.01.25 17:00:00";"2016.01.26 09:37:00";"30.0";"-2658.12";"4165.50000";"4330.50000";"9153.56";"0.00";"IST";"SL";"16h 37m";"-183.12"
"106";"USTEC_ICM_UTC2";"Buy";"4225.0";"4142.5";"2016.01.26 17:45:00";"2016.01.27 21:57:00";"30.0";"-2658.12";"4142.50000";"4307.50000";"6495.44";"0.00";"IST";"SL";"1d 4h 12m";"-183.12"
"107";"USTEC_ICM_UTC2";"Buy";"4163.0";"4245.5";"2016.01.28 18:30:00";"2016.01.29 19:20:00";"30.0";"2291.88";"4080.50000";"4245.50000";"8787.32";"0.00";"IST";"PT";"1d 0h 50m";"-183.12"
"108";"USTEC_ICM_UTC2";"Buy";"4285.8";"4203.3";"2016.02.01 22:00:00";"2016.02.02 20:47:00";"30.0";"-2658.12";"4203.29980";"4368.29980";"6129.20";"0.00";"IST";"SL";"22h 47m";"-183.12"
"109";"USTEC_ICM_UTC2";"Buy";"4184.9";"4102.4";"2016.02.02 22:15:00";"2016.02.03 20:58:00";"30.0";"-2658.12";"4102.39990";"4267.39990";"3471.08";"0.00";"IST";"SL";"22h 43m";"-183.12"
"110";"USTEC_ICM_UTC2";"Buy";"4099.2";"4181.7";"2016.02.03 21:00:00";"2016.02.03 21:45:00";"30.0";"2475.00";"4016.69995";"4181.70020";"5946.08";"0.00";"IST";"PT";"45m 0s";"-0.00"
"111";"USTEC_ICM_UTC2";"Buy";"4143.0";"4060.5";"2016.02.04 17:00:00";"2016.02.05 18:05:00";"30.0";"-2658.12";"4060.50000";"4225.50000";"3287.96";"0.00";"IST";"SL";"1d 1h 5m";"-183.12"
"112";"USTEC_ICM_UTC2";"Buy";"4052.9";"4007.7";"2016.02.05 19:30:00";"2016.02.05 22:55:00";"30.0";"-1356.00";"3970.39990";"4135.39990";"1931.96";"0.00";"IST";"End Of Friday (Time)";"3h 25m";"-0.00"
"113";"USTEC_ICM_UTC2";"Buy";"3907.5";"3990.0";"2016.02.08 18:15:00";"2016.02.09 16:54:00";"30.0";"2291.88";"3825.00000";"3990.00000";"4223.84";"0.00";"IST";"PT";"22h 39m";"-183.12"
"114";"USTEC_ICM_UTC2";"Buy";"3986.2";"3903.7";"2016.02.09 17:15:00";"2016.02.11 10:36:00";"30.0";"-2841.24";"3903.69995";"4068.69995";"1382.60";"0.00";"IST";"SL";"1d 17h 21m";"-366.24"
"115";"USTEC_ICM_UTC2";"Buy";"3965.3";"4016.7";"2016.02.11 22:15:00";"2016.02.12 22:55:00";"30.0";"1358.88";"3882.80005";"4047.80005";"2741.48";"0.00";"IST";"End Of Friday (Time)";"1d 0h 40m";"-183.12"
"116";"USTEC_ICM_UTC2";"Buy";"4053.5";"4136.0";"2016.02.16 18:15:00";"2016.02.17 14:47:00";"30.0";"2291.88";"3971.00000";"4136.00000";"5033.36";"0.00";"IST";"PT";"20h 32m";"-183.12"
"117";"USTEC_ICM_UTC2";"Buy";"4172.2";"4165.4";"2016.02.17 17:30:00";"2016.02.19 22:55:00";"30.0";"-570.24";"4089.69995";"4254.70020";"4463.12";"0.00";"IST";"End Of Friday (Time)";"2d 5h 25m";"-366.24"
"118";"USTEC_ICM_UTC2";"Buy";"4221.9";"4139.4";"2016.02.22 17:15:00";"2016.02.24 11:20:00";"30.0";"-2841.24";"4139.39990";"4304.39990";"1621.88";"0.00";"IST";"SL";"1d 18h 5m";"-366.24"
"119";"USTEC_ICM_UTC2";"Buy";"4104.1";"4186.6";"2016.02.24 18:15:00";"2016.02.24 22:08:00";"30.0";"2475.00";"4021.60010";"4186.60010";"4096.88";"0.00";"IST";"PT";"3h 53m";"-0.00"
"120";"USTEC_ICM_UTC2";"Buy";"4187.8";"4270.3";"2016.02.25 18:15:00";"2016.02.26 09:53:00";"30.0";"2291.88";"4105.29980";"4270.29980";"6388.76";"0.00";"IST";"PT";"15h 38m";"-183.12"
"121";"USTEC_ICM_UTC2";"Buy";"4314.8";"4326.8";"2016.03.02 17:45:00";"2016.03.04 22:55:00";"30.0";"-6.24";"4232.29980";"4397.29980";"6382.52";"0.00";"IST";"End Of Friday (Time)";"2d 5h 10m";"-366.24"
"122";"USTEC_ICM_UTC2";"Buy";"4270.5";"4353.0";"2016.03.08 17:30:00";"2016.03.11 22:09:00";"30.0";"1925.64";"4188.00000";"4353.00000";"8308.16";"0.00";"IST";"PT";"3d 4h 39m";"-549.36"
"123";"USTEC_ICM_UTC2";"Buy";"4355.9";"4357.7";"2016.03.11 22:30:00";"2016.03.11 22:55:00";"30.0";"54.00";"4273.39990";"4438.39990";"8362.16";"0.00";"IST";"End Of Friday (Time)";"25m 0s";"-0.00"
"124";"USTEC_ICM_UTC2";"Buy";"4366.9";"4449.4";"2016.03.14 22:00:00";"2016.03.22 19:36:00";"30.0";"1010.04";"4284.39990";"4449.39990";"9372.20";"0.00";"IST";"PT";"7d 21h 36m";"-1464.96"
"125";"USTEC_ICM_UTC2";"Buy";"4384.6";"4467.1";"2016.03.24 18:45:00";"2016.03.29 21:26:00";"30.0";"1559.40";"4302.10010";"4467.10010";"10931.60";"0.00";"IST";"PT";"5d 2h 41m";"-915.60"
"126";"USTEC_ICM_UTC2";"Buy";"4515.7";"4526.5";"2016.03.30 17:15:00";"2016.04.01 22:55:00";"30.0";"-42.24";"4433.20020";"4598.20020";"10889.36";"0.00";"IST";"End Of Friday (Time)";"2d 5h 40m";"-366.24"
"127";"USTEC_ICM_UTC2";"Buy";"4520.6";"4469.5";"2016.04.04 19:30:00";"2016.04.08 22:55:00";"30.0";"-2265.48";"4438.10010";"4603.10010";"8623.88";"0.00";"IST";"End Of Friday (Time)";"4d 3h 25m";"-732.48"
"128";"USTEC_ICM_UTC2";"Buy";"4511.2";"4542.9";"2016.04.11 17:30:00";"2016.04.15 22:55:00";"30.0";"218.52";"4428.70020";"4593.70020";"8842.40";"0.00";"IST";"End Of Friday (Time)";"4d 5h 25m";"-732.48"
"129";"USTEC_ICM_UTC2";"Buy";"4559.4";"4476.9";"2016.04.18 17:15:00";"2016.04.22 17:12:00";"30.0";"-3207.48";"4476.89990";"4641.89990";"5634.92";"0.00";"IST";"SL";"3d 23h 57m";"-732.48"
"130";"USTEC_ICM_UTC2";"Buy";"4477.4";"4473.7";"2016.04.22 17:15:00";"2016.04.22 22:55:00";"30.0";"-111.00";"4394.89990";"4559.89990";"5523.92";"0.00";"IST";"End Of Friday (Time)";"5h 40m";"-0.00"
"131";"USTEC_ICM_UTC2";"Buy";"4459.4";"4376.9";"2016.04.25 17:15:00";"2016.04.28 22:15:00";"30.0";"-3024.36";"4376.89990";"4541.89990";"2499.56";"0.00";"IST";"SL";"3d 5h 0m";"-549.36"
"132";"USTEC_ICM_UTC2";"Buy";"4325.2";"4340.2";"2016.04.29 19:30:00";"2016.04.29 22:55:00";"30.0";"450.00";"4242.70020";"4407.70020";"2949.56";"0.00";"IST";"End Of Friday (Time)";"3h 25m";"-0.00"
"133";"USTEC_ICM_UTC2";"Buy";"4344.8";"4325.8";"2016.05.02 18:45:00";"2016.05.06 22:55:00";"30.0";"-1302.48";"4262.29980";"4427.29980";"1647.08";"0.00";"IST";"End Of Friday (Time)";"4d 4h 10m";"-732.48"
"134";"USTEC_ICM_UTC2";"Buy";"4353.0";"4325.4";"2016.05.09 17:15:00";"2016.05.13 22:55:00";"30.0";"-1560.48";"4270.50000";"4435.50000";"86.60";"0.00";"IST";"End Of Friday (Time)";"4d 5h 40m";"-732.48"
"135";"USTEC_ICM_UTC2";"Buy";"4345.9";"4361.8";"2016.05.16 17:15:00";"2016.05.20 22:55:00";"30.0";"-255.48";"4263.39990";"4428.39990";"-168.88";"0.00";"IST";"End Of Friday (Time)";"4d 5h 40m";"-732.48"
"136";"USTEC_ICM_UTC2";"Buy";"4377.3";"4459.8";"2016.05.23 17:00:00";"2016.05.25 09:21:00";"30.0";"2108.76";"4294.79980";"4459.79980";"1939.88";"0.00";"IST";"PT";"1d 16h 21m";"-366.24"
"137";"USTEC_ICM_UTC2";"Buy";"4474.6";"4509.4";"2016.05.25 17:30:00";"2016.05.27 22:55:00";"30.0";"677.76";"4392.10010";"4557.10010";"2617.64";"0.00";"IST";"End Of Friday (Time)";"2d 5h 25m";"-366.24"
"138";"USTEC_ICM_UTC2";"Buy";"4522.7";"4512.5";"2016.05.31 17:30:00";"2016.06.03 22:55:00";"30.0";"-855.36";"4440.20020";"4605.20020";"1762.28";"0.00";"IST";"End Of Friday (Time)";"3d 5h 25m";"-549.36"
"139";"USTEC_ICM_UTC2";"Buy";"4519.8";"4458.3";"2016.06.06 17:30:00";"2016.06.10 22:55:00";"30.0";"-2577.48";"4437.29980";"4602.29980";"-815.20";"0.00";"IST";"End Of Friday (Time)";"4d 5h 25m";"-732.48"
"140";"USTEC_ICM_UTC2";"Buy";"4455.6";"4373.1";"2016.06.13 17:30:00";"2016.06.16 16:57:00";"30.0";"-3024.36";"4373.10010";"4538.10010";"-3839.56";"0.00";"IST";"SL";"2d 23h 27m";"-549.36"
"141";"USTEC_ICM_UTC2";"Buy";"4375.6";"4371.9";"2016.06.16 18:45:00";"2016.06.17 22:55:00";"30.0";"-294.12";"4293.10010";"4458.10010";"-4133.68";"0.00";"IST";"End Of Friday (Time)";"1d 4h 10m";"-183.12"
"142";"USTEC_ICM_UTC2";"Buy";"4439.6";"4254.8";"2016.06.20 17:15:00";"2016.06.24 09:00:00";"30.0";"-6277.35";"4357.10010";"4522.10010";"-10411.03";"0.00";"IST";"SL";"3d 15h 45m";"-732.48"
"143";"USTEC_ICM_UTC2";"Buy";"4362.2";"4279.7";"2016.06.24 17:15:00";"2016.06.24 22:14:00";"30.0";"-2475.00";"4279.70020";"4444.70020";"-12886.03";"0.00";"IST";"SL";"4h 59m";"-0.00"
"144";"USTEC_ICM_UTC2";"Buy";"4204.0";"4286.5";"2016.06.27 22:45:00";"2016.06.28 22:11:00";"30.0";"2291.88";"4121.50000";"4286.50000";"-10594.15";"0.00";"IST";"PT";"23h 26m";"-183.12"
"145";"USTEC_ICM_UTC2";"Buy";"4287.5";"4370.0";"2016.06.28 22:15:00";"2016.06.29 21:25:00";"30.0";"2291.88";"4205.00000";"4370.00000";"-8302.27";"0.00";"IST";"PT";"23h 10m";"-183.12"
"146";"USTEC_ICM_UTC2";"Buy";"4391.8";"4439.8";"2016.06.30 18:15:00";"2016.07.01 22:55:00";"30.0";"1256.88";"4309.29980";"4474.29980";"-7045.39";"0.00";"IST";"End Of Friday (Time)";"1d 4h 40m";"-183.12"
"147";"USTEC_ICM_UTC2";"Buy";"4402.4";"4484.9";"2016.07.05 18:00:00";"2016.07.08 15:30:00";"30.0";"1925.64";"4319.89990";"4484.89990";"-5119.75";"0.00";"IST";"PT";"2d 21h 30m";"-549.36"
"148";"USTEC_ICM_UTC2";"Buy";"4499.8";"4527.2";"2016.07.08 17:00:00";"2016.07.08 22:55:00";"30.0";"822.00";"4417.29980";"4582.29980";"-4297.75";"0.00";"IST";"End Of Friday (Time)";"5h 55m";"-0.00"
"149";"USTEC_ICM_UTC2";"Buy";"4576.3";"4587.5";"2016.07.12 17:15:00";"2016.07.15 22:55:00";"30.0";"-213.36";"4493.79980";"4658.79980";"-4511.11";"0.00";"IST";"End Of Friday (Time)";"3d 5h 40m";"-549.36"
"150";"USTEC_ICM_UTC2";"Buy";"4609.4";"4663.1";"2016.07.18 17:15:00";"2016.07.22 22:55:00";"30.0";"878.52";"4526.89990";"4691.89990";"-3632.59";"0.00";"IST";"End Of Friday (Time)";"4d 5h 40m";"-732.48"
"151";"USTEC_ICM_UTC2";"Buy";"4656.4";"4738.9";"2016.07.25 17:15:00";"2016.07.29 18:14:00";"30.0";"1742.52";"4573.89990";"4738.89990";"-1890.07";"0.00";"IST";"PT";"4d 0h 59m";"-732.48"
"152";"USTEC_ICM_UTC2";"Buy";"4737.9";"4735.0";"2016.07.29 18:15:00";"2016.07.29 22:55:00";"30.0";"-87.00";"4655.39990";"4820.39990";"-1977.07";"0.00";"IST";"End Of Friday (Time)";"4h 40m";"-0.00"
"153";"USTEC_ICM_UTC2";"Buy";"4733.7";"4789.5";"2016.08.01 16:45:00";"2016.08.05 22:55:00";"30.0";"941.52";"4651.20020";"4816.20020";"-1035.55";"0.00";"IST";"End Of Friday (Time)";"4d 6h 10m";"-732.48"
"154";"USTEC_ICM_UTC2";"Buy";"4801.8";"4804.8";"2016.08.09 17:15:00";"2016.08.12 22:55:00";"30.0";"-459.36";"4719.29980";"4884.29980";"-1494.91";"0.00";"IST";"End Of Friday (Time)";"3d 5h 40m";"-549.36"
"155";"USTEC_ICM_UTC2";"Buy";"4828.3";"4805.5";"2016.08.15 17:15:00";"2016.08.19 22:55:00";"30.0";"-1416.48";"4745.79980";"4910.79980";"-2911.39";"0.00";"IST";"End Of Friday (Time)";"4d 5h 40m";"-732.48"
"156";"USTEC_ICM_UTC2";"Buy";"4815.9";"4780.7";"2016.08.22 17:30:00";"2016.08.26 22:55:00";"30.0";"-1788.48";"4733.39990";"4898.39990";"-4699.87";"0.00";"IST";"End Of Friday (Time)";"4d 5h 25m";"-732.48"
"157";"USTEC_ICM_UTC2";"Buy";"4793.9";"4796.7";"2016.08.29 17:15:00";"2016.09.02 22:55:00";"30.0";"-648.48";"4711.39990";"4876.39990";"-5348.35";"0.00";"IST";"End Of Friday (Time)";"4d 5h 40m";"-732.48"
"158";"USTEC_ICM_UTC2";"Buy";"4811.9";"4729.4";"2016.09.06 18:45:00";"2016.09.09 19:08:00";"30.0";"-3024.36";"4729.39990";"4894.39990";"-8372.71";"0.00";"IST";"SL";"3d 0h 23m";"-549.36"
"159";"USTEC_ICM_UTC2";"Buy";"4709.8";"4692.6";"2016.09.09 22:00:00";"2016.09.09 22:55:00";"30.0";"-516.00";"4627.29980";"4792.29980";"-8888.71";"0.00";"IST";"End Of Friday (Time)";"55m 0s";"-0.00"
"160";"USTEC_ICM_UTC2";"Buy";"4756.7";"4817.8";"2016.09.12 21:30:00";"2016.09.16 22:55:00";"30.0";"1100.52";"4674.20020";"4839.20020";"-7788.19";"0.00";"IST";"End Of Friday (Time)";"4d 1h 25m";"-732.48"
"161";"USTEC_ICM_UTC2";"Buy";"4830.4";"4864.7";"2016.09.19 17:30:00";"2016.09.23 22:55:00";"30.0";"296.52";"4747.89990";"4912.89990";"-7491.67";"0.00";"IST";"End Of Friday (Time)";"4d 5h 25m";"-732.48"
"162";"USTEC_ICM_UTC2";"Buy";"4832.3";"4885.2";"2016.09.26 17:45:00";"2016.09.30 22:55:00";"30.0";"854.52";"4749.79980";"4914.79980";"-6637.15";"0.00";"IST";"End Of Friday (Time)";"4d 5h 10m";"-732.48"
"163";"USTEC_ICM_UTC2";"Buy";"4854.1";"4867.2";"2016.10.03 17:00:00";"2016.10.07 22:55:00";"30.0";"-339.48";"4771.60010";"4936.60010";"-6976.63";"0.00";"IST";"End Of Friday (Time)";"4d 5h 55m";"-732.48"
"164";"USTEC_ICM_UTC2";"Buy";"4900.8";"4818.3";"2016.10.10 20:45:00";"2016.10.11 20:45:00";"30.0";"-2658.12";"4818.29980";"4983.29980";"-9634.75";"0.00";"IST";"SL";"1d 0h 0m";"-183.12"
"165";"USTEC_ICM_UTC2";"Buy";"4826.7";"4811.0";"2016.10.12 16:30:00";"2016.10.14 22:55:00";"30.0";"-837.24";"4744.20020";"4909.20020";"-10471.99";"0.00";"IST";"End Of Friday (Time)";"2d 6h 25m";"-366.24"
"166";"USTEC_ICM_UTC2";"Buy";"4810.6";"4851.5";"2016.10.17 17:45:00";"2016.10.21 22:55:00";"30.0";"494.52";"4728.10010";"4893.10010";"-9977.47";"0.00";"IST";"End Of Friday (Time)";"4d 5h 10m";"-732.48"
"167";"USTEC_ICM_UTC2";"Buy";"4896.2";"4813.7";"2016.10.24 17:00:00";"2016.10.28 10:00:00";"30.0";"-3207.48";"4813.70020";"4978.70020";"-13184.95";"0.00";"IST";"SL";"3d 17h 0m";"-732.48"
"168";"USTEC_ICM_UTC2";"Buy";"4843.4";"4802.8";"2016.10.28 18:00:00";"2016.10.28 22:55:00";"30.0";"-1218.00";"4760.89990";"4925.89990";"-14402.95";"0.00";"IST";"End Of Friday (Time)";"4h 55m";"-0.00"
"169";"USTEC_ICM_UTC2";"Buy";"4812.7";"4730.2";"2016.10.31 17:00:00";"2016.11.01 20:15:00";"30.0";"-2658.12";"4730.20020";"4895.20020";"-17061.07";"0.00";"IST";"SL";"1d 3h 15m";"-183.12"
"170";"USTEC_ICM_UTC2";"Buy";"4745.3";"4662.8";"2016.11.01 21:00:00";"2016.11.04 15:29:00";"30.0";"-3024.36";"4662.79980";"4827.79980";"-20085.43";"0.00";"IST";"SL";"2d 18h 29m";"-549.36"
"171";"USTEC_ICM_UTC2";"Buy";"4688.8";"4771.3";"2016.11.04 16:45:00";"2016.11.07 18:40:00";"30.0";"1925.64";"4606.29980";"4771.29980";"-18159.79";"0.00";"IST";"PT";"3d 1h 55m";"-549.36"
"172";"USTEC_ICM_UTC2";"Buy";"4773.2";"4594.8";"2016.11.08 18:00:00";"2016.11.09 09:00:00";"30.0";"-5535.09";"4690.70020";"4855.70020";"-23694.88";"0.00";"IST";"SL";"15h 0m";"-183.12"
"173";"USTEC_ICM_UTC2";"Buy";"4774.9";"4692.4";"2016.11.10 17:15:00";"2016.11.10 17:39:00";"30.0";"-2475.00";"4692.39990";"4857.39990";"-26169.88";"0.00";"IST";"SL";"24m 0s";"-0.00"
"174";"USTEC_ICM_UTC2";"Buy";"4733.9";"4754.0";"2016.11.11 17:45:00";"2016.11.11 22:55:00";"30.0";"603.00";"4651.39990";"4816.39990";"-25566.88";"0.00";"IST";"End Of Friday (Time)";"5h 10m";"-0.00"
"175";"USTEC_ICM_UTC2";"Buy";"4698.0";"4780.5";"2016.11.14 19:15:00";"2016.11.16 17:24:00";"30.0";"2108.76";"4615.50000";"4780.50000";"-23458.12";"0.00";"IST";"PT";"1d 22h 9m";"-366.24"
"176";"USTEC_ICM_UTC2";"Buy";"4796.6";"4809.5";"2016.11.17 17:30:00";"2016.11.18 22:55:00";"30.0";"203.88";"4714.10010";"4879.10010";"-23254.24";"0.00";"IST";"End Of Friday (Time)";"1d 5h 25m";"-183.12"
"177";"USTEC_ICM_UTC2";"Buy";"4845.7";"4763.2";"2016.11.21 17:15:00";"2016.12.01 17:31:00";"30.0";"-4306.20";"4763.20020";"4928.20020";"-27560.44";"0.00";"IST";"SL";"10d 0h 16m";"-1831.20"
"178";"USTEC_ICM_UTC2";"Buy";"4749.7";"4736.6";"2016.12.02 18:15:00";"2016.12.02 22:55:00";"30.0";"-393.00";"4667.20020";"4832.20020";"-27953.44";"0.00";"IST";"End Of Friday (Time)";"4h 40m";"-0.00"
"179";"USTEC_ICM_UTC2";"Buy";"4784.0";"4866.5";"2016.12.05 17:30:00";"2016.12.08 18:08:00";"30.0";"1925.64";"4701.50000";"4866.50000";"-26027.80";"0.00";"IST";"PT";"3d 0h 38m";"-549.36"
"180";"USTEC_ICM_UTC2";"Buy";"4887.0";"4891.8";"2016.12.09 17:15:00";"2016.12.09 22:55:00";"30.0";"144.00";"4804.50000";"4969.50000";"-25883.80";"0.00";"IST";"End Of Friday (Time)";"5h 40m";"-0.00"
"181";"USTEC_ICM_UTC2";"Buy";"4861.7";"4944.2";"2016.12.12 17:30:00";"2016.12.13 17:25:00";"30.0";"2291.88";"4779.20020";"4944.20020";"-23591.92";"0.00";"IST";"PT";"23h 55m";"-183.12"
"182";"USTEC_ICM_UTC2";"Buy";"4939.0";"4915.4";"2016.12.14 16:30:00";"2016.12.16 22:55:00";"30.0";"-1074.24";"4856.50000";"5021.50000";"-24666.16";"0.00";"IST";"End Of Friday (Time)";"2d 6h 25m";"-366.24"
"183";"USTEC_ICM_UTC2";"Buy";"4937.1";"4937.4";"2016.12.19 17:15:00";"2016.12.23 22:55:00";"30.0";"-723.48";"4854.60010";"5019.60010";"-25389.64";"0.00";"IST";"End Of Friday (Time)";"4d 5h 40m";"-732.48"
"184";"USTEC_ICM_UTC2";"Buy";"4985.3";"4902.8";"2016.12.27 17:15:00";"2016.12.29 18:52:00";"30.0";"-2841.24";"4902.79980";"5067.79980";"-28230.88";"0.00";"IST";"SL";"2d 1h 37m";"-366.24"
"185";"USTEC_ICM_UTC2";"Buy";"4911.6";"4853.4";"2016.12.29 21:30:00";"2016.12.30 22:55:00";"30.0";"-1929.12";"4829.10010";"4994.10010";"-30160.00";"0.00";"IST";"End Of Friday (Time)";"1d 1h 25m";"-183.12"
"186";"USTEC_ICM_UTC2";"Buy";"4919.1";"5001.6";"2017.01.03 17:30:00";"2017.01.06 18:47:00";"30.0";"1925.64";"4836.60010";"5001.60010";"-28234.36";"0.00";"IST";"PT";"3d 1h 17m";"-549.36"
"187";"USTEC_ICM_UTC2";"Buy";"5017.2";"5012.3";"2017.01.06 21:45:00";"2017.01.06 22:55:00";"30.0";"-147.00";"4934.70020";"5099.70020";"-28381.36";"0.00";"IST";"End Of Friday (Time)";"1h 10m";"-0.00"
"188";"USTEC_ICM_UTC2";"Buy";"5019.6";"5057.8";"2017.01.09 17:00:00";"2017.01.13 22:55:00";"30.0";"413.52";"4937.10010";"5102.10010";"-27967.84";"0.00";"IST";"End Of Friday (Time)";"4d 5h 55m";"-732.48"
"189";"USTEC_ICM_UTC2";"Buy";"5050.6";"5057.9";"2017.01.17 17:45:00";"2017.01.20 22:55:00";"30.0";"-330.36";"4968.10010";"5133.10010";"-28298.20";"0.00";"IST";"End Of Friday (Time)";"3d 5h 10m";"-549.36"
"190";"USTEC_ICM_UTC2";"Buy";"5076.8";"5170.9";"2017.01.24 18:00:00";"2017.01.26 09:00:00";"30.0";"2455.83";"4994.29980";"5159.29980";"-25842.37";"0.00";"IST";"PT";"1d 15h 0m";"-366.24"
"191";"USTEC_ICM_UTC2";"Buy";"5162.9";"5163.8";"2017.01.26 17:15:00";"2017.01.27 22:55:00";"30.0";"-156.12";"5080.39990";"5245.39990";"-25998.49";"0.00";"IST";"End Of Friday (Time)";"1d 5h 40m";"-183.12"
"192";"USTEC_ICM_UTC2";"Buy";"5090.9";"5160.6";"2017.01.31 18:45:00";"2017.02.03 22:55:00";"30.0";"1541.64";"5008.39990";"5173.39990";"-24456.85";"0.00";"IST";"End Of Friday (Time)";"3d 4h 10m";"-549.36"
"193";"USTEC_ICM_UTC2";"Buy";"5153.2";"5226.6";"2017.02.06 16:45:00";"2017.02.10 22:55:00";"30.0";"1469.52";"5070.70020";"5235.70020";"-22987.33";"0.00";"IST";"End Of Friday (Time)";"4d 6h 10m";"-732.48"
"194";"USTEC_ICM_UTC2";"Buy";"5244.0";"5318.6";"2017.02.14 17:45:00";"2017.02.17 22:55:00";"30.0";"1688.64";"5161.50000";"5326.50000";"-21298.69";"0.00";"IST";"End Of Friday (Time)";"3d 5h 10m";"-549.36"
"195";"USTEC_ICM_UTC2";"Buy";"5329.0";"5339.0";"2017.02.20 16:45:00";"2017.02.24 22:55:00";"30.0";"-432.48";"5246.50000";"5411.50000";"-21731.17";"0.00";"IST";"End Of Friday (Time)";"4d 6h 10m";"-732.48"
"196";"USTEC_ICM_UTC2";"Buy";"5334.4";"5371.3";"2017.02.27 17:30:00";"2017.03.03 22:55:00";"30.0";"374.52";"5251.89990";"5416.89990";"-21356.65";"0.00";"IST";"End Of Friday (Time)";"4d 5h 25m";"-732.48"
"197";"USTEC_ICM_UTC2";"Buy";"5342.8";"5384.3";"2017.03.06 18:45:00";"2017.03.10 22:55:00";"30.0";"512.52";"5260.29980";"5425.29980";"-20844.13";"0.00";"IST";"End Of Friday (Time)";"4d 4h 10m";"-732.48"
"198";"USTEC_ICM_UTC2";"Buy";"5387.1";"5442.1";"2017.03.13 17:45:00";"2017.03.31 22:55:00";"30.0";"-1646.16";"5304.60010";"5469.60010";"-22490.29";"0.00";"IST";"End Of Friday (Time)";"18d 5h 10m";"-3296.16"
"199";"USTEC_ICM_UTC2";"Buy";"5439.2";"5420.4";"2017.04.03 17:15:00";"2017.04.07 22:55:00";"30.0";"-1296.48";"5356.70020";"5521.70020";"-23786.77";"0.00";"IST";"End Of Friday (Time)";"4d 5h 40m";"-732.48"
"200";"USTEC_ICM_UTC2";"Buy";"5432.6";"5441.6";"2017.04.10 20:15:00";"2017.04.21 22:55:00";"30.0";"-1744.32";"5350.10010";"5515.10010";"-25531.09";"0.00";"IST";"End Of Friday (Time)";"11d 2h 40m";"-2014.32"
"201";"USTEC_ICM_UTC2";"Buy";"5552.6";"5583.6";"2017.04.25 22:45:00";"2017.04.28 22:55:00";"30.0";"380.64";"5470.10010";"5635.10010";"-25150.45";"0.00";"IST";"End Of Friday (Time)";"3d 0h 10m";"-549.36"
"202";"USTEC_ICM_UTC2";"Buy";"5603.9";"5642.8";"2017.05.01 17:15:00";"2017.05.05 22:55:00";"30.0";"434.52";"5521.39990";"5686.39990";"-24715.93";"0.00";"IST";"End Of Friday (Time)";"4d 5h 40m";"-732.48"
"203";"USTEC_ICM_UTC2";"Buy";"5640.7";"5682.1";"2017.05.08 17:00:00";"2017.05.12 22:55:00";"30.0";"509.52";"5558.20020";"5723.20020";"-24206.41";"0.00";"IST";"End Of Friday (Time)";"4d 5h 55m";"-732.48"
"204";"USTEC_ICM_UTC2";"Buy";"5693.1";"5610.6";"2017.05.15 17:15:00";"2017.05.17 21:23:00";"30.0";"-2841.24";"5610.60010";"5775.60010";"-27047.65";"0.00";"IST";"SL";"2d 4h 8m";"-366.24"
"205";"USTEC_ICM_UTC2";"Buy";"5592.4";"5650.2";"2017.05.17 22:45:00";"2017.05.19 22:55:00";"30.0";"1367.76";"5509.89990";"5674.89990";"-25679.89";"0.00";"IST";"End Of Friday (Time)";"2d 0h 10m";"-366.24"
"206";"USTEC_ICM_UTC2";"Buy";"5697.8";"5780.3";"2017.05.23 17:00:00";"2017.05.25 19:35:00";"30.0";"2108.76";"5615.29980";"5780.29980";"-23571.13";"0.00";"IST";"PT";"2d 2h 35m";"-366.24"
"207";"USTEC_ICM_UTC2";"Buy";"5783.5";"5786.3";"2017.05.25 19:45:00";"2017.05.26 22:55:00";"30.0";"-99.12";"5701.00000";"5866.00000";"-23670.25";"0.00";"IST";"End Of Friday (Time)";"1d 3h 10m";"-183.12"
"208";"USTEC_ICM_UTC2";"Buy";"5795.3";"5877.8";"2017.05.30 19:15:00";"2017.06.02 22:24:00";"30.0";"1925.64";"5712.79980";"5877.79980";"-21744.61";"0.00";"IST";"PT";"3d 3h 9m";"-549.36"
"209";"USTEC_ICM_UTC2";"Buy";"5876.4";"5793.9";"2017.06.05 16:45:00";"2017.06.09 20:12:00";"30.0";"-3207.48";"5793.89990";"5958.89990";"-24952.09";"0.00";"IST";"SL";"4d 3h 27m";"-732.48"
"210";"USTEC_ICM_UTC2";"Buy";"5717.6";"5728.7";"2017.06.09 22:45:00";"2017.06.09 22:55:00";"30.0";"333.00";"5635.10010";"5800.10010";"-24619.09";"0.00";"IST";"End Of Friday (Time)";"10m 0s";"-0.00"
"211";"USTEC_ICM_UTC2";"Buy";"5687.0";"5769.5";"2017.06.12 18:00:00";"2017.06.14 15:39:00";"30.0";"2108.76";"5604.50000";"5769.50000";"-22510.33";"0.00";"IST";"PT";"1d 21h 39m";"-366.24"
"212";"USTEC_ICM_UTC2";"Buy";"5756.0";"5673.5";"2017.06.14 18:15:00";"2017.06.15 10:26:00";"30.0";"-2658.12";"5673.50000";"5838.50000";"-25168.45";"0.00";"IST";"SL";"16h 11m";"-183.12"
"213";"USTEC_ICM_UTC2";"Buy";"5669.1";"5678.8";"2017.06.15 18:15:00";"2017.06.16 22:55:00";"30.0";"107.88";"5586.60010";"5751.60010";"-25060.57";"0.00";"IST";"End Of Friday (Time)";"1d 4h 40m";"-183.12"
"214";"USTEC_ICM_UTC2";"Buy";"5729.4";"5802.2";"2017.06.19 16:30:00";"2017.06.23 22:55:00";"30.0";"1451.52";"5646.89990";"5811.89990";"-23609.05";"0.00";"IST";"End Of Friday (Time)";"4d 6h 25m";"-732.48"
"215";"USTEC_ICM_UTC2";"Buy";"5820.5";"5738.0";"2017.06.26 17:15:00";"2017.06.27 16:31:00";"30.0";"-2658.12";"5738.00000";"5903.00000";"-26267.17";"0.00";"IST";"SL";"23h 16m";"-183.12"
"216";"USTEC_ICM_UTC2";"Buy";"5757.3";"5674.8";"2017.06.27 17:45:00";"2017.06.27 22:51:00";"30.0";"-2475.00";"5674.79980";"5839.79980";"-28742.17";"0.00";"IST";"SL";"5h 6m";"-0.00"
"217";"USTEC_ICM_UTC2";"Buy";"5718.4";"5635.9";"2017.06.28 18:00:00";"2017.06.29 18:31:00";"30.0";"-2658.12";"5635.89990";"5800.89990";"-31400.29";"0.00";"IST";"SL";"1d 0h 31m";"-183.12"
"218";"USTEC_ICM_UTC2";"Buy";"5659.2";"5660.1";"2017.06.30 17:00:00";"2017.06.30 22:55:00";"30.0";"27.00";"5576.70020";"5741.70020";"-31373.29";"0.00";"IST";"End Of Friday (Time)";"5h 55m";"-0.00"
"219";"USTEC_ICM_UTC2";"Buy";"5609.2";"5658.4";"2017.07.04 17:00:00";"2017.07.07 22:55:00";"30.0";"926.64";"5526.70020";"5691.70020";"-30446.65";"0.00";"IST";"End Of Friday (Time)";"3d 5h 55m";"-549.36"
"220";"USTEC_ICM_UTC2";"Buy";"5662.7";"5745.2";"2017.07.10 17:15:00";"2017.07.12 15:39:00";"30.0";"2108.76";"5580.20020";"5745.20020";"-28337.89";"0.00";"IST";"PT";"1d 22h 24m";"-366.24"
"221";"USTEC_ICM_UTC2";"Buy";"5755.8";"5838.3";"2017.07.12 18:00:00";"2017.07.14 21:18:00";"30.0";"2108.76";"5673.29980";"5838.29980";"-26229.13";"0.00";"IST";"PT";"2d 3h 18m";"-366.24"
"222";"USTEC_ICM_UTC2";"Buy";"5855.2";"5915.5";"2017.07.17 17:15:00";"2017.07.21 22:55:00";"30.0";"1076.52";"5772.70020";"5937.70020";"-25152.61";"0.00";"IST";"End Of Friday (Time)";"4d 5h 40m";"-732.48"
"223";"USTEC_ICM_UTC2";"Buy";"5921.5";"5908.5";"2017.07.24 17:00:00";"2017.07.28 22:55:00";"30.0";"-1122.48";"5839.00000";"6004.00000";"-26275.09";"0.00";"IST";"End Of Friday (Time)";"4d 5h 55m";"-732.48"
"224";"USTEC_ICM_UTC2";"Buy";"5895.1";"5893.5";"2017.07.31 17:15:00";"2017.08.04 22:55:00";"30.0";"-780.48";"5812.60010";"5977.60010";"-27055.57";"0.00";"IST";"End Of Friday (Time)";"4d 5h 40m";"-732.48"
"225";"USTEC_ICM_UTC2";"Buy";"5925.2";"5842.7";"2017.08.08 17:30:00";"2017.08.10 17:03:00";"30.0";"-2841.24";"5842.70020";"6007.70020";"-29896.81";"0.00";"IST";"SL";"1d 23h 33m";"-366.24"
"226";"USTEC_ICM_UTC2";"Buy";"5828.2";"5830.1";"2017.08.10 20:30:00";"2017.08.11 22:55:00";"30.0";"-126.12";"5745.70020";"5910.70020";"-30022.93";"0.00";"IST";"End Of Friday (Time)";"1d 2h 25m";"-183.12"
"227";"USTEC_ICM_UTC2";"Buy";"5885.6";"5803.1";"2017.08.14 17:00:00";"2017.08.17 22:18:00";"30.0";"-3024.36";"5803.10010";"5968.10010";"-33047.29";"0.00";"IST";"SL";"3d 5h 18m";"-549.36"
"228";"USTEC_ICM_UTC2";"Buy";"5805.2";"5793.9";"2017.08.17 22:30:00";"2017.08.18 22:55:00";"30.0";"-522.12";"5722.70020";"5887.70020";"-33569.41";"0.00";"IST";"End Of Friday (Time)";"1d 0h 25m";"-183.12"
"229";"USTEC_ICM_UTC2";"Buy";"5762.4";"5844.9";"2017.08.21 17:15:00";"2017.08.22 17:15:00";"30.0";"2291.88";"5679.89990";"5844.89990";"-31277.53";"0.00";"IST";"PT";"1d 0h 0m";"-183.12"
"230";"USTEC_ICM_UTC2";"Buy";"5846.9";"5826.6";"2017.08.23 17:15:00";"2017.08.25 22:55:00";"30.0";"-975.24";"5764.39990";"5929.39990";"-32252.77";"0.00";"IST";"End Of Friday (Time)";"2d 5h 40m";"-366.24"
"231";"USTEC_ICM_UTC2";"Buy";"5843.6";"5926.1";"2017.08.28 17:45:00";"2017.08.30 20:28:00";"30.0";"2108.76";"5761.10010";"5926.10010";"-30144.01";"0.00";"IST";"PT";"2d 2h 43m";"-366.24"
"232";"USTEC_ICM_UTC2";"Buy";"5965.4";"5990.4";"2017.08.31 16:45:00";"2017.09.01 22:55:00";"30.0";"566.88";"5882.89990";"6047.89990";"-29577.13";"0.00";"IST";"End Of Friday (Time)";"1d 6h 10m";"-183.12"
"233";"USTEC_ICM_UTC2";"Buy";"5966.5";"5910.5";"2017.09.05 17:30:00";"2017.09.08 22:55:00";"30.0";"-2229.36";"5884.00000";"6049.00000";"-31806.49";"0.00";"IST";"End Of Friday (Time)";"3d 5h 25m";"-549.36"
"234";"USTEC_ICM_UTC2";"Buy";"5987.9";"5987.0";"2017.09.11 17:15:00";"2017.09.15 22:55:00";"30.0";"-759.48";"5905.39990";"6070.39990";"-32565.97";"0.00";"IST";"End Of Friday (Time)";"4d 5h 40m";"-732.48"
"235";"USTEC_ICM_UTC2";"Buy";"6007.1";"5924.6";"2017.09.18 17:15:00";"2017.09.21 17:22:00";"30.0";"-3024.36";"5924.60010";"6089.60010";"-35590.33";"0.00";"IST";"SL";"3d 0h 7m";"-549.36"
"236";"USTEC_ICM_UTC2";"Buy";"5944.2";"5934.2";"2017.09.21 18:30:00";"2017.09.22 22:55:00";"30.0";"-483.12";"5861.70020";"6026.70020";"-36073.45";"0.00";"IST";"End Of Friday (Time)";"1d 4h 25m";"-183.12"
"237";"USTEC_ICM_UTC2";"Buy";"5875.8";"5958.3";"2017.09.25 17:45:00";"2017.09.29 18:16:00";"30.0";"1742.52";"5793.29980";"5958.29980";"-34330.93";"0.00";"IST";"PT";"4d 0h 31m";"-732.48"
"238";"USTEC_ICM_UTC2";"Buy";"5998.5";"6062.3";"2017.10.02 17:15:00";"2017.10.06 22:55:00";"30.0";"1181.52";"5916.00000";"6081.00000";"-33149.41";"0.00";"IST";"End Of Friday (Time)";"4d 5h 40m";"-732.48"
"239";"USTEC_ICM_UTC2";"Buy";"6065.9";"6091.6";"2017.10.09 21:45:00";"2017.10.13 22:55:00";"30.0";"38.52";"5983.39990";"6148.39990";"-33110.89";"0.00";"IST";"End Of Friday (Time)";"4d 1h 10m";"-732.48"
"240";"USTEC_ICM_UTC2";"Buy";"6109.9";"6100.8";"2017.10.16 17:15:00";"2017.10.20 22:55:00";"30.0";"-1005.48";"6027.39990";"6192.39990";"-34116.37";"0.00";"IST";"End Of Friday (Time)";"4d 5h 40m";"-732.48"
"241";"USTEC_ICM_UTC2";"Buy";"6079.4";"6161.9";"2017.10.24 17:45:00";"2017.10.27 17:02:00";"30.0";"1925.64";"5996.89990";"6161.89990";"-32190.73";"0.00";"IST";"PT";"2d 23h 17m";"-549.36"
"242";"USTEC_ICM_UTC2";"Buy";"6170.9";"6216.9";"2017.10.27 17:15:00";"2017.10.27 22:55:00";"30.0";"1380.00";"6088.39990";"6253.39990";"-30810.73";"0.00";"IST";"End Of Friday (Time)";"5h 40m";"-0.00"
"243";"USTEC_ICM_UTC2";"Buy";"6225.1";"6307.6";"2017.10.30 20:45:00";"2017.11.06 16:48:00";"30.0";"1193.16";"6142.60010";"6307.60010";"-29617.57";"0.00";"IST";"PT";"6d 20h 3m";"-1281.84"
"244";"USTEC_ICM_UTC2";"Buy";"6302.9";"6309.6";"2017.11.06 17:15:00";"2017.11.10 22:55:00";"30.0";"-531.48";"6220.39990";"6385.39990";"-30149.05";"0.00";"IST";"End Of Friday (Time)";"4d 5h 40m";"-732.48"
"245";"USTEC_ICM_UTC2";"Buy";"6302.9";"6315.6";"2017.11.13 17:00:00";"2017.11.17 22:55:00";"30.0";"-351.48";"6220.39990";"6385.39990";"-30500.53";"0.00";"IST";"End Of Friday (Time)";"4d 5h 55m";"-732.48"
"246";"USTEC_ICM_UTC2";"Buy";"6372.5";"6290.0";"2017.11.21 17:15:00";"2017.11.29 18:56:00";"30.0";"-3939.96";"6290.00000";"6455.00000";"-34440.49";"0.00";"IST";"SL";"8d 1h 41m";"-1464.96"
"247";"USTEC_ICM_UTC2";"Buy";"6312.1";"6337.8";"2017.11.29 20:00:00";"2017.12.01 22:55:00";"30.0";"404.76";"6229.60010";"6394.60010";"-34035.73";"0.00";"IST";"End Of Friday (Time)";"2d 2h 55m";"-366.24"
"248";"USTEC_ICM_UTC2";"Buy";"6298.8";"6339.2";"2017.12.04 19:30:00";"2017.12.08 22:55:00";"30.0";"479.52";"6216.29980";"6381.29980";"-33556.21";"0.00";"IST";"End Of Friday (Time)";"4d 3h 25m";"-732.48"
"249";"USTEC_ICM_UTC2";"Buy";"6398.2";"6458.9";"2017.12.12 18:30:00";"2017.12.15 22:55:00";"30.0";"1271.64";"6315.70020";"6480.70020";"-32284.57";"0.00";"IST";"End Of Friday (Time)";"3d 4h 25m";"-549.36"
"250";"USTEC_ICM_UTC2";"Buy";"6510.0";"6467.4";"2017.12.18 17:45:00";"2017.12.22 22:55:00";"30.0";"-2010.48";"6427.50000";"6592.50000";"-34295.05";"0.00";"IST";"End Of Friday (Time)";"4d 5h 10m";"-732.48"
"251";"USTEC_ICM_UTC2";"Buy";"6436.8";"6399.3";"2017.12.26 17:45:00";"2017.12.29 22:55:00";"30.0";"-1674.36";"6354.29980";"6519.29980";"-35969.41";"0.00";"IST";"End Of Friday (Time)";"3d 5h 10m";"-549.36"
"252";"USTEC_ICM_UTC2";"Buy";"6452.5";"6535.0";"2018.01.02 16:45:00";"2018.01.03 16:38:00";"30.0";"2291.88";"6370.00000";"6535.00000";"-33677.53";"0.00";"IST";"PT";"23h 53m";"-183.12"
"253";"USTEC_ICM_UTC2";"Buy";"6551.7";"6634.2";"2018.01.03 17:00:00";"2018.01.05 17:57:00";"30.0";"2108.76";"6469.20020";"6634.20020";"-31568.77";"0.00";"IST";"PT";"2d 0h 57m";"-366.24"
"254";"USTEC_ICM_UTC2";"Buy";"6660.6";"6743.1";"2018.01.08 16:45:00";"2018.01.12 17:44:00";"30.0";"1742.52";"6578.10010";"6743.10010";"-29826.25";"0.00";"IST";"PT";"4d 0h 59m";"-732.48"
"255";"USTEC_ICM_UTC2";"Buy";"6755.4";"6760.7";"2018.01.12 20:15:00";"2018.01.12 22:55:00";"30.0";"159.00";"6672.89990";"6837.89990";"-29667.25";"0.00";"IST";"End Of Friday (Time)";"2h 40m";"-0.00"
"256";"USTEC_ICM_UTC2";"Buy";"6828.6";"6746.1";"2018.01.16 17:15:00";"2018.01.16 21:17:00";"30.0";"-2475.00";"6746.10010";"6911.10010";"-32142.25";"0.00";"IST";"SL";"4h 2m";"-0.00"
"257";"USTEC_ICM_UTC2";"Buy";"6776.9";"6831.0";"2018.01.17 18:30:00";"2018.01.19 22:55:00";"30.0";"1256.76";"6694.39990";"6859.39990";"-30885.49";"0.00";"IST";"End Of Friday (Time)";"2d 4h 25m";"-366.24"
"258";"USTEC_ICM_UTC2";"Buy";"6858.4";"6940.9";"2018.01.22 17:15:00";"2018.01.23 09:50:00";"30.0";"2291.88";"6775.89990";"6940.89990";"-28593.61";"0.00";"IST";"PT";"16h 35m";"-183.12"
"259";"USTEC_ICM_UTC2";"Buy";"6936.2";"7014.2";"2018.01.23 17:00:00";"2018.01.26 22:55:00";"30.0";"1790.64";"6853.70020";"7018.70020";"-26802.97";"0.00";"IST";"End Of Friday (Time)";"3d 5h 55m";"-549.36"
"260";"USTEC_ICM_UTC2";"Buy";"7005.2";"6922.7";"2018.01.29 17:00:00";"2018.01.30 16:01:00";"30.0";"-2658.12";"6922.70020";"7087.70020";"-29461.09";"0.00";"IST";"SL";"23h 1m";"-183.12"
"261";"USTEC_ICM_UTC2";"Buy";"6906.2";"6823.7";"2018.01.30 17:15:00";"2018.02.02 16:55:00";"30.0";"-3024.36";"6823.70020";"6988.70020";"-32485.45";"0.00";"IST";"SL";"2d 23h 40m";"-549.36"
"262";"USTEC_ICM_UTC2";"Buy";"6845.7";"6763.2";"2018.02.02 18:00:00";"2018.02.02 22:08:00";"30.0";"-2475.00";"6763.20020";"6928.20020";"-34960.45";"0.00";"IST";"SL";"4h 8m";"-0.00"
"263";"USTEC_ICM_UTC2";"Buy";"6782.6";"6700.1";"2018.02.05 17:15:00";"2018.02.05 20:12:00";"30.0";"-2475.00";"6700.10010";"6865.10010";"-37435.45";"0.00";"IST";"SL";"2h 57m";"-0.00"
"264";"USTEC_ICM_UTC2";"Buy";"6616.5";"6699.0";"2018.02.06 22:15:00";"2018.02.07 18:05:00";"30.0";"2291.88";"6534.00000";"6699.00000";"-35143.57";"0.00";"IST";"PT";"19h 50m";"-183.12"
"265";"USTEC_ICM_UTC2";"Buy";"6609.2";"6526.7";"2018.02.07 22:00:00";"2018.02.08 17:45:00";"30.0";"-2658.12";"6526.70020";"6691.70020";"-37801.69";"0.00";"IST";"SL";"19h 45m";"-183.12"
"266";"USTEC_ICM_UTC2";"Buy";"6455.8";"6373.3";"2018.02.08 19:30:00";"2018.02.08 22:40:00";"30.0";"-2475.00";"6373.29980";"6538.29980";"-40276.69";"0.00";"IST";"SL";"3h 10m";"-0.00"
"267";"USTEC_ICM_UTC2";"Buy";"6331.8";"6249.3";"2018.02.09 18:00:00";"2018.02.09 19:08:00";"30.0";"-2475.00";"6249.29980";"6414.29980";"-42751.69";"0.00";"IST";"SL";"1h 8m";"-0.00"
"268";"USTEC_ICM_UTC2";"Buy";"6470.2";"6552.7";"2018.02.12 17:15:00";"2018.02.12 22:13:00";"30.0";"2475.00";"6387.70020";"6552.70020";"-40276.69";"0.00";"IST";"PT";"4h 58m";"-0.00"
"269";"USTEC_ICM_UTC2";"Buy";"6515.5";"6598.0";"2018.02.13 17:15:00";"2018.02.14 17:20:00";"30.0";"2291.88";"6433.00000";"6598.00000";"-37984.81";"0.00";"IST";"PT";"1d 0h 5m";"-183.12"
"270";"USTEC_ICM_UTC2";"Buy";"6625.3";"6716.9";"2018.02.14 19:45:00";"2018.02.15 09:05:00";"30.0";"2563.65";"6542.79980";"6707.79980";"-35421.16";"0.00";"IST";"PT";"13h 20m";"-183.12"
"271";"USTEC_ICM_UTC2";"Buy";"6745.4";"6827.9";"2018.02.15 17:30:00";"2018.02.16 09:15:00";"30.0";"2291.88";"6662.89990";"6827.89990";"-33129.28";"0.00";"IST";"PT";"15h 45m";"-183.12"
"272";"USTEC_ICM_UTC2";"Buy";"6817.7";"6785.2";"2018.02.16 17:30:00";"2018.02.16 22:55:00";"30.0";"-975.00";"6735.20020";"6900.20020";"-34104.28";"0.00";"IST";"End Of Friday (Time)";"5h 25m";"-0.00"
"273";"USTEC_ICM_UTC2";"Buy";"6816.6";"6724.6";"2018.02.20 20:30:00";"2018.02.22 09:05:00";"30.0";"-3127.47";"6734.10010";"6899.10010";"-37231.75";"0.00";"IST";"SL";"1d 12h 35m";"-366.24"
"274";"USTEC_ICM_UTC2";"Buy";"6810.5";"6893.0";"2018.02.22 17:45:00";"2018.02.23 22:31:00";"30.0";"2291.88";"6728.00000";"6893.00000";"-34939.87";"0.00";"IST";"PT";"1d 4h 46m";"-183.12"
"275";"USTEC_ICM_UTC2";"Buy";"6950.3";"6867.8";"2018.02.26 17:15:00";"2018.02.28 22:50:00";"30.0";"-2841.24";"6867.79980";"7032.79980";"-37781.11";"0.00";"IST";"SL";"2d 5h 35m";"-366.24"
"276";"USTEC_ICM_UTC2";"Buy";"6868.0";"6785.5";"2018.03.01 17:45:00";"2018.03.01 20:01:00";"30.0";"-2475.00";"6785.50000";"6950.50000";"-40256.11";"0.00";"IST";"SL";"2h 16m";"-0.00"
"277";"USTEC_ICM_UTC2";"Buy";"6683.8";"6766.3";"2018.03.02 17:30:00";"2018.03.02 19:48:00";"30.0";"2475.00";"6601.29980";"6766.29980";"-37781.11";"0.00";"IST";"PT";"2h 18m";"-0.00"
"278";"USTEC_ICM_UTC2";"Buy";"6818.6";"6901.1";"2018.03.05 18:00:00";"2018.03.05 22:06:00";"30.0";"2475.00";"6736.10010";"6901.10010";"-35306.11";"0.00";"IST";"PT";"4h 6m";"-0.00"
"279";"USTEC_ICM_UTC2";"Buy";"6932.3";"6831.5";"2018.03.06 17:30:00";"2018.03.07 09:05:00";"30.0";"-3208.02";"6849.79980";"7014.79980";"-38514.13";"0.00";"IST";"SL";"15h 35m";"-183.12"
"280";"USTEC_ICM_UTC2";"Buy";"6870.2";"6952.7";"2018.03.07 17:15:00";"2018.03.08 14:04:00";"30.0";"2291.88";"6787.70020";"6952.70020";"-36222.25";"0.00";"IST";"PT";"20h 49m";"-183.12"
"281";"USTEC_ICM_UTC2";"Buy";"6956.5";"7039.0";"2018.03.08 19:30:00";"2018.03.09 17:18:00";"30.0";"2291.88";"6874.00000";"7039.00000";"-33930.37";"0.00";"IST";"PT";"21h 48m";"-183.12"
"282";"USTEC_ICM_UTC2";"Buy";"7036.7";"7091.0";"2018.03.09 17:30:00";"2018.03.09 22:55:00";"30.0";"1629.00";"6954.20020";"7119.20020";"-32301.37";"0.00";"IST";"End Of Friday (Time)";"5h 25m";"-0.00"
"283";"USTEC_ICM_UTC2";"Buy";"7150.0";"7067.5";"2018.03.12 18:15:00";"2018.03.13 18:07:00";"30.0";"-2658.12";"7067.50000";"7232.50000";"-34959.49";"0.00";"IST";"SL";"23h 52m";"-183.12"
"284";"USTEC_ICM_UTC2";"Buy";"7047.7";"6964.4";"2018.03.14 17:15:00";"2018.03.19 08:05:00";"30.0";"-3415.83";"6965.20020";"7130.20020";"-38375.32";"0.00";"IST";"SL";"4d 14h 50m";"-915.60"
"285";"USTEC_ICM_UTC2";"Buy";"6929.6";"6847.1";"2018.03.19 16:30:00";"2018.03.19 17:44:00";"30.0";"-2475.00";"6847.10010";"7012.10010";"-40850.32";"0.00";"IST";"SL";"1h 14m";"-0.00"
"286";"USTEC_ICM_UTC2";"Buy";"6892.8";"6810.3";"2018.03.20 17:00:00";"2018.03.22 09:51:00";"30.0";"-2841.24";"6810.29980";"6975.29980";"-43691.56";"0.00";"IST";"SL";"1d 16h 51m";"-366.24"
"287";"USTEC_ICM_UTC2";"Buy";"6753.4";"6611.1";"2018.03.22 19:00:00";"2018.03.23 08:05:00";"30.0";"-4453.35";"6670.89990";"6835.89990";"-48144.91";"0.00";"IST";"SL";"13h 5m";"-183.12"
"288";"USTEC_ICM_UTC2";"Buy";"6670.1";"6587.6";"2018.03.23 16:30:00";"2018.03.23 20:57:00";"30.0";"-2475.00";"6587.60010";"6752.60010";"-50619.91";"0.00";"IST";"SL";"4h 27m";"-0.00"
"289";"USTEC_ICM_UTC2";"Buy";"6638.1";"6555.6";"2018.03.26 17:15:00";"2018.03.26 18:17:00";"30.0";"-2475.00";"6555.60010";"6720.60010";"-53094.91";"0.00";"IST";"SL";"1h 2m";"-0.00"
"290";"USTEC_ICM_UTC2";"Buy";"6743.9";"6661.4";"2018.03.27 18:15:00";"2018.03.27 20:52:00";"30.0";"-2475.00";"6661.39990";"6826.39990";"-55569.91";"0.00";"IST";"SL";"2h 37m";"-0.00"
"291";"USTEC_ICM_UTC2";"Buy";"6483.5";"6566.0";"2018.03.28 17:30:00";"2018.03.29 18:08:00";"30.0";"2291.88";"6401.00000";"6566.00000";"-53278.03";"0.00";"IST";"PT";"1d 0h 38m";"-183.12"
"292";"USTEC_ICM_UTC2";"Buy";"6541.3";"6623.8";"2018.03.29 18:15:00";"2018.03.29 21:43:00";"30.0";"2475.00";"6458.79980";"6623.79980";"-50803.03";"0.00";"IST";"PT";"3h 28m";"-0.00"
"293";"USTEC_ICM_UTC2";"Buy";"6409.0";"6326.5";"2018.04.02 20:00:00";"2018.04.02 21:02:00";"30.0";"-2475.00";"6326.50000";"6491.50000";"-53278.03";"0.00";"IST";"SL";"1h 2m";"-0.00"
"294";"USTEC_ICM_UTC2";"Buy";"6442.1";"6359.6";"2018.04.03 18:30:00";"2018.04.04 11:04:00";"30.0";"-2658.12";"6359.60010";"6524.60010";"-55936.15";"0.00";"IST";"SL";"16h 34m";"-183.12"
"295";"USTEC_ICM_UTC2";"Buy";"6388.7";"6471.2";"2018.04.04 17:15:00";"2018.04.04 19:09:00";"30.0";"2475.00";"6306.20020";"6471.20020";"-53461.15";"0.00";"IST";"PT";"1h 54m";"-0.00"
"296";"USTEC_ICM_UTC2";"Buy";"6571.8";"6489.3";"2018.04.05 20:30:00";"2018.04.06 20:47:00";"30.0";"-2658.12";"6489.29980";"6654.29980";"-56119.27";"0.00";"IST";"SL";"1d 0h 17m";"-183.12"
"297";"USTEC_ICM_UTC2";"Buy";"6522.5";"6605.0";"2018.04.09 17:15:00";"2018.04.09 19:14:00";"30.0";"2475.00";"6440.00000";"6605.00000";"-53644.27";"0.00";"IST";"PT";"1h 59m";"-0.00"
"298";"USTEC_ICM_UTC2";"Buy";"6594.1";"6676.6";"2018.04.10 17:45:00";"2018.04.12 17:20:00";"30.0";"2108.76";"6511.60010";"6676.60010";"-51535.51";"0.00";"IST";"PT";"1d 23h 35m";"-366.24"
"299";"USTEC_ICM_UTC2";"Buy";"6633.5";"6632.4";"2018.04.12 20:30:00";"2018.04.13 22:55:00";"30.0";"-216.12";"6551.00000";"6716.00000";"-51751.63";"0.00";"IST";"End Of Friday (Time)";"1d 2h 25m";"-183.12"
"300";"USTEC_ICM_UTC2";"Buy";"6655.8";"6738.3";"2018.04.16 18:00:00";"2018.04.17 13:13:00";"30.0";"2291.88";"6573.29980";"6738.29980";"-49459.75";"0.00";"IST";"PT";"19h 13m";"-183.12"
"301";"USTEC_ICM_UTC2";"Buy";"6765.7";"6848.2";"2018.04.17 17:15:00";"2018.04.18 19:19:00";"30.0";"2291.88";"6683.20020";"6848.20020";"-47167.87";"0.00";"IST";"PT";"1d 2h 4m";"-183.12"
"302";"USTEC_ICM_UTC2";"Buy";"6849.9";"6767.4";"2018.04.18 21:45:00";"2018.04.19 18:13:00";"30.0";"-2658.12";"6767.39990";"6932.39990";"-49825.99";"0.00";"IST";"SL";"20h 28m";"-183.12"
"303";"USTEC_ICM_UTC2";"Buy";"6757.1";"6674.6";"2018.04.19 19:00:00";"2018.04.20 18:26:00";"30.0";"-2658.12";"6674.60010";"6839.60010";"-52484.11";"0.00";"IST";"SL";"23h 26m";"-183.12"
"304";"USTEC_ICM_UTC2";"Buy";"6690.1";"6662.9";"2018.04.20 20:45:00";"2018.04.20 22:55:00";"30.0";"-816.00";"6607.60010";"6772.60010";"-53300.11";"0.00";"IST";"End Of Friday (Time)";"2h 10m";"-0.00"
"305";"USTEC_ICM_UTC2";"Buy";"6702.3";"6619.8";"2018.04.23 18:00:00";"2018.04.23 21:53:00";"30.0";"-2475.00";"6619.79980";"6784.79980";"-55775.11";"0.00";"IST";"SL";"3h 53m";"-0.00"
"306";"USTEC_ICM_UTC2";"Buy";"6568.1";"6485.6";"2018.04.24 19:15:00";"2018.04.24 21:01:00";"30.0";"-2475.00";"6485.60010";"6650.60010";"-58250.11";"0.00";"IST";"SL";"1h 46m";"-0.00"
"307";"USTEC_ICM_UTC2";"Buy";"6506.5";"6589.0";"2018.04.25 18:00:00";"2018.04.26 01:00:00";"30.0";"2291.88";"6424.00000";"6589.00000";"-55958.23";"0.00";"IST";"PT";"7h 0m";"-183.12"
"308";"USTEC_ICM_UTC2";"Buy";"6631.6";"6714.1";"2018.04.26 17:30:00";"2018.04.26 23:04:00";"30.0";"2475.00";"6549.10010";"6714.10010";"-53483.23";"0.00";"IST";"PT";"5h 34m";"-0.00"
"309";"USTEC_ICM_UTC2";"Buy";"6650.5";"6659.7";"2018.04.27 19:00:00";"2018.04.27 22:55:00";"30.0";"276.00";"6568.00000";"6733.00000";"-53207.23";"0.00";"IST";"End Of Friday (Time)";"3h 55m";"-0.00"
"310";"USTEC_ICM_UTC2";"Buy";"6706.0";"6623.5";"2018.04.30 17:15:00";"2018.04.30 18:53:00";"30.0";"-2475.00";"6623.50000";"6788.50000";"-55682.23";"0.00";"IST";"SL";"1h 38m";"-0.00"
"311";"USTEC_ICM_UTC2";"Buy";"6622.1";"6710.0";"2018.05.01 17:30:00";"2018.05.02 01:00:00";"30.0";"2452.95";"6539.60010";"6704.60010";"-53229.28";"0.00";"IST";"PT";"7h 30m";"-183.12"
"312";"USTEC_ICM_UTC2";"Buy";"6677.6";"6595.1";"2018.05.02 17:45:00";"2018.05.03 16:40:00";"30.0";"-2658.12";"6595.10010";"6760.10010";"-55887.40";"0.00";"IST";"SL";"22h 55m";"-183.12"
"313";"USTEC_ICM_UTC2";"Buy";"6631.7";"6549.2";"2018.05.03 17:00:00";"2018.05.03 17:55:00";"30.0";"-2475.00";"6549.20020";"6714.20020";"-58362.40";"0.00";"IST";"SL";"55m 0s";"-0.00"
"314";"USTEC_ICM_UTC2";"Buy";"6612.8";"6695.3";"2018.05.04 16:30:00";"2018.05.04 17:26:00";"30.0";"2475.00";"6530.29980";"6695.29980";"-55887.40";"0.00";"IST";"PT";"56m 0s";"-0.00"
"315";"USTEC_ICM_UTC2";"Buy";"6822.0";"6904.5";"2018.05.07 17:15:00";"2018.05.10 04:22:00";"30.0";"1925.64";"6739.50000";"6904.50000";"-53961.76";"0.00";"IST";"PT";"2d 11h 7m";"-549.36"
"316";"USTEC_ICM_UTC2";"Buy";"6956.8";"6944.8";"2018.05.11 17:30:00";"2018.05.11 22:55:00";"30.0";"-360.00";"6874.29980";"7039.29980";"-54321.76";"0.00";"IST";"End Of Friday (Time)";"5h 25m";"-0.00"
"317";"USTEC_ICM_UTC2";"Buy";"6993.6";"6911.1";"2018.05.14 16:45:00";"2018.05.15 15:49:00";"30.0";"-2658.12";"6911.10010";"7076.10010";"-56979.88";"0.00";"IST";"SL";"23h 4m";"-183.12"
"318";"USTEC_ICM_UTC2";"Buy";"6865.0";"6947.5";"2018.05.15 18:15:00";"2018.05.17 17:42:00";"30.0";"2108.76";"6782.50000";"6947.50000";"-54871.13";"0.00";"IST";"PT";"1d 23h 27m";"-366.24"
"319";"USTEC_ICM_UTC2";"Buy";"6906.1";"6869.6";"2018.05.17 22:15:00";"2018.05.18 22:55:00";"30.0";"-1278.12";"6823.60010";"6988.60010";"-56149.24";"0.00";"IST";"End Of Friday (Time)";"1d 0h 40m";"-183.12"
"320";"USTEC_ICM_UTC2";"Buy";"6915.4";"6832.9";"2018.05.21 18:15:00";"2018.05.23 11:22:00";"30.0";"-2841.24";"6832.89990";"6997.89990";"-58990.48";"0.00";"IST";"SL";"1d 17h 7m";"-366.24"
"321";"USTEC_ICM_UTC2";"Buy";"6887.9";"6970.4";"2018.05.23 18:45:00";"2018.05.25 04:33:00";"30.0";"2108.76";"6805.39990";"6970.39990";"-56881.72";"0.00";"IST";"PT";"1d 9h 48m";"-366.24"
"322";"USTEC_ICM_UTC2";"Buy";"6965.8";"6960.3";"2018.05.25 17:00:00";"2018.05.25 22:55:00";"30.0";"-165.00";"6883.29980";"7048.29980";"-57046.72";"0.00";"IST";"End Of Friday (Time)";"5h 55m";"-0.00"
"323";"USTEC_ICM_UTC2";"Buy";"6914.2";"6996.7";"2018.05.29 20:15:00";"2018.05.31 18:38:00";"30.0";"2108.76";"6831.70020";"6996.70020";"-54937.96";"0.00";"IST";"PT";"1d 22h 23m";"-366.24"
"324";"USTEC_ICM_UTC2";"Buy";"7006.8";"7078.0";"2018.05.31 19:00:00";"2018.06.01 22:55:00";"30.0";"1952.88";"6924.29980";"7089.29980";"-52985.08";"0.00";"IST";"End Of Friday (Time)";"1d 3h 55m";"-183.12"
"325";"USTEC_ICM_UTC2";"Buy";"7119.6";"7202.1";"2018.06.04 16:45:00";"2018.06.06 22:50:00";"30.0";"2108.76";"7037.10010";"7202.10010";"-50876.32";"0.00";"IST";"PT";"2d 6h 5m";"-366.24"
"326";"USTEC_ICM_UTC2";"Buy";"7154.2";"7155.5";"2018.06.07 19:15:00";"2018.06.08 22:55:00";"30.0";"-144.12";"7071.70020";"7236.70020";"-51020.44";"0.00";"IST";"End Of Friday (Time)";"1d 3h 40m";"-183.12"
"327";"USTEC_ICM_UTC2";"Buy";"7167.3";"7249.8";"2018.06.11 18:30:00";"2018.06.13 18:15:00";"30.0";"2108.76";"7084.79980";"7249.79980";"-48911.68";"0.00";"IST";"PT";"1d 23h 45m";"-366.24"
"328";"USTEC_ICM_UTC2";"Buy";"7224.1";"7252.0";"2018.06.13 22:30:00";"2018.06.15 22:55:00";"30.0";"470.76";"7141.60010";"7306.60010";"-48440.92";"0.00";"IST";"End Of Friday (Time)";"2d 0h 25m";"-366.24"
"329";"USTEC_ICM_UTC2";"Buy";"7240.8";"7158.3";"2018.06.18 19:45:00";"2018.06.19 09:36:00";"30.0";"-2658.12";"7158.29980";"7323.29980";"-51099.04";"0.00";"IST";"SL";"13h 51m";"-183.12"
"330";"USTEC_ICM_UTC2";"Buy";"7165.7";"7248.2";"2018.06.19 17:15:00";"2018.06.20 08:52:00";"30.0";"2291.88";"7083.20020";"7248.20020";"-48807.16";"0.00";"IST";"PT";"15h 37m";"-183.12"
"331";"USTEC_ICM_UTC2";"Buy";"7283.3";"7200.8";"2018.06.20 18:30:00";"2018.06.22 01:02:00";"30.0";"-2841.24";"7200.79980";"7365.79980";"-51648.40";"0.00";"IST";"SL";"1d 6h 32m";"-366.24"
"332";"USTEC_ICM_UTC2";"Buy";"7000.8";"7083.3";"2018.06.25 20:30:00";"2018.06.26 16:44:00";"30.0";"2291.88";"6918.29980";"7083.29980";"-49356.52";"0.00";"IST";"PT";"20h 14m";"-183.12"
"333";"USTEC_ICM_UTC2";"Buy";"7075.6";"6993.1";"2018.06.26 17:15:00";"2018.06.27 11:52:00";"30.0";"-2658.12";"6993.10010";"7158.10010";"-52014.64";"0.00";"IST";"SL";"18h 37m";"-183.12"
"334";"USTEC_ICM_UTC2";"Buy";"6987.8";"7070.3";"2018.06.27 22:15:00";"2018.06.29 05:56:00";"30.0";"2108.76";"6905.29980";"7070.29980";"-49905.88";"0.00";"IST";"PT";"1d 7h 41m";"-366.24"
"335";"USTEC_ICM_UTC2";"Buy";"7076.6";"7053.5";"2018.06.29 17:15:00";"2018.06.29 22:55:00";"30.0";"-693.00";"6994.10010";"7159.10010";"-50598.88";"0.00";"IST";"End Of Friday (Time)";"5h 40m";"-0.00"
"336";"USTEC_ICM_UTC2";"Buy";"7007.6";"7090.1";"2018.07.02 17:15:00";"2018.07.02 22:50:00";"30.0";"2475.00";"6925.10010";"7090.10010";"-48123.88";"0.00";"IST";"PT";"5h 35m";"-0.00"
"337";"USTEC_ICM_UTC2";"Buy";"7079.9";"6996.9";"2018.07.03 18:15:00";"2018.07.04 01:02:00";"30.0";"-2674.32";"6997.39990";"7162.39990";"-50798.20";"0.00";"IST";"SL";"6h 47m";"-183.12"
"338";"USTEC_ICM_UTC2";"Buy";"7016.4";"7098.9";"2018.07.04 17:00:00";"2018.07.05 22:01:00";"30.0";"2291.88";"6933.89990";"7098.89990";"-48506.32";"0.00";"IST";"PT";"1d 5h 1m";"-183.12"
"339";"USTEC_ICM_UTC2";"Buy";"7095.9";"7178.4";"2018.07.05 22:30:00";"2018.07.06 18:29:00";"30.0";"2291.88";"7013.39990";"7178.39990";"-46214.45";"0.00";"IST";"PT";"19h 59m";"-183.12"
"340";"USTEC_ICM_UTC2";"Buy";"7245.6";"7328.1";"2018.07.09 18:30:00";"2018.07.12 17:36:00";"30.0";"1925.64";"7163.10010";"7328.10010";"-44288.80";"0.00";"IST";"PT";"2d 23h 6m";"-549.36"
"341";"USTEC_ICM_UTC2";"Buy";"7379.5";"7378.1";"2018.07.13 17:45:00";"2018.07.13 22:55:00";"30.0";"-42.00";"7297.00000";"7462.00000";"-44330.80";"0.00";"IST";"End Of Friday (Time)";"5h 10m";"-0.00"
"342";"USTEC_ICM_UTC2";"Buy";"7374.8";"7292.3";"2018.07.16 17:15:00";"2018.07.17 08:49:00";"30.0";"-2658.12";"7292.29980";"7457.29980";"-46988.92";"0.00";"IST";"SL";"15h 34m";"-183.12"
"343";"USTEC_ICM_UTC2";"Buy";"7332.2";"7414.7";"2018.07.17 17:15:00";"2018.07.17 22:24:00";"30.0";"2475.00";"7249.70020";"7414.70020";"-44513.92";"0.00";"IST";"PT";"5h 9m";"-0.00"
"344";"USTEC_ICM_UTC2";"Buy";"7391.6";"7345.9";"2018.07.18 18:45:00";"2018.07.20 22:55:00";"30.0";"-1737.24";"7309.10010";"7474.10010";"-46251.16";"0.00";"IST";"End Of Friday (Time)";"2d 4h 10m";"-366.24"
"345";"USTEC_ICM_UTC2";"Buy";"7344.3";"7426.8";"2018.07.23 17:45:00";"2018.07.24 04:43:00";"30.0";"2291.88";"7261.79980";"7426.79980";"-43959.29";"0.00";"IST";"PT";"10h 58m";"-183.12"
"346";"USTEC_ICM_UTC2";"Buy";"7391.1";"7473.6";"2018.07.24 21:30:00";"2018.07.25 21:36:00";"30.0";"2291.88";"7308.60010";"7473.60010";"-41667.40";"0.00";"IST";"PT";"1d 0h 6m";"-183.12"
"347";"USTEC_ICM_UTC2";"Buy";"7400.9";"7318.4";"2018.07.26 17:00:00";"2018.07.27 19:33:00";"30.0";"-2658.12";"7318.39990";"7483.39990";"-44325.52";"0.00";"IST";"SL";"1d 2h 33m";"-183.12"
"348";"USTEC_ICM_UTC2";"Buy";"7300.5";"7295.9";"2018.07.27 21:15:00";"2018.07.27 22:55:00";"30.0";"-138.00";"7218.00000";"7383.00000";"-44463.52";"0.00";"IST";"End Of Friday (Time)";"1h 40m";"-0.00"
"349";"USTEC_ICM_UTC2";"Buy";"7217.5";"7300.0";"2018.07.30 16:45:00";"2018.08.02 17:38:00";"30.0";"1925.64";"7135.00000";"7300.00000";"-42537.88";"0.00";"IST";"PT";"3d 0h 53m";"-549.36"
"350";"USTEC_ICM_UTC2";"Buy";"7367.0";"7391.5";"2018.08.02 20:45:00";"2018.08.03 22:55:00";"30.0";"551.88";"7284.50000";"7449.50000";"-41986.00";"0.00";"IST";"End Of Friday (Time)";"1d 2h 10m";"-183.12"
"351";"USTEC_ICM_UTC2";"Buy";"7397.2";"7479.7";"2018.08.06 17:30:00";"2018.08.08 17:55:00";"30.0";"2108.76";"7314.70020";"7479.70020";"-39877.24";"0.00";"IST";"PT";"2d 0h 25m";"-366.24"
"352";"USTEC_ICM_UTC2";"Buy";"7469.9";"7387.4";"2018.08.08 20:15:00";"2018.08.10 21:28:00";"30.0";"-2841.24";"7387.39990";"7552.39990";"-42718.48";"0.00";"IST";"SL";"2d 1h 13m";"-366.24"
"353";"USTEC_ICM_UTC2";"Buy";"7460.3";"7377.8";"2018.08.13 17:15:00";"2018.08.15 14:37:00";"30.0";"-2841.24";"7377.79980";"7542.79980";"-45559.72";"0.00";"IST";"SL";"1d 21h 22m";"-366.24"
"354";"USTEC_ICM_UTC2";"Buy";"7331.1";"7413.6";"2018.08.15 18:45:00";"2018.08.16 13:06:00";"30.0";"2291.88";"7248.60010";"7413.60010";"-43267.84";"0.00";"IST";"PT";"18h 21m";"-183.12"
"355";"USTEC_ICM_UTC2";"Buy";"7390.0";"7381.5";"2018.08.16 17:00:00";"2018.08.17 22:55:00";"30.0";"-438.12";"7307.50000";"7472.50000";"-43705.96";"0.00";"IST";"End Of Friday (Time)";"1d 5h 55m";"-183.12"
"356";"USTEC_ICM_UTC2";"Buy";"7355.6";"7438.1";"2018.08.20 17:00:00";"2018.08.21 19:51:00";"30.0";"2291.88";"7273.10010";"7438.10010";"-41414.09";"0.00";"IST";"PT";"1d 2h 51m";"-183.12"
"357";"USTEC_ICM_UTC2";"Buy";"7412.4";"7487.2";"2018.08.23 16:30:00";"2018.08.24 22:55:00";"30.0";"2060.88";"7329.89990";"7494.89990";"-39353.20";"0.00";"IST";"End Of Friday (Time)";"1d 6h 25m";"-183.12"
"358";"USTEC_ICM_UTC2";"Buy";"7553.6";"7636.1";"2018.08.27 17:30:00";"2018.08.29 18:18:00";"30.0";"2108.76";"7471.10010";"7636.10010";"-37244.45";"0.00";"IST";"PT";"2d 0h 48m";"-366.24"
"359";"USTEC_ICM_UTC2";"Buy";"7667.1";"7656.4";"2018.08.30 17:45:00";"2018.08.31 22:55:00";"30.0";"-504.12";"7584.60010";"7749.60010";"-37748.56";"0.00";"IST";"End Of Friday (Time)";"1d 5h 10m";"-183.12"
"360";"USTEC_ICM_UTC2";"Buy";"7603.8";"7521.3";"2018.09.04 17:00:00";"2018.09.05 17:21:00";"30.0";"-2658.12";"7521.29980";"7686.29980";"-40406.68";"0.00";"IST";"SL";"1d 0h 21m";"-183.12"
"361";"USTEC_ICM_UTC2";"Buy";"7543.2";"7460.7";"2018.09.05 19:30:00";"2018.09.06 17:13:00";"30.0";"-2658.12";"7460.70020";"7625.70020";"-43064.80";"0.00";"IST";"SL";"21h 43m";"-183.12"
"362";"USTEC_ICM_UTC2";"Buy";"7443.0";"7426.2";"2018.09.06 20:45:00";"2018.09.07 22:55:00";"30.0";"-687.12";"7360.50000";"7525.50000";"-43751.93";"0.00";"IST";"End Of Friday (Time)";"1d 2h 10m";"-183.12"
"363";"USTEC_ICM_UTC2";"Buy";"7447.1";"7529.6";"2018.09.10 18:45:00";"2018.09.12 10:50:00";"30.0";"2108.76";"7364.60010";"7529.60010";"-41643.16";"0.00";"IST";"PT";"1d 16h 5m";"-366.24"
"364";"USTEC_ICM_UTC2";"Buy";"7470.6";"7553.1";"2018.09.12 18:45:00";"2018.09.13 16:36:00";"30.0";"2291.88";"7388.10010";"7553.10010";"-39351.29";"0.00";"IST";"PT";"21h 51m";"-183.12"
"365";"USTEC_ICM_UTC2";"Buy";"7572.2";"7549.9";"2018.09.14 18:00:00";"2018.09.14 22:55:00";"30.0";"-669.00";"7489.70020";"7654.70020";"-40020.29";"0.00";"IST";"End Of Friday (Time)";"4h 55m";"-0.00"
"366";"USTEC_ICM_UTC2";"Buy";"7477.3";"7394.8";"2018.09.17 18:45:00";"2018.09.18 01:59:00";"30.0";"-2658.12";"7394.79980";"7559.79980";"-42678.41";"0.00";"IST";"SL";"7h 14m";"-183.12"
"367";"USTEC_ICM_UTC2";"Buy";"7506.3";"7588.8";"2018.09.18 17:15:00";"2018.09.21 08:03:00";"30.0";"1925.64";"7423.79980";"7588.79980";"-40752.77";"0.00";"IST";"PT";"2d 14h 48m";"-549.36"
"368";"USTEC_ICM_UTC2";"Buy";"7571.2";"7533.3";"2018.09.21 19:00:00";"2018.09.21 22:55:00";"30.0";"-1137.00";"7488.70020";"7653.70020";"-41889.77";"0.00";"IST";"End Of Friday (Time)";"3h 55m";"-0.00"
"369";"USTEC_ICM_UTC2";"Buy";"7509.1";"7591.6";"2018.09.24 17:15:00";"2018.09.26 05:58:00";"30.0";"2108.76";"7426.60010";"7591.60010";"-39781.00";"0.00";"IST";"PT";"1d 12h 43m";"-366.24"
"370";"USTEC_ICM_UTC2";"Buy";"7569.4";"7651.9";"2018.09.26 16:30:00";"2018.09.27 18:00:00";"30.0";"2291.88";"7486.89990";"7651.89990";"-37489.13";"0.00";"IST";"PT";"1d 1h 30m";"-183.12"
"371";"USTEC_ICM_UTC2";"Buy";"7630.1";"7621.6";"2018.09.28 18:00:00";"2018.09.28 22:55:00";"30.0";"-255.00";"7547.60010";"7712.60010";"-37744.13";"0.00";"IST";"End Of Friday (Time)";"4h 55m";"-0.00"
"372";"USTEC_ICM_UTC2";"Buy";"7696.3";"7613.8";"2018.10.01 17:15:00";"2018.10.02 11:48:00";"30.0";"-2658.12";"7613.79980";"7778.79980";"-40402.25";"0.00";"IST";"SL";"18h 33m";"-183.12"
"373";"USTEC_ICM_UTC2";"Buy";"7657.3";"7574.8";"2018.10.02 17:30:00";"2018.10.04 12:07:00";"30.0";"-2841.24";"7574.79980";"7739.79980";"-43243.48";"0.00";"IST";"SL";"1d 18h 37m";"-366.24"
"374";"USTEC_ICM_UTC2";"Buy";"7470.4";"7387.9";"2018.10.04 21:45:00";"2018.10.05 18:43:00";"30.0";"-2658.12";"7387.89990";"7552.89990";"-45901.61";"0.00";"IST";"SL";"20h 58m";"-183.12"
"375";"USTEC_ICM_UTC2";"Buy";"7412.4";"7329.9";"2018.10.08 17:15:00";"2018.10.08 18:33:00";"30.0";"-2475.00";"7329.89990";"7494.89990";"-48376.61";"0.00";"IST";"SL";"1h 18m";"-0.00"
"376";"USTEC_ICM_UTC2";"Buy";"7374.3";"7291.8";"2018.10.09 21:45:00";"2018.10.10 16:38:00";"30.0";"-2658.12";"7291.79980";"7456.79980";"-51034.73";"0.00";"IST";"SL";"18h 53m";"-183.12"
"377";"USTEC_ICM_UTC2";"Buy";"7211.6";"7129.1";"2018.10.10 19:15:00";"2018.10.10 22:10:00";"30.0";"-2475.00";"7129.10010";"7294.10010";"-53509.73";"0.00";"IST";"SL";"2h 55m";"-0.00"
"378";"USTEC_ICM_UTC2";"Buy";"7054.6";"6972.1";"2018.10.11 17:30:00";"2018.10.11 18:04:00";"30.0";"-2475.00";"6972.10010";"7137.10010";"-55984.73";"0.00";"IST";"SL";"34m 0s";"-0.00"
"379";"USTEC_ICM_UTC2";"Buy";"7101.8";"7019.3";"2018.10.12 17:30:00";"2018.10.12 19:50:00";"30.0";"-2475.00";"7019.29980";"7184.29980";"-58459.73";"0.00";"IST";"SL";"2h 20m";"-0.00"
"380";"USTEC_ICM_UTC2";"Buy";"7137.3";"7054.8";"2018.10.15 18:30:00";"2018.10.15 23:08:00";"30.0";"-2475.00";"7054.79980";"7219.79980";"-60934.73";"0.00";"IST";"SL";"4h 38m";"-0.00"
"381";"USTEC_ICM_UTC2";"Buy";"7193.9";"7276.4";"2018.10.16 18:15:00";"2018.10.16 22:41:00";"30.0";"2475.00";"7111.39990";"7276.39990";"-58459.73";"0.00";"IST";"PT";"4h 26m";"-0.00"
"382";"USTEC_ICM_UTC2";"Buy";"7312.8";"7230.3";"2018.10.17 16:30:00";"2018.10.17 17:24:00";"30.0";"-2475.00";"7230.29980";"7395.29980";"-60934.73";"0.00";"IST";"SL";"54m 0s";"-0.00"
"383";"USTEC_ICM_UTC2";"Buy";"7197.9";"7115.4";"2018.10.18 18:15:00";"2018.10.18 18:46:00";"30.0";"-2475.00";"7115.39990";"7280.39990";"-63409.73";"0.00";"IST";"SL";"31m 0s";"-0.00"
"384";"USTEC_ICM_UTC2";"Buy";"7214.8";"7132.3";"2018.10.19 17:15:00";"2018.10.19 19:19:00";"30.0";"-2475.00";"7132.29980";"7297.29980";"-65884.73";"0.00";"IST";"SL";"2h 4m";"-0.00"
"385";"USTEC_ICM_UTC2";"Buy";"7165.9";"7083.4";"2018.10.22 18:15:00";"2018.10.23 05:40:00";"30.0";"-2658.12";"7083.39990";"7248.39990";"-68542.84";"0.00";"IST";"SL";"11h 25m";"-183.12"
"386";"USTEC_ICM_UTC2";"Buy";"6998.4";"7080.9";"2018.10.23 17:00:00";"2018.10.23 20:09:00";"30.0";"2475.00";"6915.89990";"7080.89990";"-66067.84";"0.00";"IST";"PT";"3h 9m";"-0.00"
"387";"USTEC_ICM_UTC2";"Buy";"7108.6";"7026.1";"2018.10.24 16:30:00";"2018.10.24 18:03:00";"30.0";"-2475.00";"7026.10010";"7191.10010";"-68542.84";"0.00";"IST";"SL";"1h 33m";"-0.00"
"388";"USTEC_ICM_UTC2";"Buy";"6942.8";"7025.3";"2018.10.25 17:00:00";"2018.10.25 21:28:00";"30.0";"2475.00";"6860.29980";"7025.29980";"-66067.84";"0.00";"IST";"PT";"4h 28m";"-0.00"
"389";"USTEC_ICM_UTC2";"Buy";"6852.4";"6934.9";"2018.10.26 19:00:00";"2018.10.26 19:46:00";"30.0";"2475.00";"6769.89990";"6934.89990";"-63592.84";"0.00";"IST";"PT";"46m 0s";"-0.00"
"390";"USTEC_ICM_UTC2";"Buy";"6828.5";"6746.0";"2018.10.29 19:45:00";"2018.10.29 20:32:00";"30.0";"-2475.00";"6746.00000";"6911.00000";"-66067.84";"0.00";"IST";"SL";"47m 0s";"-0.00"
"391";"USTEC_ICM_UTC2";"Buy";"6770.7";"6688.2";"2018.10.30 17:45:00";"2018.10.30 19:30:00";"30.0";"-2475.00";"6688.20020";"6853.20020";"-68542.84";"0.00";"IST";"SL";"1h 45m";"-0.00"
"392";"USTEC_ICM_UTC2";"Buy";"6954.7";"7037.2";"2018.10.31 18:00:00";"2018.11.01 17:30:00";"30.0";"2291.88";"6872.20020";"7037.20020";"-66250.97";"0.00";"IST";"PT";"23h 30m";"-183.12"
"393";"USTEC_ICM_UTC2";"Buy";"7057.1";"6967.0";"2018.11.01 21:00:00";"2018.11.02 00:00:00";"30.0";"-2887.32";"6974.60010";"7139.60010";"-69138.29";"0.00";"IST";"SL";"3h 0m";"-183.12"
"394";"USTEC_ICM_UTC2";"Buy";"6967.4";"6884.9";"2018.11.02 18:30:00";"2018.11.05 17:03:00";"30.0";"-3024.36";"6884.89990";"7049.89990";"-72162.65";"0.00";"IST";"SL";"2d 22h 33m";"-549.36"
"395";"USTEC_ICM_UTC2";"Buy";"6885.4";"6967.9";"2018.11.05 18:30:00";"2018.11.06 16:33:00";"30.0";"2291.88";"6802.89990";"6967.89990";"-69870.77";"0.00";"IST";"PT";"22h 3m";"-183.12"
"396";"USTEC_ICM_UTC2";"Buy";"7110.5";"7193.0";"2018.11.07 17:15:00";"2018.11.07 22:55:00";"30.0";"2475.00";"7028.00000";"7193.00000";"-67395.77";"0.00";"IST";"PT";"5h 40m";"-0.00"
"397";"USTEC_ICM_UTC2";"Buy";"7163.9";"7081.4";"2018.11.08 17:30:00";"2018.11.09 16:36:00";"30.0";"-2658.12";"7081.39990";"7246.39990";"-70053.88";"0.00";"IST";"SL";"23h 6m";"-183.12"
"398";"USTEC_ICM_UTC2";"Buy";"7042.2";"7049.6";"2018.11.09 22:15:00";"2018.11.09 22:55:00";"30.0";"222.00";"6959.70020";"7124.70020";"-69831.88";"0.00";"IST";"End Of Friday (Time)";"40m 0s";"-0.00"
"399";"USTEC_ICM_UTC2";"Buy";"6922.9";"6840.4";"2018.11.12 17:00:00";"2018.11.12 18:15:00";"30.0";"-2475.00";"6840.39990";"7005.39990";"-72306.88";"0.00";"IST";"SL";"1h 15m";"-0.00"
"400";"USTEC_ICM_UTC2";"Buy";"6872.9";"6790.4";"2018.11.13 17:15:00";"2018.11.14 10:29:00";"30.0";"-2658.12";"6790.39990";"6955.39990";"-74965.01";"0.00";"IST";"SL";"17h 14m";"-183.12"
"401";"USTEC_ICM_UTC2";"Buy";"6773.3";"6855.8";"2018.11.14 20:00:00";"2018.11.15 20:30:00";"30.0";"2291.88";"6690.79980";"6855.79980";"-72673.13";"0.00";"IST";"PT";"1d 0h 30m";"-183.12"
"402";"USTEC_ICM_UTC2";"Buy";"6825.3";"6874.8";"2018.11.16 16:30:00";"2018.11.16 22:55:00";"30.0";"1485.00";"6742.79980";"6907.79980";"-71188.13";"0.00";"IST";"End Of Friday (Time)";"6h 25m";"-0.00"
"403";"USTEC_ICM_UTC2";"Buy";"6652.4";"6569.9";"2018.11.19 21:00:00";"2018.11.20 13:30:00";"30.0";"-2658.12";"6569.89990";"6734.89990";"-73846.24";"0.00";"IST";"SL";"16h 30m";"-183.12"
"404";"USTEC_ICM_UTC2";"Buy";"6444.9";"6527.4";"2018.11.20 17:15:00";"2018.11.20 17:26:00";"30.0";"2475.00";"6362.39990";"6527.39990";"-71371.24";"0.00";"IST";"PT";"11m 0s";"-0.00"
"405";"USTEC_ICM_UTC2";"Buy";"6604.4";"6521.9";"2018.11.21 18:00:00";"2018.11.22 17:25:00";"30.0";"-2658.12";"6521.89990";"6686.89990";"-74029.37";"0.00";"IST";"SL";"23h 25m";"-183.12"
"406";"USTEC_ICM_UTC2";"Buy";"6579.5";"6662.0";"2018.11.23 17:00:00";"2018.11.26 21:31:00";"30.0";"1925.64";"6497.00000";"6662.00000";"-72103.73";"0.00";"IST";"PT";"3d 4h 31m";"-549.36"
"407";"USTEC_ICM_UTC2";"Buy";"6680.8";"6763.3";"2018.11.27 17:30:00";"2018.11.28 19:01:00";"30.0";"2291.88";"6598.29980";"6763.29980";"-69811.84";"0.00";"IST";"PT";"1d 1h 31m";"-183.12"
"408";"USTEC_ICM_UTC2";"Buy";"6816.4";"6898.9";"2018.11.28 19:15:00";"2018.11.28 22:38:00";"30.0";"2475.00";"6733.89990";"6898.89990";"-67336.84";"0.00";"IST";"PT";"3h 23m";"-0.00"
"409";"USTEC_ICM_UTC2";"Buy";"6887.6";"6925.4";"2018.11.29 19:00:00";"2018.11.30 22:55:00";"30.0";"950.88";"6805.10010";"6970.10010";"-66385.97";"0.00";"IST";"End Of Friday (Time)";"1d 3h 55m";"-183.12"
"410";"USTEC_ICM_UTC2";"Buy";"7044.9";"6962.4";"2018.12.03 17:00:00";"2018.12.04 19:05:00";"30.0";"-2658.12";"6962.39990";"7127.39990";"-69044.09";"0.00";"IST";"SL";"1d 2h 5m";"-183.12"
"411";"USTEC_ICM_UTC2";"Buy";"6870.2";"6787.7";"2018.12.04 21:45:00";"2018.12.04 22:56:00";"30.0";"-2475.00";"6787.70020";"6952.70020";"-71519.09";"0.00";"IST";"SL";"1h 11m";"-0.00"
"412";"USTEC_ICM_UTC2";"Buy";"6687.8";"6770.3";"2018.12.06 17:15:00";"2018.12.06 19:31:00";"30.0";"2475.00";"6605.29980";"6770.29980";"-69044.09";"0.00";"IST";"PT";"2h 16m";"-0.00"
"413";"USTEC_ICM_UTC2";"Buy";"6692.0";"6609.5";"2018.12.07 20:30:00";"2018.12.07 21:58:00";"30.0";"-2475.00";"6609.50000";"6774.50000";"-71519.09";"0.00";"IST";"SL";"1h 28m";"-0.00"
"414";"USTEC_ICM_UTC2";"Buy";"6645.9";"6563.4";"2018.12.10 17:15:00";"2018.12.10 18:01:00";"30.0";"-2475.00";"6563.39990";"6728.39990";"-73994.09";"0.00";"IST";"SL";"46m 0s";"-0.00"
"415";"USTEC_ICM_UTC2";"Buy";"6719.5";"6802.0";"2018.12.11 22:00:00";"2018.12.12 15:51:00";"30.0";"2291.88";"6637.00000";"6802.00000";"-71702.20";"0.00";"IST";"PT";"17h 51m";"-183.12"
"416";"USTEC_ICM_UTC2";"Buy";"6816.3";"6733.8";"2018.12.12 17:30:00";"2018.12.13 19:03:00";"30.0";"-2658.12";"6733.79980";"6898.79980";"-74360.33";"0.00";"IST";"SL";"1d 1h 33m";"-183.12"
"417";"USTEC_ICM_UTC2";"Buy";"6746.3";"6663.8";"2018.12.13 19:15:00";"2018.12.14 10:38:00";"30.0";"-2658.12";"6663.79980";"6828.79980";"-77018.45";"0.00";"IST";"SL";"15h 23m";"-183.12"
"418";"USTEC_ICM_UTC2";"Buy";"6680.1";"6597.6";"2018.12.14 17:30:00";"2018.12.14 21:52:00";"30.0";"-2475.00";"6597.60010";"6762.60010";"-79493.45";"0.00";"IST";"SL";"4h 22m";"-0.00"
"419";"USTEC_ICM_UTC2";"Buy";"6577.5";"6495.0";"2018.12.17 17:45:00";"2018.12.17 20:36:00";"30.0";"-2475.00";"6495.00000";"6660.00000";"-81968.45";"0.00";"IST";"SL";"2h 51m";"-0.00"
"420";"USTEC_ICM_UTC2";"Buy";"6504.0";"6421.5";"2018.12.18 17:15:00";"2018.12.19 21:13:00";"30.0";"-2658.12";"6421.50000";"6586.50000";"-84626.57";"0.00";"IST";"SL";"1d 3h 58m";"-183.12"
"421";"USTEC_ICM_UTC2";"Buy";"6497.4";"6414.9";"2018.12.19 21:30:00";"2018.12.19 21:47:00";"30.0";"-2475.00";"6414.89990";"6579.89990";"-87101.57";"0.00";"IST";"SL";"17m 0s";"-0.00"
"422";"USTEC_ICM_UTC2";"Buy";"6336.2";"6253.7";"2018.12.20 17:30:00";"2018.12.20 18:28:00";"30.0";"-2475.00";"6253.70020";"6418.70020";"-89576.57";"0.00";"IST";"SL";"58m 0s";"-0.00"
"423";"USTEC_ICM_UTC2";"Buy";"6250.0";"6167.5";"2018.12.21 17:45:00";"2018.12.21 18:49:00";"30.0";"-2475.00";"6167.50000";"6332.50000";"-92051.57";"0.00";"IST";"SL";"1h 4m";"-0.00"
"424";"USTEC_ICM_UTC2";"Buy";"5978.5";"6061.0";"2018.12.24 16:45:00";"2018.12.24 17:41:00";"30.0";"2475.00";"5896.00000";"6061.00000";"-89576.57";"0.00";"IST";"PT";"56m 0s";"-0.00"
"425";"USTEC_ICM_UTC2";"Buy";"5955.5";"6038.0";"2018.12.26 16:30:00";"2018.12.26 18:57:00";"30.0";"2475.00";"5873.00000";"6038.00000";"-87101.57";"0.00";"IST";"PT";"2h 27m";"-0.00"
"426";"USTEC_ICM_UTC2";"Buy";"6180.1";"6097.6";"2018.12.27 16:30:00";"2018.12.27 17:24:00";"30.0";"-2475.00";"6097.60010";"6262.60010";"-89576.57";"0.00";"IST";"SL";"54m 0s";"-0.00"
"427";"USTEC_ICM_UTC2";"Buy";"6300.2";"6382.7";"2018.12.28 18:45:00";"2018.12.28 21:53:00";"30.0";"2475.00";"6217.70020";"6382.70020";"-87101.57";"0.00";"IST";"PT";"3h 8m";"-0.00"
"428";"USTEC_ICM_UTC2";"Buy";"6313.8";"6231.3";"2018.12.31 17:15:00";"2019.01.02 10:00:00";"30.0";"-2841.24";"6231.29980";"6396.29980";"-89942.80";"0.00";"IST";"SL";"1d 16h 45m";"-366.24"
"429";"USTEC_ICM_UTC2";"Buy";"6260.5";"6178.0";"2019.01.03 18:45:00";"2019.01.03 20:53:00";"30.0";"-2475.00";"6178.00000";"6343.00000";"-92417.80";"0.00";"IST";"SL";"2h 8m";"-0.00"
"430";"USTEC_ICM_UTC2";"Buy";"6296.9";"6379.4";"2019.01.04 17:00:00";"2019.01.04 18:02:00";"30.0";"2475.00";"6214.39990";"6379.39990";"-89942.80";"0.00";"IST";"PT";"1h 2m";"-0.00"
"431";"USTEC_ICM_UTC2";"Buy";"6432.9";"6515.4";"2019.01.07 16:45:00";"2019.01.07 19:56:00";"30.0";"2475.00";"6350.39990";"6515.39990";"-87467.80";"0.00";"IST";"PT";"3h 11m";"-0.00"
"432";"USTEC_ICM_UTC2";"Buy";"6576.7";"6601.4";"2019.01.09 17:15:00";"2019.01.11 22:55:00";"30.0";"374.76";"6494.20020";"6659.20020";"-87093.05";"0.00";"IST";"End Of Friday (Time)";"2d 5h 40m";"-366.24"
"433";"USTEC_ICM_UTC2";"Buy";"6559.4";"6641.9";"2019.01.14 17:45:00";"2019.01.15 17:00:00";"30.0";"2291.88";"6476.89990";"6641.89990";"-84801.16";"0.00";"IST";"PT";"23h 15m";"-183.12"
"434";"USTEC_ICM_UTC2";"Buy";"6670.7";"6753.2";"2019.01.15 19:15:00";"2019.01.18 16:16:00";"30.0";"1925.64";"6588.20020";"6753.20020";"-82875.52";"0.00";"IST";"PT";"2d 21h 1m";"-549.36"
"435";"USTEC_ICM_UTC2";"Buy";"6785.9";"6768.6";"2019.01.18 18:00:00";"2019.01.18 22:55:00";"30.0";"-519.00";"6703.39990";"6868.39990";"-83394.52";"0.00";"IST";"End Of Friday (Time)";"4h 55m";"-0.00"
"436";"USTEC_ICM_UTC2";"Buy";"6749.6";"6667.1";"2019.01.21 19:00:00";"2019.01.22 19:02:00";"30.0";"-2658.12";"6667.10010";"6832.10010";"-86052.65";"0.00";"IST";"SL";"1d 0h 2m";"-183.12"
"437";"USTEC_ICM_UTC2";"Buy";"6629.7";"6712.2";"2019.01.22 21:30:00";"2019.01.23 17:04:00";"30.0";"2291.88";"6547.20020";"6712.20020";"-83760.77";"0.00";"IST";"PT";"19h 34m";"-183.12"
"438";"USTEC_ICM_UTC2";"Buy";"6626.0";"6708.5";"2019.01.23 20:30:00";"2019.01.24 17:28:00";"30.0";"2291.88";"6543.50000";"6708.50000";"-81468.89";"0.00";"IST";"PT";"20h 58m";"-183.12"
"439";"USTEC_ICM_UTC2";"Buy";"6686.4";"6768.9";"2019.01.24 17:45:00";"2019.01.25 17:05:00";"30.0";"2291.88";"6603.89990";"6768.89990";"-79177.01";"0.00";"IST";"PT";"23h 20m";"-183.12"
"440";"USTEC_ICM_UTC2";"Buy";"6771.5";"6778.4";"2019.01.25 17:30:00";"2019.01.25 22:55:00";"30.0";"207.00";"6689.00000";"6854.00000";"-78970.01";"0.00";"IST";"End Of Friday (Time)";"5h 25m";"-0.00"
"441";"USTEC_ICM_UTC2";"Buy";"6692.1";"6774.6";"2019.01.28 16:30:00";"2019.01.30 21:04:00";"30.0";"2108.76";"6609.60010";"6774.60010";"-76861.25";"0.00";"IST";"PT";"2d 4h 34m";"-366.24"
"442";"USTEC_ICM_UTC2";"Buy";"6799.7";"6882.2";"2019.01.30 21:45:00";"2019.01.31 17:18:00";"30.0";"2291.88";"6717.20020";"6882.20020";"-74569.37";"0.00";"IST";"PT";"19h 33m";"-183.12"
"443";"USTEC_ICM_UTC2";"Buy";"6891.8";"6870.9";"2019.01.31 17:30:00";"2019.02.01 22:55:00";"30.0";"-810.12";"6809.29980";"6974.29980";"-75379.48";"0.00";"IST";"End Of Friday (Time)";"1d 5h 25m";"-183.12"
"444";"USTEC_ICM_UTC2";"Buy";"6901.8";"6984.3";"2019.02.04 17:00:00";"2019.02.05 16:32:00";"30.0";"2291.88";"6819.29980";"6984.29980";"-73087.61";"0.00";"IST";"PT";"23h 32m";"-183.12"
"445";"USTEC_ICM_UTC2";"Buy";"7014.2";"6931.7";"2019.02.05 21:30:00";"2019.02.07 16:30:00";"30.0";"-2841.24";"6931.70020";"7096.70020";"-75928.84";"0.00";"IST";"SL";"1d 19h 0m";"-366.24"
"446";"USTEC_ICM_UTC2";"Buy";"6936.6";"6854.1";"2019.02.07 17:45:00";"2019.02.07 19:03:00";"30.0";"-2475.00";"6854.10010";"7019.10010";"-78403.84";"0.00";"IST";"SL";"1h 18m";"-0.00"
"447";"USTEC_ICM_UTC2";"Buy";"6848.1";"6893.8";"2019.02.08 17:15:00";"2019.02.08 22:55:00";"30.0";"1371.00";"6765.60010";"6930.60010";"-77032.84";"0.00";"IST";"End Of Friday (Time)";"5h 40m";"-0.00"
"448";"USTEC_ICM_UTC2";"Buy";"6924.1";"7006.6";"2019.02.11 19:45:00";"2019.02.12 18:00:00";"30.0";"2291.88";"6841.60010";"7006.60010";"-74740.97";"0.00";"IST";"PT";"22h 15m";"-183.12"
"449";"USTEC_ICM_UTC2";"Buy";"7005.3";"7087.8";"2019.02.12 18:30:00";"2019.02.15 16:28:00";"30.0";"1925.64";"6922.79980";"7087.79980";"-72815.33";"0.00";"IST";"PT";"2d 21h 58m";"-549.36"
"450";"USTEC_ICM_UTC2";"Buy";"7042.5";"7044.3";"2019.02.15 18:00:00";"2019.02.15 22:55:00";"30.0";"54.00";"6960.00000";"7125.00000";"-72761.33";"0.00";"IST";"End Of Friday (Time)";"4h 55m";"-0.00"
"451";"USTEC_ICM_UTC2";"Buy";"7067.2";"7076.1";"2019.02.18 19:45:00";"2019.02.22 22:55:00";"30.0";"-465.48";"6984.70020";"7149.70020";"-73226.80";"0.00";"IST";"End Of Friday (Time)";"4d 3h 10m";"-732.48"
"452";"USTEC_ICM_UTC2";"Buy";"7151.2";"7068.7";"2019.02.25 17:45:00";"2019.02.26 06:18:00";"30.0";"-2658.12";"7068.70020";"7233.70020";"-75884.93";"0.00";"IST";"SL";"12h 33m";"-183.12"
"453";"USTEC_ICM_UTC2";"Buy";"7109.8";"7149.2";"2019.02.26 17:00:00";"2019.03.01 22:55:00";"30.0";"632.64";"7027.29980";"7192.29980";"-75252.29";"0.00";"IST";"End Of Friday (Time)";"3d 5h 55m";"-549.36"
"454";"USTEC_ICM_UTC2";"Buy";"7187.6";"7105.1";"2019.03.04 17:15:00";"2019.03.04 18:47:00";"30.0";"-2475.00";"7105.10010";"7270.10010";"-77727.29";"0.00";"IST";"SL";"1h 32m";"-0.00"
"455";"USTEC_ICM_UTC2";"Buy";"7147.0";"7064.5";"2019.03.05 16:45:00";"2019.03.07 16:42:00";"30.0";"-2841.24";"7064.50000";"7229.50000";"-80568.53";"0.00";"IST";"SL";"1d 23h 57m";"-366.24"
"456";"USTEC_ICM_UTC2";"Buy";"7052.6";"6970.1";"2019.03.07 18:30:00";"2019.03.08 15:30:00";"30.0";"-2658.12";"6970.10010";"7135.10010";"-83226.65";"0.00";"IST";"SL";"21h 0m";"-183.12"
"457";"USTEC_ICM_UTC2";"Buy";"6972.3";"7010.4";"2019.03.08 17:30:00";"2019.03.08 22:55:00";"30.0";"1143.00";"6889.79980";"7054.79980";"-82083.65";"0.00";"IST";"End Of Friday (Time)";"5h 25m";"-0.00"
"458";"USTEC_ICM_UTC2";"Buy";"7188.1";"7270.6";"2019.03.12 16:30:00";"2019.03.13 17:08:00";"30.0";"2291.88";"7105.60010";"7270.60010";"-79791.77";"0.00";"IST";"PT";"1d 0h 38m";"-183.12"
"459";"USTEC_ICM_UTC2";"Buy";"7280.7";"7363.2";"2019.03.13 17:30:00";"2019.03.19 14:20:00";"30.0";"1376.28";"7198.20020";"7363.20020";"-78415.48";"0.00";"IST";"PT";"5d 20h 50m";"-1098.72"
"460";"USTEC_ICM_UTC2";"Buy";"7356.2";"7438.7";"2019.03.19 16:45:00";"2019.03.21 17:01:00";"30.0";"2108.76";"7273.70020";"7438.70020";"-76306.73";"0.00";"IST";"PT";"2d 0h 16m";"-366.24"
"461";"USTEC_ICM_UTC2";"Buy";"7495.6";"7413.1";"2019.03.21 20:45:00";"2019.03.22 15:55:00";"30.0";"-2658.12";"7413.10010";"7578.10010";"-78964.85";"0.00";"IST";"SL";"19h 10m";"-183.12"
"462";"USTEC_ICM_UTC2";"Buy";"7335.1";"7252.6";"2019.03.25 17:30:00";"2019.03.27 17:44:00";"30.0";"-2841.24";"7252.60010";"7417.60010";"-81806.09";"0.00";"IST";"SL";"2d 0h 14m";"-366.24"
"463";"USTEC_ICM_UTC2";"Buy";"7349.1";"7431.6";"2019.03.29 16:45:00";"2019.04.01 03:00:00";"30.0";"1925.64";"7266.60010";"7431.60010";"-79880.45";"0.00";"IST";"PT";"2d 10h 15m";"-549.36"
"464";"USTEC_ICM_UTC2";"Buy";"7438.0";"7520.5";"2019.04.01 17:00:00";"2019.04.03 03:54:00";"30.0";"2108.76";"7355.50000";"7520.50000";"-77771.69";"0.00";"IST";"PT";"1d 10h 54m";"-366.24"
"465";"USTEC_ICM_UTC2";"Buy";"7561.9";"7573.3";"2019.04.03 17:45:00";"2019.04.05 22:55:00";"30.0";"-24.24";"7479.39990";"7644.39990";"-77795.93";"0.00";"IST";"End Of Friday (Time)";"2d 5h 10m";"-366.24"
"466";"USTEC_ICM_UTC2";"Buy";"7565.3";"7620.0";"2019.04.08 17:45:00";"2019.04.12 22:55:00";"30.0";"908.52";"7482.79980";"7647.79980";"-76887.41";"0.00";"IST";"End Of Friday (Time)";"4d 5h 10m";"-732.48"
"467";"USTEC_ICM_UTC2";"Buy";"7631.8";"7714.3";"2019.04.15 16:45:00";"2019.04.22 22:50:00";"30.0";"1193.16";"7549.29980";"7714.29980";"-75694.25";"0.00";"IST";"PT";"7d 6h 5m";"-1281.84"
"468";"USTEC_ICM_UTC2";"Buy";"7808.0";"7812.9";"2019.04.24 17:45:00";"2019.04.26 22:55:00";"30.0";"-219.24";"7725.50000";"7890.50000";"-75913.48";"0.00";"IST";"End Of Friday (Time)";"2d 5h 10m";"-366.24"
"469";"USTEC_ICM_UTC2";"Buy";"7830.1";"7747.6";"2019.04.29 19:00:00";"2019.04.30 18:01:00";"30.0";"-2658.12";"7747.60010";"7912.60010";"-78571.61";"0.00";"IST";"SL";"23h 1m";"-183.12"
"470";"USTEC_ICM_UTC2";"Buy";"7769.7";"7852.2";"2019.04.30 19:15:00";"2019.05.01 21:07:00";"30.0";"2291.88";"7687.20020";"7852.20020";"-76279.73";"0.00";"IST";"PT";"1d 1h 52m";"-183.12"
"471";"USTEC_ICM_UTC2";"Buy";"7841.7";"7759.2";"2019.05.01 21:15:00";"2019.05.01 22:53:00";"30.0";"-2475.00";"7759.20020";"7924.20020";"-78754.73";"0.00";"IST";"SL";"1h 38m";"-0.00"
"472";"USTEC_ICM_UTC2";"Buy";"7791.4";"7708.9";"2019.05.02 17:15:00";"2019.05.02 18:42:00";"30.0";"-2475.00";"7708.89990";"7873.89990";"-81229.73";"0.00";"IST";"SL";"1h 27m";"-0.00"
"473";"USTEC_ICM_UTC2";"Buy";"7801.8";"7845.1";"2019.05.03 17:30:00";"2019.05.03 22:55:00";"30.0";"1299.00";"7719.29980";"7884.29980";"-79930.73";"0.00";"IST";"End Of Friday (Time)";"5h 25m";"-0.00"
"474";"USTEC_ICM_UTC2";"Buy";"7738.3";"7655.8";"2019.05.06 17:15:00";"2019.05.07 17:42:00";"30.0";"-2658.12";"7655.79980";"7820.79980";"-82588.85";"0.00";"IST";"SL";"1d 0h 27m";"-183.12"
"475";"USTEC_ICM_UTC2";"Buy";"7659.9";"7577.4";"2019.05.07 19:45:00";"2019.05.07 21:50:00";"30.0";"-2475.00";"7577.39990";"7742.39990";"-85063.85";"0.00";"IST";"SL";"2h 5m";"-0.00"
"476";"USTEC_ICM_UTC2";"Buy";"7617.4";"7534.9";"2019.05.08 16:30:00";"2019.05.09 16:04:00";"30.0";"-2658.12";"7534.89990";"7699.89990";"-87721.97";"0.00";"IST";"SL";"23h 34m";"-183.12"
"477";"USTEC_ICM_UTC2";"Buy";"7503.1";"7585.6";"2019.05.09 18:45:00";"2019.05.09 19:38:00";"30.0";"2475.00";"7420.60010";"7585.60010";"-85246.97";"0.00";"IST";"PT";"53m 0s";"-0.00"
"478";"USTEC_ICM_UTC2";"Buy";"7499.2";"7581.7";"2019.05.10 19:30:00";"2019.05.10 22:06:00";"30.0";"2475.00";"7416.70020";"7581.70020";"-82771.97";"0.00";"IST";"PT";"2h 36m";"-0.00"
"479";"USTEC_ICM_UTC2";"Buy";"7365.0";"7282.5";"2019.05.13 17:15:00";"2019.05.14 01:01:00";"30.0";"-2658.12";"7282.50000";"7447.50000";"-85430.09";"0.00";"IST";"SL";"7h 46m";"-183.12"
"480";"USTEC_ICM_UTC2";"Buy";"7375.8";"7458.3";"2019.05.14 17:15:00";"2019.05.15 17:29:00";"30.0";"2291.88";"7293.29980";"7458.29980";"-83138.21";"0.00";"IST";"PT";"1d 0h 14m";"-183.12"
"481";"USTEC_ICM_UTC2";"Buy";"7565.2";"7504.6";"2019.05.16 17:15:00";"2019.05.17 22:55:00";"30.0";"-2001.12";"7482.70020";"7647.70020";"-85139.33";"0.00";"IST";"End Of Friday (Time)";"1d 5h 40m";"-183.12"
"482";"USTEC_ICM_UTC2";"Buy";"7364.0";"7446.5";"2019.05.20 16:45:00";"2019.05.21 13:24:00";"30.0";"2291.88";"7281.50000";"7446.50000";"-82847.45";"0.00";"IST";"PT";"20h 39m";"-183.12"
"483";"USTEC_ICM_UTC2";"Buy";"7433.5";"7351.0";"2019.05.21 17:00:00";"2019.05.23 09:57:00";"30.0";"-2841.24";"7351.00000";"7516.00000";"-85688.69";"0.00";"IST";"SL";"1d 16h 57m";"-366.24"
"484";"USTEC_ICM_UTC2";"Buy";"7323.3";"7300.3";"2019.05.23 18:00:00";"2019.05.24 22:55:00";"30.0";"-873.12";"7240.79980";"7405.79980";"-86561.81";"0.00";"IST";"End Of Friday (Time)";"1d 4h 55m";"-183.12"
"485";"USTEC_ICM_UTC2";"Buy";"7334.6";"7252.1";"2019.05.28 18:45:00";"2019.05.29 03:12:00";"30.0";"-2658.12";"7252.10010";"7417.10010";"-89219.93";"0.00";"IST";"SL";"8h 27m";"-183.12"
"486";"USTEC_ICM_UTC2";"Buy";"7236.8";"7154.3";"2019.05.29 17:45:00";"2019.05.31 10:49:00";"30.0";"-2841.24";"7154.29980";"7319.29980";"-92061.17";"0.00";"IST";"SL";"1d 17h 4m";"-366.24"
"487";"USTEC_ICM_UTC2";"Buy";"7171.1";"7134.0";"2019.05.31 18:00:00";"2019.05.31 22:55:00";"30.0";"-1113.00";"7088.60010";"7253.60010";"-93174.17";"0.00";"IST";"End Of Friday (Time)";"4h 55m";"-0.00"
"488";"USTEC_ICM_UTC2";"Buy";"7073.4";"6990.9";"2019.06.03 18:15:00";"2019.06.03 19:34:00";"30.0";"-2475.00";"6990.89990";"7155.89990";"-95649.17";"0.00";"IST";"SL";"1h 19m";"-0.00"
"489";"USTEC_ICM_UTC2";"Buy";"7077.0";"7159.5";"2019.06.04 17:45:00";"2019.06.04 22:56:00";"30.0";"2475.00";"6994.50000";"7159.50000";"-93174.17";"0.00";"IST";"PT";"5h 11m";"-0.00"
"490";"USTEC_ICM_UTC2";"Buy";"7201.4";"7283.9";"2019.06.05 16:45:00";"2019.06.06 22:33:00";"30.0";"2291.88";"7118.89990";"7283.89990";"-90882.29";"0.00";"IST";"PT";"1d 5h 48m";"-183.12"
"491";"USTEC_ICM_UTC2";"Buy";"7312.8";"7395.3";"2019.06.07 16:30:00";"2019.06.07 17:30:00";"30.0";"2475.00";"7230.29980";"7395.29980";"-88407.29";"0.00";"IST";"PT";"1h 0m";"-0.00"
"492";"USTEC_ICM_UTC2";"Buy";"7507.0";"7589.5";"2019.06.10 17:00:00";"2019.06.11 16:30:00";"30.0";"2291.88";"7424.50000";"7589.50000";"-86115.41";"0.00";"IST";"PT";"23h 30m";"-183.12"
"493";"USTEC_ICM_UTC2";"Buy";"7541.4";"7458.9";"2019.06.11 18:00:00";"2019.06.12 17:34:00";"30.0";"-2658.12";"7458.89990";"7623.89990";"-88773.53";"0.00";"IST";"SL";"23h 34m";"-183.12"
"494";"USTEC_ICM_UTC2";"Buy";"7462.9";"7489.0";"2019.06.12 19:00:00";"2019.06.14 22:55:00";"30.0";"416.76";"7380.39990";"7545.39990";"-88356.77";"0.00";"IST";"End Of Friday (Time)";"2d 3h 55m";"-366.24"
"495";"USTEC_ICM_UTC2";"Buy";"7675.7";"7758.2";"2019.06.18 17:15:00";"2019.06.20 11:33:00";"30.0";"2108.76";"7593.20020";"7758.20020";"-86248.01";"0.00";"IST";"PT";"1d 18h 18m";"-366.24"
"496";"USTEC_ICM_UTC2";"Buy";"7725.5";"7731.3";"2019.06.21 17:00:00";"2019.06.21 22:55:00";"30.0";"174.00";"7643.00000";"7808.00000";"-86074.01";"0.00";"IST";"End Of Friday (Time)";"5h 55m";"-0.00"
"497";"USTEC_ICM_UTC2";"Buy";"7734.6";"7652.1";"2019.06.24 17:45:00";"2019.06.25 17:57:00";"30.0";"-2658.12";"7652.10010";"7817.10010";"-88732.13";"0.00";"IST";"SL";"1d 0h 12m";"-183.12"
"498";"USTEC_ICM_UTC2";"Buy";"7631.2";"7649.8";"2019.06.25 19:45:00";"2019.06.28 22:55:00";"30.0";"8.64";"7548.70020";"7713.70020";"-88723.49";"0.00";"IST";"End Of Friday (Time)";"3d 3h 10m";"-549.36"
"499";"USTEC_ICM_UTC2";"Buy";"7759.6";"7842.1";"2019.07.01 19:45:00";"2019.07.03 12:18:00";"30.0";"2108.76";"7677.10010";"7842.10010";"-86614.73";"0.00";"IST";"PT";"1d 16h 33m";"-366.24"
"500";"USTEC_ICM_UTC2";"Buy";"7841.0";"7834.8";"2019.07.03 18:00:00";"2019.07.05 22:55:00";"30.0";"-552.24";"7758.50000";"7923.50000";"-87166.97";"0.00";"IST";"End Of Friday (Time)";"2d 4h 55m";"-366.24"
"501";"USTEC_ICM_UTC2";"Buy";"7785.3";"7867.8";"2019.07.08 18:15:00";"2019.07.10 15:49:00";"30.0";"2108.76";"7702.79980";"7867.79980";"-85058.21";"0.00";"IST";"PT";"1d 21h 34m";"-366.24"
"502";"USTEC_ICM_UTC2";"Buy";"7918.1";"7938.2";"2019.07.11 16:45:00";"2019.07.12 22:55:00";"30.0";"419.88";"7835.60010";"8000.60010";"-84638.33";"0.00";"IST";"End Of Friday (Time)";"1d 6h 10m";"-183.12"
"503";"USTEC_ICM_UTC2";"Buy";"7948.4";"7865.9";"2019.07.15 19:00:00";"2019.07.17 23:08:00";"30.0";"-2841.24";"7865.89990";"8030.89990";"-87479.57";"0.00";"IST";"SL";"2d 4h 8m";"-366.24"
"504";"USTEC_ICM_UTC2";"Buy";"7875.9";"7958.4";"2019.07.18 17:15:00";"2019.07.19 16:28:00";"30.0";"2291.88";"7793.39990";"7958.39990";"-85187.69";"0.00";"IST";"PT";"23h 13m";"-183.12"
"505";"USTEC_ICM_UTC2";"Buy";"7889.5";"7846.7";"2019.07.19 18:45:00";"2019.07.19 22:55:00";"30.0";"-1284.00";"7807.00000";"7972.00000";"-86471.69";"0.00";"IST";"End Of Friday (Time)";"4h 10m";"-0.00"
"506";"USTEC_ICM_UTC2";"Buy";"7898.3";"7980.8";"2019.07.22 17:00:00";"2019.07.24 21:30:00";"30.0";"2108.76";"7815.79980";"7980.79980";"-84362.93";"0.00";"IST";"PT";"2d 4h 30m";"-366.24"
"507";"USTEC_ICM_UTC2";"Buy";"7962.6";"8022.1";"2019.07.25 18:15:00";"2019.07.26 22:55:00";"30.0";"1601.88";"7880.10010";"8045.10010";"-82761.05";"0.00";"IST";"End Of Friday (Time)";"1d 4h 40m";"-183.12"
"508";"USTEC_ICM_UTC2";"Buy";"8010.6";"7928.1";"2019.07.29 16:30:00";"2019.07.30 14:31:00";"30.0";"-2658.12";"7928.10010";"8093.10010";"-85419.17";"0.00";"IST";"SL";"22h 1m";"-183.12"
"509";"USTEC_ICM_UTC2";"Buy";"7955.2";"7872.7";"2019.07.30 16:45:00";"2019.07.31 21:45:00";"30.0";"-2658.12";"7872.70020";"8037.70020";"-88077.29";"0.00";"IST";"SL";"1d 5h 0m";"-183.12"
"510";"USTEC_ICM_UTC2";"Buy";"7860.1";"7942.6";"2019.08.01 16:30:00";"2019.08.01 17:19:00";"30.0";"2475.00";"7777.60010";"7942.60010";"-85602.29";"0.00";"IST";"PT";"49m 0s";"-0.00"
"511";"USTEC_ICM_UTC2";"Buy";"7748.7";"7666.2";"2019.08.02 16:30:00";"2019.08.02 17:33:00";"30.0";"-2475.00";"7666.20020";"7831.20020";"-88077.29";"0.00";"IST";"SL";"1h 3m";"-0.00"
"512";"USTEC_ICM_UTC2";"Buy";"7461.1";"7378.6";"2019.08.05 18:45:00";"2019.08.05 21:32:00";"30.0";"-2475.00";"7378.60010";"7543.60010";"-90552.29";"0.00";"IST";"SL";"2h 47m";"-0.00"
"513";"USTEC_ICM_UTC2";"Buy";"7453.8";"7536.3";"2019.08.06 18:15:00";"2019.08.06 21:32:00";"30.0";"2475.00";"7371.29980";"7536.29980";"-88077.29";"0.00";"IST";"PT";"3h 17m";"-0.00"
"514";"USTEC_ICM_UTC2";"Buy";"7490.9";"7573.4";"2019.08.07 17:45:00";"2019.08.08 04:24:00";"30.0";"2291.88";"7408.39990";"7573.39990";"-85785.41";"0.00";"IST";"PT";"10h 39m";"-183.12"
"515";"USTEC_ICM_UTC2";"Buy";"7696.8";"7614.3";"2019.08.08 22:15:00";"2019.08.09 18:26:00";"30.0";"-2658.12";"7614.29980";"7779.29980";"-88443.53";"0.00";"IST";"SL";"20h 11m";"-183.12"
"516";"USTEC_ICM_UTC2";"Buy";"7598.0";"7680.5";"2019.08.09 18:30:00";"2019.08.09 20:31:00";"30.0";"2475.00";"7515.50000";"7680.50000";"-85968.53";"0.00";"IST";"PT";"2h 1m";"-0.00"
"517";"USTEC_ICM_UTC2";"Buy";"7612.1";"7529.6";"2019.08.12 17:30:00";"2019.08.12 21:59:00";"30.0";"-2475.00";"7529.60010";"7694.60010";"-88443.53";"0.00";"IST";"SL";"4h 29m";"-0.00"
"518";"USTEC_ICM_UTC2";"Buy";"7596.4";"7513.9";"2019.08.14 16:30:00";"2019.08.14 18:46:00";"30.0";"-2475.00";"7513.89990";"7678.89990";"-90918.53";"0.00";"IST";"SL";"2h 16m";"-0.00"
"519";"USTEC_ICM_UTC2";"Buy";"7489.8";"7572.3";"2019.08.15 17:30:00";"2019.08.16 11:34:00";"30.0";"2291.88";"7407.29980";"7572.29980";"-88626.65";"0.00";"IST";"PT";"18h 4m";"-183.12"
"520";"USTEC_ICM_UTC2";"Buy";"7565.8";"7609.9";"2019.08.16 17:15:00";"2019.08.16 22:55:00";"30.0";"1323.00";"7483.29980";"7648.29980";"-87303.65";"0.00";"IST";"End Of Friday (Time)";"5h 40m";"-0.00"
"521";"USTEC_ICM_UTC2";"Buy";"7690.2";"7607.7";"2019.08.19 17:15:00";"2019.08.23 18:07:00";"30.0";"-3207.48";"7607.70020";"7772.70020";"-90511.13";"0.00";"IST";"SL";"4d 0h 52m";"-732.48"
"522";"USTEC_ICM_UTC2";"Buy";"7574.0";"7656.5";"2019.08.27 21:00:00";"2019.08.29 10:14:00";"30.0";"2108.76";"7491.50000";"7656.50000";"-88402.37";"0.00";"IST";"PT";"1d 13h 14m";"-366.24"
"523";"USTEC_ICM_UTC2";"Buy";"7692.7";"7675.8";"2019.08.29 17:15:00";"2019.08.30 22:55:00";"30.0";"-690.12";"7610.20020";"7775.20020";"-89092.49";"0.00";"IST";"End Of Friday (Time)";"1d 5h 40m";"-183.12"
"524";"USTEC_ICM_UTC2";"Buy";"7660.8";"7578.3";"2019.09.02 17:45:00";"2019.09.02 18:50:00";"30.0";"-2475.00";"7578.29980";"7743.29980";"-91567.49";"0.00";"IST";"SL";"1h 5m";"-0.00"
"525";"USTEC_ICM_UTC2";"Buy";"7599.1";"7681.6";"2019.09.03 17:15:00";"2019.09.04 08:00:00";"30.0";"2291.88";"7516.60010";"7681.60010";"-89275.61";"0.00";"IST";"PT";"14h 45m";"-183.12"
"526";"USTEC_ICM_UTC2";"Buy";"7858.0";"7852.9";"2019.09.05 17:15:00";"2019.09.06 22:55:00";"30.0";"-336.12";"7775.50000";"7940.50000";"-89611.73";"0.00";"IST";"End Of Friday (Time)";"1d 5h 40m";"-183.12"
"527";"USTEC_ICM_UTC2";"Buy";"7866.8";"7784.3";"2019.09.09 18:15:00";"2019.09.10 11:10:00";"30.0";"-2658.12";"7784.29980";"7949.29980";"-92269.85";"0.00";"IST";"SL";"16h 55m";"-183.12"
"528";"USTEC_ICM_UTC2";"Buy";"7760.1";"7842.6";"2019.09.10 18:00:00";"2019.09.11 16:40:00";"30.0";"2291.88";"7677.60010";"7842.60010";"-89977.97";"0.00";"IST";"PT";"22h 40m";"-183.12"
"529";"USTEC_ICM_UTC2";"Buy";"7861.9";"7944.4";"2019.09.11 17:15:00";"2019.09.12 02:26:00";"30.0";"2291.88";"7779.39990";"7944.39990";"-87686.09";"0.00";"IST";"PT";"9h 11m";"-183.12"
"530";"USTEC_ICM_UTC2";"Buy";"7957.5";"7895.0";"2019.09.12 17:45:00";"2019.09.13 22:55:00";"30.0";"-2058.12";"7875.00000";"8040.00000";"-89744.21";"0.00";"IST";"End Of Friday (Time)";"1d 5h 10m";"-183.12"
"531";"USTEC_ICM_UTC2";"Buy";"7859.7";"7942.2";"2019.09.16 17:15:00";"2019.09.19 17:06:00";"30.0";"1925.64";"7777.20020";"7942.20020";"-87818.57";"0.00";"IST";"PT";"2d 23h 51m";"-549.36"
"532";"USTEC_ICM_UTC2";"Buy";"7905.1";"7822.6";"2019.09.20 17:15:00";"2019.09.20 20:13:00";"30.0";"-2475.00";"7822.60010";"7987.60010";"-90293.57";"0.00";"IST";"SL";"2h 58m";"-0.00"
"533";"USTEC_ICM_UTC2";"Buy";"7812.4";"7729.9";"2019.09.23 16:30:00";"2019.09.24 19:23:00";"30.0";"-2658.12";"7729.89990";"7894.89990";"-92951.69";"0.00";"IST";"SL";"1d 2h 53m";"-183.12"
"534";"USTEC_ICM_UTC2";"Buy";"7730.3";"7647.8";"2019.09.24 21:15:00";"2019.09.25 17:01:00";"30.0";"-2658.12";"7647.79980";"7812.79980";"-95609.81";"0.00";"IST";"SL";"19h 46m";"-183.12"
"535";"USTEC_ICM_UTC2";"Buy";"7722.6";"7805.1";"2019.09.25 18:00:00";"2019.09.25 22:10:00";"30.0";"2475.00";"7640.10010";"7805.10010";"-93134.81";"0.00";"IST";"PT";"4h 10m";"-0.00"
"536";"USTEC_ICM_UTC2";"Buy";"7740.8";"7658.3";"2019.09.26 18:15:00";"2019.09.27 21:12:00";"30.0";"-2658.12";"7658.29980";"7823.29980";"-95792.93";"0.00";"IST";"SL";"1d 2h 57m";"-183.12"
"537";"USTEC_ICM_UTC2";"Buy";"7718.1";"7800.6";"2019.09.30 17:00:00";"2019.10.01 09:17:00";"30.0";"2291.88";"7635.60010";"7800.60010";"-93501.05";"0.00";"IST";"PT";"16h 17m";"-183.12"
"538";"USTEC_ICM_UTC2";"Buy";"7589.6";"7507.1";"2019.10.02 17:00:00";"2019.10.03 17:00:00";"30.0";"-2658.12";"7507.10010";"7672.10010";"-96159.17";"0.00";"IST";"SL";"1d 0h 0m";"-183.12"
"539";"USTEC_ICM_UTC2";"Buy";"7587.9";"7670.4";"2019.10.03 18:30:00";"2019.10.04 15:31:00";"30.0";"2291.88";"7505.39990";"7670.39990";"-93867.29";"0.00";"IST";"PT";"21h 1m";"-183.12"
"540";"USTEC_ICM_UTC2";"Buy";"7709.4";"7754.1";"2019.10.04 18:30:00";"2019.10.04 22:55:00";"30.0";"1341.00";"7626.89990";"7791.89990";"-92526.29";"0.00";"IST";"End Of Friday (Time)";"4h 25m";"-0.00"
"541";"USTEC_ICM_UTC2";"Buy";"7747.1";"7664.6";"2019.10.07 17:45:00";"2019.10.08 14:00:00";"30.0";"-2658.12";"7664.60010";"7829.60010";"-95184.41";"0.00";"IST";"SL";"20h 15m";"-183.12"
"542";"USTEC_ICM_UTC2";"Buy";"7649.1";"7731.6";"2019.10.08 18:15:00";"2019.10.10 16:51:00";"30.0";"2108.76";"7566.60010";"7731.60010";"-93075.65";"0.00";"IST";"PT";"1d 22h 36m";"-366.24"
"543";"USTEC_ICM_UTC2";"Buy";"7874.2";"7853.3";"2019.10.11 17:15:00";"2019.10.11 22:55:00";"30.0";"-627.00";"7791.70020";"7956.70020";"-93702.65";"0.00";"IST";"End Of Friday (Time)";"5h 40m";"-0.00"
"544";"USTEC_ICM_UTC2";"Buy";"7903.7";"7886.0";"2019.10.15 17:15:00";"2019.10.18 22:55:00";"30.0";"-1080.36";"7821.20020";"7986.20020";"-94783.01";"0.00";"IST";"End Of Friday (Time)";"3d 5h 40m";"-549.36"
"545";"USTEC_ICM_UTC2";"Buy";"7902.4";"7819.9";"2019.10.21 17:15:00";"2019.10.23 03:02:00";"30.0";"-2841.24";"7819.89990";"7984.89990";"-97624.25";"0.00";"IST";"SL";"1d 9h 47m";"-366.24"
"546";"USTEC_ICM_UTC2";"Buy";"7947.3";"8029.8";"2019.10.24 16:45:00";"2019.10.25 18:26:00";"30.0";"2291.88";"7864.79980";"8029.79980";"-95332.38";"0.00";"IST";"PT";"1d 1h 41m";"-183.12"
"547";"USTEC_ICM_UTC2";"Buy";"8069.8";"8152.3";"2019.10.29 17:15:00";"2019.11.01 16:03:00";"30.0";"1925.64";"7987.29980";"8152.29980";"-93406.73";"0.00";"IST";"PT";"2d 22h 48m";"-549.36"
"548";"USTEC_ICM_UTC2";"Buy";"8216.1";"8248.4";"2019.11.04 17:00:00";"2019.11.08 22:55:00";"30.0";"236.55";"8133.60010";"8298.59961";"-93170.18";"0.00";"IST";"End Of Friday (Time)";"4d 5h 55m";"-732.48"
"549";"USTEC_ICM_UTC2";"Buy";"8230.4";"8312.9";"2019.11.11 17:30:00";"2019.11.15 16:28:00";"30.0";"1742.52";"8147.89990";"8312.90039";"-91427.66";"0.00";"IST";"PT";"3d 22h 58m";"-732.48"
"550";"USTEC_ICM_UTC2";"Buy";"8305.2";"8307.9";"2019.11.15 18:00:00";"2019.11.15 22:55:00";"30.0";"81.00";"8222.70020";"8387.70020";"-91346.66";"0.00";"IST";"End Of Friday (Time)";"4h 55m";"-0.00"
"551";"USTEC_ICM_UTC2";"Buy";"8348.6";"8266.1";"2019.11.19 19:00:00";"2019.11.20 19:58:00";"30.0";"-2658.12";"8266.09961";"8431.09961";"-94004.78";"0.00";"IST";"SL";"1d 0h 58m";"-183.12"
"552";"USTEC_ICM_UTC2";"Buy";"8255.4";"8264.7";"2019.11.21 17:45:00";"2019.11.22 22:55:00";"30.0";"95.88";"8172.89990";"8337.90039";"-93908.90";"0.00";"IST";"End Of Friday (Time)";"1d 5h 10m";"-183.12"
"553";"USTEC_ICM_UTC2";"Buy";"8381.8";"8299.3";"2019.11.26 17:30:00";"2019.12.02 17:05:00";"30.0";"-3573.72";"8299.29980";"8464.29980";"-97482.63";"0.00";"IST";"SL";"5d 23h 35m";"-1098.72"
"554";"USTEC_ICM_UTC2";"Buy";"8308.1";"8225.6";"2019.12.02 19:00:00";"2019.12.03 15:32:00";"30.0";"-2658.12";"8225.59961";"8390.59961";"-100140.74";"0.00";"IST";"SL";"20h 32m";"-183.12"
"555";"USTEC_ICM_UTC2";"Buy";"8191.3";"8273.8";"2019.12.03 18:00:00";"2019.12.04 11:06:00";"30.0";"2291.88";"8108.79980";"8273.79980";"-97848.86";"0.00";"IST";"PT";"17h 6m";"-183.12"
"556";"USTEC_ICM_UTC2";"Buy";"8299.7";"8382.2";"2019.12.04 17:30:00";"2019.12.06 16:45:00";"30.0";"2108.76";"8217.20020";"8382.20020";"-95740.10";"0.00";"IST";"PT";"1d 23h 15m";"-366.24"
"557";"USTEC_ICM_UTC2";"Buy";"8388.4";"8396.3";"2019.12.06 18:15:00";"2019.12.06 22:55:00";"30.0";"236.97";"8305.90039";"8470.90039";"-95503.13";"0.00";"IST";"End Of Friday (Time)";"4h 40m";"-0.00"
"558";"USTEC_ICM_UTC2";"Buy";"8418.3";"8335.8";"2019.12.09 17:15:00";"2019.12.10 10:50:00";"30.0";"-2658.12";"8335.79980";"8500.79980";"-98161.25";"0.00";"IST";"SL";"17h 35m";"-183.12"
"559";"USTEC_ICM_UTC2";"Buy";"8389.7";"8472.2";"2019.12.10 17:30:00";"2019.12.12 17:01:00";"30.0";"2108.76";"8307.20020";"8472.20020";"-96052.49";"0.00";"IST";"PT";"1d 23h 31m";"-366.24"
"560";"USTEC_ICM_UTC2";"Buy";"8483.2";"8400.7";"2019.12.12 17:15:00";"2019.12.12 19:23:00";"30.0";"-2475.00";"8400.70020";"8565.70020";"-98527.49";"0.00";"IST";"SL";"2h 8m";"-0.00"
"561";"USTEC_ICM_UTC2";"Buy";"8498.3";"8486.2";"2019.12.13 17:30:00";"2019.12.13 22:55:00";"30.0";"-363.00";"8415.79980";"8580.79980";"-98890.49";"0.00";"IST";"End Of Friday (Time)";"5h 25m";"-0.00"
"562";"USTEC_ICM_UTC2";"Buy";"8574.8";"8657.3";"2019.12.16 17:15:00";"2019.12.20 15:10:00";"30.0";"1742.52";"8492.29980";"8657.29980";"-97147.97";"0.00";"IST";"PT";"3d 21h 55m";"-732.48"
"563";"USTEC_ICM_UTC2";"Buy";"8668.0";"8679.3";"2019.12.20 18:00:00";"2019.12.20 22:55:00";"30.0";"339.00";"8585.50000";"8750.50000";"-96808.97";"0.00";"IST";"End Of Friday (Time)";"4h 55m";"-0.00"
"564";"USTEC_ICM_UTC2";"Buy";"8706.1";"8788.6";"2019.12.23 18:30:00";"2019.12.27 02:37:00";"30.0";"1742.52";"8623.59961";"8788.59961";"-95066.45";"0.00";"IST";"PT";"3d 8h 7m";"-732.48"
"565";"USTEC_ICM_UTC2";"Buy";"8792.7";"8762.6";"2019.12.27 18:30:00";"2019.12.27 22:55:00";"30.0";"-903.03";"8710.20020";"8875.20020";"-95969.48";"0.00";"IST";"End Of Friday (Time)";"4h 25m";"-0.00"
"566";"USTEC_ICM_UTC2";"Buy";"8711.9";"8794.4";"2019.12.30 18:30:00";"2020.01.02 12:22:00";"30.0";"1925.64";"8629.40039";"8794.40039";"-94043.84";"0.00";"IST";"PT";"2d 17h 52m";"-549.36"
"567";"USTEC_ICM_UTC2";"Buy";"8802.3";"8884.8";"2020.01.02 17:15:00";"2020.01.03 01:10:00";"30.0";"2291.88";"8719.79980";"8884.79980";"-91751.96";"0.00";"IST";"PT";"7h 55m";"-183.12"
"568";"USTEC_ICM_UTC2";"Buy";"8808.4";"8802.9";"2020.01.03 17:15:00";"2020.01.03 22:55:00";"30.0";"-165.00";"8725.90039";"8890.90039";"-91916.96";"0.00";"IST";"End Of Friday (Time)";"5h 40m";"-0.00"
"569";"USTEC_ICM_UTC2";"Buy";"8722.5";"8805.0";"2020.01.06 16:30:00";"2020.01.06 17:42:00";"30.0";"2475.00";"8640.00000";"8805.00000";"-89441.96";"0.00";"IST";"PT";"1h 12m";"-0.00"
"570";"USTEC_ICM_UTC2";"Buy";"8840.3";"8757.8";"2020.01.07 17:00:00";"2020.01.08 01:23:00";"30.0";"-2658.12";"8757.79980";"8922.79980";"-92100.08";"0.00";"IST";"SL";"8h 23m";"-183.12"
"571";"USTEC_ICM_UTC2";"Buy";"8877.2";"8959.7";"2020.01.08 17:15:00";"2020.01.09 09:16:00";"30.0";"2291.88";"8794.70020";"8959.70020";"-89808.20";"0.00";"IST";"PT";"16h 1m";"-183.12"
"572";"USTEC_ICM_UTC2";"Buy";"8986.5";"8966.9";"2020.01.09 17:00:00";"2020.01.10 22:55:00";"30.0";"-771.12";"8904.00000";"9069.00000";"-90579.32";"0.00";"IST";"End Of Friday (Time)";"1d 5h 55m";"-183.12"
"573";"USTEC_ICM_UTC2";"Buy";"9018.1";"9100.6";"2020.01.13 17:00:00";"2020.01.16 16:45:00";"30.0";"1925.64";"8935.59961";"9100.59961";"-88653.68";"0.00";"IST";"PT";"2d 23h 45m";"-549.36"
"574";"USTEC_ICM_UTC2";"Buy";"9101.1";"9171.5";"2020.01.16 17:15:00";"2020.01.17 22:55:00";"30.0";"1928.88";"9018.59961";"9183.59961";"-86724.80";"0.00";"IST";"End Of Friday (Time)";"1d 5h 40m";"-183.12"
"575";"USTEC_ICM_UTC2";"Buy";"9150.7";"9233.2";"2020.01.21 16:45:00";"2020.01.22 17:35:00";"30.0";"2291.88";"9068.20020";"9233.20020";"-84432.92";"0.00";"IST";"PT";"1d 0h 50m";"-183.12"
"576";"USTEC_ICM_UTC2";"Buy";"9212.9";"9130.4";"2020.01.22 19:15:00";"2020.01.24 20:52:00";"30.0";"-2841.24";"9130.40039";"9295.40039";"-87274.16";"0.00";"IST";"SL";"2d 1h 37m";"-366.24"
"577";"USTEC_ICM_UTC2";"Buy";"9151.6";"9146.0";"2020.01.24 22:30:00";"2020.01.24 22:55:00";"30.0";"-168.00";"9069.09961";"9234.09961";"-87442.16";"0.00";"IST";"End Of Friday (Time)";"25m 0s";"-0.00"
"578";"USTEC_ICM_UTC2";"Buy";"8961.2";"9043.7";"2020.01.27 17:15:00";"2020.01.28 17:25:00";"30.0";"2291.88";"8878.70020";"9043.70020";"-85150.28";"0.00";"IST";"PT";"1d 0h 10m";"-183.12"
"579";"USTEC_ICM_UTC2";"Buy";"9063.2";"9145.7";"2020.01.28 17:45:00";"2020.01.29 13:59:00";"30.0";"2291.88";"8980.70020";"9145.70020";"-82858.40";"0.00";"IST";"PT";"20h 14m";"-183.12"
"580";"USTEC_ICM_UTC2";"Buy";"9098.0";"9015.5";"2020.01.29 17:00:00";"2020.01.30 09:06:00";"30.0";"-2658.12";"9015.50000";"9180.50000";"-85516.52";"0.00";"IST";"SL";"16h 6m";"-183.12"
"581";"USTEC_ICM_UTC2";"Buy";"9086.6";"9169.1";"2020.01.30 17:15:00";"2020.01.30 23:01:00";"30.0";"2475.00";"9004.09961";"9169.09961";"-83041.52";"0.00";"IST";"PT";"5h 46m";"-0.00"
"582";"USTEC_ICM_UTC2";"Buy";"9038.5";"8998.3";"2020.01.31 19:15:00";"2020.01.31 22:55:00";"30.0";"-1206.00";"8956.00000";"9121.00000";"-84247.52";"0.00";"IST";"End Of Friday (Time)";"3h 40m";"-0.00"
"583";"USTEC_ICM_UTC2";"Buy";"9134.3";"9216.8";"2020.02.03 17:15:00";"2020.02.04 10:28:00";"30.0";"2291.88";"9051.79980";"9216.79980";"-81955.64";"0.00";"IST";"PT";"17h 13m";"-183.12"
"584";"USTEC_ICM_UTC2";"Buy";"9274.1";"9356.6";"2020.02.04 17:30:00";"2020.02.05 10:30:00";"30.0";"2291.88";"9191.59961";"9356.59961";"-79663.77";"0.00";"IST";"PT";"17h 0m";"-183.12"
"585";"USTEC_ICM_UTC2";"Buy";"9388.3";"9394.0";"2020.02.06 17:30:00";"2020.02.07 22:55:00";"30.0";"-12.12";"9305.79980";"9470.79980";"-79675.88";"0.00";"IST";"End Of Friday (Time)";"1d 5h 25m";"-183.12"
"586";"USTEC_ICM_UTC2";"Buy";"9437.2";"9519.7";"2020.02.10 17:15:00";"2020.02.10 23:02:00";"30.0";"2475.00";"9354.70020";"9519.70020";"-77200.88";"0.00";"IST";"PT";"5h 47m";"-0.00"
"587";"USTEC_ICM_UTC2";"Buy";"9597.4";"9514.9";"2020.02.11 17:45:00";"2020.02.11 22:04:00";"30.0";"-2475.00";"9514.90039";"9679.90039";"-79675.88";"0.00";"IST";"SL";"4h 19m";"-0.00"
"588";"USTEC_ICM_UTC2";"Buy";"9579.5";"9618.1";"2020.02.12 16:45:00";"2020.02.14 22:55:00";"30.0";"791.76";"9497.00000";"9662.00000";"-78884.13";"0.00";"IST";"End Of Friday (Time)";"2d 6h 10m";"-366.24"
"589";"USTEC_ICM_UTC2";"Buy";"9652.7";"9570.2";"2020.02.17 17:15:00";"2020.02.18 03:14:00";"30.0";"-2658.12";"9570.20020";"9735.20020";"-81542.24";"0.00";"IST";"SL";"9h 59m";"-183.12"
"590";"USTEC_ICM_UTC2";"Buy";"9598.7";"9681.2";"2020.02.18 18:15:00";"2020.02.19 16:06:00";"30.0";"2291.88";"9516.20020";"9681.20020";"-79250.36";"0.00";"IST";"PT";"21h 51m";"-183.12"
"591";"USTEC_ICM_UTC2";"Buy";"9694.6";"9612.1";"2020.02.20 17:30:00";"2020.02.20 18:26:00";"30.0";"-2475.00";"9612.09961";"9777.09961";"-81725.36";"0.00";"IST";"SL";"56m 0s";"-0.00"
"592";"USTEC_ICM_UTC2";"Buy";"9530.9";"9448.4";"2020.02.21 16:45:00";"2020.02.21 20:35:00";"30.0";"-2475.00";"9448.40039";"9613.40039";"-84200.36";"0.00";"IST";"SL";"3h 50m";"-0.00"
"593";"USTEC_ICM_UTC2";"Buy";"9194.0";"9111.5";"2020.02.24 17:15:00";"2020.02.24 17:33:00";"30.0";"-2475.00";"9111.50000";"9276.50000";"-86675.36";"0.00";"IST";"SL";"18m 0s";"-0.00"
"594";"USTEC_ICM_UTC2";"Buy";"9124.3";"9041.8";"2020.02.25 17:00:00";"2020.02.25 17:25:00";"30.0";"-2475.00";"9041.79980";"9206.79980";"-89150.36";"0.00";"IST";"SL";"25m 0s";"-0.00"
"595";"USTEC_ICM_UTC2";"Buy";"8969.3";"8886.8";"2020.02.26 17:15:00";"2020.02.26 19:08:00";"30.0";"-2475.00";"8886.79980";"9051.79980";"-91625.36";"0.00";"IST";"SL";"1h 53m";"-0.00"
"596";"USTEC_ICM_UTC2";"Buy";"8578.6";"8661.1";"2020.02.27 17:30:00";"2020.02.27 17:59:00";"30.0";"2475.00";"8496.09961";"8661.09961";"-89150.36";"0.00";"IST";"PT";"29m 0s";"-0.00"
"597";"USTEC_ICM_UTC2";"Buy";"8178.4";"8260.9";"2020.02.28 17:15:00";"2020.02.28 17:53:00";"30.0";"2475.00";"8095.89990";"8260.90039";"-86675.36";"0.00";"IST";"PT";"38m 0s";"-0.00"
"598";"USTEC_ICM_UTC2";"Buy";"8632.6";"8715.1";"2020.03.02 18:15:00";"2020.03.02 18:55:00";"30.0";"2475.00";"8550.09961";"8715.09961";"-84200.36";"0.00";"IST";"PT";"40m 0s";"-0.00"
"599";"USTEC_ICM_UTC2";"Buy";"8944.6";"8862.1";"2020.03.03 17:45:00";"2020.03.03 18:06:00";"30.0";"-2475.00";"8862.09961";"9027.09961";"-86675.36";"0.00";"IST";"SL";"21m 0s";"-0.00"
"600";"USTEC_ICM_UTC2";"Buy";"8760.3";"8842.8";"2020.03.04 17:45:00";"2020.03.04 20:19:00";"30.0";"2475.00";"8677.79980";"8842.79980";"-84200.36";"0.00";"IST";"PT";"2h 34m";"-0.00"
"601";"USTEC_ICM_UTC2";"Buy";"8715.8";"8798.3";"2020.03.05 16:30:00";"2020.03.05 17:22:00";"30.0";"2475.00";"8633.29980";"8798.29980";"-81725.36";"0.00";"IST";"PT";"52m 0s";"-0.00"
"602";"USTEC_ICM_UTC2";"Buy";"8420.5";"8503.0";"2020.03.06 17:00:00";"2020.03.06 17:27:00";"30.0";"2475.00";"8338.00000";"8503.00000";"-79250.36";"0.00";"IST";"PT";"27m 0s";"-0.00"
"603";"USTEC_ICM_UTC2";"Buy";"8094.1";"8176.6";"2020.03.09 16:30:00";"2020.03.09 17:37:00";"30.0";"2475.00";"8011.60010";"8176.60010";"-76775.36";"0.00";"IST";"PT";"1h 7m";"-0.00"
"604";"USTEC_ICM_UTC2";"Buy";"8160.8";"8078.3";"2020.03.10 16:45:00";"2020.03.10 17:01:00";"30.0";"-2475.00";"8078.29980";"8243.29980";"-79250.36";"0.00";"IST";"SL";"16m 0s";"-0.00"
"605";"USTEC_ICM_UTC2";"Buy";"8062.9";"7980.4";"2020.03.11 18:45:00";"2020.03.11 20:21:00";"30.0";"-2475.00";"7980.39990";"8145.39990";"-81725.36";"0.00";"IST";"SL";"1h 36m";"-0.00"
"606";"USTEC_ICM_UTC2";"Buy";"7543.4";"7460.9";"2020.03.12 16:30:00";"2020.03.12 17:19:00";"30.0";"-2475.00";"7460.89990";"7625.89990";"-84200.36";"0.00";"IST";"SL";"49m 0s";"-0.00"
"607";"USTEC_ICM_UTC2";"Buy";"7550.7";"7468.2";"2020.03.16 17:30:00";"2020.03.16 17:34:00";"30.0";"-2475.00";"7468.20020";"7633.20020";"-86675.36";"0.00";"IST";"SL";"4m 0s";"-0.00"
"608";"USTEC_ICM_UTC2";"Buy";"7164.2";"7081.7";"2020.03.18 18:30:00";"2020.03.18 18:47:00";"30.0";"-2475.00";"7081.70020";"7246.70020";"-89150.36";"0.00";"IST";"SL";"17m 0s";"-0.00"
"609";"USTEC_ICM_UTC2";"Buy";"7358.1";"7275.6";"2020.03.19 16:30:00";"2020.03.19 16:39:00";"30.0";"-2475.00";"7275.60010";"7440.60010";"-91625.36";"0.00";"IST";"SL";"9m 0s";"-0.00"
"610";"USTEC_ICM_UTC2";"Buy";"7255.8";"7173.3";"2020.03.20 19:30:00";"2020.03.20 20:26:00";"30.0";"-2475.00";"7173.29980";"7338.29980";"-94100.36";"0.00";"IST";"SL";"56m 0s";"-0.00"
"611";"USTEC_ICM_UTC2";"Buy";"7029.6";"6947.1";"2020.03.23 16:45:00";"2020.03.23 16:55:00";"30.0";"-2475.00";"6947.10010";"7112.10010";"-96575.36";"0.00";"IST";"SL";"10m 0s";"-0.00"
"612";"USTEC_ICM_UTC2";"Buy";"7419.0";"7501.5";"2020.03.24 16:45:00";"2020.03.24 18:28:00";"30.0";"2475.00";"7336.50000";"7501.50000";"-94100.36";"0.00";"IST";"PT";"1h 43m";"-0.00"
"613";"USTEC_ICM_UTC2";"Buy";"7518.1";"7600.6";"2020.03.25 17:15:00";"2020.03.25 18:22:00";"30.0";"2475.00";"7435.60010";"7600.60010";"-91625.36";"0.00";"IST";"PT";"1h 7m";"-0.00"
"614";"USTEC_ICM_UTC2";"Buy";"7886.9";"7804.4";"2020.03.26 22:00:00";"2020.03.27 02:59:00";"30.0";"-2658.12";"7804.39990";"7969.39990";"-94283.48";"0.00";"IST";"SL";"4h 59m";"-183.12"
"615";"USTEC_ICM_UTC2";"Buy";"7626.1";"7708.6";"2020.03.27 16:30:00";"2020.03.27 17:17:00";"30.0";"2475.00";"7543.60010";"7708.60010";"-91808.48";"0.00";"IST";"PT";"47m 0s";"-0.00"
"616";"USTEC_ICM_UTC2";"Buy";"7849.4";"7931.9";"2020.03.30 20:30:00";"2020.03.31 04:06:00";"30.0";"2291.88";"7766.89990";"7931.89990";"-89516.60";"0.00";"IST";"PT";"7h 36m";"-183.12"
"617";"USTEC_ICM_UTC2";"Buy";"7539.2";"7621.7";"2020.04.02 17:30:00";"2020.04.02 17:36:00";"30.0";"2475.00";"7456.70020";"7621.70020";"-87041.60";"0.00";"IST";"PT";"6m 0s";"-0.00"
"618";"USTEC_ICM_UTC2";"Buy";"7635.3";"7552.8";"2020.04.03 17:15:00";"2020.04.03 17:42:00";"30.0";"-2475.00";"7552.79980";"7717.79980";"-89516.60";"0.00";"IST";"SL";"27m 0s";"-0.00"
"619";"USTEC_ICM_UTC2";"Buy";"7863.6";"7946.1";"2020.04.06 17:30:00";"2020.04.06 19:59:00";"30.0";"2475.00";"7781.10010";"7946.10010";"-87041.60";"0.00";"IST";"PT";"2h 29m";"-0.00"
"620";"USTEC_ICM_UTC2";"Buy";"8184.9";"8102.4";"2020.04.07 19:00:00";"2020.04.07 21:41:00";"30.0";"-2475.00";"8102.39990";"8267.40039";"-89516.60";"0.00";"IST";"SL";"2h 41m";"-0.00"
"621";"USTEC_ICM_UTC2";"Buy";"8286.6";"8204.1";"2020.04.09 20:15:00";"2020.04.09 21:48:00";"30.0";"-2475.00";"8204.09961";"8369.09961";"-91991.60";"0.00";"IST";"SL";"1h 33m";"-0.00"
"622";"USTEC_ICM_UTC2";"Buy";"8183.7";"8266.2";"2020.04.13 17:45:00";"2020.04.13 20:55:00";"30.0";"2475.00";"8101.20020";"8266.20020";"-89516.60";"0.00";"IST";"PT";"3h 10m";"-0.00"
"623";"USTEC_ICM_UTC2";"Buy";"8658.0";"8575.5";"2020.04.14 19:45:00";"2020.04.15 12:05:00";"30.0";"-2658.12";"8575.50000";"8740.50000";"-92174.73";"0.00";"IST";"SL";"16h 20m";"-183.12"
"624";"USTEC_ICM_UTC2";"Buy";"8532.2";"8614.7";"2020.04.15 17:00:00";"2020.04.15 21:14:00";"30.0";"2475.00";"8449.70020";"8614.70020";"-89699.73";"0.00";"IST";"PT";"4h 14m";"-0.00"
"625";"USTEC_ICM_UTC2";"Buy";"8719.3";"8636.8";"2020.04.16 18:00:00";"2020.04.16 19:33:00";"30.0";"-2475.00";"8636.79980";"8801.79980";"-92174.73";"0.00";"IST";"SL";"1h 33m";"-0.00"
"626";"USTEC_ICM_UTC2";"Buy";"8768.7";"8832.1";"2020.04.17 20:00:00";"2020.04.17 22:55:00";"30.0";"1901.97";"8686.20020";"8851.20020";"-90272.75";"0.00";"IST";"End Of Friday (Time)";"2h 55m";"-0.00"
"627";"USTEC_ICM_UTC2";"Buy";"8753.2";"8835.7";"2020.04.20 17:00:00";"2020.04.20 17:51:00";"30.0";"2475.00";"8670.70020";"8835.70020";"-87797.75";"0.00";"IST";"PT";"51m 0s";"-0.00"
"628";"USTEC_ICM_UTC2";"Buy";"8465.0";"8547.5";"2020.04.21 20:30:00";"2020.04.22 11:36:00";"30.0";"2291.88";"8382.50000";"8547.50000";"-85505.88";"0.00";"IST";"PT";"15h 6m";"-183.12"
"629";"USTEC_ICM_UTC2";"Buy";"8587.8";"8670.3";"2020.04.22 18:00:00";"2020.04.22 21:21:00";"30.0";"2475.00";"8505.29980";"8670.29980";"-83030.88";"0.00";"IST";"PT";"3h 21m";"-0.00"
"630";"USTEC_ICM_UTC2";"Buy";"8740.3";"8657.8";"2020.04.23 19:00:00";"2020.04.23 19:45:00";"30.0";"-2475.00";"8657.79980";"8822.79980";"-85505.88";"0.00";"IST";"SL";"45m 0s";"-0.00"
"631";"USTEC_ICM_UTC2";"Buy";"8651.3";"8733.8";"2020.04.24 18:00:00";"2020.04.24 21:00:00";"30.0";"2475.00";"8568.79980";"8733.79980";"-83030.88";"0.00";"IST";"PT";"3h 0m";"-0.00"
"632";"USTEC_ICM_UTC2";"Buy";"8861.7";"8944.2";"2020.04.27 17:30:00";"2020.04.28 12:50:00";"30.0";"2291.88";"8779.20020";"8944.20020";"-80738.99";"0.00";"IST";"PT";"19h 20m";"-183.12"
"633";"USTEC_ICM_UTC2";"Buy";"8739.1";"8821.6";"2020.04.28 20:15:00";"2020.04.29 04:11:00";"30.0";"2291.88";"8656.59961";"8821.59961";"-78447.12";"0.00";"IST";"PT";"7h 56m";"-183.12"
"634";"USTEC_ICM_UTC2";"Buy";"8997.7";"9110.1";"2020.04.29 22:15:00";"2020.04.30 01:00:00";"30.0";"3188.85";"8915.20020";"9080.20020";"-75258.27";"0.00";"IST";"PT";"2h 45m";"-183.12"
"635";"USTEC_ICM_UTC2";"Buy";"9008.8";"8926.3";"2020.04.30 17:00:00";"2020.04.30 19:02:00";"30.0";"-2475.00";"8926.29980";"9091.29980";"-77733.27";"0.00";"IST";"SL";"2h 2m";"-0.00"
"636";"USTEC_ICM_UTC2";"Buy";"8686.8";"8769.3";"2020.05.04 16:45:00";"2020.05.04 17:16:00";"30.0";"2475.00";"8604.29980";"8769.29980";"-75258.27";"0.00";"IST";"PT";"31m 0s";"-0.00"
"637";"USTEC_ICM_UTC2";"Buy";"8955.7";"9038.2";"2020.05.05 17:15:00";"2020.05.06 16:36:00";"30.0";"2291.88";"8873.20020";"9038.20020";"-72966.38";"0.00";"IST";"PT";"23h 21m";"-183.12"
"638";"USTEC_ICM_UTC2";"Buy";"9039.9";"8957.4";"2020.05.06 18:00:00";"2020.05.06 23:11:00";"30.0";"-2475.00";"8957.40039";"9122.40039";"-75441.38";"0.00";"IST";"SL";"5h 11m";"-0.00"
"639";"USTEC_ICM_UTC2";"Buy";"9064.1";"9146.6";"2020.05.07 17:15:00";"2020.05.08 02:56:00";"30.0";"2291.88";"8981.59961";"9146.59961";"-73149.50";"0.00";"IST";"PT";"9h 41m";"-183.12"
"640";"USTEC_ICM_UTC2";"Buy";"9187.1";"9221.3";"2020.05.08 17:45:00";"2020.05.08 22:55:00";"30.0";"1026.00";"9104.59961";"9269.59961";"-72123.50";"0.00";"IST";"End Of Friday (Time)";"5h 10m";"-0.00"
"641";"USTEC_ICM_UTC2";"Buy";"9278.8";"9196.3";"2020.05.12 17:00:00";"2020.05.12 22:38:00";"30.0";"-2475.00";"9196.29980";"9361.29980";"-74598.50";"0.00";"IST";"SL";"5h 38m";"-0.00"
"642";"USTEC_ICM_UTC2";"Buy";"9189.0";"9106.5";"2020.05.13 17:45:00";"2020.05.13 18:21:00";"30.0";"-2475.00";"9106.50000";"9271.50000";"-77073.50";"0.00";"IST";"SL";"36m 0s";"-0.00"
"643";"USTEC_ICM_UTC2";"Buy";"8959.3";"9041.8";"2020.05.14 18:15:00";"2020.05.14 22:24:00";"30.0";"2475.00";"8876.79980";"9041.79980";"-74598.50";"0.00";"IST";"PT";"4h 9m";"-0.00"
"644";"USTEC_ICM_UTC2";"Buy";"9011.2";"9093.7";"2020.05.15 16:45:00";"2020.05.15 20:10:00";"30.0";"2475.00";"8928.70020";"9093.70020";"-72123.50";"0.00";"IST";"PT";"3h 25m";"-0.00"
"645";"USTEC_ICM_UTC2";"Buy";"9340.6";"9423.1";"2020.05.18 18:00:00";"2020.05.19 21:48:00";"30.0";"2291.88";"9258.09961";"9423.09961";"-69831.63";"0.00";"IST";"PT";"1d 3h 48m";"-183.12"
"646";"USTEC_ICM_UTC2";"Buy";"9357.7";"9440.2";"2020.05.19 22:45:00";"2020.05.20 16:39:00";"30.0";"2291.88";"9275.20020";"9440.20020";"-67539.74";"0.00";"IST";"PT";"17h 54m";"-183.12"
"647";"USTEC_ICM_UTC2";"Buy";"9475.3";"9392.8";"2020.05.20 17:15:00";"2020.05.21 17:39:00";"30.0";"-2658.12";"9392.79980";"9557.79980";"-70197.87";"0.00";"IST";"SL";"1d 0h 24m";"-183.12"
"648";"USTEC_ICM_UTC2";"Buy";"9409.0";"9326.5";"2020.05.21 20:45:00";"2020.05.22 05:13:00";"30.0";"-2658.12";"9326.50000";"9491.50000";"-72855.98";"0.00";"IST";"SL";"8h 28m";"-183.12"
"649";"USTEC_ICM_UTC2";"Buy";"9381.4";"9406.7";"2020.05.22 17:30:00";"2020.05.22 22:55:00";"30.0";"759.00";"9298.90039";"9463.90039";"-72096.98";"0.00";"IST";"End Of Friday (Time)";"5h 25m";"-0.00"
"650";"USTEC_ICM_UTC2";"Buy";"9544.5";"9462.0";"2020.05.26 16:45:00";"2020.05.26 18:26:00";"30.0";"-2475.00";"9462.00000";"9627.00000";"-74571.98";"0.00";"IST";"SL";"1h 41m";"-0.00"
"651";"USTEC_ICM_UTC2";"Buy";"9279.6";"9362.1";"2020.05.27 19:00:00";"2020.05.27 21:00:00";"30.0";"2475.00";"9197.09961";"9362.09961";"-72096.98";"0.00";"IST";"PT";"2h 0m";"-0.00"
"652";"USTEC_ICM_UTC2";"Buy";"9459.4";"9541.9";"2020.05.28 16:45:00";"2020.05.28 19:40:00";"30.0";"2475.00";"9376.90039";"9541.90039";"-69621.98";"0.00";"IST";"PT";"2h 55m";"-0.00"
"653";"USTEC_ICM_UTC2";"Buy";"9411.3";"9493.8";"2020.05.29 17:30:00";"2020.05.29 21:27:00";"30.0";"2475.00";"9328.79980";"9493.79980";"-67146.98";"0.00";"IST";"PT";"3h 57m";"-0.00"
"654";"USTEC_ICM_UTC2";"Buy";"9571.9";"9654.4";"2020.06.01 17:15:00";"2020.06.02 12:27:00";"30.0";"2291.88";"9489.40039";"9654.40039";"-64855.11";"0.00";"IST";"PT";"19h 12m";"-183.12"
"655";"USTEC_ICM_UTC2";"Buy";"9559.4";"9641.9";"2020.06.02 18:00:00";"2020.06.02 22:50:00";"30.0";"2475.00";"9476.90039";"9641.90039";"-62380.11";"0.00";"IST";"PT";"4h 50m";"-0.00"
"656";"USTEC_ICM_UTC2";"Buy";"9687.3";"9604.8";"2020.06.03 16:45:00";"2020.06.04 21:58:00";"30.0";"-2658.12";"9604.79980";"9769.79980";"-65038.22";"0.00";"IST";"SL";"1d 5h 13m";"-183.12"
"657";"USTEC_ICM_UTC2";"Buy";"9673.1";"9755.6";"2020.06.05 16:30:00";"2020.06.05 16:44:00";"30.0";"2475.00";"9590.59961";"9755.59961";"-62563.22";"0.00";"IST";"PT";"14m 0s";"-0.00"
"658";"USTEC_ICM_UTC2";"Buy";"9821.5";"9904.0";"2020.06.08 20:00:00";"2020.06.09 08:50:00";"30.0";"2291.88";"9739.00000";"9904.00000";"-60271.34";"0.00";"IST";"PT";"12h 50m";"-183.12"
"659";"USTEC_ICM_UTC2";"Buy";"9981.6";"10064.1";"2020.06.09 19:45:00";"2020.06.10 16:40:00";"30.0";"2291.88";"9899.09961";"10064.09961";"-57979.46";"0.00";"IST";"PT";"20h 55m";"-183.12"
"660";"USTEC_ICM_UTC2";"Buy";"10059.4";"10141.9";"2020.06.10 18:15:00";"2020.06.10 21:20:00";"30.0";"2475.00";"9976.90039";"10141.90039";"-55504.46";"0.00";"IST";"PT";"3h 5m";"-0.00"
"661";"USTEC_ICM_UTC2";"Buy";"9933.3";"9850.8";"2020.06.11 17:30:00";"2020.06.11 18:46:00";"30.0";"-2475.00";"9850.79980";"10015.79980";"-57979.46";"0.00";"IST";"SL";"1h 16m";"-0.00"
"662";"USTEC_ICM_UTC2";"Buy";"9689.6";"9607.1";"2020.06.12 19:30:00";"2020.06.12 20:18:00";"30.0";"-2475.00";"9607.09961";"9772.09961";"-60454.46";"0.00";"IST";"SL";"48m 0s";"-0.00"
"663";"USTEC_ICM_UTC2";"Buy";"9617.8";"9700.3";"2020.06.15 17:15:00";"2020.06.15 20:13:00";"30.0";"2475.00";"9535.29980";"9700.29980";"-57979.46";"0.00";"IST";"PT";"2h 58m";"-0.00"
"664";"USTEC_ICM_UTC2";"Buy";"9945.4";"9862.9";"2020.06.16 17:45:00";"2020.06.16 17:59:00";"30.0";"-2475.00";"9862.90039";"10027.90039";"-60454.46";"0.00";"IST";"SL";"14m 0s";"-0.00"
"665";"USTEC_ICM_UTC2";"Buy";"9988.3";"9905.8";"2020.06.17 17:15:00";"2020.06.18 04:31:00";"30.0";"-2658.12";"9905.79980";"10070.79980";"-63112.59";"0.00";"IST";"SL";"11h 16m";"-183.12"
"666";"USTEC_ICM_UTC2";"Buy";"9990.0";"10072.5";"2020.06.18 17:15:00";"2020.06.19 09:34:00";"30.0";"2291.88";"9907.50000";"10072.50000";"-60820.70";"0.00";"IST";"PT";"16h 19m";"-183.12"
"667";"USTEC_ICM_UTC2";"Buy";"10098.7";"10016.2";"2020.06.19 17:00:00";"2020.06.19 19:13:00";"30.0";"-2475.00";"10016.20020";"10181.20020";"-63295.70";"0.00";"IST";"SL";"2h 13m";"-0.00"
"668";"USTEC_ICM_UTC2";"Buy";"10059.2";"10141.7";"2020.06.22 17:30:00";"2020.06.22 23:08:00";"30.0";"2475.00";"9976.70020";"10141.70020";"-60820.70";"0.00";"IST";"PT";"5h 38m";"-0.00"
"669";"USTEC_ICM_UTC2";"Buy";"10228.1";"10145.6";"2020.06.23 17:45:00";"2020.06.24 11:15:00";"30.0";"-2658.12";"10145.59961";"10310.59961";"-63478.82";"0.00";"IST";"SL";"17h 30m";"-183.12"
"670";"USTEC_ICM_UTC2";"Buy";"10039.0";"9956.5";"2020.06.24 20:00:00";"2020.06.24 21:02:00";"30.0";"-2475.00";"9956.50000";"10121.50000";"-65953.83";"0.00";"IST";"SL";"1h 2m";"-0.00"
"671";"USTEC_ICM_UTC2";"Buy";"10009.6";"10092.1";"2020.06.25 17:45:00";"2020.06.25 22:54:00";"30.0";"2475.00";"9927.09961";"10092.09961";"-63478.82";"0.00";"IST";"PT";"5h 9m";"-0.00"
"672";"USTEC_ICM_UTC2";"Buy";"9964.0";"9881.5";"2020.06.26 18:45:00";"2020.06.26 21:46:00";"30.0";"-2475.00";"9881.50000";"10046.50000";"-65953.83";"0.00";"IST";"SL";"3h 1m";"-0.00"
"673";"USTEC_ICM_UTC2";"Buy";"9882.9";"9965.4";"2020.06.29 17:45:00";"2020.06.29 23:00:00";"30.0";"2475.00";"9800.40039";"9965.40039";"-63478.82";"0.00";"IST";"PT";"5h 15m";"-0.00"
"674";"USTEC_ICM_UTC2";"Buy";"10044.6";"10127.1";"2020.06.30 17:15:00";"2020.06.30 22:34:00";"30.0";"2475.00";"9962.09961";"10127.09961";"-61003.82";"0.00";"IST";"PT";"5h 19m";"-0.00"
"675";"USTEC_ICM_UTC2";"Buy";"10312.0";"10394.5";"2020.07.01 22:45:00";"2020.07.02 16:31:00";"30.0";"2291.88";"10229.50000";"10394.50000";"-58711.95";"0.00";"IST";"PT";"17h 46m";"-183.12"
"676";"USTEC_ICM_UTC2";"Buy";"10360.7";"10443.2";"2020.07.02 18:15:00";"2020.07.06 04:01:00";"30.0";"1742.52";"10278.20020";"10443.20020";"-56969.43";"0.00";"IST";"PT";"3d 9h 46m";"-732.48"
"677";"USTEC_ICM_UTC2";"Buy";"10536.0";"10618.5";"2020.07.06 17:15:00";"2020.07.06 18:35:00";"30.0";"2475.00";"10453.50000";"10618.50000";"-54494.43";"0.00";"IST";"PT";"1h 20m";"-0.00"
"678";"USTEC_ICM_UTC2";"Buy";"10639.5";"10557.0";"2020.07.08 17:00:00";"2020.07.08 18:20:00";"30.0";"-2475.00";"10557.00000";"10722.00000";"-56969.43";"0.00";"IST";"SL";"1h 20m";"-0.00"
"679";"USTEC_ICM_UTC2";"Buy";"10724.8";"10642.3";"2020.07.09 17:30:00";"2020.07.09 17:50:00";"30.0";"-2475.00";"10642.29980";"10807.29980";"-59444.43";"0.00";"IST";"SL";"20m 0s";"-0.00"
"680";"USTEC_ICM_UTC2";"Buy";"10729.4";"10811.9";"2020.07.10 18:00:00";"2020.07.10 22:16:00";"30.0";"2475.00";"10646.90039";"10811.90039";"-56969.43";"0.00";"IST";"PT";"4h 16m";"-0.00"
"681";"USTEC_ICM_UTC2";"Buy";"10994.5";"10912.0";"2020.07.13 17:15:00";"2020.07.13 21:07:00";"30.0";"-2475.00";"10912.00000";"11077.00000";"-59444.43";"0.00";"IST";"SL";"3h 52m";"-0.00"
"682";"USTEC_ICM_UTC2";"Buy";"10381.8";"10464.3";"2020.07.14 17:15:00";"2020.07.14 17:29:00";"30.0";"2475.00";"10299.29980";"10464.29980";"-56969.43";"0.00";"IST";"PT";"14m 0s";"-0.00"
"683";"USTEC_ICM_UTC2";"Buy";"10735.8";"10653.3";"2020.07.15 16:30:00";"2020.07.15 18:06:00";"30.0";"-2475.00";"10653.29980";"10818.29980";"-59444.43";"0.00";"IST";"SL";"1h 36m";"-0.00"
"684";"USTEC_ICM_UTC2";"Buy";"10585.6";"10503.1";"2020.07.16 16:30:00";"2020.07.16 18:03:00";"30.0";"-2475.00";"10503.09961";"10668.09961";"-61919.43";"0.00";"IST";"SL";"1h 33m";"-0.00"
"685";"USTEC_ICM_UTC2";"Buy";"10629.8";"10637.3";"2020.07.17 18:30:00";"2020.07.17 22:55:00";"30.0";"225.00";"10547.29980";"10712.29980";"-61694.43";"0.00";"IST";"End Of Friday (Time)";"4h 25m";"-0.00"
"686";"USTEC_ICM_UTC2";"Buy";"10780.7";"10863.2";"2020.07.20 17:30:00";"2020.07.20 20:40:00";"30.0";"2475.00";"10698.20020";"10863.20020";"-59219.43";"0.00";"IST";"PT";"3h 10m";"-0.00"
"687";"USTEC_ICM_UTC2";"Buy";"10859.8";"10777.3";"2020.07.22 17:30:00";"2020.07.22 18:14:00";"30.0";"-2475.00";"10777.29980";"10942.29980";"-61694.43";"0.00";"IST";"SL";"44m 0s";"-0.00"
"688";"USTEC_ICM_UTC2";"Buy";"10837.5";"10755.0";"2020.07.23 18:15:00";"2020.07.23 19:08:00";"30.0";"-2475.00";"10755.00000";"10920.00000";"-64169.43";"0.00";"IST";"SL";"53m 0s";"-0.00"
"689";"USTEC_ICM_UTC2";"Buy";"10516.0";"10433.5";"2020.07.24 18:00:00";"2020.07.24 19:57:00";"30.0";"-2475.00";"10433.50000";"10598.50000";"-66644.42";"0.00";"IST";"SL";"1h 57m";"-0.00"
"690";"USTEC_ICM_UTC2";"Buy";"10604.7";"10687.2";"2020.07.27 17:15:00";"2020.07.27 22:26:00";"30.0";"2475.00";"10522.20020";"10687.20020";"-64169.43";"0.00";"IST";"PT";"5h 11m";"-0.00"
"691";"USTEC_ICM_UTC2";"Buy";"10636.8";"10554.3";"2020.07.28 18:00:00";"2020.07.28 22:34:00";"30.0";"-2475.00";"10554.29980";"10719.29980";"-66644.42";"0.00";"IST";"SL";"4h 34m";"-0.00"
"692";"USTEC_ICM_UTC2";"Buy";"10596.8";"10679.3";"2020.07.29 16:45:00";"2020.07.29 21:38:00";"30.0";"2475.00";"10514.29980";"10679.29980";"-64169.43";"0.00";"IST";"PT";"4h 53m";"-0.00"
"693";"USTEC_ICM_UTC2";"Buy";"10555.0";"10637.5";"2020.07.30 17:00:00";"2020.07.30 18:22:00";"30.0";"2475.00";"10472.50000";"10637.50000";"-61694.43";"0.00";"IST";"PT";"1h 22m";"-0.00"
"694";"USTEC_ICM_UTC2";"Buy";"10774.5";"10857.0";"2020.07.31 20:45:00";"2020.07.31 22:23:00";"30.0";"2475.00";"10692.00000";"10857.00000";"-59219.43";"0.00";"IST";"PT";"1h 38m";"-0.00"
"695";"USTEC_ICM_UTC2";"Buy";"11040.5";"11123.0";"2020.08.03 17:15:00";"2020.08.05 09:43:00";"30.0";"2108.76";"10958.00000";"11123.00000";"-57110.66";"0.00";"IST";"PT";"1d 16h 28m";"-366.24"
"696";"USTEC_ICM_UTC2";"Buy";"11124.1";"11206.6";"2020.08.05 17:00:00";"2020.08.06 20:51:00";"30.0";"2291.88";"11041.59961";"11206.59961";"-54818.79";"0.00";"IST";"PT";"1d 3h 51m";"-183.12"
"697";"USTEC_ICM_UTC2";"Buy";"11214.4";"11131.9";"2020.08.07 18:30:00";"2020.08.07 20:01:00";"30.0";"-2475.00";"11131.90039";"11296.90039";"-57293.79";"0.00";"IST";"SL";"1h 31m";"-0.00"
"698";"USTEC_ICM_UTC2";"Buy";"11089.8";"11007.3";"2020.08.10 17:00:00";"2020.08.10 17:46:00";"30.0";"-2475.00";"11007.29980";"11172.29980";"-59768.79";"0.00";"IST";"SL";"46m 0s";"-0.00"
"699";"USTEC_ICM_UTC2";"Buy";"11016.9";"10934.4";"2020.08.11 18:00:00";"2020.08.11 22:18:00";"30.0";"-2475.00";"10934.40039";"11099.40039";"-62243.79";"0.00";"IST";"SL";"4h 18m";"-0.00"
"700";"USTEC_ICM_UTC2";"Buy";"11071.8";"11154.3";"2020.08.12 17:00:00";"2020.08.12 19:06:00";"30.0";"2475.00";"10989.29980";"11154.29980";"-59768.79";"0.00";"IST";"PT";"2h 6m";"-0.00"
"701";"USTEC_ICM_UTC2";"Buy";"11204.5";"11122.0";"2020.08.13 17:15:00";"2020.08.14 17:20:00";"30.0";"-2658.12";"11122.00000";"11287.00000";"-62426.91";"0.00";"IST";"SL";"1d 0h 5m";"-183.12"
"702";"USTEC_ICM_UTC2";"Buy";"11246.8";"11329.3";"2020.08.17 18:45:00";"2020.08.18 12:44:00";"30.0";"2291.88";"11164.29980";"11329.29980";"-60135.02";"0.00";"IST";"PT";"17h 59m";"-183.12"
"703";"USTEC_ICM_UTC2";"Buy";"11329.6";"11412.1";"2020.08.18 17:15:00";"2020.08.18 22:14:00";"30.0";"2475.00";"11247.09961";"11412.09961";"-57660.02";"0.00";"IST";"PT";"4h 59m";"-0.00"
"704";"USTEC_ICM_UTC2";"Buy";"11357.0";"11439.5";"2020.08.19 17:00:00";"2020.08.19 19:02:00";"30.0";"2475.00";"11274.50000";"11439.50000";"-55185.02";"0.00";"IST";"PT";"2h 2m";"-0.00"
"705";"USTEC_ICM_UTC2";"Buy";"11364.2";"11446.7";"2020.08.20 17:15:00";"2020.08.20 21:20:00";"30.0";"2475.00";"11281.70020";"11446.70020";"-52710.02";"0.00";"IST";"PT";"4h 5m";"-0.00"
"706";"USTEC_ICM_UTC2";"Buy";"11497.0";"11557.1";"2020.08.21 19:00:00";"2020.08.21 22:55:00";"30.0";"1803.00";"11414.50000";"11579.50000";"-50907.02";"0.00";"IST";"End Of Friday (Time)";"3h 55m";"-0.00"
"707";"USTEC_ICM_UTC2";"Buy";"11647.6";"11565.1";"2020.08.24 17:15:00";"2020.08.24 17:53:00";"30.0";"-2475.00";"11565.09961";"11730.09961";"-53382.02";"0.00";"IST";"SL";"38m 0s";"-0.00"
"708";"USTEC_ICM_UTC2";"Buy";"11594.8";"11677.3";"2020.08.25 16:30:00";"2020.08.25 18:13:00";"30.0";"2475.00";"11512.29980";"11677.29980";"-50907.02";"0.00";"IST";"PT";"1h 43m";"-0.00"
"709";"USTEC_ICM_UTC2";"Buy";"12016.3";"11933.8";"2020.08.27 16:30:00";"2020.08.27 16:38:00";"30.0";"-2475.00";"11933.79980";"12098.79980";"-53382.02";"0.00";"IST";"SL";"8m 0s";"-0.00"
"710";"USTEC_ICM_UTC2";"Buy";"11982.2";"11988.1";"2020.08.28 16:30:00";"2020.08.28 22:55:00";"30.0";"176.97";"11899.70020";"12064.70020";"-53205.05";"0.00";"IST";"End Of Friday (Time)";"6h 25m";"-0.00"
"711";"USTEC_ICM_UTC2";"Buy";"12038.2";"12120.7";"2020.08.31 17:00:00";"2020.08.31 20:15:00";"30.0";"2475.00";"11955.70020";"12120.70020";"-50730.05";"0.00";"IST";"PT";"3h 15m";"-0.00"
"712";"USTEC_ICM_UTC2";"Buy";"12273.9";"12356.4";"2020.09.01 17:30:00";"2020.09.02 02:57:00";"30.0";"2291.88";"12191.40039";"12356.40039";"-48438.18";"0.00";"IST";"PT";"9h 27m";"-183.12"
"713";"USTEC_ICM_UTC2";"Buy";"12405.0";"12322.5";"2020.09.02 16:45:00";"2020.09.02 16:53:00";"30.0";"-2475.00";"12322.50000";"12487.50000";"-50913.18";"0.00";"IST";"SL";"8m 0s";"-0.00"
"714";"USTEC_ICM_UTC2";"Buy";"11797.2";"11714.7";"2020.09.03 19:45:00";"2020.09.03 22:01:00";"30.0";"-2475.00";"11714.70020";"11879.70020";"-53388.18";"0.00";"IST";"SL";"2h 16m";"-0.00"
"715";"USTEC_ICM_UTC2";"Buy";"11449.8";"11532.3";"2020.09.04 19:15:00";"2020.09.04 19:32:00";"30.0";"2475.00";"11367.29980";"11532.29980";"-50913.18";"0.00";"IST";"PT";"17m 0s";"-0.00"
"716";"USTEC_ICM_UTC2";"Buy";"11471.1";"11553.6";"2020.09.07 17:15:00";"2020.09.08 01:26:00";"30.0";"2291.88";"11388.59961";"11553.59961";"-48621.30";"0.00";"IST";"PT";"8h 11m";"-183.12"
"717";"USTEC_ICM_UTC2";"Buy";"11360.6";"11278.1";"2020.09.08 17:15:00";"2020.09.08 17:42:00";"30.0";"-2475.00";"11278.09961";"11443.09961";"-51096.30";"0.00";"IST";"SL";"27m 0s";"-0.00"
"718";"USTEC_ICM_UTC2";"Buy";"11373.1";"11455.6";"2020.09.09 18:00:00";"2020.09.09 20:00:00";"30.0";"2475.00";"11290.59961";"11455.59961";"-48621.30";"0.00";"IST";"PT";"2h 0m";"-0.00"
"719";"USTEC_ICM_UTC2";"Buy";"11142.6";"11225.1";"2020.09.11 17:00:00";"2020.09.11 17:45:00";"30.0";"2475.00";"11060.09961";"11225.09961";"-46146.30";"0.00";"IST";"PT";"45m 0s";"-0.00"
"720";"USTEC_ICM_UTC2";"Buy";"11283.4";"11200.9";"2020.09.14 16:45:00";"2020.09.14 20:32:00";"30.0";"-2475.00";"11200.90039";"11365.90039";"-48621.30";"0.00";"IST";"SL";"3h 47m";"-0.00"
"721";"USTEC_ICM_UTC2";"Buy";"11418.1";"11335.6";"2020.09.16 21:30:00";"2020.09.16 22:09:00";"30.0";"-2475.00";"11335.59961";"11500.59961";"-51096.30";"0.00";"IST";"SL";"39m 0s";"-0.00"
"722";"USTEC_ICM_UTC2";"Buy";"11103.7";"11021.2";"2020.09.17 17:15:00";"2020.09.17 17:26:00";"30.0";"-2475.00";"11021.20020";"11186.20020";"-53571.30";"0.00";"IST";"SL";"11m 0s";"-0.00"
"723";"USTEC_ICM_UTC2";"Buy";"10921.2";"10838.7";"2020.09.18 19:30:00";"2020.09.18 20:09:00";"30.0";"-2475.00";"10838.70020";"11003.70020";"-56046.30";"0.00";"IST";"SL";"39m 0s";"-0.00"
"724";"USTEC_ICM_UTC2";"Buy";"11015.7";"11098.2";"2020.09.22 17:45:00";"2020.09.22 20:48:00";"30.0";"2475.00";"10933.20020";"11098.20020";"-53571.30";"0.00";"IST";"PT";"3h 3m";"-0.00"
"725";"USTEC_ICM_UTC2";"Buy";"11098.5";"11016.0";"2020.09.23 17:00:00";"2020.09.23 18:53:00";"30.0";"-2475.00";"11016.00000";"11181.00000";"-56046.30";"0.00";"IST";"SL";"1h 53m";"-0.00"
"726";"USTEC_ICM_UTC2";"Buy";"10855.3";"10937.8";"2020.09.24 17:00:00";"2020.09.24 17:05:00";"30.0";"2475.00";"10772.79980";"10937.79980";"-53571.30";"0.00";"IST";"PT";"5m 0s";"-0.00"
"727";"USTEC_ICM_UTC2";"Buy";"10955.4";"11037.9";"2020.09.25 17:30:00";"2020.09.25 18:25:00";"30.0";"2475.00";"10872.90039";"11037.90039";"-51096.30";"0.00";"IST";"PT";"55m 0s";"-0.00"
"728";"USTEC_ICM_UTC2";"Buy";"11301.3";"11383.8";"2020.09.28 18:45:00";"2020.09.28 23:02:00";"30.0";"2475.00";"11218.79980";"11383.79980";"-48621.30";"0.00";"IST";"PT";"4h 17m";"-0.00"
"729";"USTEC_ICM_UTC2";"Buy";"11326.4";"11408.9";"2020.09.29 17:45:00";"2020.09.30 05:15:00";"30.0";"2291.88";"11243.90039";"11408.90039";"-46329.41";"0.00";"IST";"PT";"11h 30m";"-183.12"
"730";"USTEC_ICM_UTC2";"Buy";"11487.5";"11405.0";"2020.09.30 21:30:00";"2020.09.30 21:49:00";"30.0";"-2475.00";"11405.00000";"11570.00000";"-48804.41";"0.00";"IST";"SL";"19m 0s";"-0.00"
"731";"USTEC_ICM_UTC2";"Buy";"11417.3";"11334.8";"2020.10.02 17:00:00";"2020.10.02 18:39:00";"30.0";"-2475.00";"11334.79980";"11499.79980";"-51279.41";"0.00";"IST";"SL";"1h 39m";"-0.00"
"732";"USTEC_ICM_UTC2";"Buy";"11462.6";"11380.1";"2020.10.05 19:30:00";"2020.10.06 18:50:00";"30.0";"-2658.12";"11380.09961";"11545.09961";"-53937.54";"0.00";"IST";"SL";"23h 20m";"-183.12"
"733";"USTEC_ICM_UTC2";"Buy";"11443.5";"11526.0";"2020.10.07 18:30:00";"2020.10.08 04:55:00";"30.0";"2291.88";"11361.00000";"11526.00000";"-51645.66";"0.00";"IST";"PT";"10h 25m";"-183.12"
"734";"USTEC_ICM_UTC2";"Buy";"11548.7";"11631.2";"2020.10.08 18:45:00";"2020.10.09 16:35:00";"30.0";"2291.88";"11466.20020";"11631.20020";"-49353.78";"0.00";"IST";"PT";"21h 50m";"-183.12"
"735";"USTEC_ICM_UTC2";"Buy";"11689.3";"11713.5";"2020.10.09 20:45:00";"2020.10.09 22:55:00";"30.0";"726.00";"11606.79980";"11771.79980";"-48627.78";"0.00";"IST";"End Of Friday (Time)";"2h 10m";"-0.00"
"736";"USTEC_ICM_UTC2";"Buy";"12010.4";"12092.9";"2020.10.12 18:15:00";"2020.10.12 19:29:00";"30.0";"2475.00";"11927.90039";"12092.90039";"-46152.78";"0.00";"IST";"PT";"1h 14m";"-0.00"
"737";"USTEC_ICM_UTC2";"Buy";"12162.8";"12080.3";"2020.10.13 18:30:00";"2020.10.13 20:09:00";"30.0";"-2475.00";"12080.29980";"12245.29980";"-48627.78";"0.00";"IST";"SL";"1h 39m";"-0.00"
"738";"USTEC_ICM_UTC2";"Buy";"12105.6";"12023.1";"2020.10.14 17:15:00";"2020.10.14 18:47:00";"30.0";"-2475.00";"12023.09961";"12188.09961";"-51102.78";"0.00";"IST";"SL";"1h 32m";"-0.00"
"739";"USTEC_ICM_UTC2";"Buy";"11818.0";"11900.5";"2020.10.15 17:15:00";"2020.10.15 22:17:00";"30.0";"2475.00";"11735.50000";"11900.50000";"-48627.78";"0.00";"IST";"PT";"5h 2m";"-0.00"
"740";"USTEC_ICM_UTC2";"Buy";"12006.4";"11923.9";"2020.10.16 17:45:00";"2020.10.16 18:18:00";"30.0";"-2475.00";"11923.90039";"12088.90039";"-51102.78";"0.00";"IST";"SL";"33m 0s";"-0.00"
"741";"USTEC_ICM_UTC2";"Buy";"11782.6";"11700.1";"2020.10.19 19:15:00";"2020.10.19 21:42:00";"30.0";"-2475.00";"11700.09961";"11865.09961";"-53577.78";"0.00";"IST";"SL";"2h 27m";"-0.00"
"742";"USTEC_ICM_UTC2";"Buy";"11693.3";"11775.8";"2020.10.20 17:30:00";"2020.10.20 20:17:00";"30.0";"2475.00";"11610.79980";"11775.79980";"-51102.78";"0.00";"IST";"PT";"2h 47m";"-0.00"
"743";"USTEC_ICM_UTC2";"Buy";"11654.8";"11737.3";"2020.10.21 20:00:00";"2020.10.21 21:32:00";"30.0";"2475.00";"11572.29980";"11737.29980";"-48627.78";"0.00";"IST";"PT";"1h 32m";"-0.00"
"744";"USTEC_ICM_UTC2";"Buy";"11687.4";"11604.9";"2020.10.22 17:00:00";"2020.10.22 17:24:00";"30.0";"-2475.00";"11604.90039";"11769.90039";"-51102.78";"0.00";"IST";"SL";"24m 0s";"-0.00"
"745";"USTEC_ICM_UTC2";"Buy";"11591.8";"11674.3";"2020.10.23 18:45:00";"2020.10.23 22:46:00";"30.0";"2475.00";"11509.29980";"11674.29980";"-48627.78";"0.00";"IST";"PT";"4h 1m";"-0.00"
"746";"USTEC_ICM_UTC2";"Buy";"11571.6";"11489.1";"2020.10.27 17:30:00";"2020.10.28 10:16:00";"30.0";"-2658.12";"11489.09961";"11654.09961";"-51285.89";"0.00";"IST";"SL";"16h 46m";"-183.12"
"747";"USTEC_ICM_UTC2";"Buy";"11247.0";"11164.5";"2020.10.28 17:45:00";"2020.10.28 21:55:00";"30.0";"-2475.00";"11164.50000";"11329.50000";"-53760.89";"0.00";"IST";"SL";"4h 10m";"-0.00"
"748";"USTEC_ICM_UTC2";"Buy";"11054.4";"10971.9";"2020.10.30 18:45:00";"2020.10.30 20:33:00";"30.0";"-2475.00";"10971.90039";"11136.90039";"-56235.89";"0.00";"IST";"SL";"1h 48m";"-0.00"
"749";"USTEC_ICM_UTC2";"Buy";"11199.7";"11117.2";"2020.11.02 17:15:00";"2020.11.02 18:12:00";"30.0";"-2475.00";"11117.20020";"11282.20020";"-58710.89";"0.00";"IST";"SL";"57m 0s";"-0.00"
"750";"USTEC_ICM_UTC2";"Buy";"11213.0";"11295.5";"2020.11.03 17:00:00";"2020.11.03 17:17:00";"30.0";"2475.00";"11130.50000";"11295.50000";"-56235.89";"0.00";"IST";"PT";"17m 0s";"-0.00"
"751";"USTEC_ICM_UTC2";"Buy";"11738.3";"11820.8";"2020.11.04 17:45:00";"2020.11.04 19:01:00";"30.0";"2475.00";"11655.79980";"11820.79980";"-53760.89";"0.00";"IST";"PT";"1h 16m";"-0.00"
"752";"USTEC_ICM_UTC2";"Buy";"12029.1";"12111.6";"2020.11.05 17:30:00";"2020.11.05 21:43:00";"30.0";"2475.00";"11946.59961";"12111.59961";"-51285.89";"0.00";"IST";"PT";"4h 13m";"-0.00"
"753";"USTEC_ICM_UTC2";"Buy";"12052.5";"12103.3";"2020.11.06 18:45:00";"2020.11.06 22:55:00";"30.0";"1524.00";"11970.00000";"12135.00000";"-49761.89";"0.00";"IST";"End Of Friday (Time)";"4h 10m";"-0.00"
"754";"USTEC_ICM_UTC2";"Buy";"11973.9";"11891.4";"2020.11.09 22:45:00";"2020.11.09 22:52:00";"30.0";"-2475.00";"11891.40039";"12056.40039";"-52236.89";"0.00";"IST";"SL";"7m 0s";"-0.00"
"755";"USTEC_ICM_UTC2";"Buy";"11712.4";"11629.9";"2020.11.10 18:45:00";"2020.11.10 20:24:00";"30.0";"-2475.00";"11629.90039";"11794.90039";"-54711.89";"0.00";"IST";"SL";"1h 39m";"-0.00"
"756";"USTEC_ICM_UTC2";"Buy";"11825.0";"11907.5";"2020.11.11 17:15:00";"2020.11.11 23:03:00";"30.0";"2475.00";"11742.50000";"11907.50000";"-52236.89";"0.00";"IST";"PT";"5h 48m";"-0.00"
"757";"USTEC_ICM_UTC2";"Buy";"11963.9";"11881.4";"2020.11.12 17:15:00";"2020.11.12 18:40:00";"30.0";"-2475.00";"11881.40039";"12046.40039";"-54711.89";"0.00";"IST";"SL";"1h 25m";"-0.00"
"758";"USTEC_ICM_UTC2";"Buy";"11859.7";"11942.2";"2020.11.13 17:15:00";"2020.11.13 22:32:00";"30.0";"2475.00";"11777.20020";"11942.20020";"-52236.89";"0.00";"IST";"PT";"5h 17m";"-0.00"
"759";"USTEC_ICM_UTC2";"Buy";"11918.3";"12000.8";"2020.11.16 16:30:00";"2020.11.16 17:23:00";"30.0";"2475.00";"11835.79980";"12000.79980";"-49761.89";"0.00";"IST";"PT";"53m 0s";"-0.00"
"760";"USTEC_ICM_UTC2";"Buy";"12021.5";"11939.0";"2020.11.17 18:15:00";"2020.11.18 04:00:00";"30.0";"-2658.12";"11939.00000";"12104.00000";"-52420.02";"0.00";"IST";"SL";"9h 45m";"-183.12"
"761";"USTEC_ICM_UTC2";"Buy";"11944.2";"12026.7";"2020.11.18 17:15:00";"2020.11.18 19:37:00";"30.0";"2475.00";"11861.70020";"12026.70020";"-49945.02";"0.00";"IST";"PT";"2h 22m";"-0.00"
"762";"USTEC_ICM_UTC2";"Buy";"11901.3";"11983.8";"2020.11.19 17:15:00";"2020.11.19 21:40:00";"30.0";"2475.00";"11818.79980";"11983.79980";"-47470.02";"0.00";"IST";"PT";"4h 25m";"-0.00"
"763";"USTEC_ICM_UTC2";"Buy";"11997.4";"11918.2";"2020.11.20 18:00:00";"2020.11.20 22:55:00";"30.0";"-2376.00";"11914.90039";"12079.90039";"-49846.02";"0.00";"IST";"End Of Friday (Time)";"4h 55m";"-0.00"
"764";"USTEC_ICM_UTC2";"Buy";"11974.9";"11892.4";"2020.11.23 17:00:00";"2020.11.23 17:25:00";"30.0";"-2475.00";"11892.40039";"12057.40039";"-52321.02";"0.00";"IST";"SL";"25m 0s";"-0.00"
"765";"USTEC_ICM_UTC2";"Buy";"12008.6";"12091.1";"2020.11.24 18:15:00";"2020.11.24 21:00:00";"30.0";"2475.00";"11926.09961";"12091.09961";"-49846.02";"0.00";"IST";"PT";"2h 45m";"-0.00"
"766";"USTEC_ICM_UTC2";"Buy";"12114.2";"12196.7";"2020.11.25 18:30:00";"2020.11.26 03:41:00";"30.0";"2291.88";"12031.70020";"12196.70020";"-47554.14";"0.00";"IST";"PT";"9h 11m";"-183.12"
"767";"USTEC_ICM_UTC2";"Buy";"12264.1";"12181.6";"2020.11.27 17:15:00";"2020.11.30 17:35:00";"30.0";"-3024.36";"12181.59961";"12346.59961";"-50578.50";"0.00";"IST";"SL";"3d 0h 20m";"-549.36"
"768";"USTEC_ICM_UTC2";"Buy";"12401.3";"12483.8";"2020.12.01 17:30:00";"2020.12.01 19:12:00";"30.0";"2475.00";"12318.79980";"12483.79980";"-48103.50";"0.00";"IST";"PT";"1h 42m";"-0.00"
"769";"USTEC_ICM_UTC2";"Buy";"12418.8";"12501.3";"2020.12.02 17:30:00";"2020.12.03 16:35:00";"30.0";"2291.88";"12336.29980";"12501.29980";"-45811.62";"0.00";"IST";"PT";"23h 5m";"-183.12"
"770";"USTEC_ICM_UTC2";"Buy";"12524.2";"12516.1";"2020.12.03 17:15:00";"2020.12.04 22:55:00";"30.0";"-426.15";"12441.70020";"12606.70020";"-46237.77";"0.00";"IST";"End Of Friday (Time)";"1d 5h 40m";"-183.12"
"771";"USTEC_ICM_UTC2";"Buy";"12546.1";"12628.6";"2020.12.08 17:45:00";"2020.12.08 20:38:00";"30.0";"2475.00";"12463.59961";"12628.59961";"-43762.77";"0.00";"IST";"PT";"2h 53m";"-0.00"
"772";"USTEC_ICM_UTC2";"Buy";"12610.8";"12528.3";"2020.12.09 17:30:00";"2020.12.09 19:32:00";"30.0";"-2475.00";"12528.29980";"12693.29980";"-46237.77";"0.00";"IST";"SL";"2h 2m";"-0.00"
"773";"USTEC_ICM_UTC2";"Buy";"12380.8";"12298.3";"2020.12.10 17:15:00";"2020.12.11 12:58:00";"30.0";"-2658.12";"12298.29980";"12463.29980";"-48895.89";"0.00";"IST";"SL";"19h 43m";"-183.12"
"774";"USTEC_ICM_UTC2";"Buy";"12348.6";"12266.1";"2020.12.11 17:30:00";"2020.12.11 18:40:00";"30.0";"-2475.00";"12266.09961";"12431.09961";"-51370.89";"0.00";"IST";"SL";"1h 10m";"-0.00"
"775";"USTEC_ICM_UTC2";"Buy";"12526.6";"12444.1";"2020.12.14 17:15:00";"2020.12.15 04:22:00";"30.0";"-2658.12";"12444.09961";"12609.09961";"-54029.01";"0.00";"IST";"SL";"11h 7m";"-183.12"
"776";"USTEC_ICM_UTC2";"Buy";"12548.5";"12466.0";"2020.12.15 17:30:00";"2020.12.15 18:07:00";"30.0";"-2475.00";"12466.00000";"12631.00000";"-56504.01";"0.00";"IST";"SL";"37m 0s";"-0.00"
"777";"USTEC_ICM_UTC2";"Buy";"12628.2";"12710.7";"2020.12.16 17:45:00";"2020.12.17 08:28:00";"30.0";"2291.88";"12545.70020";"12710.70020";"-54212.13";"0.00";"IST";"PT";"14h 43m";"-183.12"
"778";"USTEC_ICM_UTC2";"Buy";"12734.5";"12652.0";"2020.12.17 16:30:00";"2020.12.18 21:58:00";"30.0";"-2658.12";"12652.00000";"12817.00000";"-56870.25";"0.00";"IST";"SL";"1d 5h 28m";"-183.12"
"779";"USTEC_ICM_UTC2";"Buy";"12652.5";"12688.8";"2020.12.18 22:15:00";"2020.12.18 22:55:00";"30.0";"1089.00";"12570.00000";"12735.00000";"-55781.25";"0.00";"IST";"End Of Friday (Time)";"40m 0s";"-0.00"
"780";"USTEC_ICM_UTC2";"Buy";"12586.8";"12669.3";"2020.12.21 18:45:00";"2020.12.21 20:12:00";"30.0";"2475.00";"12504.29980";"12669.29980";"-53306.25";"0.00";"IST";"PT";"1h 27m";"-0.00"
"781";"USTEC_ICM_UTC2";"Buy";"12709.7";"12627.2";"2020.12.22 17:30:00";"2020.12.22 18:36:00";"30.0";"-2475.00";"12627.20020";"12792.20020";"-55781.25";"0.00";"IST";"SL";"1h 6m";"-0.00"
"782";"USTEC_ICM_UTC2";"Buy";"12710.1";"12792.6";"2020.12.23 19:15:00";"2020.12.28 09:06:00";"30.0";"1559.40";"12627.59961";"12792.59961";"-54221.85";"0.00";"IST";"PT";"4d 13h 51m";"-915.60"
"783";"USTEC_ICM_UTC2";"Buy";"12818.5";"12901.0";"2020.12.28 18:15:00";"2020.12.29 10:09:00";"30.0";"2291.88";"12736.00000";"12901.00000";"-51929.97";"0.00";"IST";"PT";"15h 54m";"-183.12"
"784";"USTEC_ICM_UTC2";"Buy";"12897.7";"12815.2";"2020.12.29 16:30:00";"2020.12.29 19:47:00";"30.0";"-2475.00";"12815.20020";"12980.20020";"-54404.97";"0.00";"IST";"SL";"3h 17m";"-0.00"
"785";"USTEC_ICM_UTC2";"Buy";"12874.8";"12883.9";"2020.12.30 19:00:00";"2020.12.31 23:14:00";"30.0";"273.00";"12792.29980";"12957.29980";"-54131.97";"0.00";"IST";"EndTest";"1d 4h 14m";"-0.00"
