"Ticket";"Symbol";"Type";"Open price";"Close price";"Open time";"Close time";"Size";"Profit/Loss";"Stop Loss price level";"Profit Target price level";"Balance";"Slippage ($)";"Sample type";"Close type";"Time in trade";"Comm/Swap"
"1";"USTEC_ICM_UTC2";"Buy";"11052.9";"11027.9";"2023.01.03 16:45:00";"2023.01.03 16:45:00";"30.0";"-750.00";"11027.90039";"11077.90039";"49250.00";"0.00";"IST";"SL";"0s";"-0.00"
"2";"USTEC_ICM_UTC2";"Buy";"10955.5";"10930.5";"2023.01.04 19:15:00";"2023.01.04 19:45:00";"30.0";"-750.00";"10930.50000";"10980.50000";"48500.00";"0.00";"IST";"SL";"30m 0s";"-0.00"
"3";"USTEC_ICM_UTC2";"Buy";"10837.9";"10812.9";"2023.01.05 16:30:00";"2023.01.05 16:30:00";"30.0";"-750.00";"10812.90039";"10862.90039";"47750.00";"0.00";"IST";"SL";"0s";"-0.00"
"4";"USTEC_ICM_UTC2";"Buy";"10914.2";"10939.2";"2023.01.06 18:45:00";"2023.01.06 18:45:00";"30.0";"750.00";"10889.20020";"10939.20020";"48500.00";"0.00";"IST";"PT";"0s";"-0.00"
"5";"USTEC_ICM_UTC2";"Buy";"11279.7";"11254.7";"2023.01.09 18:45:00";"2023.01.09 19:30:00";"30.0";"-750.00";"11254.70020";"11304.70020";"47750.00";"0.00";"IST";"SL";"45m 0s";"-0.00"
"6";"USTEC_ICM_UTC2";"Buy";"11120.3";"11095.3";"2023.01.10 18:30:00";"2023.01.10 18:45:00";"30.0";"-750.00";"11095.29980";"11145.29980";"47000.00";"0.00";"IST";"SL";"15m 0s";"-0.00"
"7";"USTEC_ICM_UTC2";"Buy";"11303.2";"11328.2";"2023.01.11 19:00:00";"2023.01.11 19:15:00";"30.0";"750.00";"11278.20020";"11328.20020";"47750.00";"0.00";"IST";"PT";"15m 0s";"-0.00"
"8";"USTEC_ICM_UTC2";"Buy";"11464.4";"11439.4";"2023.01.12 20:00:00";"2023.01.12 20:15:00";"30.0";"-750.00";"11439.40039";"11489.40039";"47000.00";"0.00";"IST";"SL";"15m 0s";"-0.00"
"9";"USTEC_ICM_UTC2";"Buy";"11417.5";"11442.5";"2023.01.13 19:00:00";"2023.01.13 19:15:00";"30.0";"750.00";"11392.50000";"11442.50000";"47750.00";"0.00";"IST";"PT";"15m 0s";"-0.00"
"10";"USTEC_ICM_UTC2";"Buy";"11522.7";"11497.7";"2023.01.16 16:30:00";"2023.01.16 19:00:00";"30.0";"-750.00";"11497.70020";"11547.70020";"47000.00";"0.00";"IST";"SL";"2h 30m";"-0.00"
"11";"USTEC_ICM_UTC2";"Buy";"11546.3";"11571.3";"2023.01.17 19:45:00";"2023.01.17 20:30:00";"30.0";"750.00";"11521.29980";"11571.29980";"47750.00";"0.00";"IST";"PT";"45m 0s";"-0.00"
"12";"USTEC_ICM_UTC2";"Buy";"11457.1";"11432.1";"2023.01.18 22:00:00";"2023.01.18 22:30:00";"30.0";"-750.00";"11432.09961";"11482.09961";"47000.00";"0.00";"IST";"SL";"30m 0s";"-0.00"
"13";"USTEC_ICM_UTC2";"Buy";"11345.6";"11370.6";"2023.01.19 21:15:00";"2023.01.19 21:15:00";"30.0";"750.00";"11320.59961";"11370.59961";"47750.00";"0.00";"IST";"PT";"0s";"-0.00"
"14";"USTEC_ICM_UTC2";"Buy";"11468.6";"11493.6";"2023.01.20 19:15:00";"2023.01.20 20:30:00";"30.0";"750.00";"11443.59961";"11493.59961";"48500.00";"0.00";"IST";"PT";"1h 15m";"-0.00"
"15";"USTEC_ICM_UTC2";"Buy";"11867.7";"11892.7";"2023.01.23 19:45:00";"2023.01.23 20:00:00";"30.0";"750.00";"11842.70020";"11892.70020";"49250.00";"0.00";"IST";"PT";"15m 0s";"-0.00"
"16";"USTEC_ICM_UTC2";"Buy";"11868.0";"11843.0";"2023.01.24 19:15:00";"2023.01.24 19:30:00";"30.0";"-750.00";"11843.00000";"11893.00000";"48500.00";"0.00";"IST";"SL";"15m 0s";"-0.00"
"17";"USTEC_ICM_UTC2";"Buy";"11761.0";"11786.0";"2023.01.25 21:00:00";"2023.01.25 21:00:00";"30.0";"750.00";"11736.00000";"11786.00000";"49250.00";"0.00";"IST";"PT";"0s";"-0.00"
"18";"USTEC_ICM_UTC2";"Buy";"11939.7";"11914.7";"2023.01.26 19:45:00";"2023.01.26 20:00:00";"30.0";"-750.00";"11914.70020";"11964.70020";"48500.00";"0.00";"IST";"SL";"15m 0s";"-0.00"
"19";"USTEC_ICM_UTC2";"Buy";"12152.9";"12177.9";"2023.01.27 19:15:00";"2023.01.27 19:30:00";"30.0";"750.00";"12127.90039";"12177.90039";"49250.00";"0.00";"IST";"PT";"15m 0s";"-0.00"
"20";"USTEC_ICM_UTC2";"Buy";"12033.0";"12058.0";"2023.01.30 16:45:00";"2023.01.30 16:45:00";"30.0";"750.00";"12008.00000";"12058.00000";"50000.00";"0.00";"IST";"PT";"0s";"-0.00"
"21";"USTEC_ICM_UTC2";"Buy";"12021.3";"11996.3";"2023.01.31 18:00:00";"2023.01.31 19:00:00";"30.0";"-750.00";"11996.29980";"12046.29980";"49250.00";"0.00";"IST";"SL";"1h 0m";"-0.00"
"22";"USTEC_ICM_UTC2";"Buy";"12080.5";"12105.5";"2023.02.01 20:15:00";"2023.02.01 20:45:00";"30.0";"750.00";"12055.50000";"12105.50000";"50000.00";"0.00";"IST";"PT";"30m 0s";"-0.00"
"23";"USTEC_ICM_UTC2";"Buy";"12758.5";"12783.5";"2023.02.02 19:15:00";"2023.02.02 19:30:00";"30.0";"750.00";"12733.50000";"12783.50000";"50750.00";"0.00";"IST";"PT";"15m 0s";"-0.00"
"24";"USTEC_ICM_UTC2";"Buy";"12771.8";"12746.8";"2023.02.03 19:45:00";"2023.02.03 19:45:00";"30.0";"-750.00";"12746.79980";"12796.79980";"50000.00";"0.00";"IST";"SL";"0s";"-0.00"
"25";"USTEC_ICM_UTC2";"Buy";"12497.7";"12472.7";"2023.02.06 19:45:00";"2023.02.06 20:00:00";"30.0";"-750.00";"12472.70020";"12522.70020";"49250.00";"0.00";"IST";"SL";"15m 0s";"-0.00"
"26";"USTEC_ICM_UTC2";"Buy";"12487.8";"12462.8";"2023.02.07 16:45:00";"2023.02.07 16:45:00";"30.0";"-750.00";"12462.79980";"12512.79980";"48500.00";"0.00";"IST";"SL";"0s";"-0.00"
"27";"USTEC_ICM_UTC2";"Buy";"12676.2";"12651.2";"2023.02.09 16:30:00";"2023.02.09 16:30:00";"30.0";"-750.00";"12651.20020";"12701.20020";"47750.00";"0.00";"IST";"SL";"0s";"-0.00"
"28";"USTEC_ICM_UTC2";"Buy";"12241.5";"12216.5";"2023.02.10 19:00:00";"2023.02.10 19:00:00";"30.0";"-750.00";"12216.50000";"12266.50000";"47000.00";"0.00";"IST";"SL";"0s";"-0.00"
"29";"USTEC_ICM_UTC2";"Buy";"12501.7";"12476.7";"2023.02.13 18:45:00";"2023.02.13 18:45:00";"30.0";"-750.00";"12476.70020";"12526.70020";"46250.00";"0.00";"IST";"SL";"0s";"-0.00"
"30";"USTEC_ICM_UTC2";"Buy";"12469.6";"12494.6";"2023.02.14 19:45:00";"2023.02.14 20:00:00";"30.0";"750.00";"12444.59961";"12494.59961";"47000.00";"0.00";"IST";"PT";"15m 0s";"-0.00"
"31";"USTEC_ICM_UTC2";"Buy";"12558.1";"12583.1";"2023.02.15 18:15:00";"2023.02.15 18:15:00";"30.0";"750.00";"12533.09961";"12583.09961";"47750.00";"0.00";"IST";"PT";"0s";"-0.00"
"32";"USTEC_ICM_UTC2";"Buy";"12626.3";"12601.3";"2023.02.16 20:45:00";"2023.02.16 21:15:00";"30.0";"-750.00";"12601.29980";"12651.29980";"47000.00";"0.00";"IST";"SL";"30m 0s";"-0.00"
"33";"USTEC_ICM_UTC2";"Buy";"12249.1";"12274.1";"2023.02.17 20:00:00";"2023.02.17 20:00:00";"30.0";"750.00";"12224.09961";"12274.09961";"47750.00";"0.00";"IST";"PT";"0s";"-0.00"
"34";"USTEC_ICM_UTC2";"Buy";"12358.7";"12333.7";"2023.02.20 16:30:00";"2023.02.20 19:45:00";"30.0";"-750.00";"12333.70020";"12383.70020";"47000.00";"0.00";"IST";"SL";"3h 15m";"-0.00"
"35";"USTEC_ICM_UTC2";"Buy";"12088.6";"12063.6";"2023.02.21 21:30:00";"2023.02.21 22:45:00";"30.0";"-750.00";"12063.59961";"12113.59961";"46250.00";"0.00";"IST";"SL";"1h 15m";"-0.00"
"36";"USTEC_ICM_UTC2";"Buy";"12088.1";"12113.1";"2023.02.22 16:30:00";"2023.02.22 16:30:00";"30.0";"750.00";"12063.09961";"12113.09961";"47000.00";"0.00";"IST";"PT";"0s";"-0.00"
"37";"USTEC_ICM_UTC2";"Buy";"12183.5";"12208.5";"2023.02.23 16:45:00";"2023.02.23 16:45:00";"30.0";"750.00";"12158.50000";"12208.50000";"47750.00";"0.00";"IST";"PT";"0s";"-0.00"
"38";"USTEC_ICM_UTC2";"Buy";"11911.8";"11936.8";"2023.02.24 20:15:00";"2023.02.24 20:15:00";"30.0";"750.00";"11886.79980";"11936.79980";"48500.00";"0.00";"IST";"PT";"0s";"-0.00"
"39";"USTEC_ICM_UTC2";"Buy";"12061.2";"12036.2";"2023.02.27 22:15:00";"2023.02.27 22:30:00";"30.0";"-750.00";"12036.20020";"12086.20020";"47750.00";"0.00";"IST";"SL";"15m 0s";"-0.00"
"40";"USTEC_ICM_UTC2";"Buy";"12055.4";"12080.4";"2023.02.28 18:45:00";"2023.02.28 19:00:00";"30.0";"750.00";"12030.40039";"12080.40039";"48500.00";"0.00";"IST";"PT";"15m 0s";"-0.00"
"41";"USTEC_ICM_UTC2";"Buy";"12000.7";"11975.7";"2023.03.01 19:45:00";"2023.03.01 20:00:00";"30.0";"-750.00";"11975.70020";"12025.70020";"47750.00";"0.00";"IST";"SL";"15m 0s";"-0.00"
"42";"USTEC_ICM_UTC2";"Buy";"11886.9";"11911.9";"2023.03.02 19:00:00";"2023.03.02 19:30:00";"30.0";"750.00";"11861.90039";"11911.90039";"48500.00";"0.00";"IST";"PT";"30m 0s";"-0.00"
"43";"USTEC_ICM_UTC2";"Buy";"12124.3";"12149.3";"2023.03.03 16:45:00";"2023.03.03 16:45:00";"30.0";"750.00";"12099.29980";"12149.29980";"49250.00";"0.00";"IST";"PT";"0s";"-0.00"
"44";"USTEC_ICM_UTC2";"Buy";"12442.2";"12417.2";"2023.03.06 19:00:00";"2023.03.06 19:30:00";"30.0";"-750.00";"12417.20020";"12467.20020";"48500.00";"0.00";"IST";"SL";"30m 0s";"-0.00"
"45";"USTEC_ICM_UTC2";"Buy";"12324.9";"12299.9";"2023.03.07 16:45:00";"2023.03.07 17:00:00";"30.0";"-750.00";"12299.90039";"12349.90039";"47750.00";"0.00";"IST";"SL";"15m 0s";"-0.00"
"46";"USTEC_ICM_UTC2";"Buy";"12170.4";"12195.4";"2023.03.08 16:30:00";"2023.03.08 16:30:00";"30.0";"750.00";"12145.40039";"12195.40039";"48500.00";"0.00";"IST";"PT";"0s";"-0.00"
"47";"USTEC_ICM_UTC2";"Buy";"11799.9";"11824.9";"2023.03.10 21:00:00";"2023.03.10 21:00:00";"30.0";"750.00";"11774.90039";"11824.90039";"49250.00";"0.00";"IST";"PT";"0s";"-0.00"
"48";"USTEC_ICM_UTC2";"Buy";"11953.6";"11928.6";"2023.03.13 19:30:00";"2023.03.13 19:30:00";"30.0";"-750.00";"11928.59961";"11978.59961";"48500.00";"0.00";"IST";"SL";"0s";"-0.00"
"49";"USTEC_ICM_UTC2";"Buy";"12154.7";"12179.7";"2023.03.14 17:00:00";"2023.03.14 17:00:00";"30.0";"750.00";"12129.70020";"12179.70020";"49250.00";"0.00";"IST";"PT";"0s";"-0.00"
"50";"USTEC_ICM_UTC2";"Buy";"12222.7";"12247.7";"2023.03.15 20:30:00";"2023.03.15 20:30:00";"30.0";"750.00";"12197.70020";"12247.70020";"50000.00";"0.00";"IST";"PT";"0s";"-0.00"
"51";"USTEC_ICM_UTC2";"Buy";"12541.7";"12516.7";"2023.03.16 19:00:00";"2023.03.16 19:15:00";"30.0";"-750.00";"12516.70020";"12566.70020";"49250.00";"0.00";"IST";"SL";"15m 0s";"-0.00"
"52";"USTEC_ICM_UTC2";"Buy";"12545.2";"12520.2";"2023.03.20 19:45:00";"2023.03.20 20:00:00";"30.0";"-750.00";"12520.20020";"12570.20020";"48500.00";"0.00";"IST";"SL";"15m 0s";"-0.00"
"53";"USTEC_ICM_UTC2";"Buy";"12649.1";"12674.1";"2023.03.21 19:00:00";"2023.03.21 19:15:00";"30.0";"750.00";"12624.09961";"12674.09961";"49250.00";"0.00";"IST";"PT";"15m 0s";"-0.00"
"54";"USTEC_ICM_UTC2";"Buy";"12764.6";"12739.6";"2023.03.22 18:15:00";"2023.03.22 19:00:00";"30.0";"-750.00";"12739.59961";"12789.59961";"48500.00";"0.00";"IST";"SL";"45m 0s";"-0.00"
"55";"USTEC_ICM_UTC2";"Buy";"12706.0";"12731.0";"2023.03.24 20:15:00";"2023.03.24 20:30:00";"30.0";"750.00";"12681.00000";"12731.00000";"49250.00";"0.00";"IST";"PT";"15m 0s";"-0.00"
"56";"USTEC_ICM_UTC2";"Buy";"12655.5";"12630.5";"2023.03.28 16:30:00";"2023.03.28 16:30:00";"30.0";"-750.00";"12630.50000";"12680.50000";"48500.00";"0.00";"IST";"SL";"0s";"-0.00"
"57";"USTEC_ICM_UTC2";"Buy";"12945.6";"12970.6";"2023.03.30 22:00:00";"2023.03.31 02:30:00";"30.0";"566.88";"12920.59961";"12970.59961";"49066.88";"0.00";"IST";"PT";"4h 30m";"-183.12"
"58";"USTEC_ICM_UTC2";"Buy";"13066.6";"13091.6";"2023.03.31 18:30:00";"2023.03.31 18:45:00";"30.0";"750.00";"13041.59961";"13091.59961";"49816.88";"0.00";"IST";"PT";"15m 0s";"-0.00"
"59";"USTEC_ICM_UTC2";"Buy";"13054.6";"13079.6";"2023.04.03 20:00:00";"2023.04.03 21:30:00";"30.0";"750.00";"13029.59961";"13079.59961";"50566.88";"0.00";"IST";"PT";"1h 30m";"-0.00"
"60";"USTEC_ICM_UTC2";"Buy";"13116.8";"13141.8";"2023.04.04 16:45:00";"2023.04.04 16:45:00";"30.0";"750.00";"13091.79980";"13141.79980";"51316.88";"0.00";"IST";"PT";"0s";"-0.00"
"61";"USTEC_ICM_UTC2";"Buy";"12958.6";"12933.6";"2023.04.05 21:45:00";"2023.04.05 22:00:00";"30.0";"-750.00";"12933.59961";"12983.59961";"50566.88";"0.00";"IST";"SL";"15m 0s";"-0.00"
"62";"USTEC_ICM_UTC2";"Buy";"13025.9";"13050.9";"2023.04.06 19:15:00";"2023.04.06 20:30:00";"30.0";"750.00";"13000.90039";"13050.90039";"51316.88";"0.00";"IST";"PT";"1h 15m";"-0.00"
"63";"USTEC_ICM_UTC2";"Buy";"13031.2";"13056.2";"2023.04.10 22:45:00";"2023.04.10 23:00:00";"30.0";"750.00";"13006.20020";"13056.20020";"52066.88";"0.00";"IST";"PT";"15m 0s";"-0.00"
"64";"USTEC_ICM_UTC2";"Buy";"13019.8";"12994.8";"2023.04.11 21:30:00";"2023.04.11 22:30:00";"30.0";"-750.00";"12994.79980";"13044.79980";"51316.88";"0.00";"IST";"SL";"1h 0m";"-0.00"
"65";"USTEC_ICM_UTC2";"Buy";"12980.7";"12955.7";"2023.04.12 20:00:00";"2023.04.12 20:45:00";"30.0";"-750.00";"12955.70020";"13005.70020";"50566.88";"0.00";"IST";"SL";"45m 0s";"-0.00"
"66";"USTEC_ICM_UTC2";"Buy";"13010.7";"13035.7";"2023.04.13 17:45:00";"2023.04.13 18:45:00";"30.0";"750.00";"12985.70020";"13035.70020";"51316.88";"0.00";"IST";"PT";"1h 0m";"-0.00"
"67";"USTEC_ICM_UTC2";"Buy";"13000.1";"12975.1";"2023.04.14 20:15:00";"2023.04.14 20:30:00";"30.0";"-750.00";"12975.09961";"13025.09961";"50566.88";"0.00";"IST";"SL";"15m 0s";"-0.00"
"68";"USTEC_ICM_UTC2";"Buy";"12998.2";"13023.2";"2023.04.17 21:00:00";"2023.04.17 21:30:00";"30.0";"750.00";"12973.20020";"13023.20020";"51316.88";"0.00";"IST";"PT";"30m 0s";"-0.00"
"69";"USTEC_ICM_UTC2";"Buy";"13093.9";"13068.9";"2023.04.18 20:45:00";"2023.04.18 21:00:00";"30.0";"-750.00";"13068.90039";"13118.90039";"50566.88";"0.00";"IST";"SL";"15m 0s";"-0.00"
"70";"USTEC_ICM_UTC2";"Buy";"13106.2";"13081.2";"2023.04.19 19:45:00";"2023.04.19 22:45:00";"30.0";"-750.00";"13081.20020";"13131.20020";"49816.88";"0.00";"IST";"SL";"3h 0m";"-0.00"
"71";"USTEC_ICM_UTC2";"Buy";"13047.3";"13072.3";"2023.04.20 19:15:00";"2023.04.20 19:30:00";"30.0";"750.00";"13022.29980";"13072.29980";"50566.88";"0.00";"IST";"PT";"15m 0s";"-0.00"
"72";"USTEC_ICM_UTC2";"Buy";"12986.2";"13011.2";"2023.04.21 20:00:00";"2023.04.21 20:30:00";"30.0";"750.00";"12961.20020";"13011.20020";"51316.88";"0.00";"IST";"PT";"30m 0s";"-0.00"
"73";"USTEC_ICM_UTC2";"Buy";"12989.4";"13014.4";"2023.04.24 16:30:00";"2023.04.24 16:30:00";"30.0";"750.00";"12964.40039";"13014.40039";"52066.88";"0.00";"IST";"PT";"0s";"-0.00"
"74";"USTEC_ICM_UTC2";"Buy";"12900.7";"12925.7";"2023.04.25 16:30:00";"2023.04.25 16:30:00";"30.0";"750.00";"12875.70020";"12925.70020";"52816.88";"0.00";"IST";"PT";"0s";"-0.00"
"75";"USTEC_ICM_UTC2";"Buy";"12862.3";"12837.3";"2023.04.26 20:45:00";"2023.04.26 20:45:00";"30.0";"-750.00";"12837.29980";"12887.29980";"52066.88";"0.00";"IST";"SL";"0s";"-0.00"
"76";"USTEC_ICM_UTC2";"Buy";"13060.2";"13085.2";"2023.04.27 19:00:00";"2023.04.27 19:30:00";"30.0";"750.00";"13035.20020";"13085.20020";"52816.88";"0.00";"IST";"PT";"30m 0s";"-0.00"
"77";"USTEC_ICM_UTC2";"Buy";"13202.5";"13227.5";"2023.04.28 20:45:00";"2023.04.28 22:15:00";"30.0";"750.00";"13177.50000";"13227.50000";"53566.88";"0.00";"IST";"PT";"1h 30m";"-0.00"
"78";"USTEC_ICM_UTC2";"Buy";"13224.7";"13249.7";"2023.05.01 16:30:00";"2023.05.01 16:45:00";"30.0";"750.00";"13199.70020";"13249.70020";"54316.88";"0.00";"IST";"PT";"15m 0s";"-0.00"
"79";"USTEC_ICM_UTC2";"Buy";"13224.5";"13199.5";"2023.05.02 16:30:00";"2023.05.02 16:30:00";"30.0";"-750.00";"13199.50000";"13249.50000";"53566.88";"0.00";"IST";"SL";"0s";"-0.00"
"80";"USTEC_ICM_UTC2";"Buy";"13143.5";"13118.5";"2023.05.03 19:30:00";"2023.05.03 21:00:00";"30.0";"-750.00";"13118.50000";"13168.50000";"52816.88";"0.00";"IST";"SL";"1h 30m";"-0.00"
"81";"USTEC_ICM_UTC2";"Buy";"12986.1";"13011.1";"2023.05.04 19:00:00";"2023.05.04 19:15:00";"30.0";"750.00";"12961.09961";"13011.09961";"53566.88";"0.00";"IST";"PT";"15m 0s";"-0.00"
"82";"USTEC_ICM_UTC2";"Buy";"13199.4";"13174.4";"2023.05.05 18:15:00";"2023.05.05 19:15:00";"30.0";"-750.00";"13174.40039";"13224.40039";"52816.88";"0.00";"IST";"SL";"1h 0m";"-0.00"
"83";"USTEC_ICM_UTC2";"Buy";"13252.9";"13277.9";"2023.05.08 19:30:00";"2023.05.08 20:15:00";"30.0";"750.00";"13227.90039";"13277.90039";"53566.88";"0.00";"IST";"PT";"45m 0s";"-0.00"
"84";"USTEC_ICM_UTC2";"Buy";"13213.9";"13188.9";"2023.05.09 20:45:00";"2023.05.10 10:30:00";"30.0";"-933.12";"13188.90039";"13238.90039";"52633.76";"0.00";"IST";"SL";"13h 45m";"-183.12"
"85";"USTEC_ICM_UTC2";"Buy";"13250.3";"13275.3";"2023.05.10 21:00:00";"2023.05.10 21:00:00";"30.0";"750.00";"13225.29980";"13275.29980";"53383.76";"0.00";"IST";"PT";"0s";"-0.00"
"86";"USTEC_ICM_UTC2";"Buy";"13383.5";"13358.5";"2023.05.11 20:15:00";"2023.05.11 20:45:00";"30.0";"-750.00";"13358.50000";"13408.50000";"52633.76";"0.00";"IST";"SL";"30m 0s";"-0.00"
"87";"USTEC_ICM_UTC2";"Buy";"13412.6";"13387.6";"2023.05.12 16:45:00";"2023.05.12 16:45:00";"30.0";"-750.00";"13387.59961";"13437.59961";"51883.76";"0.00";"IST";"SL";"0s";"-0.00"
"88";"USTEC_ICM_UTC2";"Buy";"13391.0";"13416.0";"2023.05.15 19:00:00";"2023.05.15 20:00:00";"30.0";"750.00";"13366.00000";"13416.00000";"52633.76";"0.00";"IST";"PT";"1h 0m";"-0.00"
"89";"USTEC_ICM_UTC2";"Buy";"13487.0";"13462.0";"2023.05.16 19:30:00";"2023.05.16 21:00:00";"30.0";"-750.00";"13462.00000";"13512.00000";"51883.76";"0.00";"IST";"SL";"1h 30m";"-0.00"
"90";"USTEC_ICM_UTC2";"Buy";"13464.9";"13439.9";"2023.05.17 16:30:00";"2023.05.17 16:45:00";"30.0";"-750.00";"13439.90039";"13489.90039";"51133.76";"0.00";"IST";"SL";"15m 0s";"-0.00"
"91";"USTEC_ICM_UTC2";"Buy";"13735.9";"13760.9";"2023.05.18 21:30:00";"2023.05.18 21:45:00";"30.0";"750.00";"13710.90039";"13760.90039";"51883.76";"0.00";"IST";"PT";"15m 0s";"-0.00"
"92";"USTEC_ICM_UTC2";"Buy";"13843.6";"13868.6";"2023.05.19 16:30:00";"2023.05.19 16:30:00";"30.0";"750.00";"13818.59961";"13868.59961";"52633.76";"0.00";"IST";"PT";"0s";"-0.00"
"93";"USTEC_ICM_UTC2";"Buy";"13793.9";"13818.9";"2023.05.22 16:30:00";"2023.05.22 16:30:00";"30.0";"750.00";"13768.90039";"13818.90039";"53383.76";"0.00";"IST";"PT";"0s";"-0.00"
"94";"USTEC_ICM_UTC2";"Buy";"13906.7";"13881.7";"2023.05.25 16:30:00";"2023.05.25 16:30:00";"30.0";"-750.00";"13881.70020";"13931.70020";"52633.76";"0.00";"IST";"SL";"0s";"-0.00"
"95";"USTEC_ICM_UTC2";"Buy";"14259.2";"14284.2";"2023.05.26 19:15:00";"2023.05.26 19:30:00";"30.0";"750.00";"14234.20020";"14284.20020";"53383.76";"0.00";"IST";"PT";"15m 0s";"-0.00"
"96";"USTEC_ICM_UTC2";"Buy";"14336.6";"14361.6";"2023.05.29 16:45:00";"2023.05.29 19:45:00";"30.0";"750.00";"14311.59961";"14361.59961";"54133.76";"0.00";"IST";"PT";"3h 0m";"-0.00"
"97";"USTEC_ICM_UTC2";"Buy";"14471.0";"14446.0";"2023.05.30 16:30:00";"2023.05.30 16:30:00";"30.0";"-750.00";"14446.00000";"14496.00000";"53383.76";"0.00";"IST";"SL";"0s";"-0.00"
"98";"USTEC_ICM_UTC2";"Buy";"14291.7";"14266.7";"2023.05.31 22:00:00";"2023.05.31 22:00:00";"30.0";"-750.00";"14266.70020";"14316.70020";"52633.76";"0.00";"IST";"SL";"0s";"-0.00"
"99";"USTEC_ICM_UTC2";"Buy";"14424.8";"14449.8";"2023.06.01 19:30:00";"2023.06.01 20:45:00";"30.0";"750.00";"14399.79980";"14449.79980";"53383.76";"0.00";"IST";"PT";"1h 15m";"-0.00"
"100";"USTEC_ICM_UTC2";"Buy";"14561.1";"14536.1";"2023.06.02 18:45:00";"2023.06.02 18:45:00";"30.0";"-750.00";"14536.09961";"14586.09961";"52633.76";"0.00";"IST";"SL";"0s";"-0.00"
"101";"USTEC_ICM_UTC2";"Buy";"14655.1";"14630.1";"2023.06.05 19:15:00";"2023.06.05 20:15:00";"30.0";"-750.00";"14630.09961";"14680.09961";"51883.76";"0.00";"IST";"SL";"1h 0m";"-0.00"
"102";"USTEC_ICM_UTC2";"Buy";"14534.5";"14509.5";"2023.06.06 19:45:00";"2023.06.06 19:45:00";"30.0";"-750.00";"14509.50000";"14559.50000";"51133.76";"0.00";"IST";"SL";"0s";"-0.00"
"103";"USTEC_ICM_UTC2";"Buy";"14564.1";"14589.1";"2023.06.07 16:30:00";"2023.06.07 16:30:00";"30.0";"750.00";"14539.09961";"14589.09961";"51883.76";"0.00";"IST";"PT";"0s";"-0.00"
"104";"USTEC_ICM_UTC2";"Buy";"14476.6";"14501.6";"2023.06.08 19:00:00";"2023.06.08 19:15:00";"30.0";"750.00";"14451.59961";"14501.59961";"52633.76";"0.00";"IST";"PT";"15m 0s";"-0.00"
"105";"USTEC_ICM_UTC2";"Buy";"14602.3";"14627.3";"2023.06.09 16:45:00";"2023.06.09 16:45:00";"30.0";"750.00";"14577.29980";"14627.29980";"53383.76";"0.00";"IST";"PT";"0s";"-0.00"
"106";"USTEC_ICM_UTC2";"Buy";"14609.3";"14584.3";"2023.06.12 16:30:00";"2023.06.12 17:00:00";"30.0";"-750.00";"14584.29980";"14634.29980";"52633.76";"0.00";"IST";"SL";"30m 0s";"-0.00"
"107";"USTEC_ICM_UTC2";"Buy";"14875.7";"14900.7";"2023.06.13 22:45:00";"2023.06.13 22:45:00";"30.0";"750.00";"14850.70020";"14900.70020";"53383.76";"0.00";"IST";"PT";"0s";"-0.00"
"108";"USTEC_ICM_UTC2";"Buy";"14902.2";"14927.2";"2023.06.14 16:45:00";"2023.06.14 17:00:00";"30.0";"750.00";"14877.20020";"14927.20020";"54133.76";"0.00";"IST";"PT";"15m 0s";"-0.00"
"109";"USTEC_ICM_UTC2";"Buy";"15111.7";"15086.7";"2023.06.15 19:45:00";"2023.06.15 20:00:00";"30.0";"-750.00";"15086.70020";"15136.70020";"53383.76";"0.00";"IST";"SL";"15m 0s";"-0.00"
"110";"USTEC_ICM_UTC2";"Buy";"15207.7";"15182.7";"2023.06.16 19:30:00";"2023.06.16 20:30:00";"30.0";"-750.00";"15182.70020";"15232.70020";"52633.76";"0.00";"IST";"SL";"1h 0m";"-0.00"
"111";"USTEC_ICM_UTC2";"Buy";"15059.1";"15034.1";"2023.06.19 16:45:00";"2023.06.20 08:15:00";"30.0";"-933.12";"15034.09961";"15084.09961";"51700.64";"0.00";"IST";"SL";"15h 30m";"-183.12"
"112";"USTEC_ICM_UTC2";"Buy";"15056.6";"15081.6";"2023.06.20 21:00:00";"2023.06.20 21:15:00";"30.0";"750.00";"15031.59961";"15081.59961";"52450.64";"0.00";"IST";"PT";"15m 0s";"-0.00"
"113";"USTEC_ICM_UTC2";"Buy";"14869.3";"14894.3";"2023.06.22 16:45:00";"2023.06.22 16:45:00";"30.0";"750.00";"14844.29980";"14894.29980";"53200.64";"0.00";"IST";"PT";"0s";"-0.00"
"114";"USTEC_ICM_UTC2";"Buy";"14965.1";"14940.1";"2023.06.23 20:45:00";"2023.06.23 21:00:00";"30.0";"-750.00";"14940.09961";"14990.09961";"52450.64";"0.00";"IST";"SL";"15m 0s";"-0.00"
"115";"USTEC_ICM_UTC2";"Buy";"14735.3";"14760.3";"2023.06.26 21:00:00";"2023.06.26 21:30:00";"30.0";"750.00";"14710.29980";"14760.29980";"53200.64";"0.00";"IST";"PT";"30m 0s";"-0.00"
"116";"USTEC_ICM_UTC2";"Buy";"14772.2";"14797.2";"2023.06.27 16:45:00";"2023.06.27 16:45:00";"30.0";"750.00";"14747.20020";"14797.20020";"53950.64";"0.00";"IST";"PT";"0s";"-0.00"
"117";"USTEC_ICM_UTC2";"Buy";"14895.2";"14870.2";"2023.06.28 16:45:00";"2023.06.28 16:45:00";"30.0";"-750.00";"14870.20020";"14920.20020";"53200.64";"0.00";"IST";"SL";"0s";"-0.00"
"118";"USTEC_ICM_UTC2";"Buy";"14921.9";"14946.9";"2023.06.29 22:00:00";"2023.06.29 22:45:00";"30.0";"750.00";"14896.90039";"14946.90039";"53950.64";"0.00";"IST";"PT";"45m 0s";"-0.00"
"119";"USTEC_ICM_UTC2";"Buy";"15185.5";"15170.7";"2023.06.30 20:30:00";"2023.06.30 23:00:00";"30.0";"-444.00";"15160.50000";"15210.50000";"53506.64";"0.00";"IST";"End Of Friday (Time)";"2h 30m";"-0.00"
"120";"USTEC_ICM_UTC2";"Buy";"15208.3";"15183.3";"2023.07.05 20:45:00";"2023.07.05 21:15:00";"30.0";"-750.00";"15183.29980";"15233.29980";"52756.64";"0.00";"IST";"SL";"30m 0s";"-0.00"
"121";"USTEC_ICM_UTC2";"Buy";"15093.1";"15068.1";"2023.07.06 22:30:00";"2023.07.07 09:15:00";"30.0";"-933.12";"15068.09961";"15118.09961";"51823.52";"0.00";"IST";"SL";"10h 45m";"-183.12"
"122";"USTEC_ICM_UTC2";"Buy";"15117.8";"15142.8";"2023.07.07 18:45:00";"2023.07.07 19:00:00";"30.0";"750.00";"15092.79980";"15142.79980";"52573.52";"0.00";"IST";"PT";"15m 0s";"-0.00"
"123";"USTEC_ICM_UTC2";"Buy";"15019.2";"15044.2";"2023.07.10 21:15:00";"2023.07.10 21:15:00";"30.0";"750.00";"14994.20020";"15044.20020";"53323.52";"0.00";"IST";"PT";"0s";"-0.00"
"124";"USTEC_ICM_UTC2";"Buy";"15059.7";"15084.7";"2023.07.11 16:30:00";"2023.07.11 16:30:00";"30.0";"750.00";"15034.70020";"15084.70020";"54073.52";"0.00";"IST";"PT";"0s";"-0.00"
"125";"USTEC_ICM_UTC2";"Buy";"15328.5";"15303.5";"2023.07.12 21:15:00";"2023.07.12 21:45:00";"30.0";"-750.00";"15303.50000";"15353.50000";"53323.52";"0.00";"IST";"SL";"30m 0s";"-0.00"
"126";"USTEC_ICM_UTC2";"Buy";"15511.8";"15536.8";"2023.07.13 19:30:00";"2023.07.13 21:00:00";"30.0";"750.00";"15486.79980";"15536.79980";"54073.52";"0.00";"IST";"PT";"1h 30m";"-0.00"
"127";"USTEC_ICM_UTC2";"Buy";"15650.1";"15625.1";"2023.07.14 19:15:00";"2023.07.14 19:45:00";"30.0";"-750.00";"15625.09961";"15675.09961";"53323.52";"0.00";"IST";"SL";"30m 0s";"-0.00"
"128";"USTEC_ICM_UTC2";"Buy";"15639.0";"15664.0";"2023.07.17 19:30:00";"2023.07.17 20:00:00";"30.0";"750.00";"15614.00000";"15664.00000";"54073.52";"0.00";"IST";"PT";"30m 0s";"-0.00"
"129";"USTEC_ICM_UTC2";"Buy";"15680.8";"15655.8";"2023.07.18 16:30:00";"2023.07.18 16:30:00";"30.0";"-750.00";"15655.79980";"15705.79980";"53323.52";"0.00";"IST";"SL";"0s";"-0.00"
"130";"USTEC_ICM_UTC2";"Buy";"15882.6";"15857.6";"2023.07.19 16:45:00";"2023.07.19 16:45:00";"30.0";"-750.00";"15857.59961";"15907.59961";"52573.52";"0.00";"IST";"SL";"0s";"-0.00"
"131";"USTEC_ICM_UTC2";"Buy";"15494.2";"15469.2";"2023.07.20 21:30:00";"2023.07.20 22:00:00";"30.0";"-750.00";"15469.20020";"15519.20020";"51823.52";"0.00";"IST";"SL";"30m 0s";"-0.00"
"132";"USTEC_ICM_UTC2";"Buy";"15442.6";"15467.6";"2023.07.24 20:15:00";"2023.07.24 20:45:00";"30.0";"750.00";"15417.59961";"15467.59961";"52573.52";"0.00";"IST";"PT";"30m 0s";"-0.00"
"133";"USTEC_ICM_UTC2";"Buy";"15474.9";"15499.9";"2023.07.25 16:30:00";"2023.07.25 16:30:00";"30.0";"750.00";"15449.90039";"15499.90039";"53323.52";"0.00";"IST";"PT";"0s";"-0.00"
"134";"USTEC_ICM_UTC2";"Buy";"15492.5";"15517.5";"2023.07.26 16:45:00";"2023.07.26 16:45:00";"30.0";"750.00";"15467.50000";"15517.50000";"54073.52";"0.00";"IST";"PT";"0s";"-0.00"
"135";"USTEC_ICM_UTC2";"Buy";"15729.3";"15704.3";"2023.07.27 20:00:00";"2023.07.27 20:00:00";"30.0";"-750.00";"15704.29980";"15754.29980";"53323.52";"0.00";"IST";"SL";"0s";"-0.00"
"136";"USTEC_ICM_UTC2";"Buy";"15776.5";"15751.5";"2023.07.28 19:15:00";"2023.07.28 19:45:00";"30.0";"-750.00";"15751.50000";"15801.50000";"52573.52";"0.00";"IST";"SL";"30m 0s";"-0.00"
"137";"USTEC_ICM_UTC2";"Buy";"15784.0";"15759.0";"2023.07.31 16:45:00";"2023.07.31 16:45:00";"30.0";"-750.00";"15759.00000";"15809.00000";"51823.52";"0.00";"IST";"SL";"0s";"-0.00"
"138";"USTEC_ICM_UTC2";"Buy";"15698.1";"15723.1";"2023.08.01 19:30:00";"2023.08.01 19:45:00";"30.0";"750.00";"15673.09961";"15723.09961";"52573.52";"0.00";"IST";"PT";"15m 0s";"-0.00"
"139";"USTEC_ICM_UTC2";"Buy";"15401.9";"15376.9";"2023.08.02 22:00:00";"2023.08.02 22:00:00";"30.0";"-750.00";"15376.90039";"15426.90039";"51823.52";"0.00";"IST";"SL";"0s";"-0.00"
"140";"USTEC_ICM_UTC2";"Buy";"15267.4";"15292.4";"2023.08.03 16:30:00";"2023.08.03 16:30:00";"30.0";"750.00";"15242.40039";"15292.40039";"52573.52";"0.00";"IST";"PT";"0s";"-0.00"
"141";"USTEC_ICM_UTC2";"Buy";"15417.9";"15442.9";"2023.08.04 16:45:00";"2023.08.04 16:45:00";"30.0";"750.00";"15392.90039";"15442.90039";"53323.52";"0.00";"IST";"PT";"0s";"-0.00"
"142";"USTEC_ICM_UTC2";"Buy";"15309.6";"15334.6";"2023.08.07 16:45:00";"2023.08.07 16:45:00";"30.0";"750.00";"15284.59961";"15334.59961";"54073.52";"0.00";"IST";"PT";"0s";"-0.00"
"143";"USTEC_ICM_UTC2";"Buy";"15299.2";"15274.2";"2023.08.08 16:30:00";"2023.08.08 16:30:00";"30.0";"-750.00";"15274.20020";"15324.20020";"53323.52";"0.00";"IST";"SL";"0s";"-0.00"
"144";"USTEC_ICM_UTC2";"Buy";"15284.6";"15259.6";"2023.08.09 16:30:00";"2023.08.09 16:30:00";"30.0";"-750.00";"15259.59961";"15309.59961";"52573.52";"0.00";"IST";"SL";"0s";"-0.00"
"145";"USTEC_ICM_UTC2";"Buy";"15134.0";"15159.0";"2023.08.10 21:45:00";"2023.08.10 21:45:00";"30.0";"750.00";"15109.00000";"15159.00000";"53323.52";"0.00";"IST";"PT";"0s";"-0.00"
"146";"USTEC_ICM_UTC2";"Buy";"14994.3";"15019.3";"2023.08.11 18:45:00";"2023.08.11 19:00:00";"30.0";"750.00";"14969.29980";"15019.29980";"54073.52";"0.00";"IST";"PT";"15m 0s";"-0.00"
"147";"USTEC_ICM_UTC2";"Buy";"14998.9";"14973.9";"2023.08.14 16:30:00";"2023.08.14 16:30:00";"30.0";"-750.00";"14973.90039";"15023.90039";"53323.52";"0.00";"IST";"SL";"0s";"-0.00"
"148";"USTEC_ICM_UTC2";"Buy";"15097.8";"15072.8";"2023.08.15 20:00:00";"2023.08.15 22:00:00";"30.0";"-750.00";"15072.79980";"15122.79980";"52573.52";"0.00";"IST";"SL";"2h 0m";"-0.00"
"149";"USTEC_ICM_UTC2";"Buy";"14938.8";"14963.8";"2023.08.16 20:15:00";"2023.08.16 20:30:00";"30.0";"750.00";"14913.79980";"14963.79980";"53323.52";"0.00";"IST";"PT";"15m 0s";"-0.00"
"150";"USTEC_ICM_UTC2";"Buy";"14886.7";"14861.7";"2023.08.17 16:45:00";"2023.08.17 16:45:00";"30.0";"-750.00";"14861.70020";"14911.70020";"52573.52";"0.00";"IST";"SL";"0s";"-0.00"
"151";"USTEC_ICM_UTC2";"Buy";"14680.2";"14655.2";"2023.08.18 19:45:00";"2023.08.18 20:00:00";"30.0";"-750.00";"14655.20020";"14705.20020";"51823.52";"0.00";"IST";"SL";"15m 0s";"-0.00"
"152";"USTEC_ICM_UTC2";"Buy";"14880.2";"14905.2";"2023.08.21 20:30:00";"2023.08.21 20:30:00";"30.0";"750.00";"14855.20020";"14905.20020";"52573.52";"0.00";"IST";"PT";"0s";"-0.00"
"153";"USTEC_ICM_UTC2";"Buy";"15038.5";"15013.5";"2023.08.22 16:30:00";"2023.08.22 16:30:00";"30.0";"-750.00";"15013.50000";"15063.50000";"51823.52";"0.00";"IST";"SL";"0s";"-0.00"
"154";"USTEC_ICM_UTC2";"Buy";"14975.0";"15000.0";"2023.08.23 16:45:00";"2023.08.23 16:45:00";"30.0";"750.00";"14950.00000";"15000.00000";"52573.52";"0.00";"IST";"PT";"0s";"-0.00"
"155";"USTEC_ICM_UTC2";"Buy";"14853.7";"14878.7";"2023.08.25 16:30:00";"2023.08.25 16:30:00";"30.0";"750.00";"14828.70020";"14878.70020";"53323.52";"0.00";"IST";"PT";"0s";"-0.00"
"156";"USTEC_ICM_UTC2";"Buy";"15059.3";"15084.3";"2023.08.28 16:30:00";"2023.08.28 16:30:00";"30.0";"750.00";"15034.29980";"15084.29980";"54073.52";"0.00";"IST";"PT";"0s";"-0.00"
"157";"USTEC_ICM_UTC2";"Buy";"15037.4";"15062.4";"2023.08.29 16:30:00";"2023.08.29 16:30:00";"30.0";"750.00";"15012.40039";"15062.40039";"54823.52";"0.00";"IST";"PT";"0s";"-0.00"
"158";"USTEC_ICM_UTC2";"Buy";"15370.9";"15395.9";"2023.08.30 16:45:00";"2023.08.30 16:45:00";"30.0";"750.00";"15345.90039";"15395.90039";"55573.52";"0.00";"IST";"PT";"0s";"-0.00"
"159";"USTEC_ICM_UTC2";"Buy";"15498.1";"15523.1";"2023.08.31 20:00:00";"2023.08.31 20:15:00";"30.0";"750.00";"15473.09961";"15523.09961";"56323.52";"0.00";"IST";"PT";"15m 0s";"-0.00"
"160";"USTEC_ICM_UTC2";"Buy";"15434.8";"15459.8";"2023.09.01 19:00:00";"2023.09.01 19:15:00";"30.0";"750.00";"15409.79980";"15459.79980";"57073.52";"0.00";"IST";"PT";"15m 0s";"-0.00"
"161";"USTEC_ICM_UTC2";"Buy";"15528.9";"15503.9";"2023.09.04 16:30:00";"2023.09.04 17:45:00";"30.0";"-750.00";"15503.90039";"15553.90039";"56323.52";"0.00";"IST";"SL";"1h 15m";"-0.00"
"162";"USTEC_ICM_UTC2";"Buy";"15530.8";"15505.8";"2023.09.05 19:45:00";"2023.09.05 20:00:00";"30.0";"-750.00";"15505.79980";"15555.79980";"55573.52";"0.00";"IST";"SL";"15m 0s";"-0.00"
"163";"USTEC_ICM_UTC2";"Buy";"15472.6";"15447.6";"2023.09.06 16:30:00";"2023.09.06 16:30:00";"30.0";"-750.00";"15447.59961";"15497.59961";"54823.52";"0.00";"IST";"SL";"0s";"-0.00"
"164";"USTEC_ICM_UTC2";"Buy";"15225.8";"15250.8";"2023.09.07 20:00:00";"2023.09.07 20:15:00";"30.0";"750.00";"15200.79980";"15250.79980";"55573.52";"0.00";"IST";"PT";"15m 0s";"-0.00"
"165";"USTEC_ICM_UTC2";"Buy";"15257.4";"15282.4";"2023.09.08 16:30:00";"2023.09.08 16:30:00";"30.0";"750.00";"15232.40039";"15282.40039";"56323.52";"0.00";"IST";"PT";"0s";"-0.00"
"166";"USTEC_ICM_UTC2";"Buy";"15407.2";"15432.2";"2023.09.11 16:30:00";"2023.09.11 16:30:00";"30.0";"750.00";"15382.20020";"15432.20020";"57073.52";"0.00";"IST";"PT";"0s";"-0.00"
"167";"USTEC_ICM_UTC2";"Buy";"15360.9";"15385.9";"2023.09.12 19:45:00";"2023.09.12 20:15:00";"30.0";"750.00";"15335.90039";"15385.90039";"57823.52";"0.00";"IST";"PT";"30m 0s";"-0.00"
"168";"USTEC_ICM_UTC2";"Buy";"15377.5";"15352.5";"2023.09.13 18:15:00";"2023.09.13 18:45:00";"30.0";"-750.00";"15352.50000";"15402.50000";"57073.52";"0.00";"IST";"SL";"30m 0s";"-0.00"
"169";"USTEC_ICM_UTC2";"Buy";"15471.8";"15496.8";"2023.09.14 19:30:00";"2023.09.14 19:45:00";"30.0";"750.00";"15446.79980";"15496.79980";"57823.52";"0.00";"IST";"PT";"15m 0s";"-0.00"
"170";"USTEC_ICM_UTC2";"Buy";"15177.7";"15202.7";"2023.09.15 21:30:00";"2023.09.15 22:15:00";"30.0";"750.00";"15152.70020";"15202.70020";"58573.52";"0.00";"IST";"PT";"45m 0s";"-0.00"
"171";"USTEC_ICM_UTC2";"Buy";"15246.1";"15221.1";"2023.09.18 20:00:00";"2023.09.18 21:45:00";"30.0";"-750.00";"15221.09961";"15271.09961";"57823.52";"0.00";"IST";"SL";"1h 45m";"-0.00"
"172";"USTEC_ICM_UTC2";"Buy";"15179.8";"15204.8";"2023.09.19 21:30:00";"2023.09.19 21:30:00";"30.0";"750.00";"15154.79980";"15204.79980";"58573.52";"0.00";"IST";"PT";"0s";"-0.00"
"173";"USTEC_ICM_UTC2";"Buy";"14788.7";"14763.7";"2023.09.21 21:15:00";"2023.09.21 21:15:00";"30.0";"-750.00";"14763.70020";"14813.70020";"57823.52";"0.00";"IST";"SL";"0s";"-0.00"
"174";"USTEC_ICM_UTC2";"Buy";"14771.3";"14746.3";"2023.09.22 16:30:00";"2023.09.22 16:30:00";"30.0";"-750.00";"14746.29980";"14796.29980";"57073.52";"0.00";"IST";"SL";"0s";"-0.00"
"175";"USTEC_ICM_UTC2";"Buy";"14739.4";"14764.4";"2023.09.25 19:15:00";"2023.09.25 19:15:00";"30.0";"750.00";"14714.40039";"14764.40039";"57823.52";"0.00";"IST";"PT";"0s";"-0.00"
"176";"USTEC_ICM_UTC2";"Buy";"14660.5";"14635.5";"2023.09.26 16:30:00";"2023.09.26 16:45:00";"30.0";"-750.00";"14635.50000";"14685.50000";"57073.52";"0.00";"IST";"SL";"15m 0s";"-0.00"
"177";"USTEC_ICM_UTC2";"Buy";"14552.9";"14577.9";"2023.09.27 22:45:00";"2023.09.27 22:45:00";"30.0";"750.00";"14527.90039";"14577.90039";"57823.52";"0.00";"IST";"PT";"0s";"-0.00"
"178";"USTEC_ICM_UTC2";"Buy";"14790.2";"14765.2";"2023.09.28 19:30:00";"2023.09.28 19:45:00";"30.0";"-750.00";"14765.20020";"14815.20020";"57073.52";"0.00";"IST";"SL";"15m 0s";"-0.00"
"179";"USTEC_ICM_UTC2";"Buy";"14840.2";"14865.2";"2023.09.29 16:45:00";"2023.09.29 16:45:00";"30.0";"750.00";"14815.20020";"14865.20020";"57823.52";"0.00";"IST";"PT";"0s";"-0.00"
"180";"USTEC_ICM_UTC2";"Buy";"14740.9";"14765.9";"2023.10.02 20:00:00";"2023.10.02 20:15:00";"30.0";"750.00";"14715.90039";"14765.90039";"58573.52";"0.00";"IST";"PT";"15m 0s";"-0.00"
"181";"USTEC_ICM_UTC2";"Buy";"14614.2";"14589.2";"2023.10.03 20:00:00";"2023.10.03 20:15:00";"30.0";"-750.00";"14589.20020";"14639.20020";"57823.52";"0.00";"IST";"SL";"15m 0s";"-0.00"
"182";"USTEC_ICM_UTC2";"Buy";"14607.4";"14632.4";"2023.10.04 16:30:00";"2023.10.04 16:30:00";"30.0";"750.00";"14582.40039";"14632.40039";"58573.52";"0.00";"IST";"PT";"0s";"-0.00"
"183";"USTEC_ICM_UTC2";"Buy";"14904.0";"14929.0";"2023.10.06 19:30:00";"2023.10.06 20:00:00";"30.0";"750.00";"14879.00000";"14929.00000";"59323.52";"0.00";"IST";"PT";"30m 0s";"-0.00"
"184";"USTEC_ICM_UTC2";"Buy";"14925.2";"14950.2";"2023.10.09 20:00:00";"2023.10.09 20:15:00";"30.0";"750.00";"14900.20020";"14950.20020";"60073.52";"0.00";"IST";"PT";"15m 0s";"-0.00"
"185";"USTEC_ICM_UTC2";"Buy";"15232.7";"15207.7";"2023.10.10 19:15:00";"2023.10.10 20:00:00";"30.0";"-750.00";"15207.70020";"15257.70020";"59323.52";"0.00";"IST";"SL";"45m 0s";"-0.00"
"186";"USTEC_ICM_UTC2";"Buy";"15184.6";"15209.6";"2023.10.11 22:15:00";"2023.10.11 22:15:00";"30.0";"750.00";"15159.59961";"15209.59961";"60073.52";"0.00";"IST";"PT";"0s";"-0.00"
"187";"USTEC_ICM_UTC2";"Buy";"15306.2";"15281.2";"2023.10.12 20:00:00";"2023.10.12 20:00:00";"30.0";"-750.00";"15281.20020";"15331.20020";"59323.52";"0.00";"IST";"SL";"0s";"-0.00"
"188";"USTEC_ICM_UTC2";"Buy";"15200.1";"15225.1";"2023.10.13 16:45:00";"2023.10.13 16:45:00";"30.0";"750.00";"15175.09961";"15225.09961";"60073.52";"0.00";"IST";"PT";"0s";"-0.00"
"189";"USTEC_ICM_UTC2";"Buy";"15079.3";"15104.3";"2023.10.16 16:45:00";"2023.10.16 16:45:00";"30.0";"750.00";"15054.29980";"15104.29980";"60823.52";"0.00";"IST";"PT";"0s";"-0.00"
"190";"USTEC_ICM_UTC2";"Buy";"15155.9";"15130.9";"2023.10.17 20:00:00";"2023.10.17 20:30:00";"30.0";"-750.00";"15130.90039";"15180.90039";"60073.52";"0.00";"IST";"SL";"30m 0s";"-0.00"
"191";"USTEC_ICM_UTC2";"Buy";"14959.0";"14934.0";"2023.10.18 21:45:00";"2023.10.18 21:45:00";"30.0";"-750.00";"14934.00000";"14984.00000";"59323.52";"0.00";"IST";"SL";"0s";"-0.00"
"192";"USTEC_ICM_UTC2";"Buy";"14425.1";"14450.1";"2023.10.23 16:45:00";"2023.10.23 16:45:00";"30.0";"750.00";"14400.09961";"14450.09961";"60073.52";"0.00";"IST";"PT";"0s";"-0.00"
"193";"USTEC_ICM_UTC2";"Buy";"14722.6";"14697.6";"2023.10.24 16:45:00";"2023.10.24 16:45:00";"30.0";"-750.00";"14697.59961";"14747.59961";"59323.52";"0.00";"IST";"SL";"0s";"-0.00"
"194";"USTEC_ICM_UTC2";"Buy";"14373.3";"14398.3";"2023.10.25 21:45:00";"2023.10.25 21:45:00";"30.0";"750.00";"14348.29980";"14398.29980";"60073.52";"0.00";"IST";"PT";"0s";"-0.00"
"195";"USTEC_ICM_UTC2";"Buy";"14328.6";"14303.6";"2023.10.26 16:45:00";"2023.10.26 16:45:00";"30.0";"-750.00";"14303.59961";"14353.59961";"59323.52";"0.00";"IST";"SL";"0s";"-0.00"
"196";"USTEC_ICM_UTC2";"Buy";"14221.8";"14246.8";"2023.10.27 16:30:00";"2023.10.27 16:30:00";"30.0";"750.00";"14196.79980";"14246.79980";"60073.52";"0.00";"IST";"PT";"0s";"-0.00"
"197";"USTEC_ICM_UTC2";"Buy";"14322.8";"14347.8";"2023.10.30 20:30:00";"2023.10.30 20:30:00";"30.0";"750.00";"14297.79980";"14347.79980";"60823.52";"0.00";"IST";"PT";"0s";"-0.00"
"198";"USTEC_ICM_UTC2";"Buy";"14360.6";"14385.6";"2023.10.31 20:30:00";"2023.10.31 20:30:00";"30.0";"750.00";"14335.59961";"14385.59961";"61573.52";"0.00";"IST";"PT";"0s";"-0.00"
"199";"USTEC_ICM_UTC2";"Buy";"14530.3";"14505.3";"2023.11.01 18:00:00";"2023.11.01 18:15:00";"30.0";"-750.00";"14505.29980";"14555.29980";"60823.52";"0.00";"IST";"SL";"15m 0s";"-0.00"
"200";"USTEC_ICM_UTC2";"Buy";"14862.0";"14887.0";"2023.11.02 18:30:00";"2023.11.02 18:45:00";"30.0";"750.00";"14837.00000";"14887.00000";"61573.52";"0.00";"IST";"PT";"15m 0s";"-0.00"
"201";"USTEC_ICM_UTC2";"Buy";"15063.4";"15088.4";"2023.11.03 17:45:00";"2023.11.03 18:15:00";"30.0";"750.00";"15038.40039";"15088.40039";"62323.52";"0.00";"IST";"PT";"30m 0s";"-0.00"
"202";"USTEC_ICM_UTC2";"Buy";"15142.8";"15117.8";"2023.11.06 16:45:00";"2023.11.06 17:00:00";"30.0";"-750.00";"15117.79980";"15167.79980";"61573.52";"0.00";"IST";"SL";"15m 0s";"-0.00"
"203";"USTEC_ICM_UTC2";"Buy";"15200.8";"15175.8";"2023.11.07 16:30:00";"2023.11.07 16:30:00";"30.0";"-750.00";"15175.79980";"15225.79980";"60823.52";"0.00";"IST";"SL";"0s";"-0.00"
"204";"USTEC_ICM_UTC2";"Buy";"15301.0";"15276.0";"2023.11.08 21:15:00";"2023.11.09 01:00:00";"30.0";"-933.12";"15276.00000";"15326.00000";"59890.40";"0.00";"IST";"SL";"3h 45m";"-183.12"
"205";"USTEC_ICM_UTC2";"Buy";"15313.1";"15338.1";"2023.11.09 16:45:00";"2023.11.09 16:45:00";"30.0";"750.00";"15288.09961";"15338.09961";"60640.40";"0.00";"IST";"PT";"0s";"-0.00"
"206";"USTEC_ICM_UTC2";"Buy";"15259.4";"15284.4";"2023.11.10 16:30:00";"2023.11.10 16:30:00";"30.0";"750.00";"15234.40039";"15284.40039";"61390.40";"0.00";"IST";"PT";"0s";"-0.00"
"207";"USTEC_ICM_UTC2";"Buy";"15461.5";"15436.5";"2023.11.13 16:30:00";"2023.11.13 16:30:00";"30.0";"-750.00";"15436.50000";"15486.50000";"60640.40";"0.00";"IST";"SL";"0s";"-0.00"
"208";"USTEC_ICM_UTC2";"Buy";"15804.8";"15779.8";"2023.11.14 18:00:00";"2023.11.14 18:45:00";"30.0";"-750.00";"15779.79980";"15829.79980";"59890.40";"0.00";"IST";"SL";"45m 0s";"-0.00"
"209";"USTEC_ICM_UTC2";"Buy";"15842.8";"15817.8";"2023.11.15 22:00:00";"2023.11.15 22:15:00";"30.0";"-750.00";"15817.79980";"15867.79980";"59140.40";"0.00";"IST";"SL";"15m 0s";"-0.00"
"210";"USTEC_ICM_UTC2";"Buy";"15798.3";"15773.3";"2023.11.16 20:15:00";"2023.11.16 20:45:00";"30.0";"-750.00";"15773.29980";"15823.29980";"58390.40";"0.00";"IST";"SL";"30m 0s";"-0.00"
"211";"USTEC_ICM_UTC2";"Buy";"15849.2";"15874.2";"2023.11.17 20:45:00";"2023.11.17 21:00:00";"30.0";"750.00";"15824.20020";"15874.20020";"59140.40";"0.00";"IST";"PT";"15m 0s";"-0.00"
"212";"USTEC_ICM_UTC2";"Buy";"15960.2";"15985.2";"2023.11.20 18:45:00";"2023.11.20 20:00:00";"30.0";"750.00";"15935.20020";"15985.20020";"59890.40";"0.00";"IST";"PT";"1h 15m";"-0.00"
"213";"USTEC_ICM_UTC2";"Buy";"16041.6";"16016.6";"2023.11.22 21:00:00";"2023.11.22 21:30:00";"30.0";"-750.00";"16016.59961";"16066.59961";"59140.40";"0.00";"IST";"SL";"30m 0s";"-0.00"
"214";"USTEC_ICM_UTC2";"Buy";"16019.2";"15994.2";"2023.11.23 16:30:00";"2023.11.24 09:00:00";"30.0";"-933.12";"15994.20020";"16044.20020";"58207.28";"0.00";"IST";"SL";"16h 30m";"-183.12"
"215";"USTEC_ICM_UTC2";"Buy";"16027.1";"16002.1";"2023.11.27 19:45:00";"2023.11.27 21:15:00";"30.0";"-750.00";"16002.09961";"16052.09961";"57457.28";"0.00";"IST";"SL";"1h 30m";"-0.00"
"216";"USTEC_ICM_UTC2";"Buy";"16003.6";"15978.6";"2023.11.28 19:30:00";"2023.11.28 19:30:00";"30.0";"-750.00";"15978.59961";"16028.59961";"56707.28";"0.00";"IST";"SL";"0s";"-0.00"
"217";"USTEC_ICM_UTC2";"Buy";"15879.8";"15854.8";"2023.11.30 21:45:00";"2023.11.30 22:15:00";"30.0";"-750.00";"15854.79980";"15904.79980";"55957.28";"0.00";"IST";"SL";"30m 0s";"-0.00"
"218";"USTEC_ICM_UTC2";"Buy";"15977.3";"16002.3";"2023.12.01 21:15:00";"2023.12.01 22:45:00";"30.0";"750.00";"15952.29980";"16002.29980";"56707.28";"0.00";"IST";"PT";"1h 30m";"-0.00"
"219";"USTEC_ICM_UTC2";"Buy";"15791.1";"15766.1";"2023.12.04 20:30:00";"2023.12.04 21:00:00";"30.0";"-750.00";"15766.09961";"15816.09961";"55957.28";"0.00";"IST";"SL";"30m 0s";"-0.00"
"220";"USTEC_ICM_UTC2";"Buy";"15849.1";"15874.1";"2023.12.05 20:30:00";"2023.12.05 21:15:00";"30.0";"750.00";"15824.09961";"15874.09961";"56707.28";"0.00";"IST";"PT";"45m 0s";"-0.00"
"221";"USTEC_ICM_UTC2";"Buy";"15881.4";"15856.4";"2023.12.06 19:45:00";"2023.12.06 19:45:00";"30.0";"-750.00";"15856.40039";"15906.40039";"55957.28";"0.00";"IST";"SL";"0s";"-0.00"
"222";"USTEC_ICM_UTC2";"Buy";"15994.1";"16019.1";"2023.12.07 19:15:00";"2023.12.07 19:15:00";"30.0";"750.00";"15969.09961";"16019.09961";"56707.28";"0.00";"IST";"PT";"0s";"-0.00"
"223";"USTEC_ICM_UTC2";"Buy";"16050.6";"16075.6";"2023.12.08 20:45:00";"2023.12.08 21:00:00";"30.0";"750.00";"16025.59961";"16075.59961";"57457.28";"0.00";"IST";"PT";"15m 0s";"-0.00"
"224";"USTEC_ICM_UTC2";"Buy";"16190.3";"16215.3";"2023.12.11 20:00:00";"2023.12.11 20:30:00";"30.0";"750.00";"16165.29980";"16215.29980";"58207.28";"0.00";"IST";"PT";"30m 0s";"-0.00"
"225";"USTEC_ICM_UTC2";"Buy";"16284.7";"16309.7";"2023.12.12 20:15:00";"2023.12.12 20:45:00";"30.0";"750.00";"16259.70020";"16309.70020";"58957.28";"0.00";"IST";"PT";"30m 0s";"-0.00"
"226";"USTEC_ICM_UTC2";"Buy";"16386.1";"16411.1";"2023.12.13 16:30:00";"2023.12.13 16:30:00";"30.0";"750.00";"16361.09961";"16411.09961";"59707.28";"0.00";"IST";"PT";"0s";"-0.00"
"227";"USTEC_ICM_UTC2";"Buy";"16523.9";"16548.9";"2023.12.14 22:30:00";"2023.12.14 23:00:00";"30.0";"750.00";"16498.90039";"16548.90039";"60457.28";"0.00";"IST";"PT";"30m 0s";"-0.00"
"228";"USTEC_ICM_UTC2";"Buy";"16640.9";"16615.9";"2023.12.15 19:15:00";"2023.12.15 19:45:00";"30.0";"-750.00";"16615.90039";"16665.90039";"59707.28";"0.00";"IST";"SL";"30m 0s";"-0.00"
"229";"USTEC_ICM_UTC2";"Buy";"16674.1";"16699.1";"2023.12.18 18:15:00";"2023.12.18 18:30:00";"30.0";"750.00";"16649.09961";"16699.09961";"60457.28";"0.00";"IST";"PT";"15m 0s";"-0.00"
"230";"USTEC_ICM_UTC2";"Buy";"16774.3";"16799.3";"2023.12.19 20:15:00";"2023.12.19 21:00:00";"30.0";"750.00";"16749.30078";"16799.30078";"61207.28";"0.00";"IST";"PT";"45m 0s";"-0.00"
"231";"USTEC_ICM_UTC2";"Buy";"16776.8";"16801.8";"2023.12.20 16:30:00";"2023.12.20 16:30:00";"30.0";"750.00";"16751.80078";"16801.80078";"61957.28";"0.00";"IST";"PT";"0s";"-0.00"
"232";"USTEC_ICM_UTC2";"Buy";"16683.3";"16708.3";"2023.12.21 21:30:00";"2023.12.21 22:15:00";"30.0";"750.00";"16658.30078";"16708.30078";"62707.28";"0.00";"IST";"PT";"45m 0s";"-0.00"
"233";"USTEC_ICM_UTC2";"Buy";"16835.5";"16810.5";"2023.12.22 16:45:00";"2023.12.22 17:00:00";"30.0";"-750.00";"16810.50000";"16860.50000";"61957.28";"0.00";"IST";"SL";"15m 0s";"-0.00"
"234";"USTEC_ICM_UTC2";"Buy";"16847.1";"16872.1";"2023.12.26 16:45:00";"2023.12.26 21:45:00";"30.0";"750.00";"16822.09961";"16872.09961";"62707.28";"0.00";"IST";"PT";"5h 0m";"-0.00"
"235";"USTEC_ICM_UTC2";"Buy";"16885.8";"16910.8";"2023.12.27 16:30:00";"2023.12.27 16:30:00";"30.0";"750.00";"16860.80078";"16910.80078";"63457.28";"0.00";"IST";"PT";"0s";"-0.00"
"236";"USTEC_ICM_UTC2";"Buy";"16911.1";"16936.1";"2023.12.28 22:15:00";"2023.12.29 10:15:00";"30.0";"566.88";"16886.09961";"16936.09961";"64024.16";"0.00";"IST";"PT";"12h 0m";"-183.12"
"237";"USTEC_ICM_UTC2";"Buy";"16405.6";"16380.6";"2024.01.03 20:45:00";"2024.01.03 21:00:00";"30.0";"-750.00";"16380.59961";"16430.59961";"63274.16";"0.00";"IST";"SL";"15m 0s";"-0.00"
"238";"USTEC_ICM_UTC2";"Buy";"16281.4";"16306.4";"2024.01.05 20:15:00";"2024.01.05 20:15:00";"30.0";"750.00";"16256.40039";"16306.40039";"64024.16";"0.00";"IST";"PT";"0s";"-0.00"
"239";"USTEC_ICM_UTC2";"Buy";"16497.2";"16522.2";"2024.01.08 17:45:00";"2024.01.08 19:00:00";"30.0";"750.00";"16472.19922";"16522.19922";"64774.16";"0.00";"IST";"PT";"1h 15m";"-0.00"
"240";"USTEC_ICM_UTC2";"Buy";"16682.6";"16707.6";"2024.01.09 19:00:00";"2024.01.09 20:00:00";"30.0";"750.00";"16657.59961";"16707.59961";"65524.16";"0.00";"IST";"PT";"1h 0m";"-0.00"
"241";"USTEC_ICM_UTC2";"Buy";"16747.3";"16772.3";"2024.01.10 19:45:00";"2024.01.10 20:00:00";"30.0";"750.00";"16722.30078";"16772.30078";"66274.16";"0.00";"IST";"PT";"15m 0s";"-0.00"
"242";"USTEC_ICM_UTC2";"Buy";"16806.8";"16781.8";"2024.01.12 18:45:00";"2024.01.12 18:45:00";"30.0";"-750.00";"16781.80078";"16831.80078";"65524.16";"0.00";"IST";"SL";"0s";"-0.00"
"243";"USTEC_ICM_UTC2";"Buy";"16836.1";"16811.1";"2024.01.15 18:30:00";"2024.01.16 01:15:00";"30.0";"-933.12";"16811.09961";"16861.09961";"64591.04";"0.00";"IST";"SL";"6h 45m";"-183.12"
"244";"USTEC_ICM_UTC2";"Buy";"16793.1";"16818.1";"2024.01.16 22:30:00";"2024.01.16 22:45:00";"30.0";"750.00";"16768.09961";"16818.09961";"65341.04";"0.00";"IST";"PT";"15m 0s";"-0.00"
"245";"USTEC_ICM_UTC2";"Buy";"16672.9";"16697.9";"2024.01.17 22:15:00";"2024.01.17 22:30:00";"30.0";"750.00";"16647.90039";"16697.90039";"66091.04";"0.00";"IST";"PT";"15m 0s";"-0.00"
"246";"USTEC_ICM_UTC2";"Buy";"16926.7";"16951.7";"2024.01.18 21:15:00";"2024.01.18 21:15:00";"30.0";"750.00";"16901.69922";"16951.69922";"66841.04";"0.00";"IST";"PT";"0s";"-0.00"
"247";"USTEC_ICM_UTC2";"Buy";"17253.2";"17278.2";"2024.01.19 20:45:00";"2024.01.19 21:00:00";"30.0";"750.00";"17228.19922";"17278.19922";"67591.04";"0.00";"IST";"PT";"15m 0s";"-0.00"
"248";"USTEC_ICM_UTC2";"Buy";"17398.9";"17423.9";"2024.01.22 16:30:00";"2024.01.22 16:30:00";"30.0";"750.00";"17373.90039";"17423.90039";"68341.04";"0.00";"IST";"PT";"0s";"-0.00"
"249";"USTEC_ICM_UTC2";"Buy";"17326.6";"17351.6";"2024.01.23 19:30:00";"2024.01.23 19:45:00";"30.0";"750.00";"17301.59961";"17351.59961";"69091.04";"0.00";"IST";"PT";"15m 0s";"-0.00"
"250";"USTEC_ICM_UTC2";"Buy";"17616.2";"17641.2";"2024.01.24 20:15:00";"2024.01.24 20:15:00";"30.0";"750.00";"17591.19922";"17641.19922";"69841.04";"0.00";"IST";"PT";"0s";"-0.00"
"251";"USTEC_ICM_UTC2";"Buy";"17595.7";"17620.7";"2024.01.25 18:45:00";"2024.01.25 18:45:00";"30.0";"750.00";"17570.69922";"17620.69922";"70591.04";"0.00";"IST";"PT";"0s";"-0.00"
"252";"USTEC_ICM_UTC2";"Buy";"17442.9";"17417.9";"2024.01.26 21:45:00";"2024.01.26 22:30:00";"30.0";"-750.00";"17417.90039";"17467.90039";"69841.04";"0.00";"IST";"SL";"45m 0s";"-0.00"
"253";"USTEC_ICM_UTC2";"Buy";"17436.6";"17461.6";"2024.01.29 16:30:00";"2024.01.29 16:30:00";"30.0";"750.00";"17411.59961";"17461.59961";"70591.04";"0.00";"IST";"PT";"0s";"-0.00"
"254";"USTEC_ICM_UTC2";"Buy";"17544.2";"17519.2";"2024.01.30 17:15:00";"2024.01.30 17:45:00";"30.0";"-750.00";"17519.19922";"17569.19922";"69841.04";"0.00";"IST";"SL";"30m 0s";"-0.00"
"255";"USTEC_ICM_UTC2";"Buy";"17258.2";"17283.2";"2024.02.01 20:45:00";"2024.02.01 20:45:00";"30.0";"750.00";"17233.19922";"17283.19922";"70591.04";"0.00";"IST";"PT";"0s";"-0.00"
"256";"USTEC_ICM_UTC2";"Buy";"17608.5";"17633.5";"2024.02.02 19:15:00";"2024.02.02 19:15:00";"30.0";"750.00";"17583.50000";"17633.50000";"71341.04";"0.00";"IST";"PT";"0s";"-0.00"
"257";"USTEC_ICM_UTC2";"Buy";"17631.0";"17606.0";"2024.02.05 20:15:00";"2024.02.05 20:15:00";"30.0";"-750.00";"17606.00000";"17656.00000";"70591.04";"0.00";"IST";"SL";"0s";"-0.00"
"258";"USTEC_ICM_UTC2";"Buy";"17639.2";"17614.2";"2024.02.06 16:45:00";"2024.02.06 16:45:00";"30.0";"-750.00";"17614.19922";"17664.19922";"69841.04";"0.00";"IST";"SL";"0s";"-0.00"
"259";"USTEC_ICM_UTC2";"Buy";"17753.3";"17728.3";"2024.02.07 21:30:00";"2024.02.08 13:15:00";"30.0";"-933.12";"17728.30078";"17778.30078";"68907.92";"0.00";"IST";"SL";"15h 45m";"-183.12"
"260";"USTEC_ICM_UTC2";"Buy";"17751.5";"17726.5";"2024.02.08 16:30:00";"2024.02.08 16:30:00";"30.0";"-750.00";"17726.50000";"17776.50000";"68157.92";"0.00";"IST";"SL";"0s";"-0.00"
"261";"USTEC_ICM_UTC2";"Buy";"17906.2";"17931.2";"2024.02.09 19:15:00";"2024.02.09 19:45:00";"30.0";"750.00";"17881.19922";"17931.19922";"68907.92";"0.00";"IST";"PT";"30m 0s";"-0.00"
"262";"USTEC_ICM_UTC2";"Buy";"18027.3";"18002.3";"2024.02.12 20:00:00";"2024.02.12 20:15:00";"30.0";"-750.00";"18002.30078";"18052.30078";"68157.92";"0.00";"IST";"SL";"15m 0s";"-0.00"
"263";"USTEC_ICM_UTC2";"Buy";"17604.4";"17579.4";"2024.02.13 20:45:00";"2024.02.13 20:45:00";"30.0";"-750.00";"17579.40039";"17629.40039";"67407.92";"0.00";"IST";"SL";"0s";"-0.00"
"264";"USTEC_ICM_UTC2";"Buy";"17717.4";"17742.4";"2024.02.14 16:30:00";"2024.02.14 16:30:00";"30.0";"750.00";"17692.40039";"17742.40039";"68157.92";"0.00";"IST";"PT";"0s";"-0.00"
"265";"USTEC_ICM_UTC2";"Buy";"17844.1";"17819.1";"2024.02.15 22:15:00";"2024.02.15 22:15:00";"30.0";"-750.00";"17819.09961";"17869.09961";"67407.92";"0.00";"IST";"SL";"0s";"-0.00"
"266";"USTEC_ICM_UTC2";"Buy";"17803.9";"17778.9";"2024.02.16 21:45:00";"2024.02.16 21:45:00";"30.0";"-750.00";"17778.90039";"17828.90039";"66657.92";"0.00";"IST";"SL";"0s";"-0.00"
"267";"USTEC_ICM_UTC2";"Buy";"17732.0";"17707.0";"2024.02.19 17:15:00";"2024.02.20 01:00:00";"30.0";"-933.12";"17707.00000";"17757.00000";"65724.80";"0.00";"IST";"SL";"7h 45m";"-183.12"
"268";"USTEC_ICM_UTC2";"Buy";"17482.4";"17507.4";"2024.02.20 21:30:00";"2024.02.20 21:45:00";"30.0";"750.00";"17457.40039";"17507.40039";"66474.80";"0.00";"IST";"PT";"15m 0s";"-0.00"
"269";"USTEC_ICM_UTC2";"Buy";"17448.3";"17423.3";"2024.02.21 19:00:00";"2024.02.21 19:00:00";"30.0";"-750.00";"17423.30078";"17473.30078";"65724.80";"0.00";"IST";"SL";"0s";"-0.00"
"270";"USTEC_ICM_UTC2";"Buy";"17967.6";"17992.6";"2024.02.22 20:00:00";"2024.02.22 20:30:00";"30.0";"750.00";"17942.59961";"17992.59961";"66474.80";"0.00";"IST";"PT";"30m 0s";"-0.00"
"271";"USTEC_ICM_UTC2";"Buy";"17960.4";"17935.4";"2024.02.23 21:15:00";"2024.02.23 22:00:00";"30.0";"-750.00";"17935.40039";"17985.40039";"65724.80";"0.00";"IST";"SL";"45m 0s";"-0.00"
"272";"USTEC_ICM_UTC2";"Buy";"17971.8";"17996.8";"2024.02.26 16:30:00";"2024.02.26 16:30:00";"30.0";"750.00";"17946.80078";"17996.80078";"66474.80";"0.00";"IST";"PT";"0s";"-0.00"
"273";"USTEC_ICM_UTC2";"Buy";"17932.8";"17907.8";"2024.02.27 19:30:00";"2024.02.27 19:30:00";"30.0";"-750.00";"17907.80078";"17957.80078";"65724.80";"0.00";"IST";"SL";"0s";"-0.00"
"274";"USTEC_ICM_UTC2";"Buy";"17909.8";"17884.8";"2024.02.28 19:15:00";"2024.02.28 19:15:00";"30.0";"-750.00";"17884.80078";"17934.80078";"64974.80";"0.00";"IST";"SL";"0s";"-0.00"
"275";"USTEC_ICM_UTC2";"Buy";"17998.4";"17973.4";"2024.02.29 21:00:00";"2024.02.29 21:45:00";"30.0";"-750.00";"17973.40039";"18023.40039";"64224.80";"0.00";"IST";"SL";"45m 0s";"-0.00"
"276";"USTEC_ICM_UTC2";"Buy";"18057.3";"18082.3";"2024.03.01 16:30:00";"2024.03.01 16:30:00";"30.0";"750.00";"18032.30078";"18082.30078";"64974.80";"0.00";"IST";"PT";"0s";"-0.00"
"277";"USTEC_ICM_UTC2";"Buy";"18292.7";"18267.7";"2024.03.04 16:30:00";"2024.03.04 16:30:00";"30.0";"-750.00";"18267.69922";"18317.69922";"64224.80";"0.00";"IST";"SL";"0s";"-0.00"
"278";"USTEC_ICM_UTC2";"Buy";"17892.4";"17867.4";"2024.03.05 20:30:00";"2024.03.05 20:30:00";"30.0";"-750.00";"17867.40039";"17917.40039";"63474.80";"0.00";"IST";"SL";"0s";"-0.00"
"279";"USTEC_ICM_UTC2";"Buy";"18076.9";"18051.9";"2024.03.06 16:30:00";"2024.03.06 16:30:00";"30.0";"-750.00";"18051.90039";"18101.90039";"62724.80";"0.00";"IST";"SL";"0s";"-0.00"
"280";"USTEC_ICM_UTC2";"Buy";"18159.5";"18184.5";"2024.03.07 16:30:00";"2024.03.07 16:30:00";"30.0";"750.00";"18134.50000";"18184.50000";"63474.80";"0.00";"IST";"PT";"0s";"-0.00"
"281";"USTEC_ICM_UTC2";"Buy";"17935.3";"17960.3";"2024.03.11 17:45:00";"2024.03.11 17:45:00";"30.0";"750.00";"17910.30078";"17960.30078";"64224.80";"0.00";"IST";"PT";"0s";"-0.00"
"282";"USTEC_ICM_UTC2";"Buy";"18147.7";"18122.7";"2024.03.12 17:45:00";"2024.03.12 18:15:00";"30.0";"-750.00";"18122.69922";"18172.69922";"63474.80";"0.00";"IST";"SL";"30m 0s";"-0.00"
"283";"USTEC_ICM_UTC2";"Buy";"18059.8";"18084.8";"2024.03.13 21:30:00";"2024.03.13 21:30:00";"30.0";"750.00";"18034.80078";"18084.80078";"64224.80";"0.00";"IST";"PT";"0s";"-0.00"
"284";"USTEC_ICM_UTC2";"Buy";"17984.2";"18009.2";"2024.03.14 19:30:00";"2024.03.14 19:45:00";"30.0";"750.00";"17959.19922";"18009.19922";"64974.80";"0.00";"IST";"PT";"15m 0s";"-0.00"
"285";"USTEC_ICM_UTC2";"Buy";"17846.3";"17821.3";"2024.03.15 20:45:00";"2024.03.15 20:45:00";"30.0";"-750.00";"17821.30078";"17871.30078";"64224.80";"0.00";"IST";"SL";"0s";"-0.00"
"286";"USTEC_ICM_UTC2";"Buy";"18049.0";"18024.0";"2024.03.18 18:45:00";"2024.03.18 18:45:00";"30.0";"-750.00";"18024.00000";"18074.00000";"63474.80";"0.00";"IST";"SL";"0s";"-0.00"
"287";"USTEC_ICM_UTC2";"Buy";"17949.6";"17974.6";"2024.03.19 18:30:00";"2024.03.19 18:30:00";"30.0";"750.00";"17924.59961";"17974.59961";"64224.80";"0.00";"IST";"PT";"0s";"-0.00"
"288";"USTEC_ICM_UTC2";"Buy";"18451.6";"18426.6";"2024.03.21 18:15:00";"2024.03.21 19:00:00";"30.0";"-750.00";"18426.59961";"18476.59961";"63474.80";"0.00";"IST";"SL";"45m 0s";"-0.00"
"289";"USTEC_ICM_UTC2";"Buy";"18369.8";"18344.8";"2024.03.22 19:45:00";"2024.03.22 21:00:00";"30.0";"-750.00";"18344.80078";"18394.80078";"62724.80";"0.00";"IST";"SL";"1h 15m";"-0.00"
"290";"USTEC_ICM_UTC2";"Buy";"18293.7";"18318.7";"2024.03.25 18:45:00";"2024.03.25 19:30:00";"30.0";"750.00";"18268.69922";"18318.69922";"63474.80";"0.00";"IST";"PT";"45m 0s";"-0.00"
"291";"USTEC_ICM_UTC2";"Buy";"18352.5";"18327.5";"2024.03.26 18:00:00";"2024.03.26 18:15:00";"30.0";"-750.00";"18327.50000";"18377.50000";"62724.80";"0.00";"IST";"SL";"15m 0s";"-0.00"
"292";"USTEC_ICM_UTC2";"Buy";"18253.4";"18228.4";"2024.03.28 19:00:00";"2024.03.28 19:15:00";"30.0";"-750.00";"18228.40039";"18278.40039";"61974.80";"0.00";"IST";"SL";"15m 0s";"-0.00"
"293";"USTEC_ICM_UTC2";"Buy";"18241.9";"18266.9";"2024.04.01 20:30:00";"2024.04.01 21:15:00";"30.0";"750.00";"18216.90039";"18266.90039";"62724.80";"0.00";"IST";"PT";"45m 0s";"-0.00"
"294";"USTEC_ICM_UTC2";"Buy";"18076.6";"18101.6";"2024.04.02 20:30:00";"2024.04.02 22:00:00";"30.0";"750.00";"18051.59961";"18101.59961";"63474.80";"0.00";"IST";"PT";"1h 30m";"-0.00"
"295";"USTEC_ICM_UTC2";"Buy";"18234.7";"18209.7";"2024.04.03 18:30:00";"2024.04.03 18:45:00";"30.0";"-750.00";"18209.69922";"18259.69922";"62724.80";"0.00";"IST";"SL";"15m 0s";"-0.00"
"296";"USTEC_ICM_UTC2";"Buy";"18336.3";"18311.3";"2024.04.04 16:45:00";"2024.04.04 16:45:00";"30.0";"-750.00";"18311.30078";"18361.30078";"61974.80";"0.00";"IST";"SL";"0s";"-0.00"
"297";"USTEC_ICM_UTC2";"Buy";"18161.1";"18186.1";"2024.04.05 19:30:00";"2024.04.05 19:45:00";"30.0";"750.00";"18136.09961";"18186.09961";"62724.80";"0.00";"IST";"PT";"15m 0s";"-0.00"
"298";"USTEC_ICM_UTC2";"Buy";"18133.0";"18108.0";"2024.04.08 16:30:00";"2024.04.08 16:30:00";"30.0";"-750.00";"18108.00000";"18158.00000";"61974.80";"0.00";"IST";"SL";"0s";"-0.00"
"299";"USTEC_ICM_UTC2";"Buy";"18105.8";"18080.8";"2024.04.09 19:45:00";"2024.04.09 19:45:00";"30.0";"-750.00";"18080.80078";"18130.80078";"61224.80";"0.00";"IST";"SL";"0s";"-0.00"
"300";"USTEC_ICM_UTC2";"Buy";"18061.7";"18086.7";"2024.04.11 16:45:00";"2024.04.11 16:45:00";"30.0";"750.00";"18036.69922";"18086.69922";"61974.80";"0.00";"IST";"PT";"0s";"-0.00"
"301";"USTEC_ICM_UTC2";"Buy";"18164.6";"18139.6";"2024.04.15 16:30:00";"2024.04.15 16:30:00";"30.0";"-750.00";"18139.59961";"18189.59961";"61224.80";"0.00";"IST";"SL";"0s";"-0.00"
"302";"USTEC_ICM_UTC2";"Buy";"17697.5";"17672.5";"2024.04.16 16:30:00";"2024.04.16 16:30:00";"30.0";"-750.00";"17672.50000";"17722.50000";"60474.80";"0.00";"IST";"SL";"0s";"-0.00"
"303";"USTEC_ICM_UTC2";"Buy";"17770.7";"17745.7";"2024.04.17 16:45:00";"2024.04.17 16:45:00";"30.0";"-750.00";"17745.69922";"17795.69922";"59724.80";"0.00";"IST";"SL";"0s";"-0.00"
"304";"USTEC_ICM_UTC2";"Buy";"17542.1";"17517.1";"2024.04.18 19:00:00";"2024.04.18 19:30:00";"30.0";"-750.00";"17517.09961";"17567.09961";"58974.80";"0.00";"IST";"SL";"30m 0s";"-0.00"
"305";"USTEC_ICM_UTC2";"Buy";"17343.7";"17318.7";"2024.04.19 16:45:00";"2024.04.19 16:45:00";"30.0";"-750.00";"17318.69922";"17368.69922";"58224.80";"0.00";"IST";"SL";"0s";"-0.00"
"306";"USTEC_ICM_UTC2";"Buy";"17148.2";"17173.2";"2024.04.22 16:45:00";"2024.04.22 16:45:00";"30.0";"750.00";"17123.19922";"17173.19922";"58974.80";"0.00";"IST";"PT";"0s";"-0.00"
"307";"USTEC_ICM_UTC2";"Buy";"17307.3";"17332.3";"2024.04.23 16:45:00";"2024.04.23 16:45:00";"30.0";"750.00";"17282.30078";"17332.30078";"59724.80";"0.00";"IST";"PT";"0s";"-0.00"
"308";"USTEC_ICM_UTC2";"Buy";"17594.8";"17619.8";"2024.04.24 16:30:00";"2024.04.24 16:30:00";"30.0";"750.00";"17569.80078";"17619.80078";"60474.80";"0.00";"IST";"PT";"0s";"-0.00"
"309";"USTEC_ICM_UTC2";"Buy";"17384.5";"17409.5";"2024.04.25 21:30:00";"2024.04.25 21:30:00";"30.0";"750.00";"17359.50000";"17409.50000";"61224.80";"0.00";"IST";"PT";"0s";"-0.00"
"310";"USTEC_ICM_UTC2";"Buy";"17734.3";"17709.3";"2024.04.26 18:45:00";"2024.04.26 19:00:00";"30.0";"-750.00";"17709.30078";"17759.30078";"60474.80";"0.00";"IST";"SL";"15m 0s";"-0.00"
"311";"USTEC_ICM_UTC2";"Buy";"17768.2";"17793.2";"2024.04.29 20:15:00";"2024.04.29 20:15:00";"30.0";"750.00";"17743.19922";"17793.19922";"61224.80";"0.00";"IST";"PT";"0s";"-0.00"
"312";"USTEC_ICM_UTC2";"Buy";"17374.2";"17349.2";"2024.05.01 16:45:00";"2024.05.01 16:45:00";"30.0";"-750.00";"17349.19922";"17399.19922";"60474.80";"0.00";"IST";"SL";"0s";"-0.00"
"313";"USTEC_ICM_UTC2";"Buy";"17471.3";"17446.3";"2024.05.02 16:30:00";"2024.05.02 16:30:00";"30.0";"-750.00";"17446.30078";"17496.30078";"59724.80";"0.00";"IST";"SL";"0s";"-0.00"
"314";"USTEC_ICM_UTC2";"Buy";"17878.0";"17853.0";"2024.05.03 19:30:00";"2024.05.03 19:45:00";"30.0";"-750.00";"17853.00000";"17903.00000";"58974.80";"0.00";"IST";"SL";"15m 0s";"-0.00"
"315";"USTEC_ICM_UTC2";"Buy";"17964.5";"17939.5";"2024.05.06 16:30:00";"2024.05.06 16:30:00";"30.0";"-750.00";"17939.50000";"17989.50000";"58224.80";"0.00";"IST";"SL";"0s";"-0.00"
"316";"USTEC_ICM_UTC2";"Buy";"18144.7";"18119.7";"2024.05.07 19:15:00";"2024.05.07 20:45:00";"30.0";"-750.00";"18119.69922";"18169.69922";"57474.80";"0.00";"IST";"SL";"1h 30m";"-0.00"
"317";"USTEC_ICM_UTC2";"Buy";"18072.2";"18047.2";"2024.05.08 19:00:00";"2024.05.08 20:00:00";"30.0";"-750.00";"18047.19922";"18097.19922";"56724.80";"0.00";"IST";"SL";"1h 0m";"-0.00"
"318";"USTEC_ICM_UTC2";"Buy";"18113.5";"18138.5";"2024.05.09 19:45:00";"2024.05.09 21:45:00";"30.0";"750.00";"18088.50000";"18138.50000";"57474.80";"0.00";"IST";"PT";"2h 0m";"-0.00"
"319";"USTEC_ICM_UTC2";"Buy";"18149.1";"18124.1";"2024.05.10 20:00:00";"2024.05.10 20:15:00";"30.0";"-750.00";"18124.09961";"18174.09961";"56724.80";"0.00";"IST";"SL";"15m 0s";"-0.00"
"320";"USTEC_ICM_UTC2";"Buy";"18199.8";"18174.8";"2024.05.13 20:00:00";"2024.05.13 20:00:00";"30.0";"-750.00";"18174.80078";"18224.80078";"55974.80";"0.00";"IST";"SL";"0s";"-0.00"
"321";"USTEC_ICM_UTC2";"Buy";"18211.5";"18236.5";"2024.05.14 19:45:00";"2024.05.14 20:30:00";"30.0";"750.00";"18186.50000";"18236.50000";"56724.80";"0.00";"IST";"PT";"45m 0s";"-0.00"
"322";"USTEC_ICM_UTC2";"Buy";"18500.6";"18525.6";"2024.05.15 18:15:00";"2024.05.15 19:45:00";"30.0";"750.00";"18475.59961";"18525.59961";"57474.80";"0.00";"IST";"PT";"1h 30m";"-0.00"
"323";"USTEC_ICM_UTC2";"Buy";"18641.7";"18616.7";"2024.05.16 19:15:00";"2024.05.16 20:15:00";"30.0";"-750.00";"18616.69922";"18666.69922";"56724.80";"0.00";"IST";"SL";"1h 0m";"-0.00"
"324";"USTEC_ICM_UTC2";"Buy";"18534.3";"18509.3";"2024.05.17 20:30:00";"2024.05.17 21:00:00";"30.0";"-750.00";"18509.30078";"18559.30078";"55974.80";"0.00";"IST";"SL";"30m 0s";"-0.00"
"325";"USTEC_ICM_UTC2";"Buy";"18667.5";"18692.5";"2024.05.20 18:30:00";"2024.05.20 19:30:00";"30.0";"750.00";"18642.50000";"18692.50000";"56724.80";"0.00";"IST";"PT";"1h 0m";"-0.00"
"326";"USTEC_ICM_UTC2";"Buy";"18749.4";"18724.4";"2024.05.22 18:45:00";"2024.05.22 18:45:00";"30.0";"-750.00";"18724.40039";"18774.40039";"55974.80";"0.00";"IST";"SL";"0s";"-0.00"
"327";"USTEC_ICM_UTC2";"Buy";"18835.1";"18810.1";"2024.05.24 18:45:00";"2024.05.24 18:45:00";"30.0";"-750.00";"18810.09961";"18860.09961";"55224.80";"0.00";"IST";"SL";"0s";"-0.00"
"328";"USTEC_ICM_UTC2";"Buy";"18826.6";"18851.6";"2024.05.27 17:45:00";"2024.05.27 18:15:00";"30.0";"750.00";"18801.59961";"18851.59961";"55974.80";"0.00";"IST";"PT";"30m 0s";"-0.00"
"329";"USTEC_ICM_UTC2";"Buy";"18867.1";"18842.1";"2024.05.28 19:15:00";"2024.05.28 19:15:00";"30.0";"-750.00";"18842.09961";"18892.09961";"55224.80";"0.00";"IST";"SL";"0s";"-0.00"
"330";"USTEC_ICM_UTC2";"Buy";"18698.6";"18723.6";"2024.05.29 16:30:00";"2024.05.29 16:30:00";"30.0";"750.00";"18673.59961";"18723.59961";"55974.80";"0.00";"IST";"PT";"0s";"-0.00"
"331";"USTEC_ICM_UTC2";"Buy";"18627.4";"18652.4";"2024.05.30 19:15:00";"2024.05.30 20:00:00";"30.0";"750.00";"18602.40039";"18652.40039";"56724.80";"0.00";"IST";"PT";"45m 0s";"-0.00"
"332";"USTEC_ICM_UTC2";"Buy";"18266.8";"18291.8";"2024.05.31 21:30:00";"2024.05.31 21:30:00";"30.0";"750.00";"18241.80078";"18291.80078";"57474.80";"0.00";"IST";"PT";"0s";"-0.00"
"333";"USTEC_ICM_UTC2";"Buy";"18525.7";"18550.7";"2024.06.03 22:15:00";"2024.06.03 22:15:00";"30.0";"750.00";"18500.69922";"18550.69922";"58224.80";"0.00";"IST";"PT";"0s";"-0.00"
"334";"USTEC_ICM_UTC2";"Buy";"18537.7";"18562.7";"2024.06.04 19:00:00";"2024.06.04 19:30:00";"30.0";"750.00";"18512.69922";"18562.69922";"58974.80";"0.00";"IST";"PT";"30m 0s";"-0.00"
"335";"USTEC_ICM_UTC2";"Buy";"18910.0";"18935.0";"2024.06.05 18:15:00";"2024.06.05 18:30:00";"30.0";"750.00";"18885.00000";"18935.00000";"59724.80";"0.00";"IST";"PT";"15m 0s";"-0.00"
"336";"USTEC_ICM_UTC2";"Buy";"19019.4";"18994.4";"2024.06.06 19:00:00";"2024.06.06 19:30:00";"30.0";"-750.00";"18994.40039";"19044.40039";"58974.80";"0.00";"IST";"SL";"30m 0s";"-0.00"
"337";"USTEC_ICM_UTC2";"Buy";"19077.5";"19052.5";"2024.06.07 21:00:00";"2024.06.07 21:00:00";"30.0";"-750.00";"19052.50000";"19102.50000";"58224.80";"0.00";"IST";"SL";"0s";"-0.00"
"338";"USTEC_ICM_UTC2";"Buy";"19054.8";"19079.8";"2024.06.10 19:00:00";"2024.06.10 19:15:00";"30.0";"750.00";"19029.80078";"19079.80078";"58974.80";"0.00";"IST";"PT";"15m 0s";"-0.00"
"339";"USTEC_ICM_UTC2";"Buy";"19025.2";"19000.2";"2024.06.11 16:45:00";"2024.06.11 16:45:00";"30.0";"-750.00";"19000.19922";"19050.19922";"58224.80";"0.00";"IST";"SL";"0s";"-0.00"
"340";"USTEC_ICM_UTC2";"Buy";"19371.8";"19346.8";"2024.06.12 16:30:00";"2024.06.12 16:30:00";"30.0";"-750.00";"19346.80078";"19396.80078";"57474.80";"0.00";"IST";"SL";"0s";"-0.00"
"341";"USTEC_ICM_UTC2";"Buy";"19608.2";"19633.2";"2024.06.13 16:30:00";"2024.06.13 16:30:00";"30.0";"750.00";"19583.19922";"19633.19922";"58224.80";"0.00";"IST";"PT";"0s";"-0.00"
"342";"USTEC_ICM_UTC2";"Buy";"19555.3";"19580.3";"2024.06.14 16:30:00";"2024.06.14 16:30:00";"30.0";"750.00";"19530.30078";"19580.30078";"58974.80";"0.00";"IST";"PT";"0s";"-0.00"
"343";"USTEC_ICM_UTC2";"Buy";"19675.2";"19650.2";"2024.06.17 16:30:00";"2024.06.17 16:30:00";"30.0";"-750.00";"19650.19922";"19700.19922";"58224.80";"0.00";"IST";"SL";"0s";"-0.00"
"344";"USTEC_ICM_UTC2";"Buy";"19904.0";"19879.0";"2024.06.18 16:45:00";"2024.06.18 16:45:00";"30.0";"-750.00";"19879.00000";"19929.00000";"57474.80";"0.00";"IST";"SL";"0s";"-0.00"
"345";"USTEC_ICM_UTC2";"Buy";"19958.9";"19983.9";"2024.06.19 16:45:00";"2024.06.20 06:45:00";"30.0";"566.88";"19933.90039";"19983.90039";"58041.68";"0.00";"IST";"PT";"14h 0m";"-183.12"
"346";"USTEC_ICM_UTC2";"Buy";"19727.8";"19702.8";"2024.06.21 20:00:00";"2024.06.21 20:15:00";"30.0";"-750.00";"19702.80078";"19752.80078";"57291.68";"0.00";"IST";"SL";"15m 0s";"-0.00"
"347";"USTEC_ICM_UTC2";"Buy";"19542.9";"19517.9";"2024.06.24 22:45:00";"2024.06.24 22:45:00";"30.0";"-750.00";"19517.90039";"19567.90039";"56541.68";"0.00";"IST";"SL";"0s";"-0.00"
"348";"USTEC_ICM_UTC2";"Buy";"19692.4";"19667.4";"2024.06.25 19:00:00";"2024.06.25 19:00:00";"30.0";"-750.00";"19667.40039";"19717.40039";"55791.68";"0.00";"IST";"SL";"0s";"-0.00"
"349";"USTEC_ICM_UTC2";"Buy";"19816.9";"19791.9";"2024.06.27 16:45:00";"2024.06.27 16:45:00";"30.0";"-750.00";"19791.90039";"19841.90039";"55041.68";"0.00";"IST";"SL";"0s";"-0.00"
"350";"USTEC_ICM_UTC2";"Buy";"19788.8";"19813.8";"2024.06.28 20:45:00";"2024.06.28 21:00:00";"30.0";"750.00";"19763.80078";"19813.80078";"55791.68";"0.00";"IST";"PT";"15m 0s";"-0.00"
"351";"USTEC_ICM_UTC2";"Buy";"19735.1";"19760.1";"2024.07.01 19:00:00";"2024.07.01 19:00:00";"30.0";"750.00";"19710.09961";"19760.09961";"56541.68";"0.00";"IST";"PT";"0s";"-0.00"
"352";"USTEC_ICM_UTC2";"Buy";"19886.4";"19911.4";"2024.07.02 18:30:00";"2024.07.02 18:30:00";"30.0";"750.00";"19861.40039";"19911.40039";"57291.68";"0.00";"IST";"PT";"0s";"-0.00"
"353";"USTEC_ICM_UTC2";"Buy";"20115.4";"20140.4";"2024.07.03 18:45:00";"2024.07.03 18:45:00";"30.0";"750.00";"20090.40039";"20140.40039";"58041.68";"0.00";"IST";"PT";"0s";"-0.00"
"354";"USTEC_ICM_UTC2";"Buy";"20158.0";"20133.0";"2024.07.04 16:45:00";"2024.07.04 17:45:00";"30.0";"-750.00";"20133.00000";"20183.00000";"57291.68";"0.00";"IST";"SL";"1h 0m";"-0.00"
"355";"USTEC_ICM_UTC2";"Buy";"20375.5";"20350.5";"2024.07.05 19:15:00";"2024.07.05 19:30:00";"30.0";"-750.00";"20350.50000";"20400.50000";"56541.68";"0.00";"IST";"SL";"15m 0s";"-0.00"
"356";"USTEC_ICM_UTC2";"Buy";"20391.3";"20416.3";"2024.07.08 16:45:00";"2024.07.08 16:45:00";"30.0";"750.00";"20366.30078";"20416.30078";"57291.68";"0.00";"IST";"PT";"0s";"-0.00"
"357";"USTEC_ICM_UTC2";"Buy";"20590.0";"20615.0";"2024.07.10 19:30:00";"2024.07.10 19:45:00";"30.0";"750.00";"20565.00000";"20615.00000";"58041.68";"0.00";"IST";"PT";"15m 0s";"-0.00"
"358";"USTEC_ICM_UTC2";"Buy";"20492.9";"20467.9";"2024.07.12 21:30:00";"2024.07.12 22:00:00";"30.0";"-750.00";"20467.90039";"20517.90039";"57291.68";"0.00";"IST";"SL";"30m 0s";"-0.00"
"359";"USTEC_ICM_UTC2";"Buy";"20368.8";"20343.8";"2024.07.15 22:45:00";"2024.07.15 22:45:00";"30.0";"-750.00";"20343.80078";"20393.80078";"56541.68";"0.00";"IST";"SL";"0s";"-0.00"
"360";"USTEC_ICM_UTC2";"Buy";"20310.9";"20285.9";"2024.07.16 20:30:00";"2024.07.16 21:15:00";"30.0";"-750.00";"20285.90039";"20335.90039";"55791.68";"0.00";"IST";"SL";"45m 0s";"-0.00"
"361";"USTEC_ICM_UTC2";"Buy";"19832.0";"19857.0";"2024.07.17 22:15:00";"2024.07.17 22:15:00";"30.0";"750.00";"19807.00000";"19857.00000";"56541.68";"0.00";"IST";"PT";"0s";"-0.00"
"362";"USTEC_ICM_UTC2";"Buy";"19848.2";"19873.2";"2024.07.18 16:45:00";"2024.07.18 16:45:00";"30.0";"750.00";"19823.19922";"19873.19922";"57291.68";"0.00";"IST";"PT";"0s";"-0.00"
"363";"USTEC_ICM_UTC2";"Buy";"19568.7";"19543.7";"2024.07.19 19:30:00";"2024.07.19 19:30:00";"30.0";"-750.00";"19543.69922";"19593.69922";"56541.68";"0.00";"IST";"SL";"0s";"-0.00"
"364";"USTEC_ICM_UTC2";"Buy";"19809.1";"19834.1";"2024.07.22 20:45:00";"2024.07.22 21:00:00";"30.0";"750.00";"19784.09961";"19834.09961";"57291.68";"0.00";"IST";"PT";"15m 0s";"-0.00"
"365";"USTEC_ICM_UTC2";"Buy";"19859.9";"19834.9";"2024.07.23 19:00:00";"2024.07.23 19:00:00";"30.0";"-750.00";"19834.90039";"19884.90039";"56541.68";"0.00";"IST";"SL";"0s";"-0.00"
"366";"USTEC_ICM_UTC2";"Buy";"19111.2";"19086.2";"2024.07.24 22:45:00";"2024.07.24 22:45:00";"30.0";"-750.00";"19086.19922";"19136.19922";"55791.68";"0.00";"IST";"SL";"0s";"-0.00"
"367";"USTEC_ICM_UTC2";"Buy";"18981.5";"19006.5";"2024.07.25 16:45:00";"2024.07.25 16:45:00";"30.0";"750.00";"18956.50000";"19006.50000";"56541.68";"0.00";"IST";"PT";"0s";"-0.00"
"368";"USTEC_ICM_UTC2";"Buy";"19009.3";"18984.3";"2024.07.26 16:30:00";"2024.07.26 16:30:00";"30.0";"-750.00";"18984.30078";"19034.30078";"55791.68";"0.00";"IST";"SL";"0s";"-0.00"
"369";"USTEC_ICM_UTC2";"Buy";"19194.8";"19169.8";"2024.07.29 16:45:00";"2024.07.29 16:45:00";"30.0";"-750.00";"19169.80078";"19219.80078";"55041.68";"0.00";"IST";"SL";"0s";"-0.00"
"370";"USTEC_ICM_UTC2";"Buy";"19230.7";"19255.7";"2024.07.31 16:30:00";"2024.07.31 16:30:00";"30.0";"750.00";"19205.69922";"19255.69922";"55791.68";"0.00";"IST";"PT";"0s";"-0.00"
"371";"USTEC_ICM_UTC2";"Buy";"18429.2";"18454.2";"2024.08.02 21:30:00";"2024.08.02 21:30:00";"30.0";"750.00";"18404.19922";"18454.19922";"56541.68";"0.00";"IST";"PT";"0s";"-0.00"
"372";"USTEC_ICM_UTC2";"Buy";"17967.7";"17942.7";"2024.08.05 18:45:00";"2024.08.05 18:45:00";"30.0";"-750.00";"17942.69922";"17992.69922";"55791.68";"0.00";"IST";"SL";"0s";"-0.00"
"373";"USTEC_ICM_UTC2";"Buy";"17884.2";"17859.2";"2024.08.06 16:45:00";"2024.08.06 16:45:00";"30.0";"-750.00";"17859.19922";"17909.19922";"55041.68";"0.00";"IST";"SL";"0s";"-0.00"
"374";"USTEC_ICM_UTC2";"Buy";"18344.6";"18369.6";"2024.08.07 16:30:00";"2024.08.07 16:30:00";"30.0";"750.00";"18319.59961";"18369.59961";"55791.68";"0.00";"IST";"PT";"0s";"-0.00"
"375";"USTEC_ICM_UTC2";"Buy";"18119.9";"18094.9";"2024.08.08 16:30:00";"2024.08.08 16:30:00";"30.0";"-750.00";"18094.90039";"18144.90039";"55041.68";"0.00";"IST";"SL";"0s";"-0.00"
"376";"USTEC_ICM_UTC2";"Buy";"18417.3";"18442.3";"2024.08.09 18:45:00";"2024.08.09 18:45:00";"30.0";"750.00";"18392.30078";"18442.30078";"55791.68";"0.00";"IST";"PT";"0s";"-0.00"
"377";"USTEC_ICM_UTC2";"Buy";"18542.1";"18567.1";"2024.08.12 16:30:00";"2024.08.12 16:30:00";"30.0";"750.00";"18517.09961";"18567.09961";"56541.68";"0.00";"IST";"PT";"0s";"-0.00"
"378";"USTEC_ICM_UTC2";"Buy";"18871.9";"18896.9";"2024.08.13 18:30:00";"2024.08.13 18:45:00";"30.0";"750.00";"18846.90039";"18896.90039";"57291.68";"0.00";"IST";"PT";"15m 0s";"-0.00"
"379";"USTEC_ICM_UTC2";"Buy";"18972.3";"18997.3";"2024.08.14 21:15:00";"2024.08.14 21:45:00";"30.0";"750.00";"18947.30078";"18997.30078";"58041.68";"0.00";"IST";"PT";"30m 0s";"-0.00"
"380";"USTEC_ICM_UTC2";"Buy";"19440.3";"19465.3";"2024.08.15 18:45:00";"2024.08.15 19:15:00";"30.0";"750.00";"19415.30078";"19465.30078";"58791.68";"0.00";"IST";"PT";"30m 0s";"-0.00"
"381";"USTEC_ICM_UTC2";"Buy";"19544.1";"19519.1";"2024.08.16 20:30:00";"2024.08.16 20:45:00";"30.0";"-750.00";"19519.09961";"19569.09961";"58041.68";"0.00";"IST";"SL";"15m 0s";"-0.00"
"382";"USTEC_ICM_UTC2";"Buy";"19567.7";"19542.7";"2024.08.19 18:30:00";"2024.08.19 18:45:00";"30.0";"-750.00";"19542.69922";"19592.69922";"57291.68";"0.00";"IST";"SL";"15m 0s";"-0.00"
"383";"USTEC_ICM_UTC2";"Buy";"19721.8";"19696.8";"2024.08.20 19:30:00";"2024.08.20 19:45:00";"30.0";"-750.00";"19696.80078";"19746.80078";"56541.68";"0.00";"IST";"SL";"15m 0s";"-0.00"
"384";"USTEC_ICM_UTC2";"Buy";"19768.9";"19793.9";"2024.08.21 16:45:00";"2024.08.21 16:45:00";"30.0";"750.00";"19743.90039";"19793.90039";"57291.68";"0.00";"IST";"PT";"0s";"-0.00"
"385";"USTEC_ICM_UTC2";"Buy";"19909.7";"19934.7";"2024.08.22 16:30:00";"2024.08.22 16:30:00";"30.0";"750.00";"19884.69922";"19934.69922";"58041.68";"0.00";"IST";"PT";"0s";"-0.00"
"386";"USTEC_ICM_UTC2";"Buy";"19681.5";"19656.5";"2024.08.23 21:45:00";"2024.08.23 21:45:00";"30.0";"-750.00";"19656.50000";"19706.50000";"57291.68";"0.00";"IST";"SL";"0s";"-0.00"
"387";"USTEC_ICM_UTC2";"Buy";"19690.2";"19715.2";"2024.08.26 16:30:00";"2024.08.26 16:30:00";"30.0";"750.00";"19665.19922";"19715.19922";"58041.68";"0.00";"IST";"PT";"0s";"-0.00"
"388";"USTEC_ICM_UTC2";"Buy";"19552.6";"19527.6";"2024.08.27 18:30:00";"2024.08.27 18:30:00";"30.0";"-750.00";"19527.59961";"19577.59961";"57291.68";"0.00";"IST";"SL";"0s";"-0.00"
"389";"USTEC_ICM_UTC2";"Buy";"19571.4";"19596.4";"2024.08.29 19:00:00";"2024.08.29 19:00:00";"30.0";"750.00";"19546.40039";"19596.40039";"58041.68";"0.00";"IST";"PT";"0s";"-0.00"
"390";"USTEC_ICM_UTC2";"Buy";"19418.0";"19443.0";"2024.08.30 21:15:00";"2024.08.30 21:30:00";"30.0";"750.00";"19393.00000";"19443.00000";"58791.68";"0.00";"IST";"PT";"15m 0s";"-0.00"
"391";"USTEC_ICM_UTC2";"Buy";"19557.8";"19582.8";"2024.09.02 17:30:00";"2024.09.02 17:30:00";"30.0";"750.00";"19532.80078";"19582.80078";"59541.68";"0.00";"IST";"PT";"0s";"-0.00"
"392";"USTEC_ICM_UTC2";"Buy";"19009.3";"18984.3";"2024.09.03 21:15:00";"2024.09.03 21:15:00";"30.0";"-750.00";"18984.30078";"19034.30078";"58791.68";"0.00";"IST";"SL";"0s";"-0.00"
"393";"USTEC_ICM_UTC2";"Buy";"18831.6";"18856.6";"2024.09.04 16:30:00";"2024.09.04 16:30:00";"30.0";"750.00";"18806.59961";"18856.59961";"59541.68";"0.00";"IST";"PT";"0s";"-0.00"
"394";"USTEC_ICM_UTC2";"Buy";"18951.0";"18926.0";"2024.09.05 16:45:00";"2024.09.05 16:45:00";"30.0";"-750.00";"18926.00000";"18976.00000";"58791.68";"0.00";"IST";"SL";"0s";"-0.00"
"395";"USTEC_ICM_UTC2";"Buy";"18447.7";"18422.7";"2024.09.06 21:00:00";"2024.09.06 21:00:00";"30.0";"-750.00";"18422.69922";"18472.69922";"58041.68";"0.00";"IST";"SL";"0s";"-0.00"
"396";"USTEC_ICM_UTC2";"Buy";"18600.4";"18575.4";"2024.09.09 16:30:00";"2024.09.09 16:30:00";"30.0";"-750.00";"18575.40039";"18625.40039";"57291.68";"0.00";"IST";"SL";"0s";"-0.00"
"397";"USTEC_ICM_UTC2";"Buy";"18730.6";"18705.6";"2024.09.10 16:30:00";"2024.09.10 16:30:00";"30.0";"-750.00";"18705.59961";"18755.59961";"56541.68";"0.00";"IST";"SL";"0s";"-0.00"
"398";"USTEC_ICM_UTC2";"Buy";"19097.3";"19122.3";"2024.09.11 21:30:00";"2024.09.11 21:30:00";"30.0";"750.00";"19072.30078";"19122.30078";"57291.68";"0.00";"IST";"PT";"0s";"-0.00"
"399";"USTEC_ICM_UTC2";"Buy";"19244.6";"19269.6";"2024.09.12 19:00:00";"2024.09.12 19:00:00";"30.0";"750.00";"19219.59961";"19269.59961";"58041.68";"0.00";"IST";"PT";"0s";"-0.00"
"400";"USTEC_ICM_UTC2";"Buy";"19394.4";"19419.4";"2024.09.13 16:30:00";"2024.09.13 16:30:00";"30.0";"750.00";"19369.40039";"19419.40039";"58791.68";"0.00";"IST";"PT";"0s";"-0.00"
"401";"USTEC_ICM_UTC2";"Buy";"19373.5";"19398.5";"2024.09.16 20:30:00";"2024.09.16 20:30:00";"30.0";"750.00";"19348.50000";"19398.50000";"59541.68";"0.00";"IST";"PT";"0s";"-0.00"
"402";"USTEC_ICM_UTC2";"Buy";"19452.7";"19427.7";"2024.09.18 16:45:00";"2024.09.18 16:45:00";"30.0";"-750.00";"19427.69922";"19477.69922";"58791.68";"0.00";"IST";"SL";"0s";"-0.00"
"403";"USTEC_ICM_UTC2";"Buy";"19852.4";"19877.4";"2024.09.19 19:00:00";"2024.09.19 19:00:00";"30.0";"750.00";"19827.40039";"19877.40039";"59541.68";"0.00";"IST";"PT";"0s";"-0.00"
"404";"USTEC_ICM_UTC2";"Buy";"19728.7";"19703.7";"2024.09.20 21:15:00";"2024.09.20 21:30:00";"30.0";"-750.00";"19703.69922";"19753.69922";"58791.68";"0.00";"IST";"SL";"15m 0s";"-0.00"
"405";"USTEC_ICM_UTC2";"Buy";"19810.4";"19835.4";"2024.09.23 20:15:00";"2024.09.23 20:30:00";"30.0";"750.00";"19785.40039";"19835.40039";"59541.68";"0.00";"IST";"PT";"15m 0s";"-0.00"
"406";"USTEC_ICM_UTC2";"Buy";"19959.7";"19934.7";"2024.09.24 20:45:00";"2024.09.24 20:45:00";"30.0";"-750.00";"19934.69922";"19984.69922";"58791.68";"0.00";"IST";"SL";"0s";"-0.00"
"407";"USTEC_ICM_UTC2";"Buy";"19915.8";"19940.8";"2024.09.25 16:30:00";"2024.09.25 16:30:00";"30.0";"750.00";"19890.80078";"19940.80078";"59541.68";"0.00";"IST";"PT";"0s";"-0.00"
"408";"USTEC_ICM_UTC2";"Buy";"20114.6";"20139.6";"2024.09.26 22:00:00";"2024.09.27 01:00:00";"30.0";"566.88";"20089.59961";"20139.59961";"60108.56";"0.00";"IST";"PT";"3h 0m";"-183.12"
"409";"USTEC_ICM_UTC2";"Buy";"20159.4";"20134.4";"2024.09.27 16:30:00";"2024.09.27 16:30:00";"30.0";"-750.00";"20134.40039";"20184.40039";"59358.56";"0.00";"IST";"SL";"0s";"-0.00"
"410";"USTEC_ICM_UTC2";"Buy";"20032.3";"20007.3";"2024.09.30 16:45:00";"2024.09.30 16:45:00";"30.0";"-750.00";"20007.30078";"20057.30078";"58608.56";"0.00";"IST";"SL";"0s";"-0.00"
"411";"USTEC_ICM_UTC2";"Buy";"20041.2";"20016.2";"2024.10.01 16:30:00";"2024.10.01 16:30:00";"30.0";"-750.00";"20016.19922";"20066.19922";"57858.56";"0.00";"IST";"SL";"0s";"-0.00"
"412";"USTEC_ICM_UTC2";"Buy";"19631.9";"19656.9";"2024.10.02 16:45:00";"2024.10.02 16:45:00";"30.0";"750.00";"19606.90039";"19656.90039";"58608.56";"0.00";"IST";"PT";"0s";"-0.00"
"413";"USTEC_ICM_UTC2";"Buy";"19711.0";"19736.0";"2024.10.03 16:30:00";"2024.10.03 16:30:00";"30.0";"750.00";"19686.00000";"19736.00000";"59358.56";"0.00";"IST";"PT";"0s";"-0.00"
"414";"USTEC_ICM_UTC2";"Buy";"20031.1";"20006.1";"2024.10.04 16:30:00";"2024.10.04 16:30:00";"30.0";"-750.00";"20006.09961";"20056.09961";"58608.56";"0.00";"IST";"SL";"0s";"-0.00"
"415";"USTEC_ICM_UTC2";"Buy";"19943.9";"19968.9";"2024.10.07 20:00:00";"2024.10.07 20:00:00";"30.0";"750.00";"19918.90039";"19968.90039";"59358.56";"0.00";"IST";"PT";"0s";"-0.00"
"416";"USTEC_ICM_UTC2";"Buy";"20065.4";"20040.4";"2024.10.08 19:00:00";"2024.10.08 19:00:00";"30.0";"-750.00";"20040.40039";"20090.40039";"58608.56";"0.00";"IST";"SL";"0s";"-0.00"
"417";"USTEC_ICM_UTC2";"Buy";"20203.6";"20228.6";"2024.10.09 20:00:00";"2024.10.09 20:15:00";"30.0";"750.00";"20178.59961";"20228.59961";"59358.56";"0.00";"IST";"PT";"15m 0s";"-0.00"
"418";"USTEC_ICM_UTC2";"Buy";"20257.8";"20232.8";"2024.10.10 21:00:00";"2024.10.10 21:00:00";"30.0";"-750.00";"20232.80078";"20282.80078";"58608.56";"0.00";"IST";"SL";"0s";"-0.00"
"419";"USTEC_ICM_UTC2";"Buy";"20157.6";"20182.6";"2024.10.11 16:30:00";"2024.10.11 16:45:00";"30.0";"750.00";"20132.59961";"20182.59961";"59358.56";"0.00";"IST";"PT";"15m 0s";"-0.00"
"420";"USTEC_ICM_UTC2";"Buy";"20426.8";"20451.8";"2024.10.14 20:15:00";"2024.10.14 21:30:00";"30.0";"750.00";"20401.80078";"20451.80078";"60108.56";"0.00";"IST";"PT";"1h 15m";"-0.00"
"421";"USTEC_ICM_UTC2";"Buy";"20140.3";"20165.3";"2024.10.16 20:30:00";"2024.10.16 20:45:00";"30.0";"750.00";"20115.30078";"20165.30078";"60858.56";"0.00";"IST";"PT";"15m 0s";"-0.00"
"422";"USTEC_ICM_UTC2";"Buy";"20275.5";"20300.5";"2024.10.17 16:45:00";"2024.10.17 16:45:00";"30.0";"750.00";"20250.50000";"20300.50000";"61608.56";"0.00";"IST";"PT";"0s";"-0.00"
"423";"USTEC_ICM_UTC2";"Buy";"20338.5";"20313.5";"2024.10.18 21:15:00";"2024.10.18 22:00:00";"30.0";"-750.00";"20313.50000";"20363.50000";"60858.56";"0.00";"IST";"SL";"45m 0s";"-0.00"
"424";"USTEC_ICM_UTC2";"Buy";"20277.6";"20302.6";"2024.10.21 19:45:00";"2024.10.21 19:45:00";"30.0";"750.00";"20252.59961";"20302.59961";"61608.56";"0.00";"IST";"PT";"0s";"-0.00"
"425";"USTEC_ICM_UTC2";"Buy";"20304.3";"20279.3";"2024.10.22 19:15:00";"2024.10.22 19:15:00";"30.0";"-750.00";"20279.30078";"20329.30078";"60858.56";"0.00";"IST";"SL";"0s";"-0.00"
"426";"USTEC_ICM_UTC2";"Buy";"20208.8";"20233.8";"2024.10.24 21:45:00";"2024.10.24 22:00:00";"30.0";"750.00";"20183.80078";"20233.80078";"61608.56";"0.00";"IST";"PT";"15m 0s";"-0.00"
"427";"USTEC_ICM_UTC2";"Buy";"20493.2";"20468.2";"2024.10.25 20:00:00";"2024.10.25 20:00:00";"30.0";"-750.00";"20468.19922";"20518.19922";"60858.56";"0.00";"IST";"SL";"0s";"-0.00"
"428";"USTEC_ICM_UTC2";"Buy";"20369.9";"20394.9";"2024.10.28 19:15:00";"2024.10.28 19:15:00";"30.0";"750.00";"20344.90039";"20394.90039";"61608.56";"0.00";"IST";"PT";"0s";"-0.00"
"429";"USTEC_ICM_UTC2";"Buy";"20464.7";"20489.7";"2024.10.29 17:45:00";"2024.10.29 18:00:00";"30.0";"750.00";"20439.69922";"20489.69922";"62358.56";"0.00";"IST";"PT";"15m 0s";"-0.00"
"430";"USTEC_ICM_UTC2";"Buy";"20512.3";"20487.3";"2024.10.30 17:00:00";"2024.10.30 17:00:00";"30.0";"-750.00";"20487.30078";"20537.30078";"61608.56";"0.00";"IST";"SL";"0s";"-0.00"
"431";"USTEC_ICM_UTC2";"Buy";"19905.9";"19880.9";"2024.10.31 20:00:00";"2024.10.31 20:30:00";"30.0";"-750.00";"19880.90039";"19930.90039";"60858.56";"0.00";"IST";"SL";"30m 0s";"-0.00"
"432";"USTEC_ICM_UTC2";"Buy";"20076.8";"20101.8";"2024.11.01 18:45:00";"2024.11.01 18:45:00";"30.0";"750.00";"20051.80078";"20101.80078";"61608.56";"0.00";"IST";"PT";"0s";"-0.00"
"433";"USTEC_ICM_UTC2";"Buy";"20041.4";"20016.4";"2024.11.04 21:15:00";"2024.11.04 21:15:00";"30.0";"-750.00";"20016.40039";"20066.40039";"60858.56";"0.00";"IST";"SL";"0s";"-0.00"
"434";"USTEC_ICM_UTC2";"Buy";"20186.6";"20211.6";"2024.11.05 18:45:00";"2024.11.05 18:45:00";"30.0";"750.00";"20161.59961";"20211.59961";"61608.56";"0.00";"IST";"PT";"0s";"-0.00"
"435";"USTEC_ICM_UTC2";"Buy";"20566.7";"20591.7";"2024.11.06 16:30:00";"2024.11.06 16:30:00";"30.0";"750.00";"20541.69922";"20591.69922";"62358.56";"0.00";"IST";"PT";"0s";"-0.00"
"436";"USTEC_ICM_UTC2";"Buy";"21000.7";"21025.7";"2024.11.07 17:45:00";"2024.11.07 17:45:00";"30.0";"750.00";"20975.69922";"21025.69922";"63108.56";"0.00";"IST";"PT";"0s";"-0.00"
"437";"USTEC_ICM_UTC2";"Buy";"21121.6";"21146.6";"2024.11.08 20:15:00";"2024.11.08 20:30:00";"30.0";"750.00";"21096.59961";"21146.59961";"63858.56";"0.00";"IST";"PT";"15m 0s";"-0.00"
"438";"USTEC_ICM_UTC2";"Buy";"21103.9";"21078.9";"2024.11.11 16:45:00";"2024.11.11 16:45:00";"30.0";"-750.00";"21078.90039";"21128.90039";"63108.56";"0.00";"IST";"SL";"0s";"-0.00"
"439";"USTEC_ICM_UTC2";"Buy";"21072.1";"21047.1";"2024.11.12 22:15:00";"2024.11.13 01:00:00";"30.0";"-933.12";"21047.09961";"21097.09961";"62175.44";"0.00";"IST";"SL";"2h 45m";"-183.12"
"440";"USTEC_ICM_UTC2";"Buy";"21118.2";"21143.2";"2024.11.13 20:30:00";"2024.11.13 20:45:00";"30.0";"750.00";"21093.19922";"21143.19922";"62925.44";"0.00";"IST";"PT";"15m 0s";"-0.00"
"441";"USTEC_ICM_UTC2";"Buy";"20967.3";"20942.3";"2024.11.14 19:45:00";"2024.11.14 19:45:00";"30.0";"-750.00";"20942.30078";"20992.30078";"62175.44";"0.00";"IST";"SL";"0s";"-0.00"
"442";"USTEC_ICM_UTC2";"Buy";"20335.8";"20360.8";"2024.11.15 21:00:00";"2024.11.15 21:00:00";"30.0";"750.00";"20310.80078";"20360.80078";"62925.44";"0.00";"IST";"PT";"0s";"-0.00"
"443";"USTEC_ICM_UTC2";"Buy";"20607.1";"20582.1";"2024.11.18 18:15:00";"2024.11.18 18:45:00";"30.0";"-750.00";"20582.09961";"20632.09961";"62175.44";"0.00";"IST";"SL";"30m 0s";"-0.00"
"444";"USTEC_ICM_UTC2";"Buy";"20586.9";"20561.9";"2024.11.19 19:15:00";"2024.11.19 19:15:00";"30.0";"-750.00";"20561.90039";"20611.90039";"61425.44";"0.00";"IST";"SL";"0s";"-0.00"
"445";"USTEC_ICM_UTC2";"Buy";"20488.6";"20513.6";"2024.11.20 21:30:00";"2024.11.20 21:30:00";"30.0";"750.00";"20463.59961";"20513.59961";"62175.44";"0.00";"IST";"PT";"0s";"-0.00"
"446";"USTEC_ICM_UTC2";"Buy";"20613.6";"20638.6";"2024.11.21 16:45:00";"2024.11.21 16:45:00";"30.0";"750.00";"20588.59961";"20638.59961";"62925.44";"0.00";"IST";"PT";"0s";"-0.00"
"447";"USTEC_ICM_UTC2";"Buy";"20721.1";"20696.1";"2024.11.22 18:15:00";"2024.11.22 18:15:00";"30.0";"-750.00";"20696.09961";"20746.09961";"62175.44";"0.00";"IST";"SL";"0s";"-0.00"
"448";"USTEC_ICM_UTC2";"Buy";"20787.7";"20762.7";"2024.11.25 20:45:00";"2024.11.25 21:15:00";"30.0";"-750.00";"20762.69922";"20812.69922";"61425.44";"0.00";"IST";"SL";"30m 0s";"-0.00"
"449";"USTEC_ICM_UTC2";"Buy";"20890.0";"20865.0";"2024.11.26 19:00:00";"2024.11.26 19:00:00";"30.0";"-750.00";"20865.00000";"20915.00000";"60675.44";"0.00";"IST";"SL";"0s";"-0.00"
"450";"USTEC_ICM_UTC2";"Buy";"20732.9";"20757.9";"2024.11.27 20:45:00";"2024.11.27 21:15:00";"30.0";"750.00";"20707.90039";"20757.90039";"61425.44";"0.00";"IST";"PT";"30m 0s";"-0.00"
"451";"USTEC_ICM_UTC2";"Buy";"20828.6";"20803.6";"2024.11.28 17:30:00";"2024.11.29 02:30:00";"30.0";"-933.12";"20803.59961";"20853.59961";"60492.32";"0.00";"IST";"SL";"9h 0m";"-183.12"
"452";"USTEC_ICM_UTC2";"Buy";"20927.0";"20952.0";"2024.11.29 18:45:00";"2024.11.29 19:45:00";"30.0";"750.00";"20902.00000";"20952.00000";"61242.32";"0.00";"IST";"PT";"1h 0m";"-0.00"
"453";"USTEC_ICM_UTC2";"Buy";"21189.8";"21164.8";"2024.12.02 19:15:00";"2024.12.02 20:00:00";"30.0";"-750.00";"21164.80078";"21214.80078";"60492.32";"0.00";"IST";"SL";"45m 0s";"-0.00"
"454";"USTEC_ICM_UTC2";"Buy";"21154.1";"21179.1";"2024.12.03 19:45:00";"2024.12.03 19:45:00";"30.0";"750.00";"21129.09961";"21179.09961";"61242.32";"0.00";"IST";"PT";"0s";"-0.00"
"455";"USTEC_ICM_UTC2";"Buy";"21419.1";"21394.1";"2024.12.04 18:30:00";"2024.12.04 20:30:00";"30.0";"-750.00";"21394.09961";"21444.09961";"60492.32";"0.00";"IST";"SL";"2h 0m";"-0.00"
"456";"USTEC_ICM_UTC2";"Buy";"21484.7";"21459.7";"2024.12.05 16:30:00";"2024.12.05 16:45:00";"30.0";"-750.00";"21459.69922";"21509.69922";"59742.32";"0.00";"IST";"SL";"15m 0s";"-0.00"
"457";"USTEC_ICM_UTC2";"Buy";"21581.1";"21606.1";"2024.12.06 19:15:00";"2024.12.06 20:00:00";"30.0";"750.00";"21556.09961";"21606.09961";"60492.32";"0.00";"IST";"PT";"45m 0s";"-0.00"
"458";"USTEC_ICM_UTC2";"Buy";"21571.5";"21546.5";"2024.12.09 16:30:00";"2024.12.09 16:30:00";"30.0";"-750.00";"21546.50000";"21596.50000";"59742.32";"0.00";"IST";"SL";"0s";"-0.00"
"459";"USTEC_ICM_UTC2";"Buy";"21441.6";"21416.6";"2024.12.10 20:30:00";"2024.12.10 20:45:00";"30.0";"-750.00";"21416.59961";"21466.59961";"58992.32";"0.00";"IST";"SL";"15m 0s";"-0.00"
"460";"USTEC_ICM_UTC2";"Buy";"21721.2";"21746.2";"2024.12.11 19:00:00";"2024.12.11 19:30:00";"30.0";"750.00";"21696.19922";"21746.19922";"59742.32";"0.00";"IST";"PT";"30m 0s";"-0.00"
"461";"USTEC_ICM_UTC2";"Buy";"21671.3";"21646.3";"2024.12.12 18:45:00";"2024.12.12 18:45:00";"30.0";"-750.00";"21646.30078";"21696.30078";"58992.32";"0.00";"IST";"SL";"0s";"-0.00"
"462";"USTEC_ICM_UTC2";"Buy";"21783.5";"21758.5";"2024.12.13 21:30:00";"2024.12.13 22:15:00";"30.0";"-750.00";"21758.50000";"21808.50000";"58242.32";"0.00";"IST";"SL";"45m 0s";"-0.00"
"463";"USTEC_ICM_UTC2";"Buy";"22058.7";"22083.7";"2024.12.16 19:45:00";"2024.12.16 20:00:00";"30.0";"750.00";"22033.69922";"22083.69922";"58992.32";"0.00";"IST";"PT";"15m 0s";"-0.00"
"464";"USTEC_ICM_UTC2";"Buy";"22019.1";"21994.1";"2024.12.17 20:15:00";"2024.12.17 20:15:00";"30.0";"-750.00";"21994.09961";"22044.09961";"58242.32";"0.00";"IST";"SL";"0s";"-0.00"
"465";"USTEC_ICM_UTC2";"Buy";"21966.3";"21991.3";"2024.12.18 20:45:00";"2024.12.18 20:45:00";"30.0";"750.00";"21941.30078";"21991.30078";"58992.32";"0.00";"IST";"PT";"0s";"-0.00"
"466";"USTEC_ICM_UTC2";"Buy";"21178.2";"21153.2";"2024.12.19 19:30:00";"2024.12.19 19:45:00";"30.0";"-750.00";"21153.19922";"21203.19922";"58242.32";"0.00";"IST";"SL";"15m 0s";"-0.00"
"467";"USTEC_ICM_UTC2";"Buy";"21552.7";"21527.7";"2024.12.20 19:30:00";"2024.12.20 19:30:00";"30.0";"-750.00";"21527.69922";"21577.69922";"57492.32";"0.00";"IST";"SL";"0s";"-0.00"
"468";"USTEC_ICM_UTC2";"Buy";"21458.8";"21483.8";"2024.12.23 20:15:00";"2024.12.23 20:30:00";"30.0";"750.00";"21433.80078";"21483.80078";"58242.32";"0.00";"IST";"PT";"15m 0s";"-0.00"
"469";"USTEC_ICM_UTC2";"Buy";"21737.6";"21712.6";"2024.12.24 18:45:00";"2024.12.24 18:45:00";"30.0";"-750.00";"21712.59961";"21762.59961";"57492.32";"0.00";"IST";"SL";"0s";"-0.00"
"470";"USTEC_ICM_UTC2";"Buy";"21822.0";"21797.0";"2024.12.26 19:15:00";"2024.12.26 19:15:00";"30.0";"-750.00";"21797.00000";"21847.00000";"56742.32";"0.00";"IST";"SL";"0s";"-0.00"
"471";"USTEC_ICM_UTC2";"Buy";"21435.1";"21460.1";"2024.12.27 21:30:00";"2024.12.27 21:30:00";"30.0";"750.00";"21410.09961";"21460.09961";"57492.32";"0.00";"IST";"PT";"0s";"-0.00"
"472";"USTEC_ICM_UTC2";"Buy";"21284.3";"21259.3";"2024.12.30 21:15:00";"2024.12.30 21:15:00";"30.0";"-750.00";"21259.30078";"21309.30078";"56742.32";"0.00";"IST";"SL";"0s";"-0.00"
"473";"USTEC_ICM_UTC2";"Buy";"21186.9";"21211.9";"2024.12.31 16:45:00";"2024.12.31 16:45:00";"30.0";"750.00";"21161.90039";"21211.90039";"57492.32";"0.00";"IST";"PT";"0s";"-0.00"
"474";"USTEC_ICM_UTC2";"Buy";"20869.7";"20894.7";"2025.01.02 22:00:00";"2025.01.02 22:00:00";"30.0";"750.00";"20844.69922";"20894.69922";"58242.32";"0.00";"IST";"PT";"0s";"-0.00"
"475";"USTEC_ICM_UTC2";"Buy";"21256.0";"21281.0";"2025.01.03 19:15:00";"2025.01.03 20:15:00";"30.0";"750.00";"21231.00000";"21281.00000";"58992.32";"0.00";"IST";"PT";"1h 0m";"-0.00"
"476";"USTEC_ICM_UTC2";"Buy";"21649.2";"21624.2";"2025.01.06 19:15:00";"2025.01.06 19:15:00";"30.0";"-750.00";"21624.19922";"21674.19922";"58242.32";"0.00";"IST";"SL";"0s";"-0.00"
"477";"USTEC_ICM_UTC2";"Buy";"21186.4";"21161.4";"2025.01.07 22:15:00";"2025.01.07 22:15:00";"30.0";"-750.00";"21161.40039";"21211.40039";"57492.32";"0.00";"IST";"SL";"0s";"-0.00"
"478";"USTEC_ICM_UTC2";"Buy";"21104.7";"21079.7";"2025.01.08 19:15:00";"2025.01.08 19:15:00";"30.0";"-750.00";"21079.69922";"21129.69922";"56742.32";"0.00";"IST";"SL";"0s";"-0.00"
"479";"USTEC_ICM_UTC2";"Buy";"20921.7";"20896.7";"2025.01.10 22:00:00";"2025.01.10 22:00:00";"30.0";"-750.00";"20896.69922";"20946.69922";"55992.32";"0.00";"IST";"SL";"0s";"-0.00"
"480";"USTEC_ICM_UTC2";"Buy";"20652.3";"20627.3";"2025.01.13 18:45:00";"2025.01.13 18:45:00";"30.0";"-750.00";"20627.30078";"20677.30078";"55242.32";"0.00";"IST";"SL";"0s";"-0.00"
"481";"USTEC_ICM_UTC2";"Buy";"20694.0";"20669.0";"2025.01.14 19:15:00";"2025.01.14 19:15:00";"30.0";"-750.00";"20669.00000";"20719.00000";"54492.32";"0.00";"IST";"SL";"0s";"-0.00"
"482";"USTEC_ICM_UTC2";"Buy";"21140.7";"21165.7";"2025.01.15 16:45:00";"2025.01.15 16:45:00";"30.0";"750.00";"21115.69922";"21165.69922";"55242.32";"0.00";"IST";"PT";"0s";"-0.00"
"483";"USTEC_ICM_UTC2";"Buy";"21229.2";"21204.2";"2025.01.16 20:15:00";"2025.01.16 20:15:00";"30.0";"-750.00";"21204.19922";"21254.19922";"54492.32";"0.00";"IST";"SL";"0s";"-0.00"
"484";"USTEC_ICM_UTC2";"Buy";"21475.6";"21450.6";"2025.01.17 18:30:00";"2025.01.17 18:30:00";"30.0";"-750.00";"21450.59961";"21500.59961";"53742.32";"0.00";"IST";"SL";"0s";"-0.00"
"485";"USTEC_ICM_UTC2";"Buy";"21562.5";"21537.5";"2025.01.20 18:45:00";"2025.01.20 19:00:00";"30.0";"-750.00";"21537.50000";"21587.50000";"52992.32";"0.00";"IST";"SL";"15m 0s";"-0.00"
"486";"USTEC_ICM_UTC2";"Buy";"21558.9";"21533.9";"2025.01.21 16:30:00";"2025.01.21 16:30:00";"30.0";"-750.00";"21533.90039";"21583.90039";"52242.32";"0.00";"IST";"SL";"0s";"-0.00"
"487";"USTEC_ICM_UTC2";"Buy";"21925.7";"21900.7";"2025.01.22 19:00:00";"2025.01.22 19:30:00";"30.0";"-750.00";"21900.69922";"21950.69922";"51492.32";"0.00";"IST";"SL";"30m 0s";"-0.00"
"488";"USTEC_ICM_UTC2";"Buy";"21771.9";"21796.9";"2025.01.23 19:45:00";"2025.01.23 20:00:00";"30.0";"750.00";"21746.90039";"21796.90039";"52242.32";"0.00";"IST";"PT";"15m 0s";"-0.00"
"489";"USTEC_ICM_UTC2";"Buy";"20992.5";"21017.5";"2025.01.27 16:30:00";"2025.01.27 16:30:00";"30.0";"750.00";"20967.50000";"21017.50000";"52992.32";"0.00";"IST";"PT";"0s";"-0.00"
"490";"USTEC_ICM_UTC2";"Buy";"21175.5";"21150.5";"2025.01.28 16:30:00";"2025.01.28 16:30:00";"30.0";"-750.00";"21150.50000";"21200.50000";"52242.32";"0.00";"IST";"SL";"0s";"-0.00"
"491";"USTEC_ICM_UTC2";"Buy";"21365.3";"21340.3";"2025.01.29 20:00:00";"2025.01.29 20:00:00";"30.0";"-750.00";"21340.30078";"21390.30078";"51492.32";"0.00";"IST";"SL";"0s";"-0.00"
"492";"USTEC_ICM_UTC2";"Buy";"21496.3";"21521.3";"2025.01.30 21:45:00";"2025.01.30 21:45:00";"30.0";"750.00";"21471.30078";"21521.30078";"52242.32";"0.00";"IST";"PT";"0s";"-0.00"
"493";"USTEC_ICM_UTC2";"Buy";"21795.0";"21820.0";"2025.01.31 19:15:00";"2025.01.31 19:30:00";"30.0";"750.00";"21770.00000";"21820.00000";"52992.32";"0.00";"IST";"PT";"15m 0s";"-0.00"
"494";"USTEC_ICM_UTC2";"Buy";"21321.4";"21346.4";"2025.02.03 18:15:00";"2025.02.03 18:15:00";"30.0";"750.00";"21296.40039";"21346.40039";"53742.32";"0.00";"IST";"PT";"0s";"-0.00"
"495";"USTEC_ICM_UTC2";"Buy";"21318.2";"21343.2";"2025.02.04 16:30:00";"2025.02.04 16:30:00";"30.0";"750.00";"21293.19922";"21343.19922";"54492.32";"0.00";"IST";"PT";"0s";"-0.00"
"496";"USTEC_ICM_UTC2";"Buy";"21603.8";"21578.8";"2025.02.05 19:30:00";"2025.02.05 20:15:00";"30.0";"-750.00";"21578.80078";"21628.80078";"53742.32";"0.00";"OOS1";"SL";"45m 0s";"-0.00"
"497";"USTEC_ICM_UTC2";"Buy";"21674.5";"21649.5";"2025.02.06 16:30:00";"2025.02.06 16:30:00";"30.0";"-750.00";"21649.50000";"21699.50000";"52992.32";"0.00";"OOS1";"SL";"0s";"-0.00"
"498";"USTEC_ICM_UTC2";"Buy";"21842.2";"21817.2";"2025.02.07 16:45:00";"2025.02.07 16:45:00";"30.0";"-750.00";"21817.19922";"21867.19922";"52242.32";"0.00";"OOS1";"SL";"0s";"-0.00"
"499";"USTEC_ICM_UTC2";"Buy";"21706.9";"21681.9";"2025.02.10 16:45:00";"2025.02.10 16:45:00";"30.0";"-750.00";"21681.90039";"21731.90039";"51492.32";"0.00";"OOS1";"SL";"0s";"-0.00"
"500";"USTEC_ICM_UTC2";"Buy";"21733.2";"21708.2";"2025.02.11 18:30:00";"2025.02.11 18:45:00";"30.0";"-750.00";"21708.19922";"21758.19922";"50742.32";"0.00";"OOS1";"SL";"15m 0s";"-0.00"
"501";"USTEC_ICM_UTC2";"Buy";"21678.0";"21703.0";"2025.02.12 19:45:00";"2025.02.12 19:45:00";"30.0";"750.00";"21653.00000";"21703.00000";"51492.32";"0.00";"OOS1";"PT";"0s";"-0.00"
"502";"USTEC_ICM_UTC2";"Buy";"21782.1";"21757.1";"2025.02.13 16:30:00";"2025.02.13 16:30:00";"30.0";"-750.00";"21757.09961";"21807.09961";"50742.32";"0.00";"OOS1";"SL";"0s";"-0.00"
"503";"USTEC_ICM_UTC2";"Buy";"22031.2";"22056.2";"2025.02.14 19:45:00";"2025.02.14 19:45:00";"30.0";"750.00";"22006.19922";"22056.19922";"51492.32";"0.00";"OOS1";"PT";"0s";"-0.00"
"504";"USTEC_ICM_UTC2";"Buy";"22165.3";"22140.3";"2025.02.17 16:30:00";"2025.02.17 16:30:00";"30.0";"-750.00";"22140.30078";"22190.30078";"50742.32";"0.00";"OOS1";"SL";"0s";"-0.00"
"505";"USTEC_ICM_UTC2";"Buy";"22184.0";"22159.0";"2025.02.18 16:30:00";"2025.02.18 16:30:00";"30.0";"-750.00";"22159.00000";"22209.00000";"49992.32";"0.00";"OOS1";"SL";"0s";"-0.00"
"506";"USTEC_ICM_UTC2";"Buy";"22195.9";"22220.9";"2025.02.19 21:15:00";"2025.02.19 21:45:00";"30.0";"750.00";"22170.90039";"22220.90039";"50742.32";"0.00";"OOS1";"PT";"30m 0s";"-0.00"
"507";"USTEC_ICM_UTC2";"Buy";"22004.6";"22029.6";"2025.02.20 21:45:00";"2025.02.20 21:45:00";"30.0";"750.00";"21979.59961";"22029.59961";"51492.32";"0.00";"OOS1";"PT";"0s";"-0.00"
"508";"USTEC_ICM_UTC2";"Buy";"21500.9";"21475.9";"2025.02.24 21:45:00";"2025.02.24 21:45:00";"30.0";"-750.00";"21475.90039";"21525.90039";"50742.32";"0.00";"OOS1";"SL";"0s";"-0.00"
"509";"USTEC_ICM_UTC2";"Buy";"21129.2";"21154.2";"2025.02.25 19:30:00";"2025.02.25 19:30:00";"30.0";"750.00";"21104.19922";"21154.19922";"51492.32";"0.00";"OOS1";"PT";"0s";"-0.00"
"510";"USTEC_ICM_UTC2";"Buy";"21138.2";"21163.2";"2025.02.27 16:45:00";"2025.02.27 16:45:00";"30.0";"750.00";"21113.19922";"21163.19922";"52242.32";"0.00";"OOS1";"PT";"0s";"-0.00"
"511";"USTEC_ICM_UTC2";"Buy";"20924.4";"20949.4";"2025.03.03 16:45:00";"2025.03.03 16:45:00";"30.0";"750.00";"20899.40039";"20949.40039";"52992.32";"0.00";"OOS1";"PT";"0s";"-0.00"
"512";"USTEC_ICM_UTC2";"Buy";"20624.1";"20649.1";"2025.03.04 22:15:00";"2025.03.04 22:15:00";"30.0";"750.00";"20599.09961";"20649.09961";"53742.32";"0.00";"OOS1";"PT";"0s";"-0.00"
"513";"USTEC_ICM_UTC2";"Buy";"20386.2";"20361.2";"2025.03.05 16:45:00";"2025.03.05 16:45:00";"30.0";"-750.00";"20361.19922";"20411.19922";"52992.32";"0.00";"OOS1";"SL";"0s";"-0.00"
"514";"USTEC_ICM_UTC2";"Buy";"20188.1";"20163.1";"2025.03.07 22:15:00";"2025.03.07 22:15:00";"30.0";"-750.00";"20163.09961";"20213.09961";"52242.32";"0.00";"OOS1";"SL";"0s";"-0.00"
"515";"USTEC_ICM_UTC2";"Buy";"19183.1";"19208.1";"2025.03.11 19:30:00";"2025.03.11 19:30:00";"30.0";"750.00";"19158.09961";"19208.09961";"52992.32";"0.00";"OOS1";"PT";"0s";"-0.00"
"516";"USTEC_ICM_UTC2";"Buy";"19602.7";"19627.7";"2025.03.12 18:45:00";"2025.03.12 18:45:00";"30.0";"750.00";"19577.69922";"19627.69922";"53742.32";"0.00";"OOS1";"PT";"0s";"-0.00"
"517";"USTEC_ICM_UTC2";"Buy";"19339.3";"19314.3";"2025.03.13 17:45:00";"2025.03.13 17:45:00";"30.0";"-750.00";"19314.30078";"19364.30078";"52992.32";"0.00";"OOS1";"SL";"0s";"-0.00"
"518";"USTEC_ICM_UTC2";"Buy";"19656.5";"19631.5";"2025.03.14 19:15:00";"2025.03.14 19:15:00";"30.0";"-750.00";"19631.50000";"19681.50000";"52242.32";"0.00";"OOS1";"SL";"0s";"-0.00"
"519";"USTEC_ICM_UTC2";"Buy";"19868.2";"19893.2";"2025.03.17 20:15:00";"2025.03.17 20:15:00";"30.0";"750.00";"19843.19922";"19893.19922";"52992.32";"0.00";"OOS1";"PT";"0s";"-0.00"
"520";"USTEC_ICM_UTC2";"Buy";"19661.9";"19636.9";"2025.03.19 18:45:00";"2025.03.19 19:00:00";"30.0";"-750.00";"19636.90039";"19686.90039";"52242.32";"0.00";"OOS1";"SL";"15m 0s";"-0.00"
"521";"USTEC_ICM_UTC2";"Buy";"19813.9";"19838.9";"2025.03.20 17:45:00";"2025.03.20 17:45:00";"30.0";"750.00";"19788.90039";"19838.90039";"52992.32";"0.00";"OOS1";"PT";"0s";"-0.00"
"522";"USTEC_ICM_UTC2";"Buy";"19663.1";"19688.1";"2025.03.21 19:45:00";"2025.03.21 19:45:00";"30.0";"750.00";"19638.09961";"19688.09961";"53742.32";"0.00";"OOS1";"PT";"0s";"-0.00"
"523";"USTEC_ICM_UTC2";"Buy";"20131.3";"20156.3";"2025.03.24 17:45:00";"2025.03.24 18:00:00";"30.0";"750.00";"20106.30078";"20156.30078";"54492.32";"0.00";"OOS1";"PT";"15m 0s";"-0.00"
"524";"USTEC_ICM_UTC2";"Buy";"20275.4";"20250.4";"2025.03.25 17:30:00";"2025.03.25 17:30:00";"30.0";"-750.00";"20250.40039";"20300.40039";"53742.32";"0.00";"OOS1";"SL";"0s";"-0.00"
"525";"USTEC_ICM_UTC2";"Buy";"19282.4";"19307.4";"2025.03.28 20:45:00";"2025.03.28 21:00:00";"30.0";"750.00";"19257.40039";"19307.40039";"54492.32";"0.00";"OOS1";"PT";"15m 0s";"-0.00"
"526";"USTEC_ICM_UTC2";"Buy";"18988.7";"18963.7";"2025.03.31 16:30:00";"2025.03.31 16:30:00";"30.0";"-750.00";"18963.69922";"19013.69922";"53742.32";"0.00";"OOS1";"SL";"0s";"-0.00"
"527";"USTEC_ICM_UTC2";"Buy";"19221.3";"19246.3";"2025.04.01 16:45:00";"2025.04.01 16:45:00";"30.0";"750.00";"19196.30078";"19246.30078";"54492.32";"0.00";"OOS1";"PT";"0s";"-0.00"
"528";"USTEC_ICM_UTC2";"Buy";"19158.3";"19183.3";"2025.04.02 16:30:00";"2025.04.02 16:30:00";"30.0";"750.00";"19133.30078";"19183.30078";"55242.32";"0.00";"OOS1";"PT";"0s";"-0.00"
"529";"USTEC_ICM_UTC2";"Buy";"18727.3";"18702.3";"2025.04.03 20:45:00";"2025.04.03 20:45:00";"30.0";"-750.00";"18702.30078";"18752.30078";"54492.32";"0.00";"OOS1";"SL";"0s";"-0.00"
"530";"USTEC_ICM_UTC2";"Buy";"17993.7";"18018.7";"2025.04.04 16:30:00";"2025.04.04 16:30:00";"30.0";"750.00";"17968.69922";"18018.69922";"55242.32";"0.00";"OOS1";"PT";"0s";"-0.00"
"531";"USTEC_ICM_UTC2";"Buy";"16785.0";"16810.0";"2025.04.07 16:30:00";"2025.04.07 16:30:00";"30.0";"750.00";"16760.00000";"16810.00000";"55992.32";"0.00";"OOS1";"PT";"0s";"-0.00"
"532";"USTEC_ICM_UTC2";"Buy";"18099.3";"18124.3";"2025.04.08 17:45:00";"2025.04.08 17:45:00";"30.0";"750.00";"18074.30078";"18124.30078";"56742.32";"0.00";"OOS1";"PT";"0s";"-0.00"
"533";"USTEC_ICM_UTC2";"Buy";"17238.0";"17213.0";"2025.04.09 16:45:00";"2025.04.09 16:45:00";"30.0";"-750.00";"17213.00000";"17263.00000";"55992.32";"0.00";"OOS1";"SL";"0s";"-0.00"
"534";"USTEC_ICM_UTC2";"Buy";"18138.3";"18163.3";"2025.04.10 19:00:00";"2025.04.10 19:00:00";"30.0";"750.00";"18113.30078";"18163.30078";"56742.32";"0.00";"OOS1";"PT";"0s";"-0.00"
"535";"USTEC_ICM_UTC2";"Buy";"18616.0";"18641.0";"2025.04.11 19:45:00";"2025.04.11 19:45:00";"30.0";"750.00";"18591.00000";"18641.00000";"57492.32";"0.00";"OOS1";"PT";"0s";"-0.00"
"536";"USTEC_ICM_UTC2";"Buy";"19092.4";"19067.4";"2025.04.14 16:30:00";"2025.04.14 16:30:00";"30.0";"-750.00";"19067.40039";"19117.40039";"56742.32";"0.00";"OOS1";"SL";"0s";"-0.00"
"537";"USTEC_ICM_UTC2";"Buy";"18450.3";"18475.3";"2025.04.16 16:30:00";"2025.04.16 16:30:00";"30.0";"750.00";"18425.30078";"18475.30078";"57492.32";"0.00";"OOS1";"PT";"0s";"-0.00"
"538";"USTEC_ICM_UTC2";"Buy";"18288.8";"18313.8";"2025.04.17 20:45:00";"2025.04.17 20:45:00";"30.0";"750.00";"18263.80078";"18313.80078";"58242.32";"0.00";"OOS1";"PT";"0s";"-0.00"
"539";"USTEC_ICM_UTC2";"Buy";"17613.4";"17638.4";"2025.04.21 21:15:00";"2025.04.21 21:15:00";"30.0";"750.00";"17588.40039";"17638.40039";"58992.32";"0.00";"OOS1";"PT";"0s";"-0.00"
"540";"USTEC_ICM_UTC2";"Buy";"18043.9";"18018.9";"2025.04.22 16:30:00";"2025.04.22 16:30:00";"30.0";"-750.00";"18018.90039";"18068.90039";"58242.32";"0.00";"OOS1";"SL";"0s";"-0.00"
"541";"USTEC_ICM_UTC2";"Buy";"18783.9";"18758.9";"2025.04.23 20:45:00";"2025.04.23 20:45:00";"30.0";"-750.00";"18758.90039";"18808.90039";"57492.32";"0.00";"OOS1";"SL";"0s";"-0.00"
"542";"USTEC_ICM_UTC2";"Buy";"18758.8";"18783.8";"2025.04.24 16:30:00";"2025.04.24 16:30:00";"30.0";"750.00";"18733.80078";"18783.80078";"58242.32";"0.00";"OOS1";"PT";"0s";"-0.00"
"543";"USTEC_ICM_UTC2";"Buy";"19401.8";"19426.8";"2025.04.25 20:15:00";"2025.04.25 20:15:00";"30.0";"750.00";"19376.80078";"19426.80078";"58992.32";"0.00";"OOS1";"PT";"0s";"-0.00"
"544";"USTEC_ICM_UTC2";"Buy";"19491.3";"19466.3";"2025.04.28 16:45:00";"2025.04.28 16:45:00";"30.0";"-750.00";"19466.30078";"19516.30078";"58242.32";"0.00";"OOS1";"SL";"0s";"-0.00"
"545";"USTEC_ICM_UTC2";"Buy";"19476.0";"19451.0";"2025.04.29 19:45:00";"2025.04.29 19:45:00";"30.0";"-750.00";"19451.00000";"19501.00000";"57492.32";"0.00";"OOS1";"SL";"0s";"-0.00"
"546";"USTEC_ICM_UTC2";"Buy";"19421.1";"19446.1";"2025.04.30 21:15:00";"2025.04.30 21:15:00";"30.0";"750.00";"19396.09961";"19446.09961";"58242.32";"0.00";"OOS1";"PT";"0s";"-0.00"
"547";"USTEC_ICM_UTC2";"Buy";"19910.6";"19885.6";"2025.05.01 20:15:00";"2025.05.01 20:30:00";"30.0";"-750.00";"19885.59961";"19935.59961";"57492.32";"0.00";"OOS1";"SL";"15m 0s";"-0.00"
"548";"USTEC_ICM_UTC2";"Buy";"20046.6";"20071.6";"2025.05.02 18:30:00";"2025.05.02 18:30:00";"30.0";"750.00";"20021.59961";"20071.59961";"58242.32";"0.00";"OOS1";"PT";"0s";"-0.00"
"549";"USTEC_ICM_UTC2";"Buy";"20008.6";"19983.6";"2025.05.05 18:30:00";"2025.05.05 18:30:00";"30.0";"-750.00";"19983.59961";"20033.59961";"57492.32";"0.00";"OOS1";"SL";"0s";"-0.00"
"550";"USTEC_ICM_UTC2";"Buy";"19918.4";"19893.4";"2025.05.06 19:15:00";"2025.05.06 19:15:00";"30.0";"-750.00";"19893.40039";"19943.40039";"56742.32";"0.00";"OOS1";"SL";"0s";"-0.00"
"551";"USTEC_ICM_UTC2";"Buy";"19759.7";"19734.7";"2025.05.07 18:00:00";"2025.05.07 18:00:00";"30.0";"-750.00";"19734.69922";"19784.69922";"55992.32";"0.00";"OOS1";"SL";"0s";"-0.00"
"552";"USTEC_ICM_UTC2";"Buy";"20081.4";"20056.4";"2025.05.08 16:30:00";"2025.05.08 16:30:00";"30.0";"-750.00";"20056.40039";"20106.40039";"55242.32";"0.00";"OOS1";"SL";"0s";"-0.00"
"553";"USTEC_ICM_UTC2";"Buy";"20148.7";"20173.7";"2025.05.09 16:45:00";"2025.05.09 16:45:00";"30.0";"750.00";"20123.69922";"20173.69922";"55992.32";"0.00";"OOS1";"PT";"0s";"-0.00"
"554";"USTEC_ICM_UTC2";"Buy";"20708.3";"20683.3";"2025.05.12 18:15:00";"2025.05.12 18:15:00";"30.0";"-750.00";"20683.30078";"20733.30078";"55242.32";"0.00";"OOS1";"SL";"0s";"-0.00"
"555";"USTEC_ICM_UTC2";"Buy";"20922.9";"20897.9";"2025.05.13 16:30:00";"2025.05.13 16:30:00";"30.0";"-750.00";"20897.90039";"20947.90039";"54492.32";"0.00";"OOS1";"SL";"0s";"-0.00"
"556";"USTEC_ICM_UTC2";"Buy";"21308.8";"21333.8";"2025.05.14 19:15:00";"2025.05.14 19:30:00";"30.0";"750.00";"21283.80078";"21333.80078";"55242.32";"0.00";"OOS1";"PT";"15m 0s";"-0.00"
"557";"USTEC_ICM_UTC2";"Buy";"21354.3";"21379.3";"2025.05.15 19:15:00";"2025.05.15 19:30:00";"30.0";"750.00";"21329.30078";"21379.30078";"55992.32";"0.00";"OOS1";"PT";"15m 0s";"-0.00"
"558";"USTEC_ICM_UTC2";"Buy";"21348.2";"21373.2";"2025.05.16 20:00:00";"2025.05.16 20:15:00";"30.0";"750.00";"21323.19922";"21373.19922";"56742.32";"0.00";"OOS1";"PT";"15m 0s";"-0.00"
"559";"USTEC_ICM_UTC2";"Buy";"21371.3";"21346.3";"2025.05.19 18:45:00";"2025.05.19 18:45:00";"30.0";"-750.00";"21346.30078";"21396.30078";"55992.32";"0.00";"OOS1";"SL";"0s";"-0.00"
"560";"USTEC_ICM_UTC2";"Buy";"21395.3";"21370.3";"2025.05.20 20:15:00";"2025.05.20 20:15:00";"30.0";"-750.00";"21370.30078";"21420.30078";"55242.32";"0.00";"OOS1";"SL";"0s";"-0.00"
"561";"USTEC_ICM_UTC2";"Buy";"21292.9";"21317.9";"2025.05.21 16:45:00";"2025.05.21 16:45:00";"30.0";"750.00";"21267.90039";"21317.90039";"55992.32";"0.00";"OOS1";"PT";"0s";"-0.00"
"562";"USTEC_ICM_UTC2";"Buy";"21137.1";"21162.1";"2025.05.22 18:30:00";"2025.05.22 18:30:00";"30.0";"750.00";"21112.09961";"21162.09961";"56742.32";"0.00";"OOS1";"PT";"0s";"-0.00"
"563";"USTEC_ICM_UTC2";"Buy";"20994.7";"21019.7";"2025.05.23 21:00:00";"2025.05.23 21:00:00";"30.0";"750.00";"20969.69922";"21019.69922";"57492.32";"0.00";"OOS1";"PT";"0s";"-0.00"
"564";"USTEC_ICM_UTC2";"Buy";"21213.3";"21188.3";"2025.05.26 17:30:00";"2025.05.26 17:30:00";"30.0";"-750.00";"21188.30078";"21238.30078";"56742.32";"0.00";"OOS1";"SL";"0s";"-0.00"
"565";"USTEC_ICM_UTC2";"Buy";"21300.8";"21325.8";"2025.05.27 18:00:00";"2025.05.27 18:15:00";"30.0";"750.00";"21275.80078";"21325.80078";"57492.32";"0.00";"OOS1";"PT";"15m 0s";"-0.00"
"566";"USTEC_ICM_UTC2";"Buy";"21412.4";"21437.4";"2025.05.28 20:00:00";"2025.05.28 21:00:00";"30.0";"750.00";"21387.40039";"21437.40039";"58242.32";"0.00";"OOS1";"PT";"1h 0m";"-0.00"
"567";"USTEC_ICM_UTC2";"Buy";"21357.2";"21332.2";"2025.05.29 20:45:00";"2025.05.29 20:45:00";"30.0";"-750.00";"21332.19922";"21382.19922";"57492.32";"0.00";"OOS1";"SL";"0s";"-0.00"
"568";"USTEC_ICM_UTC2";"Buy";"21309.2";"21284.2";"2025.05.30 18:00:00";"2025.05.30 18:15:00";"30.0";"-750.00";"21284.19922";"21334.19922";"56742.32";"0.00";"OOS1";"SL";"15m 0s";"-0.00"
"569";"USTEC_ICM_UTC2";"Buy";"21355.2";"21380.2";"2025.06.02 18:45:00";"2025.06.02 18:45:00";"30.0";"750.00";"21330.19922";"21380.19922";"57492.32";"0.00";"OOS1";"PT";"0s";"-0.00"
"570";"USTEC_ICM_UTC2";"Buy";"21507.2";"21482.2";"2025.06.03 16:30:00";"2025.06.03 16:30:00";"30.0";"-750.00";"21482.19922";"21532.19922";"56742.32";"0.00";"OOS1";"SL";"0s";"-0.00"
"571";"USTEC_ICM_UTC2";"Buy";"21703.0";"21728.0";"2025.06.04 18:45:00";"2025.06.04 18:45:00";"30.0";"750.00";"21678.00000";"21728.00000";"57492.32";"0.00";"OOS1";"PT";"0s";"-0.00"
"572";"USTEC_ICM_UTC2";"Buy";"21883.3";"21858.3";"2025.06.05 19:00:00";"2025.06.05 19:00:00";"30.0";"-750.00";"21858.30078";"21908.30078";"56742.32";"0.00";"OOS1";"SL";"0s";"-0.00"
"573";"USTEC_ICM_UTC2";"Buy";"21810.3";"21785.3";"2025.06.06 18:15:00";"2025.06.06 18:15:00";"30.0";"-750.00";"21785.30078";"21835.30078";"55992.32";"0.00";"OOS1";"SL";"0s";"-0.00"
"574";"USTEC_ICM_UTC2";"Buy";"21767.4";"21792.4";"2025.06.09 16:45:00";"2025.06.09 17:00:00";"30.0";"750.00";"21742.40039";"21792.40039";"56742.32";"0.00";"OOS1";"PT";"15m 0s";"-0.00"
"575";"USTEC_ICM_UTC2";"Buy";"21810.0";"21835.0";"2025.06.10 16:30:00";"2025.06.10 16:30:00";"30.0";"750.00";"21785.00000";"21835.00000";"57492.32";"0.00";"OOS1";"PT";"0s";"-0.00"
"576";"USTEC_ICM_UTC2";"Buy";"21951.0";"21926.0";"2025.06.11 16:45:00";"2025.06.11 16:45:00";"30.0";"-750.00";"21926.00000";"21976.00000";"56742.32";"0.00";"OOS1";"SL";"0s";"-0.00"
"577";"USTEC_ICM_UTC2";"Buy";"21858.5";"21833.5";"2025.06.12 16:45:00";"2025.06.12 16:45:00";"30.0";"-750.00";"21833.50000";"21883.50000";"55992.32";"0.00";"OOS1";"SL";"0s";"-0.00"
"578";"USTEC_ICM_UTC2";"Buy";"21663.2";"21688.2";"2025.06.13 16:30:00";"2025.06.13 16:30:00";"30.0";"750.00";"21638.19922";"21688.19922";"56742.32";"0.00";"OOS1";"PT";"0s";"-0.00"
"579";"USTEC_ICM_UTC2";"Buy";"21959.7";"21934.7";"2025.06.16 17:45:00";"2025.06.16 17:45:00";"30.0";"-750.00";"21934.69922";"21984.69922";"55992.32";"0.00";"OOS1";"SL";"0s";"-0.00"
"580";"USTEC_ICM_UTC2";"Buy";"21826.9";"21851.9";"2025.06.17 16:30:00";"2025.06.17 16:30:00";"30.0";"750.00";"21801.90039";"21851.90039";"56742.32";"0.00";"OOS1";"PT";"0s";"-0.00"
"581";"USTEC_ICM_UTC2";"Buy";"21749.5";"21774.5";"2025.06.18 16:45:00";"2025.06.18 16:45:00";"30.0";"750.00";"21724.50000";"21774.50000";"57492.32";"0.00";"OOS1";"PT";"0s";"-0.00"
"582";"USTEC_ICM_UTC2";"Buy";"21453.7";"21478.7";"2025.06.19 19:00:00";"2025.06.19 19:00:00";"30.0";"750.00";"21428.69922";"21478.69922";"58242.32";"0.00";"OOS1";"PT";"0s";"-0.00"
"583";"USTEC_ICM_UTC2";"Buy";"21852.1";"21827.1";"2025.06.20 16:30:00";"2025.06.20 16:30:00";"30.0";"-750.00";"21827.09961";"21877.09961";"57492.32";"0.00";"OOS1";"SL";"0s";"-0.00"
"584";"USTEC_ICM_UTC2";"Buy";"21712.1";"21687.1";"2025.06.23 19:15:00";"2025.06.23 19:15:00";"30.0";"-750.00";"21687.09961";"21737.09961";"56742.32";"0.00";"OOS1";"SL";"0s";"-0.00"
"585";"USTEC_ICM_UTC2";"Buy";"22092.7";"22067.7";"2025.06.24 16:45:00";"2025.06.24 16:45:00";"30.0";"-750.00";"22067.69922";"22117.69922";"55992.32";"0.00";"OOS1";"SL";"0s";"-0.00"
"586";"USTEC_ICM_UTC2";"Buy";"22277.9";"22302.9";"2025.06.25 16:30:00";"2025.06.25 16:30:00";"30.0";"750.00";"22252.90039";"22302.90039";"56742.32";"0.00";"OOS1";"PT";"0s";"-0.00"
"587";"USTEC_ICM_UTC2";"Buy";"22379.5";"22404.5";"2025.06.26 19:45:00";"2025.06.26 20:00:00";"30.0";"750.00";"22354.50000";"22404.50000";"57492.32";"0.00";"OOS1";"PT";"15m 0s";"-0.00"
"588";"USTEC_ICM_UTC2";"Buy";"22585.5";"22560.5";"2025.06.27 19:15:00";"2025.06.27 19:30:00";"30.0";"-750.00";"22560.50000";"22610.50000";"56742.32";"0.00";"OOS1";"SL";"15m 0s";"-0.00"
"589";"USTEC_ICM_UTC2";"Buy";"22619.7";"22594.7";"2025.06.30 20:30:00";"2025.06.30 20:45:00";"30.0";"-750.00";"22594.69922";"22644.69922";"55992.32";"0.00";"OOS1";"SL";"15m 0s";"-0.00"
"590";"USTEC_ICM_UTC2";"Buy";"22519.8";"22544.8";"2025.07.01 20:45:00";"2025.07.01 20:45:00";"30.0";"750.00";"22494.80078";"22544.80078";"56742.32";"0.00";"OOS1";"PT";"0s";"-0.00"
"591";"USTEC_ICM_UTC2";"Buy";"22615.7";"22640.7";"2025.07.02 19:00:00";"2025.07.02 22:45:00";"30.0";"750.00";"22590.69922";"22640.69922";"57492.32";"0.00";"OOS1";"PT";"3h 45m";"-0.00"
"592";"USTEC_ICM_UTC2";"Buy";"22894.9";"22869.9";"2025.07.03 18:45:00";"2025.07.03 19:15:00";"30.0";"-750.00";"22869.90039";"22919.90039";"56742.32";"0.00";"OOS1";"SL";"30m 0s";"-0.00"
"593";"USTEC_ICM_UTC2";"Buy";"22723.1";"22698.1";"2025.07.04 16:30:00";"2025.07.04 16:30:00";"30.0";"-750.00";"22698.09961";"22748.09961";"55992.32";"0.00";"OOS1";"SL";"0s";"-0.00"
"594";"USTEC_ICM_UTC2";"Buy";"22751.0";"22726.0";"2025.07.07 16:30:00";"2025.07.07 16:30:00";"30.0";"-750.00";"22726.00000";"22776.00000";"55242.32";"0.00";"OOS1";"SL";"0s";"-0.00"
"595";"USTEC_ICM_UTC2";"Buy";"22711.3";"22686.3";"2025.07.08 16:45:00";"2025.07.08 17:00:00";"30.0";"-750.00";"22686.30078";"22736.30078";"54492.32";"0.00";"OOS1";"SL";"15m 0s";"-0.00"
"596";"USTEC_ICM_UTC2";"Buy";"22783.9";"22808.9";"2025.07.09 20:15:00";"2025.07.09 21:00:00";"30.0";"750.00";"22758.90039";"22808.90039";"55242.32";"0.00";"OOS1";"PT";"45m 0s";"-0.00"
"597";"USTEC_ICM_UTC2";"Buy";"22809.2";"22834.2";"2025.07.10 20:15:00";"2025.07.10 20:30:00";"30.0";"750.00";"22784.19922";"22834.19922";"55992.32";"0.00";"OOS1";"PT";"15m 0s";"-0.00"
"598";"USTEC_ICM_UTC2";"Buy";"22823.3";"22798.3";"2025.07.11 20:00:00";"2025.07.11 20:30:00";"30.0";"-750.00";"22798.30078";"22848.30078";"55242.32";"0.00";"OOS1";"SL";"30m 0s";"-0.00"
"599";"USTEC_ICM_UTC2";"Buy";"22826.9";"22851.9";"2025.07.14 18:45:00";"2025.07.14 19:45:00";"30.0";"750.00";"22801.90039";"22851.90039";"55992.32";"0.00";"OOS1";"PT";"1h 0m";"-0.00"
"600";"USTEC_ICM_UTC2";"Buy";"22975.3";"22950.3";"2025.07.15 21:45:00";"2025.07.15 21:45:00";"30.0";"-750.00";"22950.30078";"23000.30078";"55242.32";"0.00";"OOS1";"SL";"0s";"-0.00"
"601";"USTEC_ICM_UTC2";"Buy";"22899.9";"22874.9";"2025.07.16 16:30:00";"2025.07.16 16:30:00";"30.0";"-750.00";"22874.90039";"22924.90039";"54492.32";"0.00";"OOS1";"SL";"0s";"-0.00"
"602";"USTEC_ICM_UTC2";"Buy";"23068.7";"23093.7";"2025.07.17 18:45:00";"2025.07.17 19:00:00";"30.0";"750.00";"23043.69922";"23093.69922";"55242.32";"0.00";"OOS1";"PT";"15m 0s";"-0.00"
"603";"USTEC_ICM_UTC2";"Buy";"23041.4";"23066.4";"2025.07.18 21:00:00";"2025.07.18 21:30:00";"30.0";"750.00";"23016.40039";"23066.40039";"55992.32";"0.00";"OOS1";"PT";"30m 0s";"-0.00"
"604";"USTEC_ICM_UTC2";"Buy";"23239.1";"23214.1";"2025.07.21 18:45:00";"2025.07.21 19:00:00";"30.0";"-750.00";"23214.09961";"23264.09961";"55242.32";"0.00";"OOS1";"SL";"15m 0s";"-0.00"
"605";"USTEC_ICM_UTC2";"Buy";"23063.6";"23038.6";"2025.07.22 21:15:00";"2025.07.22 21:15:00";"30.0";"-750.00";"23038.59961";"23088.59961";"54492.32";"0.00";"OOS1";"SL";"0s";"-0.00"
"606";"USTEC_ICM_UTC2";"Buy";"23082.5";"23107.5";"2025.07.23 20:30:00";"2025.07.23 20:30:00";"30.0";"750.00";"23057.50000";"23107.50000";"55242.32";"0.00";"OOS1";"PT";"0s";"-0.00"
"607";"USTEC_ICM_UTC2";"Buy";"23223.4";"23248.4";"2025.07.24 16:30:00";"2025.07.24 16:30:00";"30.0";"750.00";"23198.40039";"23248.40039";"55992.32";"0.00";"OOS1";"PT";"0s";"-0.00"
"608";"USTEC_ICM_UTC2";"Buy";"23276.7";"23301.7";"2025.07.25 18:30:00";"2025.07.25 19:00:00";"30.0";"750.00";"23251.69922";"23301.69922";"56742.32";"0.00";"OOS1";"PT";"30m 0s";"-0.00"
"609";"USTEC_ICM_UTC2";"Buy";"23340.1";"23365.1";"2025.07.28 18:30:00";"2025.07.28 19:15:00";"30.0";"750.00";"23315.09961";"23365.09961";"57492.32";"0.00";"OOS1";"PT";"45m 0s";"-0.00"
"610";"USTEC_ICM_UTC2";"Buy";"23336.4";"23361.4";"2025.07.29 20:45:00";"2025.07.29 21:00:00";"30.0";"750.00";"23311.40039";"23361.40039";"58242.32";"0.00";"OOS1";"PT";"15m 0s";"-0.00"
"611";"USTEC_ICM_UTC2";"Buy";"23398.7";"23423.7";"2025.07.30 19:30:00";"2025.07.30 21:30:00";"30.0";"750.00";"23373.69922";"23423.69922";"58992.32";"0.00";"OOS1";"PT";"2h 0m";"-0.00"
"612";"USTEC_ICM_UTC2";"Buy";"23611.9";"23586.9";"2025.07.31 16:30:00";"2025.07.31 16:30:00";"30.0";"-750.00";"23586.90039";"23636.90039";"58242.32";"0.00";"OOS1";"SL";"0s";"-0.00"
"613";"USTEC_ICM_UTC2";"Buy";"22839.8";"22814.8";"2025.08.01 19:45:00";"2025.08.01 19:45:00";"30.0";"-750.00";"22814.80078";"22864.80078";"57492.32";"0.00";"OOS1";"SL";"0s";"-0.00"
"614";"USTEC_ICM_UTC2";"Buy";"22977.1";"23002.1";"2025.08.04 16:30:00";"2025.08.04 16:30:00";"30.0";"750.00";"22952.09961";"23002.09961";"58242.32";"0.00";"OOS1";"PT";"0s";"-0.00"
"615";"USTEC_ICM_UTC2";"Buy";"23067.5";"23042.5";"2025.08.05 21:30:00";"2025.08.05 21:30:00";"30.0";"-750.00";"23042.50000";"23092.50000";"57492.32";"0.00";"OOS1";"SL";"0s";"-0.00"
"616";"USTEC_ICM_UTC2";"Buy";"23256.6";"23281.6";"2025.08.06 19:30:00";"2025.08.06 20:30:00";"30.0";"750.00";"23231.59961";"23281.59961";"58242.32";"0.00";"OOS1";"PT";"1h 0m";"-0.00"
"617";"USTEC_ICM_UTC2";"Buy";"23290.1";"23315.1";"2025.08.07 22:30:00";"2025.08.07 22:30:00";"30.0";"750.00";"23265.09961";"23315.09961";"58992.32";"0.00";"OOS1";"PT";"0s";"-0.00"
"618";"USTEC_ICM_UTC2";"Buy";"23517.2";"23542.2";"2025.08.08 18:45:00";"2025.08.08 18:45:00";"30.0";"750.00";"23492.19922";"23542.19922";"59742.32";"0.00";"OOS1";"PT";"0s";"-0.00"
"619";"USTEC_ICM_UTC2";"Buy";"23626.6";"23651.6";"2025.08.11 18:45:00";"2025.08.11 18:45:00";"30.0";"750.00";"23601.59961";"23651.59961";"60492.32";"0.00";"OOS1";"PT";"0s";"-0.00"
"620";"USTEC_ICM_UTC2";"Buy";"23645.5";"23670.5";"2025.08.12 16:45:00";"2025.08.12 16:45:00";"30.0";"750.00";"23620.50000";"23670.50000";"61242.32";"0.00";"OOS1";"PT";"0s";"-0.00"
"621";"USTEC_ICM_UTC2";"Buy";"23817.8";"23842.8";"2025.08.13 22:45:00";"2025.08.13 22:45:00";"30.0";"750.00";"23792.80078";"23842.80078";"61992.32";"0.00";"OOS1";"PT";"0s";"-0.00"
"622";"USTEC_ICM_UTC2";"Buy";"23821.2";"23846.2";"2025.08.14 21:45:00";"2025.08.14 22:15:00";"30.0";"750.00";"23796.19922";"23846.19922";"62742.32";"0.00";"OOS1";"PT";"30m 0s";"-0.00"
"623";"USTEC_ICM_UTC2";"Buy";"23820.1";"23795.1";"2025.08.15 16:30:00";"2025.08.15 16:30:00";"30.0";"-750.00";"23795.09961";"23845.09961";"61992.32";"0.00";"OOS1";"SL";"0s";"-0.00"
"624";"USTEC_ICM_UTC2";"Buy";"23673.3";"23698.3";"2025.08.18 20:15:00";"2025.08.18 20:30:00";"30.0";"750.00";"23648.30078";"23698.30078";"62742.32";"0.00";"OOS1";"PT";"15m 0s";"-0.00"
"625";"USTEC_ICM_UTC2";"Buy";"23677.8";"23652.8";"2025.08.19 16:30:00";"2025.08.19 16:30:00";"30.0";"-750.00";"23652.80078";"23702.80078";"61992.32";"0.00";"OOS1";"SL";"0s";"-0.00"
"626";"USTEC_ICM_UTC2";"Buy";"23178.5";"23203.5";"2025.08.20 21:45:00";"2025.08.20 22:00:00";"30.0";"750.00";"23153.50000";"23203.50000";"62742.32";"0.00";"OOS1";"PT";"15m 0s";"-0.00"
"627";"USTEC_ICM_UTC2";"Buy";"23105.0";"23130.0";"2025.08.21 19:30:00";"2025.08.21 19:45:00";"30.0";"750.00";"23080.00000";"23130.00000";"63492.32";"0.00";"OOS1";"PT";"15m 0s";"-0.00"
"628";"USTEC_ICM_UTC2";"Buy";"23560.4";"23535.4";"2025.08.22 20:15:00";"2025.08.22 20:15:00";"30.0";"-750.00";"23535.40039";"23585.40039";"62742.32";"0.00";"OOS1";"SL";"0s";"-0.00"
"629";"USTEC_ICM_UTC2";"Buy";"23525.7";"23500.7";"2025.08.25 18:45:00";"2025.08.25 20:30:00";"30.0";"-750.00";"23500.69922";"23550.69922";"61992.32";"0.00";"OOS1";"SL";"1h 45m";"-0.00"
"630";"USTEC_ICM_UTC2";"Buy";"23433.2";"23408.2";"2025.08.26 16:45:00";"2025.08.26 16:45:00";"30.0";"-750.00";"23408.19922";"23458.19922";"61242.32";"0.00";"OOS1";"SL";"0s";"-0.00"
"631";"USTEC_ICM_UTC2";"Buy";"23554.7";"23579.7";"2025.08.27 20:45:00";"2025.08.27 21:00:00";"30.0";"750.00";"23529.69922";"23579.69922";"61992.32";"0.00";"OOS1";"PT";"15m 0s";"-0.00"
"632";"USTEC_ICM_UTC2";"Buy";"23666.3";"23691.3";"2025.08.28 19:15:00";"2025.08.28 19:15:00";"30.0";"750.00";"23641.30078";"23691.30078";"62742.32";"0.00";"OOS1";"PT";"0s";"-0.00"
"633";"USTEC_ICM_UTC2";"Buy";"23600.0";"23575.0";"2025.08.29 16:30:00";"2025.08.29 16:30:00";"30.0";"-750.00";"23575.00000";"23625.00000";"61992.32";"0.00";"OOS1";"SL";"0s";"-0.00"
"634";"USTEC_ICM_UTC2";"Buy";"23434.3";"23459.3";"2025.09.01 16:45:00";"2025.09.01 18:30:00";"30.0";"750.00";"23409.30078";"23459.30078";"62742.32";"0.00";"OOS1";"PT";"1h 45m";"-0.00"
"635";"USTEC_ICM_UTC2";"Buy";"23135.2";"23160.2";"2025.09.02 21:15:00";"2025.09.02 21:45:00";"30.0";"750.00";"23110.19922";"23160.19922";"63492.32";"0.00";"OOS1";"PT";"30m 0s";"-0.00"
"636";"USTEC_ICM_UTC2";"Buy";"23448.1";"23423.1";"2025.09.03 18:15:00";"2025.09.03 18:15:00";"30.0";"-750.00";"23423.09961";"23473.09961";"62742.32";"0.00";"OOS1";"SL";"0s";"-0.00"
"637";"USTEC_ICM_UTC2";"Buy";"23541.4";"23566.4";"2025.09.04 21:00:00";"2025.09.04 21:30:00";"30.0";"750.00";"23516.40039";"23566.40039";"63492.32";"0.00";"OOS1";"PT";"30m 0s";"-0.00"
"638";"USTEC_ICM_UTC2";"Buy";"23577.6";"23602.6";"2025.09.05 20:45:00";"2025.09.05 21:15:00";"30.0";"750.00";"23552.59961";"23602.59961";"64242.32";"0.00";"OOS1";"PT";"30m 0s";"-0.00"
"639";"USTEC_ICM_UTC2";"Buy";"23777.8";"23752.8";"2025.09.08 19:45:00";"2025.09.08 20:00:00";"30.0";"-750.00";"23752.80078";"23802.80078";"63492.32";"0.00";"OOS1";"SL";"15m 0s";"-0.00"
"640";"USTEC_ICM_UTC2";"Buy";"23789.1";"23814.1";"2025.09.09 20:00:00";"2025.09.09 20:00:00";"30.0";"750.00";"23764.09961";"23814.09961";"64242.32";"0.00";"OOS1";"PT";"0s";"-0.00"
"641";"USTEC_ICM_UTC2";"Buy";"23913.4";"23888.4";"2025.09.10 18:30:00";"2025.09.10 19:15:00";"30.0";"-750.00";"23888.40039";"23938.40039";"63492.32";"0.00";"OOS1";"SL";"45m 0s";"-0.00"
"642";"USTEC_ICM_UTC2";"Buy";"23986.0";"24011.0";"2025.09.11 19:45:00";"2025.09.11 21:45:00";"30.0";"750.00";"23961.00000";"24011.00000";"64242.32";"0.00";"OOS1";"PT";"2h 0m";"-0.00"
"643";"USTEC_ICM_UTC2";"Buy";"24011.3";"24036.3";"2025.09.12 16:45:00";"2025.09.12 17:00:00";"30.0";"750.00";"23986.30078";"24036.30078";"64992.32";"0.00";"OOS1";"PT";"15m 0s";"-0.00"
"644";"USTEC_ICM_UTC2";"Buy";"24161.3";"24186.3";"2025.09.15 16:30:00";"2025.09.15 16:30:00";"30.0";"750.00";"24136.30078";"24186.30078";"65742.32";"0.00";"OOS1";"PT";"0s";"-0.00"
"645";"USTEC_ICM_UTC2";"Buy";"24276.1";"24301.1";"2025.09.16 20:45:00";"2025.09.16 22:00:00";"30.0";"750.00";"24251.09961";"24301.09961";"66492.32";"0.00";"OOS1";"PT";"1h 15m";"-0.00"
"646";"USTEC_ICM_UTC2";"Buy";"24272.7";"24247.7";"2025.09.17 16:30:00";"2025.09.17 16:30:00";"30.0";"-750.00";"24247.69922";"24297.69922";"65742.32";"0.00";"OOS1";"SL";"0s";"-0.00"
"647";"USTEC_ICM_UTC2";"Buy";"24376.1";"24351.1";"2025.09.18 16:45:00";"2025.09.18 16:45:00";"30.0";"-750.00";"24351.09961";"24401.09961";"64992.32";"0.00";"OOS1";"SL";"0s";"-0.00"
"648";"USTEC_ICM_UTC2";"Buy";"24574.1";"24549.1";"2025.09.19 20:00:00";"2025.09.19 20:15:00";"30.0";"-750.00";"24549.09961";"24599.09961";"64242.32";"0.00";"OOS1";"SL";"15m 0s";"-0.00"
"649";"USTEC_ICM_UTC2";"Buy";"24665.6";"24690.6";"2025.09.22 18:15:00";"2025.09.22 19:00:00";"30.0";"750.00";"24640.59961";"24690.59961";"64992.32";"0.00";"OOS1";"PT";"45m 0s";"-0.00"
"650";"USTEC_ICM_UTC2";"Buy";"24760.1";"24735.1";"2025.09.23 16:30:00";"2025.09.23 16:30:00";"30.0";"-750.00";"24735.09961";"24785.09961";"64242.32";"0.00";"OOS1";"SL";"0s";"-0.00"
"651";"USTEC_ICM_UTC2";"Buy";"24462.8";"24487.8";"2025.09.24 21:15:00";"2025.09.24 21:45:00";"30.0";"750.00";"24437.80078";"24487.80078";"64992.32";"0.00";"OOS1";"PT";"30m 0s";"-0.00"
"652";"USTEC_ICM_UTC2";"Buy";"24430.6";"24405.6";"2025.09.25 19:15:00";"2025.09.25 19:15:00";"30.0";"-750.00";"24405.59961";"24455.59961";"64242.32";"0.00";"OOS1";"SL";"0s";"-0.00"
"653";"USTEC_ICM_UTC2";"Buy";"24376.2";"24401.2";"2025.09.26 19:15:00";"2025.09.26 19:15:00";"30.0";"750.00";"24351.19922";"24401.19922";"64992.32";"0.00";"OOS1";"PT";"0s";"-0.00"
"654";"USTEC_ICM_UTC2";"Buy";"24611.9";"24586.9";"2025.09.29 20:00:00";"2025.09.29 20:00:00";"30.0";"-750.00";"24586.90039";"24636.90039";"64242.32";"0.00";"OOS1";"SL";"0s";"-0.00"
"655";"USTEC_ICM_UTC2";"Buy";"24575.6";"24550.6";"2025.09.30 16:45:00";"2025.09.30 16:45:00";"30.0";"-750.00";"24550.59961";"24600.59961";"63492.32";"0.00";"OOS1";"SL";"0s";"-0.00"
"656";"USTEC_ICM_UTC2";"Buy";"24682.6";"24657.6";"2025.10.01 18:15:00";"2025.10.01 18:15:00";"30.0";"-750.00";"24657.59961";"24707.59961";"62742.32";"0.00";"OOS1";"SL";"0s";"-0.00"
"657";"USTEC_ICM_UTC2";"Buy";"24834.0";"24809.0";"2025.10.02 16:45:00";"2025.10.02 16:45:00";"30.0";"-750.00";"24809.00000";"24859.00000";"61992.32";"0.00";"OOS1";"SL";"0s";"-0.00"
"658";"USTEC_ICM_UTC2";"Buy";"24871.6";"24846.6";"2025.10.03 20:15:00";"2025.10.03 20:15:00";"30.0";"-750.00";"24846.59961";"24896.59961";"61242.32";"0.00";"OOS1";"SL";"0s";"-0.00"
"659";"USTEC_ICM_UTC2";"Buy";"24970.6";"24995.6";"2025.10.06 18:45:00";"2025.10.06 18:45:00";"30.0";"750.00";"24945.59961";"24995.59961";"61992.32";"0.00";"OOS1";"PT";"0s";"-0.00"
"660";"USTEC_ICM_UTC2";"Buy";"25038.8";"25013.8";"2025.10.07 16:45:00";"2025.10.07 17:00:00";"30.0";"-750.00";"25013.80078";"25063.80078";"61242.32";"0.00";"OOS1";"SL";"15m 0s";"-0.00"
"661";"USTEC_ICM_UTC2";"Buy";"25051.4";"25076.4";"2025.10.08 19:00:00";"2025.10.08 20:45:00";"30.0";"750.00";"25026.40039";"25076.40039";"61992.32";"0.00";"OOS1";"PT";"1h 45m";"-0.00"
"662";"USTEC_ICM_UTC2";"Buy";"24649.6";"24624.6";"2025.10.13 17:30:00";"2025.10.13 17:30:00";"30.0";"-750.00";"24624.59961";"24674.59961";"61242.32";"0.00";"OOS1";"SL";"0s";"-0.00"
"663";"USTEC_ICM_UTC2";"Buy";"24276.3";"24251.3";"2025.10.14 16:45:00";"2025.10.14 16:45:00";"30.0";"-750.00";"24251.30078";"24301.30078";"60492.32";"0.00";"OOS1";"SL";"0s";"-0.00"
"664";"USTEC_ICM_UTC2";"Buy";"24828.4";"24803.4";"2025.10.15 16:30:00";"2025.10.15 16:30:00";"30.0";"-750.00";"24803.40039";"24853.40039";"59742.32";"0.00";"OOS1";"SL";"0s";"-0.00"
"665";"USTEC_ICM_UTC2";"Buy";"24873.8";"24898.8";"2025.10.16 16:30:00";"2025.10.16 16:30:00";"30.0";"750.00";"24848.80078";"24898.80078";"60492.32";"0.00";"OOS1";"PT";"0s";"-0.00"
"666";"USTEC_ICM_UTC2";"Buy";"24572.5";"24597.5";"2025.10.17 16:30:00";"2025.10.17 16:30:00";"30.0";"750.00";"24547.50000";"24597.50000";"61242.32";"0.00";"OOS1";"PT";"0s";"-0.00"
"667";"USTEC_ICM_UTC2";"Buy";"25025.3";"25050.3";"2025.10.20 16:45:00";"2025.10.20 16:45:00";"30.0";"750.00";"25000.30078";"25050.30078";"61992.32";"0.00";"OOS1";"PT";"0s";"-0.00"
"668";"USTEC_ICM_UTC2";"Buy";"25121.8";"25096.8";"2025.10.21 20:00:00";"2025.10.21 20:00:00";"30.0";"-750.00";"25096.80078";"25146.80078";"61242.32";"0.00";"OOS1";"SL";"0s";"-0.00"
"669";"USTEC_ICM_UTC2";"Buy";"25099.8";"25124.8";"2025.10.22 16:45:00";"2025.10.22 16:45:00";"30.0";"750.00";"25074.80078";"25124.80078";"61992.32";"0.00";"OOS1";"PT";"0s";"-0.00"
"670";"USTEC_ICM_UTC2";"Buy";"25025.1";"25000.1";"2025.10.23 18:30:00";"2025.10.23 18:30:00";"30.0";"-750.00";"25000.09961";"25050.09961";"61242.32";"0.00";"OOS1";"SL";"0s";"-0.00"
"671";"USTEC_ICM_UTC2";"Buy";"25390.7";"25415.7";"2025.10.24 19:15:00";"2025.10.24 20:45:00";"30.0";"750.00";"25365.69922";"25415.69922";"61992.32";"0.00";"OOS1";"PT";"1h 30m";"-0.00"
"672";"USTEC_ICM_UTC2";"Buy";"25761.4";"25786.4";"2025.10.27 18:15:00";"2025.10.27 20:15:00";"30.0";"750.00";"25736.40039";"25786.40039";"62742.32";"0.00";"OOS1";"PT";"2h 0m";"-0.00"
"673";"USTEC_ICM_UTC2";"Buy";"25999.9";"26024.9";"2025.10.28 19:45:00";"2025.10.28 20:15:00";"30.0";"750.00";"25974.90039";"26024.90039";"63492.32";"0.00";"OOS1";"PT";"30m 0s";"-0.00"
"674";"USTEC_ICM_UTC2";"Buy";"25857.5";"25832.5";"2025.10.30 17:45:00";"2025.10.30 17:45:00";"30.0";"-750.00";"25832.50000";"25882.50000";"62742.32";"0.00";"OOS1";"SL";"0s";"-0.00"
"675";"USTEC_ICM_UTC2";"Buy";"25920.9";"25945.9";"2025.11.03 18:30:00";"2025.11.03 18:30:00";"30.0";"750.00";"25895.90039";"25945.90039";"63492.32";"0.00";"OOS1";"PT";"0s";"-0.00"
"676";"USTEC_ICM_UTC2";"Buy";"25500.1";"25525.1";"2025.11.04 20:30:00";"2025.11.04 20:45:00";"30.0";"750.00";"25475.09961";"25525.09961";"64242.32";"0.00";"OOS1";"PT";"15m 0s";"-0.00"
"677";"USTEC_ICM_UTC2";"Buy";"25419.6";"25444.6";"2025.11.05 16:30:00";"2025.11.05 16:30:00";"30.0";"750.00";"25394.59961";"25444.59961";"64992.32";"0.00";"OOS1";"PT";"0s";"-0.00"
"678";"USTEC_ICM_UTC2";"Buy";"25238.0";"25213.0";"2025.11.06 22:30:00";"2025.11.06 22:30:00";"30.0";"-750.00";"25213.00000";"25263.00000";"64242.32";"0.00";"OOS1";"SL";"0s";"-0.00"
"679";"USTEC_ICM_UTC2";"Buy";"24950.8";"24975.8";"2025.11.07 22:30:00";"2025.11.07 22:30:00";"30.0";"750.00";"24925.80078";"24975.80078";"64992.32";"0.00";"OOS1";"PT";"0s";"-0.00"
"680";"USTEC_ICM_UTC2";"Buy";"25433.6";"25458.6";"2025.11.10 16:30:00";"2025.11.10 16:30:00";"30.0";"750.00";"25408.59961";"25458.59961";"65742.32";"0.00";"OOS1";"PT";"0s";"-0.00"
"681";"USTEC_ICM_UTC2";"Buy";"25548.0";"25573.0";"2025.11.11 21:45:00";"2025.11.11 22:00:00";"30.0";"750.00";"25523.00000";"25573.00000";"66492.32";"0.00";"OOS1";"PT";"15m 0s";"-0.00"
"682";"USTEC_ICM_UTC2";"Buy";"25675.3";"25650.3";"2025.11.12 16:30:00";"2025.11.12 16:30:00";"30.0";"-750.00";"25650.30078";"25700.30078";"65742.32";"0.00";"OOS1";"SL";"0s";"-0.00"
"683";"USTEC_ICM_UTC2";"Buy";"25157.5";"25132.5";"2025.11.14 19:00:00";"2025.11.14 19:00:00";"30.0";"-750.00";"25132.50000";"25182.50000";"64992.32";"0.00";"OOS1";"SL";"0s";"-0.00"
"684";"USTEC_ICM_UTC2";"Buy";"25060.8";"25035.8";"2025.11.17 19:30:00";"2025.11.17 19:30:00";"30.0";"-750.00";"25035.80078";"25085.80078";"64242.32";"0.00";"OOS1";"SL";"0s";"-0.00"
"685";"USTEC_ICM_UTC2";"Buy";"24633.8";"24658.8";"2025.11.18 16:30:00";"2025.11.18 16:30:00";"30.0";"750.00";"24608.80078";"24658.80078";"64992.32";"0.00";"OOS1";"PT";"0s";"-0.00"
"686";"USTEC_ICM_UTC2";"Buy";"24663.3";"24688.3";"2025.11.19 16:45:00";"2025.11.19 16:45:00";"30.0";"750.00";"24638.30078";"24688.30078";"65742.32";"0.00";"OOS1";"PT";"0s";"-0.00"
"687";"USTEC_ICM_UTC2";"Buy";"25125.2";"25100.2";"2025.11.20 16:30:00";"2025.11.20 16:30:00";"30.0";"-750.00";"25100.19922";"25150.19922";"64992.32";"0.00";"OOS1";"SL";"0s";"-0.00"
"688";"USTEC_ICM_UTC2";"Buy";"24130.4";"24155.4";"2025.11.21 16:30:00";"2025.11.21 16:30:00";"30.0";"750.00";"24105.40039";"24155.40039";"65742.32";"0.00";"OOS1";"PT";"0s";"-0.00"
"689";"USTEC_ICM_UTC2";"Buy";"24555.9";"24530.9";"2025.11.24 16:45:00";"2025.11.24 16:45:00";"30.0";"-750.00";"24530.90039";"24580.90039";"64992.32";"0.00";"OOS1";"SL";"0s";"-0.00"
"690";"USTEC_ICM_UTC2";"Buy";"24661.4";"24636.4";"2025.11.25 16:45:00";"2025.11.25 16:45:00";"30.0";"-750.00";"24636.40039";"24686.40039";"64242.32";"0.00";"OOS1";"SL";"0s";"-0.00"
"691";"USTEC_ICM_UTC2";"Buy";"25260.1";"25285.1";"2025.11.26 19:15:00";"2025.11.26 19:30:00";"30.0";"750.00";"25235.09961";"25285.09961";"64992.32";"0.00";"OOS1";"PT";"15m 0s";"-0.00"
"692";"USTEC_ICM_UTC2";"Buy";"25239.3";"25264.3";"2025.11.27 16:30:00";"2025.11.28 01:00:00";"30.0";"566.88";"25214.30078";"25264.30078";"65559.20";"0.00";"OOS1";"PT";"8h 30m";"-183.12"
"693";"USTEC_ICM_UTC2";"Buy";"25338.9";"25363.9";"2025.11.28 19:45:00";"2025.11.28 19:45:00";"30.0";"750.00";"25313.90039";"25363.90039";"66309.20";"0.00";"OOS1";"PT";"0s";"-0.00"
"694";"USTEC_ICM_UTC2";"Buy";"25392.8";"25367.8";"2025.12.01 19:15:00";"2025.12.01 19:15:00";"30.0";"-750.00";"25367.80078";"25417.80078";"65559.20";"0.00";"OOS1";"SL";"0s";"-0.00"
"695";"USTEC_ICM_UTC2";"Buy";"25444.3";"25469.3";"2025.12.02 16:30:00";"2025.12.02 16:30:00";"30.0";"750.00";"25419.30078";"25469.30078";"66309.20";"0.00";"OOS1";"PT";"0s";"-0.00"
"696";"USTEC_ICM_UTC2";"Buy";"25607.0";"25582.0";"2025.12.03 20:45:00";"2025.12.03 20:45:00";"30.0";"-750.00";"25582.00000";"25632.00000";"65559.20";"0.00";"OOS1";"SL";"0s";"-0.00"
"697";"USTEC_ICM_UTC2";"Buy";"25488.4";"25513.4";"2025.12.04 21:30:00";"2025.12.04 21:30:00";"30.0";"750.00";"25463.40039";"25513.40039";"66309.20";"0.00";"OOS1";"PT";"0s";"-0.00"
"698";"USTEC_ICM_UTC2";"Buy";"25656.4";"25681.4";"2025.12.05 19:45:00";"2025.12.05 19:45:00";"30.0";"750.00";"25631.40039";"25681.40039";"67059.20";"0.00";"OOS1";"PT";"0s";"-0.00"
"699";"USTEC_ICM_UTC2";"Buy";"25562.4";"25587.4";"2025.12.08 21:30:00";"2025.12.08 22:45:00";"30.0";"750.00";"25537.40039";"25587.40039";"67809.20";"0.00";"OOS1";"PT";"1h 15m";"-0.00"
"700";"USTEC_ICM_UTC2";"Buy";"25641.2";"25666.2";"2025.12.09 18:45:00";"2025.12.09 18:45:00";"30.0";"750.00";"25616.19922";"25666.19922";"68559.20";"0.00";"OOS1";"PT";"0s";"-0.00"
"701";"USTEC_ICM_UTC2";"Buy";"25602.5";"25627.5";"2025.12.10 19:45:00";"2025.12.10 19:45:00";"30.0";"750.00";"25577.50000";"25627.50000";"69309.20";"0.00";"OOS1";"PT";"0s";"-0.00"
"702";"USTEC_ICM_UTC2";"Buy";"25654.4";"25629.4";"2025.12.11 20:45:00";"2025.12.11 20:45:00";"30.0";"-750.00";"25629.40039";"25679.40039";"68559.20";"0.00";"OOS1";"SL";"0s";"-0.00"
"703";"USTEC_ICM_UTC2";"Buy";"25536.6";"25561.6";"2025.12.12 16:30:00";"2025.12.12 16:30:00";"30.0";"750.00";"25511.59961";"25561.59961";"69309.20";"0.00";"OOS1";"PT";"0s";"-0.00"
"704";"USTEC_ICM_UTC2";"Buy";"25115.8";"25090.8";"2025.12.15 21:30:00";"2025.12.15 21:30:00";"30.0";"-750.00";"25090.80078";"25140.80078";"68559.20";"0.00";"OOS1";"SL";"0s";"-0.00"
"705";"USTEC_ICM_UTC2";"Buy";"24992.0";"25017.0";"2025.12.16 18:45:00";"2025.12.16 18:45:00";"30.0";"750.00";"24967.00000";"25017.00000";"69309.20";"0.00";"OOS1";"PT";"0s";"-0.00"
"706";"USTEC_ICM_UTC2";"Buy";"25067.6";"25042.6";"2025.12.17 16:45:00";"2025.12.17 16:45:00";"30.0";"-750.00";"25042.59961";"25092.59961";"68559.20";"0.00";"OOS1";"SL";"0s";"-0.00"
"707";"USTEC_ICM_UTC2";"Buy";"24962.4";"24937.4";"2025.12.18 16:45:00";"2025.12.18 16:45:00";"30.0";"-750.00";"24937.40039";"24987.40039";"67809.20";"0.00";"OOS1";"SL";"0s";"-0.00"
"708";"USTEC_ICM_UTC2";"Buy";"25289.3";"25314.3";"2025.12.19 18:15:00";"2025.12.19 18:30:00";"30.0";"750.00";"25264.30078";"25314.30078";"68559.20";"0.00";"OOS1";"PT";"15m 0s";"-0.00"
"709";"USTEC_ICM_UTC2";"Buy";"25481.0";"25456.0";"2025.12.22 19:00:00";"2025.12.22 19:30:00";"30.0";"-750.00";"25456.00000";"25506.00000";"67809.20";"0.00";"OOS1";"SL";"30m 0s";"-0.00"
"710";"USTEC_ICM_UTC2";"Buy";"25513.5";"25538.5";"2025.12.23 18:30:00";"2025.12.23 18:45:00";"30.0";"750.00";"25488.50000";"25538.50000";"68559.20";"0.00";"OOS1";"PT";"15m 0s";"-0.00"
"711";"USTEC_ICM_UTC2";"Buy";"25653.9";"25678.9";"2025.12.24 19:15:00";"2025.12.26 02:00:00";"30.0";"383.76";"25628.90039";"25678.90039";"68942.96";"0.00";"OOS1";"PT";"1d 6h 45m";"-366.24"
"712";"USTEC_ICM_UTC2";"Buy";"25639.9";"25664.9";"2025.12.26 19:15:00";"2025.12.26 20:45:00";"30.0";"750.00";"25614.90039";"25664.90039";"69692.96";"0.00";"OOS1";"PT";"1h 30m";"-0.00"
"713";"USTEC_ICM_UTC2";"Buy";"25475.3";"25450.3";"2025.12.29 18:45:00";"2025.12.29 19:15:00";"30.0";"-750.00";"25450.30078";"25500.30078";"68942.96";"0.00";"OOS1";"SL";"30m 0s";"-0.00"
"714";"USTEC_ICM_UTC2";"Buy";"25533.4";"25558.4";"2025.12.30 18:00:00";"2025.12.30 18:15:00";"30.0";"750.00";"25508.40039";"25558.40039";"69692.96";"0.00";"OOS1";"PT";"15m 0s";"-0.00"
"715";"USTEC_ICM_UTC2";"Buy";"25471.3";"25446.3";"2025.12.31 16:30:00";"2025.12.31 16:30:00";"30.0";"-750.00";"25446.30078";"25496.30078";"68942.96";"0.00";"OOS1";"SL";"0s";"-0.00"
"1";"USTEC_ICM_UTC2";"Buy";"11053.4";"11028.4";"2023.01.03 16:45:00";"2023.01.03 16:45:00";"30.0";"-750.00";"11028.40039";"11078.40039";"49250.00";"0.00";"IST";"SL";"0s";"-0.00"
"2";"USTEC_ICM_UTC2";"Buy";"10956.0";"10931.0";"2023.01.04 19:15:00";"2023.01.04 19:57:00";"30.0";"-750.00";"10931.00000";"10981.00000";"48500.00";"0.00";"IST";"SL";"42m 0s";"-0.00"
"3";"USTEC_ICM_UTC2";"Buy";"10838.4";"10813.4";"2023.01.05 16:30:00";"2023.01.05 16:31:00";"30.0";"-750.00";"10813.40039";"10863.40039";"47750.00";"0.00";"IST";"SL";"1m 0s";"-0.00"
"4";"USTEC_ICM_UTC2";"Buy";"10914.7";"10939.7";"2023.01.06 18:45:00";"2023.01.06 18:50:00";"30.0";"750.00";"10889.70020";"10939.70020";"48500.00";"0.00";"IST";"PT";"5m 0s";"-0.00"
"5";"USTEC_ICM_UTC2";"Buy";"11280.2";"11255.2";"2023.01.09 18:45:00";"2023.01.09 19:43:00";"30.0";"-750.00";"11255.20020";"11305.20020";"47750.00";"0.00";"IST";"SL";"58m 0s";"-0.00"
"6";"USTEC_ICM_UTC2";"Buy";"11120.8";"11095.8";"2023.01.10 18:30:00";"2023.01.10 18:45:00";"30.0";"-750.00";"11095.79980";"11145.79980";"47000.00";"0.00";"IST";"SL";"15m 0s";"-0.00"
"7";"USTEC_ICM_UTC2";"Buy";"11303.7";"11328.7";"2023.01.11 19:00:00";"2023.01.11 19:15:00";"30.0";"750.00";"11278.70020";"11328.70020";"47750.00";"0.00";"IST";"PT";"15m 0s";"-0.00"
"8";"USTEC_ICM_UTC2";"Buy";"11464.9";"11439.9";"2023.01.12 20:00:00";"2023.01.12 20:27:00";"30.0";"-750.00";"11439.90039";"11489.90039";"47000.00";"0.00";"IST";"SL";"27m 0s";"-0.00"
"9";"USTEC_ICM_UTC2";"Buy";"11418.0";"11443.0";"2023.01.13 19:00:00";"2023.01.13 19:16:00";"30.0";"750.00";"11393.00000";"11443.00000";"47750.00";"0.00";"IST";"PT";"16m 0s";"-0.00"
"10";"USTEC_ICM_UTC2";"Buy";"11523.2";"11498.2";"2023.01.16 16:30:00";"2023.01.16 19:01:00";"30.0";"-750.00";"11498.20020";"11548.20020";"47000.00";"0.00";"IST";"SL";"2h 31m";"-0.00"
"11";"USTEC_ICM_UTC2";"Buy";"11546.8";"11571.8";"2023.01.17 19:45:00";"2023.01.17 20:38:00";"30.0";"750.00";"11521.79980";"11571.79980";"47750.00";"0.00";"IST";"PT";"53m 0s";"-0.00"
"12";"USTEC_ICM_UTC2";"Buy";"11457.6";"11432.6";"2023.01.18 22:00:00";"2023.01.18 22:32:00";"30.0";"-750.00";"11432.59961";"11482.59961";"47000.00";"0.00";"IST";"SL";"32m 0s";"-0.00"
"13";"USTEC_ICM_UTC2";"Buy";"11346.1";"11371.1";"2023.01.19 21:15:00";"2023.01.19 21:24:00";"30.0";"750.00";"11321.09961";"11371.09961";"47750.00";"0.00";"IST";"PT";"9m 0s";"-0.00"
"14";"USTEC_ICM_UTC2";"Buy";"11469.1";"11494.1";"2023.01.20 19:15:00";"2023.01.20 20:36:00";"30.0";"750.00";"11444.09961";"11494.09961";"48500.00";"0.00";"IST";"PT";"1h 21m";"-0.00"
"15";"USTEC_ICM_UTC2";"Buy";"11868.2";"11893.2";"2023.01.23 19:45:00";"2023.01.23 20:01:00";"30.0";"750.00";"11843.20020";"11893.20020";"49250.00";"0.00";"IST";"PT";"16m 0s";"-0.00"
"16";"USTEC_ICM_UTC2";"Buy";"11868.5";"11843.5";"2023.01.24 19:15:00";"2023.01.24 19:35:00";"30.0";"-750.00";"11843.50000";"11893.50000";"48500.00";"0.00";"IST";"SL";"20m 0s";"-0.00"
"17";"USTEC_ICM_UTC2";"Buy";"11761.5";"11786.5";"2023.01.25 21:00:00";"2023.01.25 21:15:00";"30.0";"750.00";"11736.50000";"11786.50000";"49250.00";"0.00";"IST";"PT";"15m 0s";"-0.00"
"18";"USTEC_ICM_UTC2";"Buy";"11940.2";"11915.2";"2023.01.26 19:45:00";"2023.01.26 20:08:00";"30.0";"-750.00";"11915.20020";"11965.20020";"48500.00";"0.00";"IST";"SL";"23m 0s";"-0.00"
"19";"USTEC_ICM_UTC2";"Buy";"12153.4";"12178.4";"2023.01.27 19:15:00";"2023.01.27 19:39:00";"30.0";"750.00";"12128.40039";"12178.40039";"49250.00";"0.00";"IST";"PT";"24m 0s";"-0.00"
"20";"USTEC_ICM_UTC2";"Buy";"12033.5";"12058.5";"2023.01.30 16:45:00";"2023.01.30 16:46:00";"30.0";"750.00";"12008.50000";"12058.50000";"50000.00";"0.00";"IST";"PT";"1m 0s";"-0.00"
"21";"USTEC_ICM_UTC2";"Buy";"12021.8";"11996.8";"2023.01.31 18:00:00";"2023.01.31 19:02:00";"30.0";"-750.00";"11996.79980";"12046.79980";"49250.00";"0.00";"IST";"SL";"1h 2m";"-0.00"
"22";"USTEC_ICM_UTC2";"Buy";"12081.0";"12106.0";"2023.02.01 20:15:00";"2023.02.01 20:59:00";"30.0";"750.00";"12056.00000";"12106.00000";"50000.00";"0.00";"IST";"PT";"44m 0s";"-0.00"
"23";"USTEC_ICM_UTC2";"Buy";"12759.0";"12784.0";"2023.02.02 19:15:00";"2023.02.02 19:35:00";"30.0";"750.00";"12734.00000";"12784.00000";"50750.00";"0.00";"IST";"PT";"20m 0s";"-0.00"
"24";"USTEC_ICM_UTC2";"Buy";"12772.3";"12747.3";"2023.02.03 19:45:00";"2023.02.03 19:53:00";"30.0";"-750.00";"12747.29980";"12797.29980";"50000.00";"0.00";"IST";"SL";"8m 0s";"-0.00"
"25";"USTEC_ICM_UTC2";"Buy";"12498.2";"12473.2";"2023.02.06 19:45:00";"2023.02.06 20:11:00";"30.0";"-750.00";"12473.20020";"12523.20020";"49250.00";"0.00";"IST";"SL";"26m 0s";"-0.00"
"26";"USTEC_ICM_UTC2";"Buy";"12488.3";"12463.3";"2023.02.07 16:45:00";"2023.02.07 16:54:00";"30.0";"-750.00";"12463.29980";"12513.29980";"48500.00";"0.00";"IST";"SL";"9m 0s";"-0.00"
"27";"USTEC_ICM_UTC2";"Buy";"12676.7";"12651.7";"2023.02.09 16:30:00";"2023.02.09 16:31:00";"30.0";"-750.00";"12651.70020";"12701.70020";"47750.00";"0.00";"IST";"SL";"1m 0s";"-0.00"
"28";"USTEC_ICM_UTC2";"Buy";"12242.0";"12217.0";"2023.02.10 19:00:00";"2023.02.10 19:04:00";"30.0";"-750.00";"12217.00000";"12267.00000";"47000.00";"0.00";"IST";"SL";"4m 0s";"-0.00"
"29";"USTEC_ICM_UTC2";"Buy";"12502.2";"12477.2";"2023.02.13 18:45:00";"2023.02.13 18:55:00";"30.0";"-750.00";"12477.20020";"12527.20020";"46250.00";"0.00";"IST";"SL";"10m 0s";"-0.00"
"30";"USTEC_ICM_UTC2";"Buy";"12470.1";"12495.1";"2023.02.14 19:45:00";"2023.02.14 20:00:00";"30.0";"750.00";"12445.09961";"12495.09961";"47000.00";"0.00";"IST";"PT";"15m 0s";"-0.00"
"31";"USTEC_ICM_UTC2";"Buy";"12558.6";"12583.6";"2023.02.15 18:15:00";"2023.02.15 18:29:00";"30.0";"750.00";"12533.59961";"12583.59961";"47750.00";"0.00";"IST";"PT";"14m 0s";"-0.00"
"32";"USTEC_ICM_UTC2";"Buy";"12626.8";"12601.8";"2023.02.16 20:45:00";"2023.02.16 21:21:00";"30.0";"-750.00";"12601.79980";"12651.79980";"47000.00";"0.00";"IST";"SL";"36m 0s";"-0.00"
"33";"USTEC_ICM_UTC2";"Buy";"12249.6";"12274.6";"2023.02.17 20:00:00";"2023.02.17 20:10:00";"30.0";"750.00";"12224.59961";"12274.59961";"47750.00";"0.00";"IST";"PT";"10m 0s";"-0.00"
"34";"USTEC_ICM_UTC2";"Buy";"12359.2";"12334.2";"2023.02.20 16:30:00";"2023.02.20 19:01:00";"30.0";"-750.00";"12334.20020";"12384.20020";"47000.00";"0.00";"IST";"SL";"2h 31m";"-0.00"
"35";"USTEC_ICM_UTC2";"Buy";"12089.1";"12064.1";"2023.02.21 21:30:00";"2023.02.21 22:56:00";"30.0";"-750.00";"12064.09961";"12114.09961";"46250.00";"0.00";"IST";"SL";"1h 26m";"-0.00"
"36";"USTEC_ICM_UTC2";"Buy";"12088.6";"12113.6";"2023.02.22 16:30:00";"2023.02.22 16:32:00";"30.0";"750.00";"12063.59961";"12113.59961";"47000.00";"0.00";"IST";"PT";"2m 0s";"-0.00"
"37";"USTEC_ICM_UTC2";"Buy";"12184.0";"12209.0";"2023.02.23 16:45:00";"2023.02.23 16:48:00";"30.0";"750.00";"12159.00000";"12209.00000";"47750.00";"0.00";"IST";"PT";"3m 0s";"-0.00"
"38";"USTEC_ICM_UTC2";"Buy";"11912.3";"11937.3";"2023.02.24 20:15:00";"2023.02.24 20:22:00";"30.0";"750.00";"11887.29980";"11937.29980";"48500.00";"0.00";"IST";"PT";"7m 0s";"-0.00"
"39";"USTEC_ICM_UTC2";"Buy";"12061.7";"12036.7";"2023.02.27 22:15:00";"2023.02.27 22:37:00";"30.0";"-750.00";"12036.70020";"12086.70020";"47750.00";"0.00";"IST";"SL";"22m 0s";"-0.00"
"40";"USTEC_ICM_UTC2";"Buy";"12055.9";"12080.9";"2023.02.28 18:45:00";"2023.02.28 19:06:00";"30.0";"750.00";"12030.90039";"12080.90039";"48500.00";"0.00";"IST";"PT";"21m 0s";"-0.00"
"41";"USTEC_ICM_UTC2";"Buy";"12001.2";"11976.2";"2023.03.01 19:45:00";"2023.03.01 20:01:00";"30.0";"-750.00";"11976.20020";"12026.20020";"47750.00";"0.00";"IST";"SL";"16m 0s";"-0.00"
"42";"USTEC_ICM_UTC2";"Buy";"11887.4";"11912.4";"2023.03.02 19:00:00";"2023.03.02 19:31:00";"30.0";"750.00";"11862.40039";"11912.40039";"48500.00";"0.00";"IST";"PT";"31m 0s";"-0.00"
"43";"USTEC_ICM_UTC2";"Buy";"12124.8";"12149.8";"2023.03.03 16:45:00";"2023.03.03 16:46:00";"30.0";"750.00";"12099.79980";"12149.79980";"49250.00";"0.00";"IST";"PT";"1m 0s";"-0.00"
"44";"USTEC_ICM_UTC2";"Buy";"12442.7";"12417.7";"2023.03.06 19:00:00";"2023.03.06 19:31:00";"30.0";"-750.00";"12417.70020";"12467.70020";"48500.00";"0.00";"IST";"SL";"31m 0s";"-0.00"
"45";"USTEC_ICM_UTC2";"Buy";"12325.4";"12300.4";"2023.03.07 16:45:00";"2023.03.07 17:00:00";"30.0";"-750.00";"12300.40039";"12350.40039";"47750.00";"0.00";"IST";"SL";"15m 0s";"-0.00"
"46";"USTEC_ICM_UTC2";"Buy";"12170.9";"12195.9";"2023.03.08 16:30:00";"2023.03.08 16:32:00";"30.0";"750.00";"12145.90039";"12195.90039";"48500.00";"0.00";"IST";"PT";"2m 0s";"-0.00"
"47";"USTEC_ICM_UTC2";"Buy";"11800.4";"11825.4";"2023.03.10 21:00:00";"2023.03.10 21:03:00";"30.0";"750.00";"11775.40039";"11825.40039";"49250.00";"0.00";"IST";"PT";"3m 0s";"-0.00"
"48";"USTEC_ICM_UTC2";"Buy";"11954.1";"11929.1";"2023.03.13 19:30:00";"2023.03.13 19:35:00";"30.0";"-750.00";"11929.09961";"11979.09961";"48500.00";"0.00";"IST";"SL";"5m 0s";"-0.00"
"49";"USTEC_ICM_UTC2";"Buy";"12155.2";"12180.2";"2023.03.14 17:00:00";"2023.03.14 17:08:00";"30.0";"750.00";"12130.20020";"12180.20020";"49250.00";"0.00";"IST";"PT";"8m 0s";"-0.00"
"50";"USTEC_ICM_UTC2";"Buy";"12223.2";"12248.2";"2023.03.15 20:30:00";"2023.03.15 20:31:00";"30.0";"750.00";"12198.20020";"12248.20020";"50000.00";"0.00";"IST";"PT";"1m 0s";"-0.00"
"51";"USTEC_ICM_UTC2";"Buy";"12542.2";"12517.2";"2023.03.16 19:00:00";"2023.03.16 19:15:00";"30.0";"-750.00";"12517.20020";"12567.20020";"49250.00";"0.00";"IST";"SL";"15m 0s";"-0.00"
"52";"USTEC_ICM_UTC2";"Buy";"12545.7";"12520.7";"2023.03.20 19:45:00";"2023.03.20 20:05:00";"30.0";"-750.00";"12520.70020";"12570.70020";"48500.00";"0.00";"IST";"SL";"20m 0s";"-0.00"
"53";"USTEC_ICM_UTC2";"Buy";"12649.6";"12674.6";"2023.03.21 19:00:00";"2023.03.21 19:28:00";"30.0";"750.00";"12624.59961";"12674.59961";"49250.00";"0.00";"IST";"PT";"28m 0s";"-0.00"
"54";"USTEC_ICM_UTC2";"Buy";"12765.1";"12740.1";"2023.03.22 18:15:00";"2023.03.22 19:06:00";"30.0";"-750.00";"12740.09961";"12790.09961";"48500.00";"0.00";"IST";"SL";"51m 0s";"-0.00"
"55";"USTEC_ICM_UTC2";"Buy";"12706.5";"12731.5";"2023.03.24 20:15:00";"2023.03.24 20:34:00";"30.0";"750.00";"12681.50000";"12731.50000";"49250.00";"0.00";"IST";"PT";"19m 0s";"-0.00"
"56";"USTEC_ICM_UTC2";"Buy";"12656.0";"12631.0";"2023.03.28 16:30:00";"2023.03.28 16:32:00";"30.0";"-750.00";"12631.00000";"12681.00000";"48500.00";"0.00";"IST";"SL";"2m 0s";"-0.00"
"57";"USTEC_ICM_UTC2";"Buy";"12946.1";"12971.1";"2023.03.30 22:00:00";"2023.03.31 02:37:00";"30.0";"566.88";"12921.09961";"12971.09961";"49066.88";"0.00";"IST";"PT";"4h 37m";"-183.12"
"58";"USTEC_ICM_UTC2";"Buy";"13067.1";"13092.1";"2023.03.31 18:30:00";"2023.03.31 19:00:00";"30.0";"750.00";"13042.09961";"13092.09961";"49816.88";"0.00";"IST";"PT";"30m 0s";"-0.00"
"59";"USTEC_ICM_UTC2";"Buy";"13055.1";"13080.1";"2023.04.03 20:00:00";"2023.04.03 21:36:00";"30.0";"750.00";"13030.09961";"13080.09961";"50566.88";"0.00";"IST";"PT";"1h 36m";"-0.00"
"60";"USTEC_ICM_UTC2";"Buy";"13117.3";"13142.3";"2023.04.04 16:45:00";"2023.04.04 16:50:00";"30.0";"750.00";"13092.29980";"13142.29980";"51316.88";"0.00";"IST";"PT";"5m 0s";"-0.00"
"61";"USTEC_ICM_UTC2";"Buy";"12959.1";"12934.1";"2023.04.05 21:45:00";"2023.04.05 22:11:00";"30.0";"-750.00";"12934.09961";"12984.09961";"50566.88";"0.00";"IST";"SL";"26m 0s";"-0.00"
"62";"USTEC_ICM_UTC2";"Buy";"13026.4";"13051.4";"2023.04.06 19:15:00";"2023.04.06 20:37:00";"30.0";"750.00";"13001.40039";"13051.40039";"51316.88";"0.00";"IST";"PT";"1h 22m";"-0.00"
"63";"USTEC_ICM_UTC2";"Buy";"13031.7";"13056.7";"2023.04.10 22:45:00";"2023.04.10 23:03:00";"30.0";"750.00";"13006.70020";"13056.70020";"52066.88";"0.00";"IST";"PT";"18m 0s";"-0.00"
"64";"USTEC_ICM_UTC2";"Buy";"13020.3";"12995.3";"2023.04.11 21:30:00";"2023.04.11 22:38:00";"30.0";"-750.00";"12995.29980";"13045.29980";"51316.88";"0.00";"IST";"SL";"1h 8m";"-0.00"
"65";"USTEC_ICM_UTC2";"Buy";"12981.2";"12956.2";"2023.04.12 20:00:00";"2023.04.12 20:45:00";"30.0";"-750.00";"12956.20020";"13006.20020";"50566.88";"0.00";"IST";"SL";"45m 0s";"-0.00"
"66";"USTEC_ICM_UTC2";"Buy";"13011.2";"13036.2";"2023.04.13 17:45:00";"2023.04.13 18:59:00";"30.0";"750.00";"12986.20020";"13036.20020";"51316.88";"0.00";"IST";"PT";"1h 14m";"-0.00"
"67";"USTEC_ICM_UTC2";"Buy";"13000.6";"12975.6";"2023.04.14 20:15:00";"2023.04.14 20:30:00";"30.0";"-750.00";"12975.59961";"13025.59961";"50566.88";"0.00";"IST";"SL";"15m 0s";"-0.00"
"68";"USTEC_ICM_UTC2";"Buy";"12998.7";"13023.7";"2023.04.17 21:00:00";"2023.04.17 21:41:00";"30.0";"750.00";"12973.70020";"13023.70020";"51316.88";"0.00";"IST";"PT";"41m 0s";"-0.00"
"69";"USTEC_ICM_UTC2";"Buy";"13094.4";"13069.4";"2023.04.18 20:45:00";"2023.04.18 21:06:00";"30.0";"-750.00";"13069.40039";"13119.40039";"50566.88";"0.00";"IST";"SL";"21m 0s";"-0.00"
"70";"USTEC_ICM_UTC2";"Buy";"13106.7";"13081.7";"2023.04.19 19:45:00";"2023.04.19 22:46:00";"30.0";"-750.00";"13081.70020";"13131.70020";"49816.88";"0.00";"IST";"SL";"3h 1m";"-0.00"
"71";"USTEC_ICM_UTC2";"Buy";"13047.8";"13072.8";"2023.04.20 19:15:00";"2023.04.20 19:36:00";"30.0";"750.00";"13022.79980";"13072.79980";"50566.88";"0.00";"IST";"PT";"21m 0s";"-0.00"
"72";"USTEC_ICM_UTC2";"Buy";"12986.7";"13011.7";"2023.04.21 20:00:00";"2023.04.21 20:41:00";"30.0";"750.00";"12961.70020";"13011.70020";"51316.88";"0.00";"IST";"PT";"41m 0s";"-0.00"
"73";"USTEC_ICM_UTC2";"Buy";"12989.9";"13014.9";"2023.04.24 16:30:00";"2023.04.24 16:35:00";"30.0";"750.00";"12964.90039";"13014.90039";"52066.88";"0.00";"IST";"PT";"5m 0s";"-0.00"
"74";"USTEC_ICM_UTC2";"Buy";"12901.2";"12926.2";"2023.04.25 16:30:00";"2023.04.25 16:43:00";"30.0";"750.00";"12876.20020";"12926.20020";"52816.88";"0.00";"IST";"PT";"13m 0s";"-0.00"
"75";"USTEC_ICM_UTC2";"Buy";"12862.8";"12837.8";"2023.04.26 20:45:00";"2023.04.26 20:49:00";"30.0";"-750.00";"12837.79980";"12887.79980";"52066.88";"0.00";"IST";"SL";"4m 0s";"-0.00"
"76";"USTEC_ICM_UTC2";"Buy";"13060.7";"13085.7";"2023.04.27 19:00:00";"2023.04.27 19:43:00";"30.0";"750.00";"13035.70020";"13085.70020";"52816.88";"0.00";"IST";"PT";"43m 0s";"-0.00"
"77";"USTEC_ICM_UTC2";"Buy";"13203.0";"13228.0";"2023.04.28 20:45:00";"2023.04.28 22:19:00";"30.0";"750.00";"13178.00000";"13228.00000";"53566.88";"0.00";"IST";"PT";"1h 34m";"-0.00"
"78";"USTEC_ICM_UTC2";"Buy";"13225.2";"13250.2";"2023.05.01 16:30:00";"2023.05.01 16:53:00";"30.0";"750.00";"13200.20020";"13250.20020";"54316.88";"0.00";"IST";"PT";"23m 0s";"-0.00"
"79";"USTEC_ICM_UTC2";"Buy";"13225.0";"13200.0";"2023.05.02 16:30:00";"2023.05.02 16:40:00";"30.0";"-750.00";"13200.00000";"13250.00000";"53566.88";"0.00";"IST";"SL";"10m 0s";"-0.00"
"80";"USTEC_ICM_UTC2";"Buy";"13144.0";"13169.0";"2023.05.03 19:30:00";"2023.05.03 21:00:00";"30.0";"750.00";"13119.00000";"13169.00000";"54316.88";"0.00";"IST";"PT";"1h 30m";"-0.00"
"81";"USTEC_ICM_UTC2";"Buy";"12986.6";"13011.6";"2023.05.04 19:00:00";"2023.05.04 19:30:00";"30.0";"750.00";"12961.59961";"13011.59961";"55066.88";"0.00";"IST";"PT";"30m 0s";"-0.00"
"82";"USTEC_ICM_UTC2";"Buy";"13199.9";"13174.9";"2023.05.05 18:15:00";"2023.05.05 19:27:00";"30.0";"-750.00";"13174.90039";"13224.90039";"54316.88";"0.00";"IST";"SL";"1h 12m";"-0.00"
"83";"USTEC_ICM_UTC2";"Buy";"13253.4";"13278.4";"2023.05.08 19:30:00";"2023.05.08 20:26:00";"30.0";"750.00";"13228.40039";"13278.40039";"55066.88";"0.00";"IST";"PT";"56m 0s";"-0.00"
"84";"USTEC_ICM_UTC2";"Buy";"13214.4";"13189.4";"2023.05.09 20:45:00";"2023.05.10 10:39:00";"30.0";"-933.12";"13189.40039";"13239.40039";"54133.76";"0.00";"IST";"SL";"13h 54m";"-183.12"
"85";"USTEC_ICM_UTC2";"Buy";"13250.8";"13275.8";"2023.05.10 21:00:00";"2023.05.10 21:07:00";"30.0";"750.00";"13225.79980";"13275.79980";"54883.76";"0.00";"IST";"PT";"7m 0s";"-0.00"
"86";"USTEC_ICM_UTC2";"Buy";"13384.0";"13359.0";"2023.05.11 20:15:00";"2023.05.11 20:46:00";"30.0";"-750.00";"13359.00000";"13409.00000";"54133.76";"0.00";"IST";"SL";"31m 0s";"-0.00"
"87";"USTEC_ICM_UTC2";"Buy";"13413.1";"13388.1";"2023.05.12 16:45:00";"2023.05.12 16:49:00";"30.0";"-750.00";"13388.09961";"13438.09961";"53383.76";"0.00";"IST";"SL";"4m 0s";"-0.00"
"88";"USTEC_ICM_UTC2";"Buy";"13391.5";"13416.5";"2023.05.15 19:00:00";"2023.05.15 20:10:00";"30.0";"750.00";"13366.50000";"13416.50000";"54133.76";"0.00";"IST";"PT";"1h 10m";"-0.00"
"89";"USTEC_ICM_UTC2";"Buy";"13487.5";"13462.5";"2023.05.16 19:30:00";"2023.05.16 21:08:00";"30.0";"-750.00";"13462.50000";"13512.50000";"53383.76";"0.00";"IST";"SL";"1h 38m";"-0.00"
"90";"USTEC_ICM_UTC2";"Buy";"13465.4";"13440.4";"2023.05.17 16:30:00";"2023.05.17 16:50:00";"30.0";"-750.00";"13440.40039";"13490.40039";"52633.76";"0.00";"IST";"SL";"20m 0s";"-0.00"
"91";"USTEC_ICM_UTC2";"Buy";"13736.4";"13761.4";"2023.05.18 21:30:00";"2023.05.18 21:50:00";"30.0";"750.00";"13711.40039";"13761.40039";"53383.76";"0.00";"IST";"PT";"20m 0s";"-0.00"
"92";"USTEC_ICM_UTC2";"Buy";"13844.1";"13869.1";"2023.05.19 16:30:00";"2023.05.19 16:42:00";"30.0";"750.00";"13819.09961";"13869.09961";"54133.76";"0.00";"IST";"PT";"12m 0s";"-0.00"
"93";"USTEC_ICM_UTC2";"Buy";"13794.4";"13819.4";"2023.05.22 16:30:00";"2023.05.22 16:33:00";"30.0";"750.00";"13769.40039";"13819.40039";"54883.76";"0.00";"IST";"PT";"3m 0s";"-0.00"
"94";"USTEC_ICM_UTC2";"Buy";"13907.2";"13882.2";"2023.05.25 16:30:00";"2023.05.25 16:30:00";"30.0";"-750.00";"13882.20020";"13932.20020";"54133.76";"0.00";"IST";"SL";"0s";"-0.00"
"95";"USTEC_ICM_UTC2";"Buy";"14259.7";"14284.7";"2023.05.26 19:15:00";"2023.05.26 19:42:00";"30.0";"750.00";"14234.70020";"14284.70020";"54883.76";"0.00";"IST";"PT";"27m 0s";"-0.00"
"96";"USTEC_ICM_UTC2";"Buy";"14337.1";"14362.1";"2023.05.29 16:45:00";"2023.05.29 19:57:00";"30.0";"750.00";"14312.09961";"14362.09961";"55633.76";"0.00";"IST";"PT";"3h 12m";"-0.00"
"97";"USTEC_ICM_UTC2";"Buy";"14471.5";"14446.5";"2023.05.30 16:30:00";"2023.05.30 16:32:00";"30.0";"-750.00";"14446.50000";"14496.50000";"54883.76";"0.00";"IST";"SL";"2m 0s";"-0.00"
"98";"USTEC_ICM_UTC2";"Buy";"14292.2";"14267.2";"2023.05.31 22:00:00";"2023.05.31 22:04:00";"30.0";"-750.00";"14267.20020";"14317.20020";"54133.76";"0.00";"IST";"SL";"4m 0s";"-0.00"
"99";"USTEC_ICM_UTC2";"Buy";"14425.3";"14450.3";"2023.06.01 19:30:00";"2023.06.01 20:54:00";"30.0";"750.00";"14400.29980";"14450.29980";"54883.76";"0.00";"IST";"PT";"1h 24m";"-0.00"
"100";"USTEC_ICM_UTC2";"Buy";"14561.6";"14536.6";"2023.06.02 18:45:00";"2023.06.02 18:50:00";"30.0";"-750.00";"14536.59961";"14586.59961";"54133.76";"0.00";"IST";"SL";"5m 0s";"-0.00"
"101";"USTEC_ICM_UTC2";"Buy";"14655.6";"14630.6";"2023.06.05 19:15:00";"2023.06.05 20:28:00";"30.0";"-750.00";"14630.59961";"14680.59961";"53383.76";"0.00";"IST";"SL";"1h 13m";"-0.00"
"102";"USTEC_ICM_UTC2";"Buy";"14535.0";"14510.0";"2023.06.06 19:45:00";"2023.06.06 19:57:00";"30.0";"-750.00";"14510.00000";"14560.00000";"52633.76";"0.00";"IST";"SL";"12m 0s";"-0.00"
"103";"USTEC_ICM_UTC2";"Buy";"14564.6";"14589.6";"2023.06.07 16:30:00";"2023.06.07 16:30:00";"30.0";"750.00";"14539.59961";"14589.59961";"53383.76";"0.00";"IST";"PT";"0s";"-0.00"
"104";"USTEC_ICM_UTC2";"Buy";"14477.1";"14502.1";"2023.06.08 19:00:00";"2023.06.08 19:29:00";"30.0";"750.00";"14452.09961";"14502.09961";"54133.76";"0.00";"IST";"PT";"29m 0s";"-0.00"
"105";"USTEC_ICM_UTC2";"Buy";"14602.8";"14627.8";"2023.06.09 16:45:00";"2023.06.09 16:48:00";"30.0";"750.00";"14577.79980";"14627.79980";"54883.76";"0.00";"IST";"PT";"3m 0s";"-0.00"
"106";"USTEC_ICM_UTC2";"Buy";"14609.8";"14584.8";"2023.06.12 16:30:00";"2023.06.12 17:05:00";"30.0";"-750.00";"14584.79980";"14634.79980";"54133.76";"0.00";"IST";"SL";"35m 0s";"-0.00"
"107";"USTEC_ICM_UTC2";"Buy";"14876.2";"14901.2";"2023.06.13 22:45:00";"2023.06.13 22:59:00";"30.0";"750.00";"14851.20020";"14901.20020";"54883.76";"0.00";"IST";"PT";"14m 0s";"-0.00"
"108";"USTEC_ICM_UTC2";"Buy";"14902.7";"14927.7";"2023.06.14 16:45:00";"2023.06.14 17:04:00";"30.0";"750.00";"14877.70020";"14927.70020";"55633.76";"0.00";"IST";"PT";"19m 0s";"-0.00"
"109";"USTEC_ICM_UTC2";"Buy";"15112.2";"15087.2";"2023.06.15 19:45:00";"2023.06.15 20:10:00";"30.0";"-750.00";"15087.20020";"15137.20020";"54883.76";"0.00";"IST";"SL";"25m 0s";"-0.00"
"110";"USTEC_ICM_UTC2";"Buy";"15208.2";"15183.2";"2023.06.16 19:30:00";"2023.06.16 20:29:00";"30.0";"-750.00";"15183.20020";"15233.20020";"54133.76";"0.00";"IST";"SL";"59m 0s";"-0.00"
"111";"USTEC_ICM_UTC2";"Buy";"15059.6";"15034.6";"2023.06.19 16:45:00";"2023.06.20 08:22:00";"30.0";"-933.12";"15034.59961";"15084.59961";"53200.64";"0.00";"IST";"SL";"15h 37m";"-183.12"
"112";"USTEC_ICM_UTC2";"Buy";"15057.1";"15082.1";"2023.06.20 21:00:00";"2023.06.20 21:22:00";"30.0";"750.00";"15032.09961";"15082.09961";"53950.64";"0.00";"IST";"PT";"22m 0s";"-0.00"
"113";"USTEC_ICM_UTC2";"Buy";"14869.8";"14894.8";"2023.06.22 16:45:00";"2023.06.22 16:48:00";"30.0";"750.00";"14844.79980";"14894.79980";"54700.64";"0.00";"IST";"PT";"3m 0s";"-0.00"
"114";"USTEC_ICM_UTC2";"Buy";"14965.6";"14940.6";"2023.06.23 20:45:00";"2023.06.23 21:08:00";"30.0";"-750.00";"14940.59961";"14990.59961";"53950.64";"0.00";"IST";"SL";"23m 0s";"-0.00"
"115";"USTEC_ICM_UTC2";"Buy";"14735.8";"14760.8";"2023.06.26 21:00:00";"2023.06.26 21:34:00";"30.0";"750.00";"14710.79980";"14760.79980";"54700.64";"0.00";"IST";"PT";"34m 0s";"-0.00"
"116";"USTEC_ICM_UTC2";"Buy";"14772.7";"14797.7";"2023.06.27 16:45:00";"2023.06.27 16:53:00";"30.0";"750.00";"14747.70020";"14797.70020";"55450.64";"0.00";"IST";"PT";"8m 0s";"-0.00"
"117";"USTEC_ICM_UTC2";"Buy";"14895.7";"14870.7";"2023.06.28 16:45:00";"2023.06.28 16:46:00";"30.0";"-750.00";"14870.70020";"14920.70020";"54700.64";"0.00";"IST";"SL";"1m 0s";"-0.00"
"118";"USTEC_ICM_UTC2";"Buy";"14922.4";"14947.4";"2023.06.29 22:00:00";"2023.06.29 22:51:00";"30.0";"750.00";"14897.40039";"14947.40039";"55450.64";"0.00";"IST";"PT";"51m 0s";"-0.00"
"119";"USTEC_ICM_UTC2";"Buy";"15186.0";"15205.8";"2023.06.30 20:30:00";"2023.06.30 22:55:00";"30.0";"594.00";"15161.00000";"15211.00000";"56044.64";"0.00";"IST";"End Of Friday (Time)";"2h 25m";"-0.00"
"120";"USTEC_ICM_UTC2";"Buy";"15208.8";"15183.8";"2023.07.05 20:45:00";"2023.07.05 21:16:00";"30.0";"-750.00";"15183.79980";"15233.79980";"55294.64";"0.00";"IST";"SL";"31m 0s";"-0.00"
"121";"USTEC_ICM_UTC2";"Buy";"15093.6";"15068.6";"2023.07.06 22:30:00";"2023.07.07 01:00:00";"30.0";"-933.75";"15068.59961";"15118.59961";"54360.89";"0.00";"IST";"SL";"2h 30m";"-183.12"
"122";"USTEC_ICM_UTC2";"Buy";"15118.3";"15143.3";"2023.07.07 18:45:00";"2023.07.07 19:03:00";"30.0";"750.00";"15093.29980";"15143.29980";"55110.89";"0.00";"IST";"PT";"18m 0s";"-0.00"
"123";"USTEC_ICM_UTC2";"Buy";"15019.7";"15044.7";"2023.07.10 21:15:00";"2023.07.10 21:26:00";"30.0";"750.00";"14994.70020";"15044.70020";"55860.89";"0.00";"IST";"PT";"11m 0s";"-0.00"
"124";"USTEC_ICM_UTC2";"Buy";"15060.2";"15085.2";"2023.07.11 16:30:00";"2023.07.11 16:36:00";"30.0";"750.00";"15035.20020";"15085.20020";"56610.89";"0.00";"IST";"PT";"6m 0s";"-0.00"
"125";"USTEC_ICM_UTC2";"Buy";"15329.0";"15304.0";"2023.07.12 21:15:00";"2023.07.12 21:50:00";"30.0";"-750.00";"15304.00000";"15354.00000";"55860.89";"0.00";"IST";"SL";"35m 0s";"-0.00"
"126";"USTEC_ICM_UTC2";"Buy";"15512.3";"15537.3";"2023.07.13 19:30:00";"2023.07.13 21:08:00";"30.0";"750.00";"15487.29980";"15537.29980";"56610.89";"0.00";"IST";"PT";"1h 38m";"-0.00"
"127";"USTEC_ICM_UTC2";"Buy";"15650.6";"15625.6";"2023.07.14 19:15:00";"2023.07.14 19:47:00";"30.0";"-750.00";"15625.59961";"15675.59961";"55860.89";"0.00";"IST";"SL";"32m 0s";"-0.00"
"128";"USTEC_ICM_UTC2";"Buy";"15639.5";"15664.5";"2023.07.17 19:30:00";"2023.07.17 20:06:00";"30.0";"750.00";"15614.50000";"15664.50000";"56610.89";"0.00";"IST";"PT";"36m 0s";"-0.00"
"129";"USTEC_ICM_UTC2";"Buy";"15681.3";"15656.3";"2023.07.18 16:30:00";"2023.07.18 16:30:00";"30.0";"-750.00";"15656.29980";"15706.29980";"55860.89";"0.00";"IST";"SL";"0s";"-0.00"
"130";"USTEC_ICM_UTC2";"Buy";"15883.1";"15858.1";"2023.07.19 16:45:00";"2023.07.19 16:50:00";"30.0";"-750.00";"15858.09961";"15908.09961";"55110.89";"0.00";"IST";"SL";"5m 0s";"-0.00"
"131";"USTEC_ICM_UTC2";"Buy";"15494.7";"15469.7";"2023.07.20 21:30:00";"2023.07.20 22:06:00";"30.0";"-750.00";"15469.70020";"15519.70020";"54360.89";"0.00";"IST";"SL";"36m 0s";"-0.00"
"132";"USTEC_ICM_UTC2";"Buy";"15443.1";"15468.1";"2023.07.24 20:15:00";"2023.07.24 20:53:00";"30.0";"750.00";"15418.09961";"15468.09961";"55110.89";"0.00";"IST";"PT";"38m 0s";"-0.00"
"133";"USTEC_ICM_UTC2";"Buy";"15475.4";"15500.4";"2023.07.25 16:30:00";"2023.07.25 16:31:00";"30.0";"750.00";"15450.40039";"15500.40039";"55860.89";"0.00";"IST";"PT";"1m 0s";"-0.00"
"134";"USTEC_ICM_UTC2";"Buy";"15493.0";"15518.0";"2023.07.26 16:45:00";"2023.07.26 16:59:00";"30.0";"750.00";"15468.00000";"15518.00000";"56610.89";"0.00";"IST";"PT";"14m 0s";"-0.00"
"135";"USTEC_ICM_UTC2";"Buy";"15729.8";"15704.8";"2023.07.27 20:00:00";"2023.07.27 20:05:00";"30.0";"-750.00";"15704.79980";"15754.79980";"55860.89";"0.00";"IST";"SL";"5m 0s";"-0.00"
"136";"USTEC_ICM_UTC2";"Buy";"15777.0";"15752.0";"2023.07.28 19:15:00";"2023.07.28 19:57:00";"30.0";"-750.00";"15752.00000";"15802.00000";"55110.89";"0.00";"IST";"SL";"42m 0s";"-0.00"
"137";"USTEC_ICM_UTC2";"Buy";"15784.5";"15759.5";"2023.07.31 16:45:00";"2023.07.31 16:53:00";"30.0";"-750.00";"15759.50000";"15809.50000";"54360.89";"0.00";"IST";"SL";"8m 0s";"-0.00"
"138";"USTEC_ICM_UTC2";"Buy";"15698.6";"15723.6";"2023.08.01 19:30:00";"2023.08.01 19:56:00";"30.0";"750.00";"15673.59961";"15723.59961";"55110.89";"0.00";"IST";"PT";"26m 0s";"-0.00"
"139";"USTEC_ICM_UTC2";"Buy";"15402.4";"15377.4";"2023.08.02 22:00:00";"2023.08.02 22:08:00";"30.0";"-750.00";"15377.40039";"15427.40039";"54360.89";"0.00";"IST";"SL";"8m 0s";"-0.00"
"140";"USTEC_ICM_UTC2";"Buy";"15267.9";"15292.9";"2023.08.03 16:30:00";"2023.08.03 16:30:00";"30.0";"750.00";"15242.90039";"15292.90039";"55110.89";"0.00";"IST";"PT";"0s";"-0.00"
"141";"USTEC_ICM_UTC2";"Buy";"15418.4";"15443.4";"2023.08.04 16:45:00";"2023.08.04 16:46:00";"30.0";"750.00";"15393.40039";"15443.40039";"55860.89";"0.00";"IST";"PT";"1m 0s";"-0.00"
"142";"USTEC_ICM_UTC2";"Buy";"15310.1";"15335.1";"2023.08.07 16:45:00";"2023.08.07 16:52:00";"30.0";"750.00";"15285.09961";"15335.09961";"56610.89";"0.00";"IST";"PT";"7m 0s";"-0.00"
"143";"USTEC_ICM_UTC2";"Buy";"15299.7";"15274.7";"2023.08.08 16:30:00";"2023.08.08 16:30:00";"30.0";"-750.00";"15274.70020";"15324.70020";"55860.89";"0.00";"IST";"SL";"0s";"-0.00"
"144";"USTEC_ICM_UTC2";"Buy";"15285.1";"15260.1";"2023.08.09 16:30:00";"2023.08.09 16:32:00";"30.0";"-750.00";"15260.09961";"15310.09961";"55110.89";"0.00";"IST";"SL";"2m 0s";"-0.00"
"145";"USTEC_ICM_UTC2";"Buy";"15134.5";"15159.5";"2023.08.10 21:45:00";"2023.08.10 21:50:00";"30.0";"750.00";"15109.50000";"15159.50000";"55860.89";"0.00";"IST";"PT";"5m 0s";"-0.00"
"146";"USTEC_ICM_UTC2";"Buy";"14994.8";"15019.8";"2023.08.11 18:45:00";"2023.08.11 19:00:00";"30.0";"750.00";"14969.79980";"15019.79980";"56610.89";"0.00";"IST";"PT";"15m 0s";"-0.00"
"147";"USTEC_ICM_UTC2";"Buy";"14999.4";"14974.4";"2023.08.14 16:30:00";"2023.08.14 16:32:00";"30.0";"-750.00";"14974.40039";"15024.40039";"55860.89";"0.00";"IST";"SL";"2m 0s";"-0.00"
"148";"USTEC_ICM_UTC2";"Buy";"15098.3";"15073.3";"2023.08.15 20:00:00";"2023.08.15 20:44:00";"30.0";"-750.00";"15073.29980";"15123.29980";"55110.89";"0.00";"IST";"SL";"44m 0s";"-0.00"
"149";"USTEC_ICM_UTC2";"Buy";"14939.3";"14964.3";"2023.08.16 20:15:00";"2023.08.16 20:41:00";"30.0";"750.00";"14914.29980";"14964.29980";"55860.89";"0.00";"IST";"PT";"26m 0s";"-0.00"
"150";"USTEC_ICM_UTC2";"Buy";"14887.2";"14862.2";"2023.08.17 16:45:00";"2023.08.17 16:54:00";"30.0";"-750.00";"14862.20020";"14912.20020";"55110.89";"0.00";"IST";"SL";"9m 0s";"-0.00"
"151";"USTEC_ICM_UTC2";"Buy";"14680.7";"14655.7";"2023.08.18 19:45:00";"2023.08.18 20:00:00";"30.0";"-750.00";"14655.70020";"14705.70020";"54360.89";"0.00";"IST";"SL";"15m 0s";"-0.00"
"152";"USTEC_ICM_UTC2";"Buy";"14880.7";"14905.7";"2023.08.21 20:30:00";"2023.08.21 20:44:00";"30.0";"750.00";"14855.70020";"14905.70020";"55110.89";"0.00";"IST";"PT";"14m 0s";"-0.00"
"153";"USTEC_ICM_UTC2";"Buy";"15039.0";"15014.0";"2023.08.22 16:30:00";"2023.08.22 16:31:00";"30.0";"-750.00";"15014.00000";"15064.00000";"54360.89";"0.00";"IST";"SL";"1m 0s";"-0.00"
"154";"USTEC_ICM_UTC2";"Buy";"14975.5";"15000.5";"2023.08.23 16:45:00";"2023.08.23 16:47:00";"30.0";"750.00";"14950.50000";"15000.50000";"55110.89";"0.00";"IST";"PT";"2m 0s";"-0.00"
"155";"USTEC_ICM_UTC2";"Buy";"14854.2";"14879.2";"2023.08.25 16:30:00";"2023.08.25 16:30:00";"30.0";"750.00";"14829.20020";"14879.20020";"55860.89";"0.00";"IST";"PT";"0s";"-0.00"
"156";"USTEC_ICM_UTC2";"Buy";"15059.8";"15034.8";"2023.08.28 16:30:00";"2023.08.28 16:30:00";"30.0";"-750.00";"15034.79980";"15084.79980";"55110.89";"0.00";"IST";"SL";"0s";"-0.00"
"157";"USTEC_ICM_UTC2";"Buy";"15037.9";"15062.9";"2023.08.29 16:30:00";"2023.08.29 16:34:00";"30.0";"750.00";"15012.90039";"15062.90039";"55860.89";"0.00";"IST";"PT";"4m 0s";"-0.00"
"158";"USTEC_ICM_UTC2";"Buy";"15371.4";"15396.4";"2023.08.30 16:45:00";"2023.08.30 16:51:00";"30.0";"750.00";"15346.40039";"15396.40039";"56610.89";"0.00";"IST";"PT";"6m 0s";"-0.00"
"159";"USTEC_ICM_UTC2";"Buy";"15498.6";"15523.6";"2023.08.31 20:00:00";"2023.08.31 20:16:00";"30.0";"750.00";"15473.59961";"15523.59961";"57360.89";"0.00";"IST";"PT";"16m 0s";"-0.00"
"160";"USTEC_ICM_UTC2";"Buy";"15435.3";"15460.3";"2023.09.01 19:00:00";"2023.09.01 19:21:00";"30.0";"750.00";"15410.29980";"15460.29980";"58110.89";"0.00";"IST";"PT";"21m 0s";"-0.00"
"161";"USTEC_ICM_UTC2";"Buy";"15529.4";"15504.4";"2023.09.04 16:30:00";"2023.09.04 17:56:00";"30.0";"-750.00";"15504.40039";"15554.40039";"57360.89";"0.00";"IST";"SL";"1h 26m";"-0.00"
"162";"USTEC_ICM_UTC2";"Buy";"15531.3";"15506.3";"2023.09.05 19:45:00";"2023.09.05 20:09:00";"30.0";"-750.00";"15506.29980";"15556.29980";"56610.89";"0.00";"IST";"SL";"24m 0s";"-0.00"
"163";"USTEC_ICM_UTC2";"Buy";"15473.1";"15448.1";"2023.09.06 16:30:00";"2023.09.06 16:33:00";"30.0";"-750.00";"15448.09961";"15498.09961";"55860.89";"0.00";"IST";"SL";"3m 0s";"-0.00"
"164";"USTEC_ICM_UTC2";"Buy";"15226.3";"15251.3";"2023.09.07 20:00:00";"2023.09.07 20:21:00";"30.0";"750.00";"15201.29980";"15251.29980";"56610.89";"0.00";"IST";"PT";"21m 0s";"-0.00"
"165";"USTEC_ICM_UTC2";"Buy";"15257.9";"15282.9";"2023.09.08 16:30:00";"2023.09.08 16:31:00";"30.0";"750.00";"15232.90039";"15282.90039";"57360.89";"0.00";"IST";"PT";"1m 0s";"-0.00"
"166";"USTEC_ICM_UTC2";"Buy";"15407.7";"15432.7";"2023.09.11 16:30:00";"2023.09.11 16:33:00";"30.0";"750.00";"15382.70020";"15432.70020";"58110.89";"0.00";"IST";"PT";"3m 0s";"-0.00"
"167";"USTEC_ICM_UTC2";"Buy";"15361.4";"15386.4";"2023.09.12 19:45:00";"2023.09.12 20:21:00";"30.0";"750.00";"15336.40039";"15386.40039";"58860.89";"0.00";"IST";"PT";"36m 0s";"-0.00"
"168";"USTEC_ICM_UTC2";"Buy";"15378.0";"15353.0";"2023.09.13 18:15:00";"2023.09.13 18:51:00";"30.0";"-750.00";"15353.00000";"15403.00000";"58110.89";"0.00";"IST";"SL";"36m 0s";"-0.00"
"169";"USTEC_ICM_UTC2";"Buy";"15472.3";"15497.3";"2023.09.14 19:30:00";"2023.09.14 19:52:00";"30.0";"750.00";"15447.29980";"15497.29980";"58860.89";"0.00";"IST";"PT";"22m 0s";"-0.00"
"170";"USTEC_ICM_UTC2";"Buy";"15178.2";"15203.2";"2023.09.15 21:30:00";"2023.09.15 22:16:00";"30.0";"750.00";"15153.20020";"15203.20020";"59610.89";"0.00";"IST";"PT";"46m 0s";"-0.00"
"171";"USTEC_ICM_UTC2";"Buy";"15246.6";"15221.6";"2023.09.18 20:00:00";"2023.09.18 21:50:00";"30.0";"-750.00";"15221.59961";"15271.59961";"58860.89";"0.00";"IST";"SL";"1h 50m";"-0.00"
"172";"USTEC_ICM_UTC2";"Buy";"15180.3";"15205.3";"2023.09.19 21:30:00";"2023.09.19 21:35:00";"30.0";"750.00";"15155.29980";"15205.29980";"59610.89";"0.00";"IST";"PT";"5m 0s";"-0.00"
"173";"USTEC_ICM_UTC2";"Buy";"14789.2";"14764.2";"2023.09.21 21:15:00";"2023.09.21 21:29:00";"30.0";"-750.00";"14764.20020";"14814.20020";"58860.89";"0.00";"IST";"SL";"14m 0s";"-0.00"
"174";"USTEC_ICM_UTC2";"Buy";"14771.8";"14746.8";"2023.09.22 16:30:00";"2023.09.22 16:35:00";"30.0";"-750.00";"14746.79980";"14796.79980";"58110.89";"0.00";"IST";"SL";"5m 0s";"-0.00"
"175";"USTEC_ICM_UTC2";"Buy";"14739.9";"14764.9";"2023.09.25 19:15:00";"2023.09.25 19:23:00";"30.0";"750.00";"14714.90039";"14764.90039";"58860.89";"0.00";"IST";"PT";"8m 0s";"-0.00"
"176";"USTEC_ICM_UTC2";"Buy";"14661.0";"14636.0";"2023.09.26 16:30:00";"2023.09.26 16:49:00";"30.0";"-750.00";"14636.00000";"14686.00000";"58110.89";"0.00";"IST";"SL";"19m 0s";"-0.00"
"177";"USTEC_ICM_UTC2";"Buy";"14553.4";"14578.4";"2023.09.27 22:45:00";"2023.09.27 22:50:00";"30.0";"750.00";"14528.40039";"14578.40039";"58860.89";"0.00";"IST";"PT";"5m 0s";"-0.00"
"178";"USTEC_ICM_UTC2";"Buy";"14790.7";"14765.7";"2023.09.28 19:30:00";"2023.09.28 19:46:00";"30.0";"-750.00";"14765.70020";"14815.70020";"58110.89";"0.00";"IST";"SL";"16m 0s";"-0.00"
"179";"USTEC_ICM_UTC2";"Buy";"14840.7";"14865.7";"2023.09.29 16:45:00";"2023.09.29 16:48:00";"30.0";"750.00";"14815.70020";"14865.70020";"58860.89";"0.00";"IST";"PT";"3m 0s";"-0.00"
"180";"USTEC_ICM_UTC2";"Buy";"14741.4";"14766.4";"2023.10.02 20:00:00";"2023.10.02 20:27:00";"30.0";"750.00";"14716.40039";"14766.40039";"59610.89";"0.00";"IST";"PT";"27m 0s";"-0.00"
"181";"USTEC_ICM_UTC2";"Buy";"14614.7";"14589.7";"2023.10.03 20:00:00";"2023.10.03 20:18:00";"30.0";"-750.00";"14589.70020";"14639.70020";"58860.89";"0.00";"IST";"SL";"18m 0s";"-0.00"
"182";"USTEC_ICM_UTC2";"Buy";"14607.9";"14632.9";"2023.10.04 16:30:00";"2023.10.04 16:31:00";"30.0";"750.00";"14582.90039";"14632.90039";"59610.89";"0.00";"IST";"PT";"1m 0s";"-0.00"
"183";"USTEC_ICM_UTC2";"Buy";"14904.5";"14929.5";"2023.10.06 19:30:00";"2023.10.06 20:14:00";"30.0";"750.00";"14879.50000";"14929.50000";"60360.89";"0.00";"IST";"PT";"44m 0s";"-0.00"
"184";"USTEC_ICM_UTC2";"Buy";"14925.7";"14950.7";"2023.10.09 20:00:00";"2023.10.09 20:25:00";"30.0";"750.00";"14900.70020";"14950.70020";"61110.89";"0.00";"IST";"PT";"25m 0s";"-0.00"
"185";"USTEC_ICM_UTC2";"Buy";"15233.2";"15208.2";"2023.10.10 19:15:00";"2023.10.10 20:01:00";"30.0";"-750.00";"15208.20020";"15258.20020";"60360.89";"0.00";"IST";"SL";"46m 0s";"-0.00"
"186";"USTEC_ICM_UTC2";"Buy";"15185.1";"15210.1";"2023.10.11 22:15:00";"2023.10.11 22:29:00";"30.0";"750.00";"15160.09961";"15210.09961";"61110.89";"0.00";"IST";"PT";"14m 0s";"-0.00"
"187";"USTEC_ICM_UTC2";"Buy";"15306.7";"15281.7";"2023.10.12 20:00:00";"2023.10.12 20:02:00";"30.0";"-750.00";"15281.70020";"15331.70020";"60360.89";"0.00";"IST";"SL";"2m 0s";"-0.00"
"188";"USTEC_ICM_UTC2";"Buy";"15200.6";"15225.6";"2023.10.13 16:45:00";"2023.10.13 16:56:00";"30.0";"750.00";"15175.59961";"15225.59961";"61110.89";"0.00";"IST";"PT";"11m 0s";"-0.00"
"189";"USTEC_ICM_UTC2";"Buy";"15079.8";"15104.8";"2023.10.16 16:45:00";"2023.10.16 16:59:00";"30.0";"750.00";"15054.79980";"15104.79980";"61860.89";"0.00";"IST";"PT";"14m 0s";"-0.00"
"190";"USTEC_ICM_UTC2";"Buy";"15156.4";"15131.4";"2023.10.17 20:00:00";"2023.10.17 20:31:00";"30.0";"-750.00";"15131.40039";"15181.40039";"61110.89";"0.00";"IST";"SL";"31m 0s";"-0.00"
"191";"USTEC_ICM_UTC2";"Buy";"14959.5";"14934.5";"2023.10.18 21:45:00";"2023.10.18 21:51:00";"30.0";"-750.00";"14934.50000";"14984.50000";"60360.89";"0.00";"IST";"SL";"6m 0s";"-0.00"
"192";"USTEC_ICM_UTC2";"Buy";"14425.6";"14450.6";"2023.10.23 16:45:00";"2023.10.23 16:47:00";"30.0";"750.00";"14400.59961";"14450.59961";"61110.89";"0.00";"IST";"PT";"2m 0s";"-0.00"
"193";"USTEC_ICM_UTC2";"Buy";"14723.1";"14698.1";"2023.10.24 16:45:00";"2023.10.24 16:45:00";"30.0";"-750.00";"14698.09961";"14748.09961";"60360.89";"0.00";"IST";"SL";"0s";"-0.00"
"194";"USTEC_ICM_UTC2";"Buy";"14373.8";"14398.8";"2023.10.25 21:45:00";"2023.10.25 21:57:00";"30.0";"750.00";"14348.79980";"14398.79980";"61110.89";"0.00";"IST";"PT";"12m 0s";"-0.00"
"195";"USTEC_ICM_UTC2";"Buy";"14329.1";"14304.1";"2023.10.26 16:45:00";"2023.10.26 16:47:00";"30.0";"-750.00";"14304.09961";"14354.09961";"60360.89";"0.00";"IST";"SL";"2m 0s";"-0.00"
"196";"USTEC_ICM_UTC2";"Buy";"14222.3";"14247.3";"2023.10.27 16:30:00";"2023.10.27 16:30:00";"30.0";"750.00";"14197.29980";"14247.29980";"61110.89";"0.00";"IST";"PT";"0s";"-0.00"
"197";"USTEC_ICM_UTC2";"Buy";"14323.3";"14348.3";"2023.10.30 20:30:00";"2023.10.30 20:38:00";"30.0";"750.00";"14298.29980";"14348.29980";"61860.89";"0.00";"IST";"PT";"8m 0s";"-0.00"
"198";"USTEC_ICM_UTC2";"Buy";"14361.1";"14386.1";"2023.10.31 20:30:00";"2023.10.31 20:43:00";"30.0";"750.00";"14336.09961";"14386.09961";"62610.89";"0.00";"IST";"PT";"13m 0s";"-0.00"
"199";"USTEC_ICM_UTC2";"Buy";"14530.8";"14505.8";"2023.11.01 18:00:00";"2023.11.01 18:17:00";"30.0";"-750.00";"14505.79980";"14555.79980";"61860.89";"0.00";"IST";"SL";"17m 0s";"-0.00"
"200";"USTEC_ICM_UTC2";"Buy";"14862.5";"14887.5";"2023.11.02 18:30:00";"2023.11.02 18:53:00";"30.0";"750.00";"14837.50000";"14887.50000";"62610.89";"0.00";"IST";"PT";"23m 0s";"-0.00"
"201";"USTEC_ICM_UTC2";"Buy";"15063.9";"15088.9";"2023.11.03 17:45:00";"2023.11.03 18:15:00";"30.0";"750.00";"15038.90039";"15088.90039";"63360.89";"0.00";"IST";"PT";"30m 0s";"-0.00"
"202";"USTEC_ICM_UTC2";"Buy";"15143.3";"15118.3";"2023.11.06 16:45:00";"2023.11.06 17:03:00";"30.0";"-750.00";"15118.29980";"15168.29980";"62610.89";"0.00";"IST";"SL";"18m 0s";"-0.00"
"203";"USTEC_ICM_UTC2";"Buy";"15201.3";"15176.3";"2023.11.07 16:30:00";"2023.11.07 16:33:00";"30.0";"-750.00";"15176.29980";"15226.29980";"61860.89";"0.00";"IST";"SL";"3m 0s";"-0.00"
"204";"USTEC_ICM_UTC2";"Buy";"15301.5";"15276.5";"2023.11.08 21:15:00";"2023.11.09 01:00:00";"30.0";"-933.12";"15276.50000";"15326.50000";"60927.77";"0.00";"IST";"SL";"3h 45m";"-183.12"
"205";"USTEC_ICM_UTC2";"Buy";"15313.6";"15338.6";"2023.11.09 16:45:00";"2023.11.09 16:56:00";"30.0";"750.00";"15288.59961";"15338.59961";"61677.77";"0.00";"IST";"PT";"11m 0s";"-0.00"
"206";"USTEC_ICM_UTC2";"Buy";"15259.9";"15284.9";"2023.11.10 16:30:00";"2023.11.10 16:41:00";"30.0";"750.00";"15234.90039";"15284.90039";"62427.77";"0.00";"IST";"PT";"11m 0s";"-0.00"
"207";"USTEC_ICM_UTC2";"Buy";"15462.0";"15437.0";"2023.11.13 16:30:00";"2023.11.13 16:37:00";"30.0";"-750.00";"15437.00000";"15487.00000";"61677.77";"0.00";"IST";"SL";"7m 0s";"-0.00"
"208";"USTEC_ICM_UTC2";"Buy";"15805.3";"15780.3";"2023.11.14 18:00:00";"2023.11.14 18:51:00";"30.0";"-750.00";"15780.29980";"15830.29980";"60927.77";"0.00";"IST";"SL";"51m 0s";"-0.00"
"209";"USTEC_ICM_UTC2";"Buy";"15843.3";"15818.3";"2023.11.15 22:00:00";"2023.11.15 22:26:00";"30.0";"-750.00";"15818.29980";"15868.29980";"60177.77";"0.00";"IST";"SL";"26m 0s";"-0.00"
"210";"USTEC_ICM_UTC2";"Buy";"15798.8";"15773.8";"2023.11.16 20:15:00";"2023.11.16 20:48:00";"30.0";"-750.00";"15773.79980";"15823.79980";"59427.77";"0.00";"IST";"SL";"33m 0s";"-0.00"
"211";"USTEC_ICM_UTC2";"Buy";"15849.7";"15874.7";"2023.11.17 20:45:00";"2023.11.17 21:09:00";"30.0";"750.00";"15824.70020";"15874.70020";"60177.77";"0.00";"IST";"PT";"24m 0s";"-0.00"
"212";"USTEC_ICM_UTC2";"Buy";"15960.7";"15985.7";"2023.11.20 18:45:00";"2023.11.20 20:03:00";"30.0";"750.00";"15935.70020";"15985.70020";"60927.77";"0.00";"IST";"PT";"1h 18m";"-0.00"
"213";"USTEC_ICM_UTC2";"Buy";"16042.1";"16017.1";"2023.11.22 21:00:00";"2023.11.22 21:33:00";"30.0";"-750.00";"16017.09961";"16067.09961";"60177.77";"0.00";"IST";"SL";"33m 0s";"-0.00"
"214";"USTEC_ICM_UTC2";"Buy";"16019.7";"15994.7";"2023.11.23 16:30:00";"2023.11.24 09:05:00";"30.0";"-933.12";"15994.70020";"16044.70020";"59244.65";"0.00";"IST";"SL";"16h 35m";"-183.12"
"215";"USTEC_ICM_UTC2";"Buy";"16027.6";"16002.6";"2023.11.27 19:45:00";"2023.11.27 21:15:00";"30.0";"-750.00";"16002.59961";"16052.59961";"58494.65";"0.00";"IST";"SL";"1h 30m";"-0.00"
"216";"USTEC_ICM_UTC2";"Buy";"16004.1";"15979.1";"2023.11.28 19:30:00";"2023.11.28 19:30:00";"30.0";"-750.00";"15979.09961";"16029.09961";"57744.65";"0.00";"IST";"SL";"0s";"-0.00"
"217";"USTEC_ICM_UTC2";"Buy";"15880.3";"15855.3";"2023.11.30 21:45:00";"2023.11.30 22:10:00";"30.0";"-750.00";"15855.29980";"15905.29980";"56994.65";"0.00";"IST";"SL";"25m 0s";"-0.00"
"218";"USTEC_ICM_UTC2";"Buy";"15977.8";"15974.9";"2023.12.01 21:15:00";"2023.12.01 22:55:00";"30.0";"-86.97";"15952.79980";"16002.79980";"56907.68";"0.00";"IST";"End Of Friday (Time)";"1h 40m";"-0.00"
"219";"USTEC_ICM_UTC2";"Buy";"15791.6";"15766.6";"2023.12.04 20:30:00";"2023.12.04 21:06:00";"30.0";"-750.00";"15766.59961";"15816.59961";"56157.68";"0.00";"IST";"SL";"36m 0s";"-0.00"
"220";"USTEC_ICM_UTC2";"Buy";"15849.6";"15874.6";"2023.12.05 20:30:00";"2023.12.05 21:19:00";"30.0";"750.00";"15824.59961";"15874.59961";"56907.68";"0.00";"IST";"PT";"49m 0s";"-0.00"
"221";"USTEC_ICM_UTC2";"Buy";"15881.9";"15856.9";"2023.12.06 19:45:00";"2023.12.06 19:51:00";"30.0";"-750.00";"15856.90039";"15906.90039";"56157.68";"0.00";"IST";"SL";"6m 0s";"-0.00"
"222";"USTEC_ICM_UTC2";"Buy";"15994.6";"16019.6";"2023.12.07 19:15:00";"2023.12.07 19:18:00";"30.0";"750.00";"15969.59961";"16019.59961";"56907.68";"0.00";"IST";"PT";"3m 0s";"-0.00"
"223";"USTEC_ICM_UTC2";"Buy";"16051.1";"16076.1";"2023.12.08 20:45:00";"2023.12.08 21:14:00";"30.0";"750.00";"16026.09961";"16076.09961";"57657.68";"0.00";"IST";"PT";"29m 0s";"-0.00"
"224";"USTEC_ICM_UTC2";"Buy";"16190.8";"16215.8";"2023.12.11 20:00:00";"2023.12.11 20:30:00";"30.0";"750.00";"16165.79980";"16215.79980";"58407.68";"0.00";"IST";"PT";"30m 0s";"-0.00"
"225";"USTEC_ICM_UTC2";"Buy";"16285.2";"16310.2";"2023.12.12 20:15:00";"2023.12.12 20:59:00";"30.0";"750.00";"16260.20020";"16310.20020";"59157.68";"0.00";"IST";"PT";"44m 0s";"-0.00"
"226";"USTEC_ICM_UTC2";"Buy";"16386.6";"16411.6";"2023.12.13 16:30:00";"2023.12.13 16:31:00";"30.0";"750.00";"16361.59961";"16411.59961";"59907.68";"0.00";"IST";"PT";"1m 0s";"-0.00"
"227";"USTEC_ICM_UTC2";"Buy";"16524.4";"16549.4";"2023.12.14 22:30:00";"2023.12.14 23:00:00";"30.0";"750.00";"16499.40039";"16549.40039";"60657.68";"0.00";"IST";"PT";"30m 0s";"-0.00"
"228";"USTEC_ICM_UTC2";"Buy";"16641.4";"16616.4";"2023.12.15 19:15:00";"2023.12.15 19:46:00";"30.0";"-750.00";"16616.40039";"16666.40039";"59907.68";"0.00";"IST";"SL";"31m 0s";"-0.00"
"229";"USTEC_ICM_UTC2";"Buy";"16674.6";"16699.6";"2023.12.18 18:15:00";"2023.12.18 18:31:00";"30.0";"750.00";"16649.59961";"16699.59961";"60657.68";"0.00";"IST";"PT";"16m 0s";"-0.00"
"230";"USTEC_ICM_UTC2";"Buy";"16774.8";"16799.8";"2023.12.19 20:15:00";"2023.12.19 21:11:00";"30.0";"750.00";"16749.80078";"16799.80078";"61407.68";"0.00";"IST";"PT";"56m 0s";"-0.00"
"231";"USTEC_ICM_UTC2";"Buy";"16777.3";"16802.3";"2023.12.20 16:30:00";"2023.12.20 16:41:00";"30.0";"750.00";"16752.30078";"16802.30078";"62157.68";"0.00";"IST";"PT";"11m 0s";"-0.00"
"232";"USTEC_ICM_UTC2";"Buy";"16683.8";"16708.8";"2023.12.21 21:30:00";"2023.12.21 22:19:00";"30.0";"750.00";"16658.80078";"16708.80078";"62907.68";"0.00";"IST";"PT";"49m 0s";"-0.00"
"233";"USTEC_ICM_UTC2";"Buy";"16836.0";"16811.0";"2023.12.22 16:45:00";"2023.12.22 17:01:00";"30.0";"-750.00";"16811.00000";"16861.00000";"62157.68";"0.00";"IST";"SL";"16m 0s";"-0.00"
"234";"USTEC_ICM_UTC2";"Buy";"16847.6";"16872.6";"2023.12.26 16:45:00";"2023.12.26 21:56:00";"30.0";"750.00";"16822.59961";"16872.59961";"62907.68";"0.00";"IST";"PT";"5h 11m";"-0.00"
"235";"USTEC_ICM_UTC2";"Buy";"16886.3";"16911.3";"2023.12.27 16:30:00";"2023.12.27 16:30:00";"30.0";"750.00";"16861.30078";"16911.30078";"63657.68";"0.00";"IST";"PT";"0s";"-0.00"
"236";"USTEC_ICM_UTC2";"Buy";"16911.6";"16936.6";"2023.12.28 22:15:00";"2023.12.29 10:24:00";"30.0";"566.88";"16886.59961";"16936.59961";"64224.56";"0.00";"IST";"PT";"12h 9m";"-183.12"
"237";"USTEC_ICM_UTC2";"Buy";"16406.1";"16381.1";"2024.01.03 20:45:00";"2024.01.03 21:04:00";"30.0";"-750.00";"16381.09961";"16431.09961";"63474.56";"0.00";"IST";"SL";"19m 0s";"-0.00"
"238";"USTEC_ICM_UTC2";"Buy";"16281.9";"16306.9";"2024.01.05 20:15:00";"2024.01.05 20:29:00";"30.0";"750.00";"16256.90039";"16306.90039";"64224.56";"0.00";"IST";"PT";"14m 0s";"-0.00"
"239";"USTEC_ICM_UTC2";"Buy";"16497.7";"16522.7";"2024.01.08 17:45:00";"2024.01.08 19:00:00";"30.0";"750.00";"16472.69922";"16522.69922";"64974.56";"0.00";"IST";"PT";"1h 15m";"-0.00"
"240";"USTEC_ICM_UTC2";"Buy";"16683.1";"16708.1";"2024.01.09 19:00:00";"2024.01.09 20:02:00";"30.0";"750.00";"16658.09961";"16708.09961";"65724.56";"0.00";"IST";"PT";"1h 2m";"-0.00"
"241";"USTEC_ICM_UTC2";"Buy";"16747.8";"16772.8";"2024.01.10 19:45:00";"2024.01.10 20:04:00";"30.0";"750.00";"16722.80078";"16772.80078";"66474.56";"0.00";"IST";"PT";"19m 0s";"-0.00"
"242";"USTEC_ICM_UTC2";"Buy";"16807.3";"16782.3";"2024.01.12 18:45:00";"2024.01.12 18:57:00";"30.0";"-750.00";"16782.30078";"16832.30078";"65724.56";"0.00";"IST";"SL";"12m 0s";"-0.00"
"243";"USTEC_ICM_UTC2";"Buy";"16836.6";"16811.6";"2024.01.15 18:30:00";"2024.01.16 01:28:00";"30.0";"-933.12";"16811.59961";"16861.59961";"64791.44";"0.00";"IST";"SL";"6h 58m";"-183.12"
"244";"USTEC_ICM_UTC2";"Buy";"16793.6";"16818.6";"2024.01.16 22:30:00";"2024.01.16 22:55:00";"30.0";"750.00";"16768.59961";"16818.59961";"65541.44";"0.00";"IST";"PT";"25m 0s";"-0.00"
"245";"USTEC_ICM_UTC2";"Buy";"16673.4";"16698.4";"2024.01.17 22:15:00";"2024.01.17 22:35:00";"30.0";"750.00";"16648.40039";"16698.40039";"66291.44";"0.00";"IST";"PT";"20m 0s";"-0.00"
"246";"USTEC_ICM_UTC2";"Buy";"16927.2";"16952.2";"2024.01.18 21:15:00";"2024.01.18 21:24:00";"30.0";"750.00";"16902.19922";"16952.19922";"67041.44";"0.00";"IST";"PT";"9m 0s";"-0.00"
"247";"USTEC_ICM_UTC2";"Buy";"17253.7";"17278.7";"2024.01.19 20:45:00";"2024.01.19 21:05:00";"30.0";"750.00";"17228.69922";"17278.69922";"67791.44";"0.00";"IST";"PT";"20m 0s";"-0.00"
"248";"USTEC_ICM_UTC2";"Buy";"17399.4";"17424.4";"2024.01.22 16:30:00";"2024.01.22 16:31:00";"30.0";"750.00";"17374.40039";"17424.40039";"68541.44";"0.00";"IST";"PT";"1m 0s";"-0.00"
"249";"USTEC_ICM_UTC2";"Buy";"17327.1";"17352.1";"2024.01.23 19:30:00";"2024.01.23 19:54:00";"30.0";"750.00";"17302.09961";"17352.09961";"69291.44";"0.00";"IST";"PT";"24m 0s";"-0.00"
"250";"USTEC_ICM_UTC2";"Buy";"17616.7";"17641.7";"2024.01.24 20:15:00";"2024.01.24 20:28:00";"30.0";"750.00";"17591.69922";"17641.69922";"70041.44";"0.00";"IST";"PT";"13m 0s";"-0.00"
"251";"USTEC_ICM_UTC2";"Buy";"17596.2";"17621.2";"2024.01.25 18:45:00";"2024.01.25 18:50:00";"30.0";"750.00";"17571.19922";"17621.19922";"70791.44";"0.00";"IST";"PT";"5m 0s";"-0.00"
"252";"USTEC_ICM_UTC2";"Buy";"17443.4";"17418.4";"2024.01.26 21:45:00";"2024.01.26 22:33:00";"30.0";"-750.00";"17418.40039";"17468.40039";"70041.44";"0.00";"IST";"SL";"48m 0s";"-0.00"
"253";"USTEC_ICM_UTC2";"Buy";"17437.1";"17462.1";"2024.01.29 16:30:00";"2024.01.29 16:37:00";"30.0";"750.00";"17412.09961";"17462.09961";"70791.44";"0.00";"IST";"PT";"7m 0s";"-0.00"
"254";"USTEC_ICM_UTC2";"Buy";"17544.7";"17519.7";"2024.01.30 17:15:00";"2024.01.30 17:45:00";"30.0";"-750.00";"17519.69922";"17569.69922";"70041.44";"0.00";"IST";"SL";"30m 0s";"-0.00"
"255";"USTEC_ICM_UTC2";"Buy";"17258.7";"17283.7";"2024.02.01 20:45:00";"2024.02.01 20:50:00";"30.0";"750.00";"17233.69922";"17283.69922";"70791.44";"0.00";"IST";"PT";"5m 0s";"-0.00"
"256";"USTEC_ICM_UTC2";"Buy";"17609.0";"17634.0";"2024.02.02 19:15:00";"2024.02.02 19:27:00";"30.0";"750.00";"17584.00000";"17634.00000";"71541.44";"0.00";"IST";"PT";"12m 0s";"-0.00"
"257";"USTEC_ICM_UTC2";"Buy";"17631.5";"17606.5";"2024.02.05 20:15:00";"2024.02.05 20:21:00";"30.0";"-750.00";"17606.50000";"17656.50000";"70791.44";"0.00";"IST";"SL";"6m 0s";"-0.00"
"258";"USTEC_ICM_UTC2";"Buy";"17639.7";"17614.7";"2024.02.06 16:45:00";"2024.02.06 16:48:00";"30.0";"-750.00";"17614.69922";"17664.69922";"70041.44";"0.00";"IST";"SL";"3m 0s";"-0.00"
"259";"USTEC_ICM_UTC2";"Buy";"17753.8";"17728.8";"2024.02.07 21:30:00";"2024.02.08 13:25:00";"30.0";"-933.12";"17728.80078";"17778.80078";"69108.32";"0.00";"IST";"SL";"15h 55m";"-183.12"
"260";"USTEC_ICM_UTC2";"Buy";"17752.0";"17727.0";"2024.02.08 16:30:00";"2024.02.08 16:42:00";"30.0";"-750.00";"17727.00000";"17777.00000";"68358.32";"0.00";"IST";"SL";"12m 0s";"-0.00"
"261";"USTEC_ICM_UTC2";"Buy";"17906.7";"17931.7";"2024.02.09 19:15:00";"2024.02.09 19:45:00";"30.0";"750.00";"17881.69922";"17931.69922";"69108.32";"0.00";"IST";"PT";"30m 0s";"-0.00"
"262";"USTEC_ICM_UTC2";"Buy";"18027.8";"18002.8";"2024.02.12 20:00:00";"2024.02.12 20:23:00";"30.0";"-750.00";"18002.80078";"18052.80078";"68358.32";"0.00";"IST";"SL";"23m 0s";"-0.00"
"263";"USTEC_ICM_UTC2";"Buy";"17604.9";"17579.9";"2024.02.13 20:45:00";"2024.02.13 20:52:00";"30.0";"-750.00";"17579.90039";"17629.90039";"67608.32";"0.00";"IST";"SL";"7m 0s";"-0.00"
"264";"USTEC_ICM_UTC2";"Buy";"17717.9";"17742.9";"2024.02.14 16:30:00";"2024.02.14 16:31:00";"30.0";"750.00";"17692.90039";"17742.90039";"68358.32";"0.00";"IST";"PT";"1m 0s";"-0.00"
"265";"USTEC_ICM_UTC2";"Buy";"17844.6";"17819.6";"2024.02.15 22:15:00";"2024.02.15 22:22:00";"30.0";"-750.00";"17819.59961";"17869.59961";"67608.32";"0.00";"IST";"SL";"7m 0s";"-0.00"
"266";"USTEC_ICM_UTC2";"Buy";"17804.4";"17779.4";"2024.02.16 21:45:00";"2024.02.16 21:45:00";"30.0";"-750.00";"17779.40039";"17829.40039";"66858.32";"0.00";"IST";"SL";"0s";"-0.00"
"267";"USTEC_ICM_UTC2";"Buy";"17732.5";"17707.5";"2024.02.19 17:15:00";"2024.02.20 01:11:00";"30.0";"-933.12";"17707.50000";"17757.50000";"65925.20";"0.00";"IST";"SL";"7h 56m";"-183.12"
"268";"USTEC_ICM_UTC2";"Buy";"17482.9";"17507.9";"2024.02.20 21:30:00";"2024.02.20 21:48:00";"30.0";"750.00";"17457.90039";"17507.90039";"66675.20";"0.00";"IST";"PT";"18m 0s";"-0.00"
"269";"USTEC_ICM_UTC2";"Buy";"17448.8";"17423.8";"2024.02.21 19:00:00";"2024.02.21 19:04:00";"30.0";"-750.00";"17423.80078";"17473.80078";"65925.20";"0.00";"IST";"SL";"4m 0s";"-0.00"
"270";"USTEC_ICM_UTC2";"Buy";"17968.1";"17993.1";"2024.02.22 20:00:00";"2024.02.22 20:44:00";"30.0";"750.00";"17943.09961";"17993.09961";"66675.20";"0.00";"IST";"PT";"44m 0s";"-0.00"
"271";"USTEC_ICM_UTC2";"Buy";"17960.9";"17935.9";"2024.02.23 21:15:00";"2024.02.23 22:09:00";"30.0";"-750.00";"17935.90039";"17985.90039";"65925.20";"0.00";"IST";"SL";"54m 0s";"-0.00"
"272";"USTEC_ICM_UTC2";"Buy";"17972.3";"17997.3";"2024.02.26 16:30:00";"2024.02.26 16:31:00";"30.0";"750.00";"17947.30078";"17997.30078";"66675.20";"0.00";"IST";"PT";"1m 0s";"-0.00"
"273";"USTEC_ICM_UTC2";"Buy";"17933.3";"17908.3";"2024.02.27 19:30:00";"2024.02.27 19:39:00";"30.0";"-750.00";"17908.30078";"17958.30078";"65925.20";"0.00";"IST";"SL";"9m 0s";"-0.00"
"274";"USTEC_ICM_UTC2";"Buy";"17910.3";"17885.3";"2024.02.28 19:15:00";"2024.02.28 19:27:00";"30.0";"-750.00";"17885.30078";"17935.30078";"65175.20";"0.00";"IST";"SL";"12m 0s";"-0.00"
"275";"USTEC_ICM_UTC2";"Buy";"17998.9";"17973.9";"2024.02.29 21:00:00";"2024.02.29 21:45:00";"30.0";"-750.00";"17973.90039";"18023.90039";"64425.20";"0.00";"IST";"SL";"45m 0s";"-0.00"
"276";"USTEC_ICM_UTC2";"Buy";"18057.8";"18082.8";"2024.03.01 16:30:00";"2024.03.01 16:31:00";"30.0";"750.00";"18032.80078";"18082.80078";"65175.20";"0.00";"IST";"PT";"1m 0s";"-0.00"
"277";"USTEC_ICM_UTC2";"Buy";"18293.2";"18268.2";"2024.03.04 16:30:00";"2024.03.04 16:31:00";"30.0";"-750.00";"18268.19922";"18318.19922";"64425.20";"0.00";"IST";"SL";"1m 0s";"-0.00"
"278";"USTEC_ICM_UTC2";"Buy";"17892.9";"17867.9";"2024.03.05 20:30:00";"2024.03.05 20:42:00";"30.0";"-750.00";"17867.90039";"17917.90039";"63675.20";"0.00";"IST";"SL";"12m 0s";"-0.00"
"279";"USTEC_ICM_UTC2";"Buy";"18077.4";"18052.4";"2024.03.06 16:30:00";"2024.03.06 16:36:00";"30.0";"-750.00";"18052.40039";"18102.40039";"62925.20";"0.00";"IST";"SL";"6m 0s";"-0.00"
"280";"USTEC_ICM_UTC2";"Buy";"18160.0";"18185.0";"2024.03.07 16:30:00";"2024.03.07 16:35:00";"30.0";"750.00";"18135.00000";"18185.00000";"63675.20";"0.00";"IST";"PT";"5m 0s";"-0.00"
"281";"USTEC_ICM_UTC2";"Buy";"17935.8";"17960.8";"2024.03.11 17:45:00";"2024.03.11 17:48:00";"30.0";"750.00";"17910.80078";"17960.80078";"64425.20";"0.00";"IST";"PT";"3m 0s";"-0.00"
"282";"USTEC_ICM_UTC2";"Buy";"18148.2";"18123.2";"2024.03.12 17:45:00";"2024.03.12 18:23:00";"30.0";"-750.00";"18123.19922";"18173.19922";"63675.20";"0.00";"IST";"SL";"38m 0s";"-0.00"
"283";"USTEC_ICM_UTC2";"Buy";"18060.3";"18085.3";"2024.03.13 21:30:00";"2024.03.13 21:44:00";"30.0";"750.00";"18035.30078";"18085.30078";"64425.20";"0.00";"IST";"PT";"14m 0s";"-0.00"
"284";"USTEC_ICM_UTC2";"Buy";"17984.7";"18009.7";"2024.03.14 19:30:00";"2024.03.14 19:50:00";"30.0";"750.00";"17959.69922";"18009.69922";"65175.20";"0.00";"IST";"PT";"20m 0s";"-0.00"
"285";"USTEC_ICM_UTC2";"Buy";"17846.8";"17821.8";"2024.03.15 20:45:00";"2024.03.15 20:49:00";"30.0";"-750.00";"17821.80078";"17871.80078";"64425.20";"0.00";"IST";"SL";"4m 0s";"-0.00"
"286";"USTEC_ICM_UTC2";"Buy";"18049.5";"18024.5";"2024.03.18 18:45:00";"2024.03.18 18:50:00";"30.0";"-750.00";"18024.50000";"18074.50000";"63675.20";"0.00";"IST";"SL";"5m 0s";"-0.00"
"287";"USTEC_ICM_UTC2";"Buy";"17950.1";"17975.1";"2024.03.19 18:30:00";"2024.03.19 18:38:00";"30.0";"750.00";"17925.09961";"17975.09961";"64425.20";"0.00";"IST";"PT";"8m 0s";"-0.00"
"288";"USTEC_ICM_UTC2";"Buy";"18452.1";"18427.1";"2024.03.21 18:15:00";"2024.03.21 19:02:00";"30.0";"-750.00";"18427.09961";"18477.09961";"63675.20";"0.00";"IST";"SL";"47m 0s";"-0.00"
"289";"USTEC_ICM_UTC2";"Buy";"18370.3";"18345.3";"2024.03.22 19:45:00";"2024.03.22 21:07:00";"30.0";"-750.00";"18345.30078";"18395.30078";"62925.20";"0.00";"IST";"SL";"1h 22m";"-0.00"
"290";"USTEC_ICM_UTC2";"Buy";"18294.2";"18319.2";"2024.03.25 18:45:00";"2024.03.25 19:41:00";"30.0";"750.00";"18269.19922";"18319.19922";"63675.20";"0.00";"IST";"PT";"56m 0s";"-0.00"
"291";"USTEC_ICM_UTC2";"Buy";"18353.0";"18328.0";"2024.03.26 18:00:00";"2024.03.26 18:21:00";"30.0";"-750.00";"18328.00000";"18378.00000";"62925.20";"0.00";"IST";"SL";"21m 0s";"-0.00"
"292";"USTEC_ICM_UTC2";"Buy";"18253.9";"18228.9";"2024.03.28 19:00:00";"2024.03.28 19:17:00";"30.0";"-750.00";"18228.90039";"18278.90039";"62175.20";"0.00";"IST";"SL";"17m 0s";"-0.00"
"293";"USTEC_ICM_UTC2";"Buy";"18242.4";"18267.4";"2024.04.01 20:30:00";"2024.04.01 21:23:00";"30.0";"750.00";"18217.40039";"18267.40039";"62925.20";"0.00";"IST";"PT";"53m 0s";"-0.00"
"294";"USTEC_ICM_UTC2";"Buy";"18077.1";"18102.1";"2024.04.02 20:30:00";"2024.04.02 22:05:00";"30.0";"750.00";"18052.09961";"18102.09961";"63675.20";"0.00";"IST";"PT";"1h 35m";"-0.00"
"295";"USTEC_ICM_UTC2";"Buy";"18235.2";"18210.2";"2024.04.03 18:30:00";"2024.04.03 18:50:00";"30.0";"-750.00";"18210.19922";"18260.19922";"62925.20";"0.00";"IST";"SL";"20m 0s";"-0.00"
"296";"USTEC_ICM_UTC2";"Buy";"18336.8";"18311.8";"2024.04.04 16:45:00";"2024.04.04 16:51:00";"30.0";"-750.00";"18311.80078";"18361.80078";"62175.20";"0.00";"IST";"SL";"6m 0s";"-0.00"
"297";"USTEC_ICM_UTC2";"Buy";"18161.6";"18186.6";"2024.04.05 19:30:00";"2024.04.05 19:57:00";"30.0";"750.00";"18136.59961";"18186.59961";"62925.20";"0.00";"IST";"PT";"27m 0s";"-0.00"
"298";"USTEC_ICM_UTC2";"Buy";"18133.5";"18108.5";"2024.04.08 16:30:00";"2024.04.08 16:33:00";"30.0";"-750.00";"18108.50000";"18158.50000";"62175.20";"0.00";"IST";"SL";"3m 0s";"-0.00"
"299";"USTEC_ICM_UTC2";"Buy";"18106.3";"18081.3";"2024.04.09 19:45:00";"2024.04.09 19:53:00";"30.0";"-750.00";"18081.30078";"18131.30078";"61425.20";"0.00";"IST";"SL";"8m 0s";"-0.00"
"300";"USTEC_ICM_UTC2";"Buy";"18062.2";"18087.2";"2024.04.11 16:45:00";"2024.04.11 16:46:00";"30.0";"750.00";"18037.19922";"18087.19922";"62175.20";"0.00";"IST";"PT";"1m 0s";"-0.00"
"301";"USTEC_ICM_UTC2";"Buy";"18165.1";"18140.1";"2024.04.15 16:30:00";"2024.04.15 16:30:00";"30.0";"-750.00";"18140.09961";"18190.09961";"61425.20";"0.00";"IST";"SL";"0s";"-0.00"
"302";"USTEC_ICM_UTC2";"Buy";"17698.0";"17673.0";"2024.04.16 16:30:00";"2024.04.16 16:38:00";"30.0";"-750.00";"17673.00000";"17723.00000";"60675.20";"0.00";"IST";"SL";"8m 0s";"-0.00"
"303";"USTEC_ICM_UTC2";"Buy";"17771.2";"17746.2";"2024.04.17 16:45:00";"2024.04.17 16:49:00";"30.0";"-750.00";"17746.19922";"17796.19922";"59925.20";"0.00";"IST";"SL";"4m 0s";"-0.00"
"304";"USTEC_ICM_UTC2";"Buy";"17542.6";"17517.6";"2024.04.18 19:00:00";"2024.04.18 19:34:00";"30.0";"-750.00";"17517.59961";"17567.59961";"59175.20";"0.00";"IST";"SL";"34m 0s";"-0.00"
"305";"USTEC_ICM_UTC2";"Buy";"17344.2";"17319.2";"2024.04.19 16:45:00";"2024.04.19 16:48:00";"30.0";"-750.00";"17319.19922";"17369.19922";"58425.20";"0.00";"IST";"SL";"3m 0s";"-0.00"
"306";"USTEC_ICM_UTC2";"Buy";"17148.7";"17173.7";"2024.04.22 16:45:00";"2024.04.22 16:48:00";"30.0";"750.00";"17123.69922";"17173.69922";"59175.20";"0.00";"IST";"PT";"3m 0s";"-0.00"
"307";"USTEC_ICM_UTC2";"Buy";"17307.8";"17332.8";"2024.04.23 16:45:00";"2024.04.23 16:45:00";"30.0";"750.00";"17282.80078";"17332.80078";"59925.20";"0.00";"IST";"PT";"0s";"-0.00"
"308";"USTEC_ICM_UTC2";"Buy";"17595.3";"17620.3";"2024.04.24 16:30:00";"2024.04.24 16:36:00";"30.0";"750.00";"17570.30078";"17620.30078";"60675.20";"0.00";"IST";"PT";"6m 0s";"-0.00"
"309";"USTEC_ICM_UTC2";"Buy";"17385.0";"17410.0";"2024.04.25 21:30:00";"2024.04.25 21:31:00";"30.0";"750.00";"17360.00000";"17410.00000";"61425.20";"0.00";"IST";"PT";"1m 0s";"-0.00"
"310";"USTEC_ICM_UTC2";"Buy";"17734.8";"17709.8";"2024.04.26 18:45:00";"2024.04.26 19:00:00";"30.0";"-750.00";"17709.80078";"17759.80078";"60675.20";"0.00";"IST";"SL";"15m 0s";"-0.00"
"311";"USTEC_ICM_UTC2";"Buy";"17768.7";"17793.7";"2024.04.29 20:15:00";"2024.04.29 20:27:00";"30.0";"750.00";"17743.69922";"17793.69922";"61425.20";"0.00";"IST";"PT";"12m 0s";"-0.00"
"312";"USTEC_ICM_UTC2";"Buy";"17374.7";"17349.7";"2024.05.01 16:45:00";"2024.05.01 16:56:00";"30.0";"-750.00";"17349.69922";"17399.69922";"60675.20";"0.00";"IST";"SL";"11m 0s";"-0.00"
"313";"USTEC_ICM_UTC2";"Buy";"17471.8";"17446.8";"2024.05.02 16:30:00";"2024.05.02 16:31:00";"30.0";"-750.00";"17446.80078";"17496.80078";"59925.20";"0.00";"IST";"SL";"1m 0s";"-0.00"
"314";"USTEC_ICM_UTC2";"Buy";"17878.5";"17853.5";"2024.05.03 19:30:00";"2024.05.03 19:57:00";"30.0";"-750.00";"17853.50000";"17903.50000";"59175.20";"0.00";"IST";"SL";"27m 0s";"-0.00"
"315";"USTEC_ICM_UTC2";"Buy";"17965.0";"17940.0";"2024.05.06 16:30:00";"2024.05.06 16:31:00";"30.0";"-750.00";"17940.00000";"17990.00000";"58425.20";"0.00";"IST";"SL";"1m 0s";"-0.00"
"316";"USTEC_ICM_UTC2";"Buy";"18145.2";"18120.2";"2024.05.07 19:15:00";"2024.05.07 20:47:00";"30.0";"-750.00";"18120.19922";"18170.19922";"57675.20";"0.00";"IST";"SL";"1h 32m";"-0.00"
"317";"USTEC_ICM_UTC2";"Buy";"18072.7";"18047.7";"2024.05.08 19:00:00";"2024.05.08 20:01:00";"30.0";"-750.00";"18047.69922";"18097.69922";"56925.20";"0.00";"IST";"SL";"1h 1m";"-0.00"
"318";"USTEC_ICM_UTC2";"Buy";"18114.0";"18139.0";"2024.05.09 19:45:00";"2024.05.09 21:56:00";"30.0";"750.00";"18089.00000";"18139.00000";"57675.20";"0.00";"IST";"PT";"2h 11m";"-0.00"
"319";"USTEC_ICM_UTC2";"Buy";"18149.6";"18124.6";"2024.05.10 20:00:00";"2024.05.10 20:25:00";"30.0";"-750.00";"18124.59961";"18174.59961";"56925.20";"0.00";"IST";"SL";"25m 0s";"-0.00"
"320";"USTEC_ICM_UTC2";"Buy";"18200.3";"18175.3";"2024.05.13 20:00:00";"2024.05.13 20:06:00";"30.0";"-750.00";"18175.30078";"18225.30078";"56175.20";"0.00";"IST";"SL";"6m 0s";"-0.00"
"321";"USTEC_ICM_UTC2";"Buy";"18212.0";"18237.0";"2024.05.14 19:45:00";"2024.05.14 20:42:00";"30.0";"750.00";"18187.00000";"18237.00000";"56925.20";"0.00";"IST";"PT";"57m 0s";"-0.00"
"322";"USTEC_ICM_UTC2";"Buy";"18501.1";"18526.1";"2024.05.15 18:15:00";"2024.05.15 19:52:00";"30.0";"750.00";"18476.09961";"18526.09961";"57675.20";"0.00";"IST";"PT";"1h 37m";"-0.00"
"323";"USTEC_ICM_UTC2";"Buy";"18642.2";"18617.2";"2024.05.16 19:15:00";"2024.05.16 20:21:00";"30.0";"-750.00";"18617.19922";"18667.19922";"56925.20";"0.00";"IST";"SL";"1h 6m";"-0.00"
"324";"USTEC_ICM_UTC2";"Buy";"18534.8";"18509.8";"2024.05.17 20:30:00";"2024.05.17 21:03:00";"30.0";"-750.00";"18509.80078";"18559.80078";"56175.20";"0.00";"IST";"SL";"33m 0s";"-0.00"
"325";"USTEC_ICM_UTC2";"Buy";"18668.0";"18693.0";"2024.05.20 18:30:00";"2024.05.20 19:44:00";"30.0";"750.00";"18643.00000";"18693.00000";"56925.20";"0.00";"IST";"PT";"1h 14m";"-0.00"
"326";"USTEC_ICM_UTC2";"Buy";"18749.9";"18724.9";"2024.05.22 18:45:00";"2024.05.22 18:50:00";"30.0";"-750.00";"18724.90039";"18774.90039";"56175.20";"0.00";"IST";"SL";"5m 0s";"-0.00"
"327";"USTEC_ICM_UTC2";"Buy";"18835.6";"18810.6";"2024.05.24 18:45:00";"2024.05.24 18:52:00";"30.0";"-750.00";"18810.59961";"18860.59961";"55425.20";"0.00";"IST";"SL";"7m 0s";"-0.00"
"328";"USTEC_ICM_UTC2";"Buy";"18827.1";"18852.1";"2024.05.27 17:45:00";"2024.05.27 18:22:00";"30.0";"750.00";"18802.09961";"18852.09961";"56175.20";"0.00";"IST";"PT";"37m 0s";"-0.00"
"329";"USTEC_ICM_UTC2";"Buy";"18867.6";"18842.6";"2024.05.28 19:15:00";"2024.05.28 19:20:00";"30.0";"-750.00";"18842.59961";"18892.59961";"55425.20";"0.00";"IST";"SL";"5m 0s";"-0.00"
"330";"USTEC_ICM_UTC2";"Buy";"18699.1";"18724.1";"2024.05.29 16:30:00";"2024.05.29 16:30:00";"30.0";"750.00";"18674.09961";"18724.09961";"56175.20";"0.00";"IST";"PT";"0s";"-0.00"
"331";"USTEC_ICM_UTC2";"Buy";"18627.9";"18652.9";"2024.05.30 19:15:00";"2024.05.30 20:11:00";"30.0";"750.00";"18602.90039";"18652.90039";"56925.20";"0.00";"IST";"PT";"56m 0s";"-0.00"
"332";"USTEC_ICM_UTC2";"Buy";"18267.3";"18292.3";"2024.05.31 21:30:00";"2024.05.31 21:43:00";"30.0";"750.00";"18242.30078";"18292.30078";"57675.20";"0.00";"IST";"PT";"13m 0s";"-0.00"
"333";"USTEC_ICM_UTC2";"Buy";"18526.2";"18551.2";"2024.06.03 22:15:00";"2024.06.03 22:27:00";"30.0";"750.00";"18501.19922";"18551.19922";"58425.20";"0.00";"IST";"PT";"12m 0s";"-0.00"
"334";"USTEC_ICM_UTC2";"Buy";"18538.2";"18563.2";"2024.06.04 19:00:00";"2024.06.04 19:38:00";"30.0";"750.00";"18513.19922";"18563.19922";"59175.20";"0.00";"IST";"PT";"38m 0s";"-0.00"
"335";"USTEC_ICM_UTC2";"Buy";"18910.5";"18935.5";"2024.06.05 18:15:00";"2024.06.05 18:42:00";"30.0";"750.00";"18885.50000";"18935.50000";"59925.20";"0.00";"IST";"PT";"27m 0s";"-0.00"
"336";"USTEC_ICM_UTC2";"Buy";"19019.9";"18994.9";"2024.06.06 19:00:00";"2024.06.06 19:16:00";"30.0";"-750.00";"18994.90039";"19044.90039";"59175.20";"0.00";"IST";"SL";"16m 0s";"-0.00"
"337";"USTEC_ICM_UTC2";"Buy";"19078.0";"19053.0";"2024.06.07 21:00:00";"2024.06.07 21:00:00";"30.0";"-750.00";"19053.00000";"19103.00000";"58425.20";"0.00";"IST";"SL";"0s";"-0.00"
"338";"USTEC_ICM_UTC2";"Buy";"19055.3";"19080.3";"2024.06.10 19:00:00";"2024.06.10 19:16:00";"30.0";"750.00";"19030.30078";"19080.30078";"59175.20";"0.00";"IST";"PT";"16m 0s";"-0.00"
"339";"USTEC_ICM_UTC2";"Buy";"19025.7";"19000.7";"2024.06.11 16:45:00";"2024.06.11 16:47:00";"30.0";"-750.00";"19000.69922";"19050.69922";"58425.20";"0.00";"IST";"SL";"2m 0s";"-0.00"
"340";"USTEC_ICM_UTC2";"Buy";"19372.3";"19347.3";"2024.06.12 16:30:00";"2024.06.12 16:30:00";"30.0";"-750.00";"19347.30078";"19397.30078";"57675.20";"0.00";"IST";"SL";"0s";"-0.00"
"341";"USTEC_ICM_UTC2";"Buy";"19608.7";"19633.7";"2024.06.13 16:30:00";"2024.06.13 16:40:00";"30.0";"750.00";"19583.69922";"19633.69922";"58425.20";"0.00";"IST";"PT";"10m 0s";"-0.00"
"342";"USTEC_ICM_UTC2";"Buy";"19555.8";"19580.8";"2024.06.14 16:30:00";"2024.06.14 16:45:00";"30.0";"750.00";"19530.80078";"19580.80078";"59175.20";"0.00";"IST";"PT";"15m 0s";"-0.00"
"343";"USTEC_ICM_UTC2";"Buy";"19675.7";"19650.7";"2024.06.17 16:30:00";"2024.06.17 16:35:00";"30.0";"-750.00";"19650.69922";"19700.69922";"58425.20";"0.00";"IST";"SL";"5m 0s";"-0.00"
"344";"USTEC_ICM_UTC2";"Buy";"19904.5";"19879.5";"2024.06.18 16:45:00";"2024.06.18 16:52:00";"30.0";"-750.00";"19879.50000";"19929.50000";"57675.20";"0.00";"IST";"SL";"7m 0s";"-0.00"
"345";"USTEC_ICM_UTC2";"Buy";"19959.4";"19984.4";"2024.06.19 16:45:00";"2024.06.20 06:45:00";"30.0";"566.88";"19934.40039";"19984.40039";"58242.08";"0.00";"IST";"PT";"14h 0m";"-183.12"
"346";"USTEC_ICM_UTC2";"Buy";"19728.3";"19703.3";"2024.06.21 20:00:00";"2024.06.21 20:20:00";"30.0";"-750.00";"19703.30078";"19753.30078";"57492.08";"0.00";"IST";"SL";"20m 0s";"-0.00"
"347";"USTEC_ICM_UTC2";"Buy";"19543.4";"19518.4";"2024.06.24 22:45:00";"2024.06.24 22:48:00";"30.0";"-750.00";"19518.40039";"19568.40039";"56742.08";"0.00";"IST";"SL";"3m 0s";"-0.00"
"348";"USTEC_ICM_UTC2";"Buy";"19692.9";"19667.9";"2024.06.25 19:00:00";"2024.06.25 19:13:00";"30.0";"-750.00";"19667.90039";"19717.90039";"55992.08";"0.00";"IST";"SL";"13m 0s";"-0.00"
"349";"USTEC_ICM_UTC2";"Buy";"19817.4";"19792.4";"2024.06.27 16:45:00";"2024.06.27 16:50:00";"30.0";"-750.00";"19792.40039";"19842.40039";"55242.08";"0.00";"IST";"SL";"5m 0s";"-0.00"
"350";"USTEC_ICM_UTC2";"Buy";"19789.3";"19814.3";"2024.06.28 20:45:00";"2024.06.28 21:12:00";"30.0";"750.00";"19764.30078";"19814.30078";"55992.08";"0.00";"IST";"PT";"27m 0s";"-0.00"
"351";"USTEC_ICM_UTC2";"Buy";"19735.6";"19760.6";"2024.07.01 19:00:00";"2024.07.01 19:09:00";"30.0";"750.00";"19710.59961";"19760.59961";"56742.08";"0.00";"IST";"PT";"9m 0s";"-0.00"
"352";"USTEC_ICM_UTC2";"Buy";"19886.9";"19911.9";"2024.07.02 18:30:00";"2024.07.02 18:40:00";"30.0";"750.00";"19861.90039";"19911.90039";"57492.08";"0.00";"IST";"PT";"10m 0s";"-0.00"
"353";"USTEC_ICM_UTC2";"Buy";"20115.9";"20140.9";"2024.07.03 18:45:00";"2024.07.03 18:56:00";"30.0";"750.00";"20090.90039";"20140.90039";"58242.08";"0.00";"IST";"PT";"11m 0s";"-0.00"
"354";"USTEC_ICM_UTC2";"Buy";"20158.5";"20133.5";"2024.07.04 16:45:00";"2024.07.04 17:47:00";"30.0";"-750.00";"20133.50000";"20183.50000";"57492.08";"0.00";"IST";"SL";"1h 2m";"-0.00"
"355";"USTEC_ICM_UTC2";"Buy";"20376.0";"20351.0";"2024.07.05 19:15:00";"2024.07.05 19:44:00";"30.0";"-750.00";"20351.00000";"20401.00000";"56742.08";"0.00";"IST";"SL";"29m 0s";"-0.00"
"356";"USTEC_ICM_UTC2";"Buy";"20391.8";"20416.8";"2024.07.08 16:45:00";"2024.07.08 16:51:00";"30.0";"750.00";"20366.80078";"20416.80078";"57492.08";"0.00";"IST";"PT";"6m 0s";"-0.00"
"357";"USTEC_ICM_UTC2";"Buy";"20590.5";"20615.5";"2024.07.10 19:30:00";"2024.07.10 19:46:00";"30.0";"750.00";"20565.50000";"20615.50000";"58242.08";"0.00";"IST";"PT";"16m 0s";"-0.00"
"358";"USTEC_ICM_UTC2";"Buy";"20493.4";"20468.4";"2024.07.12 21:30:00";"2024.07.12 22:12:00";"30.0";"-750.00";"20468.40039";"20518.40039";"57492.08";"0.00";"IST";"SL";"42m 0s";"-0.00"
"359";"USTEC_ICM_UTC2";"Buy";"20369.3";"20344.3";"2024.07.15 22:45:00";"2024.07.15 22:47:00";"30.0";"-750.00";"20344.30078";"20394.30078";"56742.08";"0.00";"IST";"SL";"2m 0s";"-0.00"
"360";"USTEC_ICM_UTC2";"Buy";"20311.4";"20286.4";"2024.07.16 20:30:00";"2024.07.16 21:18:00";"30.0";"-750.00";"20286.40039";"20336.40039";"55992.08";"0.00";"IST";"SL";"48m 0s";"-0.00"
"361";"USTEC_ICM_UTC2";"Buy";"19832.5";"19857.5";"2024.07.17 22:15:00";"2024.07.17 22:23:00";"30.0";"750.00";"19807.50000";"19857.50000";"56742.08";"0.00";"IST";"PT";"8m 0s";"-0.00"
"362";"USTEC_ICM_UTC2";"Buy";"19848.7";"19873.7";"2024.07.18 16:45:00";"2024.07.18 16:50:00";"30.0";"750.00";"19823.69922";"19873.69922";"57492.08";"0.00";"IST";"PT";"5m 0s";"-0.00"
"363";"USTEC_ICM_UTC2";"Buy";"19569.2";"19544.2";"2024.07.19 19:30:00";"2024.07.19 19:32:00";"30.0";"-750.00";"19544.19922";"19594.19922";"56742.08";"0.00";"IST";"SL";"2m 0s";"-0.00"
"364";"USTEC_ICM_UTC2";"Buy";"19809.6";"19834.6";"2024.07.22 20:45:00";"2024.07.22 21:09:00";"30.0";"750.00";"19784.59961";"19834.59961";"57492.08";"0.00";"IST";"PT";"24m 0s";"-0.00"
"365";"USTEC_ICM_UTC2";"Buy";"19860.4";"19835.4";"2024.07.23 19:00:00";"2024.07.23 19:05:00";"30.0";"-750.00";"19835.40039";"19885.40039";"56742.08";"0.00";"IST";"SL";"5m 0s";"-0.00"
"366";"USTEC_ICM_UTC2";"Buy";"19111.7";"19086.7";"2024.07.24 22:45:00";"2024.07.24 22:50:00";"30.0";"-750.00";"19086.69922";"19136.69922";"55992.08";"0.00";"IST";"SL";"5m 0s";"-0.00"
"367";"USTEC_ICM_UTC2";"Buy";"18982.0";"18957.0";"2024.07.25 16:45:00";"2024.07.25 16:46:00";"30.0";"-750.00";"18957.00000";"19007.00000";"55242.08";"0.00";"IST";"SL";"1m 0s";"-0.00"
"368";"USTEC_ICM_UTC2";"Buy";"19009.8";"18984.8";"2024.07.26 16:30:00";"2024.07.26 16:30:00";"30.0";"-750.00";"18984.80078";"19034.80078";"54492.08";"0.00";"IST";"SL";"0s";"-0.00"
"369";"USTEC_ICM_UTC2";"Buy";"19195.3";"19170.3";"2024.07.29 16:45:00";"2024.07.29 16:49:00";"30.0";"-750.00";"19170.30078";"19220.30078";"53742.08";"0.00";"IST";"SL";"4m 0s";"-0.00"
"370";"USTEC_ICM_UTC2";"Buy";"19231.2";"19206.2";"2024.07.31 16:30:00";"2024.07.31 16:31:00";"30.0";"-750.00";"19206.19922";"19256.19922";"52992.08";"0.00";"IST";"SL";"1m 0s";"-0.00"
"371";"USTEC_ICM_UTC2";"Buy";"18429.7";"18454.7";"2024.08.02 21:30:00";"2024.08.02 21:31:00";"30.0";"750.00";"18404.69922";"18454.69922";"53742.08";"0.00";"IST";"PT";"1m 0s";"-0.00"
"372";"USTEC_ICM_UTC2";"Buy";"17968.2";"17993.2";"2024.08.05 18:45:00";"2024.08.05 18:46:00";"30.0";"750.00";"17943.19922";"17993.19922";"54492.08";"0.00";"IST";"PT";"1m 0s";"-0.00"
"373";"USTEC_ICM_UTC2";"Buy";"17884.7";"17859.7";"2024.08.06 16:45:00";"2024.08.06 16:45:00";"30.0";"-750.00";"17859.69922";"17909.69922";"53742.08";"0.00";"IST";"SL";"0s";"-0.00"
"374";"USTEC_ICM_UTC2";"Buy";"18345.1";"18370.1";"2024.08.07 16:30:00";"2024.08.07 16:30:00";"30.0";"750.00";"18320.09961";"18370.09961";"54492.08";"0.00";"IST";"PT";"0s";"-0.00"
"375";"USTEC_ICM_UTC2";"Buy";"18120.4";"18095.4";"2024.08.08 16:30:00";"2024.08.08 16:31:00";"30.0";"-750.00";"18095.40039";"18145.40039";"53742.08";"0.00";"IST";"SL";"1m 0s";"-0.00"
"376";"USTEC_ICM_UTC2";"Buy";"18417.8";"18442.8";"2024.08.09 18:45:00";"2024.08.09 18:47:00";"30.0";"750.00";"18392.80078";"18442.80078";"54492.08";"0.00";"IST";"PT";"2m 0s";"-0.00"
"377";"USTEC_ICM_UTC2";"Buy";"18542.6";"18567.6";"2024.08.12 16:30:00";"2024.08.12 16:34:00";"30.0";"750.00";"18517.59961";"18567.59961";"55242.08";"0.00";"IST";"PT";"4m 0s";"-0.00"
"378";"USTEC_ICM_UTC2";"Buy";"18872.4";"18897.4";"2024.08.13 18:30:00";"2024.08.13 18:56:00";"30.0";"750.00";"18847.40039";"18897.40039";"55992.08";"0.00";"IST";"PT";"26m 0s";"-0.00"
"379";"USTEC_ICM_UTC2";"Buy";"18972.8";"18997.8";"2024.08.14 21:15:00";"2024.08.14 21:53:00";"30.0";"750.00";"18947.80078";"18997.80078";"56742.08";"0.00";"IST";"PT";"38m 0s";"-0.00"
"380";"USTEC_ICM_UTC2";"Buy";"19440.8";"19465.8";"2024.08.15 18:45:00";"2024.08.15 19:22:00";"30.0";"750.00";"19415.80078";"19465.80078";"57492.08";"0.00";"IST";"PT";"37m 0s";"-0.00"
"381";"USTEC_ICM_UTC2";"Buy";"19544.6";"19519.6";"2024.08.16 20:30:00";"2024.08.16 20:50:00";"30.0";"-750.00";"19519.59961";"19569.59961";"56742.08";"0.00";"IST";"SL";"20m 0s";"-0.00"
"382";"USTEC_ICM_UTC2";"Buy";"19568.2";"19543.2";"2024.08.19 18:30:00";"2024.08.19 18:58:00";"30.0";"-750.00";"19543.19922";"19593.19922";"55992.08";"0.00";"IST";"SL";"28m 0s";"-0.00"
"383";"USTEC_ICM_UTC2";"Buy";"19722.3";"19697.3";"2024.08.20 19:30:00";"2024.08.20 19:54:00";"30.0";"-750.00";"19697.30078";"19747.30078";"55242.08";"0.00";"IST";"SL";"24m 0s";"-0.00"
"384";"USTEC_ICM_UTC2";"Buy";"19769.4";"19794.4";"2024.08.21 16:45:00";"2024.08.21 16:57:00";"30.0";"750.00";"19744.40039";"19794.40039";"55992.08";"0.00";"IST";"PT";"12m 0s";"-0.00"
"385";"USTEC_ICM_UTC2";"Buy";"19910.2";"19935.2";"2024.08.22 16:30:00";"2024.08.22 16:30:00";"30.0";"750.00";"19885.19922";"19935.19922";"56742.08";"0.00";"IST";"PT";"0s";"-0.00"
"386";"USTEC_ICM_UTC2";"Buy";"19682.0";"19657.0";"2024.08.23 21:45:00";"2024.08.23 21:58:00";"30.0";"-750.00";"19657.00000";"19707.00000";"55992.08";"0.00";"IST";"SL";"13m 0s";"-0.00"
"387";"USTEC_ICM_UTC2";"Buy";"19690.7";"19715.7";"2024.08.26 16:30:00";"2024.08.26 16:33:00";"30.0";"750.00";"19665.69922";"19715.69922";"56742.08";"0.00";"IST";"PT";"3m 0s";"-0.00"
"388";"USTEC_ICM_UTC2";"Buy";"19553.1";"19528.1";"2024.08.27 18:30:00";"2024.08.27 18:33:00";"30.0";"-750.00";"19528.09961";"19578.09961";"55992.08";"0.00";"IST";"SL";"3m 0s";"-0.00"
"389";"USTEC_ICM_UTC2";"Buy";"19571.9";"19596.9";"2024.08.29 19:00:00";"2024.08.29 19:02:00";"30.0";"750.00";"19546.90039";"19596.90039";"56742.08";"0.00";"IST";"PT";"2m 0s";"-0.00"
"390";"USTEC_ICM_UTC2";"Buy";"19418.5";"19443.5";"2024.08.30 21:15:00";"2024.08.30 21:38:00";"30.0";"750.00";"19393.50000";"19443.50000";"57492.08";"0.00";"IST";"PT";"23m 0s";"-0.00"
"391";"USTEC_ICM_UTC2";"Buy";"19558.3";"19583.3";"2024.09.02 17:30:00";"2024.09.02 17:33:00";"30.0";"750.00";"19533.30078";"19583.30078";"58242.08";"0.00";"IST";"PT";"3m 0s";"-0.00"
"392";"USTEC_ICM_UTC2";"Buy";"19009.8";"18984.8";"2024.09.03 21:15:00";"2024.09.03 21:23:00";"30.0";"-750.00";"18984.80078";"19034.80078";"57492.08";"0.00";"IST";"SL";"8m 0s";"-0.00"
"393";"USTEC_ICM_UTC2";"Buy";"18832.1";"18857.1";"2024.09.04 16:30:00";"2024.09.04 16:33:00";"30.0";"750.00";"18807.09961";"18857.09961";"58242.08";"0.00";"IST";"PT";"3m 0s";"-0.00"
"394";"USTEC_ICM_UTC2";"Buy";"18951.5";"18976.5";"2024.09.05 16:45:00";"2024.09.05 16:45:00";"30.0";"750.00";"18926.50000";"18976.50000";"58992.08";"0.00";"IST";"PT";"0s";"-0.00"
"395";"USTEC_ICM_UTC2";"Buy";"18448.2";"18423.2";"2024.09.06 21:00:00";"2024.09.06 21:02:00";"30.0";"-750.00";"18423.19922";"18473.19922";"58242.08";"0.00";"IST";"SL";"2m 0s";"-0.00"
"396";"USTEC_ICM_UTC2";"Buy";"18600.9";"18575.9";"2024.09.09 16:30:00";"2024.09.09 16:30:00";"30.0";"-750.00";"18575.90039";"18625.90039";"57492.08";"0.00";"IST";"SL";"0s";"-0.00"
"397";"USTEC_ICM_UTC2";"Buy";"18731.1";"18756.1";"2024.09.10 16:30:00";"2024.09.10 16:31:00";"30.0";"750.00";"18706.09961";"18756.09961";"58242.08";"0.00";"IST";"PT";"1m 0s";"-0.00"
"398";"USTEC_ICM_UTC2";"Buy";"19097.8";"19122.8";"2024.09.11 21:30:00";"2024.09.11 21:40:00";"30.0";"750.00";"19072.80078";"19122.80078";"58992.08";"0.00";"IST";"PT";"10m 0s";"-0.00"
"399";"USTEC_ICM_UTC2";"Buy";"19245.1";"19270.1";"2024.09.12 19:00:00";"2024.09.12 19:04:00";"30.0";"750.00";"19220.09961";"19270.09961";"59742.08";"0.00";"IST";"PT";"4m 0s";"-0.00"
"400";"USTEC_ICM_UTC2";"Buy";"19394.9";"19419.9";"2024.09.13 16:30:00";"2024.09.13 16:33:00";"30.0";"750.00";"19369.90039";"19419.90039";"60492.08";"0.00";"IST";"PT";"3m 0s";"-0.00"
"401";"USTEC_ICM_UTC2";"Buy";"19374.0";"19399.0";"2024.09.16 20:30:00";"2024.09.16 20:39:00";"30.0";"750.00";"19349.00000";"19399.00000";"61242.08";"0.00";"IST";"PT";"9m 0s";"-0.00"
"402";"USTEC_ICM_UTC2";"Buy";"19453.2";"19428.2";"2024.09.18 16:45:00";"2024.09.18 16:50:00";"30.0";"-750.00";"19428.19922";"19478.19922";"60492.08";"0.00";"IST";"SL";"5m 0s";"-0.00"
"403";"USTEC_ICM_UTC2";"Buy";"19852.9";"19877.9";"2024.09.19 19:00:00";"2024.09.19 19:03:00";"30.0";"750.00";"19827.90039";"19877.90039";"61242.08";"0.00";"IST";"PT";"3m 0s";"-0.00"
"404";"USTEC_ICM_UTC2";"Buy";"19729.2";"19704.2";"2024.09.20 21:15:00";"2024.09.20 21:38:00";"30.0";"-750.00";"19704.19922";"19754.19922";"60492.08";"0.00";"IST";"SL";"23m 0s";"-0.00"
"405";"USTEC_ICM_UTC2";"Buy";"19810.9";"19835.9";"2024.09.23 20:15:00";"2024.09.23 20:47:00";"30.0";"750.00";"19785.90039";"19835.90039";"61242.08";"0.00";"IST";"PT";"32m 0s";"-0.00"
"406";"USTEC_ICM_UTC2";"Buy";"19960.2";"19935.2";"2024.09.24 20:45:00";"2024.09.24 20:59:00";"30.0";"-750.00";"19935.19922";"19985.19922";"60492.08";"0.00";"IST";"SL";"14m 0s";"-0.00"
"407";"USTEC_ICM_UTC2";"Buy";"19916.3";"19941.3";"2024.09.25 16:30:00";"2024.09.25 16:31:00";"30.0";"750.00";"19891.30078";"19941.30078";"61242.08";"0.00";"IST";"PT";"1m 0s";"-0.00"
"408";"USTEC_ICM_UTC2";"Buy";"20115.1";"20140.1";"2024.09.26 22:00:00";"2024.09.27 01:08:00";"30.0";"566.88";"20090.09961";"20140.09961";"61808.96";"0.00";"IST";"PT";"3h 8m";"-183.12"
"409";"USTEC_ICM_UTC2";"Buy";"20159.9";"20134.9";"2024.09.27 16:30:00";"2024.09.27 16:30:00";"30.0";"-750.00";"20134.90039";"20184.90039";"61058.96";"0.00";"IST";"SL";"0s";"-0.00"
"410";"USTEC_ICM_UTC2";"Buy";"20032.8";"20007.8";"2024.09.30 16:45:00";"2024.09.30 16:55:00";"30.0";"-750.00";"20007.80078";"20057.80078";"60308.96";"0.00";"IST";"SL";"10m 0s";"-0.00"
"411";"USTEC_ICM_UTC2";"Buy";"20041.7";"20016.7";"2024.10.01 16:30:00";"2024.10.01 16:32:00";"30.0";"-750.00";"20016.69922";"20066.69922";"59558.96";"0.00";"IST";"SL";"2m 0s";"-0.00"
"412";"USTEC_ICM_UTC2";"Buy";"19632.4";"19657.4";"2024.10.02 16:45:00";"2024.10.02 16:47:00";"30.0";"750.00";"19607.40039";"19657.40039";"60308.96";"0.00";"IST";"PT";"2m 0s";"-0.00"
"413";"USTEC_ICM_UTC2";"Buy";"19711.5";"19736.5";"2024.10.03 16:30:00";"2024.10.03 16:32:00";"30.0";"750.00";"19686.50000";"19736.50000";"61058.96";"0.00";"IST";"PT";"2m 0s";"-0.00"
"414";"USTEC_ICM_UTC2";"Buy";"20031.6";"20006.6";"2024.10.04 16:30:00";"2024.10.04 16:32:00";"30.0";"-750.00";"20006.59961";"20056.59961";"60308.96";"0.00";"IST";"SL";"2m 0s";"-0.00"
"415";"USTEC_ICM_UTC2";"Buy";"19944.4";"19969.4";"2024.10.07 20:00:00";"2024.10.07 20:10:00";"30.0";"750.00";"19919.40039";"19969.40039";"61058.96";"0.00";"IST";"PT";"10m 0s";"-0.00"
"416";"USTEC_ICM_UTC2";"Buy";"20065.9";"20040.9";"2024.10.08 19:00:00";"2024.10.08 19:01:00";"30.0";"-750.00";"20040.90039";"20090.90039";"60308.96";"0.00";"IST";"SL";"1m 0s";"-0.00"
"417";"USTEC_ICM_UTC2";"Buy";"20204.1";"20229.1";"2024.10.09 20:00:00";"2024.10.09 20:16:00";"30.0";"750.00";"20179.09961";"20229.09961";"61058.96";"0.00";"IST";"PT";"16m 0s";"-0.00"
"418";"USTEC_ICM_UTC2";"Buy";"20258.3";"20233.3";"2024.10.10 21:00:00";"2024.10.10 21:02:00";"30.0";"-750.00";"20233.30078";"20283.30078";"60308.96";"0.00";"IST";"SL";"2m 0s";"-0.00"
"419";"USTEC_ICM_UTC2";"Buy";"20158.1";"20183.1";"2024.10.11 16:30:00";"2024.10.11 16:51:00";"30.0";"750.00";"20133.09961";"20183.09961";"61058.96";"0.00";"IST";"PT";"21m 0s";"-0.00"
"420";"USTEC_ICM_UTC2";"Buy";"20427.3";"20452.3";"2024.10.14 20:15:00";"2024.10.14 21:40:00";"30.0";"750.00";"20402.30078";"20452.30078";"61808.96";"0.00";"IST";"PT";"1h 25m";"-0.00"
"421";"USTEC_ICM_UTC2";"Buy";"20140.8";"20165.8";"2024.10.16 20:30:00";"2024.10.16 20:46:00";"30.0";"750.00";"20115.80078";"20165.80078";"62558.96";"0.00";"IST";"PT";"16m 0s";"-0.00"
"422";"USTEC_ICM_UTC2";"Buy";"20276.0";"20301.0";"2024.10.17 16:45:00";"2024.10.17 16:48:00";"30.0";"750.00";"20251.00000";"20301.00000";"63308.96";"0.00";"IST";"PT";"3m 0s";"-0.00"
"423";"USTEC_ICM_UTC2";"Buy";"20339.0";"20314.0";"2024.10.18 21:15:00";"2024.10.18 22:03:00";"30.0";"-750.00";"20314.00000";"20364.00000";"62558.96";"0.00";"IST";"SL";"48m 0s";"-0.00"
"424";"USTEC_ICM_UTC2";"Buy";"20278.1";"20303.1";"2024.10.21 19:45:00";"2024.10.21 19:54:00";"30.0";"750.00";"20253.09961";"20303.09961";"63308.96";"0.00";"IST";"PT";"9m 0s";"-0.00"
"425";"USTEC_ICM_UTC2";"Buy";"20304.8";"20279.8";"2024.10.22 19:15:00";"2024.10.22 19:25:00";"30.0";"-750.00";"20279.80078";"20329.80078";"62558.96";"0.00";"IST";"SL";"10m 0s";"-0.00"
"426";"USTEC_ICM_UTC2";"Buy";"20209.3";"20234.3";"2024.10.24 21:45:00";"2024.10.24 22:13:00";"30.0";"750.00";"20184.30078";"20234.30078";"63308.96";"0.00";"IST";"PT";"28m 0s";"-0.00"
"427";"USTEC_ICM_UTC2";"Buy";"20493.7";"20468.7";"2024.10.25 20:00:00";"2024.10.25 20:13:00";"30.0";"-750.00";"20468.69922";"20518.69922";"62558.96";"0.00";"IST";"SL";"13m 0s";"-0.00"
"428";"USTEC_ICM_UTC2";"Buy";"20370.4";"20395.4";"2024.10.28 19:15:00";"2024.10.28 19:19:00";"30.0";"750.00";"20345.40039";"20395.40039";"63308.96";"0.00";"IST";"PT";"4m 0s";"-0.00"
"429";"USTEC_ICM_UTC2";"Buy";"20465.2";"20490.2";"2024.10.29 17:45:00";"2024.10.29 18:00:00";"30.0";"750.00";"20440.19922";"20490.19922";"64058.96";"0.00";"IST";"PT";"15m 0s";"-0.00"
"430";"USTEC_ICM_UTC2";"Buy";"20512.8";"20487.8";"2024.10.30 17:00:00";"2024.10.30 17:10:00";"30.0";"-750.00";"20487.80078";"20537.80078";"63308.96";"0.00";"IST";"SL";"10m 0s";"-0.00"
"431";"USTEC_ICM_UTC2";"Buy";"19906.4";"19881.4";"2024.10.31 20:00:00";"2024.10.31 20:34:00";"30.0";"-750.00";"19881.40039";"19931.40039";"62558.96";"0.00";"IST";"SL";"34m 0s";"-0.00"
"432";"USTEC_ICM_UTC2";"Buy";"20077.3";"20102.3";"2024.11.01 18:45:00";"2024.11.01 18:52:00";"30.0";"750.00";"20052.30078";"20102.30078";"63308.96";"0.00";"IST";"PT";"7m 0s";"-0.00"
"433";"USTEC_ICM_UTC2";"Buy";"20041.9";"20016.9";"2024.11.04 21:15:00";"2024.11.04 21:29:00";"30.0";"-750.00";"20016.90039";"20066.90039";"62558.96";"0.00";"IST";"SL";"14m 0s";"-0.00"
"434";"USTEC_ICM_UTC2";"Buy";"20187.1";"20212.1";"2024.11.05 18:45:00";"2024.11.05 18:48:00";"30.0";"750.00";"20162.09961";"20212.09961";"63308.96";"0.00";"IST";"PT";"3m 0s";"-0.00"
"435";"USTEC_ICM_UTC2";"Buy";"20567.2";"20592.2";"2024.11.06 16:30:00";"2024.11.06 16:32:00";"30.0";"750.00";"20542.19922";"20592.19922";"64058.96";"0.00";"IST";"PT";"2m 0s";"-0.00"
"436";"USTEC_ICM_UTC2";"Buy";"21001.2";"21026.2";"2024.11.07 17:45:00";"2024.11.07 17:49:00";"30.0";"750.00";"20976.19922";"21026.19922";"64808.96";"0.00";"IST";"PT";"4m 0s";"-0.00"
"437";"USTEC_ICM_UTC2";"Buy";"21122.1";"21147.1";"2024.11.08 20:15:00";"2024.11.08 20:37:00";"30.0";"750.00";"21097.09961";"21147.09961";"65558.96";"0.00";"IST";"PT";"22m 0s";"-0.00"
"438";"USTEC_ICM_UTC2";"Buy";"21104.4";"21079.4";"2024.11.11 16:45:00";"2024.11.11 16:50:00";"30.0";"-750.00";"21079.40039";"21129.40039";"64808.96";"0.00";"IST";"SL";"5m 0s";"-0.00"
"439";"USTEC_ICM_UTC2";"Buy";"21072.6";"21047.6";"2024.11.12 22:15:00";"2024.11.13 01:11:00";"30.0";"-933.12";"21047.59961";"21097.59961";"63875.84";"0.00";"IST";"SL";"2h 56m";"-183.12"
"440";"USTEC_ICM_UTC2";"Buy";"21118.7";"21143.7";"2024.11.13 20:30:00";"2024.11.13 20:47:00";"30.0";"750.00";"21093.69922";"21143.69922";"64625.84";"0.00";"IST";"PT";"17m 0s";"-0.00"
"441";"USTEC_ICM_UTC2";"Buy";"20967.8";"20942.8";"2024.11.14 19:45:00";"2024.11.14 19:47:00";"30.0";"-750.00";"20942.80078";"20992.80078";"63875.84";"0.00";"IST";"SL";"2m 0s";"-0.00"
"442";"USTEC_ICM_UTC2";"Buy";"20336.3";"20361.3";"2024.11.15 21:00:00";"2024.11.15 21:09:00";"30.0";"750.00";"20311.30078";"20361.30078";"64625.84";"0.00";"IST";"PT";"9m 0s";"-0.00"
"443";"USTEC_ICM_UTC2";"Buy";"20607.6";"20582.6";"2024.11.18 18:15:00";"2024.11.18 18:49:00";"30.0";"-750.00";"20582.59961";"20632.59961";"63875.84";"0.00";"IST";"SL";"34m 0s";"-0.00"
"444";"USTEC_ICM_UTC2";"Buy";"20587.4";"20562.4";"2024.11.19 19:15:00";"2024.11.19 19:22:00";"30.0";"-750.00";"20562.40039";"20612.40039";"63125.84";"0.00";"IST";"SL";"7m 0s";"-0.00"
"445";"USTEC_ICM_UTC2";"Buy";"20489.1";"20514.1";"2024.11.20 21:30:00";"2024.11.20 21:41:00";"30.0";"750.00";"20464.09961";"20514.09961";"63875.84";"0.00";"IST";"PT";"11m 0s";"-0.00"
"446";"USTEC_ICM_UTC2";"Buy";"20614.1";"20639.1";"2024.11.21 16:45:00";"2024.11.21 16:46:00";"30.0";"750.00";"20589.09961";"20639.09961";"64625.84";"0.00";"IST";"PT";"1m 0s";"-0.00"
"447";"USTEC_ICM_UTC2";"Buy";"20721.6";"20696.6";"2024.11.22 18:15:00";"2024.11.22 18:19:00";"30.0";"-750.00";"20696.59961";"20746.59961";"63875.84";"0.00";"IST";"SL";"4m 0s";"-0.00"
"448";"USTEC_ICM_UTC2";"Buy";"20788.2";"20763.2";"2024.11.25 20:45:00";"2024.11.25 21:23:00";"30.0";"-750.00";"20763.19922";"20813.19922";"63125.84";"0.00";"IST";"SL";"38m 0s";"-0.00"
"449";"USTEC_ICM_UTC2";"Buy";"20890.5";"20865.5";"2024.11.26 19:00:00";"2024.11.26 19:13:00";"30.0";"-750.00";"20865.50000";"20915.50000";"62375.84";"0.00";"IST";"SL";"13m 0s";"-0.00"
"450";"USTEC_ICM_UTC2";"Buy";"20733.4";"20758.4";"2024.11.27 20:45:00";"2024.11.27 21:48:00";"30.0";"750.00";"20708.40039";"20758.40039";"63125.84";"0.00";"IST";"PT";"1h 3m";"-0.00"
"451";"USTEC_ICM_UTC2";"Buy";"20829.1";"20804.1";"2024.11.28 17:30:00";"2024.11.29 02:33:00";"30.0";"-933.12";"20804.09961";"20854.09961";"62192.72";"0.00";"IST";"SL";"9h 3m";"-183.12"
"452";"USTEC_ICM_UTC2";"Buy";"20927.5";"20952.5";"2024.11.29 18:45:00";"2024.11.29 19:50:00";"30.0";"750.00";"20902.50000";"20952.50000";"62942.72";"0.00";"IST";"PT";"1h 5m";"-0.00"
"453";"USTEC_ICM_UTC2";"Buy";"21190.3";"21165.3";"2024.12.02 19:15:00";"2024.12.02 20:00:00";"30.0";"-750.00";"21165.30078";"21215.30078";"62192.72";"0.00";"IST";"SL";"45m 0s";"-0.00"
"454";"USTEC_ICM_UTC2";"Buy";"21154.6";"21179.6";"2024.12.03 19:45:00";"2024.12.03 19:54:00";"30.0";"750.00";"21129.59961";"21179.59961";"62942.72";"0.00";"IST";"PT";"9m 0s";"-0.00"
"455";"USTEC_ICM_UTC2";"Buy";"21419.6";"21394.6";"2024.12.04 18:30:00";"2024.12.04 20:36:00";"30.0";"-750.00";"21394.59961";"21444.59961";"62192.72";"0.00";"IST";"SL";"2h 6m";"-0.00"
"456";"USTEC_ICM_UTC2";"Buy";"21485.2";"21460.2";"2024.12.05 16:30:00";"2024.12.05 16:50:00";"30.0";"-750.00";"21460.19922";"21510.19922";"61442.72";"0.00";"IST";"SL";"20m 0s";"-0.00"
"457";"USTEC_ICM_UTC2";"Buy";"21581.6";"21606.6";"2024.12.06 19:15:00";"2024.12.06 20:07:00";"30.0";"750.00";"21556.59961";"21606.59961";"62192.72";"0.00";"IST";"PT";"52m 0s";"-0.00"
"458";"USTEC_ICM_UTC2";"Buy";"21572.0";"21547.0";"2024.12.09 16:30:00";"2024.12.09 16:30:00";"30.0";"-750.00";"21547.00000";"21597.00000";"61442.72";"0.00";"IST";"SL";"0s";"-0.00"
"459";"USTEC_ICM_UTC2";"Buy";"21442.1";"21417.1";"2024.12.10 20:30:00";"2024.12.10 20:50:00";"30.0";"-750.00";"21417.09961";"21467.09961";"60692.72";"0.00";"IST";"SL";"20m 0s";"-0.00"
"460";"USTEC_ICM_UTC2";"Buy";"21721.7";"21746.7";"2024.12.11 19:00:00";"2024.12.11 19:41:00";"30.0";"750.00";"21696.69922";"21746.69922";"61442.72";"0.00";"IST";"PT";"41m 0s";"-0.00"
"461";"USTEC_ICM_UTC2";"Buy";"21671.8";"21646.8";"2024.12.12 18:45:00";"2024.12.12 18:46:00";"30.0";"-750.00";"21646.80078";"21696.80078";"60692.72";"0.00";"IST";"SL";"1m 0s";"-0.00"
"462";"USTEC_ICM_UTC2";"Buy";"21784.0";"21759.0";"2024.12.13 21:30:00";"2024.12.13 22:18:00";"30.0";"-750.00";"21759.00000";"21809.00000";"59942.72";"0.00";"IST";"SL";"48m 0s";"-0.00"
"463";"USTEC_ICM_UTC2";"Buy";"22059.2";"22084.2";"2024.12.16 19:45:00";"2024.12.16 20:13:00";"30.0";"750.00";"22034.19922";"22084.19922";"60692.72";"0.00";"IST";"PT";"28m 0s";"-0.00"
"464";"USTEC_ICM_UTC2";"Buy";"22019.6";"21994.6";"2024.12.17 20:15:00";"2024.12.17 20:18:00";"30.0";"-750.00";"21994.59961";"22044.59961";"59942.72";"0.00";"IST";"SL";"3m 0s";"-0.00"
"465";"USTEC_ICM_UTC2";"Buy";"21966.8";"21941.8";"2024.12.18 20:45:00";"2024.12.18 21:00:00";"30.0";"-750.00";"21941.80078";"21991.80078";"59192.72";"0.00";"IST";"SL";"15m 0s";"-0.00"
"466";"USTEC_ICM_UTC2";"Buy";"21178.7";"21153.7";"2024.12.19 19:30:00";"2024.12.19 19:52:00";"30.0";"-750.00";"21153.69922";"21203.69922";"58442.72";"0.00";"IST";"SL";"22m 0s";"-0.00"
"467";"USTEC_ICM_UTC2";"Buy";"21553.2";"21528.2";"2024.12.20 19:30:00";"2024.12.20 19:31:00";"30.0";"-750.00";"21528.19922";"21578.19922";"57692.72";"0.00";"IST";"SL";"1m 0s";"-0.00"
"468";"USTEC_ICM_UTC2";"Buy";"21459.3";"21484.3";"2024.12.23 20:15:00";"2024.12.23 20:39:00";"30.0";"750.00";"21434.30078";"21484.30078";"58442.72";"0.00";"IST";"PT";"24m 0s";"-0.00"
"469";"USTEC_ICM_UTC2";"Buy";"21738.1";"21713.1";"2024.12.24 18:45:00";"2024.12.24 18:53:00";"30.0";"-750.00";"21713.09961";"21763.09961";"57692.72";"0.00";"IST";"SL";"8m 0s";"-0.00"
"470";"USTEC_ICM_UTC2";"Buy";"21822.5";"21797.5";"2024.12.26 19:15:00";"2024.12.26 19:27:00";"30.0";"-750.00";"21797.50000";"21847.50000";"56942.72";"0.00";"IST";"SL";"12m 0s";"-0.00"
"471";"USTEC_ICM_UTC2";"Buy";"21435.6";"21460.6";"2024.12.27 21:30:00";"2024.12.27 21:35:00";"30.0";"750.00";"21410.59961";"21460.59961";"57692.72";"0.00";"IST";"PT";"5m 0s";"-0.00"
"472";"USTEC_ICM_UTC2";"Buy";"21284.8";"21259.8";"2024.12.30 21:15:00";"2024.12.30 21:21:00";"30.0";"-750.00";"21259.80078";"21309.80078";"56942.72";"0.00";"IST";"SL";"6m 0s";"-0.00"
"473";"USTEC_ICM_UTC2";"Buy";"21187.4";"21212.4";"2024.12.31 16:45:00";"2024.12.31 16:46:00";"30.0";"750.00";"21162.40039";"21212.40039";"57692.72";"0.00";"IST";"PT";"1m 0s";"-0.00"
"474";"USTEC_ICM_UTC2";"Buy";"20870.2";"20895.2";"2025.01.02 22:00:00";"2025.01.02 22:01:00";"30.0";"750.00";"20845.19922";"20895.19922";"58442.72";"0.00";"IST";"PT";"1m 0s";"-0.00"
"475";"USTEC_ICM_UTC2";"Buy";"21256.5";"21281.5";"2025.01.03 19:15:00";"2025.01.03 20:18:00";"30.0";"750.00";"21231.50000";"21281.50000";"59192.72";"0.00";"IST";"PT";"1h 3m";"-0.00"
"476";"USTEC_ICM_UTC2";"Buy";"21649.7";"21624.7";"2025.01.06 19:15:00";"2025.01.06 19:28:00";"30.0";"-750.00";"21624.69922";"21674.69922";"58442.72";"0.00";"IST";"SL";"13m 0s";"-0.00"
"477";"USTEC_ICM_UTC2";"Buy";"21186.9";"21161.9";"2025.01.07 22:15:00";"2025.01.07 22:21:00";"30.0";"-750.00";"21161.90039";"21211.90039";"57692.72";"0.00";"IST";"SL";"6m 0s";"-0.00"
"478";"USTEC_ICM_UTC2";"Buy";"21105.2";"21080.2";"2025.01.08 19:15:00";"2025.01.08 19:22:00";"30.0";"-750.00";"21080.19922";"21130.19922";"56942.72";"0.00";"IST";"SL";"7m 0s";"-0.00"
"479";"USTEC_ICM_UTC2";"Buy";"20922.2";"20897.2";"2025.01.10 22:00:00";"2025.01.10 22:12:00";"30.0";"-750.00";"20897.19922";"20947.19922";"56192.72";"0.00";"IST";"SL";"12m 0s";"-0.00"
"480";"USTEC_ICM_UTC2";"Buy";"20652.8";"20627.8";"2025.01.13 18:45:00";"2025.01.13 18:50:00";"30.0";"-750.00";"20627.80078";"20677.80078";"55442.72";"0.00";"IST";"SL";"5m 0s";"-0.00"
"481";"USTEC_ICM_UTC2";"Buy";"20694.5";"20669.5";"2025.01.14 19:15:00";"2025.01.14 19:22:00";"30.0";"-750.00";"20669.50000";"20719.50000";"54692.72";"0.00";"IST";"SL";"7m 0s";"-0.00"
"482";"USTEC_ICM_UTC2";"Buy";"21141.2";"21166.2";"2025.01.15 16:45:00";"2025.01.15 16:47:00";"30.0";"750.00";"21116.19922";"21166.19922";"55442.72";"0.00";"IST";"PT";"2m 0s";"-0.00"
"483";"USTEC_ICM_UTC2";"Buy";"21229.7";"21204.7";"2025.01.16 20:15:00";"2025.01.16 20:28:00";"30.0";"-750.00";"21204.69922";"21254.69922";"54692.72";"0.00";"IST";"SL";"13m 0s";"-0.00"
"484";"USTEC_ICM_UTC2";"Buy";"21476.1";"21451.1";"2025.01.17 18:30:00";"2025.01.17 18:33:00";"30.0";"-750.00";"21451.09961";"21501.09961";"53942.72";"0.00";"IST";"SL";"3m 0s";"-0.00"
"485";"USTEC_ICM_UTC2";"Buy";"21563.0";"21538.0";"2025.01.20 18:45:00";"2025.01.20 18:59:00";"30.0";"-750.00";"21538.00000";"21588.00000";"53192.72";"0.00";"IST";"SL";"14m 0s";"-0.00"
"486";"USTEC_ICM_UTC2";"Buy";"21559.4";"21534.4";"2025.01.21 16:30:00";"2025.01.21 16:36:00";"30.0";"-750.00";"21534.40039";"21584.40039";"52442.72";"0.00";"IST";"SL";"6m 0s";"-0.00"
"487";"USTEC_ICM_UTC2";"Buy";"21926.2";"21901.2";"2025.01.22 19:00:00";"2025.01.22 19:43:00";"30.0";"-750.00";"21901.19922";"21951.19922";"51692.72";"0.00";"IST";"SL";"43m 0s";"-0.00"
"488";"USTEC_ICM_UTC2";"Buy";"21772.4";"21797.4";"2025.01.23 19:45:00";"2025.01.23 20:10:00";"30.0";"750.00";"21747.40039";"21797.40039";"52442.72";"0.00";"IST";"PT";"25m 0s";"-0.00"
"489";"USTEC_ICM_UTC2";"Buy";"20993.0";"21018.0";"2025.01.27 16:30:00";"2025.01.27 16:30:00";"30.0";"750.00";"20968.00000";"21018.00000";"53192.72";"0.00";"IST";"PT";"0s";"-0.00"
"490";"USTEC_ICM_UTC2";"Buy";"21176.0";"21151.0";"2025.01.28 16:30:00";"2025.01.28 16:31:00";"30.0";"-750.00";"21151.00000";"21201.00000";"52442.72";"0.00";"IST";"SL";"1m 0s";"-0.00"
"491";"USTEC_ICM_UTC2";"Buy";"21365.8";"21340.8";"2025.01.29 20:00:00";"2025.01.29 20:01:00";"30.0";"-750.00";"21340.80078";"21390.80078";"51692.72";"0.00";"IST";"SL";"1m 0s";"-0.00"
"492";"USTEC_ICM_UTC2";"Buy";"21496.8";"21521.8";"2025.01.30 21:45:00";"2025.01.30 21:52:00";"30.0";"750.00";"21471.80078";"21521.80078";"52442.72";"0.00";"IST";"PT";"7m 0s";"-0.00"
"493";"USTEC_ICM_UTC2";"Buy";"21795.5";"21820.5";"2025.01.31 19:15:00";"2025.01.31 19:32:00";"30.0";"750.00";"21770.50000";"21820.50000";"53192.72";"0.00";"IST";"PT";"17m 0s";"-0.00"
"494";"USTEC_ICM_UTC2";"Buy";"21321.9";"21346.9";"2025.02.03 18:15:00";"2025.02.03 18:22:00";"30.0";"750.00";"21296.90039";"21346.90039";"53942.72";"0.00";"IST";"PT";"7m 0s";"-0.00"
"495";"USTEC_ICM_UTC2";"Buy";"21318.7";"21343.7";"2025.02.04 16:30:00";"2025.02.04 16:32:00";"30.0";"750.00";"21293.69922";"21343.69922";"54692.72";"0.00";"IST";"PT";"2m 0s";"-0.00"
"496";"USTEC_ICM_UTC2";"Buy";"21604.3";"21579.3";"2025.02.05 19:30:00";"2025.02.05 20:26:00";"30.0";"-750.00";"21579.30078";"21629.30078";"53942.72";"0.00";"OOS1";"SL";"56m 0s";"-0.00"
"497";"USTEC_ICM_UTC2";"Buy";"21675.0";"21650.0";"2025.02.06 16:30:00";"2025.02.06 16:30:00";"30.0";"-750.00";"21650.00000";"21700.00000";"53192.72";"0.00";"OOS1";"SL";"0s";"-0.00"
"498";"USTEC_ICM_UTC2";"Buy";"21842.7";"21817.7";"2025.02.07 16:45:00";"2025.02.07 16:57:00";"30.0";"-750.00";"21817.69922";"21867.69922";"52442.72";"0.00";"OOS1";"SL";"12m 0s";"-0.00"
"499";"USTEC_ICM_UTC2";"Buy";"21707.4";"21682.4";"2025.02.10 16:45:00";"2025.02.10 16:49:00";"30.0";"-750.00";"21682.40039";"21732.40039";"51692.72";"0.00";"OOS1";"SL";"4m 0s";"-0.00"
"500";"USTEC_ICM_UTC2";"Buy";"21733.7";"21708.7";"2025.02.11 18:30:00";"2025.02.11 18:54:00";"30.0";"-750.00";"21708.69922";"21758.69922";"50942.72";"0.00";"OOS1";"SL";"24m 0s";"-0.00"
"501";"USTEC_ICM_UTC2";"Buy";"21678.5";"21703.5";"2025.02.12 19:45:00";"2025.02.12 19:48:00";"30.0";"750.00";"21653.50000";"21703.50000";"51692.72";"0.00";"OOS1";"PT";"3m 0s";"-0.00"
"502";"USTEC_ICM_UTC2";"Buy";"21782.6";"21807.6";"2025.02.13 16:30:00";"2025.02.13 16:31:00";"30.0";"750.00";"21757.59961";"21807.59961";"52442.72";"0.00";"OOS1";"PT";"1m 0s";"-0.00"
"503";"USTEC_ICM_UTC2";"Buy";"22031.7";"22056.7";"2025.02.14 19:45:00";"2025.02.14 19:50:00";"30.0";"750.00";"22006.69922";"22056.69922";"53192.72";"0.00";"OOS1";"PT";"5m 0s";"-0.00"
"504";"USTEC_ICM_UTC2";"Buy";"22165.8";"22140.8";"2025.02.17 16:30:00";"2025.02.17 16:34:00";"30.0";"-750.00";"22140.80078";"22190.80078";"52442.72";"0.00";"OOS1";"SL";"4m 0s";"-0.00"
"505";"USTEC_ICM_UTC2";"Buy";"22184.5";"22159.5";"2025.02.18 16:30:00";"2025.02.18 16:31:00";"30.0";"-750.00";"22159.50000";"22209.50000";"51692.72";"0.00";"OOS1";"SL";"1m 0s";"-0.00"
"506";"USTEC_ICM_UTC2";"Buy";"22196.4";"22221.4";"2025.02.19 21:15:00";"2025.02.19 21:51:00";"30.0";"750.00";"22171.40039";"22221.40039";"52442.72";"0.00";"OOS1";"PT";"36m 0s";"-0.00"
"507";"USTEC_ICM_UTC2";"Buy";"22005.1";"22030.1";"2025.02.20 21:45:00";"2025.02.20 21:48:00";"30.0";"750.00";"21980.09961";"22030.09961";"53192.72";"0.00";"OOS1";"PT";"3m 0s";"-0.00"
"508";"USTEC_ICM_UTC2";"Buy";"21501.4";"21476.4";"2025.02.24 21:45:00";"2025.02.24 21:56:00";"30.0";"-750.00";"21476.40039";"21526.40039";"52442.72";"0.00";"OOS1";"SL";"11m 0s";"-0.00"
"509";"USTEC_ICM_UTC2";"Buy";"21129.7";"21154.7";"2025.02.25 19:30:00";"2025.02.25 19:42:00";"30.0";"750.00";"21104.69922";"21154.69922";"53192.72";"0.00";"OOS1";"PT";"12m 0s";"-0.00"
"510";"USTEC_ICM_UTC2";"Buy";"21138.7";"21163.7";"2025.02.27 16:45:00";"2025.02.27 16:45:00";"30.0";"750.00";"21113.69922";"21163.69922";"53942.72";"0.00";"OOS1";"PT";"0s";"-0.00"
"511";"USTEC_ICM_UTC2";"Buy";"20924.9";"20899.9";"2025.03.03 16:45:00";"2025.03.03 16:45:00";"30.0";"-750.00";"20899.90039";"20949.90039";"53192.72";"0.00";"OOS1";"SL";"0s";"-0.00"
"512";"USTEC_ICM_UTC2";"Buy";"20624.6";"20649.6";"2025.03.04 22:15:00";"2025.03.04 22:21:00";"30.0";"750.00";"20599.59961";"20649.59961";"53942.72";"0.00";"OOS1";"PT";"6m 0s";"-0.00"
"513";"USTEC_ICM_UTC2";"Buy";"20386.7";"20361.7";"2025.03.05 16:45:00";"2025.03.05 16:46:00";"30.0";"-750.00";"20361.69922";"20411.69922";"53192.72";"0.00";"OOS1";"SL";"1m 0s";"-0.00"
"514";"USTEC_ICM_UTC2";"Buy";"20188.6";"20163.6";"2025.03.07 22:15:00";"2025.03.07 22:15:00";"30.0";"-750.00";"20163.59961";"20213.59961";"52442.72";"0.00";"OOS1";"SL";"0s";"-0.00"
"515";"USTEC_ICM_UTC2";"Buy";"19183.6";"19208.6";"2025.03.11 19:30:00";"2025.03.11 19:30:00";"30.0";"750.00";"19158.59961";"19208.59961";"53192.72";"0.00";"OOS1";"PT";"0s";"-0.00"
"516";"USTEC_ICM_UTC2";"Buy";"19603.2";"19628.2";"2025.03.12 18:45:00";"2025.03.12 18:47:00";"30.0";"750.00";"19578.19922";"19628.19922";"53942.72";"0.00";"OOS1";"PT";"2m 0s";"-0.00"
"517";"USTEC_ICM_UTC2";"Buy";"19339.8";"19314.8";"2025.03.13 17:45:00";"2025.03.13 17:46:00";"30.0";"-750.00";"19314.80078";"19364.80078";"53192.72";"0.00";"OOS1";"SL";"1m 0s";"-0.00"
"518";"USTEC_ICM_UTC2";"Buy";"19657.0";"19632.0";"2025.03.14 19:15:00";"2025.03.14 19:27:00";"30.0";"-750.00";"19632.00000";"19682.00000";"52442.72";"0.00";"OOS1";"SL";"12m 0s";"-0.00"
"519";"USTEC_ICM_UTC2";"Buy";"19868.7";"19893.7";"2025.03.17 20:15:00";"2025.03.17 20:26:00";"30.0";"750.00";"19843.69922";"19893.69922";"53192.72";"0.00";"OOS1";"PT";"11m 0s";"-0.00"
"520";"USTEC_ICM_UTC2";"Buy";"19662.4";"19637.4";"2025.03.19 18:45:00";"2025.03.19 19:06:00";"30.0";"-750.00";"19637.40039";"19687.40039";"52442.72";"0.00";"OOS1";"SL";"21m 0s";"-0.00"
"521";"USTEC_ICM_UTC2";"Buy";"19814.4";"19839.4";"2025.03.20 17:45:00";"2025.03.20 17:48:00";"30.0";"750.00";"19789.40039";"19839.40039";"53192.72";"0.00";"OOS1";"PT";"3m 0s";"-0.00"
"522";"USTEC_ICM_UTC2";"Buy";"19663.6";"19688.6";"2025.03.21 19:45:00";"2025.03.21 19:50:00";"30.0";"750.00";"19638.59961";"19688.59961";"53942.72";"0.00";"OOS1";"PT";"5m 0s";"-0.00"
"523";"USTEC_ICM_UTC2";"Buy";"20131.8";"20156.8";"2025.03.24 17:45:00";"2025.03.24 18:01:00";"30.0";"750.00";"20106.80078";"20156.80078";"54692.72";"0.00";"OOS1";"PT";"16m 0s";"-0.00"
"524";"USTEC_ICM_UTC2";"Buy";"20275.9";"20250.9";"2025.03.25 17:30:00";"2025.03.25 17:40:00";"30.0";"-750.00";"20250.90039";"20300.90039";"53942.72";"0.00";"OOS1";"SL";"10m 0s";"-0.00"
"525";"USTEC_ICM_UTC2";"Buy";"19282.9";"19307.9";"2025.03.28 20:45:00";"2025.03.28 21:00:00";"30.0";"750.00";"19257.90039";"19307.90039";"54692.72";"0.00";"OOS1";"PT";"15m 0s";"-0.00"
"526";"USTEC_ICM_UTC2";"Buy";"18989.2";"18964.2";"2025.03.31 16:30:00";"2025.03.31 16:31:00";"30.0";"-750.00";"18964.19922";"19014.19922";"53942.72";"0.00";"OOS1";"SL";"1m 0s";"-0.00"
"527";"USTEC_ICM_UTC2";"Buy";"19221.8";"19246.8";"2025.04.01 16:45:00";"2025.04.01 16:46:00";"30.0";"750.00";"19196.80078";"19246.80078";"54692.72";"0.00";"OOS1";"PT";"1m 0s";"-0.00"
"528";"USTEC_ICM_UTC2";"Buy";"19158.8";"19183.8";"2025.04.02 16:30:00";"2025.04.02 16:31:00";"30.0";"750.00";"19133.80078";"19183.80078";"55442.72";"0.00";"OOS1";"PT";"1m 0s";"-0.00"
"529";"USTEC_ICM_UTC2";"Buy";"18727.8";"18702.8";"2025.04.03 20:45:00";"2025.04.03 20:48:00";"30.0";"-750.00";"18702.80078";"18752.80078";"54692.72";"0.00";"OOS1";"SL";"3m 0s";"-0.00"
"530";"USTEC_ICM_UTC2";"Buy";"17994.2";"18019.2";"2025.04.04 16:30:00";"2025.04.04 16:30:00";"30.0";"750.00";"17969.19922";"18019.19922";"55442.72";"0.00";"OOS1";"PT";"0s";"-0.00"
"531";"USTEC_ICM_UTC2";"Buy";"16785.5";"16760.5";"2025.04.07 16:30:00";"2025.04.07 16:30:00";"30.0";"-750.00";"16760.50000";"16810.50000";"54692.72";"0.00";"OOS1";"SL";"0s";"-0.00"
"532";"USTEC_ICM_UTC2";"Buy";"18099.8";"18124.8";"2025.04.08 17:45:00";"2025.04.08 17:45:00";"30.0";"750.00";"18074.80078";"18124.80078";"55442.72";"0.00";"OOS1";"PT";"0s";"-0.00"
"533";"USTEC_ICM_UTC2";"Buy";"17238.5";"17263.5";"2025.04.09 16:45:00";"2025.04.09 16:45:00";"30.0";"750.00";"17213.50000";"17263.50000";"56192.72";"0.00";"OOS1";"PT";"0s";"-0.00"
"534";"USTEC_ICM_UTC2";"Buy";"18138.8";"18163.8";"2025.04.10 19:00:00";"2025.04.10 19:00:00";"30.0";"750.00";"18113.80078";"18163.80078";"56942.72";"0.00";"OOS1";"PT";"0s";"-0.00"
"535";"USTEC_ICM_UTC2";"Buy";"18616.5";"18591.5";"2025.04.11 19:45:00";"2025.04.11 19:45:00";"30.0";"-750.00";"18591.50000";"18641.50000";"56192.72";"0.00";"OOS1";"SL";"0s";"-0.00"
"536";"USTEC_ICM_UTC2";"Buy";"19092.9";"19067.9";"2025.04.14 16:30:00";"2025.04.14 16:31:00";"30.0";"-750.00";"19067.90039";"19117.90039";"55442.72";"0.00";"OOS1";"SL";"1m 0s";"-0.00"
"537";"USTEC_ICM_UTC2";"Buy";"18450.8";"18475.8";"2025.04.16 16:30:00";"2025.04.16 16:30:00";"30.0";"750.00";"18425.80078";"18475.80078";"56192.72";"0.00";"OOS1";"PT";"0s";"-0.00"
"538";"USTEC_ICM_UTC2";"Buy";"18289.3";"18314.3";"2025.04.17 20:45:00";"2025.04.17 20:46:00";"30.0";"750.00";"18264.30078";"18314.30078";"56942.72";"0.00";"OOS1";"PT";"1m 0s";"-0.00"
"539";"USTEC_ICM_UTC2";"Buy";"17613.9";"17638.9";"2025.04.21 21:15:00";"2025.04.21 21:18:00";"30.0";"750.00";"17588.90039";"17638.90039";"57692.72";"0.00";"OOS1";"PT";"3m 0s";"-0.00"
"540";"USTEC_ICM_UTC2";"Buy";"18044.4";"18019.4";"2025.04.22 16:30:00";"2025.04.22 16:30:00";"30.0";"-750.00";"18019.40039";"18069.40039";"56942.72";"0.00";"OOS1";"SL";"0s";"-0.00"
"541";"USTEC_ICM_UTC2";"Buy";"18784.4";"18759.4";"2025.04.23 20:45:00";"2025.04.23 20:45:00";"30.0";"-750.00";"18759.40039";"18809.40039";"56192.72";"0.00";"OOS1";"SL";"0s";"-0.00"
"542";"USTEC_ICM_UTC2";"Buy";"18759.3";"18784.3";"2025.04.24 16:30:00";"2025.04.24 16:37:00";"30.0";"750.00";"18734.30078";"18784.30078";"56942.72";"0.00";"OOS1";"PT";"7m 0s";"-0.00"
"543";"USTEC_ICM_UTC2";"Buy";"19402.3";"19427.3";"2025.04.25 20:15:00";"2025.04.25 20:24:00";"30.0";"750.00";"19377.30078";"19427.30078";"57692.72";"0.00";"OOS1";"PT";"9m 0s";"-0.00"
"544";"USTEC_ICM_UTC2";"Buy";"19491.8";"19466.8";"2025.04.28 16:45:00";"2025.04.28 16:49:00";"30.0";"-750.00";"19466.80078";"19516.80078";"56942.72";"0.00";"OOS1";"SL";"4m 0s";"-0.00"
"545";"USTEC_ICM_UTC2";"Buy";"19476.5";"19451.5";"2025.04.29 19:45:00";"2025.04.29 19:46:00";"30.0";"-750.00";"19451.50000";"19501.50000";"56192.72";"0.00";"OOS1";"SL";"1m 0s";"-0.00"
"546";"USTEC_ICM_UTC2";"Buy";"19421.6";"19446.6";"2025.04.30 21:15:00";"2025.04.30 21:15:00";"30.0";"750.00";"19396.59961";"19446.59961";"56942.72";"0.00";"OOS1";"PT";"0s";"-0.00"
"547";"USTEC_ICM_UTC2";"Buy";"19911.1";"19886.1";"2025.05.01 20:15:00";"2025.05.01 20:40:00";"30.0";"-750.00";"19886.09961";"19936.09961";"56192.72";"0.00";"OOS1";"SL";"25m 0s";"-0.00"
"548";"USTEC_ICM_UTC2";"Buy";"20047.1";"20072.1";"2025.05.02 18:30:00";"2025.05.02 18:38:00";"30.0";"750.00";"20022.09961";"20072.09961";"56942.72";"0.00";"OOS1";"PT";"8m 0s";"-0.00"
"549";"USTEC_ICM_UTC2";"Buy";"20009.1";"19984.1";"2025.05.05 18:30:00";"2025.05.05 18:38:00";"30.0";"-750.00";"19984.09961";"20034.09961";"56192.72";"0.00";"OOS1";"SL";"8m 0s";"-0.00"
"550";"USTEC_ICM_UTC2";"Buy";"19918.9";"19893.9";"2025.05.06 19:15:00";"2025.05.06 19:15:00";"30.0";"-750.00";"19893.90039";"19943.90039";"55442.72";"0.00";"OOS1";"SL";"0s";"-0.00"
"551";"USTEC_ICM_UTC2";"Buy";"19760.2";"19735.2";"2025.05.07 18:00:00";"2025.05.07 18:01:00";"30.0";"-750.00";"19735.19922";"19785.19922";"54692.72";"0.00";"OOS1";"SL";"1m 0s";"-0.00"
"552";"USTEC_ICM_UTC2";"Buy";"20081.9";"20056.9";"2025.05.08 16:30:00";"2025.05.08 16:32:00";"30.0";"-750.00";"20056.90039";"20106.90039";"53942.72";"0.00";"OOS1";"SL";"2m 0s";"-0.00"
"553";"USTEC_ICM_UTC2";"Buy";"20149.2";"20174.2";"2025.05.09 16:45:00";"2025.05.09 16:58:00";"30.0";"750.00";"20124.19922";"20174.19922";"54692.72";"0.00";"OOS1";"PT";"13m 0s";"-0.00"
"554";"USTEC_ICM_UTC2";"Buy";"20708.8";"20683.8";"2025.05.12 18:15:00";"2025.05.12 18:22:00";"30.0";"-750.00";"20683.80078";"20733.80078";"53942.72";"0.00";"OOS1";"SL";"7m 0s";"-0.00"
"555";"USTEC_ICM_UTC2";"Buy";"20923.4";"20898.4";"2025.05.13 16:30:00";"2025.05.13 16:30:00";"30.0";"-750.00";"20898.40039";"20948.40039";"53192.72";"0.00";"OOS1";"SL";"0s";"-0.00"
"556";"USTEC_ICM_UTC2";"Buy";"21309.3";"21334.3";"2025.05.14 19:15:00";"2025.05.14 19:33:00";"30.0";"750.00";"21284.30078";"21334.30078";"53942.72";"0.00";"OOS1";"PT";"18m 0s";"-0.00"
"557";"USTEC_ICM_UTC2";"Buy";"21354.8";"21379.8";"2025.05.15 19:15:00";"2025.05.15 19:38:00";"30.0";"750.00";"21329.80078";"21379.80078";"54692.72";"0.00";"OOS1";"PT";"23m 0s";"-0.00"
"558";"USTEC_ICM_UTC2";"Buy";"21348.7";"21373.7";"2025.05.16 20:00:00";"2025.05.16 20:16:00";"30.0";"750.00";"21323.69922";"21373.69922";"55442.72";"0.00";"OOS1";"PT";"16m 0s";"-0.00"
"559";"USTEC_ICM_UTC2";"Buy";"21371.8";"21346.8";"2025.05.19 18:45:00";"2025.05.19 18:49:00";"30.0";"-750.00";"21346.80078";"21396.80078";"54692.72";"0.00";"OOS1";"SL";"4m 0s";"-0.00"
"560";"USTEC_ICM_UTC2";"Buy";"21395.8";"21370.8";"2025.05.20 20:15:00";"2025.05.20 20:23:00";"30.0";"-750.00";"21370.80078";"21420.80078";"53942.72";"0.00";"OOS1";"SL";"8m 0s";"-0.00"
"561";"USTEC_ICM_UTC2";"Buy";"21293.4";"21318.4";"2025.05.21 16:45:00";"2025.05.21 16:51:00";"30.0";"750.00";"21268.40039";"21318.40039";"54692.72";"0.00";"OOS1";"PT";"6m 0s";"-0.00"
"562";"USTEC_ICM_UTC2";"Buy";"21137.6";"21162.6";"2025.05.22 18:30:00";"2025.05.22 18:30:00";"30.0";"750.00";"21112.59961";"21162.59961";"55442.72";"0.00";"OOS1";"PT";"0s";"-0.00"
"563";"USTEC_ICM_UTC2";"Buy";"20995.2";"21020.2";"2025.05.23 21:00:00";"2025.05.23 21:06:00";"30.0";"750.00";"20970.19922";"21020.19922";"56192.72";"0.00";"OOS1";"PT";"6m 0s";"-0.00"
"564";"USTEC_ICM_UTC2";"Buy";"21213.8";"21188.8";"2025.05.26 17:30:00";"2025.05.26 17:30:00";"30.0";"-750.00";"21188.80078";"21238.80078";"55442.72";"0.00";"OOS1";"SL";"0s";"-0.00"
"565";"USTEC_ICM_UTC2";"Buy";"21301.3";"21326.3";"2025.05.27 18:00:00";"2025.05.27 18:19:00";"30.0";"750.00";"21276.30078";"21326.30078";"56192.72";"0.00";"OOS1";"PT";"19m 0s";"-0.00"
"566";"USTEC_ICM_UTC2";"Buy";"21412.9";"21437.9";"2025.05.28 20:00:00";"2025.05.28 21:10:00";"30.0";"750.00";"21387.90039";"21437.90039";"56942.72";"0.00";"OOS1";"PT";"1h 10m";"-0.00"
"567";"USTEC_ICM_UTC2";"Buy";"21357.7";"21332.7";"2025.05.29 20:45:00";"2025.05.29 20:49:00";"30.0";"-750.00";"21332.69922";"21382.69922";"56192.72";"0.00";"OOS1";"SL";"4m 0s";"-0.00"
"568";"USTEC_ICM_UTC2";"Buy";"21309.7";"21284.7";"2025.05.30 18:00:00";"2025.05.30 18:17:00";"30.0";"-750.00";"21284.69922";"21334.69922";"55442.72";"0.00";"OOS1";"SL";"17m 0s";"-0.00"
"569";"USTEC_ICM_UTC2";"Buy";"21355.7";"21380.7";"2025.06.02 18:45:00";"2025.06.02 18:50:00";"30.0";"750.00";"21330.69922";"21380.69922";"56192.72";"0.00";"OOS1";"PT";"5m 0s";"-0.00"
"570";"USTEC_ICM_UTC2";"Buy";"21507.7";"21532.7";"2025.06.03 16:30:00";"2025.06.03 16:30:00";"30.0";"750.00";"21482.69922";"21532.69922";"56942.72";"0.00";"OOS1";"PT";"0s";"-0.00"
"571";"USTEC_ICM_UTC2";"Buy";"21703.5";"21678.5";"2025.06.04 18:45:00";"2025.06.04 19:13:00";"30.0";"-750.00";"21678.50000";"21728.50000";"56192.72";"0.00";"OOS1";"SL";"28m 0s";"-0.00"
"572";"USTEC_ICM_UTC2";"Buy";"21883.8";"21858.8";"2025.06.05 19:00:00";"2025.06.05 19:08:00";"30.0";"-750.00";"21858.80078";"21908.80078";"55442.72";"0.00";"OOS1";"SL";"8m 0s";"-0.00"
"573";"USTEC_ICM_UTC2";"Buy";"21810.8";"21785.8";"2025.06.06 18:15:00";"2025.06.06 18:17:00";"30.0";"-750.00";"21785.80078";"21835.80078";"54692.72";"0.00";"OOS1";"SL";"2m 0s";"-0.00"
"574";"USTEC_ICM_UTC2";"Buy";"21767.9";"21792.9";"2025.06.09 16:45:00";"2025.06.09 17:09:00";"30.0";"750.00";"21742.90039";"21792.90039";"55442.72";"0.00";"OOS1";"PT";"24m 0s";"-0.00"
"575";"USTEC_ICM_UTC2";"Buy";"21810.5";"21835.5";"2025.06.10 16:30:00";"2025.06.10 16:30:00";"30.0";"750.00";"21785.50000";"21835.50000";"56192.72";"0.00";"OOS1";"PT";"0s";"-0.00"
"576";"USTEC_ICM_UTC2";"Buy";"21951.5";"21926.5";"2025.06.11 16:45:00";"2025.06.11 16:46:00";"30.0";"-750.00";"21926.50000";"21976.50000";"55442.72";"0.00";"OOS1";"SL";"1m 0s";"-0.00"
"577";"USTEC_ICM_UTC2";"Buy";"21859.0";"21834.0";"2025.06.12 16:45:00";"2025.06.12 16:55:00";"30.0";"-750.00";"21834.00000";"21884.00000";"54692.72";"0.00";"OOS1";"SL";"10m 0s";"-0.00"
"578";"USTEC_ICM_UTC2";"Buy";"21663.7";"21688.7";"2025.06.13 16:30:00";"2025.06.13 16:30:00";"30.0";"750.00";"21638.69922";"21688.69922";"55442.72";"0.00";"OOS1";"PT";"0s";"-0.00"
"579";"USTEC_ICM_UTC2";"Buy";"21960.2";"21935.2";"2025.06.16 17:45:00";"2025.06.16 17:58:00";"30.0";"-750.00";"21935.19922";"21985.19922";"54692.72";"0.00";"OOS1";"SL";"13m 0s";"-0.00"
"580";"USTEC_ICM_UTC2";"Buy";"21827.4";"21852.4";"2025.06.17 16:30:00";"2025.06.17 16:30:00";"30.0";"750.00";"21802.40039";"21852.40039";"55442.72";"0.00";"OOS1";"PT";"0s";"-0.00"
"581";"USTEC_ICM_UTC2";"Buy";"21750.0";"21775.0";"2025.06.18 16:45:00";"2025.06.18 16:49:00";"30.0";"750.00";"21725.00000";"21775.00000";"56192.72";"0.00";"OOS1";"PT";"4m 0s";"-0.00"
"582";"USTEC_ICM_UTC2";"Buy";"21454.2";"21479.2";"2025.06.19 19:00:00";"2025.06.19 19:05:00";"30.0";"750.00";"21429.19922";"21479.19922";"56942.72";"0.00";"OOS1";"PT";"5m 0s";"-0.00"
"583";"USTEC_ICM_UTC2";"Buy";"21852.6";"21827.6";"2025.06.20 16:30:00";"2025.06.20 16:30:00";"30.0";"-750.00";"21827.59961";"21877.59961";"56192.72";"0.00";"OOS1";"SL";"0s";"-0.00"
"584";"USTEC_ICM_UTC2";"Buy";"21712.6";"21687.6";"2025.06.23 19:15:00";"2025.06.23 19:21:00";"30.0";"-750.00";"21687.59961";"21737.59961";"55442.72";"0.00";"OOS1";"SL";"6m 0s";"-0.00"
"585";"USTEC_ICM_UTC2";"Buy";"22093.2";"22068.2";"2025.06.24 16:45:00";"2025.06.24 16:52:00";"30.0";"-750.00";"22068.19922";"22118.19922";"54692.72";"0.00";"OOS1";"SL";"7m 0s";"-0.00"
"586";"USTEC_ICM_UTC2";"Buy";"22278.4";"22303.4";"2025.06.25 16:30:00";"2025.06.25 16:30:00";"30.0";"750.00";"22253.40039";"22303.40039";"55442.72";"0.00";"OOS1";"PT";"0s";"-0.00"
"587";"USTEC_ICM_UTC2";"Buy";"22380.0";"22405.0";"2025.06.26 19:45:00";"2025.06.26 20:11:00";"30.0";"750.00";"22355.00000";"22405.00000";"56192.72";"0.00";"OOS1";"PT";"26m 0s";"-0.00"
"588";"USTEC_ICM_UTC2";"Buy";"22586.0";"22561.0";"2025.06.27 19:15:00";"2025.06.27 19:43:00";"30.0";"-750.00";"22561.00000";"22611.00000";"55442.72";"0.00";"OOS1";"SL";"28m 0s";"-0.00"
"589";"USTEC_ICM_UTC2";"Buy";"22620.2";"22595.2";"2025.06.30 20:30:00";"2025.06.30 20:57:00";"30.0";"-750.00";"22595.19922";"22645.19922";"54692.72";"0.00";"OOS1";"SL";"27m 0s";"-0.00"
"590";"USTEC_ICM_UTC2";"Buy";"22520.3";"22545.3";"2025.07.01 20:45:00";"2025.07.01 20:53:00";"30.0";"750.00";"22495.30078";"22545.30078";"55442.72";"0.00";"OOS1";"PT";"8m 0s";"-0.00"
"591";"USTEC_ICM_UTC2";"Buy";"22616.2";"22641.2";"2025.07.02 19:00:00";"2025.07.02 22:57:00";"30.0";"750.00";"22591.19922";"22641.19922";"56192.72";"0.00";"OOS1";"PT";"3h 57m";"-0.00"
"592";"USTEC_ICM_UTC2";"Buy";"22895.4";"22870.4";"2025.07.03 18:45:00";"2025.07.03 19:29:00";"30.0";"-750.00";"22870.40039";"22920.40039";"55442.72";"0.00";"OOS1";"SL";"44m 0s";"-0.00"
"593";"USTEC_ICM_UTC2";"Buy";"22723.6";"22698.6";"2025.07.04 16:30:00";"2025.07.04 16:36:00";"30.0";"-750.00";"22698.59961";"22748.59961";"54692.72";"0.00";"OOS1";"SL";"6m 0s";"-0.00"
"594";"USTEC_ICM_UTC2";"Buy";"22751.5";"22776.5";"2025.07.07 16:30:00";"2025.07.07 16:30:00";"30.0";"750.00";"22726.50000";"22776.50000";"55442.72";"0.00";"OOS1";"PT";"0s";"-0.00"
"595";"USTEC_ICM_UTC2";"Buy";"22711.8";"22686.8";"2025.07.08 16:45:00";"2025.07.08 17:00:00";"30.0";"-750.00";"22686.80078";"22736.80078";"54692.72";"0.00";"OOS1";"SL";"15m 0s";"-0.00"
"596";"USTEC_ICM_UTC2";"Buy";"22784.4";"22809.4";"2025.07.09 20:15:00";"2025.07.09 21:05:00";"30.0";"750.00";"22759.40039";"22809.40039";"55442.72";"0.00";"OOS1";"PT";"50m 0s";"-0.00"
"597";"USTEC_ICM_UTC2";"Buy";"22809.7";"22834.7";"2025.07.10 20:15:00";"2025.07.10 20:32:00";"30.0";"750.00";"22784.69922";"22834.69922";"56192.72";"0.00";"OOS1";"PT";"17m 0s";"-0.00"
"598";"USTEC_ICM_UTC2";"Buy";"22823.8";"22798.8";"2025.07.11 20:00:00";"2025.07.11 20:38:00";"30.0";"-750.00";"22798.80078";"22848.80078";"55442.72";"0.00";"OOS1";"SL";"38m 0s";"-0.00"
"599";"USTEC_ICM_UTC2";"Buy";"22827.4";"22852.4";"2025.07.14 18:45:00";"2025.07.14 19:52:00";"30.0";"750.00";"22802.40039";"22852.40039";"56192.72";"0.00";"OOS1";"PT";"1h 7m";"-0.00"
"600";"USTEC_ICM_UTC2";"Buy";"22975.8";"22950.8";"2025.07.15 21:45:00";"2025.07.15 21:52:00";"30.0";"-750.00";"22950.80078";"23000.80078";"55442.72";"0.00";"OOS1";"SL";"7m 0s";"-0.00"
"601";"USTEC_ICM_UTC2";"Buy";"22900.4";"22875.4";"2025.07.16 16:30:00";"2025.07.16 16:31:00";"30.0";"-750.00";"22875.40039";"22925.40039";"54692.72";"0.00";"OOS1";"SL";"1m 0s";"-0.00"
"602";"USTEC_ICM_UTC2";"Buy";"23069.2";"23094.2";"2025.07.17 18:45:00";"2025.07.17 19:23:00";"30.0";"750.00";"23044.19922";"23094.19922";"55442.72";"0.00";"OOS1";"PT";"38m 0s";"-0.00"
"603";"USTEC_ICM_UTC2";"Buy";"23041.9";"23066.9";"2025.07.18 21:00:00";"2025.07.18 22:20:00";"30.0";"750.00";"23016.90039";"23066.90039";"56192.72";"0.00";"OOS1";"PT";"1h 20m";"-0.00"
"604";"USTEC_ICM_UTC2";"Buy";"23239.6";"23214.6";"2025.07.21 18:45:00";"2025.07.21 19:00:00";"30.0";"-750.00";"23214.59961";"23264.59961";"55442.72";"0.00";"OOS1";"SL";"15m 0s";"-0.00"
"605";"USTEC_ICM_UTC2";"Buy";"23064.1";"23039.1";"2025.07.22 21:15:00";"2025.07.22 21:17:00";"30.0";"-750.00";"23039.09961";"23089.09961";"54692.72";"0.00";"OOS1";"SL";"2m 0s";"-0.00"
"606";"USTEC_ICM_UTC2";"Buy";"23083.0";"23108.0";"2025.07.23 20:30:00";"2025.07.23 20:43:00";"30.0";"750.00";"23058.00000";"23108.00000";"55442.72";"0.00";"OOS1";"PT";"13m 0s";"-0.00"
"607";"USTEC_ICM_UTC2";"Buy";"23223.9";"23198.9";"2025.07.24 16:30:00";"2025.07.24 16:32:00";"30.0";"-750.00";"23198.90039";"23248.90039";"54692.72";"0.00";"OOS1";"SL";"2m 0s";"-0.00"
"608";"USTEC_ICM_UTC2";"Buy";"23277.2";"23302.2";"2025.07.25 18:30:00";"2025.07.25 19:13:00";"30.0";"750.00";"23252.19922";"23302.19922";"55442.72";"0.00";"OOS1";"PT";"43m 0s";"-0.00"
"609";"USTEC_ICM_UTC2";"Buy";"23340.6";"23365.6";"2025.07.28 18:30:00";"2025.07.28 19:22:00";"30.0";"750.00";"23315.59961";"23365.59961";"56192.72";"0.00";"OOS1";"PT";"52m 0s";"-0.00"
"610";"USTEC_ICM_UTC2";"Buy";"23336.9";"23361.9";"2025.07.29 20:45:00";"2025.07.29 21:40:00";"30.0";"750.00";"23311.90039";"23361.90039";"56942.72";"0.00";"OOS1";"PT";"55m 0s";"-0.00"
"611";"USTEC_ICM_UTC2";"Buy";"23399.2";"23424.2";"2025.07.30 19:30:00";"2025.07.30 21:31:00";"30.0";"750.00";"23374.19922";"23424.19922";"57692.72";"0.00";"OOS1";"PT";"2h 1m";"-0.00"
"612";"USTEC_ICM_UTC2";"Buy";"23612.4";"23587.4";"2025.07.31 16:30:00";"2025.07.31 16:30:00";"30.0";"-750.00";"23587.40039";"23637.40039";"56942.72";"0.00";"OOS1";"SL";"0s";"-0.00"
"613";"USTEC_ICM_UTC2";"Buy";"22840.3";"22815.3";"2025.08.01 19:45:00";"2025.08.01 19:50:00";"30.0";"-750.00";"22815.30078";"22865.30078";"56192.72";"0.00";"OOS1";"SL";"5m 0s";"-0.00"
"614";"USTEC_ICM_UTC2";"Buy";"22977.6";"23002.6";"2025.08.04 16:30:00";"2025.08.04 16:33:00";"30.0";"750.00";"22952.59961";"23002.59961";"56942.72";"0.00";"OOS1";"PT";"3m 0s";"-0.00"
"615";"USTEC_ICM_UTC2";"Buy";"23068.0";"23043.0";"2025.08.05 21:30:00";"2025.08.05 21:30:00";"30.0";"-750.00";"23043.00000";"23093.00000";"56192.72";"0.00";"OOS1";"SL";"0s";"-0.00"
"616";"USTEC_ICM_UTC2";"Buy";"23257.1";"23282.1";"2025.08.06 19:30:00";"2025.08.06 20:42:00";"30.0";"750.00";"23232.09961";"23282.09961";"56942.72";"0.00";"OOS1";"PT";"1h 12m";"-0.00"
"617";"USTEC_ICM_UTC2";"Buy";"23290.6";"23315.6";"2025.08.07 22:30:00";"2025.08.07 22:31:00";"30.0";"750.00";"23265.59961";"23315.59961";"57692.72";"0.00";"OOS1";"PT";"1m 0s";"-0.00"
"618";"USTEC_ICM_UTC2";"Buy";"23517.7";"23542.7";"2025.08.08 18:45:00";"2025.08.08 18:48:00";"30.0";"750.00";"23492.69922";"23542.69922";"58442.72";"0.00";"OOS1";"PT";"3m 0s";"-0.00"
"619";"USTEC_ICM_UTC2";"Buy";"23627.1";"23652.1";"2025.08.11 18:45:00";"2025.08.11 18:52:00";"30.0";"750.00";"23602.09961";"23652.09961";"59192.72";"0.00";"OOS1";"PT";"7m 0s";"-0.00"
"620";"USTEC_ICM_UTC2";"Buy";"23646.0";"23671.0";"2025.08.12 16:45:00";"2025.08.12 16:46:00";"30.0";"750.00";"23621.00000";"23671.00000";"59942.72";"0.00";"OOS1";"PT";"1m 0s";"-0.00"
"621";"USTEC_ICM_UTC2";"Buy";"23818.3";"23843.3";"2025.08.13 22:45:00";"2025.08.13 22:52:00";"30.0";"750.00";"23793.30078";"23843.30078";"60692.72";"0.00";"OOS1";"PT";"7m 0s";"-0.00"
"622";"USTEC_ICM_UTC2";"Buy";"23821.7";"23846.7";"2025.08.14 21:45:00";"2025.08.14 22:21:00";"30.0";"750.00";"23796.69922";"23846.69922";"61442.72";"0.00";"OOS1";"PT";"36m 0s";"-0.00"
"623";"USTEC_ICM_UTC2";"Buy";"23820.6";"23795.6";"2025.08.15 16:30:00";"2025.08.15 16:30:00";"30.0";"-750.00";"23795.59961";"23845.59961";"60692.72";"0.00";"OOS1";"SL";"0s";"-0.00"
"624";"USTEC_ICM_UTC2";"Buy";"23673.8";"23698.8";"2025.08.18 20:15:00";"2025.08.18 20:31:00";"30.0";"750.00";"23648.80078";"23698.80078";"61442.72";"0.00";"OOS1";"PT";"16m 0s";"-0.00"
"625";"USTEC_ICM_UTC2";"Buy";"23678.3";"23653.3";"2025.08.19 16:30:00";"2025.08.19 16:31:00";"30.0";"-750.00";"23653.30078";"23703.30078";"60692.72";"0.00";"OOS1";"SL";"1m 0s";"-0.00"
"626";"USTEC_ICM_UTC2";"Buy";"23179.0";"23204.0";"2025.08.20 21:45:00";"2025.08.20 22:08:00";"30.0";"750.00";"23154.00000";"23204.00000";"61442.72";"0.00";"OOS1";"PT";"23m 0s";"-0.00"
"627";"USTEC_ICM_UTC2";"Buy";"23105.5";"23130.5";"2025.08.21 19:30:00";"2025.08.21 19:52:00";"30.0";"750.00";"23080.50000";"23130.50000";"62192.72";"0.00";"OOS1";"PT";"22m 0s";"-0.00"
"628";"USTEC_ICM_UTC2";"Buy";"23560.9";"23535.9";"2025.08.22 20:15:00";"2025.08.22 20:17:00";"30.0";"-750.00";"23535.90039";"23585.90039";"61442.72";"0.00";"OOS1";"SL";"2m 0s";"-0.00"
"629";"USTEC_ICM_UTC2";"Buy";"23526.2";"23501.2";"2025.08.25 18:45:00";"2025.08.25 20:40:00";"30.0";"-750.00";"23501.19922";"23551.19922";"60692.72";"0.00";"OOS1";"SL";"1h 55m";"-0.00"
"630";"USTEC_ICM_UTC2";"Buy";"23433.7";"23408.7";"2025.08.26 16:45:00";"2025.08.26 16:45:00";"30.0";"-750.00";"23408.69922";"23458.69922";"59942.72";"0.00";"OOS1";"SL";"0s";"-0.00"
"631";"USTEC_ICM_UTC2";"Buy";"23555.2";"23580.2";"2025.08.27 20:45:00";"2025.08.27 21:14:00";"30.0";"750.00";"23530.19922";"23580.19922";"60692.72";"0.00";"OOS1";"PT";"29m 0s";"-0.00"
"632";"USTEC_ICM_UTC2";"Buy";"23666.8";"23691.8";"2025.08.28 19:15:00";"2025.08.28 19:28:00";"30.0";"750.00";"23641.80078";"23691.80078";"61442.72";"0.00";"OOS1";"PT";"13m 0s";"-0.00"
"633";"USTEC_ICM_UTC2";"Buy";"23600.5";"23575.5";"2025.08.29 16:30:00";"2025.08.29 16:36:00";"30.0";"-750.00";"23575.50000";"23625.50000";"60692.72";"0.00";"OOS1";"SL";"6m 0s";"-0.00"
"634";"USTEC_ICM_UTC2";"Buy";"23434.8";"23460.0";"2025.09.01 16:45:00";"2025.09.02 01:00:00";"30.0";"571.98";"23409.80078";"23459.80078";"61264.70";"0.00";"OOS1";"PT";"8h 15m";"-183.12"
"635";"USTEC_ICM_UTC2";"Buy";"23135.7";"23160.7";"2025.09.02 21:15:00";"2025.09.02 21:50:00";"30.0";"750.00";"23110.69922";"23160.69922";"62014.70";"0.00";"OOS1";"PT";"35m 0s";"-0.00"
"636";"USTEC_ICM_UTC2";"Buy";"23448.6";"23423.6";"2025.09.03 18:15:00";"2025.09.03 18:22:00";"30.0";"-750.00";"23423.59961";"23473.59961";"61264.70";"0.00";"OOS1";"SL";"7m 0s";"-0.00"
"637";"USTEC_ICM_UTC2";"Buy";"23541.9";"23566.9";"2025.09.04 21:00:00";"2025.09.04 21:33:00";"30.0";"750.00";"23516.90039";"23566.90039";"62014.70";"0.00";"OOS1";"PT";"33m 0s";"-0.00"
"638";"USTEC_ICM_UTC2";"Buy";"23578.1";"23603.1";"2025.09.05 20:45:00";"2025.09.05 21:16:00";"30.0";"750.00";"23553.09961";"23603.09961";"62764.70";"0.00";"OOS1";"PT";"31m 0s";"-0.00"
"639";"USTEC_ICM_UTC2";"Buy";"23778.3";"23753.3";"2025.09.08 19:45:00";"2025.09.08 20:05:00";"30.0";"-750.00";"23753.30078";"23803.30078";"62014.70";"0.00";"OOS1";"SL";"20m 0s";"-0.00"
"640";"USTEC_ICM_UTC2";"Buy";"23789.6";"23814.6";"2025.09.09 20:00:00";"2025.09.09 20:10:00";"30.0";"750.00";"23764.59961";"23814.59961";"62764.70";"0.00";"OOS1";"PT";"10m 0s";"-0.00"
"641";"USTEC_ICM_UTC2";"Buy";"23913.9";"23888.9";"2025.09.10 18:30:00";"2025.09.10 19:19:00";"30.0";"-750.00";"23888.90039";"23938.90039";"62014.70";"0.00";"OOS1";"SL";"49m 0s";"-0.00"
"642";"USTEC_ICM_UTC2";"Buy";"23986.5";"24011.5";"2025.09.11 19:45:00";"2025.09.11 21:50:00";"30.0";"750.00";"23961.50000";"24011.50000";"62764.70";"0.00";"OOS1";"PT";"2h 5m";"-0.00"
"643";"USTEC_ICM_UTC2";"Buy";"24011.8";"24036.8";"2025.09.12 16:45:00";"2025.09.12 17:10:00";"30.0";"750.00";"23986.80078";"24036.80078";"63514.70";"0.00";"OOS1";"PT";"25m 0s";"-0.00"
"644";"USTEC_ICM_UTC2";"Buy";"24161.8";"24186.8";"2025.09.15 16:30:00";"2025.09.15 16:32:00";"30.0";"750.00";"24136.80078";"24186.80078";"64264.70";"0.00";"OOS1";"PT";"2m 0s";"-0.00"
"645";"USTEC_ICM_UTC2";"Buy";"24276.6";"24301.6";"2025.09.16 20:45:00";"2025.09.16 22:06:00";"30.0";"750.00";"24251.59961";"24301.59961";"65014.70";"0.00";"OOS1";"PT";"1h 21m";"-0.00"
"646";"USTEC_ICM_UTC2";"Buy";"24273.2";"24248.2";"2025.09.17 16:30:00";"2025.09.17 16:34:00";"30.0";"-750.00";"24248.19922";"24298.19922";"64264.70";"0.00";"OOS1";"SL";"4m 0s";"-0.00"
"647";"USTEC_ICM_UTC2";"Buy";"24376.6";"24351.6";"2025.09.18 16:45:00";"2025.09.18 16:46:00";"30.0";"-750.00";"24351.59961";"24401.59961";"63514.70";"0.00";"OOS1";"SL";"1m 0s";"-0.00"
"648";"USTEC_ICM_UTC2";"Buy";"24574.6";"24549.6";"2025.09.19 20:00:00";"2025.09.19 20:27:00";"30.0";"-750.00";"24549.59961";"24599.59961";"62764.70";"0.00";"OOS1";"SL";"27m 0s";"-0.00"
"649";"USTEC_ICM_UTC2";"Buy";"24666.1";"24691.1";"2025.09.22 18:15:00";"2025.09.22 19:09:00";"30.0";"750.00";"24641.09961";"24691.09961";"63514.70";"0.00";"OOS1";"PT";"54m 0s";"-0.00"
"650";"USTEC_ICM_UTC2";"Buy";"24760.6";"24735.6";"2025.09.23 16:30:00";"2025.09.23 16:36:00";"30.0";"-750.00";"24735.59961";"24785.59961";"62764.70";"0.00";"OOS1";"SL";"6m 0s";"-0.00"
"651";"USTEC_ICM_UTC2";"Buy";"24463.3";"24488.3";"2025.09.24 21:15:00";"2025.09.24 21:53:00";"30.0";"750.00";"24438.30078";"24488.30078";"63514.70";"0.00";"OOS1";"PT";"38m 0s";"-0.00"
"652";"USTEC_ICM_UTC2";"Buy";"24431.1";"24406.1";"2025.09.25 19:15:00";"2025.09.25 19:23:00";"30.0";"-750.00";"24406.09961";"24456.09961";"62764.70";"0.00";"OOS1";"SL";"8m 0s";"-0.00"
"653";"USTEC_ICM_UTC2";"Buy";"24376.7";"24401.7";"2025.09.26 19:15:00";"2025.09.26 19:20:00";"30.0";"750.00";"24351.69922";"24401.69922";"63514.70";"0.00";"OOS1";"PT";"5m 0s";"-0.00"
"654";"USTEC_ICM_UTC2";"Buy";"24612.4";"24587.4";"2025.09.29 20:00:00";"2025.09.29 20:03:00";"30.0";"-750.00";"24587.40039";"24637.40039";"62764.70";"0.00";"OOS1";"SL";"3m 0s";"-0.00"
"655";"USTEC_ICM_UTC2";"Buy";"24576.1";"24551.1";"2025.09.30 16:45:00";"2025.09.30 16:49:00";"30.0";"-750.00";"24551.09961";"24601.09961";"62014.70";"0.00";"OOS1";"SL";"4m 0s";"-0.00"
"656";"USTEC_ICM_UTC2";"Buy";"24683.1";"24658.1";"2025.10.01 18:15:00";"2025.10.01 18:20:00";"30.0";"-750.00";"24658.09961";"24708.09961";"61264.70";"0.00";"OOS1";"SL";"5m 0s";"-0.00"
"657";"USTEC_ICM_UTC2";"Buy";"24834.5";"24809.5";"2025.10.02 16:45:00";"2025.10.02 16:50:00";"30.0";"-750.00";"24809.50000";"24859.50000";"60514.70";"0.00";"OOS1";"SL";"5m 0s";"-0.00"
"658";"USTEC_ICM_UTC2";"Buy";"24872.1";"24847.1";"2025.10.03 20:15:00";"2025.10.03 20:18:00";"30.0";"-750.00";"24847.09961";"24897.09961";"59764.70";"0.00";"OOS1";"SL";"3m 0s";"-0.00"
"659";"USTEC_ICM_UTC2";"Buy";"24971.1";"24996.1";"2025.10.06 18:45:00";"2025.10.06 18:50:00";"30.0";"750.00";"24946.09961";"24996.09961";"60514.70";"0.00";"OOS1";"PT";"5m 0s";"-0.00"
"660";"USTEC_ICM_UTC2";"Buy";"25039.3";"25014.3";"2025.10.07 16:45:00";"2025.10.07 17:03:00";"30.0";"-750.00";"25014.30078";"25064.30078";"59764.70";"0.00";"OOS1";"SL";"18m 0s";"-0.00"
"661";"USTEC_ICM_UTC2";"Buy";"25051.9";"25076.9";"2025.10.08 19:00:00";"2025.10.08 20:48:00";"30.0";"750.00";"25026.90039";"25076.90039";"60514.70";"0.00";"OOS1";"PT";"1h 48m";"-0.00"
"662";"USTEC_ICM_UTC2";"Buy";"24650.1";"24625.1";"2025.10.13 17:30:00";"2025.10.13 17:30:00";"30.0";"-750.00";"24625.09961";"24675.09961";"59764.70";"0.00";"OOS1";"SL";"0s";"-0.00"
"663";"USTEC_ICM_UTC2";"Buy";"24276.8";"24251.8";"2025.10.14 16:45:00";"2025.10.14 16:45:00";"30.0";"-750.00";"24251.80078";"24301.80078";"59014.70";"0.00";"OOS1";"SL";"0s";"-0.00"
"664";"USTEC_ICM_UTC2";"Buy";"24828.9";"24803.9";"2025.10.15 16:30:00";"2025.10.15 16:30:00";"30.0";"-750.00";"24803.90039";"24853.90039";"58264.70";"0.00";"OOS1";"SL";"0s";"-0.00"
"665";"USTEC_ICM_UTC2";"Buy";"24874.3";"24899.3";"2025.10.16 16:30:00";"2025.10.16 16:30:00";"30.0";"750.00";"24849.30078";"24899.30078";"59014.70";"0.00";"OOS1";"PT";"0s";"-0.00"
"666";"USTEC_ICM_UTC2";"Buy";"24573.0";"24598.0";"2025.10.17 16:30:00";"2025.10.17 16:30:00";"30.0";"750.00";"24548.00000";"24598.00000";"59764.70";"0.00";"OOS1";"PT";"0s";"-0.00"
"667";"USTEC_ICM_UTC2";"Buy";"25025.8";"25050.8";"2025.10.20 16:45:00";"2025.10.20 16:48:00";"30.0";"750.00";"25000.80078";"25050.80078";"60514.70";"0.00";"OOS1";"PT";"3m 0s";"-0.00"
"668";"USTEC_ICM_UTC2";"Buy";"25122.3";"25097.3";"2025.10.21 20:00:00";"2025.10.21 20:01:00";"30.0";"-750.00";"25097.30078";"25147.30078";"59764.70";"0.00";"OOS1";"SL";"1m 0s";"-0.00"
"669";"USTEC_ICM_UTC2";"Buy";"25100.3";"25125.3";"2025.10.22 16:45:00";"2025.10.22 16:54:00";"30.0";"750.00";"25075.30078";"25125.30078";"60514.70";"0.00";"OOS1";"PT";"9m 0s";"-0.00"
"670";"USTEC_ICM_UTC2";"Buy";"25025.6";"25000.6";"2025.10.23 18:30:00";"2025.10.23 18:36:00";"30.0";"-750.00";"25000.59961";"25050.59961";"59764.70";"0.00";"OOS1";"SL";"6m 0s";"-0.00"
"671";"USTEC_ICM_UTC2";"Buy";"25391.2";"25416.2";"2025.10.24 19:15:00";"2025.10.24 20:47:00";"30.0";"750.00";"25366.19922";"25416.19922";"60514.70";"0.00";"OOS1";"PT";"1h 32m";"-0.00"
"672";"USTEC_ICM_UTC2";"Buy";"25761.9";"25786.9";"2025.10.27 18:15:00";"2025.10.27 20:19:00";"30.0";"750.00";"25736.90039";"25786.90039";"61264.70";"0.00";"OOS1";"PT";"2h 4m";"-0.00"
"673";"USTEC_ICM_UTC2";"Buy";"26000.4";"26025.4";"2025.10.28 19:45:00";"2025.10.28 20:16:00";"30.0";"750.00";"25975.40039";"26025.40039";"62014.70";"0.00";"OOS1";"PT";"31m 0s";"-0.00"
"674";"USTEC_ICM_UTC2";"Buy";"25858.0";"25833.0";"2025.10.30 17:45:00";"2025.10.30 17:47:00";"30.0";"-750.00";"25833.00000";"25883.00000";"61264.70";"0.00";"OOS1";"SL";"2m 0s";"-0.00"
"675";"USTEC_ICM_UTC2";"Buy";"25921.4";"25946.4";"2025.11.03 18:30:00";"2025.11.03 18:32:00";"30.0";"750.00";"25896.40039";"25946.40039";"62014.70";"0.00";"OOS1";"PT";"2m 0s";"-0.00"
"676";"USTEC_ICM_UTC2";"Buy";"25500.6";"25475.6";"2025.11.04 20:30:00";"2025.11.04 20:40:00";"30.0";"-750.00";"25475.59961";"25525.59961";"61264.70";"0.00";"OOS1";"SL";"10m 0s";"-0.00"
"677";"USTEC_ICM_UTC2";"Buy";"25420.1";"25445.1";"2025.11.05 16:30:00";"2025.11.05 16:30:00";"30.0";"750.00";"25395.09961";"25445.09961";"62014.70";"0.00";"OOS1";"PT";"0s";"-0.00"
"678";"USTEC_ICM_UTC2";"Buy";"25238.5";"25213.5";"2025.11.06 22:30:00";"2025.11.06 22:32:00";"30.0";"-750.00";"25213.50000";"25263.50000";"61264.70";"0.00";"OOS1";"SL";"2m 0s";"-0.00"
"679";"USTEC_ICM_UTC2";"Buy";"24951.3";"24976.3";"2025.11.07 22:30:00";"2025.11.07 22:30:00";"30.0";"750.00";"24926.30078";"24976.30078";"62014.70";"0.00";"OOS1";"PT";"0s";"-0.00"
"680";"USTEC_ICM_UTC2";"Buy";"25434.1";"25459.1";"2025.11.10 16:30:00";"2025.11.10 16:30:00";"30.0";"750.00";"25409.09961";"25459.09961";"62764.70";"0.00";"OOS1";"PT";"0s";"-0.00"
"681";"USTEC_ICM_UTC2";"Buy";"25548.5";"25573.5";"2025.11.11 21:45:00";"2025.11.11 22:13:00";"30.0";"750.00";"25523.50000";"25573.50000";"63514.70";"0.00";"OOS1";"PT";"28m 0s";"-0.00"
"682";"USTEC_ICM_UTC2";"Buy";"25675.8";"25650.8";"2025.11.12 16:30:00";"2025.11.12 16:30:00";"30.0";"-750.00";"25650.80078";"25700.80078";"62764.70";"0.00";"OOS1";"SL";"0s";"-0.00"
"683";"USTEC_ICM_UTC2";"Buy";"25158.0";"25133.0";"2025.11.14 19:00:00";"2025.11.14 19:00:00";"30.0";"-750.00";"25133.00000";"25183.00000";"62014.70";"0.00";"OOS1";"SL";"0s";"-0.00"
"684";"USTEC_ICM_UTC2";"Buy";"25061.3";"25036.3";"2025.11.17 19:30:00";"2025.11.17 19:37:00";"30.0";"-750.00";"25036.30078";"25086.30078";"61264.70";"0.00";"OOS1";"SL";"7m 0s";"-0.00"
"685";"USTEC_ICM_UTC2";"Buy";"24634.3";"24659.3";"2025.11.18 16:30:00";"2025.11.18 16:30:00";"30.0";"750.00";"24609.30078";"24659.30078";"62014.70";"0.00";"OOS1";"PT";"0s";"-0.00"
"686";"USTEC_ICM_UTC2";"Buy";"24663.8";"24688.8";"2025.11.19 16:45:00";"2025.11.19 16:49:00";"30.0";"750.00";"24638.80078";"24688.80078";"62764.70";"0.00";"OOS1";"PT";"4m 0s";"-0.00"
"687";"USTEC_ICM_UTC2";"Buy";"25125.7";"25150.7";"2025.11.20 16:30:00";"2025.11.20 16:30:00";"30.0";"750.00";"25100.69922";"25150.69922";"63514.70";"0.00";"OOS1";"PT";"0s";"-0.00"
"688";"USTEC_ICM_UTC2";"Buy";"24130.9";"24105.9";"2025.11.21 16:30:00";"2025.11.21 16:30:00";"30.0";"-750.00";"24105.90039";"24155.90039";"62764.70";"0.00";"OOS1";"SL";"0s";"-0.00"
"689";"USTEC_ICM_UTC2";"Buy";"24556.4";"24581.4";"2025.11.24 16:45:00";"2025.11.24 16:45:00";"30.0";"750.00";"24531.40039";"24581.40039";"63514.70";"0.00";"OOS1";"PT";"0s";"-0.00"
"690";"USTEC_ICM_UTC2";"Buy";"24661.9";"24636.9";"2025.11.25 16:45:00";"2025.11.25 16:45:00";"30.0";"-750.00";"24636.90039";"24686.90039";"62764.70";"0.00";"OOS1";"SL";"0s";"-0.00"
"691";"USTEC_ICM_UTC2";"Buy";"25260.6";"25285.6";"2025.11.26 19:15:00";"2025.11.26 19:35:00";"30.0";"750.00";"25235.59961";"25285.59961";"63514.70";"0.00";"OOS1";"PT";"20m 0s";"-0.00"
"692";"USTEC_ICM_UTC2";"Buy";"25239.8";"25264.8";"2025.11.27 16:30:00";"2025.11.28 01:07:00";"30.0";"566.88";"25214.80078";"25264.80078";"64081.58";"0.00";"OOS1";"PT";"8h 37m";"-183.12"
"693";"USTEC_ICM_UTC2";"Buy";"25339.4";"25364.4";"2025.11.28 19:45:00";"2025.11.28 19:50:00";"30.0";"750.00";"25314.40039";"25364.40039";"64831.58";"0.00";"OOS1";"PT";"5m 0s";"-0.00"
"694";"USTEC_ICM_UTC2";"Buy";"25393.3";"25368.3";"2025.12.01 19:15:00";"2025.12.01 19:16:00";"30.0";"-750.00";"25368.30078";"25418.30078";"64081.58";"0.00";"OOS1";"SL";"1m 0s";"-0.00"
"695";"USTEC_ICM_UTC2";"Buy";"25444.8";"25469.8";"2025.12.02 16:30:00";"2025.12.02 16:33:00";"30.0";"750.00";"25419.80078";"25469.80078";"64831.58";"0.00";"OOS1";"PT";"3m 0s";"-0.00"
"696";"USTEC_ICM_UTC2";"Buy";"25607.5";"25582.5";"2025.12.03 20:45:00";"2025.12.03 20:57:00";"30.0";"-750.00";"25582.50000";"25632.50000";"64081.58";"0.00";"OOS1";"SL";"12m 0s";"-0.00"
"697";"USTEC_ICM_UTC2";"Buy";"25488.9";"25513.9";"2025.12.04 21:30:00";"2025.12.04 21:32:00";"30.0";"750.00";"25463.90039";"25513.90039";"64831.58";"0.00";"OOS1";"PT";"2m 0s";"-0.00"
"698";"USTEC_ICM_UTC2";"Buy";"25656.9";"25681.9";"2025.12.05 19:45:00";"2025.12.05 19:51:00";"30.0";"750.00";"25631.90039";"25681.90039";"65581.58";"0.00";"OOS1";"PT";"6m 0s";"-0.00"
"699";"USTEC_ICM_UTC2";"Buy";"25562.9";"25587.9";"2025.12.08 21:30:00";"2025.12.08 22:53:00";"30.0";"750.00";"25537.90039";"25587.90039";"66331.58";"0.00";"OOS1";"PT";"1h 23m";"-0.00"
"700";"USTEC_ICM_UTC2";"Buy";"25641.7";"25666.7";"2025.12.09 18:45:00";"2025.12.09 18:50:00";"30.0";"750.00";"25616.69922";"25666.69922";"67081.58";"0.00";"OOS1";"PT";"5m 0s";"-0.00"
"701";"USTEC_ICM_UTC2";"Buy";"25603.0";"25628.0";"2025.12.10 19:45:00";"2025.12.10 19:51:00";"30.0";"750.00";"25578.00000";"25628.00000";"67831.58";"0.00";"OOS1";"PT";"6m 0s";"-0.00"
"702";"USTEC_ICM_UTC2";"Buy";"25654.9";"25629.9";"2025.12.11 20:45:00";"2025.12.11 20:51:00";"30.0";"-750.00";"25629.90039";"25679.90039";"67081.58";"0.00";"OOS1";"SL";"6m 0s";"-0.00"
"703";"USTEC_ICM_UTC2";"Buy";"25537.1";"25512.1";"2025.12.12 16:30:00";"2025.12.12 16:30:00";"30.0";"-750.00";"25512.09961";"25562.09961";"66331.58";"0.00";"OOS1";"SL";"0s";"-0.00"
"704";"USTEC_ICM_UTC2";"Buy";"25116.3";"25091.3";"2025.12.15 21:30:00";"2025.12.15 21:41:00";"30.0";"-750.00";"25091.30078";"25141.30078";"65581.58";"0.00";"OOS1";"SL";"11m 0s";"-0.00"
"705";"USTEC_ICM_UTC2";"Buy";"24992.5";"25017.5";"2025.12.16 18:45:00";"2025.12.16 18:46:00";"30.0";"750.00";"24967.50000";"25017.50000";"66331.58";"0.00";"OOS1";"PT";"1m 0s";"-0.00"
"706";"USTEC_ICM_UTC2";"Buy";"25068.1";"25043.1";"2025.12.17 16:45:00";"2025.12.17 16:46:00";"30.0";"-750.00";"25043.09961";"25093.09961";"65581.58";"0.00";"OOS1";"SL";"1m 0s";"-0.00"
"707";"USTEC_ICM_UTC2";"Buy";"24962.9";"24987.9";"2025.12.18 16:45:00";"2025.12.18 16:46:00";"30.0";"750.00";"24937.90039";"24987.90039";"66331.58";"0.00";"OOS1";"PT";"1m 0s";"-0.00"
"708";"USTEC_ICM_UTC2";"Buy";"25289.8";"25314.8";"2025.12.19 18:15:00";"2025.12.19 18:30:00";"30.0";"750.00";"25264.80078";"25314.80078";"67081.58";"0.00";"OOS1";"PT";"15m 0s";"-0.00"
"709";"USTEC_ICM_UTC2";"Buy";"25481.5";"25456.5";"2025.12.22 19:00:00";"2025.12.22 19:40:00";"30.0";"-750.00";"25456.50000";"25506.50000";"66331.58";"0.00";"OOS1";"SL";"40m 0s";"-0.00"
"710";"USTEC_ICM_UTC2";"Buy";"25514.0";"25539.0";"2025.12.23 18:30:00";"2025.12.23 18:51:00";"30.0";"750.00";"25489.00000";"25539.00000";"67081.58";"0.00";"OOS1";"PT";"21m 0s";"-0.00"
"711";"USTEC_ICM_UTC2";"Buy";"25654.4";"25679.4";"2025.12.24 19:15:00";"2025.12.26 02:07:00";"30.0";"383.76";"25629.40039";"25679.40039";"67465.34";"0.00";"OOS1";"PT";"1d 6h 52m";"-366.24"
"712";"USTEC_ICM_UTC2";"Buy";"25640.4";"25665.4";"2025.12.26 19:15:00";"2025.12.26 20:49:00";"30.0";"750.00";"25615.40039";"25665.40039";"68215.34";"0.00";"OOS1";"PT";"1h 34m";"-0.00"
"713";"USTEC_ICM_UTC2";"Buy";"25475.8";"25450.8";"2025.12.29 18:45:00";"2025.12.29 19:27:00";"30.0";"-750.00";"25450.80078";"25500.80078";"67465.34";"0.00";"OOS1";"SL";"42m 0s";"-0.00"
"714";"USTEC_ICM_UTC2";"Buy";"25533.9";"25558.9";"2025.12.30 18:00:00";"2025.12.30 18:20:00";"30.0";"750.00";"25508.90039";"25558.90039";"68215.34";"0.00";"OOS1";"PT";"20m 0s";"-0.00"
"715";"USTEC_ICM_UTC2";"Buy";"25471.8";"25446.8";"2025.12.31 16:30:00";"2025.12.31 16:33:00";"30.0";"-750.00";"25446.80078";"25496.80078";"67465.34";"0.00";"OOS1";"SL";"3m 0s";"-0.00"
