"Ticket";"Symbol";"Type";"Open price";"Close price";"Open time";"Close time";"Size";"Profit/Loss";"Stop Loss price level";"Profit Target price level";"Balance";"Slippage ($)";"Sample type";"Close type";"Time in trade";"Comm/Swap"
"1";"USTEC_ICM_UTC2";"Buy";"10950.6";"10925.6";"2023.01.06 19:15:00";"2023.01.06 19:45:00";"30.0";"-750.00";"10925.59961";"10975.59961";"49250.00";"0.00";"IST";"SL";"30m 0s";"-0.00"
"2";"USTEC_ICM_UTC2";"Buy";"11296.8";"11271.8";"2023.01.09 18:30:00";"2023.01.09 18:30:00";"30.0";"-750.00";"11271.79980";"11321.79980";"48500.00";"0.00";"IST";"SL";"0s";"-0.00"
"3";"USTEC_ICM_UTC2";"Buy";"11149.1";"11174.1";"2023.01.10 20:30:00";"2023.01.10 21:00:00";"30.0";"750.00";"11124.09961";"11174.09961";"49250.00";"0.00";"IST";"PT";"30m 0s";"-0.00"
"4";"USTEC_ICM_UTC2";"Buy";"11335.0";"11360.0";"2023.01.11 19:30:00";"2023.01.11 20:00:00";"30.0";"750.00";"11310.00000";"11360.00000";"50000.00";"0.00";"IST";"PT";"30m 0s";"-0.00"
"5";"USTEC_ICM_UTC2";"Buy";"11459.4";"11484.4";"2023.01.12 19:45:00";"2023.01.12 20:15:00";"30.0";"750.00";"11434.40039";"11484.40039";"50750.00";"0.00";"IST";"PT";"30m 0s";"-0.00"
"6";"USTEC_ICM_UTC2";"Buy";"11493.9";"11518.9";"2023.01.13 21:00:00";"2023.01.13 22:15:00";"30.0";"750.00";"11468.90039";"11518.90039";"51500.00";"0.00";"IST";"PT";"1h 15m";"-0.00"
"7";"USTEC_ICM_UTC2";"Buy";"11532.5";"11507.5";"2023.01.16 17:00:00";"2023.01.16 18:30:00";"30.0";"-750.00";"11507.50000";"11557.50000";"50750.00";"0.00";"IST";"SL";"1h 30m";"-0.00"
"8";"USTEC_ICM_UTC2";"Buy";"11530.1";"11555.1";"2023.01.17 19:30:00";"2023.01.17 19:45:00";"30.0";"750.00";"11505.09961";"11555.09961";"51500.00";"0.00";"IST";"PT";"15m 0s";"-0.00"
"9";"USTEC_ICM_UTC2";"Buy";"11464.8";"11489.8";"2023.01.20 19:00:00";"2023.01.20 19:45:00";"30.0";"750.00";"11439.79980";"11489.79980";"52250.00";"0.00";"IST";"PT";"45m 0s";"-0.00"
"10";"USTEC_ICM_UTC2";"Buy";"11869.7";"11894.7";"2023.01.23 19:30:00";"2023.01.23 20:00:00";"30.0";"750.00";"11844.70020";"11894.70020";"53000.00";"0.00";"IST";"PT";"30m 0s";"-0.00"
"11";"USTEC_ICM_UTC2";"Buy";"11854.5";"11829.5";"2023.01.24 19:00:00";"2023.01.24 19:00:00";"30.0";"-750.00";"11829.50000";"11879.50000";"52250.00";"0.00";"IST";"SL";"0s";"-0.00"
"12";"USTEC_ICM_UTC2";"Buy";"11752.5";"11777.5";"2023.01.25 20:45:00";"2023.01.25 20:45:00";"30.0";"750.00";"11727.50000";"11777.50000";"53000.00";"0.00";"IST";"PT";"0s";"-0.00"
"13";"USTEC_ICM_UTC2";"Buy";"11945.0";"11970.0";"2023.01.26 20:30:00";"2023.01.26 20:30:00";"30.0";"750.00";"11920.00000";"11970.00000";"53750.00";"0.00";"IST";"PT";"0s";"-0.00"
"14";"USTEC_ICM_UTC2";"Buy";"12141.8";"12166.8";"2023.01.27 19:00:00";"2023.01.27 19:15:00";"30.0";"750.00";"12116.79980";"12166.79980";"54500.00";"0.00";"IST";"PT";"15m 0s";"-0.00"
"15";"USTEC_ICM_UTC2";"Buy";"12010.7";"12035.7";"2023.01.31 17:45:00";"2023.01.31 18:00:00";"30.0";"750.00";"11985.70020";"12035.70020";"55250.00";"0.00";"IST";"PT";"15m 0s";"-0.00"
"16";"USTEC_ICM_UTC2";"Buy";"12733.5";"12758.5";"2023.02.02 19:00:00";"2023.02.02 19:00:00";"30.0";"750.00";"12708.50000";"12758.50000";"56000.00";"0.00";"IST";"PT";"0s";"-0.00"
"17";"USTEC_ICM_UTC2";"Buy";"12781.2";"12756.2";"2023.02.03 19:30:00";"2023.02.03 19:45:00";"30.0";"-750.00";"12756.20020";"12806.20020";"55250.00";"0.00";"IST";"SL";"15m 0s";"-0.00"
"18";"USTEC_ICM_UTC2";"Buy";"12528.9";"12503.9";"2023.02.07 19:00:00";"2023.02.07 19:15:00";"30.0";"-750.00";"12503.90039";"12553.90039";"54500.00";"0.00";"IST";"SL";"15m 0s";"-0.00"
"19";"USTEC_ICM_UTC2";"Buy";"12484.7";"12509.7";"2023.02.13 18:30:00";"2023.02.13 19:15:00";"30.0";"750.00";"12459.70020";"12509.70020";"55250.00";"0.00";"IST";"PT";"45m 0s";"-0.00"
"20";"USTEC_ICM_UTC2";"Buy";"12577.7";"12552.7";"2023.02.14 22:00:00";"2023.02.14 22:00:00";"30.0";"-750.00";"12552.70020";"12602.70020";"54500.00";"0.00";"IST";"SL";"0s";"-0.00"
"21";"USTEC_ICM_UTC2";"Buy";"12605.7";"12580.7";"2023.02.15 19:00:00";"2023.02.15 19:00:00";"30.0";"-750.00";"12580.70020";"12630.70020";"53750.00";"0.00";"IST";"SL";"0s";"-0.00"
"22";"USTEC_ICM_UTC2";"Buy";"12218.6";"12193.6";"2023.02.23 16:30:00";"2023.02.23 16:30:00";"30.0";"-750.00";"12193.59961";"12243.59961";"53000.00";"0.00";"IST";"SL";"0s";"-0.00"
"23";"USTEC_ICM_UTC2";"Buy";"12106.7";"12081.7";"2023.02.27 16:30:00";"2023.02.27 16:45:00";"30.0";"-750.00";"12081.70020";"12131.70020";"52250.00";"0.00";"IST";"SL";"15m 0s";"-0.00"
"24";"USTEC_ICM_UTC2";"Buy";"12138.5";"12113.5";"2023.02.28 21:00:00";"2023.02.28 21:30:00";"30.0";"-750.00";"12113.50000";"12163.50000";"51500.00";"0.00";"IST";"SL";"30m 0s";"-0.00"
"25";"USTEC_ICM_UTC2";"Buy";"11870.3";"11895.3";"2023.03.02 18:45:00";"2023.03.02 19:15:00";"30.0";"750.00";"11845.29980";"11895.29980";"52250.00";"0.00";"IST";"PT";"30m 0s";"-0.00"
"26";"USTEC_ICM_UTC2";"Buy";"12180.5";"12205.5";"2023.03.03 18:30:00";"2023.03.03 18:45:00";"30.0";"750.00";"12155.50000";"12205.50000";"53000.00";"0.00";"IST";"PT";"15m 0s";"-0.00"
"27";"USTEC_ICM_UTC2";"Buy";"12341.3";"12366.3";"2023.03.06 16:30:00";"2023.03.06 16:30:00";"30.0";"750.00";"12316.29980";"12366.29980";"53750.00";"0.00";"IST";"PT";"0s";"-0.00"
"28";"USTEC_ICM_UTC2";"Buy";"12286.3";"12261.3";"2023.03.09 18:45:00";"2023.03.09 19:00:00";"30.0";"-750.00";"12261.29980";"12311.29980";"53000.00";"0.00";"IST";"SL";"15m 0s";"-0.00"
"29";"USTEC_ICM_UTC2";"Buy";"11965.2";"11990.2";"2023.03.13 19:15:00";"2023.03.13 19:15:00";"30.0";"750.00";"11940.20020";"11990.20020";"53750.00";"0.00";"IST";"PT";"0s";"-0.00"
"30";"USTEC_ICM_UTC2";"Buy";"12170.6";"12195.6";"2023.03.14 16:45:00";"2023.03.14 17:15:00";"30.0";"750.00";"12145.59961";"12195.59961";"54500.00";"0.00";"IST";"PT";"30m 0s";"-0.00"
"31";"USTEC_ICM_UTC2";"Buy";"12141.1";"12166.1";"2023.03.15 20:15:00";"2023.03.15 20:15:00";"30.0";"750.00";"12116.09961";"12166.09961";"55250.00";"0.00";"IST";"PT";"0s";"-0.00"
"32";"USTEC_ICM_UTC2";"Buy";"12513.8";"12538.8";"2023.03.16 18:45:00";"2023.03.16 18:45:00";"30.0";"750.00";"12488.79980";"12538.79980";"56000.00";"0.00";"IST";"PT";"0s";"-0.00"
"33";"USTEC_ICM_UTC2";"Buy";"12533.9";"12558.9";"2023.03.20 21:00:00";"2023.03.20 21:45:00";"30.0";"750.00";"12508.90039";"12558.90039";"56750.00";"0.00";"IST";"PT";"45m 0s";"-0.00"
"34";"USTEC_ICM_UTC2";"Buy";"12668.5";"12693.5";"2023.03.21 20:15:00";"2023.03.21 20:45:00";"30.0";"750.00";"12643.50000";"12693.50000";"57500.00";"0.00";"IST";"PT";"30m 0s";"-0.00"
"35";"USTEC_ICM_UTC2";"Buy";"12800.8";"12775.8";"2023.03.22 18:00:00";"2023.03.22 18:00:00";"30.0";"-750.00";"12775.79980";"12825.79980";"56750.00";"0.00";"IST";"SL";"0s";"-0.00"
"36";"USTEC_ICM_UTC2";"Buy";"12706.0";"12731.0";"2023.03.24 20:15:00";"2023.03.24 20:30:00";"30.0";"750.00";"12681.00000";"12731.00000";"57500.00";"0.00";"IST";"PT";"15m 0s";"-0.00"
"37";"USTEC_ICM_UTC2";"Buy";"12855.8";"12830.8";"2023.03.29 22:45:00";"2023.03.30 01:30:00";"30.0";"-933.12";"12830.79980";"12880.79980";"56566.88";"0.00";"IST";"SL";"2h 45m";"-183.12"
"38";"USTEC_ICM_UTC2";"Buy";"13056.1";"13081.1";"2023.03.31 18:15:00";"2023.03.31 18:45:00";"30.0";"750.00";"13031.09961";"13081.09961";"57316.88";"0.00";"IST";"PT";"30m 0s";"-0.00"
"39";"USTEC_ICM_UTC2";"Buy";"13124.7";"13149.7";"2023.04.03 22:30:00";"2023.04.03 22:45:00";"30.0";"750.00";"13099.70020";"13149.70020";"58066.88";"0.00";"IST";"PT";"15m 0s";"-0.00"
"40";"USTEC_ICM_UTC2";"Buy";"13014.7";"13039.7";"2023.04.06 19:00:00";"2023.04.06 19:00:00";"30.0";"750.00";"12989.70020";"13039.70020";"58816.88";"0.00";"IST";"PT";"0s";"-0.00"
"41";"USTEC_ICM_UTC2";"Buy";"13031.3";"13056.3";"2023.04.10 21:30:00";"2023.04.10 23:00:00";"30.0";"750.00";"13006.29980";"13056.29980";"59566.88";"0.00";"IST";"PT";"1h 30m";"-0.00"
"42";"USTEC_ICM_UTC2";"Buy";"13024.8";"12999.8";"2023.04.13 17:30:00";"2023.04.13 17:30:00";"30.0";"-750.00";"12999.79980";"13049.79980";"58816.88";"0.00";"IST";"SL";"0s";"-0.00"
"43";"USTEC_ICM_UTC2";"Buy";"13098.7";"13123.7";"2023.04.19 19:30:00";"2023.04.19 21:00:00";"30.0";"750.00";"13073.70020";"13123.70020";"59566.88";"0.00";"IST";"PT";"1h 30m";"-0.00"
"44";"USTEC_ICM_UTC2";"Buy";"13047.7";"13022.7";"2023.04.20 19:00:00";"2023.04.20 19:00:00";"30.0";"-750.00";"13022.70020";"13072.70020";"58816.88";"0.00";"IST";"SL";"0s";"-0.00"
"45";"USTEC_ICM_UTC2";"Buy";"12979.0";"13004.0";"2023.04.21 19:45:00";"2023.04.21 20:00:00";"30.0";"750.00";"12954.00000";"13004.00000";"59566.88";"0.00";"IST";"PT";"15m 0s";"-0.00"
"46";"USTEC_ICM_UTC2";"Buy";"12907.3";"12882.3";"2023.04.26 19:00:00";"2023.04.26 19:30:00";"30.0";"-750.00";"12882.29980";"12932.29980";"58816.88";"0.00";"IST";"SL";"30m 0s";"-0.00"
"47";"USTEC_ICM_UTC2";"Buy";"13054.1";"13079.1";"2023.04.27 18:45:00";"2023.04.27 19:15:00";"30.0";"750.00";"13029.09961";"13079.09961";"59566.88";"0.00";"IST";"PT";"30m 0s";"-0.00"
"48";"USTEC_ICM_UTC2";"Buy";"13209.5";"13184.5";"2023.04.28 20:30:00";"2023.04.28 20:30:00";"30.0";"-750.00";"13184.50000";"13234.50000";"58816.88";"0.00";"IST";"SL";"0s";"-0.00"
"49";"USTEC_ICM_UTC2";"Buy";"13274.9";"13249.9";"2023.05.01 20:15:00";"2023.05.01 21:15:00";"30.0";"-750.00";"13249.90039";"13299.90039";"58066.88";"0.00";"IST";"SL";"1h 0m";"-0.00"
"50";"USTEC_ICM_UTC2";"Buy";"13044.5";"13019.5";"2023.05.04 21:00:00";"2023.05.04 21:15:00";"30.0";"-750.00";"13019.50000";"13069.50000";"57316.88";"0.00";"IST";"SL";"15m 0s";"-0.00"
"51";"USTEC_ICM_UTC2";"Buy";"13193.1";"13218.1";"2023.05.05 18:00:00";"2023.05.05 20:15:00";"30.0";"750.00";"13168.09961";"13218.09961";"58066.88";"0.00";"IST";"PT";"2h 15m";"-0.00"
"52";"USTEC_ICM_UTC2";"Buy";"13276.0";"13251.0";"2023.05.08 20:30:00";"2023.05.08 21:00:00";"30.0";"-750.00";"13251.00000";"13301.00000";"57316.88";"0.00";"IST";"SL";"30m 0s";"-0.00"
"53";"USTEC_ICM_UTC2";"Buy";"13296.2";"13271.2";"2023.05.10 19:30:00";"2023.05.10 19:45:00";"30.0";"-750.00";"13271.20020";"13321.20020";"56566.88";"0.00";"IST";"SL";"15m 0s";"-0.00"
"54";"USTEC_ICM_UTC2";"Buy";"13396.6";"13421.6";"2023.05.15 22:15:00";"2023.05.16 10:30:00";"30.0";"566.88";"13371.59961";"13421.59961";"57133.76";"0.00";"IST";"PT";"12h 15m";"-183.12"
"55";"USTEC_ICM_UTC2";"Buy";"13490.3";"13465.3";"2023.05.16 19:15:00";"2023.05.16 21:00:00";"30.0";"-750.00";"13465.29980";"13515.29980";"56383.76";"0.00";"IST";"SL";"1h 45m";"-0.00"
"56";"USTEC_ICM_UTC2";"Buy";"13487.1";"13512.1";"2023.05.17 19:15:00";"2023.05.17 19:30:00";"30.0";"750.00";"13462.09961";"13512.09961";"57133.76";"0.00";"IST";"PT";"15m 0s";"-0.00"
"57";"USTEC_ICM_UTC2";"Buy";"13837.4";"13862.4";"2023.05.22 19:45:00";"2023.05.22 20:30:00";"30.0";"750.00";"13812.40039";"13862.40039";"57883.76";"0.00";"IST";"PT";"45m 0s";"-0.00"
"58";"USTEC_ICM_UTC2";"Buy";"13935.7";"13960.7";"2023.05.25 20:00:00";"2023.05.25 20:30:00";"30.0";"750.00";"13910.70020";"13960.70020";"58633.76";"0.00";"IST";"PT";"30m 0s";"-0.00"
"59";"USTEC_ICM_UTC2";"Buy";"14259.2";"14284.2";"2023.05.26 19:15:00";"2023.05.26 19:30:00";"30.0";"750.00";"14234.20020";"14284.20020";"59383.76";"0.00";"IST";"PT";"15m 0s";"-0.00"
"60";"USTEC_ICM_UTC2";"Buy";"14309.3";"14284.3";"2023.05.31 21:45:00";"2023.05.31 21:45:00";"30.0";"-750.00";"14284.29980";"14334.29980";"58633.76";"0.00";"IST";"SL";"0s";"-0.00"
"61";"USTEC_ICM_UTC2";"Buy";"14408.4";"14433.4";"2023.06.01 19:15:00";"2023.06.01 20:00:00";"30.0";"750.00";"14383.40039";"14433.40039";"59383.76";"0.00";"IST";"PT";"45m 0s";"-0.00"
"62";"USTEC_ICM_UTC2";"Buy";"14558.9";"14533.9";"2023.06.02 18:30:00";"2023.06.02 18:45:00";"30.0";"-750.00";"14533.90039";"14583.90039";"58633.76";"0.00";"IST";"SL";"15m 0s";"-0.00"
"63";"USTEC_ICM_UTC2";"Buy";"14640.6";"14615.6";"2023.06.05 19:00:00";"2023.06.05 20:15:00";"30.0";"-750.00";"14615.59961";"14665.59961";"57883.76";"0.00";"IST";"SL";"1h 15m";"-0.00"
"64";"USTEC_ICM_UTC2";"Buy";"14564.4";"14539.4";"2023.06.06 19:30:00";"2023.06.06 19:30:00";"30.0";"-750.00";"14539.40039";"14589.40039";"57133.76";"0.00";"IST";"SL";"0s";"-0.00"
"65";"USTEC_ICM_UTC2";"Buy";"14472.1";"14497.1";"2023.06.08 18:45:00";"2023.06.08 19:15:00";"30.0";"750.00";"14447.09961";"14497.09961";"57883.76";"0.00";"IST";"PT";"30m 0s";"-0.00"
"66";"USTEC_ICM_UTC2";"Buy";"14541.8";"14566.8";"2023.06.09 16:30:00";"2023.06.09 16:30:00";"30.0";"750.00";"14516.79980";"14566.79980";"58633.76";"0.00";"IST";"PT";"0s";"-0.00"
"67";"USTEC_ICM_UTC2";"Buy";"14656.4";"14681.4";"2023.06.12 19:00:00";"2023.06.12 20:45:00";"30.0";"750.00";"14631.40039";"14681.40039";"59383.76";"0.00";"IST";"PT";"1h 45m";"-0.00"
"68";"USTEC_ICM_UTC2";"Buy";"14895.7";"14870.7";"2023.06.13 20:30:00";"2023.06.13 21:00:00";"30.0";"-750.00";"14870.70020";"14920.70020";"58633.76";"0.00";"IST";"SL";"30m 0s";"-0.00"
"69";"USTEC_ICM_UTC2";"Buy";"14983.0";"14958.0";"2023.06.14 19:30:00";"2023.06.14 20:00:00";"30.0";"-750.00";"14958.00000";"15008.00000";"57883.76";"0.00";"IST";"SL";"30m 0s";"-0.00"
"70";"USTEC_ICM_UTC2";"Buy";"15113.1";"15088.1";"2023.06.15 19:30:00";"2023.06.15 19:30:00";"30.0";"-750.00";"15088.09961";"15138.09961";"57133.76";"0.00";"IST";"SL";"0s";"-0.00"
"71";"USTEC_ICM_UTC2";"Buy";"15088.1";"15063.1";"2023.06.20 20:45:00";"2023.06.20 20:45:00";"30.0";"-750.00";"15063.09961";"15113.09961";"56383.76";"0.00";"IST";"SL";"0s";"-0.00"
"72";"USTEC_ICM_UTC2";"Buy";"14956.1";"14931.1";"2023.06.22 20:00:00";"2023.06.22 20:00:00";"30.0";"-750.00";"14931.09961";"14981.09961";"55633.76";"0.00";"IST";"SL";"0s";"-0.00"
"73";"USTEC_ICM_UTC2";"Buy";"14978.2";"14953.2";"2023.06.23 20:30:00";"2023.06.23 21:00:00";"30.0";"-750.00";"14953.20020";"15003.20020";"54883.76";"0.00";"IST";"SL";"30m 0s";"-0.00"
"74";"USTEC_ICM_UTC2";"Buy";"14846.8";"14871.8";"2023.06.27 19:15:00";"2023.06.27 19:30:00";"30.0";"750.00";"14821.79980";"14871.79980";"55633.76";"0.00";"IST";"PT";"15m 0s";"-0.00"
"75";"USTEC_ICM_UTC2";"Buy";"15094.6";"15119.6";"2023.06.30 16:30:00";"2023.06.30 16:30:00";"30.0";"750.00";"15069.59961";"15119.59961";"56383.76";"0.00";"IST";"PT";"0s";"-0.00"
"76";"USTEC_ICM_UTC2";"Buy";"15093.1";"15068.1";"2023.07.06 22:30:00";"2023.07.07 09:15:00";"30.0";"-933.12";"15068.09961";"15118.09961";"55450.64";"0.00";"IST";"SL";"10h 45m";"-183.12"
"77";"USTEC_ICM_UTC2";"Buy";"15154.8";"15179.8";"2023.07.07 19:30:00";"2023.07.07 19:30:00";"30.0";"750.00";"15129.79980";"15179.79980";"56200.64";"0.00";"IST";"PT";"0s";"-0.00"
"78";"USTEC_ICM_UTC2";"Buy";"15027.3";"15052.3";"2023.07.10 22:30:00";"2023.07.10 23:00:00";"30.0";"750.00";"15002.29980";"15052.29980";"56950.64";"0.00";"IST";"PT";"30m 0s";"-0.00"
"79";"USTEC_ICM_UTC2";"Buy";"15332.8";"15307.8";"2023.07.12 21:30:00";"2023.07.12 21:45:00";"30.0";"-750.00";"15307.79980";"15357.79980";"56200.64";"0.00";"IST";"SL";"15m 0s";"-0.00"
"80";"USTEC_ICM_UTC2";"Buy";"15501.1";"15526.1";"2023.07.13 19:15:00";"2023.07.13 20:15:00";"30.0";"750.00";"15476.09961";"15526.09961";"56950.64";"0.00";"IST";"PT";"1h 0m";"-0.00"
"81";"USTEC_ICM_UTC2";"Buy";"15683.7";"15658.7";"2023.07.14 19:00:00";"2023.07.14 19:00:00";"30.0";"-750.00";"15658.70020";"15708.70020";"56200.64";"0.00";"IST";"SL";"0s";"-0.00"
"82";"USTEC_ICM_UTC2";"Buy";"15663.2";"15638.2";"2023.07.17 19:15:00";"2023.07.17 19:15:00";"30.0";"-750.00";"15638.20020";"15688.20020";"55450.64";"0.00";"IST";"SL";"0s";"-0.00"
"83";"USTEC_ICM_UTC2";"Buy";"15813.5";"15838.5";"2023.07.18 20:45:00";"2023.07.18 21:00:00";"30.0";"750.00";"15788.50000";"15838.50000";"56200.64";"0.00";"IST";"PT";"15m 0s";"-0.00"
"84";"USTEC_ICM_UTC2";"Buy";"15595.9";"15620.9";"2023.07.25 20:30:00";"2023.07.25 21:30:00";"30.0";"750.00";"15570.90039";"15620.90039";"56950.64";"0.00";"IST";"PT";"1h 0m";"-0.00"
"85";"USTEC_ICM_UTC2";"Buy";"15636.3";"15661.3";"2023.07.28 16:30:00";"2023.07.28 16:30:00";"30.0";"750.00";"15611.29980";"15661.29980";"57700.64";"0.00";"IST";"PT";"0s";"-0.00"
"86";"USTEC_ICM_UTC2";"Buy";"15756.2";"15781.2";"2023.07.31 16:30:00";"2023.07.31 16:30:00";"30.0";"750.00";"15731.20020";"15781.20020";"58450.64";"0.00";"IST";"PT";"0s";"-0.00"
"87";"USTEC_ICM_UTC2";"Buy";"15739.0";"15714.0";"2023.08.01 21:45:00";"2023.08.01 23:00:00";"30.0";"-750.00";"15714.00000";"15764.00000";"57700.64";"0.00";"IST";"SL";"1h 15m";"-0.00"
"88";"USTEC_ICM_UTC2";"Buy";"15377.9";"15402.9";"2023.08.03 18:45:00";"2023.08.03 19:30:00";"30.0";"750.00";"15352.90039";"15402.90039";"58450.64";"0.00";"IST";"PT";"45m 0s";"-0.00"
"89";"USTEC_ICM_UTC2";"Buy";"15488.4";"15513.4";"2023.08.04 19:00:00";"2023.08.04 19:30:00";"30.0";"750.00";"15463.40039";"15513.40039";"59200.64";"0.00";"IST";"PT";"30m 0s";"-0.00"
"90";"USTEC_ICM_UTC2";"Buy";"15355.7";"15380.7";"2023.08.07 21:15:00";"2023.08.07 22:00:00";"30.0";"750.00";"15330.70020";"15380.70020";"59950.64";"0.00";"IST";"PT";"45m 0s";"-0.00"
"91";"USTEC_ICM_UTC2";"Buy";"15153.4";"15128.4";"2023.08.14 18:30:00";"2023.08.14 19:15:00";"30.0";"-750.00";"15128.40039";"15178.40039";"59200.64";"0.00";"IST";"SL";"45m 0s";"-0.00"
"92";"USTEC_ICM_UTC2";"Buy";"14653.8";"14678.8";"2023.08.18 19:30:00";"2023.08.18 19:30:00";"30.0";"750.00";"14628.79980";"14678.79980";"59950.64";"0.00";"IST";"PT";"0s";"-0.00"
"93";"USTEC_ICM_UTC2";"Buy";"14928.4";"14953.4";"2023.08.21 22:00:00";"2023.08.21 22:30:00";"30.0";"750.00";"14903.40039";"14953.40039";"60700.64";"0.00";"IST";"PT";"30m 0s";"-0.00"
"94";"USTEC_ICM_UTC2";"Buy";"15137.4";"15162.4";"2023.08.23 18:15:00";"2023.08.23 20:15:00";"30.0";"750.00";"15112.40039";"15162.40039";"61450.64";"0.00";"IST";"PT";"2h 0m";"-0.00"
"95";"USTEC_ICM_UTC2";"Buy";"15044.8";"15019.8";"2023.08.28 20:30:00";"2023.08.28 20:30:00";"30.0";"-750.00";"15019.79980";"15069.79980";"60700.64";"0.00";"IST";"SL";"0s";"-0.00"
"96";"USTEC_ICM_UTC2";"Buy";"15329.3";"15354.3";"2023.08.29 19:00:00";"2023.08.29 20:30:00";"30.0";"750.00";"15304.29980";"15354.29980";"61450.64";"0.00";"IST";"PT";"1h 30m";"-0.00"
"97";"USTEC_ICM_UTC2";"Buy";"15376.4";"15401.4";"2023.08.30 16:30:00";"2023.08.30 16:30:00";"30.0";"750.00";"15351.40039";"15401.40039";"62200.64";"0.00";"IST";"PT";"0s";"-0.00"
"98";"USTEC_ICM_UTC2";"Buy";"15534.8";"15509.8";"2023.08.31 19:00:00";"2023.08.31 19:15:00";"30.0";"-750.00";"15509.79980";"15559.79980";"61450.64";"0.00";"IST";"SL";"15m 0s";"-0.00"
"99";"USTEC_ICM_UTC2";"Buy";"15525.2";"15500.2";"2023.09.04 17:30:00";"2023.09.04 17:45:00";"30.0";"-750.00";"15500.20020";"15550.20020";"60700.64";"0.00";"IST";"SL";"15m 0s";"-0.00"
"100";"USTEC_ICM_UTC2";"Buy";"15516.2";"15541.2";"2023.09.05 19:30:00";"2023.09.05 21:15:00";"30.0";"750.00";"15491.20020";"15541.20020";"61450.64";"0.00";"IST";"PT";"1h 45m";"-0.00"
"101";"USTEC_ICM_UTC2";"Buy";"15250.7";"15275.7";"2023.09.07 21:45:00";"2023.09.07 21:45:00";"30.0";"750.00";"15225.70020";"15275.70020";"62200.64";"0.00";"IST";"PT";"0s";"-0.00"
"102";"USTEC_ICM_UTC2";"Buy";"15342.4";"15317.4";"2023.09.08 18:45:00";"2023.09.08 19:00:00";"30.0";"-750.00";"15317.40039";"15367.40039";"61450.64";"0.00";"IST";"SL";"15m 0s";"-0.00"
"103";"USTEC_ICM_UTC2";"Buy";"15465.2";"15440.2";"2023.09.11 21:30:00";"2023.09.12 01:45:00";"30.0";"-933.12";"15440.20020";"15490.20020";"60517.52";"0.00";"IST";"SL";"4h 15m";"-183.12"
"104";"USTEC_ICM_UTC2";"Buy";"15392.5";"15367.5";"2023.09.13 20:15:00";"2023.09.13 21:45:00";"30.0";"-750.00";"15367.50000";"15417.50000";"59767.52";"0.00";"IST";"SL";"1h 30m";"-0.00"
"105";"USTEC_ICM_UTC2";"Buy";"15479.0";"15504.0";"2023.09.14 19:15:00";"2023.09.14 19:45:00";"30.0";"750.00";"15454.00000";"15504.00000";"60517.52";"0.00";"IST";"PT";"30m 0s";"-0.00"
"106";"USTEC_ICM_UTC2";"Buy";"15258.4";"15233.4";"2023.09.18 19:00:00";"2023.09.18 21:45:00";"30.0";"-750.00";"15233.40039";"15283.40039";"59767.52";"0.00";"IST";"SL";"2h 45m";"-0.00"
"107";"USTEC_ICM_UTC2";"Buy";"15161.5";"15186.5";"2023.09.19 22:15:00";"2023.09.19 22:30:00";"30.0";"750.00";"15136.50000";"15186.50000";"60517.52";"0.00";"IST";"PT";"15m 0s";"-0.00"
"108";"USTEC_ICM_UTC2";"Buy";"14851.7";"14826.7";"2023.09.22 19:45:00";"2023.09.22 20:00:00";"30.0";"-750.00";"14826.70020";"14876.70020";"59767.52";"0.00";"IST";"SL";"15m 0s";"-0.00"
"109";"USTEC_ICM_UTC2";"Buy";"14736.1";"14761.1";"2023.09.25 19:00:00";"2023.09.25 19:15:00";"30.0";"750.00";"14711.09961";"14761.09961";"60517.52";"0.00";"IST";"PT";"15m 0s";"-0.00"
"110";"USTEC_ICM_UTC2";"Buy";"14756.3";"14781.3";"2023.09.28 19:15:00";"2023.09.28 19:15:00";"30.0";"750.00";"14731.29980";"14781.29980";"61267.52";"0.00";"IST";"PT";"0s";"-0.00"
"111";"USTEC_ICM_UTC2";"Buy";"14718.2";"14743.2";"2023.10.04 19:45:00";"2023.10.04 19:45:00";"30.0";"750.00";"14693.20020";"14743.20020";"62017.52";"0.00";"IST";"PT";"0s";"-0.00"
"112";"USTEC_ICM_UTC2";"Buy";"14744.6";"14719.6";"2023.10.05 22:30:00";"2023.10.05 22:45:00";"30.0";"-750.00";"14719.59961";"14769.59961";"61267.52";"0.00";"IST";"SL";"15m 0s";"-0.00"
"113";"USTEC_ICM_UTC2";"Buy";"14903.4";"14928.4";"2023.10.06 19:15:00";"2023.10.06 20:00:00";"30.0";"750.00";"14878.40039";"14928.40039";"62017.52";"0.00";"IST";"PT";"45m 0s";"-0.00"
"114";"USTEC_ICM_UTC2";"Buy";"14919.7";"14944.7";"2023.10.09 19:15:00";"2023.10.09 19:15:00";"30.0";"750.00";"14894.70020";"14944.70020";"62767.52";"0.00";"IST";"PT";"0s";"-0.00"
"115";"USTEC_ICM_UTC2";"Buy";"15232.9";"15207.9";"2023.10.10 19:00:00";"2023.10.10 20:00:00";"30.0";"-750.00";"15207.90039";"15257.90039";"62017.52";"0.00";"IST";"SL";"1h 0m";"-0.00"
"116";"USTEC_ICM_UTC2";"Buy";"15213.8";"15188.8";"2023.10.13 16:30:00";"2023.10.13 16:30:00";"30.0";"-750.00";"15188.79980";"15238.79980";"61267.52";"0.00";"IST";"SL";"0s";"-0.00"
"117";"USTEC_ICM_UTC2";"Buy";"15158.5";"15183.5";"2023.10.16 19:30:00";"2023.10.16 20:00:00";"30.0";"750.00";"15133.50000";"15183.50000";"62017.52";"0.00";"IST";"PT";"30m 0s";"-0.00"
"118";"USTEC_ICM_UTC2";"Buy";"15170.8";"15145.8";"2023.10.17 19:45:00";"2023.10.17 19:45:00";"30.0";"-750.00";"15145.79980";"15195.79980";"61267.52";"0.00";"IST";"SL";"0s";"-0.00"
"119";"USTEC_ICM_UTC2";"Buy";"14642.3";"14667.3";"2023.10.23 18:30:00";"2023.10.23 19:00:00";"30.0";"750.00";"14617.29980";"14667.29980";"62017.52";"0.00";"IST";"PT";"30m 0s";"-0.00"
"120";"USTEC_ICM_UTC2";"Buy";"14327.5";"14352.5";"2023.10.30 20:15:00";"2023.10.30 20:30:00";"30.0";"750.00";"14302.50000";"14352.50000";"62767.52";"0.00";"IST";"PT";"15m 0s";"-0.00"
"121";"USTEC_ICM_UTC2";"Buy";"14351.6";"14376.6";"2023.10.31 19:30:00";"2023.10.31 19:30:00";"30.0";"750.00";"14326.59961";"14376.59961";"63517.52";"0.00";"IST";"PT";"0s";"-0.00"
"122";"USTEC_ICM_UTC2";"Buy";"14518.1";"14493.1";"2023.11.01 17:45:00";"2023.11.01 18:30:00";"30.0";"-750.00";"14493.09961";"14543.09961";"62767.52";"0.00";"IST";"SL";"45m 0s";"-0.00"
"123";"USTEC_ICM_UTC2";"Buy";"14863.4";"14888.4";"2023.11.02 18:15:00";"2023.11.02 18:45:00";"30.0";"750.00";"14838.40039";"14888.40039";"63517.52";"0.00";"IST";"PT";"30m 0s";"-0.00"
"124";"USTEC_ICM_UTC2";"Buy";"15029.7";"15054.7";"2023.11.03 17:30:00";"2023.11.03 17:30:00";"30.0";"750.00";"15004.70020";"15054.70020";"64267.52";"0.00";"IST";"PT";"0s";"-0.00"
"125";"USTEC_ICM_UTC2";"Buy";"15127.7";"15102.7";"2023.11.06 19:30:00";"2023.11.06 20:00:00";"30.0";"-750.00";"15102.70020";"15152.70020";"63517.52";"0.00";"IST";"SL";"30m 0s";"-0.00"
"126";"USTEC_ICM_UTC2";"Buy";"15310.3";"15285.3";"2023.11.07 18:30:00";"2023.11.07 18:45:00";"30.0";"-750.00";"15285.29980";"15335.29980";"62767.52";"0.00";"IST";"SL";"15m 0s";"-0.00"
"127";"USTEC_ICM_UTC2";"Buy";"15336.4";"15311.4";"2023.11.09 16:30:00";"2023.11.09 16:30:00";"30.0";"-750.00";"15311.40039";"15361.40039";"62017.52";"0.00";"IST";"SL";"0s";"-0.00"
"128";"USTEC_ICM_UTC2";"Buy";"15367.6";"15392.6";"2023.11.10 18:30:00";"2023.11.10 19:00:00";"30.0";"750.00";"15342.59961";"15392.59961";"62767.52";"0.00";"IST";"PT";"30m 0s";"-0.00"
"129";"USTEC_ICM_UTC2";"Buy";"15520.5";"15495.5";"2023.11.13 21:45:00";"2023.11.13 22:00:00";"30.0";"-750.00";"15495.50000";"15545.50000";"62017.52";"0.00";"IST";"SL";"15m 0s";"-0.00"
"130";"USTEC_ICM_UTC2";"Buy";"15831.6";"15806.6";"2023.11.14 17:45:00";"2023.11.14 17:45:00";"30.0";"-750.00";"15806.59961";"15856.59961";"61267.52";"0.00";"IST";"SL";"0s";"-0.00"
"131";"USTEC_ICM_UTC2";"Buy";"15806.1";"15831.1";"2023.11.16 22:15:00";"2023.11.16 22:30:00";"30.0";"750.00";"15781.09961";"15831.09961";"62017.52";"0.00";"IST";"PT";"15m 0s";"-0.00"
"132";"USTEC_ICM_UTC2";"Buy";"15851.2";"15826.2";"2023.11.17 22:00:00";"2023.11.17 22:30:00";"30.0";"-750.00";"15826.20020";"15876.20020";"61267.52";"0.00";"IST";"SL";"30m 0s";"-0.00"
"133";"USTEC_ICM_UTC2";"Buy";"15954.4";"15979.4";"2023.11.20 18:30:00";"2023.11.20 20:00:00";"30.0";"750.00";"15929.40039";"15979.40039";"62017.52";"0.00";"IST";"PT";"1h 30m";"-0.00"
"134";"USTEC_ICM_UTC2";"Buy";"16023.2";"16048.2";"2023.11.22 20:00:00";"2023.11.22 20:00:00";"30.0";"750.00";"15998.20020";"16048.20020";"62767.52";"0.00";"IST";"PT";"0s";"-0.00"
"135";"USTEC_ICM_UTC2";"Buy";"16020.8";"16045.8";"2023.11.27 19:30:00";"2023.11.27 20:00:00";"30.0";"750.00";"15995.79980";"16045.79980";"63517.52";"0.00";"IST";"PT";"30m 0s";"-0.00"
"136";"USTEC_ICM_UTC2";"Buy";"16003.6";"15978.6";"2023.11.28 19:30:00";"2023.11.28 19:30:00";"30.0";"-750.00";"15978.59961";"16028.59961";"62767.52";"0.00";"IST";"SL";"0s";"-0.00"
"137";"USTEC_ICM_UTC2";"Buy";"16005.9";"15980.9";"2023.12.01 20:00:00";"2023.12.01 20:00:00";"30.0";"-750.00";"15980.90039";"16030.90039";"62017.52";"0.00";"IST";"SL";"0s";"-0.00"
"138";"USTEC_ICM_UTC2";"Buy";"15860.0";"15835.0";"2023.12.05 18:45:00";"2023.12.05 18:45:00";"30.0";"-750.00";"15835.00000";"15885.00000";"61267.52";"0.00";"IST";"SL";"0s";"-0.00"
"139";"USTEC_ICM_UTC2";"Buy";"15914.4";"15889.4";"2023.12.07 16:30:00";"2023.12.07 16:30:00";"30.0";"-750.00";"15889.40039";"15939.40039";"60517.52";"0.00";"IST";"SL";"0s";"-0.00"
"140";"USTEC_ICM_UTC2";"Buy";"16011.9";"15986.9";"2023.12.08 19:00:00";"2023.12.08 19:00:00";"30.0";"-750.00";"15986.90039";"16036.90039";"59767.52";"0.00";"IST";"SL";"0s";"-0.00"
"141";"USTEC_ICM_UTC2";"Buy";"16178.8";"16203.8";"2023.12.11 19:45:00";"2023.12.11 20:00:00";"30.0";"750.00";"16153.79980";"16203.79980";"60517.52";"0.00";"IST";"PT";"15m 0s";"-0.00"
"142";"USTEC_ICM_UTC2";"Buy";"16277.2";"16252.2";"2023.12.12 18:45:00";"2023.12.12 19:00:00";"30.0";"-750.00";"16252.20020";"16302.20020";"59767.52";"0.00";"IST";"SL";"15m 0s";"-0.00"
"143";"USTEC_ICM_UTC2";"Buy";"16651.4";"16626.4";"2023.12.15 19:00:00";"2023.12.15 19:30:00";"30.0";"-750.00";"16626.40039";"16676.40039";"59017.52";"0.00";"IST";"SL";"30m 0s";"-0.00"
"144";"USTEC_ICM_UTC2";"Buy";"16662.5";"16687.5";"2023.12.18 18:00:00";"2023.12.18 18:15:00";"30.0";"750.00";"16637.50000";"16687.50000";"59767.52";"0.00";"IST";"PT";"15m 0s";"-0.00"
"145";"USTEC_ICM_UTC2";"Buy";"16834.2";"16809.2";"2023.12.20 19:30:00";"2023.12.20 21:15:00";"30.0";"-750.00";"16809.19922";"16859.19922";"59017.52";"0.00";"IST";"SL";"1h 45m";"-0.00"
"146";"USTEC_ICM_UTC2";"Buy";"16801.1";"16826.1";"2023.12.22 16:30:00";"2023.12.22 16:30:00";"30.0";"750.00";"16776.09961";"16826.09961";"59767.52";"0.00";"IST";"PT";"0s";"-0.00"
"147";"USTEC_ICM_UTC2";"Buy";"16853.6";"16878.6";"2023.12.26 19:00:00";"2023.12.26 22:00:00";"30.0";"750.00";"16828.59961";"16878.59961";"60517.52";"0.00";"IST";"PT";"3h 0m";"-0.00"
"148";"USTEC_ICM_UTC2";"Buy";"16888.9";"16913.9";"2023.12.27 19:15:00";"2023.12.27 20:00:00";"30.0";"750.00";"16863.90039";"16913.90039";"61267.52";"0.00";"IST";"PT";"45m 0s";"-0.00"
"149";"USTEC_ICM_UTC2";"Buy";"16353.7";"16378.7";"2024.01.08 16:30:00";"2024.01.08 16:30:00";"30.0";"750.00";"16328.70020";"16378.70020";"62017.52";"0.00";"IST";"PT";"0s";"-0.00"
"150";"USTEC_ICM_UTC2";"Buy";"16635.6";"16660.6";"2024.01.09 18:45:00";"2024.01.09 18:45:00";"30.0";"750.00";"16610.59961";"16660.59961";"62767.52";"0.00";"IST";"PT";"0s";"-0.00"
"151";"USTEC_ICM_UTC2";"Buy";"16753.6";"16778.6";"2024.01.10 20:30:00";"2024.01.10 21:00:00";"30.0";"750.00";"16728.59961";"16778.59961";"63517.52";"0.00";"IST";"PT";"30m 0s";"-0.00"
"152";"USTEC_ICM_UTC2";"Buy";"16981.4";"17006.4";"2024.01.18 22:30:00";"2024.01.19 01:45:00";"30.0";"566.88";"16956.40039";"17006.40039";"64084.40";"0.00";"IST";"PT";"3h 15m";"-183.12"
"153";"USTEC_ICM_UTC2";"Buy";"17224.0";"17249.0";"2024.01.19 20:30:00";"2024.01.19 20:30:00";"30.0";"750.00";"17199.00000";"17249.00000";"64834.40";"0.00";"IST";"PT";"0s";"-0.00"
"154";"USTEC_ICM_UTC2";"Buy";"17385.4";"17410.4";"2024.01.23 22:30:00";"2024.01.23 22:45:00";"30.0";"750.00";"17360.40039";"17410.40039";"65584.40";"0.00";"IST";"PT";"15m 0s";"-0.00"
"155";"USTEC_ICM_UTC2";"Buy";"17605.7";"17630.7";"2024.01.25 18:30:00";"2024.01.25 18:45:00";"30.0";"750.00";"17580.69922";"17630.69922";"66334.40";"0.00";"IST";"PT";"15m 0s";"-0.00"
"156";"USTEC_ICM_UTC2";"Buy";"17497.8";"17472.8";"2024.01.26 18:30:00";"2024.01.26 18:30:00";"30.0";"-750.00";"17472.80078";"17522.80078";"65584.40";"0.00";"IST";"SL";"0s";"-0.00"
"157";"USTEC_ICM_UTC2";"Buy";"17475.2";"17500.2";"2024.01.29 19:15:00";"2024.01.29 21:00:00";"30.0";"750.00";"17450.19922";"17500.19922";"66334.40";"0.00";"IST";"PT";"1h 45m";"-0.00"
"158";"USTEC_ICM_UTC2";"Buy";"17252.1";"17277.1";"2024.02.01 19:45:00";"2024.02.01 19:45:00";"30.0";"750.00";"17227.09961";"17277.09961";"67084.40";"0.00";"IST";"PT";"0s";"-0.00"
"159";"USTEC_ICM_UTC2";"Buy";"17606.2";"17631.2";"2024.02.02 18:45:00";"2024.02.02 19:15:00";"30.0";"750.00";"17581.19922";"17631.19922";"67834.40";"0.00";"IST";"PT";"30m 0s";"-0.00"
"160";"USTEC_ICM_UTC2";"Buy";"17763.6";"17738.6";"2024.02.07 21:00:00";"2024.02.08 10:15:00";"30.0";"-933.12";"17738.59961";"17788.59961";"66901.28";"0.00";"IST";"SL";"13h 15m";"-183.12"
"161";"USTEC_ICM_UTC2";"Buy";"17796.7";"17771.7";"2024.02.08 20:45:00";"2024.02.08 21:00:00";"30.0";"-750.00";"17771.69922";"17821.69922";"66151.28";"0.00";"IST";"SL";"15m 0s";"-0.00"
"162";"USTEC_ICM_UTC2";"Buy";"17913.7";"17938.7";"2024.02.09 19:00:00";"2024.02.09 19:45:00";"30.0";"750.00";"17888.69922";"17938.69922";"66901.28";"0.00";"IST";"PT";"45m 0s";"-0.00"
"163";"USTEC_ICM_UTC2";"Buy";"17999.4";"18024.4";"2024.02.12 19:45:00";"2024.02.12 19:45:00";"30.0";"750.00";"17974.40039";"18024.40039";"67651.28";"0.00";"IST";"PT";"0s";"-0.00"
"164";"USTEC_ICM_UTC2";"Buy";"17846.9";"17821.9";"2024.02.15 21:00:00";"2024.02.15 21:00:00";"30.0";"-750.00";"17821.90039";"17871.90039";"66901.28";"0.00";"IST";"SL";"0s";"-0.00"
"165";"USTEC_ICM_UTC2";"Buy";"17732.6";"17707.6";"2024.02.19 17:00:00";"2024.02.20 01:00:00";"30.0";"-933.12";"17707.59961";"17757.59961";"65968.16";"0.00";"IST";"SL";"8h 0m";"-183.12"
"166";"USTEC_ICM_UTC2";"Buy";"17922.1";"17897.1";"2024.02.22 18:45:00";"2024.02.22 18:45:00";"30.0";"-750.00";"17897.09961";"17947.09961";"65218.16";"0.00";"IST";"SL";"0s";"-0.00"
"167";"USTEC_ICM_UTC2";"Buy";"18002.8";"17977.8";"2024.02.26 19:00:00";"2024.02.26 19:00:00";"30.0";"-750.00";"17977.80078";"18027.80078";"64468.16";"0.00";"IST";"SL";"0s";"-0.00"
"168";"USTEC_ICM_UTC2";"Buy";"17975.1";"17950.1";"2024.02.27 16:30:00";"2024.02.27 16:30:00";"30.0";"-750.00";"17950.09961";"18000.09961";"63718.16";"0.00";"IST";"SL";"0s";"-0.00"
"169";"USTEC_ICM_UTC2";"Buy";"17928.3";"17903.3";"2024.02.28 18:45:00";"2024.02.28 19:00:00";"30.0";"-750.00";"17903.30078";"17953.30078";"62968.16";"0.00";"IST";"SL";"15m 0s";"-0.00"
"170";"USTEC_ICM_UTC2";"Buy";"17998.4";"17973.4";"2024.02.29 21:00:00";"2024.02.29 21:45:00";"30.0";"-750.00";"17973.40039";"18023.40039";"62218.16";"0.00";"IST";"SL";"45m 0s";"-0.00"
"171";"USTEC_ICM_UTC2";"Buy";"18234.3";"18259.3";"2024.03.01 19:45:00";"2024.03.01 20:00:00";"30.0";"750.00";"18209.30078";"18259.30078";"62968.16";"0.00";"IST";"PT";"15m 0s";"-0.00"
"172";"USTEC_ICM_UTC2";"Buy";"18129.4";"18104.4";"2024.03.06 19:30:00";"2024.03.06 19:45:00";"30.0";"-750.00";"18104.40039";"18154.40039";"62218.16";"0.00";"IST";"SL";"15m 0s";"-0.00"
"173";"USTEC_ICM_UTC2";"Buy";"18286.7";"18311.7";"2024.03.07 19:30:00";"2024.03.07 20:30:00";"30.0";"750.00";"18261.69922";"18311.69922";"62968.16";"0.00";"IST";"PT";"1h 0m";"-0.00"
"174";"USTEC_ICM_UTC2";"Buy";"17939.8";"17964.8";"2024.03.11 21:30:00";"2024.03.11 21:30:00";"30.0";"750.00";"17914.80078";"17964.80078";"63718.16";"0.00";"IST";"PT";"0s";"-0.00"
"175";"USTEC_ICM_UTC2";"Buy";"18194.3";"18169.3";"2024.03.12 17:30:00";"2024.03.12 17:30:00";"30.0";"-750.00";"18169.30078";"18219.30078";"62968.16";"0.00";"IST";"SL";"0s";"-0.00"
"176";"USTEC_ICM_UTC2";"Buy";"18005.3";"18030.3";"2024.03.19 19:30:00";"2024.03.19 19:45:00";"30.0";"750.00";"17980.30078";"18030.30078";"63718.16";"0.00";"IST";"PT";"15m 0s";"-0.00"
"177";"USTEC_ICM_UTC2";"Buy";"18451.6";"18426.6";"2024.03.21 18:15:00";"2024.03.21 19:00:00";"30.0";"-750.00";"18426.59961";"18476.59961";"62968.16";"0.00";"IST";"SL";"45m 0s";"-0.00"
"178";"USTEC_ICM_UTC2";"Buy";"18364.4";"18389.4";"2024.03.22 19:30:00";"2024.03.22 19:45:00";"30.0";"750.00";"18339.40039";"18389.40039";"63718.16";"0.00";"IST";"PT";"15m 0s";"-0.00"
"179";"USTEC_ICM_UTC2";"Buy";"18295.4";"18320.4";"2024.03.25 18:30:00";"2024.03.25 19:30:00";"30.0";"750.00";"18270.40039";"18320.40039";"64468.16";"0.00";"IST";"PT";"1h 0m";"-0.00"
"180";"USTEC_ICM_UTC2";"Buy";"18236.8";"18211.8";"2024.04.03 18:15:00";"2024.04.03 18:45:00";"30.0";"-750.00";"18211.80078";"18261.80078";"63718.16";"0.00";"IST";"SL";"30m 0s";"-0.00"
"181";"USTEC_ICM_UTC2";"Buy";"18341.6";"18316.6";"2024.04.04 16:30:00";"2024.04.04 16:45:00";"30.0";"-750.00";"18316.59961";"18366.59961";"62968.16";"0.00";"IST";"SL";"15m 0s";"-0.00"
"182";"USTEC_ICM_UTC2";"Buy";"18165.7";"18140.7";"2024.04.05 19:15:00";"2024.04.05 19:30:00";"30.0";"-750.00";"18140.69922";"18190.69922";"62218.16";"0.00";"IST";"SL";"15m 0s";"-0.00"
"183";"USTEC_ICM_UTC2";"Buy";"18141.6";"18116.6";"2024.04.08 18:30:00";"2024.04.08 18:30:00";"30.0";"-750.00";"18116.59961";"18166.59961";"61468.16";"0.00";"IST";"SL";"0s";"-0.00"
"184";"USTEC_ICM_UTC2";"Buy";"18089.4";"18064.4";"2024.04.11 16:30:00";"2024.04.11 16:30:00";"30.0";"-750.00";"18064.40039";"18114.40039";"60718.16";"0.00";"IST";"SL";"0s";"-0.00"
"185";"USTEC_ICM_UTC2";"Buy";"17792.9";"17767.9";"2024.04.17 16:30:00";"2024.04.17 16:30:00";"30.0";"-750.00";"17767.90039";"17817.90039";"59968.16";"0.00";"IST";"SL";"0s";"-0.00"
"186";"USTEC_ICM_UTC2";"Buy";"17345.4";"17320.4";"2024.04.19 16:30:00";"2024.04.19 16:30:00";"30.0";"-750.00";"17320.40039";"17370.40039";"59218.16";"0.00";"IST";"SL";"0s";"-0.00"
"187";"USTEC_ICM_UTC2";"Buy";"17211.9";"17236.9";"2024.04.22 20:45:00";"2024.04.22 20:45:00";"30.0";"750.00";"17186.90039";"17236.90039";"59968.16";"0.00";"IST";"PT";"0s";"-0.00"
"188";"USTEC_ICM_UTC2";"Buy";"17287.5";"17312.5";"2024.04.23 16:30:00";"2024.04.23 16:30:00";"30.0";"750.00";"17262.50000";"17312.50000";"60718.16";"0.00";"IST";"PT";"0s";"-0.00"
"189";"USTEC_ICM_UTC2";"Buy";"17440.4";"17415.4";"2024.04.25 21:15:00";"2024.04.25 21:15:00";"30.0";"-750.00";"17415.40039";"17465.40039";"59968.16";"0.00";"IST";"SL";"0s";"-0.00"
"190";"USTEC_ICM_UTC2";"Buy";"17711.4";"17736.4";"2024.04.26 18:30:00";"2024.04.26 18:45:00";"30.0";"750.00";"17686.40039";"17736.40039";"60718.16";"0.00";"IST";"PT";"15m 0s";"-0.00"
"191";"USTEC_ICM_UTC2";"Buy";"17762.1";"17737.1";"2024.04.29 21:30:00";"2024.04.29 21:30:00";"30.0";"-750.00";"17737.09961";"17787.09961";"59968.16";"0.00";"IST";"SL";"0s";"-0.00"
"192";"USTEC_ICM_UTC2";"Buy";"17491.2";"17516.2";"2024.05.02 21:00:00";"2024.05.02 21:00:00";"30.0";"750.00";"17466.19922";"17516.19922";"60718.16";"0.00";"IST";"PT";"0s";"-0.00"
"193";"USTEC_ICM_UTC2";"Buy";"17874.5";"17899.5";"2024.05.03 19:15:00";"2024.05.03 21:00:00";"30.0";"750.00";"17849.50000";"17899.50000";"61468.16";"0.00";"IST";"PT";"1h 45m";"-0.00"
"194";"USTEC_ICM_UTC2";"Buy";"17992.0";"17967.0";"2024.05.06 18:30:00";"2024.05.06 19:15:00";"30.0";"-750.00";"17967.00000";"18017.00000";"60718.16";"0.00";"IST";"SL";"45m 0s";"-0.00"
"195";"USTEC_ICM_UTC2";"Buy";"18145.7";"18120.7";"2024.05.07 19:00:00";"2024.05.07 20:45:00";"30.0";"-750.00";"18120.69922";"18170.69922";"59968.16";"0.00";"IST";"SL";"1h 45m";"-0.00"
"196";"USTEC_ICM_UTC2";"Buy";"18116.2";"18091.2";"2024.05.09 20:00:00";"2024.05.09 20:15:00";"30.0";"-750.00";"18091.19922";"18141.19922";"59218.16";"0.00";"IST";"SL";"15m 0s";"-0.00"
"197";"USTEC_ICM_UTC2";"Buy";"18313.8";"18338.8";"2024.05.14 22:00:00";"2024.05.15 05:30:00";"30.0";"566.88";"18288.80078";"18338.80078";"59785.04";"0.00";"IST";"PT";"7h 30m";"-183.12"
"198";"USTEC_ICM_UTC2";"Buy";"18476.9";"18501.9";"2024.05.15 18:00:00";"2024.05.15 18:15:00";"30.0";"750.00";"18451.90039";"18501.90039";"60535.04";"0.00";"IST";"PT";"15m 0s";"-0.00"
"199";"USTEC_ICM_UTC2";"Buy";"18651.5";"18626.5";"2024.05.16 19:00:00";"2024.05.16 19:00:00";"30.0";"-750.00";"18626.50000";"18676.50000";"59785.04";"0.00";"IST";"SL";"0s";"-0.00"
"200";"USTEC_ICM_UTC2";"Buy";"18655.0";"18680.0";"2024.05.20 18:15:00";"2024.05.20 19:30:00";"30.0";"750.00";"18630.00000";"18680.00000";"60535.04";"0.00";"IST";"PT";"1h 15m";"-0.00"
"201";"USTEC_ICM_UTC2";"Buy";"18674.8";"18699.8";"2024.05.21 21:45:00";"2024.05.21 22:15:00";"30.0";"750.00";"18649.80078";"18699.80078";"61285.04";"0.00";"IST";"PT";"30m 0s";"-0.00"
"202";"USTEC_ICM_UTC2";"Buy";"18753.3";"18728.3";"2024.05.22 18:30:00";"2024.05.22 18:45:00";"30.0";"-750.00";"18728.30078";"18778.30078";"60535.04";"0.00";"IST";"SL";"15m 0s";"-0.00"
"203";"USTEC_ICM_UTC2";"Buy";"18829.7";"18804.7";"2024.05.24 18:30:00";"2024.05.24 20:00:00";"30.0";"-750.00";"18804.69922";"18854.69922";"59785.04";"0.00";"IST";"SL";"1h 30m";"-0.00"
"204";"USTEC_ICM_UTC2";"Buy";"18811.6";"18836.6";"2024.05.27 17:15:00";"2024.05.27 17:45:00";"30.0";"750.00";"18786.59961";"18836.59961";"60535.04";"0.00";"IST";"PT";"30m 0s";"-0.00"
"205";"USTEC_ICM_UTC2";"Buy";"18805.7";"18780.7";"2024.05.29 20:00:00";"2024.05.29 20:00:00";"30.0";"-750.00";"18780.69922";"18830.69922";"59785.04";"0.00";"IST";"SL";"0s";"-0.00"
"206";"USTEC_ICM_UTC2";"Buy";"18579.0";"18604.0";"2024.06.04 21:00:00";"2024.06.04 21:00:00";"30.0";"750.00";"18554.00000";"18604.00000";"60535.04";"0.00";"IST";"PT";"0s";"-0.00"
"207";"USTEC_ICM_UTC2";"Buy";"18873.0";"18898.0";"2024.06.05 18:00:00";"2024.06.05 18:00:00";"30.0";"750.00";"18848.00000";"18898.00000";"61285.04";"0.00";"IST";"PT";"0s";"-0.00"
"208";"USTEC_ICM_UTC2";"Buy";"19087.9";"19062.9";"2024.06.07 20:45:00";"2024.06.07 21:00:00";"30.0";"-750.00";"19062.90039";"19112.90039";"60535.04";"0.00";"IST";"SL";"15m 0s";"-0.00"
"209";"USTEC_ICM_UTC2";"Buy";"19041.4";"19066.4";"2024.06.10 18:15:00";"2024.06.10 18:30:00";"30.0";"750.00";"19016.40039";"19066.40039";"61285.04";"0.00";"IST";"PT";"15m 0s";"-0.00"
"210";"USTEC_ICM_UTC2";"Buy";"19078.1";"19103.1";"2024.06.11 19:45:00";"2024.06.11 20:00:00";"30.0";"750.00";"19053.09961";"19103.09961";"62035.04";"0.00";"IST";"PT";"15m 0s";"-0.00"
"211";"USTEC_ICM_UTC2";"Buy";"19487.1";"19462.1";"2024.06.12 18:45:00";"2024.06.12 19:30:00";"30.0";"-750.00";"19462.09961";"19512.09961";"61285.04";"0.00";"IST";"SL";"45m 0s";"-0.00"
"212";"USTEC_ICM_UTC2";"Buy";"19641.1";"19616.1";"2024.06.14 20:30:00";"2024.06.14 21:15:00";"30.0";"-750.00";"19616.09961";"19666.09961";"60535.04";"0.00";"IST";"SL";"45m 0s";"-0.00"
"213";"USTEC_ICM_UTC2";"Buy";"19741.2";"19766.2";"2024.06.17 19:15:00";"2024.06.17 19:15:00";"30.0";"750.00";"19716.19922";"19766.19922";"61285.04";"0.00";"IST";"PT";"0s";"-0.00"
"214";"USTEC_ICM_UTC2";"Buy";"19949.9";"19974.9";"2024.06.19 17:00:00";"2024.06.20 04:30:00";"30.0";"566.88";"19924.90039";"19974.90039";"61851.92";"0.00";"IST";"PT";"11h 30m";"-183.12"
"215";"USTEC_ICM_UTC2";"Buy";"19666.8";"19691.8";"2024.06.25 18:45:00";"2024.06.25 18:45:00";"30.0";"750.00";"19641.80078";"19691.80078";"62601.92";"0.00";"IST";"PT";"0s";"-0.00"
"216";"USTEC_ICM_UTC2";"Buy";"19778.3";"19803.3";"2024.06.27 20:15:00";"2024.06.27 20:30:00";"30.0";"750.00";"19753.30078";"19803.30078";"63351.92";"0.00";"IST";"PT";"15m 0s";"-0.00"
"217";"USTEC_ICM_UTC2";"Buy";"19777.7";"19752.7";"2024.07.01 19:30:00";"2024.07.01 20:00:00";"30.0";"-750.00";"19752.69922";"19802.69922";"62601.92";"0.00";"IST";"SL";"30m 0s";"-0.00"
"218";"USTEC_ICM_UTC2";"Buy";"19875.3";"19850.3";"2024.07.02 18:15:00";"2024.07.02 18:15:00";"30.0";"-750.00";"19850.30078";"19900.30078";"61851.92";"0.00";"IST";"SL";"0s";"-0.00"
"219";"USTEC_ICM_UTC2";"Buy";"20112.7";"20137.7";"2024.07.03 18:30:00";"2024.07.03 18:45:00";"30.0";"750.00";"20087.69922";"20137.69922";"62601.92";"0.00";"IST";"PT";"15m 0s";"-0.00"
"220";"USTEC_ICM_UTC2";"Buy";"20383.1";"20358.1";"2024.07.05 19:30:00";"2024.07.05 19:30:00";"30.0";"-750.00";"20358.09961";"20408.09961";"61851.92";"0.00";"IST";"SL";"0s";"-0.00"
"221";"USTEC_ICM_UTC2";"Buy";"20400.6";"20375.6";"2024.07.08 16:30:00";"2024.07.08 16:30:00";"30.0";"-750.00";"20375.59961";"20425.59961";"61101.92";"0.00";"IST";"SL";"0s";"-0.00"
"222";"USTEC_ICM_UTC2";"Buy";"20647.3";"20672.3";"2024.07.10 21:00:00";"2024.07.10 22:45:00";"30.0";"750.00";"20622.30078";"20672.30078";"61851.92";"0.00";"IST";"PT";"1h 45m";"-0.00"
"223";"USTEC_ICM_UTC2";"Buy";"20457.4";"20482.4";"2024.07.12 20:30:00";"2024.07.12 20:30:00";"30.0";"750.00";"20432.40039";"20482.40039";"62601.92";"0.00";"IST";"PT";"0s";"-0.00"
"224";"USTEC_ICM_UTC2";"Buy";"19777.1";"19752.1";"2024.07.22 16:30:00";"2024.07.22 16:30:00";"30.0";"-750.00";"19752.09961";"19802.09961";"61851.92";"0.00";"IST";"SL";"0s";"-0.00"
"225";"USTEC_ICM_UTC2";"Buy";"19875.0";"19850.0";"2024.07.23 18:45:00";"2024.07.23 19:00:00";"30.0";"-750.00";"19850.00000";"19900.00000";"61101.92";"0.00";"IST";"SL";"15m 0s";"-0.00"
"226";"USTEC_ICM_UTC2";"Buy";"19056.5";"19031.5";"2024.07.25 16:30:00";"2024.07.25 16:30:00";"30.0";"-750.00";"19031.50000";"19081.50000";"60351.92";"0.00";"IST";"SL";"0s";"-0.00"
"227";"USTEC_ICM_UTC2";"Buy";"19126.2";"19101.2";"2024.07.26 20:00:00";"2024.07.26 20:30:00";"30.0";"-750.00";"19101.19922";"19151.19922";"59601.92";"0.00";"IST";"SL";"30m 0s";"-0.00"
"228";"USTEC_ICM_UTC2";"Buy";"19331.2";"19356.2";"2024.07.31 18:15:00";"2024.07.31 18:30:00";"30.0";"750.00";"19306.19922";"19356.19922";"60351.92";"0.00";"IST";"PT";"15m 0s";"-0.00"
"229";"USTEC_ICM_UTC2";"Buy";"17992.7";"18017.7";"2024.08.05 18:30:00";"2024.08.05 18:30:00";"30.0";"750.00";"17967.69922";"18017.69922";"61101.92";"0.00";"IST";"PT";"0s";"-0.00"
"230";"USTEC_ICM_UTC2";"Buy";"18150.7";"18125.7";"2024.08.06 18:15:00";"2024.08.06 18:15:00";"30.0";"-750.00";"18125.69922";"18175.69922";"60351.92";"0.00";"IST";"SL";"0s";"-0.00"
"231";"USTEC_ICM_UTC2";"Buy";"18258.8";"18283.8";"2024.08.08 17:45:00";"2024.08.08 17:45:00";"30.0";"750.00";"18233.80078";"18283.80078";"61101.92";"0.00";"IST";"PT";"0s";"-0.00"
"232";"USTEC_ICM_UTC2";"Buy";"18538.7";"18513.7";"2024.08.09 20:45:00";"2024.08.09 20:45:00";"30.0";"-750.00";"18513.69922";"18563.69922";"60351.92";"0.00";"IST";"SL";"0s";"-0.00"
"233";"USTEC_ICM_UTC2";"Buy";"18629.8";"18654.8";"2024.08.12 18:00:00";"2024.08.12 18:00:00";"30.0";"750.00";"18604.80078";"18654.80078";"61101.92";"0.00";"IST";"PT";"0s";"-0.00"
"234";"USTEC_ICM_UTC2";"Buy";"18861.0";"18886.0";"2024.08.13 18:15:00";"2024.08.13 18:30:00";"30.0";"750.00";"18836.00000";"18886.00000";"61851.92";"0.00";"IST";"PT";"15m 0s";"-0.00"
"235";"USTEC_ICM_UTC2";"Buy";"19400.0";"19425.0";"2024.08.15 18:30:00";"2024.08.15 18:30:00";"30.0";"750.00";"19375.00000";"19425.00000";"62601.92";"0.00";"IST";"PT";"0s";"-0.00"
"236";"USTEC_ICM_UTC2";"Buy";"19544.1";"19519.1";"2024.08.16 20:30:00";"2024.08.16 20:45:00";"30.0";"-750.00";"19519.09961";"19569.09961";"61851.92";"0.00";"IST";"SL";"15m 0s";"-0.00"
"237";"USTEC_ICM_UTC2";"Buy";"19569.1";"19544.1";"2024.08.19 18:45:00";"2024.08.19 18:45:00";"30.0";"-750.00";"19544.09961";"19594.09961";"61101.92";"0.00";"IST";"SL";"0s";"-0.00"
"238";"USTEC_ICM_UTC2";"Buy";"19604.1";"19579.1";"2024.08.27 18:15:00";"2024.08.27 18:15:00";"30.0";"-750.00";"19579.09961";"19629.09961";"60351.92";"0.00";"IST";"SL";"0s";"-0.00"
"239";"USTEC_ICM_UTC2";"Buy";"19561.2";"19586.2";"2024.08.29 18:45:00";"2024.08.29 19:00:00";"30.0";"750.00";"19536.19922";"19586.19922";"61101.92";"0.00";"IST";"PT";"15m 0s";"-0.00"
"240";"USTEC_ICM_UTC2";"Buy";"19552.2";"19577.2";"2024.09.02 17:15:00";"2024.09.02 17:30:00";"30.0";"750.00";"19527.19922";"19577.19922";"61851.92";"0.00";"IST";"PT";"15m 0s";"-0.00"
"241";"USTEC_ICM_UTC2";"Buy";"18990.1";"19015.1";"2024.09.04 20:15:00";"2024.09.04 20:15:00";"30.0";"750.00";"18965.09961";"19015.09961";"62601.92";"0.00";"IST";"PT";"0s";"-0.00"
"242";"USTEC_ICM_UTC2";"Buy";"18809.0";"18834.0";"2024.09.10 21:45:00";"2024.09.10 22:30:00";"30.0";"750.00";"18784.00000";"18834.00000";"63351.92";"0.00";"IST";"PT";"45m 0s";"-0.00"
"243";"USTEC_ICM_UTC2";"Buy";"18992.6";"19017.6";"2024.09.11 20:45:00";"2024.09.11 20:45:00";"30.0";"750.00";"18967.59961";"19017.59961";"64101.92";"0.00";"IST";"PT";"0s";"-0.00"
"244";"USTEC_ICM_UTC2";"Buy";"19423.2";"19448.2";"2024.09.12 21:15:00";"2024.09.12 21:15:00";"30.0";"750.00";"19398.19922";"19448.19922";"64851.92";"0.00";"IST";"PT";"0s";"-0.00"
"245";"USTEC_ICM_UTC2";"Buy";"19517.7";"19492.7";"2024.09.13 19:00:00";"2024.09.13 19:00:00";"30.0";"-750.00";"19492.69922";"19542.69922";"64101.92";"0.00";"IST";"SL";"0s";"-0.00"
"246";"USTEC_ICM_UTC2";"Buy";"19812.2";"19787.2";"2024.09.19 16:30:00";"2024.09.19 16:30:00";"30.0";"-750.00";"19787.19922";"19837.19922";"63351.92";"0.00";"IST";"SL";"0s";"-0.00"
"247";"USTEC_ICM_UTC2";"Buy";"19799.8";"19824.8";"2024.09.20 16:30:00";"2024.09.20 16:30:00";"30.0";"750.00";"19774.80078";"19824.80078";"64101.92";"0.00";"IST";"PT";"0s";"-0.00"
"248";"USTEC_ICM_UTC2";"Buy";"19980.2";"19955.2";"2024.09.24 19:45:00";"2024.09.24 19:45:00";"30.0";"-750.00";"19955.19922";"20005.19922";"63351.92";"0.00";"IST";"SL";"0s";"-0.00"
"249";"USTEC_ICM_UTC2";"Buy";"19984.8";"19959.8";"2024.09.25 19:30:00";"2024.09.25 19:45:00";"30.0";"-750.00";"19959.80078";"20009.80078";"62601.92";"0.00";"IST";"SL";"15m 0s";"-0.00"
"250";"USTEC_ICM_UTC2";"Buy";"20022.7";"19997.7";"2024.09.30 19:30:00";"2024.09.30 19:30:00";"30.0";"-750.00";"19997.69922";"20047.69922";"61851.92";"0.00";"IST";"SL";"0s";"-0.00"
"251";"USTEC_ICM_UTC2";"Buy";"19736.0";"19711.0";"2024.10.02 16:30:00";"2024.10.02 16:30:00";"30.0";"-750.00";"19711.00000";"19761.00000";"61101.92";"0.00";"IST";"SL";"0s";"-0.00"
"252";"USTEC_ICM_UTC2";"Buy";"19839.2";"19814.2";"2024.10.03 19:00:00";"2024.10.03 19:30:00";"30.0";"-750.00";"19814.19922";"19864.19922";"60351.92";"0.00";"IST";"SL";"30m 0s";"-0.00"
"253";"USTEC_ICM_UTC2";"Buy";"19969.5";"19944.5";"2024.10.07 18:30:00";"2024.10.07 19:00:00";"30.0";"-750.00";"19944.50000";"19994.50000";"59601.92";"0.00";"IST";"SL";"30m 0s";"-0.00"
"254";"USTEC_ICM_UTC2";"Buy";"20040.3";"20065.3";"2024.10.08 18:45:00";"2024.10.08 18:45:00";"30.0";"750.00";"20015.30078";"20065.30078";"60351.92";"0.00";"IST";"PT";"0s";"-0.00"
"255";"USTEC_ICM_UTC2";"Buy";"20225.1";"20200.1";"2024.10.09 19:45:00";"2024.10.09 19:45:00";"30.0";"-750.00";"20200.09961";"20250.09961";"59601.92";"0.00";"IST";"SL";"0s";"-0.00"
"256";"USTEC_ICM_UTC2";"Buy";"20264.5";"20289.5";"2024.10.11 18:45:00";"2024.10.11 18:45:00";"30.0";"750.00";"20239.50000";"20289.50000";"60351.92";"0.00";"IST";"PT";"0s";"-0.00"
"257";"USTEC_ICM_UTC2";"Buy";"20435.4";"20460.4";"2024.10.14 19:45:00";"2024.10.14 21:30:00";"30.0";"750.00";"20410.40039";"20460.40039";"61101.92";"0.00";"IST";"PT";"1h 45m";"-0.00"
"258";"USTEC_ICM_UTC2";"Buy";"20400.4";"20375.4";"2024.10.17 16:30:00";"2024.10.17 16:30:00";"30.0";"-750.00";"20375.40039";"20425.40039";"60351.92";"0.00";"IST";"SL";"0s";"-0.00"
"259";"USTEC_ICM_UTC2";"Buy";"20334.5";"20309.5";"2024.10.18 20:45:00";"2024.10.18 21:00:00";"30.0";"-750.00";"20309.50000";"20359.50000";"59601.92";"0.00";"IST";"SL";"15m 0s";"-0.00"
"260";"USTEC_ICM_UTC2";"Buy";"20316.5";"20291.5";"2024.10.21 20:45:00";"2024.10.21 22:00:00";"30.0";"-750.00";"20291.50000";"20341.50000";"58851.92";"0.00";"IST";"SL";"1h 15m";"-0.00"
"261";"USTEC_ICM_UTC2";"Buy";"20324.1";"20299.1";"2024.10.22 18:45:00";"2024.10.22 19:00:00";"30.0";"-750.00";"20299.09961";"20349.09961";"58101.92";"0.00";"IST";"SL";"15m 0s";"-0.00"
"262";"USTEC_ICM_UTC2";"Buy";"20513.1";"20488.1";"2024.10.25 19:45:00";"2024.10.25 20:00:00";"30.0";"-750.00";"20488.09961";"20538.09961";"57351.92";"0.00";"IST";"SL";"15m 0s";"-0.00"
"263";"USTEC_ICM_UTC2";"Buy";"20456.3";"20481.3";"2024.10.29 17:30:00";"2024.10.29 17:45:00";"30.0";"750.00";"20431.30078";"20481.30078";"58101.92";"0.00";"IST";"PT";"15m 0s";"-0.00"
"264";"USTEC_ICM_UTC2";"Buy";"20099.4";"20124.4";"2024.11.01 18:30:00";"2024.11.01 18:30:00";"30.0";"750.00";"20074.40039";"20124.40039";"58851.92";"0.00";"IST";"PT";"0s";"-0.00"
"265";"USTEC_ICM_UTC2";"Buy";"20179.4";"20204.4";"2024.11.05 18:30:00";"2024.11.05 18:30:00";"30.0";"750.00";"20154.40039";"20204.40039";"59601.92";"0.00";"IST";"PT";"0s";"-0.00"
"266";"USTEC_ICM_UTC2";"Buy";"20673.7";"20698.7";"2024.11.06 18:45:00";"2024.11.06 19:45:00";"30.0";"750.00";"20648.69922";"20698.69922";"60351.92";"0.00";"IST";"PT";"1h 0m";"-0.00"
"267";"USTEC_ICM_UTC2";"Buy";"20883.3";"20908.3";"2024.11.07 16:30:00";"2024.11.07 16:30:00";"30.0";"750.00";"20858.30078";"20908.30078";"61101.92";"0.00";"IST";"PT";"0s";"-0.00"
"268";"USTEC_ICM_UTC2";"Buy";"21094.3";"21119.3";"2024.11.08 19:30:00";"2024.11.08 20:00:00";"30.0";"750.00";"21069.30078";"21119.30078";"61851.92";"0.00";"IST";"PT";"30m 0s";"-0.00"
"269";"USTEC_ICM_UTC2";"Buy";"21106.7";"21131.7";"2024.11.12 16:30:00";"2024.11.12 16:30:00";"30.0";"750.00";"21081.69922";"21131.69922";"62601.92";"0.00";"IST";"PT";"0s";"-0.00"
"270";"USTEC_ICM_UTC2";"Buy";"20588.2";"20613.2";"2024.11.18 18:00:00";"2024.11.18 18:00:00";"30.0";"750.00";"20563.19922";"20613.19922";"63351.92";"0.00";"IST";"PT";"0s";"-0.00"
"271";"USTEC_ICM_UTC2";"Buy";"20601.7";"20626.7";"2024.11.19 19:45:00";"2024.11.19 20:00:00";"30.0";"750.00";"20576.69922";"20626.69922";"64101.92";"0.00";"IST";"PT";"15m 0s";"-0.00"
"272";"USTEC_ICM_UTC2";"Buy";"20762.8";"20737.8";"2024.11.22 19:30:00";"2024.11.22 19:30:00";"30.0";"-750.00";"20737.80078";"20787.80078";"63351.92";"0.00";"IST";"SL";"0s";"-0.00"
"273";"USTEC_ICM_UTC2";"Buy";"20869.2";"20894.2";"2024.11.26 19:30:00";"2024.11.26 19:30:00";"30.0";"750.00";"20844.19922";"20894.19922";"64101.92";"0.00";"IST";"PT";"0s";"-0.00"
"274";"USTEC_ICM_UTC2";"Buy";"20824.6";"20799.6";"2024.11.28 17:00:00";"2024.11.29 02:30:00";"30.0";"-933.12";"20799.59961";"20849.59961";"63168.80";"0.00";"IST";"SL";"9h 30m";"-183.12"
"275";"USTEC_ICM_UTC2";"Buy";"20929.0";"20954.0";"2024.11.29 18:30:00";"2024.11.29 19:45:00";"30.0";"750.00";"20904.00000";"20954.00000";"63918.80";"0.00";"IST";"PT";"1h 15m";"-0.00"
"276";"USTEC_ICM_UTC2";"Buy";"21170.6";"21195.6";"2024.12.02 19:00:00";"2024.12.02 19:15:00";"30.0";"750.00";"21145.59961";"21195.59961";"64668.80";"0.00";"IST";"PT";"15m 0s";"-0.00"
"277";"USTEC_ICM_UTC2";"Buy";"21198.8";"21223.8";"2024.12.03 22:15:00";"2024.12.03 22:45:00";"30.0";"750.00";"21173.80078";"21223.80078";"65418.80";"0.00";"IST";"PT";"30m 0s";"-0.00"
"278";"USTEC_ICM_UTC2";"Buy";"21430.1";"21405.1";"2024.12.04 18:15:00";"2024.12.04 18:30:00";"30.0";"-750.00";"21405.09961";"21455.09961";"64668.80";"0.00";"IST";"SL";"15m 0s";"-0.00"
"279";"USTEC_ICM_UTC2";"Buy";"21479.8";"21504.8";"2024.12.05 19:00:00";"2024.12.05 19:00:00";"30.0";"750.00";"21454.80078";"21504.80078";"65418.80";"0.00";"IST";"PT";"0s";"-0.00"
"280";"USTEC_ICM_UTC2";"Buy";"21616.6";"21591.6";"2024.12.06 20:30:00";"2024.12.06 21:00:00";"30.0";"-750.00";"21591.59961";"21641.59961";"64668.80";"0.00";"IST";"SL";"30m 0s";"-0.00"
"281";"USTEC_ICM_UTC2";"Buy";"21716.0";"21741.0";"2024.12.11 18:45:00";"2024.12.11 19:00:00";"30.0";"750.00";"21691.00000";"21741.00000";"65418.80";"0.00";"IST";"PT";"15m 0s";"-0.00"
"282";"USTEC_ICM_UTC2";"Buy";"21699.8";"21674.8";"2024.12.12 20:30:00";"2024.12.12 20:45:00";"30.0";"-750.00";"21674.80078";"21724.80078";"64668.80";"0.00";"IST";"SL";"15m 0s";"-0.00"
"283";"USTEC_ICM_UTC2";"Buy";"22042.3";"22067.3";"2024.12.16 19:30:00";"2024.12.16 19:45:00";"30.0";"750.00";"22017.30078";"22067.30078";"65418.80";"0.00";"IST";"PT";"15m 0s";"-0.00"
"284";"USTEC_ICM_UTC2";"Buy";"21552.7";"21527.7";"2024.12.20 19:30:00";"2024.12.20 19:30:00";"30.0";"-750.00";"21527.69922";"21577.69922";"64668.80";"0.00";"IST";"SL";"0s";"-0.00"
"285";"USTEC_ICM_UTC2";"Buy";"21438.8";"21463.8";"2024.12.23 19:45:00";"2024.12.23 20:00:00";"30.0";"750.00";"21413.80078";"21463.80078";"65418.80";"0.00";"IST";"PT";"15m 0s";"-0.00"
"286";"USTEC_ICM_UTC2";"Buy";"21722.6";"21697.6";"2024.12.24 18:30:00";"2024.12.24 19:30:00";"30.0";"-750.00";"21697.59961";"21747.59961";"64668.80";"0.00";"IST";"SL";"1h 0m";"-0.00"
"287";"USTEC_ICM_UTC2";"Buy";"21779.6";"21754.6";"2024.12.26 18:15:00";"2024.12.26 18:15:00";"30.0";"-750.00";"21754.59961";"21804.59961";"63918.80";"0.00";"IST";"SL";"0s";"-0.00"
"288";"USTEC_ICM_UTC2";"Buy";"21251.1";"21276.1";"2024.12.30 22:45:00";"2024.12.30 22:45:00";"30.0";"750.00";"21226.09961";"21276.09961";"64668.80";"0.00";"IST";"PT";"0s";"-0.00"
"289";"USTEC_ICM_UTC2";"Buy";"21266.9";"21291.9";"2025.01.03 19:00:00";"2025.01.03 20:15:00";"30.0";"750.00";"21241.90039";"21291.90039";"65418.80";"0.00";"IST";"PT";"1h 15m";"-0.00"
"290";"USTEC_ICM_UTC2";"Buy";"21664.4";"21639.4";"2025.01.06 19:00:00";"2025.01.06 19:15:00";"30.0";"-750.00";"21639.40039";"21689.40039";"64668.80";"0.00";"IST";"SL";"15m 0s";"-0.00"
"291";"USTEC_ICM_UTC2";"Buy";"21154.7";"21129.7";"2025.01.08 22:00:00";"2025.01.08 22:00:00";"30.0";"-750.00";"21129.69922";"21179.69922";"63918.80";"0.00";"IST";"SL";"0s";"-0.00"
"292";"USTEC_ICM_UTC2";"Buy";"20659.8";"20684.8";"2025.01.13 19:45:00";"2025.01.13 19:45:00";"30.0";"750.00";"20634.80078";"20684.80078";"64668.80";"0.00";"IST";"PT";"0s";"-0.00"
"293";"USTEC_ICM_UTC2";"Buy";"21095.4";"21070.4";"2025.01.15 16:30:00";"2025.01.15 16:30:00";"30.0";"-750.00";"21070.40039";"21120.40039";"63918.80";"0.00";"IST";"SL";"0s";"-0.00"
"294";"USTEC_ICM_UTC2";"Buy";"21442.1";"21467.1";"2025.01.17 18:15:00";"2025.01.17 18:15:00";"30.0";"750.00";"21417.09961";"21467.09961";"64668.80";"0.00";"IST";"PT";"0s";"-0.00"
"295";"USTEC_ICM_UTC2";"Buy";"21768.5";"21793.5";"2025.01.22 16:30:00";"2025.01.22 16:30:00";"30.0";"750.00";"21743.50000";"21793.50000";"65418.80";"0.00";"IST";"PT";"0s";"-0.00"
"296";"USTEC_ICM_UTC2";"Buy";"21783.0";"21758.0";"2025.01.23 19:30:00";"2025.01.23 19:30:00";"30.0";"-750.00";"21758.00000";"21808.00000";"64668.80";"0.00";"IST";"SL";"0s";"-0.00"
"297";"USTEC_ICM_UTC2";"Buy";"21094.2";"21119.2";"2025.01.27 18:45:00";"2025.01.27 18:45:00";"30.0";"750.00";"21069.19922";"21119.19922";"65418.80";"0.00";"IST";"PT";"0s";"-0.00"
"298";"USTEC_ICM_UTC2";"Buy";"21426.6";"21401.6";"2025.01.28 19:30:00";"2025.01.28 19:45:00";"30.0";"-750.00";"21401.59961";"21451.59961";"64668.80";"0.00";"IST";"SL";"15m 0s";"-0.00"
"299";"USTEC_ICM_UTC2";"Buy";"21786.6";"21761.6";"2025.01.31 19:00:00";"2025.01.31 19:00:00";"30.0";"-750.00";"21761.59961";"21811.59961";"63918.80";"0.00";"IST";"SL";"0s";"-0.00"
"300";"USTEC_ICM_UTC2";"Buy";"21285.8";"21310.8";"2025.02.03 19:15:00";"2025.02.03 19:15:00";"30.0";"750.00";"21260.80078";"21310.80078";"64668.80";"0.00";"IST";"PT";"0s";"-0.00"
"301";"USTEC_ICM_UTC2";"Buy";"21528.6";"21553.6";"2025.02.04 18:00:00";"2025.02.04 18:00:00";"30.0";"750.00";"21503.59961";"21553.59961";"65418.80";"0.00";"IST";"PT";"0s";"-0.00"
"302";"USTEC_ICM_UTC2";"Buy";"21492.2";"21517.2";"2025.02.05 18:00:00";"2025.02.05 18:00:00";"30.0";"750.00";"21467.19922";"21517.19922";"66168.80";"0.00";"OOS1";"PT";"0s";"-0.00"
"303";"USTEC_ICM_UTC2";"Buy";"21713.0";"21688.0";"2025.02.06 21:00:00";"2025.02.06 21:15:00";"30.0";"-750.00";"21688.00000";"21738.00000";"65418.80";"0.00";"OOS1";"SL";"15m 0s";"-0.00"
"304";"USTEC_ICM_UTC2";"Buy";"21792.0";"21817.0";"2025.02.07 16:30:00";"2025.02.07 16:30:00";"30.0";"750.00";"21767.00000";"21817.00000";"66168.80";"0.00";"OOS1";"PT";"0s";"-0.00"
"305";"USTEC_ICM_UTC2";"Buy";"21779.2";"21754.2";"2025.02.10 17:45:00";"2025.02.10 18:15:00";"30.0";"-750.00";"21754.19922";"21804.19922";"65418.80";"0.00";"OOS1";"SL";"30m 0s";"-0.00"
"306";"USTEC_ICM_UTC2";"Buy";"21748.3";"21723.3";"2025.02.11 18:15:00";"2025.02.11 18:45:00";"30.0";"-750.00";"21723.30078";"21773.30078";"64668.80";"0.00";"OOS1";"SL";"30m 0s";"-0.00"
"307";"USTEC_ICM_UTC2";"Buy";"21952.2";"21927.2";"2025.02.13 18:00:00";"2025.02.13 18:15:00";"30.0";"-750.00";"21927.19922";"21977.19922";"63918.80";"0.00";"OOS1";"SL";"15m 0s";"-0.00"
"308";"USTEC_ICM_UTC2";"Buy";"22023.4";"22048.4";"2025.02.14 19:30:00";"2025.02.14 19:45:00";"30.0";"750.00";"21998.40039";"22048.40039";"64668.80";"0.00";"OOS1";"PT";"15m 0s";"-0.00"
"309";"USTEC_ICM_UTC2";"Buy";"20577.2";"20602.2";"2025.03.04 22:00:00";"2025.03.04 22:00:00";"30.0";"750.00";"20552.19922";"20602.19922";"65418.80";"0.00";"OOS1";"PT";"0s";"-0.00"
"310";"USTEC_ICM_UTC2";"Buy";"20467.9";"20442.9";"2025.03.05 20:30:00";"2025.03.05 20:30:00";"30.0";"-750.00";"20442.90039";"20492.90039";"64668.80";"0.00";"OOS1";"SL";"0s";"-0.00"
"311";"USTEC_ICM_UTC2";"Buy";"20162.5";"20187.5";"2025.03.07 22:00:00";"2025.03.07 22:00:00";"30.0";"750.00";"20137.50000";"20187.50000";"65418.80";"0.00";"OOS1";"PT";"0s";"-0.00"
"312";"USTEC_ICM_UTC2";"Buy";"19672.2";"19647.2";"2025.03.14 19:00:00";"2025.03.14 19:00:00";"30.0";"-750.00";"19647.19922";"19697.19922";"64668.80";"0.00";"OOS1";"SL";"0s";"-0.00"
"313";"USTEC_ICM_UTC2";"Buy";"19807.2";"19832.2";"2025.03.17 20:00:00";"2025.03.17 20:00:00";"30.0";"750.00";"19782.19922";"19832.19922";"65418.80";"0.00";"OOS1";"PT";"0s";"-0.00"
"314";"USTEC_ICM_UTC2";"Buy";"19690.7";"19665.7";"2025.03.19 18:30:00";"2025.03.19 18:30:00";"30.0";"-750.00";"19665.69922";"19715.69922";"64668.80";"0.00";"OOS1";"SL";"0s";"-0.00"
"315";"USTEC_ICM_UTC2";"Buy";"19819.6";"19794.6";"2025.03.20 17:30:00";"2025.03.20 17:30:00";"30.0";"-750.00";"19794.59961";"19844.59961";"63918.80";"0.00";"OOS1";"SL";"0s";"-0.00"
"316";"USTEC_ICM_UTC2";"Buy";"19623.5";"19648.5";"2025.03.21 19:30:00";"2025.03.21 19:30:00";"30.0";"750.00";"19598.50000";"19648.50000";"64668.80";"0.00";"OOS1";"PT";"0s";"-0.00"
"317";"USTEC_ICM_UTC2";"Buy";"20152.6";"20127.6";"2025.03.24 17:30:00";"2025.03.24 17:30:00";"30.0";"-750.00";"20127.59961";"20177.59961";"63918.80";"0.00";"OOS1";"SL";"0s";"-0.00"
"318";"USTEC_ICM_UTC2";"Buy";"20280.7";"20255.7";"2025.03.25 17:15:00";"2025.03.25 17:30:00";"30.0";"-750.00";"20255.69922";"20305.69922";"63168.80";"0.00";"OOS1";"SL";"15m 0s";"-0.00"
"319";"USTEC_ICM_UTC2";"Buy";"19046.2";"19071.2";"2025.03.31 20:45:00";"2025.03.31 20:45:00";"30.0";"750.00";"19021.19922";"19071.19922";"63918.80";"0.00";"OOS1";"PT";"0s";"-0.00"
"320";"USTEC_ICM_UTC2";"Buy";"19402.2";"19427.2";"2025.04.01 18:45:00";"2025.04.01 18:45:00";"30.0";"750.00";"19377.19922";"19427.19922";"64668.80";"0.00";"OOS1";"PT";"0s";"-0.00"
"321";"USTEC_ICM_UTC2";"Buy";"19601.3";"19626.3";"2025.04.02 19:45:00";"2025.04.02 19:45:00";"30.0";"750.00";"19576.30078";"19626.30078";"65418.80";"0.00";"OOS1";"PT";"0s";"-0.00"
"322";"USTEC_ICM_UTC2";"Buy";"17561.2";"17536.2";"2025.04.07 20:45:00";"2025.04.07 20:45:00";"30.0";"-750.00";"17536.19922";"17586.19922";"64668.80";"0.00";"OOS1";"SL";"0s";"-0.00"
"323";"USTEC_ICM_UTC2";"Buy";"18020.3";"18045.3";"2025.04.08 16:30:00";"2025.04.08 16:30:00";"30.0";"750.00";"17995.30078";"18045.30078";"65418.80";"0.00";"OOS1";"PT";"0s";"-0.00"
"324";"USTEC_ICM_UTC2";"Buy";"19034.1";"19009.1";"2025.04.09 22:45:00";"2025.04.09 22:45:00";"30.0";"-750.00";"19009.09961";"19059.09961";"64668.80";"0.00";"OOS1";"SL";"0s";"-0.00"
"325";"USTEC_ICM_UTC2";"Buy";"18651.8";"18626.8";"2025.04.11 21:15:00";"2025.04.11 21:15:00";"30.0";"-750.00";"18626.80078";"18676.80078";"63918.80";"0.00";"OOS1";"SL";"0s";"-0.00"
"326";"USTEC_ICM_UTC2";"Buy";"18920.8";"18945.8";"2025.04.15 18:15:00";"2025.04.15 18:15:00";"30.0";"750.00";"18895.80078";"18945.80078";"64668.80";"0.00";"OOS1";"PT";"0s";"-0.00"
"327";"USTEC_ICM_UTC2";"Buy";"18258.5";"18233.5";"2025.04.22 18:15:00";"2025.04.22 18:30:00";"30.0";"-750.00";"18233.50000";"18283.50000";"63918.80";"0.00";"OOS1";"SL";"15m 0s";"-0.00"
"328";"USTEC_ICM_UTC2";"Buy";"19080.6";"19105.6";"2025.04.24 19:15:00";"2025.04.24 19:15:00";"30.0";"750.00";"19055.59961";"19105.59961";"64668.80";"0.00";"OOS1";"PT";"0s";"-0.00"
"329";"USTEC_ICM_UTC2";"Buy";"19359.5";"19334.5";"2025.04.25 19:45:00";"2025.04.25 19:45:00";"30.0";"-750.00";"19334.50000";"19384.50000";"63918.80";"0.00";"OOS1";"SL";"0s";"-0.00"
"330";"USTEC_ICM_UTC2";"Buy";"19416.9";"19441.9";"2025.04.29 20:15:00";"2025.04.29 20:15:00";"30.0";"750.00";"19391.90039";"19441.90039";"64668.80";"0.00";"OOS1";"PT";"0s";"-0.00"
"331";"USTEC_ICM_UTC2";"Buy";"20079.9";"20054.9";"2025.05.02 18:15:00";"2025.05.02 18:15:00";"30.0";"-750.00";"20054.90039";"20104.90039";"63918.80";"0.00";"OOS1";"SL";"0s";"-0.00"
"332";"USTEC_ICM_UTC2";"Buy";"20008.2";"20033.2";"2025.05.05 18:15:00";"2025.05.05 18:15:00";"30.0";"750.00";"19983.19922";"20033.19922";"64668.80";"0.00";"OOS1";"PT";"0s";"-0.00"
"333";"USTEC_ICM_UTC2";"Buy";"19808.0";"19833.0";"2025.05.06 19:00:00";"2025.05.06 19:00:00";"30.0";"750.00";"19783.00000";"19833.00000";"65418.80";"0.00";"OOS1";"PT";"0s";"-0.00"
"334";"USTEC_ICM_UTC2";"Buy";"20221.3";"20196.3";"2025.05.08 19:15:00";"2025.05.08 19:15:00";"30.0";"-750.00";"20196.30078";"20246.30078";"64668.80";"0.00";"OOS1";"SL";"0s";"-0.00"
"335";"USTEC_ICM_UTC2";"Buy";"21167.0";"21192.0";"2025.05.13 18:15:00";"2025.05.13 18:15:00";"30.0";"750.00";"21142.00000";"21192.00000";"65418.80";"0.00";"OOS1";"PT";"0s";"-0.00"
"336";"USTEC_ICM_UTC2";"Buy";"21307.6";"21282.6";"2025.05.14 18:45:00";"2025.05.14 18:45:00";"30.0";"-750.00";"21282.59961";"21332.59961";"64668.80";"0.00";"OOS1";"SL";"0s";"-0.00"
"337";"USTEC_ICM_UTC2";"Buy";"21347.0";"21372.0";"2025.05.15 19:00:00";"2025.05.15 19:00:00";"30.0";"750.00";"21322.00000";"21372.00000";"65418.80";"0.00";"OOS1";"PT";"0s";"-0.00"
"338";"USTEC_ICM_UTC2";"Buy";"21416.5";"21391.5";"2025.05.16 22:30:00";"2025.05.16 22:30:00";"30.0";"-750.00";"21391.50000";"21441.50000";"64668.80";"0.00";"OOS1";"SL";"0s";"-0.00"
"339";"USTEC_ICM_UTC2";"Buy";"21366.8";"21391.8";"2025.05.19 19:15:00";"2025.05.19 19:15:00";"30.0";"750.00";"21341.80078";"21391.80078";"65418.80";"0.00";"OOS1";"PT";"0s";"-0.00"
"340";"USTEC_ICM_UTC2";"Buy";"21450.7";"21475.7";"2025.05.21 18:45:00";"2025.05.21 19:00:00";"30.0";"750.00";"21425.69922";"21475.69922";"66168.80";"0.00";"OOS1";"PT";"15m 0s";"-0.00"
"341";"USTEC_ICM_UTC2";"Buy";"21180.2";"21155.2";"2025.05.22 19:45:00";"2025.05.22 19:45:00";"30.0";"-750.00";"21155.19922";"21205.19922";"65418.80";"0.00";"OOS1";"SL";"0s";"-0.00"
"342";"USTEC_ICM_UTC2";"Buy";"20994.7";"21019.7";"2025.05.23 21:00:00";"2025.05.23 21:00:00";"30.0";"750.00";"20969.69922";"21019.69922";"66168.80";"0.00";"OOS1";"PT";"0s";"-0.00"
"343";"USTEC_ICM_UTC2";"Buy";"21221.1";"21196.1";"2025.05.26 17:15:00";"2025.05.26 17:30:00";"30.0";"-750.00";"21196.09961";"21246.09961";"65418.80";"0.00";"OOS1";"SL";"15m 0s";"-0.00"
"344";"USTEC_ICM_UTC2";"Buy";"21318.9";"21293.9";"2025.05.27 17:45:00";"2025.05.27 17:45:00";"30.0";"-750.00";"21293.90039";"21343.90039";"64668.80";"0.00";"OOS1";"SL";"0s";"-0.00"
"345";"USTEC_ICM_UTC2";"Buy";"21247.6";"21272.6";"2025.06.02 16:30:00";"2025.06.02 16:30:00";"30.0";"750.00";"21222.59961";"21272.59961";"65418.80";"0.00";"OOS1";"PT";"0s";"-0.00"
"346";"USTEC_ICM_UTC2";"Buy";"21581.8";"21556.8";"2025.06.03 17:30:00";"2025.06.03 17:30:00";"30.0";"-750.00";"21556.80078";"21606.80078";"64668.80";"0.00";"OOS1";"SL";"0s";"-0.00"
"347";"USTEC_ICM_UTC2";"Buy";"21717.4";"21692.4";"2025.06.04 18:30:00";"2025.06.04 19:00:00";"30.0";"-750.00";"21692.40039";"21742.40039";"63918.80";"0.00";"OOS1";"SL";"30m 0s";"-0.00"
"348";"USTEC_ICM_UTC2";"Buy";"21834.0";"21859.0";"2025.06.05 18:15:00";"2025.06.05 18:15:00";"30.0";"750.00";"21809.00000";"21859.00000";"64668.80";"0.00";"OOS1";"PT";"0s";"-0.00"
"349";"USTEC_ICM_UTC2";"Buy";"21788.7";"21813.7";"2025.06.06 18:00:00";"2025.06.06 18:00:00";"30.0";"750.00";"21763.69922";"21813.69922";"65418.80";"0.00";"OOS1";"PT";"0s";"-0.00"
"350";"USTEC_ICM_UTC2";"Buy";"21805.3";"21830.3";"2025.06.09 18:45:00";"2025.06.09 19:45:00";"30.0";"750.00";"21780.30078";"21830.30078";"66168.80";"0.00";"OOS1";"PT";"1h 0m";"-0.00"
"351";"USTEC_ICM_UTC2";"Buy";"21849.4";"21824.4";"2025.06.10 17:30:00";"2025.06.10 18:00:00";"30.0";"-750.00";"21824.40039";"21874.40039";"65418.80";"0.00";"OOS1";"SL";"30m 0s";"-0.00"
"352";"USTEC_ICM_UTC2";"Buy";"21993.3";"21968.3";"2025.06.11 16:30:00";"2025.06.11 16:30:00";"30.0";"-750.00";"21968.30078";"22018.30078";"64668.80";"0.00";"OOS1";"SL";"0s";"-0.00"
"353";"USTEC_ICM_UTC2";"Buy";"21805.6";"21830.6";"2025.06.12 16:30:00";"2025.06.12 16:30:00";"30.0";"750.00";"21780.59961";"21830.59961";"65418.80";"0.00";"OOS1";"PT";"0s";"-0.00"
"354";"USTEC_ICM_UTC2";"Buy";"21747.1";"21772.1";"2025.06.13 18:15:00";"2025.06.13 18:15:00";"30.0";"750.00";"21722.09961";"21772.09961";"66168.80";"0.00";"OOS1";"PT";"0s";"-0.00"
"355";"USTEC_ICM_UTC2";"Buy";"21959.3";"21934.3";"2025.06.16 17:30:00";"2025.06.16 17:45:00";"30.0";"-750.00";"21934.30078";"21984.30078";"65418.80";"0.00";"OOS1";"SL";"15m 0s";"-0.00"
"356";"USTEC_ICM_UTC2";"Buy";"21874.6";"21849.6";"2025.06.17 19:30:00";"2025.06.17 19:30:00";"30.0";"-750.00";"21849.59961";"21899.59961";"64668.80";"0.00";"OOS1";"SL";"0s";"-0.00"
"357";"USTEC_ICM_UTC2";"Buy";"21856.5";"21831.5";"2025.06.18 17:45:00";"2025.06.18 17:45:00";"30.0";"-750.00";"21831.50000";"21881.50000";"63918.80";"0.00";"OOS1";"SL";"0s";"-0.00"
"358";"USTEC_ICM_UTC2";"Buy";"21786.5";"21761.5";"2025.06.23 17:45:00";"2025.06.23 17:45:00";"30.0";"-750.00";"21761.50000";"21811.50000";"63168.80";"0.00";"OOS1";"SL";"0s";"-0.00"
"359";"USTEC_ICM_UTC2";"Buy";"22189.8";"22214.8";"2025.06.24 20:45:00";"2025.06.24 22:00:00";"30.0";"750.00";"22164.80078";"22214.80078";"63918.80";"0.00";"OOS1";"PT";"1h 15m";"-0.00"
"360";"USTEC_ICM_UTC2";"Buy";"22393.0";"22418.0";"2025.06.26 19:30:00";"2025.06.26 20:30:00";"30.0";"750.00";"22368.00000";"22418.00000";"64668.80";"0.00";"OOS1";"PT";"1h 0m";"-0.00"
"361";"USTEC_ICM_UTC2";"Buy";"22593.3";"22568.3";"2025.06.27 19:00:00";"2025.06.27 19:15:00";"30.0";"-750.00";"22568.30078";"22618.30078";"63918.80";"0.00";"OOS1";"SL";"15m 0s";"-0.00"
"362";"USTEC_ICM_UTC2";"Buy";"22602.1";"22627.1";"2025.07.02 18:45:00";"2025.07.02 19:00:00";"30.0";"750.00";"22577.09961";"22627.09961";"64668.80";"0.00";"OOS1";"PT";"15m 0s";"-0.00"
"363";"USTEC_ICM_UTC2";"Buy";"22865.4";"22890.4";"2025.07.03 18:30:00";"2025.07.03 18:30:00";"30.0";"750.00";"22840.40039";"22890.40039";"65418.80";"0.00";"OOS1";"PT";"0s";"-0.00"
"364";"USTEC_ICM_UTC2";"Buy";"22725.6";"22700.6";"2025.07.08 20:00:00";"2025.07.08 20:15:00";"30.0";"-750.00";"22700.59961";"22750.59961";"64668.80";"0.00";"OOS1";"SL";"15m 0s";"-0.00"
"365";"USTEC_ICM_UTC2";"Buy";"22812.5";"22837.5";"2025.07.11 19:30:00";"2025.07.11 20:00:00";"30.0";"750.00";"22787.50000";"22837.50000";"65418.80";"0.00";"OOS1";"PT";"30m 0s";"-0.00"
"366";"USTEC_ICM_UTC2";"Buy";"22833.7";"22858.7";"2025.07.14 18:30:00";"2025.07.14 19:45:00";"30.0";"750.00";"22808.69922";"22858.69922";"66168.80";"0.00";"OOS1";"PT";"1h 15m";"-0.00"
"367";"USTEC_ICM_UTC2";"Buy";"23058.9";"23083.9";"2025.07.17 18:30:00";"2025.07.17 19:00:00";"30.0";"750.00";"23033.90039";"23083.90039";"66918.80";"0.00";"OOS1";"PT";"30m 0s";"-0.00"
"368";"USTEC_ICM_UTC2";"Buy";"23236.9";"23211.9";"2025.07.21 18:30:00";"2025.07.21 19:00:00";"30.0";"-750.00";"23211.90039";"23261.90039";"66168.80";"0.00";"OOS1";"SL";"30m 0s";"-0.00"
"369";"USTEC_ICM_UTC2";"Buy";"23145.6";"23120.6";"2025.07.23 21:45:00";"2025.07.23 22:30:00";"30.0";"-750.00";"23120.59961";"23170.59961";"65418.80";"0.00";"OOS1";"SL";"45m 0s";"-0.00"
"370";"USTEC_ICM_UTC2";"Buy";"23238.9";"23263.9";"2025.07.24 20:45:00";"2025.07.24 21:00:00";"30.0";"750.00";"23213.90039";"23263.90039";"66168.80";"0.00";"OOS1";"PT";"15m 0s";"-0.00"
"371";"USTEC_ICM_UTC2";"Buy";"23262.2";"23287.2";"2025.07.25 18:15:00";"2025.07.25 19:00:00";"30.0";"750.00";"23237.19922";"23287.19922";"66918.80";"0.00";"OOS1";"PT";"45m 0s";"-0.00"
"372";"USTEC_ICM_UTC2";"Buy";"23397.4";"23422.4";"2025.07.30 20:00:00";"2025.07.30 21:30:00";"30.0";"750.00";"23372.40039";"23422.40039";"67668.80";"0.00";"OOS1";"PT";"1h 30m";"-0.00"
"373";"USTEC_ICM_UTC2";"Buy";"23130.2";"23105.2";"2025.08.04 17:30:00";"2025.08.04 17:30:00";"30.0";"-750.00";"23105.19922";"23155.19922";"66918.80";"0.00";"OOS1";"SL";"0s";"-0.00"
"374";"USTEC_ICM_UTC2";"Buy";"23258.1";"23233.1";"2025.08.06 19:15:00";"2025.08.06 19:45:00";"30.0";"-750.00";"23233.09961";"23283.09961";"66168.80";"0.00";"OOS1";"SL";"30m 0s";"-0.00"
"375";"USTEC_ICM_UTC2";"Buy";"23563.2";"23538.2";"2025.08.08 18:30:00";"2025.08.08 18:30:00";"30.0";"-750.00";"23538.19922";"23588.19922";"65418.80";"0.00";"OOS1";"SL";"0s";"-0.00"
"376";"USTEC_ICM_UTC2";"Buy";"23652.3";"23627.3";"2025.08.11 17:45:00";"2025.08.11 17:45:00";"30.0";"-750.00";"23627.30078";"23677.30078";"64668.80";"0.00";"OOS1";"SL";"0s";"-0.00"
"377";"USTEC_ICM_UTC2";"Buy";"23625.8";"23650.8";"2025.08.12 16:30:00";"2025.08.12 16:45:00";"30.0";"750.00";"23600.80078";"23650.80078";"65418.80";"0.00";"OOS1";"PT";"15m 0s";"-0.00"
"378";"USTEC_ICM_UTC2";"Buy";"23807.8";"23832.8";"2025.08.14 21:30:00";"2025.08.14 21:45:00";"30.0";"750.00";"23782.80078";"23832.80078";"66168.80";"0.00";"OOS1";"PT";"15m 0s";"-0.00"
"379";"USTEC_ICM_UTC2";"Buy";"23554.1";"23529.1";"2025.08.22 20:00:00";"2025.08.22 20:45:00";"30.0";"-750.00";"23529.09961";"23579.09961";"65418.80";"0.00";"OOS1";"SL";"45m 0s";"-0.00"
"380";"USTEC_ICM_UTC2";"Buy";"23518.7";"23543.7";"2025.08.25 18:15:00";"2025.08.25 18:45:00";"30.0";"750.00";"23493.69922";"23543.69922";"66168.80";"0.00";"OOS1";"PT";"30m 0s";"-0.00"
"381";"USTEC_ICM_UTC2";"Buy";"23465.2";"23440.2";"2025.08.26 18:15:00";"2025.08.26 18:15:00";"30.0";"-750.00";"23440.19922";"23490.19922";"65418.80";"0.00";"OOS1";"SL";"0s";"-0.00"
"382";"USTEC_ICM_UTC2";"Buy";"23587.3";"23562.3";"2025.08.27 21:30:00";"2025.08.27 21:45:00";"30.0";"-750.00";"23562.30078";"23612.30078";"64668.80";"0.00";"OOS1";"SL";"15m 0s";"-0.00"
"383";"USTEC_ICM_UTC2";"Buy";"23627.4";"23652.4";"2025.08.28 19:00:00";"2025.08.28 19:00:00";"30.0";"750.00";"23602.40039";"23652.40039";"65418.80";"0.00";"OOS1";"PT";"0s";"-0.00"
"384";"USTEC_ICM_UTC2";"Buy";"23506.2";"23481.2";"2025.09.04 19:15:00";"2025.09.04 19:15:00";"30.0";"-750.00";"23481.19922";"23531.19922";"64668.80";"0.00";"OOS1";"SL";"0s";"-0.00"
"385";"USTEC_ICM_UTC2";"Buy";"23794.6";"23769.6";"2025.09.08 19:30:00";"2025.09.08 19:30:00";"30.0";"-750.00";"23769.59961";"23819.59961";"63918.80";"0.00";"OOS1";"SL";"0s";"-0.00"
"386";"USTEC_ICM_UTC2";"Buy";"23938.8";"23913.8";"2025.09.10 18:15:00";"2025.09.10 18:15:00";"30.0";"-750.00";"23913.80078";"23963.80078";"63168.80";"0.00";"OOS1";"SL";"0s";"-0.00"
"387";"USTEC_ICM_UTC2";"Buy";"23988.0";"24013.0";"2025.09.11 18:15:00";"2025.09.11 18:15:00";"30.0";"750.00";"23963.00000";"24013.00000";"63918.80";"0.00";"OOS1";"PT";"0s";"-0.00"
"388";"USTEC_ICM_UTC2";"Buy";"24087.4";"24112.4";"2025.09.12 19:30:00";"2025.09.12 21:30:00";"30.0";"750.00";"24062.40039";"24112.40039";"64668.80";"0.00";"OOS1";"PT";"2h 0m";"-0.00"
"389";"USTEC_ICM_UTC2";"Buy";"24266.9";"24241.9";"2025.09.15 19:45:00";"2025.09.15 20:15:00";"30.0";"-750.00";"24241.90039";"24291.90039";"63918.80";"0.00";"OOS1";"SL";"30m 0s";"-0.00"
"390";"USTEC_ICM_UTC2";"Buy";"24571.6";"24596.6";"2025.09.19 19:30:00";"2025.09.19 22:15:00";"30.0";"750.00";"24546.59961";"24596.59961";"64668.80";"0.00";"OOS1";"PT";"2h 45m";"-0.00"
"391";"USTEC_ICM_UTC2";"Buy";"24682.9";"24657.9";"2025.09.22 18:00:00";"2025.09.22 18:30:00";"30.0";"-750.00";"24657.90039";"24707.90039";"63918.80";"0.00";"OOS1";"SL";"30m 0s";"-0.00"
"392";"USTEC_ICM_UTC2";"Buy";"24488.6";"24496.3";"2025.09.26 21:30:00";"2025.09.26 23:00:00";"30.0";"231.03";"24463.59961";"24513.59961";"64149.83";"0.00";"OOS1";"End Of Friday (Time)";"1h 30m";"-0.00"
"393";"USTEC_ICM_UTC2";"Buy";"24597.6";"24572.6";"2025.09.30 16:30:00";"2025.09.30 16:30:00";"30.0";"-750.00";"24572.59961";"24622.59961";"63399.83";"0.00";"OOS1";"SL";"0s";"-0.00"
"394";"USTEC_ICM_UTC2";"Buy";"24679.4";"24704.4";"2025.10.01 18:00:00";"2025.10.01 18:30:00";"30.0";"750.00";"24654.40039";"24704.40039";"64149.83";"0.00";"OOS1";"PT";"30m 0s";"-0.00"
"395";"USTEC_ICM_UTC2";"Buy";"24996.1";"25021.1";"2025.10.06 19:30:00";"2025.10.06 20:15:00";"30.0";"750.00";"24971.09961";"25021.09961";"64899.83";"0.00";"OOS1";"PT";"45m 0s";"-0.00"
"396";"USTEC_ICM_UTC2";"Buy";"25030.5";"25055.5";"2025.10.07 16:30:00";"2025.10.07 16:45:00";"30.0";"750.00";"25005.50000";"25055.50000";"65649.83";"0.00";"OOS1";"PT";"15m 0s";"-0.00"
"397";"USTEC_ICM_UTC2";"Buy";"25034.5";"25059.5";"2025.10.08 18:45:00";"2025.10.08 19:00:00";"30.0";"750.00";"25009.50000";"25059.50000";"66399.83";"0.00";"OOS1";"PT";"15m 0s";"-0.00"
"398";"USTEC_ICM_UTC2";"Buy";"24720.3";"24745.3";"2025.10.13 19:45:00";"2025.10.13 19:45:00";"30.0";"750.00";"24695.30078";"24745.30078";"67149.83";"0.00";"OOS1";"PT";"0s";"-0.00"
"399";"USTEC_ICM_UTC2";"Buy";"24528.4";"24553.4";"2025.10.14 18:30:00";"2025.10.14 18:30:00";"30.0";"750.00";"24503.40039";"24553.40039";"67899.83";"0.00";"OOS1";"PT";"0s";"-0.00"
"400";"USTEC_ICM_UTC2";"Buy";"24929.9";"24904.9";"2025.10.15 17:30:00";"2025.10.15 17:30:00";"30.0";"-750.00";"24904.90039";"24954.90039";"67149.83";"0.00";"OOS1";"SL";"0s";"-0.00"
"401";"USTEC_ICM_UTC2";"Buy";"24783.3";"24758.3";"2025.10.17 19:30:00";"2025.10.17 19:30:00";"30.0";"-750.00";"24758.30078";"24808.30078";"66399.83";"0.00";"OOS1";"SL";"0s";"-0.00"
"402";"USTEC_ICM_UTC2";"Buy";"25133.3";"25158.3";"2025.10.20 17:45:00";"2025.10.20 18:15:00";"30.0";"750.00";"25108.30078";"25158.30078";"67149.83";"0.00";"OOS1";"PT";"30m 0s";"-0.00"
"403";"USTEC_ICM_UTC2";"Buy";"25018.3";"24993.3";"2025.10.23 18:15:00";"2025.10.23 18:15:00";"30.0";"-750.00";"24993.30078";"25043.30078";"66399.83";"0.00";"OOS1";"SL";"0s";"-0.00"
"404";"USTEC_ICM_UTC2";"Buy";"25374.3";"25399.3";"2025.10.24 19:00:00";"2025.10.24 19:15:00";"30.0";"750.00";"25349.30078";"25399.30078";"67149.83";"0.00";"OOS1";"PT";"15m 0s";"-0.00"
"405";"USTEC_ICM_UTC2";"Buy";"25762.2";"25787.2";"2025.10.27 17:45:00";"2025.10.27 20:15:00";"30.0";"750.00";"25737.19922";"25787.19922";"67899.83";"0.00";"OOS1";"PT";"2h 30m";"-0.00"
"406";"USTEC_ICM_UTC2";"Buy";"25901.8";"25876.8";"2025.10.28 17:30:00";"2025.10.28 17:30:00";"30.0";"-750.00";"25876.80078";"25926.80078";"67149.83";"0.00";"OOS1";"SL";"0s";"-0.00"
"407";"USTEC_ICM_UTC2";"Buy";"26100.1";"26125.1";"2025.11.03 16:30:00";"2025.11.03 16:30:00";"30.0";"750.00";"26075.09961";"26125.09961";"67899.83";"0.00";"OOS1";"PT";"0s";"-0.00"
"408";"USTEC_ICM_UTC2";"Buy";"25642.1";"25617.1";"2025.11.05 18:45:00";"2025.11.05 19:00:00";"30.0";"-750.00";"25617.09961";"25667.09961";"67149.83";"0.00";"OOS1";"SL";"15m 0s";"-0.00"
"409";"USTEC_ICM_UTC2";"Buy";"25544.0";"25569.0";"2025.11.10 20:15:00";"2025.11.10 20:45:00";"30.0";"750.00";"25519.00000";"25569.00000";"67899.83";"0.00";"OOS1";"PT";"30m 0s";"-0.00"
"410";"USTEC_ICM_UTC2";"Buy";"25557.0";"25532.0";"2025.11.11 21:30:00";"2025.11.11 22:45:00";"30.0";"-750.00";"25532.00000";"25582.00000";"67149.83";"0.00";"OOS1";"SL";"1h 15m";"-0.00"
"411";"USTEC_ICM_UTC2";"Buy";"25123.0";"25098.0";"2025.11.14 18:45:00";"2025.11.14 18:45:00";"30.0";"-750.00";"25098.00000";"25148.00000";"66399.83";"0.00";"OOS1";"SL";"0s";"-0.00"
"412";"USTEC_ICM_UTC2";"Buy";"24874.1";"24849.1";"2025.11.19 17:30:00";"2025.11.19 17:30:00";"30.0";"-750.00";"24849.09961";"24899.09961";"65649.83";"0.00";"OOS1";"SL";"0s";"-0.00"
"413";"USTEC_ICM_UTC2";"Buy";"24288.0";"24313.0";"2025.11.21 19:15:00";"2025.11.21 19:15:00";"30.0";"750.00";"24263.00000";"24313.00000";"66399.83";"0.00";"OOS1";"PT";"0s";"-0.00"
"414";"USTEC_ICM_UTC2";"Buy";"24708.3";"24733.3";"2025.11.24 18:00:00";"2025.11.24 18:00:00";"30.0";"750.00";"24683.30078";"24733.30078";"67149.83";"0.00";"OOS1";"PT";"0s";"-0.00"
"415";"USTEC_ICM_UTC2";"Buy";"24932.9";"24957.9";"2025.11.25 20:15:00";"2025.11.25 20:30:00";"30.0";"750.00";"24907.90039";"24957.90039";"67899.83";"0.00";"OOS1";"PT";"15m 0s";"-0.00"
"416";"USTEC_ICM_UTC2";"Buy";"25289.4";"25264.4";"2025.11.26 19:00:00";"2025.11.26 19:00:00";"30.0";"-750.00";"25264.40039";"25314.40039";"67149.83";"0.00";"OOS1";"SL";"0s";"-0.00"
"417";"USTEC_ICM_UTC2";"Buy";"25363.8";"25338.8";"2025.11.28 19:30:00";"2025.11.28 19:30:00";"30.0";"-750.00";"25338.80078";"25388.80078";"66399.83";"0.00";"OOS1";"SL";"0s";"-0.00"
"418";"USTEC_ICM_UTC2";"Buy";"25384.2";"25409.2";"2025.12.01 19:00:00";"2025.12.01 19:00:00";"30.0";"750.00";"25359.19922";"25409.19922";"67149.83";"0.00";"OOS1";"PT";"0s";"-0.00"
"419";"USTEC_ICM_UTC2";"Buy";"25540.2";"25565.2";"2025.12.02 21:45:00";"2025.12.02 21:45:00";"30.0";"750.00";"25515.19922";"25565.19922";"67899.83";"0.00";"OOS1";"PT";"0s";"-0.00"
"420";"USTEC_ICM_UTC2";"Buy";"25658.7";"25683.7";"2025.12.09 18:15:00";"2025.12.09 19:00:00";"30.0";"750.00";"25633.69922";"25683.69922";"68649.83";"0.00";"OOS1";"PT";"45m 0s";"-0.00"
"421";"USTEC_ICM_UTC2";"Buy";"25807.1";"25782.1";"2025.12.10 22:30:00";"2025.12.10 22:45:00";"30.0";"-750.00";"25782.09961";"25832.09961";"67899.83";"0.00";"OOS1";"SL";"15m 0s";"-0.00"
"422";"USTEC_ICM_UTC2";"Buy";"25645.6";"25670.6";"2025.12.11 21:15:00";"2025.12.11 21:15:00";"30.0";"750.00";"25620.59961";"25670.59961";"68649.83";"0.00";"OOS1";"PT";"0s";"-0.00"
"423";"USTEC_ICM_UTC2";"Buy";"25107.9";"25132.9";"2025.12.16 22:30:00";"2025.12.16 22:30:00";"30.0";"750.00";"25082.90039";"25132.90039";"69399.83";"0.00";"OOS1";"PT";"0s";"-0.00"
"424";"USTEC_ICM_UTC2";"Buy";"25042.8";"25067.8";"2025.12.18 16:30:00";"2025.12.18 16:30:00";"30.0";"750.00";"25017.80078";"25067.80078";"70149.83";"0.00";"OOS1";"PT";"0s";"-0.00"
"425";"USTEC_ICM_UTC2";"Buy";"25304.1";"25279.1";"2025.12.19 18:30:00";"2025.12.19 18:45:00";"30.0";"-750.00";"25279.09961";"25329.09961";"69399.83";"0.00";"OOS1";"SL";"15m 0s";"-0.00"
"426";"USTEC_ICM_UTC2";"Buy";"25504.1";"25529.1";"2025.12.23 18:15:00";"2025.12.23 18:45:00";"30.0";"750.00";"25479.09961";"25529.09961";"70149.83";"0.00";"OOS1";"PT";"30m 0s";"-0.00"
"427";"USTEC_ICM_UTC2";"Buy";"25604.1";"25629.1";"2025.12.24 18:00:00";"2025.12.24 18:15:00";"30.0";"750.00";"25579.09961";"25629.09961";"70899.83";"0.00";"OOS1";"PT";"15m 0s";"-0.00"
"1";"USTEC_ICM_UTC2";"Buy";"10951.1";"10926.1";"2023.01.06 19:15:00";"2023.01.06 19:56:00";"30.0";"-750.00";"10926.09961";"10976.09961";"49250.00";"0.00";"IST";"SL";"41m 0s";"-0.00"
"2";"USTEC_ICM_UTC2";"Buy";"11297.3";"11272.3";"2023.01.09 18:30:00";"2023.01.09 18:43:00";"30.0";"-750.00";"11272.29980";"11322.29980";"48500.00";"0.00";"IST";"SL";"13m 0s";"-0.00"
"3";"USTEC_ICM_UTC2";"Buy";"11149.6";"11174.6";"2023.01.10 20:30:00";"2023.01.10 21:00:00";"30.0";"750.00";"11124.59961";"11174.59961";"49250.00";"0.00";"IST";"PT";"30m 0s";"-0.00"
"4";"USTEC_ICM_UTC2";"Buy";"11335.5";"11360.5";"2023.01.11 19:30:00";"2023.01.11 20:14:00";"30.0";"750.00";"11310.50000";"11360.50000";"50000.00";"0.00";"IST";"PT";"44m 0s";"-0.00"
"5";"USTEC_ICM_UTC2";"Buy";"11459.9";"11484.9";"2023.01.12 19:45:00";"2023.01.12 20:16:00";"30.0";"750.00";"11434.90039";"11484.90039";"50750.00";"0.00";"IST";"PT";"31m 0s";"-0.00"
"6";"USTEC_ICM_UTC2";"Buy";"11494.4";"11519.4";"2023.01.13 21:00:00";"2023.01.13 22:22:00";"30.0";"750.00";"11469.40039";"11519.40039";"51500.00";"0.00";"IST";"PT";"1h 22m";"-0.00"
"7";"USTEC_ICM_UTC2";"Buy";"11533.0";"11508.0";"2023.01.16 17:00:00";"2023.01.16 18:36:00";"30.0";"-750.00";"11508.00000";"11558.00000";"50750.00";"0.00";"IST";"SL";"1h 36m";"-0.00"
"8";"USTEC_ICM_UTC2";"Buy";"11530.6";"11555.6";"2023.01.17 19:30:00";"2023.01.17 19:51:00";"30.0";"750.00";"11505.59961";"11555.59961";"51500.00";"0.00";"IST";"PT";"21m 0s";"-0.00"
"9";"USTEC_ICM_UTC2";"Buy";"11465.3";"11490.3";"2023.01.20 19:00:00";"2023.01.20 19:51:00";"30.0";"750.00";"11440.29980";"11490.29980";"52250.00";"0.00";"IST";"PT";"51m 0s";"-0.00"
"10";"USTEC_ICM_UTC2";"Buy";"11870.2";"11895.2";"2023.01.23 19:30:00";"2023.01.23 20:10:00";"30.0";"750.00";"11845.20020";"11895.20020";"53000.00";"0.00";"IST";"PT";"40m 0s";"-0.00"
"11";"USTEC_ICM_UTC2";"Buy";"11855.0";"11830.0";"2023.01.24 19:00:00";"2023.01.24 19:01:00";"30.0";"-750.00";"11830.00000";"11880.00000";"52250.00";"0.00";"IST";"SL";"1m 0s";"-0.00"
"12";"USTEC_ICM_UTC2";"Buy";"11753.0";"11778.0";"2023.01.25 20:45:00";"2023.01.25 20:51:00";"30.0";"750.00";"11728.00000";"11778.00000";"53000.00";"0.00";"IST";"PT";"6m 0s";"-0.00"
"13";"USTEC_ICM_UTC2";"Buy";"11945.5";"11970.5";"2023.01.26 20:30:00";"2023.01.26 20:39:00";"30.0";"750.00";"11920.50000";"11970.50000";"53750.00";"0.00";"IST";"PT";"9m 0s";"-0.00"
"14";"USTEC_ICM_UTC2";"Buy";"12142.3";"12167.3";"2023.01.27 19:00:00";"2023.01.27 19:16:00";"30.0";"750.00";"12117.29980";"12167.29980";"54500.00";"0.00";"IST";"PT";"16m 0s";"-0.00"
"15";"USTEC_ICM_UTC2";"Buy";"12011.2";"12036.2";"2023.01.31 17:45:00";"2023.01.31 18:00:00";"30.0";"750.00";"11986.20020";"12036.20020";"55250.00";"0.00";"IST";"PT";"15m 0s";"-0.00"
"16";"USTEC_ICM_UTC2";"Buy";"12734.0";"12759.0";"2023.02.02 19:00:00";"2023.02.02 19:15:00";"30.0";"750.00";"12709.00000";"12759.00000";"56000.00";"0.00";"IST";"PT";"15m 0s";"-0.00"
"17";"USTEC_ICM_UTC2";"Buy";"12781.7";"12756.7";"2023.02.03 19:30:00";"2023.02.03 19:49:00";"30.0";"-750.00";"12756.70020";"12806.70020";"55250.00";"0.00";"IST";"SL";"19m 0s";"-0.00"
"18";"USTEC_ICM_UTC2";"Buy";"12529.4";"12504.4";"2023.02.07 19:00:00";"2023.02.07 19:22:00";"30.0";"-750.00";"12504.40039";"12554.40039";"54500.00";"0.00";"IST";"SL";"22m 0s";"-0.00"
"19";"USTEC_ICM_UTC2";"Buy";"12485.2";"12510.2";"2023.02.13 18:30:00";"2023.02.13 19:18:00";"30.0";"750.00";"12460.20020";"12510.20020";"55250.00";"0.00";"IST";"PT";"48m 0s";"-0.00"
"20";"USTEC_ICM_UTC2";"Buy";"12578.2";"12553.2";"2023.02.14 22:00:00";"2023.02.14 22:10:00";"30.0";"-750.00";"12553.20020";"12603.20020";"54500.00";"0.00";"IST";"SL";"10m 0s";"-0.00"
"21";"USTEC_ICM_UTC2";"Buy";"12606.2";"12581.2";"2023.02.15 19:00:00";"2023.02.15 19:06:00";"30.0";"-750.00";"12581.20020";"12631.20020";"53750.00";"0.00";"IST";"SL";"6m 0s";"-0.00"
"22";"USTEC_ICM_UTC2";"Buy";"12219.1";"12194.1";"2023.02.23 16:30:00";"2023.02.23 16:35:00";"30.0";"-750.00";"12194.09961";"12244.09961";"53000.00";"0.00";"IST";"SL";"5m 0s";"-0.00"
"23";"USTEC_ICM_UTC2";"Buy";"12107.2";"12082.2";"2023.02.27 16:30:00";"2023.02.27 16:48:00";"30.0";"-750.00";"12082.20020";"12132.20020";"52250.00";"0.00";"IST";"SL";"18m 0s";"-0.00"
"24";"USTEC_ICM_UTC2";"Buy";"12139.0";"12114.0";"2023.02.28 21:00:00";"2023.02.28 21:31:00";"30.0";"-750.00";"12114.00000";"12164.00000";"51500.00";"0.00";"IST";"SL";"31m 0s";"-0.00"
"25";"USTEC_ICM_UTC2";"Buy";"11870.8";"11895.8";"2023.03.02 18:45:00";"2023.03.02 19:28:00";"30.0";"750.00";"11845.79980";"11895.79980";"52250.00";"0.00";"IST";"PT";"43m 0s";"-0.00"
"26";"USTEC_ICM_UTC2";"Buy";"12181.0";"12206.0";"2023.03.03 18:30:00";"2023.03.03 18:56:00";"30.0";"750.00";"12156.00000";"12206.00000";"53000.00";"0.00";"IST";"PT";"26m 0s";"-0.00"
"27";"USTEC_ICM_UTC2";"Buy";"12341.8";"12366.8";"2023.03.06 16:30:00";"2023.03.06 16:33:00";"30.0";"750.00";"12316.79980";"12366.79980";"53750.00";"0.00";"IST";"PT";"3m 0s";"-0.00"
"28";"USTEC_ICM_UTC2";"Buy";"12286.8";"12261.8";"2023.03.09 18:45:00";"2023.03.09 19:01:00";"30.0";"-750.00";"12261.79980";"12311.79980";"53000.00";"0.00";"IST";"SL";"16m 0s";"-0.00"
"29";"USTEC_ICM_UTC2";"Buy";"11965.7";"11990.7";"2023.03.13 19:15:00";"2023.03.13 19:16:00";"30.0";"750.00";"11940.70020";"11990.70020";"53750.00";"0.00";"IST";"PT";"1m 0s";"-0.00"
"30";"USTEC_ICM_UTC2";"Buy";"12171.1";"12196.1";"2023.03.14 16:45:00";"2023.03.14 17:17:00";"30.0";"750.00";"12146.09961";"12196.09961";"54500.00";"0.00";"IST";"PT";"32m 0s";"-0.00"
"31";"USTEC_ICM_UTC2";"Buy";"12141.6";"12166.6";"2023.03.15 20:15:00";"2023.03.15 20:21:00";"30.0";"750.00";"12116.59961";"12166.59961";"55250.00";"0.00";"IST";"PT";"6m 0s";"-0.00"
"32";"USTEC_ICM_UTC2";"Buy";"12514.3";"12539.3";"2023.03.16 18:45:00";"2023.03.16 18:50:00";"30.0";"750.00";"12489.29980";"12539.29980";"56000.00";"0.00";"IST";"PT";"5m 0s";"-0.00"
"33";"USTEC_ICM_UTC2";"Buy";"12534.4";"12559.4";"2023.03.20 21:00:00";"2023.03.20 21:47:00";"30.0";"750.00";"12509.40039";"12559.40039";"56750.00";"0.00";"IST";"PT";"47m 0s";"-0.00"
"34";"USTEC_ICM_UTC2";"Buy";"12669.0";"12694.0";"2023.03.21 20:15:00";"2023.03.21 20:45:00";"30.0";"750.00";"12644.00000";"12694.00000";"57500.00";"0.00";"IST";"PT";"30m 0s";"-0.00"
"35";"USTEC_ICM_UTC2";"Buy";"12801.3";"12776.3";"2023.03.22 18:00:00";"2023.03.22 18:09:00";"30.0";"-750.00";"12776.29980";"12826.29980";"56750.00";"0.00";"IST";"SL";"9m 0s";"-0.00"
"36";"USTEC_ICM_UTC2";"Buy";"12706.5";"12731.5";"2023.03.24 20:15:00";"2023.03.24 20:34:00";"30.0";"750.00";"12681.50000";"12731.50000";"57500.00";"0.00";"IST";"PT";"19m 0s";"-0.00"
"37";"USTEC_ICM_UTC2";"Buy";"12856.3";"12831.3";"2023.03.29 22:45:00";"2023.03.30 01:04:00";"30.0";"-933.12";"12831.29980";"12881.29980";"56566.88";"0.00";"IST";"SL";"2h 19m";"-183.12"
"38";"USTEC_ICM_UTC2";"Buy";"13056.6";"13081.6";"2023.03.31 18:15:00";"2023.03.31 18:51:00";"30.0";"750.00";"13031.59961";"13081.59961";"57316.88";"0.00";"IST";"PT";"36m 0s";"-0.00"
"39";"USTEC_ICM_UTC2";"Buy";"13125.2";"13150.2";"2023.04.03 22:30:00";"2023.04.03 22:55:00";"30.0";"750.00";"13100.20020";"13150.20020";"58066.88";"0.00";"IST";"PT";"25m 0s";"-0.00"
"40";"USTEC_ICM_UTC2";"Buy";"13015.2";"13040.2";"2023.04.06 19:00:00";"2023.04.06 19:04:00";"30.0";"750.00";"12990.20020";"13040.20020";"58816.88";"0.00";"IST";"PT";"4m 0s";"-0.00"
"41";"USTEC_ICM_UTC2";"Buy";"13031.8";"13056.8";"2023.04.10 21:30:00";"2023.04.10 23:03:00";"30.0";"750.00";"13006.79980";"13056.79980";"59566.88";"0.00";"IST";"PT";"1h 33m";"-0.00"
"42";"USTEC_ICM_UTC2";"Buy";"13025.3";"13000.3";"2023.04.13 17:30:00";"2023.04.13 17:40:00";"30.0";"-750.00";"13000.29980";"13050.29980";"58816.88";"0.00";"IST";"SL";"10m 0s";"-0.00"
"43";"USTEC_ICM_UTC2";"Buy";"13099.2";"13124.2";"2023.04.19 19:30:00";"2023.04.19 21:00:00";"30.0";"750.00";"13074.20020";"13124.20020";"59566.88";"0.00";"IST";"PT";"1h 30m";"-0.00"
"44";"USTEC_ICM_UTC2";"Buy";"13048.2";"13023.2";"2023.04.20 19:00:00";"2023.04.20 19:05:00";"30.0";"-750.00";"13023.20020";"13073.20020";"58816.88";"0.00";"IST";"SL";"5m 0s";"-0.00"
"45";"USTEC_ICM_UTC2";"Buy";"12979.5";"13004.5";"2023.04.21 19:45:00";"2023.04.21 20:40:00";"30.0";"750.00";"12954.50000";"13004.50000";"59566.88";"0.00";"IST";"PT";"55m 0s";"-0.00"
"46";"USTEC_ICM_UTC2";"Buy";"12907.8";"12882.8";"2023.04.26 19:00:00";"2023.04.26 19:35:00";"30.0";"-750.00";"12882.79980";"12932.79980";"58816.88";"0.00";"IST";"SL";"35m 0s";"-0.00"
"47";"USTEC_ICM_UTC2";"Buy";"13054.6";"13079.6";"2023.04.27 18:45:00";"2023.04.27 19:15:00";"30.0";"750.00";"13029.59961";"13079.59961";"59566.88";"0.00";"IST";"PT";"30m 0s";"-0.00"
"48";"USTEC_ICM_UTC2";"Buy";"13210.0";"13185.0";"2023.04.28 20:30:00";"2023.04.28 20:37:00";"30.0";"-750.00";"13185.00000";"13235.00000";"58816.88";"0.00";"IST";"SL";"7m 0s";"-0.00"
"49";"USTEC_ICM_UTC2";"Buy";"13275.4";"13250.4";"2023.05.01 20:15:00";"2023.05.01 21:28:00";"30.0";"-750.00";"13250.40039";"13300.40039";"58066.88";"0.00";"IST";"SL";"1h 13m";"-0.00"
"50";"USTEC_ICM_UTC2";"Buy";"13045.0";"13020.0";"2023.05.04 21:00:00";"2023.05.04 21:19:00";"30.0";"-750.00";"13020.00000";"13070.00000";"57316.88";"0.00";"IST";"SL";"19m 0s";"-0.00"
"51";"USTEC_ICM_UTC2";"Buy";"13193.6";"13218.6";"2023.05.05 18:00:00";"2023.05.05 20:22:00";"30.0";"750.00";"13168.59961";"13218.59961";"58066.88";"0.00";"IST";"PT";"2h 22m";"-0.00"
"52";"USTEC_ICM_UTC2";"Buy";"13276.5";"13251.5";"2023.05.08 20:30:00";"2023.05.08 21:07:00";"30.0";"-750.00";"13251.50000";"13301.50000";"57316.88";"0.00";"IST";"SL";"37m 0s";"-0.00"
"53";"USTEC_ICM_UTC2";"Buy";"13296.7";"13271.7";"2023.05.10 19:30:00";"2023.05.10 19:58:00";"30.0";"-750.00";"13271.70020";"13321.70020";"56566.88";"0.00";"IST";"SL";"28m 0s";"-0.00"
"54";"USTEC_ICM_UTC2";"Buy";"13397.1";"13422.1";"2023.05.15 22:15:00";"2023.05.16 10:38:00";"30.0";"566.88";"13372.09961";"13422.09961";"57133.76";"0.00";"IST";"PT";"12h 23m";"-183.12"
"55";"USTEC_ICM_UTC2";"Buy";"13490.8";"13465.8";"2023.05.16 19:15:00";"2023.05.16 21:07:00";"30.0";"-750.00";"13465.79980";"13515.79980";"56383.76";"0.00";"IST";"SL";"1h 52m";"-0.00"
"56";"USTEC_ICM_UTC2";"Buy";"13487.6";"13512.6";"2023.05.17 19:15:00";"2023.05.17 19:39:00";"30.0";"750.00";"13462.59961";"13512.59961";"57133.76";"0.00";"IST";"PT";"24m 0s";"-0.00"
"57";"USTEC_ICM_UTC2";"Buy";"13837.9";"13862.9";"2023.05.22 19:45:00";"2023.05.22 20:40:00";"30.0";"750.00";"13812.90039";"13862.90039";"57883.76";"0.00";"IST";"PT";"55m 0s";"-0.00"
"58";"USTEC_ICM_UTC2";"Buy";"13936.2";"13961.2";"2023.05.25 20:00:00";"2023.05.25 20:32:00";"30.0";"750.00";"13911.20020";"13961.20020";"58633.76";"0.00";"IST";"PT";"32m 0s";"-0.00"
"59";"USTEC_ICM_UTC2";"Buy";"14259.7";"14284.7";"2023.05.26 19:15:00";"2023.05.26 19:42:00";"30.0";"750.00";"14234.70020";"14284.70020";"59383.76";"0.00";"IST";"PT";"27m 0s";"-0.00"
"60";"USTEC_ICM_UTC2";"Buy";"14309.8";"14284.8";"2023.05.31 21:45:00";"2023.05.31 21:50:00";"30.0";"-750.00";"14284.79980";"14334.79980";"58633.76";"0.00";"IST";"SL";"5m 0s";"-0.00"
"61";"USTEC_ICM_UTC2";"Buy";"14408.9";"14433.9";"2023.06.01 19:15:00";"2023.06.01 20:08:00";"30.0";"750.00";"14383.90039";"14433.90039";"59383.76";"0.00";"IST";"PT";"53m 0s";"-0.00"
"62";"USTEC_ICM_UTC2";"Buy";"14559.4";"14534.4";"2023.06.02 18:30:00";"2023.06.02 18:50:00";"30.0";"-750.00";"14534.40039";"14584.40039";"58633.76";"0.00";"IST";"SL";"20m 0s";"-0.00"
"63";"USTEC_ICM_UTC2";"Buy";"14641.1";"14616.1";"2023.06.05 19:00:00";"2023.06.05 20:28:00";"30.0";"-750.00";"14616.09961";"14666.09961";"57883.76";"0.00";"IST";"SL";"1h 28m";"-0.00"
"64";"USTEC_ICM_UTC2";"Buy";"14564.9";"14539.9";"2023.06.06 19:30:00";"2023.06.06 19:37:00";"30.0";"-750.00";"14539.90039";"14589.90039";"57133.76";"0.00";"IST";"SL";"7m 0s";"-0.00"
"65";"USTEC_ICM_UTC2";"Buy";"14472.6";"14497.6";"2023.06.08 18:45:00";"2023.06.08 19:28:00";"30.0";"750.00";"14447.59961";"14497.59961";"57883.76";"0.00";"IST";"PT";"43m 0s";"-0.00"
"66";"USTEC_ICM_UTC2";"Buy";"14542.3";"14567.3";"2023.06.09 16:30:00";"2023.06.09 16:30:00";"30.0";"750.00";"14517.29980";"14567.29980";"58633.76";"0.00";"IST";"PT";"0s";"-0.00"
"67";"USTEC_ICM_UTC2";"Buy";"14656.9";"14681.9";"2023.06.12 19:00:00";"2023.06.12 20:45:00";"30.0";"750.00";"14631.90039";"14681.90039";"59383.76";"0.00";"IST";"PT";"1h 45m";"-0.00"
"68";"USTEC_ICM_UTC2";"Buy";"14896.2";"14871.2";"2023.06.13 20:30:00";"2023.06.13 21:09:00";"30.0";"-750.00";"14871.20020";"14921.20020";"58633.76";"0.00";"IST";"SL";"39m 0s";"-0.00"
"69";"USTEC_ICM_UTC2";"Buy";"14983.5";"14958.5";"2023.06.14 19:30:00";"2023.06.14 20:07:00";"30.0";"-750.00";"14958.50000";"15008.50000";"57883.76";"0.00";"IST";"SL";"37m 0s";"-0.00"
"70";"USTEC_ICM_UTC2";"Buy";"15113.6";"15088.6";"2023.06.15 19:30:00";"2023.06.15 19:36:00";"30.0";"-750.00";"15088.59961";"15138.59961";"57133.76";"0.00";"IST";"SL";"6m 0s";"-0.00"
"71";"USTEC_ICM_UTC2";"Buy";"15088.6";"15063.6";"2023.06.20 20:45:00";"2023.06.20 20:55:00";"30.0";"-750.00";"15063.59961";"15113.59961";"56383.76";"0.00";"IST";"SL";"10m 0s";"-0.00"
"72";"USTEC_ICM_UTC2";"Buy";"14956.6";"14931.6";"2023.06.22 20:00:00";"2023.06.22 20:02:00";"30.0";"-750.00";"14931.59961";"14981.59961";"55633.76";"0.00";"IST";"SL";"2m 0s";"-0.00"
"73";"USTEC_ICM_UTC2";"Buy";"14978.7";"14953.7";"2023.06.23 20:30:00";"2023.06.23 21:05:00";"30.0";"-750.00";"14953.70020";"15003.70020";"54883.76";"0.00";"IST";"SL";"35m 0s";"-0.00"
"74";"USTEC_ICM_UTC2";"Buy";"14847.3";"14872.3";"2023.06.27 19:15:00";"2023.06.27 19:39:00";"30.0";"750.00";"14822.29980";"14872.29980";"55633.76";"0.00";"IST";"PT";"24m 0s";"-0.00"
"75";"USTEC_ICM_UTC2";"Buy";"15095.1";"15120.1";"2023.06.30 16:30:00";"2023.06.30 16:41:00";"30.0";"750.00";"15070.09961";"15120.09961";"56383.76";"0.00";"IST";"PT";"11m 0s";"-0.00"
"76";"USTEC_ICM_UTC2";"Buy";"15093.6";"15068.6";"2023.07.06 22:30:00";"2023.07.07 01:00:00";"30.0";"-933.75";"15068.59961";"15118.59961";"55450.01";"0.00";"IST";"SL";"2h 30m";"-183.12"
"77";"USTEC_ICM_UTC2";"Buy";"15155.3";"15180.3";"2023.07.07 19:30:00";"2023.07.07 19:35:00";"30.0";"750.00";"15130.29980";"15180.29980";"56200.01";"0.00";"IST";"PT";"5m 0s";"-0.00"
"78";"USTEC_ICM_UTC2";"Buy";"15027.8";"15052.8";"2023.07.10 22:30:00";"2023.07.10 23:01:00";"30.0";"750.00";"15002.79980";"15052.79980";"56950.01";"0.00";"IST";"PT";"31m 0s";"-0.00"
"79";"USTEC_ICM_UTC2";"Buy";"15333.3";"15308.3";"2023.07.12 21:30:00";"2023.07.12 21:48:00";"30.0";"-750.00";"15308.29980";"15358.29980";"56200.01";"0.00";"IST";"SL";"18m 0s";"-0.00"
"80";"USTEC_ICM_UTC2";"Buy";"15501.6";"15526.6";"2023.07.13 19:15:00";"2023.07.13 20:28:00";"30.0";"750.00";"15476.59961";"15526.59961";"56950.01";"0.00";"IST";"PT";"1h 13m";"-0.00"
"81";"USTEC_ICM_UTC2";"Buy";"15684.2";"15659.2";"2023.07.14 19:00:00";"2023.07.14 19:05:00";"30.0";"-750.00";"15659.20020";"15709.20020";"56200.01";"0.00";"IST";"SL";"5m 0s";"-0.00"
"82";"USTEC_ICM_UTC2";"Buy";"15663.7";"15638.7";"2023.07.17 19:15:00";"2023.07.17 19:26:00";"30.0";"-750.00";"15638.70020";"15688.70020";"55450.01";"0.00";"IST";"SL";"11m 0s";"-0.00"
"83";"USTEC_ICM_UTC2";"Buy";"15814.0";"15839.0";"2023.07.18 20:45:00";"2023.07.18 21:06:00";"30.0";"750.00";"15789.00000";"15839.00000";"56200.01";"0.00";"IST";"PT";"21m 0s";"-0.00"
"84";"USTEC_ICM_UTC2";"Buy";"15596.4";"15621.4";"2023.07.25 20:30:00";"2023.07.25 21:44:00";"30.0";"750.00";"15571.40039";"15621.40039";"56950.01";"0.00";"IST";"PT";"1h 14m";"-0.00"
"85";"USTEC_ICM_UTC2";"Buy";"15636.8";"15661.8";"2023.07.28 16:30:00";"2023.07.28 16:39:00";"30.0";"750.00";"15611.79980";"15661.79980";"57700.01";"0.00";"IST";"PT";"9m 0s";"-0.00"
"86";"USTEC_ICM_UTC2";"Buy";"15756.7";"15781.7";"2023.07.31 16:30:00";"2023.07.31 16:32:00";"30.0";"750.00";"15731.70020";"15781.70020";"58450.01";"0.00";"IST";"PT";"2m 0s";"-0.00"
"87";"USTEC_ICM_UTC2";"Buy";"15739.5";"15714.5";"2023.08.01 21:45:00";"2023.08.01 23:01:00";"30.0";"-750.00";"15714.50000";"15764.50000";"57700.01";"0.00";"IST";"SL";"1h 16m";"-0.00"
"88";"USTEC_ICM_UTC2";"Buy";"15378.4";"15403.4";"2023.08.03 18:45:00";"2023.08.03 19:40:00";"30.0";"750.00";"15353.40039";"15403.40039";"58450.01";"0.00";"IST";"PT";"55m 0s";"-0.00"
"89";"USTEC_ICM_UTC2";"Buy";"15488.9";"15513.9";"2023.08.04 19:00:00";"2023.08.04 19:30:00";"30.0";"750.00";"15463.90039";"15513.90039";"59200.01";"0.00";"IST";"PT";"30m 0s";"-0.00"
"90";"USTEC_ICM_UTC2";"Buy";"15356.2";"15381.2";"2023.08.07 21:15:00";"2023.08.07 22:01:00";"30.0";"750.00";"15331.20020";"15381.20020";"59950.01";"0.00";"IST";"PT";"46m 0s";"-0.00"
"91";"USTEC_ICM_UTC2";"Buy";"15153.9";"15128.9";"2023.08.14 18:30:00";"2023.08.14 19:15:00";"30.0";"-750.00";"15128.90039";"15178.90039";"59200.01";"0.00";"IST";"SL";"45m 0s";"-0.00"
"92";"USTEC_ICM_UTC2";"Buy";"14654.3";"14679.3";"2023.08.18 19:30:00";"2023.08.18 19:42:00";"30.0";"750.00";"14629.29980";"14679.29980";"59950.01";"0.00";"IST";"PT";"12m 0s";"-0.00"
"93";"USTEC_ICM_UTC2";"Buy";"14928.9";"14953.9";"2023.08.21 22:00:00";"2023.08.21 22:40:00";"30.0";"750.00";"14903.90039";"14953.90039";"60700.01";"0.00";"IST";"PT";"40m 0s";"-0.00"
"94";"USTEC_ICM_UTC2";"Buy";"15137.9";"15162.9";"2023.08.23 18:15:00";"2023.08.23 20:17:00";"30.0";"750.00";"15112.90039";"15162.90039";"61450.01";"0.00";"IST";"PT";"2h 2m";"-0.00"
"95";"USTEC_ICM_UTC2";"Buy";"15045.3";"15020.3";"2023.08.28 20:30:00";"2023.08.28 20:36:00";"30.0";"-750.00";"15020.29980";"15070.29980";"60700.01";"0.00";"IST";"SL";"6m 0s";"-0.00"
"96";"USTEC_ICM_UTC2";"Buy";"15329.8";"15354.8";"2023.08.29 19:00:00";"2023.08.29 20:35:00";"30.0";"750.00";"15304.79980";"15354.79980";"61450.01";"0.00";"IST";"PT";"1h 35m";"-0.00"
"97";"USTEC_ICM_UTC2";"Buy";"15376.9";"15401.9";"2023.08.30 16:30:00";"2023.08.30 16:32:00";"30.0";"750.00";"15351.90039";"15401.90039";"62200.01";"0.00";"IST";"PT";"2m 0s";"-0.00"
"98";"USTEC_ICM_UTC2";"Buy";"15535.3";"15510.3";"2023.08.31 19:00:00";"2023.08.31 19:18:00";"30.0";"-750.00";"15510.29980";"15560.29980";"61450.01";"0.00";"IST";"SL";"18m 0s";"-0.00"
"99";"USTEC_ICM_UTC2";"Buy";"15525.7";"15500.7";"2023.09.04 17:30:00";"2023.09.04 17:57:00";"30.0";"-750.00";"15500.70020";"15550.70020";"60700.01";"0.00";"IST";"SL";"27m 0s";"-0.00"
"100";"USTEC_ICM_UTC2";"Buy";"15516.7";"15541.7";"2023.09.05 19:30:00";"2023.09.05 21:19:00";"30.0";"750.00";"15491.70020";"15541.70020";"61450.01";"0.00";"IST";"PT";"1h 49m";"-0.00"
"101";"USTEC_ICM_UTC2";"Buy";"15251.2";"15276.2";"2023.09.07 21:45:00";"2023.09.07 21:56:00";"30.0";"750.00";"15226.20020";"15276.20020";"62200.01";"0.00";"IST";"PT";"11m 0s";"-0.00"
"102";"USTEC_ICM_UTC2";"Buy";"15342.9";"15317.9";"2023.09.08 18:45:00";"2023.09.08 19:01:00";"30.0";"-750.00";"15317.90039";"15367.90039";"61450.01";"0.00";"IST";"SL";"16m 0s";"-0.00"
"103";"USTEC_ICM_UTC2";"Buy";"15465.7";"15440.7";"2023.09.11 21:30:00";"2023.09.12 01:39:00";"30.0";"-933.12";"15440.70020";"15490.70020";"60516.89";"0.00";"IST";"SL";"4h 9m";"-183.12"
"104";"USTEC_ICM_UTC2";"Buy";"15393.0";"15368.0";"2023.09.13 20:15:00";"2023.09.13 21:49:00";"30.0";"-750.00";"15368.00000";"15418.00000";"59766.89";"0.00";"IST";"SL";"1h 34m";"-0.00"
"105";"USTEC_ICM_UTC2";"Buy";"15479.5";"15504.5";"2023.09.14 19:15:00";"2023.09.14 19:55:00";"30.0";"750.00";"15454.50000";"15504.50000";"60516.89";"0.00";"IST";"PT";"40m 0s";"-0.00"
"106";"USTEC_ICM_UTC2";"Buy";"15258.9";"15233.9";"2023.09.18 19:00:00";"2023.09.18 20:16:00";"30.0";"-750.00";"15233.90039";"15283.90039";"59766.89";"0.00";"IST";"SL";"1h 16m";"-0.00"
"107";"USTEC_ICM_UTC2";"Buy";"15162.0";"15187.0";"2023.09.19 22:15:00";"2023.09.19 22:43:00";"30.0";"750.00";"15137.00000";"15187.00000";"60516.89";"0.00";"IST";"PT";"28m 0s";"-0.00"
"108";"USTEC_ICM_UTC2";"Buy";"14852.2";"14827.2";"2023.09.22 19:45:00";"2023.09.22 20:05:00";"30.0";"-750.00";"14827.20020";"14877.20020";"59766.89";"0.00";"IST";"SL";"20m 0s";"-0.00"
"109";"USTEC_ICM_UTC2";"Buy";"14736.6";"14761.6";"2023.09.25 19:00:00";"2023.09.25 19:17:00";"30.0";"750.00";"14711.59961";"14761.59961";"60516.89";"0.00";"IST";"PT";"17m 0s";"-0.00"
"110";"USTEC_ICM_UTC2";"Buy";"14756.8";"14781.8";"2023.09.28 19:15:00";"2023.09.28 19:28:00";"30.0";"750.00";"14731.79980";"14781.79980";"61266.89";"0.00";"IST";"PT";"13m 0s";"-0.00"
"111";"USTEC_ICM_UTC2";"Buy";"14718.7";"14743.7";"2023.10.04 19:45:00";"2023.10.04 19:52:00";"30.0";"750.00";"14693.70020";"14743.70020";"62016.89";"0.00";"IST";"PT";"7m 0s";"-0.00"
"112";"USTEC_ICM_UTC2";"Buy";"14745.1";"14720.1";"2023.10.05 22:30:00";"2023.10.05 22:55:00";"30.0";"-750.00";"14720.09961";"14770.09961";"61266.89";"0.00";"IST";"SL";"25m 0s";"-0.00"
"113";"USTEC_ICM_UTC2";"Buy";"14903.9";"14928.9";"2023.10.06 19:15:00";"2023.10.06 20:14:00";"30.0";"750.00";"14878.90039";"14928.90039";"62016.89";"0.00";"IST";"PT";"59m 0s";"-0.00"
"114";"USTEC_ICM_UTC2";"Buy";"14920.2";"14945.2";"2023.10.09 19:15:00";"2023.10.09 19:21:00";"30.0";"750.00";"14895.20020";"14945.20020";"62766.89";"0.00";"IST";"PT";"6m 0s";"-0.00"
"115";"USTEC_ICM_UTC2";"Buy";"15233.4";"15208.4";"2023.10.10 19:00:00";"2023.10.10 20:01:00";"30.0";"-750.00";"15208.40039";"15258.40039";"62016.89";"0.00";"IST";"SL";"1h 1m";"-0.00"
"116";"USTEC_ICM_UTC2";"Buy";"15214.3";"15189.3";"2023.10.13 16:30:00";"2023.10.13 16:36:00";"30.0";"-750.00";"15189.29980";"15239.29980";"61266.89";"0.00";"IST";"SL";"6m 0s";"-0.00"
"117";"USTEC_ICM_UTC2";"Buy";"15159.0";"15184.0";"2023.10.16 19:30:00";"2023.10.16 20:05:00";"30.0";"750.00";"15134.00000";"15184.00000";"62016.89";"0.00";"IST";"PT";"35m 0s";"-0.00"
"118";"USTEC_ICM_UTC2";"Buy";"15171.3";"15146.3";"2023.10.17 19:45:00";"2023.10.17 19:47:00";"30.0";"-750.00";"15146.29980";"15196.29980";"61266.89";"0.00";"IST";"SL";"2m 0s";"-0.00"
"119";"USTEC_ICM_UTC2";"Buy";"14642.8";"14667.8";"2023.10.23 18:30:00";"2023.10.23 19:06:00";"30.0";"750.00";"14617.79980";"14667.79980";"62016.89";"0.00";"IST";"PT";"36m 0s";"-0.00"
"120";"USTEC_ICM_UTC2";"Buy";"14328.0";"14353.0";"2023.10.30 20:15:00";"2023.10.30 20:38:00";"30.0";"750.00";"14303.00000";"14353.00000";"62766.89";"0.00";"IST";"PT";"23m 0s";"-0.00"
"121";"USTEC_ICM_UTC2";"Buy";"14352.1";"14377.1";"2023.10.31 19:30:00";"2023.10.31 19:42:00";"30.0";"750.00";"14327.09961";"14377.09961";"63516.89";"0.00";"IST";"PT";"12m 0s";"-0.00"
"122";"USTEC_ICM_UTC2";"Buy";"14518.6";"14493.6";"2023.11.01 17:45:00";"2023.11.01 18:40:00";"30.0";"-750.00";"14493.59961";"14543.59961";"62766.89";"0.00";"IST";"SL";"55m 0s";"-0.00"
"123";"USTEC_ICM_UTC2";"Buy";"14863.9";"14888.9";"2023.11.02 18:15:00";"2023.11.02 18:55:00";"30.0";"750.00";"14838.90039";"14888.90039";"63516.89";"0.00";"IST";"PT";"40m 0s";"-0.00"
"124";"USTEC_ICM_UTC2";"Buy";"15030.2";"15055.2";"2023.11.03 17:30:00";"2023.11.03 17:31:00";"30.0";"750.00";"15005.20020";"15055.20020";"64266.89";"0.00";"IST";"PT";"1m 0s";"-0.00"
"125";"USTEC_ICM_UTC2";"Buy";"15128.2";"15103.2";"2023.11.06 19:30:00";"2023.11.06 20:10:00";"30.0";"-750.00";"15103.20020";"15153.20020";"63516.89";"0.00";"IST";"SL";"40m 0s";"-0.00"
"126";"USTEC_ICM_UTC2";"Buy";"15310.8";"15285.8";"2023.11.07 18:30:00";"2023.11.07 18:47:00";"30.0";"-750.00";"15285.79980";"15335.79980";"62766.89";"0.00";"IST";"SL";"17m 0s";"-0.00"
"127";"USTEC_ICM_UTC2";"Buy";"15336.9";"15311.9";"2023.11.09 16:30:00";"2023.11.09 16:35:00";"30.0";"-750.00";"15311.90039";"15361.90039";"62016.89";"0.00";"IST";"SL";"5m 0s";"-0.00"
"128";"USTEC_ICM_UTC2";"Buy";"15368.1";"15393.1";"2023.11.10 18:30:00";"2023.11.10 19:01:00";"30.0";"750.00";"15343.09961";"15393.09961";"62766.89";"0.00";"IST";"PT";"31m 0s";"-0.00"
"129";"USTEC_ICM_UTC2";"Buy";"15521.0";"15496.0";"2023.11.13 21:45:00";"2023.11.13 22:02:00";"30.0";"-750.00";"15496.00000";"15546.00000";"62016.89";"0.00";"IST";"SL";"17m 0s";"-0.00"
"130";"USTEC_ICM_UTC2";"Buy";"15832.1";"15807.1";"2023.11.14 17:45:00";"2023.11.14 17:57:00";"30.0";"-750.00";"15807.09961";"15857.09961";"61266.89";"0.00";"IST";"SL";"12m 0s";"-0.00"
"131";"USTEC_ICM_UTC2";"Buy";"15806.6";"15831.6";"2023.11.16 22:15:00";"2023.11.16 22:43:00";"30.0";"750.00";"15781.59961";"15831.59961";"62016.89";"0.00";"IST";"PT";"28m 0s";"-0.00"
"132";"USTEC_ICM_UTC2";"Buy";"15851.7";"15826.7";"2023.11.17 22:00:00";"2023.11.17 22:32:00";"30.0";"-750.00";"15826.70020";"15876.70020";"61266.89";"0.00";"IST";"SL";"32m 0s";"-0.00"
"133";"USTEC_ICM_UTC2";"Buy";"15954.9";"15979.9";"2023.11.20 18:30:00";"2023.11.20 20:03:00";"30.0";"750.00";"15929.90039";"15979.90039";"62016.89";"0.00";"IST";"PT";"1h 33m";"-0.00"
"134";"USTEC_ICM_UTC2";"Buy";"16023.7";"16048.7";"2023.11.22 20:00:00";"2023.11.22 20:28:00";"30.0";"750.00";"15998.70020";"16048.70020";"62766.89";"0.00";"IST";"PT";"28m 0s";"-0.00"
"135";"USTEC_ICM_UTC2";"Buy";"16021.3";"16046.3";"2023.11.27 19:30:00";"2023.11.27 20:14:00";"30.0";"750.00";"15996.29980";"16046.29980";"63516.89";"0.00";"IST";"PT";"44m 0s";"-0.00"
"136";"USTEC_ICM_UTC2";"Buy";"16004.1";"15979.1";"2023.11.28 19:30:00";"2023.11.28 19:30:00";"30.0";"-750.00";"15979.09961";"16029.09961";"62766.89";"0.00";"IST";"SL";"0s";"-0.00"
"137";"USTEC_ICM_UTC2";"Buy";"16006.4";"15981.4";"2023.12.01 20:00:00";"2023.12.01 20:13:00";"30.0";"-750.00";"15981.40039";"16031.40039";"62016.89";"0.00";"IST";"SL";"13m 0s";"-0.00"
"138";"USTEC_ICM_UTC2";"Buy";"15860.5";"15835.5";"2023.12.05 18:45:00";"2023.12.05 18:52:00";"30.0";"-750.00";"15835.50000";"15885.50000";"61266.89";"0.00";"IST";"SL";"7m 0s";"-0.00"
"139";"USTEC_ICM_UTC2";"Buy";"15914.9";"15889.9";"2023.12.07 16:30:00";"2023.12.07 16:30:00";"30.0";"-750.00";"15889.90039";"15939.90039";"60516.89";"0.00";"IST";"SL";"0s";"-0.00"
"140";"USTEC_ICM_UTC2";"Buy";"16012.4";"15987.4";"2023.12.08 19:00:00";"2023.12.08 19:14:00";"30.0";"-750.00";"15987.40039";"16037.40039";"59766.89";"0.00";"IST";"SL";"14m 0s";"-0.00"
"141";"USTEC_ICM_UTC2";"Buy";"16179.3";"16204.3";"2023.12.11 19:45:00";"2023.12.11 20:04:00";"30.0";"750.00";"16154.29980";"16204.29980";"60516.89";"0.00";"IST";"PT";"19m 0s";"-0.00"
"142";"USTEC_ICM_UTC2";"Buy";"16277.7";"16252.7";"2023.12.12 18:45:00";"2023.12.12 19:05:00";"30.0";"-750.00";"16252.70020";"16302.70020";"59766.89";"0.00";"IST";"SL";"20m 0s";"-0.00"
"143";"USTEC_ICM_UTC2";"Buy";"16651.9";"16626.9";"2023.12.15 19:00:00";"2023.12.15 19:06:00";"30.0";"-750.00";"16626.90039";"16676.90039";"59016.89";"0.00";"IST";"SL";"6m 0s";"-0.00"
"144";"USTEC_ICM_UTC2";"Buy";"16663.0";"16688.0";"2023.12.18 18:00:00";"2023.12.18 18:17:00";"30.0";"750.00";"16638.00000";"16688.00000";"59766.89";"0.00";"IST";"PT";"17m 0s";"-0.00"
"145";"USTEC_ICM_UTC2";"Buy";"16834.7";"16809.7";"2023.12.20 19:30:00";"2023.12.20 21:21:00";"30.0";"-750.00";"16809.69922";"16859.69922";"59016.89";"0.00";"IST";"SL";"1h 51m";"-0.00"
"146";"USTEC_ICM_UTC2";"Buy";"16801.6";"16826.6";"2023.12.22 16:30:00";"2023.12.22 16:44:00";"30.0";"750.00";"16776.59961";"16826.59961";"59766.89";"0.00";"IST";"PT";"14m 0s";"-0.00"
"147";"USTEC_ICM_UTC2";"Buy";"16854.1";"16879.1";"2023.12.26 19:00:00";"2023.12.26 22:00:00";"30.0";"750.00";"16829.09961";"16879.09961";"60516.89";"0.00";"IST";"PT";"3h 0m";"-0.00"
"148";"USTEC_ICM_UTC2";"Buy";"16889.4";"16914.4";"2023.12.27 19:15:00";"2023.12.27 20:10:00";"30.0";"750.00";"16864.40039";"16914.40039";"61266.89";"0.00";"IST";"PT";"55m 0s";"-0.00"
"149";"USTEC_ICM_UTC2";"Buy";"16354.2";"16379.2";"2024.01.08 16:30:00";"2024.01.08 16:31:00";"30.0";"750.00";"16329.20020";"16379.20020";"62016.89";"0.00";"IST";"PT";"1m 0s";"-0.00"
"150";"USTEC_ICM_UTC2";"Buy";"16636.1";"16661.1";"2024.01.09 18:45:00";"2024.01.09 18:53:00";"30.0";"750.00";"16611.09961";"16661.09961";"62766.89";"0.00";"IST";"PT";"8m 0s";"-0.00"
"151";"USTEC_ICM_UTC2";"Buy";"16754.1";"16779.1";"2024.01.10 20:30:00";"2024.01.10 21:03:00";"30.0";"750.00";"16729.09961";"16779.09961";"63516.89";"0.00";"IST";"PT";"33m 0s";"-0.00"
"152";"USTEC_ICM_UTC2";"Buy";"16981.9";"17006.9";"2024.01.18 22:30:00";"2024.01.19 01:54:00";"30.0";"566.88";"16956.90039";"17006.90039";"64083.77";"0.00";"IST";"PT";"3h 24m";"-183.12"
"153";"USTEC_ICM_UTC2";"Buy";"17224.5";"17249.5";"2024.01.19 20:30:00";"2024.01.19 20:41:00";"30.0";"750.00";"17199.50000";"17249.50000";"64833.77";"0.00";"IST";"PT";"11m 0s";"-0.00"
"154";"USTEC_ICM_UTC2";"Buy";"17385.9";"17410.9";"2024.01.23 22:30:00";"2024.01.23 22:55:00";"30.0";"750.00";"17360.90039";"17410.90039";"65583.77";"0.00";"IST";"PT";"25m 0s";"-0.00"
"155";"USTEC_ICM_UTC2";"Buy";"17606.2";"17631.2";"2024.01.25 18:30:00";"2024.01.25 18:52:00";"30.0";"750.00";"17581.19922";"17631.19922";"66333.77";"0.00";"IST";"PT";"22m 0s";"-0.00"
"156";"USTEC_ICM_UTC2";"Buy";"17498.3";"17473.3";"2024.01.26 18:30:00";"2024.01.26 18:38:00";"30.0";"-750.00";"17473.30078";"17523.30078";"65583.77";"0.00";"IST";"SL";"8m 0s";"-0.00"
"157";"USTEC_ICM_UTC2";"Buy";"17475.7";"17500.7";"2024.01.29 19:15:00";"2024.01.29 21:11:00";"30.0";"750.00";"17450.69922";"17500.69922";"66333.77";"0.00";"IST";"PT";"1h 56m";"-0.00"
"158";"USTEC_ICM_UTC2";"Buy";"17252.6";"17277.6";"2024.02.01 19:45:00";"2024.02.01 19:48:00";"30.0";"750.00";"17227.59961";"17277.59961";"67083.77";"0.00";"IST";"PT";"3m 0s";"-0.00"
"159";"USTEC_ICM_UTC2";"Buy";"17606.7";"17631.7";"2024.02.02 18:45:00";"2024.02.02 19:20:00";"30.0";"750.00";"17581.69922";"17631.69922";"67833.77";"0.00";"IST";"PT";"35m 0s";"-0.00"
"160";"USTEC_ICM_UTC2";"Buy";"17764.1";"17739.1";"2024.02.07 21:00:00";"2024.02.08 10:22:00";"30.0";"-933.12";"17739.09961";"17789.09961";"66900.65";"0.00";"IST";"SL";"13h 22m";"-183.12"
"161";"USTEC_ICM_UTC2";"Buy";"17797.2";"17772.2";"2024.02.08 20:45:00";"2024.02.08 21:06:00";"30.0";"-750.00";"17772.19922";"17822.19922";"66150.65";"0.00";"IST";"SL";"21m 0s";"-0.00"
"162";"USTEC_ICM_UTC2";"Buy";"17914.2";"17939.2";"2024.02.09 19:00:00";"2024.02.09 19:52:00";"30.0";"750.00";"17889.19922";"17939.19922";"66900.65";"0.00";"IST";"PT";"52m 0s";"-0.00"
"163";"USTEC_ICM_UTC2";"Buy";"17999.9";"18024.9";"2024.02.12 19:45:00";"2024.02.12 19:58:00";"30.0";"750.00";"17974.90039";"18024.90039";"67650.65";"0.00";"IST";"PT";"13m 0s";"-0.00"
"164";"USTEC_ICM_UTC2";"Buy";"17847.4";"17822.4";"2024.02.15 21:00:00";"2024.02.15 21:12:00";"30.0";"-750.00";"17822.40039";"17872.40039";"66900.65";"0.00";"IST";"SL";"12m 0s";"-0.00"
"165";"USTEC_ICM_UTC2";"Buy";"17733.1";"17708.1";"2024.02.19 17:00:00";"2024.02.20 01:10:00";"30.0";"-933.12";"17708.09961";"17758.09961";"65967.53";"0.00";"IST";"SL";"8h 10m";"-183.12"
"166";"USTEC_ICM_UTC2";"Buy";"17922.6";"17897.6";"2024.02.22 18:45:00";"2024.02.22 18:48:00";"30.0";"-750.00";"17897.59961";"17947.59961";"65217.53";"0.00";"IST";"SL";"3m 0s";"-0.00"
"167";"USTEC_ICM_UTC2";"Buy";"18003.3";"17978.3";"2024.02.26 19:00:00";"2024.02.26 19:01:00";"30.0";"-750.00";"17978.30078";"18028.30078";"64467.53";"0.00";"IST";"SL";"1m 0s";"-0.00"
"168";"USTEC_ICM_UTC2";"Buy";"17975.6";"17950.6";"2024.02.27 16:30:00";"2024.02.27 16:38:00";"30.0";"-750.00";"17950.59961";"18000.59961";"63717.53";"0.00";"IST";"SL";"8m 0s";"-0.00"
"169";"USTEC_ICM_UTC2";"Buy";"17928.8";"17903.8";"2024.02.28 18:45:00";"2024.02.28 19:11:00";"30.0";"-750.00";"17903.80078";"17953.80078";"62967.53";"0.00";"IST";"SL";"26m 0s";"-0.00"
"170";"USTEC_ICM_UTC2";"Buy";"17998.9";"17973.9";"2024.02.29 21:00:00";"2024.02.29 21:45:00";"30.0";"-750.00";"17973.90039";"18023.90039";"62217.53";"0.00";"IST";"SL";"45m 0s";"-0.00"
"171";"USTEC_ICM_UTC2";"Buy";"18234.8";"18259.8";"2024.03.01 19:45:00";"2024.03.01 20:07:00";"30.0";"750.00";"18209.80078";"18259.80078";"62967.53";"0.00";"IST";"PT";"22m 0s";"-0.00"
"172";"USTEC_ICM_UTC2";"Buy";"18129.9";"18104.9";"2024.03.06 19:30:00";"2024.03.06 19:46:00";"30.0";"-750.00";"18104.90039";"18154.90039";"62217.53";"0.00";"IST";"SL";"16m 0s";"-0.00"
"173";"USTEC_ICM_UTC2";"Buy";"18287.2";"18312.2";"2024.03.07 19:30:00";"2024.03.07 20:33:00";"30.0";"750.00";"18262.19922";"18312.19922";"62967.53";"0.00";"IST";"PT";"1h 3m";"-0.00"
"174";"USTEC_ICM_UTC2";"Buy";"17940.3";"17965.3";"2024.03.11 21:30:00";"2024.03.11 21:43:00";"30.0";"750.00";"17915.30078";"17965.30078";"63717.53";"0.00";"IST";"PT";"13m 0s";"-0.00"
"175";"USTEC_ICM_UTC2";"Buy";"18194.8";"18169.8";"2024.03.12 17:30:00";"2024.03.12 17:35:00";"30.0";"-750.00";"18169.80078";"18219.80078";"62967.53";"0.00";"IST";"SL";"5m 0s";"-0.00"
"176";"USTEC_ICM_UTC2";"Buy";"18005.8";"18030.8";"2024.03.19 19:30:00";"2024.03.19 19:46:00";"30.0";"750.00";"17980.80078";"18030.80078";"63717.53";"0.00";"IST";"PT";"16m 0s";"-0.00"
"177";"USTEC_ICM_UTC2";"Buy";"18452.1";"18427.1";"2024.03.21 18:15:00";"2024.03.21 19:02:00";"30.0";"-750.00";"18427.09961";"18477.09961";"62967.53";"0.00";"IST";"SL";"47m 0s";"-0.00"
"178";"USTEC_ICM_UTC2";"Buy";"18364.9";"18389.9";"2024.03.22 19:30:00";"2024.03.22 19:56:00";"30.0";"750.00";"18339.90039";"18389.90039";"63717.53";"0.00";"IST";"PT";"26m 0s";"-0.00"
"179";"USTEC_ICM_UTC2";"Buy";"18295.9";"18320.9";"2024.03.25 18:30:00";"2024.03.25 19:42:00";"30.0";"750.00";"18270.90039";"18320.90039";"64467.53";"0.00";"IST";"PT";"1h 12m";"-0.00"
"180";"USTEC_ICM_UTC2";"Buy";"18237.3";"18212.3";"2024.04.03 18:15:00";"2024.04.03 18:50:00";"30.0";"-750.00";"18212.30078";"18262.30078";"63717.53";"0.00";"IST";"SL";"35m 0s";"-0.00"
"181";"USTEC_ICM_UTC2";"Buy";"18342.1";"18317.1";"2024.04.04 16:30:00";"2024.04.04 16:51:00";"30.0";"-750.00";"18317.09961";"18367.09961";"62967.53";"0.00";"IST";"SL";"21m 0s";"-0.00"
"182";"USTEC_ICM_UTC2";"Buy";"18166.2";"18141.2";"2024.04.05 19:15:00";"2024.04.05 19:32:00";"30.0";"-750.00";"18141.19922";"18191.19922";"62217.53";"0.00";"IST";"SL";"17m 0s";"-0.00"
"183";"USTEC_ICM_UTC2";"Buy";"18142.1";"18117.1";"2024.04.08 18:30:00";"2024.04.08 18:36:00";"30.0";"-750.00";"18117.09961";"18167.09961";"61467.53";"0.00";"IST";"SL";"6m 0s";"-0.00"
"184";"USTEC_ICM_UTC2";"Buy";"18089.9";"18064.9";"2024.04.11 16:30:00";"2024.04.11 16:31:00";"30.0";"-750.00";"18064.90039";"18114.90039";"60717.53";"0.00";"IST";"SL";"1m 0s";"-0.00"
"185";"USTEC_ICM_UTC2";"Buy";"17793.4";"17768.4";"2024.04.17 16:30:00";"2024.04.17 16:30:00";"30.0";"-750.00";"17768.40039";"17818.40039";"59967.53";"0.00";"IST";"SL";"0s";"-0.00"
"186";"USTEC_ICM_UTC2";"Buy";"17345.9";"17320.9";"2024.04.19 16:30:00";"2024.04.19 16:30:00";"30.0";"-750.00";"17320.90039";"17370.90039";"59217.53";"0.00";"IST";"SL";"0s";"-0.00"
"187";"USTEC_ICM_UTC2";"Buy";"17212.4";"17237.4";"2024.04.22 20:45:00";"2024.04.22 20:49:00";"30.0";"750.00";"17187.40039";"17237.40039";"59967.53";"0.00";"IST";"PT";"4m 0s";"-0.00"
"188";"USTEC_ICM_UTC2";"Buy";"17288.0";"17313.0";"2024.04.23 16:30:00";"2024.04.23 16:32:00";"30.0";"750.00";"17263.00000";"17313.00000";"60717.53";"0.00";"IST";"PT";"2m 0s";"-0.00"
"189";"USTEC_ICM_UTC2";"Buy";"17440.9";"17415.9";"2024.04.25 21:15:00";"2024.04.25 21:28:00";"30.0";"-750.00";"17415.90039";"17465.90039";"59967.53";"0.00";"IST";"SL";"13m 0s";"-0.00"
"190";"USTEC_ICM_UTC2";"Buy";"17711.9";"17736.9";"2024.04.26 18:30:00";"2024.04.26 18:45:00";"30.0";"750.00";"17686.90039";"17736.90039";"60717.53";"0.00";"IST";"PT";"15m 0s";"-0.00"
"191";"USTEC_ICM_UTC2";"Buy";"17762.6";"17737.6";"2024.04.29 21:30:00";"2024.04.29 21:32:00";"30.0";"-750.00";"17737.59961";"17787.59961";"59967.53";"0.00";"IST";"SL";"2m 0s";"-0.00"
"192";"USTEC_ICM_UTC2";"Buy";"17491.7";"17516.7";"2024.05.02 21:00:00";"2024.05.02 21:08:00";"30.0";"750.00";"17466.69922";"17516.69922";"60717.53";"0.00";"IST";"PT";"8m 0s";"-0.00"
"193";"USTEC_ICM_UTC2";"Buy";"17875.0";"17900.0";"2024.05.03 19:15:00";"2024.05.03 21:08:00";"30.0";"750.00";"17850.00000";"17900.00000";"61467.53";"0.00";"IST";"PT";"1h 53m";"-0.00"
"194";"USTEC_ICM_UTC2";"Buy";"17992.5";"17967.5";"2024.05.06 18:30:00";"2024.05.06 19:20:00";"30.0";"-750.00";"17967.50000";"18017.50000";"60717.53";"0.00";"IST";"SL";"50m 0s";"-0.00"
"195";"USTEC_ICM_UTC2";"Buy";"18146.2";"18121.2";"2024.05.07 19:00:00";"2024.05.07 20:47:00";"30.0";"-750.00";"18121.19922";"18171.19922";"59967.53";"0.00";"IST";"SL";"1h 47m";"-0.00"
"196";"USTEC_ICM_UTC2";"Buy";"18116.7";"18091.7";"2024.05.09 20:00:00";"2024.05.09 20:20:00";"30.0";"-750.00";"18091.69922";"18141.69922";"59217.53";"0.00";"IST";"SL";"20m 0s";"-0.00"
"197";"USTEC_ICM_UTC2";"Buy";"18314.3";"18339.3";"2024.05.14 22:00:00";"2024.05.15 05:42:00";"30.0";"566.88";"18289.30078";"18339.30078";"59784.41";"0.00";"IST";"PT";"7h 42m";"-183.12"
"198";"USTEC_ICM_UTC2";"Buy";"18477.4";"18502.4";"2024.05.15 18:00:00";"2024.05.15 18:15:00";"30.0";"750.00";"18452.40039";"18502.40039";"60534.41";"0.00";"IST";"PT";"15m 0s";"-0.00"
"199";"USTEC_ICM_UTC2";"Buy";"18652.0";"18627.0";"2024.05.16 19:00:00";"2024.05.16 19:01:00";"30.0";"-750.00";"18627.00000";"18677.00000";"59784.41";"0.00";"IST";"SL";"1m 0s";"-0.00"
"200";"USTEC_ICM_UTC2";"Buy";"18655.5";"18680.5";"2024.05.20 18:15:00";"2024.05.20 19:39:00";"30.0";"750.00";"18630.50000";"18680.50000";"60534.41";"0.00";"IST";"PT";"1h 24m";"-0.00"
"201";"USTEC_ICM_UTC2";"Buy";"18675.3";"18700.3";"2024.05.21 21:45:00";"2024.05.21 22:33:00";"30.0";"750.00";"18650.30078";"18700.30078";"61284.41";"0.00";"IST";"PT";"48m 0s";"-0.00"
"202";"USTEC_ICM_UTC2";"Buy";"18753.8";"18728.8";"2024.05.22 18:30:00";"2024.05.22 18:50:00";"30.0";"-750.00";"18728.80078";"18778.80078";"60534.41";"0.00";"IST";"SL";"20m 0s";"-0.00"
"203";"USTEC_ICM_UTC2";"Buy";"18830.2";"18805.2";"2024.05.24 18:30:00";"2024.05.24 20:07:00";"30.0";"-750.00";"18805.19922";"18855.19922";"59784.41";"0.00";"IST";"SL";"1h 37m";"-0.00"
"204";"USTEC_ICM_UTC2";"Buy";"18812.1";"18837.1";"2024.05.27 17:15:00";"2024.05.27 17:55:00";"30.0";"750.00";"18787.09961";"18837.09961";"60534.41";"0.00";"IST";"PT";"40m 0s";"-0.00"
"205";"USTEC_ICM_UTC2";"Buy";"18806.2";"18781.2";"2024.05.29 20:00:00";"2024.05.29 20:01:00";"30.0";"-750.00";"18781.19922";"18831.19922";"59784.41";"0.00";"IST";"SL";"1m 0s";"-0.00"
"206";"USTEC_ICM_UTC2";"Buy";"18579.5";"18604.5";"2024.06.04 21:00:00";"2024.06.04 21:12:00";"30.0";"750.00";"18554.50000";"18604.50000";"60534.41";"0.00";"IST";"PT";"12m 0s";"-0.00"
"207";"USTEC_ICM_UTC2";"Buy";"18873.5";"18898.5";"2024.06.05 18:00:00";"2024.06.05 18:12:00";"30.0";"750.00";"18848.50000";"18898.50000";"61284.41";"0.00";"IST";"PT";"12m 0s";"-0.00"
"208";"USTEC_ICM_UTC2";"Buy";"19088.4";"19063.4";"2024.06.07 20:45:00";"2024.06.07 21:00:00";"30.0";"-750.00";"19063.40039";"19113.40039";"60534.41";"0.00";"IST";"SL";"15m 0s";"-0.00"
"209";"USTEC_ICM_UTC2";"Buy";"19041.9";"19066.9";"2024.06.10 18:15:00";"2024.06.10 18:41:00";"30.0";"750.00";"19016.90039";"19066.90039";"61284.41";"0.00";"IST";"PT";"26m 0s";"-0.00"
"210";"USTEC_ICM_UTC2";"Buy";"19078.6";"19103.6";"2024.06.11 19:45:00";"2024.06.11 20:11:00";"30.0";"750.00";"19053.59961";"19103.59961";"62034.41";"0.00";"IST";"PT";"26m 0s";"-0.00"
"211";"USTEC_ICM_UTC2";"Buy";"19487.6";"19462.6";"2024.06.12 18:45:00";"2024.06.12 19:37:00";"30.0";"-750.00";"19462.59961";"19512.59961";"61284.41";"0.00";"IST";"SL";"52m 0s";"-0.00"
"212";"USTEC_ICM_UTC2";"Buy";"19641.6";"19616.6";"2024.06.14 20:30:00";"2024.06.14 21:16:00";"30.0";"-750.00";"19616.59961";"19666.59961";"60534.41";"0.00";"IST";"SL";"46m 0s";"-0.00"
"213";"USTEC_ICM_UTC2";"Buy";"19741.7";"19766.7";"2024.06.17 19:15:00";"2024.06.17 19:24:00";"30.0";"750.00";"19716.69922";"19766.69922";"61284.41";"0.00";"IST";"PT";"9m 0s";"-0.00"
"214";"USTEC_ICM_UTC2";"Buy";"19950.4";"19975.4";"2024.06.19 17:00:00";"2024.06.20 04:37:00";"30.0";"566.88";"19925.40039";"19975.40039";"61851.29";"0.00";"IST";"PT";"11h 37m";"-183.12"
"215";"USTEC_ICM_UTC2";"Buy";"19667.3";"19692.3";"2024.06.25 18:45:00";"2024.06.25 18:57:00";"30.0";"750.00";"19642.30078";"19692.30078";"62601.29";"0.00";"IST";"PT";"12m 0s";"-0.00"
"216";"USTEC_ICM_UTC2";"Buy";"19778.8";"19803.8";"2024.06.27 20:15:00";"2024.06.27 20:41:00";"30.0";"750.00";"19753.80078";"19803.80078";"63351.29";"0.00";"IST";"PT";"26m 0s";"-0.00"
"217";"USTEC_ICM_UTC2";"Buy";"19778.2";"19753.2";"2024.07.01 19:30:00";"2024.07.01 20:04:00";"30.0";"-750.00";"19753.19922";"19803.19922";"62601.29";"0.00";"IST";"SL";"34m 0s";"-0.00"
"218";"USTEC_ICM_UTC2";"Buy";"19875.8";"19850.8";"2024.07.02 18:15:00";"2024.07.02 18:21:00";"30.0";"-750.00";"19850.80078";"19900.80078";"61851.29";"0.00";"IST";"SL";"6m 0s";"-0.00"
"219";"USTEC_ICM_UTC2";"Buy";"20113.2";"20138.2";"2024.07.03 18:30:00";"2024.07.03 18:55:00";"30.0";"750.00";"20088.19922";"20138.19922";"62601.29";"0.00";"IST";"PT";"25m 0s";"-0.00"
"220";"USTEC_ICM_UTC2";"Buy";"20383.6";"20358.6";"2024.07.05 19:30:00";"2024.07.05 19:37:00";"30.0";"-750.00";"20358.59961";"20408.59961";"61851.29";"0.00";"IST";"SL";"7m 0s";"-0.00"
"221";"USTEC_ICM_UTC2";"Buy";"20401.1";"20376.1";"2024.07.08 16:30:00";"2024.07.08 16:35:00";"30.0";"-750.00";"20376.09961";"20426.09961";"61101.29";"0.00";"IST";"SL";"5m 0s";"-0.00"
"222";"USTEC_ICM_UTC2";"Buy";"20647.8";"20672.8";"2024.07.10 21:00:00";"2024.07.10 22:48:00";"30.0";"750.00";"20622.80078";"20672.80078";"61851.29";"0.00";"IST";"PT";"1h 48m";"-0.00"
"223";"USTEC_ICM_UTC2";"Buy";"20457.9";"20482.9";"2024.07.12 20:30:00";"2024.07.12 20:38:00";"30.0";"750.00";"20432.90039";"20482.90039";"62601.29";"0.00";"IST";"PT";"8m 0s";"-0.00"
"224";"USTEC_ICM_UTC2";"Buy";"19777.6";"19752.6";"2024.07.22 16:30:00";"2024.07.22 16:30:00";"30.0";"-750.00";"19752.59961";"19802.59961";"61851.29";"0.00";"IST";"SL";"0s";"-0.00"
"225";"USTEC_ICM_UTC2";"Buy";"19875.5";"19850.5";"2024.07.23 18:45:00";"2024.07.23 19:01:00";"30.0";"-750.00";"19850.50000";"19900.50000";"61101.29";"0.00";"IST";"SL";"16m 0s";"-0.00"
"226";"USTEC_ICM_UTC2";"Buy";"19057.0";"19032.0";"2024.07.25 16:30:00";"2024.07.25 16:31:00";"30.0";"-750.00";"19032.00000";"19082.00000";"60351.29";"0.00";"IST";"SL";"1m 0s";"-0.00"
"227";"USTEC_ICM_UTC2";"Buy";"19126.7";"19101.7";"2024.07.26 20:00:00";"2024.07.26 20:34:00";"30.0";"-750.00";"19101.69922";"19151.69922";"59601.29";"0.00";"IST";"SL";"34m 0s";"-0.00"
"228";"USTEC_ICM_UTC2";"Buy";"19331.7";"19356.7";"2024.07.31 18:15:00";"2024.07.31 18:31:00";"30.0";"750.00";"19306.69922";"19356.69922";"60351.29";"0.00";"IST";"PT";"16m 0s";"-0.00"
"229";"USTEC_ICM_UTC2";"Buy";"17993.2";"18018.2";"2024.08.05 18:30:00";"2024.08.05 18:32:00";"30.0";"750.00";"17968.19922";"18018.19922";"61101.29";"0.00";"IST";"PT";"2m 0s";"-0.00"
"230";"USTEC_ICM_UTC2";"Buy";"18151.2";"18126.2";"2024.08.06 18:15:00";"2024.08.06 18:15:00";"30.0";"-750.00";"18126.19922";"18176.19922";"60351.29";"0.00";"IST";"SL";"0s";"-0.00"
"231";"USTEC_ICM_UTC2";"Buy";"18259.3";"18284.3";"2024.08.08 17:45:00";"2024.08.08 17:46:00";"30.0";"750.00";"18234.30078";"18284.30078";"61101.29";"0.00";"IST";"PT";"1m 0s";"-0.00"
"232";"USTEC_ICM_UTC2";"Buy";"18539.2";"18514.2";"2024.08.09 20:45:00";"2024.08.09 20:54:00";"30.0";"-750.00";"18514.19922";"18564.19922";"60351.29";"0.00";"IST";"SL";"9m 0s";"-0.00"
"233";"USTEC_ICM_UTC2";"Buy";"18630.3";"18655.3";"2024.08.12 18:00:00";"2024.08.12 18:03:00";"30.0";"750.00";"18605.30078";"18655.30078";"61101.29";"0.00";"IST";"PT";"3m 0s";"-0.00"
"234";"USTEC_ICM_UTC2";"Buy";"18861.5";"18886.5";"2024.08.13 18:15:00";"2024.08.13 18:40:00";"30.0";"750.00";"18836.50000";"18886.50000";"61851.29";"0.00";"IST";"PT";"25m 0s";"-0.00"
"235";"USTEC_ICM_UTC2";"Buy";"19400.5";"19425.5";"2024.08.15 18:30:00";"2024.08.15 18:42:00";"30.0";"750.00";"19375.50000";"19425.50000";"62601.29";"0.00";"IST";"PT";"12m 0s";"-0.00"
"236";"USTEC_ICM_UTC2";"Buy";"19544.6";"19519.6";"2024.08.16 20:30:00";"2024.08.16 20:50:00";"30.0";"-750.00";"19519.59961";"19569.59961";"61851.29";"0.00";"IST";"SL";"20m 0s";"-0.00"
"237";"USTEC_ICM_UTC2";"Buy";"19569.6";"19544.6";"2024.08.19 18:45:00";"2024.08.19 18:58:00";"30.0";"-750.00";"19544.59961";"19594.59961";"61101.29";"0.00";"IST";"SL";"13m 0s";"-0.00"
"238";"USTEC_ICM_UTC2";"Buy";"19604.6";"19579.6";"2024.08.27 18:15:00";"2024.08.27 18:18:00";"30.0";"-750.00";"19579.59961";"19629.59961";"60351.29";"0.00";"IST";"SL";"3m 0s";"-0.00"
"239";"USTEC_ICM_UTC2";"Buy";"19561.7";"19586.7";"2024.08.29 18:45:00";"2024.08.29 19:01:00";"30.0";"750.00";"19536.69922";"19586.69922";"61101.29";"0.00";"IST";"PT";"16m 0s";"-0.00"
"240";"USTEC_ICM_UTC2";"Buy";"19552.7";"19577.7";"2024.09.02 17:15:00";"2024.09.02 17:32:00";"30.0";"750.00";"19527.69922";"19577.69922";"61851.29";"0.00";"IST";"PT";"17m 0s";"-0.00"
"241";"USTEC_ICM_UTC2";"Buy";"18990.6";"19015.6";"2024.09.04 20:15:00";"2024.09.04 20:22:00";"30.0";"750.00";"18965.59961";"19015.59961";"62601.29";"0.00";"IST";"PT";"7m 0s";"-0.00"
"242";"USTEC_ICM_UTC2";"Buy";"18809.5";"18834.5";"2024.09.10 21:45:00";"2024.09.10 22:31:00";"30.0";"750.00";"18784.50000";"18834.50000";"63351.29";"0.00";"IST";"PT";"46m 0s";"-0.00"
"243";"USTEC_ICM_UTC2";"Buy";"18993.1";"19018.1";"2024.09.11 20:45:00";"2024.09.11 20:47:00";"30.0";"750.00";"18968.09961";"19018.09961";"64101.29";"0.00";"IST";"PT";"2m 0s";"-0.00"
"244";"USTEC_ICM_UTC2";"Buy";"19423.7";"19448.7";"2024.09.12 21:15:00";"2024.09.12 21:22:00";"30.0";"750.00";"19398.69922";"19448.69922";"64851.29";"0.00";"IST";"PT";"7m 0s";"-0.00"
"245";"USTEC_ICM_UTC2";"Buy";"19518.2";"19493.2";"2024.09.13 19:00:00";"2024.09.13 19:13:00";"30.0";"-750.00";"19493.19922";"19543.19922";"64101.29";"0.00";"IST";"SL";"13m 0s";"-0.00"
"246";"USTEC_ICM_UTC2";"Buy";"19812.7";"19787.7";"2024.09.19 16:30:00";"2024.09.19 16:34:00";"30.0";"-750.00";"19787.69922";"19837.69922";"63351.29";"0.00";"IST";"SL";"4m 0s";"-0.00"
"247";"USTEC_ICM_UTC2";"Buy";"19800.3";"19825.3";"2024.09.20 16:30:00";"2024.09.20 16:31:00";"30.0";"750.00";"19775.30078";"19825.30078";"64101.29";"0.00";"IST";"PT";"1m 0s";"-0.00"
"248";"USTEC_ICM_UTC2";"Buy";"19980.7";"19955.7";"2024.09.24 19:45:00";"2024.09.24 19:54:00";"30.0";"-750.00";"19955.69922";"20005.69922";"63351.29";"0.00";"IST";"SL";"9m 0s";"-0.00"
"249";"USTEC_ICM_UTC2";"Buy";"19985.3";"19960.3";"2024.09.25 19:30:00";"2024.09.25 19:46:00";"30.0";"-750.00";"19960.30078";"20010.30078";"62601.29";"0.00";"IST";"SL";"16m 0s";"-0.00"
"250";"USTEC_ICM_UTC2";"Buy";"20023.2";"19998.2";"2024.09.30 19:30:00";"2024.09.30 19:42:00";"30.0";"-750.00";"19998.19922";"20048.19922";"61851.29";"0.00";"IST";"SL";"12m 0s";"-0.00"
"251";"USTEC_ICM_UTC2";"Buy";"19736.5";"19711.5";"2024.10.02 16:30:00";"2024.10.02 16:31:00";"30.0";"-750.00";"19711.50000";"19761.50000";"61101.29";"0.00";"IST";"SL";"1m 0s";"-0.00"
"252";"USTEC_ICM_UTC2";"Buy";"19839.7";"19814.7";"2024.10.03 19:00:00";"2024.10.03 19:30:00";"30.0";"-750.00";"19814.69922";"19864.69922";"60351.29";"0.00";"IST";"SL";"30m 0s";"-0.00"
"253";"USTEC_ICM_UTC2";"Buy";"19970.0";"19945.0";"2024.10.07 18:30:00";"2024.10.07 19:02:00";"30.0";"-750.00";"19945.00000";"19995.00000";"59601.29";"0.00";"IST";"SL";"32m 0s";"-0.00"
"254";"USTEC_ICM_UTC2";"Buy";"20040.8";"20065.8";"2024.10.08 18:45:00";"2024.10.08 18:56:00";"30.0";"750.00";"20015.80078";"20065.80078";"60351.29";"0.00";"IST";"PT";"11m 0s";"-0.00"
"255";"USTEC_ICM_UTC2";"Buy";"20225.6";"20200.6";"2024.10.09 19:45:00";"2024.10.09 19:54:00";"30.0";"-750.00";"20200.59961";"20250.59961";"59601.29";"0.00";"IST";"SL";"9m 0s";"-0.00"
"256";"USTEC_ICM_UTC2";"Buy";"20265.0";"20290.0";"2024.10.11 18:45:00";"2024.10.11 18:59:00";"30.0";"750.00";"20240.00000";"20290.00000";"60351.29";"0.00";"IST";"PT";"14m 0s";"-0.00"
"257";"USTEC_ICM_UTC2";"Buy";"20435.9";"20460.9";"2024.10.14 19:45:00";"2024.10.14 21:42:00";"30.0";"750.00";"20410.90039";"20460.90039";"61101.29";"0.00";"IST";"PT";"1h 57m";"-0.00"
"258";"USTEC_ICM_UTC2";"Buy";"20400.9";"20375.9";"2024.10.17 16:30:00";"2024.10.17 16:30:00";"30.0";"-750.00";"20375.90039";"20425.90039";"60351.29";"0.00";"IST";"SL";"0s";"-0.00"
"259";"USTEC_ICM_UTC2";"Buy";"20335.0";"20310.0";"2024.10.18 20:45:00";"2024.10.18 21:01:00";"30.0";"-750.00";"20310.00000";"20360.00000";"59601.29";"0.00";"IST";"SL";"16m 0s";"-0.00"
"260";"USTEC_ICM_UTC2";"Buy";"20317.0";"20292.0";"2024.10.21 20:45:00";"2024.10.21 21:45:00";"30.0";"-750.00";"20292.00000";"20342.00000";"58851.29";"0.00";"IST";"SL";"1h 0m";"-0.00"
"261";"USTEC_ICM_UTC2";"Buy";"20324.6";"20299.6";"2024.10.22 18:45:00";"2024.10.22 19:08:00";"30.0";"-750.00";"20299.59961";"20349.59961";"58101.29";"0.00";"IST";"SL";"23m 0s";"-0.00"
"262";"USTEC_ICM_UTC2";"Buy";"20513.6";"20488.6";"2024.10.25 19:45:00";"2024.10.25 20:00:00";"30.0";"-750.00";"20488.59961";"20538.59961";"57351.29";"0.00";"IST";"SL";"15m 0s";"-0.00"
"263";"USTEC_ICM_UTC2";"Buy";"20456.8";"20481.8";"2024.10.29 17:30:00";"2024.10.29 17:59:00";"30.0";"750.00";"20431.80078";"20481.80078";"58101.29";"0.00";"IST";"PT";"29m 0s";"-0.00"
"264";"USTEC_ICM_UTC2";"Buy";"20099.9";"20124.9";"2024.11.01 18:30:00";"2024.11.01 18:33:00";"30.0";"750.00";"20074.90039";"20124.90039";"58851.29";"0.00";"IST";"PT";"3m 0s";"-0.00"
"265";"USTEC_ICM_UTC2";"Buy";"20179.9";"20204.9";"2024.11.05 18:30:00";"2024.11.05 18:32:00";"30.0";"750.00";"20154.90039";"20204.90039";"59601.29";"0.00";"IST";"PT";"2m 0s";"-0.00"
"266";"USTEC_ICM_UTC2";"Buy";"20674.2";"20699.2";"2024.11.06 18:45:00";"2024.11.06 19:48:00";"30.0";"750.00";"20649.19922";"20699.19922";"60351.29";"0.00";"IST";"PT";"1h 3m";"-0.00"
"267";"USTEC_ICM_UTC2";"Buy";"20883.8";"20908.8";"2024.11.07 16:30:00";"2024.11.07 16:32:00";"30.0";"750.00";"20858.80078";"20908.80078";"61101.29";"0.00";"IST";"PT";"2m 0s";"-0.00"
"268";"USTEC_ICM_UTC2";"Buy";"21094.8";"21119.8";"2024.11.08 19:30:00";"2024.11.08 20:07:00";"30.0";"750.00";"21069.80078";"21119.80078";"61851.29";"0.00";"IST";"PT";"37m 0s";"-0.00"
"269";"USTEC_ICM_UTC2";"Buy";"21107.2";"21082.2";"2024.11.12 16:30:00";"2024.11.12 16:32:00";"30.0";"-750.00";"21082.19922";"21132.19922";"61101.29";"0.00";"IST";"SL";"2m 0s";"-0.00"
"270";"USTEC_ICM_UTC2";"Buy";"20588.7";"20613.7";"2024.11.18 18:00:00";"2024.11.18 18:13:00";"30.0";"750.00";"20563.69922";"20613.69922";"61851.29";"0.00";"IST";"PT";"13m 0s";"-0.00"
"271";"USTEC_ICM_UTC2";"Buy";"20602.2";"20627.2";"2024.11.19 19:45:00";"2024.11.19 20:10:00";"30.0";"750.00";"20577.19922";"20627.19922";"62601.29";"0.00";"IST";"PT";"25m 0s";"-0.00"
"272";"USTEC_ICM_UTC2";"Buy";"20763.3";"20738.3";"2024.11.22 19:30:00";"2024.11.22 19:34:00";"30.0";"-750.00";"20738.30078";"20788.30078";"61851.29";"0.00";"IST";"SL";"4m 0s";"-0.00"
"273";"USTEC_ICM_UTC2";"Buy";"20869.7";"20894.7";"2024.11.26 19:30:00";"2024.11.26 19:44:00";"30.0";"750.00";"20844.69922";"20894.69922";"62601.29";"0.00";"IST";"PT";"14m 0s";"-0.00"
"274";"USTEC_ICM_UTC2";"Buy";"20825.1";"20800.1";"2024.11.28 17:00:00";"2024.11.29 02:34:00";"30.0";"-933.12";"20800.09961";"20850.09961";"61668.17";"0.00";"IST";"SL";"9h 34m";"-183.12"
"275";"USTEC_ICM_UTC2";"Buy";"20929.5";"20954.5";"2024.11.29 18:30:00";"2024.11.29 19:50:00";"30.0";"750.00";"20904.50000";"20954.50000";"62418.17";"0.00";"IST";"PT";"1h 20m";"-0.00"
"276";"USTEC_ICM_UTC2";"Buy";"21171.1";"21196.1";"2024.12.02 19:00:00";"2024.12.02 19:23:00";"30.0";"750.00";"21146.09961";"21196.09961";"63168.17";"0.00";"IST";"PT";"23m 0s";"-0.00"
"277";"USTEC_ICM_UTC2";"Buy";"21199.3";"21224.3";"2024.12.03 22:15:00";"2024.12.03 22:56:00";"30.0";"750.00";"21174.30078";"21224.30078";"63918.17";"0.00";"IST";"PT";"41m 0s";"-0.00"
"278";"USTEC_ICM_UTC2";"Buy";"21430.6";"21405.6";"2024.12.04 18:15:00";"2024.12.04 18:32:00";"30.0";"-750.00";"21405.59961";"21455.59961";"63168.17";"0.00";"IST";"SL";"17m 0s";"-0.00"
"279";"USTEC_ICM_UTC2";"Buy";"21480.3";"21505.3";"2024.12.05 19:00:00";"2024.12.05 19:13:00";"30.0";"750.00";"21455.30078";"21505.30078";"63918.17";"0.00";"IST";"PT";"13m 0s";"-0.00"
"280";"USTEC_ICM_UTC2";"Buy";"21617.1";"21592.1";"2024.12.06 20:30:00";"2024.12.06 21:07:00";"30.0";"-750.00";"21592.09961";"21642.09961";"63168.17";"0.00";"IST";"SL";"37m 0s";"-0.00"
"281";"USTEC_ICM_UTC2";"Buy";"21716.5";"21741.5";"2024.12.11 18:45:00";"2024.12.11 19:06:00";"30.0";"750.00";"21691.50000";"21741.50000";"63918.17";"0.00";"IST";"PT";"21m 0s";"-0.00"
"282";"USTEC_ICM_UTC2";"Buy";"21700.3";"21675.3";"2024.12.12 20:30:00";"2024.12.12 20:42:00";"30.0";"-750.00";"21675.30078";"21725.30078";"63168.17";"0.00";"IST";"SL";"12m 0s";"-0.00"
"283";"USTEC_ICM_UTC2";"Buy";"22042.8";"22067.8";"2024.12.16 19:30:00";"2024.12.16 19:59:00";"30.0";"750.00";"22017.80078";"22067.80078";"63918.17";"0.00";"IST";"PT";"29m 0s";"-0.00"
"284";"USTEC_ICM_UTC2";"Buy";"21553.2";"21528.2";"2024.12.20 19:30:00";"2024.12.20 19:31:00";"30.0";"-750.00";"21528.19922";"21578.19922";"63168.17";"0.00";"IST";"SL";"1m 0s";"-0.00"
"285";"USTEC_ICM_UTC2";"Buy";"21439.3";"21464.3";"2024.12.23 19:45:00";"2024.12.23 20:08:00";"30.0";"750.00";"21414.30078";"21464.30078";"63918.17";"0.00";"IST";"PT";"23m 0s";"-0.00"
"286";"USTEC_ICM_UTC2";"Buy";"21723.1";"21698.1";"2024.12.24 18:30:00";"2024.12.24 19:36:00";"30.0";"-750.00";"21698.09961";"21748.09961";"63168.17";"0.00";"IST";"SL";"1h 6m";"-0.00"
"287";"USTEC_ICM_UTC2";"Buy";"21780.1";"21755.1";"2024.12.26 18:15:00";"2024.12.26 18:25:00";"30.0";"-750.00";"21755.09961";"21805.09961";"62418.17";"0.00";"IST";"SL";"10m 0s";"-0.00"
"288";"USTEC_ICM_UTC2";"Buy";"21251.6";"21276.6";"2024.12.30 22:45:00";"2024.12.30 22:52:00";"30.0";"750.00";"21226.59961";"21276.59961";"63168.17";"0.00";"IST";"PT";"7m 0s";"-0.00"
"289";"USTEC_ICM_UTC2";"Buy";"21267.4";"21292.4";"2025.01.03 19:00:00";"2025.01.03 20:28:00";"30.0";"750.00";"21242.40039";"21292.40039";"63918.17";"0.00";"IST";"PT";"1h 28m";"-0.00"
"290";"USTEC_ICM_UTC2";"Buy";"21664.9";"21639.9";"2025.01.06 19:00:00";"2025.01.06 19:15:00";"30.0";"-750.00";"21639.90039";"21689.90039";"63168.17";"0.00";"IST";"SL";"15m 0s";"-0.00"
"291";"USTEC_ICM_UTC2";"Buy";"21155.2";"21130.2";"2025.01.08 22:00:00";"2025.01.08 22:12:00";"30.0";"-750.00";"21130.19922";"21180.19922";"62418.17";"0.00";"IST";"SL";"12m 0s";"-0.00"
"292";"USTEC_ICM_UTC2";"Buy";"20660.3";"20685.3";"2025.01.13 19:45:00";"2025.01.13 19:51:00";"30.0";"750.00";"20635.30078";"20685.30078";"63168.17";"0.00";"IST";"PT";"6m 0s";"-0.00"
"293";"USTEC_ICM_UTC2";"Buy";"21095.9";"21070.9";"2025.01.15 16:30:00";"2025.01.15 16:30:00";"30.0";"-750.00";"21070.90039";"21120.90039";"62418.17";"0.00";"IST";"SL";"0s";"-0.00"
"294";"USTEC_ICM_UTC2";"Buy";"21442.6";"21467.6";"2025.01.17 18:15:00";"2025.01.17 18:25:00";"30.0";"750.00";"21417.59961";"21467.59961";"63168.17";"0.00";"IST";"PT";"10m 0s";"-0.00"
"295";"USTEC_ICM_UTC2";"Buy";"21769.0";"21794.0";"2025.01.22 16:30:00";"2025.01.22 16:31:00";"30.0";"750.00";"21744.00000";"21794.00000";"63918.17";"0.00";"IST";"PT";"1m 0s";"-0.00"
"296";"USTEC_ICM_UTC2";"Buy";"21783.5";"21758.5";"2025.01.23 19:30:00";"2025.01.23 19:38:00";"30.0";"-750.00";"21758.50000";"21808.50000";"63168.17";"0.00";"IST";"SL";"8m 0s";"-0.00"
"297";"USTEC_ICM_UTC2";"Buy";"21094.7";"21119.7";"2025.01.27 18:45:00";"2025.01.27 18:46:00";"30.0";"750.00";"21069.69922";"21119.69922";"63918.17";"0.00";"IST";"PT";"1m 0s";"-0.00"
"298";"USTEC_ICM_UTC2";"Buy";"21427.1";"21402.1";"2025.01.28 19:30:00";"2025.01.28 19:46:00";"30.0";"-750.00";"21402.09961";"21452.09961";"63168.17";"0.00";"IST";"SL";"16m 0s";"-0.00"
"299";"USTEC_ICM_UTC2";"Buy";"21787.1";"21762.1";"2025.01.31 19:00:00";"2025.01.31 19:05:00";"30.0";"-750.00";"21762.09961";"21812.09961";"62418.17";"0.00";"IST";"SL";"5m 0s";"-0.00"
"300";"USTEC_ICM_UTC2";"Buy";"21286.3";"21311.3";"2025.02.03 19:15:00";"2025.02.03 19:22:00";"30.0";"750.00";"21261.30078";"21311.30078";"63168.17";"0.00";"IST";"PT";"7m 0s";"-0.00"
"301";"USTEC_ICM_UTC2";"Buy";"21529.1";"21554.1";"2025.02.04 18:00:00";"2025.02.04 18:04:00";"30.0";"750.00";"21504.09961";"21554.09961";"63918.17";"0.00";"IST";"PT";"4m 0s";"-0.00"
"302";"USTEC_ICM_UTC2";"Buy";"21492.7";"21517.7";"2025.02.05 18:00:00";"2025.02.05 18:09:00";"30.0";"750.00";"21467.69922";"21517.69922";"64668.17";"0.00";"OOS1";"PT";"9m 0s";"-0.00"
"303";"USTEC_ICM_UTC2";"Buy";"21713.5";"21688.5";"2025.02.06 21:00:00";"2025.02.06 21:27:00";"30.0";"-750.00";"21688.50000";"21738.50000";"63918.17";"0.00";"OOS1";"SL";"27m 0s";"-0.00"
"304";"USTEC_ICM_UTC2";"Buy";"21792.5";"21817.5";"2025.02.07 16:30:00";"2025.02.07 16:31:00";"30.0";"750.00";"21767.50000";"21817.50000";"64668.17";"0.00";"OOS1";"PT";"1m 0s";"-0.00"
"305";"USTEC_ICM_UTC2";"Buy";"21779.7";"21754.7";"2025.02.10 17:45:00";"2025.02.10 18:19:00";"30.0";"-750.00";"21754.69922";"21804.69922";"63918.17";"0.00";"OOS1";"SL";"34m 0s";"-0.00"
"306";"USTEC_ICM_UTC2";"Buy";"21748.8";"21723.8";"2025.02.11 18:15:00";"2025.02.11 18:51:00";"30.0";"-750.00";"21723.80078";"21773.80078";"63168.17";"0.00";"OOS1";"SL";"36m 0s";"-0.00"
"307";"USTEC_ICM_UTC2";"Buy";"21952.7";"21927.7";"2025.02.13 18:00:00";"2025.02.13 18:25:00";"30.0";"-750.00";"21927.69922";"21977.69922";"62418.17";"0.00";"OOS1";"SL";"25m 0s";"-0.00"
"308";"USTEC_ICM_UTC2";"Buy";"22023.9";"22048.9";"2025.02.14 19:30:00";"2025.02.14 19:48:00";"30.0";"750.00";"21998.90039";"22048.90039";"63168.17";"0.00";"OOS1";"PT";"18m 0s";"-0.00"
"309";"USTEC_ICM_UTC2";"Buy";"20577.7";"20602.7";"2025.03.04 22:00:00";"2025.03.04 22:01:00";"30.0";"750.00";"20552.69922";"20602.69922";"63918.17";"0.00";"OOS1";"PT";"1m 0s";"-0.00"
"310";"USTEC_ICM_UTC2";"Buy";"20468.4";"20443.4";"2025.03.05 20:30:00";"2025.03.05 20:31:00";"30.0";"-750.00";"20443.40039";"20493.40039";"63168.17";"0.00";"OOS1";"SL";"1m 0s";"-0.00"
"311";"USTEC_ICM_UTC2";"Buy";"20163.0";"20188.0";"2025.03.07 22:00:00";"2025.03.07 22:08:00";"30.0";"750.00";"20138.00000";"20188.00000";"63918.17";"0.00";"OOS1";"PT";"8m 0s";"-0.00"
"312";"USTEC_ICM_UTC2";"Buy";"19672.7";"19647.7";"2025.03.14 19:00:00";"2025.03.14 19:03:00";"30.0";"-750.00";"19647.69922";"19697.69922";"63168.17";"0.00";"OOS1";"SL";"3m 0s";"-0.00"
"313";"USTEC_ICM_UTC2";"Buy";"19807.7";"19832.7";"2025.03.17 20:00:00";"2025.03.17 20:00:00";"30.0";"750.00";"19782.69922";"19832.69922";"63918.17";"0.00";"OOS1";"PT";"0s";"-0.00"
"314";"USTEC_ICM_UTC2";"Buy";"19691.2";"19666.2";"2025.03.19 18:30:00";"2025.03.19 18:33:00";"30.0";"-750.00";"19666.19922";"19716.19922";"63168.17";"0.00";"OOS1";"SL";"3m 0s";"-0.00"
"315";"USTEC_ICM_UTC2";"Buy";"19820.1";"19795.1";"2025.03.20 17:30:00";"2025.03.20 17:31:00";"30.0";"-750.00";"19795.09961";"19845.09961";"62418.17";"0.00";"OOS1";"SL";"1m 0s";"-0.00"
"316";"USTEC_ICM_UTC2";"Buy";"19624.0";"19649.0";"2025.03.21 19:30:00";"2025.03.21 19:37:00";"30.0";"750.00";"19599.00000";"19649.00000";"63168.17";"0.00";"OOS1";"PT";"7m 0s";"-0.00"
"317";"USTEC_ICM_UTC2";"Buy";"20153.1";"20128.1";"2025.03.24 17:30:00";"2025.03.24 17:39:00";"30.0";"-750.00";"20128.09961";"20178.09961";"62418.17";"0.00";"OOS1";"SL";"9m 0s";"-0.00"
"318";"USTEC_ICM_UTC2";"Buy";"20281.2";"20256.2";"2025.03.25 17:15:00";"2025.03.25 17:34:00";"30.0";"-750.00";"20256.19922";"20306.19922";"61668.17";"0.00";"OOS1";"SL";"19m 0s";"-0.00"
"319";"USTEC_ICM_UTC2";"Buy";"19046.7";"19071.7";"2025.03.31 20:45:00";"2025.03.31 20:52:00";"30.0";"750.00";"19021.69922";"19071.69922";"62418.17";"0.00";"OOS1";"PT";"7m 0s";"-0.00"
"320";"USTEC_ICM_UTC2";"Buy";"19402.7";"19427.7";"2025.04.01 18:45:00";"2025.04.01 18:50:00";"30.0";"750.00";"19377.69922";"19427.69922";"63168.17";"0.00";"OOS1";"PT";"5m 0s";"-0.00"
"321";"USTEC_ICM_UTC2";"Buy";"19601.8";"19626.8";"2025.04.02 19:45:00";"2025.04.02 19:49:00";"30.0";"750.00";"19576.80078";"19626.80078";"63918.17";"0.00";"OOS1";"PT";"4m 0s";"-0.00"
"322";"USTEC_ICM_UTC2";"Buy";"17561.7";"17586.7";"2025.04.07 20:45:00";"2025.04.07 20:45:00";"30.0";"750.00";"17536.69922";"17586.69922";"64668.17";"0.00";"OOS1";"PT";"0s";"-0.00"
"323";"USTEC_ICM_UTC2";"Buy";"18020.8";"18045.8";"2025.04.08 16:30:00";"2025.04.08 16:30:00";"30.0";"750.00";"17995.80078";"18045.80078";"65418.17";"0.00";"OOS1";"PT";"0s";"-0.00"
"324";"USTEC_ICM_UTC2";"Buy";"19034.6";"19009.6";"2025.04.09 22:45:00";"2025.04.09 22:46:00";"30.0";"-750.00";"19009.59961";"19059.59961";"64668.17";"0.00";"OOS1";"SL";"1m 0s";"-0.00"
"325";"USTEC_ICM_UTC2";"Buy";"18652.3";"18627.3";"2025.04.11 21:15:00";"2025.04.11 21:17:00";"30.0";"-750.00";"18627.30078";"18677.30078";"63918.17";"0.00";"OOS1";"SL";"2m 0s";"-0.00"
"326";"USTEC_ICM_UTC2";"Buy";"18921.3";"18946.3";"2025.04.15 18:15:00";"2025.04.15 18:20:00";"30.0";"750.00";"18896.30078";"18946.30078";"64668.17";"0.00";"OOS1";"PT";"5m 0s";"-0.00"
"327";"USTEC_ICM_UTC2";"Buy";"18259.0";"18234.0";"2025.04.22 18:15:00";"2025.04.22 18:29:00";"30.0";"-750.00";"18234.00000";"18284.00000";"63918.17";"0.00";"OOS1";"SL";"14m 0s";"-0.00"
"328";"USTEC_ICM_UTC2";"Buy";"19081.1";"19106.1";"2025.04.24 19:15:00";"2025.04.24 19:17:00";"30.0";"750.00";"19056.09961";"19106.09961";"64668.17";"0.00";"OOS1";"PT";"2m 0s";"-0.00"
"329";"USTEC_ICM_UTC2";"Buy";"19360.0";"19335.0";"2025.04.25 19:45:00";"2025.04.25 19:47:00";"30.0";"-750.00";"19335.00000";"19385.00000";"63918.17";"0.00";"OOS1";"SL";"2m 0s";"-0.00"
"330";"USTEC_ICM_UTC2";"Buy";"19417.4";"19442.4";"2025.04.29 20:15:00";"2025.04.29 20:17:00";"30.0";"750.00";"19392.40039";"19442.40039";"64668.17";"0.00";"OOS1";"PT";"2m 0s";"-0.00"
"331";"USTEC_ICM_UTC2";"Buy";"20080.4";"20055.4";"2025.05.02 18:15:00";"2025.05.02 18:22:00";"30.0";"-750.00";"20055.40039";"20105.40039";"63918.17";"0.00";"OOS1";"SL";"7m 0s";"-0.00"
"332";"USTEC_ICM_UTC2";"Buy";"20008.7";"20033.7";"2025.05.05 18:15:00";"2025.05.05 18:22:00";"30.0";"750.00";"19983.69922";"20033.69922";"64668.17";"0.00";"OOS1";"PT";"7m 0s";"-0.00"
"333";"USTEC_ICM_UTC2";"Buy";"19808.5";"19833.5";"2025.05.06 19:00:00";"2025.05.06 19:11:00";"30.0";"750.00";"19783.50000";"19833.50000";"65418.17";"0.00";"OOS1";"PT";"11m 0s";"-0.00"
"334";"USTEC_ICM_UTC2";"Buy";"20221.8";"20196.8";"2025.05.08 19:15:00";"2025.05.08 19:29:00";"30.0";"-750.00";"20196.80078";"20246.80078";"64668.17";"0.00";"OOS1";"SL";"14m 0s";"-0.00"
"335";"USTEC_ICM_UTC2";"Buy";"21167.5";"21192.5";"2025.05.13 18:15:00";"2025.05.13 18:19:00";"30.0";"750.00";"21142.50000";"21192.50000";"65418.17";"0.00";"OOS1";"PT";"4m 0s";"-0.00"
"336";"USTEC_ICM_UTC2";"Buy";"21308.1";"21283.1";"2025.05.14 18:45:00";"2025.05.14 18:50:00";"30.0";"-750.00";"21283.09961";"21333.09961";"64668.17";"0.00";"OOS1";"SL";"5m 0s";"-0.00"
"337";"USTEC_ICM_UTC2";"Buy";"21347.5";"21372.5";"2025.05.15 19:00:00";"2025.05.15 19:09:00";"30.0";"750.00";"21322.50000";"21372.50000";"65418.17";"0.00";"OOS1";"PT";"9m 0s";"-0.00"
"338";"USTEC_ICM_UTC2";"Buy";"21417.0";"21392.0";"2025.05.16 22:30:00";"2025.05.16 22:37:00";"30.0";"-750.00";"21392.00000";"21442.00000";"64668.17";"0.00";"OOS1";"SL";"7m 0s";"-0.00"
"339";"USTEC_ICM_UTC2";"Buy";"21367.3";"21392.3";"2025.05.19 19:15:00";"2025.05.19 19:29:00";"30.0";"750.00";"21342.30078";"21392.30078";"65418.17";"0.00";"OOS1";"PT";"14m 0s";"-0.00"
"340";"USTEC_ICM_UTC2";"Buy";"21451.2";"21476.2";"2025.05.21 18:45:00";"2025.05.21 19:09:00";"30.0";"750.00";"21426.19922";"21476.19922";"66168.17";"0.00";"OOS1";"PT";"24m 0s";"-0.00"
"341";"USTEC_ICM_UTC2";"Buy";"21180.7";"21155.7";"2025.05.22 19:45:00";"2025.05.22 19:50:00";"30.0";"-750.00";"21155.69922";"21205.69922";"65418.17";"0.00";"OOS1";"SL";"5m 0s";"-0.00"
"342";"USTEC_ICM_UTC2";"Buy";"20995.2";"21020.2";"2025.05.23 21:00:00";"2025.05.23 21:06:00";"30.0";"750.00";"20970.19922";"21020.19922";"66168.17";"0.00";"OOS1";"PT";"6m 0s";"-0.00"
"343";"USTEC_ICM_UTC2";"Buy";"21221.6";"21196.6";"2025.05.26 17:15:00";"2025.05.26 17:30:00";"30.0";"-750.00";"21196.59961";"21246.59961";"65418.17";"0.00";"OOS1";"SL";"15m 0s";"-0.00"
"344";"USTEC_ICM_UTC2";"Buy";"21319.4";"21294.4";"2025.05.27 17:45:00";"2025.05.27 17:58:00";"30.0";"-750.00";"21294.40039";"21344.40039";"64668.17";"0.00";"OOS1";"SL";"13m 0s";"-0.00"
"345";"USTEC_ICM_UTC2";"Buy";"21248.1";"21273.1";"2025.06.02 16:30:00";"2025.06.02 16:30:00";"30.0";"750.00";"21223.09961";"21273.09961";"65418.17";"0.00";"OOS1";"PT";"0s";"-0.00"
"346";"USTEC_ICM_UTC2";"Buy";"21582.3";"21557.3";"2025.06.03 17:30:00";"2025.06.03 17:33:00";"30.0";"-750.00";"21557.30078";"21607.30078";"64668.17";"0.00";"OOS1";"SL";"3m 0s";"-0.00"
"347";"USTEC_ICM_UTC2";"Buy";"21717.9";"21692.9";"2025.06.04 18:30:00";"2025.06.04 19:07:00";"30.0";"-750.00";"21692.90039";"21742.90039";"63918.17";"0.00";"OOS1";"SL";"37m 0s";"-0.00"
"348";"USTEC_ICM_UTC2";"Buy";"21834.5";"21859.5";"2025.06.05 18:15:00";"2025.06.05 18:17:00";"30.0";"750.00";"21809.50000";"21859.50000";"64668.17";"0.00";"OOS1";"PT";"2m 0s";"-0.00"
"349";"USTEC_ICM_UTC2";"Buy";"21789.2";"21814.2";"2025.06.06 18:00:00";"2025.06.06 18:06:00";"30.0";"750.00";"21764.19922";"21814.19922";"65418.17";"0.00";"OOS1";"PT";"6m 0s";"-0.00"
"350";"USTEC_ICM_UTC2";"Buy";"21805.8";"21830.8";"2025.06.09 18:45:00";"2025.06.09 19:45:00";"30.0";"750.00";"21780.80078";"21830.80078";"66168.17";"0.00";"OOS1";"PT";"1h 0m";"-0.00"
"351";"USTEC_ICM_UTC2";"Buy";"21849.9";"21824.9";"2025.06.10 17:30:00";"2025.06.10 18:00:00";"30.0";"-750.00";"21824.90039";"21874.90039";"65418.17";"0.00";"OOS1";"SL";"30m 0s";"-0.00"
"352";"USTEC_ICM_UTC2";"Buy";"21993.8";"21968.8";"2025.06.11 16:30:00";"2025.06.11 16:31:00";"30.0";"-750.00";"21968.80078";"22018.80078";"64668.17";"0.00";"OOS1";"SL";"1m 0s";"-0.00"
"353";"USTEC_ICM_UTC2";"Buy";"21806.1";"21831.1";"2025.06.12 16:30:00";"2025.06.12 16:30:00";"30.0";"750.00";"21781.09961";"21831.09961";"65418.17";"0.00";"OOS1";"PT";"0s";"-0.00"
"354";"USTEC_ICM_UTC2";"Buy";"21747.6";"21772.6";"2025.06.13 18:15:00";"2025.06.13 18:22:00";"30.0";"750.00";"21722.59961";"21772.59961";"66168.17";"0.00";"OOS1";"PT";"7m 0s";"-0.00"
"355";"USTEC_ICM_UTC2";"Buy";"21959.8";"21934.8";"2025.06.16 17:30:00";"2025.06.16 17:58:00";"30.0";"-750.00";"21934.80078";"21984.80078";"65418.17";"0.00";"OOS1";"SL";"28m 0s";"-0.00"
"356";"USTEC_ICM_UTC2";"Buy";"21875.1";"21850.1";"2025.06.17 19:30:00";"2025.06.17 19:44:00";"30.0";"-750.00";"21850.09961";"21900.09961";"64668.17";"0.00";"OOS1";"SL";"14m 0s";"-0.00"
"357";"USTEC_ICM_UTC2";"Buy";"21857.0";"21832.0";"2025.06.18 17:45:00";"2025.06.18 17:53:00";"30.0";"-750.00";"21832.00000";"21882.00000";"63918.17";"0.00";"OOS1";"SL";"8m 0s";"-0.00"
"358";"USTEC_ICM_UTC2";"Buy";"21787.0";"21762.0";"2025.06.23 17:45:00";"2025.06.23 17:49:00";"30.0";"-750.00";"21762.00000";"21812.00000";"63168.17";"0.00";"OOS1";"SL";"4m 0s";"-0.00"
"359";"USTEC_ICM_UTC2";"Buy";"22190.3";"22215.3";"2025.06.24 20:45:00";"2025.06.24 22:03:00";"30.0";"750.00";"22165.30078";"22215.30078";"63918.17";"0.00";"OOS1";"PT";"1h 18m";"-0.00"
"360";"USTEC_ICM_UTC2";"Buy";"22393.5";"22418.5";"2025.06.26 19:30:00";"2025.06.26 20:31:00";"30.0";"750.00";"22368.50000";"22418.50000";"64668.17";"0.00";"OOS1";"PT";"1h 1m";"-0.00"
"361";"USTEC_ICM_UTC2";"Buy";"22593.8";"22568.8";"2025.06.27 19:00:00";"2025.06.27 19:17:00";"30.0";"-750.00";"22568.80078";"22618.80078";"63918.17";"0.00";"OOS1";"SL";"17m 0s";"-0.00"
"362";"USTEC_ICM_UTC2";"Buy";"22602.6";"22627.6";"2025.07.02 18:45:00";"2025.07.02 19:08:00";"30.0";"750.00";"22577.59961";"22627.59961";"64668.17";"0.00";"OOS1";"PT";"23m 0s";"-0.00"
"363";"USTEC_ICM_UTC2";"Buy";"22865.9";"22890.9";"2025.07.03 18:30:00";"2025.07.03 18:41:00";"30.0";"750.00";"22840.90039";"22890.90039";"65418.17";"0.00";"OOS1";"PT";"11m 0s";"-0.00"
"364";"USTEC_ICM_UTC2";"Buy";"22726.1";"22701.1";"2025.07.08 20:00:00";"2025.07.08 20:17:00";"30.0";"-750.00";"22701.09961";"22751.09961";"64668.17";"0.00";"OOS1";"SL";"17m 0s";"-0.00"
"365";"USTEC_ICM_UTC2";"Buy";"22813.0";"22838.0";"2025.07.11 19:30:00";"2025.07.11 20:07:00";"30.0";"750.00";"22788.00000";"22838.00000";"65418.17";"0.00";"OOS1";"PT";"37m 0s";"-0.00"
"366";"USTEC_ICM_UTC2";"Buy";"22834.2";"22859.2";"2025.07.14 18:30:00";"2025.07.14 19:56:00";"30.0";"750.00";"22809.19922";"22859.19922";"66168.17";"0.00";"OOS1";"PT";"1h 26m";"-0.00"
"367";"USTEC_ICM_UTC2";"Buy";"23059.4";"23084.4";"2025.07.17 18:30:00";"2025.07.17 19:03:00";"30.0";"750.00";"23034.40039";"23084.40039";"66918.17";"0.00";"OOS1";"PT";"33m 0s";"-0.00"
"368";"USTEC_ICM_UTC2";"Buy";"23237.4";"23212.4";"2025.07.21 18:30:00";"2025.07.21 19:01:00";"30.0";"-750.00";"23212.40039";"23262.40039";"66168.17";"0.00";"OOS1";"SL";"31m 0s";"-0.00"
"369";"USTEC_ICM_UTC2";"Buy";"23146.1";"23121.1";"2025.07.23 21:45:00";"2025.07.23 22:37:00";"30.0";"-750.00";"23121.09961";"23171.09961";"65418.17";"0.00";"OOS1";"SL";"52m 0s";"-0.00"
"370";"USTEC_ICM_UTC2";"Buy";"23239.4";"23264.4";"2025.07.24 20:45:00";"2025.07.24 21:10:00";"30.0";"750.00";"23214.40039";"23264.40039";"66168.17";"0.00";"OOS1";"PT";"25m 0s";"-0.00"
"371";"USTEC_ICM_UTC2";"Buy";"23262.7";"23287.7";"2025.07.25 18:15:00";"2025.07.25 19:08:00";"30.0";"750.00";"23237.69922";"23287.69922";"66918.17";"0.00";"OOS1";"PT";"53m 0s";"-0.00"
"372";"USTEC_ICM_UTC2";"Buy";"23397.9";"23422.9";"2025.07.30 20:00:00";"2025.07.30 21:31:00";"30.0";"750.00";"23372.90039";"23422.90039";"67668.17";"0.00";"OOS1";"PT";"1h 31m";"-0.00"
"373";"USTEC_ICM_UTC2";"Buy";"23130.7";"23105.7";"2025.08.04 17:30:00";"2025.08.04 17:31:00";"30.0";"-750.00";"23105.69922";"23155.69922";"66918.17";"0.00";"OOS1";"SL";"1m 0s";"-0.00"
"374";"USTEC_ICM_UTC2";"Buy";"23258.6";"23233.6";"2025.08.06 19:15:00";"2025.08.06 19:45:00";"30.0";"-750.00";"23233.59961";"23283.59961";"66168.17";"0.00";"OOS1";"SL";"30m 0s";"-0.00"
"375";"USTEC_ICM_UTC2";"Buy";"23563.7";"23538.7";"2025.08.08 18:30:00";"2025.08.08 18:35:00";"30.0";"-750.00";"23538.69922";"23588.69922";"65418.17";"0.00";"OOS1";"SL";"5m 0s";"-0.00"
"376";"USTEC_ICM_UTC2";"Buy";"23652.8";"23627.8";"2025.08.11 17:45:00";"2025.08.11 17:47:00";"30.0";"-750.00";"23627.80078";"23677.80078";"64668.17";"0.00";"OOS1";"SL";"2m 0s";"-0.00"
"377";"USTEC_ICM_UTC2";"Buy";"23626.3";"23651.3";"2025.08.12 16:30:00";"2025.08.12 16:45:00";"30.0";"750.00";"23601.30078";"23651.30078";"65418.17";"0.00";"OOS1";"PT";"15m 0s";"-0.00"
"378";"USTEC_ICM_UTC2";"Buy";"23808.3";"23833.3";"2025.08.14 21:30:00";"2025.08.14 21:50:00";"30.0";"750.00";"23783.30078";"23833.30078";"66168.17";"0.00";"OOS1";"PT";"20m 0s";"-0.00"
"379";"USTEC_ICM_UTC2";"Buy";"23554.6";"23529.6";"2025.08.22 20:00:00";"2025.08.22 20:47:00";"30.0";"-750.00";"23529.59961";"23579.59961";"65418.17";"0.00";"OOS1";"SL";"47m 0s";"-0.00"
"380";"USTEC_ICM_UTC2";"Buy";"23519.2";"23544.2";"2025.08.25 18:15:00";"2025.08.25 18:52:00";"30.0";"750.00";"23494.19922";"23544.19922";"66168.17";"0.00";"OOS1";"PT";"37m 0s";"-0.00"
"381";"USTEC_ICM_UTC2";"Buy";"23465.7";"23440.7";"2025.08.26 18:15:00";"2025.08.26 18:29:00";"30.0";"-750.00";"23440.69922";"23490.69922";"65418.17";"0.00";"OOS1";"SL";"14m 0s";"-0.00"
"382";"USTEC_ICM_UTC2";"Buy";"23587.8";"23562.8";"2025.08.27 21:30:00";"2025.08.27 21:57:00";"30.0";"-750.00";"23562.80078";"23612.80078";"64668.17";"0.00";"OOS1";"SL";"27m 0s";"-0.00"
"383";"USTEC_ICM_UTC2";"Buy";"23627.9";"23652.9";"2025.08.28 19:00:00";"2025.08.28 19:13:00";"30.0";"750.00";"23602.90039";"23652.90039";"65418.17";"0.00";"OOS1";"PT";"13m 0s";"-0.00"
"384";"USTEC_ICM_UTC2";"Buy";"23506.7";"23481.7";"2025.09.04 19:15:00";"2025.09.04 19:27:00";"30.0";"-750.00";"23481.69922";"23531.69922";"64668.17";"0.00";"OOS1";"SL";"12m 0s";"-0.00"
"385";"USTEC_ICM_UTC2";"Buy";"23795.1";"23770.1";"2025.09.08 19:30:00";"2025.09.08 19:33:00";"30.0";"-750.00";"23770.09961";"23820.09961";"63918.17";"0.00";"OOS1";"SL";"3m 0s";"-0.00"
"386";"USTEC_ICM_UTC2";"Buy";"23939.3";"23914.3";"2025.09.10 18:15:00";"2025.09.10 18:18:00";"30.0";"-750.00";"23914.30078";"23964.30078";"63168.17";"0.00";"OOS1";"SL";"3m 0s";"-0.00"
"387";"USTEC_ICM_UTC2";"Buy";"23988.5";"24013.5";"2025.09.11 18:15:00";"2025.09.11 18:18:00";"30.0";"750.00";"23963.50000";"24013.50000";"63918.17";"0.00";"OOS1";"PT";"3m 0s";"-0.00"
"388";"USTEC_ICM_UTC2";"Buy";"24087.9";"24112.9";"2025.09.12 19:30:00";"2025.09.12 21:33:00";"30.0";"750.00";"24062.90039";"24112.90039";"64668.17";"0.00";"OOS1";"PT";"2h 3m";"-0.00"
"389";"USTEC_ICM_UTC2";"Buy";"24267.4";"24242.4";"2025.09.15 19:45:00";"2025.09.15 20:19:00";"30.0";"-750.00";"24242.40039";"24292.40039";"63918.17";"0.00";"OOS1";"SL";"34m 0s";"-0.00"
"390";"USTEC_ICM_UTC2";"Buy";"24572.1";"24597.1";"2025.09.19 19:30:00";"2025.09.19 22:27:00";"30.0";"750.00";"24547.09961";"24597.09961";"64668.17";"0.00";"OOS1";"PT";"2h 57m";"-0.00"
"391";"USTEC_ICM_UTC2";"Buy";"24683.4";"24658.4";"2025.09.22 18:00:00";"2025.09.22 18:34:00";"30.0";"-750.00";"24658.40039";"24708.40039";"63918.17";"0.00";"OOS1";"SL";"34m 0s";"-0.00"
"392";"USTEC_ICM_UTC2";"Buy";"24489.1";"24498.3";"2025.09.26 21:30:00";"2025.09.26 22:55:00";"30.0";"276.03";"24464.09961";"24514.09961";"64194.20";"0.00";"OOS1";"End Of Friday (Time)";"1h 25m";"-0.00"
"393";"USTEC_ICM_UTC2";"Buy";"24598.1";"24573.1";"2025.09.30 16:30:00";"2025.09.30 16:31:00";"30.0";"-750.00";"24573.09961";"24623.09961";"63444.20";"0.00";"OOS1";"SL";"1m 0s";"-0.00"
"394";"USTEC_ICM_UTC2";"Buy";"24679.9";"24704.9";"2025.10.01 18:00:00";"2025.10.01 18:37:00";"30.0";"750.00";"24654.90039";"24704.90039";"64194.20";"0.00";"OOS1";"PT";"37m 0s";"-0.00"
"395";"USTEC_ICM_UTC2";"Buy";"24996.6";"25021.6";"2025.10.06 19:30:00";"2025.10.06 20:26:00";"30.0";"750.00";"24971.59961";"25021.59961";"64944.20";"0.00";"OOS1";"PT";"56m 0s";"-0.00"
"396";"USTEC_ICM_UTC2";"Buy";"25031.0";"25056.0";"2025.10.07 16:30:00";"2025.10.07 16:55:00";"30.0";"750.00";"25006.00000";"25056.00000";"65694.20";"0.00";"OOS1";"PT";"25m 0s";"-0.00"
"397";"USTEC_ICM_UTC2";"Buy";"25035.0";"25060.0";"2025.10.08 18:45:00";"2025.10.08 19:10:00";"30.0";"750.00";"25010.00000";"25060.00000";"66444.20";"0.00";"OOS1";"PT";"25m 0s";"-0.00"
"398";"USTEC_ICM_UTC2";"Buy";"24720.8";"24745.8";"2025.10.13 19:45:00";"2025.10.13 19:50:00";"30.0";"750.00";"24695.80078";"24745.80078";"67194.20";"0.00";"OOS1";"PT";"5m 0s";"-0.00"
"399";"USTEC_ICM_UTC2";"Buy";"24528.9";"24553.9";"2025.10.14 18:30:00";"2025.10.14 18:35:00";"30.0";"750.00";"24503.90039";"24553.90039";"67944.20";"0.00";"OOS1";"PT";"5m 0s";"-0.00"
"400";"USTEC_ICM_UTC2";"Buy";"24930.4";"24905.4";"2025.10.15 17:30:00";"2025.10.15 17:43:00";"30.0";"-750.00";"24905.40039";"24955.40039";"67194.20";"0.00";"OOS1";"SL";"13m 0s";"-0.00"
"401";"USTEC_ICM_UTC2";"Buy";"24783.8";"24758.8";"2025.10.17 19:30:00";"2025.10.17 19:35:00";"30.0";"-750.00";"24758.80078";"24808.80078";"66444.20";"0.00";"OOS1";"SL";"5m 0s";"-0.00"
"402";"USTEC_ICM_UTC2";"Buy";"25133.8";"25158.8";"2025.10.20 17:45:00";"2025.10.20 18:20:00";"30.0";"750.00";"25108.80078";"25158.80078";"67194.20";"0.00";"OOS1";"PT";"35m 0s";"-0.00"
"403";"USTEC_ICM_UTC2";"Buy";"25018.8";"24993.8";"2025.10.23 18:15:00";"2025.10.23 18:18:00";"30.0";"-750.00";"24993.80078";"25043.80078";"66444.20";"0.00";"OOS1";"SL";"3m 0s";"-0.00"
"404";"USTEC_ICM_UTC2";"Buy";"25374.8";"25399.8";"2025.10.24 19:00:00";"2025.10.24 19:20:00";"30.0";"750.00";"25349.80078";"25399.80078";"67194.20";"0.00";"OOS1";"PT";"20m 0s";"-0.00"
"405";"USTEC_ICM_UTC2";"Buy";"25762.7";"25787.7";"2025.10.27 17:45:00";"2025.10.27 20:21:00";"30.0";"750.00";"25737.69922";"25787.69922";"67944.20";"0.00";"OOS1";"PT";"2h 36m";"-0.00"
"406";"USTEC_ICM_UTC2";"Buy";"25902.3";"25877.3";"2025.10.28 17:30:00";"2025.10.28 17:35:00";"30.0";"-750.00";"25877.30078";"25927.30078";"67194.20";"0.00";"OOS1";"SL";"5m 0s";"-0.00"
"407";"USTEC_ICM_UTC2";"Buy";"26100.6";"26125.6";"2025.11.03 16:30:00";"2025.11.03 16:31:00";"30.0";"750.00";"26075.59961";"26125.59961";"67944.20";"0.00";"OOS1";"PT";"1m 0s";"-0.00"
"408";"USTEC_ICM_UTC2";"Buy";"25642.6";"25617.6";"2025.11.05 18:45:00";"2025.11.05 19:10:00";"30.0";"-750.00";"25617.59961";"25667.59961";"67194.20";"0.00";"OOS1";"SL";"25m 0s";"-0.00"
"409";"USTEC_ICM_UTC2";"Buy";"25544.5";"25569.5";"2025.11.10 20:15:00";"2025.11.10 20:48:00";"30.0";"750.00";"25519.50000";"25569.50000";"67944.20";"0.00";"OOS1";"PT";"33m 0s";"-0.00"
"410";"USTEC_ICM_UTC2";"Buy";"25557.5";"25532.5";"2025.11.11 21:30:00";"2025.11.11 22:57:00";"30.0";"-750.00";"25532.50000";"25582.50000";"67194.20";"0.00";"OOS1";"SL";"1h 27m";"-0.00"
"411";"USTEC_ICM_UTC2";"Buy";"25123.5";"25098.5";"2025.11.14 18:45:00";"2025.11.14 18:45:00";"30.0";"-750.00";"25098.50000";"25148.50000";"66444.20";"0.00";"OOS1";"SL";"0s";"-0.00"
"412";"USTEC_ICM_UTC2";"Buy";"24874.6";"24849.6";"2025.11.19 17:30:00";"2025.11.19 17:31:00";"30.0";"-750.00";"24849.59961";"24899.59961";"65694.20";"0.00";"OOS1";"SL";"1m 0s";"-0.00"
"413";"USTEC_ICM_UTC2";"Buy";"24288.5";"24263.5";"2025.11.21 19:15:00";"2025.11.21 19:16:00";"30.0";"-750.00";"24263.50000";"24313.50000";"64944.20";"0.00";"OOS1";"SL";"1m 0s";"-0.00"
"414";"USTEC_ICM_UTC2";"Buy";"24708.8";"24733.8";"2025.11.24 18:00:00";"2025.11.24 18:02:00";"30.0";"750.00";"24683.80078";"24733.80078";"65694.20";"0.00";"OOS1";"PT";"2m 0s";"-0.00"
"415";"USTEC_ICM_UTC2";"Buy";"24933.4";"24958.4";"2025.11.25 20:15:00";"2025.11.25 20:30:00";"30.0";"750.00";"24908.40039";"24958.40039";"66444.20";"0.00";"OOS1";"PT";"15m 0s";"-0.00"
"416";"USTEC_ICM_UTC2";"Buy";"25289.9";"25264.9";"2025.11.26 19:00:00";"2025.11.26 19:04:00";"30.0";"-750.00";"25264.90039";"25314.90039";"65694.20";"0.00";"OOS1";"SL";"4m 0s";"-0.00"
"417";"USTEC_ICM_UTC2";"Buy";"25364.3";"25339.3";"2025.11.28 19:30:00";"2025.11.28 19:41:00";"30.0";"-750.00";"25339.30078";"25389.30078";"64944.20";"0.00";"OOS1";"SL";"11m 0s";"-0.00"
"418";"USTEC_ICM_UTC2";"Buy";"25384.7";"25409.7";"2025.12.01 19:00:00";"2025.12.01 19:06:00";"30.0";"750.00";"25359.69922";"25409.69922";"65694.20";"0.00";"OOS1";"PT";"6m 0s";"-0.00"
"419";"USTEC_ICM_UTC2";"Buy";"25540.7";"25565.7";"2025.12.02 21:45:00";"2025.12.02 21:51:00";"30.0";"750.00";"25515.69922";"25565.69922";"66444.20";"0.00";"OOS1";"PT";"6m 0s";"-0.00"
"420";"USTEC_ICM_UTC2";"Buy";"25659.2";"25684.2";"2025.12.09 18:15:00";"2025.12.09 19:03:00";"30.0";"750.00";"25634.19922";"25684.19922";"67194.20";"0.00";"OOS1";"PT";"48m 0s";"-0.00"
"421";"USTEC_ICM_UTC2";"Buy";"25807.6";"25782.6";"2025.12.10 22:30:00";"2025.12.10 22:57:00";"30.0";"-750.00";"25782.59961";"25832.59961";"66444.20";"0.00";"OOS1";"SL";"27m 0s";"-0.00"
"422";"USTEC_ICM_UTC2";"Buy";"25646.1";"25671.1";"2025.12.11 21:15:00";"2025.12.11 21:18:00";"30.0";"750.00";"25621.09961";"25671.09961";"67194.20";"0.00";"OOS1";"PT";"3m 0s";"-0.00"
"423";"USTEC_ICM_UTC2";"Buy";"25108.4";"25133.4";"2025.12.16 22:30:00";"2025.12.16 22:34:00";"30.0";"750.00";"25083.40039";"25133.40039";"67944.20";"0.00";"OOS1";"PT";"4m 0s";"-0.00"
"424";"USTEC_ICM_UTC2";"Buy";"25043.3";"25068.3";"2025.12.18 16:30:00";"2025.12.18 16:30:00";"30.0";"750.00";"25018.30078";"25068.30078";"68694.20";"0.00";"OOS1";"PT";"0s";"-0.00"
"425";"USTEC_ICM_UTC2";"Buy";"25304.6";"25279.6";"2025.12.19 18:30:00";"2025.12.19 18:47:00";"30.0";"-750.00";"25279.59961";"25329.59961";"67944.20";"0.00";"OOS1";"SL";"17m 0s";"-0.00"
"426";"USTEC_ICM_UTC2";"Buy";"25504.6";"25529.6";"2025.12.23 18:15:00";"2025.12.23 18:50:00";"30.0";"750.00";"25479.59961";"25529.59961";"68694.20";"0.00";"OOS1";"PT";"35m 0s";"-0.00"
"427";"USTEC_ICM_UTC2";"Buy";"25604.6";"25629.6";"2025.12.24 18:00:00";"2025.12.24 18:22:00";"30.0";"750.00";"25579.59961";"25629.59961";"69444.20";"0.00";"OOS1";"PT";"22m 0s";"-0.00"
