"Ticket";"Symbol";"Type";"Open price";"Close price";"Open time";"Close time";"Size";"Profit/Loss";"Stop Loss price level";"Profit Target price level";"Balance";"Slippage ($)";"Sample type";"Close type";"Time in trade";"Comm/Swap"
"1";"USTEC_ICM_UTC2";"Buy";"11052.9";"11027.9";"2023.01.03 16:45:00";"2023.01.03 16:45:00";"30.0";"-750.00";"11027.90039";"11077.90039";"49250.00";"0.00";"OOS1";"SL";"0s";"-0.00"
"2";"USTEC_ICM_UTC2";"Buy";"10950.2";"10925.2";"2023.01.04 16:30:00";"2023.01.04 16:30:00";"30.0";"-750.00";"10925.20020";"10975.20020";"48500.00";"0.00";"OOS1";"SL";"0s";"-0.00"
"3";"USTEC_ICM_UTC2";"Buy";"10784.2";"10809.2";"2023.01.05 17:00:00";"2023.01.05 17:00:00";"30.0";"750.00";"10759.20020";"10809.20020";"49250.00";"0.00";"OOS1";"PT";"0s";"-0.00"
"4";"USTEC_ICM_UTC2";"Buy";"10740.1";"10765.1";"2023.01.06 17:00:00";"2023.01.06 17:00:00";"30.0";"750.00";"10715.09961";"10765.09961";"50000.00";"0.00";"OOS1";"PT";"0s";"-0.00"
"5";"USTEC_ICM_UTC2";"Buy";"11116.7";"11091.7";"2023.01.10 16:45:00";"2023.01.10 16:45:00";"30.0";"-750.00";"11091.70020";"11141.70020";"49250.00";"0.00";"OOS1";"SL";"0s";"-0.00"
"6";"USTEC_ICM_UTC2";"Buy";"11283.1";"11308.1";"2023.01.12 17:00:00";"2023.01.12 17:00:00";"30.0";"750.00";"11258.09961";"11308.09961";"50000.00";"0.00";"OOS1";"PT";"0s";"-0.00"
"7";"USTEC_ICM_UTC2";"Buy";"11385.4";"11410.4";"2023.01.13 17:00:00";"2023.01.13 17:00:00";"30.0";"750.00";"11360.40039";"11410.40039";"50750.00";"0.00";"OOS1";"PT";"0s";"-0.00"
"8";"USTEC_ICM_UTC2";"Buy";"11548.3";"11573.3";"2023.01.17 17:00:00";"2023.01.17 17:00:00";"30.0";"750.00";"11523.29980";"11573.29980";"51500.00";"0.00";"OOS1";"PT";"0s";"-0.00"
"9";"USTEC_ICM_UTC2";"Buy";"11483.7";"11458.7";"2023.01.18 19:00:00";"2023.01.18 19:15:00";"30.0";"-750.00";"11458.70020";"11508.70020";"50750.00";"0.00";"OOS1";"SL";"15m 0s";"-0.00"
"10";"USTEC_ICM_UTC2";"Buy";"11340.7";"11365.7";"2023.01.19 16:30:00";"2023.01.19 16:30:00";"30.0";"750.00";"11315.70020";"11365.70020";"51500.00";"0.00";"OOS1";"PT";"0s";"-0.00"
"11";"USTEC_ICM_UTC2";"Buy";"11379.4";"11354.4";"2023.01.20 16:45:00";"2023.01.20 16:45:00";"30.0";"-750.00";"11354.40039";"11404.40039";"50750.00";"0.00";"OOS1";"SL";"0s";"-0.00"
"12";"USTEC_ICM_UTC2";"Buy";"11564.7";"11589.7";"2023.01.25 17:15:00";"2023.01.25 17:15:00";"30.0";"750.00";"11539.70020";"11589.70020";"51500.00";"0.00";"OOS1";"PT";"0s";"-0.00"
"13";"USTEC_ICM_UTC2";"Buy";"11974.7";"11999.7";"2023.01.30 18:00:00";"2023.01.30 18:00:00";"30.0";"750.00";"11949.70020";"11999.70020";"52250.00";"0.00";"OOS1";"PT";"0s";"-0.00"
"14";"USTEC_ICM_UTC2";"Buy";"11952.2";"11977.2";"2023.01.31 16:45:00";"2023.01.31 16:45:00";"30.0";"750.00";"11927.20020";"11977.20020";"53000.00";"0.00";"OOS1";"PT";"0s";"-0.00"
"15";"USTEC_ICM_UTC2";"Buy";"12265.1";"12240.1";"2023.02.01 21:45:00";"2023.02.01 21:45:00";"30.0";"-750.00";"12240.09961";"12290.09961";"52250.00";"0.00";"OOS1";"SL";"0s";"-0.00"
"16";"USTEC_ICM_UTC2";"Buy";"12627.8";"12652.8";"2023.02.03 16:45:00";"2023.02.03 16:45:00";"30.0";"750.00";"12602.79980";"12652.79980";"53000.00";"0.00";"OOS1";"PT";"0s";"-0.00"
"17";"USTEC_ICM_UTC2";"Buy";"12450.6";"12475.6";"2023.02.06 17:45:00";"2023.02.06 17:45:00";"30.0";"750.00";"12425.59961";"12475.59961";"53750.00";"0.00";"OOS1";"PT";"0s";"-0.00"
"18";"USTEC_ICM_UTC2";"Buy";"12487.8";"12462.8";"2023.02.07 16:45:00";"2023.02.07 16:45:00";"30.0";"-750.00";"12462.79980";"12512.79980";"53000.00";"0.00";"OOS1";"SL";"0s";"-0.00"
"19";"USTEC_ICM_UTC2";"Buy";"12537.8";"12512.8";"2023.02.08 19:00:00";"2023.02.08 19:00:00";"30.0";"-750.00";"12512.79980";"12562.79980";"52250.00";"0.00";"OOS1";"SL";"0s";"-0.00"
"20";"USTEC_ICM_UTC2";"Buy";"12676.2";"12651.2";"2023.02.09 16:30:00";"2023.02.09 16:30:00";"30.0";"-750.00";"12651.20020";"12701.20020";"51500.00";"0.00";"OOS1";"SL";"0s";"-0.00"
"21";"USTEC_ICM_UTC2";"Buy";"12298.7";"12273.7";"2023.02.10 18:15:00";"2023.02.10 18:30:00";"30.0";"-750.00";"12273.70020";"12323.70020";"50750.00";"0.00";"OOS1";"SL";"15m 0s";"-0.00"
"22";"USTEC_ICM_UTC2";"Buy";"12371.6";"12396.6";"2023.02.13 16:45:00";"2023.02.13 16:45:00";"30.0";"750.00";"12346.59961";"12396.59961";"51500.00";"0.00";"OOS1";"PT";"0s";"-0.00"
"23";"USTEC_ICM_UTC2";"Buy";"12459.3";"12484.3";"2023.02.14 16:45:00";"2023.02.14 16:45:00";"30.0";"750.00";"12434.29980";"12484.29980";"52250.00";"0.00";"OOS1";"PT";"0s";"-0.00"
"24";"USTEC_ICM_UTC2";"Buy";"12550.5";"12575.5";"2023.02.15 16:45:00";"2023.02.15 16:45:00";"30.0";"750.00";"12525.50000";"12575.50000";"53000.00";"0.00";"OOS1";"PT";"0s";"-0.00"
"25";"USTEC_ICM_UTC2";"Buy";"12506.0";"12531.0";"2023.02.16 16:45:00";"2023.02.16 16:45:00";"30.0";"750.00";"12481.00000";"12531.00000";"53750.00";"0.00";"OOS1";"PT";"0s";"-0.00"
"26";"USTEC_ICM_UTC2";"Buy";"12319.0";"12344.0";"2023.02.17 17:15:00";"2023.02.17 17:15:00";"30.0";"750.00";"12294.00000";"12344.00000";"54500.00";"0.00";"OOS1";"PT";"0s";"-0.00"
"27";"USTEC_ICM_UTC2";"Buy";"12358.7";"12333.7";"2023.02.20 16:30:00";"2023.02.20 19:45:00";"30.0";"-750.00";"12333.70020";"12383.70020";"53750.00";"0.00";"OOS1";"SL";"3h 15m";"-0.00"
"28";"USTEC_ICM_UTC2";"Buy";"12249.6";"12224.6";"2023.02.21 16:45:00";"2023.02.21 16:45:00";"30.0";"-750.00";"12224.59961";"12274.59961";"53000.00";"0.00";"OOS1";"SL";"0s";"-0.00"
"29";"USTEC_ICM_UTC2";"Buy";"12088.1";"12113.1";"2023.02.22 16:30:00";"2023.02.22 16:30:00";"30.0";"750.00";"12063.09961";"12113.09961";"53750.00";"0.00";"OOS1";"PT";"0s";"-0.00"
"30";"USTEC_ICM_UTC2";"Buy";"12023.3";"12048.3";"2023.02.23 19:15:00";"2023.02.23 19:30:00";"30.0";"750.00";"11998.29980";"12048.29980";"54500.00";"0.00";"OOS1";"PT";"15m 0s";"-0.00"
"31";"USTEC_ICM_UTC2";"Buy";"11965.8";"11990.8";"2023.02.24 16:30:00";"2023.02.24 16:30:00";"30.0";"750.00";"11940.79980";"11990.79980";"55250.00";"0.00";"OOS1";"PT";"0s";"-0.00"
"32";"USTEC_ICM_UTC2";"Buy";"12122.3";"12147.3";"2023.02.27 17:00:00";"2023.02.27 17:00:00";"30.0";"750.00";"12097.29980";"12147.29980";"56000.00";"0.00";"OOS1";"PT";"0s";"-0.00"
"33";"USTEC_ICM_UTC2";"Buy";"12063.7";"12088.7";"2023.02.28 16:45:00";"2023.02.28 17:00:00";"30.0";"750.00";"12038.70020";"12088.70020";"56750.00";"0.00";"OOS1";"PT";"15m 0s";"-0.00"
"34";"USTEC_ICM_UTC2";"Buy";"12026.1";"12001.1";"2023.03.01 16:30:00";"2023.03.01 16:30:00";"30.0";"-750.00";"12001.09961";"12051.09961";"56000.00";"0.00";"OOS1";"SL";"0s";"-0.00"
"35";"USTEC_ICM_UTC2";"Buy";"11903.7";"11878.7";"2023.03.02 18:00:00";"2023.03.02 18:15:00";"30.0";"-750.00";"11878.70020";"11928.70020";"55250.00";"0.00";"OOS1";"SL";"15m 0s";"-0.00"
"36";"USTEC_ICM_UTC2";"Buy";"12324.9";"12299.9";"2023.03.07 16:45:00";"2023.03.07 17:00:00";"30.0";"-750.00";"12299.90039";"12349.90039";"54500.00";"0.00";"OOS1";"SL";"15m 0s";"-0.00"
"37";"USTEC_ICM_UTC2";"Buy";"12164.0";"12139.0";"2023.03.08 17:00:00";"2023.03.08 17:00:00";"30.0";"-750.00";"12139.00000";"12189.00000";"53750.00";"0.00";"OOS1";"SL";"0s";"-0.00"
"38";"USTEC_ICM_UTC2";"Buy";"12262.9";"12287.9";"2023.03.09 16:45:00";"2023.03.09 16:45:00";"30.0";"750.00";"12237.90039";"12287.90039";"54500.00";"0.00";"OOS1";"PT";"0s";"-0.00"
"39";"USTEC_ICM_UTC2";"Buy";"11899.5";"11924.5";"2023.03.10 17:00:00";"2023.03.10 17:00:00";"30.0";"750.00";"11874.50000";"11924.50000";"55250.00";"0.00";"OOS1";"PT";"0s";"-0.00"
"40";"USTEC_ICM_UTC2";"Buy";"11853.4";"11878.4";"2023.03.13 16:30:00";"2023.03.13 16:30:00";"30.0";"750.00";"11828.40039";"11878.40039";"56000.00";"0.00";"OOS1";"PT";"0s";"-0.00"
"41";"USTEC_ICM_UTC2";"Buy";"12222.7";"12247.7";"2023.03.15 20:30:00";"2023.03.15 20:30:00";"30.0";"750.00";"12197.70020";"12247.70020";"56750.00";"0.00";"OOS1";"PT";"0s";"-0.00"
"42";"USTEC_ICM_UTC2";"Buy";"12276.4";"12301.4";"2023.03.16 16:30:00";"2023.03.16 16:30:00";"30.0";"750.00";"12251.40039";"12301.40039";"57500.00";"0.00";"OOS1";"PT";"0s";"-0.00"
"43";"USTEC_ICM_UTC2";"Buy";"12518.4";"12543.4";"2023.03.20 17:00:00";"2023.03.20 17:15:00";"30.0";"750.00";"12493.40039";"12543.40039";"58250.00";"0.00";"OOS1";"PT";"15m 0s";"-0.00"
"44";"USTEC_ICM_UTC2";"Buy";"12677.3";"12702.3";"2023.03.23 21:00:00";"2023.03.23 21:00:00";"30.0";"750.00";"12652.29980";"12702.29980";"59000.00";"0.00";"OOS1";"PT";"0s";"-0.00"
"45";"USTEC_ICM_UTC2";"Buy";"12696.6";"12671.6";"2023.03.24 16:30:00";"2023.03.24 16:30:00";"30.0";"-750.00";"12671.59961";"12721.59961";"58250.00";"0.00";"OOS1";"SL";"0s";"-0.00"
"46";"USTEC_ICM_UTC2";"Buy";"12813.3";"12838.3";"2023.03.27 16:45:00";"2023.03.27 16:45:00";"30.0";"750.00";"12788.29980";"12838.29980";"59000.00";"0.00";"OOS1";"PT";"0s";"-0.00"
"47";"USTEC_ICM_UTC2";"Buy";"12599.1";"12574.1";"2023.03.28 17:15:00";"2023.03.28 17:30:00";"30.0";"-750.00";"12574.09961";"12624.09961";"58250.00";"0.00";"OOS1";"SL";"15m 0s";"-0.00"
"48";"USTEC_ICM_UTC2";"Buy";"13158.6";"13183.6";"2023.04.04 17:00:00";"2023.04.04 17:00:00";"30.0";"750.00";"13133.59961";"13183.59961";"59000.00";"0.00";"OOS1";"PT";"0s";"-0.00"
"49";"USTEC_ICM_UTC2";"Buy";"12929.1";"12904.1";"2023.04.05 18:15:00";"2023.04.05 19:15:00";"30.0";"-750.00";"12904.09961";"12954.09961";"58250.00";"0.00";"OOS1";"SL";"1h 0m";"-0.00"
"50";"USTEC_ICM_UTC2";"Buy";"12898.2";"12873.2";"2023.04.06 16:30:00";"2023.04.06 16:30:00";"30.0";"-750.00";"12873.20020";"12923.20020";"57500.00";"0.00";"OOS1";"SL";"0s";"-0.00"
"51";"USTEC_ICM_UTC2";"Buy";"12888.8";"12913.8";"2023.04.10 17:15:00";"2023.04.10 17:30:00";"30.0";"750.00";"12863.79980";"12913.79980";"58250.00";"0.00";"OOS1";"PT";"15m 0s";"-0.00"
"52";"USTEC_ICM_UTC2";"Buy";"12997.3";"12972.3";"2023.04.11 17:30:00";"2023.04.11 17:30:00";"30.0";"-750.00";"12972.29980";"13022.29980";"57500.00";"0.00";"OOS1";"SL";"0s";"-0.00"
"53";"USTEC_ICM_UTC2";"Buy";"12999.4";"12974.4";"2023.04.12 17:15:00";"2023.04.12 17:30:00";"30.0";"-750.00";"12974.40039";"13024.40039";"56750.00";"0.00";"OOS1";"SL";"15m 0s";"-0.00"
"54";"USTEC_ICM_UTC2";"Buy";"13018.4";"13043.4";"2023.04.13 18:15:00";"2023.04.13 19:00:00";"30.0";"750.00";"12993.40039";"13043.40039";"57500.00";"0.00";"OOS1";"PT";"45m 0s";"-0.00"
"55";"USTEC_ICM_UTC2";"Buy";"13073.9";"13048.9";"2023.04.17 16:45:00";"2023.04.17 16:45:00";"30.0";"-750.00";"13048.90039";"13098.90039";"56750.00";"0.00";"OOS1";"SL";"0s";"-0.00"
"56";"USTEC_ICM_UTC2";"Buy";"13085.9";"13060.9";"2023.04.18 18:15:00";"2023.04.18 18:30:00";"30.0";"-750.00";"13060.90039";"13110.90039";"56000.00";"0.00";"OOS1";"SL";"15m 0s";"-0.00"
"57";"USTEC_ICM_UTC2";"Buy";"13015.4";"13040.4";"2023.04.19 16:45:00";"2023.04.19 17:30:00";"30.0";"750.00";"12990.40039";"13040.40039";"56750.00";"0.00";"OOS1";"PT";"45m 0s";"-0.00"
"58";"USTEC_ICM_UTC2";"Buy";"13014.1";"13039.1";"2023.04.20 16:45:00";"2023.04.20 17:00:00";"30.0";"750.00";"12989.09961";"13039.09961";"57500.00";"0.00";"OOS1";"PT";"15m 0s";"-0.00"
"59";"USTEC_ICM_UTC2";"Buy";"12974.6";"12949.6";"2023.04.21 16:45:00";"2023.04.21 16:45:00";"30.0";"-750.00";"12949.59961";"12999.59961";"56750.00";"0.00";"OOS1";"SL";"0s";"-0.00"
"60";"USTEC_ICM_UTC2";"Buy";"13038.1";"13013.1";"2023.04.24 16:45:00";"2023.04.24 16:45:00";"30.0";"-750.00";"13013.09961";"13063.09961";"56000.00";"0.00";"OOS1";"SL";"0s";"-0.00"
"61";"USTEC_ICM_UTC2";"Buy";"12900.7";"12925.7";"2023.04.25 16:30:00";"2023.04.25 16:30:00";"30.0";"750.00";"12875.70020";"12925.70020";"56750.00";"0.00";"OOS1";"PT";"0s";"-0.00"
"62";"USTEC_ICM_UTC2";"Buy";"12878.3";"12853.3";"2023.04.26 17:00:00";"2023.04.26 17:00:00";"30.0";"-750.00";"12853.29980";"12903.29980";"56000.00";"0.00";"OOS1";"SL";"0s";"-0.00"
"63";"USTEC_ICM_UTC2";"Buy";"12998.3";"13023.3";"2023.04.27 17:15:00";"2023.04.27 17:30:00";"30.0";"750.00";"12973.29980";"13023.29980";"56750.00";"0.00";"OOS1";"PT";"15m 0s";"-0.00"
"64";"USTEC_ICM_UTC2";"Buy";"13224.5";"13199.5";"2023.05.02 16:30:00";"2023.05.02 16:30:00";"30.0";"-750.00";"13199.50000";"13249.50000";"56000.00";"0.00";"OOS1";"SL";"0s";"-0.00"
"65";"USTEC_ICM_UTC2";"Buy";"13147.6";"13122.6";"2023.05.03 16:45:00";"2023.05.03 18:00:00";"30.0";"-750.00";"13122.59961";"13172.59961";"55250.00";"0.00";"OOS1";"SL";"1h 15m";"-0.00"
"66";"USTEC_ICM_UTC2";"Buy";"12977.6";"12952.6";"2023.05.04 17:00:00";"2023.05.04 17:15:00";"30.0";"-750.00";"12952.59961";"13002.59961";"54500.00";"0.00";"OOS1";"SL";"15m 0s";"-0.00"
"67";"USTEC_ICM_UTC2";"Buy";"13221.2";"13196.2";"2023.05.09 17:30:00";"2023.05.09 19:00:00";"30.0";"-750.00";"13196.20020";"13246.20020";"53750.00";"0.00";"OOS1";"SL";"1h 30m";"-0.00"
"68";"USTEC_ICM_UTC2";"Buy";"13315.0";"13340.0";"2023.05.10 17:00:00";"2023.05.10 17:00:00";"30.0";"750.00";"13290.00000";"13340.00000";"54500.00";"0.00";"OOS1";"PT";"0s";"-0.00"
"69";"USTEC_ICM_UTC2";"Buy";"13341.1";"13366.1";"2023.05.12 18:00:00";"2023.05.12 18:00:00";"30.0";"750.00";"13316.09961";"13366.09961";"55250.00";"0.00";"OOS1";"PT";"0s";"-0.00"
"70";"USTEC_ICM_UTC2";"Buy";"13337.7";"13362.7";"2023.05.15 17:45:00";"2023.05.15 18:15:00";"30.0";"750.00";"13312.70020";"13362.70020";"56000.00";"0.00";"OOS1";"PT";"30m 0s";"-0.00"
"71";"USTEC_ICM_UTC2";"Buy";"13450.6";"13425.6";"2023.05.16 17:30:00";"2023.05.16 17:30:00";"30.0";"-750.00";"13425.59961";"13475.59961";"55250.00";"0.00";"OOS1";"SL";"0s";"-0.00"
"72";"USTEC_ICM_UTC2";"Buy";"13454.3";"13479.3";"2023.05.17 17:15:00";"2023.05.17 17:45:00";"30.0";"750.00";"13429.29980";"13479.29980";"56000.00";"0.00";"OOS1";"PT";"30m 0s";"-0.00"
"73";"USTEC_ICM_UTC2";"Buy";"13857.5";"13882.5";"2023.05.22 16:45:00";"2023.05.22 16:45:00";"30.0";"750.00";"13832.50000";"13882.50000";"56750.00";"0.00";"OOS1";"PT";"0s";"-0.00"
"74";"USTEC_ICM_UTC2";"Buy";"13796.7";"13821.7";"2023.05.23 16:45:00";"2023.05.23 16:45:00";"30.0";"750.00";"13771.70020";"13821.70020";"57500.00";"0.00";"OOS1";"PT";"0s";"-0.00"
"75";"USTEC_ICM_UTC2";"Buy";"13592.6";"13617.6";"2023.05.24 16:30:00";"2023.05.24 16:30:00";"30.0";"750.00";"13567.59961";"13617.59961";"58250.00";"0.00";"OOS1";"PT";"0s";"-0.00"
"76";"USTEC_ICM_UTC2";"Buy";"14388.7";"14413.7";"2023.05.30 17:30:00";"2023.05.30 17:45:00";"30.0";"750.00";"14363.70020";"14413.70020";"59000.00";"0.00";"OOS1";"PT";"15m 0s";"-0.00"
"77";"USTEC_ICM_UTC2";"Buy";"14347.3";"14372.3";"2023.05.31 16:45:00";"2023.05.31 16:45:00";"30.0";"750.00";"14322.29980";"14372.29980";"59750.00";"0.00";"OOS1";"PT";"0s";"-0.00"
"78";"USTEC_ICM_UTC2";"Buy";"14277.3";"14302.3";"2023.06.01 17:00:00";"2023.06.01 17:00:00";"30.0";"750.00";"14252.29980";"14302.29980";"60500.00";"0.00";"OOS1";"PT";"0s";"-0.00"
"79";"USTEC_ICM_UTC2";"Buy";"14610.7";"14585.7";"2023.06.05 16:45:00";"2023.06.05 16:45:00";"30.0";"-750.00";"14585.70020";"14635.70020";"59750.00";"0.00";"OOS1";"SL";"0s";"-0.00"
"80";"USTEC_ICM_UTC2";"Buy";"14516.4";"14541.4";"2023.06.06 17:00:00";"2023.06.06 17:00:00";"30.0";"750.00";"14491.40039";"14541.40039";"60500.00";"0.00";"OOS1";"PT";"0s";"-0.00"
"81";"USTEC_ICM_UTC2";"Buy";"14639.8";"14614.8";"2023.06.07 16:45:00";"2023.06.07 16:45:00";"30.0";"-750.00";"14614.79980";"14664.79980";"59750.00";"0.00";"OOS1";"SL";"0s";"-0.00"
"82";"USTEC_ICM_UTC2";"Buy";"14358.4";"14333.4";"2023.06.08 16:45:00";"2023.06.08 16:45:00";"30.0";"-750.00";"14333.40039";"14383.40039";"59000.00";"0.00";"OOS1";"SL";"0s";"-0.00"
"83";"USTEC_ICM_UTC2";"Buy";"14902.2";"14927.2";"2023.06.14 16:45:00";"2023.06.14 17:00:00";"30.0";"750.00";"14877.20020";"14927.20020";"59750.00";"0.00";"OOS1";"PT";"15m 0s";"-0.00"
"84";"USTEC_ICM_UTC2";"Buy";"15061.6";"15036.6";"2023.06.19 17:30:00";"2023.06.20 08:15:00";"30.0";"-933.12";"15036.59961";"15086.59961";"58816.88";"0.00";"OOS1";"SL";"14h 45m";"-183.12"
"85";"USTEC_ICM_UTC2";"Buy";"15093.1";"15118.1";"2023.06.20 16:45:00";"2023.06.20 16:45:00";"30.0";"750.00";"15068.09961";"15118.09961";"59566.88";"0.00";"OOS1";"PT";"0s";"-0.00"
"86";"USTEC_ICM_UTC2";"Buy";"15017.4";"14992.4";"2023.06.21 16:30:00";"2023.06.21 16:45:00";"30.0";"-750.00";"14992.40039";"15042.40039";"58816.88";"0.00";"OOS1";"SL";"15m 0s";"-0.00"
"87";"USTEC_ICM_UTC2";"Buy";"14869.3";"14894.3";"2023.06.22 16:45:00";"2023.06.22 16:45:00";"30.0";"750.00";"14844.29980";"14894.29980";"59566.88";"0.00";"OOS1";"PT";"0s";"-0.00"
"88";"USTEC_ICM_UTC2";"Buy";"14846.8";"14871.8";"2023.06.23 17:00:00";"2023.06.23 17:00:00";"30.0";"750.00";"14821.79980";"14871.79980";"60316.88";"0.00";"OOS1";"PT";"0s";"-0.00"
"89";"USTEC_ICM_UTC2";"Buy";"14919.2";"14944.2";"2023.06.26 16:45:00";"2023.06.26 16:45:00";"30.0";"750.00";"14894.20020";"14944.20020";"61066.88";"0.00";"OOS1";"PT";"0s";"-0.00"
"90";"USTEC_ICM_UTC2";"Buy";"14753.1";"14778.1";"2023.06.27 16:30:00";"2023.06.27 16:30:00";"30.0";"750.00";"14728.09961";"14778.09961";"61816.88";"0.00";"OOS1";"PT";"0s";"-0.00"
"91";"USTEC_ICM_UTC2";"Buy";"14938.7";"14963.7";"2023.06.29 17:00:00";"2023.06.29 17:00:00";"30.0";"750.00";"14913.70020";"14963.70020";"62566.88";"0.00";"OOS1";"PT";"0s";"-0.00"
"92";"USTEC_ICM_UTC2";"Buy";"15228.1";"15253.1";"2023.07.05 16:45:00";"2023.07.05 17:15:00";"30.0";"750.00";"15203.09961";"15253.09961";"63316.88";"0.00";"OOS1";"PT";"30m 0s";"-0.00"
"93";"USTEC_ICM_UTC2";"Buy";"15042.8";"15017.8";"2023.07.06 16:30:00";"2023.07.06 16:30:00";"30.0";"-750.00";"15017.79980";"15067.79980";"62566.88";"0.00";"OOS1";"SL";"0s";"-0.00"
"94";"USTEC_ICM_UTC2";"Buy";"15082.5";"15107.5";"2023.07.07 16:45:00";"2023.07.07 16:45:00";"30.0";"750.00";"15057.50000";"15107.50000";"63316.88";"0.00";"OOS1";"PT";"0s";"-0.00"
"95";"USTEC_ICM_UTC2";"Buy";"15026.7";"15001.7";"2023.07.10 16:45:00";"2023.07.10 16:45:00";"30.0";"-750.00";"15001.70020";"15051.70020";"62566.88";"0.00";"OOS1";"SL";"0s";"-0.00"
"96";"USTEC_ICM_UTC2";"Buy";"15033.9";"15058.9";"2023.07.11 17:30:00";"2023.07.11 17:30:00";"30.0";"750.00";"15008.90039";"15058.90039";"63316.88";"0.00";"OOS1";"PT";"0s";"-0.00"
"97";"USTEC_ICM_UTC2";"Buy";"15595.6";"15620.6";"2023.07.17 16:30:00";"2023.07.17 16:30:00";"30.0";"750.00";"15570.59961";"15620.59961";"64066.88";"0.00";"OOS1";"PT";"0s";"-0.00"
"98";"USTEC_ICM_UTC2";"Buy";"15648.3";"15623.3";"2023.07.18 17:00:00";"2023.07.18 17:15:00";"30.0";"-750.00";"15623.29980";"15673.29980";"63316.88";"0.00";"OOS1";"SL";"15m 0s";"-0.00"
"99";"USTEC_ICM_UTC2";"Buy";"15704.6";"15729.6";"2023.07.20 16:30:00";"2023.07.20 16:30:00";"30.0";"750.00";"15679.59961";"15729.59961";"64066.88";"0.00";"OOS1";"PT";"0s";"-0.00"
"100";"USTEC_ICM_UTC2";"Buy";"15507.1";"15482.1";"2023.07.21 17:15:00";"2023.07.21 17:15:00";"30.0";"-750.00";"15482.09961";"15532.09961";"63316.88";"0.00";"OOS1";"SL";"0s";"-0.00"
"101";"USTEC_ICM_UTC2";"Buy";"15440.2";"15465.2";"2023.07.24 17:15:00";"2023.07.24 17:15:00";"30.0";"750.00";"15415.20020";"15465.20020";"64066.88";"0.00";"OOS1";"PT";"0s";"-0.00"
"102";"USTEC_ICM_UTC2";"Buy";"15512.0";"15537.0";"2023.07.25 16:45:00";"2023.07.25 16:45:00";"30.0";"750.00";"15487.00000";"15537.00000";"64816.88";"0.00";"OOS1";"PT";"0s";"-0.00"
"103";"USTEC_ICM_UTC2";"Buy";"15516.6";"15491.6";"2023.07.26 17:00:00";"2023.07.26 17:30:00";"30.0";"-750.00";"15491.59961";"15541.59961";"64066.88";"0.00";"OOS1";"SL";"30m 0s";"-0.00"
"104";"USTEC_ICM_UTC2";"Buy";"15502.0";"15477.0";"2023.07.27 22:15:00";"2023.07.27 22:15:00";"30.0";"-750.00";"15477.00000";"15527.00000";"63316.88";"0.00";"OOS1";"SL";"0s";"-0.00"
"105";"USTEC_ICM_UTC2";"Buy";"15728.8";"15753.8";"2023.07.28 21:00:00";"2023.07.28 21:15:00";"30.0";"750.00";"15703.79980";"15753.79980";"64066.88";"0.00";"OOS1";"PT";"15m 0s";"-0.00"
"106";"USTEC_ICM_UTC2";"Buy";"15683.6";"15708.6";"2023.08.01 17:30:00";"2023.08.01 17:30:00";"30.0";"750.00";"15658.59961";"15708.59961";"64816.88";"0.00";"OOS1";"PT";"0s";"-0.00"
"107";"USTEC_ICM_UTC2";"Buy";"15570.0";"15545.0";"2023.08.02 16:30:00";"2023.08.02 16:30:00";"30.0";"-750.00";"15545.00000";"15595.00000";"64066.88";"0.00";"OOS1";"SL";"0s";"-0.00"
"108";"USTEC_ICM_UTC2";"Buy";"15309.7";"15334.7";"2023.08.03 16:45:00";"2023.08.03 16:45:00";"30.0";"750.00";"15284.70020";"15334.70020";"64816.88";"0.00";"OOS1";"PT";"0s";"-0.00"
"109";"USTEC_ICM_UTC2";"Buy";"15383.0";"15408.0";"2023.08.04 17:30:00";"2023.08.04 17:30:00";"30.0";"750.00";"15358.00000";"15408.00000";"65566.88";"0.00";"OOS1";"PT";"0s";"-0.00"
"110";"USTEC_ICM_UTC2";"Buy";"15321.2";"15346.2";"2023.08.07 17:15:00";"2023.08.07 17:15:00";"30.0";"750.00";"15296.20020";"15346.20020";"66316.88";"0.00";"OOS1";"PT";"0s";"-0.00"
"111";"USTEC_ICM_UTC2";"Buy";"15211.2";"15186.2";"2023.08.08 17:30:00";"2023.08.08 17:30:00";"30.0";"-750.00";"15186.20020";"15236.20020";"65566.88";"0.00";"OOS1";"SL";"0s";"-0.00"
"112";"USTEC_ICM_UTC2";"Buy";"15221.8";"15196.8";"2023.08.09 17:15:00";"2023.08.09 17:15:00";"30.0";"-750.00";"15196.79980";"15246.79980";"64816.88";"0.00";"OOS1";"SL";"0s";"-0.00"
"113";"USTEC_ICM_UTC2";"Buy";"15249.8";"15274.8";"2023.08.10 16:45:00";"2023.08.10 16:45:00";"30.0";"750.00";"15224.79980";"15274.79980";"65566.88";"0.00";"OOS1";"PT";"0s";"-0.00"
"114";"USTEC_ICM_UTC2";"Buy";"15063.2";"15088.2";"2023.08.11 17:15:00";"2023.08.11 17:15:00";"30.0";"750.00";"15038.20020";"15088.20020";"66316.88";"0.00";"OOS1";"PT";"0s";"-0.00"
"115";"USTEC_ICM_UTC2";"Buy";"15133.0";"15158.0";"2023.08.14 17:45:00";"2023.08.14 17:45:00";"30.0";"750.00";"15108.00000";"15158.00000";"67066.88";"0.00";"OOS1";"PT";"0s";"-0.00"
"116";"USTEC_ICM_UTC2";"Buy";"15092.1";"15067.1";"2023.08.15 21:00:00";"2023.08.15 22:15:00";"30.0";"-750.00";"15067.09961";"15117.09961";"66316.88";"0.00";"OOS1";"SL";"1h 15m";"-0.00"
"117";"USTEC_ICM_UTC2";"Buy";"15030.3";"15055.3";"2023.08.16 16:45:00";"2023.08.16 16:45:00";"30.0";"750.00";"15005.29980";"15055.29980";"67066.88";"0.00";"OOS1";"PT";"0s";"-0.00"
"118";"USTEC_ICM_UTC2";"Buy";"14831.0";"14806.0";"2023.08.17 18:00:00";"2023.08.17 18:15:00";"30.0";"-750.00";"14806.00000";"14856.00000";"66316.88";"0.00";"OOS1";"SL";"15m 0s";"-0.00"
"119";"USTEC_ICM_UTC2";"Buy";"14604.9";"14629.9";"2023.08.18 16:45:00";"2023.08.18 16:45:00";"30.0";"750.00";"14579.90039";"14629.90039";"67066.88";"0.00";"OOS1";"PT";"0s";"-0.00"
"120";"USTEC_ICM_UTC2";"Buy";"14818.8";"14843.8";"2023.08.21 16:45:00";"2023.08.21 16:45:00";"30.0";"750.00";"14793.79980";"14843.79980";"67816.88";"0.00";"OOS1";"PT";"0s";"-0.00"
"121";"USTEC_ICM_UTC2";"Buy";"14975.0";"15000.0";"2023.08.23 16:45:00";"2023.08.23 16:45:00";"30.0";"750.00";"14950.00000";"15000.00000";"68566.88";"0.00";"OOS1";"PT";"0s";"-0.00"
"122";"USTEC_ICM_UTC2";"Buy";"14948.3";"14973.3";"2023.08.24 19:15:00";"2023.08.24 19:30:00";"30.0";"750.00";"14923.29980";"14973.29980";"69316.88";"0.00";"OOS1";"PT";"15m 0s";"-0.00"
"123";"USTEC_ICM_UTC2";"Buy";"14897.8";"14872.8";"2023.08.25 16:45:00";"2023.08.25 17:00:00";"30.0";"-750.00";"14872.79980";"14922.79980";"68566.88";"0.00";"OOS1";"SL";"15m 0s";"-0.00"
"124";"USTEC_ICM_UTC2";"Buy";"15088.7";"15113.7";"2023.08.29 16:45:00";"2023.08.29 16:45:00";"30.0";"750.00";"15063.70020";"15113.70020";"69316.88";"0.00";"OOS1";"PT";"0s";"-0.00"
"125";"USTEC_ICM_UTC2";"Buy";"15529.2";"15504.2";"2023.09.01 17:00:00";"2023.09.01 17:00:00";"30.0";"-750.00";"15504.20020";"15554.20020";"68566.88";"0.00";"OOS1";"SL";"0s";"-0.00"
"126";"USTEC_ICM_UTC2";"Buy";"15502.8";"15477.8";"2023.09.04 18:15:00";"2023.09.05 03:00:00";"30.0";"-933.12";"15477.79980";"15527.79980";"67633.76";"0.00";"OOS1";"SL";"8h 45m";"-183.12"
"127";"USTEC_ICM_UTC2";"Buy";"15456.5";"15431.5";"2023.09.05 16:30:00";"2023.09.05 16:30:00";"30.0";"-750.00";"15431.50000";"15481.50000";"66883.76";"0.00";"OOS1";"SL";"0s";"-0.00"
"128";"USTEC_ICM_UTC2";"Buy";"15472.6";"15447.6";"2023.09.06 16:30:00";"2023.09.06 16:30:00";"30.0";"-750.00";"15447.59961";"15497.59961";"66133.76";"0.00";"OOS1";"SL";"0s";"-0.00"
"129";"USTEC_ICM_UTC2";"Buy";"15203.3";"15178.3";"2023.09.07 17:15:00";"2023.09.07 17:30:00";"30.0";"-750.00";"15178.29980";"15228.29980";"65383.76";"0.00";"OOS1";"SL";"15m 0s";"-0.00"
"130";"USTEC_ICM_UTC2";"Buy";"15323.2";"15348.2";"2023.09.08 18:15:00";"2023.09.08 18:30:00";"30.0";"750.00";"15298.20020";"15348.20020";"66133.76";"0.00";"OOS1";"PT";"15m 0s";"-0.00"
"131";"USTEC_ICM_UTC2";"Buy";"15420.2";"15445.2";"2023.09.12 16:45:00";"2023.09.12 16:45:00";"30.0";"750.00";"15395.20020";"15445.20020";"66883.76";"0.00";"OOS1";"PT";"0s";"-0.00"
"132";"USTEC_ICM_UTC2";"Buy";"15299.4";"15324.4";"2023.09.13 16:30:00";"2023.09.13 16:30:00";"30.0";"750.00";"15274.40039";"15324.40039";"67633.76";"0.00";"OOS1";"PT";"0s";"-0.00"
"133";"USTEC_ICM_UTC2";"Buy";"15383.6";"15408.6";"2023.09.14 17:30:00";"2023.09.14 17:30:00";"30.0";"750.00";"15358.59961";"15408.59961";"68383.76";"0.00";"OOS1";"PT";"0s";"-0.00"
"134";"USTEC_ICM_UTC2";"Buy";"15303.6";"15278.6";"2023.09.15 17:30:00";"2023.09.15 17:45:00";"30.0";"-750.00";"15278.59961";"15328.59961";"67633.76";"0.00";"OOS1";"SL";"15m 0s";"-0.00"
"135";"USTEC_ICM_UTC2";"Buy";"15169.6";"15194.6";"2023.09.18 16:30:00";"2023.09.18 16:30:00";"30.0";"750.00";"15144.59961";"15194.59961";"68383.76";"0.00";"OOS1";"PT";"0s";"-0.00"
"136";"USTEC_ICM_UTC2";"Buy";"15093.1";"15118.1";"2023.09.19 18:15:00";"2023.09.19 19:45:00";"30.0";"750.00";"15068.09961";"15118.09961";"69133.76";"0.00";"OOS1";"PT";"1h 30m";"-0.00"
"137";"USTEC_ICM_UTC2";"Buy";"15188.1";"15163.1";"2023.09.20 17:30:00";"2023.09.20 18:15:00";"30.0";"-750.00";"15163.09961";"15213.09961";"68383.76";"0.00";"OOS1";"SL";"45m 0s";"-0.00"
"138";"USTEC_ICM_UTC2";"Buy";"14786.1";"14811.1";"2023.09.21 17:15:00";"2023.09.21 17:15:00";"30.0";"750.00";"14761.09961";"14811.09961";"69133.76";"0.00";"OOS1";"PT";"0s";"-0.00"
"139";"USTEC_ICM_UTC2";"Buy";"14784.3";"14759.3";"2023.09.22 17:00:00";"2023.09.22 17:00:00";"30.0";"-750.00";"14759.29980";"14809.29980";"68383.76";"0.00";"OOS1";"SL";"0s";"-0.00"
"140";"USTEC_ICM_UTC2";"Buy";"14657.6";"14632.6";"2023.09.25 16:30:00";"2023.09.25 16:30:00";"30.0";"-750.00";"14632.59961";"14682.59961";"67633.76";"0.00";"OOS1";"SL";"0s";"-0.00"
"141";"USTEC_ICM_UTC2";"Buy";"14664.2";"14639.2";"2023.09.26 16:45:00";"2023.09.26 16:45:00";"30.0";"-750.00";"14639.20020";"14689.20020";"66883.76";"0.00";"OOS1";"SL";"0s";"-0.00"
"142";"USTEC_ICM_UTC2";"Buy";"14632.8";"14607.8";"2023.09.27 16:45:00";"2023.09.27 16:45:00";"30.0";"-750.00";"14607.79980";"14657.79980";"66133.76";"0.00";"OOS1";"SL";"0s";"-0.00"
"143";"USTEC_ICM_UTC2";"Buy";"14590.9";"14615.9";"2023.09.28 17:00:00";"2023.09.28 17:00:00";"30.0";"750.00";"14565.90039";"14615.90039";"66883.76";"0.00";"OOS1";"PT";"0s";"-0.00"
"144";"USTEC_ICM_UTC2";"Buy";"14777.3";"14802.3";"2023.10.02 17:15:00";"2023.10.02 17:15:00";"30.0";"750.00";"14752.29980";"14802.29980";"67633.76";"0.00";"OOS1";"PT";"0s";"-0.00"
"145";"USTEC_ICM_UTC2";"Buy";"14726.6";"14751.6";"2023.10.03 16:30:00";"2023.10.03 16:30:00";"30.0";"750.00";"14701.59961";"14751.59961";"68383.76";"0.00";"OOS1";"PT";"0s";"-0.00"
"146";"USTEC_ICM_UTC2";"Buy";"14662.6";"14637.6";"2023.10.04 16:45:00";"2023.10.04 17:00:00";"30.0";"-750.00";"14637.59961";"14687.59961";"67633.76";"0.00";"OOS1";"SL";"15m 0s";"-0.00"
"147";"USTEC_ICM_UTC2";"Buy";"14779.2";"14804.2";"2023.10.06 18:15:00";"2023.10.06 18:15:00";"30.0";"750.00";"14754.20020";"14804.20020";"68383.76";"0.00";"OOS1";"PT";"0s";"-0.00"
"148";"USTEC_ICM_UTC2";"Buy";"15319.1";"15294.1";"2023.10.12 17:15:00";"2023.10.12 17:15:00";"30.0";"-750.00";"15294.09961";"15344.09961";"67633.76";"0.00";"OOS1";"SL";"0s";"-0.00"
"149";"USTEC_ICM_UTC2";"Buy";"15148.1";"15123.1";"2023.10.13 17:45:00";"2023.10.13 17:45:00";"30.0";"-750.00";"15123.09961";"15173.09961";"66883.76";"0.00";"OOS1";"SL";"0s";"-0.00"
"150";"USTEC_ICM_UTC2";"Buy";"15079.3";"15104.3";"2023.10.16 16:45:00";"2023.10.16 16:45:00";"30.0";"750.00";"15054.29980";"15104.29980";"67633.76";"0.00";"OOS1";"PT";"0s";"-0.00"
"151";"USTEC_ICM_UTC2";"Buy";"14986.7";"14961.7";"2023.10.17 16:45:00";"2023.10.17 16:45:00";"30.0";"-750.00";"14961.70020";"15011.70020";"66883.76";"0.00";"OOS1";"SL";"0s";"-0.00"
"152";"USTEC_ICM_UTC2";"Buy";"15019.3";"15044.3";"2023.10.18 16:45:00";"2023.10.18 16:45:00";"30.0";"750.00";"14994.29980";"15044.29980";"67633.76";"0.00";"OOS1";"PT";"0s";"-0.00"
"153";"USTEC_ICM_UTC2";"Buy";"14947.9";"14972.9";"2023.10.19 17:00:00";"2023.10.19 17:00:00";"30.0";"750.00";"14922.90039";"14972.90039";"68383.76";"0.00";"OOS1";"PT";"0s";"-0.00"
"154";"USTEC_ICM_UTC2";"Buy";"14757.2";"14732.2";"2023.10.20 16:30:00";"2023.10.20 16:30:00";"30.0";"-750.00";"14732.20020";"14782.20020";"67633.76";"0.00";"OOS1";"SL";"0s";"-0.00"
"155";"USTEC_ICM_UTC2";"Buy";"14502.9";"14527.9";"2023.10.23 16:30:00";"2023.10.23 16:30:00";"30.0";"750.00";"14477.90039";"14527.90039";"68383.76";"0.00";"OOS1";"PT";"0s";"-0.00"
"156";"USTEC_ICM_UTC2";"Buy";"14749.9";"14774.9";"2023.10.24 17:30:00";"2023.10.24 17:45:00";"30.0";"750.00";"14724.90039";"14774.90039";"69133.76";"0.00";"OOS1";"PT";"15m 0s";"-0.00"
"157";"USTEC_ICM_UTC2";"Buy";"14557.1";"14532.1";"2023.10.25 17:00:00";"2023.10.25 17:00:00";"30.0";"-750.00";"14532.09961";"14582.09961";"68383.76";"0.00";"OOS1";"SL";"0s";"-0.00"
"158";"USTEC_ICM_UTC2";"Buy";"14335.0";"14360.0";"2023.10.26 16:30:00";"2023.10.26 16:30:00";"30.0";"750.00";"14310.00000";"14360.00000";"69133.76";"0.00";"OOS1";"PT";"0s";"-0.00"
"159";"USTEC_ICM_UTC2";"Buy";"14259.6";"14234.6";"2023.10.27 16:45:00";"2023.10.27 16:45:00";"30.0";"-750.00";"14234.59961";"14284.59961";"68383.76";"0.00";"OOS1";"SL";"0s";"-0.00"
"160";"USTEC_ICM_UTC2";"Buy";"14264.3";"14289.3";"2023.10.30 17:00:00";"2023.10.30 17:00:00";"30.0";"750.00";"14239.29980";"14289.29980";"69133.76";"0.00";"OOS1";"PT";"0s";"-0.00"
"161";"USTEC_ICM_UTC2";"Buy";"14335.3";"14310.3";"2023.10.31 17:00:00";"2023.10.31 17:15:00";"30.0";"-750.00";"14310.29980";"14360.29980";"68383.76";"0.00";"OOS1";"SL";"15m 0s";"-0.00"
"162";"USTEC_ICM_UTC2";"Buy";"15224.1";"15199.1";"2023.11.07 17:00:00";"2023.11.07 17:00:00";"30.0";"-750.00";"15199.09961";"15249.09961";"67633.76";"0.00";"OOS1";"SL";"0s";"-0.00"
"163";"USTEC_ICM_UTC2";"Buy";"15356.1";"15331.1";"2023.11.09 17:00:00";"2023.11.09 17:00:00";"30.0";"-750.00";"15331.09961";"15381.09961";"66883.76";"0.00";"OOS1";"SL";"0s";"-0.00"
"164";"USTEC_ICM_UTC2";"Buy";"15272.7";"15297.7";"2023.11.10 17:45:00";"2023.11.10 17:45:00";"30.0";"750.00";"15247.70020";"15297.70020";"67633.76";"0.00";"OOS1";"PT";"0s";"-0.00"
"165";"USTEC_ICM_UTC2";"Buy";"15790.0";"15815.0";"2023.11.16 16:45:00";"2023.11.16 16:45:00";"30.0";"750.00";"15765.00000";"15815.00000";"68383.76";"0.00";"OOS1";"PT";"0s";"-0.00"
"166";"USTEC_ICM_UTC2";"Buy";"15813.1";"15788.1";"2023.11.17 17:00:00";"2023.11.17 17:00:00";"30.0";"-750.00";"15788.09961";"15838.09961";"67633.76";"0.00";"OOS1";"SL";"0s";"-0.00"
"167";"USTEC_ICM_UTC2";"Buy";"15903.3";"15928.3";"2023.11.20 16:45:00";"2023.11.20 16:45:00";"30.0";"750.00";"15878.29980";"15928.29980";"68383.76";"0.00";"OOS1";"PT";"0s";"-0.00"
"168";"USTEC_ICM_UTC2";"Buy";"16017.9";"16042.9";"2023.11.22 16:30:00";"2023.11.22 16:30:00";"30.0";"750.00";"15992.90039";"16042.90039";"69133.76";"0.00";"OOS1";"PT";"0s";"-0.00"
"169";"USTEC_ICM_UTC2";"Buy";"15982.3";"15957.3";"2023.11.24 17:00:00";"2023.11.24 17:15:00";"30.0";"-750.00";"15957.29980";"16007.29980";"68383.76";"0.00";"OOS1";"SL";"15m 0s";"-0.00"
"170";"USTEC_ICM_UTC2";"Buy";"15957.4";"15932.4";"2023.11.27 16:30:00";"2023.11.27 16:30:00";"30.0";"-750.00";"15932.40039";"15982.40039";"67633.76";"0.00";"OOS1";"SL";"0s";"-0.00"
"171";"USTEC_ICM_UTC2";"Buy";"15946.2";"15971.2";"2023.11.28 17:15:00";"2023.11.28 17:30:00";"30.0";"750.00";"15921.20020";"15971.20020";"68383.76";"0.00";"OOS1";"PT";"15m 0s";"-0.00"
"172";"USTEC_ICM_UTC2";"Buy";"15886.1";"15861.1";"2023.11.30 18:00:00";"2023.11.30 18:00:00";"30.0";"-750.00";"15861.09961";"15911.09961";"67633.76";"0.00";"OOS1";"SL";"0s";"-0.00"
"173";"USTEC_ICM_UTC2";"Buy";"15881.4";"15856.4";"2023.12.01 17:15:00";"2023.12.01 17:15:00";"30.0";"-750.00";"15856.40039";"15906.40039";"66883.76";"0.00";"OOS1";"SL";"0s";"-0.00"
"174";"USTEC_ICM_UTC2";"Buy";"15808.6";"15833.6";"2023.12.04 17:00:00";"2023.12.04 17:00:00";"30.0";"750.00";"15783.59961";"15833.59961";"67633.76";"0.00";"OOS1";"PT";"0s";"-0.00"
"175";"USTEC_ICM_UTC2";"Buy";"15762.2";"15787.2";"2023.12.05 16:30:00";"2023.12.05 16:30:00";"30.0";"750.00";"15737.20020";"15787.20020";"68383.76";"0.00";"OOS1";"PT";"0s";"-0.00"
"176";"USTEC_ICM_UTC2";"Buy";"15933.4";"15908.4";"2023.12.07 16:45:00";"2023.12.07 16:45:00";"30.0";"-750.00";"15908.40039";"15958.40039";"67633.76";"0.00";"OOS1";"SL";"0s";"-0.00"
"177";"USTEC_ICM_UTC2";"Buy";"16118.9";"16143.9";"2023.12.11 16:45:00";"2023.12.11 16:45:00";"30.0";"750.00";"16093.90039";"16143.90039";"68383.76";"0.00";"OOS1";"PT";"0s";"-0.00"
"178";"USTEC_ICM_UTC2";"Buy";"16458.1";"16483.1";"2023.12.13 21:15:00";"2023.12.13 21:15:00";"30.0";"750.00";"16433.09961";"16483.09961";"69133.76";"0.00";"OOS1";"PT";"0s";"-0.00"
"179";"USTEC_ICM_UTC2";"Buy";"16626.6";"16601.6";"2023.12.15 16:45:00";"2023.12.15 16:45:00";"30.0";"-750.00";"16601.59961";"16651.59961";"68383.76";"0.00";"OOS1";"SL";"0s";"-0.00"
"180";"USTEC_ICM_UTC2";"Buy";"16611.9";"16586.9";"2023.12.20 22:45:00";"2023.12.20 22:45:00";"30.0";"-750.00";"16586.90039";"16636.90039";"67633.76";"0.00";"OOS1";"SL";"0s";"-0.00"
"181";"USTEC_ICM_UTC2";"Buy";"16731.4";"16706.4";"2023.12.21 16:45:00";"2023.12.21 16:45:00";"30.0";"-750.00";"16706.40039";"16756.40039";"66883.76";"0.00";"OOS1";"SL";"0s";"-0.00"
"182";"USTEC_ICM_UTC2";"Buy";"16762.6";"16787.6";"2023.12.22 21:45:00";"2023.12.22 21:45:00";"30.0";"750.00";"16737.59961";"16787.59961";"67633.76";"0.00";"OOS1";"PT";"0s";"-0.00"
"183";"USTEC_ICM_UTC2";"Buy";"16875.3";"16900.3";"2023.12.27 17:30:00";"2023.12.27 20:00:00";"30.0";"750.00";"16850.30078";"16900.30078";"68383.76";"0.00";"OOS1";"PT";"2h 30m";"-0.00"
"184";"USTEC_ICM_UTC2";"Buy";"16911.5";"16886.5";"2023.12.29 16:45:00";"2023.12.29 17:30:00";"30.0";"-750.00";"16886.50000";"16936.50000";"67633.76";"0.00";"OOS1";"SL";"45m 0s";"-0.00"
"185";"USTEC_ICM_UTC2";"Buy";"16534.8";"16559.8";"2024.01.02 18:00:00";"2024.01.02 18:00:00";"30.0";"750.00";"16509.80078";"16559.80078";"68383.76";"0.00";"OOS1";"PT";"0s";"-0.00"
"186";"USTEC_ICM_UTC2";"Buy";"16434.0";"16409.0";"2024.01.03 16:30:00";"2024.01.03 16:30:00";"30.0";"-750.00";"16409.00000";"16459.00000";"67633.76";"0.00";"OOS1";"SL";"0s";"-0.00"
"187";"USTEC_ICM_UTC2";"Buy";"16311.5";"16286.5";"2024.01.04 16:45:00";"2024.01.04 16:45:00";"30.0";"-750.00";"16286.50000";"16336.50000";"66883.76";"0.00";"OOS1";"SL";"0s";"-0.00"
"188";"USTEC_ICM_UTC2";"Buy";"16408.1";"16383.1";"2024.01.05 18:15:00";"2024.01.05 18:15:00";"30.0";"-750.00";"16383.09961";"16433.09961";"66133.76";"0.00";"IST";"SL";"0s";"-0.00"
"189";"USTEC_ICM_UTC2";"Buy";"16698.1";"16723.1";"2024.01.10 17:15:00";"2024.01.10 17:30:00";"30.0";"750.00";"16673.09961";"16723.09961";"66883.76";"0.00";"IST";"PT";"15m 0s";"-0.00"
"190";"USTEC_ICM_UTC2";"Buy";"16751.7";"16726.7";"2024.01.11 17:30:00";"2024.01.11 17:30:00";"30.0";"-750.00";"16726.69922";"16776.69922";"66133.76";"0.00";"IST";"SL";"0s";"-0.00"
"191";"USTEC_ICM_UTC2";"Buy";"16869.6";"16844.6";"2024.01.12 16:30:00";"2024.01.12 16:30:00";"30.0";"-750.00";"16844.59961";"16894.59961";"65383.76";"0.00";"IST";"SL";"0s";"-0.00"
"192";"USTEC_ICM_UTC2";"Buy";"16819.8";"16794.8";"2024.01.15 17:30:00";"2024.01.16 02:00:00";"30.0";"-933.12";"16794.80078";"16844.80078";"64450.64";"0.00";"IST";"SL";"8h 30m";"-183.12"
"193";"USTEC_ICM_UTC2";"Buy";"16779.6";"16804.6";"2024.01.16 16:30:00";"2024.01.16 16:30:00";"30.0";"750.00";"16754.59961";"16804.59961";"65200.64";"0.00";"IST";"PT";"0s";"-0.00"
"194";"USTEC_ICM_UTC2";"Buy";"16620.7";"16595.7";"2024.01.17 17:15:00";"2024.01.17 17:15:00";"30.0";"-750.00";"16595.69922";"16645.69922";"64450.64";"0.00";"IST";"SL";"0s";"-0.00"
"195";"USTEC_ICM_UTC2";"Buy";"17348.1";"17323.1";"2024.01.23 17:00:00";"2024.01.23 17:15:00";"30.0";"-750.00";"17323.09961";"17373.09961";"63700.64";"0.00";"IST";"SL";"15m 0s";"-0.00"
"196";"USTEC_ICM_UTC2";"Buy";"17586.8";"17611.8";"2024.01.25 17:15:00";"2024.01.25 17:15:00";"30.0";"750.00";"17561.80078";"17611.80078";"64450.64";"0.00";"IST";"PT";"0s";"-0.00"
"197";"USTEC_ICM_UTC2";"Buy";"17468.2";"17493.2";"2024.01.26 17:30:00";"2024.01.26 17:30:00";"30.0";"750.00";"17443.19922";"17493.19922";"65200.64";"0.00";"IST";"PT";"0s";"-0.00"
"198";"USTEC_ICM_UTC2";"Buy";"17470.5";"17445.5";"2024.01.30 20:15:00";"2024.01.30 21:00:00";"30.0";"-750.00";"17445.50000";"17495.50000";"64450.64";"0.00";"IST";"SL";"45m 0s";"-0.00"
"199";"USTEC_ICM_UTC2";"Buy";"17199.6";"17224.6";"2024.01.31 18:00:00";"2024.01.31 18:00:00";"30.0";"750.00";"17174.59961";"17224.59961";"65200.64";"0.00";"IST";"PT";"0s";"-0.00"
"200";"USTEC_ICM_UTC2";"Buy";"17232.8";"17207.8";"2024.02.01 16:45:00";"2024.02.01 16:45:00";"30.0";"-750.00";"17207.80078";"17257.80078";"64450.64";"0.00";"IST";"SL";"0s";"-0.00"
"201";"USTEC_ICM_UTC2";"Buy";"17504.9";"17529.9";"2024.02.05 18:00:00";"2024.02.05 18:00:00";"30.0";"750.00";"17479.90039";"17529.90039";"65200.64";"0.00";"IST";"PT";"0s";"-0.00"
"202";"USTEC_ICM_UTC2";"Buy";"17546.5";"17571.5";"2024.02.06 17:45:00";"2024.02.06 18:30:00";"30.0";"750.00";"17521.50000";"17571.50000";"65950.64";"0.00";"IST";"PT";"45m 0s";"-0.00"
"203";"USTEC_ICM_UTC2";"Buy";"17660.8";"17685.8";"2024.02.07 17:00:00";"2024.02.07 17:00:00";"30.0";"750.00";"17635.80078";"17685.80078";"66700.64";"0.00";"IST";"PT";"0s";"-0.00"
"204";"USTEC_ICM_UTC2";"Buy";"17862.6";"17887.6";"2024.02.09 17:00:00";"2024.02.09 17:15:00";"30.0";"750.00";"17837.59961";"17887.59961";"67450.64";"0.00";"IST";"PT";"15m 0s";"-0.00"
"205";"USTEC_ICM_UTC2";"Buy";"17897.1";"17872.1";"2024.02.12 22:15:00";"2024.02.12 23:00:00";"30.0";"-750.00";"17872.09961";"17922.09961";"66700.64";"0.00";"IST";"SL";"45m 0s";"-0.00"
"206";"USTEC_ICM_UTC2";"Buy";"17567.8";"17592.8";"2024.02.13 16:45:00";"2024.02.13 16:45:00";"30.0";"750.00";"17542.80078";"17592.80078";"67450.64";"0.00";"IST";"PT";"0s";"-0.00"
"207";"USTEC_ICM_UTC2";"Buy";"17717.4";"17742.4";"2024.02.14 16:30:00";"2024.02.14 16:30:00";"30.0";"750.00";"17692.40039";"17742.40039";"68200.64";"0.00";"IST";"PT";"0s";"-0.00"
"208";"USTEC_ICM_UTC2";"Buy";"17704.4";"17679.4";"2024.02.16 17:30:00";"2024.02.16 17:30:00";"30.0";"-750.00";"17679.40039";"17729.40039";"67450.64";"0.00";"IST";"SL";"0s";"-0.00"
"209";"USTEC_ICM_UTC2";"Buy";"17729.7";"17704.7";"2024.02.19 16:30:00";"2024.02.20 01:00:00";"30.0";"-933.12";"17704.69922";"17754.69922";"66517.52";"0.00";"IST";"SL";"8h 30m";"-183.12"
"210";"USTEC_ICM_UTC2";"Buy";"17603.7";"17628.7";"2024.02.20 16:30:00";"2024.02.20 16:30:00";"30.0";"750.00";"17578.69922";"17628.69922";"67267.52";"0.00";"IST";"PT";"0s";"-0.00"
"211";"USTEC_ICM_UTC2";"Buy";"17414.7";"17439.7";"2024.02.21 17:00:00";"2024.02.21 17:00:00";"30.0";"750.00";"17389.69922";"17439.69922";"68017.52";"0.00";"IST";"PT";"0s";"-0.00"
"212";"USTEC_ICM_UTC2";"Buy";"17954.6";"17979.6";"2024.02.26 17:15:00";"2024.02.26 17:15:00";"30.0";"750.00";"17929.59961";"17979.59961";"68767.52";"0.00";"IST";"PT";"0s";"-0.00"
"213";"USTEC_ICM_UTC2";"Buy";"17946.9";"17971.9";"2024.02.27 17:00:00";"2024.02.27 17:00:00";"30.0";"750.00";"17921.90039";"17971.90039";"69517.52";"0.00";"IST";"PT";"0s";"-0.00"
"214";"USTEC_ICM_UTC2";"Buy";"17880.0";"17855.0";"2024.02.28 16:30:00";"2024.02.28 16:45:00";"30.0";"-750.00";"17855.00000";"17905.00000";"68767.52";"0.00";"IST";"SL";"15m 0s";"-0.00"
"215";"USTEC_ICM_UTC2";"Buy";"17978.8";"17953.8";"2024.02.29 17:30:00";"2024.02.29 17:45:00";"30.0";"-750.00";"17953.80078";"18003.80078";"68017.52";"0.00";"IST";"SL";"15m 0s";"-0.00"
"216";"USTEC_ICM_UTC2";"Buy";"17910.6";"17885.6";"2024.03.05 18:00:00";"2024.03.05 18:00:00";"30.0";"-750.00";"17885.59961";"17935.59961";"67267.52";"0.00";"IST";"SL";"0s";"-0.00"
"217";"USTEC_ICM_UTC2";"Buy";"18076.9";"18051.9";"2024.03.06 16:30:00";"2024.03.06 16:30:00";"30.0";"-750.00";"18051.90039";"18101.90039";"66517.52";"0.00";"IST";"SL";"0s";"-0.00"
"218";"USTEC_ICM_UTC2";"Buy";"18039.0";"18022.6";"2024.03.08 22:45:00";"2024.03.08 23:00:00";"30.0";"-492.00";"18014.00000";"18064.00000";"66025.52";"0.00";"IST";"End Of Friday (Time)";"15m 0s";"-0.00"
"219";"USTEC_ICM_UTC2";"Buy";"17913.7";"17938.7";"2024.03.11 16:30:00";"2024.03.11 16:30:00";"30.0";"750.00";"17888.69922";"17938.69922";"66775.52";"0.00";"IST";"PT";"0s";"-0.00"
"220";"USTEC_ICM_UTC2";"Buy";"18088.7";"18063.7";"2024.03.13 17:15:00";"2024.03.13 17:15:00";"30.0";"-750.00";"18063.69922";"18113.69922";"66025.52";"0.00";"IST";"SL";"0s";"-0.00"
"221";"USTEC_ICM_UTC2";"Buy";"18049.8";"18074.8";"2024.03.14 17:00:00";"2024.03.14 17:00:00";"30.0";"750.00";"18024.80078";"18074.80078";"66775.52";"0.00";"IST";"PT";"0s";"-0.00"
"222";"USTEC_ICM_UTC2";"Buy";"17859.3";"17884.3";"2024.03.15 16:30:00";"2024.03.15 16:30:00";"30.0";"750.00";"17834.30078";"17884.30078";"67525.52";"0.00";"IST";"PT";"0s";"-0.00"
"223";"USTEC_ICM_UTC2";"Buy";"18028.3";"18003.3";"2024.03.18 21:00:00";"2024.03.18 21:45:00";"30.0";"-750.00";"18003.30078";"18053.30078";"66775.52";"0.00";"IST";"SL";"45m 0s";"-0.00"
"224";"USTEC_ICM_UTC2";"Buy";"17883.3";"17858.3";"2024.03.19 16:45:00";"2024.03.19 17:15:00";"30.0";"-750.00";"17858.30078";"17908.30078";"66025.52";"0.00";"IST";"SL";"30m 0s";"-0.00"
"225";"USTEC_ICM_UTC2";"Buy";"18148.9";"18173.9";"2024.03.20 20:45:00";"2024.03.20 20:45:00";"30.0";"750.00";"18123.90039";"18173.90039";"66775.52";"0.00";"IST";"PT";"0s";"-0.00"
"226";"USTEC_ICM_UTC2";"Buy";"18299.8";"18274.8";"2024.03.22 16:30:00";"2024.03.22 16:30:00";"30.0";"-750.00";"18274.80078";"18324.80078";"66025.52";"0.00";"IST";"SL";"0s";"-0.00"
"227";"USTEC_ICM_UTC2";"Buy";"18289.5";"18314.5";"2024.03.25 16:45:00";"2024.03.25 17:30:00";"30.0";"750.00";"18264.50000";"18314.50000";"66775.52";"0.00";"IST";"PT";"45m 0s";"-0.00"
"228";"USTEC_ICM_UTC2";"Buy";"18333.4";"18358.4";"2024.03.26 17:00:00";"2024.03.26 18:00:00";"30.0";"750.00";"18308.40039";"18358.40039";"67525.52";"0.00";"IST";"PT";"1h 0m";"-0.00"
"229";"USTEC_ICM_UTC2";"Buy";"18193.1";"18218.1";"2024.03.27 16:30:00";"2024.03.27 16:30:00";"30.0";"750.00";"18168.09961";"18218.09961";"68275.52";"0.00";"IST";"PT";"0s";"-0.00"
"230";"USTEC_ICM_UTC2";"Buy";"18263.6";"18288.6";"2024.03.28 16:30:00";"2024.03.28 16:30:00";"30.0";"750.00";"18238.59961";"18288.59961";"69025.52";"0.00";"IST";"PT";"0s";"-0.00"
"231";"USTEC_ICM_UTC2";"Buy";"18374.9";"18349.9";"2024.04.01 16:45:00";"2024.04.01 17:00:00";"30.0";"-750.00";"18349.90039";"18399.90039";"68275.52";"0.00";"IST";"SL";"15m 0s";"-0.00"
"232";"USTEC_ICM_UTC2";"Buy";"18044.0";"18019.0";"2024.04.02 17:00:00";"2024.04.02 17:00:00";"30.0";"-750.00";"18019.00000";"18069.00000";"67525.52";"0.00";"IST";"SL";"0s";"-0.00"
"233";"USTEC_ICM_UTC2";"Buy";"18052.2";"18077.2";"2024.04.03 16:45:00";"2024.04.03 16:45:00";"30.0";"750.00";"18027.19922";"18077.19922";"68275.52";"0.00";"IST";"PT";"0s";"-0.00"
"234";"USTEC_ICM_UTC2";"Buy";"18024.6";"17999.6";"2024.04.04 22:00:00";"2024.04.04 22:00:00";"30.0";"-750.00";"17999.59961";"18049.59961";"67525.52";"0.00";"IST";"SL";"0s";"-0.00"
"235";"USTEC_ICM_UTC2";"Buy";"17950.2";"17925.2";"2024.04.05 16:30:00";"2024.04.05 16:30:00";"30.0";"-750.00";"17925.19922";"17975.19922";"66775.52";"0.00";"IST";"SL";"0s";"-0.00"
"236";"USTEC_ICM_UTC2";"Buy";"18026.7";"18051.7";"2024.04.09 18:00:00";"2024.04.09 18:00:00";"30.0";"750.00";"18001.69922";"18051.69922";"67525.52";"0.00";"IST";"PT";"0s";"-0.00"
"237";"USTEC_ICM_UTC2";"Buy";"17950.6";"17975.6";"2024.04.10 16:30:00";"2024.04.10 16:30:00";"30.0";"750.00";"17925.59961";"17975.59961";"68275.52";"0.00";"IST";"PT";"0s";"-0.00"
"238";"USTEC_ICM_UTC2";"Buy";"18086.9";"18061.9";"2024.04.11 17:00:00";"2024.04.11 17:00:00";"30.0";"-750.00";"18061.90039";"18111.90039";"67525.52";"0.00";"IST";"SL";"0s";"-0.00"
"239";"USTEC_ICM_UTC2";"Buy";"18047.9";"18072.9";"2024.04.12 18:15:00";"2024.04.12 18:15:00";"30.0";"750.00";"18022.90039";"18072.90039";"68275.52";"0.00";"IST";"PT";"0s";"-0.00"
"240";"USTEC_ICM_UTC2";"Buy";"18057.7";"18032.7";"2024.04.15 17:30:00";"2024.04.15 17:30:00";"30.0";"-750.00";"18032.69922";"18082.69922";"67525.52";"0.00";"IST";"SL";"0s";"-0.00"
"241";"USTEC_ICM_UTC2";"Buy";"17728.7";"17703.7";"2024.04.16 17:00:00";"2024.04.16 17:00:00";"30.0";"-750.00";"17703.69922";"17753.69922";"66775.52";"0.00";"IST";"SL";"0s";"-0.00"
"242";"USTEC_ICM_UTC2";"Buy";"17688.6";"17663.6";"2024.04.17 17:30:00";"2024.04.17 17:30:00";"30.0";"-750.00";"17663.59961";"17713.59961";"66025.52";"0.00";"IST";"SL";"0s";"-0.00"
"243";"USTEC_ICM_UTC2";"Buy";"17457.2";"17432.2";"2024.04.18 17:00:00";"2024.04.18 17:00:00";"30.0";"-750.00";"17432.19922";"17482.19922";"65275.52";"0.00";"IST";"SL";"0s";"-0.00"
"244";"USTEC_ICM_UTC2";"Buy";"17343.7";"17318.7";"2024.04.19 16:45:00";"2024.04.19 16:45:00";"30.0";"-750.00";"17318.69922";"17368.69922";"64525.52";"0.00";"IST";"SL";"0s";"-0.00"
"245";"USTEC_ICM_UTC2";"Buy";"17148.2";"17173.2";"2024.04.22 16:45:00";"2024.04.22 16:45:00";"30.0";"750.00";"17123.19922";"17173.19922";"65275.52";"0.00";"IST";"PT";"0s";"-0.00"
"246";"USTEC_ICM_UTC2";"Buy";"17220.5";"17195.5";"2024.04.25 16:30:00";"2024.04.25 16:30:00";"30.0";"-750.00";"17195.50000";"17245.50000";"64525.52";"0.00";"IST";"SL";"0s";"-0.00"
"247";"USTEC_ICM_UTC2";"Buy";"17760.1";"17735.1";"2024.04.30 16:45:00";"2024.04.30 16:45:00";"30.0";"-750.00";"17735.09961";"17785.09961";"63775.52";"0.00";"IST";"SL";"0s";"-0.00"
"248";"USTEC_ICM_UTC2";"Buy";"17374.2";"17349.2";"2024.05.01 16:45:00";"2024.05.01 16:45:00";"30.0";"-750.00";"17349.19922";"17399.19922";"63025.52";"0.00";"IST";"SL";"0s";"-0.00"
"249";"USTEC_ICM_UTC2";"Buy";"17393.5";"17368.5";"2024.05.02 17:30:00";"2024.05.02 17:30:00";"30.0";"-750.00";"17368.50000";"17418.50000";"62275.52";"0.00";"IST";"SL";"0s";"-0.00"
"250";"USTEC_ICM_UTC2";"Buy";"18019.9";"18044.9";"2024.05.08 16:45:00";"2024.05.08 16:45:00";"30.0";"750.00";"17994.90039";"18044.90039";"63025.52";"0.00";"IST";"PT";"0s";"-0.00"
"251";"USTEC_ICM_UTC2";"Buy";"18064.4";"18089.4";"2024.05.09 17:00:00";"2024.05.09 17:00:00";"30.0";"750.00";"18039.40039";"18089.40039";"63775.52";"0.00";"IST";"PT";"0s";"-0.00"
"252";"USTEC_ICM_UTC2";"Buy";"18224.1";"18249.1";"2024.05.10 16:45:00";"2024.05.10 16:45:00";"30.0";"750.00";"18199.09961";"18249.09961";"64525.52";"0.00";"IST";"PT";"0s";"-0.00"
"253";"USTEC_ICM_UTC2";"Buy";"18191.5";"18166.5";"2024.05.13 17:00:00";"2024.05.13 18:30:00";"30.0";"-750.00";"18166.50000";"18216.50000";"63775.52";"0.00";"IST";"SL";"1h 30m";"-0.00"
"254";"USTEC_ICM_UTC2";"Buy";"18219.1";"18194.1";"2024.05.14 16:45:00";"2024.05.14 16:45:00";"30.0";"-750.00";"18194.09961";"18244.09961";"63025.52";"0.00";"IST";"SL";"0s";"-0.00"
"255";"USTEC_ICM_UTC2";"Buy";"18579.1";"18554.1";"2024.05.17 17:30:00";"2024.05.17 18:00:00";"30.0";"-750.00";"18554.09961";"18604.09961";"62275.52";"0.00";"IST";"SL";"30m 0s";"-0.00"
"256";"USTEC_ICM_UTC2";"Buy";"18620.9";"18645.9";"2024.05.20 16:45:00";"2024.05.20 16:45:00";"30.0";"750.00";"18595.90039";"18645.90039";"63025.52";"0.00";"IST";"PT";"0s";"-0.00"
"257";"USTEC_ICM_UTC2";"Buy";"18619.1";"18644.1";"2024.05.21 16:45:00";"2024.05.21 17:15:00";"30.0";"750.00";"18594.09961";"18644.09961";"63775.52";"0.00";"IST";"PT";"30m 0s";"-0.00"
"258";"USTEC_ICM_UTC2";"Buy";"18689.8";"18664.8";"2024.05.22 21:00:00";"2024.05.22 21:00:00";"30.0";"-750.00";"18664.80078";"18714.80078";"63025.52";"0.00";"IST";"SL";"0s";"-0.00"
"259";"USTEC_ICM_UTC2";"Buy";"18828.4";"18803.4";"2024.05.23 17:15:00";"2024.05.23 17:15:00";"30.0";"-750.00";"18803.40039";"18853.40039";"62275.52";"0.00";"IST";"SL";"0s";"-0.00"
"260";"USTEC_ICM_UTC2";"Buy";"18692.4";"18667.4";"2024.05.24 16:30:00";"2024.05.24 16:30:00";"30.0";"-750.00";"18667.40039";"18717.40039";"61525.52";"0.00";"IST";"SL";"0s";"-0.00"
"261";"USTEC_ICM_UTC2";"Buy";"18812.5";"18837.5";"2024.05.28 17:15:00";"2024.05.28 17:30:00";"30.0";"750.00";"18787.50000";"18837.50000";"62275.52";"0.00";"IST";"PT";"15m 0s";"-0.00"
"262";"USTEC_ICM_UTC2";"Buy";"18722.3";"18747.3";"2024.05.29 16:45:00";"2024.05.29 16:45:00";"30.0";"750.00";"18697.30078";"18747.30078";"63025.52";"0.00";"IST";"PT";"0s";"-0.00"
"263";"USTEC_ICM_UTC2";"Buy";"18702.2";"18677.2";"2024.05.30 16:30:00";"2024.05.30 16:30:00";"30.0";"-750.00";"18677.19922";"18727.19922";"62275.52";"0.00";"IST";"SL";"0s";"-0.00"
"264";"USTEC_ICM_UTC2";"Buy";"18556.6";"18531.6";"2024.05.31 16:45:00";"2024.05.31 16:45:00";"30.0";"-750.00";"18531.59961";"18581.59961";"61525.52";"0.00";"IST";"SL";"0s";"-0.00"
"265";"USTEC_ICM_UTC2";"Buy";"18646.1";"18621.1";"2024.06.03 17:15:00";"2024.06.03 17:30:00";"30.0";"-750.00";"18621.09961";"18671.09961";"60775.52";"0.00";"IST";"SL";"15m 0s";"-0.00"
"266";"USTEC_ICM_UTC2";"Buy";"18556.5";"18581.5";"2024.06.04 17:00:00";"2024.06.04 17:00:00";"30.0";"750.00";"18531.50000";"18581.50000";"61525.52";"0.00";"IST";"PT";"0s";"-0.00"
"267";"USTEC_ICM_UTC2";"Buy";"18998.6";"19023.6";"2024.06.07 17:00:00";"2024.06.07 17:30:00";"30.0";"750.00";"18973.59961";"19023.59961";"62275.52";"0.00";"IST";"PT";"30m 0s";"-0.00"
"268";"USTEC_ICM_UTC2";"Buy";"18963.7";"18988.7";"2024.06.10 16:45:00";"2024.06.10 17:15:00";"30.0";"750.00";"18938.69922";"18988.69922";"63025.52";"0.00";"IST";"PT";"30m 0s";"-0.00"
"269";"USTEC_ICM_UTC2";"Buy";"19027.2";"19052.2";"2024.06.11 17:15:00";"2024.06.11 17:15:00";"30.0";"750.00";"19002.19922";"19052.19922";"63775.52";"0.00";"IST";"PT";"0s";"-0.00"
"270";"USTEC_ICM_UTC2";"Buy";"19555.3";"19580.3";"2024.06.14 16:30:00";"2024.06.14 16:30:00";"30.0";"750.00";"19530.30078";"19580.30078";"64525.52";"0.00";"IST";"PT";"0s";"-0.00"
"271";"USTEC_ICM_UTC2";"Buy";"19975.4";"19950.4";"2024.06.20 16:45:00";"2024.06.20 16:45:00";"30.0";"-750.00";"19950.40039";"20000.40039";"63775.52";"0.00";"IST";"SL";"0s";"-0.00"
"272";"USTEC_ICM_UTC2";"Buy";"19724.3";"19699.3";"2024.06.21 17:15:00";"2024.06.21 17:15:00";"30.0";"-750.00";"19699.30078";"19749.30078";"63025.52";"0.00";"IST";"SL";"0s";"-0.00"
"273";"USTEC_ICM_UTC2";"Buy";"19648.8";"19673.8";"2024.06.24 16:30:00";"2024.06.24 16:30:00";"30.0";"750.00";"19623.80078";"19673.80078";"63775.52";"0.00";"IST";"PT";"0s";"-0.00"
"274";"USTEC_ICM_UTC2";"Buy";"19627.1";"19602.1";"2024.06.25 17:15:00";"2024.06.25 17:15:00";"30.0";"-750.00";"19602.09961";"19652.09961";"63025.52";"0.00";"IST";"SL";"0s";"-0.00"
"275";"USTEC_ICM_UTC2";"Buy";"19731.5";"19756.5";"2024.06.27 16:30:00";"2024.06.27 16:30:00";"30.0";"750.00";"19706.50000";"19756.50000";"63775.52";"0.00";"IST";"PT";"0s";"-0.00"
"276";"USTEC_ICM_UTC2";"Buy";"19790.1";"19815.1";"2024.06.28 20:00:00";"2024.06.28 20:00:00";"30.0";"750.00";"19765.09961";"19815.09961";"64525.52";"0.00";"IST";"PT";"0s";"-0.00"
"277";"USTEC_ICM_UTC2";"Buy";"19674.8";"19649.8";"2024.07.01 16:45:00";"2024.07.01 16:45:00";"30.0";"-750.00";"19649.80078";"19699.80078";"63775.52";"0.00";"IST";"SL";"0s";"-0.00"
"278";"USTEC_ICM_UTC2";"Buy";"19820.9";"19845.9";"2024.07.02 17:30:00";"2024.07.02 17:30:00";"30.0";"750.00";"19795.90039";"19845.90039";"64525.52";"0.00";"IST";"PT";"0s";"-0.00"
"279";"USTEC_ICM_UTC2";"Buy";"20210.3";"20235.3";"2024.07.05 16:30:00";"2024.07.05 16:30:00";"30.0";"750.00";"20185.30078";"20235.30078";"65275.52";"0.00";"IST";"PT";"0s";"-0.00"
"280";"USTEC_ICM_UTC2";"Buy";"20541.1";"20566.1";"2024.07.10 17:00:00";"2024.07.10 17:00:00";"30.0";"750.00";"20516.09961";"20566.09961";"66025.52";"0.00";"IST";"PT";"0s";"-0.00"
"281";"USTEC_ICM_UTC2";"Buy";"20405.9";"20380.9";"2024.07.11 18:15:00";"2024.07.11 18:15:00";"30.0";"-750.00";"20380.90039";"20430.90039";"65275.52";"0.00";"IST";"SL";"0s";"-0.00"
"282";"USTEC_ICM_UTC2";"Buy";"20237.2";"20262.2";"2024.07.12 16:45:00";"2024.07.12 16:45:00";"30.0";"750.00";"20212.19922";"20262.19922";"66025.52";"0.00";"IST";"PT";"0s";"-0.00"
"283";"USTEC_ICM_UTC2";"Buy";"20320.2";"20345.2";"2024.07.16 17:30:00";"2024.07.16 17:30:00";"30.0";"750.00";"20295.19922";"20345.19922";"66775.52";"0.00";"IST";"PT";"0s";"-0.00"
"284";"USTEC_ICM_UTC2";"Buy";"19932.8";"19957.8";"2024.07.17 17:30:00";"2024.07.17 17:30:00";"30.0";"750.00";"19907.80078";"19957.80078";"67525.52";"0.00";"IST";"PT";"0s";"-0.00"
"285";"USTEC_ICM_UTC2";"Buy";"19876.5";"19851.5";"2024.07.18 17:00:00";"2024.07.18 17:00:00";"30.0";"-750.00";"19851.50000";"19901.50000";"66775.52";"0.00";"IST";"SL";"0s";"-0.00"
"286";"USTEC_ICM_UTC2";"Buy";"19718.2";"19743.2";"2024.07.19 16:45:00";"2024.07.19 16:45:00";"30.0";"750.00";"19693.19922";"19743.19922";"67525.52";"0.00";"IST";"PT";"0s";"-0.00"
"287";"USTEC_ICM_UTC2";"Buy";"19794.2";"19769.2";"2024.07.22 17:00:00";"2024.07.22 17:00:00";"30.0";"-750.00";"19769.19922";"19819.19922";"66775.52";"0.00";"IST";"SL";"0s";"-0.00"
"288";"USTEC_ICM_UTC2";"Buy";"19323.3";"19298.3";"2024.07.24 17:30:00";"2024.07.24 17:30:00";"30.0";"-750.00";"19298.30078";"19348.30078";"66025.52";"0.00";"IST";"SL";"0s";"-0.00"
"289";"USTEC_ICM_UTC2";"Buy";"18916.4";"18891.4";"2024.07.25 17:30:00";"2024.07.25 17:30:00";"30.0";"-750.00";"18891.40039";"18941.40039";"65275.52";"0.00";"IST";"SL";"0s";"-0.00"
"290";"USTEC_ICM_UTC2";"Buy";"18987.9";"18962.9";"2024.07.26 17:30:00";"2024.07.26 17:30:00";"30.0";"-750.00";"18962.90039";"19012.90039";"64525.52";"0.00";"IST";"SL";"0s";"-0.00"
"291";"USTEC_ICM_UTC2";"Buy";"19117.4";"19142.4";"2024.07.29 19:00:00";"2024.07.29 19:00:00";"30.0";"750.00";"19092.40039";"19142.40039";"65275.52";"0.00";"IST";"PT";"0s";"-0.00"
"292";"USTEC_ICM_UTC2";"Buy";"18880.4";"18855.4";"2024.07.30 18:30:00";"2024.07.30 18:30:00";"30.0";"-750.00";"18855.40039";"18905.40039";"64525.52";"0.00";"IST";"SL";"0s";"-0.00"
"293";"USTEC_ICM_UTC2";"Buy";"19084.3";"19059.3";"2024.08.01 19:15:00";"2024.08.01 19:15:00";"30.0";"-750.00";"19059.30078";"19109.30078";"63775.52";"0.00";"IST";"SL";"0s";"-0.00"
"294";"USTEC_ICM_UTC2";"Buy";"18549.7";"18574.7";"2024.08.02 16:45:00";"2024.08.02 16:45:00";"30.0";"750.00";"18524.69922";"18574.69922";"64525.52";"0.00";"IST";"PT";"0s";"-0.00"
"295";"USTEC_ICM_UTC2";"Buy";"17662.1";"17687.1";"2024.08.05 16:45:00";"2024.08.05 16:45:00";"30.0";"750.00";"17637.09961";"17687.09961";"65275.52";"0.00";"IST";"PT";"0s";"-0.00"
"296";"USTEC_ICM_UTC2";"Buy";"18029.0";"18004.0";"2024.08.06 17:00:00";"2024.08.06 17:00:00";"30.0";"-750.00";"18004.00000";"18054.00000";"64525.52";"0.00";"IST";"SL";"0s";"-0.00"
"297";"USTEC_ICM_UTC2";"Buy";"18092.6";"18117.6";"2024.08.07 20:30:00";"2024.08.07 20:30:00";"30.0";"750.00";"18067.59961";"18117.59961";"65275.52";"0.00";"IST";"PT";"0s";"-0.00"
"298";"USTEC_ICM_UTC2";"Buy";"18104.5";"18129.5";"2024.08.08 17:00:00";"2024.08.08 17:00:00";"30.0";"750.00";"18079.50000";"18129.50000";"66025.52";"0.00";"IST";"PT";"0s";"-0.00"
"299";"USTEC_ICM_UTC2";"Buy";"18561.5";"18586.5";"2024.08.12 17:15:00";"2024.08.12 17:15:00";"30.0";"750.00";"18536.50000";"18586.50000";"66775.52";"0.00";"IST";"PT";"0s";"-0.00"
"300";"USTEC_ICM_UTC2";"Buy";"19512.8";"19487.8";"2024.08.19 16:45:00";"2024.08.19 16:45:00";"30.0";"-750.00";"19487.80078";"19537.80078";"66025.52";"0.00";"IST";"SL";"0s";"-0.00"
"301";"USTEC_ICM_UTC2";"Buy";"19789.7";"19764.7";"2024.08.21 17:30:00";"2024.08.21 17:30:00";"30.0";"-750.00";"19764.69922";"19814.69922";"65275.52";"0.00";"IST";"SL";"0s";"-0.00"
"302";"USTEC_ICM_UTC2";"Buy";"19829.4";"19804.4";"2024.08.22 17:30:00";"2024.08.22 17:30:00";"30.0";"-750.00";"19804.40039";"19854.40039";"64525.52";"0.00";"IST";"SL";"0s";"-0.00"
"303";"USTEC_ICM_UTC2";"Buy";"19676.3";"19701.3";"2024.08.23 17:00:00";"2024.08.23 17:00:00";"30.0";"750.00";"19651.30078";"19701.30078";"65275.52";"0.00";"IST";"PT";"0s";"-0.00"
"304";"USTEC_ICM_UTC2";"Buy";"19527.8";"19552.8";"2024.08.26 18:00:00";"2024.08.26 18:15:00";"30.0";"750.00";"19502.80078";"19552.80078";"66025.52";"0.00";"IST";"PT";"15m 0s";"-0.00"
"305";"USTEC_ICM_UTC2";"Buy";"19452.7";"19427.7";"2024.08.27 16:30:00";"2024.08.27 16:30:00";"30.0";"-750.00";"19427.69922";"19477.69922";"65275.52";"0.00";"IST";"SL";"0s";"-0.00"
"306";"USTEC_ICM_UTC2";"Buy";"19514.6";"19489.6";"2024.08.28 17:30:00";"2024.08.28 17:30:00";"30.0";"-750.00";"19489.59961";"19539.59961";"64525.52";"0.00";"IST";"SL";"0s";"-0.00"
"307";"USTEC_ICM_UTC2";"Buy";"19433.1";"19458.1";"2024.08.29 16:30:00";"2024.08.29 16:30:00";"30.0";"750.00";"19408.09961";"19458.09961";"65275.52";"0.00";"IST";"PT";"0s";"-0.00"
"308";"USTEC_ICM_UTC2";"Buy";"19412.3";"19437.3";"2024.08.30 20:00:00";"2024.08.30 20:00:00";"30.0";"750.00";"19387.30078";"19437.30078";"66025.52";"0.00";"IST";"PT";"0s";"-0.00"
"309";"USTEC_ICM_UTC2";"Buy";"19304.7";"19329.7";"2024.09.03 17:00:00";"2024.09.03 17:00:00";"30.0";"750.00";"19279.69922";"19329.69922";"66775.52";"0.00";"IST";"PT";"0s";"-0.00"
"310";"USTEC_ICM_UTC2";"Buy";"18897.7";"18922.7";"2024.09.04 16:45:00";"2024.09.04 16:45:00";"30.0";"750.00";"18872.69922";"18922.69922";"67525.52";"0.00";"IST";"PT";"0s";"-0.00"
"311";"USTEC_ICM_UTC2";"Buy";"18951.0";"18926.0";"2024.09.05 16:45:00";"2024.09.05 16:45:00";"30.0";"-750.00";"18926.00000";"18976.00000";"66775.52";"0.00";"IST";"SL";"0s";"-0.00"
"312";"USTEC_ICM_UTC2";"Buy";"18706.7";"18681.7";"2024.09.06 17:15:00";"2024.09.06 17:15:00";"30.0";"-750.00";"18681.69922";"18731.69922";"66025.52";"0.00";"IST";"SL";"0s";"-0.00"
"313";"USTEC_ICM_UTC2";"Buy";"18536.6";"18561.6";"2024.09.09 18:30:00";"2024.09.09 18:30:00";"30.0";"750.00";"18511.59961";"18561.59961";"66775.52";"0.00";"IST";"PT";"0s";"-0.00"
"314";"USTEC_ICM_UTC2";"Buy";"18754.0";"18729.0";"2024.09.10 17:30:00";"2024.09.10 17:30:00";"30.0";"-750.00";"18729.00000";"18779.00000";"66025.52";"0.00";"IST";"SL";"0s";"-0.00"
"315";"USTEC_ICM_UTC2";"Buy";"18663.3";"18638.3";"2024.09.11 18:15:00";"2024.09.11 18:15:00";"30.0";"-750.00";"18638.30078";"18688.30078";"65275.52";"0.00";"IST";"SL";"0s";"-0.00"
"316";"USTEC_ICM_UTC2";"Buy";"19477.5";"19452.5";"2024.09.13 16:45:00";"2024.09.13 16:45:00";"30.0";"-750.00";"19452.50000";"19502.50000";"64525.52";"0.00";"IST";"SL";"0s";"-0.00"
"317";"USTEC_ICM_UTC2";"Buy";"19419.0";"19394.0";"2024.09.16 16:30:00";"2024.09.16 16:30:00";"30.0";"-750.00";"19394.00000";"19444.00000";"63775.52";"0.00";"IST";"SL";"0s";"-0.00"
"318";"USTEC_ICM_UTC2";"Buy";"19547.2";"19572.2";"2024.09.17 16:30:00";"2024.09.17 16:30:00";"30.0";"750.00";"19522.19922";"19572.19922";"64525.52";"0.00";"IST";"PT";"0s";"-0.00"
"319";"USTEC_ICM_UTC2";"Buy";"19453.2";"19428.2";"2024.09.18 17:30:00";"2024.09.18 17:30:00";"30.0";"-750.00";"19428.19922";"19478.19922";"63775.52";"0.00";"IST";"SL";"0s";"-0.00"
"320";"USTEC_ICM_UTC2";"Buy";"19675.2";"19700.2";"2024.09.20 18:30:00";"2024.09.20 18:30:00";"30.0";"750.00";"19650.19922";"19700.19922";"64525.52";"0.00";"IST";"PT";"0s";"-0.00"
"321";"USTEC_ICM_UTC2";"Buy";"19831.6";"19856.6";"2024.09.23 16:45:00";"2024.09.23 16:45:00";"30.0";"750.00";"19806.59961";"19856.59961";"65275.52";"0.00";"IST";"PT";"0s";"-0.00"
"322";"USTEC_ICM_UTC2";"Buy";"19766.5";"19791.5";"2024.09.24 17:45:00";"2024.09.24 17:45:00";"30.0";"750.00";"19741.50000";"19791.50000";"66025.52";"0.00";"IST";"PT";"0s";"-0.00"
"323";"USTEC_ICM_UTC2";"Buy";"19951.9";"19976.9";"2024.09.25 16:45:00";"2024.09.25 16:45:00";"30.0";"750.00";"19926.90039";"19976.90039";"66775.52";"0.00";"IST";"PT";"0s";"-0.00"
"324";"USTEC_ICM_UTC2";"Buy";"20033.7";"20008.7";"2024.09.26 18:15:00";"2024.09.26 18:15:00";"30.0";"-750.00";"20008.69922";"20058.69922";"66025.52";"0.00";"IST";"SL";"0s";"-0.00"
"325";"USTEC_ICM_UTC2";"Buy";"20048.3";"20023.3";"2024.09.27 18:30:00";"2024.09.27 18:30:00";"30.0";"-750.00";"20023.30078";"20073.30078";"65275.52";"0.00";"IST";"SL";"0s";"-0.00"
"326";"USTEC_ICM_UTC2";"Buy";"20032.3";"20007.3";"2024.09.30 16:45:00";"2024.09.30 16:45:00";"30.0";"-750.00";"20007.30078";"20057.30078";"64525.52";"0.00";"IST";"SL";"0s";"-0.00"
"327";"USTEC_ICM_UTC2";"Buy";"19746.5";"19721.5";"2024.10.01 17:45:00";"2024.10.01 17:45:00";"30.0";"-750.00";"19721.50000";"19771.50000";"63775.52";"0.00";"IST";"SL";"0s";"-0.00"
"328";"USTEC_ICM_UTC2";"Buy";"19710.5";"19735.5";"2024.10.02 17:00:00";"2024.10.02 17:00:00";"30.0";"750.00";"19685.50000";"19735.50000";"64525.52";"0.00";"IST";"PT";"0s";"-0.00"
"329";"USTEC_ICM_UTC2";"Buy";"19711.0";"19736.0";"2024.10.03 16:30:00";"2024.10.03 16:30:00";"30.0";"750.00";"19686.00000";"19736.00000";"65275.52";"0.00";"IST";"PT";"0s";"-0.00"
"330";"USTEC_ICM_UTC2";"Buy";"19893.9";"19868.9";"2024.10.04 17:45:00";"2024.10.04 17:45:00";"30.0";"-750.00";"19868.90039";"19918.90039";"64525.52";"0.00";"IST";"SL";"0s";"-0.00"
"331";"USTEC_ICM_UTC2";"Buy";"19778.3";"19803.3";"2024.10.07 22:45:00";"2024.10.07 22:45:00";"30.0";"750.00";"19753.30078";"19803.30078";"65275.52";"0.00";"IST";"PT";"0s";"-0.00"
"332";"USTEC_ICM_UTC2";"Buy";"19965.4";"19990.4";"2024.10.08 17:00:00";"2024.10.08 17:00:00";"30.0";"750.00";"19940.40039";"19990.40039";"66025.52";"0.00";"IST";"PT";"0s";"-0.00"
"333";"USTEC_ICM_UTC2";"Buy";"20158.4";"20183.4";"2024.10.11 16:45:00";"2024.10.11 16:45:00";"30.0";"750.00";"20133.40039";"20183.40039";"66775.52";"0.00";"IST";"PT";"0s";"-0.00"
"334";"USTEC_ICM_UTC2";"Buy";"20224.5";"20199.5";"2024.10.15 18:00:00";"2024.10.15 18:00:00";"30.0";"-750.00";"20199.50000";"20249.50000";"66025.52";"0.00";"IST";"SL";"0s";"-0.00"
"335";"USTEC_ICM_UTC2";"Buy";"20130.8";"20155.8";"2024.10.16 17:15:00";"2024.10.16 17:15:00";"30.0";"750.00";"20105.80078";"20155.80078";"66775.52";"0.00";"IST";"PT";"0s";"-0.00"
"336";"USTEC_ICM_UTC2";"Buy";"20271.5";"20246.5";"2024.10.17 17:30:00";"2024.10.17 17:30:00";"30.0";"-750.00";"20246.50000";"20296.50000";"66025.52";"0.00";"IST";"SL";"0s";"-0.00"
"337";"USTEC_ICM_UTC2";"Buy";"20247.4";"20272.4";"2024.10.21 18:45:00";"2024.10.21 18:45:00";"30.0";"750.00";"20222.40039";"20272.40039";"66775.52";"0.00";"IST";"PT";"0s";"-0.00"
"338";"USTEC_ICM_UTC2";"Buy";"20243.9";"20218.9";"2024.10.22 16:30:00";"2024.10.22 16:30:00";"30.0";"-750.00";"20218.90039";"20268.90039";"66025.52";"0.00";"IST";"SL";"0s";"-0.00"
"339";"USTEC_ICM_UTC2";"Buy";"20271.0";"20296.0";"2024.10.23 16:45:00";"2024.10.23 16:45:00";"30.0";"750.00";"20246.00000";"20296.00000";"66775.52";"0.00";"IST";"PT";"0s";"-0.00"
"340";"USTEC_ICM_UTC2";"Buy";"20193.6";"20218.6";"2024.10.24 17:00:00";"2024.10.24 17:00:00";"30.0";"750.00";"20168.59961";"20218.59961";"67525.52";"0.00";"IST";"PT";"0s";"-0.00"
"341";"USTEC_ICM_UTC2";"Buy";"20366.1";"20341.1";"2024.10.25 21:00:00";"2024.10.25 21:00:00";"30.0";"-750.00";"20341.09961";"20391.09961";"66775.52";"0.00";"IST";"SL";"0s";"-0.00"
"342";"USTEC_ICM_UTC2";"Buy";"20439.2";"20464.2";"2024.10.29 16:45:00";"2024.10.29 17:00:00";"30.0";"750.00";"20414.19922";"20464.19922";"67525.52";"0.00";"IST";"PT";"15m 0s";"-0.00"
"343";"USTEC_ICM_UTC2";"Buy";"20438.3";"20463.3";"2024.10.30 20:00:00";"2024.10.30 20:00:00";"30.0";"750.00";"20413.30078";"20463.30078";"68275.52";"0.00";"IST";"PT";"0s";"-0.00"
"344";"USTEC_ICM_UTC2";"Buy";"20010.0";"19985.0";"2024.10.31 16:30:00";"2024.10.31 16:30:00";"30.0";"-750.00";"19985.00000";"20035.00000";"67525.52";"0.00";"IST";"SL";"0s";"-0.00"
"345";"USTEC_ICM_UTC2";"Buy";"20114.5";"20139.5";"2024.11.01 17:00:00";"2024.11.01 17:00:00";"30.0";"750.00";"20089.50000";"20139.50000";"68275.52";"0.00";"IST";"PT";"0s";"-0.00"
"346";"USTEC_ICM_UTC2";"Buy";"20002.2";"19977.2";"2024.11.04 16:30:00";"2024.11.04 16:30:00";"30.0";"-750.00";"19977.19922";"20027.19922";"67525.52";"0.00";"IST";"SL";"0s";"-0.00"
"347";"USTEC_ICM_UTC2";"Buy";"20035.8";"20060.8";"2024.11.05 16:30:00";"2024.11.05 16:30:00";"30.0";"750.00";"20010.80078";"20060.80078";"68275.52";"0.00";"IST";"PT";"0s";"-0.00"
"348";"USTEC_ICM_UTC2";"Buy";"21081.8";"21106.8";"2024.11.11 17:15:00";"2024.11.11 17:30:00";"30.0";"750.00";"21056.80078";"21106.80078";"69025.52";"0.00";"IST";"PT";"15m 0s";"-0.00"
"349";"USTEC_ICM_UTC2";"Buy";"21073.1";"21048.1";"2024.11.12 18:30:00";"2024.11.12 18:30:00";"30.0";"-750.00";"21048.09961";"21098.09961";"68275.52";"0.00";"IST";"SL";"0s";"-0.00"
"350";"USTEC_ICM_UTC2";"Buy";"21071.5";"21046.5";"2024.11.13 16:45:00";"2024.11.13 16:45:00";"30.0";"-750.00";"21046.50000";"21096.50000";"67525.52";"0.00";"IST";"SL";"0s";"-0.00"
"351";"USTEC_ICM_UTC2";"Buy";"21027.6";"21052.6";"2024.11.14 16:30:00";"2024.11.14 16:30:00";"30.0";"750.00";"21002.59961";"21052.59961";"68275.52";"0.00";"IST";"PT";"0s";"-0.00"
"352";"USTEC_ICM_UTC2";"Buy";"20592.6";"20567.6";"2024.11.15 17:00:00";"2024.11.15 17:00:00";"30.0";"-750.00";"20567.59961";"20617.59961";"67525.52";"0.00";"IST";"SL";"0s";"-0.00"
"353";"USTEC_ICM_UTC2";"Buy";"20437.5";"20462.5";"2024.11.18 17:00:00";"2024.11.18 17:00:00";"30.0";"750.00";"20412.50000";"20462.50000";"68275.52";"0.00";"IST";"PT";"0s";"-0.00"
"354";"USTEC_ICM_UTC2";"Buy";"20513.7";"20538.7";"2024.11.19 17:30:00";"2024.11.19 17:30:00";"30.0";"750.00";"20488.69922";"20538.69922";"69025.52";"0.00";"IST";"PT";"0s";"-0.00"
"355";"USTEC_ICM_UTC2";"Buy";"20430.6";"20455.6";"2024.11.20 17:30:00";"2024.11.20 17:30:00";"30.0";"750.00";"20405.59961";"20455.59961";"69775.52";"0.00";"IST";"PT";"0s";"-0.00"
"356";"USTEC_ICM_UTC2";"Buy";"20599.5";"20624.5";"2024.11.21 17:15:00";"2024.11.21 17:15:00";"30.0";"750.00";"20574.50000";"20624.50000";"70525.52";"0.00";"IST";"PT";"0s";"-0.00"
"357";"USTEC_ICM_UTC2";"Buy";"20765.6";"20740.6";"2024.11.22 17:45:00";"2024.11.22 17:45:00";"30.0";"-750.00";"20740.59961";"20790.59961";"69775.52";"0.00";"IST";"SL";"0s";"-0.00"
"358";"USTEC_ICM_UTC2";"Buy";"20986.5";"20961.5";"2024.11.25 16:45:00";"2024.11.25 16:45:00";"30.0";"-750.00";"20961.50000";"21011.50000";"69025.52";"0.00";"IST";"SL";"0s";"-0.00"
"359";"USTEC_ICM_UTC2";"Buy";"20907.1";"20932.1";"2024.11.26 16:45:00";"2024.11.26 16:45:00";"30.0";"750.00";"20882.09961";"20932.09961";"69775.52";"0.00";"IST";"PT";"0s";"-0.00"
"360";"USTEC_ICM_UTC2";"Buy";"20713.1";"20688.1";"2024.11.27 17:45:00";"2024.11.27 17:45:00";"30.0";"-750.00";"20688.09961";"20738.09961";"69025.52";"0.00";"IST";"SL";"0s";"-0.00"
"361";"USTEC_ICM_UTC2";"Buy";"20828.6";"20803.6";"2024.11.28 17:30:00";"2024.11.29 02:30:00";"30.0";"-933.12";"20803.59961";"20853.59961";"68092.40";"0.00";"IST";"SL";"9h 0m";"-183.12"
"362";"USTEC_ICM_UTC2";"Buy";"20817.7";"20842.7";"2024.11.29 16:45:00";"2024.11.29 16:45:00";"30.0";"750.00";"20792.69922";"20842.69922";"68842.40";"0.00";"IST";"PT";"0s";"-0.00"
"363";"USTEC_ICM_UTC2";"Buy";"21508.9";"21533.9";"2024.12.06 16:45:00";"2024.12.06 16:45:00";"30.0";"750.00";"21483.90039";"21533.90039";"69592.40";"0.00";"IST";"PT";"0s";"-0.00"
"364";"USTEC_ICM_UTC2";"Buy";"21468.2";"21443.2";"2024.12.09 18:30:00";"2024.12.09 20:00:00";"30.0";"-750.00";"21443.19922";"21493.19922";"68842.40";"0.00";"IST";"SL";"1h 30m";"-0.00"
"365";"USTEC_ICM_UTC2";"Buy";"21559.4";"21534.4";"2024.12.10 17:15:00";"2024.12.10 17:15:00";"30.0";"-750.00";"21534.40039";"21584.40039";"68092.40";"0.00";"IST";"SL";"0s";"-0.00"
"366";"USTEC_ICM_UTC2";"Buy";"21865.8";"21840.8";"2024.12.13 16:45:00";"2024.12.13 17:00:00";"30.0";"-750.00";"21840.80078";"21890.80078";"67342.40";"0.00";"IST";"SL";"15m 0s";"-0.00"
"367";"USTEC_ICM_UTC2";"Buy";"21958.9";"21933.9";"2024.12.18 16:30:00";"2024.12.18 16:30:00";"30.0";"-750.00";"21933.90039";"21983.90039";"66592.40";"0.00";"IST";"SL";"0s";"-0.00"
"368";"USTEC_ICM_UTC2";"Buy";"21342.7";"21317.7";"2024.12.19 17:15:00";"2024.12.19 17:15:00";"30.0";"-750.00";"21317.69922";"21367.69922";"65842.40";"0.00";"IST";"SL";"0s";"-0.00"
"369";"USTEC_ICM_UTC2";"Buy";"21079.3";"21104.3";"2024.12.20 17:15:00";"2024.12.20 17:15:00";"30.0";"750.00";"21054.30078";"21104.30078";"66592.40";"0.00";"IST";"PT";"0s";"-0.00"
"370";"USTEC_ICM_UTC2";"Buy";"21467.1";"21442.1";"2024.12.27 17:00:00";"2024.12.27 17:00:00";"30.0";"-750.00";"21442.09961";"21492.09961";"65842.40";"0.00";"IST";"SL";"0s";"-0.00"
"371";"USTEC_ICM_UTC2";"Buy";"21135.4";"21110.4";"2024.12.30 17:15:00";"2024.12.30 17:15:00";"30.0";"-750.00";"21110.40039";"21160.40039";"65092.40";"0.00";"IST";"SL";"0s";"-0.00"
"372";"USTEC_ICM_UTC2";"Buy";"21221.3";"21196.3";"2024.12.31 17:00:00";"2024.12.31 17:00:00";"30.0";"-750.00";"21196.30078";"21246.30078";"64342.40";"0.00";"IST";"SL";"0s";"-0.00"
"373";"USTEC_ICM_UTC2";"Buy";"21191.3";"21216.3";"2025.01.02 17:00:00";"2025.01.02 17:00:00";"30.0";"750.00";"21166.30078";"21216.30078";"65092.40";"0.00";"IST";"PT";"0s";"-0.00"
"374";"USTEC_ICM_UTC2";"Buy";"21102.4";"21127.4";"2025.01.03 16:30:00";"2025.01.03 16:30:00";"30.0";"750.00";"21077.40039";"21127.40039";"65842.40";"0.00";"IST";"PT";"0s";"-0.00"
"375";"USTEC_ICM_UTC2";"Buy";"21365.9";"21340.9";"2025.01.07 18:00:00";"2025.01.07 18:00:00";"30.0";"-750.00";"21340.90039";"21390.90039";"65092.40";"0.00";"IST";"SL";"0s";"-0.00"
"376";"USTEC_ICM_UTC2";"Buy";"21171.3";"21146.3";"2025.01.08 16:30:00";"2025.01.08 16:30:00";"30.0";"-750.00";"21146.30078";"21196.30078";"64342.40";"0.00";"IST";"SL";"0s";"-0.00"
"377";"USTEC_ICM_UTC2";"Buy";"20857.8";"20832.8";"2025.01.10 17:30:00";"2025.01.10 17:30:00";"30.0";"-750.00";"20832.80078";"20882.80078";"63592.40";"0.00";"IST";"SL";"0s";"-0.00"
"378";"USTEC_ICM_UTC2";"Buy";"20615.9";"20590.9";"2025.01.13 16:45:00";"2025.01.13 16:45:00";"30.0";"-750.00";"20590.90039";"20640.90039";"62842.40";"0.00";"IST";"SL";"0s";"-0.00"
"379";"USTEC_ICM_UTC2";"Buy";"20917.8";"20942.8";"2025.01.14 17:15:00";"2025.01.14 17:15:00";"30.0";"750.00";"20892.80078";"20942.80078";"63592.40";"0.00";"IST";"PT";"0s";"-0.00"
"380";"USTEC_ICM_UTC2";"Buy";"21140.7";"21165.7";"2025.01.15 16:45:00";"2025.01.15 16:45:00";"30.0";"750.00";"21115.69922";"21165.69922";"64342.40";"0.00";"IST";"PT";"0s";"-0.00"
"381";"USTEC_ICM_UTC2";"Buy";"21492.1";"21467.1";"2025.01.21 17:30:00";"2025.01.21 17:30:00";"30.0";"-750.00";"21467.09961";"21517.09961";"63592.40";"0.00";"IST";"SL";"0s";"-0.00"
"382";"USTEC_ICM_UTC2";"Buy";"21766.2";"21741.2";"2025.01.23 16:45:00";"2025.01.23 16:45:00";"30.0";"-750.00";"21741.19922";"21791.19922";"62842.40";"0.00";"IST";"SL";"0s";"-0.00"
"383";"USTEC_ICM_UTC2";"Buy";"21861.8";"21836.8";"2025.01.24 17:45:00";"2025.01.24 18:00:00";"30.0";"-750.00";"21836.80078";"21886.80078";"62092.40";"0.00";"IST";"SL";"15m 0s";"-0.00"
"384";"USTEC_ICM_UTC2";"Buy";"20992.5";"21017.5";"2025.01.27 16:30:00";"2025.01.27 16:30:00";"30.0";"750.00";"20967.50000";"21017.50000";"62842.40";"0.00";"IST";"PT";"0s";"-0.00"
"385";"USTEC_ICM_UTC2";"Buy";"21175.5";"21150.5";"2025.01.28 16:30:00";"2025.01.28 16:30:00";"30.0";"-750.00";"21150.50000";"21200.50000";"62092.40";"0.00";"IST";"SL";"0s";"-0.00"
"386";"USTEC_ICM_UTC2";"Buy";"21337.0";"21312.0";"2025.01.29 20:15:00";"2025.01.29 20:15:00";"30.0";"-750.00";"21312.00000";"21362.00000";"61342.40";"0.00";"IST";"SL";"0s";"-0.00"
"387";"USTEC_ICM_UTC2";"Buy";"21431.3";"21456.3";"2025.01.30 17:45:00";"2025.01.30 17:45:00";"30.0";"750.00";"21406.30078";"21456.30078";"62092.40";"0.00";"IST";"PT";"0s";"-0.00"
"388";"USTEC_ICM_UTC2";"Buy";"21627.6";"21602.6";"2025.01.31 21:15:00";"2025.01.31 21:15:00";"30.0";"-750.00";"21602.59961";"21652.59961";"61342.40";"0.00";"IST";"SL";"0s";"-0.00"
"389";"USTEC_ICM_UTC2";"Buy";"21239.6";"21214.6";"2025.02.03 17:30:00";"2025.02.03 17:30:00";"30.0";"-750.00";"21214.59961";"21264.59961";"60592.40";"0.00";"IST";"SL";"0s";"-0.00"
"390";"USTEC_ICM_UTC2";"Buy";"21650.7";"21675.7";"2025.02.07 17:30:00";"2025.02.07 17:30:00";"30.0";"750.00";"21625.69922";"21675.69922";"61342.40";"0.00";"IST";"PT";"0s";"-0.00"
"391";"USTEC_ICM_UTC2";"Buy";"21706.9";"21681.9";"2025.02.10 16:45:00";"2025.02.10 16:45:00";"30.0";"-750.00";"21681.90039";"21731.90039";"60592.40";"0.00";"IST";"SL";"0s";"-0.00"
"392";"USTEC_ICM_UTC2";"Buy";"21710.0";"21735.0";"2025.02.11 17:15:00";"2025.02.11 17:15:00";"30.0";"750.00";"21685.00000";"21735.00000";"61342.40";"0.00";"IST";"PT";"0s";"-0.00"
"393";"USTEC_ICM_UTC2";"Buy";"21611.2";"21636.2";"2025.02.12 17:30:00";"2025.02.12 17:30:00";"30.0";"750.00";"21586.19922";"21636.19922";"62092.40";"0.00";"IST";"PT";"0s";"-0.00"
"394";"USTEC_ICM_UTC2";"Buy";"21800.7";"21775.7";"2025.02.13 16:45:00";"2025.02.13 16:45:00";"30.0";"-750.00";"21775.69922";"21825.69922";"61342.40";"0.00";"IST";"SL";"0s";"-0.00"
"395";"USTEC_ICM_UTC2";"Buy";"22086.6";"22061.6";"2025.02.18 17:45:00";"2025.02.18 17:45:00";"30.0";"-750.00";"22061.59961";"22111.59961";"60592.40";"0.00";"IST";"SL";"0s";"-0.00"
"396";"USTEC_ICM_UTC2";"Buy";"22075.1";"22100.1";"2025.02.19 17:30:00";"2025.02.19 17:30:00";"30.0";"750.00";"22050.09961";"22100.09961";"61342.40";"0.00";"IST";"PT";"0s";"-0.00"
"397";"USTEC_ICM_UTC2";"Buy";"21960.0";"21985.0";"2025.02.20 17:15:00";"2025.02.20 17:15:00";"30.0";"750.00";"21935.00000";"21985.00000";"62092.40";"0.00";"IST";"PT";"0s";"-0.00"
"398";"USTEC_ICM_UTC2";"Buy";"21942.2";"21917.2";"2025.02.21 18:00:00";"2025.02.21 18:00:00";"30.0";"-750.00";"21917.19922";"21967.19922";"61342.40";"0.00";"IST";"SL";"0s";"-0.00"
"399";"USTEC_ICM_UTC2";"Buy";"21501.8";"21476.8";"2025.02.24 17:15:00";"2025.02.24 17:15:00";"30.0";"-750.00";"21476.80078";"21526.80078";"60592.40";"0.00";"IST";"SL";"0s";"-0.00"
"400";"USTEC_ICM_UTC2";"Buy";"21029.2";"21004.2";"2025.02.25 17:45:00";"2025.02.25 17:45:00";"30.0";"-750.00";"21004.19922";"21054.19922";"59842.40";"0.00";"IST";"SL";"0s";"-0.00"
"401";"USTEC_ICM_UTC2";"Buy";"21173.7";"21198.7";"2025.02.26 16:45:00";"2025.02.26 16:45:00";"30.0";"750.00";"21148.69922";"21198.69922";"60592.40";"0.00";"IST";"PT";"0s";"-0.00"
"402";"USTEC_ICM_UTC2";"Buy";"21011.4";"21036.4";"2025.02.27 17:15:00";"2025.02.27 17:15:00";"30.0";"750.00";"20986.40039";"21036.40039";"61342.40";"0.00";"IST";"PT";"0s";"-0.00"
"403";"USTEC_ICM_UTC2";"Buy";"20561.1";"20536.1";"2025.02.28 16:45:00";"2025.02.28 16:45:00";"30.0";"-750.00";"20536.09961";"20586.09961";"60592.40";"0.00";"IST";"SL";"0s";"-0.00"
"404";"USTEC_ICM_UTC2";"Buy";"20913.0";"20888.0";"2025.03.03 17:30:00";"2025.03.03 17:30:00";"30.0";"-750.00";"20888.00000";"20938.00000";"59842.40";"0.00";"IST";"SL";"0s";"-0.00"
"405";"USTEC_ICM_UTC2";"Buy";"20292.1";"20317.1";"2025.03.04 16:45:00";"2025.03.04 16:45:00";"30.0";"750.00";"20267.09961";"20317.09961";"60592.40";"0.00";"IST";"PT";"0s";"-0.00"
"406";"USTEC_ICM_UTC2";"Buy";"20393.8";"20368.8";"2025.03.05 17:15:00";"2025.03.05 17:15:00";"30.0";"-750.00";"20368.80078";"20418.80078";"59842.40";"0.00";"IST";"SL";"0s";"-0.00"
"407";"USTEC_ICM_UTC2";"Buy";"20242.1";"20267.1";"2025.03.06 17:00:00";"2025.03.06 17:00:00";"30.0";"750.00";"20217.09961";"20267.09961";"60592.40";"0.00";"IST";"PT";"0s";"-0.00"
"408";"USTEC_ICM_UTC2";"Buy";"20116.5";"20141.5";"2025.03.07 16:45:00";"2025.03.07 16:45:00";"30.0";"750.00";"20091.50000";"20141.50000";"61342.40";"0.00";"IST";"PT";"0s";"-0.00"
"409";"USTEC_ICM_UTC2";"Buy";"19576.2";"19551.2";"2025.03.10 17:15:00";"2025.03.10 17:15:00";"30.0";"-750.00";"19551.19922";"19601.19922";"60592.40";"0.00";"IST";"SL";"0s";"-0.00"
"410";"USTEC_ICM_UTC2";"Buy";"19300.4";"19325.4";"2025.03.11 16:45:00";"2025.03.11 16:45:00";"30.0";"750.00";"19275.40039";"19325.40039";"61342.40";"0.00";"IST";"PT";"0s";"-0.00"
"411";"USTEC_ICM_UTC2";"Buy";"19503.8";"19528.8";"2025.03.12 17:30:00";"2025.03.12 17:30:00";"30.0";"750.00";"19478.80078";"19528.80078";"62092.40";"0.00";"IST";"PT";"0s";"-0.00"
"412";"USTEC_ICM_UTC2";"Buy";"19339.3";"19314.3";"2025.03.13 17:45:00";"2025.03.13 17:45:00";"30.0";"-750.00";"19314.30078";"19364.30078";"61342.40";"0.00";"IST";"SL";"0s";"-0.00"
"413";"USTEC_ICM_UTC2";"Buy";"19534.6";"19559.6";"2025.03.14 16:45:00";"2025.03.14 16:45:00";"30.0";"750.00";"19509.59961";"19559.59961";"62092.40";"0.00";"IST";"PT";"0s";"-0.00"
"414";"USTEC_ICM_UTC2";"Buy";"19487.4";"19512.4";"2025.03.18 16:30:00";"2025.03.18 16:30:00";"30.0";"750.00";"19462.40039";"19512.40039";"62842.40";"0.00";"IST";"PT";"0s";"-0.00"
"415";"USTEC_ICM_UTC2";"Buy";"19647.5";"19622.5";"2025.03.19 17:15:00";"2025.03.19 17:15:00";"30.0";"-750.00";"19622.50000";"19672.50000";"62092.40";"0.00";"IST";"SL";"0s";"-0.00"
"416";"USTEC_ICM_UTC2";"Buy";"19596.3";"19571.3";"2025.03.21 17:00:00";"2025.03.21 17:00:00";"30.0";"-750.00";"19571.30078";"19621.30078";"61342.40";"0.00";"IST";"SL";"0s";"-0.00"
"417";"USTEC_ICM_UTC2";"Buy";"20096.7";"20071.7";"2025.03.26 17:00:00";"2025.03.26 17:15:00";"30.0";"-750.00";"20071.69922";"20121.69922";"60592.40";"0.00";"IST";"SL";"15m 0s";"-0.00"
"418";"USTEC_ICM_UTC2";"Buy";"19852.1";"19877.1";"2025.03.27 18:00:00";"2025.03.27 18:00:00";"30.0";"750.00";"19827.09961";"19877.09961";"61342.40";"0.00";"IST";"PT";"0s";"-0.00"
"419";"USTEC_ICM_UTC2";"Buy";"19460.7";"19435.7";"2025.03.28 16:45:00";"2025.03.28 16:45:00";"30.0";"-750.00";"19435.69922";"19485.69922";"60592.40";"0.00";"IST";"SL";"0s";"-0.00"
"420";"USTEC_ICM_UTC2";"Buy";"18911.2";"18936.2";"2025.03.31 17:00:00";"2025.03.31 17:00:00";"30.0";"750.00";"18886.19922";"18936.19922";"61342.40";"0.00";"IST";"PT";"0s";"-0.00"
"421";"USTEC_ICM_UTC2";"Buy";"19163.4";"19188.4";"2025.04.01 17:30:00";"2025.04.01 17:30:00";"30.0";"750.00";"19138.40039";"19188.40039";"62092.40";"0.00";"IST";"PT";"0s";"-0.00"
"422";"USTEC_ICM_UTC2";"Buy";"19359.7";"19384.7";"2025.04.02 16:45:00";"2025.04.02 16:45:00";"30.0";"750.00";"19334.69922";"19384.69922";"62842.40";"0.00";"IST";"PT";"0s";"-0.00"
"423";"USTEC_ICM_UTC2";"Buy";"18749.3";"18724.3";"2025.04.03 17:30:00";"2025.04.03 17:30:00";"30.0";"-750.00";"18724.30078";"18774.30078";"62092.40";"0.00";"IST";"SL";"0s";"-0.00"
"424";"USTEC_ICM_UTC2";"Buy";"18038.8";"18013.8";"2025.04.04 17:00:00";"2025.04.04 17:00:00";"30.0";"-750.00";"18013.80078";"18063.80078";"61342.40";"0.00";"IST";"SL";"0s";"-0.00"
"425";"USTEC_ICM_UTC2";"Buy";"17136.7";"17111.7";"2025.04.07 17:00:00";"2025.04.07 17:00:00";"30.0";"-750.00";"17111.69922";"17161.69922";"60592.40";"0.00";"IST";"SL";"0s";"-0.00"
"426";"USTEC_ICM_UTC2";"Buy";"17316.3";"17341.3";"2025.04.09 17:30:00";"2025.04.09 17:30:00";"30.0";"750.00";"17291.30078";"17341.30078";"61342.40";"0.00";"IST";"PT";"0s";"-0.00"
"427";"USTEC_ICM_UTC2";"Buy";"18278.8";"18253.8";"2025.04.11 16:30:00";"2025.04.11 16:30:00";"30.0";"-750.00";"18253.80078";"18303.80078";"60592.40";"0.00";"IST";"SL";"0s";"-0.00"
"428";"USTEC_ICM_UTC2";"Buy";"18948.2";"18923.2";"2025.04.15 17:15:00";"2025.04.15 17:15:00";"30.0";"-750.00";"18923.19922";"18973.19922";"59842.40";"0.00";"IST";"SL";"0s";"-0.00"
"429";"USTEC_ICM_UTC2";"Buy";"18424.1";"18449.1";"2025.04.16 17:15:00";"2025.04.16 17:15:00";"30.0";"750.00";"18399.09961";"18449.09961";"60592.40";"0.00";"IST";"PT";"0s";"-0.00"
"430";"USTEC_ICM_UTC2";"Buy";"18353.9";"18328.9";"2025.04.17 17:00:00";"2025.04.17 17:00:00";"30.0";"-750.00";"18328.90039";"18378.90039";"59842.40";"0.00";"IST";"SL";"0s";"-0.00"
"431";"USTEC_ICM_UTC2";"Buy";"18007.7";"18032.7";"2025.04.21 16:30:00";"2025.04.21 16:30:00";"30.0";"750.00";"17982.69922";"18032.69922";"60592.40";"0.00";"IST";"PT";"0s";"-0.00"
"432";"USTEC_ICM_UTC2";"Buy";"18098.8";"18123.8";"2025.04.22 16:45:00";"2025.04.22 16:45:00";"30.0";"750.00";"18073.80078";"18123.80078";"61342.40";"0.00";"IST";"PT";"0s";"-0.00"
"433";"USTEC_ICM_UTC2";"Buy";"19491.3";"19466.3";"2025.04.28 16:45:00";"2025.04.28 16:45:00";"30.0";"-750.00";"19466.30078";"19516.30078";"60592.40";"0.00";"IST";"SL";"0s";"-0.00"
"434";"USTEC_ICM_UTC2";"Buy";"19371.1";"19396.1";"2025.04.29 16:45:00";"2025.04.29 16:45:00";"30.0";"750.00";"19346.09961";"19396.09961";"61342.40";"0.00";"IST";"PT";"0s";"-0.00"
"435";"USTEC_ICM_UTC2";"Buy";"19199.8";"19174.8";"2025.04.30 16:30:00";"2025.04.30 16:30:00";"30.0";"-750.00";"19174.80078";"19224.80078";"60592.40";"0.00";"IST";"SL";"0s";"-0.00"
"436";"USTEC_ICM_UTC2";"Buy";"20009.6";"19984.6";"2025.05.02 16:45:00";"2025.05.02 16:45:00";"30.0";"-750.00";"19984.59961";"20034.59961";"59842.40";"0.00";"IST";"SL";"0s";"-0.00"
"437";"USTEC_ICM_UTC2";"Buy";"19991.6";"20016.6";"2025.05.05 17:45:00";"2025.05.05 17:45:00";"30.0";"750.00";"19966.59961";"20016.59961";"60592.40";"0.00";"IST";"PT";"0s";"-0.00"
"438";"USTEC_ICM_UTC2";"Buy";"19707.5";"19732.5";"2025.05.06 16:30:00";"2025.05.06 16:30:00";"30.0";"750.00";"19682.50000";"19732.50000";"61342.40";"0.00";"IST";"PT";"0s";"-0.00"
"439";"USTEC_ICM_UTC2";"Buy";"19840.3";"19815.3";"2025.05.07 16:45:00";"2025.05.07 16:45:00";"30.0";"-750.00";"19815.30078";"19865.30078";"60592.40";"0.00";"IST";"SL";"0s";"-0.00"
"440";"USTEC_ICM_UTC2";"Buy";"20009.4";"19984.4";"2025.05.08 17:30:00";"2025.05.08 17:30:00";"30.0";"-750.00";"19984.40039";"20034.40039";"59842.40";"0.00";"IST";"SL";"0s";"-0.00"
"441";"USTEC_ICM_UTC2";"Buy";"20063.4";"20088.4";"2025.05.09 18:00:00";"2025.05.09 18:00:00";"30.0";"750.00";"20038.40039";"20088.40039";"60592.40";"0.00";"IST";"PT";"0s";"-0.00"
"442";"USTEC_ICM_UTC2";"Buy";"21236.8";"21211.8";"2025.05.15 16:45:00";"2025.05.15 16:45:00";"30.0";"-750.00";"21211.80078";"21261.80078";"59842.40";"0.00";"IST";"SL";"0s";"-0.00"
"443";"USTEC_ICM_UTC2";"Buy";"21385.7";"21360.7";"2025.05.16 16:30:00";"2025.05.16 16:30:00";"30.0";"-750.00";"21360.69922";"21410.69922";"59092.40";"0.00";"IST";"SL";"0s";"-0.00"
"444";"USTEC_ICM_UTC2";"Buy";"21124.3";"21149.3";"2025.05.19 16:30:00";"2025.05.19 16:30:00";"30.0";"750.00";"21099.30078";"21149.30078";"59842.40";"0.00";"IST";"PT";"0s";"-0.00"
"445";"USTEC_ICM_UTC2";"Buy";"21207.4";"21232.4";"2025.05.21 16:30:00";"2025.05.21 16:30:00";"30.0";"750.00";"21182.40039";"21232.40039";"60592.40";"0.00";"IST";"PT";"0s";"-0.00"
"446";"USTEC_ICM_UTC2";"Buy";"21217.2";"21242.2";"2025.05.22 17:00:00";"2025.05.22 17:00:00";"30.0";"750.00";"21192.19922";"21242.19922";"61342.40";"0.00";"IST";"PT";"0s";"-0.00"
"447";"USTEC_ICM_UTC2";"Buy";"20786.6";"20761.6";"2025.05.23 16:30:00";"2025.05.23 16:30:00";"30.0";"-750.00";"20761.59961";"20811.59961";"60592.40";"0.00";"IST";"SL";"0s";"-0.00"
"448";"USTEC_ICM_UTC2";"Buy";"21402.0";"21427.0";"2025.05.29 17:30:00";"2025.05.29 17:45:00";"30.0";"750.00";"21377.00000";"21427.00000";"61342.40";"0.00";"IST";"PT";"15m 0s";"-0.00"
"449";"USTEC_ICM_UTC2";"Buy";"21335.3";"21310.3";"2025.05.30 16:30:00";"2025.05.30 16:30:00";"30.0";"-750.00";"21310.30078";"21360.30078";"60592.40";"0.00";"IST";"SL";"0s";"-0.00"
"450";"USTEC_ICM_UTC2";"Buy";"21247.6";"21272.6";"2025.06.02 16:30:00";"2025.06.02 16:30:00";"30.0";"750.00";"21222.59961";"21272.59961";"61342.40";"0.00";"IST";"PT";"0s";"-0.00"
"451";"USTEC_ICM_UTC2";"Buy";"21688.8";"21713.8";"2025.06.05 17:15:00";"2025.06.05 17:15:00";"30.0";"750.00";"21663.80078";"21713.80078";"62092.40";"0.00";"IST";"PT";"0s";"-0.00"
"452";"USTEC_ICM_UTC2";"Buy";"21797.2";"21822.2";"2025.06.06 17:45:00";"2025.06.06 18:00:00";"30.0";"750.00";"21772.19922";"21822.19922";"62842.40";"0.00";"IST";"PT";"15m 0s";"-0.00"
"453";"USTEC_ICM_UTC2";"Buy";"21828.7";"21853.7";"2025.06.10 16:45:00";"2025.06.10 16:45:00";"30.0";"750.00";"21803.69922";"21853.69922";"63592.40";"0.00";"IST";"PT";"0s";"-0.00"
"454";"USTEC_ICM_UTC2";"Buy";"21958.9";"21983.9";"2025.06.11 17:00:00";"2025.06.11 17:00:00";"30.0";"750.00";"21933.90039";"21983.90039";"64342.40";"0.00";"IST";"PT";"0s";"-0.00"
"455";"USTEC_ICM_UTC2";"Buy";"21858.5";"21833.5";"2025.06.12 16:45:00";"2025.06.12 16:45:00";"30.0";"-750.00";"21833.50000";"21883.50000";"63592.40";"0.00";"IST";"SL";"0s";"-0.00"
"456";"USTEC_ICM_UTC2";"Buy";"21663.2";"21688.2";"2025.06.13 16:30:00";"2025.06.13 16:30:00";"30.0";"750.00";"21638.19922";"21688.19922";"64342.40";"0.00";"IST";"PT";"0s";"-0.00"
"457";"USTEC_ICM_UTC2";"Buy";"21817.3";"21792.3";"2025.06.17 20:15:00";"2025.06.17 20:15:00";"30.0";"-750.00";"21792.30078";"21842.30078";"63592.40";"0.00";"IST";"SL";"0s";"-0.00"
"458";"USTEC_ICM_UTC2";"Buy";"21775.3";"21800.3";"2025.06.18 17:00:00";"2025.06.18 17:00:00";"30.0";"750.00";"21750.30078";"21800.30078";"64342.40";"0.00";"IST";"PT";"0s";"-0.00"
"459";"USTEC_ICM_UTC2";"Buy";"21556.4";"21531.4";"2025.06.19 16:30:00";"2025.06.19 16:30:00";"30.0";"-750.00";"21531.40039";"21581.40039";"63592.40";"0.00";"IST";"SL";"0s";"-0.00"
"460";"USTEC_ICM_UTC2";"Buy";"21634.7";"21659.7";"2025.06.20 18:15:00";"2025.06.20 18:30:00";"30.0";"750.00";"21609.69922";"21659.69922";"64342.40";"0.00";"IST";"PT";"15m 0s";"-0.00"
"461";"USTEC_ICM_UTC2";"Buy";"21651.2";"21626.2";"2025.06.23 16:30:00";"2025.06.23 16:30:00";"30.0";"-750.00";"21626.19922";"21676.19922";"63592.40";"0.00";"IST";"SL";"0s";"-0.00"
"462";"USTEC_ICM_UTC2";"Buy";"22327.1";"22352.1";"2025.06.26 17:00:00";"2025.06.26 17:15:00";"30.0";"750.00";"22302.09961";"22352.09961";"64342.40";"0.00";"IST";"PT";"15m 0s";"-0.00"
"463";"USTEC_ICM_UTC2";"Buy";"22450.2";"22475.2";"2025.06.27 22:15:00";"2025.06.27 22:30:00";"30.0";"750.00";"22425.19922";"22475.19922";"65092.40";"0.00";"IST";"PT";"15m 0s";"-0.00"
"464";"USTEC_ICM_UTC2";"Buy";"22580.2";"22605.2";"2025.07.01 16:45:00";"2025.07.01 16:45:00";"30.0";"750.00";"22555.19922";"22605.19922";"65842.40";"0.00";"IST";"PT";"0s";"-0.00"
"465";"USTEC_ICM_UTC2";"Buy";"22604.7";"22629.7";"2025.07.02 18:00:00";"2025.07.02 18:00:00";"30.0";"750.00";"22579.69922";"22629.69922";"66592.40";"0.00";"IST";"PT";"0s";"-0.00"
"466";"USTEC_ICM_UTC2";"Buy";"22749.2";"22724.2";"2025.07.07 17:00:00";"2025.07.07 17:00:00";"30.0";"-750.00";"22724.19922";"22774.19922";"65842.40";"0.00";"IST";"SL";"0s";"-0.00"
"467";"USTEC_ICM_UTC2";"Buy";"22688.6";"22663.6";"2025.07.08 17:15:00";"2025.07.08 17:15:00";"30.0";"-750.00";"22663.59961";"22713.59961";"65092.40";"0.00";"IST";"SL";"0s";"-0.00"
"468";"USTEC_ICM_UTC2";"Buy";"22789.6";"22764.6";"2025.07.09 18:30:00";"2025.07.09 18:30:00";"30.0";"-750.00";"22764.59961";"22814.59961";"64342.40";"0.00";"IST";"SL";"0s";"-0.00"
"469";"USTEC_ICM_UTC2";"Buy";"22752.2";"22777.2";"2025.07.10 17:30:00";"2025.07.10 17:30:00";"30.0";"750.00";"22727.19922";"22777.19922";"65092.40";"0.00";"IST";"PT";"0s";"-0.00"
"470";"USTEC_ICM_UTC2";"Buy";"22782.8";"22807.8";"2025.07.11 17:00:00";"2025.07.11 17:15:00";"30.0";"750.00";"22757.80078";"22807.80078";"65842.40";"0.00";"IST";"PT";"15m 0s";"-0.00"
"471";"USTEC_ICM_UTC2";"Buy";"22735.0";"22760.0";"2025.07.14 17:00:00";"2025.07.14 17:00:00";"30.0";"750.00";"22710.00000";"22760.00000";"66592.40";"0.00";"IST";"PT";"0s";"-0.00"
"472";"USTEC_ICM_UTC2";"Buy";"22805.4";"22830.4";"2025.07.16 17:15:00";"2025.07.16 17:15:00";"30.0";"750.00";"22780.40039";"22830.40039";"67342.40";"0.00";"IST";"PT";"0s";"-0.00"
"473";"USTEC_ICM_UTC2";"Buy";"22955.0";"22980.0";"2025.07.17 16:45:00";"2025.07.17 16:45:00";"30.0";"750.00";"22930.00000";"22980.00000";"68092.40";"0.00";"IST";"PT";"0s";"-0.00"
"474";"USTEC_ICM_UTC2";"Buy";"23098.1";"23123.1";"2025.07.21 16:30:00";"2025.07.21 16:30:00";"30.0";"750.00";"23073.09961";"23123.09961";"68842.40";"0.00";"IST";"PT";"0s";"-0.00"
"475";"USTEC_ICM_UTC2";"Buy";"23027.5";"23052.5";"2025.07.22 17:15:00";"2025.07.22 17:30:00";"30.0";"750.00";"23002.50000";"23052.50000";"69592.40";"0.00";"IST";"PT";"15m 0s";"-0.00"
"476";"USTEC_ICM_UTC2";"Buy";"23108.4";"23083.4";"2025.07.23 16:30:00";"2025.07.23 16:30:00";"30.0";"-750.00";"23083.40039";"23133.40039";"68842.40";"0.00";"IST";"SL";"0s";"-0.00"
"477";"USTEC_ICM_UTC2";"Buy";"23248.3";"23273.3";"2025.07.25 17:00:00";"2025.07.25 17:00:00";"30.0";"750.00";"23223.30078";"23273.30078";"69592.40";"0.00";"IST";"PT";"0s";"-0.00"
"478";"USTEC_ICM_UTC2";"Buy";"23354.6";"23379.6";"2025.07.28 16:45:00";"2025.07.28 17:00:00";"30.0";"750.00";"23329.59961";"23379.59961";"70342.40";"0.00";"IST";"PT";"15m 0s";"-0.00"
"479";"USTEC_ICM_UTC2";"Buy";"23363.8";"23338.8";"2025.07.29 19:00:00";"2025.07.29 19:15:00";"30.0";"-750.00";"23338.80078";"23388.80078";"69592.40";"0.00";"IST";"SL";"15m 0s";"-0.00"
"480";"USTEC_ICM_UTC2";"Buy";"23349.7";"23324.7";"2025.07.30 16:30:00";"2025.07.30 16:30:00";"30.0";"-750.00";"23324.69922";"23374.69922";"68842.40";"0.00";"IST";"SL";"0s";"-0.00"
"481";"USTEC_ICM_UTC2";"Buy";"23538.2";"23513.2";"2025.07.31 17:00:00";"2025.07.31 17:00:00";"30.0";"-750.00";"23513.19922";"23563.19922";"68092.40";"0.00";"IST";"SL";"0s";"-0.00"
"482";"USTEC_ICM_UTC2";"Buy";"22786.1";"22811.1";"2025.08.01 17:15:00";"2025.08.01 17:15:00";"30.0";"750.00";"22761.09961";"22811.09961";"68842.40";"0.00";"IST";"PT";"0s";"-0.00"
"483";"USTEC_ICM_UTC2";"Buy";"22977.1";"23002.1";"2025.08.04 16:30:00";"2025.08.04 16:30:00";"30.0";"750.00";"22952.09961";"23002.09961";"69592.40";"0.00";"IST";"PT";"0s";"-0.00"
"484";"USTEC_ICM_UTC2";"Buy";"23092.8";"23117.8";"2025.08.06 16:45:00";"2025.08.06 16:45:00";"30.0";"750.00";"23067.80078";"23117.80078";"70342.40";"0.00";"IST";"PT";"0s";"-0.00"
"485";"USTEC_ICM_UTC2";"Buy";"23645.5";"23670.5";"2025.08.12 16:45:00";"2025.08.12 16:45:00";"30.0";"750.00";"23620.50000";"23670.50000";"71092.40";"0.00";"IST";"PT";"0s";"-0.00"
"486";"USTEC_ICM_UTC2";"Buy";"23856.5";"23881.5";"2025.08.14 17:30:00";"2025.08.14 17:30:00";"30.0";"750.00";"23831.50000";"23881.50000";"71842.40";"0.00";"IST";"PT";"0s";"-0.00"
"487";"USTEC_ICM_UTC2";"Buy";"23820.1";"23795.1";"2025.08.15 16:30:00";"2025.08.15 16:30:00";"30.0";"-750.00";"23795.09961";"23845.09961";"71092.40";"0.00";"IST";"SL";"0s";"-0.00"
"488";"USTEC_ICM_UTC2";"Buy";"23686.8";"23711.8";"2025.08.18 17:15:00";"2025.08.18 17:15:00";"30.0";"750.00";"23661.80078";"23711.80078";"71842.40";"0.00";"IST";"PT";"0s";"-0.00"
"489";"USTEC_ICM_UTC2";"Buy";"23625.4";"23600.4";"2025.08.19 17:15:00";"2025.08.19 17:15:00";"30.0";"-750.00";"23600.40039";"23650.40039";"71092.40";"0.00";"IST";"SL";"0s";"-0.00"
"490";"USTEC_ICM_UTC2";"Buy";"23345.4";"23320.4";"2025.08.20 16:30:00";"2025.08.20 16:30:00";"30.0";"-750.00";"23320.40039";"23370.40039";"70342.40";"0.00";"IST";"SL";"0s";"-0.00"
"491";"USTEC_ICM_UTC2";"Buy";"23212.2";"23237.2";"2025.08.21 17:15:00";"2025.08.21 17:15:00";"30.0";"750.00";"23187.19922";"23237.19922";"71092.40";"0.00";"IST";"PT";"0s";"-0.00"
"492";"USTEC_ICM_UTC2";"Buy";"23190.3";"23165.3";"2025.08.22 16:30:00";"2025.08.22 16:30:00";"30.0";"-750.00";"23165.30078";"23215.30078";"70342.40";"0.00";"IST";"SL";"0s";"-0.00"
"493";"USTEC_ICM_UTC2";"Buy";"23404.4";"23429.4";"2025.08.26 16:30:00";"2025.08.26 16:30:00";"30.0";"750.00";"23379.40039";"23429.40039";"71092.40";"0.00";"IST";"PT";"0s";"-0.00"
"494";"USTEC_ICM_UTC2";"Buy";"23579.3";"23604.3";"2025.08.28 16:30:00";"2025.08.28 16:30:00";"30.0";"750.00";"23554.30078";"23604.30078";"71842.40";"0.00";"IST";"PT";"0s";"-0.00"
"495";"USTEC_ICM_UTC2";"Buy";"23445.9";"23420.9";"2025.08.29 17:30:00";"2025.08.29 17:30:00";"30.0";"-750.00";"23420.90039";"23470.90039";"71092.40";"0.00";"IST";"SL";"0s";"-0.00"
"496";"USTEC_ICM_UTC2";"Buy";"23441.6";"23416.6";"2025.09.01 17:00:00";"2025.09.02 01:45:00";"30.0";"-933.12";"23416.59961";"23466.59961";"70159.28";"0.00";"IST";"SL";"8h 45m";"-183.12"
"497";"USTEC_ICM_UTC2";"Buy";"23107.0";"23132.0";"2025.09.02 16:45:00";"2025.09.02 16:45:00";"30.0";"750.00";"23082.00000";"23132.00000";"70909.28";"0.00";"IST";"PT";"0s";"-0.00"
"498";"USTEC_ICM_UTC2";"Buy";"23350.8";"23375.8";"2025.09.03 17:15:00";"2025.09.03 17:15:00";"30.0";"750.00";"23325.80078";"23375.80078";"71659.28";"0.00";"IST";"PT";"0s";"-0.00"
"499";"USTEC_ICM_UTC2";"Buy";"23445.5";"23470.5";"2025.09.04 16:45:00";"2025.09.04 16:45:00";"30.0";"750.00";"23420.50000";"23470.50000";"72409.28";"0.00";"IST";"PT";"0s";"-0.00"
"500";"USTEC_ICM_UTC2";"Buy";"23537.3";"23562.3";"2025.09.05 18:15:00";"2025.09.05 18:15:00";"30.0";"750.00";"23512.30078";"23562.30078";"73159.28";"0.00";"IST";"PT";"0s";"-0.00"
"501";"USTEC_ICM_UTC2";"Buy";"23826.5";"23851.5";"2025.09.08 17:30:00";"2025.09.08 17:45:00";"30.0";"750.00";"23801.50000";"23851.50000";"73909.28";"0.00";"IST";"PT";"15m 0s";"-0.00"
"502";"USTEC_ICM_UTC2";"Buy";"23800.9";"23775.9";"2025.09.09 17:15:00";"2025.09.09 17:15:00";"30.0";"-750.00";"23775.90039";"23825.90039";"73159.28";"0.00";"IST";"SL";"0s";"-0.00"
"503";"USTEC_ICM_UTC2";"Buy";"23830.6";"23805.6";"2025.09.10 21:45:00";"2025.09.10 21:45:00";"30.0";"-750.00";"23805.59961";"23855.59961";"72409.28";"0.00";"IST";"SL";"0s";"-0.00"
"504";"USTEC_ICM_UTC2";"Buy";"23953.0";"23928.0";"2025.09.11 16:30:00";"2025.09.11 16:30:00";"30.0";"-750.00";"23928.00000";"23978.00000";"71659.28";"0.00";"IST";"SL";"0s";"-0.00"
"505";"USTEC_ICM_UTC2";"Buy";"24170.8";"24145.8";"2025.09.17 18:00:00";"2025.09.17 19:00:00";"30.0";"-750.00";"24145.80078";"24195.80078";"70909.28";"0.00";"IST";"SL";"1h 0m";"-0.00"
"506";"USTEC_ICM_UTC2";"Buy";"24448.5";"24473.5";"2025.09.18 17:00:00";"2025.09.18 17:00:00";"30.0";"750.00";"24423.50000";"24473.50000";"71659.28";"0.00";"IST";"PT";"0s";"-0.00"
"507";"USTEC_ICM_UTC2";"Buy";"24592.1";"24567.1";"2025.09.23 21:00:00";"2025.09.23 21:00:00";"30.0";"-750.00";"24567.09961";"24617.09961";"70909.28";"0.00";"IST";"SL";"0s";"-0.00"
"508";"USTEC_ICM_UTC2";"Buy";"24644.6";"24619.6";"2025.09.24 16:30:00";"2025.09.24 16:30:00";"30.0";"-750.00";"24619.59961";"24669.59961";"70159.28";"0.00";"IST";"SL";"0s";"-0.00"
"509";"USTEC_ICM_UTC2";"Buy";"24341.3";"24316.3";"2025.09.25 16:30:00";"2025.09.25 16:30:00";"30.0";"-750.00";"24316.30078";"24366.30078";"69409.28";"0.00";"IST";"SL";"0s";"-0.00"
"510";"USTEC_ICM_UTC2";"Buy";"24444.0";"24419.0";"2025.09.26 16:45:00";"2025.09.26 16:45:00";"30.0";"-750.00";"24419.00000";"24469.00000";"68659.28";"0.00";"IST";"SL";"0s";"-0.00"
"511";"USTEC_ICM_UTC2";"Buy";"24560.4";"24535.4";"2025.09.30 17:30:00";"2025.09.30 17:30:00";"30.0";"-750.00";"24535.40039";"24585.40039";"67909.28";"0.00";"IST";"SL";"0s";"-0.00"
"512";"USTEC_ICM_UTC2";"Buy";"24607.5";"24582.5";"2025.10.01 16:45:00";"2025.10.01 16:45:00";"30.0";"-750.00";"24582.50000";"24632.50000";"67159.28";"0.00";"IST";"SL";"0s";"-0.00"
"513";"USTEC_ICM_UTC2";"Buy";"24881.6";"24906.6";"2025.10.03 17:30:00";"2025.10.03 17:30:00";"30.0";"750.00";"24856.59961";"24906.59961";"67909.28";"0.00";"IST";"PT";"0s";"-0.00"
"514";"USTEC_ICM_UTC2";"Buy";"24952.2";"24977.2";"2025.10.06 17:00:00";"2025.10.06 17:15:00";"30.0";"750.00";"24927.19922";"24977.19922";"68659.28";"0.00";"IST";"PT";"15m 0s";"-0.00"
"515";"USTEC_ICM_UTC2";"Buy";"24830.6";"24855.6";"2025.10.07 19:30:00";"2025.10.07 19:30:00";"30.0";"750.00";"24805.59961";"24855.59961";"69409.28";"0.00";"IST";"PT";"0s";"-0.00"
"516";"USTEC_ICM_UTC2";"Buy";"24934.2";"24959.2";"2025.10.08 16:45:00";"2025.10.08 16:45:00";"30.0";"750.00";"24909.19922";"24959.19922";"70159.28";"0.00";"IST";"PT";"0s";"-0.00"
"517";"USTEC_ICM_UTC2";"Buy";"25124.6";"25149.6";"2025.10.10 16:30:00";"2025.10.10 16:30:00";"30.0";"750.00";"25099.59961";"25149.59961";"70909.28";"0.00";"IST";"PT";"0s";"-0.00"
"518";"USTEC_ICM_UTC2";"Buy";"24658.8";"24633.8";"2025.10.13 17:45:00";"2025.10.13 17:45:00";"30.0";"-750.00";"24633.80078";"24683.80078";"70159.28";"0.00";"IST";"SL";"0s";"-0.00"
"519";"USTEC_ICM_UTC2";"Buy";"24397.0";"24422.0";"2025.10.14 17:00:00";"2025.10.14 17:00:00";"30.0";"750.00";"24372.00000";"24422.00000";"70909.28";"0.00";"IST";"PT";"0s";"-0.00"
"520";"USTEC_ICM_UTC2";"Buy";"24573.2";"24598.2";"2025.10.15 20:30:00";"2025.10.15 20:30:00";"30.0";"750.00";"24548.19922";"24598.19922";"71659.28";"0.00";"IST";"PT";"0s";"-0.00"
"521";"USTEC_ICM_UTC2";"Buy";"24755.6";"24730.6";"2025.10.16 20:00:00";"2025.10.16 20:00:00";"30.0";"-750.00";"24730.59961";"24780.59961";"70909.28";"0.00";"IST";"SL";"0s";"-0.00"
"522";"USTEC_ICM_UTC2";"Buy";"24657.9";"24632.9";"2025.10.17 17:00:00";"2025.10.17 17:00:00";"30.0";"-750.00";"24632.90039";"24682.90039";"70159.28";"0.00";"IST";"SL";"0s";"-0.00"
"523";"USTEC_ICM_UTC2";"Buy";"25099.8";"25124.8";"2025.10.22 16:45:00";"2025.10.22 16:45:00";"30.0";"750.00";"25074.80078";"25124.80078";"70909.28";"0.00";"IST";"PT";"0s";"-0.00"
"524";"USTEC_ICM_UTC2";"Buy";"24863.4";"24888.4";"2025.10.23 16:30:00";"2025.10.23 16:30:00";"30.0";"750.00";"24838.40039";"24888.40039";"71659.28";"0.00";"IST";"PT";"0s";"-0.00"
"525";"USTEC_ICM_UTC2";"Buy";"26043.5";"26018.5";"2025.10.29 21:00:00";"2025.10.29 21:00:00";"30.0";"-750.00";"26018.50000";"26068.50000";"70909.28";"0.00";"IST";"SL";"0s";"-0.00"
"526";"USTEC_ICM_UTC2";"Buy";"25941.5";"25916.5";"2025.10.30 16:45:00";"2025.10.30 16:45:00";"30.0";"-750.00";"25916.50000";"25966.50000";"70159.28";"0.00";"IST";"SL";"0s";"-0.00"
"527";"USTEC_ICM_UTC2";"Buy";"25971.6";"25996.6";"2025.10.31 16:30:00";"2025.10.31 16:30:00";"30.0";"750.00";"25946.59961";"25996.59961";"70909.28";"0.00";"IST";"PT";"0s";"-0.00"
"528";"USTEC_ICM_UTC2";"Buy";"25957.4";"25932.4";"2025.11.03 17:45:00";"2025.11.03 17:45:00";"30.0";"-750.00";"25932.40039";"25982.40039";"70159.28";"0.00";"IST";"SL";"0s";"-0.00"
"529";"USTEC_ICM_UTC2";"Buy";"25552.4";"25527.4";"2025.11.04 20:00:00";"2025.11.04 20:00:00";"30.0";"-750.00";"25527.40039";"25577.40039";"69409.28";"0.00";"IST";"SL";"0s";"-0.00"
"530";"USTEC_ICM_UTC2";"Buy";"25562.4";"25587.4";"2025.11.05 17:00:00";"2025.11.05 17:00:00";"30.0";"750.00";"25537.40039";"25587.40039";"70159.28";"0.00";"IST";"PT";"0s";"-0.00"
"531";"USTEC_ICM_UTC2";"Buy";"25387.5";"25362.5";"2025.11.06 17:30:00";"2025.11.06 17:30:00";"30.0";"-750.00";"25362.50000";"25412.50000";"69409.28";"0.00";"IST";"SL";"0s";"-0.00"
"532";"USTEC_ICM_UTC2";"Buy";"25000.6";"24975.6";"2025.11.07 16:30:00";"2025.11.07 16:30:00";"30.0";"-750.00";"24975.59961";"25025.59961";"68659.28";"0.00";"IST";"SL";"0s";"-0.00"
"533";"USTEC_ICM_UTC2";"Buy";"25434.4";"25409.4";"2025.11.11 17:45:00";"2025.11.11 17:45:00";"30.0";"-750.00";"25409.40039";"25459.40039";"67909.28";"0.00";"IST";"SL";"0s";"-0.00"
"534";"USTEC_ICM_UTC2";"Buy";"25495.2";"25520.2";"2025.11.12 17:15:00";"2025.11.12 17:15:00";"30.0";"750.00";"25470.19922";"25520.19922";"68659.28";"0.00";"IST";"PT";"0s";"-0.00"
"535";"USTEC_ICM_UTC2";"Buy";"25284.7";"25259.7";"2025.11.13 17:00:00";"2025.11.13 17:00:00";"30.0";"-750.00";"25259.69922";"25309.69922";"67909.28";"0.00";"IST";"SL";"0s";"-0.00"
"536";"USTEC_ICM_UTC2";"Buy";"24629.5";"24604.5";"2025.11.14 16:30:00";"2025.11.14 16:30:00";"30.0";"-750.00";"24604.50000";"24654.50000";"67159.28";"0.00";"IST";"SL";"0s";"-0.00"
"537";"USTEC_ICM_UTC2";"Buy";"25072.4";"25097.4";"2025.11.17 16:45:00";"2025.11.17 16:45:00";"30.0";"750.00";"25047.40039";"25097.40039";"67909.28";"0.00";"IST";"PT";"0s";"-0.00"
"538";"USTEC_ICM_UTC2";"Buy";"24633.8";"24658.8";"2025.11.18 16:30:00";"2025.11.18 16:30:00";"30.0";"750.00";"24608.80078";"24658.80078";"68659.28";"0.00";"IST";"PT";"0s";"-0.00"
"539";"USTEC_ICM_UTC2";"Buy";"24663.3";"24688.3";"2025.11.19 16:45:00";"2025.11.19 16:45:00";"30.0";"750.00";"24638.30078";"24688.30078";"69409.28";"0.00";"IST";"PT";"0s";"-0.00"
"540";"USTEC_ICM_UTC2";"Buy";"24513.2";"24488.2";"2025.11.20 20:15:00";"2025.11.20 20:15:00";"30.0";"-750.00";"24488.19922";"24538.19922";"68659.28";"0.00";"IST";"SL";"0s";"-0.00"
"541";"USTEC_ICM_UTC2";"Buy";"24102.5";"24077.5";"2025.11.21 18:30:00";"2025.11.21 18:30:00";"30.0";"-750.00";"24077.50000";"24127.50000";"67909.28";"0.00";"IST";"SL";"0s";"-0.00"
"542";"USTEC_ICM_UTC2";"Buy";"24749.5";"24724.5";"2025.11.25 17:00:00";"2025.11.25 17:00:00";"30.0";"-750.00";"24724.50000";"24774.50000";"67159.28";"0.00";"IST";"SL";"0s";"-0.00"
"543";"USTEC_ICM_UTC2";"Buy";"25429.8";"25472.5";"2025.11.28 20:00:00";"2025.12.01 01:00:00";"30.0";"731.37";"25404.80078";"25454.80078";"67890.65";"0.00";"IST";"PT";"2d 5h 0m";"-549.36"
"544";"USTEC_ICM_UTC2";"Buy";"25196.3";"25221.3";"2025.12.01 16:45:00";"2025.12.01 16:45:00";"30.0";"750.00";"25171.30078";"25221.30078";"68640.65";"0.00";"IST";"PT";"0s";"-0.00"
"545";"USTEC_ICM_UTC2";"Buy";"25448.8";"25473.8";"2025.12.03 16:30:00";"2025.12.03 16:30:00";"30.0";"750.00";"25423.80078";"25473.80078";"69390.65";"0.00";"IST";"PT";"0s";"-0.00"
"546";"USTEC_ICM_UTC2";"Buy";"25524.3";"25499.3";"2025.12.04 17:15:00";"2025.12.04 17:15:00";"30.0";"-750.00";"25499.30078";"25549.30078";"68640.65";"0.00";"IST";"SL";"0s";"-0.00"
"547";"USTEC_ICM_UTC2";"Buy";"25690.4";"25665.4";"2025.12.05 19:00:00";"2025.12.05 19:00:00";"30.0";"-750.00";"25665.40039";"25715.40039";"67890.65";"0.00";"IST";"SL";"0s";"-0.00"
"548";"USTEC_ICM_UTC2";"Buy";"25769.2";"25744.2";"2025.12.08 16:45:00";"2025.12.08 16:45:00";"30.0";"-750.00";"25744.19922";"25794.19922";"67140.65";"0.00";"IST";"SL";"0s";"-0.00"
"549";"USTEC_ICM_UTC2";"Buy";"25624.7";"25649.7";"2025.12.09 17:30:00";"2025.12.09 17:45:00";"30.0";"750.00";"25599.69922";"25649.69922";"67890.65";"0.00";"IST";"PT";"15m 0s";"-0.00"
"550";"USTEC_ICM_UTC2";"Buy";"25614.4";"25639.4";"2025.12.10 16:45:00";"2025.12.10 16:45:00";"30.0";"750.00";"25589.40039";"25639.40039";"68640.65";"0.00";"IST";"PT";"0s";"-0.00"
"551";"USTEC_ICM_UTC2";"Buy";"25532.7";"25557.7";"2025.12.11 17:15:00";"2025.12.11 17:15:00";"30.0";"750.00";"25507.69922";"25557.69922";"69390.65";"0.00";"IST";"PT";"0s";"-0.00"
"552";"USTEC_ICM_UTC2";"Buy";"25369.6";"25344.6";"2025.12.12 17:45:00";"2025.12.12 17:45:00";"30.0";"-750.00";"25344.59961";"25394.59961";"68640.65";"0.00";"IST";"SL";"0s";"-0.00"
"553";"USTEC_ICM_UTC2";"Buy";"25394.8";"25369.8";"2025.12.15 16:30:00";"2025.12.15 16:30:00";"30.0";"-750.00";"25369.80078";"25419.80078";"67890.65";"0.00";"IST";"SL";"0s";"-0.00"
"554";"USTEC_ICM_UTC2";"Buy";"24996.7";"24971.7";"2025.12.16 16:45:00";"2025.12.16 16:45:00";"30.0";"-750.00";"24971.69922";"25021.69922";"67140.65";"0.00";"IST";"SL";"0s";"-0.00"
"555";"USTEC_ICM_UTC2";"Buy";"25086.6";"25061.6";"2025.12.17 17:00:00";"2025.12.17 17:00:00";"30.0";"-750.00";"25061.59961";"25111.59961";"66390.65";"0.00";"IST";"SL";"0s";"-0.00"
"556";"USTEC_ICM_UTC2";"Buy";"25041.3";"25016.3";"2025.12.18 17:00:00";"2025.12.18 17:00:00";"30.0";"-750.00";"25016.30078";"25066.30078";"65640.65";"0.00";"IST";"SL";"0s";"-0.00"
"557";"USTEC_ICM_UTC2";"Buy";"25413.9";"25438.9";"2025.12.23 16:30:00";"2025.12.23 16:30:00";"30.0";"750.00";"25388.90039";"25438.90039";"66390.65";"0.00";"IST";"PT";"0s";"-0.00"
"558";"USTEC_ICM_UTC2";"Buy";"25664.4";"25689.4";"2025.12.26 17:30:00";"2025.12.26 18:00:00";"30.0";"750.00";"25639.40039";"25689.40039";"67140.65";"0.00";"IST";"PT";"30m 0s";"-0.00"
"559";"USTEC_ICM_UTC2";"Buy";"25492.6";"25467.6";"2025.12.29 16:30:00";"2025.12.29 16:30:00";"30.0";"-750.00";"25467.59961";"25517.59961";"66390.65";"0.00";"IST";"SL";"0s";"-0.00"
"560";"USTEC_ICM_UTC2";"Buy";"25479.4";"25504.4";"2025.12.30 16:45:00";"2025.12.30 16:45:00";"30.0";"750.00";"25454.40039";"25504.40039";"67140.65";"0.00";"IST";"PT";"0s";"-0.00"
"561";"USTEC_ICM_UTC2";"Buy";"25393.4";"25368.4";"2025.12.31 18:30:00";"2025.12.31 18:30:00";"30.0";"-750.00";"25368.40039";"25418.40039";"66390.65";"0.00";"IST";"SL";"0s";"-0.00"
"562";"USTEC_ICM_UTC2";"Buy";"25389.2";"25364.2";"2026.01.02 17:45:00";"2026.01.02 17:45:00";"30.0";"-750.00";"25364.19922";"25414.19922";"65640.65";"0.00";"IST";"SL";"0s";"-0.00"
"563";"USTEC_ICM_UTC2";"Buy";"25454.9";"25479.9";"2026.01.05 17:15:00";"2026.01.05 17:15:00";"30.0";"750.00";"25429.90039";"25479.90039";"66390.65";"0.00";"IST";"PT";"0s";"-0.00"
"564";"USTEC_ICM_UTC2";"Buy";"25609.5";"25584.5";"2026.01.08 16:30:00";"2026.01.08 16:30:00";"30.0";"-750.00";"25584.50000";"25634.50000";"65640.65";"0.00";"IST";"SL";"0s";"-0.00"
"565";"USTEC_ICM_UTC2";"Buy";"25579.8";"25554.8";"2026.01.09 16:45:00";"2026.01.09 16:45:00";"30.0";"-750.00";"25554.80078";"25604.80078";"64890.65";"0.00";"IST";"SL";"0s";"-0.00"
"566";"USTEC_ICM_UTC2";"Buy";"25732.2";"25707.2";"2026.01.13 18:00:00";"2026.01.13 18:15:00";"30.0";"-750.00";"25707.19922";"25757.19922";"64140.65";"0.00";"IST";"SL";"15m 0s";"-0.00"
"567";"USTEC_ICM_UTC2";"Buy";"25512.6";"25487.6";"2026.01.14 17:15:00";"2026.01.14 17:15:00";"30.0";"-750.00";"25487.59961";"25537.59961";"63390.65";"0.00";"IST";"SL";"0s";"-0.00"
"568";"USTEC_ICM_UTC2";"Buy";"25721.1";"25746.1";"2026.01.15 18:00:00";"2026.01.15 18:00:00";"30.0";"750.00";"25696.09961";"25746.09961";"64140.65";"0.00";"IST";"PT";"0s";"-0.00"
"569";"USTEC_ICM_UTC2";"Buy";"25527.2";"25552.2";"2026.01.16 18:00:00";"2026.01.16 18:00:00";"30.0";"750.00";"25502.19922";"25552.19922";"64890.65";"0.00";"IST";"PT";"0s";"-0.00"
"570";"USTEC_ICM_UTC2";"Buy";"25160.8";"25185.8";"2026.01.19 17:00:00";"2026.01.19 17:00:00";"30.0";"750.00";"25135.80078";"25185.80078";"65640.65";"0.00";"IST";"PT";"0s";"-0.00"
"571";"USTEC_ICM_UTC2";"Buy";"25218.6";"25243.6";"2026.01.20 17:30:00";"2026.01.20 17:30:00";"30.0";"750.00";"25193.59961";"25243.59961";"66390.65";"0.00";"IST";"PT";"0s";"-0.00"
"572";"USTEC_ICM_UTC2";"Buy";"25238.3";"25263.3";"2026.01.21 17:30:00";"2026.01.21 17:30:00";"30.0";"750.00";"25213.30078";"25263.30078";"67140.65";"0.00";"IST";"PT";"0s";"-0.00"
"573";"USTEC_ICM_UTC2";"Buy";"25473.0";"25448.0";"2026.01.23 16:30:00";"2026.01.23 16:30:00";"30.0";"-750.00";"25448.00000";"25498.00000";"66390.65";"0.00";"IST";"SL";"0s";"-0.00"
"574";"USTEC_ICM_UTC2";"Buy";"25538.5";"25563.5";"2026.01.29 18:15:00";"2026.01.29 18:15:00";"30.0";"750.00";"25513.50000";"25563.50000";"67140.65";"0.00";"IST";"PT";"0s";"-0.00"
"575";"USTEC_ICM_UTC2";"Buy";"25778.0";"25753.0";"2026.01.30 17:15:00";"2026.01.30 17:15:00";"30.0";"-750.00";"25753.00000";"25803.00000";"66390.65";"0.00";"IST";"SL";"0s";"-0.00"
"576";"USTEC_ICM_UTC2";"Buy";"25606.5";"25631.5";"2026.02.02 16:45:00";"2026.02.02 16:45:00";"30.0";"750.00";"25581.50000";"25631.50000";"67140.65";"0.00";"IST";"PT";"0s";"-0.00"
"577";"USTEC_ICM_UTC2";"Buy";"25278.8";"25303.8";"2026.02.03 20:00:00";"2026.02.03 20:00:00";"30.0";"750.00";"25253.80078";"25303.80078";"67890.65";"0.00";"IST";"PT";"0s";"-0.00"
"578";"USTEC_ICM_UTC2";"Buy";"25114.7";"25089.7";"2026.02.04 17:15:00";"2026.02.04 17:15:00";"30.0";"-750.00";"25089.69922";"25139.69922";"67140.65";"0.00";"IST";"SL";"0s";"-0.00"
"579";"USTEC_ICM_UTC2";"Buy";"24815.5";"24840.5";"2026.02.05 16:45:00";"2026.02.05 16:45:00";"30.0";"750.00";"24790.50000";"24840.50000";"67890.65";"0.00";"IST";"PT";"0s";"-0.00"
"580";"USTEC_ICM_UTC2";"Buy";"24836.3";"24861.3";"2026.02.06 16:45:00";"2026.02.06 16:45:00";"30.0";"750.00";"24811.30078";"24861.30078";"68640.65";"0.00";"IST";"PT";"0s";"-0.00"
"581";"USTEC_ICM_UTC2";"Buy";"25307.1";"25332.1";"2026.02.10 17:00:00";"2026.02.10 17:00:00";"30.0";"750.00";"25282.09961";"25332.09961";"69390.65";"0.00";"IST";"PT";"0s";"-0.00"
"582";"USTEC_ICM_UTC2";"Buy";"25099.0";"25074.0";"2026.02.11 17:45:00";"2026.02.11 17:45:00";"30.0";"-750.00";"25074.00000";"25124.00000";"68640.65";"0.00";"IST";"SL";"0s";"-0.00"
"583";"USTEC_ICM_UTC2";"Buy";"25153.5";"25178.5";"2026.02.12 17:15:00";"2026.02.12 17:15:00";"30.0";"750.00";"25128.50000";"25178.50000";"69390.65";"0.00";"IST";"PT";"0s";"-0.00"
"584";"USTEC_ICM_UTC2";"Buy";"24687.3";"24662.3";"2026.02.13 17:15:00";"2026.02.13 17:15:00";"30.0";"-750.00";"24662.30078";"24712.30078";"68640.65";"0.00";"IST";"SL";"0s";"-0.00"
"585";"USTEC_ICM_UTC2";"Buy";"24699.6";"24724.6";"2026.02.16 17:00:00";"2026.02.16 17:00:00";"30.0";"750.00";"24674.59961";"24724.59961";"69390.65";"0.00";"IST";"PT";"0s";"-0.00"
"586";"USTEC_ICM_UTC2";"Buy";"24632.1";"24607.1";"2026.02.17 16:45:00";"2026.02.17 16:45:00";"30.0";"-750.00";"24607.09961";"24657.09961";"68640.65";"0.00";"IST";"SL";"0s";"-0.00"
"587";"USTEC_ICM_UTC2";"Buy";"24767.8";"24742.8";"2026.02.19 16:30:00";"2026.02.19 16:30:00";"30.0";"-750.00";"24742.80078";"24792.80078";"67890.65";"0.00";"IST";"SL";"0s";"-0.00"
"588";"USTEC_ICM_UTC2";"Buy";"24866.0";"24891.0";"2026.02.20 16:45:00";"2026.02.20 16:45:00";"30.0";"750.00";"24841.00000";"24891.00000";"68640.65";"0.00";"IST";"PT";"0s";"-0.00"
"589";"USTEC_ICM_UTC2";"Buy";"24925.2";"24950.2";"2026.02.23 16:30:00";"2026.02.23 16:30:00";"30.0";"750.00";"24900.19922";"24950.19922";"69390.65";"0.00";"IST";"PT";"0s";"-0.00"
"590";"USTEC_ICM_UTC2";"Buy";"24858.7";"24883.7";"2026.02.24 16:45:00";"2026.02.24 16:45:00";"30.0";"750.00";"24833.69922";"24883.69922";"70140.65";"0.00";"IST";"PT";"0s";"-0.00"
"591";"USTEC_ICM_UTC2";"Buy";"24947.0";"24972.0";"2026.02.26 17:45:00";"2026.02.26 17:45:00";"30.0";"750.00";"24922.00000";"24972.00000";"70890.65";"0.00";"IST";"PT";"0s";"-0.00"
"592";"USTEC_ICM_UTC2";"Buy";"24803.3";"24778.3";"2026.02.27 16:45:00";"2026.02.27 16:45:00";"30.0";"-750.00";"24778.30078";"24828.30078";"70140.65";"0.00";"IST";"SL";"0s";"-0.00"
"593";"USTEC_ICM_UTC2";"Buy";"24790.1";"24815.1";"2026.03.02 16:45:00";"2026.03.02 16:45:00";"30.0";"750.00";"24765.09961";"24815.09961";"70890.65";"0.00";"IST";"PT";"0s";"-0.00"
"594";"USTEC_ICM_UTC2";"Buy";"24489.9";"24514.9";"2026.03.03 16:30:00";"2026.03.03 16:30:00";"30.0";"750.00";"24464.90039";"24514.90039";"71640.65";"0.00";"IST";"PT";"0s";"-0.00"
"595";"USTEC_ICM_UTC2";"Buy";"24908.6";"24883.6";"2026.03.04 17:00:00";"2026.03.04 17:00:00";"30.0";"-750.00";"24883.59961";"24933.59961";"70890.65";"0.00";"IST";"SL";"0s";"-0.00"
"596";"USTEC_ICM_UTC2";"Buy";"24887.1";"24912.1";"2026.03.05 22:15:00";"2026.03.05 22:15:00";"30.0";"750.00";"24862.09961";"24912.09961";"71640.65";"0.00";"IST";"PT";"0s";"-0.00"
"597";"USTEC_ICM_UTC2";"Buy";"24817.9";"24792.9";"2026.03.06 18:30:00";"2026.03.06 18:30:00";"30.0";"-750.00";"24792.90039";"24842.90039";"70890.65";"0.00";"IST";"SL";"0s";"-0.00"
"598";"USTEC_ICM_UTC2";"Buy";"24508.5";"24533.5";"2026.03.09 16:45:00";"2026.03.09 16:45:00";"30.0";"750.00";"24483.50000";"24533.50000";"71640.65";"0.00";"IST";"PT";"0s";"-0.00"
"599";"USTEC_ICM_UTC2";"Buy";"25012.9";"25037.9";"2026.03.11 16:45:00";"2026.03.11 16:45:00";"30.0";"750.00";"24987.90039";"25037.90039";"72390.65";"0.00";"IST";"PT";"0s";"-0.00"
"600";"USTEC_ICM_UTC2";"Buy";"24601.7";"24576.7";"2026.03.12 17:30:00";"2026.03.12 17:30:00";"30.0";"-750.00";"24576.69922";"24626.69922";"71640.65";"0.00";"IST";"SL";"0s";"-0.00"
"601";"USTEC_ICM_UTC2";"Buy";"24658.5";"24683.5";"2026.03.13 16:30:00";"2026.03.13 16:30:00";"30.0";"750.00";"24633.50000";"24683.50000";"72390.65";"0.00";"IST";"PT";"0s";"-0.00"
"602";"USTEC_ICM_UTC2";"Buy";"24679.0";"24654.0";"2026.03.16 17:00:00";"2026.03.16 17:00:00";"30.0";"-750.00";"24654.00000";"24704.00000";"71640.65";"0.00";"IST";"SL";"0s";"-0.00"
"603";"USTEC_ICM_UTC2";"Buy";"24607.0";"24632.0";"2026.03.18 16:45:00";"2026.03.18 16:45:00";"30.0";"750.00";"24582.00000";"24632.00000";"72390.65";"0.00";"IST";"PT";"0s";"-0.00"
"604";"USTEC_ICM_UTC2";"Buy";"24249.8";"24274.8";"2026.03.19 16:45:00";"2026.03.19 16:45:00";"30.0";"750.00";"24224.80078";"24274.80078";"73140.65";"0.00";"IST";"PT";"0s";"-0.00"
"605";"USTEC_ICM_UTC2";"Buy";"24057.9";"24082.9";"2026.03.20 16:30:00";"2026.03.20 16:30:00";"30.0";"750.00";"24032.90039";"24082.90039";"73890.65";"0.00";"IST";"PT";"0s";"-0.00"
"606";"USTEC_ICM_UTC2";"Buy";"24413.7";"24388.7";"2026.03.23 16:30:00";"2026.03.23 16:30:00";"30.0";"-750.00";"24388.69922";"24438.69922";"73140.65";"0.00";"IST";"SL";"0s";"-0.00"
"607";"USTEC_ICM_UTC2";"Buy";"24215.1";"24190.1";"2026.03.25 17:30:00";"2026.03.25 17:30:00";"30.0";"-750.00";"24190.09961";"24240.09961";"72390.65";"0.00";"IST";"SL";"0s";"-0.00"
"608";"USTEC_ICM_UTC2";"Buy";"23878.0";"23903.0";"2026.03.26 17:45:00";"2026.03.26 17:45:00";"30.0";"750.00";"23853.00000";"23903.00000";"73140.65";"0.00";"IST";"PT";"0s";"-0.00"
"609";"USTEC_ICM_UTC2";"Buy";"23322.1";"23347.1";"2026.03.27 17:00:00";"2026.03.27 17:00:00";"30.0";"750.00";"23297.09961";"23347.09961";"73890.65";"0.00";"IST";"PT";"0s";"-0.00"
"610";"USTEC_ICM_UTC2";"Buy";"23184.5";"23159.5";"2026.03.30 17:15:00";"2026.03.30 17:15:00";"30.0";"-750.00";"23159.50000";"23209.50000";"73140.65";"0.00";"IST";"SL";"0s";"-0.00"
"611";"USTEC_ICM_UTC2";"Buy";"23361.0";"23336.0";"2026.03.31 18:15:00";"2026.03.31 18:15:00";"30.0";"-750.00";"23336.00000";"23386.00000";"72390.65";"0.00";"IST";"SL";"0s";"-0.00"
"612";"USTEC_ICM_UTC2";"Buy";"23723.1";"23698.1";"2026.04.02 17:00:00";"2026.04.02 17:00:00";"30.0";"-750.00";"23698.09961";"23748.09961";"71640.65";"0.00";"IST";"SL";"0s";"-0.00"
"613";"USTEC_ICM_UTC2";"Buy";"23941.9";"23966.9";"2026.04.07 17:30:00";"2026.04.07 17:30:00";"30.0";"750.00";"23916.90039";"23966.90039";"72390.65";"0.00";"IST";"PT";"0s";"-0.00"
"614";"USTEC_ICM_UTC2";"Buy";"24814.1";"24839.1";"2026.04.09 17:45:00";"2026.04.09 17:45:00";"30.0";"750.00";"24789.09961";"24839.09961";"73140.65";"0.00";"IST";"PT";"0s";"-0.00"
"615";"USTEC_ICM_UTC2";"Buy";"25143.6";"25118.6";"2026.04.13 17:00:00";"2026.04.13 17:00:00";"30.0";"-750.00";"25118.59961";"25168.59961";"72390.65";"0.00";"IST";"SL";"0s";"-0.00"
"616";"USTEC_ICM_UTC2";"Buy";"26531.0";"26506.0";"2026.04.20 18:30:00";"2026.04.20 18:30:00";"30.0";"-750.00";"26506.00000";"26556.00000";"71640.65";"0.00";"IST";"SL";"0s";"-0.00"
"617";"USTEC_ICM_UTC2";"Buy";"26685.1";"26710.1";"2026.04.21 17:00:00";"2026.04.21 17:00:00";"30.0";"750.00";"26660.09961";"26710.09961";"72390.65";"0.00";"IST";"PT";"0s";"-0.00"
"618";"USTEC_ICM_UTC2";"Buy";"26772.5";"26797.5";"2026.04.22 17:15:00";"2026.04.22 17:15:00";"30.0";"750.00";"26747.50000";"26797.50000";"73140.65";"0.00";"IST";"PT";"0s";"-0.00"
"619";"USTEC_ICM_UTC2";"Buy";"26734.0";"26759.0";"2026.04.23 21:00:00";"2026.04.23 21:00:00";"30.0";"750.00";"26709.00000";"26759.00000";"73890.65";"0.00";"IST";"PT";"0s";"-0.00"
"620";"USTEC_ICM_UTC2";"Buy";"27079.4";"27104.4";"2026.04.28 16:45:00";"2026.04.28 16:45:00";"30.0";"750.00";"27054.40039";"27104.40039";"74640.65";"0.00";"IST";"PT";"0s";"-0.00"
"621";"USTEC_ICM_UTC2";"Buy";"27088.6";"27063.6";"2026.04.29 17:00:00";"2026.04.29 17:00:00";"30.0";"-750.00";"27063.59961";"27113.59961";"73890.65";"0.00";"IST";"SL";"0s";"-0.00"
"622";"USTEC_ICM_UTC2";"Buy";"27121.2";"27096.2";"2026.04.30 17:15:00";"2026.04.30 17:15:00";"30.0";"-750.00";"27096.19922";"27146.19922";"73140.65";"0.00";"IST";"SL";"0s";"-0.00"
"623";"USTEC_ICM_UTC2";"Buy";"27595.8";"27620.8";"2026.05.04 19:30:00";"2026.05.04 19:30:00";"30.0";"750.00";"27570.80078";"27620.80078";"73890.65";"0.00";"IST";"PT";"0s";"-0.00"
"624";"USTEC_ICM_UTC2";"Buy";"27999.5";"27974.5";"2026.05.05 17:30:00";"2026.05.05 17:30:00";"30.0";"-750.00";"27974.50000";"28024.50000";"73140.65";"0.00";"IST";"SL";"0s";"-0.00"
"1";"USTEC_ICM_UTC2";"Buy";"11053.4";"11028.4";"2023.01.03 16:45:00";"2023.01.03 16:45:00";"30.0";"-750.00";"11028.40039";"11078.40039";"49250.00";"0.00";"OOS1";"SL";"0s";"-0.00"
"2";"USTEC_ICM_UTC2";"Buy";"10950.7";"10925.7";"2023.01.04 16:30:00";"2023.01.04 16:30:00";"30.0";"-750.00";"10925.70020";"10975.70020";"48500.00";"0.00";"OOS1";"SL";"0s";"-0.00"
"3";"USTEC_ICM_UTC2";"Buy";"10784.7";"10809.7";"2023.01.05 17:00:00";"2023.01.05 17:02:00";"30.0";"750.00";"10759.70020";"10809.70020";"49250.00";"0.00";"OOS1";"PT";"2m 0s";"-0.00"
"4";"USTEC_ICM_UTC2";"Buy";"10740.6";"10765.6";"2023.01.06 17:00:00";"2023.01.06 17:00:00";"30.0";"750.00";"10715.59961";"10765.59961";"50000.00";"0.00";"OOS1";"PT";"0s";"-0.00"
"5";"USTEC_ICM_UTC2";"Buy";"11117.2";"11092.2";"2023.01.10 16:45:00";"2023.01.10 16:46:00";"30.0";"-750.00";"11092.20020";"11142.20020";"49250.00";"0.00";"OOS1";"SL";"1m 0s";"-0.00"
"6";"USTEC_ICM_UTC2";"Buy";"11283.6";"11308.6";"2023.01.12 17:00:00";"2023.01.12 17:00:00";"30.0";"750.00";"11258.59961";"11308.59961";"50000.00";"0.00";"OOS1";"PT";"0s";"-0.00"
"7";"USTEC_ICM_UTC2";"Buy";"11385.9";"11410.9";"2023.01.13 17:00:00";"2023.01.13 17:00:00";"30.0";"750.00";"11360.90039";"11410.90039";"50750.00";"0.00";"OOS1";"PT";"0s";"-0.00"
"8";"USTEC_ICM_UTC2";"Buy";"11548.8";"11573.8";"2023.01.17 17:00:00";"2023.01.17 17:00:00";"30.0";"750.00";"11523.79980";"11573.79980";"51500.00";"0.00";"OOS1";"PT";"0s";"-0.00"
"9";"USTEC_ICM_UTC2";"Buy";"11484.2";"11459.2";"2023.01.18 19:00:00";"2023.01.18 19:26:00";"30.0";"-750.00";"11459.20020";"11509.20020";"50750.00";"0.00";"OOS1";"SL";"26m 0s";"-0.00"
"10";"USTEC_ICM_UTC2";"Buy";"11341.2";"11366.2";"2023.01.19 16:30:00";"2023.01.19 16:32:00";"30.0";"750.00";"11316.20020";"11366.20020";"51500.00";"0.00";"OOS1";"PT";"2m 0s";"-0.00"
"11";"USTEC_ICM_UTC2";"Buy";"11379.9";"11354.9";"2023.01.20 16:45:00";"2023.01.20 16:48:00";"30.0";"-750.00";"11354.90039";"11404.90039";"50750.00";"0.00";"OOS1";"SL";"3m 0s";"-0.00"
"12";"USTEC_ICM_UTC2";"Buy";"11565.2";"11590.2";"2023.01.25 17:15:00";"2023.01.25 17:17:00";"30.0";"750.00";"11540.20020";"11590.20020";"51500.00";"0.00";"OOS1";"PT";"2m 0s";"-0.00"
"13";"USTEC_ICM_UTC2";"Buy";"11975.2";"12000.2";"2023.01.30 18:00:00";"2023.01.30 18:12:00";"30.0";"750.00";"11950.20020";"12000.20020";"52250.00";"0.00";"OOS1";"PT";"12m 0s";"-0.00"
"14";"USTEC_ICM_UTC2";"Buy";"11952.7";"11977.7";"2023.01.31 16:45:00";"2023.01.31 16:47:00";"30.0";"750.00";"11927.70020";"11977.70020";"53000.00";"0.00";"OOS1";"PT";"2m 0s";"-0.00"
"15";"USTEC_ICM_UTC2";"Buy";"12265.6";"12240.6";"2023.02.01 21:45:00";"2023.02.01 21:45:00";"30.0";"-750.00";"12240.59961";"12290.59961";"52250.00";"0.00";"OOS1";"SL";"0s";"-0.00"
"16";"USTEC_ICM_UTC2";"Buy";"12628.3";"12653.3";"2023.02.03 16:45:00";"2023.02.03 16:46:00";"30.0";"750.00";"12603.29980";"12653.29980";"53000.00";"0.00";"OOS1";"PT";"1m 0s";"-0.00"
"17";"USTEC_ICM_UTC2";"Buy";"12451.1";"12476.1";"2023.02.06 17:45:00";"2023.02.06 17:50:00";"30.0";"750.00";"12426.09961";"12476.09961";"53750.00";"0.00";"OOS1";"PT";"5m 0s";"-0.00"
"18";"USTEC_ICM_UTC2";"Buy";"12488.3";"12463.3";"2023.02.07 16:45:00";"2023.02.07 16:54:00";"30.0";"-750.00";"12463.29980";"12513.29980";"53000.00";"0.00";"OOS1";"SL";"9m 0s";"-0.00"
"19";"USTEC_ICM_UTC2";"Buy";"12538.3";"12513.3";"2023.02.08 19:00:00";"2023.02.08 19:04:00";"30.0";"-750.00";"12513.29980";"12563.29980";"52250.00";"0.00";"OOS1";"SL";"4m 0s";"-0.00"
"20";"USTEC_ICM_UTC2";"Buy";"12676.7";"12651.7";"2023.02.09 16:30:00";"2023.02.09 16:31:00";"30.0";"-750.00";"12651.70020";"12701.70020";"51500.00";"0.00";"OOS1";"SL";"1m 0s";"-0.00"
"21";"USTEC_ICM_UTC2";"Buy";"12299.2";"12274.2";"2023.02.10 18:15:00";"2023.02.10 18:31:00";"30.0";"-750.00";"12274.20020";"12324.20020";"50750.00";"0.00";"OOS1";"SL";"16m 0s";"-0.00"
"22";"USTEC_ICM_UTC2";"Buy";"12372.1";"12397.1";"2023.02.13 16:45:00";"2023.02.13 16:57:00";"30.0";"750.00";"12347.09961";"12397.09961";"51500.00";"0.00";"OOS1";"PT";"12m 0s";"-0.00"
"23";"USTEC_ICM_UTC2";"Buy";"12459.8";"12484.8";"2023.02.14 16:45:00";"2023.02.14 16:45:00";"30.0";"750.00";"12434.79980";"12484.79980";"52250.00";"0.00";"OOS1";"PT";"0s";"-0.00"
"24";"USTEC_ICM_UTC2";"Buy";"12551.0";"12576.0";"2023.02.15 16:45:00";"2023.02.15 16:49:00";"30.0";"750.00";"12526.00000";"12576.00000";"53000.00";"0.00";"OOS1";"PT";"4m 0s";"-0.00"
"25";"USTEC_ICM_UTC2";"Buy";"12506.5";"12531.5";"2023.02.16 16:45:00";"2023.02.16 16:48:00";"30.0";"750.00";"12481.50000";"12531.50000";"53750.00";"0.00";"OOS1";"PT";"3m 0s";"-0.00"
"26";"USTEC_ICM_UTC2";"Buy";"12319.5";"12344.5";"2023.02.17 17:15:00";"2023.02.17 17:19:00";"30.0";"750.00";"12294.50000";"12344.50000";"54500.00";"0.00";"OOS1";"PT";"4m 0s";"-0.00"
"27";"USTEC_ICM_UTC2";"Buy";"12359.2";"12334.2";"2023.02.20 16:30:00";"2023.02.20 19:01:00";"30.0";"-750.00";"12334.20020";"12384.20020";"53750.00";"0.00";"OOS1";"SL";"2h 31m";"-0.00"
"28";"USTEC_ICM_UTC2";"Buy";"12250.1";"12225.1";"2023.02.21 16:45:00";"2023.02.21 16:48:00";"30.0";"-750.00";"12225.09961";"12275.09961";"53000.00";"0.00";"OOS1";"SL";"3m 0s";"-0.00"
"29";"USTEC_ICM_UTC2";"Buy";"12088.6";"12113.6";"2023.02.22 16:30:00";"2023.02.22 16:32:00";"30.0";"750.00";"12063.59961";"12113.59961";"53750.00";"0.00";"OOS1";"PT";"2m 0s";"-0.00"
"30";"USTEC_ICM_UTC2";"Buy";"12023.8";"12048.8";"2023.02.23 19:15:00";"2023.02.23 19:34:00";"30.0";"750.00";"11998.79980";"12048.79980";"54500.00";"0.00";"OOS1";"PT";"19m 0s";"-0.00"
"31";"USTEC_ICM_UTC2";"Buy";"11966.3";"11991.3";"2023.02.24 16:30:00";"2023.02.24 16:34:00";"30.0";"750.00";"11941.29980";"11991.29980";"55250.00";"0.00";"OOS1";"PT";"4m 0s";"-0.00"
"32";"USTEC_ICM_UTC2";"Buy";"12122.8";"12147.8";"2023.02.27 17:00:00";"2023.02.27 17:08:00";"30.0";"750.00";"12097.79980";"12147.79980";"56000.00";"0.00";"OOS1";"PT";"8m 0s";"-0.00"
"33";"USTEC_ICM_UTC2";"Buy";"12064.2";"12089.2";"2023.02.28 16:45:00";"2023.02.28 17:01:00";"30.0";"750.00";"12039.20020";"12089.20020";"56750.00";"0.00";"OOS1";"PT";"16m 0s";"-0.00"
"34";"USTEC_ICM_UTC2";"Buy";"12026.6";"12001.6";"2023.03.01 16:30:00";"2023.03.01 16:34:00";"30.0";"-750.00";"12001.59961";"12051.59961";"56000.00";"0.00";"OOS1";"SL";"4m 0s";"-0.00"
"35";"USTEC_ICM_UTC2";"Buy";"11904.2";"11879.2";"2023.03.02 18:00:00";"2023.03.02 18:25:00";"30.0";"-750.00";"11879.20020";"11929.20020";"55250.00";"0.00";"OOS1";"SL";"25m 0s";"-0.00"
"36";"USTEC_ICM_UTC2";"Buy";"12325.4";"12300.4";"2023.03.07 16:45:00";"2023.03.07 17:00:00";"30.0";"-750.00";"12300.40039";"12350.40039";"54500.00";"0.00";"OOS1";"SL";"15m 0s";"-0.00"
"37";"USTEC_ICM_UTC2";"Buy";"12164.5";"12139.5";"2023.03.08 17:00:00";"2023.03.08 17:00:00";"30.0";"-750.00";"12139.50000";"12189.50000";"53750.00";"0.00";"OOS1";"SL";"0s";"-0.00"
"38";"USTEC_ICM_UTC2";"Buy";"12263.4";"12288.4";"2023.03.09 16:45:00";"2023.03.09 16:47:00";"30.0";"750.00";"12238.40039";"12288.40039";"54500.00";"0.00";"OOS1";"PT";"2m 0s";"-0.00"
"39";"USTEC_ICM_UTC2";"Buy";"11900.0";"11925.0";"2023.03.10 17:00:00";"2023.03.10 17:00:00";"30.0";"750.00";"11875.00000";"11925.00000";"55250.00";"0.00";"OOS1";"PT";"0s";"-0.00"
"40";"USTEC_ICM_UTC2";"Buy";"11853.9";"11878.9";"2023.03.13 16:30:00";"2023.03.13 16:30:00";"30.0";"750.00";"11828.90039";"11878.90039";"56000.00";"0.00";"OOS1";"PT";"0s";"-0.00"
"41";"USTEC_ICM_UTC2";"Buy";"12223.2";"12248.2";"2023.03.15 20:30:00";"2023.03.15 20:31:00";"30.0";"750.00";"12198.20020";"12248.20020";"56750.00";"0.00";"OOS1";"PT";"1m 0s";"-0.00"
"42";"USTEC_ICM_UTC2";"Buy";"12276.9";"12301.9";"2023.03.16 16:30:00";"2023.03.16 16:41:00";"30.0";"750.00";"12251.90039";"12301.90039";"57500.00";"0.00";"OOS1";"PT";"11m 0s";"-0.00"
"43";"USTEC_ICM_UTC2";"Buy";"12518.9";"12543.9";"2023.03.20 17:00:00";"2023.03.20 17:28:00";"30.0";"750.00";"12493.90039";"12543.90039";"58250.00";"0.00";"OOS1";"PT";"28m 0s";"-0.00"
"44";"USTEC_ICM_UTC2";"Buy";"12677.8";"12702.8";"2023.03.23 21:00:00";"2023.03.23 21:00:00";"30.0";"750.00";"12652.79980";"12702.79980";"59000.00";"0.00";"OOS1";"PT";"0s";"-0.00"
"45";"USTEC_ICM_UTC2";"Buy";"12697.1";"12672.1";"2023.03.24 16:30:00";"2023.03.24 16:35:00";"30.0";"-750.00";"12672.09961";"12722.09961";"58250.00";"0.00";"OOS1";"SL";"5m 0s";"-0.00"
"46";"USTEC_ICM_UTC2";"Buy";"12813.8";"12838.8";"2023.03.27 16:45:00";"2023.03.27 16:50:00";"30.0";"750.00";"12788.79980";"12838.79980";"59000.00";"0.00";"OOS1";"PT";"5m 0s";"-0.00"
"47";"USTEC_ICM_UTC2";"Buy";"12599.6";"12574.6";"2023.03.28 17:15:00";"2023.03.28 17:30:00";"30.0";"-750.00";"12574.59961";"12624.59961";"58250.00";"0.00";"OOS1";"SL";"15m 0s";"-0.00"
"48";"USTEC_ICM_UTC2";"Buy";"13159.1";"13184.1";"2023.04.04 17:00:00";"2023.04.04 17:00:00";"30.0";"750.00";"13134.09961";"13184.09961";"59000.00";"0.00";"OOS1";"PT";"0s";"-0.00"
"49";"USTEC_ICM_UTC2";"Buy";"12929.6";"12904.6";"2023.04.05 18:15:00";"2023.04.05 19:16:00";"30.0";"-750.00";"12904.59961";"12954.59961";"58250.00";"0.00";"OOS1";"SL";"1h 1m";"-0.00"
"50";"USTEC_ICM_UTC2";"Buy";"12898.7";"12873.7";"2023.04.06 16:30:00";"2023.04.06 16:32:00";"30.0";"-750.00";"12873.70020";"12923.70020";"57500.00";"0.00";"OOS1";"SL";"2m 0s";"-0.00"
"51";"USTEC_ICM_UTC2";"Buy";"12889.3";"12914.3";"2023.04.10 17:15:00";"2023.04.10 17:36:00";"30.0";"750.00";"12864.29980";"12914.29980";"58250.00";"0.00";"OOS1";"PT";"21m 0s";"-0.00"
"52";"USTEC_ICM_UTC2";"Buy";"12997.8";"12972.8";"2023.04.11 17:30:00";"2023.04.11 17:35:00";"30.0";"-750.00";"12972.79980";"13022.79980";"57500.00";"0.00";"OOS1";"SL";"5m 0s";"-0.00"
"53";"USTEC_ICM_UTC2";"Buy";"12999.9";"12974.9";"2023.04.12 17:15:00";"2023.04.12 17:34:00";"30.0";"-750.00";"12974.90039";"13024.90039";"56750.00";"0.00";"OOS1";"SL";"19m 0s";"-0.00"
"54";"USTEC_ICM_UTC2";"Buy";"13018.9";"13043.9";"2023.04.13 18:15:00";"2023.04.13 19:03:00";"30.0";"750.00";"12993.90039";"13043.90039";"57500.00";"0.00";"OOS1";"PT";"48m 0s";"-0.00"
"55";"USTEC_ICM_UTC2";"Buy";"13074.4";"13049.4";"2023.04.17 16:45:00";"2023.04.17 16:46:00";"30.0";"-750.00";"13049.40039";"13099.40039";"56750.00";"0.00";"OOS1";"SL";"1m 0s";"-0.00"
"56";"USTEC_ICM_UTC2";"Buy";"13086.4";"13061.4";"2023.04.18 18:15:00";"2023.04.18 18:39:00";"30.0";"-750.00";"13061.40039";"13111.40039";"56000.00";"0.00";"OOS1";"SL";"24m 0s";"-0.00"
"57";"USTEC_ICM_UTC2";"Buy";"13015.9";"13040.9";"2023.04.19 16:45:00";"2023.04.19 17:40:00";"30.0";"750.00";"12990.90039";"13040.90039";"56750.00";"0.00";"OOS1";"PT";"55m 0s";"-0.00"
"58";"USTEC_ICM_UTC2";"Buy";"13014.6";"13039.6";"2023.04.20 16:45:00";"2023.04.20 17:08:00";"30.0";"750.00";"12989.59961";"13039.59961";"57500.00";"0.00";"OOS1";"PT";"23m 0s";"-0.00"
"59";"USTEC_ICM_UTC2";"Buy";"12975.1";"12950.1";"2023.04.21 16:45:00";"2023.04.21 16:50:00";"30.0";"-750.00";"12950.09961";"13000.09961";"56750.00";"0.00";"OOS1";"SL";"5m 0s";"-0.00"
"60";"USTEC_ICM_UTC2";"Buy";"13038.6";"13013.6";"2023.04.24 16:45:00";"2023.04.24 16:59:00";"30.0";"-750.00";"13013.59961";"13063.59961";"56000.00";"0.00";"OOS1";"SL";"14m 0s";"-0.00"
"61";"USTEC_ICM_UTC2";"Buy";"12901.2";"12926.2";"2023.04.25 16:30:00";"2023.04.25 16:43:00";"30.0";"750.00";"12876.20020";"12926.20020";"56750.00";"0.00";"OOS1";"PT";"13m 0s";"-0.00"
"62";"USTEC_ICM_UTC2";"Buy";"12878.8";"12853.8";"2023.04.26 17:00:00";"2023.04.26 17:04:00";"30.0";"-750.00";"12853.79980";"12903.79980";"56000.00";"0.00";"OOS1";"SL";"4m 0s";"-0.00"
"63";"USTEC_ICM_UTC2";"Buy";"12998.8";"13023.8";"2023.04.27 17:15:00";"2023.04.27 17:35:00";"30.0";"750.00";"12973.79980";"13023.79980";"56750.00";"0.00";"OOS1";"PT";"20m 0s";"-0.00"
"64";"USTEC_ICM_UTC2";"Buy";"13225.0";"13200.0";"2023.05.02 16:30:00";"2023.05.02 16:40:00";"30.0";"-750.00";"13200.00000";"13250.00000";"56000.00";"0.00";"OOS1";"SL";"10m 0s";"-0.00"
"65";"USTEC_ICM_UTC2";"Buy";"13148.1";"13123.1";"2023.05.03 16:45:00";"2023.05.03 17:30:00";"30.0";"-750.00";"13123.09961";"13173.09961";"55250.00";"0.00";"OOS1";"SL";"45m 0s";"-0.00"
"66";"USTEC_ICM_UTC2";"Buy";"12978.1";"12953.1";"2023.05.04 17:00:00";"2023.05.04 17:17:00";"30.0";"-750.00";"12953.09961";"13003.09961";"54500.00";"0.00";"OOS1";"SL";"17m 0s";"-0.00"
"67";"USTEC_ICM_UTC2";"Buy";"13221.7";"13196.7";"2023.05.09 17:30:00";"2023.05.09 19:07:00";"30.0";"-750.00";"13196.70020";"13246.70020";"53750.00";"0.00";"OOS1";"SL";"1h 37m";"-0.00"
"68";"USTEC_ICM_UTC2";"Buy";"13315.5";"13340.5";"2023.05.10 17:00:00";"2023.05.10 17:02:00";"30.0";"750.00";"13290.50000";"13340.50000";"54500.00";"0.00";"OOS1";"PT";"2m 0s";"-0.00"
"69";"USTEC_ICM_UTC2";"Buy";"13341.6";"13366.6";"2023.05.12 18:00:00";"2023.05.12 18:05:00";"30.0";"750.00";"13316.59961";"13366.59961";"55250.00";"0.00";"OOS1";"PT";"5m 0s";"-0.00"
"70";"USTEC_ICM_UTC2";"Buy";"13338.2";"13363.2";"2023.05.15 17:45:00";"2023.05.15 18:15:00";"30.0";"750.00";"13313.20020";"13363.20020";"56000.00";"0.00";"OOS1";"PT";"30m 0s";"-0.00"
"71";"USTEC_ICM_UTC2";"Buy";"13451.1";"13426.1";"2023.05.16 17:30:00";"2023.05.16 17:43:00";"30.0";"-750.00";"13426.09961";"13476.09961";"55250.00";"0.00";"OOS1";"SL";"13m 0s";"-0.00"
"72";"USTEC_ICM_UTC2";"Buy";"13454.8";"13479.8";"2023.05.17 17:15:00";"2023.05.17 17:58:00";"30.0";"750.00";"13429.79980";"13479.79980";"56000.00";"0.00";"OOS1";"PT";"43m 0s";"-0.00"
"73";"USTEC_ICM_UTC2";"Buy";"13858.0";"13883.0";"2023.05.22 16:45:00";"2023.05.22 16:50:00";"30.0";"750.00";"13833.00000";"13883.00000";"56750.00";"0.00";"OOS1";"PT";"5m 0s";"-0.00"
"74";"USTEC_ICM_UTC2";"Buy";"13797.2";"13822.2";"2023.05.23 16:45:00";"2023.05.23 16:56:00";"30.0";"750.00";"13772.20020";"13822.20020";"57500.00";"0.00";"OOS1";"PT";"11m 0s";"-0.00"
"75";"USTEC_ICM_UTC2";"Buy";"13593.1";"13618.1";"2023.05.24 16:30:00";"2023.05.24 16:36:00";"30.0";"750.00";"13568.09961";"13618.09961";"58250.00";"0.00";"OOS1";"PT";"6m 0s";"-0.00"
"76";"USTEC_ICM_UTC2";"Buy";"14389.2";"14414.2";"2023.05.30 17:30:00";"2023.05.30 17:50:00";"30.0";"750.00";"14364.20020";"14414.20020";"59000.00";"0.00";"OOS1";"PT";"20m 0s";"-0.00"
"77";"USTEC_ICM_UTC2";"Buy";"14347.8";"14372.8";"2023.05.31 16:45:00";"2023.05.31 16:47:00";"30.0";"750.00";"14322.79980";"14372.79980";"59750.00";"0.00";"OOS1";"PT";"2m 0s";"-0.00"
"78";"USTEC_ICM_UTC2";"Buy";"14277.8";"14302.8";"2023.06.01 17:00:00";"2023.06.01 17:06:00";"30.0";"750.00";"14252.79980";"14302.79980";"60500.00";"0.00";"OOS1";"PT";"6m 0s";"-0.00"
"79";"USTEC_ICM_UTC2";"Buy";"14611.2";"14586.2";"2023.06.05 16:45:00";"2023.06.05 16:50:00";"30.0";"-750.00";"14586.20020";"14636.20020";"59750.00";"0.00";"OOS1";"SL";"5m 0s";"-0.00"
"80";"USTEC_ICM_UTC2";"Buy";"14516.9";"14541.9";"2023.06.06 17:00:00";"2023.06.06 17:11:00";"30.0";"750.00";"14491.90039";"14541.90039";"60500.00";"0.00";"OOS1";"PT";"11m 0s";"-0.00"
"81";"USTEC_ICM_UTC2";"Buy";"14640.3";"14615.3";"2023.06.07 16:45:00";"2023.06.07 16:53:00";"30.0";"-750.00";"14615.29980";"14665.29980";"59750.00";"0.00";"OOS1";"SL";"8m 0s";"-0.00"
"82";"USTEC_ICM_UTC2";"Buy";"14358.9";"14333.9";"2023.06.08 16:45:00";"2023.06.08 16:46:00";"30.0";"-750.00";"14333.90039";"14383.90039";"59000.00";"0.00";"OOS1";"SL";"1m 0s";"-0.00"
"83";"USTEC_ICM_UTC2";"Buy";"14902.7";"14927.7";"2023.06.14 16:45:00";"2023.06.14 17:04:00";"30.0";"750.00";"14877.70020";"14927.70020";"59750.00";"0.00";"OOS1";"PT";"19m 0s";"-0.00"
"84";"USTEC_ICM_UTC2";"Buy";"15062.1";"15037.1";"2023.06.19 17:30:00";"2023.06.20 08:21:00";"30.0";"-933.12";"15037.09961";"15087.09961";"58816.88";"0.00";"OOS1";"SL";"14h 51m";"-183.12"
"85";"USTEC_ICM_UTC2";"Buy";"15093.6";"15118.6";"2023.06.20 16:45:00";"2023.06.20 16:48:00";"30.0";"750.00";"15068.59961";"15118.59961";"59566.88";"0.00";"OOS1";"PT";"3m 0s";"-0.00"
"86";"USTEC_ICM_UTC2";"Buy";"15017.9";"14992.9";"2023.06.21 16:30:00";"2023.06.21 16:45:00";"30.0";"-750.00";"14992.90039";"15042.90039";"58816.88";"0.00";"OOS1";"SL";"15m 0s";"-0.00"
"87";"USTEC_ICM_UTC2";"Buy";"14869.8";"14894.8";"2023.06.22 16:45:00";"2023.06.22 16:48:00";"30.0";"750.00";"14844.79980";"14894.79980";"59566.88";"0.00";"OOS1";"PT";"3m 0s";"-0.00"
"88";"USTEC_ICM_UTC2";"Buy";"14847.3";"14872.3";"2023.06.23 17:00:00";"2023.06.23 17:09:00";"30.0";"750.00";"14822.29980";"14872.29980";"60316.88";"0.00";"OOS1";"PT";"9m 0s";"-0.00"
"89";"USTEC_ICM_UTC2";"Buy";"14919.7";"14944.7";"2023.06.26 16:45:00";"2023.06.26 16:51:00";"30.0";"750.00";"14894.70020";"14944.70020";"61066.88";"0.00";"OOS1";"PT";"6m 0s";"-0.00"
"90";"USTEC_ICM_UTC2";"Buy";"14753.6";"14778.6";"2023.06.27 16:30:00";"2023.06.27 16:35:00";"30.0";"750.00";"14728.59961";"14778.59961";"61816.88";"0.00";"OOS1";"PT";"5m 0s";"-0.00"
"91";"USTEC_ICM_UTC2";"Buy";"14939.2";"14964.2";"2023.06.29 17:00:00";"2023.06.29 17:05:00";"30.0";"750.00";"14914.20020";"14964.20020";"62566.88";"0.00";"OOS1";"PT";"5m 0s";"-0.00"
"92";"USTEC_ICM_UTC2";"Buy";"15228.6";"15253.6";"2023.07.05 16:45:00";"2023.07.05 17:16:00";"30.0";"750.00";"15203.59961";"15253.59961";"63316.88";"0.00";"OOS1";"PT";"31m 0s";"-0.00"
"93";"USTEC_ICM_UTC2";"Buy";"15043.3";"15018.3";"2023.07.06 16:30:00";"2023.07.06 16:34:00";"30.0";"-750.00";"15018.29980";"15068.29980";"62566.88";"0.00";"OOS1";"SL";"4m 0s";"-0.00"
"94";"USTEC_ICM_UTC2";"Buy";"15083.0";"15108.0";"2023.07.07 16:45:00";"2023.07.07 16:47:00";"30.0";"750.00";"15058.00000";"15108.00000";"63316.88";"0.00";"OOS1";"PT";"2m 0s";"-0.00"
"95";"USTEC_ICM_UTC2";"Buy";"15027.2";"15002.2";"2023.07.10 16:45:00";"2023.07.10 16:47:00";"30.0";"-750.00";"15002.20020";"15052.20020";"62566.88";"0.00";"OOS1";"SL";"2m 0s";"-0.00"
"96";"USTEC_ICM_UTC2";"Buy";"15034.4";"15059.4";"2023.07.11 17:30:00";"2023.07.11 17:44:00";"30.0";"750.00";"15009.40039";"15059.40039";"63316.88";"0.00";"OOS1";"PT";"14m 0s";"-0.00"
"97";"USTEC_ICM_UTC2";"Buy";"15596.1";"15621.1";"2023.07.17 16:30:00";"2023.07.17 16:30:00";"30.0";"750.00";"15571.09961";"15621.09961";"64066.88";"0.00";"OOS1";"PT";"0s";"-0.00"
"98";"USTEC_ICM_UTC2";"Buy";"15648.8";"15623.8";"2023.07.18 17:00:00";"2023.07.18 17:26:00";"30.0";"-750.00";"15623.79980";"15673.79980";"63316.88";"0.00";"OOS1";"SL";"26m 0s";"-0.00"
"99";"USTEC_ICM_UTC2";"Buy";"15705.1";"15730.1";"2023.07.20 16:30:00";"2023.07.20 16:31:00";"30.0";"750.00";"15680.09961";"15730.09961";"64066.88";"0.00";"OOS1";"PT";"1m 0s";"-0.00"
"100";"USTEC_ICM_UTC2";"Buy";"15507.6";"15482.6";"2023.07.21 17:15:00";"2023.07.21 17:23:00";"30.0";"-750.00";"15482.59961";"15532.59961";"63316.88";"0.00";"OOS1";"SL";"8m 0s";"-0.00"
"101";"USTEC_ICM_UTC2";"Buy";"15440.7";"15465.7";"2023.07.24 17:15:00";"2023.07.24 17:21:00";"30.0";"750.00";"15415.70020";"15465.70020";"64066.88";"0.00";"OOS1";"PT";"6m 0s";"-0.00"
"102";"USTEC_ICM_UTC2";"Buy";"15512.5";"15537.5";"2023.07.25 16:45:00";"2023.07.25 16:56:00";"30.0";"750.00";"15487.50000";"15537.50000";"64816.88";"0.00";"OOS1";"PT";"11m 0s";"-0.00"
"103";"USTEC_ICM_UTC2";"Buy";"15517.1";"15492.1";"2023.07.26 17:00:00";"2023.07.26 17:23:00";"30.0";"-750.00";"15492.09961";"15542.09961";"64066.88";"0.00";"OOS1";"SL";"23m 0s";"-0.00"
"104";"USTEC_ICM_UTC2";"Buy";"15502.5";"15477.5";"2023.07.27 22:15:00";"2023.07.27 22:23:00";"30.0";"-750.00";"15477.50000";"15527.50000";"63316.88";"0.00";"OOS1";"SL";"8m 0s";"-0.00"
"105";"USTEC_ICM_UTC2";"Buy";"15729.3";"15754.3";"2023.07.28 21:00:00";"2023.07.28 21:45:00";"30.0";"750.00";"15704.29980";"15754.29980";"64066.88";"0.00";"OOS1";"PT";"45m 0s";"-0.00"
"106";"USTEC_ICM_UTC2";"Buy";"15684.1";"15709.1";"2023.08.01 17:30:00";"2023.08.01 17:36:00";"30.0";"750.00";"15659.09961";"15709.09961";"64816.88";"0.00";"OOS1";"PT";"6m 0s";"-0.00"
"107";"USTEC_ICM_UTC2";"Buy";"15570.5";"15545.5";"2023.08.02 16:30:00";"2023.08.02 16:31:00";"30.0";"-750.00";"15545.50000";"15595.50000";"64066.88";"0.00";"OOS1";"SL";"1m 0s";"-0.00"
"108";"USTEC_ICM_UTC2";"Buy";"15310.2";"15335.2";"2023.08.03 16:45:00";"2023.08.03 16:47:00";"30.0";"750.00";"15285.20020";"15335.20020";"64816.88";"0.00";"OOS1";"PT";"2m 0s";"-0.00"
"109";"USTEC_ICM_UTC2";"Buy";"15383.5";"15408.5";"2023.08.04 17:30:00";"2023.08.04 17:32:00";"30.0";"750.00";"15358.50000";"15408.50000";"65566.88";"0.00";"OOS1";"PT";"2m 0s";"-0.00"
"110";"USTEC_ICM_UTC2";"Buy";"15321.7";"15346.7";"2023.08.07 17:15:00";"2023.08.07 17:25:00";"30.0";"750.00";"15296.70020";"15346.70020";"66316.88";"0.00";"OOS1";"PT";"10m 0s";"-0.00"
"111";"USTEC_ICM_UTC2";"Buy";"15211.7";"15186.7";"2023.08.08 17:30:00";"2023.08.08 17:33:00";"30.0";"-750.00";"15186.70020";"15236.70020";"65566.88";"0.00";"OOS1";"SL";"3m 0s";"-0.00"
"112";"USTEC_ICM_UTC2";"Buy";"15222.3";"15197.3";"2023.08.09 17:15:00";"2023.08.09 17:20:00";"30.0";"-750.00";"15197.29980";"15247.29980";"64816.88";"0.00";"OOS1";"SL";"5m 0s";"-0.00"
"113";"USTEC_ICM_UTC2";"Buy";"15250.3";"15275.3";"2023.08.10 16:45:00";"2023.08.10 16:45:00";"30.0";"750.00";"15225.29980";"15275.29980";"65566.88";"0.00";"OOS1";"PT";"0s";"-0.00"
"114";"USTEC_ICM_UTC2";"Buy";"15063.7";"15088.7";"2023.08.11 17:15:00";"2023.08.11 17:20:00";"30.0";"750.00";"15038.70020";"15088.70020";"66316.88";"0.00";"OOS1";"PT";"5m 0s";"-0.00"
"115";"USTEC_ICM_UTC2";"Buy";"15133.5";"15158.5";"2023.08.14 17:45:00";"2023.08.14 17:51:00";"30.0";"750.00";"15108.50000";"15158.50000";"67066.88";"0.00";"OOS1";"PT";"6m 0s";"-0.00"
"116";"USTEC_ICM_UTC2";"Buy";"15092.6";"15067.6";"2023.08.15 21:00:00";"2023.08.15 22:16:00";"30.0";"-750.00";"15067.59961";"15117.59961";"66316.88";"0.00";"OOS1";"SL";"1h 16m";"-0.00"
"117";"USTEC_ICM_UTC2";"Buy";"15030.8";"15055.8";"2023.08.16 16:45:00";"2023.08.16 16:48:00";"30.0";"750.00";"15005.79980";"15055.79980";"67066.88";"0.00";"OOS1";"PT";"3m 0s";"-0.00"
"118";"USTEC_ICM_UTC2";"Buy";"14831.5";"14806.5";"2023.08.17 18:00:00";"2023.08.17 18:21:00";"30.0";"-750.00";"14806.50000";"14856.50000";"66316.88";"0.00";"OOS1";"SL";"21m 0s";"-0.00"
"119";"USTEC_ICM_UTC2";"Buy";"14605.4";"14580.4";"2023.08.18 16:45:00";"2023.08.18 16:45:00";"30.0";"-750.00";"14580.40039";"14630.40039";"65566.88";"0.00";"OOS1";"SL";"0s";"-0.00"
"120";"USTEC_ICM_UTC2";"Buy";"14819.3";"14844.3";"2023.08.21 16:45:00";"2023.08.21 16:57:00";"30.0";"750.00";"14794.29980";"14844.29980";"66316.88";"0.00";"OOS1";"PT";"12m 0s";"-0.00"
"121";"USTEC_ICM_UTC2";"Buy";"14975.5";"15000.5";"2023.08.23 16:45:00";"2023.08.23 16:47:00";"30.0";"750.00";"14950.50000";"15000.50000";"67066.88";"0.00";"OOS1";"PT";"2m 0s";"-0.00"
"122";"USTEC_ICM_UTC2";"Buy";"14948.8";"14973.8";"2023.08.24 19:15:00";"2023.08.24 19:36:00";"30.0";"750.00";"14923.79980";"14973.79980";"67816.88";"0.00";"OOS1";"PT";"21m 0s";"-0.00"
"123";"USTEC_ICM_UTC2";"Buy";"14898.3";"14923.3";"2023.08.25 16:45:00";"2023.08.25 17:03:00";"30.0";"750.00";"14873.29980";"14923.29980";"68566.88";"0.00";"OOS1";"PT";"18m 0s";"-0.00"
"124";"USTEC_ICM_UTC2";"Buy";"15089.2";"15114.2";"2023.08.29 16:45:00";"2023.08.29 16:45:00";"30.0";"750.00";"15064.20020";"15114.20020";"69316.88";"0.00";"OOS1";"PT";"0s";"-0.00"
"125";"USTEC_ICM_UTC2";"Buy";"15529.7";"15504.7";"2023.09.01 17:00:00";"2023.09.01 17:00:00";"30.0";"-750.00";"15504.70020";"15554.70020";"68566.88";"0.00";"OOS1";"SL";"0s";"-0.00"
"126";"USTEC_ICM_UTC2";"Buy";"15503.3";"15478.3";"2023.09.04 18:15:00";"2023.09.05 03:14:00";"30.0";"-933.12";"15478.29980";"15528.29980";"67633.76";"0.00";"OOS1";"SL";"8h 59m";"-183.12"
"127";"USTEC_ICM_UTC2";"Buy";"15457.0";"15432.0";"2023.09.05 16:30:00";"2023.09.05 16:35:00";"30.0";"-750.00";"15432.00000";"15482.00000";"66883.76";"0.00";"OOS1";"SL";"5m 0s";"-0.00"
"128";"USTEC_ICM_UTC2";"Buy";"15473.1";"15448.1";"2023.09.06 16:30:00";"2023.09.06 16:33:00";"30.0";"-750.00";"15448.09961";"15498.09961";"66133.76";"0.00";"OOS1";"SL";"3m 0s";"-0.00"
"129";"USTEC_ICM_UTC2";"Buy";"15203.8";"15178.8";"2023.09.07 17:15:00";"2023.09.07 17:32:00";"30.0";"-750.00";"15178.79980";"15228.79980";"65383.76";"0.00";"OOS1";"SL";"17m 0s";"-0.00"
"130";"USTEC_ICM_UTC2";"Buy";"15323.7";"15348.7";"2023.09.08 18:15:00";"2023.09.08 18:32:00";"30.0";"750.00";"15298.70020";"15348.70020";"66133.76";"0.00";"OOS1";"PT";"17m 0s";"-0.00"
"131";"USTEC_ICM_UTC2";"Buy";"15420.7";"15445.7";"2023.09.12 16:45:00";"2023.09.12 16:57:00";"30.0";"750.00";"15395.70020";"15445.70020";"66883.76";"0.00";"OOS1";"PT";"12m 0s";"-0.00"
"132";"USTEC_ICM_UTC2";"Buy";"15299.9";"15324.9";"2023.09.13 16:30:00";"2023.09.13 16:31:00";"30.0";"750.00";"15274.90039";"15324.90039";"67633.76";"0.00";"OOS1";"PT";"1m 0s";"-0.00"
"133";"USTEC_ICM_UTC2";"Buy";"15384.1";"15409.1";"2023.09.14 17:30:00";"2023.09.14 17:33:00";"30.0";"750.00";"15359.09961";"15409.09961";"68383.76";"0.00";"OOS1";"PT";"3m 0s";"-0.00"
"134";"USTEC_ICM_UTC2";"Buy";"15304.1";"15279.1";"2023.09.15 17:30:00";"2023.09.15 17:48:00";"30.0";"-750.00";"15279.09961";"15329.09961";"67633.76";"0.00";"OOS1";"SL";"18m 0s";"-0.00"
"135";"USTEC_ICM_UTC2";"Buy";"15170.1";"15195.1";"2023.09.18 16:30:00";"2023.09.18 16:33:00";"30.0";"750.00";"15145.09961";"15195.09961";"68383.76";"0.00";"OOS1";"PT";"3m 0s";"-0.00"
"136";"USTEC_ICM_UTC2";"Buy";"15093.6";"15118.6";"2023.09.19 18:15:00";"2023.09.19 19:56:00";"30.0";"750.00";"15068.59961";"15118.59961";"69133.76";"0.00";"OOS1";"PT";"1h 41m";"-0.00"
"137";"USTEC_ICM_UTC2";"Buy";"15188.6";"15163.6";"2023.09.20 17:30:00";"2023.09.20 18:16:00";"30.0";"-750.00";"15163.59961";"15213.59961";"68383.76";"0.00";"OOS1";"SL";"46m 0s";"-0.00"
"138";"USTEC_ICM_UTC2";"Buy";"14786.6";"14811.6";"2023.09.21 17:15:00";"2023.09.21 17:17:00";"30.0";"750.00";"14761.59961";"14811.59961";"69133.76";"0.00";"OOS1";"PT";"2m 0s";"-0.00"
"139";"USTEC_ICM_UTC2";"Buy";"14784.8";"14759.8";"2023.09.22 17:00:00";"2023.09.22 17:00:00";"30.0";"-750.00";"14759.79980";"14809.79980";"68383.76";"0.00";"OOS1";"SL";"0s";"-0.00"
"140";"USTEC_ICM_UTC2";"Buy";"14658.1";"14633.1";"2023.09.25 16:30:00";"2023.09.25 16:32:00";"30.0";"-750.00";"14633.09961";"14683.09961";"67633.76";"0.00";"OOS1";"SL";"2m 0s";"-0.00"
"141";"USTEC_ICM_UTC2";"Buy";"14664.7";"14639.7";"2023.09.26 16:45:00";"2023.09.26 16:49:00";"30.0";"-750.00";"14639.70020";"14689.70020";"66883.76";"0.00";"OOS1";"SL";"4m 0s";"-0.00"
"142";"USTEC_ICM_UTC2";"Buy";"14633.3";"14608.3";"2023.09.27 16:45:00";"2023.09.27 16:49:00";"30.0";"-750.00";"14608.29980";"14658.29980";"66133.76";"0.00";"OOS1";"SL";"4m 0s";"-0.00"
"143";"USTEC_ICM_UTC2";"Buy";"14591.4";"14616.4";"2023.09.28 17:00:00";"2023.09.28 17:04:00";"30.0";"750.00";"14566.40039";"14616.40039";"66883.76";"0.00";"OOS1";"PT";"4m 0s";"-0.00"
"144";"USTEC_ICM_UTC2";"Buy";"14777.8";"14802.8";"2023.10.02 17:15:00";"2023.10.02 17:15:00";"30.0";"750.00";"14752.79980";"14802.79980";"67633.76";"0.00";"OOS1";"PT";"0s";"-0.00"
"145";"USTEC_ICM_UTC2";"Buy";"14727.1";"14752.1";"2023.10.03 16:30:00";"2023.10.03 16:33:00";"30.0";"750.00";"14702.09961";"14752.09961";"68383.76";"0.00";"OOS1";"PT";"3m 0s";"-0.00"
"146";"USTEC_ICM_UTC2";"Buy";"14663.1";"14638.1";"2023.10.04 16:45:00";"2023.10.04 17:00:00";"30.0";"-750.00";"14638.09961";"14688.09961";"67633.76";"0.00";"OOS1";"SL";"15m 0s";"-0.00"
"147";"USTEC_ICM_UTC2";"Buy";"14779.7";"14804.7";"2023.10.06 18:15:00";"2023.10.06 18:28:00";"30.0";"750.00";"14754.70020";"14804.70020";"68383.76";"0.00";"OOS1";"PT";"13m 0s";"-0.00"
"148";"USTEC_ICM_UTC2";"Buy";"15319.6";"15294.6";"2023.10.12 17:15:00";"2023.10.12 17:16:00";"30.0";"-750.00";"15294.59961";"15344.59961";"67633.76";"0.00";"OOS1";"SL";"1m 0s";"-0.00"
"149";"USTEC_ICM_UTC2";"Buy";"15148.6";"15123.6";"2023.10.13 17:45:00";"2023.10.13 17:48:00";"30.0";"-750.00";"15123.59961";"15173.59961";"66883.76";"0.00";"OOS1";"SL";"3m 0s";"-0.00"
"150";"USTEC_ICM_UTC2";"Buy";"15079.8";"15104.8";"2023.10.16 16:45:00";"2023.10.16 16:59:00";"30.0";"750.00";"15054.79980";"15104.79980";"67633.76";"0.00";"OOS1";"PT";"14m 0s";"-0.00"
"151";"USTEC_ICM_UTC2";"Buy";"14987.2";"14962.2";"2023.10.17 16:45:00";"2023.10.17 16:45:00";"30.0";"-750.00";"14962.20020";"15012.20020";"66883.76";"0.00";"OOS1";"SL";"0s";"-0.00"
"152";"USTEC_ICM_UTC2";"Buy";"15019.8";"15044.8";"2023.10.18 16:45:00";"2023.10.18 16:47:00";"30.0";"750.00";"14994.79980";"15044.79980";"67633.76";"0.00";"OOS1";"PT";"2m 0s";"-0.00"
"153";"USTEC_ICM_UTC2";"Buy";"14948.4";"14973.4";"2023.10.19 17:00:00";"2023.10.19 17:10:00";"30.0";"750.00";"14923.40039";"14973.40039";"68383.76";"0.00";"OOS1";"PT";"10m 0s";"-0.00"
"154";"USTEC_ICM_UTC2";"Buy";"14757.7";"14732.7";"2023.10.20 16:30:00";"2023.10.20 16:30:00";"30.0";"-750.00";"14732.70020";"14782.70020";"67633.76";"0.00";"OOS1";"SL";"0s";"-0.00"
"155";"USTEC_ICM_UTC2";"Buy";"14503.4";"14528.4";"2023.10.23 16:30:00";"2023.10.23 16:30:00";"30.0";"750.00";"14478.40039";"14528.40039";"68383.76";"0.00";"OOS1";"PT";"0s";"-0.00"
"156";"USTEC_ICM_UTC2";"Buy";"14750.4";"14775.4";"2023.10.24 17:30:00";"2023.10.24 17:48:00";"30.0";"750.00";"14725.40039";"14775.40039";"69133.76";"0.00";"OOS1";"PT";"18m 0s";"-0.00"
"157";"USTEC_ICM_UTC2";"Buy";"14557.6";"14532.6";"2023.10.25 17:00:00";"2023.10.25 17:00:00";"30.0";"-750.00";"14532.59961";"14582.59961";"68383.76";"0.00";"OOS1";"SL";"0s";"-0.00"
"158";"USTEC_ICM_UTC2";"Buy";"14335.5";"14310.5";"2023.10.26 16:30:00";"2023.10.26 16:30:00";"30.0";"-750.00";"14310.50000";"14360.50000";"67633.76";"0.00";"OOS1";"SL";"0s";"-0.00"
"159";"USTEC_ICM_UTC2";"Buy";"14260.1";"14235.1";"2023.10.27 16:45:00";"2023.10.27 16:47:00";"30.0";"-750.00";"14235.09961";"14285.09961";"66883.76";"0.00";"OOS1";"SL";"2m 0s";"-0.00"
"160";"USTEC_ICM_UTC2";"Buy";"14264.8";"14289.8";"2023.10.30 17:00:00";"2023.10.30 17:01:00";"30.0";"750.00";"14239.79980";"14289.79980";"67633.76";"0.00";"OOS1";"PT";"1m 0s";"-0.00"
"161";"USTEC_ICM_UTC2";"Buy";"14335.8";"14310.8";"2023.10.31 17:00:00";"2023.10.31 17:17:00";"30.0";"-750.00";"14310.79980";"14360.79980";"66883.76";"0.00";"OOS1";"SL";"17m 0s";"-0.00"
"162";"USTEC_ICM_UTC2";"Buy";"15224.6";"15199.6";"2023.11.07 17:00:00";"2023.11.07 17:10:00";"30.0";"-750.00";"15199.59961";"15249.59961";"66133.76";"0.00";"OOS1";"SL";"10m 0s";"-0.00"
"163";"USTEC_ICM_UTC2";"Buy";"15356.6";"15331.6";"2023.11.09 17:00:00";"2023.11.09 17:01:00";"30.0";"-750.00";"15331.59961";"15381.59961";"65383.76";"0.00";"OOS1";"SL";"1m 0s";"-0.00"
"164";"USTEC_ICM_UTC2";"Buy";"15273.2";"15298.2";"2023.11.10 17:45:00";"2023.11.10 17:57:00";"30.0";"750.00";"15248.20020";"15298.20020";"66133.76";"0.00";"OOS1";"PT";"12m 0s";"-0.00"
"165";"USTEC_ICM_UTC2";"Buy";"15790.5";"15815.5";"2023.11.16 16:45:00";"2023.11.16 16:53:00";"30.0";"750.00";"15765.50000";"15815.50000";"66883.76";"0.00";"OOS1";"PT";"8m 0s";"-0.00"
"166";"USTEC_ICM_UTC2";"Buy";"15813.6";"15788.6";"2023.11.17 17:00:00";"2023.11.17 17:09:00";"30.0";"-750.00";"15788.59961";"15838.59961";"66133.76";"0.00";"OOS1";"SL";"9m 0s";"-0.00"
"167";"USTEC_ICM_UTC2";"Buy";"15903.8";"15928.8";"2023.11.20 16:45:00";"2023.11.20 16:51:00";"30.0";"750.00";"15878.79980";"15928.79980";"66883.76";"0.00";"OOS1";"PT";"6m 0s";"-0.00"
"168";"USTEC_ICM_UTC2";"Buy";"16018.4";"16043.4";"2023.11.22 16:30:00";"2023.11.22 16:30:00";"30.0";"750.00";"15993.40039";"16043.40039";"67633.76";"0.00";"OOS1";"PT";"0s";"-0.00"
"169";"USTEC_ICM_UTC2";"Buy";"15982.8";"15957.8";"2023.11.24 17:00:00";"2023.11.24 17:15:00";"30.0";"-750.00";"15957.79980";"16007.79980";"66883.76";"0.00";"OOS1";"SL";"15m 0s";"-0.00"
"170";"USTEC_ICM_UTC2";"Buy";"15957.9";"15982.9";"2023.11.27 16:30:00";"2023.11.27 16:30:00";"30.0";"750.00";"15932.90039";"15982.90039";"67633.76";"0.00";"OOS1";"PT";"0s";"-0.00"
"171";"USTEC_ICM_UTC2";"Buy";"15946.7";"15971.7";"2023.11.28 17:15:00";"2023.11.28 17:39:00";"30.0";"750.00";"15921.70020";"15971.70020";"68383.76";"0.00";"OOS1";"PT";"24m 0s";"-0.00"
"172";"USTEC_ICM_UTC2";"Buy";"15886.6";"15861.6";"2023.11.30 18:00:00";"2023.11.30 18:09:00";"30.0";"-750.00";"15861.59961";"15911.59961";"67633.76";"0.00";"OOS1";"SL";"9m 0s";"-0.00"
"173";"USTEC_ICM_UTC2";"Buy";"15881.9";"15856.9";"2023.12.01 17:15:00";"2023.12.01 17:17:00";"30.0";"-750.00";"15856.90039";"15906.90039";"66883.76";"0.00";"OOS1";"SL";"2m 0s";"-0.00"
"174";"USTEC_ICM_UTC2";"Buy";"15809.1";"15834.1";"2023.12.04 17:00:00";"2023.12.04 17:05:00";"30.0";"750.00";"15784.09961";"15834.09961";"67633.76";"0.00";"OOS1";"PT";"5m 0s";"-0.00"
"175";"USTEC_ICM_UTC2";"Buy";"15762.7";"15787.7";"2023.12.05 16:30:00";"2023.12.05 16:36:00";"30.0";"750.00";"15737.70020";"15787.70020";"68383.76";"0.00";"OOS1";"PT";"6m 0s";"-0.00"
"176";"USTEC_ICM_UTC2";"Buy";"15933.9";"15908.9";"2023.12.07 16:45:00";"2023.12.07 16:46:00";"30.0";"-750.00";"15908.90039";"15958.90039";"67633.76";"0.00";"OOS1";"SL";"1m 0s";"-0.00"
"177";"USTEC_ICM_UTC2";"Buy";"16119.4";"16144.4";"2023.12.11 16:45:00";"2023.12.11 16:47:00";"30.0";"750.00";"16094.40039";"16144.40039";"68383.76";"0.00";"OOS1";"PT";"2m 0s";"-0.00"
"178";"USTEC_ICM_UTC2";"Buy";"16458.6";"16483.6";"2023.12.13 21:15:00";"2023.12.13 21:20:00";"30.0";"750.00";"16433.59961";"16483.59961";"69133.76";"0.00";"OOS1";"PT";"5m 0s";"-0.00"
"179";"USTEC_ICM_UTC2";"Buy";"16627.1";"16602.1";"2023.12.15 16:45:00";"2023.12.15 16:46:00";"30.0";"-750.00";"16602.09961";"16652.09961";"68383.76";"0.00";"OOS1";"SL";"1m 0s";"-0.00"
"180";"USTEC_ICM_UTC2";"Buy";"16612.4";"16587.4";"2023.12.20 22:45:00";"2023.12.20 22:55:00";"30.0";"-750.00";"16587.40039";"16637.40039";"67633.76";"0.00";"OOS1";"SL";"10m 0s";"-0.00"
"181";"USTEC_ICM_UTC2";"Buy";"16731.9";"16706.9";"2023.12.21 16:45:00";"2023.12.21 16:47:00";"30.0";"-750.00";"16706.90039";"16756.90039";"66883.76";"0.00";"OOS1";"SL";"2m 0s";"-0.00"
"182";"USTEC_ICM_UTC2";"Buy";"16763.1";"16788.1";"2023.12.22 21:45:00";"2023.12.22 22:00:00";"30.0";"750.00";"16738.09961";"16788.09961";"67633.76";"0.00";"OOS1";"PT";"15m 0s";"-0.00"
"183";"USTEC_ICM_UTC2";"Buy";"16875.8";"16900.8";"2023.12.27 17:30:00";"2023.12.27 20:06:00";"30.0";"750.00";"16850.80078";"16900.80078";"68383.76";"0.00";"OOS1";"PT";"2h 36m";"-0.00"
"184";"USTEC_ICM_UTC2";"Buy";"16912.0";"16887.0";"2023.12.29 16:45:00";"2023.12.29 17:33:00";"30.0";"-750.00";"16887.00000";"16937.00000";"67633.76";"0.00";"OOS1";"SL";"48m 0s";"-0.00"
"185";"USTEC_ICM_UTC2";"Buy";"16535.3";"16560.3";"2024.01.02 18:00:00";"2024.01.02 18:09:00";"30.0";"750.00";"16510.30078";"16560.30078";"68383.76";"0.00";"OOS1";"PT";"9m 0s";"-0.00"
"186";"USTEC_ICM_UTC2";"Buy";"16434.5";"16409.5";"2024.01.03 16:30:00";"2024.01.03 16:32:00";"30.0";"-750.00";"16409.50000";"16459.50000";"67633.76";"0.00";"OOS1";"SL";"2m 0s";"-0.00"
"187";"USTEC_ICM_UTC2";"Buy";"16312.0";"16287.0";"2024.01.04 16:45:00";"2024.01.04 16:48:00";"30.0";"-750.00";"16287.00000";"16337.00000";"66883.76";"0.00";"OOS1";"SL";"3m 0s";"-0.00"
"188";"USTEC_ICM_UTC2";"Buy";"16408.6";"16383.6";"2024.01.05 18:15:00";"2024.01.05 18:18:00";"30.0";"-750.00";"16383.59961";"16433.59961";"66133.76";"0.00";"IST";"SL";"3m 0s";"-0.00"
"189";"USTEC_ICM_UTC2";"Buy";"16698.6";"16723.6";"2024.01.10 17:15:00";"2024.01.10 17:42:00";"30.0";"750.00";"16673.59961";"16723.59961";"66883.76";"0.00";"IST";"PT";"27m 0s";"-0.00"
"190";"USTEC_ICM_UTC2";"Buy";"16752.2";"16777.2";"2024.01.11 17:30:00";"2024.01.11 17:31:00";"30.0";"750.00";"16727.19922";"16777.19922";"67633.76";"0.00";"IST";"PT";"1m 0s";"-0.00"
"191";"USTEC_ICM_UTC2";"Buy";"16870.1";"16845.1";"2024.01.12 16:30:00";"2024.01.12 16:32:00";"30.0";"-750.00";"16845.09961";"16895.09961";"66883.76";"0.00";"IST";"SL";"2m 0s";"-0.00"
"192";"USTEC_ICM_UTC2";"Buy";"16820.3";"16795.3";"2024.01.15 17:30:00";"2024.01.16 01:43:00";"30.0";"-933.12";"16795.30078";"16845.30078";"65950.64";"0.00";"IST";"SL";"8h 13m";"-183.12"
"193";"USTEC_ICM_UTC2";"Buy";"16780.1";"16805.1";"2024.01.16 16:30:00";"2024.01.16 16:35:00";"30.0";"750.00";"16755.09961";"16805.09961";"66700.64";"0.00";"IST";"PT";"5m 0s";"-0.00"
"194";"USTEC_ICM_UTC2";"Buy";"16621.2";"16596.2";"2024.01.17 17:15:00";"2024.01.17 17:17:00";"30.0";"-750.00";"16596.19922";"16646.19922";"65950.64";"0.00";"IST";"SL";"2m 0s";"-0.00"
"195";"USTEC_ICM_UTC2";"Buy";"17348.6";"17323.6";"2024.01.23 17:00:00";"2024.01.23 17:20:00";"30.0";"-750.00";"17323.59961";"17373.59961";"65200.64";"0.00";"IST";"SL";"20m 0s";"-0.00"
"196";"USTEC_ICM_UTC2";"Buy";"17587.3";"17612.3";"2024.01.25 17:15:00";"2024.01.25 17:22:00";"30.0";"750.00";"17562.30078";"17612.30078";"65950.64";"0.00";"IST";"PT";"7m 0s";"-0.00"
"197";"USTEC_ICM_UTC2";"Buy";"17468.7";"17493.7";"2024.01.26 17:30:00";"2024.01.26 17:38:00";"30.0";"750.00";"17443.69922";"17493.69922";"66700.64";"0.00";"IST";"PT";"8m 0s";"-0.00"
"198";"USTEC_ICM_UTC2";"Buy";"17471.0";"17446.0";"2024.01.30 20:15:00";"2024.01.30 21:06:00";"30.0";"-750.00";"17446.00000";"17496.00000";"65950.64";"0.00";"IST";"SL";"51m 0s";"-0.00"
"199";"USTEC_ICM_UTC2";"Buy";"17200.1";"17225.1";"2024.01.31 18:00:00";"2024.01.31 18:03:00";"30.0";"750.00";"17175.09961";"17225.09961";"66700.64";"0.00";"IST";"PT";"3m 0s";"-0.00"
"200";"USTEC_ICM_UTC2";"Buy";"17233.3";"17208.3";"2024.02.01 16:45:00";"2024.02.01 16:49:00";"30.0";"-750.00";"17208.30078";"17258.30078";"65950.64";"0.00";"IST";"SL";"4m 0s";"-0.00"
"201";"USTEC_ICM_UTC2";"Buy";"17505.4";"17530.4";"2024.02.05 18:00:00";"2024.02.05 18:12:00";"30.0";"750.00";"17480.40039";"17530.40039";"66700.64";"0.00";"IST";"PT";"12m 0s";"-0.00"
"202";"USTEC_ICM_UTC2";"Buy";"17547.0";"17572.0";"2024.02.06 17:45:00";"2024.02.06 18:31:00";"30.0";"750.00";"17522.00000";"17572.00000";"67450.64";"0.00";"IST";"PT";"46m 0s";"-0.00"
"203";"USTEC_ICM_UTC2";"Buy";"17661.3";"17686.3";"2024.02.07 17:00:00";"2024.02.07 17:11:00";"30.0";"750.00";"17636.30078";"17686.30078";"68200.64";"0.00";"IST";"PT";"11m 0s";"-0.00"
"204";"USTEC_ICM_UTC2";"Buy";"17863.1";"17888.1";"2024.02.09 17:00:00";"2024.02.09 17:27:00";"30.0";"750.00";"17838.09961";"17888.09961";"68950.64";"0.00";"IST";"PT";"27m 0s";"-0.00"
"205";"USTEC_ICM_UTC2";"Buy";"17897.6";"17872.6";"2024.02.12 22:15:00";"2024.02.12 23:06:00";"30.0";"-750.00";"17872.59961";"17922.59961";"68200.64";"0.00";"IST";"SL";"51m 0s";"-0.00"
"206";"USTEC_ICM_UTC2";"Buy";"17568.3";"17593.3";"2024.02.13 16:45:00";"2024.02.13 16:54:00";"30.0";"750.00";"17543.30078";"17593.30078";"68950.64";"0.00";"IST";"PT";"9m 0s";"-0.00"
"207";"USTEC_ICM_UTC2";"Buy";"17717.9";"17742.9";"2024.02.14 16:30:00";"2024.02.14 16:31:00";"30.0";"750.00";"17692.90039";"17742.90039";"69700.64";"0.00";"IST";"PT";"1m 0s";"-0.00"
"208";"USTEC_ICM_UTC2";"Buy";"17704.9";"17679.9";"2024.02.16 17:30:00";"2024.02.16 17:33:00";"30.0";"-750.00";"17679.90039";"17729.90039";"68950.64";"0.00";"IST";"SL";"3m 0s";"-0.00"
"209";"USTEC_ICM_UTC2";"Buy";"17730.2";"17705.2";"2024.02.19 16:30:00";"2024.02.20 01:11:00";"30.0";"-933.12";"17705.19922";"17755.19922";"68017.52";"0.00";"IST";"SL";"8h 41m";"-183.12"
"210";"USTEC_ICM_UTC2";"Buy";"17604.2";"17629.2";"2024.02.20 16:30:00";"2024.02.20 16:31:00";"30.0";"750.00";"17579.19922";"17629.19922";"68767.52";"0.00";"IST";"PT";"1m 0s";"-0.00"
"211";"USTEC_ICM_UTC2";"Buy";"17415.2";"17440.2";"2024.02.21 17:00:00";"2024.02.21 17:03:00";"30.0";"750.00";"17390.19922";"17440.19922";"69517.52";"0.00";"IST";"PT";"3m 0s";"-0.00"
"212";"USTEC_ICM_UTC2";"Buy";"17955.1";"17980.1";"2024.02.26 17:15:00";"2024.02.26 17:19:00";"30.0";"750.00";"17930.09961";"17980.09961";"70267.52";"0.00";"IST";"PT";"4m 0s";"-0.00"
"213";"USTEC_ICM_UTC2";"Buy";"17947.4";"17972.4";"2024.02.27 17:00:00";"2024.02.27 17:00:00";"30.0";"750.00";"17922.40039";"17972.40039";"71017.52";"0.00";"IST";"PT";"0s";"-0.00"
"214";"USTEC_ICM_UTC2";"Buy";"17880.5";"17855.5";"2024.02.28 16:30:00";"2024.02.28 16:50:00";"30.0";"-750.00";"17855.50000";"17905.50000";"70267.52";"0.00";"IST";"SL";"20m 0s";"-0.00"
"215";"USTEC_ICM_UTC2";"Buy";"17979.3";"17954.3";"2024.02.29 17:30:00";"2024.02.29 17:55:00";"30.0";"-750.00";"17954.30078";"18004.30078";"69517.52";"0.00";"IST";"SL";"25m 0s";"-0.00"
"216";"USTEC_ICM_UTC2";"Buy";"17911.1";"17886.1";"2024.03.05 18:00:00";"2024.03.05 18:11:00";"30.0";"-750.00";"17886.09961";"17936.09961";"68767.52";"0.00";"IST";"SL";"11m 0s";"-0.00"
"217";"USTEC_ICM_UTC2";"Buy";"18077.4";"18052.4";"2024.03.06 16:30:00";"2024.03.06 16:36:00";"30.0";"-750.00";"18052.40039";"18102.40039";"68017.52";"0.00";"IST";"SL";"6m 0s";"-0.00"
"218";"USTEC_ICM_UTC2";"Buy";"18039.5";"18049.2";"2024.03.08 22:45:00";"2024.03.08 22:55:00";"30.0";"290.97";"18014.50000";"18064.50000";"68308.49";"0.00";"IST";"End Of Friday (Time)";"10m 0s";"-0.00"
"219";"USTEC_ICM_UTC2";"Buy";"17914.2";"17939.2";"2024.03.11 16:30:00";"2024.03.11 16:30:00";"30.0";"750.00";"17889.19922";"17939.19922";"69058.49";"0.00";"IST";"PT";"0s";"-0.00"
"220";"USTEC_ICM_UTC2";"Buy";"18089.2";"18064.2";"2024.03.13 17:15:00";"2024.03.13 17:29:00";"30.0";"-750.00";"18064.19922";"18114.19922";"68308.49";"0.00";"IST";"SL";"14m 0s";"-0.00"
"221";"USTEC_ICM_UTC2";"Buy";"18050.3";"18075.3";"2024.03.14 17:00:00";"2024.03.14 17:01:00";"30.0";"750.00";"18025.30078";"18075.30078";"69058.49";"0.00";"IST";"PT";"1m 0s";"-0.00"
"222";"USTEC_ICM_UTC2";"Buy";"17859.8";"17884.8";"2024.03.15 16:30:00";"2024.03.15 16:36:00";"30.0";"750.00";"17834.80078";"17884.80078";"69808.49";"0.00";"IST";"PT";"6m 0s";"-0.00"
"223";"USTEC_ICM_UTC2";"Buy";"18028.8";"18003.8";"2024.03.18 21:00:00";"2024.03.18 21:50:00";"30.0";"-750.00";"18003.80078";"18053.80078";"69058.49";"0.00";"IST";"SL";"50m 0s";"-0.00"
"224";"USTEC_ICM_UTC2";"Buy";"17883.8";"17858.8";"2024.03.19 16:45:00";"2024.03.19 17:25:00";"30.0";"-750.00";"17858.80078";"17908.80078";"68308.49";"0.00";"IST";"SL";"40m 0s";"-0.00"
"225";"USTEC_ICM_UTC2";"Buy";"18149.4";"18174.4";"2024.03.20 20:45:00";"2024.03.20 20:45:00";"30.0";"750.00";"18124.40039";"18174.40039";"69058.49";"0.00";"IST";"PT";"0s";"-0.00"
"226";"USTEC_ICM_UTC2";"Buy";"18300.3";"18275.3";"2024.03.22 16:30:00";"2024.03.22 16:37:00";"30.0";"-750.00";"18275.30078";"18325.30078";"68308.49";"0.00";"IST";"SL";"7m 0s";"-0.00"
"227";"USTEC_ICM_UTC2";"Buy";"18290.0";"18315.0";"2024.03.25 16:45:00";"2024.03.25 17:41:00";"30.0";"750.00";"18265.00000";"18315.00000";"69058.49";"0.00";"IST";"PT";"56m 0s";"-0.00"
"228";"USTEC_ICM_UTC2";"Buy";"18333.9";"18358.9";"2024.03.26 17:00:00";"2024.03.26 18:01:00";"30.0";"750.00";"18308.90039";"18358.90039";"69808.49";"0.00";"IST";"PT";"1h 1m";"-0.00"
"229";"USTEC_ICM_UTC2";"Buy";"18193.6";"18218.6";"2024.03.27 16:30:00";"2024.03.27 16:41:00";"30.0";"750.00";"18168.59961";"18218.59961";"70558.49";"0.00";"IST";"PT";"11m 0s";"-0.00"
"230";"USTEC_ICM_UTC2";"Buy";"18264.1";"18289.1";"2024.03.28 16:30:00";"2024.03.28 16:36:00";"30.0";"750.00";"18239.09961";"18289.09961";"71308.49";"0.00";"IST";"PT";"6m 0s";"-0.00"
"231";"USTEC_ICM_UTC2";"Buy";"18375.4";"18350.4";"2024.04.01 16:45:00";"2024.04.01 17:04:00";"30.0";"-750.00";"18350.40039";"18400.40039";"70558.49";"0.00";"IST";"SL";"19m 0s";"-0.00"
"232";"USTEC_ICM_UTC2";"Buy";"18044.5";"18019.5";"2024.04.02 17:00:00";"2024.04.02 17:00:00";"30.0";"-750.00";"18019.50000";"18069.50000";"69808.49";"0.00";"IST";"SL";"0s";"-0.00"
"233";"USTEC_ICM_UTC2";"Buy";"18052.7";"18077.7";"2024.04.03 16:45:00";"2024.04.03 16:55:00";"30.0";"750.00";"18027.69922";"18077.69922";"70558.49";"0.00";"IST";"PT";"10m 0s";"-0.00"
"234";"USTEC_ICM_UTC2";"Buy";"18025.1";"18000.1";"2024.04.04 22:00:00";"2024.04.04 22:00:00";"30.0";"-750.00";"18000.09961";"18050.09961";"69808.49";"0.00";"IST";"SL";"0s";"-0.00"
"235";"USTEC_ICM_UTC2";"Buy";"17950.7";"17975.7";"2024.04.05 16:30:00";"2024.04.05 16:32:00";"30.0";"750.00";"17925.69922";"17975.69922";"70558.49";"0.00";"IST";"PT";"2m 0s";"-0.00"
"236";"USTEC_ICM_UTC2";"Buy";"18027.2";"18052.2";"2024.04.09 18:00:00";"2024.04.09 18:09:00";"30.0";"750.00";"18002.19922";"18052.19922";"71308.49";"0.00";"IST";"PT";"9m 0s";"-0.00"
"237";"USTEC_ICM_UTC2";"Buy";"17951.1";"17976.1";"2024.04.10 16:30:00";"2024.04.10 16:32:00";"30.0";"750.00";"17926.09961";"17976.09961";"72058.49";"0.00";"IST";"PT";"2m 0s";"-0.00"
"238";"USTEC_ICM_UTC2";"Buy";"18087.4";"18062.4";"2024.04.11 17:00:00";"2024.04.11 17:01:00";"30.0";"-750.00";"18062.40039";"18112.40039";"71308.49";"0.00";"IST";"SL";"1m 0s";"-0.00"
"239";"USTEC_ICM_UTC2";"Buy";"18048.4";"18073.4";"2024.04.12 18:15:00";"2024.04.12 18:18:00";"30.0";"750.00";"18023.40039";"18073.40039";"72058.49";"0.00";"IST";"PT";"3m 0s";"-0.00"
"240";"USTEC_ICM_UTC2";"Buy";"18058.2";"18033.2";"2024.04.15 17:30:00";"2024.04.15 17:38:00";"30.0";"-750.00";"18033.19922";"18083.19922";"71308.49";"0.00";"IST";"SL";"8m 0s";"-0.00"
"241";"USTEC_ICM_UTC2";"Buy";"17729.2";"17704.2";"2024.04.16 17:00:00";"2024.04.16 17:07:00";"30.0";"-750.00";"17704.19922";"17754.19922";"70558.49";"0.00";"IST";"SL";"7m 0s";"-0.00"
"242";"USTEC_ICM_UTC2";"Buy";"17689.1";"17664.1";"2024.04.17 17:30:00";"2024.04.17 17:36:00";"30.0";"-750.00";"17664.09961";"17714.09961";"69808.49";"0.00";"IST";"SL";"6m 0s";"-0.00"
"243";"USTEC_ICM_UTC2";"Buy";"17457.7";"17432.7";"2024.04.18 17:00:00";"2024.04.18 17:03:00";"30.0";"-750.00";"17432.69922";"17482.69922";"69058.49";"0.00";"IST";"SL";"3m 0s";"-0.00"
"244";"USTEC_ICM_UTC2";"Buy";"17344.2";"17319.2";"2024.04.19 16:45:00";"2024.04.19 16:48:00";"30.0";"-750.00";"17319.19922";"17369.19922";"68308.49";"0.00";"IST";"SL";"3m 0s";"-0.00"
"245";"USTEC_ICM_UTC2";"Buy";"17148.7";"17173.7";"2024.04.22 16:45:00";"2024.04.22 16:48:00";"30.0";"750.00";"17123.69922";"17173.69922";"69058.49";"0.00";"IST";"PT";"3m 0s";"-0.00"
"246";"USTEC_ICM_UTC2";"Buy";"17221.0";"17196.0";"2024.04.25 16:30:00";"2024.04.25 16:31:00";"30.0";"-750.00";"17196.00000";"17246.00000";"68308.49";"0.00";"IST";"SL";"1m 0s";"-0.00"
"247";"USTEC_ICM_UTC2";"Buy";"17760.6";"17735.6";"2024.04.30 16:45:00";"2024.04.30 16:46:00";"30.0";"-750.00";"17735.59961";"17785.59961";"67558.49";"0.00";"IST";"SL";"1m 0s";"-0.00"
"248";"USTEC_ICM_UTC2";"Buy";"17374.7";"17349.7";"2024.05.01 16:45:00";"2024.05.01 16:56:00";"30.0";"-750.00";"17349.69922";"17399.69922";"66808.49";"0.00";"IST";"SL";"11m 0s";"-0.00"
"249";"USTEC_ICM_UTC2";"Buy";"17394.0";"17369.0";"2024.05.02 17:30:00";"2024.05.02 17:42:00";"30.0";"-750.00";"17369.00000";"17419.00000";"66058.49";"0.00";"IST";"SL";"12m 0s";"-0.00"
"250";"USTEC_ICM_UTC2";"Buy";"18020.4";"18045.4";"2024.05.08 16:45:00";"2024.05.08 16:48:00";"30.0";"750.00";"17995.40039";"18045.40039";"66808.49";"0.00";"IST";"PT";"3m 0s";"-0.00"
"251";"USTEC_ICM_UTC2";"Buy";"18064.9";"18089.9";"2024.05.09 17:00:00";"2024.05.09 17:05:00";"30.0";"750.00";"18039.90039";"18089.90039";"67558.49";"0.00";"IST";"PT";"5m 0s";"-0.00"
"252";"USTEC_ICM_UTC2";"Buy";"18224.6";"18249.6";"2024.05.10 16:45:00";"2024.05.10 16:49:00";"30.0";"750.00";"18199.59961";"18249.59961";"68308.49";"0.00";"IST";"PT";"4m 0s";"-0.00"
"253";"USTEC_ICM_UTC2";"Buy";"18192.0";"18167.0";"2024.05.13 17:00:00";"2024.05.13 18:30:00";"30.0";"-750.00";"18167.00000";"18217.00000";"67558.49";"0.00";"IST";"SL";"1h 30m";"-0.00"
"254";"USTEC_ICM_UTC2";"Buy";"18219.6";"18194.6";"2024.05.14 16:45:00";"2024.05.14 16:59:00";"30.0";"-750.00";"18194.59961";"18244.59961";"66808.49";"0.00";"IST";"SL";"14m 0s";"-0.00"
"255";"USTEC_ICM_UTC2";"Buy";"18579.6";"18554.6";"2024.05.17 17:30:00";"2024.05.17 18:03:00";"30.0";"-750.00";"18554.59961";"18604.59961";"66058.49";"0.00";"IST";"SL";"33m 0s";"-0.00"
"256";"USTEC_ICM_UTC2";"Buy";"18621.4";"18646.4";"2024.05.20 16:45:00";"2024.05.20 16:52:00";"30.0";"750.00";"18596.40039";"18646.40039";"66808.49";"0.00";"IST";"PT";"7m 0s";"-0.00"
"257";"USTEC_ICM_UTC2";"Buy";"18619.6";"18644.6";"2024.05.21 16:45:00";"2024.05.21 17:28:00";"30.0";"750.00";"18594.59961";"18644.59961";"67558.49";"0.00";"IST";"PT";"43m 0s";"-0.00"
"258";"USTEC_ICM_UTC2";"Buy";"18690.3";"18665.3";"2024.05.22 21:00:00";"2024.05.22 21:00:00";"30.0";"-750.00";"18665.30078";"18715.30078";"66808.49";"0.00";"IST";"SL";"0s";"-0.00"
"259";"USTEC_ICM_UTC2";"Buy";"18828.9";"18803.9";"2024.05.23 17:15:00";"2024.05.23 17:21:00";"30.0";"-750.00";"18803.90039";"18853.90039";"66058.49";"0.00";"IST";"SL";"6m 0s";"-0.00"
"260";"USTEC_ICM_UTC2";"Buy";"18692.9";"18667.9";"2024.05.24 16:30:00";"2024.05.24 16:30:00";"30.0";"-750.00";"18667.90039";"18717.90039";"65308.49";"0.00";"IST";"SL";"0s";"-0.00"
"261";"USTEC_ICM_UTC2";"Buy";"18813.0";"18838.0";"2024.05.28 17:15:00";"2024.05.28 17:31:00";"30.0";"750.00";"18788.00000";"18838.00000";"66058.49";"0.00";"IST";"PT";"16m 0s";"-0.00"
"262";"USTEC_ICM_UTC2";"Buy";"18722.8";"18747.8";"2024.05.29 16:45:00";"2024.05.29 16:50:00";"30.0";"750.00";"18697.80078";"18747.80078";"66808.49";"0.00";"IST";"PT";"5m 0s";"-0.00"
"263";"USTEC_ICM_UTC2";"Buy";"18702.7";"18677.7";"2024.05.30 16:30:00";"2024.05.30 16:34:00";"30.0";"-750.00";"18677.69922";"18727.69922";"66058.49";"0.00";"IST";"SL";"4m 0s";"-0.00"
"264";"USTEC_ICM_UTC2";"Buy";"18557.1";"18532.1";"2024.05.31 16:45:00";"2024.05.31 16:45:00";"30.0";"-750.00";"18532.09961";"18582.09961";"65308.49";"0.00";"IST";"SL";"0s";"-0.00"
"265";"USTEC_ICM_UTC2";"Buy";"18646.6";"18621.6";"2024.06.03 17:15:00";"2024.06.03 17:32:00";"30.0";"-750.00";"18621.59961";"18671.59961";"64558.49";"0.00";"IST";"SL";"17m 0s";"-0.00"
"266";"USTEC_ICM_UTC2";"Buy";"18557.0";"18582.0";"2024.06.04 17:00:00";"2024.06.04 17:00:00";"30.0";"750.00";"18532.00000";"18582.00000";"65308.49";"0.00";"IST";"PT";"0s";"-0.00"
"267";"USTEC_ICM_UTC2";"Buy";"18999.1";"19024.1";"2024.06.07 17:00:00";"2024.06.07 17:37:00";"30.0";"750.00";"18974.09961";"19024.09961";"66058.49";"0.00";"IST";"PT";"37m 0s";"-0.00"
"268";"USTEC_ICM_UTC2";"Buy";"18964.2";"18989.2";"2024.06.10 16:45:00";"2024.06.10 17:21:00";"30.0";"750.00";"18939.19922";"18989.19922";"66808.49";"0.00";"IST";"PT";"36m 0s";"-0.00"
"269";"USTEC_ICM_UTC2";"Buy";"19027.7";"19052.7";"2024.06.11 17:15:00";"2024.06.11 17:27:00";"30.0";"750.00";"19002.69922";"19052.69922";"67558.49";"0.00";"IST";"PT";"12m 0s";"-0.00"
"270";"USTEC_ICM_UTC2";"Buy";"19555.8";"19580.8";"2024.06.14 16:30:00";"2024.06.14 16:45:00";"30.0";"750.00";"19530.80078";"19580.80078";"68308.49";"0.00";"IST";"PT";"15m 0s";"-0.00"
"271";"USTEC_ICM_UTC2";"Buy";"19975.9";"19950.9";"2024.06.20 16:45:00";"2024.06.20 16:51:00";"30.0";"-750.00";"19950.90039";"20000.90039";"67558.49";"0.00";"IST";"SL";"6m 0s";"-0.00"
"272";"USTEC_ICM_UTC2";"Buy";"19724.8";"19699.8";"2024.06.21 17:15:00";"2024.06.21 17:23:00";"30.0";"-750.00";"19699.80078";"19749.80078";"66808.49";"0.00";"IST";"SL";"8m 0s";"-0.00"
"273";"USTEC_ICM_UTC2";"Buy";"19649.3";"19674.3";"2024.06.24 16:30:00";"2024.06.24 16:33:00";"30.0";"750.00";"19624.30078";"19674.30078";"67558.49";"0.00";"IST";"PT";"3m 0s";"-0.00"
"274";"USTEC_ICM_UTC2";"Buy";"19627.6";"19602.6";"2024.06.25 17:15:00";"2024.06.25 17:17:00";"30.0";"-750.00";"19602.59961";"19652.59961";"66808.49";"0.00";"IST";"SL";"2m 0s";"-0.00"
"275";"USTEC_ICM_UTC2";"Buy";"19732.0";"19757.0";"2024.06.27 16:30:00";"2024.06.27 16:31:00";"30.0";"750.00";"19707.00000";"19757.00000";"67558.49";"0.00";"IST";"PT";"1m 0s";"-0.00"
"276";"USTEC_ICM_UTC2";"Buy";"19790.6";"19815.6";"2024.06.28 20:00:00";"2024.06.28 20:10:00";"30.0";"750.00";"19765.59961";"19815.59961";"68308.49";"0.00";"IST";"PT";"10m 0s";"-0.00"
"277";"USTEC_ICM_UTC2";"Buy";"19675.3";"19650.3";"2024.07.01 16:45:00";"2024.07.01 16:46:00";"30.0";"-750.00";"19650.30078";"19700.30078";"67558.49";"0.00";"IST";"SL";"1m 0s";"-0.00"
"278";"USTEC_ICM_UTC2";"Buy";"19821.4";"19846.4";"2024.07.02 17:30:00";"2024.07.02 17:35:00";"30.0";"750.00";"19796.40039";"19846.40039";"68308.49";"0.00";"IST";"PT";"5m 0s";"-0.00"
"279";"USTEC_ICM_UTC2";"Buy";"20210.8";"20235.8";"2024.07.05 16:30:00";"2024.07.05 16:31:00";"30.0";"750.00";"20185.80078";"20235.80078";"69058.49";"0.00";"IST";"PT";"1m 0s";"-0.00"
"280";"USTEC_ICM_UTC2";"Buy";"20541.6";"20566.6";"2024.07.10 17:00:00";"2024.07.10 17:10:00";"30.0";"750.00";"20516.59961";"20566.59961";"69808.49";"0.00";"IST";"PT";"10m 0s";"-0.00"
"281";"USTEC_ICM_UTC2";"Buy";"20406.4";"20381.4";"2024.07.11 18:15:00";"2024.07.11 18:20:00";"30.0";"-750.00";"20381.40039";"20431.40039";"69058.49";"0.00";"IST";"SL";"5m 0s";"-0.00"
"282";"USTEC_ICM_UTC2";"Buy";"20237.7";"20262.7";"2024.07.12 16:45:00";"2024.07.12 16:46:00";"30.0";"750.00";"20212.69922";"20262.69922";"69808.49";"0.00";"IST";"PT";"1m 0s";"-0.00"
"283";"USTEC_ICM_UTC2";"Buy";"20320.7";"20345.7";"2024.07.16 17:30:00";"2024.07.16 17:39:00";"30.0";"750.00";"20295.69922";"20345.69922";"70558.49";"0.00";"IST";"PT";"9m 0s";"-0.00"
"284";"USTEC_ICM_UTC2";"Buy";"19933.3";"19958.3";"2024.07.17 17:30:00";"2024.07.17 17:34:00";"30.0";"750.00";"19908.30078";"19958.30078";"71308.49";"0.00";"IST";"PT";"4m 0s";"-0.00"
"285";"USTEC_ICM_UTC2";"Buy";"19877.0";"19852.0";"2024.07.18 17:00:00";"2024.07.18 17:02:00";"30.0";"-750.00";"19852.00000";"19902.00000";"70558.49";"0.00";"IST";"SL";"2m 0s";"-0.00"
"286";"USTEC_ICM_UTC2";"Buy";"19718.7";"19693.7";"2024.07.19 16:45:00";"2024.07.19 16:45:00";"30.0";"-750.00";"19693.69922";"19743.69922";"69808.49";"0.00";"IST";"SL";"0s";"-0.00"
"287";"USTEC_ICM_UTC2";"Buy";"19794.7";"19769.7";"2024.07.22 17:00:00";"2024.07.22 17:01:00";"30.0";"-750.00";"19769.69922";"19819.69922";"69058.49";"0.00";"IST";"SL";"1m 0s";"-0.00"
"288";"USTEC_ICM_UTC2";"Buy";"19323.8";"19298.8";"2024.07.24 17:30:00";"2024.07.24 17:37:00";"30.0";"-750.00";"19298.80078";"19348.80078";"68308.49";"0.00";"IST";"SL";"7m 0s";"-0.00"
"289";"USTEC_ICM_UTC2";"Buy";"18916.9";"18891.9";"2024.07.25 17:30:00";"2024.07.25 17:33:00";"30.0";"-750.00";"18891.90039";"18941.90039";"67558.49";"0.00";"IST";"SL";"3m 0s";"-0.00"
"290";"USTEC_ICM_UTC2";"Buy";"18988.4";"18963.4";"2024.07.26 17:30:00";"2024.07.26 17:30:00";"30.0";"-750.00";"18963.40039";"19013.40039";"66808.49";"0.00";"IST";"SL";"0s";"-0.00"
"291";"USTEC_ICM_UTC2";"Buy";"19117.9";"19142.9";"2024.07.29 19:00:00";"2024.07.29 19:05:00";"30.0";"750.00";"19092.90039";"19142.90039";"67558.49";"0.00";"IST";"PT";"5m 0s";"-0.00"
"292";"USTEC_ICM_UTC2";"Buy";"18880.9";"18855.9";"2024.07.30 18:30:00";"2024.07.30 18:32:00";"30.0";"-750.00";"18855.90039";"18905.90039";"66808.49";"0.00";"IST";"SL";"2m 0s";"-0.00"
"293";"USTEC_ICM_UTC2";"Buy";"19084.8";"19059.8";"2024.08.01 19:15:00";"2024.08.01 19:19:00";"30.0";"-750.00";"19059.80078";"19109.80078";"66058.49";"0.00";"IST";"SL";"4m 0s";"-0.00"
"294";"USTEC_ICM_UTC2";"Buy";"18550.2";"18575.2";"2024.08.02 16:45:00";"2024.08.02 16:45:00";"30.0";"750.00";"18525.19922";"18575.19922";"66808.49";"0.00";"IST";"PT";"0s";"-0.00"
"295";"USTEC_ICM_UTC2";"Buy";"17662.6";"17687.6";"2024.08.05 16:45:00";"2024.08.05 16:45:00";"30.0";"750.00";"17637.59961";"17687.59961";"67558.49";"0.00";"IST";"PT";"0s";"-0.00"
"296";"USTEC_ICM_UTC2";"Buy";"18029.5";"18004.5";"2024.08.06 17:00:00";"2024.08.06 17:00:00";"30.0";"-750.00";"18004.50000";"18054.50000";"66808.49";"0.00";"IST";"SL";"0s";"-0.00"
"297";"USTEC_ICM_UTC2";"Buy";"18093.1";"18118.1";"2024.08.07 20:30:00";"2024.08.07 20:31:00";"30.0";"750.00";"18068.09961";"18118.09961";"67558.49";"0.00";"IST";"PT";"1m 0s";"-0.00"
"298";"USTEC_ICM_UTC2";"Buy";"18105.0";"18130.0";"2024.08.08 17:00:00";"2024.08.08 17:02:00";"30.0";"750.00";"18080.00000";"18130.00000";"68308.49";"0.00";"IST";"PT";"2m 0s";"-0.00"
"299";"USTEC_ICM_UTC2";"Buy";"18562.0";"18587.0";"2024.08.12 17:15:00";"2024.08.12 17:21:00";"30.0";"750.00";"18537.00000";"18587.00000";"69058.49";"0.00";"IST";"PT";"6m 0s";"-0.00"
"300";"USTEC_ICM_UTC2";"Buy";"19513.3";"19488.3";"2024.08.19 16:45:00";"2024.08.19 16:55:00";"30.0";"-750.00";"19488.30078";"19538.30078";"68308.49";"0.00";"IST";"SL";"10m 0s";"-0.00"
"301";"USTEC_ICM_UTC2";"Buy";"19790.2";"19765.2";"2024.08.21 17:30:00";"2024.08.21 17:32:00";"30.0";"-750.00";"19765.19922";"19815.19922";"67558.49";"0.00";"IST";"SL";"2m 0s";"-0.00"
"302";"USTEC_ICM_UTC2";"Buy";"19829.9";"19804.9";"2024.08.22 17:30:00";"2024.08.22 17:30:00";"30.0";"-750.00";"19804.90039";"19854.90039";"66808.49";"0.00";"IST";"SL";"0s";"-0.00"
"303";"USTEC_ICM_UTC2";"Buy";"19676.8";"19701.8";"2024.08.23 17:00:00";"2024.08.23 17:00:00";"30.0";"750.00";"19651.80078";"19701.80078";"67558.49";"0.00";"IST";"PT";"0s";"-0.00"
"304";"USTEC_ICM_UTC2";"Buy";"19528.3";"19553.3";"2024.08.26 18:00:00";"2024.08.26 18:23:00";"30.0";"750.00";"19503.30078";"19553.30078";"68308.49";"0.00";"IST";"PT";"23m 0s";"-0.00"
"305";"USTEC_ICM_UTC2";"Buy";"19453.2";"19428.2";"2024.08.27 16:30:00";"2024.08.27 16:33:00";"30.0";"-750.00";"19428.19922";"19478.19922";"67558.49";"0.00";"IST";"SL";"3m 0s";"-0.00"
"306";"USTEC_ICM_UTC2";"Buy";"19515.1";"19490.1";"2024.08.28 17:30:00";"2024.08.28 17:34:00";"30.0";"-750.00";"19490.09961";"19540.09961";"66808.49";"0.00";"IST";"SL";"4m 0s";"-0.00"
"307";"USTEC_ICM_UTC2";"Buy";"19433.6";"19458.6";"2024.08.29 16:30:00";"2024.08.29 16:31:00";"30.0";"750.00";"19408.59961";"19458.59961";"67558.49";"0.00";"IST";"PT";"1m 0s";"-0.00"
"308";"USTEC_ICM_UTC2";"Buy";"19412.8";"19437.8";"2024.08.30 20:00:00";"2024.08.30 20:03:00";"30.0";"750.00";"19387.80078";"19437.80078";"68308.49";"0.00";"IST";"PT";"3m 0s";"-0.00"
"309";"USTEC_ICM_UTC2";"Buy";"19305.2";"19280.2";"2024.09.03 17:00:00";"2024.09.03 17:00:00";"30.0";"-750.00";"19280.19922";"19330.19922";"67558.49";"0.00";"IST";"SL";"0s";"-0.00"
"310";"USTEC_ICM_UTC2";"Buy";"18898.2";"18923.2";"2024.09.04 16:45:00";"2024.09.04 16:45:00";"30.0";"750.00";"18873.19922";"18923.19922";"68308.49";"0.00";"IST";"PT";"0s";"-0.00"
"311";"USTEC_ICM_UTC2";"Buy";"18951.5";"18976.5";"2024.09.05 16:45:00";"2024.09.05 16:45:00";"30.0";"750.00";"18926.50000";"18976.50000";"69058.49";"0.00";"IST";"PT";"0s";"-0.00"
"312";"USTEC_ICM_UTC2";"Buy";"18707.2";"18682.2";"2024.09.06 17:15:00";"2024.09.06 17:24:00";"30.0";"-750.00";"18682.19922";"18732.19922";"68308.49";"0.00";"IST";"SL";"9m 0s";"-0.00"
"313";"USTEC_ICM_UTC2";"Buy";"18537.1";"18562.1";"2024.09.09 18:30:00";"2024.09.09 18:36:00";"30.0";"750.00";"18512.09961";"18562.09961";"69058.49";"0.00";"IST";"PT";"6m 0s";"-0.00"
"314";"USTEC_ICM_UTC2";"Buy";"18754.5";"18729.5";"2024.09.10 17:30:00";"2024.09.10 17:32:00";"30.0";"-750.00";"18729.50000";"18779.50000";"68308.49";"0.00";"IST";"SL";"2m 0s";"-0.00"
"315";"USTEC_ICM_UTC2";"Buy";"18663.8";"18638.8";"2024.09.11 18:15:00";"2024.09.11 18:21:00";"30.0";"-750.00";"18638.80078";"18688.80078";"67558.49";"0.00";"IST";"SL";"6m 0s";"-0.00"
"316";"USTEC_ICM_UTC2";"Buy";"19478.0";"19453.0";"2024.09.13 16:45:00";"2024.09.13 16:46:00";"30.0";"-750.00";"19453.00000";"19503.00000";"66808.49";"0.00";"IST";"SL";"1m 0s";"-0.00"
"317";"USTEC_ICM_UTC2";"Buy";"19419.5";"19394.5";"2024.09.16 16:30:00";"2024.09.16 16:30:00";"30.0";"-750.00";"19394.50000";"19444.50000";"66058.49";"0.00";"IST";"SL";"0s";"-0.00"
"318";"USTEC_ICM_UTC2";"Buy";"19547.7";"19572.7";"2024.09.17 16:30:00";"2024.09.17 16:31:00";"30.0";"750.00";"19522.69922";"19572.69922";"66808.49";"0.00";"IST";"PT";"1m 0s";"-0.00"
"319";"USTEC_ICM_UTC2";"Buy";"19453.7";"19428.7";"2024.09.18 17:30:00";"2024.09.18 17:37:00";"30.0";"-750.00";"19428.69922";"19478.69922";"66058.49";"0.00";"IST";"SL";"7m 0s";"-0.00"
"320";"USTEC_ICM_UTC2";"Buy";"19675.7";"19700.7";"2024.09.20 18:30:00";"2024.09.20 18:34:00";"30.0";"750.00";"19650.69922";"19700.69922";"66808.49";"0.00";"IST";"PT";"4m 0s";"-0.00"
"321";"USTEC_ICM_UTC2";"Buy";"19832.1";"19857.1";"2024.09.23 16:45:00";"2024.09.23 16:49:00";"30.0";"750.00";"19807.09961";"19857.09961";"67558.49";"0.00";"IST";"PT";"4m 0s";"-0.00"
"322";"USTEC_ICM_UTC2";"Buy";"19767.0";"19792.0";"2024.09.24 17:45:00";"2024.09.24 17:46:00";"30.0";"750.00";"19742.00000";"19792.00000";"68308.49";"0.00";"IST";"PT";"1m 0s";"-0.00"
"323";"USTEC_ICM_UTC2";"Buy";"19952.4";"19977.4";"2024.09.25 16:45:00";"2024.09.25 16:49:00";"30.0";"750.00";"19927.40039";"19977.40039";"69058.49";"0.00";"IST";"PT";"4m 0s";"-0.00"
"324";"USTEC_ICM_UTC2";"Buy";"20034.2";"20009.2";"2024.09.26 18:15:00";"2024.09.26 18:20:00";"30.0";"-750.00";"20009.19922";"20059.19922";"68308.49";"0.00";"IST";"SL";"5m 0s";"-0.00"
"325";"USTEC_ICM_UTC2";"Buy";"20048.8";"20023.8";"2024.09.27 18:30:00";"2024.09.27 18:31:00";"30.0";"-750.00";"20023.80078";"20073.80078";"67558.49";"0.00";"IST";"SL";"1m 0s";"-0.00"
"326";"USTEC_ICM_UTC2";"Buy";"20032.8";"20007.8";"2024.09.30 16:45:00";"2024.09.30 16:55:00";"30.0";"-750.00";"20007.80078";"20057.80078";"66808.49";"0.00";"IST";"SL";"10m 0s";"-0.00"
"327";"USTEC_ICM_UTC2";"Buy";"19747.0";"19722.0";"2024.10.01 17:45:00";"2024.10.01 17:52:00";"30.0";"-750.00";"19722.00000";"19772.00000";"66058.49";"0.00";"IST";"SL";"7m 0s";"-0.00"
"328";"USTEC_ICM_UTC2";"Buy";"19711.0";"19736.0";"2024.10.02 17:00:00";"2024.10.02 17:02:00";"30.0";"750.00";"19686.00000";"19736.00000";"66808.49";"0.00";"IST";"PT";"2m 0s";"-0.00"
"329";"USTEC_ICM_UTC2";"Buy";"19711.5";"19736.5";"2024.10.03 16:30:00";"2024.10.03 16:32:00";"30.0";"750.00";"19686.50000";"19736.50000";"67558.49";"0.00";"IST";"PT";"2m 0s";"-0.00"
"330";"USTEC_ICM_UTC2";"Buy";"19894.4";"19869.4";"2024.10.04 17:45:00";"2024.10.04 17:47:00";"30.0";"-750.00";"19869.40039";"19919.40039";"66808.49";"0.00";"IST";"SL";"2m 0s";"-0.00"
"331";"USTEC_ICM_UTC2";"Buy";"19778.8";"19803.8";"2024.10.07 22:45:00";"2024.10.07 22:50:00";"30.0";"750.00";"19753.80078";"19803.80078";"67558.49";"0.00";"IST";"PT";"5m 0s";"-0.00"
"332";"USTEC_ICM_UTC2";"Buy";"19965.9";"19990.9";"2024.10.08 17:00:00";"2024.10.08 17:00:00";"30.0";"750.00";"19940.90039";"19990.90039";"68308.49";"0.00";"IST";"PT";"0s";"-0.00"
"333";"USTEC_ICM_UTC2";"Buy";"20158.9";"20183.9";"2024.10.11 16:45:00";"2024.10.11 16:51:00";"30.0";"750.00";"20133.90039";"20183.90039";"69058.49";"0.00";"IST";"PT";"6m 0s";"-0.00"
"334";"USTEC_ICM_UTC2";"Buy";"20225.0";"20250.0";"2024.10.15 18:00:00";"2024.10.15 18:02:00";"30.0";"750.00";"20200.00000";"20250.00000";"69808.49";"0.00";"IST";"PT";"2m 0s";"-0.00"
"335";"USTEC_ICM_UTC2";"Buy";"20131.3";"20156.3";"2024.10.16 17:15:00";"2024.10.16 17:24:00";"30.0";"750.00";"20106.30078";"20156.30078";"70558.49";"0.00";"IST";"PT";"9m 0s";"-0.00"
"336";"USTEC_ICM_UTC2";"Buy";"20272.0";"20247.0";"2024.10.17 17:30:00";"2024.10.17 17:37:00";"30.0";"-750.00";"20247.00000";"20297.00000";"69808.49";"0.00";"IST";"SL";"7m 0s";"-0.00"
"337";"USTEC_ICM_UTC2";"Buy";"20247.9";"20272.9";"2024.10.21 18:45:00";"2024.10.21 18:49:00";"30.0";"750.00";"20222.90039";"20272.90039";"70558.49";"0.00";"IST";"PT";"4m 0s";"-0.00"
"338";"USTEC_ICM_UTC2";"Buy";"20244.4";"20219.4";"2024.10.22 16:30:00";"2024.10.22 16:31:00";"30.0";"-750.00";"20219.40039";"20269.40039";"69808.49";"0.00";"IST";"SL";"1m 0s";"-0.00"
"339";"USTEC_ICM_UTC2";"Buy";"20271.5";"20296.5";"2024.10.23 16:45:00";"2024.10.23 16:58:00";"30.0";"750.00";"20246.50000";"20296.50000";"70558.49";"0.00";"IST";"PT";"13m 0s";"-0.00"
"340";"USTEC_ICM_UTC2";"Buy";"20194.1";"20219.1";"2024.10.24 17:00:00";"2024.10.24 17:02:00";"30.0";"750.00";"20169.09961";"20219.09961";"71308.49";"0.00";"IST";"PT";"2m 0s";"-0.00"
"341";"USTEC_ICM_UTC2";"Buy";"20366.6";"20341.6";"2024.10.25 21:00:00";"2024.10.25 21:03:00";"30.0";"-750.00";"20341.59961";"20391.59961";"70558.49";"0.00";"IST";"SL";"3m 0s";"-0.00"
"342";"USTEC_ICM_UTC2";"Buy";"20439.7";"20464.7";"2024.10.29 16:45:00";"2024.10.29 17:16:00";"30.0";"750.00";"20414.69922";"20464.69922";"71308.49";"0.00";"IST";"PT";"31m 0s";"-0.00"
"343";"USTEC_ICM_UTC2";"Buy";"20438.8";"20463.8";"2024.10.30 20:00:00";"2024.10.30 20:07:00";"30.0";"750.00";"20413.80078";"20463.80078";"72058.49";"0.00";"IST";"PT";"7m 0s";"-0.00"
"344";"USTEC_ICM_UTC2";"Buy";"20010.5";"19985.5";"2024.10.31 16:30:00";"2024.10.31 16:44:00";"30.0";"-750.00";"19985.50000";"20035.50000";"71308.49";"0.00";"IST";"SL";"14m 0s";"-0.00"
"345";"USTEC_ICM_UTC2";"Buy";"20115.0";"20140.0";"2024.11.01 17:00:00";"2024.11.01 17:14:00";"30.0";"750.00";"20090.00000";"20140.00000";"72058.49";"0.00";"IST";"PT";"14m 0s";"-0.00"
"346";"USTEC_ICM_UTC2";"Buy";"20002.7";"19977.7";"2024.11.04 16:30:00";"2024.11.04 16:31:00";"30.0";"-750.00";"19977.69922";"20027.69922";"71308.49";"0.00";"IST";"SL";"1m 0s";"-0.00"
"347";"USTEC_ICM_UTC2";"Buy";"20036.3";"20061.3";"2024.11.05 16:30:00";"2024.11.05 16:30:00";"30.0";"750.00";"20011.30078";"20061.30078";"72058.49";"0.00";"IST";"PT";"0s";"-0.00"
"348";"USTEC_ICM_UTC2";"Buy";"21082.3";"21107.3";"2024.11.11 17:15:00";"2024.11.11 17:33:00";"30.0";"750.00";"21057.30078";"21107.30078";"72808.49";"0.00";"IST";"PT";"18m 0s";"-0.00"
"349";"USTEC_ICM_UTC2";"Buy";"21073.6";"21048.6";"2024.11.12 18:30:00";"2024.11.12 18:39:00";"30.0";"-750.00";"21048.59961";"21098.59961";"72058.49";"0.00";"IST";"SL";"9m 0s";"-0.00"
"350";"USTEC_ICM_UTC2";"Buy";"21072.0";"21047.0";"2024.11.13 16:45:00";"2024.11.13 16:46:00";"30.0";"-750.00";"21047.00000";"21097.00000";"71308.49";"0.00";"IST";"SL";"1m 0s";"-0.00"
"351";"USTEC_ICM_UTC2";"Buy";"21028.1";"21053.1";"2024.11.14 16:30:00";"2024.11.14 16:30:00";"30.0";"750.00";"21003.09961";"21053.09961";"72058.49";"0.00";"IST";"PT";"0s";"-0.00"
"352";"USTEC_ICM_UTC2";"Buy";"20593.1";"20568.1";"2024.11.15 17:00:00";"2024.11.15 17:05:00";"30.0";"-750.00";"20568.09961";"20618.09961";"71308.49";"0.00";"IST";"SL";"5m 0s";"-0.00"
"353";"USTEC_ICM_UTC2";"Buy";"20438.0";"20463.0";"2024.11.18 17:00:00";"2024.11.18 17:02:00";"30.0";"750.00";"20413.00000";"20463.00000";"72058.49";"0.00";"IST";"PT";"2m 0s";"-0.00"
"354";"USTEC_ICM_UTC2";"Buy";"20514.2";"20539.2";"2024.11.19 17:30:00";"2024.11.19 17:37:00";"30.0";"750.00";"20489.19922";"20539.19922";"72808.49";"0.00";"IST";"PT";"7m 0s";"-0.00"
"355";"USTEC_ICM_UTC2";"Buy";"20431.1";"20456.1";"2024.11.20 17:30:00";"2024.11.20 17:31:00";"30.0";"750.00";"20406.09961";"20456.09961";"73558.49";"0.00";"IST";"PT";"1m 0s";"-0.00"
"356";"USTEC_ICM_UTC2";"Buy";"20600.0";"20625.0";"2024.11.21 17:15:00";"2024.11.21 17:15:00";"30.0";"750.00";"20575.00000";"20625.00000";"74308.49";"0.00";"IST";"PT";"0s";"-0.00"
"357";"USTEC_ICM_UTC2";"Buy";"20766.1";"20741.1";"2024.11.22 17:45:00";"2024.11.22 17:46:00";"30.0";"-750.00";"20741.09961";"20791.09961";"73558.49";"0.00";"IST";"SL";"1m 0s";"-0.00"
"358";"USTEC_ICM_UTC2";"Buy";"20987.0";"20962.0";"2024.11.25 16:45:00";"2024.11.25 16:48:00";"30.0";"-750.00";"20962.00000";"21012.00000";"72808.49";"0.00";"IST";"SL";"3m 0s";"-0.00"
"359";"USTEC_ICM_UTC2";"Buy";"20907.6";"20932.6";"2024.11.26 16:45:00";"2024.11.26 16:45:00";"30.0";"750.00";"20882.59961";"20932.59961";"73558.49";"0.00";"IST";"PT";"0s";"-0.00"
"360";"USTEC_ICM_UTC2";"Buy";"20713.6";"20688.6";"2024.11.27 17:45:00";"2024.11.27 17:48:00";"30.0";"-750.00";"20688.59961";"20738.59961";"72808.49";"0.00";"IST";"SL";"3m 0s";"-0.00"
"361";"USTEC_ICM_UTC2";"Buy";"20829.1";"20804.1";"2024.11.28 17:30:00";"2024.11.29 02:33:00";"30.0";"-933.12";"20804.09961";"20854.09961";"71875.37";"0.00";"IST";"SL";"9h 3m";"-183.12"
"362";"USTEC_ICM_UTC2";"Buy";"20818.2";"20843.2";"2024.11.29 16:45:00";"2024.11.29 16:56:00";"30.0";"750.00";"20793.19922";"20843.19922";"72625.37";"0.00";"IST";"PT";"11m 0s";"-0.00"
"363";"USTEC_ICM_UTC2";"Buy";"21509.4";"21534.4";"2024.12.06 16:45:00";"2024.12.06 16:47:00";"30.0";"750.00";"21484.40039";"21534.40039";"73375.37";"0.00";"IST";"PT";"2m 0s";"-0.00"
"364";"USTEC_ICM_UTC2";"Buy";"21468.7";"21443.7";"2024.12.09 18:30:00";"2024.12.09 18:44:00";"30.0";"-750.00";"21443.69922";"21493.69922";"72625.37";"0.00";"IST";"SL";"14m 0s";"-0.00"
"365";"USTEC_ICM_UTC2";"Buy";"21559.9";"21534.9";"2024.12.10 17:15:00";"2024.12.10 17:26:00";"30.0";"-750.00";"21534.90039";"21584.90039";"71875.37";"0.00";"IST";"SL";"11m 0s";"-0.00"
"366";"USTEC_ICM_UTC2";"Buy";"21866.3";"21841.3";"2024.12.13 16:45:00";"2024.12.13 17:01:00";"30.0";"-750.00";"21841.30078";"21891.30078";"71125.37";"0.00";"IST";"SL";"16m 0s";"-0.00"
"367";"USTEC_ICM_UTC2";"Buy";"21959.4";"21934.4";"2024.12.18 16:30:00";"2024.12.18 16:31:00";"30.0";"-750.00";"21934.40039";"21984.40039";"70375.37";"0.00";"IST";"SL";"1m 0s";"-0.00"
"368";"USTEC_ICM_UTC2";"Buy";"21343.2";"21318.2";"2024.12.19 17:15:00";"2024.12.19 17:15:00";"30.0";"-750.00";"21318.19922";"21368.19922";"69625.37";"0.00";"IST";"SL";"0s";"-0.00"
"369";"USTEC_ICM_UTC2";"Buy";"21079.8";"21104.8";"2024.12.20 17:15:00";"2024.12.20 17:23:00";"30.0";"750.00";"21054.80078";"21104.80078";"70375.37";"0.00";"IST";"PT";"8m 0s";"-0.00"
"370";"USTEC_ICM_UTC2";"Buy";"21467.6";"21442.6";"2024.12.27 17:00:00";"2024.12.27 17:00:00";"30.0";"-750.00";"21442.59961";"21492.59961";"69625.37";"0.00";"IST";"SL";"0s";"-0.00"
"371";"USTEC_ICM_UTC2";"Buy";"21135.9";"21110.9";"2024.12.30 17:15:00";"2024.12.30 17:17:00";"30.0";"-750.00";"21110.90039";"21160.90039";"68875.37";"0.00";"IST";"SL";"2m 0s";"-0.00"
"372";"USTEC_ICM_UTC2";"Buy";"21221.8";"21196.8";"2024.12.31 17:00:00";"2024.12.31 17:06:00";"30.0";"-750.00";"21196.80078";"21246.80078";"68125.37";"0.00";"IST";"SL";"6m 0s";"-0.00"
"373";"USTEC_ICM_UTC2";"Buy";"21191.8";"21216.8";"2025.01.02 17:00:00";"2025.01.02 17:05:00";"30.0";"750.00";"21166.80078";"21216.80078";"68875.37";"0.00";"IST";"PT";"5m 0s";"-0.00"
"374";"USTEC_ICM_UTC2";"Buy";"21102.9";"21127.9";"2025.01.03 16:30:00";"2025.01.03 16:31:00";"30.0";"750.00";"21077.90039";"21127.90039";"69625.37";"0.00";"IST";"PT";"1m 0s";"-0.00"
"375";"USTEC_ICM_UTC2";"Buy";"21366.4";"21341.4";"2025.01.07 18:00:00";"2025.01.07 18:03:00";"30.0";"-750.00";"21341.40039";"21391.40039";"68875.37";"0.00";"IST";"SL";"3m 0s";"-0.00"
"376";"USTEC_ICM_UTC2";"Buy";"21171.8";"21146.8";"2025.01.08 16:30:00";"2025.01.08 16:31:00";"30.0";"-750.00";"21146.80078";"21196.80078";"68125.37";"0.00";"IST";"SL";"1m 0s";"-0.00"
"377";"USTEC_ICM_UTC2";"Buy";"20858.3";"20833.3";"2025.01.10 17:30:00";"2025.01.10 17:31:00";"30.0";"-750.00";"20833.30078";"20883.30078";"67375.37";"0.00";"IST";"SL";"1m 0s";"-0.00"
"378";"USTEC_ICM_UTC2";"Buy";"20616.4";"20591.4";"2025.01.13 16:45:00";"2025.01.13 16:45:00";"30.0";"-750.00";"20591.40039";"20641.40039";"66625.37";"0.00";"IST";"SL";"0s";"-0.00"
"379";"USTEC_ICM_UTC2";"Buy";"20918.3";"20943.3";"2025.01.14 17:15:00";"2025.01.14 17:16:00";"30.0";"750.00";"20893.30078";"20943.30078";"67375.37";"0.00";"IST";"PT";"1m 0s";"-0.00"
"380";"USTEC_ICM_UTC2";"Buy";"21141.2";"21166.2";"2025.01.15 16:45:00";"2025.01.15 16:47:00";"30.0";"750.00";"21116.19922";"21166.19922";"68125.37";"0.00";"IST";"PT";"2m 0s";"-0.00"
"381";"USTEC_ICM_UTC2";"Buy";"21492.6";"21467.6";"2025.01.21 17:30:00";"2025.01.21 17:32:00";"30.0";"-750.00";"21467.59961";"21517.59961";"67375.37";"0.00";"IST";"SL";"2m 0s";"-0.00"
"382";"USTEC_ICM_UTC2";"Buy";"21766.7";"21741.7";"2025.01.23 16:45:00";"2025.01.23 16:56:00";"30.0";"-750.00";"21741.69922";"21791.69922";"66625.37";"0.00";"IST";"SL";"11m 0s";"-0.00"
"383";"USTEC_ICM_UTC2";"Buy";"21862.3";"21837.3";"2025.01.24 17:45:00";"2025.01.24 18:04:00";"30.0";"-750.00";"21837.30078";"21887.30078";"65875.37";"0.00";"IST";"SL";"19m 0s";"-0.00"
"384";"USTEC_ICM_UTC2";"Buy";"20993.0";"21018.0";"2025.01.27 16:30:00";"2025.01.27 16:30:00";"30.0";"750.00";"20968.00000";"21018.00000";"66625.37";"0.00";"IST";"PT";"0s";"-0.00"
"385";"USTEC_ICM_UTC2";"Buy";"21176.0";"21151.0";"2025.01.28 16:30:00";"2025.01.28 16:31:00";"30.0";"-750.00";"21151.00000";"21201.00000";"65875.37";"0.00";"IST";"SL";"1m 0s";"-0.00"
"386";"USTEC_ICM_UTC2";"Buy";"21337.5";"21312.5";"2025.01.29 20:15:00";"2025.01.29 20:23:00";"30.0";"-750.00";"21312.50000";"21362.50000";"65125.37";"0.00";"IST";"SL";"8m 0s";"-0.00"
"387";"USTEC_ICM_UTC2";"Buy";"21431.8";"21456.8";"2025.01.30 17:45:00";"2025.01.30 17:48:00";"30.0";"750.00";"21406.80078";"21456.80078";"65875.37";"0.00";"IST";"PT";"3m 0s";"-0.00"
"388";"USTEC_ICM_UTC2";"Buy";"21628.1";"21603.1";"2025.01.31 21:15:00";"2025.01.31 21:18:00";"30.0";"-750.00";"21603.09961";"21653.09961";"65125.37";"0.00";"IST";"SL";"3m 0s";"-0.00"
"389";"USTEC_ICM_UTC2";"Buy";"21240.1";"21215.1";"2025.02.03 17:30:00";"2025.02.03 17:30:00";"30.0";"-750.00";"21215.09961";"21265.09961";"64375.37";"0.00";"IST";"SL";"0s";"-0.00"
"390";"USTEC_ICM_UTC2";"Buy";"21651.2";"21676.2";"2025.02.07 17:30:00";"2025.02.07 17:36:00";"30.0";"750.00";"21626.19922";"21676.19922";"65125.37";"0.00";"IST";"PT";"6m 0s";"-0.00"
"391";"USTEC_ICM_UTC2";"Buy";"21707.4";"21682.4";"2025.02.10 16:45:00";"2025.02.10 16:49:00";"30.0";"-750.00";"21682.40039";"21732.40039";"64375.37";"0.00";"IST";"SL";"4m 0s";"-0.00"
"392";"USTEC_ICM_UTC2";"Buy";"21710.5";"21735.5";"2025.02.11 17:15:00";"2025.02.11 17:28:00";"30.0";"750.00";"21685.50000";"21735.50000";"65125.37";"0.00";"IST";"PT";"13m 0s";"-0.00"
"393";"USTEC_ICM_UTC2";"Buy";"21611.7";"21636.7";"2025.02.12 17:30:00";"2025.02.12 17:36:00";"30.0";"750.00";"21586.69922";"21636.69922";"65875.37";"0.00";"IST";"PT";"6m 0s";"-0.00"
"394";"USTEC_ICM_UTC2";"Buy";"21801.2";"21776.2";"2025.02.13 16:45:00";"2025.02.13 16:47:00";"30.0";"-750.00";"21776.19922";"21826.19922";"65125.37";"0.00";"IST";"SL";"2m 0s";"-0.00"
"395";"USTEC_ICM_UTC2";"Buy";"22087.1";"22062.1";"2025.02.18 17:45:00";"2025.02.18 17:46:00";"30.0";"-750.00";"22062.09961";"22112.09961";"64375.37";"0.00";"IST";"SL";"1m 0s";"-0.00"
"396";"USTEC_ICM_UTC2";"Buy";"22075.6";"22100.6";"2025.02.19 17:30:00";"2025.02.19 17:31:00";"30.0";"750.00";"22050.59961";"22100.59961";"65125.37";"0.00";"IST";"PT";"1m 0s";"-0.00"
"397";"USTEC_ICM_UTC2";"Buy";"21960.5";"21985.5";"2025.02.20 17:15:00";"2025.02.20 17:15:00";"30.0";"750.00";"21935.50000";"21985.50000";"65875.37";"0.00";"IST";"PT";"0s";"-0.00"
"398";"USTEC_ICM_UTC2";"Buy";"21942.7";"21917.7";"2025.02.21 18:00:00";"2025.02.21 18:03:00";"30.0";"-750.00";"21917.69922";"21967.69922";"65125.37";"0.00";"IST";"SL";"3m 0s";"-0.00"
"399";"USTEC_ICM_UTC2";"Buy";"21502.3";"21477.3";"2025.02.24 17:15:00";"2025.02.24 17:18:00";"30.0";"-750.00";"21477.30078";"21527.30078";"64375.37";"0.00";"IST";"SL";"3m 0s";"-0.00"
"400";"USTEC_ICM_UTC2";"Buy";"21029.7";"21004.7";"2025.02.25 17:45:00";"2025.02.25 17:47:00";"30.0";"-750.00";"21004.69922";"21054.69922";"63625.37";"0.00";"IST";"SL";"2m 0s";"-0.00"
"401";"USTEC_ICM_UTC2";"Buy";"21174.2";"21199.2";"2025.02.26 16:45:00";"2025.02.26 16:48:00";"30.0";"750.00";"21149.19922";"21199.19922";"64375.37";"0.00";"IST";"PT";"3m 0s";"-0.00"
"402";"USTEC_ICM_UTC2";"Buy";"21011.9";"21036.9";"2025.02.27 17:15:00";"2025.02.27 17:16:00";"30.0";"750.00";"20986.90039";"21036.90039";"65125.37";"0.00";"IST";"PT";"1m 0s";"-0.00"
"403";"USTEC_ICM_UTC2";"Buy";"20561.6";"20536.6";"2025.02.28 16:45:00";"2025.02.28 16:45:00";"30.0";"-750.00";"20536.59961";"20586.59961";"64375.37";"0.00";"IST";"SL";"0s";"-0.00"
"404";"USTEC_ICM_UTC2";"Buy";"20913.5";"20938.5";"2025.03.03 17:30:00";"2025.03.03 17:30:00";"30.0";"750.00";"20888.50000";"20938.50000";"65125.37";"0.00";"IST";"PT";"0s";"-0.00"
"405";"USTEC_ICM_UTC2";"Buy";"20292.6";"20267.6";"2025.03.04 16:45:00";"2025.03.04 16:45:00";"30.0";"-750.00";"20267.59961";"20317.59961";"64375.37";"0.00";"IST";"SL";"0s";"-0.00"
"406";"USTEC_ICM_UTC2";"Buy";"20394.3";"20369.3";"2025.03.05 17:15:00";"2025.03.05 17:16:00";"30.0";"-750.00";"20369.30078";"20419.30078";"63625.37";"0.00";"IST";"SL";"1m 0s";"-0.00"
"407";"USTEC_ICM_UTC2";"Buy";"20242.6";"20267.6";"2025.03.06 17:00:00";"2025.03.06 17:00:00";"30.0";"750.00";"20217.59961";"20267.59961";"64375.37";"0.00";"IST";"PT";"0s";"-0.00"
"408";"USTEC_ICM_UTC2";"Buy";"20117.0";"20142.0";"2025.03.07 16:45:00";"2025.03.07 16:46:00";"30.0";"750.00";"20092.00000";"20142.00000";"65125.37";"0.00";"IST";"PT";"1m 0s";"-0.00"
"409";"USTEC_ICM_UTC2";"Buy";"19576.7";"19551.7";"2025.03.10 17:15:00";"2025.03.10 17:16:00";"30.0";"-750.00";"19551.69922";"19601.69922";"64375.37";"0.00";"IST";"SL";"1m 0s";"-0.00"
"410";"USTEC_ICM_UTC2";"Buy";"19300.9";"19325.9";"2025.03.11 16:45:00";"2025.03.11 16:45:00";"30.0";"750.00";"19275.90039";"19325.90039";"65125.37";"0.00";"IST";"PT";"0s";"-0.00"
"411";"USTEC_ICM_UTC2";"Buy";"19504.3";"19529.3";"2025.03.12 17:30:00";"2025.03.12 17:32:00";"30.0";"750.00";"19479.30078";"19529.30078";"65875.37";"0.00";"IST";"PT";"2m 0s";"-0.00"
"412";"USTEC_ICM_UTC2";"Buy";"19339.8";"19314.8";"2025.03.13 17:45:00";"2025.03.13 17:46:00";"30.0";"-750.00";"19314.80078";"19364.80078";"65125.37";"0.00";"IST";"SL";"1m 0s";"-0.00"
"413";"USTEC_ICM_UTC2";"Buy";"19535.1";"19560.1";"2025.03.14 16:45:00";"2025.03.14 16:47:00";"30.0";"750.00";"19510.09961";"19560.09961";"65875.37";"0.00";"IST";"PT";"2m 0s";"-0.00"
"414";"USTEC_ICM_UTC2";"Buy";"19487.9";"19462.9";"2025.03.18 16:30:00";"2025.03.18 16:32:00";"30.0";"-750.00";"19462.90039";"19512.90039";"65125.37";"0.00";"IST";"SL";"2m 0s";"-0.00"
"415";"USTEC_ICM_UTC2";"Buy";"19648.0";"19623.0";"2025.03.19 17:15:00";"2025.03.19 17:17:00";"30.0";"-750.00";"19623.00000";"19673.00000";"64375.37";"0.00";"IST";"SL";"2m 0s";"-0.00"
"416";"USTEC_ICM_UTC2";"Buy";"19596.8";"19571.8";"2025.03.21 17:00:00";"2025.03.21 17:13:00";"30.0";"-750.00";"19571.80078";"19621.80078";"63625.37";"0.00";"IST";"SL";"13m 0s";"-0.00"
"417";"USTEC_ICM_UTC2";"Buy";"20097.2";"20072.2";"2025.03.26 17:00:00";"2025.03.26 17:25:00";"30.0";"-750.00";"20072.19922";"20122.19922";"62875.37";"0.00";"IST";"SL";"25m 0s";"-0.00"
"418";"USTEC_ICM_UTC2";"Buy";"19852.6";"19877.6";"2025.03.27 18:00:00";"2025.03.27 18:04:00";"30.0";"750.00";"19827.59961";"19877.59961";"63625.37";"0.00";"IST";"PT";"4m 0s";"-0.00"
"419";"USTEC_ICM_UTC2";"Buy";"19461.2";"19436.2";"2025.03.28 16:45:00";"2025.03.28 16:46:00";"30.0";"-750.00";"19436.19922";"19486.19922";"62875.37";"0.00";"IST";"SL";"1m 0s";"-0.00"
"420";"USTEC_ICM_UTC2";"Buy";"18911.7";"18936.7";"2025.03.31 17:00:00";"2025.03.31 17:00:00";"30.0";"750.00";"18886.69922";"18936.69922";"63625.37";"0.00";"IST";"PT";"0s";"-0.00"
"421";"USTEC_ICM_UTC2";"Buy";"19163.9";"19188.9";"2025.04.01 17:30:00";"2025.04.01 17:30:00";"30.0";"750.00";"19138.90039";"19188.90039";"64375.37";"0.00";"IST";"PT";"0s";"-0.00"
"422";"USTEC_ICM_UTC2";"Buy";"19360.2";"19385.2";"2025.04.02 16:45:00";"2025.04.02 16:46:00";"30.0";"750.00";"19335.19922";"19385.19922";"65125.37";"0.00";"IST";"PT";"1m 0s";"-0.00"
"423";"USTEC_ICM_UTC2";"Buy";"18749.8";"18724.8";"2025.04.03 17:30:00";"2025.04.03 17:34:00";"30.0";"-750.00";"18724.80078";"18774.80078";"64375.37";"0.00";"IST";"SL";"4m 0s";"-0.00"
"424";"USTEC_ICM_UTC2";"Buy";"18039.3";"18014.3";"2025.04.04 17:00:00";"2025.04.04 17:00:00";"30.0";"-750.00";"18014.30078";"18064.30078";"63625.37";"0.00";"IST";"SL";"0s";"-0.00"
"425";"USTEC_ICM_UTC2";"Buy";"17137.2";"17112.2";"2025.04.07 17:00:00";"2025.04.07 17:00:00";"30.0";"-750.00";"17112.19922";"17162.19922";"62875.37";"0.00";"IST";"SL";"0s";"-0.00"
"426";"USTEC_ICM_UTC2";"Buy";"17316.8";"17341.8";"2025.04.09 17:30:00";"2025.04.09 17:31:00";"30.0";"750.00";"17291.80078";"17341.80078";"63625.37";"0.00";"IST";"PT";"1m 0s";"-0.00"
"427";"USTEC_ICM_UTC2";"Buy";"18279.3";"18304.3";"2025.04.11 16:30:00";"2025.04.11 16:30:00";"30.0";"750.00";"18254.30078";"18304.30078";"64375.37";"0.00";"IST";"PT";"0s";"-0.00"
"428";"USTEC_ICM_UTC2";"Buy";"18948.7";"18923.7";"2025.04.15 17:15:00";"2025.04.15 17:17:00";"30.0";"-750.00";"18923.69922";"18973.69922";"63625.37";"0.00";"IST";"SL";"2m 0s";"-0.00"
"429";"USTEC_ICM_UTC2";"Buy";"18424.6";"18449.6";"2025.04.16 17:15:00";"2025.04.16 17:21:00";"30.0";"750.00";"18399.59961";"18449.59961";"64375.37";"0.00";"IST";"PT";"6m 0s";"-0.00"
"430";"USTEC_ICM_UTC2";"Buy";"18354.4";"18329.4";"2025.04.17 17:00:00";"2025.04.17 17:00:00";"30.0";"-750.00";"18329.40039";"18379.40039";"63625.37";"0.00";"IST";"SL";"0s";"-0.00"
"431";"USTEC_ICM_UTC2";"Buy";"18008.2";"18033.2";"2025.04.21 16:30:00";"2025.04.21 16:31:00";"30.0";"750.00";"17983.19922";"18033.19922";"64375.37";"0.00";"IST";"PT";"1m 0s";"-0.00"
"432";"USTEC_ICM_UTC2";"Buy";"18099.3";"18124.3";"2025.04.22 16:45:00";"2025.04.22 16:45:00";"30.0";"750.00";"18074.30078";"18124.30078";"65125.37";"0.00";"IST";"PT";"0s";"-0.00"
"433";"USTEC_ICM_UTC2";"Buy";"19491.8";"19466.8";"2025.04.28 16:45:00";"2025.04.28 16:49:00";"30.0";"-750.00";"19466.80078";"19516.80078";"64375.37";"0.00";"IST";"SL";"4m 0s";"-0.00"
"434";"USTEC_ICM_UTC2";"Buy";"19371.6";"19396.6";"2025.04.29 16:45:00";"2025.04.29 16:46:00";"30.0";"750.00";"19346.59961";"19396.59961";"65125.37";"0.00";"IST";"PT";"1m 0s";"-0.00"
"435";"USTEC_ICM_UTC2";"Buy";"19200.3";"19175.3";"2025.04.30 16:30:00";"2025.04.30 16:30:00";"30.0";"-750.00";"19175.30078";"19225.30078";"64375.37";"0.00";"IST";"SL";"0s";"-0.00"
"436";"USTEC_ICM_UTC2";"Buy";"20010.1";"19985.1";"2025.05.02 16:45:00";"2025.05.02 16:47:00";"30.0";"-750.00";"19985.09961";"20035.09961";"63625.37";"0.00";"IST";"SL";"2m 0s";"-0.00"
"437";"USTEC_ICM_UTC2";"Buy";"19992.1";"20017.1";"2025.05.05 17:45:00";"2025.05.05 17:57:00";"30.0";"750.00";"19967.09961";"20017.09961";"64375.37";"0.00";"IST";"PT";"12m 0s";"-0.00"
"438";"USTEC_ICM_UTC2";"Buy";"19708.0";"19733.0";"2025.05.06 16:30:00";"2025.05.06 16:32:00";"30.0";"750.00";"19683.00000";"19733.00000";"65125.37";"0.00";"IST";"PT";"2m 0s";"-0.00"
"439";"USTEC_ICM_UTC2";"Buy";"19840.8";"19815.8";"2025.05.07 16:45:00";"2025.05.07 16:48:00";"30.0";"-750.00";"19815.80078";"19865.80078";"64375.37";"0.00";"IST";"SL";"3m 0s";"-0.00"
"440";"USTEC_ICM_UTC2";"Buy";"20009.9";"19984.9";"2025.05.08 17:30:00";"2025.05.08 17:37:00";"30.0";"-750.00";"19984.90039";"20034.90039";"63625.37";"0.00";"IST";"SL";"7m 0s";"-0.00"
"441";"USTEC_ICM_UTC2";"Buy";"20063.9";"20088.9";"2025.05.09 18:00:00";"2025.05.09 18:07:00";"30.0";"750.00";"20038.90039";"20088.90039";"64375.37";"0.00";"IST";"PT";"7m 0s";"-0.00"
"442";"USTEC_ICM_UTC2";"Buy";"21237.3";"21212.3";"2025.05.15 16:45:00";"2025.05.15 16:46:00";"30.0";"-750.00";"21212.30078";"21262.30078";"63625.37";"0.00";"IST";"SL";"1m 0s";"-0.00"
"443";"USTEC_ICM_UTC2";"Buy";"21386.2";"21361.2";"2025.05.16 16:30:00";"2025.05.16 16:30:00";"30.0";"-750.00";"21361.19922";"21411.19922";"62875.37";"0.00";"IST";"SL";"0s";"-0.00"
"444";"USTEC_ICM_UTC2";"Buy";"21124.8";"21149.8";"2025.05.19 16:30:00";"2025.05.19 16:30:00";"30.0";"750.00";"21099.80078";"21149.80078";"63625.37";"0.00";"IST";"PT";"0s";"-0.00"
"445";"USTEC_ICM_UTC2";"Buy";"21207.9";"21232.9";"2025.05.21 16:30:00";"2025.05.21 16:31:00";"30.0";"750.00";"21182.90039";"21232.90039";"64375.37";"0.00";"IST";"PT";"1m 0s";"-0.00"
"446";"USTEC_ICM_UTC2";"Buy";"21217.7";"21242.7";"2025.05.22 17:00:00";"2025.05.22 17:03:00";"30.0";"750.00";"21192.69922";"21242.69922";"65125.37";"0.00";"IST";"PT";"3m 0s";"-0.00"
"447";"USTEC_ICM_UTC2";"Buy";"20787.1";"20812.1";"2025.05.23 16:30:00";"2025.05.23 16:30:00";"30.0";"750.00";"20762.09961";"20812.09961";"65875.37";"0.00";"IST";"PT";"0s";"-0.00"
"448";"USTEC_ICM_UTC2";"Buy";"21402.5";"21427.5";"2025.05.29 17:30:00";"2025.05.29 17:48:00";"30.0";"750.00";"21377.50000";"21427.50000";"66625.37";"0.00";"IST";"PT";"18m 0s";"-0.00"
"449";"USTEC_ICM_UTC2";"Buy";"21335.8";"21310.8";"2025.05.30 16:30:00";"2025.05.30 16:30:00";"30.0";"-750.00";"21310.80078";"21360.80078";"65875.37";"0.00";"IST";"SL";"0s";"-0.00"
"450";"USTEC_ICM_UTC2";"Buy";"21248.1";"21273.1";"2025.06.02 16:30:00";"2025.06.02 16:30:00";"30.0";"750.00";"21223.09961";"21273.09961";"66625.37";"0.00";"IST";"PT";"0s";"-0.00"
"451";"USTEC_ICM_UTC2";"Buy";"21689.3";"21714.3";"2025.06.05 17:15:00";"2025.06.05 17:21:00";"30.0";"750.00";"21664.30078";"21714.30078";"67375.37";"0.00";"IST";"PT";"6m 0s";"-0.00"
"452";"USTEC_ICM_UTC2";"Buy";"21797.7";"21822.7";"2025.06.06 17:45:00";"2025.06.06 18:06:00";"30.0";"750.00";"21772.69922";"21822.69922";"68125.37";"0.00";"IST";"PT";"21m 0s";"-0.00"
"453";"USTEC_ICM_UTC2";"Buy";"21829.2";"21854.2";"2025.06.10 16:45:00";"2025.06.10 16:52:00";"30.0";"750.00";"21804.19922";"21854.19922";"68875.37";"0.00";"IST";"PT";"7m 0s";"-0.00"
"454";"USTEC_ICM_UTC2";"Buy";"21959.4";"21984.4";"2025.06.11 17:00:00";"2025.06.11 17:12:00";"30.0";"750.00";"21934.40039";"21984.40039";"69625.37";"0.00";"IST";"PT";"12m 0s";"-0.00"
"455";"USTEC_ICM_UTC2";"Buy";"21859.0";"21834.0";"2025.06.12 16:45:00";"2025.06.12 16:55:00";"30.0";"-750.00";"21834.00000";"21884.00000";"68875.37";"0.00";"IST";"SL";"10m 0s";"-0.00"
"456";"USTEC_ICM_UTC2";"Buy";"21663.7";"21688.7";"2025.06.13 16:30:00";"2025.06.13 16:30:00";"30.0";"750.00";"21638.69922";"21688.69922";"69625.37";"0.00";"IST";"PT";"0s";"-0.00"
"457";"USTEC_ICM_UTC2";"Buy";"21817.8";"21792.8";"2025.06.17 20:15:00";"2025.06.17 20:21:00";"30.0";"-750.00";"21792.80078";"21842.80078";"68875.37";"0.00";"IST";"SL";"6m 0s";"-0.00"
"458";"USTEC_ICM_UTC2";"Buy";"21775.8";"21800.8";"2025.06.18 17:00:00";"2025.06.18 17:04:00";"30.0";"750.00";"21750.80078";"21800.80078";"69625.37";"0.00";"IST";"PT";"4m 0s";"-0.00"
"459";"USTEC_ICM_UTC2";"Buy";"21556.9";"21531.9";"2025.06.19 16:30:00";"2025.06.19 16:33:00";"30.0";"-750.00";"21531.90039";"21581.90039";"68875.37";"0.00";"IST";"SL";"3m 0s";"-0.00"
"460";"USTEC_ICM_UTC2";"Buy";"21635.2";"21660.2";"2025.06.20 18:15:00";"2025.06.20 18:31:00";"30.0";"750.00";"21610.19922";"21660.19922";"69625.37";"0.00";"IST";"PT";"16m 0s";"-0.00"
"461";"USTEC_ICM_UTC2";"Buy";"21651.7";"21626.7";"2025.06.23 16:30:00";"2025.06.23 16:30:00";"30.0";"-750.00";"21626.69922";"21676.69922";"68875.37";"0.00";"IST";"SL";"0s";"-0.00"
"462";"USTEC_ICM_UTC2";"Buy";"22327.6";"22352.6";"2025.06.26 17:00:00";"2025.06.26 17:22:00";"30.0";"750.00";"22302.59961";"22352.59961";"69625.37";"0.00";"IST";"PT";"22m 0s";"-0.00"
"463";"USTEC_ICM_UTC2";"Buy";"22450.7";"22475.7";"2025.06.27 22:15:00";"2025.06.27 22:36:00";"30.0";"750.00";"22425.69922";"22475.69922";"70375.37";"0.00";"IST";"PT";"21m 0s";"-0.00"
"464";"USTEC_ICM_UTC2";"Buy";"22580.7";"22605.7";"2025.07.01 16:45:00";"2025.07.01 16:48:00";"30.0";"750.00";"22555.69922";"22605.69922";"71125.37";"0.00";"IST";"PT";"3m 0s";"-0.00"
"465";"USTEC_ICM_UTC2";"Buy";"22605.2";"22630.2";"2025.07.02 18:00:00";"2025.07.02 18:05:00";"30.0";"750.00";"22580.19922";"22630.19922";"71875.37";"0.00";"IST";"PT";"5m 0s";"-0.00"
"466";"USTEC_ICM_UTC2";"Buy";"22749.7";"22724.7";"2025.07.07 17:00:00";"2025.07.07 17:02:00";"30.0";"-750.00";"22724.69922";"22774.69922";"71125.37";"0.00";"IST";"SL";"2m 0s";"-0.00"
"467";"USTEC_ICM_UTC2";"Buy";"22689.1";"22664.1";"2025.07.08 17:15:00";"2025.07.08 17:25:00";"30.0";"-750.00";"22664.09961";"22714.09961";"70375.37";"0.00";"IST";"SL";"10m 0s";"-0.00"
"468";"USTEC_ICM_UTC2";"Buy";"22790.1";"22765.1";"2025.07.09 18:30:00";"2025.07.09 18:38:00";"30.0";"-750.00";"22765.09961";"22815.09961";"69625.37";"0.00";"IST";"SL";"8m 0s";"-0.00"
"469";"USTEC_ICM_UTC2";"Buy";"22752.7";"22777.7";"2025.07.10 17:30:00";"2025.07.10 17:39:00";"30.0";"750.00";"22727.69922";"22777.69922";"70375.37";"0.00";"IST";"PT";"9m 0s";"-0.00"
"470";"USTEC_ICM_UTC2";"Buy";"22783.3";"22808.3";"2025.07.11 17:00:00";"2025.07.11 17:22:00";"30.0";"750.00";"22758.30078";"22808.30078";"71125.37";"0.00";"IST";"PT";"22m 0s";"-0.00"
"471";"USTEC_ICM_UTC2";"Buy";"22735.5";"22760.5";"2025.07.14 17:00:00";"2025.07.14 17:10:00";"30.0";"750.00";"22710.50000";"22760.50000";"71875.37";"0.00";"IST";"PT";"10m 0s";"-0.00"
"472";"USTEC_ICM_UTC2";"Buy";"22805.9";"22830.9";"2025.07.16 17:15:00";"2025.07.16 17:22:00";"30.0";"750.00";"22780.90039";"22830.90039";"72625.37";"0.00";"IST";"PT";"7m 0s";"-0.00"
"473";"USTEC_ICM_UTC2";"Buy";"22955.5";"22980.5";"2025.07.17 16:45:00";"2025.07.17 16:52:00";"30.0";"750.00";"22930.50000";"22980.50000";"73375.37";"0.00";"IST";"PT";"7m 0s";"-0.00"
"474";"USTEC_ICM_UTC2";"Buy";"23098.6";"23123.6";"2025.07.21 16:30:00";"2025.07.21 16:30:00";"30.0";"750.00";"23073.59961";"23123.59961";"74125.37";"0.00";"IST";"PT";"0s";"-0.00"
"475";"USTEC_ICM_UTC2";"Buy";"23028.0";"23003.0";"2025.07.22 17:15:00";"2025.07.22 17:27:00";"30.0";"-750.00";"23003.00000";"23053.00000";"73375.37";"0.00";"IST";"SL";"12m 0s";"-0.00"
"476";"USTEC_ICM_UTC2";"Buy";"23108.9";"23083.9";"2025.07.23 16:30:00";"2025.07.23 16:30:00";"30.0";"-750.00";"23083.90039";"23133.90039";"72625.37";"0.00";"IST";"SL";"0s";"-0.00"
"477";"USTEC_ICM_UTC2";"Buy";"23248.8";"23273.8";"2025.07.25 17:00:00";"2025.07.25 17:34:00";"30.0";"750.00";"23223.80078";"23273.80078";"73375.37";"0.00";"IST";"PT";"34m 0s";"-0.00"
"478";"USTEC_ICM_UTC2";"Buy";"23355.1";"23380.1";"2025.07.28 16:45:00";"2025.07.28 17:00:00";"30.0";"750.00";"23330.09961";"23380.09961";"74125.37";"0.00";"IST";"PT";"15m 0s";"-0.00"
"479";"USTEC_ICM_UTC2";"Buy";"23364.3";"23339.3";"2025.07.29 19:00:00";"2025.07.29 19:17:00";"30.0";"-750.00";"23339.30078";"23389.30078";"73375.37";"0.00";"IST";"SL";"17m 0s";"-0.00"
"480";"USTEC_ICM_UTC2";"Buy";"23350.2";"23325.2";"2025.07.30 16:30:00";"2025.07.30 16:32:00";"30.0";"-750.00";"23325.19922";"23375.19922";"72625.37";"0.00";"IST";"SL";"2m 0s";"-0.00"
"481";"USTEC_ICM_UTC2";"Buy";"23538.7";"23513.7";"2025.07.31 17:00:00";"2025.07.31 17:12:00";"30.0";"-750.00";"23513.69922";"23563.69922";"71875.37";"0.00";"IST";"SL";"12m 0s";"-0.00"
"482";"USTEC_ICM_UTC2";"Buy";"22786.6";"22811.6";"2025.08.01 17:15:00";"2025.08.01 17:16:00";"30.0";"750.00";"22761.59961";"22811.59961";"72625.37";"0.00";"IST";"PT";"1m 0s";"-0.00"
"483";"USTEC_ICM_UTC2";"Buy";"22977.6";"23002.6";"2025.08.04 16:30:00";"2025.08.04 16:33:00";"30.0";"750.00";"22952.59961";"23002.59961";"73375.37";"0.00";"IST";"PT";"3m 0s";"-0.00"
"484";"USTEC_ICM_UTC2";"Buy";"23093.3";"23118.3";"2025.08.06 16:45:00";"2025.08.06 16:48:00";"30.0";"750.00";"23068.30078";"23118.30078";"74125.37";"0.00";"IST";"PT";"3m 0s";"-0.00"
"485";"USTEC_ICM_UTC2";"Buy";"23646.0";"23671.0";"2025.08.12 16:45:00";"2025.08.12 16:46:00";"30.0";"750.00";"23621.00000";"23671.00000";"74875.37";"0.00";"IST";"PT";"1m 0s";"-0.00"
"486";"USTEC_ICM_UTC2";"Buy";"23857.0";"23882.0";"2025.08.14 17:30:00";"2025.08.14 17:32:00";"30.0";"750.00";"23832.00000";"23882.00000";"75625.37";"0.00";"IST";"PT";"2m 0s";"-0.00"
"487";"USTEC_ICM_UTC2";"Buy";"23820.6";"23795.6";"2025.08.15 16:30:00";"2025.08.15 16:30:00";"30.0";"-750.00";"23795.59961";"23845.59961";"74875.37";"0.00";"IST";"SL";"0s";"-0.00"
"488";"USTEC_ICM_UTC2";"Buy";"23687.3";"23712.3";"2025.08.18 17:15:00";"2025.08.18 17:22:00";"30.0";"750.00";"23662.30078";"23712.30078";"75625.37";"0.00";"IST";"PT";"7m 0s";"-0.00"
"489";"USTEC_ICM_UTC2";"Buy";"23625.9";"23600.9";"2025.08.19 17:15:00";"2025.08.19 17:17:00";"30.0";"-750.00";"23600.90039";"23650.90039";"74875.37";"0.00";"IST";"SL";"2m 0s";"-0.00"
"490";"USTEC_ICM_UTC2";"Buy";"23345.9";"23320.9";"2025.08.20 16:30:00";"2025.08.20 16:30:00";"30.0";"-750.00";"23320.90039";"23370.90039";"74125.37";"0.00";"IST";"SL";"0s";"-0.00"
"491";"USTEC_ICM_UTC2";"Buy";"23212.7";"23237.7";"2025.08.21 17:15:00";"2025.08.21 17:22:00";"30.0";"750.00";"23187.69922";"23237.69922";"74875.37";"0.00";"IST";"PT";"7m 0s";"-0.00"
"492";"USTEC_ICM_UTC2";"Buy";"23190.8";"23165.8";"2025.08.22 16:30:00";"2025.08.22 16:30:00";"30.0";"-750.00";"23165.80078";"23215.80078";"74125.37";"0.00";"IST";"SL";"0s";"-0.00"
"493";"USTEC_ICM_UTC2";"Buy";"23404.9";"23429.9";"2025.08.26 16:30:00";"2025.08.26 16:31:00";"30.0";"750.00";"23379.90039";"23429.90039";"74875.37";"0.00";"IST";"PT";"1m 0s";"-0.00"
"494";"USTEC_ICM_UTC2";"Buy";"23579.8";"23604.8";"2025.08.28 16:30:00";"2025.08.28 16:30:00";"30.0";"750.00";"23554.80078";"23604.80078";"75625.37";"0.00";"IST";"PT";"0s";"-0.00"
"495";"USTEC_ICM_UTC2";"Buy";"23446.4";"23421.4";"2025.08.29 17:30:00";"2025.08.29 17:44:00";"30.0";"-750.00";"23421.40039";"23471.40039";"74875.37";"0.00";"IST";"SL";"14m 0s";"-0.00"
"496";"USTEC_ICM_UTC2";"Buy";"23442.1";"23417.1";"2025.09.01 17:00:00";"2025.09.02 01:59:00";"30.0";"-933.12";"23417.09961";"23467.09961";"73942.25";"0.00";"IST";"SL";"8h 59m";"-183.12"
"497";"USTEC_ICM_UTC2";"Buy";"23107.5";"23132.5";"2025.09.02 16:45:00";"2025.09.02 16:46:00";"30.0";"750.00";"23082.50000";"23132.50000";"74692.25";"0.00";"IST";"PT";"1m 0s";"-0.00"
"498";"USTEC_ICM_UTC2";"Buy";"23351.3";"23376.3";"2025.09.03 17:15:00";"2025.09.03 17:18:00";"30.0";"750.00";"23326.30078";"23376.30078";"75442.25";"0.00";"IST";"PT";"3m 0s";"-0.00"
"499";"USTEC_ICM_UTC2";"Buy";"23446.0";"23421.0";"2025.09.04 16:45:00";"2025.09.04 16:48:00";"30.0";"-750.00";"23421.00000";"23471.00000";"74692.25";"0.00";"IST";"SL";"3m 0s";"-0.00"
"500";"USTEC_ICM_UTC2";"Buy";"23537.8";"23562.8";"2025.09.05 18:15:00";"2025.09.05 18:22:00";"30.0";"750.00";"23512.80078";"23562.80078";"75442.25";"0.00";"IST";"PT";"7m 0s";"-0.00"
"501";"USTEC_ICM_UTC2";"Buy";"23827.0";"23802.0";"2025.09.08 17:30:00";"2025.09.08 18:46:00";"30.0";"-750.00";"23802.00000";"23852.00000";"74692.25";"0.00";"IST";"SL";"1h 16m";"-0.00"
"502";"USTEC_ICM_UTC2";"Buy";"23801.4";"23776.4";"2025.09.09 17:15:00";"2025.09.09 17:18:00";"30.0";"-750.00";"23776.40039";"23826.40039";"73942.25";"0.00";"IST";"SL";"3m 0s";"-0.00"
"503";"USTEC_ICM_UTC2";"Buy";"23831.1";"23806.1";"2025.09.10 21:45:00";"2025.09.10 21:53:00";"30.0";"-750.00";"23806.09961";"23856.09961";"73192.25";"0.00";"IST";"SL";"8m 0s";"-0.00"
"504";"USTEC_ICM_UTC2";"Buy";"23953.5";"23928.5";"2025.09.11 16:30:00";"2025.09.11 16:36:00";"30.0";"-750.00";"23928.50000";"23978.50000";"72442.25";"0.00";"IST";"SL";"6m 0s";"-0.00"
"505";"USTEC_ICM_UTC2";"Buy";"24171.3";"24146.3";"2025.09.17 18:00:00";"2025.09.17 19:10:00";"30.0";"-750.00";"24146.30078";"24196.30078";"71692.25";"0.00";"IST";"SL";"1h 10m";"-0.00"
"506";"USTEC_ICM_UTC2";"Buy";"24449.0";"24474.0";"2025.09.18 17:00:00";"2025.09.18 17:03:00";"30.0";"750.00";"24424.00000";"24474.00000";"72442.25";"0.00";"IST";"PT";"3m 0s";"-0.00"
"507";"USTEC_ICM_UTC2";"Buy";"24592.6";"24567.6";"2025.09.23 21:00:00";"2025.09.23 21:10:00";"30.0";"-750.00";"24567.59961";"24617.59961";"71692.25";"0.00";"IST";"SL";"10m 0s";"-0.00"
"508";"USTEC_ICM_UTC2";"Buy";"24645.1";"24620.1";"2025.09.24 16:30:00";"2025.09.24 16:32:00";"30.0";"-750.00";"24620.09961";"24670.09961";"70942.25";"0.00";"IST";"SL";"2m 0s";"-0.00"
"509";"USTEC_ICM_UTC2";"Buy";"24341.8";"24316.8";"2025.09.25 16:30:00";"2025.09.25 16:30:00";"30.0";"-750.00";"24316.80078";"24366.80078";"70192.25";"0.00";"IST";"SL";"0s";"-0.00"
"510";"USTEC_ICM_UTC2";"Buy";"24444.5";"24419.5";"2025.09.26 16:45:00";"2025.09.26 16:45:00";"30.0";"-750.00";"24419.50000";"24469.50000";"69442.25";"0.00";"IST";"SL";"0s";"-0.00"
"511";"USTEC_ICM_UTC2";"Buy";"24560.9";"24535.9";"2025.09.30 17:30:00";"2025.09.30 17:39:00";"30.0";"-750.00";"24535.90039";"24585.90039";"68692.25";"0.00";"IST";"SL";"9m 0s";"-0.00"
"512";"USTEC_ICM_UTC2";"Buy";"24608.0";"24583.0";"2025.10.01 16:45:00";"2025.10.01 16:46:00";"30.0";"-750.00";"24583.00000";"24633.00000";"67942.25";"0.00";"IST";"SL";"1m 0s";"-0.00"
"513";"USTEC_ICM_UTC2";"Buy";"24882.1";"24907.1";"2025.10.03 17:30:00";"2025.10.03 17:40:00";"30.0";"750.00";"24857.09961";"24907.09961";"68692.25";"0.00";"IST";"PT";"10m 0s";"-0.00"
"514";"USTEC_ICM_UTC2";"Buy";"24952.7";"24977.7";"2025.10.06 17:00:00";"2025.10.06 17:21:00";"30.0";"750.00";"24927.69922";"24977.69922";"69442.25";"0.00";"IST";"PT";"21m 0s";"-0.00"
"515";"USTEC_ICM_UTC2";"Buy";"24831.1";"24856.1";"2025.10.07 19:30:00";"2025.10.07 19:33:00";"30.0";"750.00";"24806.09961";"24856.09961";"70192.25";"0.00";"IST";"PT";"3m 0s";"-0.00"
"516";"USTEC_ICM_UTC2";"Buy";"24934.7";"24959.7";"2025.10.08 16:45:00";"2025.10.08 16:47:00";"30.0";"750.00";"24909.69922";"24959.69922";"70942.25";"0.00";"IST";"PT";"2m 0s";"-0.00"
"517";"USTEC_ICM_UTC2";"Buy";"25125.1";"25150.1";"2025.10.10 16:30:00";"2025.10.10 16:31:00";"30.0";"750.00";"25100.09961";"25150.09961";"71692.25";"0.00";"IST";"PT";"1m 0s";"-0.00"
"518";"USTEC_ICM_UTC2";"Buy";"24659.3";"24634.3";"2025.10.13 17:45:00";"2025.10.13 17:46:00";"30.0";"-750.00";"24634.30078";"24684.30078";"70942.25";"0.00";"IST";"SL";"1m 0s";"-0.00"
"519";"USTEC_ICM_UTC2";"Buy";"24397.5";"24422.5";"2025.10.14 17:00:00";"2025.10.14 17:04:00";"30.0";"750.00";"24372.50000";"24422.50000";"71692.25";"0.00";"IST";"PT";"4m 0s";"-0.00"
"520";"USTEC_ICM_UTC2";"Buy";"24573.7";"24598.7";"2025.10.15 20:30:00";"2025.10.15 20:33:00";"30.0";"750.00";"24548.69922";"24598.69922";"72442.25";"0.00";"IST";"PT";"3m 0s";"-0.00"
"521";"USTEC_ICM_UTC2";"Buy";"24756.1";"24731.1";"2025.10.16 20:00:00";"2025.10.16 20:01:00";"30.0";"-750.00";"24731.09961";"24781.09961";"71692.25";"0.00";"IST";"SL";"1m 0s";"-0.00"
"522";"USTEC_ICM_UTC2";"Buy";"24658.4";"24633.4";"2025.10.17 17:00:00";"2025.10.17 17:00:00";"30.0";"-750.00";"24633.40039";"24683.40039";"70942.25";"0.00";"IST";"SL";"0s";"-0.00"
"523";"USTEC_ICM_UTC2";"Buy";"25100.3";"25125.3";"2025.10.22 16:45:00";"2025.10.22 16:54:00";"30.0";"750.00";"25075.30078";"25125.30078";"71692.25";"0.00";"IST";"PT";"9m 0s";"-0.00"
"524";"USTEC_ICM_UTC2";"Buy";"24863.9";"24888.9";"2025.10.23 16:30:00";"2025.10.23 16:33:00";"30.0";"750.00";"24838.90039";"24888.90039";"72442.25";"0.00";"IST";"PT";"3m 0s";"-0.00"
"525";"USTEC_ICM_UTC2";"Buy";"26044.0";"26069.0";"2025.10.29 21:00:00";"2025.10.29 21:00:00";"30.0";"750.00";"26019.00000";"26069.00000";"73192.25";"0.00";"IST";"PT";"0s";"-0.00"
"526";"USTEC_ICM_UTC2";"Buy";"25942.0";"25917.0";"2025.10.30 16:45:00";"2025.10.30 16:45:00";"30.0";"-750.00";"25917.00000";"25967.00000";"72442.25";"0.00";"IST";"SL";"0s";"-0.00"
"527";"USTEC_ICM_UTC2";"Buy";"25972.1";"25997.1";"2025.10.31 16:30:00";"2025.10.31 16:36:00";"30.0";"750.00";"25947.09961";"25997.09961";"73192.25";"0.00";"IST";"PT";"6m 0s";"-0.00"
"528";"USTEC_ICM_UTC2";"Buy";"25957.9";"25932.9";"2025.11.03 17:45:00";"2025.11.03 17:47:00";"30.0";"-750.00";"25932.90039";"25982.90039";"72442.25";"0.00";"IST";"SL";"2m 0s";"-0.00"
"529";"USTEC_ICM_UTC2";"Buy";"25552.9";"25527.9";"2025.11.04 20:00:00";"2025.11.04 20:07:00";"30.0";"-750.00";"25527.90039";"25577.90039";"71692.25";"0.00";"IST";"SL";"7m 0s";"-0.00"
"530";"USTEC_ICM_UTC2";"Buy";"25562.9";"25537.9";"2025.11.05 17:00:00";"2025.11.05 17:02:00";"30.0";"-750.00";"25537.90039";"25587.90039";"70942.25";"0.00";"IST";"SL";"2m 0s";"-0.00"
"531";"USTEC_ICM_UTC2";"Buy";"25388.0";"25363.0";"2025.11.06 17:30:00";"2025.11.06 17:32:00";"30.0";"-750.00";"25363.00000";"25413.00000";"70192.25";"0.00";"IST";"SL";"2m 0s";"-0.00"
"532";"USTEC_ICM_UTC2";"Buy";"25001.1";"24976.1";"2025.11.07 16:30:00";"2025.11.07 16:30:00";"30.0";"-750.00";"24976.09961";"25026.09961";"69442.25";"0.00";"IST";"SL";"0s";"-0.00"
"533";"USTEC_ICM_UTC2";"Buy";"25434.9";"25409.9";"2025.11.11 17:45:00";"2025.11.11 17:46:00";"30.0";"-750.00";"25409.90039";"25459.90039";"68692.25";"0.00";"IST";"SL";"1m 0s";"-0.00"
"534";"USTEC_ICM_UTC2";"Buy";"25495.7";"25520.7";"2025.11.12 17:15:00";"2025.11.12 17:29:00";"30.0";"750.00";"25470.69922";"25520.69922";"69442.25";"0.00";"IST";"PT";"14m 0s";"-0.00"
"535";"USTEC_ICM_UTC2";"Buy";"25285.2";"25310.2";"2025.11.13 17:00:00";"2025.11.13 17:00:00";"30.0";"750.00";"25260.19922";"25310.19922";"70192.25";"0.00";"IST";"PT";"0s";"-0.00"
"536";"USTEC_ICM_UTC2";"Buy";"24630.0";"24655.0";"2025.11.14 16:30:00";"2025.11.14 16:30:00";"30.0";"750.00";"24605.00000";"24655.00000";"70942.25";"0.00";"IST";"PT";"0s";"-0.00"
"537";"USTEC_ICM_UTC2";"Buy";"25072.9";"25097.9";"2025.11.17 16:45:00";"2025.11.17 16:45:00";"30.0";"750.00";"25047.90039";"25097.90039";"71692.25";"0.00";"IST";"PT";"0s";"-0.00"
"538";"USTEC_ICM_UTC2";"Buy";"24634.3";"24659.3";"2025.11.18 16:30:00";"2025.11.18 16:30:00";"30.0";"750.00";"24609.30078";"24659.30078";"72442.25";"0.00";"IST";"PT";"0s";"-0.00"
"539";"USTEC_ICM_UTC2";"Buy";"24663.8";"24688.8";"2025.11.19 16:45:00";"2025.11.19 16:49:00";"30.0";"750.00";"24638.80078";"24688.80078";"73192.25";"0.00";"IST";"PT";"4m 0s";"-0.00"
"540";"USTEC_ICM_UTC2";"Buy";"24513.7";"24488.7";"2025.11.20 20:15:00";"2025.11.20 20:15:00";"30.0";"-750.00";"24488.69922";"24538.69922";"72442.25";"0.00";"IST";"SL";"0s";"-0.00"
"541";"USTEC_ICM_UTC2";"Buy";"24103.0";"24078.0";"2025.11.21 18:30:00";"2025.11.21 18:31:00";"30.0";"-750.00";"24078.00000";"24128.00000";"71692.25";"0.00";"IST";"SL";"1m 0s";"-0.00"
"542";"USTEC_ICM_UTC2";"Buy";"24750.0";"24725.0";"2025.11.25 17:00:00";"2025.11.25 17:00:00";"30.0";"-750.00";"24725.00000";"24775.00000";"70942.25";"0.00";"IST";"SL";"0s";"-0.00"
"543";"USTEC_ICM_UTC2";"Buy";"25430.3";"25472.5";"2025.11.28 20:00:00";"2025.12.01 01:00:00";"30.0";"716.37";"25405.30078";"25455.30078";"71658.62";"0.00";"IST";"PT";"2d 5h 0m";"-549.36"
"544";"USTEC_ICM_UTC2";"Buy";"25196.8";"25221.8";"2025.12.01 16:45:00";"2025.12.01 16:45:00";"30.0";"750.00";"25171.80078";"25221.80078";"72408.62";"0.00";"IST";"PT";"0s";"-0.00"
"545";"USTEC_ICM_UTC2";"Buy";"25449.3";"25424.3";"2025.12.03 16:30:00";"2025.12.03 16:30:00";"30.0";"-750.00";"25424.30078";"25474.30078";"71658.62";"0.00";"IST";"SL";"0s";"-0.00"
"546";"USTEC_ICM_UTC2";"Buy";"25524.8";"25549.8";"2025.12.04 17:15:00";"2025.12.04 17:22:00";"30.0";"750.00";"25499.80078";"25549.80078";"72408.62";"0.00";"IST";"PT";"7m 0s";"-0.00"
"547";"USTEC_ICM_UTC2";"Buy";"25690.9";"25665.9";"2025.12.05 19:00:00";"2025.12.05 19:02:00";"30.0";"-750.00";"25665.90039";"25715.90039";"71658.62";"0.00";"IST";"SL";"2m 0s";"-0.00"
"548";"USTEC_ICM_UTC2";"Buy";"25769.7";"25744.7";"2025.12.08 16:45:00";"2025.12.08 16:48:00";"30.0";"-750.00";"25744.69922";"25794.69922";"70908.62";"0.00";"IST";"SL";"3m 0s";"-0.00"
"549";"USTEC_ICM_UTC2";"Buy";"25625.2";"25650.2";"2025.12.09 17:30:00";"2025.12.09 17:59:00";"30.0";"750.00";"25600.19922";"25650.19922";"71658.62";"0.00";"IST";"PT";"29m 0s";"-0.00"
"550";"USTEC_ICM_UTC2";"Buy";"25614.9";"25639.9";"2025.12.10 16:45:00";"2025.12.10 16:47:00";"30.0";"750.00";"25589.90039";"25639.90039";"72408.62";"0.00";"IST";"PT";"2m 0s";"-0.00"
"551";"USTEC_ICM_UTC2";"Buy";"25533.2";"25558.2";"2025.12.11 17:15:00";"2025.12.11 17:20:00";"30.0";"750.00";"25508.19922";"25558.19922";"73158.62";"0.00";"IST";"PT";"5m 0s";"-0.00"
"552";"USTEC_ICM_UTC2";"Buy";"25370.1";"25345.1";"2025.12.12 17:45:00";"2025.12.12 17:51:00";"30.0";"-750.00";"25345.09961";"25395.09961";"72408.62";"0.00";"IST";"SL";"6m 0s";"-0.00"
"553";"USTEC_ICM_UTC2";"Buy";"25395.3";"25370.3";"2025.12.15 16:30:00";"2025.12.15 16:30:00";"30.0";"-750.00";"25370.30078";"25420.30078";"71658.62";"0.00";"IST";"SL";"0s";"-0.00"
"554";"USTEC_ICM_UTC2";"Buy";"24997.2";"24972.2";"2025.12.16 16:45:00";"2025.12.16 16:45:00";"30.0";"-750.00";"24972.19922";"25022.19922";"70908.62";"0.00";"IST";"SL";"0s";"-0.00"
"555";"USTEC_ICM_UTC2";"Buy";"25087.1";"25062.1";"2025.12.17 17:00:00";"2025.12.17 17:00:00";"30.0";"-750.00";"25062.09961";"25112.09961";"70158.62";"0.00";"IST";"SL";"0s";"-0.00"
"556";"USTEC_ICM_UTC2";"Buy";"25041.8";"25016.8";"2025.12.18 17:00:00";"2025.12.18 17:06:00";"30.0";"-750.00";"25016.80078";"25066.80078";"69408.62";"0.00";"IST";"SL";"6m 0s";"-0.00"
"557";"USTEC_ICM_UTC2";"Buy";"25414.4";"25439.4";"2025.12.23 16:30:00";"2025.12.23 16:30:00";"30.0";"750.00";"25389.40039";"25439.40039";"70158.62";"0.00";"IST";"PT";"0s";"-0.00"
"558";"USTEC_ICM_UTC2";"Buy";"25664.9";"25689.9";"2025.12.26 17:30:00";"2025.12.26 18:02:00";"30.0";"750.00";"25639.90039";"25689.90039";"70908.62";"0.00";"IST";"PT";"32m 0s";"-0.00"
"559";"USTEC_ICM_UTC2";"Buy";"25493.1";"25468.1";"2025.12.29 16:30:00";"2025.12.29 16:30:00";"30.0";"-750.00";"25468.09961";"25518.09961";"70158.62";"0.00";"IST";"SL";"0s";"-0.00"
"560";"USTEC_ICM_UTC2";"Buy";"25479.9";"25504.9";"2025.12.30 16:45:00";"2025.12.30 16:48:00";"30.0";"750.00";"25454.90039";"25504.90039";"70908.62";"0.00";"IST";"PT";"3m 0s";"-0.00"
"561";"USTEC_ICM_UTC2";"Buy";"25393.9";"25368.9";"2025.12.31 18:30:00";"2025.12.31 18:42:00";"30.0";"-750.00";"25368.90039";"25418.90039";"70158.62";"0.00";"IST";"SL";"12m 0s";"-0.00"
"562";"USTEC_ICM_UTC2";"Buy";"25389.7";"25364.7";"2026.01.02 17:45:00";"2026.01.02 17:48:00";"30.0";"-750.00";"25364.69922";"25414.69922";"69408.62";"0.00";"IST";"SL";"3m 0s";"-0.00"
"563";"USTEC_ICM_UTC2";"Buy";"25455.4";"25480.4";"2026.01.05 17:15:00";"2026.01.05 17:27:00";"30.0";"750.00";"25430.40039";"25480.40039";"70158.62";"0.00";"IST";"PT";"12m 0s";"-0.00"
"564";"USTEC_ICM_UTC2";"Buy";"25610.0";"25585.0";"2026.01.08 16:30:00";"2026.01.08 16:30:00";"30.0";"-750.00";"25585.00000";"25635.00000";"69408.62";"0.00";"IST";"SL";"0s";"-0.00"
"565";"USTEC_ICM_UTC2";"Buy";"25580.3";"25555.3";"2026.01.09 16:45:00";"2026.01.09 16:48:00";"30.0";"-750.00";"25555.30078";"25605.30078";"68658.62";"0.00";"IST";"SL";"3m 0s";"-0.00"
"566";"USTEC_ICM_UTC2";"Buy";"25732.7";"25757.7";"2026.01.13 18:00:00";"2026.01.13 18:16:00";"30.0";"750.00";"25707.69922";"25757.69922";"69408.62";"0.00";"IST";"PT";"16m 0s";"-0.00"
"567";"USTEC_ICM_UTC2";"Buy";"25513.1";"25488.1";"2026.01.14 17:15:00";"2026.01.14 17:20:00";"30.0";"-750.00";"25488.09961";"25538.09961";"68658.62";"0.00";"IST";"SL";"5m 0s";"-0.00"
"568";"USTEC_ICM_UTC2";"Buy";"25721.6";"25746.6";"2026.01.15 18:00:00";"2026.01.15 18:03:00";"30.0";"750.00";"25696.59961";"25746.59961";"69408.62";"0.00";"IST";"PT";"3m 0s";"-0.00"
"569";"USTEC_ICM_UTC2";"Buy";"25527.7";"25552.7";"2026.01.16 18:00:00";"2026.01.16 18:20:00";"30.0";"750.00";"25502.69922";"25552.69922";"70158.62";"0.00";"IST";"PT";"20m 0s";"-0.00"
"570";"USTEC_ICM_UTC2";"Buy";"25161.3";"25186.3";"2026.01.19 17:00:00";"2026.01.19 17:06:00";"30.0";"750.00";"25136.30078";"25186.30078";"70908.62";"0.00";"IST";"PT";"6m 0s";"-0.00"
"571";"USTEC_ICM_UTC2";"Buy";"25219.1";"25244.1";"2026.01.20 17:30:00";"2026.01.20 17:34:00";"30.0";"750.00";"25194.09961";"25244.09961";"71658.62";"0.00";"IST";"PT";"4m 0s";"-0.00"
"572";"USTEC_ICM_UTC2";"Buy";"25238.8";"25263.8";"2026.01.21 17:30:00";"2026.01.21 17:32:00";"30.0";"750.00";"25213.80078";"25263.80078";"72408.62";"0.00";"IST";"PT";"2m 0s";"-0.00"
"573";"USTEC_ICM_UTC2";"Buy";"25473.5";"25498.5";"2026.01.23 16:30:00";"2026.01.23 16:30:00";"30.0";"750.00";"25448.50000";"25498.50000";"73158.62";"0.00";"IST";"PT";"0s";"-0.00"
"574";"USTEC_ICM_UTC2";"Buy";"25539.0";"25564.0";"2026.01.29 18:15:00";"2026.01.29 18:19:00";"30.0";"750.00";"25514.00000";"25564.00000";"73908.62";"0.00";"IST";"PT";"4m 0s";"-0.00"
"575";"USTEC_ICM_UTC2";"Buy";"25778.5";"25753.5";"2026.01.30 17:15:00";"2026.01.30 17:21:00";"30.0";"-750.00";"25753.50000";"25803.50000";"73158.62";"0.00";"IST";"SL";"6m 0s";"-0.00"
"576";"USTEC_ICM_UTC2";"Buy";"25607.0";"25632.0";"2026.02.02 16:45:00";"2026.02.02 16:49:00";"30.0";"750.00";"25582.00000";"25632.00000";"73908.62";"0.00";"IST";"PT";"4m 0s";"-0.00"
"577";"USTEC_ICM_UTC2";"Buy";"25279.3";"25304.3";"2026.02.03 20:00:00";"2026.02.03 20:07:00";"30.0";"750.00";"25254.30078";"25304.30078";"74658.62";"0.00";"IST";"PT";"7m 0s";"-0.00"
"578";"USTEC_ICM_UTC2";"Buy";"25115.2";"25090.2";"2026.02.04 17:15:00";"2026.02.04 17:17:00";"30.0";"-750.00";"25090.19922";"25140.19922";"73908.62";"0.00";"IST";"SL";"2m 0s";"-0.00"
"579";"USTEC_ICM_UTC2";"Buy";"24816.0";"24791.0";"2026.02.05 16:45:00";"2026.02.05 16:45:00";"30.0";"-750.00";"24791.00000";"24841.00000";"73158.62";"0.00";"IST";"SL";"0s";"-0.00"
"580";"USTEC_ICM_UTC2";"Buy";"24836.8";"24811.8";"2026.02.06 16:45:00";"2026.02.06 16:46:00";"30.0";"-750.00";"24811.80078";"24861.80078";"72408.62";"0.00";"IST";"SL";"1m 0s";"-0.00"
"581";"USTEC_ICM_UTC2";"Buy";"25307.6";"25332.6";"2026.02.10 17:00:00";"2026.02.10 17:06:00";"30.0";"750.00";"25282.59961";"25332.59961";"73158.62";"0.00";"IST";"PT";"6m 0s";"-0.00"
"582";"USTEC_ICM_UTC2";"Buy";"25099.5";"25074.5";"2026.02.11 17:45:00";"2026.02.11 17:48:00";"30.0";"-750.00";"25074.50000";"25124.50000";"72408.62";"0.00";"IST";"SL";"3m 0s";"-0.00"
"583";"USTEC_ICM_UTC2";"Buy";"25154.0";"25129.0";"2026.02.12 17:15:00";"2026.02.12 17:19:00";"30.0";"-750.00";"25129.00000";"25179.00000";"71658.62";"0.00";"IST";"SL";"4m 0s";"-0.00"
"584";"USTEC_ICM_UTC2";"Buy";"24687.8";"24712.8";"2026.02.13 17:15:00";"2026.02.13 17:15:00";"30.0";"750.00";"24662.80078";"24712.80078";"72408.62";"0.00";"IST";"PT";"0s";"-0.00"
"585";"USTEC_ICM_UTC2";"Buy";"24700.1";"24725.1";"2026.02.16 17:00:00";"2026.02.16 17:05:00";"30.0";"750.00";"24675.09961";"24725.09961";"73158.62";"0.00";"IST";"PT";"5m 0s";"-0.00"
"586";"USTEC_ICM_UTC2";"Buy";"24632.6";"24607.6";"2026.02.17 16:45:00";"2026.02.17 16:45:00";"30.0";"-750.00";"24607.59961";"24657.59961";"72408.62";"0.00";"IST";"SL";"0s";"-0.00"
"587";"USTEC_ICM_UTC2";"Buy";"24768.3";"24793.3";"2026.02.19 16:30:00";"2026.02.19 16:30:00";"30.0";"750.00";"24743.30078";"24793.30078";"73158.62";"0.00";"IST";"PT";"0s";"-0.00"
"588";"USTEC_ICM_UTC2";"Buy";"24866.5";"24891.5";"2026.02.20 16:45:00";"2026.02.20 16:46:00";"30.0";"750.00";"24841.50000";"24891.50000";"73908.62";"0.00";"IST";"PT";"1m 0s";"-0.00"
"589";"USTEC_ICM_UTC2";"Buy";"24925.7";"24950.7";"2026.02.23 16:30:00";"2026.02.23 16:30:00";"30.0";"750.00";"24900.69922";"24950.69922";"74658.62";"0.00";"IST";"PT";"0s";"-0.00"
"590";"USTEC_ICM_UTC2";"Buy";"24859.2";"24884.2";"2026.02.24 16:45:00";"2026.02.24 16:46:00";"30.0";"750.00";"24834.19922";"24884.19922";"75408.62";"0.00";"IST";"PT";"1m 0s";"-0.00"
"591";"USTEC_ICM_UTC2";"Buy";"24947.5";"24972.5";"2026.02.26 17:45:00";"2026.02.26 17:45:00";"30.0";"750.00";"24922.50000";"24972.50000";"76158.62";"0.00";"IST";"PT";"0s";"-0.00"
"592";"USTEC_ICM_UTC2";"Buy";"24803.8";"24778.8";"2026.02.27 16:45:00";"2026.02.27 16:45:00";"30.0";"-750.00";"24778.80078";"24828.80078";"75408.62";"0.00";"IST";"SL";"0s";"-0.00"
"593";"USTEC_ICM_UTC2";"Buy";"24790.6";"24815.6";"2026.03.02 16:45:00";"2026.03.02 16:45:00";"30.0";"750.00";"24765.59961";"24815.59961";"76158.62";"0.00";"IST";"PT";"0s";"-0.00"
"594";"USTEC_ICM_UTC2";"Buy";"24490.4";"24515.4";"2026.03.03 16:30:00";"2026.03.03 16:30:00";"30.0";"750.00";"24465.40039";"24515.40039";"76908.62";"0.00";"IST";"PT";"0s";"-0.00"
"595";"USTEC_ICM_UTC2";"Buy";"24909.1";"24934.1";"2026.03.04 17:00:00";"2026.03.04 17:00:00";"30.0";"750.00";"24884.09961";"24934.09961";"77658.62";"0.00";"IST";"PT";"0s";"-0.00"
"596";"USTEC_ICM_UTC2";"Buy";"24887.6";"24912.6";"2026.03.05 22:15:00";"2026.03.05 22:21:00";"30.0";"750.00";"24862.59961";"24912.59961";"78408.62";"0.00";"IST";"PT";"6m 0s";"-0.00"
"597";"USTEC_ICM_UTC2";"Buy";"24818.4";"24793.4";"2026.03.06 18:30:00";"2026.03.06 18:30:00";"30.0";"-750.00";"24793.40039";"24843.40039";"77658.62";"0.00";"IST";"SL";"0s";"-0.00"
"598";"USTEC_ICM_UTC2";"Buy";"24509.0";"24534.0";"2026.03.09 16:45:00";"2026.03.09 16:46:00";"30.0";"750.00";"24484.00000";"24534.00000";"78408.62";"0.00";"IST";"PT";"1m 0s";"-0.00"
"599";"USTEC_ICM_UTC2";"Buy";"25013.4";"25038.4";"2026.03.11 16:45:00";"2026.03.11 16:57:00";"30.0";"750.00";"24988.40039";"25038.40039";"79158.62";"0.00";"IST";"PT";"12m 0s";"-0.00"
"600";"USTEC_ICM_UTC2";"Buy";"24602.2";"24577.2";"2026.03.12 17:30:00";"2026.03.12 17:36:00";"30.0";"-750.00";"24577.19922";"24627.19922";"78408.62";"0.00";"IST";"SL";"6m 0s";"-0.00"
"601";"USTEC_ICM_UTC2";"Buy";"24659.0";"24684.0";"2026.03.13 16:30:00";"2026.03.13 16:31:00";"30.0";"750.00";"24634.00000";"24684.00000";"79158.62";"0.00";"IST";"PT";"1m 0s";"-0.00"
"602";"USTEC_ICM_UTC2";"Buy";"24679.5";"24654.5";"2026.03.16 17:00:00";"2026.03.16 17:03:00";"30.0";"-750.00";"24654.50000";"24704.50000";"78408.62";"0.00";"IST";"SL";"3m 0s";"-0.00"
"603";"USTEC_ICM_UTC2";"Buy";"24607.5";"24632.5";"2026.03.18 16:45:00";"2026.03.18 16:57:00";"30.0";"750.00";"24582.50000";"24632.50000";"79158.62";"0.00";"IST";"PT";"12m 0s";"-0.00"
"604";"USTEC_ICM_UTC2";"Buy";"24250.3";"24275.3";"2026.03.19 16:45:00";"2026.03.19 16:49:00";"30.0";"750.00";"24225.30078";"24275.30078";"79908.62";"0.00";"IST";"PT";"4m 0s";"-0.00"
"605";"USTEC_ICM_UTC2";"Buy";"24058.4";"24083.4";"2026.03.20 16:30:00";"2026.03.20 16:30:00";"30.0";"750.00";"24033.40039";"24083.40039";"80658.62";"0.00";"IST";"PT";"0s";"-0.00"
"606";"USTEC_ICM_UTC2";"Buy";"24414.2";"24389.2";"2026.03.23 16:30:00";"2026.03.23 16:30:00";"30.0";"-750.00";"24389.19922";"24439.19922";"79908.62";"0.00";"IST";"SL";"0s";"-0.00"
"607";"USTEC_ICM_UTC2";"Buy";"24215.6";"24190.6";"2026.03.25 17:30:00";"2026.03.25 17:37:00";"30.0";"-750.00";"24190.59961";"24240.59961";"79158.62";"0.00";"IST";"SL";"7m 0s";"-0.00"
"608";"USTEC_ICM_UTC2";"Buy";"23878.5";"23903.5";"2026.03.26 17:45:00";"2026.03.26 17:46:00";"30.0";"750.00";"23853.50000";"23903.50000";"79908.62";"0.00";"IST";"PT";"1m 0s";"-0.00"
"609";"USTEC_ICM_UTC2";"Buy";"23322.6";"23347.6";"2026.03.27 17:00:00";"2026.03.27 17:04:00";"30.0";"750.00";"23297.59961";"23347.59961";"80658.62";"0.00";"IST";"PT";"4m 0s";"-0.00"
"610";"USTEC_ICM_UTC2";"Buy";"23185.0";"23160.0";"2026.03.30 17:15:00";"2026.03.30 17:15:00";"30.0";"-750.00";"23160.00000";"23210.00000";"79908.62";"0.00";"IST";"SL";"0s";"-0.00"
"611";"USTEC_ICM_UTC2";"Buy";"23361.5";"23336.5";"2026.03.31 18:15:00";"2026.03.31 18:20:00";"30.0";"-750.00";"23336.50000";"23386.50000";"79158.62";"0.00";"IST";"SL";"5m 0s";"-0.00"
"612";"USTEC_ICM_UTC2";"Buy";"23723.6";"23698.6";"2026.04.02 17:00:00";"2026.04.02 17:02:00";"30.0";"-750.00";"23698.59961";"23748.59961";"78408.62";"0.00";"IST";"SL";"2m 0s";"-0.00"
"613";"USTEC_ICM_UTC2";"Buy";"23942.4";"23917.4";"2026.04.07 17:30:00";"2026.04.07 17:31:00";"30.0";"-750.00";"23917.40039";"23967.40039";"77658.62";"0.00";"IST";"SL";"1m 0s";"-0.00"
"614";"USTEC_ICM_UTC2";"Buy";"24814.6";"24839.6";"2026.04.09 17:45:00";"2026.04.09 17:48:00";"30.0";"750.00";"24789.59961";"24839.59961";"78408.62";"0.00";"IST";"PT";"3m 0s";"-0.00"
"615";"USTEC_ICM_UTC2";"Buy";"25144.1";"25119.1";"2026.04.13 17:00:00";"2026.04.13 17:13:00";"30.0";"-750.00";"25119.09961";"25169.09961";"77658.62";"0.00";"IST";"SL";"13m 0s";"-0.00"
"616";"USTEC_ICM_UTC2";"Buy";"26531.5";"26506.5";"2026.04.20 18:30:00";"2026.04.20 18:34:00";"30.0";"-750.00";"26506.50000";"26556.50000";"76908.62";"0.00";"IST";"SL";"4m 0s";"-0.00"
"617";"USTEC_ICM_UTC2";"Buy";"26685.6";"26710.6";"2026.04.21 17:00:00";"2026.04.21 17:08:00";"30.0";"750.00";"26660.59961";"26710.59961";"77658.62";"0.00";"IST";"PT";"8m 0s";"-0.00"
"618";"USTEC_ICM_UTC2";"Buy";"26773.0";"26798.0";"2026.04.22 17:15:00";"2026.04.22 17:20:00";"30.0";"750.00";"26748.00000";"26798.00000";"78408.62";"0.00";"IST";"PT";"5m 0s";"-0.00"
"619";"USTEC_ICM_UTC2";"Buy";"26734.5";"26759.5";"2026.04.23 21:00:00";"2026.04.23 21:01:00";"30.0";"750.00";"26709.50000";"26759.50000";"79158.62";"0.00";"IST";"PT";"1m 0s";"-0.00"
"620";"USTEC_ICM_UTC2";"Buy";"27079.9";"27104.9";"2026.04.28 16:45:00";"2026.04.28 16:48:00";"30.0";"750.00";"27054.90039";"27104.90039";"79908.62";"0.00";"IST";"PT";"3m 0s";"-0.00"
"621";"USTEC_ICM_UTC2";"Buy";"27089.1";"27064.1";"2026.04.29 17:00:00";"2026.04.29 17:01:00";"30.0";"-750.00";"27064.09961";"27114.09961";"79158.62";"0.00";"IST";"SL";"1m 0s";"-0.00"
"622";"USTEC_ICM_UTC2";"Buy";"27121.7";"27096.7";"2026.04.30 17:15:00";"2026.04.30 17:15:00";"30.0";"-750.00";"27096.69922";"27146.69922";"78408.62";"0.00";"IST";"SL";"0s";"-0.00"
"623";"USTEC_ICM_UTC2";"Buy";"27596.3";"27621.3";"2026.05.04 19:30:00";"2026.05.04 19:34:00";"30.0";"750.00";"27571.30078";"27621.30078";"79158.62";"0.00";"IST";"PT";"4m 0s";"-0.00"
"624";"USTEC_ICM_UTC2";"Buy";"28000.0";"27975.0";"2026.05.05 17:30:00";"2026.05.05 17:39:00";"30.0";"-750.00";"27975.00000";"28025.00000";"78408.62";"0.00";"IST";"SL";"9m 0s";"-0.00"
