"Ticket";"Symbol";"Type";"Open price";"Close price";"Open time";"Close time";"Size";"Profit/Loss";"Stop Loss price level";"Profit Target price level";"Balance";"Slippage ($)";"Sample type";"Close type";"Time in trade";"Comm/Swap"
"1";"USTEC_ICM_UTC2";"Buy";"10894.4";"10934.4";"2023.01.03 18:00:00";"2023.01.04 10:14:00";"30.0";"1016.88";"10694.40039";"10934.40039";"51016.88";"0.00";"IST";"PT";"16h 14m";"-183.12"
"2";"USTEC_ICM_UTC2";"Buy";"10950.2";"10750.2";"2023.01.04 16:30:00";"2023.01.05 16:40:00";"30.0";"-6183.12";"10750.20020";"10990.20020";"44833.76";"0.00";"IST";"SL";"1d 0h 10m";"-183.12"
"3";"USTEC_ICM_UTC2";"Buy";"10759.7";"10799.7";"2023.01.05 16:45:00";"2023.01.05 16:58:00";"30.0";"1200.00";"10559.70020";"10799.70020";"46033.76";"0.00";"IST";"PT";"13m 0s";"-0.00"
"4";"USTEC_ICM_UTC2";"Buy";"10712.7";"10752.7";"2023.01.06 16:45:00";"2023.01.06 16:54:00";"30.0";"1200.00";"10512.70020";"10752.70020";"47233.76";"0.00";"IST";"PT";"9m 0s";"-0.00"
"5";"USTEC_ICM_UTC2";"Buy";"11121.3";"11161.3";"2023.01.09 16:30:00";"2023.01.09 16:32:00";"30.0";"1200.00";"10921.29980";"11161.29980";"48433.76";"0.00";"IST";"PT";"2m 0s";"-0.00"
"6";"USTEC_ICM_UTC2";"Buy";"11116.7";"11156.7";"2023.01.10 16:45:00";"2023.01.10 16:58:00";"30.0";"1200.00";"10916.70020";"11156.70020";"49633.76";"0.00";"IST";"PT";"13m 0s";"-0.00"
"7";"USTEC_ICM_UTC2";"Buy";"11246.8";"11286.8";"2023.01.11 16:30:00";"2023.01.11 17:10:00";"30.0";"1200.00";"11046.79980";"11286.79980";"50833.76";"0.00";"IST";"PT";"40m 0s";"-0.00"
"8";"USTEC_ICM_UTC2";"Buy";"11279.5";"11319.5";"2023.01.12 16:45:00";"2023.01.12 17:01:00";"30.0";"1200.00";"11079.50000";"11319.50000";"52033.76";"0.00";"IST";"PT";"16m 0s";"-0.00"
"9";"USTEC_ICM_UTC2";"Buy";"11436.8";"11476.8";"2023.01.13 19:15:00";"2023.01.13 20:39:00";"30.0";"1200.00";"11236.79980";"11476.79980";"53233.76";"0.00";"IST";"PT";"1h 24m";"-0.00"
"10";"USTEC_ICM_UTC2";"Buy";"11533.3";"11573.3";"2023.01.16 16:45:00";"2023.01.17 17:00:00";"30.0";"1016.88";"11333.29980";"11573.29980";"54250.64";"0.00";"IST";"PT";"1d 0h 15m";"-183.12"
"11";"USTEC_ICM_UTC2";"Buy";"11544.7";"11584.7";"2023.01.17 18:45:00";"2023.01.18 04:40:00";"30.0";"1016.88";"11344.70020";"11584.70020";"55267.52";"0.00";"IST";"PT";"9h 55m";"-183.12"
"12";"USTEC_ICM_UTC2";"Buy";"11621.5";"11661.5";"2023.01.18 16:45:00";"2023.01.18 17:00:00";"30.0";"1200.00";"11421.50000";"11661.50000";"56467.52";"0.00";"IST";"PT";"15m 0s";"-0.00"
"13";"USTEC_ICM_UTC2";"Buy";"11318.1";"11358.1";"2023.01.19 17:30:00";"2023.01.19 20:40:00";"30.0";"1200.00";"11118.09961";"11358.09961";"57667.52";"0.00";"IST";"PT";"3h 10m";"-0.00"
"14";"USTEC_ICM_UTC2";"Buy";"11367.7";"11407.7";"2023.01.20 16:30:00";"2023.01.20 16:52:00";"30.0";"1200.00";"11167.70020";"11407.70020";"58867.52";"0.00";"IST";"PT";"22m 0s";"-0.00"
"15";"USTEC_ICM_UTC2";"Buy";"11641.3";"11681.3";"2023.01.23 16:30:00";"2023.01.23 16:42:00";"30.0";"1200.00";"11441.29980";"11681.29980";"60067.52";"0.00";"IST";"PT";"12m 0s";"-0.00"
"16";"USTEC_ICM_UTC2";"Buy";"11796.5";"11836.5";"2023.01.24 16:30:00";"2023.01.24 16:42:00";"30.0";"1200.00";"11596.50000";"11836.50000";"61267.52";"0.00";"IST";"PT";"12m 0s";"-0.00"
"17";"USTEC_ICM_UTC2";"Buy";"11626.3";"11666.3";"2023.01.25 16:45:00";"2023.01.25 18:19:00";"30.0";"1200.00";"11426.29980";"11666.29980";"62467.52";"0.00";"IST";"PT";"1h 34m";"-0.00"
"18";"USTEC_ICM_UTC2";"Buy";"11966.2";"12006.2";"2023.01.26 17:30:00";"2023.01.26 21:42:00";"30.0";"1200.00";"11766.20020";"12006.20020";"63667.52";"0.00";"IST";"PT";"4h 12m";"-0.00"
"19";"USTEC_ICM_UTC2";"Buy";"11990.5";"12030.5";"2023.01.27 16:30:00";"2023.01.27 16:32:00";"30.0";"1200.00";"11790.50000";"12030.50000";"64867.52";"0.00";"IST";"PT";"2m 0s";"-0.00"
"20";"USTEC_ICM_UTC2";"Buy";"12033.0";"12073.0";"2023.01.30 16:45:00";"2023.01.30 16:48:00";"30.0";"1200.00";"11833.00000";"12073.00000";"66067.52";"0.00";"IST";"PT";"3m 0s";"-0.00"
"21";"USTEC_ICM_UTC2";"Buy";"11952.2";"11992.2";"2023.01.31 16:45:00";"2023.01.31 16:49:00";"30.0";"1200.00";"11752.20020";"11992.20020";"67267.52";"0.00";"IST";"PT";"4m 0s";"-0.00"
"22";"USTEC_ICM_UTC2";"Buy";"12069.1";"12109.1";"2023.02.01 17:45:00";"2023.02.01 21:07:00";"30.0";"1200.00";"11869.09961";"12109.09961";"68467.52";"0.00";"IST";"PT";"3h 22m";"-0.00"
"23";"USTEC_ICM_UTC2";"Buy";"12658.1";"12698.1";"2023.02.02 16:45:00";"2023.02.02 17:30:00";"30.0";"1200.00";"12458.09961";"12698.09961";"69667.52";"0.00";"IST";"PT";"45m 0s";"-0.00"
"24";"USTEC_ICM_UTC2";"Buy";"12627.8";"12667.8";"2023.02.03 16:45:00";"2023.02.03 16:47:00";"30.0";"1200.00";"12427.79980";"12667.79980";"70867.52";"0.00";"IST";"PT";"2m 0s";"-0.00"
"25";"USTEC_ICM_UTC2";"Buy";"12511.5";"12551.5";"2023.02.06 18:00:00";"2023.02.06 18:30:00";"30.0";"1200.00";"12311.50000";"12551.50000";"72067.52";"0.00";"IST";"PT";"30m 0s";"-0.00"
"26";"USTEC_ICM_UTC2";"Buy";"12487.8";"12527.8";"2023.02.07 16:45:00";"2023.02.07 18:32:00";"30.0";"1200.00";"12287.79980";"12527.79980";"73267.52";"0.00";"IST";"PT";"1h 47m";"-0.00"
"27";"USTEC_ICM_UTC2";"Buy";"12699.6";"12499.6";"2023.02.08 16:45:00";"2023.02.08 18:24:00";"30.0";"-6000.00";"12499.59961";"12739.59961";"67267.52";"0.00";"IST";"SL";"1h 39m";"-0.00"
"28";"USTEC_ICM_UTC2";"Buy";"12676.2";"12476.2";"2023.02.09 16:30:00";"2023.02.09 19:45:00";"30.0";"-6000.00";"12476.20020";"12716.20020";"61267.52";"0.00";"IST";"SL";"3h 15m";"-0.00"
"29";"USTEC_ICM_UTC2";"Buy";"12290.8";"12330.8";"2023.02.10 16:30:00";"2023.02.10 16:30:00";"30.0";"1200.00";"12090.79980";"12330.79980";"62467.52";"0.00";"IST";"PT";"0s";"-0.00"
"30";"USTEC_ICM_UTC2";"Buy";"12360.5";"12400.5";"2023.02.13 16:30:00";"2023.02.13 16:57:00";"30.0";"1200.00";"12160.50000";"12400.50000";"63667.52";"0.00";"IST";"PT";"27m 0s";"-0.00"
"31";"USTEC_ICM_UTC2";"Buy";"12459.3";"12499.3";"2023.02.14 16:45:00";"2023.02.14 16:46:00";"30.0";"1200.00";"12259.29980";"12499.29980";"64867.52";"0.00";"IST";"PT";"1m 0s";"-0.00"
"32";"USTEC_ICM_UTC2";"Buy";"12550.5";"12590.5";"2023.02.15 16:45:00";"2023.02.15 18:29:00";"30.0";"1200.00";"12350.50000";"12590.50000";"66067.52";"0.00";"IST";"PT";"1h 44m";"-0.00"
"33";"USTEC_ICM_UTC2";"Buy";"12506.0";"12546.0";"2023.02.16 16:45:00";"2023.02.16 16:53:00";"30.0";"1200.00";"12306.00000";"12546.00000";"67267.52";"0.00";"IST";"PT";"8m 0s";"-0.00"
"34";"USTEC_ICM_UTC2";"Buy";"12319.0";"12359.0";"2023.02.17 17:15:00";"2023.02.17 17:21:00";"30.0";"1200.00";"12119.00000";"12359.00000";"68467.52";"0.00";"IST";"PT";"6m 0s";"-0.00"
"35";"USTEC_ICM_UTC2";"Buy";"12341.3";"12141.3";"2023.02.20 17:45:00";"2023.02.21 18:09:00";"30.0";"-6183.12";"12141.29980";"12381.29980";"62284.40";"0.00";"IST";"SL";"1d 0h 24m";"-183.12"
"36";"USTEC_ICM_UTC2";"Buy";"12119.0";"12159.0";"2023.02.21 19:00:00";"2023.02.23 03:42:00";"30.0";"833.76";"11919.00000";"12159.00000";"63118.16";"0.00";"IST";"PT";"1d 8h 42m";"-366.24"
"37";"USTEC_ICM_UTC2";"Buy";"12139.0";"12179.0";"2023.02.23 17:45:00";"2023.02.23 21:32:00";"30.0";"1200.00";"11939.00000";"12179.00000";"64318.16";"0.00";"IST";"PT";"3h 47m";"-0.00"
"38";"USTEC_ICM_UTC2";"Buy";"11957.3";"11951.8";"2023.02.24 16:45:00";"2023.02.24 22:55:00";"30.0";"-165.00";"11757.29980";"11997.29980";"64153.16";"0.00";"IST";"End Of Friday (Time)";"6h 10m";"-0.00"
"39";"USTEC_ICM_UTC2";"Buy";"12093.0";"12133.0";"2023.02.27 16:45:00";"2023.02.27 17:04:00";"30.0";"1200.00";"11893.00000";"12133.00000";"65353.16";"0.00";"IST";"PT";"19m 0s";"-0.00"
"40";"USTEC_ICM_UTC2";"Buy";"12063.7";"12103.7";"2023.02.28 16:45:00";"2023.02.28 19:51:00";"30.0";"1200.00";"11863.70020";"12103.70020";"66553.16";"0.00";"IST";"PT";"3h 6m";"-0.00"
"41";"USTEC_ICM_UTC2";"Buy";"12026.1";"11826.1";"2023.03.01 16:30:00";"2023.03.02 10:01:00";"30.0";"-6183.12";"11826.09961";"12066.09961";"60370.04";"0.00";"IST";"SL";"17h 31m";"-183.12"
"42";"USTEC_ICM_UTC2";"Buy";"11887.1";"11927.1";"2023.03.02 17:45:00";"2023.03.02 20:35:00";"30.0";"1200.00";"11687.09961";"11927.09961";"61570.04";"0.00";"IST";"PT";"2h 50m";"-0.00"
"43";"USTEC_ICM_UTC2";"Buy";"12171.2";"12211.2";"2023.03.03 17:00:00";"2023.03.03 17:33:00";"30.0";"1200.00";"11971.20020";"12211.20020";"62770.04";"0.00";"IST";"PT";"33m 0s";"-0.00"
"44";"USTEC_ICM_UTC2";"Buy";"12366.2";"12406.2";"2023.03.06 16:45:00";"2023.03.06 17:18:00";"30.0";"1200.00";"12166.20020";"12406.20020";"63970.04";"0.00";"IST";"PT";"33m 0s";"-0.00"
"45";"USTEC_ICM_UTC2";"Buy";"12324.9";"12124.9";"2023.03.07 16:45:00";"2023.03.08 04:56:00";"30.0";"-6183.12";"12124.90039";"12364.90039";"57786.92";"0.00";"IST";"SL";"12h 11m";"-183.12"
"46";"USTEC_ICM_UTC2";"Buy";"12170.4";"12210.4";"2023.03.08 16:30:00";"2023.03.08 18:06:00";"30.0";"1200.00";"11970.40039";"12210.40039";"58986.92";"0.00";"IST";"PT";"1h 36m";"-0.00"
"47";"USTEC_ICM_UTC2";"Buy";"12262.9";"12302.9";"2023.03.09 16:45:00";"2023.03.09 16:47:00";"30.0";"1200.00";"12062.90039";"12302.90039";"60186.92";"0.00";"IST";"PT";"2m 0s";"-0.00"
"48";"USTEC_ICM_UTC2";"Buy";"11950.8";"11990.8";"2023.03.10 17:15:00";"2023.03.10 17:57:00";"30.0";"1200.00";"11750.79980";"11990.79980";"61386.92";"0.00";"IST";"PT";"42m 0s";"-0.00"
"49";"USTEC_ICM_UTC2";"Buy";"11879.9";"11919.9";"2023.03.13 16:45:00";"2023.03.13 16:55:00";"30.0";"1200.00";"11679.90039";"11919.90039";"62586.92";"0.00";"IST";"PT";"10m 0s";"-0.00"
"50";"USTEC_ICM_UTC2";"Buy";"12170.0";"12210.0";"2023.03.14 16:30:00";"2023.03.14 17:26:00";"30.0";"1200.00";"11970.00000";"12210.00000";"63786.92";"0.00";"IST";"PT";"56m 0s";"-0.00"
"51";"USTEC_ICM_UTC2";"Buy";"12103.7";"12143.7";"2023.03.15 17:00:00";"2023.03.15 17:41:00";"30.0";"1200.00";"11903.70020";"12143.70020";"64986.92";"0.00";"IST";"PT";"41m 0s";"-0.00"
"52";"USTEC_ICM_UTC2";"Buy";"12316.9";"12356.9";"2023.03.16 16:45:00";"2023.03.16 16:49:00";"30.0";"1200.00";"12116.90039";"12356.90039";"66186.92";"0.00";"IST";"PT";"4m 0s";"-0.00"
"53";"USTEC_ICM_UTC2";"Buy";"12478.3";"12518.3";"2023.03.17 17:30:00";"2023.03.17 18:09:00";"30.0";"1200.00";"12278.29980";"12518.29980";"67386.92";"0.00";"IST";"PT";"39m 0s";"-0.00"
"54";"USTEC_ICM_UTC2";"Buy";"12478.2";"12518.2";"2023.03.20 18:45:00";"2023.03.20 18:56:00";"30.0";"1200.00";"12278.20020";"12518.20020";"68586.92";"0.00";"IST";"PT";"11m 0s";"-0.00"
"55";"USTEC_ICM_UTC2";"Buy";"12603.4";"12643.4";"2023.03.21 17:00:00";"2023.03.21 17:16:00";"30.0";"1200.00";"12403.40039";"12643.40039";"69786.92";"0.00";"IST";"PT";"16m 0s";"-0.00"
"56";"USTEC_ICM_UTC2";"Buy";"12801.1";"12841.1";"2023.03.22 16:30:00";"2023.03.22 20:00:00";"30.0";"1200.00";"12601.09961";"12841.09961";"70986.92";"0.00";"IST";"PT";"3h 30m";"-0.00"
"57";"USTEC_ICM_UTC2";"Buy";"12860.3";"12660.3";"2023.03.23 18:00:00";"2023.03.23 20:39:00";"30.0";"-6000.00";"12660.29980";"12900.29980";"64986.92";"0.00";"IST";"SL";"2h 39m";"-0.00"
"58";"USTEC_ICM_UTC2";"Buy";"12657.4";"12697.4";"2023.03.24 16:45:00";"2023.03.24 17:46:00";"30.0";"1200.00";"12457.40039";"12697.40039";"66186.92";"0.00";"IST";"PT";"1h 1m";"-0.00"
"59";"USTEC_ICM_UTC2";"Buy";"12795.3";"12835.3";"2023.03.27 16:30:00";"2023.03.27 16:50:00";"30.0";"1200.00";"12595.29980";"12835.29980";"67386.92";"0.00";"IST";"PT";"20m 0s";"-0.00"
"60";"USTEC_ICM_UTC2";"Buy";"12576.7";"12616.7";"2023.03.28 16:45:00";"2023.03.28 23:00:00";"30.0";"1200.00";"12376.70020";"12616.70020";"68586.92";"0.00";"IST";"PT";"6h 15m";"-0.00"
"61";"USTEC_ICM_UTC2";"Buy";"12755.3";"12795.3";"2023.03.29 18:15:00";"2023.03.29 18:49:00";"30.0";"1200.00";"12555.29980";"12795.29980";"69786.92";"0.00";"IST";"PT";"34m 0s";"-0.00"
"62";"USTEC_ICM_UTC2";"Buy";"12942.6";"12982.6";"2023.03.30 16:30:00";"2023.03.30 17:32:00";"30.0";"1200.00";"12742.59961";"12982.59961";"70986.92";"0.00";"IST";"PT";"1h 2m";"-0.00"
"63";"USTEC_ICM_UTC2";"Buy";"13066.6";"13106.6";"2023.03.31 18:30:00";"2023.03.31 19:25:00";"30.0";"1200.00";"12866.59961";"13106.59961";"72186.92";"0.00";"IST";"PT";"55m 0s";"-0.00"
"64";"USTEC_ICM_UTC2";"Buy";"13139.3";"13179.3";"2023.04.03 17:30:00";"2023.04.04 12:26:00";"30.0";"1016.88";"12939.29980";"13179.29980";"73203.80";"0.00";"IST";"PT";"18h 56m";"-183.12"
"65";"USTEC_ICM_UTC2";"Buy";"13116.8";"13156.8";"2023.04.04 16:45:00";"2023.04.04 16:54:00";"30.0";"1200.00";"12916.79980";"13156.79980";"74403.80";"0.00";"IST";"PT";"9m 0s";"-0.00"
"66";"USTEC_ICM_UTC2";"Buy";"13004.6";"13044.6";"2023.04.05 17:15:00";"2023.04.06 19:32:00";"30.0";"1016.88";"12804.59961";"13044.59961";"75420.68";"0.00";"IST";"PT";"1d 2h 17m";"-183.12"
"67";"USTEC_ICM_UTC2";"Buy";"13043.4";"13083.4";"2023.04.06 19:45:00";"2023.04.10 01:15:00";"30.0";"467.52";"12843.40039";"13083.40039";"75888.20";"0.00";"IST";"PT";"3d 5h 30m";"-732.48"
"68";"USTEC_ICM_UTC2";"Buy";"12888.8";"12928.8";"2023.04.10 17:15:00";"2023.04.10 17:44:00";"30.0";"1200.00";"12688.79980";"12928.79980";"77088.20";"0.00";"IST";"PT";"29m 0s";"-0.00"
"69";"USTEC_ICM_UTC2";"Buy";"13048.7";"13088.7";"2023.04.11 16:30:00";"2023.04.12 15:31:00";"30.0";"1016.88";"12848.70020";"13088.70020";"78105.08";"0.00";"IST";"PT";"23h 1m";"-183.12"
"70";"USTEC_ICM_UTC2";"Buy";"12999.4";"13039.4";"2023.04.12 17:15:00";"2023.04.13 19:00:00";"30.0";"1016.88";"12799.40039";"13039.40039";"79121.96";"0.00";"IST";"PT";"1d 1h 45m";"-183.12"
"71";"USTEC_ICM_UTC2";"Buy";"13060.0";"13100.0";"2023.04.13 20:15:00";"2023.04.13 21:14:00";"30.0";"1200.00";"12860.00000";"13100.00000";"80321.96";"0.00";"IST";"PT";"59m 0s";"-0.00"
"72";"USTEC_ICM_UTC2";"Buy";"13063.8";"13070.4";"2023.04.14 18:15:00";"2023.04.14 22:55:00";"30.0";"198.03";"12863.79980";"13103.79980";"80519.99";"0.00";"IST";"End Of Friday (Time)";"4h 40m";"-0.00"
"73";"USTEC_ICM_UTC2";"Buy";"13073.9";"13113.9";"2023.04.17 16:45:00";"2023.04.18 11:06:00";"30.0";"1016.88";"12873.90039";"13113.90039";"81536.87";"0.00";"IST";"PT";"18h 21m";"-183.12"
"74";"USTEC_ICM_UTC2";"Buy";"13153.4";"12953.4";"2023.04.18 17:00:00";"2023.04.20 11:31:00";"30.0";"-6366.24";"12953.40039";"13193.40039";"75170.63";"0.00";"IST";"SL";"1d 18h 31m";"-366.24"
"75";"USTEC_ICM_UTC2";"Buy";"13014.1";"13054.1";"2023.04.20 16:45:00";"2023.04.20 17:11:00";"30.0";"1200.00";"12814.09961";"13054.09961";"76370.63";"0.00";"IST";"PT";"26m 0s";"-0.00"
"76";"USTEC_ICM_UTC2";"Buy";"12977.3";"13017.3";"2023.04.21 17:30:00";"2023.04.21 20:42:00";"30.0";"1200.00";"12777.29980";"13017.29980";"77570.63";"0.00";"IST";"PT";"3h 12m";"-0.00"
"77";"USTEC_ICM_UTC2";"Buy";"13038.1";"12838.1";"2023.04.24 16:45:00";"2023.04.25 18:54:00";"30.0";"-6183.12";"12838.09961";"13078.09961";"71387.51";"0.00";"IST";"SL";"1d 2h 9m";"-183.12"
"78";"USTEC_ICM_UTC2";"Buy";"12826.3";"12866.3";"2023.04.25 19:30:00";"2023.04.26 01:02:00";"30.0";"1016.88";"12626.29980";"12866.29980";"72404.39";"0.00";"IST";"PT";"5h 32m";"-183.12"
"79";"USTEC_ICM_UTC2";"Buy";"12829.6";"12869.6";"2023.04.26 16:45:00";"2023.04.26 16:52:00";"30.0";"1200.00";"12629.59961";"12869.59961";"73604.39";"0.00";"IST";"PT";"7m 0s";"-0.00"
"80";"USTEC_ICM_UTC2";"Buy";"13059.8";"13099.8";"2023.04.27 18:30:00";"2023.04.27 20:00:00";"30.0";"1200.00";"12859.79980";"13099.79980";"74804.39";"0.00";"IST";"PT";"1h 30m";"-0.00"
"81";"USTEC_ICM_UTC2";"Buy";"13142.8";"13182.8";"2023.04.28 16:30:00";"2023.04.28 17:12:00";"30.0";"1200.00";"12942.79980";"13182.79980";"76004.39";"0.00";"IST";"PT";"42m 0s";"-0.00"
"82";"USTEC_ICM_UTC2";"Buy";"13223.6";"13263.6";"2023.05.01 16:45:00";"2023.05.01 19:31:00";"30.0";"1200.00";"13023.59961";"13263.59961";"77204.39";"0.00";"IST";"PT";"2h 46m";"-0.00"
"83";"USTEC_ICM_UTC2";"Buy";"13224.5";"13024.5";"2023.05.02 16:30:00";"2023.05.03 22:46:00";"30.0";"-6183.12";"13024.50000";"13264.50000";"71021.27";"0.00";"IST";"SL";"1d 6h 16m";"-183.12"
"84";"USTEC_ICM_UTC2";"Buy";"12982.7";"13022.7";"2023.05.04 17:15:00";"2023.05.04 18:09:00";"30.0";"1200.00";"12782.70020";"13022.70020";"72221.27";"0.00";"IST";"PT";"54m 0s";"-0.00"
"85";"USTEC_ICM_UTC2";"Buy";"13072.7";"13112.7";"2023.05.05 16:30:00";"2023.05.05 16:50:00";"30.0";"1200.00";"12872.70020";"13112.70020";"73421.27";"0.00";"IST";"PT";"20m 0s";"-0.00"
"86";"USTEC_ICM_UTC2";"Buy";"13210.4";"13250.4";"2023.05.08 16:45:00";"2023.05.08 18:46:00";"30.0";"1200.00";"13010.40039";"13250.40039";"74621.27";"0.00";"IST";"PT";"2h 1m";"-0.00"
"87";"USTEC_ICM_UTC2";"Buy";"13216.6";"13256.6";"2023.05.09 16:30:00";"2023.05.10 15:30:00";"30.0";"1016.88";"13016.59961";"13256.59961";"75638.15";"0.00";"IST";"PT";"23h 0m";"-183.12"
"88";"USTEC_ICM_UTC2";"Buy";"13295.9";"13335.9";"2023.05.10 16:45:00";"2023.05.10 17:01:00";"30.0";"1200.00";"13095.90039";"13335.90039";"76838.15";"0.00";"IST";"PT";"16m 0s";"-0.00"
"89";"USTEC_ICM_UTC2";"Buy";"13345.3";"13385.3";"2023.05.11 16:45:00";"2023.05.11 18:30:00";"30.0";"1200.00";"13145.29980";"13385.29980";"78038.15";"0.00";"IST";"PT";"1h 45m";"-0.00"
"90";"USTEC_ICM_UTC2";"Buy";"13408.8";"13339.2";"2023.05.12 16:30:00";"2023.05.12 22:55:00";"30.0";"-2088.00";"13208.79980";"13448.79980";"75950.15";"0.00";"IST";"End Of Friday (Time)";"6h 25m";"-0.00"
"91";"USTEC_ICM_UTC2";"Buy";"13359.4";"13399.4";"2023.05.15 16:30:00";"2023.05.15 20:07:00";"30.0";"1200.00";"13159.40039";"13399.40039";"77150.15";"0.00";"IST";"PT";"3h 37m";"-0.00"
"92";"USTEC_ICM_UTC2";"Buy";"13379.3";"13419.3";"2023.05.16 16:30:00";"2023.05.16 16:35:00";"30.0";"1200.00";"13179.29980";"13419.29980";"78350.15";"0.00";"IST";"PT";"5m 0s";"-0.00"
"93";"USTEC_ICM_UTC2";"Buy";"13458.0";"13498.0";"2023.05.17 17:30:00";"2023.05.17 18:18:00";"30.0";"1200.00";"13258.00000";"13498.00000";"79550.15";"0.00";"IST";"PT";"48m 0s";"-0.00"
"94";"USTEC_ICM_UTC2";"Buy";"13592.1";"13632.1";"2023.05.18 16:30:00";"2023.05.18 16:37:00";"30.0";"1200.00";"13392.09961";"13632.09961";"80750.15";"0.00";"IST";"PT";"7m 0s";"-0.00"
"95";"USTEC_ICM_UTC2";"Buy";"13859.9";"13809.6";"2023.05.19 16:45:00";"2023.05.19 22:55:00";"30.0";"-1509.03";"13659.90039";"13899.90039";"79241.12";"0.00";"IST";"End Of Friday (Time)";"6h 10m";"-0.00"
"96";"USTEC_ICM_UTC2";"Buy";"13857.5";"13897.5";"2023.05.22 16:45:00";"2023.05.23 03:01:00";"30.0";"1016.88";"13657.50000";"13897.50000";"80258.00";"0.00";"IST";"PT";"10h 16m";"-183.12"
"97";"USTEC_ICM_UTC2";"Buy";"13796.7";"13596.7";"2023.05.23 16:45:00";"2023.05.24 15:49:00";"30.0";"-6183.12";"13596.70020";"13836.70020";"74074.88";"0.00";"IST";"SL";"23h 4m";"-183.12"
"98";"USTEC_ICM_UTC2";"Buy";"13607.1";"13647.1";"2023.05.24 16:45:00";"2023.05.24 22:31:00";"30.0";"1200.00";"13407.09961";"13647.09961";"75274.88";"0.00";"IST";"PT";"5h 46m";"-0.00"
"99";"USTEC_ICM_UTC2";"Buy";"13835.8";"13875.8";"2023.05.25 17:15:00";"2023.05.25 17:40:00";"30.0";"1200.00";"13635.79980";"13875.79980";"76474.88";"0.00";"IST";"PT";"25m 0s";"-0.00"
"100";"USTEC_ICM_UTC2";"Buy";"14044.8";"14084.8";"2023.05.26 16:45:00";"2023.05.26 17:00:00";"30.0";"1200.00";"13844.79980";"14084.79980";"77674.88";"0.00";"IST";"PT";"15m 0s";"-0.00"
"101";"USTEC_ICM_UTC2";"Buy";"14339.3";"14379.3";"2023.05.29 17:15:00";"2023.05.30 10:36:00";"30.0";"1016.88";"14139.29980";"14379.29980";"78691.76";"0.00";"IST";"PT";"17h 21m";"-183.12"
"102";"USTEC_ICM_UTC2";"Buy";"14483.9";"14283.9";"2023.05.30 16:45:00";"2023.05.31 15:29:00";"30.0";"-6183.12";"14283.90039";"14523.90039";"72508.64";"0.00";"IST";"SL";"22h 44m";"-183.12"
"103";"USTEC_ICM_UTC2";"Buy";"14274.0";"14314.0";"2023.05.31 18:00:00";"2023.05.31 20:40:00";"30.0";"1200.00";"14074.00000";"14314.00000";"73708.64";"0.00";"IST";"PT";"2h 40m";"-0.00"
"104";"USTEC_ICM_UTC2";"Buy";"14277.3";"14317.3";"2023.06.01 17:00:00";"2023.06.01 17:42:00";"30.0";"1200.00";"14077.29980";"14317.29980";"74908.64";"0.00";"IST";"PT";"42m 0s";"-0.00"
"105";"USTEC_ICM_UTC2";"Buy";"14495.3";"14535.3";"2023.06.02 17:30:00";"2023.06.02 17:45:00";"30.0";"1200.00";"14295.29980";"14535.29980";"76108.64";"0.00";"IST";"PT";"15m 0s";"-0.00"
"106";"USTEC_ICM_UTC2";"Buy";"14610.7";"14650.7";"2023.06.05 16:45:00";"2023.06.05 18:32:00";"30.0";"1200.00";"14410.70020";"14650.70020";"77308.64";"0.00";"IST";"PT";"1h 47m";"-0.00"
"107";"USTEC_ICM_UTC2";"Buy";"14516.4";"14556.4";"2023.06.06 17:00:00";"2023.06.06 17:45:00";"30.0";"1200.00";"14316.40039";"14556.40039";"78508.64";"0.00";"IST";"PT";"45m 0s";"-0.00"
"108";"USTEC_ICM_UTC2";"Buy";"14456.9";"14256.9";"2023.06.07 18:15:00";"2023.06.08 07:08:00";"30.0";"-6183.12";"14256.90039";"14496.90039";"72325.52";"0.00";"IST";"SL";"12h 53m";"-183.12"
"109";"USTEC_ICM_UTC2";"Buy";"14358.4";"14398.4";"2023.06.08 16:45:00";"2023.06.08 17:31:00";"30.0";"1200.00";"14158.40039";"14398.40039";"73525.52";"0.00";"IST";"PT";"46m 0s";"-0.00"
"110";"USTEC_ICM_UTC2";"Buy";"14541.8";"14581.8";"2023.06.09 16:30:00";"2023.06.09 16:39:00";"30.0";"1200.00";"14341.79980";"14581.79980";"74725.52";"0.00";"IST";"PT";"9m 0s";"-0.00"
"111";"USTEC_ICM_UTC2";"Buy";"14607.7";"14647.7";"2023.06.12 16:45:00";"2023.06.12 18:36:00";"30.0";"1200.00";"14407.70020";"14647.70020";"75925.52";"0.00";"IST";"PT";"1h 51m";"-0.00"
"112";"USTEC_ICM_UTC2";"Buy";"14829.9";"14869.9";"2023.06.13 17:45:00";"2023.06.13 18:08:00";"30.0";"1200.00";"14629.90039";"14869.90039";"77125.52";"0.00";"IST";"PT";"23m 0s";"-0.00"
"113";"USTEC_ICM_UTC2";"Buy";"14902.2";"14942.2";"2023.06.14 16:45:00";"2023.06.14 17:06:00";"30.0";"1200.00";"14702.20020";"14942.20020";"78325.52";"0.00";"IST";"PT";"21m 0s";"-0.00"
"114";"USTEC_ICM_UTC2";"Buy";"15068.3";"15108.3";"2023.06.15 18:00:00";"2023.06.15 18:34:00";"30.0";"1200.00";"14868.29980";"15108.29980";"79525.52";"0.00";"IST";"PT";"34m 0s";"-0.00"
"115";"USTEC_ICM_UTC2";"Buy";"15284.8";"15097.7";"2023.06.16 16:30:00";"2023.06.16 22:55:00";"30.0";"-5613.00";"15084.79980";"15324.79980";"73912.52";"0.00";"IST";"End Of Friday (Time)";"6h 25m";"-0.00"
"116";"USTEC_ICM_UTC2";"Buy";"15061.6";"15101.6";"2023.06.19 17:30:00";"2023.06.20 16:37:00";"30.0";"1016.88";"14861.59961";"15101.59961";"74929.40";"0.00";"IST";"PT";"23h 7m";"-183.12"
"117";"USTEC_ICM_UTC2";"Buy";"15093.1";"14893.1";"2023.06.20 16:45:00";"2023.06.21 17:09:00";"30.0";"-6183.12";"14893.09961";"15133.09961";"68746.28";"0.00";"IST";"SL";"1d 0h 24m";"-183.12"
"118";"USTEC_ICM_UTC2";"Buy";"14919.8";"14959.8";"2023.06.21 17:30:00";"2023.06.21 21:30:00";"30.0";"1200.00";"14719.79980";"14959.79980";"69946.28";"0.00";"IST";"PT";"4h 0m";"-0.00"
"119";"USTEC_ICM_UTC2";"Buy";"14869.3";"14909.3";"2023.06.22 16:45:00";"2023.06.22 16:56:00";"30.0";"1200.00";"14669.29980";"14909.29980";"71146.28";"0.00";"IST";"PT";"11m 0s";"-0.00"
"120";"USTEC_ICM_UTC2";"Buy";"14853.9";"14893.9";"2023.06.23 16:45:00";"2023.06.23 17:12:00";"30.0";"1200.00";"14653.90039";"14893.90039";"72346.28";"0.00";"IST";"PT";"27m 0s";"-0.00"
"121";"USTEC_ICM_UTC2";"Buy";"14766.3";"14806.3";"2023.06.26 19:15:00";"2023.06.27 17:00:00";"30.0";"1016.88";"14566.29980";"14806.29980";"73363.16";"0.00";"IST";"PT";"21h 45m";"-183.12"
"122";"USTEC_ICM_UTC2";"Buy";"14743.8";"14783.8";"2023.06.27 17:15:00";"2023.06.27 17:28:00";"30.0";"1200.00";"14543.79980";"14783.79980";"74563.16";"0.00";"IST";"PT";"13m 0s";"-0.00"
"123";"USTEC_ICM_UTC2";"Buy";"14895.2";"14935.2";"2023.06.28 16:45:00";"2023.06.28 16:57:00";"30.0";"1200.00";"14695.20020";"14935.20020";"75763.16";"0.00";"IST";"PT";"12m 0s";"-0.00"
"124";"USTEC_ICM_UTC2";"Buy";"14921.4";"14961.4";"2023.06.29 16:45:00";"2023.06.29 17:04:00";"30.0";"1200.00";"14721.40039";"14961.40039";"76963.16";"0.00";"IST";"PT";"19m 0s";"-0.00"
"125";"USTEC_ICM_UTC2";"Buy";"15142.1";"15182.1";"2023.06.30 16:45:00";"2023.06.30 17:14:00";"30.0";"1200.00";"14942.09961";"15182.09961";"78163.16";"0.00";"IST";"PT";"29m 0s";"-0.00"
"126";"USTEC_ICM_UTC2";"Buy";"15214.9";"15254.9";"2023.07.03 16:45:00";"2023.07.05 17:16:00";"30.0";"833.76";"15014.90039";"15254.90039";"78996.92";"0.00";"IST";"PT";"2d 0h 31m";"-366.24"
"127";"USTEC_ICM_UTC2";"Buy";"15197.3";"14997.3";"2023.07.05 19:00:00";"2023.07.06 16:35:00";"30.0";"-6183.12";"14997.29980";"15237.29980";"72813.80";"0.00";"IST";"SL";"21h 35m";"-183.12"
"128";"USTEC_ICM_UTC2";"Buy";"15023.1";"15063.1";"2023.07.06 17:30:00";"2023.07.06 19:30:00";"30.0";"1200.00";"14823.09961";"15063.09961";"74013.80";"0.00";"IST";"PT";"2h 0m";"-0.00"
"129";"USTEC_ICM_UTC2";"Buy";"15076.1";"15116.1";"2023.07.07 16:30:00";"2023.07.07 16:51:00";"30.0";"1200.00";"14876.09961";"15116.09961";"75213.80";"0.00";"IST";"PT";"21m 0s";"-0.00"
"130";"USTEC_ICM_UTC2";"Buy";"15026.7";"15066.7";"2023.07.10 16:45:00";"2023.07.10 23:05:00";"30.0";"1200.00";"14826.70020";"15066.70020";"76413.80";"0.00";"IST";"PT";"6h 20m";"-0.00"
"131";"USTEC_ICM_UTC2";"Buy";"15028.0";"15068.0";"2023.07.11 16:45:00";"2023.07.11 17:47:00";"30.0";"1200.00";"14828.00000";"15068.00000";"77613.80";"0.00";"IST";"PT";"1h 2m";"-0.00"
"132";"USTEC_ICM_UTC2";"Buy";"15308.3";"15348.3";"2023.07.12 18:30:00";"2023.07.13 05:29:00";"30.0";"1016.88";"15108.29980";"15348.29980";"78630.68";"0.00";"IST";"PT";"10h 59m";"-183.12"
"133";"USTEC_ICM_UTC2";"Buy";"15466.6";"15506.6";"2023.07.13 17:45:00";"2023.07.13 19:18:00";"30.0";"1200.00";"15266.59961";"15506.59961";"79830.68";"0.00";"IST";"PT";"1h 33m";"-0.00"
"134";"USTEC_ICM_UTC2";"Buy";"15584.5";"15624.5";"2023.07.14 16:30:00";"2023.07.14 16:32:00";"30.0";"1200.00";"15384.50000";"15624.50000";"81030.68";"0.00";"IST";"PT";"2m 0s";"-0.00"
"135";"USTEC_ICM_UTC2";"Buy";"15618.5";"15658.5";"2023.07.17 17:15:00";"2023.07.17 18:42:00";"30.0";"1200.00";"15418.50000";"15658.50000";"82230.68";"0.00";"IST";"PT";"1h 27m";"-0.00"
"136";"USTEC_ICM_UTC2";"Buy";"15642.8";"15682.8";"2023.07.18 17:15:00";"2023.07.18 18:40:00";"30.0";"1200.00";"15442.79980";"15682.79980";"83430.68";"0.00";"IST";"PT";"1h 25m";"-0.00"
"137";"USTEC_ICM_UTC2";"Buy";"15881.7";"15921.7";"2023.07.19 16:30:00";"2023.07.19 19:03:00";"30.0";"1200.00";"15681.70020";"15921.70020";"84630.68";"0.00";"IST";"PT";"2h 33m";"-0.00"
"138";"USTEC_ICM_UTC2";"Buy";"15704.6";"15744.6";"2023.07.20 16:30:00";"2023.07.20 16:32:00";"30.0";"1200.00";"15504.59961";"15744.59961";"85830.68";"0.00";"IST";"PT";"2m 0s";"-0.00"
"139";"USTEC_ICM_UTC2";"Buy";"15560.1";"15430.0";"2023.07.21 16:45:00";"2023.07.21 22:55:00";"30.0";"-3903.00";"15360.09961";"15600.09961";"81927.68";"0.00";"IST";"End Of Friday (Time)";"6h 10m";"-0.00"
"140";"USTEC_ICM_UTC2";"Buy";"15468.8";"15508.8";"2023.07.24 17:30:00";"2023.07.25 11:39:00";"30.0";"1016.88";"15268.79980";"15508.79980";"82944.55";"0.00";"IST";"PT";"18h 9m";"-183.12"
"141";"USTEC_ICM_UTC2";"Buy";"15512.0";"15552.0";"2023.07.25 16:45:00";"2023.07.25 16:57:00";"30.0";"1200.00";"15312.00000";"15552.00000";"84144.55";"0.00";"IST";"PT";"12m 0s";"-0.00"
"142";"USTEC_ICM_UTC2";"Buy";"15492.5";"15532.5";"2023.07.26 16:45:00";"2023.07.26 21:39:00";"30.0";"1200.00";"15292.50000";"15532.50000";"85344.55";"0.00";"IST";"PT";"4h 54m";"-0.00"
"143";"USTEC_ICM_UTC2";"Buy";"15726.9";"15766.9";"2023.07.27 16:30:00";"2023.07.27 16:37:00";"30.0";"1200.00";"15526.90039";"15766.90039";"86544.55";"0.00";"IST";"PT";"7m 0s";"-0.00"
"144";"USTEC_ICM_UTC2";"Buy";"15675.1";"15715.1";"2023.07.28 16:45:00";"2023.07.28 16:51:00";"30.0";"1200.00";"15475.09961";"15715.09961";"87744.55";"0.00";"IST";"PT";"6m 0s";"-0.00"
"145";"USTEC_ICM_UTC2";"Buy";"15784.0";"15584.0";"2023.07.31 16:45:00";"2023.08.02 09:51:00";"30.0";"-6366.24";"15584.00000";"15824.00000";"81378.32";"0.00";"IST";"SL";"1d 17h 6m";"-366.24"
"146";"USTEC_ICM_UTC2";"Buy";"15413.5";"15453.5";"2023.08.02 18:30:00";"2023.08.04 08:48:00";"30.0";"833.76";"15213.50000";"15453.50000";"82212.08";"0.00";"IST";"PT";"1d 14h 18m";"-366.24"
"147";"USTEC_ICM_UTC2";"Buy";"15417.9";"15457.9";"2023.08.04 16:45:00";"2023.08.04 18:06:00";"30.0";"1200.00";"15217.90039";"15457.90039";"83412.08";"0.00";"IST";"PT";"1h 21m";"-0.00"
"148";"USTEC_ICM_UTC2";"Buy";"15309.6";"15349.6";"2023.08.07 16:45:00";"2023.08.07 16:53:00";"30.0";"1200.00";"15109.59961";"15349.59961";"84612.08";"0.00";"IST";"PT";"8m 0s";"-0.00"
"149";"USTEC_ICM_UTC2";"Buy";"15299.2";"15339.2";"2023.08.08 16:30:00";"2023.08.09 10:03:00";"30.0";"1016.88";"15099.20020";"15339.20020";"85628.96";"0.00";"IST";"PT";"17h 33m";"-183.12"
"150";"USTEC_ICM_UTC2";"Buy";"15099.7";"15139.7";"2023.08.09 18:45:00";"2023.08.09 19:34:00";"30.0";"1200.00";"14899.70020";"15139.70020";"86828.96";"0.00";"IST";"PT";"49m 0s";"-0.00"
"151";"USTEC_ICM_UTC2";"Buy";"15249.8";"15289.8";"2023.08.10 16:45:00";"2023.08.10 16:46:00";"30.0";"1200.00";"15049.79980";"15289.79980";"88028.96";"0.00";"IST";"PT";"1m 0s";"-0.00"
"152";"USTEC_ICM_UTC2";"Buy";"15000.5";"15040.5";"2023.08.11 16:45:00";"2023.08.11 17:02:00";"30.0";"1200.00";"14800.50000";"15040.50000";"89228.96";"0.00";"IST";"PT";"17m 0s";"-0.00"
"153";"USTEC_ICM_UTC2";"Buy";"15030.5";"15070.5";"2023.08.14 16:45:00";"2023.08.14 17:08:00";"30.0";"1200.00";"14830.50000";"15070.50000";"90428.96";"0.00";"IST";"PT";"23m 0s";"-0.00"
"154";"USTEC_ICM_UTC2";"Buy";"15071.7";"15111.7";"2023.08.15 18:00:00";"2023.08.15 18:10:00";"30.0";"1200.00";"14871.70020";"15111.70020";"91628.96";"0.00";"IST";"PT";"10m 0s";"-0.00"
"155";"USTEC_ICM_UTC2";"Buy";"15013.8";"15053.8";"2023.08.16 16:30:00";"2023.08.16 16:48:00";"30.0";"1200.00";"14813.79980";"15053.79980";"92828.96";"0.00";"IST";"PT";"18m 0s";"-0.00"
"156";"USTEC_ICM_UTC2";"Buy";"14886.7";"14686.7";"2023.08.17 16:45:00";"2023.08.18 01:05:00";"30.0";"-6183.12";"14686.70020";"14926.70020";"86645.84";"0.00";"IST";"SL";"8h 20m";"-183.12"
"157";"USTEC_ICM_UTC2";"Buy";"14578.1";"14618.1";"2023.08.18 17:30:00";"2023.08.18 17:35:00";"30.0";"1200.00";"14378.09961";"14618.09961";"87845.84";"0.00";"IST";"PT";"5m 0s";"-0.00"
"158";"USTEC_ICM_UTC2";"Buy";"14818.8";"14859.1";"2023.08.21 16:45:00";"2023.08.21 17:00:00";"30.0";"1208.10";"14618.79980";"14858.79980";"89053.94";"0.00";"IST";"PT";"15m 0s";"-0.00"
"159";"USTEC_ICM_UTC2";"Buy";"15038.5";"15078.5";"2023.08.22 16:30:00";"2023.08.23 17:15:00";"30.0";"1016.88";"14838.50000";"15078.50000";"90070.82";"0.00";"IST";"PT";"1d 0h 45m";"-183.12"
"160";"USTEC_ICM_UTC2";"Buy";"15149.0";"15189.0";"2023.08.23 19:00:00";"2023.08.23 20:54:00";"30.0";"1200.00";"14949.00000";"15189.00000";"91270.82";"0.00";"IST";"PT";"1h 54m";"-0.00"
"161";"USTEC_ICM_UTC2";"Buy";"15282.8";"15082.8";"2023.08.24 16:30:00";"2023.08.24 17:15:00";"30.0";"-6000.00";"15082.79980";"15322.79980";"85270.82";"0.00";"IST";"SL";"45m 0s";"-0.00"
"162";"USTEC_ICM_UTC2";"Buy";"14853.7";"14893.7";"2023.08.25 16:30:00";"2023.08.25 16:36:00";"30.0";"1200.00";"14653.70020";"14893.70020";"86470.82";"0.00";"IST";"PT";"6m 0s";"-0.00"
"163";"USTEC_ICM_UTC2";"Buy";"15052.5";"15092.5";"2023.08.28 17:30:00";"2023.08.29 09:01:00";"30.0";"1016.88";"14852.50000";"15092.50000";"87487.70";"0.00";"IST";"PT";"15h 31m";"-183.12"
"164";"USTEC_ICM_UTC2";"Buy";"15297.2";"15337.2";"2023.08.29 18:15:00";"2023.08.29 18:38:00";"30.0";"1200.00";"15097.20020";"15337.20020";"88687.70";"0.00";"IST";"PT";"23m 0s";"-0.00"
"165";"USTEC_ICM_UTC2";"Buy";"15370.9";"15410.9";"2023.08.30 16:45:00";"2023.08.30 16:54:00";"30.0";"1200.00";"15170.90039";"15410.90039";"89887.70";"0.00";"IST";"PT";"9m 0s";"-0.00"
"166";"USTEC_ICM_UTC2";"Buy";"15494.0";"15534.0";"2023.08.31 16:45:00";"2023.08.31 17:02:00";"30.0";"1200.00";"15294.00000";"15534.00000";"91087.70";"0.00";"IST";"PT";"17m 0s";"-0.00"
"167";"USTEC_ICM_UTC2";"Buy";"15602.2";"15491.2";"2023.09.01 16:30:00";"2023.09.01 22:55:00";"30.0";"-3330.00";"15402.20020";"15642.20020";"87757.70";"0.00";"IST";"End Of Friday (Time)";"6h 25m";"-0.00"
"168";"USTEC_ICM_UTC2";"Buy";"15528.9";"15328.9";"2023.09.04 16:30:00";"2023.09.06 18:09:00";"30.0";"-6366.24";"15328.90039";"15568.90039";"81391.46";"0.00";"IST";"SL";"2d 1h 39m";"-366.24"
"169";"USTEC_ICM_UTC2";"Buy";"15367.0";"15167.0";"2023.09.06 18:30:00";"2023.09.07 16:28:00";"30.0";"-6183.12";"15167.00000";"15407.00000";"75208.34";"0.00";"IST";"SL";"21h 58m";"-183.12"
"170";"USTEC_ICM_UTC2";"Buy";"15183.5";"15223.5";"2023.09.07 16:30:00";"2023.09.07 17:39:00";"30.0";"1200.00";"14983.50000";"15223.50000";"76408.34";"0.00";"IST";"PT";"1h 9m";"-0.00"
"171";"USTEC_ICM_UTC2";"Buy";"15257.4";"15297.4";"2023.09.08 16:30:00";"2023.09.08 16:32:00";"30.0";"1200.00";"15057.40039";"15297.40039";"77608.34";"0.00";"IST";"PT";"2m 0s";"-0.00"
"172";"USTEC_ICM_UTC2";"Buy";"15366.2";"15406.2";"2023.09.11 16:45:00";"2023.09.11 20:19:00";"30.0";"1200.00";"15166.20020";"15406.20020";"78808.34";"0.00";"IST";"PT";"3h 34m";"-0.00"
"173";"USTEC_ICM_UTC2";"Buy";"15420.2";"15220.2";"2023.09.12 16:45:00";"2023.09.13 15:30:00";"30.0";"-6183.12";"15220.20020";"15460.20020";"72625.22";"0.00";"IST";"SL";"22h 45m";"-183.12"
"174";"USTEC_ICM_UTC2";"Buy";"15299.4";"15339.4";"2023.09.13 16:30:00";"2023.09.13 16:31:00";"30.0";"1200.00";"15099.40039";"15339.40039";"73825.22";"0.00";"IST";"PT";"1m 0s";"-0.00"
"175";"USTEC_ICM_UTC2";"Buy";"15448.9";"15488.9";"2023.09.14 17:45:00";"2023.09.14 18:09:00";"30.0";"1200.00";"15248.90039";"15488.90039";"75025.22";"0.00";"IST";"PT";"24m 0s";"-0.00"
"176";"USTEC_ICM_UTC2";"Buy";"15252.3";"15197.6";"2023.09.15 18:45:00";"2023.09.15 22:55:00";"30.0";"-1641.00";"15052.29980";"15292.29980";"73384.22";"0.00";"IST";"End Of Friday (Time)";"4h 10m";"-0.00"
"177";"USTEC_ICM_UTC2";"Buy";"15169.6";"15209.6";"2023.09.18 16:30:00";"2023.09.18 16:33:00";"30.0";"1200.00";"14969.59961";"15209.59961";"74584.22";"0.00";"IST";"PT";"3m 0s";"-0.00"
"178";"USTEC_ICM_UTC2";"Buy";"15164.5";"15204.5";"2023.09.19 16:45:00";"2023.09.19 21:35:00";"30.0";"1200.00";"14964.50000";"15204.50000";"75784.22";"0.00";"IST";"PT";"4h 50m";"-0.00"
"179";"USTEC_ICM_UTC2";"Buy";"15226.6";"15026.6";"2023.09.20 17:00:00";"2023.09.20 22:33:00";"30.0";"-6000.00";"15026.59961";"15266.59961";"69784.22";"0.00";"IST";"SL";"5h 33m";"-0.00"
"180";"USTEC_ICM_UTC2";"Buy";"14798.8";"14838.8";"2023.09.21 17:30:00";"2023.09.21 17:38:00";"30.0";"1200.00";"14598.79980";"14838.79980";"70984.22";"0.00";"IST";"PT";"8m 0s";"-0.00"
"181";"USTEC_ICM_UTC2";"Buy";"14784.3";"14824.3";"2023.09.22 17:00:00";"2023.09.22 17:34:00";"30.0";"1200.00";"14584.29980";"14824.29980";"72184.22";"0.00";"IST";"PT";"34m 0s";"-0.00"
"182";"USTEC_ICM_UTC2";"Buy";"14657.6";"14697.6";"2023.09.25 16:30:00";"2023.09.25 16:42:00";"30.0";"1200.00";"14457.59961";"14697.59961";"73384.22";"0.00";"IST";"PT";"12m 0s";"-0.00"
"183";"USTEC_ICM_UTC2";"Buy";"14664.2";"14464.2";"2023.09.26 16:45:00";"2023.09.27 20:26:00";"30.0";"-6183.12";"14464.20020";"14704.20020";"67201.09";"0.00";"IST";"SL";"1d 3h 41m";"-183.12"
"184";"USTEC_ICM_UTC2";"Buy";"14451.5";"14491.5";"2023.09.27 21:15:00";"2023.09.27 21:26:00";"30.0";"1200.00";"14251.50000";"14491.50000";"68401.09";"0.00";"IST";"PT";"11m 0s";"-0.00"
"185";"USTEC_ICM_UTC2";"Buy";"14513.1";"14553.1";"2023.09.28 16:45:00";"2023.09.28 16:51:00";"30.0";"1200.00";"14313.09961";"14553.09961";"69601.09";"0.00";"IST";"PT";"6m 0s";"-0.00"
"186";"USTEC_ICM_UTC2";"Buy";"14840.2";"14880.2";"2023.09.29 16:45:00";"2023.09.29 16:48:00";"30.0";"1200.00";"14640.20020";"14880.20020";"70801.09";"0.00";"IST";"PT";"3m 0s";"-0.00"
"187";"USTEC_ICM_UTC2";"Buy";"14724.3";"14764.3";"2023.10.02 16:30:00";"2023.10.02 16:35:00";"30.0";"1200.00";"14524.29980";"14764.29980";"72001.09";"0.00";"IST";"PT";"5m 0s";"-0.00"
"188";"USTEC_ICM_UTC2";"Buy";"14756.6";"14796.6";"2023.10.03 16:45:00";"2023.10.03 16:51:00";"30.0";"1200.00";"14556.59961";"14796.59961";"73201.09";"0.00";"IST";"PT";"6m 0s";"-0.00"
"189";"USTEC_ICM_UTC2";"Buy";"14662.6";"14702.6";"2023.10.04 16:45:00";"2023.10.04 18:21:00";"30.0";"1200.00";"14462.59961";"14702.59961";"74401.09";"0.00";"IST";"PT";"1h 36m";"-0.00"
"190";"USTEC_ICM_UTC2";"Buy";"14603.8";"14643.8";"2023.10.05 18:15:00";"2023.10.05 18:53:00";"30.0";"1200.00";"14403.79980";"14643.79980";"75601.09";"0.00";"IST";"PT";"38m 0s";"-0.00"
"191";"USTEC_ICM_UTC2";"Buy";"14707.4";"14747.4";"2023.10.06 17:30:00";"2023.10.06 17:34:00";"30.0";"1200.00";"14507.40039";"14747.40039";"76801.09";"0.00";"IST";"PT";"4m 0s";"-0.00"
"192";"USTEC_ICM_UTC2";"Buy";"14894.8";"14934.8";"2023.10.09 18:30:00";"2023.10.09 19:18:00";"30.0";"1200.00";"14694.79980";"14934.79980";"78001.09";"0.00";"IST";"PT";"48m 0s";"-0.00"
"193";"USTEC_ICM_UTC2";"Buy";"15061.3";"15101.3";"2023.10.10 16:30:00";"2023.10.10 16:59:00";"30.0";"1200.00";"14861.29980";"15101.29980";"79201.09";"0.00";"IST";"PT";"29m 0s";"-0.00"
"194";"USTEC_ICM_UTC2";"Buy";"15202.0";"15242.0";"2023.10.11 16:45:00";"2023.10.11 18:10:00";"30.0";"1200.00";"15002.00000";"15242.00000";"80401.09";"0.00";"IST";"PT";"1h 25m";"-0.00"
"195";"USTEC_ICM_UTC2";"Buy";"15250.1";"15290.1";"2023.10.12 16:45:00";"2023.10.12 17:06:00";"30.0";"1200.00";"15050.09961";"15290.09961";"81601.09";"0.00";"IST";"PT";"21m 0s";"-0.00"
"196";"USTEC_ICM_UTC2";"Buy";"15059.1";"15004.0";"2023.10.13 19:30:00";"2023.10.13 22:55:00";"30.0";"-1653.00";"14859.09961";"15099.09961";"79948.09";"0.00";"IST";"End Of Friday (Time)";"3h 25m";"-0.00"
"197";"USTEC_ICM_UTC2";"Buy";"15133.1";"15173.1";"2023.10.16 17:15:00";"2023.10.16 17:27:00";"30.0";"1200.00";"14933.09961";"15173.09961";"81148.09";"0.00";"IST";"PT";"12m 0s";"-0.00"
"198";"USTEC_ICM_UTC2";"Buy";"15039.7";"15079.7";"2023.10.17 17:15:00";"2023.10.17 17:23:00";"30.0";"1200.00";"14839.70020";"15079.70020";"82348.09";"0.00";"IST";"PT";"8m 0s";"-0.00"
"199";"USTEC_ICM_UTC2";"Buy";"15019.3";"15059.3";"2023.10.18 16:45:00";"2023.10.18 17:06:00";"30.0";"1200.00";"14819.29980";"15059.29980";"83548.09";"0.00";"IST";"PT";"21m 0s";"-0.00"
"200";"USTEC_ICM_UTC2";"Buy";"14924.3";"14964.3";"2023.10.19 16:45:00";"2023.10.19 16:53:00";"30.0";"1200.00";"14724.29980";"14964.29980";"84748.09";"0.00";"IST";"PT";"8m 0s";"-0.00"
"201";"USTEC_ICM_UTC2";"Buy";"14623.2";"14663.2";"2023.10.20 19:00:00";"2023.10.20 19:58:00";"30.0";"1200.00";"14423.20020";"14663.20020";"85948.09";"0.00";"IST";"PT";"58m 0s";"-0.00"
"202";"USTEC_ICM_UTC2";"Buy";"14425.1";"14465.1";"2023.10.23 16:45:00";"2023.10.23 16:48:00";"30.0";"1200.00";"14225.09961";"14465.09961";"87148.09";"0.00";"IST";"PT";"3m 0s";"-0.00"
"203";"USTEC_ICM_UTC2";"Buy";"14722.6";"14762.6";"2023.10.24 16:45:00";"2023.10.24 17:38:00";"30.0";"1200.00";"14522.59961";"14762.59961";"88348.09";"0.00";"IST";"PT";"53m 0s";"-0.00"
"204";"USTEC_ICM_UTC2";"Buy";"14521.6";"14561.6";"2023.10.25 17:15:00";"2023.10.25 17:39:00";"30.0";"1200.00";"14321.59961";"14561.59961";"89548.09";"0.00";"IST";"PT";"24m 0s";"-0.00"
"205";"USTEC_ICM_UTC2";"Buy";"14267.5";"14067.5";"2023.10.26 18:00:00";"2023.10.26 19:40:00";"30.0";"-6000.00";"14067.50000";"14307.50000";"83548.09";"0.00";"IST";"SL";"1h 40m";"-0.00"
"206";"USTEC_ICM_UTC2";"Buy";"14259.6";"14299.6";"2023.10.27 16:45:00";"2023.10.27 18:15:00";"30.0";"1200.00";"14059.59961";"14299.59961";"84748.09";"0.00";"IST";"PT";"1h 30m";"-0.00"
"207";"USTEC_ICM_UTC2";"Buy";"14264.3";"14304.3";"2023.10.30 17:00:00";"2023.10.30 17:03:00";"30.0";"1200.00";"14064.29980";"14304.29980";"85948.09";"0.00";"IST";"PT";"3m 0s";"-0.00"
"208";"USTEC_ICM_UTC2";"Buy";"14335.3";"14375.3";"2023.10.31 17:00:00";"2023.10.31 19:41:00";"30.0";"1200.00";"14135.29980";"14375.29980";"87148.09";"0.00";"IST";"PT";"2h 41m";"-0.00"
"209";"USTEC_ICM_UTC2";"Buy";"14551.9";"14591.9";"2023.11.01 16:30:00";"2023.11.01 20:35:00";"30.0";"1200.00";"14351.90039";"14591.90039";"88348.09";"0.00";"IST";"PT";"4h 5m";"-0.00"
"210";"USTEC_ICM_UTC2";"Buy";"14866.2";"14906.2";"2023.11.02 16:45:00";"2023.11.02 19:31:00";"30.0";"1200.00";"14666.20020";"14906.20020";"89548.09";"0.00";"IST";"PT";"2h 46m";"-0.00"
"211";"USTEC_ICM_UTC2";"Buy";"15035.6";"15075.6";"2023.11.03 17:00:00";"2023.11.03 17:50:00";"30.0";"1200.00";"14835.59961";"15075.59961";"90748.09";"0.00";"IST";"PT";"50m 0s";"-0.00"
"212";"USTEC_ICM_UTC2";"Buy";"15142.8";"15182.8";"2023.11.06 16:45:00";"2023.11.07 16:15:00";"30.0";"1016.88";"14942.79980";"15182.79980";"91764.98";"0.00";"IST";"PT";"23h 30m";"-183.12"
"213";"USTEC_ICM_UTC2";"Buy";"15317.3";"15357.3";"2023.11.07 18:45:00";"2023.11.09 17:00:00";"30.0";"833.76";"15117.29980";"15357.29980";"92598.73";"0.00";"IST";"PT";"1d 22h 15m";"-366.24"
"214";"USTEC_ICM_UTC2";"Buy";"15322.7";"15362.7";"2023.11.09 18:00:00";"2023.11.09 18:50:00";"30.0";"1200.00";"15122.70020";"15362.70020";"93798.73";"0.00";"IST";"PT";"50m 0s";"-0.00"
"215";"USTEC_ICM_UTC2";"Buy";"15304.6";"15344.6";"2023.11.10 18:00:00";"2023.11.10 18:05:00";"30.0";"1200.00";"15104.59961";"15344.59961";"94998.73";"0.00";"IST";"PT";"5m 0s";"-0.00"
"216";"USTEC_ICM_UTC2";"Buy";"15419.3";"15459.3";"2023.11.13 16:45:00";"2023.11.13 17:19:00";"30.0";"1200.00";"15219.29980";"15459.29980";"96198.73";"0.00";"IST";"PT";"34m 0s";"-0.00"
"217";"USTEC_ICM_UTC2";"Buy";"15748.3";"15788.3";"2023.11.14 16:30:00";"2023.11.14 16:43:00";"30.0";"1200.00";"15548.29980";"15788.29980";"97398.73";"0.00";"IST";"PT";"13m 0s";"-0.00"
"218";"USTEC_ICM_UTC2";"Buy";"15874.9";"15832.6";"2023.11.15 16:45:00";"2023.11.17 22:55:00";"30.0";"-1635.27";"15674.90039";"15914.90039";"95763.47";"0.00";"IST";"End Of Friday (Time)";"2d 6h 10m";"-366.24"
"219";"USTEC_ICM_UTC2";"Buy";"15903.3";"15943.3";"2023.11.20 16:45:00";"2023.11.20 18:00:00";"30.0";"1200.00";"15703.29980";"15943.29980";"96963.47";"0.00";"IST";"PT";"1h 15m";"-0.00"
"220";"USTEC_ICM_UTC2";"Buy";"15949.0";"15989.0";"2023.11.21 16:45:00";"2023.11.22 14:12:00";"30.0";"1016.88";"15749.00000";"15989.00000";"97980.34";"0.00";"IST";"PT";"21h 27m";"-183.12"
"221";"USTEC_ICM_UTC2";"Buy";"16091.3";"16131.3";"2023.11.22 16:45:00";"2023.11.29 15:31:00";"30.0";"-81.84";"15891.29980";"16131.29980";"97898.51";"0.00";"IST";"PT";"6d 22h 46m";"-1281.84"
"222";"USTEC_ICM_UTC2";"Buy";"16153.3";"15953.3";"2023.11.29 16:45:00";"2023.11.30 16:39:00";"30.0";"-6183.12";"15953.29980";"16193.29980";"91715.39";"0.00";"IST";"SL";"23h 54m";"-183.12"
"223";"USTEC_ICM_UTC2";"Buy";"15916.0";"15956.0";"2023.11.30 17:30:00";"2023.12.01 11:17:00";"30.0";"1016.88";"15716.00000";"15956.00000";"92732.27";"0.00";"IST";"PT";"17h 47m";"-183.12"
"224";"USTEC_ICM_UTC2";"Buy";"15899.8";"15939.8";"2023.12.01 16:45:00";"2023.12.01 18:13:00";"30.0";"1200.00";"15699.79980";"15939.79980";"93932.27";"0.00";"IST";"PT";"1h 28m";"-0.00"
"225";"USTEC_ICM_UTC2";"Buy";"15802.7";"15842.7";"2023.12.04 17:15:00";"2023.12.04 22:50:00";"30.0";"1200.00";"15602.70020";"15842.70020";"95132.27";"0.00";"IST";"PT";"5h 35m";"-0.00"
"226";"USTEC_ICM_UTC2";"Buy";"15814.4";"15854.4";"2023.12.05 16:45:00";"2023.12.05 17:00:00";"30.0";"1200.00";"15614.40039";"15854.40039";"96332.27";"0.00";"IST";"PT";"15m 0s";"-0.00"
"227";"USTEC_ICM_UTC2";"Buy";"15870.8";"15910.8";"2023.12.06 17:30:00";"2023.12.06 17:46:00";"30.0";"1200.00";"15670.79980";"15910.79980";"97532.27";"0.00";"IST";"PT";"16m 0s";"-0.00"
"228";"USTEC_ICM_UTC2";"Buy";"15940.3";"15980.3";"2023.12.07 17:15:00";"2023.12.07 17:31:00";"30.0";"1200.00";"15740.29980";"15980.29980";"98732.27";"0.00";"IST";"PT";"16m 0s";"-0.00"
"229";"USTEC_ICM_UTC2";"Buy";"16005.7";"16045.7";"2023.12.08 16:45:00";"2023.12.08 17:07:00";"30.0";"1200.00";"15805.70020";"16045.70020";"99932.27";"0.00";"IST";"PT";"22m 0s";"-0.00"
"230";"USTEC_ICM_UTC2";"Buy";"16118.9";"16158.9";"2023.12.11 16:45:00";"2023.12.11 17:06:00";"30.0";"1200.00";"15918.90039";"16158.90039";"101132.27";"0.00";"IST";"PT";"21m 0s";"-0.00"
"231";"USTEC_ICM_UTC2";"Buy";"16242.9";"16282.9";"2023.12.12 17:00:00";"2023.12.12 18:05:00";"30.0";"1200.00";"16042.90039";"16282.90039";"102332.27";"0.00";"IST";"PT";"1h 5m";"-0.00"
"232";"USTEC_ICM_UTC2";"Buy";"16404.2";"16444.2";"2023.12.13 16:45:00";"2023.12.13 21:04:00";"30.0";"1200.00";"16204.20020";"16444.19922";"103532.27";"0.00";"IST";"PT";"4h 19m";"-0.00"
"233";"USTEC_ICM_UTC2";"Buy";"16639.6";"16439.6";"2023.12.14 16:45:00";"2023.12.14 20:51:00";"30.0";"-6000.00";"16439.59961";"16679.59961";"97532.27";"0.00";"IST";"SL";"4h 6m";"-0.00"
"234";"USTEC_ICM_UTC2";"Buy";"16627.3";"16667.3";"2023.12.15 17:15:00";"2023.12.15 18:30:00";"30.0";"1200.00";"16427.30078";"16667.30078";"98732.27";"0.00";"IST";"PT";"1h 15m";"-0.00"
"235";"USTEC_ICM_UTC2";"Buy";"16646.6";"16686.6";"2023.12.18 16:45:00";"2023.12.18 17:08:00";"30.0";"1200.00";"16446.59961";"16686.59961";"99932.27";"0.00";"IST";"PT";"23m 0s";"-0.00"
"236";"USTEC_ICM_UTC2";"Buy";"16743.7";"16783.7";"2023.12.19 16:30:00";"2023.12.19 16:42:00";"30.0";"1200.00";"16543.69922";"16783.69922";"101132.27";"0.00";"IST";"PT";"12m 0s";"-0.00"
"237";"USTEC_ICM_UTC2";"Buy";"16776.8";"16816.8";"2023.12.20 16:30:00";"2023.12.20 17:00:00";"30.0";"1200.00";"16576.80078";"16816.80078";"102332.27";"0.00";"IST";"PT";"30m 0s";"-0.00"
"238";"USTEC_ICM_UTC2";"Buy";"16731.4";"16771.4";"2023.12.21 16:45:00";"2023.12.22 15:30:00";"30.0";"1016.88";"16531.40039";"16771.40039";"103349.15";"0.00";"IST";"PT";"22h 45m";"-183.12"
"239";"USTEC_ICM_UTC2";"Buy";"16835.5";"16779.7";"2023.12.22 16:45:00";"2023.12.22 22:55:00";"30.0";"-1674.03";"16635.50000";"16875.50000";"101675.12";"0.00";"IST";"End Of Friday (Time)";"6h 10m";"-0.00"
"240";"USTEC_ICM_UTC2";"Buy";"16848.3";"16888.3";"2023.12.26 17:30:00";"2023.12.26 22:21:00";"30.0";"1200.00";"16648.30078";"16888.30078";"102875.12";"0.00";"IST";"PT";"4h 51m";"-0.00"
"241";"USTEC_ICM_UTC2";"Buy";"16902.0";"16942.0";"2023.12.27 16:45:00";"2023.12.28 03:06:00";"30.0";"1016.88";"16702.00000";"16942.00000";"103892.00";"0.00";"IST";"PT";"10h 21m";"-183.12"
"242";"USTEC_ICM_UTC2";"Buy";"16951.9";"16751.9";"2023.12.28 16:30:00";"2023.12.29 18:32:00";"30.0";"-6183.12";"16751.90039";"16991.90039";"97708.88";"0.00";"IST";"SL";"1d 2h 2m";"-183.12"
"243";"USTEC_ICM_UTC2";"Buy";"16790.3";"16830.3";"2023.12.29 19:00:00";"2023.12.29 20:07:00";"30.0";"1200.00";"16590.30078";"16830.30078";"98908.88";"0.00";"IST";"PT";"1h 7m";"-0.00"
"244";"USTEC_ICM_UTC2";"Buy";"16569.2";"16609.2";"2024.01.02 17:15:00";"2024.01.02 18:46:00";"30.0";"1200.00";"16369.20020";"16609.19922";"100108.88";"0.00";"IST";"PT";"1h 31m";"-0.00"
"245";"USTEC_ICM_UTC2";"Buy";"16434.0";"16474.0";"2024.01.03 16:30:00";"2024.01.03 17:00:00";"30.0";"1200.00";"16234.00000";"16474.00000";"101308.88";"0.00";"IST";"PT";"30m 0s";"-0.00"
"246";"USTEC_ICM_UTC2";"Buy";"16287.5";"16327.5";"2024.01.04 16:30:00";"2024.01.04 16:35:00";"30.0";"1200.00";"16087.50000";"16327.50000";"102508.88";"0.00";"IST";"PT";"5m 0s";"-0.00"
"247";"USTEC_ICM_UTC2";"Buy";"16399.0";"16302.1";"2024.01.05 17:45:00";"2024.01.05 22:55:00";"30.0";"-2907.00";"16199.00000";"16439.00000";"99601.88";"0.00";"IST";"End Of Friday (Time)";"5h 10m";"-0.00"
"248";"USTEC_ICM_UTC2";"Buy";"16497.2";"16537.2";"2024.01.08 17:45:00";"2024.01.08 19:06:00";"30.0";"1200.00";"16297.20020";"16537.19922";"100801.88";"0.00";"IST";"PT";"1h 21m";"-0.00"
"249";"USTEC_ICM_UTC2";"Buy";"16580.2";"16620.2";"2024.01.09 17:15:00";"2024.01.09 18:16:00";"30.0";"1200.00";"16380.20020";"16620.19922";"102001.88";"0.00";"IST";"PT";"1h 1m";"-0.00"
"250";"USTEC_ICM_UTC2";"Buy";"16708.0";"16748.0";"2024.01.10 17:30:00";"2024.01.10 19:39:00";"30.0";"1200.00";"16508.00000";"16748.00000";"103201.88";"0.00";"IST";"PT";"2h 9m";"-0.00"
"251";"USTEC_ICM_UTC2";"Buy";"16837.4";"16877.4";"2024.01.11 16:30:00";"2024.01.11 16:35:00";"30.0";"1200.00";"16637.40039";"16877.40039";"104401.88";"0.00";"IST";"PT";"5m 0s";"-0.00"
"252";"USTEC_ICM_UTC2";"Buy";"16830.5";"16833.9";"2024.01.12 17:45:00";"2024.01.12 22:55:00";"30.0";"102.00";"16630.50000";"16870.50000";"104503.88";"0.00";"IST";"End Of Friday (Time)";"5h 10m";"-0.00"
"253";"USTEC_ICM_UTC2";"Buy";"16821.1";"16861.1";"2024.01.15 16:45:00";"2024.01.16 17:24:00";"30.0";"1016.88";"16621.09961";"16861.09961";"105520.76";"0.00";"IST";"PT";"1d 0h 39m";"-183.12"
"254";"USTEC_ICM_UTC2";"Buy";"16802.8";"16842.8";"2024.01.16 20:30:00";"2024.01.17 01:01:00";"30.0";"1016.88";"16602.80078";"16842.80078";"106537.64";"0.00";"IST";"PT";"4h 31m";"-183.12"
"255";"USTEC_ICM_UTC2";"Buy";"16620.7";"16660.7";"2024.01.17 17:15:00";"2024.01.17 18:03:00";"30.0";"1200.00";"16420.69922";"16660.69922";"107737.64";"0.00";"IST";"PT";"48m 0s";"-0.00"
"256";"USTEC_ICM_UTC2";"Buy";"16904.8";"16944.8";"2024.01.18 16:45:00";"2024.01.18 17:48:00";"30.0";"1200.00";"16704.80078";"16944.80078";"108937.64";"0.00";"IST";"PT";"1h 3m";"-0.00"
"257";"USTEC_ICM_UTC2";"Buy";"17085.3";"17125.3";"2024.01.19 17:00:00";"2024.01.19 18:10:00";"30.0";"1200.00";"16885.30078";"17125.30078";"110137.64";"0.00";"IST";"PT";"1h 10m";"-0.00"
"258";"USTEC_ICM_UTC2";"Buy";"17398.9";"17438.9";"2024.01.22 16:30:00";"2024.01.22 16:32:00";"30.0";"1200.00";"17198.90039";"17438.90039";"111337.64";"0.00";"IST";"PT";"2m 0s";"-0.00"
"259";"USTEC_ICM_UTC2";"Buy";"17348.1";"17388.1";"2024.01.23 17:00:00";"2024.01.23 22:11:00";"30.0";"1200.00";"17148.09961";"17388.09961";"112537.64";"0.00";"IST";"PT";"5h 11m";"-0.00"
"260";"USTEC_ICM_UTC2";"Buy";"17568.8";"17608.8";"2024.01.24 16:30:00";"2024.01.24 17:36:00";"30.0";"1200.00";"17368.80078";"17608.80078";"113737.64";"0.00";"IST";"PT";"1h 6m";"-0.00"
"261";"USTEC_ICM_UTC2";"Buy";"17586.8";"17626.8";"2024.01.25 17:15:00";"2024.01.25 18:50:00";"30.0";"1200.00";"17386.80078";"17626.80078";"114937.64";"0.00";"IST";"PT";"1h 35m";"-0.00"
"262";"USTEC_ICM_UTC2";"Buy";"17443.1";"17483.1";"2024.01.26 16:45:00";"2024.01.26 17:32:00";"30.0";"1200.00";"17243.09961";"17483.09961";"116137.64";"0.00";"IST";"PT";"47m 0s";"-0.00"
"263";"USTEC_ICM_UTC2";"Buy";"17440.9";"17480.9";"2024.01.29 17:30:00";"2024.01.29 19:17:00";"30.0";"1200.00";"17240.90039";"17480.90039";"117337.64";"0.00";"IST";"PT";"1h 47m";"-0.00"
"264";"USTEC_ICM_UTC2";"Buy";"17568.7";"17304.6";"2024.01.30 16:45:00";"2024.01.31 01:00:00";"30.0";"-8105.82";"17368.69922";"17608.69922";"109231.82";"0.00";"IST";"SL";"8h 15m";"-183.12"
"265";"USTEC_ICM_UTC2";"Buy";"17250.3";"17290.3";"2024.01.31 16:45:00";"2024.01.31 20:15:00";"30.0";"1200.00";"17050.30078";"17290.30078";"110431.82";"0.00";"IST";"PT";"3h 30m";"-0.00"
"266";"USTEC_ICM_UTC2";"Buy";"17249.7";"17289.7";"2024.02.01 17:15:00";"2024.02.01 19:09:00";"30.0";"1200.00";"17049.69922";"17289.69922";"111631.82";"0.00";"IST";"PT";"1h 54m";"-0.00"
"267";"USTEC_ICM_UTC2";"Buy";"17482.7";"17522.7";"2024.02.02 16:45:00";"2024.02.02 16:47:00";"30.0";"1200.00";"17282.69922";"17522.69922";"112831.82";"0.00";"IST";"PT";"2m 0s";"-0.00"
"268";"USTEC_ICM_UTC2";"Buy";"17632.9";"17672.9";"2024.02.05 16:30:00";"2024.02.06 09:30:00";"30.0";"1016.88";"17432.90039";"17672.90039";"113848.70";"0.00";"IST";"PT";"17h 0m";"-183.12"
"269";"USTEC_ICM_UTC2";"Buy";"17536.1";"17576.1";"2024.02.06 17:30:00";"2024.02.06 23:01:00";"30.0";"1200.00";"17336.09961";"17576.09961";"115048.70";"0.00";"IST";"PT";"5h 31m";"-0.00"
"270";"USTEC_ICM_UTC2";"Buy";"17722.1";"17762.1";"2024.02.07 17:15:00";"2024.02.07 17:27:00";"30.0";"1200.00";"17522.09961";"17762.09961";"116248.70";"0.00";"IST";"PT";"12m 0s";"-0.00"
"271";"USTEC_ICM_UTC2";"Buy";"17810.5";"17850.5";"2024.02.08 18:00:00";"2024.02.09 14:21:00";"30.0";"1016.88";"17610.50000";"17850.50000";"117265.58";"0.00";"IST";"PT";"20h 21m";"-183.12"
"272";"USTEC_ICM_UTC2";"Buy";"17862.6";"17902.6";"2024.02.09 17:00:00";"2024.02.09 17:34:00";"30.0";"1200.00";"17662.59961";"17902.59961";"118465.58";"0.00";"IST";"PT";"34m 0s";"-0.00"
"273";"USTEC_ICM_UTC2";"Buy";"17958.8";"17998.8";"2024.02.12 16:45:00";"2024.02.12 17:53:00";"30.0";"1200.00";"17758.80078";"17998.80078";"119665.58";"0.00";"IST";"PT";"1h 8m";"-0.00"
"274";"USTEC_ICM_UTC2";"Buy";"17567.8";"17607.8";"2024.02.13 16:45:00";"2024.02.13 17:20:00";"30.0";"1200.00";"17367.80078";"17607.80078";"120865.58";"0.00";"IST";"PT";"35m 0s";"-0.00"
"275";"USTEC_ICM_UTC2";"Buy";"17717.4";"17757.4";"2024.02.14 16:30:00";"2024.02.14 17:20:00";"30.0";"1200.00";"17517.40039";"17757.40039";"122065.58";"0.00";"IST";"PT";"50m 0s";"-0.00"
"276";"USTEC_ICM_UTC2";"Buy";"17820.0";"17860.0";"2024.02.15 16:30:00";"2024.02.15 20:30:00";"30.0";"1200.00";"17620.00000";"17860.00000";"123265.58";"0.00";"IST";"PT";"4h 0m";"-0.00"
"277";"USTEC_ICM_UTC2";"Buy";"17704.4";"17744.4";"2024.02.16 17:30:00";"2024.02.16 17:39:00";"30.0";"1200.00";"17504.40039";"17744.40039";"124465.58";"0.00";"IST";"PT";"9m 0s";"-0.00"
"278";"USTEC_ICM_UTC2";"Buy";"17717.7";"17517.7";"2024.02.19 18:15:00";"2024.02.20 16:41:00";"30.0";"-6183.12";"17517.69922";"17757.69922";"118282.45";"0.00";"IST";"SL";"22h 26m";"-183.12"
"279";"USTEC_ICM_UTC2";"Buy";"17516.4";"17316.4";"2024.02.20 18:00:00";"2024.02.21 21:42:00";"30.0";"-6183.12";"17316.40039";"17556.40039";"112099.34";"0.00";"IST";"SL";"1d 3h 42m";"-183.12"
"280";"USTEC_ICM_UTC2";"Buy";"17339.1";"17379.1";"2024.02.21 22:15:00";"2024.02.21 22:32:00";"30.0";"1200.00";"17139.09961";"17379.09961";"113299.34";"0.00";"IST";"PT";"17m 0s";"-0.00"
"281";"USTEC_ICM_UTC2";"Buy";"17850.7";"17890.7";"2024.02.22 16:45:00";"2024.02.22 16:48:00";"30.0";"1200.00";"17650.69922";"17890.69922";"114499.34";"0.00";"IST";"PT";"3m 0s";"-0.00"
"282";"USTEC_ICM_UTC2";"Buy";"17963.3";"18003.3";"2024.02.23 18:45:00";"2024.02.23 19:06:00";"30.0";"1200.00";"17763.30078";"18003.30078";"115699.34";"0.00";"IST";"PT";"21m 0s";"-0.00"
"283";"USTEC_ICM_UTC2";"Buy";"17971.8";"18011.8";"2024.02.26 16:30:00";"2024.02.26 18:53:00";"30.0";"1200.00";"17771.80078";"18011.80078";"116899.34";"0.00";"IST";"PT";"2h 23m";"-0.00"
"284";"USTEC_ICM_UTC2";"Buy";"17913.8";"17953.8";"2024.02.27 16:45:00";"2024.02.27 17:00:00";"30.0";"1200.00";"17713.80078";"17953.80078";"118099.34";"0.00";"IST";"PT";"15m 0s";"-0.00"
"285";"USTEC_ICM_UTC2";"Buy";"17879.2";"17919.2";"2024.02.28 16:45:00";"2024.02.28 18:20:00";"30.0";"1200.00";"17679.19922";"17919.19922";"119299.34";"0.00";"IST";"PT";"1h 35m";"-0.00"
"286";"USTEC_ICM_UTC2";"Buy";"18004.2";"18044.2";"2024.02.29 16:45:00";"2024.02.29 22:50:00";"30.0";"1200.00";"17804.19922";"18044.19922";"120499.34";"0.00";"IST";"PT";"6h 5m";"-0.00"
"287";"USTEC_ICM_UTC2";"Buy";"18057.3";"18097.3";"2024.03.01 16:30:00";"2024.03.01 16:33:00";"30.0";"1200.00";"17857.30078";"18097.30078";"121699.34";"0.00";"IST";"PT";"3m 0s";"-0.00"
"288";"USTEC_ICM_UTC2";"Buy";"18288.1";"18088.1";"2024.03.04 17:45:00";"2024.03.05 12:03:00";"30.0";"-6183.12";"18088.09961";"18328.09961";"115516.22";"0.00";"IST";"SL";"18h 18m";"-183.12"
"289";"USTEC_ICM_UTC2";"Buy";"17969.4";"18009.4";"2024.03.05 17:15:00";"2024.03.06 11:03:00";"30.0";"1016.88";"17769.40039";"18009.40039";"116533.09";"0.00";"IST";"PT";"17h 48m";"-183.12"
"290";"USTEC_ICM_UTC2";"Buy";"18076.9";"18116.9";"2024.03.06 16:30:00";"2024.03.06 19:09:00";"30.0";"1200.00";"17876.90039";"18116.90039";"117733.09";"0.00";"IST";"PT";"2h 39m";"-0.00"
"291";"USTEC_ICM_UTC2";"Buy";"18159.5";"18199.5";"2024.03.07 16:30:00";"2024.03.07 16:37:00";"30.0";"1200.00";"17959.50000";"18199.50000";"118933.09";"0.00";"IST";"PT";"7m 0s";"-0.00"
"292";"USTEC_ICM_UTC2";"Buy";"18292.5";"18332.5";"2024.03.08 16:45:00";"2024.03.08 16:47:00";"30.0";"1200.00";"18092.50000";"18332.50000";"120133.09";"0.00";"IST";"PT";"2m 0s";"-0.00"
"293";"USTEC_ICM_UTC2";"Buy";"17913.7";"17953.7";"2024.03.11 16:30:00";"2024.03.11 16:32:00";"30.0";"1200.00";"17713.69922";"17953.69922";"121333.09";"0.00";"IST";"PT";"2m 0s";"-0.00"
"294";"USTEC_ICM_UTC2";"Buy";"18194.3";"18234.3";"2024.03.12 17:30:00";"2024.03.13 09:03:00";"30.0";"1016.88";"17994.30078";"18234.30078";"122349.98";"0.00";"IST";"PT";"15h 33m";"-183.12"
"295";"USTEC_ICM_UTC2";"Buy";"18125.7";"18165.7";"2024.03.13 16:45:00";"2024.03.14 10:19:00";"30.0";"1016.88";"17925.69922";"18165.69922";"123366.86";"0.00";"IST";"PT";"17h 34m";"-183.12"
"296";"USTEC_ICM_UTC2";"Buy";"18064.9";"17864.9";"2024.03.14 16:30:00";"2024.03.15 15:38:00";"30.0";"-6183.12";"17864.90039";"18104.90039";"117183.73";"0.00";"IST";"SL";"23h 8m";"-183.12"
"297";"USTEC_ICM_UTC2";"Buy";"17859.3";"17899.3";"2024.03.15 16:30:00";"2024.03.15 16:38:00";"30.0";"1200.00";"17659.30078";"17899.30078";"118383.73";"0.00";"IST";"PT";"8m 0s";"-0.00"
"298";"USTEC_ICM_UTC2";"Buy";"18128.4";"17928.4";"2024.03.18 16:30:00";"2024.03.19 01:03:00";"30.0";"-6183.12";"17928.40039";"18168.40039";"112200.62";"0.00";"IST";"SL";"8h 33m";"-183.12"
"299";"USTEC_ICM_UTC2";"Buy";"17883.3";"17923.3";"2024.03.19 16:45:00";"2024.03.19 18:17:00";"30.0";"1200.00";"17683.30078";"17923.30078";"113400.62";"0.00";"IST";"PT";"1h 32m";"-0.00"
"300";"USTEC_ICM_UTC2";"Buy";"18048.2";"18088.2";"2024.03.20 16:30:00";"2024.03.20 20:01:00";"30.0";"1200.00";"17848.19922";"18088.19922";"114600.62";"0.00";"IST";"PT";"3h 31m";"-0.00"
"301";"USTEC_ICM_UTC2";"Buy";"18417.8";"18457.8";"2024.03.21 16:30:00";"2024.03.21 18:15:00";"30.0";"1200.00";"18217.80078";"18457.80078";"115800.62";"0.00";"IST";"PT";"1h 45m";"-0.00"
"302";"USTEC_ICM_UTC2";"Buy";"18310.3";"18350.3";"2024.03.22 17:15:00";"2024.03.22 19:00:00";"30.0";"1200.00";"18110.30078";"18350.30078";"117000.62";"0.00";"IST";"PT";"1h 45m";"-0.00"
"303";"USTEC_ICM_UTC2";"Buy";"18296.9";"18336.9";"2024.03.25 17:15:00";"2024.03.25 20:16:00";"30.0";"1200.00";"18096.90039";"18336.90039";"118200.62";"0.00";"IST";"PT";"3h 1m";"-0.00"
"304";"USTEC_ICM_UTC2";"Buy";"18333.4";"18373.4";"2024.03.26 17:00:00";"2024.04.01 02:27:00";"30.0";"101.28";"18133.40039";"18373.40039";"118301.90";"0.00";"IST";"PT";"5d 9h 27m";"-1098.72"
"305";"USTEC_ICM_UTC2";"Buy";"18374.9";"18174.9";"2024.04.01 16:45:00";"2024.04.02 15:39:00";"30.0";"-6183.12";"18174.90039";"18414.90039";"112118.77";"0.00";"IST";"SL";"22h 54m";"-183.12"
"306";"USTEC_ICM_UTC2";"Buy";"18034.3";"18074.3";"2024.04.02 16:45:00";"2024.04.02 18:36:00";"30.0";"1200.00";"17834.30078";"18074.30078";"113318.77";"0.00";"IST";"PT";"1h 51m";"-0.00"
"307";"USTEC_ICM_UTC2";"Buy";"18052.2";"18092.2";"2024.04.03 16:45:00";"2024.04.03 17:00:00";"30.0";"1200.00";"17852.19922";"18092.19922";"114518.77";"0.00";"IST";"PT";"15m 0s";"-0.00"
"308";"USTEC_ICM_UTC2";"Buy";"18336.3";"18136.3";"2024.04.04 16:45:00";"2024.04.04 21:28:00";"30.0";"-6000.00";"18136.30078";"18376.30078";"108518.77";"0.00";"IST";"SL";"4h 43m";"-0.00"
"309";"USTEC_ICM_UTC2";"Buy";"17978.3";"18018.3";"2024.04.05 16:45:00";"2024.04.05 16:52:00";"30.0";"1200.00";"17778.30078";"18018.30078";"109718.77";"0.00";"IST";"PT";"7m 0s";"-0.00"
"310";"USTEC_ICM_UTC2";"Buy";"18117.4";"18157.4";"2024.04.08 17:15:00";"2024.04.08 17:30:00";"30.0";"1200.00";"17917.40039";"18157.40039";"110918.77";"0.00";"IST";"PT";"15m 0s";"-0.00"
"311";"USTEC_ICM_UTC2";"Buy";"18199.3";"17999.3";"2024.04.09 16:30:00";"2024.04.09 17:42:00";"30.0";"-6000.00";"17999.30078";"18239.30078";"104918.77";"0.00";"IST";"SL";"1h 12m";"-0.00"
"312";"USTEC_ICM_UTC2";"Buy";"17950.6";"17990.6";"2024.04.10 16:30:00";"2024.04.10 16:36:00";"30.0";"1200.00";"17750.59961";"17990.59961";"106118.77";"0.00";"IST";"PT";"6m 0s";"-0.00"
"313";"USTEC_ICM_UTC2";"Buy";"18086.9";"18126.9";"2024.04.11 17:00:00";"2024.04.11 18:58:00";"30.0";"1200.00";"17886.90039";"18126.90039";"107318.77";"0.00";"IST";"PT";"1h 58m";"-0.00"
"314";"USTEC_ICM_UTC2";"Buy";"18136.7";"17999.0";"2024.04.12 16:45:00";"2024.04.12 22:55:00";"30.0";"-4130.97";"17936.69922";"18176.69922";"103187.80";"0.00";"IST";"End Of Friday (Time)";"6h 10m";"-0.00"
"315";"USTEC_ICM_UTC2";"Buy";"18060.1";"17860.1";"2024.04.15 17:15:00";"2024.04.15 20:21:00";"30.0";"-6000.00";"17860.09961";"18100.09961";"97187.80";"0.00";"IST";"SL";"3h 6m";"-0.00"
"316";"USTEC_ICM_UTC2";"Buy";"17728.7";"17768.7";"2024.04.16 17:00:00";"2024.04.16 18:54:00";"30.0";"1200.00";"17528.69922";"17768.69922";"98387.80";"0.00";"IST";"PT";"1h 54m";"-0.00"
"317";"USTEC_ICM_UTC2";"Buy";"17640.2";"17680.2";"2024.04.17 18:00:00";"2024.04.17 18:01:00";"30.0";"1200.00";"17440.19922";"17680.19922";"99587.80";"0.00";"IST";"PT";"1m 0s";"-0.00"
"318";"USTEC_ICM_UTC2";"Buy";"17495.4";"17535.4";"2024.04.18 17:15:00";"2024.04.18 17:35:00";"30.0";"1200.00";"17295.40039";"17535.40039";"100787.80";"0.00";"IST";"PT";"20m 0s";"-0.00"
"319";"USTEC_ICM_UTC2";"Buy";"17308.5";"17108.5";"2024.04.19 17:00:00";"2024.04.19 19:10:00";"30.0";"-6000.00";"17108.50000";"17348.50000";"94787.80";"0.00";"IST";"SL";"2h 10m";"-0.00"
"320";"USTEC_ICM_UTC2";"Buy";"17064.0";"17104.0";"2024.04.22 18:30:00";"2024.04.22 18:56:00";"30.0";"1200.00";"16864.00000";"17104.00000";"95987.80";"0.00";"IST";"PT";"26m 0s";"-0.00"
"321";"USTEC_ICM_UTC2";"Buy";"17307.3";"17347.3";"2024.04.23 16:45:00";"2024.04.23 16:45:00";"30.0";"1200.00";"17107.30078";"17347.30078";"97187.80";"0.00";"IST";"PT";"0s";"-0.00"
"322";"USTEC_ICM_UTC2";"Buy";"17594.8";"17634.8";"2024.04.24 16:30:00";"2024.04.24 16:39:00";"30.0";"1200.00";"17394.80078";"17634.80078";"98387.80";"0.00";"IST";"PT";"9m 0s";"-0.00"
"323";"USTEC_ICM_UTC2";"Buy";"17239.9";"17279.9";"2024.04.25 16:45:00";"2024.04.25 17:12:00";"30.0";"1200.00";"17039.90039";"17279.90039";"99587.80";"0.00";"IST";"PT";"27m 0s";"-0.00"
"324";"USTEC_ICM_UTC2";"Buy";"17605.8";"17645.8";"2024.04.26 16:45:00";"2024.04.26 16:50:00";"30.0";"1200.00";"17405.80078";"17645.80078";"100787.80";"0.00";"IST";"PT";"5m 0s";"-0.00"
"325";"USTEC_ICM_UTC2";"Buy";"17719.1";"17759.1";"2024.04.29 16:45:00";"2024.04.29 17:00:00";"30.0";"1200.00";"17519.09961";"17759.09961";"101987.80";"0.00";"IST";"PT";"15m 0s";"-0.00"
"326";"USTEC_ICM_UTC2";"Buy";"17711.8";"17751.8";"2024.04.30 16:30:00";"2024.04.30 16:44:00";"30.0";"1200.00";"17511.80078";"17751.80078";"103187.80";"0.00";"IST";"PT";"14m 0s";"-0.00"
"327";"USTEC_ICM_UTC2";"Buy";"17382.0";"17422.0";"2024.05.01 16:30:00";"2024.05.01 21:27:00";"30.0";"1200.00";"17182.00000";"17422.00000";"104387.80";"0.00";"IST";"PT";"4h 57m";"-0.00"
"328";"USTEC_ICM_UTC2";"Buy";"17471.3";"17511.3";"2024.05.02 16:30:00";"2024.05.02 21:07:00";"30.0";"1200.00";"17271.30078";"17511.30078";"105587.80";"0.00";"IST";"PT";"4h 37m";"-0.00"
"329";"USTEC_ICM_UTC2";"Buy";"17874.3";"17914.3";"2024.05.03 17:45:00";"2024.05.03 21:35:00";"30.0";"1200.00";"17674.30078";"17914.30078";"106787.80";"0.00";"IST";"PT";"3h 50m";"-0.00"
"330";"USTEC_ICM_UTC2";"Buy";"17994.3";"18034.3";"2024.05.06 17:45:00";"2024.05.06 21:24:00";"30.0";"1200.00";"17794.30078";"18034.30078";"107987.80";"0.00";"IST";"PT";"3h 39m";"-0.00"
"331";"USTEC_ICM_UTC2";"Buy";"18082.4";"18122.4";"2024.05.07 17:30:00";"2024.05.07 17:50:00";"30.0";"1200.00";"17882.40039";"18122.40039";"109187.80";"0.00";"IST";"PT";"20m 0s";"-0.00"
"332";"USTEC_ICM_UTC2";"Buy";"18019.9";"18059.9";"2024.05.08 16:45:00";"2024.05.08 16:56:00";"30.0";"1200.00";"17819.90039";"18059.90039";"110387.80";"0.00";"IST";"PT";"11m 0s";"-0.00"
"333";"USTEC_ICM_UTC2";"Buy";"18032.9";"18072.9";"2024.05.09 16:45:00";"2024.05.09 17:03:00";"30.0";"1200.00";"17832.90039";"18072.90039";"111587.80";"0.00";"IST";"PT";"18m 0s";"-0.00"
"334";"USTEC_ICM_UTC2";"Buy";"18177.0";"18217.0";"2024.05.10 16:30:00";"2024.05.10 16:35:00";"30.0";"1200.00";"17977.00000";"18217.00000";"112787.80";"0.00";"IST";"PT";"5m 0s";"-0.00"
"335";"USTEC_ICM_UTC2";"Buy";"18238.1";"18278.1";"2024.05.13 16:30:00";"2024.05.14 21:14:00";"30.0";"1016.88";"18038.09961";"18278.09961";"113804.69";"0.00";"IST";"PT";"1d 4h 44m";"-183.12"
"336";"USTEC_ICM_UTC2";"Buy";"18281.1";"18321.1";"2024.05.14 21:15:00";"2024.05.14 22:13:00";"30.0";"1200.00";"18081.09961";"18321.09961";"115004.69";"0.00";"IST";"PT";"58m 0s";"-0.00"
"337";"USTEC_ICM_UTC2";"Buy";"18404.3";"18444.3";"2024.05.15 16:45:00";"2024.05.15 17:24:00";"30.0";"1200.00";"18204.30078";"18444.30078";"116204.69";"0.00";"IST";"PT";"39m 0s";"-0.00"
"338";"USTEC_ICM_UTC2";"Buy";"18598.0";"18638.0";"2024.05.16 16:45:00";"2024.05.16 17:47:00";"30.0";"1200.00";"18398.00000";"18638.00000";"117404.69";"0.00";"IST";"PT";"1h 2m";"-0.00"
"339";"USTEC_ICM_UTC2";"Buy";"18551.2";"18539.3";"2024.05.17 17:15:00";"2024.05.17 22:55:00";"30.0";"-356.94";"18351.19922";"18591.19922";"117047.75";"0.00";"IST";"End Of Friday (Time)";"5h 40m";"-0.00"
"340";"USTEC_ICM_UTC2";"Buy";"18555.7";"18595.7";"2024.05.20 16:30:00";"2024.05.20 16:34:00";"30.0";"1200.00";"18355.69922";"18595.69922";"118247.75";"0.00";"IST";"PT";"4m 0s";"-0.00"
"341";"USTEC_ICM_UTC2";"Buy";"18619.1";"18659.1";"2024.05.21 16:45:00";"2024.05.21 17:34:00";"30.0";"1200.00";"18419.09961";"18659.09961";"119447.75";"0.00";"IST";"PT";"49m 0s";"-0.00"
"342";"USTEC_ICM_UTC2";"Buy";"18729.4";"18776.2";"2024.05.22 16:45:00";"2024.05.23 01:07:00";"30.0";"1220.13";"18529.40039";"18769.40039";"120667.88";"0.00";"IST";"PT";"8h 22m";"-183.12"
"343";"USTEC_ICM_UTC2";"Buy";"18821.9";"18621.9";"2024.05.23 17:30:00";"2024.05.23 21:04:00";"30.0";"-6000.00";"18621.90039";"18861.90039";"114667.88";"0.00";"IST";"SL";"3h 34m";"-0.00"
"344";"USTEC_ICM_UTC2";"Buy";"18692.4";"18732.4";"2024.05.24 16:30:00";"2024.05.24 17:11:00";"30.0";"1200.00";"18492.40039";"18732.40039";"115867.88";"0.00";"IST";"PT";"41m 0s";"-0.00"
"345";"USTEC_ICM_UTC2";"Buy";"18826.6";"18866.6";"2024.05.27 17:45:00";"2024.05.27 18:48:00";"30.0";"1200.00";"18626.59961";"18866.59961";"117067.88";"0.00";"IST";"PT";"1h 3m";"-0.00"
"346";"USTEC_ICM_UTC2";"Buy";"18812.5";"18852.5";"2024.05.28 17:15:00";"2024.05.28 17:50:00";"30.0";"1200.00";"18612.50000";"18852.50000";"118267.88";"0.00";"IST";"PT";"35m 0s";"-0.00"
"347";"USTEC_ICM_UTC2";"Buy";"18722.3";"18762.3";"2024.05.29 16:45:00";"2024.05.29 16:50:00";"30.0";"1200.00";"18522.30078";"18762.30078";"119467.88";"0.00";"IST";"PT";"5m 0s";"-0.00"
"348";"USTEC_ICM_UTC2";"Buy";"18702.2";"18502.2";"2024.05.30 16:30:00";"2024.05.30 22:49:00";"30.0";"-6000.00";"18502.19922";"18742.19922";"113467.88";"0.00";"IST";"SL";"6h 19m";"-0.00"
"349";"USTEC_ICM_UTC2";"Buy";"18237.2";"18277.2";"2024.05.31 19:45:00";"2024.05.31 20:16:00";"30.0";"1200.00";"18037.19922";"18277.19922";"114667.88";"0.00";"IST";"PT";"31m 0s";"-0.00"
"350";"USTEC_ICM_UTC2";"Buy";"18568.1";"18608.1";"2024.06.03 18:30:00";"2024.06.03 23:00:00";"30.0";"1200.00";"18368.09961";"18608.09961";"115867.88";"0.00";"IST";"PT";"4h 30m";"-0.00"
"351";"USTEC_ICM_UTC2";"Buy";"18532.4";"18572.4";"2024.06.04 17:15:00";"2024.06.04 17:30:00";"30.0";"1200.00";"18332.40039";"18572.40039";"117067.88";"0.00";"IST";"PT";"15m 0s";"-0.00"
"352";"USTEC_ICM_UTC2";"Buy";"18806.6";"18846.6";"2024.06.05 17:00:00";"2024.06.05 17:26:00";"30.0";"1200.00";"18606.59961";"18846.59961";"118267.88";"0.00";"IST";"PT";"26m 0s";"-0.00"
"353";"USTEC_ICM_UTC2";"Buy";"19056.7";"19096.7";"2024.06.06 16:30:00";"2024.06.07 19:55:00";"30.0";"1016.88";"18856.69922";"19096.69922";"119284.76";"0.00";"IST";"PT";"1d 3h 25m";"-183.12"
"354";"USTEC_ICM_UTC2";"Buy";"19090.4";"18997.7";"2024.06.07 20:30:00";"2024.06.07 22:55:00";"30.0";"-2781.03";"18890.40039";"19130.40039";"116503.73";"0.00";"IST";"End Of Friday (Time)";"2h 25m";"-0.00"
"355";"USTEC_ICM_UTC2";"Buy";"18953.0";"18993.0";"2024.06.10 16:30:00";"2024.06.10 17:22:00";"30.0";"1200.00";"18753.00000";"18993.00000";"117703.73";"0.00";"IST";"PT";"52m 0s";"-0.00"
"356";"USTEC_ICM_UTC2";"Buy";"19024.0";"19064.0";"2024.06.11 16:30:00";"2024.06.11 17:40:00";"30.0";"1200.00";"18824.00000";"19064.00000";"118903.73";"0.00";"IST";"PT";"1h 10m";"-0.00"
"357";"USTEC_ICM_UTC2";"Buy";"19451.5";"19491.5";"2024.06.12 16:45:00";"2024.06.12 17:15:00";"30.0";"1200.00";"19251.50000";"19491.50000";"120103.73";"0.00";"IST";"PT";"30m 0s";"-0.00"
"358";"USTEC_ICM_UTC2";"Buy";"19608.2";"19648.2";"2024.06.13 16:30:00";"2024.06.14 20:32:00";"30.0";"1016.88";"19408.19922";"19648.19922";"121120.61";"0.00";"IST";"PT";"1d 4h 2m";"-183.12"
"359";"USTEC_ICM_UTC2";"Buy";"19638.1";"19633.7";"2024.06.14 21:30:00";"2024.06.14 22:55:00";"30.0";"-132.00";"19438.09961";"19678.09961";"120988.61";"0.00";"IST";"End Of Friday (Time)";"1h 25m";"-0.00"
"360";"USTEC_ICM_UTC2";"Buy";"19664.3";"19704.3";"2024.06.17 16:45:00";"2024.06.17 18:00:00";"30.0";"1200.00";"19464.30078";"19704.30078";"122188.61";"0.00";"IST";"PT";"1h 15m";"-0.00"
"361";"USTEC_ICM_UTC2";"Buy";"19904.0";"19944.0";"2024.06.18 16:45:00";"2024.06.19 09:31:00";"30.0";"1016.88";"19704.00000";"19944.00000";"123205.48";"0.00";"IST";"PT";"16h 46m";"-183.12"
"362";"USTEC_ICM_UTC2";"Buy";"19958.9";"19998.9";"2024.06.19 16:45:00";"2024.06.20 06:45:00";"30.0";"1016.88";"19758.90039";"19998.90039";"124222.37";"0.00";"IST";"PT";"14h 0m";"-183.12"
"363";"USTEC_ICM_UTC2";"Buy";"19975.4";"19775.4";"2024.06.20 16:45:00";"2024.06.20 19:30:00";"30.0";"-6000.00";"19775.40039";"20015.40039";"118222.37";"0.00";"IST";"SL";"2h 45m";"-0.00"
"364";"USTEC_ICM_UTC2";"Buy";"19724.3";"19764.3";"2024.06.21 17:15:00";"2024.06.21 18:20:00";"30.0";"1200.00";"19524.30078";"19764.30078";"119422.37";"0.00";"IST";"PT";"1h 5m";"-0.00"
"365";"USTEC_ICM_UTC2";"Buy";"19630.1";"19670.1";"2024.06.24 16:45:00";"2024.06.24 16:58:00";"30.0";"1200.00";"19430.09961";"19670.09961";"120622.37";"0.00";"IST";"PT";"13m 0s";"-0.00"
"366";"USTEC_ICM_UTC2";"Buy";"19566.6";"19606.6";"2024.06.25 17:00:00";"2024.06.25 17:04:00";"30.0";"1200.00";"19366.59961";"19606.59961";"121822.37";"0.00";"IST";"PT";"4m 0s";"-0.00"
"367";"USTEC_ICM_UTC2";"Buy";"19685.9";"19725.9";"2024.06.26 16:45:00";"2024.06.26 16:51:00";"30.0";"1200.00";"19485.90039";"19725.90039";"123022.37";"0.00";"IST";"PT";"6m 0s";"-0.00"
"368";"USTEC_ICM_UTC2";"Buy";"19816.9";"19856.9";"2024.06.27 16:45:00";"2024.06.27 17:15:00";"30.0";"1200.00";"19616.90039";"19856.90039";"124222.37";"0.00";"IST";"PT";"30m 0s";"-0.00"
"369";"USTEC_ICM_UTC2";"Buy";"19853.0";"19893.0";"2024.06.28 16:45:00";"2024.06.28 16:58:00";"30.0";"1200.00";"19653.00000";"19893.00000";"125422.37";"0.00";"IST";"PT";"13m 0s";"-0.00"
"370";"USTEC_ICM_UTC2";"Buy";"19674.8";"19714.8";"2024.07.01 16:45:00";"2024.07.01 18:29:00";"30.0";"1200.00";"19474.80078";"19714.80078";"126622.37";"0.00";"IST";"PT";"1h 44m";"-0.00"
"371";"USTEC_ICM_UTC2";"Buy";"19838.3";"19878.3";"2024.07.02 17:45:00";"2024.07.02 17:57:00";"30.0";"1200.00";"19638.30078";"19878.30078";"127822.37";"0.00";"IST";"PT";"12m 0s";"-0.00"
"372";"USTEC_ICM_UTC2";"Buy";"20066.1";"20106.1";"2024.07.03 17:45:00";"2024.07.03 18:15:00";"30.0";"1200.00";"19866.09961";"20106.09961";"129022.37";"0.00";"IST";"PT";"30m 0s";"-0.00"
"373";"USTEC_ICM_UTC2";"Buy";"20135.2";"20175.2";"2024.07.04 17:45:00";"2024.07.05 03:45:00";"30.0";"1016.88";"19935.19922";"20175.19922";"130039.25";"0.00";"IST";"PT";"10h 0m";"-183.12"
"374";"USTEC_ICM_UTC2";"Buy";"20210.3";"20250.3";"2024.07.05 16:30:00";"2024.07.05 16:38:00";"30.0";"1200.00";"20010.30078";"20250.30078";"131239.25";"0.00";"IST";"PT";"8m 0s";"-0.00"
"375";"USTEC_ICM_UTC2";"Buy";"20404.9";"20444.9";"2024.07.08 18:15:00";"2024.07.08 22:55:00";"30.0";"1200.00";"20204.90039";"20444.90039";"132439.25";"0.00";"IST";"PT";"4h 40m";"-0.00"
"376";"USTEC_ICM_UTC2";"Buy";"20536.8";"20576.8";"2024.07.09 17:15:00";"2024.07.10 19:22:00";"30.0";"1016.88";"20336.80078";"20576.80078";"133456.13";"0.00";"IST";"PT";"1d 2h 7m";"-183.12"
"377";"USTEC_ICM_UTC2";"Buy";"20643.5";"20683.5";"2024.07.10 20:45:00";"2024.07.10 22:52:00";"30.0";"1200.00";"20443.50000";"20683.50000";"134656.13";"0.00";"IST";"PT";"2h 7m";"-0.00"
"378";"USTEC_ICM_UTC2";"Buy";"20671.8";"20471.8";"2024.07.11 16:30:00";"2024.07.11 17:18:00";"30.0";"-6000.00";"20471.80078";"20711.80078";"128656.13";"0.00";"IST";"SL";"48m 0s";"-0.00"
"379";"USTEC_ICM_UTC2";"Buy";"20237.2";"20277.2";"2024.07.12 16:45:00";"2024.07.12 16:48:00";"30.0";"1200.00";"20037.19922";"20277.19922";"129856.13";"0.00";"IST";"PT";"3m 0s";"-0.00"
"380";"USTEC_ICM_UTC2";"Buy";"20467.9";"20507.9";"2024.07.15 17:15:00";"2024.07.15 17:36:00";"30.0";"1200.00";"20267.90039";"20507.90039";"131056.13";"0.00";"IST";"PT";"21m 0s";"-0.00"
"381";"USTEC_ICM_UTC2";"Buy";"20447.3";"20247.3";"2024.07.16 16:30:00";"2024.07.17 09:22:00";"30.0";"-6183.12";"20247.30078";"20487.30078";"124873.01";"0.00";"IST";"SL";"16h 52m";"-183.12"
"382";"USTEC_ICM_UTC2";"Buy";"19970.9";"19770.9";"2024.07.17 17:45:00";"2024.07.17 23:01:00";"30.0";"-6000.00";"19770.90039";"20010.90039";"118873.01";"0.00";"IST";"SL";"5h 16m";"-0.00"
"383";"USTEC_ICM_UTC2";"Buy";"19892.7";"19692.7";"2024.07.18 17:15:00";"2024.07.18 18:13:00";"30.0";"-6000.00";"19692.69922";"19932.69922";"112873.01";"0.00";"IST";"SL";"58m 0s";"-0.00"
"384";"USTEC_ICM_UTC2";"Buy";"19718.2";"19518.2";"2024.07.19 16:45:00";"2024.07.19 19:38:00";"30.0";"-6000.00";"19518.19922";"19758.19922";"106873.01";"0.00";"IST";"SL";"2h 53m";"-0.00"
"385";"USTEC_ICM_UTC2";"Buy";"19826.9";"19626.9";"2024.07.22 17:45:00";"2024.07.22 18:33:00";"30.0";"-6000.00";"19626.90039";"19866.90039";"100873.01";"0.00";"IST";"SL";"48m 0s";"-0.00"
"386";"USTEC_ICM_UTC2";"Buy";"19857.0";"19897.0";"2024.07.23 16:45:00";"2024.07.23 18:18:00";"30.0";"1200.00";"19657.00000";"19897.00000";"102073.01";"0.00";"IST";"PT";"1h 33m";"-0.00"
"387";"USTEC_ICM_UTC2";"Buy";"19288.2";"19088.2";"2024.07.24 17:45:00";"2024.07.24 21:47:00";"30.0";"-6000.00";"19088.19922";"19328.19922";"96073.01";"0.00";"IST";"SL";"4h 2m";"-0.00"
"388";"USTEC_ICM_UTC2";"Buy";"19056.5";"18856.5";"2024.07.25 16:30:00";"2024.07.25 16:58:00";"30.0";"-6000.00";"18856.50000";"19096.50000";"90073.01";"0.00";"IST";"SL";"28m 0s";"-0.00"
"389";"USTEC_ICM_UTC2";"Buy";"19009.3";"19049.3";"2024.07.26 16:30:00";"2024.07.26 19:02:00";"30.0";"1200.00";"18809.30078";"19049.30078";"91273.01";"0.00";"IST";"PT";"2h 32m";"-0.00"
"390";"USTEC_ICM_UTC2";"Buy";"19194.8";"18994.8";"2024.07.29 16:45:00";"2024.07.29 18:31:00";"30.0";"-6000.00";"18994.80078";"19234.80078";"85273.01";"0.00";"IST";"SL";"1h 46m";"-0.00"
"391";"USTEC_ICM_UTC2";"Buy";"19021.2";"18821.2";"2024.07.30 17:30:00";"2024.07.30 18:38:00";"30.0";"-6000.00";"18821.19922";"19061.19922";"79273.01";"0.00";"IST";"SL";"1h 8m";"-0.00"
"392";"USTEC_ICM_UTC2";"Buy";"19280.0";"19320.0";"2024.07.31 17:15:00";"2024.07.31 17:19:00";"30.0";"1200.00";"19080.00000";"19320.00000";"80473.01";"0.00";"IST";"PT";"4m 0s";"-0.00"
"393";"USTEC_ICM_UTC2";"Buy";"19489.5";"19529.5";"2024.08.01 16:45:00";"2024.08.01 16:57:00";"30.0";"1200.00";"19289.50000";"19529.50000";"81673.01";"0.00";"IST";"PT";"12m 0s";"-0.00"
"394";"USTEC_ICM_UTC2";"Buy";"18523.0";"18563.0";"2024.08.02 16:30:00";"2024.08.02 16:39:00";"30.0";"1200.00";"18323.00000";"18563.00000";"82873.01";"0.00";"IST";"PT";"9m 0s";"-0.00"
"395";"USTEC_ICM_UTC2";"Buy";"17827.9";"17867.9";"2024.08.05 17:45:00";"2024.08.05 17:46:00";"30.0";"1200.00";"17627.90039";"17867.90039";"84073.01";"0.00";"IST";"PT";"1m 0s";"-0.00"
"396";"USTEC_ICM_UTC2";"Buy";"17964.2";"18004.2";"2024.08.06 16:30:00";"2024.08.06 16:30:00";"30.0";"1200.00";"17764.19922";"18004.19922";"85273.01";"0.00";"IST";"PT";"0s";"-0.00"
"397";"USTEC_ICM_UTC2";"Buy";"18344.6";"18384.6";"2024.08.07 16:30:00";"2024.08.07 16:31:00";"30.0";"1200.00";"18144.59961";"18384.59961";"86473.01";"0.00";"IST";"PT";"1m 0s";"-0.00"
"398";"USTEC_ICM_UTC2";"Buy";"18119.9";"18159.9";"2024.08.08 16:30:00";"2024.08.08 17:02:00";"30.0";"1200.00";"17919.90039";"18159.90039";"87673.01";"0.00";"IST";"PT";"32m 0s";"-0.00"
"399";"USTEC_ICM_UTC2";"Buy";"18450.2";"18490.2";"2024.08.09 17:15:00";"2024.08.09 20:14:00";"30.0";"1200.00";"18250.19922";"18490.19922";"88873.01";"0.00";"IST";"PT";"2h 59m";"-0.00"
"400";"USTEC_ICM_UTC2";"Buy";"18463.5";"18503.5";"2024.08.12 16:45:00";"2024.08.12 17:06:00";"30.0";"1200.00";"18263.50000";"18503.50000";"90073.01";"0.00";"IST";"PT";"21m 0s";"-0.00"
"401";"USTEC_ICM_UTC2";"Buy";"18726.9";"18766.9";"2024.08.13 16:30:00";"2024.08.13 16:32:00";"30.0";"1200.00";"18526.90039";"18766.90039";"91273.01";"0.00";"IST";"PT";"2m 0s";"-0.00"
"402";"USTEC_ICM_UTC2";"Buy";"18956.0";"18996.0";"2024.08.14 16:45:00";"2024.08.14 16:47:00";"30.0";"1200.00";"18756.00000";"18996.00000";"92473.01";"0.00";"IST";"PT";"2m 0s";"-0.00"
"403";"USTEC_ICM_UTC2";"Buy";"19276.9";"19316.9";"2024.08.15 16:45:00";"2024.08.15 16:51:00";"30.0";"1200.00";"19076.90039";"19316.90039";"93673.01";"0.00";"IST";"PT";"6m 0s";"-0.00"
"404";"USTEC_ICM_UTC2";"Buy";"19465.2";"19505.2";"2024.08.16 17:15:00";"2024.08.16 19:11:00";"30.0";"1200.00";"19265.19922";"19505.19922";"94873.01";"0.00";"IST";"PT";"1h 56m";"-0.00"
"405";"USTEC_ICM_UTC2";"Buy";"19499.4";"19539.4";"2024.08.19 17:00:00";"2024.08.19 17:32:00";"30.0";"1200.00";"19299.40039";"19539.40039";"96073.01";"0.00";"IST";"PT";"32m 0s";"-0.00"
"406";"USTEC_ICM_UTC2";"Buy";"19776.1";"19816.1";"2024.08.20 16:45:00";"2024.08.20 16:54:00";"30.0";"1200.00";"19576.09961";"19816.09961";"97273.01";"0.00";"IST";"PT";"9m 0s";"-0.00"
"407";"USTEC_ICM_UTC2";"Buy";"19768.9";"19808.9";"2024.08.21 16:45:00";"2024.08.21 17:00:00";"30.0";"1200.00";"19568.90039";"19808.90039";"98473.01";"0.00";"IST";"PT";"15m 0s";"-0.00"
"408";"USTEC_ICM_UTC2";"Buy";"19785.6";"19585.6";"2024.08.22 18:15:00";"2024.08.22 18:50:00";"30.0";"-6000.00";"19585.59961";"19825.59961";"92473.01";"0.00";"IST";"SL";"35m 0s";"-0.00"
"409";"USTEC_ICM_UTC2";"Buy";"19777.4";"19817.4";"2024.08.23 17:15:00";"2024.08.23 17:28:00";"30.0";"1200.00";"19577.40039";"19817.40039";"93673.01";"0.00";"IST";"PT";"13m 0s";"-0.00"
"410";"USTEC_ICM_UTC2";"Buy";"19537.1";"19577.1";"2024.08.26 18:21:00";"2024.08.27 17:30:00";"30.0";"1016.88";"19337.09961";"19577.09961";"94689.88";"0.00";"IST";"PT";"23h 9m";"-183.12"
"411";"USTEC_ICM_UTC2";"Buy";"19566.4";"19606.4";"2024.08.27 19:15:00";"2024.08.27 20:30:00";"30.0";"1200.00";"19366.40039";"19606.40039";"95889.88";"0.00";"IST";"PT";"1h 15m";"-0.00"
"412";"USTEC_ICM_UTC2";"Buy";"19518.1";"19318.1";"2024.08.28 16:45:00";"2024.08.28 18:12:00";"30.0";"-6000.00";"19318.09961";"19558.09961";"89889.88";"0.00";"IST";"SL";"1h 27m";"-0.00"
"413";"USTEC_ICM_UTC2";"Buy";"19586.8";"19626.8";"2024.08.29 17:45:00";"2024.08.29 17:50:00";"30.0";"1200.00";"19386.80078";"19626.80078";"91089.88";"0.00";"IST";"PT";"5m 0s";"-0.00"
"414";"USTEC_ICM_UTC2";"Buy";"19500.1";"19540.1";"2024.08.30 17:45:00";"2024.08.30 22:50:00";"30.0";"1200.00";"19300.09961";"19540.09961";"92289.88";"0.00";"IST";"PT";"5h 5m";"-0.00"
"415";"USTEC_ICM_UTC2";"Buy";"19609.9";"19409.9";"2024.09.02 17:45:00";"2024.09.03 12:15:00";"30.0";"-6183.12";"19409.90039";"19649.90039";"86106.77";"0.00";"IST";"SL";"18h 30m";"-183.12"
"416";"USTEC_ICM_UTC2";"Buy";"19429.8";"19229.8";"2024.09.03 16:30:00";"2024.09.03 17:31:00";"30.0";"-6000.00";"19229.80078";"19469.80078";"80106.77";"0.00";"IST";"SL";"1h 1m";"-0.00"
"417";"USTEC_ICM_UTC2";"Buy";"18897.7";"18937.7";"2024.09.04 16:45:00";"2024.09.04 16:49:00";"30.0";"1200.00";"18697.69922";"18937.69922";"81306.77";"0.00";"IST";"PT";"4m 0s";"-0.00"
"418";"USTEC_ICM_UTC2";"Buy";"18951.0";"18991.0";"2024.09.05 16:45:00";"2024.09.05 16:45:00";"30.0";"1200.00";"18751.00000";"18991.00000";"82506.77";"0.00";"IST";"PT";"0s";"-0.00"
"419";"USTEC_ICM_UTC2";"Buy";"18894.3";"18694.3";"2024.09.06 16:30:00";"2024.09.06 17:00:00";"30.0";"-6000.00";"18694.30078";"18934.30078";"76506.77";"0.00";"IST";"SL";"30m 0s";"-0.00"
"420";"USTEC_ICM_UTC2";"Buy";"18536.6";"18576.6";"2024.09.09 18:30:00";"2024.09.09 18:48:00";"30.0";"1200.00";"18336.59961";"18576.59961";"77706.77";"0.00";"IST";"PT";"18m 0s";"-0.00"
"421";"USTEC_ICM_UTC2";"Buy";"18730.6";"18770.6";"2024.09.10 16:30:00";"2024.09.10 16:31:00";"30.0";"1200.00";"18530.59961";"18770.59961";"78906.77";"0.00";"IST";"PT";"1m 0s";"-0.00"
"422";"USTEC_ICM_UTC2";"Buy";"18663.3";"18703.3";"2024.09.11 18:15:00";"2024.09.11 18:38:00";"30.0";"1200.00";"18463.30078";"18703.30078";"80106.77";"0.00";"IST";"PT";"23m 0s";"-0.00"
"423";"USTEC_ICM_UTC2";"Buy";"19243.8";"19283.8";"2024.09.12 16:45:00";"2024.09.12 17:12:00";"30.0";"1200.00";"19043.80078";"19283.80078";"81306.77";"0.00";"IST";"PT";"27m 0s";"-0.00"
"424";"USTEC_ICM_UTC2";"Buy";"19477.5";"19517.5";"2024.09.13 16:45:00";"2024.09.13 18:13:00";"30.0";"1200.00";"19277.50000";"19517.50000";"82506.77";"0.00";"IST";"PT";"1h 28m";"-0.00"
"425";"USTEC_ICM_UTC2";"Buy";"19365.2";"19405.2";"2024.09.16 16:45:00";"2024.09.16 16:52:00";"30.0";"1200.00";"19165.19922";"19405.19922";"83706.77";"0.00";"IST";"PT";"7m 0s";"-0.00"
"426";"USTEC_ICM_UTC2";"Buy";"19543.8";"19583.8";"2024.09.17 16:45:00";"2024.09.17 17:45:00";"30.0";"1200.00";"19343.80078";"19583.80078";"84906.77";"0.00";"IST";"PT";"1h 0m";"-0.00"
"427";"USTEC_ICM_UTC2";"Buy";"19441.2";"19481.2";"2024.09.18 17:15:00";"2024.09.18 20:32:00";"30.0";"1200.00";"19241.19922";"19481.19922";"86106.77";"0.00";"IST";"PT";"3h 17m";"-0.00"
"428";"USTEC_ICM_UTC2";"Buy";"19883.3";"19923.3";"2024.09.19 17:30:00";"2024.09.19 19:30:00";"30.0";"1200.00";"19683.30078";"19923.30078";"87306.77";"0.00";"IST";"PT";"2h 0m";"-0.00"
"429";"USTEC_ICM_UTC2";"Buy";"19807.7";"19847.7";"2024.09.20 16:45:00";"2024.09.20 22:38:00";"30.0";"1200.00";"19607.69922";"19847.69922";"88506.77";"0.00";"IST";"PT";"5h 53m";"-0.00"
"430";"USTEC_ICM_UTC2";"Buy";"19831.6";"19871.6";"2024.09.23 16:45:00";"2024.09.23 16:50:00";"30.0";"1200.00";"19631.59961";"19871.59961";"89706.77";"0.00";"IST";"PT";"5m 0s";"-0.00"
"431";"USTEC_ICM_UTC2";"Buy";"19851.3";"19891.3";"2024.09.24 18:00:00";"2024.09.24 18:16:00";"30.0";"1200.00";"19651.30078";"19891.30078";"90906.77";"0.00";"IST";"PT";"16m 0s";"-0.00"
"432";"USTEC_ICM_UTC2";"Buy";"19951.9";"19991.9";"2024.09.25 16:45:00";"2024.09.25 16:56:00";"30.0";"1200.00";"19751.90039";"19991.90039";"92106.77";"0.00";"IST";"PT";"11m 0s";"-0.00"
"433";"USTEC_ICM_UTC2";"Buy";"20097.4";"20137.4";"2024.09.26 19:00:00";"2024.09.27 01:07:00";"30.0";"1016.88";"19897.40039";"20137.40039";"93123.65";"0.00";"IST";"PT";"6h 7m";"-183.12"
"434";"USTEC_ICM_UTC2";"Buy";"20106.3";"20018.0";"2024.09.27 17:15:00";"2024.09.27 22:55:00";"30.0";"-2649.03";"19906.30078";"20146.30078";"90474.62";"0.00";"IST";"End Of Friday (Time)";"5h 40m";"-0.00"
"435";"USTEC_ICM_UTC2";"Buy";"19959.5";"19999.5";"2024.09.30 17:45:00";"2024.09.30 18:18:00";"30.0";"1200.00";"19759.50000";"19999.50000";"91674.62";"0.00";"IST";"PT";"33m 0s";"-0.00"
"436";"USTEC_ICM_UTC2";"Buy";"19759.2";"19799.2";"2024.10.01 18:45:00";"2024.10.01 21:00:00";"30.0";"1200.00";"19559.19922";"19799.19922";"92874.62";"0.00";"IST";"PT";"2h 15m";"-0.00"
"437";"USTEC_ICM_UTC2";"Buy";"19631.9";"19671.9";"2024.10.02 16:45:00";"2024.10.02 16:48:00";"30.0";"1200.00";"19431.90039";"19671.90039";"94074.62";"0.00";"IST";"PT";"3m 0s";"-0.00"
"438";"USTEC_ICM_UTC2";"Buy";"19794.0";"19834.0";"2024.10.03 16:45:00";"2024.10.03 16:56:00";"30.0";"1200.00";"19594.00000";"19834.00000";"95274.62";"0.00";"IST";"PT";"11m 0s";"-0.00"
"439";"USTEC_ICM_UTC2";"Buy";"19838.7";"19878.7";"2024.10.04 17:30:00";"2024.10.04 17:40:00";"30.0";"1200.00";"19638.69922";"19878.69922";"96474.62";"0.00";"IST";"PT";"10m 0s";"-0.00"
"440";"USTEC_ICM_UTC2";"Buy";"19956.6";"19756.6";"2024.10.07 17:15:00";"2024.10.08 01:33:00";"30.0";"-6183.12";"19756.59961";"19996.59961";"90291.50";"0.00";"IST";"SL";"8h 18m";"-183.12"
"441";"USTEC_ICM_UTC2";"Buy";"20051.3";"20091.3";"2024.10.08 17:45:00";"2024.10.08 22:19:00";"30.0";"1200.00";"19851.30078";"20091.30078";"91491.50";"0.00";"IST";"PT";"4h 34m";"-0.00"
"442";"USTEC_ICM_UTC2";"Buy";"20108.8";"20148.8";"2024.10.09 17:15:00";"2024.10.09 17:27:00";"30.0";"1200.00";"19908.80078";"20148.80078";"92691.50";"0.00";"IST";"PT";"12m 0s";"-0.00"
"443";"USTEC_ICM_UTC2";"Buy";"20188.9";"20228.9";"2024.10.10 16:45:00";"2024.10.10 17:44:00";"30.0";"1200.00";"19988.90039";"20228.90039";"93891.50";"0.00";"IST";"PT";"59m 0s";"-0.00"
"444";"USTEC_ICM_UTC2";"Buy";"20178.0";"20218.0";"2024.10.11 17:00:00";"2024.10.11 17:07:00";"30.0";"1200.00";"19978.00000";"20218.00000";"95091.50";"0.00";"IST";"PT";"7m 0s";"-0.00"
"445";"USTEC_ICM_UTC2";"Buy";"20448.5";"20248.5";"2024.10.14 17:45:00";"2024.10.15 17:34:00";"30.0";"-6183.12";"20248.50000";"20488.50000";"88908.38";"0.00";"IST";"SL";"23h 49m";"-183.12"
"446";"USTEC_ICM_UTC2";"Buy";"20220.2";"20260.2";"2024.10.15 18:30:00";"2024.10.17 09:32:00";"30.0";"833.76";"20020.19922";"20260.19922";"89742.13";"0.00";"IST";"PT";"1d 15h 2m";"-366.24"
"447";"USTEC_ICM_UTC2";"Buy";"20271.5";"20311.5";"2024.10.17 17:30:00";"2024.10.17 18:56:00";"30.0";"1200.00";"20071.50000";"20311.50000";"90942.13";"0.00";"IST";"PT";"1h 26m";"-0.00"
"448";"USTEC_ICM_UTC2";"Buy";"20313.9";"20353.9";"2024.10.18 17:00:00";"2024.10.18 17:08:00";"30.0";"1200.00";"20113.90039";"20353.90039";"92142.13";"0.00";"IST";"PT";"8m 0s";"-0.00"
"449";"USTEC_ICM_UTC2";"Buy";"20247.4";"20287.4";"2024.10.21 18:45:00";"2024.10.21 18:56:00";"30.0";"1200.00";"20047.40039";"20287.40039";"93342.13";"0.00";"IST";"PT";"11m 0s";"-0.00"
"450";"USTEC_ICM_UTC2";"Buy";"20243.9";"20283.9";"2024.10.22 16:30:00";"2024.10.22 16:42:00";"30.0";"1200.00";"20043.90039";"20283.90039";"94542.13";"0.00";"IST";"PT";"12m 0s";"-0.00"
"451";"USTEC_ICM_UTC2";"Buy";"20271.0";"20071.0";"2024.10.23 16:45:00";"2024.10.23 20:02:00";"30.0";"-6000.00";"20071.00000";"20311.00000";"88542.13";"0.00";"IST";"SL";"3h 17m";"-0.00"
"452";"USTEC_ICM_UTC2";"Buy";"20203.6";"20243.6";"2024.10.24 17:15:00";"2024.10.24 22:31:00";"30.0";"1200.00";"20003.59961";"20243.59961";"89742.13";"0.00";"IST";"PT";"5h 16m";"-0.00"
"453";"USTEC_ICM_UTC2";"Buy";"20472.5";"20512.5";"2024.10.25 19:00:00";"2024.10.25 19:29:00";"30.0";"1200.00";"20272.50000";"20512.50000";"90942.13";"0.00";"IST";"PT";"29m 0s";"-0.00"
"454";"USTEC_ICM_UTC2";"Buy";"20416.3";"20456.3";"2024.10.28 18:30:00";"2024.10.29 16:26:00";"30.0";"1016.88";"20216.30078";"20456.30078";"91959.02";"0.00";"IST";"PT";"21h 56m";"-183.12"
"455";"USTEC_ICM_UTC2";"Buy";"20458.2";"20498.2";"2024.10.29 17:00:00";"2024.10.29 18:00:00";"30.0";"1200.00";"20258.19922";"20498.19922";"93159.02";"0.00";"IST";"PT";"1h 0m";"-0.00"
"456";"USTEC_ICM_UTC2";"Buy";"20544.8";"20344.8";"2024.10.30 17:30:00";"2024.10.30 22:00:00";"30.0";"-6000.00";"20344.80078";"20584.80078";"87159.02";"0.00";"IST";"SL";"4h 30m";"-0.00"
"457";"USTEC_ICM_UTC2";"Buy";"20010.0";"20050.0";"2024.10.31 16:30:00";"2024.11.01 15:58:00";"30.0";"1016.88";"19810.00000";"20050.00000";"88175.90";"0.00";"IST";"PT";"23h 28m";"-183.12"
"458";"USTEC_ICM_UTC2";"Buy";"20144.0";"19944.0";"2024.11.01 17:15:00";"2024.11.04 16:34:00";"30.0";"-6549.36";"19944.00000";"20184.00000";"81626.54";"0.00";"IST";"SL";"2d 23h 19m";"-549.36"
"459";"USTEC_ICM_UTC2";"Buy";"19992.9";"20032.9";"2024.11.04 16:45:00";"2024.11.04 17:07:00";"30.0";"1200.00";"19792.90039";"20032.90039";"82826.54";"0.00";"IST";"PT";"22m 0s";"-0.00"
"460";"USTEC_ICM_UTC2";"Buy";"20035.8";"20075.8";"2024.11.05 16:30:00";"2024.11.05 16:31:00";"30.0";"1200.00";"19835.80078";"20075.80078";"84026.54";"0.00";"IST";"PT";"1m 0s";"-0.00"
"461";"USTEC_ICM_UTC2";"Buy";"20625.5";"20665.5";"2024.11.06 16:45:00";"2024.11.06 17:24:00";"30.0";"1200.00";"20425.50000";"20665.50000";"85226.54";"0.00";"IST";"PT";"39m 0s";"-0.00"
"462";"USTEC_ICM_UTC2";"Buy";"21000.7";"21040.7";"2024.11.07 17:45:00";"2024.11.07 17:57:00";"30.0";"1200.00";"20800.69922";"21040.69922";"86426.54";"0.00";"IST";"PT";"12m 0s";"-0.00"
"463";"USTEC_ICM_UTC2";"Buy";"21057.2";"21097.2";"2024.11.08 17:15:00";"2024.11.08 17:32:00";"30.0";"1200.00";"20857.19922";"21097.19922";"87626.54";"0.00";"IST";"PT";"17m 0s";"-0.00"
"464";"USTEC_ICM_UTC2";"Buy";"21093.9";"21133.9";"2024.11.11 17:45:00";"2024.11.12 03:39:00";"30.0";"1016.88";"20893.90039";"21133.90039";"88643.41";"0.00";"IST";"PT";"9h 54m";"-183.12"
"465";"USTEC_ICM_UTC2";"Buy";"21106.8";"21146.8";"2024.11.12 16:45:00";"2024.11.13 20:48:00";"30.0";"1016.88";"20906.80078";"21146.80078";"89660.30";"0.00";"IST";"PT";"1d 4h 3m";"-183.12"
"466";"USTEC_ICM_UTC2";"Buy";"21068.4";"20868.4";"2024.11.13 22:30:00";"2024.11.14 22:49:00";"30.0";"-6183.12";"20868.40039";"21108.40039";"83477.18";"0.00";"IST";"SL";"1d 0h 19m";"-183.12"
"467";"USTEC_ICM_UTC2";"Buy";"20465.5";"20405.8";"2024.11.15 18:00:00";"2024.11.15 22:55:00";"30.0";"-1790.97";"20265.50000";"20505.50000";"81686.20";"0.00";"IST";"End Of Friday (Time)";"4h 55m";"-0.00"
"468";"USTEC_ICM_UTC2";"Buy";"20505.5";"20545.5";"2024.11.18 17:15:00";"2024.11.18 17:27:00";"30.0";"1200.00";"20305.50000";"20545.50000";"82886.20";"0.00";"IST";"PT";"12m 0s";"-0.00"
"469";"USTEC_ICM_UTC2";"Buy";"20426.0";"20466.0";"2024.11.19 16:30:00";"2024.11.19 16:40:00";"30.0";"1200.00";"20226.00000";"20466.00000";"84086.20";"0.00";"IST";"PT";"10m 0s";"-0.00"
"470";"USTEC_ICM_UTC2";"Buy";"20503.3";"20543.3";"2024.11.20 17:45:00";"2024.11.20 17:49:00";"30.0";"1200.00";"20303.30078";"20543.30078";"85286.20";"0.00";"IST";"PT";"4m 0s";"-0.00"
"471";"USTEC_ICM_UTC2";"Buy";"20447.9";"20487.9";"2024.11.21 17:30:00";"2024.11.21 17:35:00";"30.0";"1200.00";"20247.90039";"20487.90039";"86486.20";"0.00";"IST";"PT";"5m 0s";"-0.00"
"472";"USTEC_ICM_UTC2";"Buy";"20765.6";"20776.3";"2024.11.22 17:45:00";"2024.11.22 22:55:00";"30.0";"321.03";"20565.59961";"20805.59961";"86807.23";"0.00";"IST";"End Of Friday (Time)";"5h 10m";"-0.00"
"473";"USTEC_ICM_UTC2";"Buy";"20868.7";"20908.7";"2024.11.25 17:45:00";"2024.11.26 16:32:00";"30.0";"1016.88";"20668.69922";"20908.69922";"87824.12";"0.00";"IST";"PT";"22h 47m";"-183.12"
"474";"USTEC_ICM_UTC2";"Buy";"20914.0";"20714.0";"2024.11.26 17:45:00";"2024.11.27 17:22:00";"30.0";"-6183.12";"20714.00000";"20954.00000";"81641.00";"0.00";"IST";"SL";"23h 37m";"-183.12"
"475";"USTEC_ICM_UTC2";"Buy";"20677.1";"20717.1";"2024.11.27 18:00:00";"2024.11.27 20:14:00";"30.0";"1200.00";"20477.09961";"20717.09961";"82841.00";"0.00";"IST";"PT";"2h 14m";"-0.00"
"476";"USTEC_ICM_UTC2";"Buy";"20809.3";"20849.3";"2024.11.28 16:30:00";"2024.11.29 05:06:00";"30.0";"1016.88";"20609.30078";"20849.30078";"83857.88";"0.00";"IST";"PT";"12h 36m";"-183.12"
"477";"USTEC_ICM_UTC2";"Buy";"20933.2";"20973.2";"2024.11.29 18:15:00";"2024.12.02 15:17:00";"30.0";"650.64";"20733.19922";"20973.19922";"84508.52";"0.00";"IST";"PT";"2d 21h 2m";"-549.36"
"478";"USTEC_ICM_UTC2";"Buy";"21130.6";"21170.6";"2024.12.02 18:15:00";"2024.12.02 18:41:00";"30.0";"1200.00";"20930.59961";"21170.59961";"85708.52";"0.00";"IST";"PT";"26m 0s";"-0.00"
"479";"USTEC_ICM_UTC2";"Buy";"21134.6";"21174.6";"2024.12.03 16:45:00";"2024.12.03 17:06:00";"30.0";"1200.00";"20934.59961";"21174.59961";"86908.52";"0.00";"IST";"PT";"21m 0s";"-0.00"
"480";"USTEC_ICM_UTC2";"Buy";"21366.1";"21406.1";"2024.12.04 17:00:00";"2024.12.04 17:10:00";"30.0";"1200.00";"21166.09961";"21406.09961";"88108.52";"0.00";"IST";"PT";"10m 0s";"-0.00"
"481";"USTEC_ICM_UTC2";"Buy";"21484.7";"21524.7";"2024.12.05 16:30:00";"2024.12.06 16:45:00";"30.0";"1016.88";"21284.69922";"21524.69922";"89125.40";"0.00";"IST";"PT";"1d 0h 15m";"-183.12"
"482";"USTEC_ICM_UTC2";"Buy";"21552.0";"21592.0";"2024.12.06 18:15:00";"2024.12.06 18:38:00";"30.0";"1200.00";"21352.00000";"21592.00000";"90325.40";"0.00";"IST";"PT";"23m 0s";"-0.00"
"483";"USTEC_ICM_UTC2";"Buy";"21571.5";"21371.5";"2024.12.09 16:30:00";"2024.12.10 21:49:00";"30.0";"-6183.12";"21371.50000";"21611.50000";"84142.27";"0.00";"IST";"SL";"1d 5h 19m";"-183.12"
"484";"USTEC_ICM_UTC2";"Buy";"21351.9";"21395.2";"2024.12.10 22:45:00";"2024.12.11 01:00:00";"30.0";"1115.79";"21151.90039";"21391.90039";"85258.06";"0.00";"IST";"PT";"2h 15m";"-183.12"
"485";"USTEC_ICM_UTC2";"Buy";"21703.8";"21743.8";"2024.12.11 18:15:00";"2024.12.11 19:07:00";"30.0";"1200.00";"21503.80078";"21743.80078";"86458.06";"0.00";"IST";"PT";"52m 0s";"-0.00"
"486";"USTEC_ICM_UTC2";"Buy";"21674.2";"21714.2";"2024.12.12 17:30:00";"2024.12.12 20:27:00";"30.0";"1200.00";"21474.19922";"21714.19922";"87658.06";"0.00";"IST";"PT";"2h 57m";"-0.00"
"487";"USTEC_ICM_UTC2";"Buy";"21865.8";"21665.8";"2024.12.13 16:45:00";"2024.12.13 17:59:00";"30.0";"-6000.00";"21665.80078";"21905.80078";"81658.06";"0.00";"IST";"SL";"1h 14m";"-0.00"
"488";"USTEC_ICM_UTC2";"Buy";"21897.4";"21937.4";"2024.12.16 16:45:00";"2024.12.16 16:53:00";"30.0";"1200.00";"21697.40039";"21937.40039";"82858.06";"0.00";"IST";"PT";"8m 0s";"-0.00"
"489";"USTEC_ICM_UTC2";"Buy";"22039.1";"21839.1";"2024.12.17 16:45:00";"2024.12.18 21:06:00";"30.0";"-6183.12";"21839.09961";"22079.09961";"76674.95";"0.00";"IST";"SL";"1d 4h 21m";"-183.12"
"490";"USTEC_ICM_UTC2";"Buy";"21215.7";"21255.7";"2024.12.19 17:30:00";"2024.12.19 17:42:00";"30.0";"1200.00";"21015.69922";"21255.69922";"77874.95";"0.00";"IST";"PT";"12m 0s";"-0.00"
"491";"USTEC_ICM_UTC2";"Buy";"20939.4";"20979.4";"2024.12.20 16:30:00";"2024.12.20 16:38:00";"30.0";"1200.00";"20739.40039";"20979.40039";"79074.95";"0.00";"IST";"PT";"8m 0s";"-0.00"
"492";"USTEC_ICM_UTC2";"Buy";"21290.0";"21330.0";"2024.12.23 17:45:00";"2024.12.23 17:57:00";"30.0";"1200.00";"21090.00000";"21330.00000";"80274.95";"0.00";"IST";"PT";"12m 0s";"-0.00"
"493";"USTEC_ICM_UTC2";"Buy";"21609.1";"21649.1";"2024.12.24 16:45:00";"2024.12.24 16:58:00";"30.0";"1200.00";"21409.09961";"21649.09961";"81474.95";"0.00";"IST";"PT";"13m 0s";"-0.00"
"494";"USTEC_ICM_UTC2";"Buy";"21739.8";"21779.8";"2024.12.26 16:45:00";"2024.12.26 18:10:00";"30.0";"1200.00";"21539.80078";"21779.80078";"82674.95";"0.00";"IST";"PT";"1h 25m";"-0.00"
"495";"USTEC_ICM_UTC2";"Buy";"21376.4";"21416.4";"2024.12.27 18:00:00";"2024.12.27 18:29:00";"30.0";"1200.00";"21176.40039";"21416.40039";"83874.95";"0.00";"IST";"PT";"29m 0s";"-0.00"
"496";"USTEC_ICM_UTC2";"Buy";"21115.2";"21155.2";"2024.12.30 16:45:00";"2024.12.30 17:40:00";"30.0";"1200.00";"20915.19922";"21155.19922";"85074.95";"0.00";"IST";"PT";"55m 0s";"-0.00"
"497";"USTEC_ICM_UTC2";"Buy";"21242.9";"21042.9";"2024.12.31 16:30:00";"2024.12.31 19:32:00";"30.0";"-6000.00";"21042.90039";"21282.90039";"79074.95";"0.00";"IST";"SL";"3h 2m";"-0.00"
"498";"USTEC_ICM_UTC2";"Buy";"21191.3";"21231.3";"2025.01.02 17:00:00";"2025.01.02 17:05:00";"30.0";"1200.00";"20991.30078";"21231.30078";"80274.95";"0.00";"IST";"PT";"5m 0s";"-0.00"
"499";"USTEC_ICM_UTC2";"Buy";"21179.0";"21219.0";"2025.01.03 17:45:00";"2025.01.03 18:27:00";"30.0";"1200.00";"20979.00000";"21219.00000";"81474.95";"0.00";"IST";"PT";"42m 0s";"-0.00"
"500";"USTEC_ICM_UTC2";"Buy";"21593.3";"21633.3";"2025.01.06 16:45:00";"2025.01.06 16:46:00";"30.0";"1200.00";"21393.30078";"21633.30078";"82674.95";"0.00";"IST";"PT";"1m 0s";"-0.00"
"501";"USTEC_ICM_UTC2";"Buy";"21579.3";"21379.3";"2025.01.07 16:45:00";"2025.01.07 17:09:00";"30.0";"-6000.00";"21379.30078";"21619.30078";"76674.95";"0.00";"IST";"SL";"24m 0s";"-0.00"
"502";"USTEC_ICM_UTC2";"Buy";"21170.9";"21210.9";"2025.01.08 16:45:00";"2025.01.08 17:03:00";"30.0";"1200.00";"20970.90039";"21210.90039";"77874.95";"0.00";"IST";"PT";"18m 0s";"-0.00"
"503";"USTEC_ICM_UTC2";"Buy";"20881.0";"20921.0";"2025.01.10 17:45:00";"2025.01.10 17:47:00";"30.0";"1200.00";"20681.00000";"20921.00000";"79074.95";"0.00";"IST";"PT";"2m 0s";"-0.00"
"504";"USTEC_ICM_UTC2";"Buy";"20633.6";"20673.6";"2025.01.13 17:00:00";"2025.01.13 17:06:00";"30.0";"1200.00";"20433.59961";"20673.59961";"80274.95";"0.00";"IST";"PT";"6m 0s";"-0.00"
"505";"USTEC_ICM_UTC2";"Buy";"20912.9";"20952.9";"2025.01.14 16:30:00";"2025.01.14 16:38:00";"30.0";"1200.00";"20712.90039";"20952.90039";"81474.95";"0.00";"IST";"PT";"8m 0s";"-0.00"
"506";"USTEC_ICM_UTC2";"Buy";"21140.7";"21180.7";"2025.01.15 16:45:00";"2025.01.15 16:48:00";"30.0";"1200.00";"20940.69922";"21180.69922";"82674.95";"0.00";"IST";"PT";"3m 0s";"-0.00"
"507";"USTEC_ICM_UTC2";"Buy";"21328.1";"21128.1";"2025.01.16 16:30:00";"2025.01.16 20:46:00";"30.0";"-6000.00";"21128.09961";"21368.09961";"76674.95";"0.00";"IST";"SL";"4h 16m";"-0.00"
"508";"USTEC_ICM_UTC2";"Buy";"21405.8";"21445.8";"2025.01.17 17:15:00";"2025.01.17 18:08:00";"30.0";"1200.00";"21205.80078";"21445.80078";"77874.95";"0.00";"IST";"PT";"53m 0s";"-0.00"
"509";"USTEC_ICM_UTC2";"Buy";"21553.9";"21593.9";"2025.01.20 18:15:00";"2025.01.21 02:09:00";"30.0";"1016.88";"21353.90039";"21593.90039";"78891.83";"0.00";"IST";"PT";"7h 54m";"-183.12"
"510";"USTEC_ICM_UTC2";"Buy";"21492.1";"21532.1";"2025.01.21 17:30:00";"2025.01.21 18:59:00";"30.0";"1200.00";"21292.09961";"21532.09961";"80091.83";"0.00";"IST";"PT";"1h 29m";"-0.00"
"511";"USTEC_ICM_UTC2";"Buy";"21814.2";"21854.2";"2025.01.22 16:45:00";"2025.01.22 16:54:00";"30.0";"1200.00";"21614.19922";"21854.19922";"81291.83";"0.00";"IST";"PT";"9m 0s";"-0.00"
"512";"USTEC_ICM_UTC2";"Buy";"21766.2";"21806.2";"2025.01.23 16:45:00";"2025.01.23 18:31:00";"30.0";"1200.00";"21566.19922";"21806.19922";"82491.83";"0.00";"IST";"PT";"1h 46m";"-0.00"
"513";"USTEC_ICM_UTC2";"Buy";"21924.1";"21724.1";"2025.01.24 17:00:00";"2025.01.24 21:04:00";"30.0";"-6000.00";"21724.09961";"21964.09961";"76491.83";"0.00";"IST";"SL";"4h 4m";"-0.00"
"514";"USTEC_ICM_UTC2";"Buy";"21142.4";"21182.4";"2025.01.27 16:45:00";"2025.01.27 16:48:00";"30.0";"1200.00";"20942.40039";"21182.40039";"77691.83";"0.00";"IST";"PT";"3m 0s";"-0.00"
"515";"USTEC_ICM_UTC2";"Buy";"21250.4";"21290.4";"2025.01.28 17:15:00";"2025.01.28 17:23:00";"30.0";"1200.00";"21050.40039";"21290.40039";"78891.83";"0.00";"IST";"PT";"8m 0s";"-0.00"
"516";"USTEC_ICM_UTC2";"Buy";"21417.0";"21457.0";"2025.01.29 17:15:00";"2025.01.29 22:25:00";"30.0";"1200.00";"21217.00000";"21457.00000";"80091.83";"0.00";"IST";"PT";"5h 10m";"-0.00"
"517";"USTEC_ICM_UTC2";"Buy";"21528.0";"21568.0";"2025.01.30 16:45:00";"2025.01.30 16:47:00";"30.0";"1200.00";"21328.00000";"21568.00000";"81291.83";"0.00";"IST";"PT";"2m 0s";"-0.00"
"518";"USTEC_ICM_UTC2";"Buy";"21707.9";"21747.9";"2025.01.31 16:45:00";"2025.01.31 16:54:00";"30.0";"1200.00";"21507.90039";"21747.90039";"82491.83";"0.00";"IST";"PT";"9m 0s";"-0.00"
"519";"USTEC_ICM_UTC2";"Buy";"21149.5";"21189.5";"2025.02.03 16:45:00";"2025.02.03 17:24:00";"30.0";"1200.00";"20949.50000";"21189.50000";"83691.83";"0.00";"IST";"PT";"39m 0s";"-0.00"
"520";"USTEC_ICM_UTC2";"Buy";"21399.1";"21439.1";"2025.02.04 16:45:00";"2025.02.04 16:53:00";"30.0";"1200.00";"21199.09961";"21439.09961";"84891.83";"0.00";"IST";"PT";"8m 0s";"-0.00"
"521";"USTEC_ICM_UTC2";"Buy";"21498.0";"21538.0";"2025.02.05 17:45:00";"2025.02.05 18:36:00";"30.0";"1200.00";"21298.00000";"21538.00000";"86091.83";"0.00";"IST";"PT";"51m 0s";"-0.00"
"522";"USTEC_ICM_UTC2";"Buy";"21685.6";"21725.6";"2025.02.06 16:45:00";"2025.02.06 17:11:00";"30.0";"1200.00";"21485.59961";"21725.59961";"87291.83";"0.00";"IST";"PT";"26m 0s";"-0.00"
"523";"USTEC_ICM_UTC2";"Buy";"21656.5";"21696.5";"2025.02.07 17:45:00";"2025.02.07 17:51:00";"30.0";"1200.00";"21456.50000";"21696.50000";"88491.83";"0.00";"IST";"PT";"6m 0s";"-0.00"
"524";"USTEC_ICM_UTC2";"Buy";"21706.9";"21746.9";"2025.02.10 16:45:00";"2025.02.10 17:08:00";"30.0";"1200.00";"21506.90039";"21746.90039";"89691.83";"0.00";"IST";"PT";"23m 0s";"-0.00"
"525";"USTEC_ICM_UTC2";"Buy";"21697.0";"21737.0";"2025.02.11 16:45:00";"2025.02.11 17:28:00";"30.0";"1200.00";"21497.00000";"21737.00000";"90891.83";"0.00";"IST";"PT";"43m 0s";"-0.00"
"526";"USTEC_ICM_UTC2";"Buy";"21460.3";"21500.3";"2025.02.12 16:30:00";"2025.02.12 16:34:00";"30.0";"1200.00";"21260.30078";"21500.30078";"92091.83";"0.00";"IST";"PT";"4m 0s";"-0.00"
"527";"USTEC_ICM_UTC2";"Buy";"21800.7";"21840.7";"2025.02.13 16:45:00";"2025.02.13 16:59:00";"30.0";"1200.00";"21600.69922";"21840.69922";"93291.83";"0.00";"IST";"PT";"14m 0s";"-0.00"
"528";"USTEC_ICM_UTC2";"Buy";"22087.6";"22127.6";"2025.02.14 18:00:00";"2025.02.14 22:37:00";"30.0";"1200.00";"21887.59961";"22127.59961";"94491.83";"0.00";"IST";"PT";"4h 37m";"-0.00"
"529";"USTEC_ICM_UTC2";"Buy";"22139.9";"22179.9";"2025.02.17 17:15:00";"2025.02.18 04:57:00";"30.0";"1016.88";"21939.90039";"22179.90039";"95508.70";"0.00";"IST";"PT";"11h 42m";"-183.12"
"530";"USTEC_ICM_UTC2";"Buy";"22064.5";"22104.5";"2025.02.18 17:30:00";"2025.02.18 17:54:00";"30.0";"1200.00";"21864.50000";"22104.50000";"96708.70";"0.00";"IST";"PT";"24m 0s";"-0.00"
"531";"USTEC_ICM_UTC2";"Buy";"22107.6";"22147.6";"2025.02.19 16:45:00";"2025.02.19 18:11:00";"30.0";"1200.00";"21907.59961";"22147.59961";"97908.70";"0.00";"IST";"PT";"1h 26m";"-0.00"
"532";"USTEC_ICM_UTC2";"Buy";"22014.6";"22054.6";"2025.02.20 17:30:00";"2025.02.20 22:49:00";"30.0";"1200.00";"21814.59961";"22054.59961";"99108.70";"0.00";"IST";"PT";"5h 19m";"-0.00"
"533";"USTEC_ICM_UTC2";"Buy";"21950.4";"21750.4";"2025.02.21 18:15:00";"2025.02.21 20:07:00";"30.0";"-6000.00";"21750.40039";"21990.40039";"93108.70";"0.00";"IST";"SL";"1h 52m";"-0.00"
"534";"USTEC_ICM_UTC2";"Buy";"21644.6";"21444.6";"2025.02.24 16:45:00";"2025.02.24 17:03:00";"30.0";"-6000.00";"21444.59961";"21684.59961";"87108.70";"0.00";"IST";"SL";"18m 0s";"-0.00"
"535";"USTEC_ICM_UTC2";"Buy";"21043.2";"21083.2";"2025.02.25 18:00:00";"2025.02.25 18:56:00";"30.0";"1200.00";"20843.19922";"21083.19922";"88308.70";"0.00";"IST";"PT";"56m 0s";"-0.00"
"536";"USTEC_ICM_UTC2";"Buy";"21173.7";"21213.7";"2025.02.26 16:45:00";"2025.02.26 16:49:00";"30.0";"1200.00";"20973.69922";"21213.69922";"89508.70";"0.00";"IST";"PT";"4m 0s";"-0.00"
"537";"USTEC_ICM_UTC2";"Buy";"21138.2";"20938.2";"2025.02.27 16:45:00";"2025.02.27 17:00:00";"30.0";"-6000.00";"20938.19922";"21178.19922";"83508.70";"0.00";"IST";"SL";"15m 0s";"-0.00"
"538";"USTEC_ICM_UTC2";"Buy";"20541.2";"20581.2";"2025.02.28 16:30:00";"2025.02.28 16:43:00";"30.0";"1200.00";"20341.19922";"20581.19922";"84708.70";"0.00";"IST";"PT";"13m 0s";"-0.00"
"539";"USTEC_ICM_UTC2";"Buy";"20924.4";"20724.4";"2025.03.03 16:45:00";"2025.03.03 17:00:00";"30.0";"-6000.00";"20724.40039";"20964.40039";"78708.70";"0.00";"IST";"SL";"15m 0s";"-0.00"
"540";"USTEC_ICM_UTC2";"Buy";"20292.1";"20332.1";"2025.03.04 16:45:00";"2025.03.04 16:46:00";"30.0";"1200.00";"20092.09961";"20332.09961";"79908.70";"0.00";"IST";"PT";"1m 0s";"-0.00"
"541";"USTEC_ICM_UTC2";"Buy";"20379.6";"20419.6";"2025.03.05 16:30:00";"2025.03.05 17:00:00";"30.0";"1200.00";"20179.59961";"20419.59961";"81108.70";"0.00";"IST";"PT";"30m 0s";"-0.00"
"542";"USTEC_ICM_UTC2";"Buy";"20242.1";"20282.1";"2025.03.06 17:00:00";"2025.03.06 17:01:00";"30.0";"1200.00";"20042.09961";"20282.09961";"82308.70";"0.00";"IST";"PT";"1m 0s";"-0.00"
"543";"USTEC_ICM_UTC2";"Buy";"20116.5";"20156.5";"2025.03.07 16:45:00";"2025.03.07 16:48:00";"30.0";"1200.00";"19916.50000";"20156.50000";"83508.70";"0.00";"IST";"PT";"3m 0s";"-0.00"
"544";"USTEC_ICM_UTC2";"Buy";"19602.8";"19642.8";"2025.03.10 17:30:00";"2025.03.10 17:32:00";"30.0";"1200.00";"19402.80078";"19642.80078";"84708.70";"0.00";"IST";"PT";"2m 0s";"-0.00"
"545";"USTEC_ICM_UTC2";"Buy";"19286.6";"19326.6";"2025.03.11 17:00:00";"2025.03.11 17:01:00";"30.0";"1200.00";"19086.59961";"19326.59961";"85908.70";"0.00";"IST";"PT";"1m 0s";"-0.00"
"546";"USTEC_ICM_UTC2";"Buy";"19503.8";"19543.8";"2025.03.12 17:30:00";"2025.03.12 17:37:00";"30.0";"1200.00";"19303.80078";"19543.80078";"87108.70";"0.00";"IST";"PT";"7m 0s";"-0.00"
"547";"USTEC_ICM_UTC2";"Buy";"19460.2";"19500.2";"2025.03.13 16:30:00";"2025.03.13 16:30:00";"30.0";"1200.00";"19260.19922";"19500.19922";"88308.70";"0.00";"IST";"PT";"0s";"-0.00"
"548";"USTEC_ICM_UTC2";"Buy";"19534.6";"19574.6";"2025.03.14 16:45:00";"2025.03.14 16:59:00";"30.0";"1200.00";"19334.59961";"19574.59961";"89508.70";"0.00";"IST";"PT";"14m 0s";"-0.00"
"549";"USTEC_ICM_UTC2";"Buy";"19667.3";"19707.3";"2025.03.17 17:30:00";"2025.03.17 18:07:00";"30.0";"1200.00";"19467.30078";"19707.30078";"90708.70";"0.00";"IST";"PT";"37m 0s";"-0.00"
"550";"USTEC_ICM_UTC2";"Buy";"19477.4";"19517.4";"2025.03.18 16:45:00";"2025.03.18 18:15:00";"30.0";"1200.00";"19277.40039";"19517.40039";"91908.70";"0.00";"IST";"PT";"1h 30m";"-0.00"
"551";"USTEC_ICM_UTC2";"Buy";"19647.5";"19687.5";"2025.03.19 17:15:00";"2025.03.19 17:44:00";"30.0";"1200.00";"19447.50000";"19687.50000";"93108.70";"0.00";"IST";"PT";"29m 0s";"-0.00"
"552";"USTEC_ICM_UTC2";"Buy";"19772.5";"19812.5";"2025.03.20 18:00:00";"2025.03.20 18:04:00";"30.0";"1200.00";"19572.50000";"19812.50000";"94308.70";"0.00";"IST";"PT";"4m 0s";"-0.00"
"553";"USTEC_ICM_UTC2";"Buy";"19545.3";"19585.3";"2025.03.21 16:30:00";"2025.03.21 16:56:00";"30.0";"1200.00";"19345.30078";"19585.30078";"95508.70";"0.00";"IST";"PT";"26m 0s";"-0.00"
"554";"USTEC_ICM_UTC2";"Buy";"20137.3";"20177.3";"2025.03.24 16:30:00";"2025.03.24 21:05:00";"30.0";"1200.00";"19937.30078";"20177.30078";"96708.70";"0.00";"IST";"PT";"4h 35m";"-0.00"
"555";"USTEC_ICM_UTC2";"Buy";"20249.5";"20289.5";"2025.03.25 19:00:00";"2025.03.25 21:53:00";"30.0";"1200.00";"20049.50000";"20289.50000";"97908.70";"0.00";"IST";"PT";"2h 53m";"-0.00"
"556";"USTEC_ICM_UTC2";"Buy";"20096.7";"19896.7";"2025.03.26 17:00:00";"2025.03.26 19:34:00";"30.0";"-6000.00";"19896.69922";"20136.69922";"91908.70";"0.00";"IST";"SL";"2h 34m";"-0.00"
"557";"USTEC_ICM_UTC2";"Buy";"19904.5";"19944.5";"2025.03.27 18:15:00";"2025.03.27 18:19:00";"30.0";"1200.00";"19704.50000";"19944.50000";"93108.70";"0.00";"IST";"PT";"4m 0s";"-0.00"
"558";"USTEC_ICM_UTC2";"Buy";"19417.1";"19113.4";"2025.03.28 17:30:00";"2025.03.31 01:04:00";"30.0";"-9661.74";"19217.09961";"19457.09961";"83446.97";"0.00";"IST";"SL";"2d 7h 34m";"-549.36"
"559";"USTEC_ICM_UTC2";"Buy";"18977.3";"19017.3";"2025.03.31 17:15:00";"2025.03.31 18:23:00";"30.0";"1200.00";"18777.30078";"19017.30078";"84646.97";"0.00";"IST";"PT";"1h 8m";"-0.00"
"560";"USTEC_ICM_UTC2";"Buy";"19272.6";"19312.6";"2025.04.01 17:45:00";"2025.04.01 17:52:00";"30.0";"1200.00";"19072.59961";"19312.59961";"85846.97";"0.00";"IST";"PT";"7m 0s";"-0.00"
"561";"USTEC_ICM_UTC2";"Buy";"19359.7";"19399.7";"2025.04.02 16:45:00";"2025.04.02 16:51:00";"30.0";"1200.00";"19159.69922";"19399.69922";"87046.97";"0.00";"IST";"PT";"6m 0s";"-0.00"
"562";"USTEC_ICM_UTC2";"Buy";"18750.4";"18790.4";"2025.04.03 16:30:00";"2025.04.03 16:30:00";"30.0";"1200.00";"18550.40039";"18790.40039";"88246.97";"0.00";"IST";"PT";"0s";"-0.00"
"563";"USTEC_ICM_UTC2";"Buy";"17875.2";"17915.2";"2025.04.04 16:45:00";"2025.04.04 16:45:00";"30.0";"1200.00";"17675.19922";"17915.19922";"89446.97";"0.00";"IST";"PT";"0s";"-0.00"
"564";"USTEC_ICM_UTC2";"Buy";"17136.7";"17176.7";"2025.04.07 17:00:00";"2025.04.07 17:00:00";"30.0";"1200.00";"16936.69922";"17176.69922";"90646.97";"0.00";"IST";"PT";"0s";"-0.00"
"565";"USTEC_ICM_UTC2";"Buy";"17952.6";"17752.6";"2025.04.08 18:45:00";"2025.04.08 19:20:00";"30.0";"-6000.00";"17752.59961";"17992.59961";"84646.97";"0.00";"IST";"SL";"35m 0s";"-0.00"
"566";"USTEC_ICM_UTC2";"Buy";"17238.0";"17278.0";"2025.04.09 16:45:00";"2025.04.09 16:49:00";"30.0";"1200.00";"17038.00000";"17278.00000";"85846.97";"0.00";"IST";"PT";"4m 0s";"-0.00"
"567";"USTEC_ICM_UTC2";"Buy";"18499.5";"18539.5";"2025.04.10 17:30:00";"2025.04.10 17:30:00";"30.0";"1200.00";"18299.50000";"18539.50000";"87046.97";"0.00";"IST";"PT";"0s";"-0.00"
"568";"USTEC_ICM_UTC2";"Buy";"18404.3";"18444.3";"2025.04.11 16:45:00";"2025.04.11 16:46:00";"30.0";"1200.00";"18204.30078";"18444.30078";"88246.97";"0.00";"IST";"PT";"1m 0s";"-0.00"
"569";"USTEC_ICM_UTC2";"Buy";"18959.4";"18999.4";"2025.04.14 17:15:00";"2025.04.14 17:28:00";"30.0";"1200.00";"18759.40039";"18999.40039";"89446.97";"0.00";"IST";"PT";"13m 0s";"-0.00"
"570";"USTEC_ICM_UTC2";"Buy";"18874.1";"18914.1";"2025.04.15 18:30:00";"2025.04.15 18:31:00";"30.0";"1200.00";"18674.09961";"18914.09961";"90646.97";"0.00";"IST";"PT";"1m 0s";"-0.00"
"571";"USTEC_ICM_UTC2";"Buy";"18502.2";"18542.2";"2025.04.16 16:45:00";"2025.04.16 18:23:00";"30.0";"1200.00";"18302.19922";"18542.19922";"91846.97";"0.00";"IST";"PT";"1h 38m";"-0.00"
"572";"USTEC_ICM_UTC2";"Buy";"18383.6";"18183.6";"2025.04.17 16:30:00";"2025.04.17 17:30:00";"30.0";"-6000.00";"18183.59961";"18423.59961";"85846.97";"0.00";"IST";"SL";"1h 0m";"-0.00"
"573";"USTEC_ICM_UTC2";"Buy";"18007.7";"17807.7";"2025.04.21 16:30:00";"2025.04.21 17:16:00";"30.0";"-6000.00";"17807.69922";"18047.69922";"79846.97";"0.00";"IST";"SL";"46m 0s";"-0.00"
"574";"USTEC_ICM_UTC2";"Buy";"18198.7";"18238.7";"2025.04.22 17:45:00";"2025.04.22 17:57:00";"30.0";"1200.00";"17998.69922";"18238.69922";"81046.97";"0.00";"IST";"PT";"12m 0s";"-0.00"
"575";"USTEC_ICM_UTC2";"Buy";"18919.6";"18959.6";"2025.04.23 16:45:00";"2025.04.23 16:45:00";"30.0";"1200.00";"18719.59961";"18959.59961";"82246.97";"0.00";"IST";"PT";"0s";"-0.00"
"576";"USTEC_ICM_UTC2";"Buy";"18758.8";"18798.8";"2025.04.24 16:30:00";"2025.04.24 16:40:00";"30.0";"1200.00";"18558.80078";"18798.80078";"83446.97";"0.00";"IST";"PT";"10m 0s";"-0.00"
"577";"USTEC_ICM_UTC2";"Buy";"19288.2";"19328.2";"2025.04.25 17:15:00";"2025.04.25 19:32:00";"30.0";"1200.00";"19088.19922";"19328.19922";"84646.97";"0.00";"IST";"PT";"2h 17m";"-0.00"
"578";"USTEC_ICM_UTC2";"Buy";"19386.6";"19426.6";"2025.04.28 17:30:00";"2025.04.28 17:45:00";"30.0";"1200.00";"19186.59961";"19426.59961";"85846.97";"0.00";"IST";"PT";"15m 0s";"-0.00"
"579";"USTEC_ICM_UTC2";"Buy";"19371.1";"19411.1";"2025.04.29 16:45:00";"2025.04.29 16:47:00";"30.0";"1200.00";"19171.09961";"19411.09961";"87046.97";"0.00";"IST";"PT";"2m 0s";"-0.00"
"580";"USTEC_ICM_UTC2";"Buy";"19199.8";"19239.8";"2025.04.30 16:30:00";"2025.04.30 17:31:00";"30.0";"1200.00";"18999.80078";"19239.80078";"88246.97";"0.00";"IST";"PT";"1h 1m";"-0.00"
"581";"USTEC_ICM_UTC2";"Buy";"19874.6";"19914.6";"2025.05.01 16:30:00";"2025.05.01 17:36:00";"30.0";"1200.00";"19674.59961";"19914.59961";"89446.97";"0.00";"IST";"PT";"1h 6m";"-0.00"
"582";"USTEC_ICM_UTC2";"Buy";"20058.2";"20098.2";"2025.05.02 17:15:00";"2025.05.02 18:17:00";"30.0";"1200.00";"19858.19922";"20098.19922";"90646.97";"0.00";"IST";"PT";"1h 2m";"-0.00"
"583";"USTEC_ICM_UTC2";"Buy";"19940.3";"19980.3";"2025.05.05 16:45:00";"2025.05.05 17:00:00";"30.0";"1200.00";"19740.30078";"19980.30078";"91846.97";"0.00";"IST";"PT";"15m 0s";"-0.00"
"584";"USTEC_ICM_UTC2";"Buy";"19760.2";"19800.2";"2025.05.06 16:45:00";"2025.05.06 17:20:00";"30.0";"1200.00";"19560.19922";"19800.19922";"93046.97";"0.00";"IST";"PT";"35m 0s";"-0.00"
"585";"USTEC_ICM_UTC2";"Buy";"19840.3";"19880.3";"2025.05.07 16:45:00";"2025.05.07 17:24:00";"30.0";"1200.00";"19640.30078";"19880.30078";"94246.97";"0.00";"IST";"PT";"39m 0s";"-0.00"
"586";"USTEC_ICM_UTC2";"Buy";"19990.2";"20030.2";"2025.05.08 17:45:00";"2025.05.08 18:20:00";"30.0";"1200.00";"19790.19922";"20030.19922";"95446.97";"0.00";"IST";"PT";"35m 0s";"-0.00"
"587";"USTEC_ICM_UTC2";"Buy";"20148.7";"20188.7";"2025.05.09 16:45:00";"2025.05.09 17:06:00";"30.0";"1200.00";"19948.69922";"20188.69922";"96646.97";"0.00";"IST";"PT";"21m 0s";"-0.00"
"588";"USTEC_ICM_UTC2";"Buy";"20659.6";"20699.6";"2025.05.12 17:30:00";"2025.05.12 17:42:00";"30.0";"1200.00";"20459.59961";"20699.59961";"97846.97";"0.00";"IST";"PT";"12m 0s";"-0.00"
"589";"USTEC_ICM_UTC2";"Buy";"20985.8";"21025.8";"2025.05.13 16:45:00";"2025.05.13 16:54:00";"30.0";"1200.00";"20785.80078";"21025.80078";"99046.97";"0.00";"IST";"PT";"9m 0s";"-0.00"
"590";"USTEC_ICM_UTC2";"Buy";"21258.6";"21298.6";"2025.05.14 17:15:00";"2025.05.14 18:28:00";"30.0";"1200.00";"21058.59961";"21298.59961";"100246.97";"0.00";"IST";"PT";"1h 13m";"-0.00"
"591";"USTEC_ICM_UTC2";"Buy";"21236.8";"21276.8";"2025.05.15 16:45:00";"2025.05.15 18:04:00";"30.0";"1200.00";"21036.80078";"21276.80078";"101446.97";"0.00";"IST";"PT";"1h 19m";"-0.00"
"592";"USTEC_ICM_UTC2";"Buy";"21333.6";"21373.6";"2025.05.16 17:30:00";"2025.05.16 20:16:00";"30.0";"1200.00";"21133.59961";"21373.59961";"102646.97";"0.00";"IST";"PT";"2h 46m";"-0.00"
"593";"USTEC_ICM_UTC2";"Buy";"21255.5";"21295.5";"2025.05.19 16:45:00";"2025.05.19 16:49:00";"30.0";"1200.00";"21055.50000";"21295.50000";"103846.97";"0.00";"IST";"PT";"4m 0s";"-0.00"
"594";"USTEC_ICM_UTC2";"Buy";"21321.7";"21361.7";"2025.05.20 17:30:00";"2025.05.20 17:39:00";"30.0";"1200.00";"21121.69922";"21361.69922";"105046.97";"0.00";"IST";"PT";"9m 0s";"-0.00"
"595";"USTEC_ICM_UTC2";"Buy";"21292.9";"21332.9";"2025.05.21 16:45:00";"2025.05.21 16:52:00";"30.0";"1200.00";"21092.90039";"21332.90039";"106246.97";"0.00";"IST";"PT";"7m 0s";"-0.00"
"596";"USTEC_ICM_UTC2";"Buy";"21084.4";"21124.4";"2025.05.22 16:45:00";"2025.05.22 16:50:00";"30.0";"1200.00";"20884.40039";"21124.40039";"107446.97";"0.00";"IST";"PT";"5m 0s";"-0.00"
"597";"USTEC_ICM_UTC2";"Buy";"20786.6";"20826.6";"2025.05.23 16:30:00";"2025.05.23 16:33:00";"30.0";"1200.00";"20586.59961";"20826.59961";"108646.97";"0.00";"IST";"PT";"3m 0s";"-0.00"
"598";"USTEC_ICM_UTC2";"Buy";"21247.8";"21287.8";"2025.05.26 16:45:00";"2025.05.27 10:46:00";"30.0";"1016.88";"21047.80078";"21287.80078";"109663.84";"0.00";"IST";"PT";"18h 1m";"-183.12"
"599";"USTEC_ICM_UTC2";"Buy";"21240.6";"21280.6";"2025.05.27 17:00:00";"2025.05.27 17:03:00";"30.0";"1200.00";"21040.59961";"21280.59961";"110863.84";"0.00";"IST";"PT";"3m 0s";"-0.00"
"600";"USTEC_ICM_UTC2";"Buy";"21486.3";"21286.3";"2025.05.28 16:45:00";"2025.05.28 23:00:00";"30.0";"-6000.00";"21286.30078";"21526.30078";"104863.84";"0.00";"IST";"SL";"6h 15m";"-0.00"
"601";"USTEC_ICM_UTC2";"Buy";"21404.9";"21444.9";"2025.05.29 17:45:00";"2025.05.29 17:53:00";"30.0";"1200.00";"21204.90039";"21444.90039";"106063.84";"0.00";"IST";"PT";"8m 0s";"-0.00"
"602";"USTEC_ICM_UTC2";"Buy";"21335.3";"21135.3";"2025.05.30 16:30:00";"2025.05.30 19:28:00";"30.0";"-6000.00";"21135.30078";"21375.30078";"100063.84";"0.00";"IST";"SL";"2h 58m";"-0.00"
"603";"USTEC_ICM_UTC2";"Buy";"21380.2";"21420.2";"2025.06.02 16:45:00";"2025.06.02 20:01:00";"30.0";"1200.00";"21180.19922";"21420.19922";"101263.84";"0.00";"IST";"PT";"3h 16m";"-0.00"
"604";"USTEC_ICM_UTC2";"Buy";"21622.0";"21662.0";"2025.06.03 18:00:00";"2025.06.03 19:17:00";"30.0";"1200.00";"21422.00000";"21662.00000";"102463.84";"0.00";"IST";"PT";"1h 17m";"-0.00"
"605";"USTEC_ICM_UTC2";"Buy";"21687.9";"21727.9";"2025.06.04 17:45:00";"2025.06.04 18:00:00";"30.0";"1200.00";"21487.90039";"21727.90039";"103663.84";"0.00";"IST";"PT";"15m 0s";"-0.00"
"606";"USTEC_ICM_UTC2";"Buy";"21743.6";"21783.6";"2025.06.05 16:45:00";"2025.06.05 17:41:00";"30.0";"1200.00";"21543.59961";"21783.59961";"104863.84";"0.00";"IST";"PT";"56m 0s";"-0.00"
"607";"USTEC_ICM_UTC2";"Buy";"21766.2";"21806.2";"2025.06.06 16:30:00";"2025.06.06 16:41:00";"30.0";"1200.00";"21566.19922";"21806.19922";"106063.84";"0.00";"IST";"PT";"11m 0s";"-0.00"
"608";"USTEC_ICM_UTC2";"Buy";"21767.4";"21807.4";"2025.06.09 16:45:00";"2025.06.09 17:12:00";"30.0";"1200.00";"21567.40039";"21807.40039";"107263.84";"0.00";"IST";"PT";"27m 0s";"-0.00"
"609";"USTEC_ICM_UTC2";"Buy";"21828.7";"21868.7";"2025.06.10 16:45:00";"2025.06.10 19:01:00";"30.0";"1200.00";"21628.69922";"21868.69922";"108463.84";"0.00";"IST";"PT";"2h 16m";"-0.00"
"610";"USTEC_ICM_UTC2";"Buy";"21992.0";"22032.0";"2025.06.11 17:15:00";"2025.06.11 17:52:00";"30.0";"1200.00";"21792.00000";"22032.00000";"109663.84";"0.00";"IST";"PT";"37m 0s";"-0.00"
"611";"USTEC_ICM_UTC2";"Buy";"21858.5";"21898.5";"2025.06.12 16:45:00";"2025.06.12 17:15:00";"30.0";"1200.00";"21658.50000";"21898.50000";"110863.84";"0.00";"IST";"PT";"30m 0s";"-0.00"
"612";"USTEC_ICM_UTC2";"Buy";"21663.2";"21703.2";"2025.06.13 16:30:00";"2025.06.13 16:30:00";"30.0";"1200.00";"21463.19922";"21703.19922";"112063.84";"0.00";"IST";"PT";"0s";"-0.00"
"613";"USTEC_ICM_UTC2";"Buy";"21849.7";"21889.7";"2025.06.16 16:45:00";"2025.06.16 16:53:00";"30.0";"1200.00";"21649.69922";"21889.69922";"113263.84";"0.00";"IST";"PT";"8m 0s";"-0.00"
"614";"USTEC_ICM_UTC2";"Buy";"21826.9";"21866.9";"2025.06.17 16:30:00";"2025.06.17 16:30:00";"30.0";"1200.00";"21626.90039";"21866.90039";"114463.84";"0.00";"IST";"PT";"0s";"-0.00"
"615";"USTEC_ICM_UTC2";"Buy";"21775.3";"21815.3";"2025.06.18 17:00:00";"2025.06.18 17:13:00";"30.0";"1200.00";"21575.30078";"21815.30078";"115663.84";"0.00";"IST";"PT";"13m 0s";"-0.00"
"616";"USTEC_ICM_UTC2";"Buy";"21556.4";"21602.3";"2025.06.19 16:30:00";"2025.06.20 01:05:00";"30.0";"1192.83";"21356.40039";"21596.40039";"116856.67";"0.00";"IST";"PT";"8h 35m";"-183.12"
"617";"USTEC_ICM_UTC2";"Buy";"21639.6";"21679.6";"2025.06.20 18:30:00";"2025.06.20 18:36:00";"30.0";"1200.00";"21439.59961";"21679.59961";"118056.67";"0.00";"IST";"PT";"6m 0s";"-0.00"
"618";"USTEC_ICM_UTC2";"Buy";"21708.3";"21748.3";"2025.06.23 17:00:00";"2025.06.23 17:05:00";"30.0";"1200.00";"21508.30078";"21748.30078";"119256.67";"0.00";"IST";"PT";"5m 0s";"-0.00"
"619";"USTEC_ICM_UTC2";"Buy";"22069.3";"22109.3";"2025.06.24 16:30:00";"2025.06.24 16:46:00";"30.0";"1200.00";"21869.30078";"22109.30078";"120456.67";"0.00";"IST";"PT";"16m 0s";"-0.00"
"620";"USTEC_ICM_UTC2";"Buy";"22320.2";"22360.2";"2025.06.25 16:45:00";"2025.06.26 15:05:00";"30.0";"1016.88";"22120.19922";"22360.19922";"121473.55";"0.00";"IST";"PT";"22h 20m";"-183.12"
"621";"USTEC_ICM_UTC2";"Buy";"22331.9";"22371.9";"2025.06.26 16:30:00";"2025.06.26 17:31:00";"30.0";"1200.00";"22131.90039";"22371.90039";"122673.55";"0.00";"IST";"PT";"1h 1m";"-0.00"
"622";"USTEC_ICM_UTC2";"Buy";"22518.8";"22558.8";"2025.06.27 16:45:00";"2025.06.27 17:00:00";"30.0";"1200.00";"22318.80078";"22558.80078";"123873.55";"0.00";"IST";"PT";"15m 0s";"-0.00"
"623";"USTEC_ICM_UTC2";"Buy";"22626.8";"22666.8";"2025.06.30 17:15:00";"2025.06.30 22:26:00";"30.0";"1200.00";"22426.80078";"22666.80078";"125073.55";"0.00";"IST";"PT";"5h 11m";"-0.00"
"624";"USTEC_ICM_UTC2";"Buy";"22580.2";"22620.2";"2025.07.01 16:45:00";"2025.07.01 16:51:00";"30.0";"1200.00";"22380.19922";"22620.19922";"126273.55";"0.00";"IST";"PT";"6m 0s";"-0.00"
"625";"USTEC_ICM_UTC2";"Buy";"22483.0";"22523.0";"2025.07.02 16:45:00";"2025.07.02 17:03:00";"30.0";"1200.00";"22283.00000";"22523.00000";"127473.55";"0.00";"IST";"PT";"18m 0s";"-0.00"
"626";"USTEC_ICM_UTC2";"Buy";"22867.5";"22667.5";"2025.07.03 18:15:00";"2025.07.07 19:21:00";"30.0";"-6732.48";"22667.50000";"22907.50000";"120741.08";"0.00";"IST";"SL";"4d 1h 6m";"-732.48"
"627";"USTEC_ICM_UTC2";"Buy";"22697.9";"22737.9";"2025.07.07 20:15:00";"2025.07.08 05:37:00";"30.0";"1016.88";"22497.90039";"22737.90039";"121757.95";"0.00";"IST";"PT";"9h 22m";"-183.12"
"628";"USTEC_ICM_UTC2";"Buy";"22734.5";"22774.5";"2025.07.08 17:45:00";"2025.07.09 16:28:00";"30.0";"1016.88";"22534.50000";"22774.50000";"122774.84";"0.00";"IST";"PT";"22h 43m";"-183.12"
"629";"USTEC_ICM_UTC2";"Buy";"22789.6";"22829.6";"2025.07.09 18:30:00";"2025.07.09 21:11:00";"30.0";"1200.00";"22589.59961";"22829.59961";"123974.84";"0.00";"IST";"PT";"2h 41m";"-0.00"
"630";"USTEC_ICM_UTC2";"Buy";"22752.2";"22792.2";"2025.07.10 17:30:00";"2025.07.10 17:48:00";"30.0";"1200.00";"22552.19922";"22792.19922";"125174.84";"0.00";"IST";"PT";"18m 0s";"-0.00"
"631";"USTEC_ICM_UTC2";"Buy";"22819.2";"22790.5";"2025.07.11 18:45:00";"2025.07.11 22:55:00";"30.0";"-860.97";"22619.19922";"22859.19922";"124313.87";"0.00";"IST";"End Of Friday (Time)";"4h 10m";"-0.00"
"632";"USTEC_ICM_UTC2";"Buy";"22764.6";"22804.6";"2025.07.14 16:30:00";"2025.07.14 17:21:00";"30.0";"1200.00";"22564.59961";"22804.59961";"125513.87";"0.00";"IST";"PT";"51m 0s";"-0.00"
"633";"USTEC_ICM_UTC2";"Buy";"23023.3";"22823.3";"2025.07.15 16:30:00";"2025.07.16 01:32:00";"30.0";"-6183.12";"22823.30078";"23063.30078";"119330.74";"0.00";"IST";"SL";"9h 2m";"-183.12"
"634";"USTEC_ICM_UTC2";"Buy";"22899.9";"22699.9";"2025.07.16 16:30:00";"2025.07.16 18:36:00";"30.0";"-6000.00";"22699.90039";"22939.90039";"113330.74";"0.00";"IST";"SL";"2h 6m";"-0.00"
"635";"USTEC_ICM_UTC2";"Buy";"22982.9";"23022.9";"2025.07.17 17:00:00";"2025.07.17 17:49:00";"30.0";"1200.00";"22782.90039";"23022.90039";"114530.74";"0.00";"IST";"PT";"49m 0s";"-0.00"
"636";"USTEC_ICM_UTC2";"Buy";"23046.0";"23086.0";"2025.07.18 18:00:00";"2025.07.18 18:49:00";"30.0";"1200.00";"22846.00000";"23086.00000";"115730.74";"0.00";"IST";"PT";"49m 0s";"-0.00"
"637";"USTEC_ICM_UTC2";"Buy";"23098.1";"23138.1";"2025.07.21 16:30:00";"2025.07.21 16:32:00";"30.0";"1200.00";"22898.09961";"23138.09961";"116930.74";"0.00";"IST";"PT";"2m 0s";"-0.00"
"638";"USTEC_ICM_UTC2";"Buy";"23123.6";"23163.6";"2025.07.22 16:45:00";"2025.07.23 21:25:00";"30.0";"1016.88";"22923.59961";"23163.59961";"117947.63";"0.00";"IST";"PT";"1d 4h 40m";"-183.12"
"639";"USTEC_ICM_UTC2";"Buy";"23150.2";"23190.2";"2025.07.23 22:00:00";"2025.07.23 23:02:00";"30.0";"1200.00";"22950.19922";"23190.19922";"119147.63";"0.00";"IST";"PT";"1h 2m";"-0.00"
"640";"USTEC_ICM_UTC2";"Buy";"23223.4";"23263.4";"2025.07.24 16:30:00";"2025.07.24 20:15:00";"30.0";"1200.00";"23023.40039";"23263.40039";"120347.63";"0.00";"IST";"PT";"3h 45m";"-0.00"
"641";"USTEC_ICM_UTC2";"Buy";"23267.2";"23307.2";"2025.07.25 17:45:00";"2025.07.25 19:23:00";"30.0";"1200.00";"23067.19922";"23307.19922";"121547.63";"0.00";"IST";"PT";"1h 38m";"-0.00"
"642";"USTEC_ICM_UTC2";"Buy";"23354.6";"23394.6";"2025.07.28 16:45:00";"2025.07.29 03:32:00";"30.0";"1016.88";"23154.59961";"23394.59961";"122564.51";"0.00";"IST";"PT";"10h 47m";"-183.12"
"643";"USTEC_ICM_UTC2";"Buy";"23456.7";"23496.7";"2025.07.29 16:30:00";"2025.07.29 16:34:00";"30.0";"1200.00";"23256.69922";"23496.69922";"123764.51";"0.00";"IST";"PT";"4m 0s";"-0.00"
"644";"USTEC_ICM_UTC2";"Buy";"23369.9";"23409.9";"2025.07.30 16:45:00";"2025.07.30 20:40:00";"30.0";"1200.00";"23169.90039";"23409.90039";"124964.51";"0.00";"IST";"PT";"3h 55m";"-0.00"
"645";"USTEC_ICM_UTC2";"Buy";"23445.9";"23245.9";"2025.07.31 18:45:00";"2025.07.31 20:57:00";"30.0";"-6000.00";"23245.90039";"23485.90039";"118964.51";"0.00";"IST";"SL";"2h 12m";"-0.00"
"646";"USTEC_ICM_UTC2";"Buy";"22796.7";"22836.7";"2025.08.01 16:45:00";"2025.08.01 17:18:00";"30.0";"1200.00";"22596.69922";"22836.69922";"120164.51";"0.00";"IST";"PT";"33m 0s";"-0.00"
"647";"USTEC_ICM_UTC2";"Buy";"23130.2";"23170.2";"2025.08.04 17:30:00";"2025.08.04 22:16:00";"30.0";"1200.00";"22930.19922";"23170.19922";"121364.51";"0.00";"IST";"PT";"4h 46m";"-0.00"
"648";"USTEC_ICM_UTC2";"Buy";"23263.5";"23063.5";"2025.08.05 17:00:00";"2025.08.05 17:44:00";"30.0";"-6000.00";"23063.50000";"23303.50000";"115364.51";"0.00";"IST";"SL";"44m 0s";"-0.00"
"649";"USTEC_ICM_UTC2";"Buy";"23142.6";"23182.6";"2025.08.06 17:45:00";"2025.08.06 18:10:00";"30.0";"1200.00";"22942.59961";"23182.59961";"116564.51";"0.00";"IST";"PT";"25m 0s";"-0.00"
"650";"USTEC_ICM_UTC2";"Buy";"23495.5";"23535.5";"2025.08.07 16:45:00";"2025.08.07 16:56:00";"30.0";"1200.00";"23295.50000";"23535.50000";"117764.51";"0.00";"IST";"PT";"11m 0s";"-0.00"
"651";"USTEC_ICM_UTC2";"Buy";"23502.1";"23542.1";"2025.08.08 16:45:00";"2025.08.08 16:56:00";"30.0";"1200.00";"23302.09961";"23542.09961";"118964.51";"0.00";"IST";"PT";"11m 0s";"-0.00"
"652";"USTEC_ICM_UTC2";"Buy";"23611.4";"23651.4";"2025.08.11 16:30:00";"2025.08.11 17:11:00";"30.0";"1200.00";"23411.40039";"23651.40039";"120164.51";"0.00";"IST";"PT";"41m 0s";"-0.00"
"653";"USTEC_ICM_UTC2";"Buy";"23645.5";"23685.5";"2025.08.12 16:45:00";"2025.08.12 16:47:00";"30.0";"1200.00";"23445.50000";"23685.50000";"121364.51";"0.00";"IST";"PT";"2m 0s";"-0.00"
"654";"USTEC_ICM_UTC2";"Buy";"23943.7";"23743.7";"2025.08.13 16:30:00";"2025.08.14 15:33:00";"30.0";"-6183.12";"23743.69922";"23983.69922";"115181.38";"0.00";"IST";"SL";"23h 3m";"-183.12"
"655";"USTEC_ICM_UTC2";"Buy";"23762.4";"23802.4";"2025.08.14 16:30:00";"2025.08.14 16:34:00";"30.0";"1200.00";"23562.40039";"23802.40039";"116381.38";"0.00";"IST";"PT";"4m 0s";"-0.00"
"656";"USTEC_ICM_UTC2";"Buy";"23820.1";"23716.2";"2025.08.15 16:30:00";"2025.08.15 22:55:00";"30.0";"-3117.00";"23620.09961";"23860.09961";"113264.38";"0.00";"IST";"End Of Friday (Time)";"6h 25m";"-0.00"
"657";"USTEC_ICM_UTC2";"Buy";"23690.1";"23730.1";"2025.08.18 16:45:00";"2025.08.18 17:24:00";"30.0";"1200.00";"23490.09961";"23730.09961";"114464.38";"0.00";"IST";"PT";"39m 0s";"-0.00"
"658";"USTEC_ICM_UTC2";"Buy";"23677.8";"23477.8";"2025.08.19 16:30:00";"2025.08.19 17:48:00";"30.0";"-6000.00";"23477.80078";"23717.80078";"108464.38";"0.00";"IST";"SL";"1h 18m";"-0.00"
"659";"USTEC_ICM_UTC2";"Buy";"23345.4";"23145.4";"2025.08.20 16:30:00";"2025.08.20 16:51:00";"30.0";"-6000.00";"23145.40039";"23385.40039";"102464.38";"0.00";"IST";"SL";"21m 0s";"-0.00"
"660";"USTEC_ICM_UTC2";"Buy";"23212.2";"23252.2";"2025.08.21 17:15:00";"2025.08.21 17:28:00";"30.0";"1200.00";"23012.19922";"23252.19922";"103664.38";"0.00";"IST";"PT";"13m 0s";"-0.00"
"661";"USTEC_ICM_UTC2";"Buy";"23512.8";"23552.8";"2025.08.22 18:45:00";"2025.08.22 19:12:00";"30.0";"1200.00";"23312.80078";"23552.80078";"104864.38";"0.00";"IST";"PT";"27m 0s";"-0.00"
"662";"USTEC_ICM_UTC2";"Buy";"23528.4";"23328.4";"2025.08.25 20:00:00";"2025.08.26 03:42:00";"30.0";"-6183.12";"23328.40039";"23568.40039";"98681.27";"0.00";"IST";"SL";"7h 42m";"-183.12"
"663";"USTEC_ICM_UTC2";"Buy";"23433.2";"23473.2";"2025.08.26 16:45:00";"2025.08.26 17:22:00";"30.0";"1200.00";"23233.19922";"23473.19922";"99881.27";"0.00";"IST";"PT";"37m 0s";"-0.00"
"664";"USTEC_ICM_UTC2";"Buy";"23477.3";"23517.3";"2025.08.27 16:54:00";"2025.08.27 17:16:00";"30.0";"1200.00";"23277.30078";"23517.30078";"101081.27";"0.00";"IST";"PT";"22m 0s";"-0.00"
"665";"USTEC_ICM_UTC2";"Buy";"23579.3";"23619.3";"2025.08.28 16:30:00";"2025.08.28 16:30:00";"30.0";"1200.00";"23379.30078";"23619.30078";"102281.27";"0.00";"IST";"PT";"0s";"-0.00"
"666";"USTEC_ICM_UTC2";"Buy";"23600.0";"23400.0";"2025.08.29 16:30:00";"2025.08.29 17:06:00";"30.0";"-6000.00";"23400.00000";"23640.00000";"96281.27";"0.00";"IST";"SL";"36m 0s";"-0.00"
"667";"USTEC_ICM_UTC2";"Buy";"23441.6";"23241.6";"2025.09.01 17:00:00";"2025.09.02 10:51:00";"30.0";"-6183.12";"23241.59961";"23481.59961";"90098.15";"0.00";"IST";"SL";"17h 51m";"-183.12"
"668";"USTEC_ICM_UTC2";"Buy";"23056.3";"23096.3";"2025.09.02 16:30:00";"2025.09.02 16:36:00";"30.0";"1200.00";"22856.30078";"23096.30078";"91298.15";"0.00";"IST";"PT";"6m 0s";"-0.00"
"669";"USTEC_ICM_UTC2";"Buy";"23350.8";"23390.8";"2025.09.03 17:15:00";"2025.09.03 17:18:00";"30.0";"1200.00";"23150.80078";"23390.80078";"92498.15";"0.00";"IST";"PT";"3m 0s";"-0.00"
"670";"USTEC_ICM_UTC2";"Buy";"23445.5";"23485.5";"2025.09.04 16:45:00";"2025.09.04 17:38:00";"30.0";"1200.00";"23245.50000";"23485.50000";"93698.15";"0.00";"IST";"PT";"53m 0s";"-0.00"
"671";"USTEC_ICM_UTC2";"Buy";"23838.9";"23638.9";"2025.09.05 16:45:00";"2025.09.05 17:23:00";"30.0";"-6000.00";"23638.90039";"23878.90039";"87698.15";"0.00";"IST";"SL";"38m 0s";"-0.00"
"672";"USTEC_ICM_UTC2";"Buy";"23845.8";"23885.8";"2025.09.08 17:45:00";"2025.09.10 05:33:00";"30.0";"833.76";"23645.80078";"23885.80078";"88531.91";"0.00";"IST";"PT";"1d 11h 48m";"-366.24"
"673";"USTEC_ICM_UTC2";"Buy";"23970.1";"23770.1";"2025.09.10 16:30:00";"2025.09.10 22:21:00";"30.0";"-6000.00";"23770.09961";"24010.09961";"82531.91";"0.00";"IST";"SL";"5h 51m";"-0.00"
"674";"USTEC_ICM_UTC2";"Buy";"23935.2";"23975.2";"2025.09.11 17:15:00";"2025.09.11 17:35:00";"30.0";"1200.00";"23735.19922";"23975.19922";"83731.91";"0.00";"IST";"PT";"20m 0s";"-0.00"
"675";"USTEC_ICM_UTC2";"Buy";"24011.3";"24051.3";"2025.09.12 16:45:00";"2025.09.12 17:22:00";"30.0";"1200.00";"23811.30078";"24051.30078";"84931.91";"0.00";"IST";"PT";"37m 0s";"-0.00"
"676";"USTEC_ICM_UTC2";"Buy";"24243.5";"24283.5";"2025.09.15 18:00:00";"2025.09.15 22:57:00";"30.0";"1200.00";"24043.50000";"24283.50000";"86131.91";"0.00";"IST";"PT";"4h 57m";"-0.00"
"677";"USTEC_ICM_UTC2";"Buy";"24283.9";"24083.9";"2025.09.16 17:30:00";"2025.09.17 21:14:00";"30.0";"-6183.12";"24083.90039";"24323.90039";"79948.79";"0.00";"IST";"SL";"1d 3h 44m";"-183.12"
"678";"USTEC_ICM_UTC2";"Buy";"24068.0";"24108.0";"2025.09.17 21:45:00";"2025.09.17 21:48:00";"30.0";"1200.00";"23868.00000";"24108.00000";"81148.79";"0.00";"IST";"PT";"3m 0s";"-0.00"
"679";"USTEC_ICM_UTC2";"Buy";"24376.1";"24416.1";"2025.09.18 16:45:00";"2025.09.18 16:50:00";"30.0";"1200.00";"24176.09961";"24416.09961";"82348.79";"0.00";"IST";"PT";"5m 0s";"-0.00"
"680";"USTEC_ICM_UTC2";"Buy";"24545.9";"24585.9";"2025.09.19 17:00:00";"2025.09.19 19:48:00";"30.0";"1200.00";"24345.90039";"24585.90039";"83548.79";"0.00";"IST";"PT";"2h 48m";"-0.00"
"681";"USTEC_ICM_UTC2";"Buy";"24663.9";"24703.9";"2025.09.22 18:45:00";"2025.09.22 19:11:00";"30.0";"1200.00";"24463.90039";"24703.90039";"84748.79";"0.00";"IST";"PT";"26m 0s";"-0.00"
"682";"USTEC_ICM_UTC2";"Buy";"24714.8";"24514.8";"2025.09.23 16:45:00";"2025.09.24 18:46:00";"30.0";"-6183.12";"24514.80078";"24754.80078";"78565.66";"0.00";"IST";"SL";"1d 2h 1m";"-183.12"
"683";"USTEC_ICM_UTC2";"Buy";"24456.9";"24496.9";"2025.09.24 19:30:00";"2025.09.24 20:12:00";"30.0";"1200.00";"24256.90039";"24496.90039";"79765.66";"0.00";"IST";"PT";"42m 0s";"-0.00"
"684";"USTEC_ICM_UTC2";"Buy";"24341.3";"24381.3";"2025.09.25 16:30:00";"2025.09.25 17:21:00";"30.0";"1200.00";"24141.30078";"24381.30078";"80965.66";"0.00";"IST";"PT";"51m 0s";"-0.00"
"685";"USTEC_ICM_UTC2";"Buy";"24444.0";"24484.0";"2025.09.26 16:45:00";"2025.09.26 16:50:00";"30.0";"1200.00";"24244.00000";"24484.00000";"82165.66";"0.00";"IST";"PT";"5m 0s";"-0.00"
"686";"USTEC_ICM_UTC2";"Buy";"24690.6";"24730.6";"2025.09.29 16:45:00";"2025.09.29 17:00:00";"30.0";"1200.00";"24490.59961";"24730.59961";"83365.66";"0.00";"IST";"PT";"15m 0s";"-0.00"
"687";"USTEC_ICM_UTC2";"Buy";"24575.6";"24615.6";"2025.09.30 16:45:00";"2025.09.30 17:55:00";"30.0";"1200.00";"24375.59961";"24615.59961";"84565.66";"0.00";"IST";"PT";"1h 10m";"-0.00"
"688";"USTEC_ICM_UTC2";"Buy";"24607.5";"24647.5";"2025.10.01 16:45:00";"2025.10.01 17:21:00";"30.0";"1200.00";"24407.50000";"24647.50000";"85765.66";"0.00";"IST";"PT";"36m 0s";"-0.00"
"689";"USTEC_ICM_UTC2";"Buy";"24846.7";"24886.7";"2025.10.02 17:15:00";"2025.10.02 20:42:00";"30.0";"1200.00";"24646.69922";"24886.69922";"86965.66";"0.00";"IST";"PT";"3h 27m";"-0.00"
"690";"USTEC_ICM_UTC2";"Buy";"24881.6";"24921.6";"2025.10.03 17:30:00";"2025.10.03 18:17:00";"30.0";"1200.00";"24681.59961";"24921.59961";"88165.66";"0.00";"IST";"PT";"47m 0s";"-0.00"
"691";"USTEC_ICM_UTC2";"Buy";"25010.4";"25050.4";"2025.10.06 16:30:00";"2025.10.07 16:00:00";"30.0";"1016.88";"24810.40039";"25050.40039";"89182.55";"0.00";"IST";"PT";"23h 30m";"-183.12"
"692";"USTEC_ICM_UTC2";"Buy";"25038.8";"24838.8";"2025.10.07 16:45:00";"2025.10.07 18:32:00";"30.0";"-6000.00";"24838.80078";"25078.80078";"83182.55";"0.00";"IST";"SL";"1h 47m";"-0.00"
"693";"USTEC_ICM_UTC2";"Buy";"24993.1";"25033.1";"2025.10.08 17:45:00";"2025.10.08 18:25:00";"30.0";"1200.00";"24793.09961";"25033.09961";"84382.55";"0.00";"IST";"PT";"40m 0s";"-0.00"
"694";"USTEC_ICM_UTC2";"Buy";"25129.1";"25169.1";"2025.10.09 16:30:00";"2025.10.10 16:37:00";"30.0";"1016.88";"24929.09961";"25169.09961";"85399.42";"0.00";"IST";"PT";"1d 0h 7m";"-183.12"
"695";"USTEC_ICM_UTC2";"Buy";"25005.8";"24805.8";"2025.10.10 18:00:00";"2025.10.10 18:04:00";"30.0";"-6000.00";"24805.80078";"25045.80078";"79399.42";"0.00";"IST";"SL";"4m 0s";"-0.00"
"696";"USTEC_ICM_UTC2";"Buy";"24712.0";"24752.0";"2025.10.13 17:00:00";"2025.10.13 19:52:00";"30.0";"1200.00";"24512.00000";"24752.00000";"80599.42";"0.00";"IST";"PT";"2h 52m";"-0.00"
"697";"USTEC_ICM_UTC2";"Buy";"24451.7";"24491.7";"2025.10.14 17:15:00";"2025.10.14 17:21:00";"30.0";"1200.00";"24251.69922";"24491.69922";"81799.42";"0.00";"IST";"PT";"6m 0s";"-0.00"
"698";"USTEC_ICM_UTC2";"Buy";"24841.3";"24881.3";"2025.10.15 17:00:00";"2025.10.15 17:05:00";"30.0";"1200.00";"24641.30078";"24881.30078";"82999.42";"0.00";"IST";"PT";"5m 0s";"-0.00"
"699";"USTEC_ICM_UTC2";"Buy";"24917.2";"24957.2";"2025.10.16 16:45:00";"2025.10.16 17:36:00";"30.0";"1200.00";"24717.19922";"24957.19922";"84199.42";"0.00";"IST";"PT";"51m 0s";"-0.00"
"700";"USTEC_ICM_UTC2";"Buy";"24529.0";"24569.0";"2025.10.17 16:45:00";"2025.10.17 16:48:00";"30.0";"1200.00";"24329.00000";"24569.00000";"85399.42";"0.00";"IST";"PT";"3m 0s";"-0.00"
"701";"USTEC_ICM_UTC2";"Buy";"25154.8";"25194.8";"2025.10.20 18:30:00";"2025.10.21 05:21:00";"30.0";"1016.88";"24954.80078";"25194.80078";"86416.30";"0.00";"IST";"PT";"10h 51m";"-183.12"
"702";"USTEC_ICM_UTC2";"Buy";"25093.1";"25133.1";"2025.10.21 16:45:00";"2025.10.21 17:58:00";"30.0";"1200.00";"24893.09961";"25133.09961";"87616.30";"0.00";"IST";"PT";"1h 13m";"-0.00"
"703";"USTEC_ICM_UTC2";"Buy";"25098.4";"24898.4";"2025.10.22 17:00:00";"2025.10.22 17:46:00";"30.0";"-6000.00";"24898.40039";"25138.40039";"81616.30";"0.00";"IST";"SL";"46m 0s";"-0.00"
"704";"USTEC_ICM_UTC2";"Buy";"25012.1";"25052.1";"2025.10.23 17:45:00";"2025.10.23 18:56:00";"30.0";"1200.00";"24812.09961";"25052.09961";"82816.30";"0.00";"IST";"PT";"1h 11m";"-0.00"
"705";"USTEC_ICM_UTC2";"Buy";"25319.4";"25359.4";"2025.10.24 16:30:00";"2025.10.24 16:36:00";"30.0";"1200.00";"25119.40039";"25359.40039";"84016.30";"0.00";"IST";"PT";"6m 0s";"-0.00"
"706";"USTEC_ICM_UTC2";"Buy";"25744.3";"25784.3";"2025.10.27 16:45:00";"2025.10.27 20:04:00";"30.0";"1200.00";"25544.30078";"25784.30078";"85216.30";"0.00";"IST";"PT";"3h 19m";"-0.00"
"707";"USTEC_ICM_UTC2";"Buy";"25898.5";"25938.5";"2025.10.28 17:15:00";"2025.10.28 18:09:00";"30.0";"1200.00";"25698.50000";"25938.50000";"86416.30";"0.00";"IST";"PT";"54m 0s";"-0.00"
"708";"USTEC_ICM_UTC2";"Buy";"26136.2";"25936.2";"2025.10.29 16:45:00";"2025.10.29 20:39:00";"30.0";"-6000.00";"25936.19922";"26176.19922";"80416.30";"0.00";"IST";"SL";"3h 54m";"-0.00"
"709";"USTEC_ICM_UTC2";"Buy";"25916.1";"25716.1";"2025.10.30 17:30:00";"2025.10.30 22:00:00";"30.0";"-6000.00";"25716.09961";"25956.09961";"74416.30";"0.00";"IST";"SL";"4h 30m";"-0.00"
"710";"USTEC_ICM_UTC2";"Buy";"25971.6";"26011.6";"2025.10.31 16:30:00";"2025.10.31 16:37:00";"30.0";"1200.00";"25771.59961";"26011.59961";"75616.30";"0.00";"IST";"PT";"7m 0s";"-0.00"
"711";"USTEC_ICM_UTC2";"Buy";"26033.7";"25833.7";"2025.11.03 16:45:00";"2025.11.04 04:42:00";"30.0";"-6183.12";"25833.69922";"26073.69922";"69433.19";"0.00";"IST";"SL";"11h 57m";"-183.12"
"712";"USTEC_ICM_UTC2";"Buy";"25613.2";"25653.2";"2025.11.04 16:30:00";"2025.11.04 16:49:00";"30.0";"1200.00";"25413.19922";"25653.19922";"70633.19";"0.00";"IST";"PT";"19m 0s";"-0.00"
"713";"USTEC_ICM_UTC2";"Buy";"25403.6";"25443.6";"2025.11.05 16:45:00";"2025.11.05 16:46:00";"30.0";"1200.00";"25203.59961";"25443.59961";"71833.19";"0.00";"IST";"PT";"1m 0s";"-0.00"
"714";"USTEC_ICM_UTC2";"Buy";"25387.5";"25187.5";"2025.11.06 17:30:00";"2025.11.06 17:53:00";"30.0";"-6000.00";"25187.50000";"25427.50000";"65833.19";"0.00";"IST";"SL";"23m 0s";"-0.00"
"715";"USTEC_ICM_UTC2";"Buy";"24858.4";"24658.4";"2025.11.07 17:30:00";"2025.11.07 18:38:00";"30.0";"-6000.00";"24658.40039";"24898.40039";"59833.18";"0.00";"IST";"SL";"1h 8m";"-0.00"
"716";"USTEC_ICM_UTC2";"Buy";"25524.7";"25564.7";"2025.11.10 16:45:00";"2025.11.10 20:36:00";"30.0";"1200.00";"25324.69922";"25564.69922";"61033.18";"0.00";"IST";"PT";"3h 51m";"-0.00"
"717";"USTEC_ICM_UTC2";"Buy";"25409.2";"25449.2";"2025.11.11 18:30:00";"2025.11.11 19:05:00";"30.0";"1200.00";"25209.19922";"25449.19922";"62233.18";"0.00";"IST";"PT";"35m 0s";"-0.00"
"718";"USTEC_ICM_UTC2";"Buy";"25495.2";"25535.2";"2025.11.12 17:15:00";"2025.11.12 20:40:00";"30.0";"1200.00";"25295.19922";"25535.19922";"63433.18";"0.00";"IST";"PT";"3h 25m";"-0.00"
"719";"USTEC_ICM_UTC2";"Buy";"25193.6";"25233.6";"2025.11.13 16:45:00";"2025.11.13 16:49:00";"30.0";"1200.00";"24993.59961";"25233.59961";"64633.18";"0.00";"IST";"PT";"4m 0s";"-0.00"
"720";"USTEC_ICM_UTC2";"Buy";"25150.5";"25190.5";"2025.11.14 18:30:00";"2025.11.14 19:10:00";"30.0";"1200.00";"24950.50000";"25190.50000";"65833.19";"0.00";"IST";"PT";"40m 0s";"-0.00"
"721";"USTEC_ICM_UTC2";"Buy";"25072.4";"25112.4";"2025.11.17 16:45:00";"2025.11.17 16:46:00";"30.0";"1200.00";"24872.40039";"25112.40039";"67033.19";"0.00";"IST";"PT";"1m 0s";"-0.00"
"722";"USTEC_ICM_UTC2";"Buy";"24571.2";"24611.2";"2025.11.18 16:45:00";"2025.11.18 16:45:00";"30.0";"1200.00";"24371.19922";"24611.19922";"68233.19";"0.00";"IST";"PT";"0s";"-0.00"
"723";"USTEC_ICM_UTC2";"Buy";"24663.3";"24703.3";"2025.11.19 16:45:00";"2025.11.19 16:51:00";"30.0";"1200.00";"24463.30078";"24703.30078";"69433.19";"0.00";"IST";"PT";"6m 0s";"-0.00"
"724";"USTEC_ICM_UTC2";"Buy";"25190.9";"24990.9";"2025.11.20 17:00:00";"2025.11.20 18:05:00";"30.0";"-6000.00";"24990.90039";"25230.90039";"63433.18";"0.00";"IST";"SL";"1h 5m";"-0.00"
"725";"USTEC_ICM_UTC2";"Buy";"24109.0";"24149.0";"2025.11.21 16:45:00";"2025.11.21 16:48:00";"30.0";"1200.00";"23909.00000";"24149.00000";"64633.18";"0.00";"IST";"PT";"3m 0s";"-0.00"
"726";"USTEC_ICM_UTC2";"Buy";"24555.9";"24595.9";"2025.11.24 16:45:00";"2025.11.24 16:47:00";"30.0";"1200.00";"24355.90039";"24595.90039";"65833.19";"0.00";"IST";"PT";"2m 0s";"-0.00"
"727";"USTEC_ICM_UTC2";"Buy";"24661.4";"24701.4";"2025.11.25 16:45:00";"2025.11.25 16:55:00";"30.0";"1200.00";"24461.40039";"24701.40039";"67033.19";"0.00";"IST";"PT";"10m 0s";"-0.00"
"728";"USTEC_ICM_UTC2";"Buy";"25161.3";"25201.3";"2025.11.26 16:30:00";"2025.11.26 16:32:00";"30.0";"1200.00";"24961.30078";"25201.30078";"68233.19";"0.00";"IST";"PT";"2m 0s";"-0.00"
"729";"USTEC_ICM_UTC2";"Buy";"25239.3";"25279.3";"2025.11.27 16:30:00";"2025.11.28 02:04:00";"30.0";"1016.88";"25039.30078";"25279.30078";"69250.06";"0.00";"IST";"PT";"9h 34m";"-183.12"
"730";"USTEC_ICM_UTC2";"Buy";"25299.7";"25339.7";"2025.11.28 16:45:00";"2025.11.28 16:50:00";"30.0";"1200.00";"25099.69922";"25339.69922";"70450.06";"0.00";"IST";"PT";"5m 0s";"-0.00"
"731";"USTEC_ICM_UTC2";"Buy";"25362.9";"25402.9";"2025.12.01 18:00:00";"2025.12.01 19:01:00";"30.0";"1200.00";"25162.90039";"25402.90039";"71650.06";"0.00";"IST";"PT";"1h 1m";"-0.00"
"732";"USTEC_ICM_UTC2";"Buy";"25548.5";"25588.5";"2025.12.02 16:45:00";"2025.12.02 17:01:00";"30.0";"1200.00";"25348.50000";"25588.50000";"72850.06";"0.00";"IST";"PT";"16m 0s";"-0.00"
"733";"USTEC_ICM_UTC2";"Buy";"25429.4";"25469.4";"2025.12.03 16:45:00";"2025.12.03 17:00:00";"30.0";"1200.00";"25229.40039";"25469.40039";"74050.06";"0.00";"IST";"PT";"15m 0s";"-0.00"
"734";"USTEC_ICM_UTC2";"Buy";"25547.3";"25587.3";"2025.12.04 17:30:00";"2025.12.04 17:39:00";"30.0";"1200.00";"25347.30078";"25587.30078";"75250.06";"0.00";"IST";"PT";"9m 0s";"-0.00"
"735";"USTEC_ICM_UTC2";"Buy";"25690.4";"25667.9";"2025.12.05 19:00:00";"2025.12.05 22:55:00";"30.0";"-675.00";"25490.40039";"25730.40039";"74575.06";"0.00";"IST";"End Of Friday (Time)";"3h 55m";"-0.00"
"736";"USTEC_ICM_UTC2";"Buy";"25769.2";"25569.2";"2025.12.08 16:45:00";"2025.12.08 19:03:00";"30.0";"-6000.00";"25569.19922";"25809.19922";"68575.06";"0.00";"IST";"SL";"2h 18m";"-0.00"
"737";"USTEC_ICM_UTC2";"Buy";"25580.1";"25620.1";"2025.12.09 16:45:00";"2025.12.09 17:02:00";"30.0";"1200.00";"25380.09961";"25620.09961";"69775.06";"0.00";"IST";"PT";"17m 0s";"-0.00"
"738";"USTEC_ICM_UTC2";"Buy";"25600.4";"25640.4";"2025.12.10 17:00:00";"2025.12.10 19:55:00";"30.0";"1200.00";"25400.40039";"25640.40039";"70975.06";"0.00";"IST";"PT";"2h 55m";"-0.00"
"739";"USTEC_ICM_UTC2";"Buy";"25575.6";"25615.6";"2025.12.11 17:30:00";"2025.12.11 19:37:00";"30.0";"1200.00";"25375.59961";"25615.59961";"72175.06";"0.00";"IST";"PT";"2h 7m";"-0.00"
"740";"USTEC_ICM_UTC2";"Buy";"25535.9";"25335.9";"2025.12.12 16:45:00";"2025.12.12 17:28:00";"30.0";"-6000.00";"25335.90039";"25575.90039";"66175.06";"0.00";"IST";"SL";"43m 0s";"-0.00"
"741";"USTEC_ICM_UTC2";"Buy";"25157.7";"25197.7";"2025.12.15 17:45:00";"2025.12.15 18:17:00";"30.0";"1200.00";"24957.69922";"25197.69922";"67375.06";"0.00";"IST";"PT";"32m 0s";"-0.00"
"742";"USTEC_ICM_UTC2";"Buy";"24966.3";"25006.3";"2025.12.16 16:30:00";"2025.12.16 16:30:00";"30.0";"1200.00";"24766.30078";"25006.30078";"68575.06";"0.00";"IST";"PT";"0s";"-0.00"
"743";"USTEC_ICM_UTC2";"Buy";"25071.9";"24871.9";"2025.12.17 17:30:00";"2025.12.17 17:45:00";"30.0";"-6000.00";"24871.90039";"25111.90039";"62575.07";"0.00";"IST";"SL";"15m 0s";"-0.00"
"744";"USTEC_ICM_UTC2";"Buy";"24955.0";"24995.0";"2025.12.18 17:15:00";"2025.12.18 17:22:00";"30.0";"1200.00";"24755.00000";"24995.00000";"63775.07";"0.00";"IST";"PT";"7m 0s";"-0.00"
"745";"USTEC_ICM_UTC2";"Buy";"25289.3";"25329.3";"2025.12.19 18:15:00";"2025.12.19 19:17:00";"30.0";"1200.00";"25089.30078";"25329.30078";"64975.07";"0.00";"IST";"PT";"1h 2m";"-0.00"
"746";"USTEC_ICM_UTC2";"Buy";"25472.6";"25512.6";"2025.12.22 18:15:00";"2025.12.23 16:48:00";"30.0";"1016.88";"25272.59961";"25512.59961";"65991.95";"0.00";"IST";"PT";"22h 33m";"-183.12"
"747";"USTEC_ICM_UTC2";"Buy";"25483.7";"25523.7";"2025.12.23 17:45:00";"2025.12.23 18:45:00";"30.0";"1200.00";"25283.69922";"25523.69922";"67191.95";"0.00";"IST";"PT";"1h 0m";"-0.00"
"748";"USTEC_ICM_UTC2";"Buy";"25570.2";"25610.2";"2025.12.24 16:45:00";"2025.12.24 17:16:00";"30.0";"1200.00";"25370.19922";"25610.19922";"68391.95";"0.00";"IST";"PT";"31m 0s";"-0.00"
"749";"USTEC_ICM_UTC2";"Buy";"25680.7";"25641.9";"2025.12.26 16:30:00";"2025.12.26 22:55:00";"30.0";"-1163.97";"25480.69922";"25720.69922";"67227.98";"0.00";"IST";"End Of Friday (Time)";"6h 25m";"-0.00"
"750";"USTEC_ICM_UTC2";"Buy";"25492.6";"25532.6";"2025.12.29 16:30:00";"2025.12.29 16:36:00";"30.0";"1200.00";"25292.59961";"25532.59961";"68427.98";"0.00";"IST";"PT";"6m 0s";"-0.00"
"751";"USTEC_ICM_UTC2";"Buy";"25533.4";"25573.4";"2025.12.30 18:00:00";"2025.12.30 18:21:00";"30.0";"1200.00";"25333.40039";"25573.40039";"69627.98";"0.00";"IST";"PT";"21m 0s";"-0.00"
"752";"USTEC_ICM_UTC2";"Buy";"25393.4";"25249.5";"2025.12.31 18:30:00";"2025.12.31 23:13:00";"30.0";"-4316.07";"25193.40039";"25433.40039";"65311.91";"0.00";"IST";"EndTest";"4h 43m";"-0.00"
