"Ticket";"Symbol";"Type";"Open price";"Close price";"Open time";"Close time";"Size";"Profit/Loss";"Stop Loss price level";"Profit Target price level";"Balance";"Slippage ($)";"Sample type";"Close type";"Time in trade";"Comm/Swap"
"1";"USTEC_ICM_UTC2";"Buy";"10894.4";"10934.4";"2023.01.03 18:00:00";"2023.01.04 10:14:00";"30.0";"1016.88";"10694.40039";"10934.40039";"51016.88";"0.00";"IST";"PT";"16h 14m";"-183.12"
"2";"USTEC_ICM_UTC2";"Buy";"10857.0";"10897.0";"2023.01.04 17:45:00";"2023.01.04 18:15:00";"30.0";"1200.00";"10657.00000";"10897.00000";"52216.88";"0.00";"IST";"PT";"30m 0s";"-0.00"
"3";"USTEC_ICM_UTC2";"Buy";"10811.1";"10851.1";"2023.01.05 20:45:00";"2023.01.06 15:30:00";"30.0";"1016.88";"10611.09961";"10851.09961";"53233.76";"0.00";"IST";"PT";"18h 45m";"-183.12"
"4";"USTEC_ICM_UTC2";"Buy";"10818.7";"10858.7";"2023.01.06 17:15:00";"2023.01.06 17:17:00";"30.0";"1200.00";"10618.70020";"10858.70020";"54433.76";"0.00";"IST";"PT";"2m 0s";"-0.00"
"5";"USTEC_ICM_UTC2";"Buy";"11165.2";"11205.2";"2023.01.09 16:45:00";"2023.01.09 16:51:00";"30.0";"1200.00";"10965.20020";"11205.20020";"55633.76";"0.00";"IST";"PT";"6m 0s";"-0.00"
"6";"USTEC_ICM_UTC2";"Buy";"11132.3";"11172.3";"2023.01.10 17:30:00";"2023.01.10 20:59:00";"30.0";"1200.00";"10932.29980";"11172.29980";"56833.76";"0.00";"IST";"PT";"3h 29m";"-0.00"
"7";"USTEC_ICM_UTC2";"Buy";"11278.5";"11318.5";"2023.01.11 17:15:00";"2023.01.11 19:10:00";"30.0";"1200.00";"11078.50000";"11318.50000";"58033.76";"0.00";"IST";"PT";"1h 55m";"-0.00"
"8";"USTEC_ICM_UTC2";"Buy";"11410.7";"11450.7";"2023.01.12 16:30:00";"2023.01.12 19:17:00";"30.0";"1200.00";"11210.70020";"11450.70020";"59233.76";"0.00";"IST";"PT";"2h 47m";"-0.00"
"9";"USTEC_ICM_UTC2";"Buy";"11443.3";"11483.3";"2023.01.13 17:45:00";"2023.01.13 20:39:00";"30.0";"1200.00";"11243.29980";"11483.29980";"60433.76";"0.00";"IST";"PT";"2h 54m";"-0.00"
"10";"USTEC_ICM_UTC2";"Buy";"11533.3";"11573.3";"2023.01.16 16:45:00";"2023.01.17 17:00:00";"30.0";"1016.88";"11333.29980";"11573.29980";"61450.64";"0.00";"IST";"PT";"1d 0h 15m";"-183.12"
"11";"USTEC_ICM_UTC2";"Buy";"11591.6";"11631.6";"2023.01.17 17:30:00";"2023.01.18 15:30:00";"30.0";"1016.88";"11391.59961";"11631.59961";"62467.52";"0.00";"IST";"PT";"22h 0m";"-183.12"
"12";"USTEC_ICM_UTC2";"Buy";"11627.3";"11667.3";"2023.01.18 16:30:00";"2023.01.18 17:00:00";"30.0";"1200.00";"11427.29980";"11667.29980";"63667.52";"0.00";"IST";"PT";"30m 0s";"-0.00"
"13";"USTEC_ICM_UTC2";"Buy";"11340.7";"11380.7";"2023.01.19 16:30:00";"2023.01.19 21:36:00";"30.0";"1200.00";"11140.70020";"11380.70020";"64867.52";"0.00";"IST";"PT";"5h 6m";"-0.00"
"14";"USTEC_ICM_UTC2";"Buy";"11367.7";"11407.7";"2023.01.20 16:30:00";"2023.01.20 16:52:00";"30.0";"1200.00";"11167.70020";"11407.70020";"66067.52";"0.00";"IST";"PT";"22m 0s";"-0.00"
"15";"USTEC_ICM_UTC2";"Buy";"11741.3";"11781.3";"2023.01.23 17:00:00";"2023.01.23 17:22:00";"30.0";"1200.00";"11541.29980";"11781.29980";"67267.52";"0.00";"IST";"PT";"22m 0s";"-0.00"
"16";"USTEC_ICM_UTC2";"Buy";"11796.5";"11836.5";"2023.01.24 16:30:00";"2023.01.24 16:42:00";"30.0";"1200.00";"11596.50000";"11836.50000";"68467.52";"0.00";"IST";"PT";"12m 0s";"-0.00"
"17";"USTEC_ICM_UTC2";"Buy";"11651.9";"11691.9";"2023.01.25 16:30:00";"2023.01.25 18:39:00";"30.0";"1200.00";"11451.90039";"11691.90039";"69667.52";"0.00";"IST";"PT";"2h 9m";"-0.00"
"18";"USTEC_ICM_UTC2";"Buy";"11958.8";"11998.8";"2023.01.26 16:30:00";"2023.01.26 16:31:00";"30.0";"1200.00";"11758.79980";"11998.79980";"70867.52";"0.00";"IST";"PT";"1m 0s";"-0.00"
"19";"USTEC_ICM_UTC2";"Buy";"12039.1";"12079.1";"2023.01.27 16:45:00";"2023.01.27 16:48:00";"30.0";"1200.00";"11839.09961";"12079.09961";"72067.52";"0.00";"IST";"PT";"3m 0s";"-0.00"
"20";"USTEC_ICM_UTC2";"Buy";"12026.6";"12066.6";"2023.01.30 16:30:00";"2023.01.30 16:47:00";"30.0";"1200.00";"11826.59961";"12066.59961";"73267.52";"0.00";"IST";"PT";"17m 0s";"-0.00"
"21";"USTEC_ICM_UTC2";"Buy";"11943.8";"11983.8";"2023.01.31 17:00:00";"2023.01.31 17:15:00";"30.0";"1200.00";"11743.79980";"11983.79980";"74467.52";"0.00";"IST";"PT";"15m 0s";"-0.00"
"22";"USTEC_ICM_UTC2";"Buy";"12090.4";"12130.4";"2023.02.01 16:30:00";"2023.02.01 21:07:00";"30.0";"1200.00";"11890.40039";"12130.40039";"75667.52";"0.00";"IST";"PT";"4h 37m";"-0.00"
"23";"USTEC_ICM_UTC2";"Buy";"12626.9";"12666.9";"2023.02.02 16:30:00";"2023.02.02 16:30:00";"30.0";"1200.00";"12426.90039";"12666.90039";"76867.52";"0.00";"IST";"PT";"0s";"-0.00"
"24";"USTEC_ICM_UTC2";"Buy";"12627.8";"12667.8";"2023.02.03 16:45:00";"2023.02.03 16:47:00";"30.0";"1200.00";"12427.79980";"12667.79980";"78067.52";"0.00";"IST";"PT";"2m 0s";"-0.00"
"25";"USTEC_ICM_UTC2";"Buy";"12458.7";"12498.7";"2023.02.06 16:30:00";"2023.02.06 16:32:00";"30.0";"1200.00";"12258.70020";"12498.70020";"79267.52";"0.00";"IST";"PT";"2m 0s";"-0.00"
"26";"USTEC_ICM_UTC2";"Buy";"12472.3";"12512.3";"2023.02.07 18:00:00";"2023.02.07 18:08:00";"30.0";"1200.00";"12272.29980";"12512.29980";"80467.52";"0.00";"IST";"PT";"8m 0s";"-0.00"
"27";"USTEC_ICM_UTC2";"Buy";"12538.9";"12578.9";"2023.02.08 21:15:00";"2023.02.09 10:01:00";"30.0";"1016.88";"12338.90039";"12578.90039";"81484.40";"0.00";"IST";"PT";"12h 46m";"-183.12"
"28";"USTEC_ICM_UTC2";"Buy";"12641.1";"12441.1";"2023.02.09 17:15:00";"2023.02.09 21:16:00";"30.0";"-6000.00";"12441.09961";"12681.09961";"75484.40";"0.00";"IST";"SL";"4h 1m";"-0.00"
"29";"USTEC_ICM_UTC2";"Buy";"12343.7";"12310.2";"2023.02.10 17:30:00";"2023.02.10 22:55:00";"30.0";"-1005.00";"12143.70020";"12383.70020";"74479.40";"0.00";"IST";"End Of Friday (Time)";"5h 25m";"-0.00"
"30";"USTEC_ICM_UTC2";"Buy";"12484.7";"12524.7";"2023.02.13 18:15:00";"2023.02.13 20:33:00";"30.0";"1200.00";"12284.70020";"12524.70020";"75679.40";"0.00";"IST";"PT";"2h 18m";"-0.00"
"31";"USTEC_ICM_UTC2";"Buy";"12471.6";"12511.6";"2023.02.14 18:15:00";"2023.02.14 20:01:00";"30.0";"1200.00";"12271.59961";"12511.59961";"76879.40";"0.00";"IST";"PT";"1h 46m";"-0.00"
"32";"USTEC_ICM_UTC2";"Buy";"12613.8";"12653.8";"2023.02.15 18:45:00";"2023.02.15 21:08:00";"30.0";"1200.00";"12413.79980";"12653.79980";"78079.40";"0.00";"IST";"PT";"2h 23m";"-0.00"
"33";"USTEC_ICM_UTC2";"Buy";"12611.6";"12651.6";"2023.02.16 18:45:00";"2023.02.16 19:35:00";"30.0";"1200.00";"12411.59961";"12651.59961";"79279.40";"0.00";"IST";"PT";"50m 0s";"-0.00"
"34";"USTEC_ICM_UTC2";"Buy";"12319.1";"12359.1";"2023.02.17 17:30:00";"2023.02.17 17:36:00";"30.0";"1200.00";"12119.09961";"12359.09961";"80479.40";"0.00";"IST";"PT";"6m 0s";"-0.00"
"35";"USTEC_ICM_UTC2";"Buy";"12092.7";"12132.7";"2023.02.21 22:00:00";"2023.02.22 16:45:00";"30.0";"1016.88";"11892.70020";"12132.70020";"81496.28";"0.00";"IST";"PT";"18h 45m";"-183.12"
"36";"USTEC_ICM_UTC2";"Buy";"12091.5";"12131.5";"2023.02.22 17:00:00";"2023.02.22 20:26:00";"30.0";"1200.00";"11891.50000";"12131.50000";"82696.28";"0.00";"IST";"PT";"3h 26m";"-0.00"
"37";"USTEC_ICM_UTC2";"Buy";"12218.6";"12018.6";"2023.02.23 16:30:00";"2023.02.23 18:43:00";"30.0";"-6000.00";"12018.59961";"12258.59961";"76696.28";"0.00";"IST";"SL";"2h 13m";"-0.00"
"38";"USTEC_ICM_UTC2";"Buy";"11965.8";"12005.8";"2023.02.24 16:30:00";"2023.02.24 16:39:00";"30.0";"1200.00";"11765.79980";"12005.79980";"77896.28";"0.00";"IST";"PT";"9m 0s";"-0.00"
"39";"USTEC_ICM_UTC2";"Buy";"12144.0";"11944.0";"2023.02.27 17:15:00";"2023.03.01 17:11:00";"30.0";"-6366.24";"11944.00000";"12184.00000";"71530.04";"0.00";"IST";"SL";"1d 23h 56m";"-366.24"
"40";"USTEC_ICM_UTC2";"Buy";"11988.7";"12028.7";"2023.03.01 19:00:00";"2023.03.02 21:30:00";"30.0";"1016.88";"11788.70020";"12028.70020";"72546.92";"0.00";"IST";"PT";"1d 2h 30m";"-183.12"
"41";"USTEC_ICM_UTC2";"Buy";"12031.1";"12071.1";"2023.03.02 22:30:00";"2023.03.02 22:38:00";"30.0";"1200.00";"11831.09961";"12071.09961";"73746.92";"0.00";"IST";"PT";"8m 0s";"-0.00"
"42";"USTEC_ICM_UTC2";"Buy";"12171.2";"12211.2";"2023.03.03 17:00:00";"2023.03.03 17:33:00";"30.0";"1200.00";"11971.20020";"12211.20020";"74946.92";"0.00";"IST";"PT";"33m 0s";"-0.00"
"43";"USTEC_ICM_UTC2";"Buy";"12366.2";"12406.2";"2023.03.06 16:45:00";"2023.03.06 17:18:00";"30.0";"1200.00";"12166.20020";"12406.20020";"76146.92";"0.00";"IST";"PT";"33m 0s";"-0.00"
"44";"USTEC_ICM_UTC2";"Buy";"12316.1";"12116.1";"2023.03.07 17:00:00";"2023.03.08 17:00:00";"30.0";"-6183.12";"12116.09961";"12356.09961";"69963.80";"0.00";"IST";"SL";"1d 0h 0m";"-183.12"
"45";"USTEC_ICM_UTC2";"Buy";"12231.8";"12271.8";"2023.03.08 19:00:00";"2023.03.09 16:40:00";"30.0";"1016.88";"12031.79980";"12271.79980";"70980.68";"0.00";"IST";"PT";"21h 40m";"-183.12"
"46";"USTEC_ICM_UTC2";"Buy";"12313.3";"12113.3";"2023.03.09 17:00:00";"2023.03.09 20:48:00";"30.0";"-6000.00";"12113.29980";"12353.29980";"64980.68";"0.00";"IST";"SL";"3h 48m";"-0.00"
"47";"USTEC_ICM_UTC2";"Buy";"11950.8";"11990.8";"2023.03.10 17:15:00";"2023.03.10 17:57:00";"30.0";"1200.00";"11750.79980";"11990.79980";"66180.68";"0.00";"IST";"PT";"42m 0s";"-0.00"
"48";"USTEC_ICM_UTC2";"Buy";"11980.1";"12020.1";"2023.03.13 17:15:00";"2023.03.13 17:18:00";"30.0";"1200.00";"11780.09961";"12020.09961";"67380.68";"0.00";"IST";"PT";"3m 0s";"-0.00"
"49";"USTEC_ICM_UTC2";"Buy";"12170.0";"12210.0";"2023.03.14 16:30:00";"2023.03.14 17:26:00";"30.0";"1200.00";"11970.00000";"12210.00000";"68580.68";"0.00";"IST";"PT";"56m 0s";"-0.00"
"50";"USTEC_ICM_UTC2";"Buy";"12121.9";"12161.9";"2023.03.15 17:15:00";"2023.03.15 17:46:00";"30.0";"1200.00";"11921.90039";"12161.90039";"69780.68";"0.00";"IST";"PT";"31m 0s";"-0.00"
"51";"USTEC_ICM_UTC2";"Buy";"12276.4";"12316.4";"2023.03.16 16:30:00";"2023.03.16 16:41:00";"30.0";"1200.00";"12076.40039";"12316.40039";"70980.68";"0.00";"IST";"PT";"11m 0s";"-0.00"
"52";"USTEC_ICM_UTC2";"Buy";"12537.9";"12594.8";"2023.03.17 19:30:00";"2023.03.20 00:00:00";"30.0";"1158.21";"12337.90039";"12577.90039";"72138.89";"0.00";"IST";"PT";"2d 4h 30m";"-549.36"
"53";"USTEC_ICM_UTC2";"Buy";"12478.2";"12518.2";"2023.03.20 18:45:00";"2023.03.20 18:56:00";"30.0";"1200.00";"12278.20020";"12518.20020";"73338.89";"0.00";"IST";"PT";"11m 0s";"-0.00"
"54";"USTEC_ICM_UTC2";"Buy";"12674.3";"12714.3";"2023.03.21 19:30:00";"2023.03.21 20:58:00";"30.0";"1200.00";"12474.29980";"12714.29980";"74538.89";"0.00";"IST";"PT";"1h 28m";"-0.00"
"55";"USTEC_ICM_UTC2";"Buy";"12789.8";"12829.8";"2023.03.22 16:45:00";"2023.03.22 20:00:00";"30.0";"1200.00";"12589.79980";"12829.79980";"75738.89";"0.00";"IST";"PT";"3h 15m";"-0.00"
"56";"USTEC_ICM_UTC2";"Buy";"12805.7";"12845.7";"2023.03.23 16:30:00";"2023.03.23 16:46:00";"30.0";"1200.00";"12605.70020";"12845.70020";"76938.89";"0.00";"IST";"PT";"16m 0s";"-0.00"
"57";"USTEC_ICM_UTC2";"Buy";"12696.6";"12736.6";"2023.03.24 16:30:00";"2023.03.24 20:34:00";"30.0";"1200.00";"12496.59961";"12736.59961";"78138.89";"0.00";"IST";"PT";"4h 4m";"-0.00"
"58";"USTEC_ICM_UTC2";"Buy";"12703.7";"12743.7";"2023.03.27 20:45:00";"2023.03.27 22:01:00";"30.0";"1200.00";"12503.70020";"12743.70020";"79338.89";"0.00";"IST";"PT";"1h 16m";"-0.00"
"59";"USTEC_ICM_UTC2";"Buy";"12655.5";"12695.5";"2023.03.28 16:30:00";"2023.03.29 09:00:00";"30.0";"1016.88";"12455.50000";"12695.50000";"80355.77";"0.00";"IST";"PT";"16h 30m";"-183.12"
"60";"USTEC_ICM_UTC2";"Buy";"12767.8";"12807.8";"2023.03.29 16:30:00";"2023.03.29 17:04:00";"30.0";"1200.00";"12567.79980";"12807.79980";"81555.77";"0.00";"IST";"PT";"34m 0s";"-0.00"
"61";"USTEC_ICM_UTC2";"Buy";"12942.6";"12982.6";"2023.03.30 16:30:00";"2023.03.30 17:32:00";"30.0";"1200.00";"12742.59961";"12982.59961";"82755.77";"0.00";"IST";"PT";"1h 2m";"-0.00"
"62";"USTEC_ICM_UTC2";"Buy";"12970.7";"13010.7";"2023.03.31 16:30:00";"2023.03.31 16:38:00";"30.0";"1200.00";"12770.70020";"13010.70020";"83955.77";"0.00";"IST";"PT";"8m 0s";"-0.00"
"63";"USTEC_ICM_UTC2";"Buy";"13114.5";"13154.5";"2023.04.03 17:15:00";"2023.04.03 22:55:00";"30.0";"1200.00";"12914.50000";"13154.50000";"85155.77";"0.00";"IST";"PT";"5h 40m";"-0.00"
"64";"USTEC_ICM_UTC2";"Buy";"13110.3";"12910.3";"2023.04.04 19:00:00";"2023.04.05 18:01:00";"30.0";"-6183.12";"12910.29980";"13150.29980";"78972.65";"0.00";"IST";"SL";"23h 1m";"-183.12"
"65";"USTEC_ICM_UTC2";"Buy";"12948.3";"12988.3";"2023.04.05 21:15:00";"2023.04.06 18:40:00";"30.0";"1016.88";"12748.29980";"12988.29980";"79989.53";"0.00";"IST";"PT";"21h 25m";"-183.12"
"66";"USTEC_ICM_UTC2";"Buy";"13005.1";"13045.1";"2023.04.06 18:45:00";"2023.04.06 19:32:00";"30.0";"1200.00";"12805.09961";"13045.09961";"81189.53";"0.00";"IST";"PT";"47m 0s";"-0.00"
"67";"USTEC_ICM_UTC2";"Buy";"12993.2";"13033.2";"2023.04.10 19:45:00";"2023.04.10 21:15:00";"30.0";"1200.00";"12793.20020";"13033.20020";"82389.53";"0.00";"IST";"PT";"1h 30m";"-0.00"
"68";"USTEC_ICM_UTC2";"Buy";"12986.2";"13026.2";"2023.04.11 19:15:00";"2023.04.12 15:30:00";"30.0";"1016.88";"12786.20020";"13026.20020";"83406.41";"0.00";"IST";"PT";"20h 15m";"-183.12"
"69";"USTEC_ICM_UTC2";"Buy";"13013.0";"13053.0";"2023.04.12 17:30:00";"2023.04.13 19:29:00";"30.0";"1016.88";"12813.00000";"13053.00000";"84423.29";"0.00";"IST";"PT";"1d 1h 59m";"-183.12"
"70";"USTEC_ICM_UTC2";"Buy";"13051.9";"13091.9";"2023.04.13 19:30:00";"2023.04.13 21:02:00";"30.0";"1200.00";"12851.90039";"13091.90039";"85623.29";"0.00";"IST";"PT";"1h 32m";"-0.00"
"71";"USTEC_ICM_UTC2";"Buy";"13035.7";"13075.7";"2023.04.14 16:30:00";"2023.04.14 16:37:00";"30.0";"1200.00";"12835.70020";"13075.70020";"86823.29";"0.00";"IST";"PT";"7m 0s";"-0.00"
"72";"USTEC_ICM_UTC2";"Buy";"13054.3";"13094.3";"2023.04.17 17:30:00";"2023.04.17 23:04:00";"30.0";"1200.00";"12854.29980";"13094.29980";"88023.29";"0.00";"IST";"PT";"5h 34m";"-0.00"
"73";"USTEC_ICM_UTC2";"Buy";"13079.7";"13119.7";"2023.04.18 21:00:00";"2023.04.19 21:00:00";"30.0";"1016.88";"12879.70020";"13119.70020";"89040.17";"0.00";"IST";"PT";"1d 0h 0m";"-183.12"
"74";"USTEC_ICM_UTC2";"Buy";"13108.6";"12908.6";"2023.04.19 21:30:00";"2023.04.21 16:59:00";"30.0";"-6366.24";"12908.59961";"13148.59961";"82673.93";"0.00";"IST";"SL";"1d 19h 29m";"-366.24"
"75";"USTEC_ICM_UTC2";"Buy";"12977.3";"13017.3";"2023.04.21 17:30:00";"2023.04.21 20:42:00";"30.0";"1200.00";"12777.29980";"13017.29980";"83873.93";"0.00";"IST";"PT";"3h 12m";"-0.00"
"76";"USTEC_ICM_UTC2";"Buy";"12959.1";"12759.1";"2023.04.24 21:00:00";"2023.04.25 21:17:00";"30.0";"-6183.12";"12759.09961";"12999.09961";"77690.81";"0.00";"IST";"SL";"1d 0h 17m";"-183.12"
"77";"USTEC_ICM_UTC2";"Buy";"12759.9";"12799.9";"2023.04.25 22:00:00";"2023.04.25 23:01:00";"30.0";"1200.00";"12559.90039";"12799.90039";"78890.81";"0.00";"IST";"PT";"1h 1m";"-0.00"
"78";"USTEC_ICM_UTC2";"Buy";"12860.1";"12900.1";"2023.04.26 17:15:00";"2023.04.26 18:15:00";"30.0";"1200.00";"12660.09961";"12900.09961";"80090.81";"0.00";"IST";"PT";"1h 0m";"-0.00"
"79";"USTEC_ICM_UTC2";"Buy";"12959.9";"12999.9";"2023.04.27 16:30:00";"2023.04.27 17:15:00";"30.0";"1200.00";"12759.90039";"12999.90039";"81290.81";"0.00";"IST";"PT";"45m 0s";"-0.00"
"80";"USTEC_ICM_UTC2";"Buy";"13189.4";"13229.4";"2023.04.28 17:15:00";"2023.04.28 22:19:00";"30.0";"1200.00";"12989.40039";"13229.40039";"82490.81";"0.00";"IST";"PT";"5h 4m";"-0.00"
"81";"USTEC_ICM_UTC2";"Buy";"13232.8";"13272.8";"2023.05.01 17:00:00";"2023.05.01 19:39:00";"30.0";"1200.00";"13032.79980";"13272.79980";"83690.81";"0.00";"IST";"PT";"2h 39m";"-0.00"
"82";"USTEC_ICM_UTC2";"Buy";"13117.3";"13157.3";"2023.05.02 20:30:00";"2023.05.03 15:30:00";"30.0";"1016.88";"12917.29980";"13157.29980";"84707.69";"0.00";"IST";"PT";"19h 0m";"-183.12"
"83";"USTEC_ICM_UTC2";"Buy";"13142.7";"13182.7";"2023.05.03 20:15:00";"2023.05.03 21:00:00";"30.0";"1200.00";"12942.70020";"13182.70020";"85907.69";"0.00";"IST";"PT";"45m 0s";"-0.00"
"84";"USTEC_ICM_UTC2";"Buy";"13012.4";"13052.4";"2023.05.04 19:30:00";"2023.05.04 20:18:00";"30.0";"1200.00";"12812.40039";"13052.40039";"87107.69";"0.00";"IST";"PT";"48m 0s";"-0.00"
"85";"USTEC_ICM_UTC2";"Buy";"13193.1";"13233.1";"2023.05.05 18:00:00";"2023.05.05 20:35:00";"30.0";"1200.00";"12993.09961";"13233.09961";"88307.69";"0.00";"IST";"PT";"2h 35m";"-0.00"
"86";"USTEC_ICM_UTC2";"Buy";"13233.1";"13273.1";"2023.05.08 16:30:00";"2023.05.08 20:12:00";"30.0";"1200.00";"13033.09961";"13273.09961";"89507.69";"0.00";"IST";"PT";"3h 42m";"-0.00"
"87";"USTEC_ICM_UTC2";"Buy";"13225.0";"13265.0";"2023.05.09 16:45:00";"2023.05.10 15:30:00";"30.0";"1016.88";"13025.00000";"13265.00000";"90524.57";"0.00";"IST";"PT";"22h 45m";"-183.12"
"88";"USTEC_ICM_UTC2";"Buy";"13305.1";"13345.1";"2023.05.10 16:30:00";"2023.05.10 16:32:00";"30.0";"1200.00";"13105.09961";"13345.09961";"91724.57";"0.00";"IST";"PT";"2m 0s";"-0.00"
"89";"USTEC_ICM_UTC2";"Buy";"13344.0";"13384.0";"2023.05.11 17:15:00";"2023.05.11 18:30:00";"30.0";"1200.00";"13144.00000";"13384.00000";"92924.57";"0.00";"IST";"PT";"1h 15m";"-0.00"
"90";"USTEC_ICM_UTC2";"Buy";"13268.0";"13308.0";"2023.05.12 21:45:00";"2023.05.12 22:30:00";"30.0";"1200.00";"13068.00000";"13308.00000";"94124.57";"0.00";"IST";"PT";"45m 0s";"-0.00"
"91";"USTEC_ICM_UTC2";"Buy";"13327.6";"13367.6";"2023.05.15 18:00:00";"2023.05.15 18:15:00";"30.0";"1200.00";"13127.59961";"13367.59961";"95324.57";"0.00";"IST";"PT";"15m 0s";"-0.00"
"92";"USTEC_ICM_UTC2";"Buy";"13465.4";"13505.4";"2023.05.16 18:00:00";"2023.05.17 19:32:00";"30.0";"1016.88";"13265.40039";"13505.40039";"96341.45";"0.00";"IST";"PT";"1d 1h 32m";"-183.12"
"93";"USTEC_ICM_UTC2";"Buy";"13529.1";"13569.1";"2023.05.17 19:45:00";"2023.05.17 20:06:00";"30.0";"1200.00";"13329.09961";"13569.09961";"97541.45";"0.00";"IST";"PT";"21m 0s";"-0.00"
"94";"USTEC_ICM_UTC2";"Buy";"13733.1";"13773.1";"2023.05.18 18:00:00";"2023.05.18 18:28:00";"30.0";"1200.00";"13533.09961";"13773.09961";"98741.45";"0.00";"IST";"PT";"28m 0s";"-0.00"
"95";"USTEC_ICM_UTC2";"Buy";"13846.0";"13809.6";"2023.05.19 17:30:00";"2023.05.19 22:55:00";"30.0";"-1092.00";"13646.00000";"13886.00000";"97649.45";"0.00";"IST";"End Of Friday (Time)";"5h 25m";"-0.00"
"96";"USTEC_ICM_UTC2";"Buy";"13875.6";"13915.6";"2023.05.22 17:00:00";"2023.05.23 04:46:00";"30.0";"1016.88";"13675.59961";"13915.59961";"98666.33";"0.00";"IST";"PT";"11h 46m";"-183.12"
"97";"USTEC_ICM_UTC2";"Buy";"13805.4";"13605.4";"2023.05.23 18:15:00";"2023.05.24 15:32:00";"30.0";"-6183.12";"13605.40039";"13845.40039";"92483.21";"0.00";"IST";"SL";"21h 17m";"-183.12"
"98";"USTEC_ICM_UTC2";"Buy";"13533.9";"13573.9";"2023.05.24 20:15:00";"2023.05.24 20:36:00";"30.0";"1200.00";"13333.90039";"13573.90039";"93683.21";"0.00";"IST";"PT";"21m 0s";"-0.00"
"99";"USTEC_ICM_UTC2";"Buy";"13835.8";"13875.8";"2023.05.25 17:15:00";"2023.05.25 17:40:00";"30.0";"1200.00";"13635.79980";"13875.79980";"94883.21";"0.00";"IST";"PT";"25m 0s";"-0.00"
"100";"USTEC_ICM_UTC2";"Buy";"14164.6";"14204.6";"2023.05.26 17:30:00";"2023.05.26 17:41:00";"30.0";"1200.00";"13964.59961";"14204.59961";"96083.21";"0.00";"IST";"PT";"11m 0s";"-0.00"
"101";"USTEC_ICM_UTC2";"Buy";"14339.3";"14379.3";"2023.05.29 17:15:00";"2023.05.30 10:36:00";"30.0";"1016.88";"14139.29980";"14379.29980";"97100.09";"0.00";"IST";"PT";"17h 21m";"-183.12"
"102";"USTEC_ICM_UTC2";"Buy";"14402.8";"14442.8";"2023.05.30 21:45:00";"2023.06.01 20:49:00";"30.0";"833.76";"14202.79980";"14442.79980";"97933.85";"0.00";"IST";"PT";"1d 23h 4m";"-366.24"
"103";"USTEC_ICM_UTC2";"Buy";"14453.6";"14493.6";"2023.06.01 21:00:00";"2023.06.01 22:15:00";"30.0";"1200.00";"14253.59961";"14493.59961";"99133.85";"0.00";"IST";"PT";"1h 15m";"-0.00"
"104";"USTEC_ICM_UTC2";"Buy";"14557.3";"14555.2";"2023.06.02 18:00:00";"2023.06.02 22:55:00";"30.0";"-63.00";"14357.29980";"14597.29980";"99070.85";"0.00";"IST";"End Of Friday (Time)";"4h 55m";"-0.00"
"105";"USTEC_ICM_UTC2";"Buy";"14539.0";"14579.0";"2023.06.05 16:30:00";"2023.06.05 16:35:00";"30.0";"1200.00";"14339.00000";"14579.00000";"100270.85";"0.00";"IST";"PT";"5m 0s";"-0.00"
"106";"USTEC_ICM_UTC2";"Buy";"14525.1";"14565.1";"2023.06.06 17:15:00";"2023.06.06 17:45:00";"30.0";"1200.00";"14325.09961";"14565.09961";"101470.85";"0.00";"IST";"PT";"30m 0s";"-0.00"
"107";"USTEC_ICM_UTC2";"Buy";"14564.1";"14604.1";"2023.06.07 16:30:00";"2023.06.07 16:31:00";"30.0";"1200.00";"14364.09961";"14604.09961";"102670.85";"0.00";"IST";"PT";"1m 0s";"-0.00"
"108";"USTEC_ICM_UTC2";"Buy";"14354.3";"14394.3";"2023.06.08 17:00:00";"2023.06.08 17:26:00";"30.0";"1200.00";"14154.29980";"14394.29980";"103870.85";"0.00";"IST";"PT";"26m 0s";"-0.00"
"109";"USTEC_ICM_UTC2";"Buy";"14541.8";"14581.8";"2023.06.09 16:30:00";"2023.06.09 16:39:00";"30.0";"1200.00";"14341.79980";"14581.79980";"105070.85";"0.00";"IST";"PT";"9m 0s";"-0.00"
"110";"USTEC_ICM_UTC2";"Buy";"14619.7";"14659.7";"2023.06.12 17:45:00";"2023.06.12 18:45:00";"30.0";"1200.00";"14419.70020";"14659.70020";"106270.85";"0.00";"IST";"PT";"1h 0m";"-0.00"
"111";"USTEC_ICM_UTC2";"Buy";"14829.9";"14869.9";"2023.06.13 17:45:00";"2023.06.13 18:08:00";"30.0";"1200.00";"14629.90039";"14869.90039";"107470.85";"0.00";"IST";"PT";"23m 0s";"-0.00"
"112";"USTEC_ICM_UTC2";"Buy";"14924.3";"14964.3";"2023.06.14 17:00:00";"2023.06.14 17:20:00";"30.0";"1200.00";"14724.29980";"14964.29980";"108670.85";"0.00";"IST";"PT";"20m 0s";"-0.00"
"113";"USTEC_ICM_UTC2";"Buy";"14945.7";"14985.7";"2023.06.15 16:30:00";"2023.06.15 16:44:00";"30.0";"1200.00";"14745.70020";"14985.70020";"109870.85";"0.00";"IST";"PT";"14m 0s";"-0.00"
"114";"USTEC_ICM_UTC2";"Buy";"15187.2";"15227.2";"2023.06.16 17:45:00";"2023.06.16 18:12:00";"30.0";"1200.00";"14987.20020";"15227.20020";"111070.85";"0.00";"IST";"PT";"27m 0s";"-0.00"
"115";"USTEC_ICM_UTC2";"Buy";"15064.1";"15104.1";"2023.06.19 19:00:00";"2023.06.20 16:40:00";"30.0";"1016.88";"14864.09961";"15104.09961";"112087.73";"0.00";"IST";"PT";"21h 40m";"-183.12"
"116";"USTEC_ICM_UTC2";"Buy";"15042.3";"15082.3";"2023.06.20 17:00:00";"2023.06.20 19:42:00";"30.0";"1200.00";"14842.29980";"15082.29980";"113287.73";"0.00";"IST";"PT";"2h 42m";"-0.00"
"117";"USTEC_ICM_UTC2";"Buy";"14884.0";"14924.0";"2023.06.21 20:45:00";"2023.06.21 21:14:00";"30.0";"1200.00";"14684.00000";"14924.00000";"114487.73";"0.00";"IST";"PT";"29m 0s";"-0.00"
"118";"USTEC_ICM_UTC2";"Buy";"14904.8";"14944.8";"2023.06.22 17:00:00";"2023.06.22 17:13:00";"30.0";"1200.00";"14704.79980";"14944.79980";"115687.73";"0.00";"IST";"PT";"13m 0s";"-0.00"
"119";"USTEC_ICM_UTC2";"Buy";"14868.9";"14908.9";"2023.06.23 16:30:00";"2023.06.23 16:34:00";"30.0";"1200.00";"14668.90039";"14908.90039";"116887.73";"0.00";"IST";"PT";"4m 0s";"-0.00"
"120";"USTEC_ICM_UTC2";"Buy";"14971.1";"14771.1";"2023.06.26 17:00:00";"2023.06.26 19:08:00";"30.0";"-6000.00";"14771.09961";"15011.09961";"110887.73";"0.00";"IST";"SL";"2h 8m";"-0.00"
"121";"USTEC_ICM_UTC2";"Buy";"14793.8";"14833.8";"2023.06.27 17:00:00";"2023.06.27 18:44:00";"30.0";"1200.00";"14593.79980";"14833.79980";"112087.73";"0.00";"IST";"PT";"1h 44m";"-0.00"
"122";"USTEC_ICM_UTC2";"Buy";"15014.8";"15054.8";"2023.06.28 18:00:00";"2023.06.30 15:30:00";"30.0";"833.76";"14814.79980";"15054.79980";"112921.49";"0.00";"IST";"PT";"1d 21h 30m";"-366.24"
"123";"USTEC_ICM_UTC2";"Buy";"15158.8";"15198.8";"2023.06.30 17:00:00";"2023.06.30 17:19:00";"30.0";"1200.00";"14958.79980";"15198.79980";"114121.49";"0.00";"IST";"PT";"19m 0s";"-0.00"
"124";"USTEC_ICM_UTC2";"Buy";"15205.0";"15245.0";"2023.07.03 17:15:00";"2023.07.05 17:16:00";"30.0";"833.76";"15005.00000";"15245.00000";"114955.25";"0.00";"IST";"PT";"2d 0h 1m";"-366.24"
"125";"USTEC_ICM_UTC2";"Buy";"15257.1";"15057.1";"2023.07.05 17:30:00";"2023.07.06 15:41:00";"30.0";"-6183.12";"15057.09961";"15297.09961";"108772.13";"0.00";"IST";"SL";"22h 11m";"-183.12"
"126";"USTEC_ICM_UTC2";"Buy";"15022.8";"15062.8";"2023.07.06 18:45:00";"2023.07.06 19:30:00";"30.0";"1200.00";"14822.79980";"15062.79980";"109972.13";"0.00";"IST";"PT";"45m 0s";"-0.00"
"127";"USTEC_ICM_UTC2";"Buy";"15082.5";"15122.5";"2023.07.07 16:45:00";"2023.07.07 16:53:00";"30.0";"1200.00";"14882.50000";"15122.50000";"111172.13";"0.00";"IST";"PT";"8m 0s";"-0.00"
"128";"USTEC_ICM_UTC2";"Buy";"15027.0";"15067.0";"2023.07.10 16:30:00";"2023.07.10 16:31:00";"30.0";"1200.00";"14827.00000";"15067.00000";"112372.13";"0.00";"IST";"PT";"1m 0s";"-0.00"
"129";"USTEC_ICM_UTC2";"Buy";"15088.5";"15128.5";"2023.07.11 19:15:00";"2023.07.11 22:49:00";"30.0";"1200.00";"14888.50000";"15128.50000";"113572.13";"0.00";"IST";"PT";"3h 34m";"-0.00"
"130";"USTEC_ICM_UTC2";"Buy";"15289.8";"15329.8";"2023.07.12 16:30:00";"2023.07.12 17:08:00";"30.0";"1200.00";"15089.79980";"15329.79980";"114772.13";"0.00";"IST";"PT";"38m 0s";"-0.00"
"131";"USTEC_ICM_UTC2";"Buy";"15473.6";"15513.6";"2023.07.13 18:00:00";"2023.07.13 19:23:00";"30.0";"1200.00";"15273.59961";"15513.59961";"115972.13";"0.00";"IST";"PT";"1h 23m";"-0.00"
"132";"USTEC_ICM_UTC2";"Buy";"15635.2";"15675.2";"2023.07.14 16:45:00";"2023.07.14 16:51:00";"30.0";"1200.00";"15435.20020";"15675.20020";"117172.13";"0.00";"IST";"PT";"6m 0s";"-0.00"
"133";"USTEC_ICM_UTC2";"Buy";"15608.2";"15648.2";"2023.07.17 16:45:00";"2023.07.17 18:28:00";"30.0";"1200.00";"15408.20020";"15648.20020";"118372.13";"0.00";"IST";"PT";"1h 43m";"-0.00"
"134";"USTEC_ICM_UTC2";"Buy";"15680.8";"15720.8";"2023.07.18 16:30:00";"2023.07.18 18:46:00";"30.0";"1200.00";"15480.79980";"15720.79980";"119572.13";"0.00";"IST";"PT";"2h 16m";"-0.00"
"135";"USTEC_ICM_UTC2";"Buy";"15858.0";"15898.0";"2023.07.19 17:15:00";"2023.07.19 17:42:00";"30.0";"1200.00";"15658.00000";"15898.00000";"120772.13";"0.00";"IST";"PT";"27m 0s";"-0.00"
"136";"USTEC_ICM_UTC2";"Buy";"15764.6";"15564.6";"2023.07.20 16:45:00";"2023.07.20 19:35:00";"30.0";"-6000.00";"15564.59961";"15804.59961";"114772.13";"0.00";"IST";"SL";"2h 50m";"-0.00"
"137";"USTEC_ICM_UTC2";"Buy";"15490.5";"15430.0";"2023.07.21 21:45:00";"2023.07.21 22:55:00";"30.0";"-1815.00";"15290.50000";"15530.50000";"112957.13";"0.00";"IST";"End Of Friday (Time)";"1h 10m";"-0.00"
"138";"USTEC_ICM_UTC2";"Buy";"15444.1";"15484.1";"2023.07.24 17:45:00";"2023.07.25 11:09:00";"30.0";"1016.88";"15244.09961";"15484.09961";"113974.01";"0.00";"IST";"PT";"17h 24m";"-183.12"
"139";"USTEC_ICM_UTC2";"Buy";"15533.3";"15573.3";"2023.07.25 18:15:00";"2023.07.25 18:42:00";"30.0";"1200.00";"15333.29980";"15573.29980";"115174.01";"0.00";"IST";"PT";"27m 0s";"-0.00"
"140";"USTEC_ICM_UTC2";"Buy";"15507.7";"15547.7";"2023.07.26 16:30:00";"2023.07.26 21:39:00";"30.0";"1200.00";"15307.70020";"15547.70020";"116374.01";"0.00";"IST";"PT";"5h 9m";"-0.00"
"141";"USTEC_ICM_UTC2";"Buy";"15762.8";"15562.8";"2023.07.27 17:00:00";"2023.07.27 21:10:00";"30.0";"-6000.00";"15562.79980";"15802.79980";"110374.01";"0.00";"IST";"SL";"4h 10m";"-0.00"
"142";"USTEC_ICM_UTC2";"Buy";"15636.3";"15676.3";"2023.07.28 16:30:00";"2023.07.28 16:39:00";"30.0";"1200.00";"15436.29980";"15676.29980";"111574.01";"0.00";"IST";"PT";"9m 0s";"-0.00"
"143";"USTEC_ICM_UTC2";"Buy";"15760.1";"15560.1";"2023.07.31 19:30:00";"2023.08.02 10:51:00";"30.0";"-6366.24";"15560.09961";"15800.09961";"105207.77";"0.00";"IST";"SL";"1d 15h 21m";"-366.24"
"144";"USTEC_ICM_UTC2";"Buy";"15404.6";"15444.6";"2023.08.02 21:30:00";"2023.08.04 04:36:00";"30.0";"833.76";"15204.59961";"15444.59961";"106041.53";"0.00";"IST";"PT";"1d 7h 6m";"-366.24"
"145";"USTEC_ICM_UTC2";"Buy";"15418.9";"15458.9";"2023.08.04 17:45:00";"2023.08.04 18:06:00";"30.0";"1200.00";"15218.90039";"15458.90039";"107241.53";"0.00";"IST";"PT";"21m 0s";"-0.00"
"146";"USTEC_ICM_UTC2";"Buy";"15352.6";"15392.6";"2023.08.07 16:30:00";"2023.08.07 22:50:00";"30.0";"1200.00";"15152.59961";"15392.59961";"108441.53";"0.00";"IST";"PT";"6h 20m";"-0.00"
"147";"USTEC_ICM_UTC2";"Buy";"15214.0";"15254.0";"2023.08.08 17:45:00";"2023.08.08 21:18:00";"30.0";"1200.00";"15014.00000";"15254.00000";"109641.53";"0.00";"IST";"PT";"3h 33m";"-0.00"
"148";"USTEC_ICM_UTC2";"Buy";"15171.3";"15211.3";"2023.08.09 20:30:00";"2023.08.09 21:18:00";"30.0";"1200.00";"14971.29980";"15211.29980";"110841.53";"0.00";"IST";"PT";"48m 0s";"-0.00"
"149";"USTEC_ICM_UTC2";"Buy";"15228.1";"15268.1";"2023.08.10 16:30:00";"2023.08.10 16:37:00";"30.0";"1200.00";"15028.09961";"15268.09961";"112041.53";"0.00";"IST";"PT";"7m 0s";"-0.00"
"150";"USTEC_ICM_UTC2";"Buy";"15035.7";"15028.8";"2023.08.11 20:30:00";"2023.08.11 22:55:00";"30.0";"-207.00";"14835.70020";"15075.70020";"111834.53";"0.00";"IST";"End Of Friday (Time)";"2h 25m";"-0.00"
"151";"USTEC_ICM_UTC2";"Buy";"15162.9";"15202.9";"2023.08.14 18:00:00";"2023.08.14 22:59:00";"30.0";"1200.00";"14962.90039";"15202.90039";"113034.53";"0.00";"IST";"PT";"4h 59m";"-0.00"
"152";"USTEC_ICM_UTC2";"Buy";"15156.5";"14956.5";"2023.08.15 16:30:00";"2023.08.16 19:11:00";"30.0";"-6183.12";"14956.50000";"15196.50000";"106851.41";"0.00";"IST";"SL";"1d 2h 41m";"-183.12"
"153";"USTEC_ICM_UTC2";"Buy";"14870.9";"14670.9";"2023.08.17 20:15:00";"2023.08.18 01:11:00";"30.0";"-6183.12";"14670.90039";"14910.90039";"100668.29";"0.00";"IST";"SL";"4h 56m";"-183.12"
"154";"USTEC_ICM_UTC2";"Buy";"14625.2";"14665.2";"2023.08.18 18:00:00";"2023.08.18 18:55:00";"30.0";"1200.00";"14425.20020";"14665.20020";"101868.29";"0.00";"IST";"PT";"55m 0s";"-0.00"
"155";"USTEC_ICM_UTC2";"Buy";"14779.0";"14819.0";"2023.08.21 18:00:00";"2023.08.21 19:24:00";"30.0";"1200.00";"14579.00000";"14819.00000";"103068.29";"0.00";"IST";"PT";"1h 24m";"-0.00"
"156";"USTEC_ICM_UTC2";"Buy";"14929.3";"14969.3";"2023.08.22 21:30:00";"2023.08.23 05:02:00";"30.0";"1016.88";"14729.29980";"14969.29980";"104085.17";"0.00";"IST";"PT";"7h 32m";"-183.12"
"157";"USTEC_ICM_UTC2";"Buy";"15042.3";"15082.3";"2023.08.23 17:00:00";"2023.08.23 17:22:00";"30.0";"1200.00";"14842.29980";"15082.29980";"105285.17";"0.00";"IST";"PT";"22m 0s";"-0.00"
"158";"USTEC_ICM_UTC2";"Buy";"14929.3";"14969.3";"2023.08.24 21:00:00";"2023.08.25 17:15:00";"30.0";"1016.88";"14729.29980";"14969.29980";"106302.05";"0.00";"IST";"PT";"20h 15m";"-183.12"
"159";"USTEC_ICM_UTC2";"Buy";"14821.3";"14861.3";"2023.08.25 18:30:00";"2023.08.25 20:15:00";"30.0";"1200.00";"14621.29980";"14861.29980";"107502.05";"0.00";"IST";"PT";"1h 45m";"-0.00"
"160";"USTEC_ICM_UTC2";"Buy";"15059.3";"15099.3";"2023.08.28 16:30:00";"2023.08.29 10:30:00";"30.0";"1016.88";"14859.29980";"15099.29980";"108518.93";"0.00";"IST";"PT";"18h 0m";"-183.12"
"161";"USTEC_ICM_UTC2";"Buy";"15037.4";"15077.4";"2023.08.29 16:30:00";"2023.08.29 16:35:00";"30.0";"1200.00";"14837.40039";"15077.40039";"109718.93";"0.00";"IST";"PT";"5m 0s";"-0.00"
"162";"USTEC_ICM_UTC2";"Buy";"15466.9";"15506.9";"2023.08.30 17:15:00";"2023.08.31 16:33:00";"30.0";"1016.88";"15266.90039";"15506.90039";"110735.81";"0.00";"IST";"PT";"23h 18m";"-183.12"
"163";"USTEC_ICM_UTC2";"Buy";"15494.0";"15534.0";"2023.08.31 16:45:00";"2023.08.31 17:02:00";"30.0";"1200.00";"15294.00000";"15534.00000";"111935.81";"0.00";"IST";"PT";"17m 0s";"-0.00"
"164";"USTEC_ICM_UTC2";"Buy";"15554.2";"15491.2";"2023.09.01 17:30:00";"2023.09.01 22:55:00";"30.0";"-1890.00";"15354.20020";"15594.20020";"110045.81";"0.00";"IST";"End Of Friday (Time)";"5h 25m";"-0.00"
"165";"USTEC_ICM_UTC2";"Buy";"15528.9";"15328.9";"2023.09.04 16:30:00";"2023.09.06 18:09:00";"30.0";"-6366.24";"15328.90039";"15568.90039";"103679.57";"0.00";"IST";"SL";"2d 1h 39m";"-366.24"
"166";"USTEC_ICM_UTC2";"Buy";"15365.3";"15165.3";"2023.09.06 21:45:00";"2023.09.07 16:28:00";"30.0";"-6183.12";"15165.29980";"15405.29980";"97496.45";"0.00";"IST";"SL";"18h 43m";"-183.12"
"167";"USTEC_ICM_UTC2";"Buy";"15246.8";"15286.8";"2023.09.07 19:30:00";"2023.09.07 22:50:00";"30.0";"1200.00";"15046.79980";"15286.79980";"98696.45";"0.00";"IST";"PT";"3h 20m";"-0.00"
"168";"USTEC_ICM_UTC2";"Buy";"15338.3";"15264.7";"2023.09.08 16:45:00";"2023.09.08 22:55:00";"30.0";"-2208.00";"15138.29980";"15378.29980";"96488.45";"0.00";"IST";"End Of Friday (Time)";"6h 10m";"-0.00"
"169";"USTEC_ICM_UTC2";"Buy";"15407.2";"15447.2";"2023.09.11 16:30:00";"2023.09.11 20:42:00";"30.0";"1200.00";"15207.20020";"15447.20020";"97688.45";"0.00";"IST";"PT";"4h 12m";"-0.00"
"170";"USTEC_ICM_UTC2";"Buy";"15439.2";"15239.2";"2023.09.12 17:00:00";"2023.09.13 15:30:00";"30.0";"-6183.12";"15239.20020";"15479.20020";"91505.33";"0.00";"IST";"SL";"22h 30m";"-183.12"
"171";"USTEC_ICM_UTC2";"Buy";"15299.4";"15339.4";"2023.09.13 16:30:00";"2023.09.13 16:31:00";"30.0";"1200.00";"15099.40039";"15339.40039";"92705.33";"0.00";"IST";"PT";"1m 0s";"-0.00"
"172";"USTEC_ICM_UTC2";"Buy";"15421.3";"15461.3";"2023.09.14 16:30:00";"2023.09.14 17:46:00";"30.0";"1200.00";"15221.29980";"15461.29980";"93905.33";"0.00";"IST";"PT";"1h 16m";"-0.00"
"173";"USTEC_ICM_UTC2";"Buy";"15207.9";"15197.6";"2023.09.15 21:00:00";"2023.09.15 22:55:00";"30.0";"-309.03";"15007.90039";"15247.90039";"93596.30";"0.00";"IST";"End Of Friday (Time)";"1h 55m";"-0.00"
"174";"USTEC_ICM_UTC2";"Buy";"15228.3";"15268.3";"2023.09.18 17:15:00";"2023.09.18 19:30:00";"30.0";"1200.00";"15028.29980";"15268.29980";"94796.30";"0.00";"IST";"PT";"2h 15m";"-0.00"
"175";"USTEC_ICM_UTC2";"Buy";"15140.2";"15180.2";"2023.09.19 20:15:00";"2023.09.19 20:45:00";"30.0";"1200.00";"14940.20020";"15180.20020";"95996.30";"0.00";"IST";"PT";"30m 0s";"-0.00"
"176";"USTEC_ICM_UTC2";"Buy";"15170.6";"14970.6";"2023.09.20 21:45:00";"2023.09.20 22:59:00";"30.0";"-6000.00";"14970.59961";"15210.59961";"89996.30";"0.00";"IST";"SL";"1h 14m";"-0.00"
"177";"USTEC_ICM_UTC2";"Buy";"14810.1";"14850.1";"2023.09.21 16:30:00";"2023.09.21 17:41:00";"30.0";"1200.00";"14610.09961";"14850.09961";"91196.30";"0.00";"IST";"PT";"1h 11m";"-0.00"
"178";"USTEC_ICM_UTC2";"Buy";"14759.3";"14799.3";"2023.09.22 17:15:00";"2023.09.22 17:30:00";"30.0";"1200.00";"14559.29980";"14799.29980";"92396.30";"0.00";"IST";"PT";"15m 0s";"-0.00"
"179";"USTEC_ICM_UTC2";"Buy";"14689.0";"14729.0";"2023.09.25 16:45:00";"2023.09.25 16:57:00";"30.0";"1200.00";"14489.00000";"14729.00000";"93596.30";"0.00";"IST";"PT";"12m 0s";"-0.00"
"180";"USTEC_ICM_UTC2";"Buy";"14555.6";"14595.6";"2023.09.26 21:15:00";"2023.09.27 08:52:00";"30.0";"1016.88";"14355.59961";"14595.59961";"94613.18";"0.00";"IST";"PT";"11h 37m";"-183.12"
"181";"USTEC_ICM_UTC2";"Buy";"14605.8";"14645.8";"2023.09.27 17:00:00";"2023.09.27 22:10:00";"30.0";"1200.00";"14405.79980";"14645.79980";"95813.18";"0.00";"IST";"PT";"5h 10m";"-0.00"
"182";"USTEC_ICM_UTC2";"Buy";"14538.1";"14578.1";"2023.09.28 16:30:00";"2023.09.28 16:53:00";"30.0";"1200.00";"14338.09961";"14578.09961";"97013.18";"0.00";"IST";"PT";"23m 0s";"-0.00"
"183";"USTEC_ICM_UTC2";"Buy";"14878.8";"14678.8";"2023.09.29 17:00:00";"2023.09.29 20:18:00";"30.0";"-6000.00";"14678.79980";"14918.79980";"91013.18";"0.00";"IST";"SL";"3h 18m";"-0.00"
"184";"USTEC_ICM_UTC2";"Buy";"14807.9";"14847.9";"2023.10.02 16:45:00";"2023.10.02 18:15:00";"30.0";"1200.00";"14607.90039";"14847.90039";"92213.18";"0.00";"IST";"PT";"1h 30m";"-0.00"
"185";"USTEC_ICM_UTC2";"Buy";"14551.0";"14591.0";"2023.10.03 22:00:00";"2023.10.04 14:17:00";"30.0";"1016.88";"14351.00000";"14591.00000";"93230.05";"0.00";"IST";"PT";"16h 17m";"-183.12"
"186";"USTEC_ICM_UTC2";"Buy";"14654.5";"14694.5";"2023.10.04 17:00:00";"2023.10.04 17:41:00";"30.0";"1200.00";"14454.50000";"14694.50000";"94430.05";"0.00";"IST";"PT";"41m 0s";"-0.00"
"187";"USTEC_ICM_UTC2";"Buy";"14678.9";"14718.9";"2023.10.05 20:30:00";"2023.10.05 20:49:00";"30.0";"1200.00";"14478.90039";"14718.90039";"95630.05";"0.00";"IST";"PT";"19m 0s";"-0.00"
"188";"USTEC_ICM_UTC2";"Buy";"14606.7";"14646.7";"2023.10.06 16:45:00";"2023.10.06 16:46:00";"30.0";"1200.00";"14406.70020";"14646.70020";"96830.05";"0.00";"IST";"PT";"1m 0s";"-0.00"
"189";"USTEC_ICM_UTC2";"Buy";"14897.5";"14937.5";"2023.10.09 17:30:00";"2023.10.09 19:20:00";"30.0";"1200.00";"14697.50000";"14937.50000";"98030.05";"0.00";"IST";"PT";"1h 50m";"-0.00"
"190";"USTEC_ICM_UTC2";"Buy";"15102.8";"15142.8";"2023.10.10 17:00:00";"2023.10.10 17:26:00";"30.0";"1200.00";"14902.79980";"15142.79980";"99230.05";"0.00";"IST";"PT";"26m 0s";"-0.00"
"191";"USTEC_ICM_UTC2";"Buy";"15186.7";"15226.7";"2023.10.11 16:30:00";"2023.10.11 16:32:00";"30.0";"1200.00";"14986.70020";"15226.70020";"100430.05";"0.00";"IST";"PT";"2m 0s";"-0.00"
"192";"USTEC_ICM_UTC2";"Buy";"15289.9";"15329.9";"2023.10.12 18:30:00";"2023.10.12 19:21:00";"30.0";"1200.00";"15089.90039";"15329.90039";"101630.05";"0.00";"IST";"PT";"51m 0s";"-0.00"
"193";"USTEC_ICM_UTC2";"Buy";"15213.8";"15013.8";"2023.10.13 16:30:00";"2023.10.13 18:52:00";"30.0";"-6000.00";"15013.79980";"15253.79980";"95630.05";"0.00";"IST";"SL";"2h 22m";"-0.00"
"194";"USTEC_ICM_UTC2";"Buy";"15054.0";"15094.0";"2023.10.16 16:30:00";"2023.10.16 16:33:00";"30.0";"1200.00";"14854.00000";"15094.00000";"96830.05";"0.00";"IST";"PT";"3m 0s";"-0.00"
"195";"USTEC_ICM_UTC2";"Buy";"15112.8";"15152.8";"2023.10.17 18:30:00";"2023.10.17 18:35:00";"30.0";"1200.00";"14912.79980";"15152.79980";"98030.05";"0.00";"IST";"PT";"5m 0s";"-0.00"
"196";"USTEC_ICM_UTC2";"Buy";"15042.2";"14842.2";"2023.10.18 17:30:00";"2023.10.19 10:50:00";"30.0";"-6183.12";"14842.20020";"15082.20020";"91846.94";"0.00";"IST";"SL";"17h 20m";"-183.12"
"197";"USTEC_ICM_UTC2";"Buy";"14987.6";"15027.6";"2023.10.19 17:15:00";"2023.10.19 19:24:00";"30.0";"1200.00";"14787.59961";"15027.59961";"93046.94";"0.00";"IST";"PT";"2h 9m";"-0.00"
"198";"USTEC_ICM_UTC2";"Buy";"14644.3";"14684.3";"2023.10.20 20:15:00";"2023.10.20 20:19:00";"30.0";"1200.00";"14444.29980";"14684.29980";"94246.94";"0.00";"IST";"PT";"4m 0s";"-0.00"
"199";"USTEC_ICM_UTC2";"Buy";"14558.3";"14598.3";"2023.10.23 17:15:00";"2023.10.23 17:59:00";"30.0";"1200.00";"14358.29980";"14598.29980";"95446.94";"0.00";"IST";"PT";"44m 0s";"-0.00"
"200";"USTEC_ICM_UTC2";"Buy";"14748.2";"14788.2";"2023.10.24 18:00:00";"2023.10.24 23:00:00";"30.0";"1200.00";"14548.20020";"14788.20020";"96646.94";"0.00";"IST";"PT";"5h 0m";"-0.00"
"201";"USTEC_ICM_UTC2";"Buy";"14393.8";"14193.8";"2023.10.25 21:30:00";"2023.10.26 10:03:00";"30.0";"-6183.12";"14193.79980";"14433.79980";"90463.82";"0.00";"IST";"SL";"12h 33m";"-183.12"
"202";"USTEC_ICM_UTC2";"Buy";"14267.5";"14067.5";"2023.10.26 18:00:00";"2023.10.26 19:40:00";"30.0";"-6000.00";"14067.50000";"14307.50000";"84463.82";"0.00";"IST";"SL";"1h 40m";"-0.00"
"203";"USTEC_ICM_UTC2";"Buy";"14243.3";"14283.3";"2023.10.27 17:30:00";"2023.10.27 18:10:00";"30.0";"1200.00";"14043.29980";"14283.29980";"85663.82";"0.00";"IST";"PT";"40m 0s";"-0.00"
"204";"USTEC_ICM_UTC2";"Buy";"14279.1";"14319.1";"2023.10.30 17:15:00";"2023.10.30 19:29:00";"30.0";"1200.00";"14079.09961";"14319.09961";"86863.82";"0.00";"IST";"PT";"2h 14m";"-0.00"
"205";"USTEC_ICM_UTC2";"Buy";"14295.1";"14335.1";"2023.10.31 18:15:00";"2023.10.31 18:32:00";"30.0";"1200.00";"14095.09961";"14335.09961";"88063.82";"0.00";"IST";"PT";"17m 0s";"-0.00"
"206";"USTEC_ICM_UTC2";"Buy";"14551.9";"14591.9";"2023.11.01 16:30:00";"2023.11.01 20:35:00";"30.0";"1200.00";"14351.90039";"14591.90039";"89263.82";"0.00";"IST";"PT";"4h 5m";"-0.00"
"207";"USTEC_ICM_UTC2";"Buy";"14881.3";"14921.3";"2023.11.02 17:00:00";"2023.11.02 20:44:00";"30.0";"1200.00";"14681.29980";"14921.29980";"90463.82";"0.00";"IST";"PT";"3h 44m";"-0.00"
"208";"USTEC_ICM_UTC2";"Buy";"15035.6";"15075.6";"2023.11.03 17:00:00";"2023.11.03 17:50:00";"30.0";"1200.00";"14835.59961";"15075.59961";"91663.82";"0.00";"IST";"PT";"50m 0s";"-0.00"
"209";"USTEC_ICM_UTC2";"Buy";"15145.8";"15185.8";"2023.11.06 18:00:00";"2023.11.07 16:15:00";"30.0";"1016.88";"14945.79980";"15185.79980";"92680.70";"0.00";"IST";"PT";"22h 15m";"-183.12"
"210";"USTEC_ICM_UTC2";"Buy";"15200.8";"15240.8";"2023.11.07 16:30:00";"2023.11.07 17:00:00";"30.0";"1200.00";"15000.79980";"15240.79980";"93880.70";"0.00";"IST";"PT";"30m 0s";"-0.00"
"211";"USTEC_ICM_UTC2";"Buy";"15313.8";"15353.8";"2023.11.08 16:45:00";"2023.11.09 16:59:00";"30.0";"1016.88";"15113.79980";"15353.79980";"94897.58";"0.00";"IST";"PT";"1d 0h 14m";"-183.12"
"212";"USTEC_ICM_UTC2";"Buy";"15352.4";"15152.4";"2023.11.09 18:15:00";"2023.11.10 02:14:00";"30.0";"-6183.12";"15152.40039";"15392.40039";"88714.46";"0.00";"IST";"SL";"7h 59m";"-183.12"
"213";"USTEC_ICM_UTC2";"Buy";"15259.4";"15299.4";"2023.11.10 16:30:00";"2023.11.10 16:42:00";"30.0";"1200.00";"15059.40039";"15299.40039";"89914.46";"0.00";"IST";"PT";"12m 0s";"-0.00"
"214";"USTEC_ICM_UTC2";"Buy";"15503.7";"15543.7";"2023.11.13 18:30:00";"2023.11.14 15:30:00";"30.0";"1016.88";"15303.70020";"15543.70020";"90931.34";"0.00";"IST";"PT";"21h 0m";"-183.12"
"215";"USTEC_ICM_UTC2";"Buy";"15748.3";"15788.3";"2023.11.14 16:30:00";"2023.11.14 16:43:00";"30.0";"1200.00";"15548.29980";"15788.29980";"92131.34";"0.00";"IST";"PT";"13m 0s";"-0.00"
"216";"USTEC_ICM_UTC2";"Buy";"15885.7";"15832.6";"2023.11.15 16:30:00";"2023.11.17 22:55:00";"30.0";"-1959.27";"15685.70020";"15925.70020";"90172.07";"0.00";"IST";"End Of Friday (Time)";"2d 6h 25m";"-366.24"
"217";"USTEC_ICM_UTC2";"Buy";"15942.8";"15982.8";"2023.11.20 18:00:00";"2023.11.20 20:03:00";"30.0";"1200.00";"15742.79980";"15982.79980";"91372.07";"0.00";"IST";"PT";"2h 3m";"-0.00"
"218";"USTEC_ICM_UTC2";"Buy";"15917.9";"15957.9";"2023.11.21 19:45:00";"2023.11.22 12:42:00";"30.0";"1016.88";"15717.90039";"15957.90039";"92388.95";"0.00";"IST";"PT";"16h 57m";"-183.12"
"219";"USTEC_ICM_UTC2";"Buy";"16091.3";"16131.3";"2023.11.22 16:45:00";"2023.11.29 15:31:00";"30.0";"-81.84";"15891.29980";"16131.29980";"92307.11";"0.00";"IST";"PT";"6d 22h 46m";"-1281.84"
"220";"USTEC_ICM_UTC2";"Buy";"16081.0";"15881.0";"2023.11.29 18:00:00";"2023.11.30 17:38:00";"30.0";"-6183.12";"15881.00000";"16121.00000";"86123.98";"0.00";"IST";"SL";"23h 38m";"-183.12"
"221";"USTEC_ICM_UTC2";"Buy";"15862.9";"15902.9";"2023.11.30 21:15:00";"2023.11.30 22:50:00";"30.0";"1200.00";"15662.90039";"15902.90039";"87323.98";"0.00";"IST";"PT";"1h 35m";"-0.00"
"222";"USTEC_ICM_UTC2";"Buy";"15882.8";"15922.8";"2023.12.01 18:00:00";"2023.12.01 18:11:00";"30.0";"1200.00";"15682.79980";"15922.79980";"88523.98";"0.00";"IST";"PT";"11m 0s";"-0.00"
"223";"USTEC_ICM_UTC2";"Buy";"15833.7";"15873.7";"2023.12.04 20:00:00";"2023.12.05 17:02:00";"30.0";"1016.88";"15633.70020";"15873.70020";"89540.87";"0.00";"IST";"PT";"21h 2m";"-183.12"
"224";"USTEC_ICM_UTC2";"Buy";"15873.2";"15913.2";"2023.12.05 17:15:00";"2023.12.05 17:45:00";"30.0";"1200.00";"15673.20020";"15913.20020";"90740.87";"0.00";"IST";"PT";"30m 0s";"-0.00"
"225";"USTEC_ICM_UTC2";"Buy";"16008.2";"15808.2";"2023.12.06 16:30:00";"2023.12.06 22:17:00";"30.0";"-6000.00";"15808.20020";"16048.20020";"84740.87";"0.00";"IST";"SL";"5h 47m";"-0.00"
"226";"USTEC_ICM_UTC2";"Buy";"15933.4";"15973.4";"2023.12.07 16:45:00";"2023.12.07 17:22:00";"30.0";"1200.00";"15733.40039";"15973.40039";"85940.87";"0.00";"IST";"PT";"37m 0s";"-0.00"
"227";"USTEC_ICM_UTC2";"Buy";"16051.2";"16091.2";"2023.12.08 18:15:00";"2023.12.08 21:43:00";"30.0";"1200.00";"15851.20020";"16091.20020";"87140.87";"0.00";"IST";"PT";"3h 28m";"-0.00"
"228";"USTEC_ICM_UTC2";"Buy";"16158.0";"16198.0";"2023.12.11 17:15:00";"2023.12.11 20:03:00";"30.0";"1200.00";"15958.00000";"16198.00000";"88340.87";"0.00";"IST";"PT";"2h 48m";"-0.00"
"229";"USTEC_ICM_UTC2";"Buy";"16274.2";"16314.2";"2023.12.12 18:15:00";"2023.12.12 21:36:00";"30.0";"1200.00";"16074.20020";"16314.20020";"89540.87";"0.00";"IST";"PT";"3h 21m";"-0.00"
"230";"USTEC_ICM_UTC2";"Buy";"16408.2";"16448.2";"2023.12.13 17:30:00";"2023.12.13 21:05:00";"30.0";"1200.00";"16208.20020";"16448.19922";"90740.87";"0.00";"IST";"PT";"3h 35m";"-0.00"
"231";"USTEC_ICM_UTC2";"Buy";"16630.8";"16430.8";"2023.12.14 17:00:00";"2023.12.14 20:52:00";"30.0";"-6000.00";"16430.80078";"16670.80078";"84740.87";"0.00";"IST";"SL";"3h 52m";"-0.00"
"232";"USTEC_ICM_UTC2";"Buy";"16649.7";"16651.8";"2023.12.15 17:30:00";"2023.12.15 22:55:00";"30.0";"63.06";"16449.69922";"16689.69922";"84803.93";"0.00";"IST";"End Of Friday (Time)";"5h 25m";"-0.00"
"233";"USTEC_ICM_UTC2";"Buy";"16633.9";"16673.9";"2023.12.18 16:30:00";"2023.12.18 17:01:00";"30.0";"1200.00";"16433.90039";"16673.90039";"86003.93";"0.00";"IST";"PT";"31m 0s";"-0.00"
"234";"USTEC_ICM_UTC2";"Buy";"16799.9";"16839.9";"2023.12.19 18:15:00";"2023.12.20 17:21:00";"30.0";"1016.88";"16599.90039";"16839.90039";"87020.80";"0.00";"IST";"PT";"23h 6m";"-183.12"
"235";"USTEC_ICM_UTC2";"Buy";"16854.4";"16654.4";"2023.12.20 17:45:00";"2023.12.20 21:53:00";"30.0";"-6000.00";"16654.40039";"16894.40039";"81020.80";"0.00";"IST";"SL";"4h 8m";"-0.00"
"236";"USTEC_ICM_UTC2";"Buy";"16695.4";"16735.4";"2023.12.21 17:45:00";"2023.12.21 22:28:00";"30.0";"1200.00";"16495.40039";"16735.40039";"82220.80";"0.00";"IST";"PT";"4h 43m";"-0.00"
"237";"USTEC_ICM_UTC2";"Buy";"16801.1";"16841.1";"2023.12.22 16:30:00";"2023.12.22 16:50:00";"30.0";"1200.00";"16601.09961";"16841.09961";"83420.80";"0.00";"IST";"PT";"20m 0s";"-0.00"
"238";"USTEC_ICM_UTC2";"Buy";"16812.0";"16852.0";"2023.12.26 16:30:00";"2023.12.26 16:43:00";"30.0";"1200.00";"16612.00000";"16852.00000";"84620.80";"0.00";"IST";"PT";"13m 0s";"-0.00"
"239";"USTEC_ICM_UTC2";"Buy";"16911.0";"16951.0";"2023.12.27 17:00:00";"2023.12.28 03:36:00";"30.0";"1016.88";"16711.00000";"16951.00000";"85637.69";"0.00";"IST";"PT";"10h 36m";"-183.12"
"240";"USTEC_ICM_UTC2";"Buy";"16923.3";"16810.5";"2023.12.28 19:00:00";"2023.12.29 22:55:00";"30.0";"-3567.15";"16723.30078";"16963.30078";"82070.54";"0.00";"IST";"End Of Friday (Time)";"1d 3h 55m";"-183.12"
"241";"USTEC_ICM_UTC2";"Buy";"16548.7";"16588.7";"2024.01.02 17:30:00";"2024.01.02 18:30:00";"30.0";"1200.00";"16348.70020";"16588.69922";"83270.54";"0.00";"IST";"PT";"1h 0m";"-0.00"
"242";"USTEC_ICM_UTC2";"Buy";"16421.2";"16221.2";"2024.01.03 18:00:00";"2024.01.05 12:26:00";"30.0";"-6366.21";"16221.20020";"16461.19922";"76904.33";"0.00";"IST";"SL";"1d 18h 26m";"-366.24"
"243";"USTEC_ICM_UTC2";"Buy";"16289.2";"16329.2";"2024.01.05 16:30:00";"2024.01.05 16:35:00";"30.0";"1200.00";"16089.20020";"16329.20020";"78104.33";"0.00";"IST";"PT";"5m 0s";"-0.00"
"244";"USTEC_ICM_UTC2";"Buy";"16353.7";"16393.7";"2024.01.08 16:30:00";"2024.01.08 16:35:00";"30.0";"1199.97";"16153.70020";"16393.69922";"79304.30";"0.00";"IST";"PT";"5m 0s";"-0.00"
"245";"USTEC_ICM_UTC2";"Buy";"16513.4";"16553.4";"2024.01.09 16:30:00";"2024.01.09 16:32:00";"30.0";"1200.00";"16313.40039";"16553.40039";"80504.30";"0.00";"IST";"PT";"2m 0s";"-0.00"
"246";"USTEC_ICM_UTC2";"Buy";"16735.3";"16775.3";"2024.01.10 17:45:00";"2024.01.10 20:04:00";"30.0";"1200.00";"16535.30078";"16775.30078";"81704.30";"0.00";"IST";"PT";"2h 19m";"-0.00"
"247";"USTEC_ICM_UTC2";"Buy";"16837.4";"16877.4";"2024.01.11 16:30:00";"2024.01.11 16:35:00";"30.0";"1200.00";"16637.40039";"16877.40039";"82904.30";"0.00";"IST";"PT";"5m 0s";"-0.00"
"248";"USTEC_ICM_UTC2";"Buy";"16869.6";"16833.9";"2024.01.12 16:30:00";"2024.01.12 22:55:00";"30.0";"-1070.97";"16669.59961";"16909.59961";"81833.33";"0.00";"IST";"End Of Friday (Time)";"6h 25m";"-0.00"
"249";"USTEC_ICM_UTC2";"Buy";"16821.1";"16861.1";"2024.01.15 16:45:00";"2024.01.16 17:24:00";"30.0";"1016.88";"16621.09961";"16861.09961";"82850.21";"0.00";"IST";"PT";"1d 0h 39m";"-183.12"
"250";"USTEC_ICM_UTC2";"Buy";"16875.8";"16675.8";"2024.01.16 17:45:00";"2024.01.17 15:47:00";"30.0";"-6183.12";"16675.80078";"16915.80078";"76667.09";"0.00";"IST";"SL";"22h 2m";"-183.12"
"251";"USTEC_ICM_UTC2";"Buy";"16658.5";"16698.5";"2024.01.17 20:15:00";"2024.01.17 21:42:00";"30.0";"1200.00";"16458.50000";"16698.50000";"77867.09";"0.00";"IST";"PT";"1h 27m";"-0.00"
"252";"USTEC_ICM_UTC2";"Buy";"16904.8";"16944.8";"2024.01.18 16:45:00";"2024.01.18 17:48:00";"30.0";"1200.00";"16704.80078";"16944.80078";"79067.09";"0.00";"IST";"PT";"1h 3m";"-0.00"
"253";"USTEC_ICM_UTC2";"Buy";"17133.3";"17173.3";"2024.01.19 19:15:00";"2024.01.19 19:31:00";"30.0";"1200.00";"16933.30078";"17173.30078";"80267.09";"0.00";"IST";"PT";"16m 0s";"-0.00"
"254";"USTEC_ICM_UTC2";"Buy";"17350.4";"17390.4";"2024.01.22 21:00:00";"2024.01.23 15:38:00";"30.0";"1016.88";"17150.40039";"17390.40039";"81283.97";"0.00";"IST";"PT";"18h 38m";"-183.12"
"255";"USTEC_ICM_UTC2";"Buy";"17352.4";"17392.4";"2024.01.23 17:15:00";"2024.01.23 22:12:00";"30.0";"1200.00";"17152.40039";"17392.40039";"82483.97";"0.00";"IST";"PT";"4h 57m";"-0.00"
"256";"USTEC_ICM_UTC2";"Buy";"17568.8";"17608.8";"2024.01.24 16:30:00";"2024.01.24 17:36:00";"30.0";"1200.00";"17368.80078";"17608.80078";"83683.97";"0.00";"IST";"PT";"1h 6m";"-0.00"
"257";"USTEC_ICM_UTC2";"Buy";"17610.4";"17410.4";"2024.01.25 17:30:00";"2024.01.26 03:00:00";"30.0";"-6183.12";"17410.40039";"17650.40039";"77500.84";"0.00";"IST";"SL";"9h 30m";"-183.12"
"258";"USTEC_ICM_UTC2";"Buy";"17508.2";"17412.8";"2024.01.26 19:15:00";"2024.01.26 22:55:00";"30.0";"-2861.94";"17308.19922";"17548.19922";"74638.91";"0.00";"IST";"End Of Friday (Time)";"3h 40m";"-0.00"
"259";"USTEC_ICM_UTC2";"Buy";"17448.6";"17488.6";"2024.01.29 18:30:00";"2024.01.29 19:24:00";"30.0";"1200.00";"17248.59961";"17488.59961";"75838.91";"0.00";"IST";"PT";"54m 0s";"-0.00"
"260";"USTEC_ICM_UTC2";"Buy";"17489.3";"17289.3";"2024.01.30 20:30:00";"2024.01.31 11:16:00";"30.0";"-6183.12";"17289.30078";"17529.30078";"69655.79";"0.00";"IST";"SL";"14h 46m";"-183.12"
"261";"USTEC_ICM_UTC2";"Buy";"17274.8";"17314.8";"2024.01.31 20:30:00";"2024.01.31 21:39:00";"30.0";"1200.00";"17074.80078";"17314.80078";"70855.79";"0.00";"IST";"PT";"1h 9m";"-0.00"
"262";"USTEC_ICM_UTC2";"Buy";"17186.7";"17226.7";"2024.02.01 18:30:00";"2024.02.01 18:40:00";"30.0";"1200.00";"16986.69922";"17226.69922";"72055.79";"0.00";"IST";"PT";"10m 0s";"-0.00"
"263";"USTEC_ICM_UTC2";"Buy";"17413.2";"17453.2";"2024.02.02 16:30:00";"2024.02.02 16:38:00";"30.0";"1200.00";"17213.19922";"17453.19922";"73255.79";"0.00";"IST";"PT";"8m 0s";"-0.00"
"264";"USTEC_ICM_UTC2";"Buy";"17632.9";"17672.9";"2024.02.05 16:30:00";"2024.02.06 09:30:00";"30.0";"1016.88";"17432.90039";"17672.90039";"74272.66";"0.00";"IST";"PT";"17h 0m";"-183.12"
"265";"USTEC_ICM_UTC2";"Buy";"17652.8";"17692.8";"2024.02.06 16:30:00";"2024.02.07 17:13:00";"30.0";"1016.88";"17452.80078";"17692.80078";"75289.55";"0.00";"IST";"PT";"1d 0h 43m";"-183.12"
"266";"USTEC_ICM_UTC2";"Buy";"17722.1";"17762.1";"2024.02.07 17:15:00";"2024.02.07 17:27:00";"30.0";"1200.00";"17522.09961";"17762.09961";"76489.55";"0.00";"IST";"PT";"12m 0s";"-0.00"
"267";"USTEC_ICM_UTC2";"Buy";"17770.0";"17810.0";"2024.02.08 17:00:00";"2024.02.08 17:54:00";"30.0";"1200.00";"17570.00000";"17810.00000";"77689.55";"0.00";"IST";"PT";"54m 0s";"-0.00"
"268";"USTEC_ICM_UTC2";"Buy";"17921.5";"17961.5";"2024.02.09 18:15:00";"2024.02.09 20:33:00";"30.0";"1200.00";"17721.50000";"17961.50000";"78889.55";"0.00";"IST";"PT";"2h 18m";"-0.00"
"269";"USTEC_ICM_UTC2";"Buy";"18003.1";"18043.1";"2024.02.12 18:00:00";"2024.02.12 18:38:00";"30.0";"1200.00";"17803.09961";"18043.09961";"80089.55";"0.00";"IST";"PT";"38m 0s";"-0.00"
"270";"USTEC_ICM_UTC2";"Buy";"17691.8";"17491.8";"2024.02.13 18:45:00";"2024.02.13 22:17:00";"30.0";"-6000.00";"17491.80078";"17731.80078";"74089.55";"0.00";"IST";"SL";"3h 32m";"-0.00"
"271";"USTEC_ICM_UTC2";"Buy";"17658.6";"17698.6";"2024.02.14 18:45:00";"2024.02.14 19:32:00";"30.0";"1200.00";"17458.59961";"17698.59961";"75289.55";"0.00";"IST";"PT";"47m 0s";"-0.00"
"272";"USTEC_ICM_UTC2";"Buy";"17813.4";"17853.4";"2024.02.15 19:45:00";"2024.02.15 20:20:00";"30.0";"1200.00";"17613.40039";"17853.40039";"76489.55";"0.00";"IST";"PT";"35m 0s";"-0.00"
"273";"USTEC_ICM_UTC2";"Buy";"17818.9";"17681.2";"2024.02.16 19:30:00";"2024.02.16 22:55:00";"30.0";"-4131.03";"17618.90039";"17858.90039";"72358.52";"0.00";"IST";"End Of Friday (Time)";"3h 25m";"-0.00"
"274";"USTEC_ICM_UTC2";"Buy";"17738.2";"17538.2";"2024.02.19 16:45:00";"2024.02.20 16:40:00";"30.0";"-6183.12";"17538.19922";"17778.19922";"66175.40";"0.00";"IST";"SL";"23h 55m";"-183.12"
"275";"USTEC_ICM_UTC2";"Buy";"17484.5";"17524.5";"2024.02.20 21:45:00";"2024.02.20 22:09:00";"30.0";"1200.00";"17284.50000";"17524.50000";"67375.40";"0.00";"IST";"PT";"24m 0s";"-0.00"
"276";"USTEC_ICM_UTC2";"Buy";"17415.5";"17455.5";"2024.02.21 17:30:00";"2024.02.21 18:14:00";"30.0";"1200.00";"17215.50000";"17455.50000";"68575.40";"0.00";"IST";"PT";"44m 0s";"-0.00"
"277";"USTEC_ICM_UTC2";"Buy";"17885.0";"17925.0";"2024.02.22 17:15:00";"2024.02.22 18:35:00";"30.0";"1200.00";"17685.00000";"17925.00000";"69775.40";"0.00";"IST";"PT";"1h 20m";"-0.00"
"278";"USTEC_ICM_UTC2";"Buy";"18055.8";"17956.6";"2024.02.23 16:30:00";"2024.02.23 22:55:00";"30.0";"-2976.03";"17855.80078";"18095.80078";"66799.37";"0.00";"IST";"End Of Friday (Time)";"6h 25m";"-0.00"
"279";"USTEC_ICM_UTC2";"Buy";"17991.1";"17791.1";"2024.02.26 17:45:00";"2024.02.29 10:11:00";"30.0";"-6549.36";"17791.09961";"18031.09961";"60250.01";"0.00";"IST";"SL";"2d 16h 26m";"-549.36"
"280";"USTEC_ICM_UTC2";"Buy";"18015.0";"18055.0";"2024.02.29 17:00:00";"2024.02.29 22:55:00";"30.0";"1200.00";"17815.00000";"18055.00000";"61450.01";"0.00";"IST";"PT";"5h 55m";"-0.00"
"281";"USTEC_ICM_UTC2";"Buy";"18057.3";"18097.3";"2024.03.01 16:30:00";"2024.03.01 16:33:00";"30.0";"1200.00";"17857.30078";"18097.30078";"62650.01";"0.00";"IST";"PT";"3m 0s";"-0.00"
"282";"USTEC_ICM_UTC2";"Buy";"18264.5";"18304.5";"2024.03.04 21:15:00";"2024.03.04 21:39:00";"30.0";"1200.00";"18064.50000";"18304.50000";"63850.01";"0.00";"IST";"PT";"24m 0s";"-0.00"
"283";"USTEC_ICM_UTC2";"Buy";"17863.4";"17903.4";"2024.03.05 21:30:00";"2024.03.05 22:58:00";"30.0";"1200.00";"17663.40039";"17903.40039";"65050.01";"0.00";"IST";"PT";"1h 28m";"-0.00"
"284";"USTEC_ICM_UTC2";"Buy";"18002.1";"18042.1";"2024.03.06 17:45:00";"2024.03.06 17:50:00";"30.0";"1200.00";"17802.09961";"18042.09961";"66250.01";"0.00";"IST";"PT";"5m 0s";"-0.00"
"285";"USTEC_ICM_UTC2";"Buy";"18242.7";"18282.7";"2024.03.07 18:15:00";"2024.03.07 18:57:00";"30.0";"1200.00";"18042.69922";"18282.69922";"67450.01";"0.00";"IST";"PT";"42m 0s";"-0.00"
"286";"USTEC_ICM_UTC2";"Buy";"18371.5";"18411.5";"2024.03.08 17:00:00";"2024.03.08 17:29:00";"30.0";"1200.00";"18171.50000";"18411.50000";"68650.01";"0.00";"IST";"PT";"29m 0s";"-0.00"
"287";"USTEC_ICM_UTC2";"Buy";"17985.5";"18025.5";"2024.03.11 17:00:00";"2024.03.12 00:15:00";"30.0";"1016.88";"17785.50000";"18025.50000";"69666.89";"0.00";"IST";"PT";"7h 15m";"-183.12"
"288";"USTEC_ICM_UTC2";"Buy";"18148.5";"18188.5";"2024.03.12 16:45:00";"2024.03.12 17:23:00";"30.0";"1200.00";"17948.50000";"18188.50000";"70866.89";"0.00";"IST";"PT";"38m 0s";"-0.00"
"289";"USTEC_ICM_UTC2";"Buy";"18119.6";"18159.6";"2024.03.13 19:15:00";"2024.03.14 10:10:00";"30.0";"1016.88";"17919.59961";"18159.59961";"71883.77";"0.00";"IST";"PT";"14h 55m";"-183.12"
"290";"USTEC_ICM_UTC2";"Buy";"18044.5";"17844.5";"2024.03.14 20:00:00";"2024.03.15 15:43:00";"30.0";"-6183.12";"17844.50000";"18084.50000";"65700.65";"0.00";"IST";"SL";"19h 43m";"-183.12"
"291";"USTEC_ICM_UTC2";"Buy";"17835.4";"17875.4";"2024.03.15 20:00:00";"2024.03.18 04:45:00";"30.0";"650.64";"17635.40039";"17875.40039";"66351.29";"0.00";"IST";"PT";"2d 8h 45m";"-549.36"
"292";"USTEC_ICM_UTC2";"Buy";"18128.4";"17928.4";"2024.03.18 16:30:00";"2024.03.19 01:03:00";"30.0";"-6183.12";"17928.40039";"18168.40039";"60168.17";"0.00";"IST";"SL";"8h 33m";"-183.12"
"293";"USTEC_ICM_UTC2";"Buy";"17826.8";"17866.8";"2024.03.19 16:30:00";"2024.03.19 16:39:00";"30.0";"1200.00";"17626.80078";"17866.80078";"61368.17";"0.00";"IST";"PT";"9m 0s";"-0.00"
"294";"USTEC_ICM_UTC2";"Buy";"18107.4";"18147.4";"2024.03.20 20:15:00";"2024.03.20 20:42:00";"30.0";"1200.00";"17907.40039";"18147.40039";"62568.17";"0.00";"IST";"PT";"27m 0s";"-0.00"
"295";"USTEC_ICM_UTC2";"Buy";"18417.8";"18457.8";"2024.03.21 16:30:00";"2024.03.21 18:15:00";"30.0";"1200.00";"18217.80078";"18457.80078";"63768.17";"0.00";"IST";"PT";"1h 45m";"-0.00"
"296";"USTEC_ICM_UTC2";"Buy";"18299.8";"18339.8";"2024.03.22 16:30:00";"2024.03.22 18:51:00";"30.0";"1200.00";"18099.80078";"18339.80078";"64968.17";"0.00";"IST";"PT";"2h 21m";"-0.00"
"297";"USTEC_ICM_UTC2";"Buy";"18283.0";"18323.0";"2024.03.25 16:30:00";"2024.03.25 19:42:00";"30.0";"1200.00";"18083.00000";"18323.00000";"66168.16";"0.00";"IST";"PT";"3h 12m";"-0.00"
"298";"USTEC_ICM_UTC2";"Buy";"18343.7";"18383.7";"2024.03.26 17:15:00";"2024.04.01 02:35:00";"30.0";"101.28";"18143.69922";"18383.69922";"66269.45";"0.00";"IST";"PT";"5d 9h 20m";"-1098.72"
"299";"USTEC_ICM_UTC2";"Buy";"18254.6";"18294.6";"2024.04.01 21:00:00";"2024.04.01 22:55:00";"30.0";"1200.00";"18054.59961";"18294.59961";"67469.45";"0.00";"IST";"PT";"1h 55m";"-0.00"
"300";"USTEC_ICM_UTC2";"Buy";"18049.7";"18089.7";"2024.04.02 19:30:00";"2024.04.02 20:03:00";"30.0";"1200.00";"17849.69922";"18089.69922";"68669.45";"0.00";"IST";"PT";"33m 0s";"-0.00"
"301";"USTEC_ICM_UTC2";"Buy";"18236.8";"18276.8";"2024.04.03 18:15:00";"2024.04.04 02:31:00";"30.0";"1016.88";"18036.80078";"18276.80078";"69686.33";"0.00";"IST";"PT";"8h 16m";"-183.12"
"302";"USTEC_ICM_UTC2";"Buy";"18297.1";"18337.1";"2024.04.04 18:00:00";"2024.04.04 19:04:00";"30.0";"1200.00";"18097.09961";"18337.09961";"70886.33";"0.00";"IST";"PT";"1h 4m";"-0.00"
"303";"USTEC_ICM_UTC2";"Buy";"18016.3";"18056.3";"2024.04.05 17:00:00";"2024.04.05 17:12:00";"30.0";"1200.00";"17816.30078";"18056.30078";"72086.33";"0.00";"IST";"PT";"12m 0s";"-0.00"
"304";"USTEC_ICM_UTC2";"Buy";"18117.4";"18157.4";"2024.04.08 17:15:00";"2024.04.08 17:30:00";"30.0";"1200.00";"17917.40039";"18157.40039";"73286.33";"0.00";"IST";"PT";"15m 0s";"-0.00"
"305";"USTEC_ICM_UTC2";"Buy";"18199.3";"17999.3";"2024.04.09 16:30:00";"2024.04.09 17:42:00";"30.0";"-6000.00";"17999.30078";"18239.30078";"67286.33";"0.00";"IST";"SL";"1h 12m";"-0.00"
"306";"USTEC_ICM_UTC2";"Buy";"17950.6";"17990.6";"2024.04.10 16:30:00";"2024.04.10 16:36:00";"30.0";"1200.00";"17750.59961";"17990.59961";"68486.33";"0.00";"IST";"PT";"6m 0s";"-0.00"
"307";"USTEC_ICM_UTC2";"Buy";"18061.8";"18101.8";"2024.04.11 18:00:00";"2024.04.11 18:41:00";"30.0";"1200.00";"17861.80078";"18101.80078";"69686.33";"0.00";"IST";"PT";"41m 0s";"-0.00"
"308";"USTEC_ICM_UTC2";"Buy";"18097.7";"17999.0";"2024.04.12 18:45:00";"2024.04.12 22:55:00";"30.0";"-2960.97";"17897.69922";"18137.69922";"66725.36";"0.00";"IST";"End Of Friday (Time)";"4h 10m";"-0.00"
"309";"USTEC_ICM_UTC2";"Buy";"18164.6";"17964.6";"2024.04.15 16:30:00";"2024.04.15 19:24:00";"30.0";"-6000.00";"17964.59961";"18204.59961";"60725.36";"0.00";"IST";"SL";"2h 54m";"-0.00"
"310";"USTEC_ICM_UTC2";"Buy";"17747.7";"17787.7";"2024.04.16 17:15:00";"2024.04.16 21:08:00";"30.0";"1200.00";"17547.69922";"17787.69922";"61925.36";"0.00";"IST";"PT";"3h 53m";"-0.00"
"311";"USTEC_ICM_UTC2";"Buy";"17518.4";"17558.4";"2024.04.18 16:30:00";"2024.04.18 17:45:00";"30.0";"1200.00";"17318.40039";"17558.40039";"63125.36";"0.00";"IST";"PT";"1h 15m";"-0.00"
"312";"USTEC_ICM_UTC2";"Buy";"17037.6";"17037.2";"2024.04.19 22:30:00";"2024.04.19 22:55:00";"30.0";"-12.00";"16837.59961";"17077.59961";"63113.36";"0.00";"IST";"End Of Friday (Time)";"25m 0s";"-0.00"
"313";"USTEC_ICM_UTC2";"Buy";"17168.1";"17208.1";"2024.04.22 20:15:00";"2024.04.22 20:31:00";"30.0";"1200.00";"16968.09961";"17208.09961";"64313.36";"0.00";"IST";"PT";"16m 0s";"-0.00"
"314";"USTEC_ICM_UTC2";"Buy";"17372.6";"17412.6";"2024.04.23 17:15:00";"2024.04.23 17:26:00";"30.0";"1200.00";"17172.59961";"17412.59961";"65513.36";"0.00";"IST";"PT";"11m 0s";"-0.00"
"315";"USTEC_ICM_UTC2";"Buy";"17633.1";"17433.1";"2024.04.24 16:45:00";"2024.04.24 19:34:00";"30.0";"-6000.00";"17433.09961";"17673.09961";"59513.36";"0.00";"IST";"SL";"2h 49m";"-0.00"
"316";"USTEC_ICM_UTC2";"Buy";"17282.2";"17322.2";"2024.04.25 18:30:00";"2024.04.25 19:21:00";"30.0";"1200.00";"17082.19922";"17322.19922";"60713.36";"0.00";"IST";"PT";"51m 0s";"-0.00"
"317";"USTEC_ICM_UTC2";"Buy";"17657.0";"17697.0";"2024.04.26 17:00:00";"2024.04.26 17:12:00";"30.0";"1200.00";"17457.00000";"17697.00000";"61913.36";"0.00";"IST";"PT";"12m 0s";"-0.00"
"318";"USTEC_ICM_UTC2";"Buy";"17771.3";"17571.3";"2024.04.29 17:15:00";"2024.04.30 19:41:00";"30.0";"-6183.12";"17571.30078";"17811.30078";"55730.24";"0.00";"IST";"SL";"1d 2h 26m";"-183.12"
"319";"USTEC_ICM_UTC2";"Buy";"17586.1";"17368.4";"2024.04.30 20:45:00";"2024.05.01 01:06:00";"30.0";"-6715.50";"17386.09961";"17626.09961";"49014.74";"0.00";"IST";"SL";"4h 21m";"-183.12"
"320";"USTEC_ICM_UTC2";"Buy";"17382.0";"17422.0";"2024.05.01 16:30:00";"2024.05.01 21:27:00";"30.0";"1200.00";"17182.00000";"17422.00000";"50214.74";"0.00";"IST";"PT";"4h 57m";"-0.00"
"321";"USTEC_ICM_UTC2";"Buy";"17413.1";"17453.1";"2024.05.02 19:15:00";"2024.05.02 20:07:00";"30.0";"1200.00";"17213.09961";"17453.09961";"51414.74";"0.00";"IST";"PT";"52m 0s";"-0.00"
"322";"USTEC_ICM_UTC2";"Buy";"17895.2";"17935.2";"2024.05.03 17:00:00";"2024.05.03 17:00:00";"30.0";"1200.00";"17695.19922";"17935.19922";"52614.74";"0.00";"IST";"PT";"0s";"-0.00"
"323";"USTEC_ICM_UTC2";"Buy";"17994.3";"18034.3";"2024.05.06 17:45:00";"2024.05.06 21:24:00";"30.0";"1200.00";"17794.30078";"18034.30078";"53814.74";"0.00";"IST";"PT";"3h 39m";"-0.00"
"324";"USTEC_ICM_UTC2";"Buy";"18098.7";"18138.7";"2024.05.07 17:45:00";"2024.05.07 17:57:00";"30.0";"1200.00";"17898.69922";"18138.69922";"55014.74";"0.00";"IST";"PT";"12m 0s";"-0.00"
"325";"USTEC_ICM_UTC2";"Buy";"18116.5";"18156.5";"2024.05.08 18:00:00";"2024.05.10 09:59:00";"30.0";"833.76";"17916.50000";"18156.50000";"55848.50";"0.00";"IST";"PT";"1d 15h 59m";"-366.24"
"326";"USTEC_ICM_UTC2";"Buy";"18158.9";"18167.2";"2024.05.10 21:15:00";"2024.05.10 22:55:00";"30.0";"248.97";"17958.90039";"18198.90039";"56097.47";"0.00";"IST";"End Of Friday (Time)";"1h 40m";"-0.00"
"327";"USTEC_ICM_UTC2";"Buy";"18195.4";"18235.4";"2024.05.13 17:15:00";"2024.05.14 17:23:00";"30.0";"1016.88";"17995.40039";"18235.40039";"57114.35";"0.00";"IST";"PT";"1d 0h 8m";"-183.12"
"328";"USTEC_ICM_UTC2";"Buy";"18245.6";"18285.6";"2024.05.14 18:00:00";"2024.05.14 21:15:00";"30.0";"1200.00";"18045.59961";"18285.59961";"58314.35";"0.00";"IST";"PT";"3h 15m";"-0.00"
"329";"USTEC_ICM_UTC2";"Buy";"18436.4";"18476.4";"2024.05.15 17:30:00";"2024.05.15 17:49:00";"30.0";"1200.00";"18236.40039";"18476.40039";"59514.35";"0.00";"IST";"PT";"19m 0s";"-0.00"
"330";"USTEC_ICM_UTC2";"Buy";"18649.0";"18539.3";"2024.05.16 18:15:00";"2024.05.17 22:55:00";"30.0";"-3474.09";"18449.00000";"18689.00000";"56040.26";"0.00";"IST";"End Of Friday (Time)";"1d 4h 40m";"-183.12"
"331";"USTEC_ICM_UTC2";"Buy";"18658.0";"18698.0";"2024.05.20 18:00:00";"2024.05.20 19:52:00";"30.0";"1200.00";"18458.00000";"18698.00000";"57240.26";"0.00";"IST";"PT";"1h 52m";"-0.00"
"332";"USTEC_ICM_UTC2";"Buy";"18680.2";"18720.2";"2024.05.21 19:30:00";"2024.05.21 22:57:00";"30.0";"1200.00";"18480.19922";"18720.19922";"58440.26";"0.00";"IST";"PT";"3h 27m";"-0.00"
"333";"USTEC_ICM_UTC2";"Buy";"18740.0";"18780.0";"2024.05.22 17:00:00";"2024.05.23 02:06:00";"30.0";"1016.88";"18540.00000";"18780.00000";"59457.14";"0.00";"IST";"PT";"9h 6m";"-183.12"
"334";"USTEC_ICM_UTC2";"Buy";"18749.6";"18789.6";"2024.05.24 17:45:00";"2024.05.24 17:56:00";"30.0";"1200.00";"18549.59961";"18789.59961";"60657.14";"0.00";"IST";"PT";"11m 0s";"-0.00"
"335";"USTEC_ICM_UTC2";"Buy";"18809.9";"18849.9";"2024.05.27 16:30:00";"2024.05.27 18:13:00";"30.0";"1200.00";"18609.90039";"18849.90039";"61857.14";"0.00";"IST";"PT";"1h 43m";"-0.00"
"336";"USTEC_ICM_UTC2";"Buy";"18846.6";"18886.6";"2024.05.28 18:15:00";"2024.05.28 23:00:00";"30.0";"1200.00";"18646.59961";"18886.59961";"63057.14";"0.00";"IST";"PT";"4h 45m";"-0.00"
"337";"USTEC_ICM_UTC2";"Buy";"18775.3";"18575.3";"2024.05.29 18:45:00";"2024.05.30 18:04:00";"30.0";"-6183.12";"18575.30078";"18815.30078";"56874.02";"0.00";"IST";"SL";"23h 19m";"-183.12"
"338";"USTEC_ICM_UTC2";"Buy";"18656.6";"18456.6";"2024.05.30 20:45:00";"2024.05.31 03:13:00";"30.0";"-6183.12";"18456.59961";"18696.59961";"50690.90";"0.00";"IST";"SL";"6h 28m";"-183.12"
"339";"USTEC_ICM_UTC2";"Buy";"18299.0";"18339.0";"2024.05.31 22:00:00";"2024.05.31 22:11:00";"30.0";"1200.00";"18099.00000";"18339.00000";"51890.90";"0.00";"IST";"PT";"11m 0s";"-0.00"
"340";"USTEC_ICM_UTC2";"Buy";"18662.4";"18702.4";"2024.06.03 16:30:00";"2024.06.03 16:46:00";"30.0";"1200.00";"18462.40039";"18702.40039";"53090.90";"0.00";"IST";"PT";"16m 0s";"-0.00"
"341";"USTEC_ICM_UTC2";"Buy";"18593.4";"18633.4";"2024.06.04 16:30:00";"2024.06.04 21:17:00";"30.0";"1200.00";"18393.40039";"18633.40039";"54290.90";"0.00";"IST";"PT";"4h 47m";"-0.00"
"342";"USTEC_ICM_UTC2";"Buy";"18845.6";"18885.6";"2024.06.05 17:30:00";"2024.06.05 17:36:00";"30.0";"1200.00";"18645.59961";"18885.59961";"55490.90";"0.00";"IST";"PT";"6m 0s";"-0.00"
"343";"USTEC_ICM_UTC2";"Buy";"19056.7";"19096.7";"2024.06.06 16:30:00";"2024.06.07 19:55:00";"30.0";"1016.88";"18856.69922";"19096.69922";"56507.78";"0.00";"IST";"PT";"1d 3h 25m";"-183.12"
"344";"USTEC_ICM_UTC2";"Buy";"19089.1";"18997.7";"2024.06.07 20:15:00";"2024.06.07 22:55:00";"30.0";"-2742.00";"18889.09961";"19129.09961";"53765.78";"0.00";"IST";"End Of Friday (Time)";"2h 40m";"-0.00"
"345";"USTEC_ICM_UTC2";"Buy";"18958.7";"18998.7";"2024.06.10 17:00:00";"2024.06.10 17:29:00";"30.0";"1200.00";"18758.69922";"18998.69922";"54965.78";"0.00";"IST";"PT";"29m 0s";"-0.00"
"346";"USTEC_ICM_UTC2";"Buy";"19024.0";"19064.0";"2024.06.11 16:30:00";"2024.06.11 17:40:00";"30.0";"1200.00";"18824.00000";"19064.00000";"56165.78";"0.00";"IST";"PT";"1h 10m";"-0.00"
"347";"USTEC_ICM_UTC2";"Buy";"19371.8";"19411.8";"2024.06.12 16:30:00";"2024.06.12 16:39:00";"30.0";"1200.00";"19171.80078";"19411.80078";"57365.78";"0.00";"IST";"PT";"9m 0s";"-0.00"
"348";"USTEC_ICM_UTC2";"Buy";"19608.2";"19648.2";"2024.06.13 16:30:00";"2024.06.14 20:32:00";"30.0";"1016.88";"19408.19922";"19648.19922";"58382.66";"0.00";"IST";"PT";"1d 4h 2m";"-183.12"
"349";"USTEC_ICM_UTC2";"Buy";"19645.7";"19633.7";"2024.06.14 22:00:00";"2024.06.14 22:55:00";"30.0";"-360.00";"19445.69922";"19685.69922";"58022.66";"0.00";"IST";"End Of Friday (Time)";"55m 0s";"-0.00"
"350";"USTEC_ICM_UTC2";"Buy";"19675.2";"19715.2";"2024.06.17 16:30:00";"2024.06.17 18:05:00";"30.0";"1200.00";"19475.19922";"19715.19922";"59222.66";"0.00";"IST";"PT";"1h 35m";"-0.00"
"351";"USTEC_ICM_UTC2";"Buy";"19914.3";"19954.3";"2024.06.18 20:15:00";"2024.06.19 13:54:00";"30.0";"1016.88";"19714.30078";"19954.30078";"60239.54";"0.00";"IST";"PT";"17h 39m";"-183.12"
"352";"USTEC_ICM_UTC2";"Buy";"19954.3";"19994.3";"2024.06.19 16:30:00";"2024.06.20 06:45:00";"30.0";"1016.88";"19754.30078";"19994.30078";"61256.42";"0.00";"IST";"PT";"14h 15m";"-183.12"
"353";"USTEC_ICM_UTC2";"Buy";"19772.4";"19812.4";"2024.06.20 22:45:00";"2024.06.21 09:13:00";"30.0";"1016.88";"19572.40039";"19812.40039";"62273.30";"0.00";"IST";"PT";"10h 28m";"-183.12"
"354";"USTEC_ICM_UTC2";"Buy";"19693.7";"19733.7";"2024.06.21 17:30:00";"2024.06.21 17:59:00";"30.0";"1200.00";"19493.69922";"19733.69922";"63473.30";"0.00";"IST";"PT";"29m 0s";"-0.00"
"355";"USTEC_ICM_UTC2";"Buy";"19701.9";"19501.9";"2024.06.24 17:15:00";"2024.06.24 21:33:00";"30.0";"-6000.00";"19501.90039";"19741.90039";"57473.30";"0.00";"IST";"SL";"4h 18m";"-0.00"
"356";"USTEC_ICM_UTC2";"Buy";"19665.6";"19705.6";"2024.06.25 18:30:00";"2024.06.25 22:28:00";"30.0";"1200.00";"19465.59961";"19705.59961";"58673.30";"0.00";"IST";"PT";"3h 58m";"-0.00"
"357";"USTEC_ICM_UTC2";"Buy";"19713.6";"19753.6";"2024.06.26 18:00:00";"2024.06.26 18:54:00";"30.0";"1200.00";"19513.59961";"19753.59961";"59873.30";"0.00";"IST";"PT";"54m 0s";"-0.00"
"358";"USTEC_ICM_UTC2";"Buy";"19801.9";"19841.9";"2024.06.27 17:00:00";"2024.06.27 17:14:00";"30.0";"1200.00";"19601.90039";"19841.90039";"61073.30";"0.00";"IST";"PT";"14m 0s";"-0.00"
"359";"USTEC_ICM_UTC2";"Buy";"19856.0";"19721.6";"2024.06.28 18:45:00";"2024.06.28 22:55:00";"30.0";"-4032.00";"19656.00000";"19896.00000";"57041.30";"0.00";"IST";"End Of Friday (Time)";"4h 10m";"-0.00"
"360";"USTEC_ICM_UTC2";"Buy";"19777.7";"19817.7";"2024.07.01 19:30:00";"2024.07.01 22:55:00";"30.0";"1200.00";"19577.69922";"19817.69922";"58241.30";"0.00";"IST";"PT";"3h 25m";"-0.00"
"361";"USTEC_ICM_UTC2";"Buy";"19741.6";"19781.6";"2024.07.02 16:30:00";"2024.07.02 16:32:00";"30.0";"1200.00";"19541.59961";"19781.59961";"59441.30";"0.00";"IST";"PT";"2m 0s";"-0.00"
"362";"USTEC_ICM_UTC2";"Buy";"20079.3";"20119.3";"2024.07.03 18:00:00";"2024.07.03 18:21:00";"30.0";"1200.00";"19879.30078";"20119.30078";"60641.30";"0.00";"IST";"PT";"21m 0s";"-0.00"
"363";"USTEC_ICM_UTC2";"Buy";"20147.2";"20187.2";"2024.07.04 19:45:00";"2024.07.05 07:23:00";"30.0";"1016.88";"19947.19922";"20187.19922";"61658.18";"0.00";"IST";"PT";"11h 38m";"-183.12"
"364";"USTEC_ICM_UTC2";"Buy";"20239.5";"20279.5";"2024.07.05 16:45:00";"2024.07.05 16:56:00";"30.0";"1200.00";"20039.50000";"20279.50000";"62858.18";"0.00";"IST";"PT";"11m 0s";"-0.00"
"365";"USTEC_ICM_UTC2";"Buy";"20400.6";"20440.6";"2024.07.08 16:30:00";"2024.07.08 18:31:00";"30.0";"1200.00";"20200.59961";"20440.59961";"64058.18";"0.00";"IST";"PT";"2h 1m";"-0.00"
"366";"USTEC_ICM_UTC2";"Buy";"20483.1";"20523.1";"2024.07.09 18:00:00";"2024.07.10 14:44:00";"30.0";"1016.88";"20283.09961";"20523.09961";"65075.06";"0.00";"IST";"PT";"20h 44m";"-183.12"
"367";"USTEC_ICM_UTC2";"Buy";"20534.1";"20574.1";"2024.07.10 16:30:00";"2024.07.10 19:22:00";"30.0";"1200.00";"20334.09961";"20574.09961";"66275.05";"0.00";"IST";"PT";"2h 52m";"-0.00"
"368";"USTEC_ICM_UTC2";"Buy";"20250.6";"20290.6";"2024.07.11 21:45:00";"2024.07.12 16:50:00";"30.0";"1016.88";"20050.59961";"20290.59961";"67291.94";"0.00";"IST";"PT";"19h 5m";"-183.12"
"369";"USTEC_ICM_UTC2";"Buy";"20360.0";"20400.0";"2024.07.12 17:15:00";"2024.07.12 17:36:00";"30.0";"1200.00";"20160.00000";"20400.00000";"68491.94";"0.00";"IST";"PT";"21m 0s";"-0.00"
"370";"USTEC_ICM_UTC2";"Buy";"20568.1";"20368.1";"2024.07.15 18:15:00";"2024.07.15 20:33:00";"30.0";"-6000.00";"20368.09961";"20608.09961";"62491.94";"0.00";"IST";"SL";"2h 18m";"-0.00"
"371";"USTEC_ICM_UTC2";"Buy";"20447.3";"20247.3";"2024.07.16 16:30:00";"2024.07.17 09:22:00";"30.0";"-6183.12";"20247.30078";"20487.30078";"56308.82";"0.00";"IST";"SL";"16h 52m";"-183.12"
"372";"USTEC_ICM_UTC2";"Buy";"19864.5";"19904.5";"2024.07.17 21:30:00";"2024.07.18 09:14:00";"30.0";"1016.88";"19664.50000";"19904.50000";"57325.70";"0.00";"IST";"PT";"11h 44m";"-183.12"
"373";"USTEC_ICM_UTC2";"Buy";"19948.0";"19748.0";"2024.07.18 16:30:00";"2024.07.18 17:36:00";"30.0";"-6000.00";"19748.00000";"19988.00000";"51325.70";"0.00";"IST";"SL";"1h 6m";"-0.00"
"374";"USTEC_ICM_UTC2";"Buy";"19680.7";"19720.7";"2024.07.19 17:15:00";"2024.07.19 17:16:00";"30.0";"1200.00";"19480.69922";"19720.69922";"52525.70";"0.00";"IST";"PT";"1m 0s";"-0.00"
"375";"USTEC_ICM_UTC2";"Buy";"19777.1";"19817.1";"2024.07.22 16:30:00";"2024.07.22 16:46:00";"30.0";"1200.00";"19577.09961";"19817.09961";"53725.70";"0.00";"IST";"PT";"16m 0s";"-0.00"
"376";"USTEC_ICM_UTC2";"Buy";"19889.8";"19658.4";"2024.07.23 18:30:00";"2024.07.24 01:06:00";"30.0";"-7125.18";"19689.80078";"19929.80078";"46600.52";"0.00";"IST";"SL";"6h 36m";"-183.12"
"377";"USTEC_ICM_UTC2";"Buy";"19183.9";"18983.9";"2024.07.24 20:30:00";"2024.07.25 11:04:00";"30.0";"-6183.12";"18983.90039";"19223.90039";"40417.40";"0.00";"IST";"SL";"14h 34m";"-183.12"
"378";"USTEC_ICM_UTC2";"Buy";"19056.5";"18856.5";"2024.07.25 16:30:00";"2024.07.25 16:58:00";"30.0";"-6000.00";"18856.50000";"19096.50000";"34417.40";"0.00";"IST";"SL";"28m 0s";"-0.00"
"379";"USTEC_ICM_UTC2";"Buy";"19126.2";"18969.0";"2024.07.26 20:00:00";"2024.07.26 22:55:00";"30.0";"-4715.97";"18926.19922";"19166.19922";"29701.43";"0.00";"IST";"End Of Friday (Time)";"2h 55m";"-0.00"
"380";"USTEC_ICM_UTC2";"Buy";"19209.5";"19009.5";"2024.07.29 17:00:00";"2024.07.29 18:15:00";"30.0";"-6000.00";"19009.50000";"19249.50000";"23701.43";"0.00";"IST";"SL";"1h 15m";"-0.00"
"381";"USTEC_ICM_UTC2";"Buy";"18839.8";"18639.8";"2024.07.30 21:45:00";"2024.07.30 23:01:00";"30.0";"-6000.00";"18639.80078";"18879.80078";"17701.43";"0.00";"IST";"SL";"1h 16m";"-0.00"
"382";"USTEC_ICM_UTC2";"Buy";"19280.0";"19320.0";"2024.07.31 17:15:00";"2024.07.31 17:19:00";"30.0";"1200.00";"19080.00000";"19320.00000";"18901.43";"0.00";"IST";"PT";"4m 0s";"-0.00"
"383";"USTEC_ICM_UTC2";"Buy";"18843.1";"18883.1";"2024.08.01 22:30:00";"2024.08.01 22:48:00";"30.0";"1200.00";"18643.09961";"18883.09961";"20101.43";"0.00";"IST";"PT";"18m 0s";"-0.00"
"384";"USTEC_ICM_UTC2";"Buy";"18328.0";"18368.0";"2024.08.02 17:45:00";"2024.08.02 17:45:00";"30.0";"1200.00";"18128.00000";"18368.00000";"21301.43";"0.00";"IST";"PT";"0s";"-0.00"
"385";"USTEC_ICM_UTC2";"Buy";"17749.9";"17789.9";"2024.08.05 17:30:00";"2024.08.05 17:31:00";"30.0";"1200.00";"17549.90039";"17789.90039";"22501.43";"0.00";"IST";"PT";"1m 0s";"-0.00"
"386";"USTEC_ICM_UTC2";"Buy";"18049.7";"18089.7";"2024.08.06 17:30:00";"2024.08.06 17:35:00";"30.0";"1200.00";"17849.69922";"18089.69922";"23701.43";"0.00";"IST";"PT";"5m 0s";"-0.00"
"387";"USTEC_ICM_UTC2";"Buy";"18403.2";"18203.2";"2024.08.07 18:00:00";"2024.08.07 19:03:00";"30.0";"-6000.00";"18203.19922";"18443.19922";"17701.43";"0.00";"IST";"SL";"1h 3m";"-0.00"
"388";"USTEC_ICM_UTC2";"Buy";"18197.5";"18237.5";"2024.08.08 17:15:00";"2024.08.08 17:17:00";"30.0";"1200.00";"17997.50000";"18237.50000";"18901.43";"0.00";"IST";"PT";"2m 0s";"-0.00"
"389";"USTEC_ICM_UTC2";"Buy";"18442.9";"18482.9";"2024.08.09 18:15:00";"2024.08.09 20:14:00";"30.0";"1200.00";"18242.90039";"18482.90039";"20101.43";"0.00";"IST";"PT";"1h 59m";"-0.00"
"390";"USTEC_ICM_UTC2";"Buy";"18620.4";"18660.4";"2024.08.12 19:00:00";"2024.08.13 10:03:00";"30.0";"1016.88";"18420.40039";"18660.40039";"21118.31";"0.00";"IST";"PT";"15h 3m";"-183.12"
"391";"USTEC_ICM_UTC2";"Buy";"18726.9";"18766.9";"2024.08.13 16:30:00";"2024.08.13 16:32:00";"30.0";"1200.00";"18526.90039";"18766.90039";"22318.31";"0.00";"IST";"PT";"2m 0s";"-0.00"
"392";"USTEC_ICM_UTC2";"Buy";"19041.0";"18841.0";"2024.08.14 16:30:00";"2024.08.14 17:34:00";"30.0";"-6000.00";"18841.00000";"19081.00000";"16318.31";"0.00";"IST";"SL";"1h 4m";"-0.00"
"393";"USTEC_ICM_UTC2";"Buy";"19255.2";"19295.2";"2024.08.15 16:30:00";"2024.08.15 16:40:00";"30.0";"1200.00";"19055.19922";"19295.19922";"17518.31";"0.00";"IST";"PT";"10m 0s";"-0.00"
"394";"USTEC_ICM_UTC2";"Buy";"19440.3";"19480.3";"2024.08.16 18:30:00";"2024.08.16 18:53:00";"30.0";"1200.00";"19240.30078";"19480.30078";"18718.31";"0.00";"IST";"PT";"23m 0s";"-0.00"
"395";"USTEC_ICM_UTC2";"Buy";"19572.2";"19612.2";"2024.08.19 19:30:00";"2024.08.19 20:35:00";"30.0";"1200.00";"19372.19922";"19612.19922";"19918.31";"0.00";"IST";"PT";"1h 5m";"-0.00"
"396";"USTEC_ICM_UTC2";"Buy";"19776.1";"19816.1";"2024.08.20 16:45:00";"2024.08.20 16:54:00";"30.0";"1200.00";"19576.09961";"19816.09961";"21118.31";"0.00";"IST";"PT";"9m 0s";"-0.00"
"397";"USTEC_ICM_UTC2";"Buy";"19751.9";"19791.9";"2024.08.21 16:30:00";"2024.08.21 16:57:00";"30.0";"1200.00";"19551.90039";"19791.90039";"22318.31";"0.00";"IST";"PT";"27m 0s";"-0.00"
"398";"USTEC_ICM_UTC2";"Buy";"19909.7";"19709.7";"2024.08.22 16:30:00";"2024.08.22 18:30:00";"30.0";"-6000.00";"19709.69922";"19949.69922";"16318.31";"0.00";"IST";"SL";"2h 0m";"-0.00"
"399";"USTEC_ICM_UTC2";"Buy";"19777.4";"19817.4";"2024.08.23 17:15:00";"2024.08.23 17:28:00";"30.0";"1200.00";"19577.40039";"19817.40039";"17518.31";"0.00";"IST";"PT";"13m 0s";"-0.00"
"400";"USTEC_ICM_UTC2";"Buy";"19505.0";"19545.0";"2024.08.26 21:30:00";"2024.08.26 21:58:00";"30.0";"1200.00";"19305.00000";"19545.00000";"18718.31";"0.00";"IST";"PT";"28m 0s";"-0.00"
"401";"USTEC_ICM_UTC2";"Buy";"19604.1";"19404.1";"2024.08.27 18:15:00";"2024.08.28 17:49:00";"30.0";"-6183.12";"19404.09961";"19644.09961";"12535.19";"0.00";"IST";"SL";"23h 34m";"-183.12"
"402";"USTEC_ICM_UTC2";"Buy";"19263.1";"19303.1";"2024.08.28 21:30:00";"2024.08.28 21:52:00";"30.0";"1200.00";"19063.09961";"19303.09961";"13735.19";"0.00";"IST";"PT";"22m 0s";"-0.00"
"403";"USTEC_ICM_UTC2";"Buy";"19578.9";"19618.9";"2024.08.29 18:00:00";"2024.08.29 18:15:00";"30.0";"1200.00";"19378.90039";"19618.90039";"14935.19";"0.00";"IST";"PT";"15m 0s";"-0.00"
"404";"USTEC_ICM_UTC2";"Buy";"19502.2";"19542.2";"2024.08.30 16:30:00";"2024.08.30 16:53:00";"30.0";"1200.00";"19302.19922";"19542.19922";"16135.19";"0.00";"IST";"PT";"23m 0s";"-0.00"
"405";"USTEC_ICM_UTC2";"Buy";"19608.7";"19408.7";"2024.09.02 18:00:00";"2024.09.03 12:15:00";"30.0";"-6183.12";"19408.69922";"19648.69922";"9952.07";"0.00";"IST";"SL";"18h 15m";"-183.12"
"406";"USTEC_ICM_UTC2";"Buy";"18998.8";"18798.8";"2024.09.03 22:00:00";"2024.09.04 03:59:00";"30.0";"-6183.12";"18798.80078";"19038.80078";"3768.95";"0.00";"IST";"SL";"5h 59m";"-183.12"
"407";"USTEC_ICM_UTC2";"Buy";"18926.5";"18966.5";"2024.09.04 17:00:00";"2024.09.04 17:30:00";"30.0";"1200.00";"18726.50000";"18966.50000";"4968.95";"0.00";"IST";"PT";"30m 0s";"-0.00"
"408";"USTEC_ICM_UTC2";"Buy";"19008.8";"19048.8";"2024.09.05 17:00:00";"2024.09.05 17:00:00";"30.0";"1200.00";"18808.80078";"19048.80078";"6168.95";"0.00";"IST";"PT";"0s";"-0.00"
"409";"USTEC_ICM_UTC2";"Buy";"18894.3";"18694.3";"2024.09.06 16:30:00";"2024.09.06 17:00:00";"30.0";"-6000.00";"18694.30078";"18934.30078";"168.95";"0.00";"IST";"SL";"30m 0s";"-0.00"
"410";"USTEC_ICM_UTC2";"Buy";"18560.1";"18600.1";"2024.09.09 18:45:00";"2024.09.09 18:56:00";"30.0";"1200.00";"18360.09961";"18600.09961";"1368.95";"0.00";"IST";"PT";"11m 0s";"-0.00"
"411";"USTEC_ICM_UTC2";"Buy";"18730.6";"18770.6";"2024.09.10 16:30:00";"2024.09.10 16:31:00";"30.0";"1200.00";"18530.59961";"18770.59961";"2568.95";"0.00";"IST";"PT";"1m 0s";"-0.00"
"412";"USTEC_ICM_UTC2";"Buy";"18875.5";"18675.5";"2024.09.11 16:30:00";"2024.09.11 17:14:00";"30.0";"-6000.00";"18675.50000";"18915.50000";"-3431.05";"0.00";"IST";"SL";"44m 0s";"-0.00"
"413";"USTEC_ICM_UTC2";"Buy";"19268.4";"19308.4";"2024.09.12 18:30:00";"2024.09.12 19:50:00";"30.0";"1200.00";"19068.40039";"19308.40039";"-2231.05";"0.00";"IST";"PT";"1h 20m";"-0.00"
"414";"USTEC_ICM_UTC2";"Buy";"19495.7";"19535.7";"2024.09.13 18:00:00";"2024.09.13 19:01:00";"30.0";"1200.00";"19295.69922";"19535.69922";"-1031.05";"0.00";"IST";"PT";"1h 1m";"-0.00"
"415";"USTEC_ICM_UTC2";"Buy";"19360.8";"19400.8";"2024.09.16 18:15:00";"2024.09.16 20:39:00";"30.0";"1200.00";"19160.80078";"19400.80078";"168.95";"0.00";"IST";"PT";"2h 24m";"-0.00"
"416";"USTEC_ICM_UTC2";"Buy";"19552.8";"19592.8";"2024.09.17 17:30:00";"2024.09.17 17:45:00";"30.0";"1200.00";"19352.80078";"19592.80078";"1368.95";"0.00";"IST";"PT";"15m 0s";"-0.00"
"417";"USTEC_ICM_UTC2";"Buy";"19566.4";"19606.4";"2024.09.18 21:30:00";"2024.09.18 21:33:00";"30.0";"1200.00";"19366.40039";"19606.40039";"2568.95";"0.00";"IST";"PT";"3m 0s";"-0.00"
"418";"USTEC_ICM_UTC2";"Buy";"19872.9";"19912.9";"2024.09.19 17:45:00";"2024.09.19 19:26:00";"30.0";"1200.00";"19672.90039";"19912.90039";"3768.95";"0.00";"IST";"PT";"1h 41m";"-0.00"
"419";"USTEC_ICM_UTC2";"Buy";"19807.7";"19847.7";"2024.09.20 16:45:00";"2024.09.20 22:38:00";"30.0";"1200.00";"19607.69922";"19847.69922";"4968.95";"0.00";"IST";"PT";"5h 53m";"-0.00"
"420";"USTEC_ICM_UTC2";"Buy";"19828.7";"19868.7";"2024.09.23 17:15:00";"2024.09.23 17:20:00";"30.0";"1200.00";"19628.69922";"19868.69922";"6168.95";"0.00";"IST";"PT";"5m 0s";"-0.00"
"421";"USTEC_ICM_UTC2";"Buy";"19851.3";"19891.3";"2024.09.24 18:00:00";"2024.09.24 18:16:00";"30.0";"1200.00";"19651.30078";"19891.30078";"7368.95";"0.00";"IST";"PT";"16m 0s";"-0.00"
"422";"USTEC_ICM_UTC2";"Buy";"19915.8";"19955.8";"2024.09.25 16:30:00";"2024.09.25 16:33:00";"30.0";"1200.00";"19715.80078";"19955.80078";"8568.95";"0.00";"IST";"PT";"3m 0s";"-0.00"
"423";"USTEC_ICM_UTC2";"Buy";"20281.5";"20081.5";"2024.09.26 16:30:00";"2024.09.26 17:33:00";"30.0";"-6000.00";"20081.50000";"20321.50000";"2568.95";"0.00";"IST";"SL";"1h 3m";"-0.00"
"424";"USTEC_ICM_UTC2";"Buy";"20159.4";"19959.4";"2024.09.27 16:30:00";"2024.09.27 21:31:00";"30.0";"-6000.00";"19959.40039";"20199.40039";"-3431.05";"0.00";"IST";"SL";"5h 1m";"-0.00"
"425";"USTEC_ICM_UTC2";"Buy";"19962.1";"20002.1";"2024.09.30 16:30:00";"2024.09.30 16:31:00";"30.0";"1200.00";"19762.09961";"20002.09961";"-2231.05";"0.00";"IST";"PT";"1m 0s";"-0.00"
"426";"USTEC_ICM_UTC2";"Buy";"19836.1";"19636.1";"2024.10.01 21:15:00";"2024.10.02 16:43:00";"30.0";"-6183.12";"19636.09961";"19876.09961";"-8414.17";"0.00";"IST";"SL";"19h 28m";"-183.12"
"427";"USTEC_ICM_UTC2";"Buy";"19744.1";"19784.1";"2024.10.02 17:15:00";"2024.10.02 17:19:00";"30.0";"1200.00";"19544.09961";"19784.09961";"-7214.17";"0.00";"IST";"PT";"4m 0s";"-0.00"
"428";"USTEC_ICM_UTC2";"Buy";"19769.5";"19809.5";"2024.10.03 18:15:00";"2024.10.03 18:24:00";"30.0";"1200.00";"19569.50000";"19809.50000";"-6014.17";"0.00";"IST";"PT";"9m 0s";"-0.00"
"429";"USTEC_ICM_UTC2";"Buy";"19893.9";"19933.9";"2024.10.04 17:45:00";"2024.10.04 18:00:00";"30.0";"1200.00";"19693.90039";"19933.90039";"-4814.17";"0.00";"IST";"PT";"15m 0s";"-0.00"
"430";"USTEC_ICM_UTC2";"Buy";"19940.9";"19980.9";"2024.10.07 16:30:00";"2024.10.07 17:18:00";"30.0";"1200.00";"19740.90039";"19980.90039";"-3614.17";"0.00";"IST";"PT";"48m 0s";"-0.00"
"431";"USTEC_ICM_UTC2";"Buy";"20036.0";"20076.0";"2024.10.08 18:15:00";"2024.10.08 21:53:00";"30.0";"1200.00";"19836.00000";"20076.00000";"-2414.17";"0.00";"IST";"PT";"3h 38m";"-0.00"
"432";"USTEC_ICM_UTC2";"Buy";"20195.1";"20235.1";"2024.10.09 18:30:00";"2024.10.09 18:50:00";"30.0";"1200.00";"19995.09961";"20235.09961";"-1214.17";"0.00";"IST";"PT";"20m 0s";"-0.00"
"433";"USTEC_ICM_UTC2";"Buy";"20247.7";"20287.7";"2024.10.10 18:30:00";"2024.10.10 18:59:00";"30.0";"1200.00";"20047.69922";"20287.69922";"-14.17";"0.00";"IST";"PT";"29m 0s";"-0.00"
"434";"USTEC_ICM_UTC2";"Buy";"20256.2";"20296.2";"2024.10.11 17:15:00";"2024.10.11 17:27:00";"30.0";"1200.00";"20056.19922";"20296.19922";"1185.83";"0.00";"IST";"PT";"12m 0s";"-0.00"
"435";"USTEC_ICM_UTC2";"Buy";"20427.5";"20467.5";"2024.10.14 16:45:00";"2024.10.14 16:50:00";"30.0";"1200.00";"20227.50000";"20467.50000";"2385.83";"0.00";"IST";"PT";"5m 0s";"-0.00"
"436";"USTEC_ICM_UTC2";"Buy";"20455.8";"20255.8";"2024.10.15 16:30:00";"2024.10.15 17:34:00";"30.0";"-6000.00";"20255.80078";"20495.80078";"-3614.17";"0.00";"IST";"SL";"1h 4m";"-0.00"
"437";"USTEC_ICM_UTC2";"Buy";"20179.0";"20219.0";"2024.10.16 16:30:00";"2024.10.17 09:16:00";"30.0";"1016.88";"19979.00000";"20219.00000";"-2597.29";"0.00";"IST";"PT";"16h 46m";"-183.12"
"438";"USTEC_ICM_UTC2";"Buy";"20235.9";"20275.9";"2024.10.17 17:45:00";"2024.10.17 18:16:00";"30.0";"1200.00";"20035.90039";"20275.90039";"-1397.29";"0.00";"IST";"PT";"31m 0s";"-0.00"
"439";"USTEC_ICM_UTC2";"Buy";"20329.3";"20316.6";"2024.10.18 17:15:00";"2024.10.18 22:55:00";"30.0";"-381.03";"20129.30078";"20369.30078";"-1778.32";"0.00";"IST";"End Of Friday (Time)";"5h 40m";"-0.00"
"440";"USTEC_ICM_UTC2";"Buy";"20316.5";"20356.5";"2024.10.21 16:45:00";"2024.10.21 17:06:00";"30.0";"1200.00";"20116.50000";"20356.50000";"-578.32";"0.00";"IST";"PT";"21m 0s";"-0.00"
"441";"USTEC_ICM_UTC2";"Buy";"20243.9";"20283.9";"2024.10.22 16:30:00";"2024.10.22 16:42:00";"30.0";"1200.00";"20043.90039";"20283.90039";"621.68";"0.00";"IST";"PT";"12m 0s";"-0.00"
"442";"USTEC_ICM_UTC2";"Buy";"20207.5";"20007.5";"2024.10.23 19:00:00";"2024.10.23 20:36:00";"30.0";"-6000.00";"20007.50000";"20247.50000";"-5378.32";"0.00";"IST";"SL";"1h 36m";"-0.00"
"443";"USTEC_ICM_UTC2";"Buy";"20163.3";"20203.3";"2024.10.24 17:30:00";"2024.10.24 17:33:00";"30.0";"1200.00";"19963.30078";"20203.30078";"-4178.32";"0.00";"IST";"PT";"3m 0s";"-0.00"
"444";"USTEC_ICM_UTC2";"Buy";"20347.7";"20387.7";"2024.10.25 16:30:00";"2024.10.25 16:31:00";"30.0";"1200.00";"20147.69922";"20387.69922";"-2978.32";"0.00";"IST";"PT";"1m 0s";"-0.00"
"445";"USTEC_ICM_UTC2";"Buy";"20457.5";"20497.5";"2024.10.28 16:30:00";"2024.10.29 18:00:00";"30.0";"1016.88";"20257.50000";"20497.50000";"-1961.44";"0.00";"IST";"PT";"1d 1h 30m";"-183.12"
"446";"USTEC_ICM_UTC2";"Buy";"20482.8";"20522.8";"2024.10.29 18:15:00";"2024.10.29 19:02:00";"30.0";"1200.00";"20282.80078";"20522.80078";"-761.44";"0.00";"IST";"PT";"47m 0s";"-0.00"
"447";"USTEC_ICM_UTC2";"Buy";"20537.9";"20337.9";"2024.10.30 17:45:00";"2024.10.30 22:12:00";"30.0";"-6000.00";"20337.90039";"20577.90039";"-6761.44";"0.00";"IST";"SL";"4h 27m";"-0.00"
"448";"USTEC_ICM_UTC2";"Buy";"19917.5";"19957.5";"2024.10.31 21:00:00";"2024.10.31 21:19:00";"30.0";"1200.00";"19717.50000";"19957.50000";"-5561.44";"0.00";"IST";"PT";"19m 0s";"-0.00"
"449";"USTEC_ICM_UTC2";"Buy";"20144.0";"19944.0";"2024.11.01 17:15:00";"2024.11.04 16:34:00";"30.0";"-6549.36";"19944.00000";"20184.00000";"-12110.80";"0.00";"IST";"SL";"2d 23h 19m";"-549.36"
"450";"USTEC_ICM_UTC2";"Buy";"20096.4";"20136.4";"2024.11.04 18:15:00";"2024.11.05 16:49:00";"30.0";"1016.88";"19896.40039";"20136.40039";"-11093.92";"0.00";"IST";"PT";"22h 34m";"-183.12"
"451";"USTEC_ICM_UTC2";"Buy";"20177.2";"20217.2";"2024.11.05 17:00:00";"2024.11.05 18:54:00";"30.0";"1200.00";"19977.19922";"20217.19922";"-9893.92";"0.00";"IST";"PT";"1h 54m";"-0.00"
"452";"USTEC_ICM_UTC2";"Buy";"20625.5";"20665.5";"2024.11.06 16:45:00";"2024.11.06 17:24:00";"30.0";"1200.00";"20425.50000";"20665.50000";"-8693.92";"0.00";"IST";"PT";"39m 0s";"-0.00"
"453";"USTEC_ICM_UTC2";"Buy";"20883.3";"20923.3";"2024.11.07 16:30:00";"2024.11.07 16:33:00";"30.0";"1200.00";"20683.30078";"20923.30078";"-7493.92";"0.00";"IST";"PT";"3m 0s";"-0.00"
"454";"USTEC_ICM_UTC2";"Buy";"21071.0";"21111.0";"2024.11.08 16:30:00";"2024.11.08 16:33:00";"30.0";"1200.00";"20871.00000";"21111.00000";"-6293.92";"0.00";"IST";"PT";"3m 0s";"-0.00"
"455";"USTEC_ICM_UTC2";"Buy";"21053.0";"21093.0";"2024.11.11 21:30:00";"2024.11.11 22:35:00";"30.0";"1200.00";"20853.00000";"21093.00000";"-5093.92";"0.00";"IST";"PT";"1h 5m";"-0.00"
"456";"USTEC_ICM_UTC2";"Buy";"21129.8";"20929.8";"2024.11.12 17:00:00";"2024.11.14 19:31:00";"30.0";"-6366.24";"20929.80078";"21169.80078";"-11460.16";"0.00";"IST";"SL";"2d 2h 31m";"-366.24"
"457";"USTEC_ICM_UTC2";"Buy";"20958.2";"20758.2";"2024.11.14 21:30:00";"2024.11.15 08:12:00";"30.0";"-6183.12";"20758.19922";"20998.19922";"-17643.28";"0.00";"IST";"SL";"10h 42m";"-183.12"
"458";"USTEC_ICM_UTC2";"Buy";"20329.1";"20369.1";"2024.11.15 21:30:00";"2024.11.15 21:42:00";"30.0";"1200.00";"20129.09961";"20369.09961";"-16443.28";"0.00";"IST";"PT";"12m 0s";"-0.00"
"459";"USTEC_ICM_UTC2";"Buy";"20505.5";"20545.5";"2024.11.18 17:15:00";"2024.11.18 17:27:00";"30.0";"1200.00";"20305.50000";"20545.50000";"-15243.28";"0.00";"IST";"PT";"12m 0s";"-0.00"
"460";"USTEC_ICM_UTC2";"Buy";"20426.0";"20466.0";"2024.11.19 16:30:00";"2024.11.19 16:40:00";"30.0";"1200.00";"20226.00000";"20466.00000";"-14043.28";"0.00";"IST";"PT";"10m 0s";"-0.00"
"461";"USTEC_ICM_UTC2";"Buy";"20522.4";"20562.4";"2024.11.20 20:00:00";"2024.11.20 22:26:00";"30.0";"1200.00";"20322.40039";"20562.40039";"-12843.28";"0.00";"IST";"PT";"2h 26m";"-0.00"
"462";"USTEC_ICM_UTC2";"Buy";"20792.0";"20592.0";"2024.11.21 16:30:00";"2024.11.21 16:38:00";"30.0";"-6000.00";"20592.00000";"20832.00000";"-18843.28";"0.00";"IST";"SL";"8m 0s";"-0.00"
"463";"USTEC_ICM_UTC2";"Buy";"20763.4";"20776.3";"2024.11.22 16:45:00";"2024.11.22 22:55:00";"30.0";"387.00";"20563.40039";"20803.40039";"-18456.28";"0.00";"IST";"End Of Friday (Time)";"6h 10m";"-0.00"
"464";"USTEC_ICM_UTC2";"Buy";"20868.7";"20908.7";"2024.11.25 17:45:00";"2024.11.26 16:32:00";"30.0";"1016.88";"20668.69922";"20908.69922";"-17439.40";"0.00";"IST";"PT";"22h 47m";"-183.12"
"465";"USTEC_ICM_UTC2";"Buy";"20875.0";"20915.0";"2024.11.26 18:00:00";"2024.11.26 22:47:00";"30.0";"1200.00";"20675.00000";"20915.00000";"-16239.40";"0.00";"IST";"PT";"4h 47m";"-0.00"
"466";"USTEC_ICM_UTC2";"Buy";"20756.5";"20796.5";"2024.11.27 21:15:00";"2024.11.28 06:27:00";"30.0";"1016.88";"20556.50000";"20796.50000";"-15222.52";"0.00";"IST";"PT";"9h 12m";"-183.12"
"467";"USTEC_ICM_UTC2";"Buy";"20809.3";"20849.3";"2024.11.28 16:30:00";"2024.11.29 05:06:00";"30.0";"1016.88";"20609.30078";"20849.30078";"-14205.64";"0.00";"IST";"PT";"12h 36m";"-183.12"
"468";"USTEC_ICM_UTC2";"Buy";"20886.8";"20926.8";"2024.11.29 17:30:00";"2024.11.29 18:11:00";"30.0";"1200.00";"20686.80078";"20926.80078";"-13005.64";"0.00";"IST";"PT";"41m 0s";"-0.00"
"469";"USTEC_ICM_UTC2";"Buy";"20986.3";"21026.3";"2024.12.02 16:30:00";"2024.12.02 16:31:00";"30.0";"1200.00";"20786.30078";"21026.30078";"-11805.64";"0.00";"IST";"PT";"1m 0s";"-0.00"
"470";"USTEC_ICM_UTC2";"Buy";"21148.9";"21188.9";"2024.12.03 17:00:00";"2024.12.03 18:26:00";"30.0";"1200.00";"20948.90039";"21188.90039";"-10605.64";"0.00";"IST";"PT";"1h 26m";"-0.00"
"471";"USTEC_ICM_UTC2";"Buy";"21392.5";"21432.5";"2024.12.04 17:15:00";"2024.12.04 17:35:00";"30.0";"1200.00";"21192.50000";"21432.50000";"-9405.64";"0.00";"IST";"PT";"20m 0s";"-0.00"
"472";"USTEC_ICM_UTC2";"Buy";"21484.7";"21524.7";"2024.12.05 16:30:00";"2024.12.06 16:45:00";"30.0";"1016.88";"21284.69922";"21524.69922";"-8388.76";"0.00";"IST";"PT";"1d 0h 15m";"-183.12"
"473";"USTEC_ICM_UTC2";"Buy";"21566.5";"21606.5";"2024.12.06 17:00:00";"2024.12.06 20:07:00";"30.0";"1200.00";"21366.50000";"21606.50000";"-7188.76";"0.00";"IST";"PT";"3h 7m";"-0.00"
"474";"USTEC_ICM_UTC2";"Buy";"21582.9";"21382.9";"2024.12.09 17:00:00";"2024.12.10 21:38:00";"30.0";"-6183.12";"21382.90039";"21622.90039";"-13371.88";"0.00";"IST";"SL";"1d 4h 38m";"-183.12"
"475";"USTEC_ICM_UTC2";"Buy";"21597.3";"21637.3";"2024.12.11 16:45:00";"2024.12.11 16:47:00";"30.0";"1200.00";"21397.30078";"21637.30078";"-12171.88";"0.00";"IST";"PT";"2m 0s";"-0.00"
"476";"USTEC_ICM_UTC2";"Buy";"21659.6";"21699.6";"2024.12.12 16:30:00";"2024.12.12 18:03:00";"30.0";"1200.00";"21459.59961";"21699.59961";"-10971.88";"0.00";"IST";"PT";"1h 33m";"-0.00"
"477";"USTEC_ICM_UTC2";"Buy";"21750.9";"21790.9";"2024.12.13 21:00:00";"2024.12.13 21:32:00";"30.0";"1200.00";"21550.90039";"21790.90039";"-9771.88";"0.00";"IST";"PT";"32m 0s";"-0.00"
"478";"USTEC_ICM_UTC2";"Buy";"21897.4";"21937.4";"2024.12.16 16:45:00";"2024.12.16 16:53:00";"30.0";"1200.00";"21697.40039";"21937.40039";"-8571.88";"0.00";"IST";"PT";"8m 0s";"-0.00"
"479";"USTEC_ICM_UTC2";"Buy";"22018.2";"22058.2";"2024.12.17 19:00:00";"2024.12.18 13:21:00";"30.0";"1016.88";"21818.19922";"22058.19922";"-7555.00";"0.00";"IST";"PT";"18h 21m";"-183.12"
"480";"USTEC_ICM_UTC2";"Buy";"22008.7";"21808.7";"2024.12.18 18:45:00";"2024.12.18 21:07:00";"30.0";"-6000.00";"21808.69922";"22048.69922";"-13555.00";"0.00";"IST";"SL";"2h 22m";"-0.00"
"481";"USTEC_ICM_UTC2";"Buy";"21375.7";"21175.7";"2024.12.19 16:30:00";"2024.12.19 19:28:00";"30.0";"-6000.00";"21175.69922";"21415.69922";"-19555.00";"0.00";"IST";"SL";"2h 58m";"-0.00"
"482";"USTEC_ICM_UTC2";"Buy";"20939.4";"20979.4";"2024.12.20 16:30:00";"2024.12.20 16:38:00";"30.0";"1200.00";"20739.40039";"20979.40039";"-18355.00";"0.00";"IST";"PT";"8m 0s";"-0.00"
"483";"USTEC_ICM_UTC2";"Buy";"21350.6";"21390.6";"2024.12.23 16:30:00";"2024.12.23 16:33:00";"30.0";"1200.00";"21150.59961";"21390.59961";"-17155.00";"0.00";"IST";"PT";"3m 0s";"-0.00"
"484";"USTEC_ICM_UTC2";"Buy";"21677.5";"21717.5";"2024.12.24 17:15:00";"2024.12.24 18:01:00";"30.0";"1200.00";"21477.50000";"21717.50000";"-15955.00";"0.00";"IST";"PT";"46m 0s";"-0.00"
"485";"USTEC_ICM_UTC2";"Buy";"21739.8";"21779.8";"2024.12.26 16:45:00";"2024.12.26 18:10:00";"30.0";"1200.00";"21539.80078";"21779.80078";"-14755.00";"0.00";"IST";"PT";"1h 25m";"-0.00"
"486";"USTEC_ICM_UTC2";"Buy";"21361.1";"21401.1";"2024.12.27 20:00:00";"2024.12.27 20:34:00";"30.0";"1200.00";"21161.09961";"21401.09961";"-13555.00";"0.00";"IST";"PT";"34m 0s";"-0.00"
"487";"USTEC_ICM_UTC2";"Buy";"21245.6";"21285.6";"2024.12.30 19:00:00";"2024.12.30 19:22:00";"30.0";"1200.00";"21045.59961";"21285.59961";"-12355.00";"0.00";"IST";"PT";"22m 0s";"-0.00"
"488";"USTEC_ICM_UTC2";"Buy";"21060.3";"21100.3";"2024.12.31 22:00:00";"2024.12.31 22:29:00";"30.0";"1200.00";"20860.30078";"21100.30078";"-11155.00";"0.00";"IST";"PT";"29m 0s";"-0.00"
"489";"USTEC_ICM_UTC2";"Buy";"21094.7";"21134.7";"2025.01.02 18:30:00";"2025.01.02 18:48:00";"30.0";"1200.00";"20894.69922";"21134.69922";"-9955.00";"0.00";"IST";"PT";"18m 0s";"-0.00"
"490";"USTEC_ICM_UTC2";"Buy";"21234.2";"21274.2";"2025.01.03 16:45:00";"2025.01.03 18:42:00";"30.0";"1200.00";"21034.19922";"21274.19922";"-8755.00";"0.00";"IST";"PT";"1h 57m";"-0.00"
"491";"USTEC_ICM_UTC2";"Buy";"21676.8";"21476.8";"2025.01.06 18:00:00";"2025.01.06 21:57:00";"30.0";"-6000.00";"21476.80078";"21716.80078";"-14755.00";"0.00";"IST";"SL";"3h 57m";"-0.00"
"492";"USTEC_ICM_UTC2";"Buy";"21273.3";"21073.3";"2025.01.07 21:30:00";"2025.01.08 14:20:00";"30.0";"-6183.12";"21073.30078";"21313.30078";"-20938.12";"0.00";"IST";"SL";"16h 50m";"-183.12"
"493";"USTEC_ICM_UTC2";"Buy";"21123.4";"21163.4";"2025.01.08 17:45:00";"2025.01.08 17:52:00";"30.0";"1200.00";"20923.40039";"21163.40039";"-19738.12";"0.00";"IST";"PT";"7m 0s";"-0.00"
"494";"USTEC_ICM_UTC2";"Buy";"21019.4";"20819.4";"2025.01.10 16:30:00";"2025.01.10 17:00:00";"30.0";"-6000.00";"20819.40039";"21059.40039";"-25738.12";"0.00";"IST";"SL";"30m 0s";"-0.00"
"495";"USTEC_ICM_UTC2";"Buy";"20608.6";"20648.6";"2025.01.13 17:15:00";"2025.01.13 17:38:00";"30.0";"1200.00";"20408.59961";"20648.59961";"-24538.12";"0.00";"IST";"PT";"23m 0s";"-0.00"
"496";"USTEC_ICM_UTC2";"Buy";"20855.3";"20655.3";"2025.01.14 17:30:00";"2025.01.14 19:00:00";"30.0";"-6000.00";"20655.30078";"20895.30078";"-30538.12";"0.00";"IST";"SL";"1h 30m";"-0.00"
"497";"USTEC_ICM_UTC2";"Buy";"21162.8";"21202.8";"2025.01.15 17:00:00";"2025.01.15 17:02:00";"30.0";"1200.00";"20962.80078";"21202.80078";"-29338.12";"0.00";"IST";"PT";"2m 0s";"-0.00"
"498";"USTEC_ICM_UTC2";"Buy";"21328.1";"21128.1";"2025.01.16 16:30:00";"2025.01.16 20:46:00";"30.0";"-6000.00";"21128.09961";"21368.09961";"-35338.13";"0.00";"IST";"SL";"4h 16m";"-0.00"
"499";"USTEC_ICM_UTC2";"Buy";"21499.5";"21473.8";"2025.01.17 16:30:00";"2025.01.17 22:55:00";"30.0";"-770.97";"21299.50000";"21539.50000";"-36109.09";"0.00";"IST";"End Of Friday (Time)";"6h 25m";"-0.00"
"500";"USTEC_ICM_UTC2";"Buy";"21592.6";"21392.6";"2025.01.20 17:00:00";"2025.01.21 02:53:00";"30.0";"-6183.12";"21392.59961";"21632.59961";"-42292.21";"0.00";"IST";"SL";"9h 53m";"-183.12"
"501";"USTEC_ICM_UTC2";"Buy";"21488.7";"21528.7";"2025.01.21 17:45:00";"2025.01.21 18:59:00";"30.0";"1200.00";"21288.69922";"21528.69922";"-41092.21";"0.00";"IST";"PT";"1h 14m";"-0.00"
"502";"USTEC_ICM_UTC2";"Buy";"21868.3";"21908.3";"2025.01.22 17:00:00";"2025.01.22 18:36:00";"30.0";"1200.00";"21668.30078";"21908.30078";"-39892.21";"0.00";"IST";"PT";"1h 36m";"-0.00"
"503";"USTEC_ICM_UTC2";"Buy";"21779.6";"21819.6";"2025.01.23 17:45:00";"2025.01.23 18:45:00";"30.0";"1200.00";"21579.59961";"21819.59961";"-38692.21";"0.00";"IST";"PT";"1h 0m";"-0.00"
"504";"USTEC_ICM_UTC2";"Buy";"21203.5";"21243.5";"2025.01.27 17:00:00";"2025.01.27 17:29:00";"30.0";"1200.00";"21003.50000";"21243.50000";"-37492.21";"0.00";"IST";"PT";"29m 0s";"-0.00"
"505";"USTEC_ICM_UTC2";"Buy";"21326.9";"21366.9";"2025.01.28 18:15:00";"2025.01.28 19:01:00";"30.0";"1200.00";"21126.90039";"21366.90039";"-36292.21";"0.00";"IST";"PT";"46m 0s";"-0.00"
"506";"USTEC_ICM_UTC2";"Buy";"21403.4";"21443.4";"2025.01.29 19:45:00";"2025.01.29 21:41:00";"30.0";"1200.00";"21203.40039";"21443.40039";"-35092.21";"0.00";"IST";"PT";"1h 56m";"-0.00"
"507";"USTEC_ICM_UTC2";"Buy";"21553.3";"21353.3";"2025.01.30 17:00:00";"2025.01.30 17:59:00";"30.0";"-6000.00";"21353.30078";"21593.30078";"-41092.21";"0.00";"IST";"SL";"59m 0s";"-0.00"
"508";"USTEC_ICM_UTC2";"Buy";"21821.7";"21621.7";"2025.01.31 18:00:00";"2025.01.31 20:37:00";"30.0";"-6000.00";"21621.69922";"21861.69922";"-47092.21";"0.00";"IST";"SL";"2h 37m";"-0.00"
"509";"USTEC_ICM_UTC2";"Buy";"21104.7";"21144.7";"2025.02.03 16:30:00";"2025.02.03 16:36:00";"30.0";"1200.00";"20904.69922";"21144.69922";"-45892.21";"0.00";"IST";"PT";"6m 0s";"-0.00"
"510";"USTEC_ICM_UTC2";"Buy";"21528.6";"21568.6";"2025.02.04 18:00:00";"2025.02.04 18:29:00";"30.0";"1200.00";"21328.59961";"21568.59961";"-44692.21";"0.00";"IST";"PT";"29m 0s";"-0.00"
"511";"USTEC_ICM_UTC2";"Buy";"21445.2";"21485.2";"2025.02.05 16:30:00";"2025.02.05 16:49:00";"30.0";"1200.00";"21245.19922";"21485.19922";"-43492.21";"0.00";"IST";"PT";"19m 0s";"-0.00"
"512";"USTEC_ICM_UTC2";"Buy";"21674.5";"21714.5";"2025.02.06 16:30:00";"2025.02.06 16:53:00";"30.0";"1200.00";"21474.50000";"21714.50000";"-42292.21";"0.00";"IST";"PT";"23m 0s";"-0.00"
"513";"USTEC_ICM_UTC2";"Buy";"21809.0";"21609.0";"2025.02.07 17:00:00";"2025.02.07 17:12:00";"30.0";"-6000.00";"21609.00000";"21849.00000";"-48292.21";"0.00";"IST";"SL";"12m 0s";"-0.00"
"514";"USTEC_ICM_UTC2";"Buy";"21695.9";"21735.9";"2025.02.10 17:00:00";"2025.02.10 17:05:00";"30.0";"1200.00";"21495.90039";"21735.90039";"-47092.21";"0.00";"IST";"PT";"5m 0s";"-0.00"
"515";"USTEC_ICM_UTC2";"Buy";"21760.0";"21560.0";"2025.02.11 17:45:00";"2025.02.12 15:30:00";"30.0";"-6183.12";"21560.00000";"21800.00000";"-53275.34";"0.00";"IST";"SL";"21h 45m";"-183.12"
"516";"USTEC_ICM_UTC2";"Buy";"21571.8";"21611.8";"2025.02.12 16:45:00";"2025.02.12 17:22:00";"30.0";"1200.00";"21371.80078";"21611.80078";"-52075.34";"0.00";"IST";"PT";"37m 0s";"-0.00"
"517";"USTEC_ICM_UTC2";"Buy";"21849.2";"21889.2";"2025.02.13 17:15:00";"2025.02.13 17:19:00";"30.0";"1200.00";"21649.19922";"21889.19922";"-50875.34";"0.00";"IST";"PT";"4m 0s";"-0.00"
"518";"USTEC_ICM_UTC2";"Buy";"22024.7";"22064.7";"2025.02.14 16:30:00";"2025.02.14 17:08:00";"30.0";"1200.00";"21824.69922";"22064.69922";"-49675.34";"0.00";"IST";"PT";"38m 0s";"-0.00"
"519";"USTEC_ICM_UTC2";"Buy";"22165.4";"22205.4";"2025.02.17 18:45:00";"2025.02.18 08:39:00";"30.0";"1016.88";"21965.40039";"22205.40039";"-48658.45";"0.00";"IST";"PT";"13h 54m";"-183.12"
"520";"USTEC_ICM_UTC2";"Buy";"22109.4";"22149.4";"2025.02.18 19:45:00";"2025.02.18 22:58:00";"30.0";"1200.00";"21909.40039";"22149.40039";"-47458.45";"0.00";"IST";"PT";"3h 13m";"-0.00"
"521";"USTEC_ICM_UTC2";"Buy";"22114.2";"22154.2";"2025.02.19 17:45:00";"2025.02.19 18:42:00";"30.0";"1200.00";"21914.19922";"22154.19922";"-46258.45";"0.00";"IST";"PT";"57m 0s";"-0.00"
"522";"USTEC_ICM_UTC2";"Buy";"22014.6";"22054.6";"2025.02.20 17:30:00";"2025.02.20 22:49:00";"30.0";"1200.00";"21814.59961";"22054.59961";"-45058.45";"0.00";"IST";"PT";"5h 19m";"-0.00"
"523";"USTEC_ICM_UTC2";"Buy";"21621.1";"21633.1";"2025.02.21 22:00:00";"2025.02.21 22:55:00";"30.0";"360.00";"21421.09961";"21661.09961";"-44698.45";"0.00";"IST";"End Of Friday (Time)";"55m 0s";"-0.00"
"524";"USTEC_ICM_UTC2";"Buy";"21581.9";"21381.9";"2025.02.24 19:45:00";"2025.02.24 22:54:00";"30.0";"-6000.00";"21381.90039";"21621.90039";"-50698.45";"0.00";"IST";"SL";"3h 9m";"-0.00"
"525";"USTEC_ICM_UTC2";"Buy";"21156.2";"21196.2";"2025.02.25 20:15:00";"2025.02.25 22:24:00";"30.0";"1200.00";"20956.19922";"21196.19922";"-49498.45";"0.00";"IST";"PT";"2h 9m";"-0.00"
"526";"USTEC_ICM_UTC2";"Buy";"21338.8";"21138.8";"2025.02.26 18:15:00";"2025.02.26 20:28:00";"30.0";"-6000.00";"21138.80078";"21378.80078";"-55498.45";"0.00";"IST";"SL";"2h 13m";"-0.00"
"527";"USTEC_ICM_UTC2";"Buy";"21069.7";"20869.7";"2025.02.27 17:30:00";"2025.02.27 21:26:00";"30.0";"-6000.00";"20869.69922";"21109.69922";"-61498.45";"0.00";"IST";"SL";"3h 56m";"-0.00"
"528";"USTEC_ICM_UTC2";"Buy";"20646.0";"20686.0";"2025.02.28 17:15:00";"2025.02.28 17:26:00";"30.0";"1200.00";"20446.00000";"20686.00000";"-60298.45";"0.00";"IST";"PT";"11m 0s";"-0.00"
"529";"USTEC_ICM_UTC2";"Buy";"20156.3";"20196.3";"2025.03.04 18:00:00";"2025.03.04 18:42:00";"30.0";"1200.00";"19956.30078";"20196.30078";"-59098.45";"0.00";"IST";"PT";"42m 0s";"-0.00"
"530";"USTEC_ICM_UTC2";"Buy";"20354.2";"20394.2";"2025.03.05 18:00:00";"2025.03.05 19:21:00";"30.0";"1200.00";"20154.19922";"20394.19922";"-57898.45";"0.00";"IST";"PT";"1h 21m";"-0.00"
"531";"USTEC_ICM_UTC2";"Buy";"20424.5";"20464.5";"2025.03.06 17:30:00";"2025.03.06 17:39:00";"30.0";"1200.00";"20224.50000";"20464.50000";"-56698.45";"0.00";"IST";"PT";"9m 0s";"-0.00"
"532";"USTEC_ICM_UTC2";"Buy";"20110.4";"20150.4";"2025.03.07 17:00:00";"2025.03.07 17:07:00";"30.0";"1200.00";"19910.40039";"20150.40039";"-55498.45";"0.00";"IST";"PT";"7m 0s";"-0.00"
"533";"USTEC_ICM_UTC2";"Buy";"19512.8";"19312.8";"2025.03.10 19:00:00";"2025.03.10 20:59:00";"30.0";"-6000.00";"19312.80078";"19552.80078";"-61498.45";"0.00";"IST";"SL";"1h 59m";"-0.00"
"534";"USTEC_ICM_UTC2";"Buy";"19434.7";"19474.7";"2025.03.11 17:15:00";"2025.03.11 17:40:00";"30.0";"1200.00";"19234.69922";"19474.69922";"-60298.45";"0.00";"IST";"PT";"25m 0s";"-0.00"
"535";"USTEC_ICM_UTC2";"Buy";"19676.4";"19476.4";"2025.03.12 19:30:00";"2025.03.13 06:31:00";"30.0";"-6183.12";"19476.40039";"19716.40039";"-66481.58";"0.00";"IST";"SL";"11h 1m";"-183.12"
"536";"USTEC_ICM_UTC2";"Buy";"19291.0";"19331.0";"2025.03.13 18:15:00";"2025.03.13 18:34:00";"30.0";"1200.00";"19091.00000";"19331.00000";"-65281.57";"0.00";"IST";"PT";"19m 0s";"-0.00"
"537";"USTEC_ICM_UTC2";"Buy";"19594.3";"19634.3";"2025.03.14 17:00:00";"2025.03.14 17:20:00";"30.0";"1200.00";"19394.30078";"19634.30078";"-64081.57";"0.00";"IST";"PT";"20m 0s";"-0.00"
"538";"USTEC_ICM_UTC2";"Buy";"19667.3";"19707.3";"2025.03.17 17:30:00";"2025.03.17 18:07:00";"30.0";"1200.00";"19467.30078";"19707.30078";"-62881.57";"0.00";"IST";"PT";"37m 0s";"-0.00"
"539";"USTEC_ICM_UTC2";"Buy";"19488.9";"19528.9";"2025.03.18 19:30:00";"2025.03.18 20:49:00";"30.0";"1200.00";"19288.90039";"19528.90039";"-61681.57";"0.00";"IST";"PT";"1h 19m";"-0.00"
"540";"USTEC_ICM_UTC2";"Buy";"19661.1";"19701.1";"2025.03.19 17:30:00";"2025.03.19 17:50:00";"30.0";"1200.00";"19461.09961";"19701.09961";"-60481.57";"0.00";"IST";"PT";"20m 0s";"-0.00"
"541";"USTEC_ICM_UTC2";"Buy";"19842.7";"19882.7";"2025.03.20 16:30:00";"2025.03.20 16:43:00";"30.0";"1200.00";"19642.69922";"19882.69922";"-59281.57";"0.00";"IST";"PT";"13m 0s";"-0.00"
"542";"USTEC_ICM_UTC2";"Buy";"19604.2";"19644.2";"2025.03.21 18:15:00";"2025.03.21 18:19:00";"30.0";"1200.00";"19404.19922";"19644.19922";"-58081.57";"0.00";"IST";"PT";"4m 0s";"-0.00"
"543";"USTEC_ICM_UTC2";"Buy";"20137.3";"20177.3";"2025.03.24 16:30:00";"2025.03.24 21:05:00";"30.0";"1200.00";"19937.30078";"20177.30078";"-56881.57";"0.00";"IST";"PT";"4h 35m";"-0.00"
"544";"USTEC_ICM_UTC2";"Buy";"20255.5";"20295.5";"2025.03.25 16:30:00";"2025.03.25 22:00:00";"30.0";"1200.00";"20055.50000";"20295.50000";"-55681.57";"0.00";"IST";"PT";"5h 30m";"-0.00"
"545";"USTEC_ICM_UTC2";"Buy";"19888.7";"19928.7";"2025.03.26 20:45:00";"2025.03.26 21:50:00";"30.0";"1200.00";"19688.69922";"19928.69922";"-54481.57";"0.00";"IST";"PT";"1h 5m";"-0.00"
"546";"USTEC_ICM_UTC2";"Buy";"19968.0";"19768.0";"2025.03.27 17:15:00";"2025.03.28 01:06:00";"30.0";"-6183.12";"19768.00000";"20008.00000";"-60664.70";"0.00";"IST";"SL";"7h 51m";"-183.12"
"547";"USTEC_ICM_UTC2";"Buy";"19299.9";"19099.9";"2025.03.28 21:15:00";"2025.03.31 02:20:00";"30.0";"-6549.36";"19099.90039";"19339.90039";"-67214.05";"0.00";"IST";"SL";"2d 5h 5m";"-549.36"
"548";"USTEC_ICM_UTC2";"Buy";"18977.3";"19017.3";"2025.03.31 17:15:00";"2025.03.31 18:23:00";"30.0";"1200.00";"18777.30078";"19017.30078";"-66014.05";"0.00";"IST";"PT";"1h 8m";"-0.00"
"549";"USTEC_ICM_UTC2";"Buy";"19344.8";"19384.8";"2025.04.01 18:00:00";"2025.04.01 18:12:00";"30.0";"1200.00";"19144.80078";"19384.80078";"-64814.05";"0.00";"IST";"PT";"12m 0s";"-0.00"
"550";"USTEC_ICM_UTC2";"Buy";"19460.2";"19500.2";"2025.04.02 18:00:00";"2025.04.02 18:23:00";"30.0";"1200.00";"19260.19922";"19500.19922";"-63614.05";"0.00";"IST";"PT";"23m 0s";"-0.00"
"551";"USTEC_ICM_UTC2";"Buy";"18653.6";"18693.6";"2025.04.03 18:30:00";"2025.04.03 18:32:00";"30.0";"1200.00";"18453.59961";"18693.59961";"-62414.05";"0.00";"IST";"PT";"2m 0s";"-0.00"
"552";"USTEC_ICM_UTC2";"Buy";"17792.3";"17832.3";"2025.04.04 18:30:00";"2025.04.04 18:30:00";"30.0";"1200.00";"17592.30078";"17832.30078";"-61214.05";"0.00";"IST";"PT";"0s";"-0.00"
"553";"USTEC_ICM_UTC2";"Buy";"17821.0";"17861.0";"2025.04.07 17:15:00";"2025.04.07 17:15:00";"30.0";"1200.00";"17621.00000";"17861.00000";"-60014.05";"0.00";"IST";"PT";"0s";"-0.00"
"554";"USTEC_ICM_UTC2";"Buy";"18020.3";"18060.3";"2025.04.08 16:30:00";"2025.04.08 16:33:00";"30.0";"1200.00";"17820.30078";"18060.30078";"-58814.05";"0.00";"IST";"PT";"3m 0s";"-0.00"
"555";"USTEC_ICM_UTC2";"Buy";"17234.9";"17274.9";"2025.04.09 17:15:00";"2025.04.09 17:16:00";"30.0";"1200.00";"17034.90039";"17274.90039";"-57614.05";"0.00";"IST";"PT";"1m 0s";"-0.00"
"556";"USTEC_ICM_UTC2";"Buy";"18635.7";"18675.7";"2025.04.10 16:30:00";"2025.04.10 16:30:00";"30.0";"1200.00";"18435.69922";"18675.69922";"-56414.05";"0.00";"IST";"PT";"0s";"-0.00"
"557";"USTEC_ICM_UTC2";"Buy";"18391.0";"18431.0";"2025.04.11 17:00:00";"2025.04.11 17:00:00";"30.0";"1200.00";"18191.00000";"18431.00000";"-55214.05";"0.00";"IST";"PT";"0s";"-0.00"
"558";"USTEC_ICM_UTC2";"Buy";"19092.4";"18892.4";"2025.04.14 16:30:00";"2025.04.14 16:41:00";"30.0";"-6000.00";"18892.40039";"19132.40039";"-61214.05";"0.00";"IST";"SL";"11m 0s";"-0.00"
"559";"USTEC_ICM_UTC2";"Buy";"18926.3";"18966.3";"2025.04.15 17:00:00";"2025.04.15 17:07:00";"30.0";"1200.00";"18726.30078";"18966.30078";"-60014.05";"0.00";"IST";"PT";"7m 0s";"-0.00"
"560";"USTEC_ICM_UTC2";"Buy";"18522.4";"18322.4";"2025.04.16 18:45:00";"2025.04.16 20:39:00";"30.0";"-6000.00";"18322.40039";"18562.40039";"-66014.05";"0.00";"IST";"SL";"1h 54m";"-0.00"
"561";"USTEC_ICM_UTC2";"Buy";"18290.6";"18330.6";"2025.04.17 17:15:00";"2025.04.17 19:28:00";"30.0";"1200.00";"18090.59961";"18330.59961";"-64814.05";"0.00";"IST";"PT";"2h 13m";"-0.00"
"562";"USTEC_ICM_UTC2";"Buy";"17617.2";"17657.2";"2025.04.21 21:45:00";"2025.04.21 22:06:00";"30.0";"1200.00";"17417.19922";"17657.19922";"-63614.05";"0.00";"IST";"PT";"21m 0s";"-0.00"
"563";"USTEC_ICM_UTC2";"Buy";"18138.1";"18178.1";"2025.04.22 17:00:00";"2025.04.22 17:10:00";"30.0";"1200.00";"17938.09961";"18178.09961";"-62414.05";"0.00";"IST";"PT";"10m 0s";"-0.00"
"564";"USTEC_ICM_UTC2";"Buy";"18950.0";"18990.0";"2025.04.23 17:00:00";"2025.04.23 17:00:00";"30.0";"1200.00";"18750.00000";"18990.00000";"-61214.05";"0.00";"IST";"PT";"0s";"-0.00"
"565";"USTEC_ICM_UTC2";"Buy";"18758.8";"18798.8";"2025.04.24 16:30:00";"2025.04.24 16:40:00";"30.0";"1200.00";"18558.80078";"18798.80078";"-60014.05";"0.00";"IST";"PT";"10m 0s";"-0.00"
"566";"USTEC_ICM_UTC2";"Buy";"19194.9";"19234.9";"2025.04.25 16:30:00";"2025.04.25 16:35:00";"30.0";"1200.00";"18994.90039";"19234.90039";"-58814.05";"0.00";"IST";"PT";"5m 0s";"-0.00"
"567";"USTEC_ICM_UTC2";"Buy";"19419.5";"19219.5";"2025.04.28 17:45:00";"2025.04.28 18:27:00";"30.0";"-6000.00";"19219.50000";"19459.50000";"-64814.05";"0.00";"IST";"SL";"42m 0s";"-0.00"
"568";"USTEC_ICM_UTC2";"Buy";"19399.6";"19439.6";"2025.04.29 17:00:00";"2025.04.29 17:03:00";"30.0";"1200.00";"19199.59961";"19439.59961";"-63614.05";"0.00";"IST";"PT";"3m 0s";"-0.00"
"569";"USTEC_ICM_UTC2";"Buy";"19317.3";"19357.3";"2025.04.30 18:30:00";"2025.04.30 19:05:00";"30.0";"1200.00";"19117.30078";"19357.30078";"-62414.05";"0.00";"IST";"PT";"35m 0s";"-0.00"
"570";"USTEC_ICM_UTC2";"Buy";"19874.6";"19914.6";"2025.05.01 16:30:00";"2025.05.01 17:36:00";"30.0";"1200.00";"19674.59961";"19914.59961";"-61214.05";"0.00";"IST";"PT";"1h 6m";"-0.00"
"571";"USTEC_ICM_UTC2";"Buy";"19998.0";"20038.0";"2025.05.02 16:30:00";"2025.05.02 17:03:00";"30.0";"1200.00";"19798.00000";"20038.00000";"-60014.05";"0.00";"IST";"PT";"33m 0s";"-0.00"
"572";"USTEC_ICM_UTC2";"Buy";"19915.9";"19955.9";"2025.05.05 16:30:00";"2025.05.05 16:37:00";"30.0";"1200.00";"19715.90039";"19955.90039";"-58814.05";"0.00";"IST";"PT";"7m 0s";"-0.00"
"573";"USTEC_ICM_UTC2";"Buy";"19812.0";"19852.0";"2025.05.06 17:30:00";"2025.05.06 18:23:00";"30.0";"1200.00";"19612.00000";"19852.00000";"-57614.05";"0.00";"IST";"PT";"53m 0s";"-0.00"
"574";"USTEC_ICM_UTC2";"Buy";"19764.8";"19804.8";"2025.05.07 18:45:00";"2025.05.07 19:54:00";"30.0";"1200.00";"19564.80078";"19804.80078";"-56414.05";"0.00";"IST";"PT";"1h 9m";"-0.00"
"575";"USTEC_ICM_UTC2";"Buy";"20196.8";"20236.8";"2025.05.08 19:30:00";"2025.05.08 19:49:00";"30.0";"1200.00";"19996.80078";"20236.80078";"-55214.05";"0.00";"IST";"PT";"19m 0s";"-0.00"
"576";"USTEC_ICM_UTC2";"Buy";"20175.1";"20087.3";"2025.05.09 17:15:00";"2025.05.09 22:55:00";"30.0";"-2633.97";"19975.09961";"20215.09961";"-57848.02";"0.00";"IST";"End Of Friday (Time)";"5h 40m";"-0.00"
"577";"USTEC_ICM_UTC2";"Buy";"20740.0";"20780.0";"2025.05.12 19:30:00";"2025.05.12 19:46:00";"30.0";"1200.00";"20540.00000";"20780.00000";"-56648.02";"0.00";"IST";"PT";"16m 0s";"-0.00"
"578";"USTEC_ICM_UTC2";"Buy";"20922.9";"20962.9";"2025.05.13 16:30:00";"2025.05.13 16:35:00";"30.0";"1200.00";"20722.90039";"20962.90039";"-55448.02";"0.00";"IST";"PT";"5m 0s";"-0.00"
"579";"USTEC_ICM_UTC2";"Buy";"21260.8";"21300.8";"2025.05.14 16:45:00";"2025.05.14 18:28:00";"30.0";"1200.00";"21060.80078";"21300.80078";"-54248.02";"0.00";"IST";"PT";"1h 43m";"-0.00"
"580";"USTEC_ICM_UTC2";"Buy";"21221.3";"21261.3";"2025.05.15 16:30:00";"2025.05.15 17:01:00";"30.0";"1200.00";"21021.30078";"21261.30078";"-53048.02";"0.00";"IST";"PT";"31m 0s";"-0.00"
"581";"USTEC_ICM_UTC2";"Buy";"21378.8";"21418.8";"2025.05.16 20:30:00";"2025.05.16 22:06:00";"30.0";"1200.00";"21178.80078";"21418.80078";"-51848.02";"0.00";"IST";"PT";"1h 36m";"-0.00"
"582";"USTEC_ICM_UTC2";"Buy";"21255.5";"21295.5";"2025.05.19 16:45:00";"2025.05.19 16:49:00";"30.0";"1200.00";"21055.50000";"21295.50000";"-50648.02";"0.00";"IST";"PT";"4m 0s";"-0.00"
"583";"USTEC_ICM_UTC2";"Buy";"21392.1";"21192.1";"2025.05.20 19:45:00";"2025.05.21 12:46:00";"30.0";"-6183.12";"21192.09961";"21432.09961";"-56831.14";"0.00";"IST";"SL";"17h 1m";"-183.12"
"584";"USTEC_ICM_UTC2";"Buy";"21316.3";"21356.3";"2025.05.21 17:15:00";"2025.05.21 17:55:00";"30.0";"1200.00";"21116.30078";"21356.30078";"-55631.14";"0.00";"IST";"PT";"40m 0s";"-0.00"
"585";"USTEC_ICM_UTC2";"Buy";"21202.0";"21242.0";"2025.05.22 17:15:00";"2025.05.22 19:15:00";"30.0";"1200.00";"21002.00000";"21242.00000";"-54431.14";"0.00";"IST";"PT";"2h 0m";"-0.00"
"586";"USTEC_ICM_UTC2";"Buy";"20908.7";"20948.7";"2025.05.23 17:45:00";"2025.05.23 18:37:00";"30.0";"1200.00";"20708.69922";"20948.69922";"-53231.14";"0.00";"IST";"PT";"52m 0s";"-0.00"
"587";"USTEC_ICM_UTC2";"Buy";"21225.3";"21265.3";"2025.05.26 17:00:00";"2025.05.27 10:35:00";"30.0";"1016.88";"21025.30078";"21265.30078";"-52214.27";"0.00";"IST";"PT";"17h 35m";"-183.12"
"588";"USTEC_ICM_UTC2";"Buy";"21334.8";"21374.8";"2025.05.27 18:30:00";"2025.05.27 19:39:00";"30.0";"1200.00";"21134.80078";"21374.80078";"-51014.27";"0.00";"IST";"PT";"1h 9m";"-0.00"
"589";"USTEC_ICM_UTC2";"Buy";"21442.6";"21482.6";"2025.05.28 21:15:00";"2025.05.29 01:38:00";"30.0";"1016.88";"21242.59961";"21482.59961";"-49997.38";"0.00";"IST";"PT";"4h 23m";"-183.12"
"590";"USTEC_ICM_UTC2";"Buy";"21404.9";"21444.9";"2025.05.29 17:45:00";"2025.05.29 17:53:00";"30.0";"1200.00";"21204.90039";"21444.90039";"-48797.38";"0.00";"IST";"PT";"8m 0s";"-0.00"
"591";"USTEC_ICM_UTC2";"Buy";"21322.4";"21122.4";"2025.05.30 17:45:00";"2025.05.30 19:28:00";"30.0";"-6000.00";"21122.40039";"21362.40039";"-54797.38";"0.00";"IST";"SL";"1h 43m";"-0.00"
"592";"USTEC_ICM_UTC2";"Buy";"21271.9";"21311.9";"2025.06.02 17:00:00";"2025.06.02 17:23:00";"30.0";"1200.00";"21071.90039";"21311.90039";"-53597.38";"0.00";"IST";"PT";"23m 0s";"-0.00"
"593";"USTEC_ICM_UTC2";"Buy";"21507.2";"21547.2";"2025.06.03 16:30:00";"2025.06.03 16:30:00";"30.0";"1200.00";"21307.19922";"21547.19922";"-52397.38";"0.00";"IST";"PT";"0s";"-0.00"
"594";"USTEC_ICM_UTC2";"Buy";"21687.9";"21727.9";"2025.06.04 17:45:00";"2025.06.04 18:00:00";"30.0";"1200.00";"21487.90039";"21727.90039";"-51197.38";"0.00";"IST";"PT";"15m 0s";"-0.00"
"595";"USTEC_ICM_UTC2";"Buy";"21766.4";"21806.4";"2025.06.05 17:30:00";"2025.06.05 17:42:00";"30.0";"1200.00";"21566.40039";"21806.40039";"-49997.38";"0.00";"IST";"PT";"12m 0s";"-0.00"
"596";"USTEC_ICM_UTC2";"Buy";"21766.2";"21806.2";"2025.06.06 16:30:00";"2025.06.06 16:41:00";"30.0";"1200.00";"21566.19922";"21806.19922";"-48797.38";"0.00";"IST";"PT";"11m 0s";"-0.00"
"597";"USTEC_ICM_UTC2";"Buy";"21768.4";"21808.4";"2025.06.09 16:30:00";"2025.06.09 17:12:00";"30.0";"1200.00";"21568.40039";"21808.40039";"-47597.38";"0.00";"IST";"PT";"42m 0s";"-0.00"
"598";"USTEC_ICM_UTC2";"Buy";"21832.5";"21872.5";"2025.06.10 18:30:00";"2025.06.10 19:01:00";"30.0";"1200.00";"21632.50000";"21872.50000";"-46397.38";"0.00";"IST";"PT";"31m 0s";"-0.00"
"599";"USTEC_ICM_UTC2";"Buy";"21993.3";"22033.3";"2025.06.11 16:30:00";"2025.06.11 17:52:00";"30.0";"1200.00";"21793.30078";"22033.30078";"-45197.38";"0.00";"IST";"PT";"1h 22m";"-0.00"
"600";"USTEC_ICM_UTC2";"Buy";"21805.6";"21845.6";"2025.06.12 16:30:00";"2025.06.12 16:31:00";"30.0";"1200.00";"21605.59961";"21845.59961";"-43997.38";"0.00";"IST";"PT";"1m 0s";"-0.00"
"601";"USTEC_ICM_UTC2";"Buy";"21750.1";"21790.1";"2025.06.13 16:45:00";"2025.06.13 18:23:00";"30.0";"1200.00";"21550.09961";"21790.09961";"-42797.38";"0.00";"IST";"PT";"1h 38m";"-0.00"
"602";"USTEC_ICM_UTC2";"Buy";"21913.7";"21953.7";"2025.06.16 17:00:00";"2025.06.16 17:21:00";"30.0";"1200.00";"21713.69922";"21953.69922";"-41597.38";"0.00";"IST";"PT";"21m 0s";"-0.00"
"603";"USTEC_ICM_UTC2";"Buy";"21850.6";"21890.6";"2025.06.17 17:45:00";"2025.06.17 18:12:00";"30.0";"1200.00";"21650.59961";"21890.59961";"-40397.38";"0.00";"IST";"PT";"27m 0s";"-0.00"
"604";"USTEC_ICM_UTC2";"Buy";"21760.8";"21800.8";"2025.06.18 16:30:00";"2025.06.18 17:04:00";"30.0";"1200.00";"21560.80078";"21800.80078";"-39197.38";"0.00";"IST";"PT";"34m 0s";"-0.00"
"605";"USTEC_ICM_UTC2";"Buy";"21556.4";"21602.3";"2025.06.19 16:30:00";"2025.06.20 01:05:00";"30.0";"1192.83";"21356.40039";"21596.40039";"-38004.55";"0.00";"IST";"PT";"8h 35m";"-183.12"
"606";"USTEC_ICM_UTC2";"Buy";"21852.1";"21892.1";"2025.06.20 16:30:00";"2025.06.20 16:39:00";"30.0";"1200.00";"21652.09961";"21892.09961";"-36804.55";"0.00";"IST";"PT";"9m 0s";"-0.00"
"607";"USTEC_ICM_UTC2";"Buy";"21708.3";"21748.3";"2025.06.23 17:00:00";"2025.06.23 17:05:00";"30.0";"1200.00";"21508.30078";"21748.30078";"-35604.55";"0.00";"IST";"PT";"5m 0s";"-0.00"
"608";"USTEC_ICM_UTC2";"Buy";"22069.3";"22109.3";"2025.06.24 16:30:00";"2025.06.24 16:46:00";"30.0";"1200.00";"21869.30078";"22109.30078";"-34404.55";"0.00";"IST";"PT";"16m 0s";"-0.00"
"609";"USTEC_ICM_UTC2";"Buy";"22277.9";"22317.9";"2025.06.25 16:30:00";"2025.06.25 16:39:00";"30.0";"1200.00";"22077.90039";"22317.90039";"-33204.55";"0.00";"IST";"PT";"9m 0s";"-0.00"
"610";"USTEC_ICM_UTC2";"Buy";"22388.2";"22428.2";"2025.06.26 19:00:00";"2025.06.26 20:41:00";"30.0";"1200.00";"22188.19922";"22428.19922";"-32004.55";"0.00";"IST";"PT";"1h 41m";"-0.00"
"611";"USTEC_ICM_UTC2";"Buy";"22576.2";"22518.8";"2025.06.27 18:30:00";"2025.06.27 22:55:00";"30.0";"-1721.94";"22376.19922";"22616.19922";"-33726.50";"0.00";"IST";"End Of Friday (Time)";"4h 25m";"-0.00"
"612";"USTEC_ICM_UTC2";"Buy";"22653.8";"22693.8";"2025.06.30 16:30:00";"2025.06.30 22:51:00";"30.0";"1200.00";"22453.80078";"22693.80078";"-32526.49";"0.00";"IST";"PT";"6h 21m";"-0.00"
"613";"USTEC_ICM_UTC2";"Buy";"22521.6";"22561.6";"2025.07.01 20:15:00";"2025.07.02 07:25:00";"30.0";"1016.88";"22321.59961";"22561.59961";"-31509.61";"0.00";"IST";"PT";"11h 10m";"-183.12"
"614";"USTEC_ICM_UTC2";"Buy";"22444.2";"22484.2";"2025.07.02 16:30:00";"2025.07.02 16:36:00";"30.0";"1200.00";"22244.19922";"22484.19922";"-30309.61";"0.00";"IST";"PT";"6m 0s";"-0.00"
"615";"USTEC_ICM_UTC2";"Buy";"22721.8";"22761.8";"2025.07.03 16:30:00";"2025.07.03 16:31:00";"30.0";"1200.00";"22521.80078";"22761.80078";"-29109.61";"0.00";"IST";"PT";"1m 0s";"-0.00"
"616";"USTEC_ICM_UTC2";"Buy";"22722.4";"22804.8";"2025.07.04 17:15:00";"2025.07.07 01:04:00";"30.0";"1923.18";"22522.40039";"22762.40039";"-27186.43";"0.00";"IST";"PT";"2d 7h 49m";"-549.36"
"617";"USTEC_ICM_UTC2";"Buy";"22675.9";"22715.9";"2025.07.07 20:30:00";"2025.07.07 20:30:00";"30.0";"1200.00";"22475.90039";"22715.90039";"-25986.43";"0.00";"IST";"PT";"0s";"-0.00"
"618";"USTEC_ICM_UTC2";"Buy";"22739.7";"22779.7";"2025.07.08 16:30:00";"2025.07.09 16:29:00";"30.0";"1016.88";"22539.69922";"22779.69922";"-24969.55";"0.00";"IST";"PT";"23h 59m";"-183.12"
"619";"USTEC_ICM_UTC2";"Buy";"22784.5";"22824.5";"2025.07.09 16:30:00";"2025.07.09 16:32:00";"30.0";"1200.00";"22584.50000";"22824.50000";"-23769.55";"0.00";"IST";"PT";"2m 0s";"-0.00"
"620";"USTEC_ICM_UTC2";"Buy";"22783.9";"22823.9";"2025.07.10 17:45:00";"2025.07.10 18:49:00";"30.0";"1200.00";"22583.90039";"22823.90039";"-22569.55";"0.00";"IST";"PT";"1h 4m";"-0.00"
"621";"USTEC_ICM_UTC2";"Buy";"22798.2";"22838.2";"2025.07.11 17:15:00";"2025.07.11 20:07:00";"30.0";"1200.00";"22598.19922";"22838.19922";"-21369.55";"0.00";"IST";"PT";"2h 52m";"-0.00"
"622";"USTEC_ICM_UTC2";"Buy";"22779.9";"22819.9";"2025.07.14 17:45:00";"2025.07.14 18:01:00";"30.0";"1200.00";"22579.90039";"22819.90039";"-20169.55";"0.00";"IST";"PT";"16m 0s";"-0.00"
"623";"USTEC_ICM_UTC2";"Buy";"23003.1";"22803.1";"2025.07.15 17:30:00";"2025.07.16 01:33:00";"30.0";"-6183.12";"22803.09961";"23043.09961";"-26352.67";"0.00";"IST";"SL";"8h 3m";"-183.12"
"624";"USTEC_ICM_UTC2";"Buy";"22835.1";"22875.1";"2025.07.16 17:30:00";"2025.07.16 19:59:00";"30.0";"1200.00";"22635.09961";"22875.09961";"-25152.67";"0.00";"IST";"PT";"2h 29m";"-0.00"
"625";"USTEC_ICM_UTC2";"Buy";"22982.9";"23022.9";"2025.07.17 17:00:00";"2025.07.17 17:49:00";"30.0";"1200.00";"22782.90039";"23022.90039";"-23952.67";"0.00";"IST";"PT";"49m 0s";"-0.00"
"626";"USTEC_ICM_UTC2";"Buy";"23046.0";"23086.0";"2025.07.18 18:00:00";"2025.07.18 18:49:00";"30.0";"1200.00";"22846.00000";"23086.00000";"-22752.67";"0.00";"IST";"PT";"49m 0s";"-0.00"
"627";"USTEC_ICM_UTC2";"Buy";"23239.1";"23039.1";"2025.07.21 18:45:00";"2025.07.22 16:51:00";"30.0";"-6183.12";"23039.09961";"23279.09961";"-28935.79";"0.00";"IST";"SL";"22h 6m";"-183.12"
"628";"USTEC_ICM_UTC2";"Buy";"23013.9";"23053.9";"2025.07.22 17:30:00";"2025.07.22 17:35:00";"30.0";"1200.00";"22813.90039";"23053.90039";"-27735.79";"0.00";"IST";"PT";"5m 0s";"-0.00"
"629";"USTEC_ICM_UTC2";"Buy";"23022.9";"23062.9";"2025.07.23 17:45:00";"2025.07.23 18:01:00";"30.0";"1200.00";"22822.90039";"23062.90039";"-26535.79";"0.00";"IST";"PT";"16m 0s";"-0.00"
"630";"USTEC_ICM_UTC2";"Buy";"23238.9";"23278.9";"2025.07.24 18:15:00";"2025.07.25 04:43:00";"30.0";"1016.88";"23038.90039";"23278.90039";"-25518.91";"0.00";"IST";"PT";"10h 28m";"-183.12"
"631";"USTEC_ICM_UTC2";"Buy";"23276.7";"23316.7";"2025.07.25 18:30:00";"2025.07.25 19:25:00";"30.0";"1200.00";"23076.69922";"23316.69922";"-24318.91";"0.00";"IST";"PT";"55m 0s";"-0.00"
"632";"USTEC_ICM_UTC2";"Buy";"23379.9";"23419.9";"2025.07.28 17:00:00";"2025.07.29 10:18:00";"30.0";"1016.88";"23179.90039";"23419.90039";"-23302.04";"0.00";"IST";"PT";"17h 18m";"-183.12"
"633";"USTEC_ICM_UTC2";"Buy";"23351.0";"23391.0";"2025.07.29 21:15:00";"2025.07.30 17:50:00";"30.0";"1016.88";"23151.00000";"23391.00000";"-22285.15";"0.00";"IST";"PT";"20h 35m";"-183.12"
"634";"USTEC_ICM_UTC2";"Buy";"23378.0";"23418.0";"2025.07.30 18:00:00";"2025.07.30 21:00:00";"30.0";"1200.00";"23178.00000";"23418.00000";"-21085.15";"0.00";"IST";"PT";"3h 0m";"-0.00"
"635";"USTEC_ICM_UTC2";"Buy";"23534.9";"23334.9";"2025.07.31 17:15:00";"2025.07.31 20:26:00";"30.0";"-6000.00";"23334.90039";"23574.90039";"-27085.15";"0.00";"IST";"SL";"3h 11m";"-0.00"
"636";"USTEC_ICM_UTC2";"Buy";"22820.6";"22780.7";"2025.08.01 21:45:00";"2025.08.01 22:55:00";"30.0";"-1197.00";"22620.59961";"22860.59961";"-28282.15";"0.00";"IST";"End Of Friday (Time)";"1h 10m";"-0.00"
"637";"USTEC_ICM_UTC2";"Buy";"23132.9";"23172.9";"2025.08.04 17:15:00";"2025.08.04 22:16:00";"30.0";"1200.00";"22932.90039";"23172.90039";"-27082.15";"0.00";"IST";"PT";"5h 1m";"-0.00"
"638";"USTEC_ICM_UTC2";"Buy";"23099.2";"23139.2";"2025.08.05 20:30:00";"2025.08.05 20:59:00";"30.0";"1200.00";"22899.19922";"23139.19922";"-25882.15";"0.00";"IST";"PT";"29m 0s";"-0.00"
"639";"USTEC_ICM_UTC2";"Buy";"23090.4";"23130.4";"2025.08.06 17:00:00";"2025.08.06 17:02:00";"30.0";"1200.00";"22890.40039";"23130.40039";"-24682.15";"0.00";"IST";"PT";"2m 0s";"-0.00"
"640";"USTEC_ICM_UTC2";"Buy";"23289.2";"23329.2";"2025.08.07 22:15:00";"2025.08.07 22:37:00";"30.0";"1200.00";"23089.19922";"23329.19922";"-23482.15";"0.00";"IST";"PT";"22m 0s";"-0.00"
"641";"USTEC_ICM_UTC2";"Buy";"23548.8";"23588.8";"2025.08.08 18:00:00";"2025.08.08 19:03:00";"30.0";"1200.00";"23348.80078";"23588.80078";"-22282.15";"0.00";"IST";"PT";"1h 3m";"-0.00"
"642";"USTEC_ICM_UTC2";"Buy";"23632.0";"23672.0";"2025.08.11 18:30:00";"2025.08.11 19:07:00";"30.0";"1200.00";"23432.00000";"23672.00000";"-21082.15";"0.00";"IST";"PT";"37m 0s";"-0.00"
"643";"USTEC_ICM_UTC2";"Buy";"23702.2";"23742.2";"2025.08.12 17:00:00";"2025.08.12 19:12:00";"30.0";"1200.00";"23502.19922";"23742.19922";"-19882.15";"0.00";"IST";"PT";"2h 12m";"-0.00"
"644";"USTEC_ICM_UTC2";"Buy";"23946.4";"23746.4";"2025.08.13 16:45:00";"2025.08.14 15:33:00";"30.0";"-6183.12";"23746.40039";"23986.40039";"-26065.28";"0.00";"IST";"SL";"22h 48m";"-183.12"
"645";"USTEC_ICM_UTC2";"Buy";"23827.5";"23867.5";"2025.08.14 16:45:00";"2025.08.14 17:31:00";"30.0";"1200.00";"23627.50000";"23867.50000";"-24865.28";"0.00";"IST";"PT";"46m 0s";"-0.00"
"646";"USTEC_ICM_UTC2";"Buy";"23768.6";"23716.2";"2025.08.15 17:30:00";"2025.08.15 22:55:00";"30.0";"-1572.00";"23568.59961";"23808.59961";"-26437.28";"0.00";"IST";"End Of Friday (Time)";"5h 25m";"-0.00"
"647";"USTEC_ICM_UTC2";"Buy";"23690.1";"23730.1";"2025.08.18 16:45:00";"2025.08.18 17:24:00";"30.0";"1200.00";"23490.09961";"23730.09961";"-25237.28";"0.00";"IST";"PT";"39m 0s";"-0.00"
"648";"USTEC_ICM_UTC2";"Buy";"23391.9";"23191.9";"2025.08.19 22:45:00";"2025.08.20 16:49:00";"30.0";"-6183.12";"23191.90039";"23431.90039";"-31420.39";"0.00";"IST";"SL";"18h 4m";"-183.12"
"649";"USTEC_ICM_UTC2";"Buy";"23194.1";"23234.1";"2025.08.20 19:45:00";"2025.08.20 20:45:00";"30.0";"1200.00";"22994.09961";"23234.09961";"-30220.39";"0.00";"IST";"PT";"1h 0m";"-0.00"
"650";"USTEC_ICM_UTC2";"Buy";"23200.7";"23240.7";"2025.08.21 17:45:00";"2025.08.22 16:48:00";"30.0";"1016.88";"23000.69922";"23240.69922";"-29203.51";"0.00";"IST";"PT";"23h 3m";"-183.12"
"651";"USTEC_ICM_UTC2";"Buy";"23476.3";"23516.3";"2025.08.22 18:15:00";"2025.08.22 18:39:00";"30.0";"1200.00";"23276.30078";"23516.30078";"-28003.51";"0.00";"IST";"PT";"24m 0s";"-0.00"
"652";"USTEC_ICM_UTC2";"Buy";"23480.4";"23520.4";"2025.08.25 17:15:00";"2025.08.25 18:12:00";"30.0";"1200.00";"23280.40039";"23520.40039";"-26803.51";"0.00";"IST";"PT";"57m 0s";"-0.00"
"653";"USTEC_ICM_UTC2";"Buy";"23478.5";"23518.5";"2025.08.26 17:30:00";"2025.08.26 22:50:00";"30.0";"1200.00";"23278.50000";"23518.50000";"-25603.51";"0.00";"IST";"PT";"5h 20m";"-0.00"
"654";"USTEC_ICM_UTC2";"Buy";"23527.6";"23567.6";"2025.08.27 18:30:00";"2025.08.27 21:12:00";"30.0";"1200.00";"23327.59961";"23567.59961";"-24403.51";"0.00";"IST";"PT";"2h 42m";"-0.00"
"655";"USTEC_ICM_UTC2";"Buy";"23579.3";"23619.3";"2025.08.28 16:30:00";"2025.08.28 16:30:00";"30.0";"1200.00";"23379.30078";"23619.30078";"-23203.51";"0.00";"IST";"PT";"0s";"-0.00"
"656";"USTEC_ICM_UTC2";"Buy";"23419.6";"23380.8";"2025.08.29 17:45:00";"2025.08.29 22:55:00";"30.0";"-1163.97";"23219.59961";"23459.59961";"-24367.48";"0.00";"IST";"End Of Friday (Time)";"5h 10m";"-0.00"
"657";"USTEC_ICM_UTC2";"Buy";"23438.5";"23238.5";"2025.09.01 17:30:00";"2025.09.02 10:51:00";"30.0";"-6183.12";"23238.50000";"23478.50000";"-30550.61";"0.00";"IST";"SL";"17h 21m";"-183.12"
"658";"USTEC_ICM_UTC2";"Buy";"23116.6";"23156.6";"2025.09.02 20:30:00";"2025.09.02 20:39:00";"30.0";"1200.00";"22916.59961";"23156.59961";"-29350.61";"0.00";"IST";"PT";"9m 0s";"-0.00"
"659";"USTEC_ICM_UTC2";"Buy";"23394.5";"23434.5";"2025.09.03 19:30:00";"2025.09.04 03:13:00";"30.0";"1016.88";"23194.50000";"23434.50000";"-28333.72";"0.00";"IST";"PT";"7h 43m";"-183.12"
"660";"USTEC_ICM_UTC2";"Buy";"23488.7";"23528.7";"2025.09.04 18:45:00";"2025.09.04 20:05:00";"30.0";"1200.00";"23288.69922";"23528.69922";"-27133.72";"0.00";"IST";"PT";"1h 20m";"-0.00"
"661";"USTEC_ICM_UTC2";"Buy";"23620.1";"23623.9";"2025.09.05 22:00:00";"2025.09.05 22:55:00";"30.0";"114.03";"23420.09961";"23660.09961";"-27019.70";"0.00";"IST";"End Of Friday (Time)";"55m 0s";"-0.00"
"662";"USTEC_ICM_UTC2";"Buy";"23807.1";"23847.1";"2025.09.08 17:15:00";"2025.09.08 17:42:00";"30.0";"1200.00";"23607.09961";"23847.09961";"-25819.70";"0.00";"IST";"PT";"27m 0s";"-0.00"
"663";"USTEC_ICM_UTC2";"Buy";"23809.8";"23849.8";"2025.09.09 16:45:00";"2025.09.09 22:55:00";"30.0";"1200.00";"23609.80078";"23849.80078";"-24619.70";"0.00";"IST";"PT";"6h 10m";"-0.00"
"664";"USTEC_ICM_UTC2";"Buy";"23970.1";"23770.1";"2025.09.10 16:30:00";"2025.09.10 22:21:00";"30.0";"-6000.00";"23770.09961";"24010.09961";"-30619.70";"0.00";"IST";"SL";"5h 51m";"-0.00"
"665";"USTEC_ICM_UTC2";"Buy";"23935.2";"23975.2";"2025.09.11 17:15:00";"2025.09.11 17:35:00";"30.0";"1200.00";"23735.19922";"23975.19922";"-29419.70";"0.00";"IST";"PT";"20m 0s";"-0.00"
"666";"USTEC_ICM_UTC2";"Buy";"24021.9";"24061.9";"2025.09.12 16:30:00";"2025.09.12 17:34:00";"30.0";"1200.00";"23821.90039";"24061.90039";"-28219.70";"0.00";"IST";"PT";"1h 4m";"-0.00"
"667";"USTEC_ICM_UTC2";"Buy";"24161.3";"24201.3";"2025.09.15 16:30:00";"2025.09.15 16:38:00";"30.0";"1200.00";"23961.30078";"24201.30078";"-27019.70";"0.00";"IST";"PT";"8m 0s";"-0.00"
"668";"USTEC_ICM_UTC2";"Buy";"24283.9";"24083.9";"2025.09.16 17:30:00";"2025.09.17 21:14:00";"30.0";"-6183.12";"24083.90039";"24323.90039";"-33202.82";"0.00";"IST";"SL";"1d 3h 44m";"-183.12"
"669";"USTEC_ICM_UTC2";"Buy";"24179.6";"24219.6";"2025.09.17 22:15:00";"2025.09.17 22:16:00";"30.0";"1200.00";"23979.59961";"24219.59961";"-32002.81";"0.00";"IST";"PT";"1m 0s";"-0.00"
"670";"USTEC_ICM_UTC2";"Buy";"24531.3";"24571.3";"2025.09.18 18:30:00";"2025.09.19 19:23:00";"30.0";"1016.88";"24331.30078";"24571.30078";"-30985.94";"0.00";"IST";"PT";"1d 0h 53m";"-183.12"
"671";"USTEC_ICM_UTC2";"Buy";"24577.4";"24617.4";"2025.09.19 20:45:00";"2025.09.19 22:50:00";"30.0";"1200.00";"24377.40039";"24617.40039";"-29785.94";"0.00";"IST";"PT";"2h 5m";"-0.00"
"672";"USTEC_ICM_UTC2";"Buy";"24600.1";"24640.1";"2025.09.22 16:45:00";"2025.09.22 17:21:00";"30.0";"1200.00";"24400.09961";"24640.09961";"-28585.94";"0.00";"IST";"PT";"36m 0s";"-0.00"
"673";"USTEC_ICM_UTC2";"Buy";"24693.1";"24493.1";"2025.09.23 19:45:00";"2025.09.24 18:48:00";"30.0";"-6183.12";"24493.09961";"24733.09961";"-34769.05";"0.00";"IST";"SL";"23h 3m";"-183.12"
"674";"USTEC_ICM_UTC2";"Buy";"24478.8";"24518.8";"2025.09.24 21:45:00";"2025.09.25 02:59:00";"30.0";"1016.88";"24278.80078";"24518.80078";"-33752.18";"0.00";"IST";"PT";"5h 14m";"-183.12"
"675";"USTEC_ICM_UTC2";"Buy";"24393.4";"24433.4";"2025.09.25 17:45:00";"2025.09.25 18:39:00";"30.0";"1200.00";"24193.40039";"24433.40039";"-32552.18";"0.00";"IST";"PT";"54m 0s";"-0.00"
"676";"USTEC_ICM_UTC2";"Buy";"24340.3";"24380.3";"2025.09.26 18:00:00";"2025.09.26 18:20:00";"30.0";"1200.00";"24140.30078";"24380.30078";"-31352.18";"0.00";"IST";"PT";"20m 0s";"-0.00"
"677";"USTEC_ICM_UTC2";"Buy";"24718.0";"24518.0";"2025.09.29 17:00:00";"2025.09.30 16:54:00";"30.0";"-6183.12";"24518.00000";"24758.00000";"-37535.30";"0.00";"IST";"SL";"23h 54m";"-183.12"
"678";"USTEC_ICM_UTC2";"Buy";"24546.1";"24586.1";"2025.09.30 17:15:00";"2025.09.30 17:48:00";"30.0";"1200.00";"24346.09961";"24586.09961";"-36335.30";"0.00";"IST";"PT";"33m 0s";"-0.00"
"679";"USTEC_ICM_UTC2";"Buy";"24679.4";"24719.4";"2025.10.01 18:00:00";"2025.10.01 18:56:00";"30.0";"1200.00";"24479.40039";"24719.40039";"-35135.30";"0.00";"IST";"PT";"56m 0s";"-0.00"
"680";"USTEC_ICM_UTC2";"Buy";"24951.5";"24751.5";"2025.10.02 16:30:00";"2025.10.03 20:51:00";"30.0";"-6183.12";"24751.50000";"24991.50000";"-41318.41";"0.00";"IST";"SL";"1d 4h 21m";"-183.12"
"681";"USTEC_ICM_UTC2";"Buy";"25010.4";"25050.4";"2025.10.06 16:30:00";"2025.10.07 16:00:00";"30.0";"1016.88";"24810.40039";"25050.40039";"-40301.54";"0.00";"IST";"PT";"23h 30m";"-183.12"
"682";"USTEC_ICM_UTC2";"Buy";"25030.5";"24830.5";"2025.10.07 16:30:00";"2025.10.07 18:36:00";"30.0";"-6000.00";"24830.50000";"25070.50000";"-46301.54";"0.00";"IST";"SL";"2h 6m";"-0.00"
"683";"USTEC_ICM_UTC2";"Buy";"25005.2";"25045.2";"2025.10.08 17:15:00";"2025.10.08 18:50:00";"30.0";"1200.00";"24805.19922";"25045.19922";"-45101.54";"0.00";"IST";"PT";"1h 35m";"-0.00"
"684";"USTEC_ICM_UTC2";"Buy";"25071.7";"25111.7";"2025.10.09 17:15:00";"2025.10.10 01:00:00";"30.0";"1016.88";"24871.69922";"25111.69922";"-44084.66";"0.00";"IST";"PT";"7h 45m";"-183.12"
"685";"USTEC_ICM_UTC2";"Buy";"25124.6";"25164.6";"2025.10.10 16:30:00";"2025.10.10 16:37:00";"30.0";"1200.00";"24924.59961";"25164.59961";"-42884.66";"0.00";"IST";"PT";"7m 0s";"-0.00"
"686";"USTEC_ICM_UTC2";"Buy";"24649.6";"24689.6";"2025.10.13 16:30:00";"2025.10.13 16:53:00";"30.0";"1200.00";"24449.59961";"24689.59961";"-41684.66";"0.00";"IST";"PT";"23m 0s";"-0.00"
"687";"USTEC_ICM_UTC2";"Buy";"24461.7";"24261.7";"2025.10.14 16:30:00";"2025.10.14 16:43:00";"30.0";"-6000.00";"24261.69922";"24501.69922";"-47684.66";"0.00";"IST";"SL";"13m 0s";"-0.00"
"688";"USTEC_ICM_UTC2";"Buy";"24828.4";"24868.4";"2025.10.15 16:30:00";"2025.10.15 17:04:00";"30.0";"1200.00";"24628.40039";"24868.40039";"-46484.66";"0.00";"IST";"PT";"34m 0s";"-0.00"
"689";"USTEC_ICM_UTC2";"Buy";"24906.7";"24946.7";"2025.10.16 17:30:00";"2025.10.16 17:36:00";"30.0";"1200.00";"24706.69922";"24946.69922";"-45284.66";"0.00";"IST";"PT";"6m 0s";"-0.00"
"690";"USTEC_ICM_UTC2";"Buy";"24768.5";"24808.5";"2025.10.17 21:00:00";"2025.10.17 21:08:00";"30.0";"1200.00";"24568.50000";"24808.50000";"-44084.66";"0.00";"IST";"PT";"8m 0s";"-0.00"
"691";"USTEC_ICM_UTC2";"Buy";"24954.6";"24994.6";"2025.10.20 16:30:00";"2025.10.20 16:30:00";"30.0";"1200.00";"24754.59961";"24994.59961";"-42884.66";"0.00";"IST";"PT";"0s";"-0.00"
"692";"USTEC_ICM_UTC2";"Buy";"25165.2";"24965.2";"2025.10.21 19:15:00";"2025.10.22 17:29:00";"30.0";"-6183.12";"24965.19922";"25205.19922";"-49067.77";"0.00";"IST";"SL";"22h 14m";"-183.12"
"693";"USTEC_ICM_UTC2";"Buy";"24905.2";"24705.2";"2025.10.22 19:15:00";"2025.10.22 20:39:00";"30.0";"-6000.00";"24705.19922";"24945.19922";"-55067.77";"0.00";"IST";"SL";"1h 24m";"-0.00"
"694";"USTEC_ICM_UTC2";"Buy";"24984.0";"25024.0";"2025.10.23 17:15:00";"2025.10.23 17:36:00";"30.0";"1200.00";"24784.00000";"25024.00000";"-53867.77";"0.00";"IST";"PT";"21m 0s";"-0.00"
"695";"USTEC_ICM_UTC2";"Buy";"25390.3";"25383.1";"2025.10.24 17:15:00";"2025.10.24 22:55:00";"30.0";"-216.03";"25190.30078";"25430.30078";"-54083.80";"0.00";"IST";"End Of Friday (Time)";"5h 40m";"-0.00"
"696";"USTEC_ICM_UTC2";"Buy";"25762.2";"25802.2";"2025.10.27 17:45:00";"2025.10.27 21:46:00";"30.0";"1200.00";"25562.19922";"25802.19922";"-52883.80";"0.00";"IST";"PT";"4h 1m";"-0.00"
"697";"USTEC_ICM_UTC2";"Buy";"25903.5";"25943.5";"2025.10.28 16:30:00";"2025.10.28 18:27:00";"30.0";"1200.00";"25703.50000";"25943.50000";"-51683.80";"0.00";"IST";"PT";"1h 57m";"-0.00"
"698";"USTEC_ICM_UTC2";"Buy";"26156.4";"25956.4";"2025.10.29 16:30:00";"2025.10.29 20:39:00";"30.0";"-6000.00";"25956.40039";"26196.40039";"-57683.80";"0.00";"IST";"SL";"4h 9m";"-0.00"
"699";"USTEC_ICM_UTC2";"Buy";"25930.0";"25730.0";"2025.10.30 17:15:00";"2025.10.30 21:59:00";"30.0";"-6000.00";"25730.00000";"25970.00000";"-63683.80";"0.00";"IST";"SL";"4h 44m";"-0.00"
"700";"USTEC_ICM_UTC2";"Buy";"25876.1";"25916.1";"2025.10.31 20:45:00";"2025.10.31 21:20:00";"30.0";"1200.00";"25676.09961";"25916.09961";"-62483.80";"0.00";"IST";"PT";"35m 0s";"-0.00"
"701";"USTEC_ICM_UTC2";"Buy";"26018.4";"25818.4";"2025.11.03 20:00:00";"2025.11.04 04:56:00";"30.0";"-6183.12";"25818.40039";"26058.40039";"-68666.92";"0.00";"IST";"SL";"8h 56m";"-183.12"
"702";"USTEC_ICM_UTC2";"Buy";"25613.2";"25653.2";"2025.11.04 16:30:00";"2025.11.04 16:49:00";"30.0";"1200.00";"25413.19922";"25653.19922";"-67466.92";"0.00";"IST";"PT";"19m 0s";"-0.00"
"703";"USTEC_ICM_UTC2";"Buy";"25524.2";"25564.2";"2025.11.05 17:15:00";"2025.11.05 17:26:00";"30.0";"1200.00";"25324.19922";"25564.19922";"-66266.92";"0.00";"IST";"PT";"11m 0s";"-0.00"
"704";"USTEC_ICM_UTC2";"Buy";"25213.9";"25253.9";"2025.11.06 21:00:00";"2025.11.06 21:05:00";"30.0";"1200.00";"25013.90039";"25253.90039";"-65066.93";"0.00";"IST";"PT";"5m 0s";"-0.00"
"705";"USTEC_ICM_UTC2";"Buy";"24858.4";"24658.4";"2025.11.07 17:30:00";"2025.11.07 18:38:00";"30.0";"-6000.00";"24658.40039";"24898.40039";"-71066.92";"0.00";"IST";"SL";"1h 8m";"-0.00"
"706";"USTEC_ICM_UTC2";"Buy";"25522.6";"25562.6";"2025.11.10 17:15:00";"2025.11.10 20:36:00";"30.0";"1200.00";"25322.59961";"25562.59961";"-69866.92";"0.00";"IST";"PT";"3h 21m";"-0.00"
"707";"USTEC_ICM_UTC2";"Buy";"25502.7";"25542.7";"2025.11.11 16:30:00";"2025.11.11 20:18:00";"30.0";"1200.00";"25302.69922";"25542.69922";"-68666.92";"0.00";"IST";"PT";"3h 48m";"-0.00"
"708";"USTEC_ICM_UTC2";"Buy";"25511.8";"25551.8";"2025.11.12 17:30:00";"2025.11.13 03:06:00";"30.0";"1016.88";"25311.80078";"25551.80078";"-67650.05";"0.00";"IST";"PT";"9h 36m";"-183.12"
"709";"USTEC_ICM_UTC2";"Buy";"24929.2";"24969.2";"2025.11.13 21:15:00";"2025.11.13 21:22:00";"30.0";"1200.00";"24729.19922";"24969.19922";"-66450.05";"0.00";"IST";"PT";"7m 0s";"-0.00"
"710";"USTEC_ICM_UTC2";"Buy";"25004.3";"25044.3";"2025.11.14 17:45:00";"2025.11.14 17:46:00";"30.0";"1200.00";"24804.30078";"25044.30078";"-65250.05";"0.00";"IST";"PT";"1m 0s";"-0.00"
"711";"USTEC_ICM_UTC2";"Buy";"25039.9";"25079.9";"2025.11.17 17:15:00";"2025.11.17 18:50:00";"30.0";"1200.00";"24839.90039";"25079.90039";"-64050.05";"0.00";"IST";"PT";"1h 35m";"-0.00"
"712";"USTEC_ICM_UTC2";"Buy";"24667.9";"24707.9";"2025.11.18 20:00:00";"2025.11.18 20:40:00";"30.0";"1200.00";"24467.90039";"24707.90039";"-62850.05";"0.00";"IST";"PT";"40m 0s";"-0.00"
"713";"USTEC_ICM_UTC2";"Buy";"24590.0";"24630.0";"2025.11.19 21:15:00";"2025.11.19 22:15:00";"30.0";"1200.00";"24390.00000";"24630.00000";"-61650.05";"0.00";"IST";"PT";"1h 0m";"-0.00"
"714";"USTEC_ICM_UTC2";"Buy";"25125.2";"25165.2";"2025.11.20 16:30:00";"2025.11.20 16:47:00";"30.0";"1200.00";"24925.19922";"25165.19922";"-60450.05";"0.00";"IST";"PT";"17m 0s";"-0.00"
"715";"USTEC_ICM_UTC2";"Buy";"24310.6";"24350.6";"2025.11.21 20:45:00";"2025.11.21 20:48:00";"30.0";"1200.00";"24110.59961";"24350.59961";"-59250.05";"0.00";"IST";"PT";"3m 0s";"-0.00"
"716";"USTEC_ICM_UTC2";"Buy";"24453.5";"24493.5";"2025.11.24 16:30:00";"2025.11.24 16:31:00";"30.0";"1200.00";"24253.50000";"24493.50000";"-58050.05";"0.00";"IST";"PT";"1m 0s";"-0.00"
"717";"USTEC_ICM_UTC2";"Buy";"24965.1";"25005.1";"2025.11.25 19:45:00";"2025.11.25 22:31:00";"30.0";"1200.00";"24765.09961";"25005.09961";"-56850.05";"0.00";"IST";"PT";"2h 46m";"-0.00"
"718";"USTEC_ICM_UTC2";"Buy";"25172.4";"25212.4";"2025.11.26 16:45:00";"2025.11.26 16:51:00";"30.0";"1200.00";"24972.40039";"25212.40039";"-55650.05";"0.00";"IST";"PT";"6m 0s";"-0.00"
"719";"USTEC_ICM_UTC2";"Buy";"25242.6";"25282.6";"2025.11.27 17:15:00";"2025.11.28 02:05:00";"30.0";"1016.88";"25042.59961";"25282.59961";"-54633.16";"0.00";"IST";"PT";"8h 50m";"-183.12"
"720";"USTEC_ICM_UTC2";"Buy";"25370.3";"25410.3";"2025.11.28 19:00:00";"2025.11.28 19:58:00";"30.0";"1200.00";"25170.30078";"25410.30078";"-53433.16";"0.00";"IST";"PT";"58m 0s";"-0.00"
"721";"USTEC_ICM_UTC2";"Buy";"25204.7";"25244.7";"2025.12.01 16:30:00";"2025.12.01 16:34:00";"30.0";"1200.00";"25004.69922";"25244.69922";"-52233.16";"0.00";"IST";"PT";"4m 0s";"-0.00"
"722";"USTEC_ICM_UTC2";"Buy";"25600.2";"25400.2";"2025.12.02 18:00:00";"2025.12.02 18:28:00";"30.0";"-6000.00";"25400.19922";"25640.19922";"-58233.16";"0.00";"IST";"SL";"28m 0s";"-0.00"
"723";"USTEC_ICM_UTC2";"Buy";"25429.4";"25469.4";"2025.12.03 16:45:00";"2025.12.03 17:00:00";"30.0";"1200.00";"25229.40039";"25469.40039";"-57033.16";"0.00";"IST";"PT";"15m 0s";"-0.00"
"724";"USTEC_ICM_UTC2";"Buy";"25587.2";"25627.2";"2025.12.04 17:45:00";"2025.12.05 03:03:00";"30.0";"1016.88";"25387.19922";"25627.19922";"-56016.29";"0.00";"IST";"PT";"9h 18m";"-183.12"
"725";"USTEC_ICM_UTC2";"Buy";"25640.1";"25680.1";"2025.12.05 16:30:00";"2025.12.05 16:30:00";"30.0";"1200.00";"25440.09961";"25680.09961";"-54816.29";"0.00";"IST";"PT";"0s";"-0.00"
"726";"USTEC_ICM_UTC2";"Buy";"25562.4";"25602.4";"2025.12.08 21:30:00";"2025.12.08 22:59:00";"30.0";"1200.00";"25362.40039";"25602.40039";"-53616.29";"0.00";"IST";"PT";"1h 29m";"-0.00"
"727";"USTEC_ICM_UTC2";"Buy";"25651.6";"25691.6";"2025.12.09 18:00:00";"2025.12.09 19:03:00";"30.0";"1200.00";"25451.59961";"25691.59961";"-52416.29";"0.00";"IST";"PT";"1h 3m";"-0.00"
"728";"USTEC_ICM_UTC2";"Buy";"25596.0";"25636.0";"2025.12.10 17:15:00";"2025.12.10 19:54:00";"30.0";"1200.00";"25396.00000";"25636.00000";"-51216.29";"0.00";"IST";"PT";"2h 39m";"-0.00"
"729";"USTEC_ICM_UTC2";"Buy";"25566.7";"25606.7";"2025.12.11 20:00:00";"2025.12.11 20:10:00";"30.0";"1200.00";"25366.69922";"25606.69922";"-50016.29";"0.00";"IST";"PT";"10m 0s";"-0.00"
"730";"USTEC_ICM_UTC2";"Buy";"25228.1";"25180.9";"2025.12.12 22:00:00";"2025.12.12 22:55:00";"30.0";"-1415.97";"25028.09961";"25268.09961";"-51432.25";"0.00";"IST";"End Of Friday (Time)";"55m 0s";"-0.00"
"731";"USTEC_ICM_UTC2";"Buy";"25115.8";"24915.8";"2025.12.15 21:30:00";"2025.12.16 03:35:00";"30.0";"-6183.12";"24915.80078";"25155.80078";"-57615.38";"0.00";"IST";"SL";"6h 5m";"-183.12"
"732";"USTEC_ICM_UTC2";"Buy";"24994.3";"25034.3";"2025.12.16 18:15:00";"2025.12.16 18:49:00";"30.0";"1200.00";"24794.30078";"25034.30078";"-56415.38";"0.00";"IST";"PT";"34m 0s";"-0.00"
"733";"USTEC_ICM_UTC2";"Buy";"24707.5";"24747.5";"2025.12.17 21:30:00";"2025.12.17 21:55:00";"30.0";"1200.00";"24507.50000";"24747.50000";"-55215.38";"0.00";"IST";"PT";"25m 0s";"-0.00"
"734";"USTEC_ICM_UTC2";"Buy";"25079.8";"25119.8";"2025.12.18 17:30:00";"2025.12.18 17:35:00";"30.0";"1200.00";"24879.80078";"25119.80078";"-54015.38";"0.00";"IST";"PT";"5m 0s";"-0.00"
"735";"USTEC_ICM_UTC2";"Buy";"25303.4";"25343.4";"2025.12.19 17:15:00";"2025.12.19 19:51:00";"30.0";"1200.00";"25103.40039";"25343.40039";"-52815.38";"0.00";"IST";"PT";"2h 36m";"-0.00"
"736";"USTEC_ICM_UTC2";"Buy";"25544.3";"25584.3";"2025.12.22 16:30:00";"2025.12.23 22:57:00";"30.0";"1016.88";"25344.30078";"25584.30078";"-51798.50";"0.00";"IST";"PT";"1d 6h 27m";"-183.12"
"737";"USTEC_ICM_UTC2";"Buy";"25603.5";"25643.5";"2025.12.24 17:15:00";"2025.12.24 18:36:00";"30.0";"1200.00";"25403.50000";"25643.50000";"-50598.50";"0.00";"IST";"PT";"1h 21m";"-0.00"
"738";"USTEC_ICM_UTC2";"Buy";"25680.7";"25641.9";"2025.12.26 16:30:00";"2025.12.26 22:55:00";"30.0";"-1163.97";"25480.69922";"25720.69922";"-51762.46";"0.00";"IST";"End Of Friday (Time)";"6h 25m";"-0.00"
"739";"USTEC_ICM_UTC2";"Buy";"25484.0";"25524.0";"2025.12.29 19:00:00";"2025.12.29 21:42:00";"30.0";"1200.00";"25284.00000";"25524.00000";"-50562.46";"0.00";"IST";"PT";"2h 42m";"-0.00"
"740";"USTEC_ICM_UTC2";"Buy";"25546.1";"25346.1";"2025.12.30 18:15:00";"2025.12.31 10:40:00";"30.0";"-6183.12";"25346.09961";"25586.09961";"-56745.59";"0.00";"IST";"SL";"16h 25m";"-183.12"
"741";"USTEC_ICM_UTC2";"Buy";"25471.3";"25271.3";"2025.12.31 16:30:00";"2025.12.31 22:29:00";"30.0";"-6000.00";"25271.30078";"25511.30078";"-62745.59";"0.00";"IST";"SL";"5h 59m";"-0.00"
